<?xml version="1.0" encoding="UTF-8"?>
<gpx xmlns="http://www.topografix.com/GPX/1/1" xmlns:leadnav="http://www.leadnavsystems.com/GPX/Extensions/1" version="1.1" creator="LeadNav GPS http://www.leadnavsystems.com/">
  <metadata>
    <time>2024-09-27T22:48:29Z</time>
  </metadata>
  <wpt lat="34.809700" lon="-117.084277">
    <name>Start/Finish Line</name>
    <extensions>
      <leadnav:type>Marker</leadnav:type>
    </extensions>
  </wpt>
  <wpt lat="34.796161" lon="-117.085098">
    <name>RM1</name>
    <extensions>
      <leadnav:type>Marker</leadnav:type>
    </extensions>
  </wpt>
  <wpt lat="34.782940" lon="-117.081806">
    <name>RM2</name>
    <extensions>
      <leadnav:type>Marker</leadnav:type>
    </extensions>
  </wpt>
  <wpt lat="34.777525" lon="-117.068398">
    <name>RM3</name>
    <extensions>
      <leadnav:type>Marker</leadnav:type>
    </extensions>
  </wpt>
  <wpt lat="34.784022" lon="-117.071828">
    <name>RM4</name>
    <extensions>
      <leadnav:type>Marker</leadnav:type>
    </extensions>
  </wpt>
  <wpt lat="34.793209" lon="-117.080980">
    <name>RM5</name>
    <extensions>
      <leadnav:type>Marker</leadnav:type>
    </extensions>
  </wpt>
  <wpt lat="34.803760" lon="-117.075120">
    <name>RM6</name>
    <extensions>
      <leadnav:type>Marker</leadnav:type>
    </extensions>
  </wpt>
  <wpt lat="34.802611" lon="-117.059350">
    <name>RM7</name>
    <extensions>
      <leadnav:type>Marker</leadnav:type>
    </extensions>
  </wpt>
  <wpt lat="34.793885" lon="-117.047500">
    <name>RM8</name>
    <extensions>
      <leadnav:type>Marker</leadnav:type>
    </extensions>
  </wpt>
  <wpt lat="34.782094" lon="-117.054259">
    <name>RM9</name>
    <extensions>
      <leadnav:type>Marker</leadnav:type>
    </extensions>
  </wpt>
  <wpt lat="34.777181" lon="-117.046288">
    <name>RM10</name>
    <extensions>
      <leadnav:type>Marker</leadnav:type>
    </extensions>
  </wpt>
  <wpt lat="34.766924" lon="-117.035581">
    <name>RM11</name>
    <extensions>
      <leadnav:type>Marker</leadnav:type>
    </extensions>
  </wpt>
  <wpt lat="34.759065" lon="-117.036993">
    <name>RM12</name>
    <extensions>
      <leadnav:type>Marker</leadnav:type>
    </extensions>
  </wpt>
  <wpt lat="34.762318" lon="-117.054106">
    <name>RM13</name>
    <extensions>
      <leadnav:type>Marker</leadnav:type>
    </extensions>
  </wpt>
  <wpt lat="34.767931" lon="-117.070303">
    <name>RM14</name>
    <extensions>
      <leadnav:type>Marker</leadnav:type>
    </extensions>
  </wpt>
  <wpt lat="34.775868" lon="-117.084470">
    <name>RM15</name>
    <extensions>
      <leadnav:type>Marker</leadnav:type>
    </extensions>
  </wpt>
  <wpt lat="34.785983" lon="-117.095749">
    <name>RM16</name>
    <extensions>
      <leadnav:type>Marker</leadnav:type>
    </extensions>
  </wpt>
  <wpt lat="34.788451" lon="-117.104585">
    <name>RM17</name>
    <extensions>
      <leadnav:type>Marker</leadnav:type>
    </extensions>
  </wpt>
  <wpt lat="34.775887" lon="-117.113248">
    <name>RM18</name>
    <extensions>
      <leadnav:type>Marker</leadnav:type>
    </extensions>
  </wpt>
  <wpt lat="34.762097" lon="-117.117098">
    <name>RM19</name>
    <extensions>
      <leadnav:type>Marker</leadnav:type>
    </extensions>
  </wpt>
  <wpt lat="34.748612" lon="-117.123158">
    <name>RM20</name>
    <extensions>
      <leadnav:type>Marker</leadnav:type>
    </extensions>
  </wpt>
  <wpt lat="34.737683" lon="-117.123874">
    <name>RM21</name>
    <extensions>
      <leadnav:type>Marker</leadnav:type>
    </extensions>
  </wpt>
  <wpt lat="34.750040" lon="-117.116204">
    <name>RM22</name>
    <extensions>
      <leadnav:type>Marker</leadnav:type>
    </extensions>
  </wpt>
  <wpt lat="34.757063" lon="-117.101924">
    <name>RM23</name>
    <extensions>
      <leadnav:type>Marker</leadnav:type>
    </extensions>
  </wpt>
  <wpt lat="34.760345" lon="-117.085918">
    <name>RM24</name>
    <extensions>
      <leadnav:type>Marker</leadnav:type>
    </extensions>
  </wpt>
  <wpt lat="34.766036" lon="-117.074195">
    <name>RM25</name>
    <extensions>
      <leadnav:type>Marker</leadnav:type>
    </extensions>
  </wpt>
  <wpt lat="34.753130" lon="-117.067184">
    <name>RM26</name>
    <extensions>
      <leadnav:type>Marker</leadnav:type>
    </extensions>
  </wpt>
  <wpt lat="34.744830" lon="-117.079765">
    <name>RM27</name>
    <extensions>
      <leadnav:type>Marker</leadnav:type>
    </extensions>
  </wpt>
  <wpt lat="34.737469" lon="-117.094085">
    <name>RM28</name>
    <extensions>
      <leadnav:type>Marker</leadnav:type>
    </extensions>
  </wpt>
  <wpt lat="34.735924" lon="-117.110659">
    <name>RM29</name>
    <extensions>
      <leadnav:type>Marker</leadnav:type>
    </extensions>
  </wpt>
  <wpt lat="34.729181" lon="-117.121270">
    <name>RM30</name>
    <extensions>
      <leadnav:type>Marker</leadnav:type>
    </extensions>
  </wpt>
  <wpt lat="34.727372" lon="-117.133642">
    <name>RM31</name>
    <extensions>
      <leadnav:type>Marker</leadnav:type>
    </extensions>
  </wpt>
  <wpt lat="34.720141" lon="-117.145862">
    <name>RM32</name>
    <extensions>
      <leadnav:type>Marker</leadnav:type>
    </extensions>
  </wpt>
  <wpt lat="34.712755" lon="-117.137701">
    <name>RM33</name>
    <extensions>
      <leadnav:type>Marker</leadnav:type>
    </extensions>
  </wpt>
  <wpt lat="34.716825" lon="-117.148748">
    <name>RM34</name>
    <extensions>
      <leadnav:type>Marker</leadnav:type>
    </extensions>
  </wpt>
  <wpt lat="34.728087" lon="-117.158004">
    <name>RM35</name>
    <extensions>
      <leadnav:type>Marker</leadnav:type>
    </extensions>
  </wpt>
  <wpt lat="34.741448" lon="-117.159179">
    <name>RM36</name>
    <extensions>
      <leadnav:type>Marker</leadnav:type>
    </extensions>
  </wpt>
  <wpt lat="34.746936" lon="-117.165503">
    <name>RM37</name>
    <extensions>
      <leadnav:type>Marker</leadnav:type>
    </extensions>
  </wpt>
  <wpt lat="34.733804" lon="-117.168393">
    <name>RM38</name>
    <extensions>
      <leadnav:type>Marker</leadnav:type>
    </extensions>
  </wpt>
  <wpt lat="34.722037" lon="-117.175088">
    <name>RM39</name>
    <extensions>
      <leadnav:type>Marker</leadnav:type>
    </extensions>
  </wpt>
  <wpt lat="34.718792" lon="-117.164577">
    <name>RM40</name>
    <extensions>
      <leadnav:type>Marker</leadnav:type>
    </extensions>
  </wpt>
  <wpt lat="34.708733" lon="-117.153072">
    <name>RM41</name>
    <extensions>
      <leadnav:type>Marker</leadnav:type>
    </extensions>
  </wpt>
  <wpt lat="34.699099" lon="-117.155511">
    <name>RM42</name>
    <extensions>
      <leadnav:type>Marker</leadnav:type>
    </extensions>
  </wpt>
  <wpt lat="34.686904" lon="-117.161570">
    <name>RM43</name>
    <extensions>
      <leadnav:type>Marker</leadnav:type>
    </extensions>
  </wpt>
  <wpt lat="34.685677" lon="-117.177477">
    <name>RM44</name>
    <extensions>
      <leadnav:type>Marker</leadnav:type>
    </extensions>
  </wpt>
  <wpt lat="34.680544" lon="-117.188819">
    <name>RM45</name>
    <extensions>
      <leadnav:type>Marker</leadnav:type>
    </extensions>
  </wpt>
  <wpt lat="34.678550" lon="-117.173035">
    <name>RM46</name>
    <extensions>
      <leadnav:type>Marker</leadnav:type>
    </extensions>
  </wpt>
  <wpt lat="34.678413" lon="-117.155797">
    <name>RM47</name>
    <extensions>
      <leadnav:type>Marker</leadnav:type>
    </extensions>
  </wpt>
  <wpt lat="34.675256" lon="-117.139257">
    <name>RM48</name>
    <extensions>
      <leadnav:type>Marker</leadnav:type>
    </extensions>
  </wpt>
  <wpt lat="34.678073" lon="-117.122422">
    <name>RM49</name>
    <extensions>
      <leadnav:type>Marker</leadnav:type>
    </extensions>
  </wpt>
  <wpt lat="34.684538" lon="-117.119361">
    <name>RM50</name>
    <extensions>
      <leadnav:type>Marker</leadnav:type>
    </extensions>
  </wpt>
  <wpt lat="34.678978" lon="-117.134529">
    <name>RM51</name>
    <extensions>
      <leadnav:type>Marker</leadnav:type>
    </extensions>
  </wpt>
  <wpt lat="34.689114" lon="-117.142354">
    <name>RM52</name>
    <extensions>
      <leadnav:type>Marker</leadnav:type>
    </extensions>
  </wpt>
  <wpt lat="34.702764" lon="-117.140010">
    <name>RM53</name>
    <extensions>
      <leadnav:type>Marker</leadnav:type>
    </extensions>
  </wpt>
  <wpt lat="34.712589" lon="-117.130609">
    <name>RM54</name>
    <extensions>
      <leadnav:type>Marker</leadnav:type>
    </extensions>
  </wpt>
  <wpt lat="34.721625" lon="-117.117359">
    <name>RM55</name>
    <extensions>
      <leadnav:type>Marker</leadnav:type>
    </extensions>
  </wpt>
  <wpt lat="34.728951" lon="-117.108537">
    <name>RM56</name>
    <extensions>
      <leadnav:type>Marker</leadnav:type>
    </extensions>
  </wpt>
  <wpt lat="34.727943" lon="-117.096064">
    <name>RM57</name>
    <extensions>
      <leadnav:type>Marker</leadnav:type>
    </extensions>
  </wpt>
  <wpt lat="34.732436" lon="-117.081120">
    <name>RM58</name>
    <extensions>
      <leadnav:type>Marker</leadnav:type>
    </extensions>
  </wpt>
  <wpt lat="34.741207" lon="-117.068613">
    <name>RM59</name>
    <extensions>
      <leadnav:type>Marker</leadnav:type>
    </extensions>
  </wpt>
  <wpt lat="34.736785" lon="-117.058619">
    <name>RM60</name>
    <extensions>
      <leadnav:type>Marker</leadnav:type>
    </extensions>
  </wpt>
  <wpt lat="34.748315" lon="-117.053993">
    <name>RM61</name>
    <extensions>
      <leadnav:type>Marker</leadnav:type>
    </extensions>
  </wpt>
  <wpt lat="34.751453" lon="-117.040720">
    <name>RM62</name>
    <extensions>
      <leadnav:type>Marker</leadnav:type>
    </extensions>
  </wpt>
  <wpt lat="34.743207" lon="-117.045374">
    <name>RM63</name>
    <extensions>
      <leadnav:type>Marker</leadnav:type>
    </extensions>
  </wpt>
  <wpt lat="34.737519" lon="-117.048584">
    <name>RM64</name>
    <extensions>
      <leadnav:type>Marker</leadnav:type>
    </extensions>
  </wpt>
  <wpt lat="34.746323" lon="-117.035420">
    <name>RM65</name>
    <extensions>
      <leadnav:type>Marker</leadnav:type>
    </extensions>
  </wpt>
  <wpt lat="34.751786" lon="-117.025665">
    <name>RM66</name>
    <extensions>
      <leadnav:type>Marker</leadnav:type>
    </extensions>
  </wpt>
  <wpt lat="34.766097" lon="-117.023464">
    <name>RM67</name>
    <extensions>
      <leadnav:type>Marker</leadnav:type>
    </extensions>
  </wpt>
  <wpt lat="34.780198" lon="-117.022313">
    <name>RM68</name>
    <extensions>
      <leadnav:type>Marker</leadnav:type>
    </extensions>
  </wpt>
  <wpt lat="34.793610" lon="-117.028482">
    <name>RM69</name>
    <extensions>
      <leadnav:type>Marker</leadnav:type>
    </extensions>
  </wpt>
  <wpt lat="34.797384" lon="-117.044072">
    <name>RM70</name>
    <extensions>
      <leadnav:type>Marker</leadnav:type>
    </extensions>
  </wpt>
  <wpt lat="34.806578" lon="-117.052090">
    <name>RM71</name>
    <extensions>
      <leadnav:type>Marker</leadnav:type>
    </extensions>
  </wpt>
  <wpt lat="34.812696" lon="-117.064428">
    <name>RM72</name>
    <extensions>
      <leadnav:type>Marker</leadnav:type>
    </extensions>
  </wpt>
  <wpt lat="34.813909" lon="-117.079922">
    <name>RM73</name>
    <extensions>
      <leadnav:type>Marker</leadnav:type>
    </extensions>
  </wpt>
  <wpt lat="34.812171" lon="-117.083531">
    <name>RM74</name>
    <extensions>
      <leadnav:type>Marker</leadnav:type>
    </extensions>
  </wpt>
  <wpt lat="34.814666" lon="-117.075812">
    <name>Main Pit</name>
    <extensions>
      <leadnav:type>Marker</leadnav:type>
    </extensions>
  </wpt>
  <wpt lat="34.732632" lon="-117.129449">
    <name>Hodge Pit (Optional)</name>
    <extensions>
      <leadnav:type>Marker</leadnav:type>
    </extensions>
  </wpt>
  <wpt lat="34.719421" lon="-117.143447">
    <name>VCP38</name>
    <extensions>
      <leadnav:type>Marker</leadnav:type>
    </extensions>
  </wpt>
  <wpt lat="34.765861" lon="-117.116197">
    <name>VCP25</name>
    <extensions>
      <leadnav:type>Marker</leadnav:type>
    </extensions>
  </wpt>
  <wpt lat="34.747473" lon="-117.119535">
    <name>VCP27</name>
    <extensions>
      <leadnav:type>Marker</leadnav:type>
    </extensions>
  </wpt>
  <wpt lat="34.727347" lon="-117.133668">
    <name>VCP37</name>
    <extensions>
      <leadnav:type>Marker</leadnav:type>
    </extensions>
  </wpt>
  <wpt lat="34.750368" lon="-117.164876">
    <name>VCP40</name>
    <extensions>
      <leadnav:type>Marker</leadnav:type>
    </extensions>
  </wpt>
  <wpt lat="34.734299" lon="-117.166952">
    <name>VCP41</name>
    <extensions>
      <leadnav:type>Marker</leadnav:type>
    </extensions>
  </wpt>
  <wpt lat="34.719607" lon="-117.175600">
    <name>VCP42</name>
    <extensions>
      <leadnav:type>Marker</leadnav:type>
    </extensions>
  </wpt>
  <wpt lat="34.704642" lon="-117.148573">
    <name>VCP43</name>
    <extensions>
      <leadnav:type>Marker</leadnav:type>
    </extensions>
  </wpt>
  <wpt lat="34.681379" lon="-117.188867">
    <name>VCP45</name>
    <extensions>
      <leadnav:type>Marker</leadnav:type>
    </extensions>
  </wpt>
  <wpt lat="34.679018" lon="-117.159296">
    <name>VCP46</name>
    <extensions>
      <leadnav:type>Marker</leadnav:type>
    </extensions>
  </wpt>
  <wpt lat="34.707556" lon="-117.134967">
    <name>VCP54</name>
    <extensions>
      <leadnav:type>Marker</leadnav:type>
    </extensions>
  </wpt>
  <wpt lat="34.708797" lon="-117.134044">
    <name>VCP55</name>
    <extensions>
      <leadnav:type>Marker</leadnav:type>
    </extensions>
  </wpt>
  <wpt lat="34.710111" lon="-117.131830">
    <name>VCP56</name>
    <extensions>
      <leadnav:type>Marker</leadnav:type>
    </extensions>
  </wpt>
  <wpt lat="34.741177" lon="-117.070314">
    <name>VCP60</name>
    <extensions>
      <leadnav:type>Marker</leadnav:type>
    </extensions>
  </wpt>
  <wpt lat="34.736561" lon="-117.058140">
    <name>VCP61</name>
    <extensions>
      <leadnav:type>Marker</leadnav:type>
    </extensions>
  </wpt>
  <wpt lat="34.807772" lon="-117.080887">
    <name>VCP79</name>
    <extensions>
      <leadnav:type>Marker</leadnav:type>
    </extensions>
  </wpt>
  <wpt lat="34.805574" lon="-117.083069">
    <name>VCP1</name>
    <extensions>
      <leadnav:type>Marker</leadnav:type>
    </extensions>
  </wpt>
  <wpt lat="34.799165" lon="-117.084575">
    <name>VCP2</name>
    <extensions>
      <leadnav:type>Marker</leadnav:type>
    </extensions>
  </wpt>
  <wpt lat="34.712177" lon="-117.132441">
    <name>VCP57</name>
    <extensions>
      <leadnav:type>Marker</leadnav:type>
    </extensions>
  </wpt>
  <wpt lat="34.798182" lon="-117.046675">
    <name>VCP73</name>
    <extensions>
      <leadnav:type>Marker</leadnav:type>
    </extensions>
  </wpt>
  <wpt lat="34.774787" lon="-117.040531">
    <name>VCP19</name>
    <extensions>
      <leadnav:type>Marker</leadnav:type>
    </extensions>
  </wpt>
  <wpt lat="34.804463" lon="-117.077376">
    <name>VCP10</name>
    <extensions>
      <leadnav:type>Marker</leadnav:type>
    </extensions>
  </wpt>
  <wpt lat="34.723514" lon="-117.111500">
    <name>VCP58</name>
    <extensions>
      <leadnav:type>Marker</leadnav:type>
    </extensions>
  </wpt>
  <wpt lat="34.717007" lon="-117.137535">
    <name>VCP39</name>
    <extensions>
      <leadnav:type>Marker</leadnav:type>
    </extensions>
  </wpt>
  <wpt lat="34.753980" lon="-117.111144">
    <name>VCP28</name>
    <extensions>
      <leadnav:type>Marker</leadnav:type>
    </extensions>
  </wpt>
  <wpt lat="34.794556" lon="-117.085496">
    <name>VCP3</name>
    <extensions>
      <leadnav:type>Marker</leadnav:type>
    </extensions>
  </wpt>
  <wpt lat="34.790938" lon="-117.082437">
    <name>VCP4</name>
    <extensions>
      <leadnav:type>Marker</leadnav:type>
    </extensions>
  </wpt>
  <wpt lat="34.776882" lon="-117.074051">
    <name>VCP6</name>
    <extensions>
      <leadnav:type>Marker</leadnav:type>
    </extensions>
  </wpt>
  <wpt lat="34.779667" lon="-117.079249">
    <name>VCP5</name>
    <extensions>
      <leadnav:type>Marker</leadnav:type>
    </extensions>
  </wpt>
  <wpt lat="34.778959" lon="-117.064731">
    <name>VCP7</name>
    <extensions>
      <leadnav:type>Marker</leadnav:type>
    </extensions>
  </wpt>
  <wpt lat="34.790154" lon="-117.077471">
    <name>VCP8</name>
    <extensions>
      <leadnav:type>Marker</leadnav:type>
    </extensions>
  </wpt>
  <wpt lat="34.798767" lon="-117.080504">
    <name>Line Not Approved</name>
    <extensions>
      <leadnav:type>Marker</leadnav:type>
    </extensions>
  </wpt>
  <wpt lat="34.792807" lon="-117.080534">
    <name>VCP9</name>
    <extensions>
      <leadnav:type>Marker</leadnav:type>
    </extensions>
  </wpt>
  <wpt lat="34.797168" lon="-117.053360">
    <name>Road X 1 / VCP12</name>
    <extensions>
      <leadnav:type>Marker</leadnav:type>
    </extensions>
  </wpt>
  <wpt lat="34.797716" lon="-117.053689">
    <name>VCP11</name>
    <extensions>
      <leadnav:type>Marker</leadnav:type>
    </extensions>
  </wpt>
  <wpt lat="34.795607" lon="-117.050519">
    <name>VCP13</name>
    <extensions>
      <leadnav:type>Marker</leadnav:type>
    </extensions>
  </wpt>
  <wpt lat="34.793612" lon="-117.047360">
    <name>VCP14</name>
    <extensions>
      <leadnav:type>Marker</leadnav:type>
    </extensions>
  </wpt>
  <wpt lat="34.782474" lon="-117.054633">
    <name>VCP15</name>
    <extensions>
      <leadnav:type>Marker</leadnav:type>
    </extensions>
  </wpt>
  <wpt lat="34.775614" lon="-117.054158">
    <name>VCP16</name>
    <extensions>
      <leadnav:type>Marker</leadnav:type>
    </extensions>
  </wpt>
  <wpt lat="34.776820" lon="-117.045434">
    <name>VCP18</name>
    <extensions>
      <leadnav:type>Marker</leadnav:type>
    </extensions>
  </wpt>
  <wpt lat="34.775422" lon="-117.048659">
    <name>VCP17</name>
    <extensions>
      <leadnav:type>Marker</leadnav:type>
    </extensions>
  </wpt>
  <wpt lat="34.766989" lon="-117.035763">
    <name>VCP20</name>
    <extensions>
      <leadnav:type>Marker</leadnav:type>
    </extensions>
  </wpt>
  <wpt lat="34.760327" lon="-117.029968">
    <name>VCP21</name>
    <extensions>
      <leadnav:type>Marker</leadnav:type>
    </extensions>
  </wpt>
  <wpt lat="34.760935" lon="-117.047003">
    <name>VCP22</name>
    <extensions>
      <leadnav:type>Marker</leadnav:type>
    </extensions>
  </wpt>
  <wpt lat="34.764390" lon="-117.060700">
    <name>Road X 2 / VCP23</name>
    <extensions>
      <leadnav:type>Marker</leadnav:type>
    </extensions>
  </wpt>
  <wpt lat="34.793195" lon="-117.100728">
    <name>VCP24</name>
    <extensions>
      <leadnav:type>Marker</leadnav:type>
    </extensions>
  </wpt>
  <wpt lat="34.764937" lon="-117.116818">
    <name>Line Not Approved</name>
    <extensions>
      <leadnav:type>Marker</leadnav:type>
    </extensions>
  </wpt>
  <wpt lat="34.760126" lon="-117.086725">
    <name>VCP29</name>
    <extensions>
      <leadnav:type>Marker</leadnav:type>
    </extensions>
  </wpt>
  <wpt lat="34.766078" lon="-117.082864">
    <name>VCP30</name>
    <extensions>
      <leadnav:type>Marker</leadnav:type>
    </extensions>
  </wpt>
  <wpt lat="34.765677" lon="-117.073546">
    <name>VCP31</name>
    <extensions>
      <leadnav:type>Marker</leadnav:type>
    </extensions>
  </wpt>
  <wpt lat="34.752549" lon="-117.067072">
    <name>VCP32</name>
    <extensions>
      <leadnav:type>Marker</leadnav:type>
    </extensions>
  </wpt>
  <wpt lat="34.750772" lon="-117.069245">
    <name>VCP33</name>
    <extensions>
      <leadnav:type>Marker</leadnav:type>
    </extensions>
  </wpt>
  <wpt lat="34.737486" lon="-117.114710">
    <name>VCP34</name>
    <extensions>
      <leadnav:type>Marker</leadnav:type>
    </extensions>
  </wpt>
  <wpt lat="34.728936" lon="-117.120983">
    <name>VCP35</name>
    <extensions>
      <leadnav:type>Marker</leadnav:type>
    </extensions>
  </wpt>
  <wpt lat="34.683696" lon="-117.167495">
    <name>VCP44</name>
    <extensions>
      <leadnav:type>Marker</leadnav:type>
    </extensions>
  </wpt>
  <wpt lat="34.678544" lon="-117.151495">
    <name>VCP47</name>
    <extensions>
      <leadnav:type>Marker</leadnav:type>
    </extensions>
  </wpt>
  <wpt lat="34.682274" lon="-117.118307">
    <name>VCP48</name>
    <extensions>
      <leadnav:type>Marker</leadnav:type>
    </extensions>
  </wpt>
  <wpt lat="34.686393" lon="-117.117224">
    <name>VCP49</name>
    <extensions>
      <leadnav:type>Marker</leadnav:type>
    </extensions>
  </wpt>
  <wpt lat="34.684992" lon="-117.118724">
    <name>VCP51</name>
    <extensions>
      <leadnav:type>Marker</leadnav:type>
    </extensions>
  </wpt>
  <wpt lat="34.684473" lon="-117.123839">
    <name>VCP52</name>
    <extensions>
      <leadnav:type>Marker</leadnav:type>
    </extensions>
  </wpt>
  <wpt lat="34.678169" lon="-117.137753">
    <name>VCP53</name>
    <extensions>
      <leadnav:type>Marker</leadnav:type>
    </extensions>
  </wpt>
  <wpt lat="34.731869" lon="-117.104538">
    <name>VCP59</name>
    <extensions>
      <leadnav:type>Marker</leadnav:type>
    </extensions>
  </wpt>
  <wpt lat="34.753296" lon="-117.049443">
    <name>VCP62</name>
    <extensions>
      <leadnav:type>Marker</leadnav:type>
    </extensions>
  </wpt>
  <wpt lat="34.750684" lon="-117.036367">
    <name>VCP63</name>
    <extensions>
      <leadnav:type>Marker</leadnav:type>
    </extensions>
  </wpt>
  <wpt lat="34.735503" lon="-117.052596">
    <name>VCP64</name>
    <extensions>
      <leadnav:type>Marker</leadnav:type>
    </extensions>
  </wpt>
  <wpt lat="34.744704" lon="-117.040392">
    <name>VCP65</name>
    <extensions>
      <leadnav:type>Marker</leadnav:type>
    </extensions>
  </wpt>
  <wpt lat="34.746501" lon="-117.036280">
    <name>VCP66</name>
    <extensions>
      <leadnav:type>Marker</leadnav:type>
    </extensions>
  </wpt>
  <wpt lat="34.758403" lon="-117.024802">
    <name>VCP68</name>
    <extensions>
      <leadnav:type>Marker</leadnav:type>
    </extensions>
  </wpt>
  <wpt lat="34.762069" lon="-117.024269">
    <name>VCP69</name>
    <extensions>
      <leadnav:type>Marker</leadnav:type>
    </extensions>
  </wpt>
  <wpt lat="34.766865" lon="-117.023192">
    <name>VCP70</name>
    <extensions>
      <leadnav:type>Marker</leadnav:type>
    </extensions>
  </wpt>
  <wpt lat="34.774913" lon="-117.021551">
    <name>VCP71</name>
    <extensions>
      <leadnav:type>Marker</leadnav:type>
    </extensions>
  </wpt>
  <wpt lat="34.795191" lon="-117.031016">
    <name>Line Not Approved</name>
    <extensions>
      <leadnav:type>Marker</leadnav:type>
    </extensions>
  </wpt>
  <wpt lat="34.796973" lon="-117.033413">
    <name>VCP72</name>
    <extensions>
      <leadnav:type>Marker</leadnav:type>
    </extensions>
  </wpt>
  <wpt lat="34.802884" lon="-117.049099">
    <name>Road X 7 / VCP74</name>
    <extensions>
      <leadnav:type>Marker</leadnav:type>
    </extensions>
  </wpt>
  <wpt lat="34.812378" lon="-117.055441">
    <name>VCP76</name>
    <extensions>
      <leadnav:type>Marker</leadnav:type>
    </extensions>
  </wpt>
  <wpt lat="34.812243" lon="-117.063585">
    <name>VCP77</name>
    <extensions>
      <leadnav:type>Marker</leadnav:type>
    </extensions>
  </wpt>
  <wpt lat="34.812859" lon="-117.080640">
    <name>VCP78</name>
    <extensions>
      <leadnav:type>Marker</leadnav:type>
    </extensions>
  </wpt>
  <wpt lat="34.812766" lon="-117.082740">
    <name>VCP80</name>
    <extensions>
      <leadnav:type>Marker</leadnav:type>
    </extensions>
  </wpt>
  <wpt lat="34.804150" lon="-117.060936">
    <name>VCP10.5</name>
    <extensions>
      <leadnav:type>Marker</leadnav:type>
    </extensions>
  </wpt>
  <wpt lat="34.737590" lon="-117.125124">
    <name>VCP26</name>
    <extensions>
      <leadnav:type>Marker</leadnav:type>
    </extensions>
  </wpt>
  <wpt lat="34.732245" lon="-117.125101">
    <name>VCP36</name>
    <extensions>
      <leadnav:type>Marker</leadnav:type>
    </extensions>
  </wpt>
  <wpt lat="34.744941" lon="-117.027436">
    <name>VCP67</name>
    <extensions>
      <leadnav:type>Marker</leadnav:type>
    </extensions>
  </wpt>
  <wpt lat="34.813538" lon="-117.080548">
    <name>25MPH SZ ENDS</name>
    <extensions>
      <leadnav:type>Marker</leadnav:type>
    </extensions>
  </wpt>
  <wpt lat="34.814963" lon="-117.070867">
    <name>STOP CHECK, 25MPH SZ BEGINS</name>
    <extensions>
      <leadnav:type>Marker</leadnav:type>
    </extensions>
  </wpt>
  <wpt lat="34.734008" lon="-117.128040">
    <name>STOP CHECK, 25MPH SZ BEGINS</name>
    <extensions>
      <leadnav:type>Marker</leadnav:type>
    </extensions>
  </wpt>
  <wpt lat="34.730221" lon="-117.130865">
    <name>25MPH SZ ENDS</name>
    <extensions>
      <leadnav:type>Marker</leadnav:type>
    </extensions>
  </wpt>
  <wpt lat="34.678884" lon="-117.175716">
    <name>Road X 3</name>
    <extensions>
      <leadnav:type>Marker</leadnav:type>
    </extensions>
  </wpt>
  <wpt lat="34.678622" lon="-117.173552">
    <name>Road X 4</name>
    <extensions>
      <leadnav:type>Marker</leadnav:type>
    </extensions>
  </wpt>
  <wpt lat="34.677572" lon="-117.148498">
    <name>Road X 5</name>
    <extensions>
      <leadnav:type>Marker</leadnav:type>
    </extensions>
  </wpt>
  <wpt lat="34.740920" lon="-117.069691">
    <name>Road X 6</name>
    <extensions>
      <leadnav:type>Marker</leadnav:type>
    </extensions>
  </wpt>
  <wpt lat="34.784010" lon="-117.074812">
    <name>VCP7.5</name>
    <extensions>
      <leadnav:type>Marker</leadnav:type>
    </extensions>
  </wpt>
  <wpt lat="34.683002" lon="-117.116894">
    <name>VCP48.5</name>
    <extensions>
      <leadnav:type>Marker</leadnav:type>
    </extensions>
  </wpt>
  <wpt lat="34.685965" lon="-117.118473">
    <name>VCP50</name>
    <extensions>
      <leadnav:type>Marker</leadnav:type>
    </extensions>
  </wpt>
  <wpt lat="34.691483" lon="-117.143202">
    <name>VCP53.5</name>
    <extensions>
      <leadnav:type>Marker</leadnav:type>
    </extensions>
  </wpt>
  <wpt lat="34.799051" lon="-117.050347">
    <name>VCP73.5</name>
    <extensions>
      <leadnav:type>Marker</leadnav:type>
    </extensions>
  </wpt>
  <trk>
    <name>2024 CA300 C_T_U Course - Race Ready</name>
    <trkseg>
      <trkpt lat="34.809648" lon="-117.084281">
        <extensions>
          <leadnav:type>Serpentine</leadnav:type>
        </extensions>
      </trkpt>
      <trkpt lat="34.809373" lon="-117.084314">
        <extensions>
          <leadnav:type>Serpentine</leadnav:type>
        </extensions>
      </trkpt>
      <trkpt lat="34.809190" lon="-117.084333">
        <extensions>
          <leadnav:type>Serpentine</leadnav:type>
        </extensions>
      </trkpt>
      <trkpt lat="34.809032" lon="-117.084324">
        <extensions>
          <leadnav:type>Serpentine</leadnav:type>
        </extensions>
      </trkpt>
      <trkpt lat="34.808776" lon="-117.084292">
        <extensions>
          <leadnav:type>Serpentine</leadnav:type>
        </extensions>
      </trkpt>
      <trkpt lat="34.808433" lon="-117.084235">
        <extensions>
          <leadnav:type>Serpentine</leadnav:type>
        </extensions>
      </trkpt>
      <trkpt lat="34.808126" lon="-117.084146">
        <extensions>
          <leadnav:type>Serpentine</leadnav:type>
        </extensions>
      </trkpt>
      <trkpt lat="34.807567" lon="-117.083956">
        <extensions>
          <leadnav:type>Serpentine</leadnav:type>
        </extensions>
      </trkpt>
      <trkpt lat="34.806338" lon="-117.083451">
        <extensions>
          <leadnav:type>Serpentine</leadnav:type>
        </extensions>
      </trkpt>
      <trkpt lat="34.806301" lon="-117.083430">
        <extensions>
          <leadnav:type>Serpentine</leadnav:type>
        </extensions>
      </trkpt>
      <trkpt lat="34.806139" lon="-117.083351">
        <extensions>
          <leadnav:type>Serpentine</leadnav:type>
        </extensions>
      </trkpt>
      <trkpt lat="34.806103" lon="-117.083338">
        <extensions>
          <leadnav:type>Serpentine</leadnav:type>
        </extensions>
      </trkpt>
      <trkpt lat="34.805664" lon="-117.083127">
        <extensions>
          <leadnav:type>Serpentine</leadnav:type>
        </extensions>
      </trkpt>
      <trkpt lat="34.805078" lon="-117.082881">
        <extensions>
          <leadnav:type>Serpentine</leadnav:type>
        </extensions>
      </trkpt>
      <trkpt lat="34.804956" lon="-117.082841">
        <extensions>
          <leadnav:type>Serpentine</leadnav:type>
        </extensions>
      </trkpt>
      <trkpt lat="34.804928" lon="-117.082833">
        <extensions>
          <leadnav:type>Serpentine</leadnav:type>
        </extensions>
      </trkpt>
      <trkpt lat="34.804852" lon="-117.082808">
        <extensions>
          <leadnav:type>Serpentine</leadnav:type>
        </extensions>
      </trkpt>
      <trkpt lat="34.804468" lon="-117.082722">
        <extensions>
          <leadnav:type>Serpentine</leadnav:type>
        </extensions>
      </trkpt>
      <trkpt lat="34.804298" lon="-117.082691">
        <extensions>
          <leadnav:type>Serpentine</leadnav:type>
        </extensions>
      </trkpt>
      <trkpt lat="34.804266" lon="-117.082688">
        <extensions>
          <leadnav:type>Serpentine</leadnav:type>
        </extensions>
      </trkpt>
      <trkpt lat="34.804136" lon="-117.082670">
        <extensions>
          <leadnav:type>Serpentine</leadnav:type>
        </extensions>
      </trkpt>
      <trkpt lat="34.804093" lon="-117.082668">
        <extensions>
          <leadnav:type>Serpentine</leadnav:type>
        </extensions>
      </trkpt>
      <trkpt lat="34.803959" lon="-117.082656">
        <extensions>
          <leadnav:type>Serpentine</leadnav:type>
        </extensions>
      </trkpt>
      <trkpt lat="34.803892" lon="-117.082653">
        <extensions>
          <leadnav:type>Serpentine</leadnav:type>
        </extensions>
      </trkpt>
      <trkpt lat="34.803857" lon="-117.082658">
        <extensions>
          <leadnav:type>Serpentine</leadnav:type>
        </extensions>
      </trkpt>
      <trkpt lat="34.803828" lon="-117.082656">
        <extensions>
          <leadnav:type>Serpentine</leadnav:type>
        </extensions>
      </trkpt>
      <trkpt lat="34.803779" lon="-117.082650">
        <extensions>
          <leadnav:type>Serpentine</leadnav:type>
        </extensions>
      </trkpt>
      <trkpt lat="34.803532" lon="-117.082643">
        <extensions>
          <leadnav:type>Serpentine</leadnav:type>
        </extensions>
      </trkpt>
      <trkpt lat="34.803366" lon="-117.082646">
        <extensions>
          <leadnav:type>Serpentine</leadnav:type>
        </extensions>
      </trkpt>
      <trkpt lat="34.802689" lon="-117.082690">
        <extensions>
          <leadnav:type>Serpentine</leadnav:type>
        </extensions>
      </trkpt>
      <trkpt lat="34.802656" lon="-117.082695">
        <extensions>
          <leadnav:type>Serpentine</leadnav:type>
        </extensions>
      </trkpt>
      <trkpt lat="34.801916" lon="-117.082756">
        <extensions>
          <leadnav:type>Serpentine</leadnav:type>
        </extensions>
      </trkpt>
      <trkpt lat="34.801852" lon="-117.082767">
        <extensions>
          <leadnav:type>Serpentine</leadnav:type>
        </extensions>
      </trkpt>
      <trkpt lat="34.801800" lon="-117.082774">
        <extensions>
          <leadnav:type>Serpentine</leadnav:type>
        </extensions>
      </trkpt>
      <trkpt lat="34.801694" lon="-117.082800">
        <extensions>
          <leadnav:type>Serpentine</leadnav:type>
        </extensions>
      </trkpt>
      <trkpt lat="34.801620" lon="-117.082821">
        <extensions>
          <leadnav:type>Serpentine</leadnav:type>
        </extensions>
      </trkpt>
      <trkpt lat="34.801459" lon="-117.082856">
        <extensions>
          <leadnav:type>Serpentine</leadnav:type>
        </extensions>
      </trkpt>
      <trkpt lat="34.801279" lon="-117.082906">
        <extensions>
          <leadnav:type>Serpentine</leadnav:type>
        </extensions>
      </trkpt>
      <trkpt lat="34.800965" lon="-117.083042">
        <extensions>
          <leadnav:type>Serpentine</leadnav:type>
        </extensions>
      </trkpt>
      <trkpt lat="34.800784" lon="-117.083223">
        <extensions>
          <leadnav:type>Serpentine</leadnav:type>
        </extensions>
      </trkpt>
      <trkpt lat="34.800603" lon="-117.083443">
        <extensions>
          <leadnav:type>Serpentine</leadnav:type>
        </extensions>
      </trkpt>
      <trkpt lat="34.800129" lon="-117.084072">
        <extensions>
          <leadnav:type>Serpentine</leadnav:type>
        </extensions>
      </trkpt>
      <trkpt lat="34.799957" lon="-117.084286">
        <extensions>
          <leadnav:type>Serpentine</leadnav:type>
        </extensions>
      </trkpt>
      <trkpt lat="34.799872" lon="-117.084375">
        <extensions>
          <leadnav:type>Serpentine</leadnav:type>
        </extensions>
      </trkpt>
      <trkpt lat="34.799666" lon="-117.084507">
        <extensions>
          <leadnav:type>Serpentine</leadnav:type>
        </extensions>
      </trkpt>
      <trkpt lat="34.799549" lon="-117.084550">
        <extensions>
          <leadnav:type>Serpentine</leadnav:type>
        </extensions>
      </trkpt>
      <trkpt lat="34.799424" lon="-117.084570">
        <extensions>
          <leadnav:type>Serpentine</leadnav:type>
        </extensions>
      </trkpt>
      <trkpt lat="34.799299" lon="-117.084580">
        <extensions>
          <leadnav:type>Serpentine</leadnav:type>
        </extensions>
      </trkpt>
      <trkpt lat="34.799164" lon="-117.084571">
        <extensions>
          <leadnav:type>Serpentine</leadnav:type>
        </extensions>
      </trkpt>
      <trkpt lat="34.799041" lon="-117.084522">
        <extensions>
          <leadnav:type>Serpentine</leadnav:type>
        </extensions>
      </trkpt>
      <trkpt lat="34.798569" lon="-117.084230">
        <extensions>
          <leadnav:type>Serpentine</leadnav:type>
        </extensions>
      </trkpt>
      <trkpt lat="34.798468" lon="-117.084202">
        <extensions>
          <leadnav:type>Serpentine</leadnav:type>
        </extensions>
      </trkpt>
      <trkpt lat="34.798288" lon="-117.084173">
        <extensions>
          <leadnav:type>Serpentine</leadnav:type>
        </extensions>
      </trkpt>
      <trkpt lat="34.798109" lon="-117.084174">
        <extensions>
          <leadnav:type>Serpentine</leadnav:type>
        </extensions>
      </trkpt>
      <trkpt lat="34.798013" lon="-117.084192">
        <extensions>
          <leadnav:type>Serpentine</leadnav:type>
        </extensions>
      </trkpt>
      <trkpt lat="34.797834" lon="-117.084271">
        <extensions>
          <leadnav:type>Serpentine</leadnav:type>
        </extensions>
      </trkpt>
      <trkpt lat="34.797733" lon="-117.084321">
        <extensions>
          <leadnav:type>Serpentine</leadnav:type>
        </extensions>
      </trkpt>
      <trkpt lat="34.797628" lon="-117.084377">
        <extensions>
          <leadnav:type>Serpentine</leadnav:type>
        </extensions>
      </trkpt>
      <trkpt lat="34.797297" lon="-117.084510">
        <extensions>
          <leadnav:type>Serpentine</leadnav:type>
        </extensions>
      </trkpt>
      <trkpt lat="34.797095" lon="-117.084615">
        <extensions>
          <leadnav:type>Serpentine</leadnav:type>
        </extensions>
      </trkpt>
      <trkpt lat="34.796588" lon="-117.084905">
        <extensions>
          <leadnav:type>Serpentine</leadnav:type>
        </extensions>
      </trkpt>
      <trkpt lat="34.796511" lon="-117.084942">
        <extensions>
          <leadnav:type>Serpentine</leadnav:type>
        </extensions>
      </trkpt>
      <trkpt lat="34.796423" lon="-117.084994">
        <extensions>
          <leadnav:type>Serpentine</leadnav:type>
        </extensions>
      </trkpt>
      <trkpt lat="34.796224" lon="-117.085084">
        <extensions>
          <leadnav:type>Serpentine</leadnav:type>
        </extensions>
      </trkpt>
      <trkpt lat="34.796118" lon="-117.085124">
        <extensions>
          <leadnav:type>Serpentine</leadnav:type>
        </extensions>
      </trkpt>
      <trkpt lat="34.795266" lon="-117.085402">
        <extensions>
          <leadnav:type>Serpentine</leadnav:type>
        </extensions>
      </trkpt>
      <trkpt lat="34.794552" lon="-117.085508">
        <extensions>
          <leadnav:type>Serpentine</leadnav:type>
        </extensions>
      </trkpt>
      <trkpt lat="34.793979" lon="-117.085247">
        <extensions>
          <leadnav:type>Serpentine</leadnav:type>
        </extensions>
      </trkpt>
      <trkpt lat="34.793257" lon="-117.085128">
        <extensions>
          <leadnav:type>Serpentine</leadnav:type>
        </extensions>
      </trkpt>
      <trkpt lat="34.792590" lon="-117.084912">
        <extensions>
          <leadnav:type>Serpentine</leadnav:type>
        </extensions>
      </trkpt>
      <trkpt lat="34.792045" lon="-117.084524">
        <extensions>
          <leadnav:type>Serpentine</leadnav:type>
        </extensions>
      </trkpt>
      <trkpt lat="34.791749" lon="-117.084137">
        <extensions>
          <leadnav:type>Serpentine</leadnav:type>
        </extensions>
      </trkpt>
      <trkpt lat="34.791450" lon="-117.083674">
        <extensions>
          <leadnav:type>Serpentine</leadnav:type>
        </extensions>
      </trkpt>
      <trkpt lat="34.791176" lon="-117.083336">
        <extensions>
          <leadnav:type>Serpentine</leadnav:type>
        </extensions>
      </trkpt>
      <trkpt lat="34.791147" lon="-117.083041">
        <extensions>
          <leadnav:type>Serpentine</leadnav:type>
        </extensions>
      </trkpt>
      <trkpt lat="34.791085" lon="-117.082712">
        <extensions>
          <leadnav:type>Serpentine</leadnav:type>
        </extensions>
      </trkpt>
      <trkpt lat="34.790948" lon="-117.082424">
        <extensions>
          <leadnav:type>Serpentine</leadnav:type>
        </extensions>
      </trkpt>
      <trkpt lat="34.789817" lon="-117.082517">
        <extensions>
          <leadnav:type>Serpentine</leadnav:type>
        </extensions>
      </trkpt>
      <trkpt lat="34.788744" lon="-117.082460">
        <extensions>
          <leadnav:type>Serpentine</leadnav:type>
        </extensions>
      </trkpt>
      <trkpt lat="34.787455" lon="-117.082505">
        <extensions>
          <leadnav:type>Serpentine</leadnav:type>
        </extensions>
      </trkpt>
      <trkpt lat="34.786566" lon="-117.082581">
        <extensions>
          <leadnav:type>Serpentine</leadnav:type>
        </extensions>
      </trkpt>
      <trkpt lat="34.786313" lon="-117.082560">
        <extensions>
          <leadnav:type>Serpentine</leadnav:type>
        </extensions>
      </trkpt>
      <trkpt lat="34.785820" lon="-117.082432">
        <extensions>
          <leadnav:type>Serpentine</leadnav:type>
        </extensions>
      </trkpt>
      <trkpt lat="34.785168" lon="-117.082342">
        <extensions>
          <leadnav:type>Serpentine</leadnav:type>
        </extensions>
      </trkpt>
      <trkpt lat="34.784359" lon="-117.082346">
        <extensions>
          <leadnav:type>Serpentine</leadnav:type>
        </extensions>
      </trkpt>
      <trkpt lat="34.783830" lon="-117.082178">
        <extensions>
          <leadnav:type>Serpentine</leadnav:type>
        </extensions>
      </trkpt>
      <trkpt lat="34.783170" lon="-117.081901">
        <extensions>
          <leadnav:type>Serpentine</leadnav:type>
        </extensions>
      </trkpt>
      <trkpt lat="34.782054" lon="-117.081513">
        <extensions>
          <leadnav:type>Serpentine</leadnav:type>
        </extensions>
      </trkpt>
      <trkpt lat="34.781832" lon="-117.081399">
        <extensions>
          <leadnav:type>Serpentine</leadnav:type>
        </extensions>
      </trkpt>
      <trkpt lat="34.781279" lon="-117.080931">
        <extensions>
          <leadnav:type>Serpentine</leadnav:type>
        </extensions>
      </trkpt>
      <trkpt lat="34.780732" lon="-117.080366">
        <extensions>
          <leadnav:type>Serpentine</leadnav:type>
        </extensions>
      </trkpt>
      <trkpt lat="34.780186" lon="-117.079884">
        <extensions>
          <leadnav:type>Serpentine</leadnav:type>
        </extensions>
      </trkpt>
      <trkpt lat="34.779786" lon="-117.079403">
        <extensions>
          <leadnav:type>Serpentine</leadnav:type>
        </extensions>
      </trkpt>
      <trkpt lat="34.778846" lon="-117.077986">
        <extensions>
          <leadnav:type>Serpentine</leadnav:type>
        </extensions>
      </trkpt>
      <trkpt lat="34.778639" lon="-117.077578">
        <extensions>
          <leadnav:type>Serpentine</leadnav:type>
        </extensions>
      </trkpt>
      <trkpt lat="34.778357" lon="-117.077057">
        <extensions>
          <leadnav:type>Serpentine</leadnav:type>
        </extensions>
      </trkpt>
      <trkpt lat="34.777725" lon="-117.076477">
        <extensions>
          <leadnav:type>Serpentine</leadnav:type>
        </extensions>
      </trkpt>
      <trkpt lat="34.777502" lon="-117.076296">
        <extensions>
          <leadnav:type>Serpentine</leadnav:type>
        </extensions>
      </trkpt>
      <trkpt lat="34.776934" lon="-117.075332">
        <extensions>
          <leadnav:type>Serpentine</leadnav:type>
        </extensions>
      </trkpt>
      <trkpt lat="34.776646" lon="-117.074948">
        <extensions>
          <leadnav:type>Serpentine</leadnav:type>
        </extensions>
      </trkpt>
      <trkpt lat="34.776633" lon="-117.074714">
        <extensions>
          <leadnav:type>Serpentine</leadnav:type>
        </extensions>
      </trkpt>
      <trkpt lat="34.776664" lon="-117.074593">
        <extensions>
          <leadnav:type>Serpentine</leadnav:type>
        </extensions>
      </trkpt>
      <trkpt lat="34.776797" lon="-117.074261">
        <extensions>
          <leadnav:type>Serpentine</leadnav:type>
        </extensions>
      </trkpt>
      <trkpt lat="34.776873" lon="-117.074047">
        <extensions>
          <leadnav:type>Serpentine</leadnav:type>
        </extensions>
      </trkpt>
      <trkpt lat="34.776913" lon="-117.073805">
        <extensions>
          <leadnav:type>Serpentine</leadnav:type>
        </extensions>
      </trkpt>
      <trkpt lat="34.776904" lon="-117.073534">
        <extensions>
          <leadnav:type>Serpentine</leadnav:type>
        </extensions>
      </trkpt>
      <trkpt lat="34.776870" lon="-117.073266">
        <extensions>
          <leadnav:type>Serpentine</leadnav:type>
        </extensions>
      </trkpt>
      <trkpt lat="34.776864" lon="-117.073076">
        <extensions>
          <leadnav:type>Serpentine</leadnav:type>
        </extensions>
      </trkpt>
      <trkpt lat="34.776909" lon="-117.072756">
        <extensions>
          <leadnav:type>Serpentine</leadnav:type>
        </extensions>
      </trkpt>
      <trkpt lat="34.776966" lon="-117.072432">
        <extensions>
          <leadnav:type>Serpentine</leadnav:type>
        </extensions>
      </trkpt>
      <trkpt lat="34.777037" lon="-117.071870">
        <extensions>
          <leadnav:type>Serpentine</leadnav:type>
        </extensions>
      </trkpt>
      <trkpt lat="34.777021" lon="-117.071397">
        <extensions>
          <leadnav:type>Serpentine</leadnav:type>
        </extensions>
      </trkpt>
      <trkpt lat="34.776967" lon="-117.070951">
        <extensions>
          <leadnav:type>Serpentine</leadnav:type>
        </extensions>
      </trkpt>
      <trkpt lat="34.776903" lon="-117.070751">
        <extensions>
          <leadnav:type>Serpentine</leadnav:type>
        </extensions>
      </trkpt>
      <trkpt lat="34.776912" lon="-117.070644">
        <extensions>
          <leadnav:type>Serpentine</leadnav:type>
        </extensions>
      </trkpt>
      <trkpt lat="34.776964" lon="-117.070516">
        <extensions>
          <leadnav:type>Serpentine</leadnav:type>
        </extensions>
      </trkpt>
      <trkpt lat="34.777252" lon="-117.070264">
        <extensions>
          <leadnav:type>Serpentine</leadnav:type>
        </extensions>
      </trkpt>
      <trkpt lat="34.777450" lon="-117.070061">
        <extensions>
          <leadnav:type>Serpentine</leadnav:type>
        </extensions>
      </trkpt>
      <trkpt lat="34.777617" lon="-117.069809">
        <extensions>
          <leadnav:type>Serpentine</leadnav:type>
        </extensions>
      </trkpt>
      <trkpt lat="34.777647" lon="-117.069618">
        <extensions>
          <leadnav:type>Serpentine</leadnav:type>
        </extensions>
      </trkpt>
      <trkpt lat="34.777528" lon="-117.069017">
        <extensions>
          <leadnav:type>Serpentine</leadnav:type>
        </extensions>
      </trkpt>
      <trkpt lat="34.777466" lon="-117.068647">
        <extensions>
          <leadnav:type>Serpentine</leadnav:type>
        </extensions>
      </trkpt>
      <trkpt lat="34.777569" lon="-117.068114">
        <extensions>
          <leadnav:type>Serpentine</leadnav:type>
        </extensions>
      </trkpt>
      <trkpt lat="34.777807" lon="-117.067280">
        <extensions>
          <leadnav:type>Serpentine</leadnav:type>
        </extensions>
      </trkpt>
      <trkpt lat="34.778333" lon="-117.066065">
        <extensions>
          <leadnav:type>Serpentine</leadnav:type>
        </extensions>
      </trkpt>
      <trkpt lat="34.778496" lon="-117.065549">
        <extensions>
          <leadnav:type>Serpentine</leadnav:type>
        </extensions>
      </trkpt>
      <trkpt lat="34.778658" lon="-117.064993">
        <extensions>
          <leadnav:type>Serpentine</leadnav:type>
        </extensions>
      </trkpt>
      <trkpt lat="34.778734" lon="-117.064841">
        <extensions>
          <leadnav:type>Serpentine</leadnav:type>
        </extensions>
      </trkpt>
      <trkpt lat="34.778960" lon="-117.064714">
        <extensions>
          <leadnav:type>Serpentine</leadnav:type>
        </extensions>
      </trkpt>
      <trkpt lat="34.779127" lon="-117.064679">
        <extensions>
          <leadnav:type>Serpentine</leadnav:type>
        </extensions>
      </trkpt>
      <trkpt lat="34.779453" lon="-117.064720">
        <extensions>
          <leadnav:type>Serpentine</leadnav:type>
        </extensions>
      </trkpt>
      <trkpt lat="34.779721" lon="-117.064888">
        <extensions>
          <leadnav:type>Serpentine</leadnav:type>
        </extensions>
      </trkpt>
      <trkpt lat="34.780130" lon="-117.065088">
        <extensions>
          <leadnav:type>Serpentine</leadnav:type>
        </extensions>
      </trkpt>
      <trkpt lat="34.780806" lon="-117.065476">
        <extensions>
          <leadnav:type>Serpentine</leadnav:type>
        </extensions>
      </trkpt>
      <trkpt lat="34.780929" lon="-117.065519">
        <extensions>
          <leadnav:type>Serpentine</leadnav:type>
        </extensions>
      </trkpt>
      <trkpt lat="34.781628" lon="-117.065557">
        <extensions>
          <leadnav:type>Serpentine</leadnav:type>
        </extensions>
      </trkpt>
      <trkpt lat="34.782574" lon="-117.065491">
        <extensions>
          <leadnav:type>Serpentine</leadnav:type>
        </extensions>
      </trkpt>
      <trkpt lat="34.782977" lon="-117.065521">
        <extensions>
          <leadnav:type>Serpentine</leadnav:type>
        </extensions>
      </trkpt>
      <trkpt lat="34.783350" lon="-117.065657">
        <extensions>
          <leadnav:type>Serpentine</leadnav:type>
        </extensions>
      </trkpt>
      <trkpt lat="34.783491" lon="-117.065752">
        <extensions>
          <leadnav:type>Serpentine</leadnav:type>
        </extensions>
      </trkpt>
      <trkpt lat="34.783514" lon="-117.065882">
        <extensions>
          <leadnav:type>Serpentine</leadnav:type>
        </extensions>
      </trkpt>
      <trkpt lat="34.783601" lon="-117.066169">
        <extensions>
          <leadnav:type>Serpentine</leadnav:type>
        </extensions>
      </trkpt>
      <trkpt lat="34.783638" lon="-117.066344">
        <extensions>
          <leadnav:type>Serpentine</leadnav:type>
        </extensions>
      </trkpt>
      <trkpt lat="34.783690" lon="-117.066514">
        <extensions>
          <leadnav:type>Serpentine</leadnav:type>
        </extensions>
      </trkpt>
      <trkpt lat="34.783799" lon="-117.066709">
        <extensions>
          <leadnav:type>Serpentine</leadnav:type>
        </extensions>
      </trkpt>
      <trkpt lat="34.783868" lon="-117.066928">
        <extensions>
          <leadnav:type>Serpentine</leadnav:type>
        </extensions>
      </trkpt>
      <trkpt lat="34.783886" lon="-117.067001">
        <extensions>
          <leadnav:type>Serpentine</leadnav:type>
        </extensions>
      </trkpt>
      <trkpt lat="34.783902" lon="-117.067086">
        <extensions>
          <leadnav:type>Serpentine</leadnav:type>
        </extensions>
      </trkpt>
      <trkpt lat="34.783916" lon="-117.067196">
        <extensions>
          <leadnav:type>Serpentine</leadnav:type>
        </extensions>
      </trkpt>
      <trkpt lat="34.783934" lon="-117.067279">
        <extensions>
          <leadnav:type>Serpentine</leadnav:type>
        </extensions>
      </trkpt>
      <trkpt lat="34.783971" lon="-117.067548">
        <extensions>
          <leadnav:type>Serpentine</leadnav:type>
        </extensions>
      </trkpt>
      <trkpt lat="34.783981" lon="-117.067636">
        <extensions>
          <leadnav:type>Serpentine</leadnav:type>
        </extensions>
      </trkpt>
      <trkpt lat="34.784123" lon="-117.068071">
        <extensions>
          <leadnav:type>Serpentine</leadnav:type>
        </extensions>
      </trkpt>
      <trkpt lat="34.784158" lon="-117.068335">
        <extensions>
          <leadnav:type>Serpentine</leadnav:type>
        </extensions>
      </trkpt>
      <trkpt lat="34.784157" lon="-117.068424">
        <extensions>
          <leadnav:type>Serpentine</leadnav:type>
        </extensions>
      </trkpt>
      <trkpt lat="34.784147" lon="-117.068506">
        <extensions>
          <leadnav:type>Serpentine</leadnav:type>
        </extensions>
      </trkpt>
      <trkpt lat="34.784156" lon="-117.068592">
        <extensions>
          <leadnav:type>Serpentine</leadnav:type>
        </extensions>
      </trkpt>
      <trkpt lat="34.784173" lon="-117.068660">
        <extensions>
          <leadnav:type>Serpentine</leadnav:type>
        </extensions>
      </trkpt>
      <trkpt lat="34.784194" lon="-117.068704">
        <extensions>
          <leadnav:type>Serpentine</leadnav:type>
        </extensions>
      </trkpt>
      <trkpt lat="34.784213" lon="-117.068733">
        <extensions>
          <leadnav:type>Serpentine</leadnav:type>
        </extensions>
      </trkpt>
      <trkpt lat="34.784236" lon="-117.068757">
        <extensions>
          <leadnav:type>Serpentine</leadnav:type>
        </extensions>
      </trkpt>
      <trkpt lat="34.784264" lon="-117.068796">
        <extensions>
          <leadnav:type>Serpentine</leadnav:type>
        </extensions>
      </trkpt>
      <trkpt lat="34.784297" lon="-117.068828">
        <extensions>
          <leadnav:type>Serpentine</leadnav:type>
        </extensions>
      </trkpt>
      <trkpt lat="34.784379" lon="-117.068882">
        <extensions>
          <leadnav:type>Serpentine</leadnav:type>
        </extensions>
      </trkpt>
      <trkpt lat="34.784423" lon="-117.068898">
        <extensions>
          <leadnav:type>Serpentine</leadnav:type>
        </extensions>
      </trkpt>
      <trkpt lat="34.784491" lon="-117.068890">
        <extensions>
          <leadnav:type>Serpentine</leadnav:type>
        </extensions>
      </trkpt>
      <trkpt lat="34.784546" lon="-117.068904">
        <extensions>
          <leadnav:type>Serpentine</leadnav:type>
        </extensions>
      </trkpt>
      <trkpt lat="34.784659" lon="-117.068966">
        <extensions>
          <leadnav:type>Serpentine</leadnav:type>
        </extensions>
      </trkpt>
      <trkpt lat="34.784706" lon="-117.069028">
        <extensions>
          <leadnav:type>Serpentine</leadnav:type>
        </extensions>
      </trkpt>
      <trkpt lat="34.784744" lon="-117.069092">
        <extensions>
          <leadnav:type>Serpentine</leadnav:type>
        </extensions>
      </trkpt>
      <trkpt lat="34.784776" lon="-117.069165">
        <extensions>
          <leadnav:type>Serpentine</leadnav:type>
        </extensions>
      </trkpt>
      <trkpt lat="34.784875" lon="-117.069454">
        <extensions>
          <leadnav:type>Serpentine</leadnav:type>
        </extensions>
      </trkpt>
      <trkpt lat="34.784879" lon="-117.069603">
        <extensions>
          <leadnav:type>Serpentine</leadnav:type>
        </extensions>
      </trkpt>
      <trkpt lat="34.784839" lon="-117.069682">
        <extensions>
          <leadnav:type>Serpentine</leadnav:type>
        </extensions>
      </trkpt>
      <trkpt lat="34.784801" lon="-117.069685">
        <extensions>
          <leadnav:type>Serpentine</leadnav:type>
        </extensions>
      </trkpt>
      <trkpt lat="34.784756" lon="-117.069701">
        <extensions>
          <leadnav:type>Serpentine</leadnav:type>
        </extensions>
      </trkpt>
      <trkpt lat="34.784709" lon="-117.069732">
        <extensions>
          <leadnav:type>Serpentine</leadnav:type>
        </extensions>
      </trkpt>
      <trkpt lat="34.784672" lon="-117.069771">
        <extensions>
          <leadnav:type>Serpentine</leadnav:type>
        </extensions>
      </trkpt>
      <trkpt lat="34.784653" lon="-117.069807">
        <extensions>
          <leadnav:type>Serpentine</leadnav:type>
        </extensions>
      </trkpt>
      <trkpt lat="34.784634" lon="-117.069839">
        <extensions>
          <leadnav:type>Serpentine</leadnav:type>
        </extensions>
      </trkpt>
      <trkpt lat="34.784544" lon="-117.069971">
        <extensions>
          <leadnav:type>Serpentine</leadnav:type>
        </extensions>
      </trkpt>
      <trkpt lat="34.784503" lon="-117.070014">
        <extensions>
          <leadnav:type>Serpentine</leadnav:type>
        </extensions>
      </trkpt>
      <trkpt lat="34.784458" lon="-117.070046">
        <extensions>
          <leadnav:type>Serpentine</leadnav:type>
        </extensions>
      </trkpt>
      <trkpt lat="34.784399" lon="-117.070098">
        <extensions>
          <leadnav:type>Serpentine</leadnav:type>
        </extensions>
      </trkpt>
      <trkpt lat="34.784341" lon="-117.070118">
        <extensions>
          <leadnav:type>Serpentine</leadnav:type>
        </extensions>
      </trkpt>
      <trkpt lat="34.784261" lon="-117.070141">
        <extensions>
          <leadnav:type>Serpentine</leadnav:type>
        </extensions>
      </trkpt>
      <trkpt lat="34.784109" lon="-117.070205">
        <extensions>
          <leadnav:type>Serpentine</leadnav:type>
        </extensions>
      </trkpt>
      <trkpt lat="34.784045" lon="-117.070245">
        <extensions>
          <leadnav:type>Serpentine</leadnav:type>
        </extensions>
      </trkpt>
      <trkpt lat="34.783989" lon="-117.070272">
        <extensions>
          <leadnav:type>Serpentine</leadnav:type>
        </extensions>
      </trkpt>
      <trkpt lat="34.783937" lon="-117.070316">
        <extensions>
          <leadnav:type>Serpentine</leadnav:type>
        </extensions>
      </trkpt>
      <trkpt lat="34.783888" lon="-117.070366">
        <extensions>
          <leadnav:type>Serpentine</leadnav:type>
        </extensions>
      </trkpt>
      <trkpt lat="34.783852" lon="-117.070415">
        <extensions>
          <leadnav:type>Serpentine</leadnav:type>
        </extensions>
      </trkpt>
      <trkpt lat="34.783784" lon="-117.070479">
        <extensions>
          <leadnav:type>Serpentine</leadnav:type>
        </extensions>
      </trkpt>
      <trkpt lat="34.783755" lon="-117.070501">
        <extensions>
          <leadnav:type>Serpentine</leadnav:type>
        </extensions>
      </trkpt>
      <trkpt lat="34.783735" lon="-117.070525">
        <extensions>
          <leadnav:type>Serpentine</leadnav:type>
        </extensions>
      </trkpt>
      <trkpt lat="34.783710" lon="-117.070575">
        <extensions>
          <leadnav:type>Serpentine</leadnav:type>
        </extensions>
      </trkpt>
      <trkpt lat="34.783722" lon="-117.070609">
        <extensions>
          <leadnav:type>Serpentine</leadnav:type>
        </extensions>
      </trkpt>
      <trkpt lat="34.783725" lon="-117.070682">
        <extensions>
          <leadnav:type>Serpentine</leadnav:type>
        </extensions>
      </trkpt>
      <trkpt lat="34.783758" lon="-117.070764">
        <extensions>
          <leadnav:type>Serpentine</leadnav:type>
        </extensions>
      </trkpt>
      <trkpt lat="34.783772" lon="-117.070860">
        <extensions>
          <leadnav:type>Serpentine</leadnav:type>
        </extensions>
      </trkpt>
      <trkpt lat="34.783768" lon="-117.070934">
        <extensions>
          <leadnav:type>Serpentine</leadnav:type>
        </extensions>
      </trkpt>
      <trkpt lat="34.783752" lon="-117.070998">
        <extensions>
          <leadnav:type>Serpentine</leadnav:type>
        </extensions>
      </trkpt>
      <trkpt lat="34.783727" lon="-117.071057">
        <extensions>
          <leadnav:type>Serpentine</leadnav:type>
        </extensions>
      </trkpt>
      <trkpt lat="34.783698" lon="-117.071105">
        <extensions>
          <leadnav:type>Serpentine</leadnav:type>
        </extensions>
      </trkpt>
      <trkpt lat="34.783676" lon="-117.071161">
        <extensions>
          <leadnav:type>Serpentine</leadnav:type>
        </extensions>
      </trkpt>
      <trkpt lat="34.783646" lon="-117.071290">
        <extensions>
          <leadnav:type>Serpentine</leadnav:type>
        </extensions>
      </trkpt>
      <trkpt lat="34.783645" lon="-117.071340">
        <extensions>
          <leadnav:type>Serpentine</leadnav:type>
        </extensions>
      </trkpt>
      <trkpt lat="34.783658" lon="-117.071376">
        <extensions>
          <leadnav:type>Serpentine</leadnav:type>
        </extensions>
      </trkpt>
      <trkpt lat="34.783720" lon="-117.071436">
        <extensions>
          <leadnav:type>Serpentine</leadnav:type>
        </extensions>
      </trkpt>
      <trkpt lat="34.783813" lon="-117.071510">
        <extensions>
          <leadnav:type>Serpentine</leadnav:type>
        </extensions>
      </trkpt>
      <trkpt lat="34.783855" lon="-117.071561">
        <extensions>
          <leadnav:type>Serpentine</leadnav:type>
        </extensions>
      </trkpt>
      <trkpt lat="34.783904" lon="-117.071617">
        <extensions>
          <leadnav:type>Serpentine</leadnav:type>
        </extensions>
      </trkpt>
      <trkpt lat="34.783946" lon="-117.071672">
        <extensions>
          <leadnav:type>Serpentine</leadnav:type>
        </extensions>
      </trkpt>
      <trkpt lat="34.783983" lon="-117.071726">
        <extensions>
          <leadnav:type>Serpentine</leadnav:type>
        </extensions>
      </trkpt>
      <trkpt lat="34.784008" lon="-117.071789">
        <extensions>
          <leadnav:type>Serpentine</leadnav:type>
        </extensions>
      </trkpt>
      <trkpt lat="34.784018" lon="-117.071858">
        <extensions>
          <leadnav:type>Serpentine</leadnav:type>
        </extensions>
      </trkpt>
      <trkpt lat="34.784009" lon="-117.072000">
        <extensions>
          <leadnav:type>Serpentine</leadnav:type>
        </extensions>
      </trkpt>
      <trkpt lat="34.783954" lon="-117.072127">
        <extensions>
          <leadnav:type>Serpentine</leadnav:type>
        </extensions>
      </trkpt>
      <trkpt lat="34.783879" lon="-117.072244">
        <extensions>
          <leadnav:type>Serpentine</leadnav:type>
        </extensions>
      </trkpt>
      <trkpt lat="34.783849" lon="-117.072304">
        <extensions>
          <leadnav:type>Serpentine</leadnav:type>
        </extensions>
      </trkpt>
      <trkpt lat="34.783805" lon="-117.072431">
        <extensions>
          <leadnav:type>Serpentine</leadnav:type>
        </extensions>
      </trkpt>
      <trkpt lat="34.783788" lon="-117.072500">
        <extensions>
          <leadnav:type>Serpentine</leadnav:type>
        </extensions>
      </trkpt>
      <trkpt lat="34.783663" lon="-117.072874">
        <extensions>
          <leadnav:type>Serpentine</leadnav:type>
        </extensions>
      </trkpt>
      <trkpt lat="34.783628" lon="-117.072997">
        <extensions>
          <leadnav:type>Serpentine</leadnav:type>
        </extensions>
      </trkpt>
      <trkpt lat="34.783633" lon="-117.073065">
        <extensions>
          <leadnav:type>Serpentine</leadnav:type>
        </extensions>
      </trkpt>
      <trkpt lat="34.783654" lon="-117.073229">
        <extensions>
          <leadnav:type>Serpentine</leadnav:type>
        </extensions>
      </trkpt>
      <trkpt lat="34.783662" lon="-117.073315">
        <extensions>
          <leadnav:type>Serpentine</leadnav:type>
        </extensions>
      </trkpt>
      <trkpt lat="34.783674" lon="-117.073392">
        <extensions>
          <leadnav:type>Serpentine</leadnav:type>
        </extensions>
      </trkpt>
      <trkpt lat="34.783694" lon="-117.073477">
        <extensions>
          <leadnav:type>Serpentine</leadnav:type>
        </extensions>
      </trkpt>
      <trkpt lat="34.783713" lon="-117.073643">
        <extensions>
          <leadnav:type>Serpentine</leadnav:type>
        </extensions>
      </trkpt>
      <trkpt lat="34.783723" lon="-117.073781">
        <extensions>
          <leadnav:type>Serpentine</leadnav:type>
        </extensions>
      </trkpt>
      <trkpt lat="34.783713" lon="-117.073856">
        <extensions>
          <leadnav:type>Serpentine</leadnav:type>
        </extensions>
      </trkpt>
      <trkpt lat="34.783637" lon="-117.074038">
        <extensions>
          <leadnav:type>Serpentine</leadnav:type>
        </extensions>
      </trkpt>
      <trkpt lat="34.783632" lon="-117.074091">
        <extensions>
          <leadnav:type>Serpentine</leadnav:type>
        </extensions>
      </trkpt>
      <trkpt lat="34.783641" lon="-117.074142">
        <extensions>
          <leadnav:type>Serpentine</leadnav:type>
        </extensions>
      </trkpt>
      <trkpt lat="34.783667" lon="-117.074188">
        <extensions>
          <leadnav:type>Serpentine</leadnav:type>
        </extensions>
      </trkpt>
      <trkpt lat="34.783707" lon="-117.074230">
        <extensions>
          <leadnav:type>Serpentine</leadnav:type>
        </extensions>
      </trkpt>
      <trkpt lat="34.783744" lon="-117.074290">
        <extensions>
          <leadnav:type>Serpentine</leadnav:type>
        </extensions>
      </trkpt>
      <trkpt lat="34.783776" lon="-117.074354">
        <extensions>
          <leadnav:type>Serpentine</leadnav:type>
        </extensions>
      </trkpt>
      <trkpt lat="34.783806" lon="-117.074419">
        <extensions>
          <leadnav:type>Serpentine</leadnav:type>
        </extensions>
      </trkpt>
      <trkpt lat="34.783914" lon="-117.074690">
        <extensions>
          <leadnav:type>Serpentine</leadnav:type>
        </extensions>
      </trkpt>
      <trkpt lat="34.783948" lon="-117.074750">
        <extensions>
          <leadnav:type>Serpentine</leadnav:type>
        </extensions>
      </trkpt>
      <trkpt lat="34.783992" lon="-117.074803">
        <extensions>
          <leadnav:type>Serpentine</leadnav:type>
        </extensions>
      </trkpt>
      <trkpt lat="34.784043" lon="-117.074850">
        <extensions>
          <leadnav:type>Serpentine</leadnav:type>
        </extensions>
      </trkpt>
      <trkpt lat="34.784100" lon="-117.074907">
        <extensions>
          <leadnav:type>Serpentine</leadnav:type>
        </extensions>
      </trkpt>
      <trkpt lat="34.784206" lon="-117.075059">
        <extensions>
          <leadnav:type>Serpentine</leadnav:type>
        </extensions>
      </trkpt>
      <trkpt lat="34.784396" lon="-117.075435">
        <extensions>
          <leadnav:type>Serpentine</leadnav:type>
        </extensions>
      </trkpt>
      <trkpt lat="34.784400" lon="-117.075499">
        <extensions>
          <leadnav:type>Serpentine</leadnav:type>
        </extensions>
      </trkpt>
      <trkpt lat="34.784417" lon="-117.075587">
        <extensions>
          <leadnav:type>Serpentine</leadnav:type>
        </extensions>
      </trkpt>
      <trkpt lat="34.784440" lon="-117.075629">
        <extensions>
          <leadnav:type>Serpentine</leadnav:type>
        </extensions>
      </trkpt>
      <trkpt lat="34.784508" lon="-117.075738">
        <extensions>
          <leadnav:type>Serpentine</leadnav:type>
        </extensions>
      </trkpt>
      <trkpt lat="34.784542" lon="-117.075799">
        <extensions>
          <leadnav:type>Serpentine</leadnav:type>
        </extensions>
      </trkpt>
      <trkpt lat="34.784582" lon="-117.075858">
        <extensions>
          <leadnav:type>Serpentine</leadnav:type>
        </extensions>
      </trkpt>
      <trkpt lat="34.784621" lon="-117.075910">
        <extensions>
          <leadnav:type>Serpentine</leadnav:type>
        </extensions>
      </trkpt>
      <trkpt lat="34.784659" lon="-117.075947">
        <extensions>
          <leadnav:type>Serpentine</leadnav:type>
        </extensions>
      </trkpt>
      <trkpt lat="34.784701" lon="-117.075994">
        <extensions>
          <leadnav:type>Serpentine</leadnav:type>
        </extensions>
      </trkpt>
      <trkpt lat="34.784746" lon="-117.076034">
        <extensions>
          <leadnav:type>Serpentine</leadnav:type>
        </extensions>
      </trkpt>
      <trkpt lat="34.784794" lon="-117.076086">
        <extensions>
          <leadnav:type>Serpentine</leadnav:type>
        </extensions>
      </trkpt>
      <trkpt lat="34.784908" lon="-117.076228">
        <extensions>
          <leadnav:type>Serpentine</leadnav:type>
        </extensions>
      </trkpt>
      <trkpt lat="34.785016" lon="-117.076378">
        <extensions>
          <leadnav:type>Serpentine</leadnav:type>
        </extensions>
      </trkpt>
      <trkpt lat="34.785159" lon="-117.076588">
        <extensions>
          <leadnav:type>Serpentine</leadnav:type>
        </extensions>
      </trkpt>
      <trkpt lat="34.785361" lon="-117.076761">
        <extensions>
          <leadnav:type>Serpentine</leadnav:type>
        </extensions>
      </trkpt>
      <trkpt lat="34.785396" lon="-117.076819">
        <extensions>
          <leadnav:type>Serpentine</leadnav:type>
        </extensions>
      </trkpt>
      <trkpt lat="34.785421" lon="-117.076880">
        <extensions>
          <leadnav:type>Serpentine</leadnav:type>
        </extensions>
      </trkpt>
      <trkpt lat="34.785433" lon="-117.076933">
        <extensions>
          <leadnav:type>Serpentine</leadnav:type>
        </extensions>
      </trkpt>
      <trkpt lat="34.785444" lon="-117.076991">
        <extensions>
          <leadnav:type>Serpentine</leadnav:type>
        </extensions>
      </trkpt>
      <trkpt lat="34.785464" lon="-117.077052">
        <extensions>
          <leadnav:type>Serpentine</leadnav:type>
        </extensions>
      </trkpt>
      <trkpt lat="34.785501" lon="-117.077106">
        <extensions>
          <leadnav:type>Serpentine</leadnav:type>
        </extensions>
      </trkpt>
      <trkpt lat="34.785591" lon="-117.077169">
        <extensions>
          <leadnav:type>Serpentine</leadnav:type>
        </extensions>
      </trkpt>
      <trkpt lat="34.785644" lon="-117.077166">
        <extensions>
          <leadnav:type>Serpentine</leadnav:type>
        </extensions>
      </trkpt>
      <trkpt lat="34.785820" lon="-117.077139">
        <extensions>
          <leadnav:type>Serpentine</leadnav:type>
        </extensions>
      </trkpt>
      <trkpt lat="34.785873" lon="-117.077141">
        <extensions>
          <leadnav:type>Serpentine</leadnav:type>
        </extensions>
      </trkpt>
      <trkpt lat="34.786165" lon="-117.077141">
        <extensions>
          <leadnav:type>Serpentine</leadnav:type>
        </extensions>
      </trkpt>
      <trkpt lat="34.786222" lon="-117.077134">
        <extensions>
          <leadnav:type>Serpentine</leadnav:type>
        </extensions>
      </trkpt>
      <trkpt lat="34.786278" lon="-117.077123">
        <extensions>
          <leadnav:type>Serpentine</leadnav:type>
        </extensions>
      </trkpt>
      <trkpt lat="34.786386" lon="-117.077128">
        <extensions>
          <leadnav:type>Serpentine</leadnav:type>
        </extensions>
      </trkpt>
      <trkpt lat="34.786443" lon="-117.077146">
        <extensions>
          <leadnav:type>Serpentine</leadnav:type>
        </extensions>
      </trkpt>
      <trkpt lat="34.786538" lon="-117.077147">
        <extensions>
          <leadnav:type>Serpentine</leadnav:type>
        </extensions>
      </trkpt>
      <trkpt lat="34.786740" lon="-117.077055">
        <extensions>
          <leadnav:type>Serpentine</leadnav:type>
        </extensions>
      </trkpt>
      <trkpt lat="34.786793" lon="-117.077044">
        <extensions>
          <leadnav:type>Serpentine</leadnav:type>
        </extensions>
      </trkpt>
      <trkpt lat="34.786848" lon="-117.077040">
        <extensions>
          <leadnav:type>Serpentine</leadnav:type>
        </extensions>
      </trkpt>
      <trkpt lat="34.786990" lon="-117.077069">
        <extensions>
          <leadnav:type>Serpentine</leadnav:type>
        </extensions>
      </trkpt>
      <trkpt lat="34.787122" lon="-117.077102">
        <extensions>
          <leadnav:type>Serpentine</leadnav:type>
        </extensions>
      </trkpt>
      <trkpt lat="34.787182" lon="-117.077121">
        <extensions>
          <leadnav:type>Serpentine</leadnav:type>
        </extensions>
      </trkpt>
      <trkpt lat="34.787287" lon="-117.077141">
        <extensions>
          <leadnav:type>Serpentine</leadnav:type>
        </extensions>
      </trkpt>
      <trkpt lat="34.787368" lon="-117.077125">
        <extensions>
          <leadnav:type>Serpentine</leadnav:type>
        </extensions>
      </trkpt>
      <trkpt lat="34.787452" lon="-117.077088">
        <extensions>
          <leadnav:type>Serpentine</leadnav:type>
        </extensions>
      </trkpt>
      <trkpt lat="34.787624" lon="-117.077030">
        <extensions>
          <leadnav:type>Serpentine</leadnav:type>
        </extensions>
      </trkpt>
      <trkpt lat="34.787676" lon="-117.077038">
        <extensions>
          <leadnav:type>Serpentine</leadnav:type>
        </extensions>
      </trkpt>
      <trkpt lat="34.787723" lon="-117.077052">
        <extensions>
          <leadnav:type>Serpentine</leadnav:type>
        </extensions>
      </trkpt>
      <trkpt lat="34.787820" lon="-117.077088">
        <extensions>
          <leadnav:type>Serpentine</leadnav:type>
        </extensions>
      </trkpt>
      <trkpt lat="34.787870" lon="-117.077098">
        <extensions>
          <leadnav:type>Serpentine</leadnav:type>
        </extensions>
      </trkpt>
      <trkpt lat="34.787926" lon="-117.077131">
        <extensions>
          <leadnav:type>Serpentine</leadnav:type>
        </extensions>
      </trkpt>
      <trkpt lat="34.787987" lon="-117.077171">
        <extensions>
          <leadnav:type>Serpentine</leadnav:type>
        </extensions>
      </trkpt>
      <trkpt lat="34.788054" lon="-117.077203">
        <extensions>
          <leadnav:type>Serpentine</leadnav:type>
        </extensions>
      </trkpt>
      <trkpt lat="34.788120" lon="-117.077217">
        <extensions>
          <leadnav:type>Serpentine</leadnav:type>
        </extensions>
      </trkpt>
      <trkpt lat="34.788243" lon="-117.077227">
        <extensions>
          <leadnav:type>Serpentine</leadnav:type>
        </extensions>
      </trkpt>
      <trkpt lat="34.788291" lon="-117.077265">
        <extensions>
          <leadnav:type>Serpentine</leadnav:type>
        </extensions>
      </trkpt>
      <trkpt lat="34.788406" lon="-117.077278">
        <extensions>
          <leadnav:type>Serpentine</leadnav:type>
        </extensions>
      </trkpt>
      <trkpt lat="34.788470" lon="-117.077269">
        <extensions>
          <leadnav:type>Serpentine</leadnav:type>
        </extensions>
      </trkpt>
      <trkpt lat="34.788530" lon="-117.077255">
        <extensions>
          <leadnav:type>Serpentine</leadnav:type>
        </extensions>
      </trkpt>
      <trkpt lat="34.788579" lon="-117.077221">
        <extensions>
          <leadnav:type>Serpentine</leadnav:type>
        </extensions>
      </trkpt>
      <trkpt lat="34.788679" lon="-117.077172">
        <extensions>
          <leadnav:type>Serpentine</leadnav:type>
        </extensions>
      </trkpt>
      <trkpt lat="34.788733" lon="-117.077168">
        <extensions>
          <leadnav:type>Serpentine</leadnav:type>
        </extensions>
      </trkpt>
      <trkpt lat="34.788799" lon="-117.077152">
        <extensions>
          <leadnav:type>Serpentine</leadnav:type>
        </extensions>
      </trkpt>
      <trkpt lat="34.788944" lon="-117.077174">
        <extensions>
          <leadnav:type>Serpentine</leadnav:type>
        </extensions>
      </trkpt>
      <trkpt lat="34.789273" lon="-117.077210">
        <extensions>
          <leadnav:type>Serpentine</leadnav:type>
        </extensions>
      </trkpt>
      <trkpt lat="34.789352" lon="-117.077204">
        <extensions>
          <leadnav:type>Serpentine</leadnav:type>
        </extensions>
      </trkpt>
      <trkpt lat="34.789428" lon="-117.077185">
        <extensions>
          <leadnav:type>Serpentine</leadnav:type>
        </extensions>
      </trkpt>
      <trkpt lat="34.789493" lon="-117.077193">
        <extensions>
          <leadnav:type>Serpentine</leadnav:type>
        </extensions>
      </trkpt>
      <trkpt lat="34.789554" lon="-117.077192">
        <extensions>
          <leadnav:type>Serpentine</leadnav:type>
        </extensions>
      </trkpt>
      <trkpt lat="34.789616" lon="-117.077182">
        <extensions>
          <leadnav:type>Serpentine</leadnav:type>
        </extensions>
      </trkpt>
      <trkpt lat="34.789655" lon="-117.077111">
        <extensions>
          <leadnav:type>Serpentine</leadnav:type>
        </extensions>
      </trkpt>
      <trkpt lat="34.789770" lon="-117.077019">
        <extensions>
          <leadnav:type>Serpentine</leadnav:type>
        </extensions>
      </trkpt>
      <trkpt lat="34.789829" lon="-117.077009">
        <extensions>
          <leadnav:type>Serpentine</leadnav:type>
        </extensions>
      </trkpt>
      <trkpt lat="34.789942" lon="-117.077133">
        <extensions>
          <leadnav:type>Serpentine</leadnav:type>
        </extensions>
      </trkpt>
      <trkpt lat="34.790248" lon="-117.077556">
        <extensions>
          <leadnav:type>Serpentine</leadnav:type>
        </extensions>
      </trkpt>
      <trkpt lat="34.790484" lon="-117.077764">
        <extensions>
          <leadnav:type>Serpentine</leadnav:type>
        </extensions>
      </trkpt>
      <trkpt lat="34.790661" lon="-117.077900">
        <extensions>
          <leadnav:type>Serpentine</leadnav:type>
        </extensions>
      </trkpt>
      <trkpt lat="34.790846" lon="-117.078220">
        <extensions>
          <leadnav:type>Serpentine</leadnav:type>
        </extensions>
      </trkpt>
      <trkpt lat="34.791043" lon="-117.078369">
        <extensions>
          <leadnav:type>Serpentine</leadnav:type>
        </extensions>
      </trkpt>
      <trkpt lat="34.791265" lon="-117.078466">
        <extensions>
          <leadnav:type>Serpentine</leadnav:type>
        </extensions>
      </trkpt>
      <trkpt lat="34.791437" lon="-117.078747">
        <extensions>
          <leadnav:type>Serpentine</leadnav:type>
        </extensions>
      </trkpt>
      <trkpt lat="34.791453" lon="-117.078988">
        <extensions>
          <leadnav:type>Serpentine</leadnav:type>
        </extensions>
      </trkpt>
      <trkpt lat="34.791492" lon="-117.079226">
        <extensions>
          <leadnav:type>Serpentine</leadnav:type>
        </extensions>
      </trkpt>
      <trkpt lat="34.791671" lon="-117.079477">
        <extensions>
          <leadnav:type>Serpentine</leadnav:type>
        </extensions>
      </trkpt>
      <trkpt lat="34.791903" lon="-117.079665">
        <extensions>
          <leadnav:type>Serpentine</leadnav:type>
        </extensions>
      </trkpt>
      <trkpt lat="34.792240" lon="-117.079993">
        <extensions>
          <leadnav:type>Serpentine</leadnav:type>
        </extensions>
      </trkpt>
      <trkpt lat="34.792553" lon="-117.080264">
        <extensions>
          <leadnav:type>Serpentine</leadnav:type>
        </extensions>
      </trkpt>
      <trkpt lat="34.792819" lon="-117.080518">
        <extensions>
          <leadnav:type>Serpentine</leadnav:type>
        </extensions>
      </trkpt>
      <trkpt lat="34.793070" lon="-117.080776">
        <extensions>
          <leadnav:type>Serpentine</leadnav:type>
        </extensions>
      </trkpt>
      <trkpt lat="34.793252" lon="-117.081064">
        <extensions>
          <leadnav:type>Serpentine</leadnav:type>
        </extensions>
      </trkpt>
      <trkpt lat="34.793581" lon="-117.081301">
        <extensions>
          <leadnav:type>Serpentine</leadnav:type>
        </extensions>
      </trkpt>
      <trkpt lat="34.793976" lon="-117.081379">
        <extensions>
          <leadnav:type>Serpentine</leadnav:type>
        </extensions>
      </trkpt>
      <trkpt lat="34.795182" lon="-117.081815">
        <extensions>
          <leadnav:type>Serpentine</leadnav:type>
        </extensions>
      </trkpt>
      <trkpt lat="34.795651" lon="-117.081965">
        <extensions>
          <leadnav:type>Serpentine</leadnav:type>
        </extensions>
      </trkpt>
      <trkpt lat="34.795780" lon="-117.082000">
        <extensions>
          <leadnav:type>Serpentine</leadnav:type>
        </extensions>
      </trkpt>
      <trkpt lat="34.796330" lon="-117.082111">
        <extensions>
          <leadnav:type>Serpentine</leadnav:type>
        </extensions>
      </trkpt>
      <trkpt lat="34.796562" lon="-117.082119">
        <extensions>
          <leadnav:type>Serpentine</leadnav:type>
        </extensions>
      </trkpt>
      <trkpt lat="34.797015" lon="-117.082062">
        <extensions>
          <leadnav:type>Serpentine</leadnav:type>
        </extensions>
      </trkpt>
      <trkpt lat="34.797418" lon="-117.081986">
        <extensions>
          <leadnav:type>Serpentine</leadnav:type>
        </extensions>
      </trkpt>
      <trkpt lat="34.798167" lon="-117.081792">
        <extensions>
          <leadnav:type>Serpentine</leadnav:type>
        </extensions>
      </trkpt>
      <trkpt lat="34.798410" lon="-117.081702">
        <extensions>
          <leadnav:type>Serpentine</leadnav:type>
        </extensions>
      </trkpt>
      <trkpt lat="34.798511" lon="-117.081678">
        <extensions>
          <leadnav:type>Serpentine</leadnav:type>
        </extensions>
      </trkpt>
      <trkpt lat="34.798614" lon="-117.081649">
        <extensions>
          <leadnav:type>Serpentine</leadnav:type>
        </extensions>
      </trkpt>
      <trkpt lat="34.799681" lon="-117.081189">
        <extensions>
          <leadnav:type>Serpentine</leadnav:type>
        </extensions>
      </trkpt>
      <trkpt lat="34.799826" lon="-117.081109">
        <extensions>
          <leadnav:type>Serpentine</leadnav:type>
        </extensions>
      </trkpt>
      <trkpt lat="34.800106" lon="-117.080916">
        <extensions>
          <leadnav:type>Serpentine</leadnav:type>
        </extensions>
      </trkpt>
      <trkpt lat="34.801152" lon="-117.080098">
        <extensions>
          <leadnav:type>Serpentine</leadnav:type>
        </extensions>
      </trkpt>
      <trkpt lat="34.801286" lon="-117.080019">
        <extensions>
          <leadnav:type>Serpentine</leadnav:type>
        </extensions>
      </trkpt>
      <trkpt lat="34.801771" lon="-117.079665">
        <extensions>
          <leadnav:type>Serpentine</leadnav:type>
        </extensions>
      </trkpt>
      <trkpt lat="34.802219" lon="-117.079307">
        <extensions>
          <leadnav:type>Serpentine</leadnav:type>
        </extensions>
      </trkpt>
      <trkpt lat="34.802312" lon="-117.079245">
        <extensions>
          <leadnav:type>Serpentine</leadnav:type>
        </extensions>
      </trkpt>
      <trkpt lat="34.802479" lon="-117.079145">
        <extensions>
          <leadnav:type>Serpentine</leadnav:type>
        </extensions>
      </trkpt>
      <trkpt lat="34.802787" lon="-117.078901">
        <extensions>
          <leadnav:type>Serpentine</leadnav:type>
        </extensions>
      </trkpt>
      <trkpt lat="34.803574" lon="-117.078184">
        <extensions>
          <leadnav:type>Serpentine</leadnav:type>
        </extensions>
      </trkpt>
      <trkpt lat="34.803874" lon="-117.077895">
        <extensions>
          <leadnav:type>Serpentine</leadnav:type>
        </extensions>
      </trkpt>
      <trkpt lat="34.804392" lon="-117.077468">
        <extensions>
          <leadnav:type>Serpentine</leadnav:type>
        </extensions>
      </trkpt>
      <trkpt lat="34.804457" lon="-117.077420">
        <extensions>
          <leadnav:type>Serpentine</leadnav:type>
        </extensions>
      </trkpt>
      <trkpt lat="34.804473" lon="-117.077375">
        <extensions>
          <leadnav:type>Serpentine</leadnav:type>
        </extensions>
      </trkpt>
      <trkpt lat="34.804479" lon="-117.077324">
        <extensions>
          <leadnav:type>Serpentine</leadnav:type>
        </extensions>
      </trkpt>
      <trkpt lat="34.804472" lon="-117.077261">
        <extensions>
          <leadnav:type>Serpentine</leadnav:type>
        </extensions>
      </trkpt>
      <trkpt lat="34.804327" lon="-117.076649">
        <extensions>
          <leadnav:type>Serpentine</leadnav:type>
        </extensions>
      </trkpt>
      <trkpt lat="34.804277" lon="-117.076484">
        <extensions>
          <leadnav:type>Serpentine</leadnav:type>
        </extensions>
      </trkpt>
      <trkpt lat="34.803766" lon="-117.075136">
        <extensions>
          <leadnav:type>Serpentine</leadnav:type>
        </extensions>
      </trkpt>
      <trkpt lat="34.803497" lon="-117.074296">
        <extensions>
          <leadnav:type>Serpentine</leadnav:type>
        </extensions>
      </trkpt>
      <trkpt lat="34.803266" lon="-117.073686">
        <extensions>
          <leadnav:type>Serpentine</leadnav:type>
        </extensions>
      </trkpt>
      <trkpt lat="34.803038" lon="-117.072991">
        <extensions>
          <leadnav:type>Serpentine</leadnav:type>
        </extensions>
      </trkpt>
      <trkpt lat="34.803007" lon="-117.072829">
        <extensions>
          <leadnav:type>Serpentine</leadnav:type>
        </extensions>
      </trkpt>
      <trkpt lat="34.802861" lon="-117.071955">
        <extensions>
          <leadnav:type>Serpentine</leadnav:type>
        </extensions>
      </trkpt>
      <trkpt lat="34.802812" lon="-117.071588">
        <extensions>
          <leadnav:type>Serpentine</leadnav:type>
        </extensions>
      </trkpt>
      <trkpt lat="34.802700" lon="-117.070411">
        <extensions>
          <leadnav:type>Serpentine</leadnav:type>
        </extensions>
      </trkpt>
      <trkpt lat="34.802676" lon="-117.070261">
        <extensions>
          <leadnav:type>Serpentine</leadnav:type>
        </extensions>
      </trkpt>
      <trkpt lat="34.802616" lon="-117.069985">
        <extensions>
          <leadnav:type>Serpentine</leadnav:type>
        </extensions>
      </trkpt>
      <trkpt lat="34.802413" lon="-117.069307">
        <extensions>
          <leadnav:type>Serpentine</leadnav:type>
        </extensions>
      </trkpt>
      <trkpt lat="34.802395" lon="-117.069211">
        <extensions>
          <leadnav:type>Serpentine</leadnav:type>
        </extensions>
      </trkpt>
      <trkpt lat="34.802386" lon="-117.069114">
        <extensions>
          <leadnav:type>Serpentine</leadnav:type>
        </extensions>
      </trkpt>
      <trkpt lat="34.802380" lon="-117.068906">
        <extensions>
          <leadnav:type>Serpentine</leadnav:type>
        </extensions>
      </trkpt>
      <trkpt lat="34.802525" lon="-117.066338">
        <extensions>
          <leadnav:type>Serpentine</leadnav:type>
        </extensions>
      </trkpt>
      <trkpt lat="34.802657" lon="-117.065022">
        <extensions>
          <leadnav:type>Serpentine</leadnav:type>
        </extensions>
      </trkpt>
      <trkpt lat="34.802692" lon="-117.064833">
        <extensions>
          <leadnav:type>Serpentine</leadnav:type>
        </extensions>
      </trkpt>
      <trkpt lat="34.802747" lon="-117.064650">
        <extensions>
          <leadnav:type>Serpentine</leadnav:type>
        </extensions>
      </trkpt>
      <trkpt lat="34.802821" lon="-117.064467">
        <extensions>
          <leadnav:type>Serpentine</leadnav:type>
        </extensions>
      </trkpt>
      <trkpt lat="34.802986" lon="-117.064110">
        <extensions>
          <leadnav:type>Serpentine</leadnav:type>
        </extensions>
      </trkpt>
      <trkpt lat="34.803056" lon="-117.063934">
        <extensions>
          <leadnav:type>Serpentine</leadnav:type>
        </extensions>
      </trkpt>
      <trkpt lat="34.803106" lon="-117.063755">
        <extensions>
          <leadnav:type>Serpentine</leadnav:type>
        </extensions>
      </trkpt>
      <trkpt lat="34.803130" lon="-117.063574">
        <extensions>
          <leadnav:type>Serpentine</leadnav:type>
        </extensions>
      </trkpt>
      <trkpt lat="34.803133" lon="-117.063180">
        <extensions>
          <leadnav:type>Serpentine</leadnav:type>
        </extensions>
      </trkpt>
      <trkpt lat="34.803148" lon="-117.062971">
        <extensions>
          <leadnav:type>Serpentine</leadnav:type>
        </extensions>
      </trkpt>
      <trkpt lat="34.803183" lon="-117.062760">
        <extensions>
          <leadnav:type>Serpentine</leadnav:type>
        </extensions>
      </trkpt>
      <trkpt lat="34.803312" lon="-117.062347">
        <extensions>
          <leadnav:type>Serpentine</leadnav:type>
        </extensions>
      </trkpt>
      <trkpt lat="34.803404" lon="-117.062164">
        <extensions>
          <leadnav:type>Serpentine</leadnav:type>
        </extensions>
      </trkpt>
      <trkpt lat="34.803519" lon="-117.062007">
        <extensions>
          <leadnav:type>Serpentine</leadnav:type>
        </extensions>
      </trkpt>
      <trkpt lat="34.803647" lon="-117.061871">
        <extensions>
          <leadnav:type>Serpentine</leadnav:type>
        </extensions>
      </trkpt>
      <trkpt lat="34.803782" lon="-117.061745">
        <extensions>
          <leadnav:type>Serpentine</leadnav:type>
        </extensions>
      </trkpt>
      <trkpt lat="34.803909" lon="-117.061613">
        <extensions>
          <leadnav:type>Serpentine</leadnav:type>
        </extensions>
      </trkpt>
      <trkpt lat="34.804019" lon="-117.061467">
        <extensions>
          <leadnav:type>Serpentine</leadnav:type>
        </extensions>
      </trkpt>
      <trkpt lat="34.804117" lon="-117.061310">
        <extensions>
          <leadnav:type>Serpentine</leadnav:type>
        </extensions>
      </trkpt>
      <trkpt lat="34.804178" lon="-117.061174">
        <extensions>
          <leadnav:type>Serpentine</leadnav:type>
        </extensions>
      </trkpt>
      <trkpt lat="34.804189" lon="-117.061064">
        <extensions>
          <leadnav:type>Serpentine</leadnav:type>
        </extensions>
      </trkpt>
      <trkpt lat="34.804171" lon="-117.060978">
        <extensions>
          <leadnav:type>Serpentine</leadnav:type>
        </extensions>
      </trkpt>
      <trkpt lat="34.804144" lon="-117.060881">
        <extensions>
          <leadnav:type>Serpentine</leadnav:type>
        </extensions>
      </trkpt>
      <trkpt lat="34.804119" lon="-117.060775">
        <extensions>
          <leadnav:type>Serpentine</leadnav:type>
        </extensions>
      </trkpt>
      <trkpt lat="34.804106" lon="-117.060712">
        <extensions>
          <leadnav:type>Serpentine</leadnav:type>
        </extensions>
      </trkpt>
      <trkpt lat="34.804059" lon="-117.060640">
        <extensions>
          <leadnav:type>Serpentine</leadnav:type>
        </extensions>
      </trkpt>
      <trkpt lat="34.804001" lon="-117.060563">
        <extensions>
          <leadnav:type>Serpentine</leadnav:type>
        </extensions>
      </trkpt>
      <trkpt lat="34.803925" lon="-117.060494">
        <extensions>
          <leadnav:type>Serpentine</leadnav:type>
        </extensions>
      </trkpt>
      <trkpt lat="34.803579" lon="-117.060275">
        <extensions>
          <leadnav:type>Serpentine</leadnav:type>
        </extensions>
      </trkpt>
      <trkpt lat="34.803504" lon="-117.060208">
        <extensions>
          <leadnav:type>Serpentine</leadnav:type>
        </extensions>
      </trkpt>
      <trkpt lat="34.803005" lon="-117.059691">
        <extensions>
          <leadnav:type>Serpentine</leadnav:type>
        </extensions>
      </trkpt>
      <trkpt lat="34.802731" lon="-117.059425">
        <extensions>
          <leadnav:type>Serpentine</leadnav:type>
        </extensions>
      </trkpt>
      <trkpt lat="34.802183" lon="-117.059035">
        <extensions>
          <leadnav:type>Serpentine</leadnav:type>
        </extensions>
      </trkpt>
      <trkpt lat="34.802082" lon="-117.058949">
        <extensions>
          <leadnav:type>Serpentine</leadnav:type>
        </extensions>
      </trkpt>
      <trkpt lat="34.801982" lon="-117.058852">
        <extensions>
          <leadnav:type>Serpentine</leadnav:type>
        </extensions>
      </trkpt>
      <trkpt lat="34.801764" lon="-117.058624">
        <extensions>
          <leadnav:type>Serpentine</leadnav:type>
        </extensions>
      </trkpt>
      <trkpt lat="34.801715" lon="-117.058578">
        <extensions>
          <leadnav:type>Serpentine</leadnav:type>
        </extensions>
      </trkpt>
      <trkpt lat="34.801634" lon="-117.058495">
        <extensions>
          <leadnav:type>Serpentine</leadnav:type>
        </extensions>
      </trkpt>
      <trkpt lat="34.801465" lon="-117.058298">
        <extensions>
          <leadnav:type>Serpentine</leadnav:type>
        </extensions>
      </trkpt>
      <trkpt lat="34.801365" lon="-117.058158">
        <extensions>
          <leadnav:type>Serpentine</leadnav:type>
        </extensions>
      </trkpt>
      <trkpt lat="34.801316" lon="-117.058080">
        <extensions>
          <leadnav:type>Serpentine</leadnav:type>
        </extensions>
      </trkpt>
      <trkpt lat="34.801101" lon="-117.057706">
        <extensions>
          <leadnav:type>Serpentine</leadnav:type>
        </extensions>
      </trkpt>
      <trkpt lat="34.800954" lon="-117.057421">
        <extensions>
          <leadnav:type>Serpentine</leadnav:type>
        </extensions>
      </trkpt>
      <trkpt lat="34.800894" lon="-117.057315">
        <extensions>
          <leadnav:type>Serpentine</leadnav:type>
        </extensions>
      </trkpt>
      <trkpt lat="34.800627" lon="-117.056906">
        <extensions>
          <leadnav:type>Serpentine</leadnav:type>
        </extensions>
      </trkpt>
      <trkpt lat="34.800448" lon="-117.056617">
        <extensions>
          <leadnav:type>Serpentine</leadnav:type>
        </extensions>
      </trkpt>
      <trkpt lat="34.800287" lon="-117.056321">
        <extensions>
          <leadnav:type>Serpentine</leadnav:type>
        </extensions>
      </trkpt>
      <trkpt lat="34.800266" lon="-117.056265">
        <extensions>
          <leadnav:type>Serpentine</leadnav:type>
        </extensions>
      </trkpt>
      <trkpt lat="34.800260" lon="-117.056210">
        <extensions>
          <leadnav:type>Serpentine</leadnav:type>
        </extensions>
      </trkpt>
      <trkpt lat="34.800256" lon="-117.056135">
        <extensions>
          <leadnav:type>Serpentine</leadnav:type>
        </extensions>
      </trkpt>
      <trkpt lat="34.800251" lon="-117.056058">
        <extensions>
          <leadnav:type>Serpentine</leadnav:type>
        </extensions>
      </trkpt>
      <trkpt lat="34.800244" lon="-117.055915">
        <extensions>
          <leadnav:type>Serpentine</leadnav:type>
        </extensions>
      </trkpt>
      <trkpt lat="34.800231" lon="-117.055827">
        <extensions>
          <leadnav:type>Serpentine</leadnav:type>
        </extensions>
      </trkpt>
      <trkpt lat="34.800090" lon="-117.055330">
        <extensions>
          <leadnav:type>Serpentine</leadnav:type>
        </extensions>
      </trkpt>
      <trkpt lat="34.799962" lon="-117.054808">
        <extensions>
          <leadnav:type>Serpentine</leadnav:type>
        </extensions>
      </trkpt>
      <trkpt lat="34.799919" lon="-117.054684">
        <extensions>
          <leadnav:type>Serpentine</leadnav:type>
        </extensions>
      </trkpt>
      <trkpt lat="34.799883" lon="-117.054567">
        <extensions>
          <leadnav:type>Serpentine</leadnav:type>
        </extensions>
      </trkpt>
      <trkpt lat="34.799836" lon="-117.054445">
        <extensions>
          <leadnav:type>Serpentine</leadnav:type>
        </extensions>
      </trkpt>
      <trkpt lat="34.799673" lon="-117.054123">
        <extensions>
          <leadnav:type>Serpentine</leadnav:type>
        </extensions>
      </trkpt>
      <trkpt lat="34.799580" lon="-117.053977">
        <extensions>
          <leadnav:type>Serpentine</leadnav:type>
        </extensions>
      </trkpt>
      <trkpt lat="34.799506" lon="-117.053893">
        <extensions>
          <leadnav:type>Serpentine</leadnav:type>
        </extensions>
      </trkpt>
      <trkpt lat="34.799481" lon="-117.053870">
        <extensions>
          <leadnav:type>Serpentine</leadnav:type>
        </extensions>
      </trkpt>
      <trkpt lat="34.799442" lon="-117.053830">
        <extensions>
          <leadnav:type>Serpentine</leadnav:type>
        </extensions>
      </trkpt>
      <trkpt lat="34.799405" lon="-117.053787">
        <extensions>
          <leadnav:type>Serpentine</leadnav:type>
        </extensions>
      </trkpt>
      <trkpt lat="34.799387" lon="-117.053763">
        <extensions>
          <leadnav:type>Serpentine</leadnav:type>
        </extensions>
      </trkpt>
      <trkpt lat="34.799365" lon="-117.053736">
        <extensions>
          <leadnav:type>Serpentine</leadnav:type>
        </extensions>
      </trkpt>
      <trkpt lat="34.799342" lon="-117.053697">
        <extensions>
          <leadnav:type>Serpentine</leadnav:type>
        </extensions>
      </trkpt>
      <trkpt lat="34.799226" lon="-117.053616">
        <extensions>
          <leadnav:type>Serpentine</leadnav:type>
        </extensions>
      </trkpt>
      <trkpt lat="34.799130" lon="-117.053554">
        <extensions>
          <leadnav:type>Serpentine</leadnav:type>
        </extensions>
      </trkpt>
      <trkpt lat="34.799032" lon="-117.053510">
        <extensions>
          <leadnav:type>Serpentine</leadnav:type>
        </extensions>
      </trkpt>
      <trkpt lat="34.798938" lon="-117.053478">
        <extensions>
          <leadnav:type>Serpentine</leadnav:type>
        </extensions>
      </trkpt>
      <trkpt lat="34.798788" lon="-117.053459">
        <extensions>
          <leadnav:type>Serpentine</leadnav:type>
        </extensions>
      </trkpt>
      <trkpt lat="34.798688" lon="-117.053410">
        <extensions>
          <leadnav:type>Serpentine</leadnav:type>
        </extensions>
      </trkpt>
      <trkpt lat="34.798538" lon="-117.053349">
        <extensions>
          <leadnav:type>Serpentine</leadnav:type>
        </extensions>
      </trkpt>
      <trkpt lat="34.798413" lon="-117.053328">
        <extensions>
          <leadnav:type>Serpentine</leadnav:type>
        </extensions>
      </trkpt>
      <trkpt lat="34.798270" lon="-117.053365">
        <extensions>
          <leadnav:type>Serpentine</leadnav:type>
        </extensions>
      </trkpt>
      <trkpt lat="34.798074" lon="-117.053410">
        <extensions>
          <leadnav:type>Serpentine</leadnav:type>
        </extensions>
      </trkpt>
      <trkpt lat="34.797917" lon="-117.053489">
        <extensions>
          <leadnav:type>Serpentine</leadnav:type>
        </extensions>
      </trkpt>
      <trkpt lat="34.797829" lon="-117.053585">
        <extensions>
          <leadnav:type>Serpentine</leadnav:type>
        </extensions>
      </trkpt>
      <trkpt lat="34.797763" lon="-117.053662">
        <extensions>
          <leadnav:type>Serpentine</leadnav:type>
        </extensions>
      </trkpt>
      <trkpt lat="34.797654" lon="-117.053718">
        <extensions>
          <leadnav:type>Serpentine</leadnav:type>
        </extensions>
      </trkpt>
      <trkpt lat="34.797541" lon="-117.053718">
        <extensions>
          <leadnav:type>Serpentine</leadnav:type>
        </extensions>
      </trkpt>
      <trkpt lat="34.797368" lon="-117.053637">
        <extensions>
          <leadnav:type>Serpentine</leadnav:type>
        </extensions>
      </trkpt>
      <trkpt lat="34.797167" lon="-117.053345">
        <extensions>
          <leadnav:type>Serpentine</leadnav:type>
        </extensions>
      </trkpt>
      <trkpt lat="34.797014" lon="-117.053029">
        <extensions>
          <leadnav:type>Serpentine</leadnav:type>
        </extensions>
      </trkpt>
      <trkpt lat="34.796959" lon="-117.052962">
        <extensions>
          <leadnav:type>Serpentine</leadnav:type>
        </extensions>
      </trkpt>
      <trkpt lat="34.796891" lon="-117.052909">
        <extensions>
          <leadnav:type>Serpentine</leadnav:type>
        </extensions>
      </trkpt>
      <trkpt lat="34.796816" lon="-117.052867">
        <extensions>
          <leadnav:type>Serpentine</leadnav:type>
        </extensions>
      </trkpt>
      <trkpt lat="34.796745" lon="-117.052830">
        <extensions>
          <leadnav:type>Serpentine</leadnav:type>
        </extensions>
      </trkpt>
      <trkpt lat="34.796684" lon="-117.052785">
        <extensions>
          <leadnav:type>Serpentine</leadnav:type>
        </extensions>
      </trkpt>
      <trkpt lat="34.796635" lon="-117.052716">
        <extensions>
          <leadnav:type>Serpentine</leadnav:type>
        </extensions>
      </trkpt>
      <trkpt lat="34.796602" lon="-117.052621">
        <extensions>
          <leadnav:type>Serpentine</leadnav:type>
        </extensions>
      </trkpt>
      <trkpt lat="34.796525" lon="-117.052196">
        <extensions>
          <leadnav:type>Serpentine</leadnav:type>
        </extensions>
      </trkpt>
      <trkpt lat="34.796487" lon="-117.052104">
        <extensions>
          <leadnav:type>Serpentine</leadnav:type>
        </extensions>
      </trkpt>
      <trkpt lat="34.796433" lon="-117.052014">
        <extensions>
          <leadnav:type>Serpentine</leadnav:type>
        </extensions>
      </trkpt>
      <trkpt lat="34.796367" lon="-117.051938">
        <extensions>
          <leadnav:type>Serpentine</leadnav:type>
        </extensions>
      </trkpt>
      <trkpt lat="34.796203" lon="-117.051759">
        <extensions>
          <leadnav:type>Serpentine</leadnav:type>
        </extensions>
      </trkpt>
      <trkpt lat="34.796136" lon="-117.051718">
        <extensions>
          <leadnav:type>Serpentine</leadnav:type>
        </extensions>
      </trkpt>
      <trkpt lat="34.796051" lon="-117.051687">
        <extensions>
          <leadnav:type>Serpentine</leadnav:type>
        </extensions>
      </trkpt>
      <trkpt lat="34.795960" lon="-117.051659">
        <extensions>
          <leadnav:type>Serpentine</leadnav:type>
        </extensions>
      </trkpt>
      <trkpt lat="34.795880" lon="-117.051625">
        <extensions>
          <leadnav:type>Serpentine</leadnav:type>
        </extensions>
      </trkpt>
      <trkpt lat="34.795815" lon="-117.051579">
        <extensions>
          <leadnav:type>Serpentine</leadnav:type>
        </extensions>
      </trkpt>
      <trkpt lat="34.795764" lon="-117.051524">
        <extensions>
          <leadnav:type>Serpentine</leadnav:type>
        </extensions>
      </trkpt>
      <trkpt lat="34.795728" lon="-117.051449">
        <extensions>
          <leadnav:type>Serpentine</leadnav:type>
        </extensions>
      </trkpt>
      <trkpt lat="34.795693" lon="-117.051142">
        <extensions>
          <leadnav:type>Serpentine</leadnav:type>
        </extensions>
      </trkpt>
      <trkpt lat="34.795686" lon="-117.051032">
        <extensions>
          <leadnav:type>Serpentine</leadnav:type>
        </extensions>
      </trkpt>
      <trkpt lat="34.795682" lon="-117.050794">
        <extensions>
          <leadnav:type>Serpentine</leadnav:type>
        </extensions>
      </trkpt>
      <trkpt lat="34.795667" lon="-117.050687">
        <extensions>
          <leadnav:type>Serpentine</leadnav:type>
        </extensions>
      </trkpt>
      <trkpt lat="34.795636" lon="-117.050590">
        <extensions>
          <leadnav:type>Serpentine</leadnav:type>
        </extensions>
      </trkpt>
      <trkpt lat="34.795561" lon="-117.050389">
        <extensions>
          <leadnav:type>Serpentine</leadnav:type>
        </extensions>
      </trkpt>
      <trkpt lat="34.795512" lon="-117.050286">
        <extensions>
          <leadnav:type>Serpentine</leadnav:type>
        </extensions>
      </trkpt>
      <trkpt lat="34.795353" lon="-117.050053">
        <extensions>
          <leadnav:type>Serpentine</leadnav:type>
        </extensions>
      </trkpt>
      <trkpt lat="34.795307" lon="-117.049999">
        <extensions>
          <leadnav:type>Serpentine</leadnav:type>
        </extensions>
      </trkpt>
      <trkpt lat="34.795093" lon="-117.049690">
        <extensions>
          <leadnav:type>Serpentine</leadnav:type>
        </extensions>
      </trkpt>
      <trkpt lat="34.795034" lon="-117.049601">
        <extensions>
          <leadnav:type>Serpentine</leadnav:type>
        </extensions>
      </trkpt>
      <trkpt lat="34.794943" lon="-117.049434">
        <extensions>
          <leadnav:type>Serpentine</leadnav:type>
        </extensions>
      </trkpt>
      <trkpt lat="34.794861" lon="-117.049265">
        <extensions>
          <leadnav:type>Serpentine</leadnav:type>
        </extensions>
      </trkpt>
      <trkpt lat="34.794652" lon="-117.048921">
        <extensions>
          <leadnav:type>Serpentine</leadnav:type>
        </extensions>
      </trkpt>
      <trkpt lat="34.794562" lon="-117.048799">
        <extensions>
          <leadnav:type>Serpentine</leadnav:type>
        </extensions>
      </trkpt>
      <trkpt lat="34.794527" lon="-117.048720">
        <extensions>
          <leadnav:type>Serpentine</leadnav:type>
        </extensions>
      </trkpt>
      <trkpt lat="34.794512" lon="-117.048631">
        <extensions>
          <leadnav:type>Serpentine</leadnav:type>
        </extensions>
      </trkpt>
      <trkpt lat="34.794506" lon="-117.048437">
        <extensions>
          <leadnav:type>Serpentine</leadnav:type>
        </extensions>
      </trkpt>
      <trkpt lat="34.794496" lon="-117.048343">
        <extensions>
          <leadnav:type>Serpentine</leadnav:type>
        </extensions>
      </trkpt>
      <trkpt lat="34.794472" lon="-117.048261">
        <extensions>
          <leadnav:type>Serpentine</leadnav:type>
        </extensions>
      </trkpt>
      <trkpt lat="34.794411" lon="-117.048140">
        <extensions>
          <leadnav:type>Serpentine</leadnav:type>
        </extensions>
      </trkpt>
      <trkpt lat="34.794364" lon="-117.048041">
        <extensions>
          <leadnav:type>Serpentine</leadnav:type>
        </extensions>
      </trkpt>
      <trkpt lat="34.794334" lon="-117.047996">
        <extensions>
          <leadnav:type>Serpentine</leadnav:type>
        </extensions>
      </trkpt>
      <trkpt lat="34.794311" lon="-117.047941">
        <extensions>
          <leadnav:type>Serpentine</leadnav:type>
        </extensions>
      </trkpt>
      <trkpt lat="34.794293" lon="-117.047881">
        <extensions>
          <leadnav:type>Serpentine</leadnav:type>
        </extensions>
      </trkpt>
      <trkpt lat="34.794271" lon="-117.047819">
        <extensions>
          <leadnav:type>Serpentine</leadnav:type>
        </extensions>
      </trkpt>
      <trkpt lat="34.794242" lon="-117.047764">
        <extensions>
          <leadnav:type>Serpentine</leadnav:type>
        </extensions>
      </trkpt>
      <trkpt lat="34.794147" lon="-117.047607">
        <extensions>
          <leadnav:type>Serpentine</leadnav:type>
        </extensions>
      </trkpt>
      <trkpt lat="34.794076" lon="-117.047541">
        <extensions>
          <leadnav:type>Serpentine</leadnav:type>
        </extensions>
      </trkpt>
      <trkpt lat="34.794034" lon="-117.047526">
        <extensions>
          <leadnav:type>Serpentine</leadnav:type>
        </extensions>
      </trkpt>
      <trkpt lat="34.793908" lon="-117.047504">
        <extensions>
          <leadnav:type>Serpentine</leadnav:type>
        </extensions>
      </trkpt>
      <trkpt lat="34.793836" lon="-117.047482">
        <extensions>
          <leadnav:type>Serpentine</leadnav:type>
        </extensions>
      </trkpt>
      <trkpt lat="34.793763" lon="-117.047443">
        <extensions>
          <leadnav:type>Serpentine</leadnav:type>
        </extensions>
      </trkpt>
      <trkpt lat="34.793688" lon="-117.047395">
        <extensions>
          <leadnav:type>Serpentine</leadnav:type>
        </extensions>
      </trkpt>
      <trkpt lat="34.793534" lon="-117.047305">
        <extensions>
          <leadnav:type>Serpentine</leadnav:type>
        </extensions>
      </trkpt>
      <trkpt lat="34.793464" lon="-117.047274">
        <extensions>
          <leadnav:type>Serpentine</leadnav:type>
        </extensions>
      </trkpt>
      <trkpt lat="34.793264" lon="-117.047200">
        <extensions>
          <leadnav:type>Serpentine</leadnav:type>
        </extensions>
      </trkpt>
      <trkpt lat="34.793192" lon="-117.047191">
        <extensions>
          <leadnav:type>Serpentine</leadnav:type>
        </extensions>
      </trkpt>
      <trkpt lat="34.793116" lon="-117.047210">
        <extensions>
          <leadnav:type>Serpentine</leadnav:type>
        </extensions>
      </trkpt>
      <trkpt lat="34.793032" lon="-117.047249">
        <extensions>
          <leadnav:type>Serpentine</leadnav:type>
        </extensions>
      </trkpt>
      <trkpt lat="34.792847" lon="-117.047363">
        <extensions>
          <leadnav:type>Serpentine</leadnav:type>
        </extensions>
      </trkpt>
      <trkpt lat="34.792024" lon="-117.047992">
        <extensions>
          <leadnav:type>Serpentine</leadnav:type>
        </extensions>
      </trkpt>
      <trkpt lat="34.791883" lon="-117.048077">
        <extensions>
          <leadnav:type>Serpentine</leadnav:type>
        </extensions>
      </trkpt>
      <trkpt lat="34.790350" lon="-117.048861">
        <extensions>
          <leadnav:type>Serpentine</leadnav:type>
        </extensions>
      </trkpt>
      <trkpt lat="34.790217" lon="-117.048918">
        <extensions>
          <leadnav:type>Serpentine</leadnav:type>
        </extensions>
      </trkpt>
      <trkpt lat="34.790089" lon="-117.048959">
        <extensions>
          <leadnav:type>Serpentine</leadnav:type>
        </extensions>
      </trkpt>
      <trkpt lat="34.789957" lon="-117.048984">
        <extensions>
          <leadnav:type>Serpentine</leadnav:type>
        </extensions>
      </trkpt>
      <trkpt lat="34.789584" lon="-117.049025">
        <extensions>
          <leadnav:type>Serpentine</leadnav:type>
        </extensions>
      </trkpt>
      <trkpt lat="34.789477" lon="-117.049050">
        <extensions>
          <leadnav:type>Serpentine</leadnav:type>
        </extensions>
      </trkpt>
      <trkpt lat="34.789375" lon="-117.049089">
        <extensions>
          <leadnav:type>Serpentine</leadnav:type>
        </extensions>
      </trkpt>
      <trkpt lat="34.789273" lon="-117.049138">
        <extensions>
          <leadnav:type>Serpentine</leadnav:type>
        </extensions>
      </trkpt>
      <trkpt lat="34.788774" lon="-117.049417">
        <extensions>
          <leadnav:type>Serpentine</leadnav:type>
        </extensions>
      </trkpt>
      <trkpt lat="34.788689" lon="-117.049474">
        <extensions>
          <leadnav:type>Serpentine</leadnav:type>
        </extensions>
      </trkpt>
      <trkpt lat="34.788619" lon="-117.049552">
        <extensions>
          <leadnav:type>Serpentine</leadnav:type>
        </extensions>
      </trkpt>
      <trkpt lat="34.788481" lon="-117.049760">
        <extensions>
          <leadnav:type>Serpentine</leadnav:type>
        </extensions>
      </trkpt>
      <trkpt lat="34.788405" lon="-117.049854">
        <extensions>
          <leadnav:type>Serpentine</leadnav:type>
        </extensions>
      </trkpt>
      <trkpt lat="34.788317" lon="-117.049932">
        <extensions>
          <leadnav:type>Serpentine</leadnav:type>
        </extensions>
      </trkpt>
      <trkpt lat="34.787044" lon="-117.050778">
        <extensions>
          <leadnav:type>Serpentine</leadnav:type>
        </extensions>
      </trkpt>
      <trkpt lat="34.786816" lon="-117.050910">
        <extensions>
          <leadnav:type>Serpentine</leadnav:type>
        </extensions>
      </trkpt>
      <trkpt lat="34.786707" lon="-117.050985">
        <extensions>
          <leadnav:type>Serpentine</leadnav:type>
        </extensions>
      </trkpt>
      <trkpt lat="34.786610" lon="-117.051074">
        <extensions>
          <leadnav:type>Serpentine</leadnav:type>
        </extensions>
      </trkpt>
      <trkpt lat="34.786520" lon="-117.051183">
        <extensions>
          <leadnav:type>Serpentine</leadnav:type>
        </extensions>
      </trkpt>
      <trkpt lat="34.786443" lon="-117.051311">
        <extensions>
          <leadnav:type>Serpentine</leadnav:type>
        </extensions>
      </trkpt>
      <trkpt lat="34.786331" lon="-117.051562">
        <extensions>
          <leadnav:type>Serpentine</leadnav:type>
        </extensions>
      </trkpt>
      <trkpt lat="34.786262" lon="-117.051661">
        <extensions>
          <leadnav:type>Serpentine</leadnav:type>
        </extensions>
      </trkpt>
      <trkpt lat="34.786182" lon="-117.051740">
        <extensions>
          <leadnav:type>Serpentine</leadnav:type>
        </extensions>
      </trkpt>
      <trkpt lat="34.786113" lon="-117.051819">
        <extensions>
          <leadnav:type>Serpentine</leadnav:type>
        </extensions>
      </trkpt>
      <trkpt lat="34.786056" lon="-117.051915">
        <extensions>
          <leadnav:type>Serpentine</leadnav:type>
        </extensions>
      </trkpt>
      <trkpt lat="34.785880" lon="-117.052284">
        <extensions>
          <leadnav:type>Serpentine</leadnav:type>
        </extensions>
      </trkpt>
      <trkpt lat="34.785845" lon="-117.052344">
        <extensions>
          <leadnav:type>Serpentine</leadnav:type>
        </extensions>
      </trkpt>
      <trkpt lat="34.785822" lon="-117.052403">
        <extensions>
          <leadnav:type>Serpentine</leadnav:type>
        </extensions>
      </trkpt>
      <trkpt lat="34.785803" lon="-117.052465">
        <extensions>
          <leadnav:type>Serpentine</leadnav:type>
        </extensions>
      </trkpt>
      <trkpt lat="34.785771" lon="-117.052527">
        <extensions>
          <leadnav:type>Serpentine</leadnav:type>
        </extensions>
      </trkpt>
      <trkpt lat="34.785725" lon="-117.052575">
        <extensions>
          <leadnav:type>Serpentine</leadnav:type>
        </extensions>
      </trkpt>
      <trkpt lat="34.785670" lon="-117.052602">
        <extensions>
          <leadnav:type>Serpentine</leadnav:type>
        </extensions>
      </trkpt>
      <trkpt lat="34.785559" lon="-117.052674">
        <extensions>
          <leadnav:type>Serpentine</leadnav:type>
        </extensions>
      </trkpt>
      <trkpt lat="34.785500" lon="-117.052701">
        <extensions>
          <leadnav:type>Serpentine</leadnav:type>
        </extensions>
      </trkpt>
      <trkpt lat="34.785445" lon="-117.052729">
        <extensions>
          <leadnav:type>Serpentine</leadnav:type>
        </extensions>
      </trkpt>
      <trkpt lat="34.785396" lon="-117.052767">
        <extensions>
          <leadnav:type>Serpentine</leadnav:type>
        </extensions>
      </trkpt>
      <trkpt lat="34.785363" lon="-117.052806">
        <extensions>
          <leadnav:type>Serpentine</leadnav:type>
        </extensions>
      </trkpt>
      <trkpt lat="34.785339" lon="-117.052836">
        <extensions>
          <leadnav:type>Serpentine</leadnav:type>
        </extensions>
      </trkpt>
      <trkpt lat="34.785320" lon="-117.052866">
        <extensions>
          <leadnav:type>Serpentine</leadnav:type>
        </extensions>
      </trkpt>
      <trkpt lat="34.785258" lon="-117.052945">
        <extensions>
          <leadnav:type>Serpentine</leadnav:type>
        </extensions>
      </trkpt>
      <trkpt lat="34.785204" lon="-117.052971">
        <extensions>
          <leadnav:type>Serpentine</leadnav:type>
        </extensions>
      </trkpt>
      <trkpt lat="34.785099" lon="-117.052979">
        <extensions>
          <leadnav:type>Serpentine</leadnav:type>
        </extensions>
      </trkpt>
      <trkpt lat="34.785042" lon="-117.053025">
        <extensions>
          <leadnav:type>Serpentine</leadnav:type>
        </extensions>
      </trkpt>
      <trkpt lat="34.785022" lon="-117.053111">
        <extensions>
          <leadnav:type>Serpentine</leadnav:type>
        </extensions>
      </trkpt>
      <trkpt lat="34.785017" lon="-117.053202">
        <extensions>
          <leadnav:type>Serpentine</leadnav:type>
        </extensions>
      </trkpt>
      <trkpt lat="34.785021" lon="-117.053284">
        <extensions>
          <leadnav:type>Serpentine</leadnav:type>
        </extensions>
      </trkpt>
      <trkpt lat="34.785028" lon="-117.053399">
        <extensions>
          <leadnav:type>Serpentine</leadnav:type>
        </extensions>
      </trkpt>
      <trkpt lat="34.785040" lon="-117.053499">
        <extensions>
          <leadnav:type>Serpentine</leadnav:type>
        </extensions>
      </trkpt>
      <trkpt lat="34.785055" lon="-117.053730">
        <extensions>
          <leadnav:type>Serpentine</leadnav:type>
        </extensions>
      </trkpt>
      <trkpt lat="34.785046" lon="-117.053793">
        <extensions>
          <leadnav:type>Serpentine</leadnav:type>
        </extensions>
      </trkpt>
      <trkpt lat="34.785020" lon="-117.053855">
        <extensions>
          <leadnav:type>Serpentine</leadnav:type>
        </extensions>
      </trkpt>
      <trkpt lat="34.784980" lon="-117.053908">
        <extensions>
          <leadnav:type>Serpentine</leadnav:type>
        </extensions>
      </trkpt>
      <trkpt lat="34.784923" lon="-117.053938">
        <extensions>
          <leadnav:type>Serpentine</leadnav:type>
        </extensions>
      </trkpt>
      <trkpt lat="34.784858" lon="-117.053961">
        <extensions>
          <leadnav:type>Serpentine</leadnav:type>
        </extensions>
      </trkpt>
      <trkpt lat="34.784793" lon="-117.053999">
        <extensions>
          <leadnav:type>Serpentine</leadnav:type>
        </extensions>
      </trkpt>
      <trkpt lat="34.784733" lon="-117.054063">
        <extensions>
          <leadnav:type>Serpentine</leadnav:type>
        </extensions>
      </trkpt>
      <trkpt lat="34.784685" lon="-117.054153">
        <extensions>
          <leadnav:type>Serpentine</leadnav:type>
        </extensions>
      </trkpt>
      <trkpt lat="34.784655" lon="-117.054253">
        <extensions>
          <leadnav:type>Serpentine</leadnav:type>
        </extensions>
      </trkpt>
      <trkpt lat="34.784567" lon="-117.054381">
        <extensions>
          <leadnav:type>Serpentine</leadnav:type>
        </extensions>
      </trkpt>
      <trkpt lat="34.784527" lon="-117.054446">
        <extensions>
          <leadnav:type>Serpentine</leadnav:type>
        </extensions>
      </trkpt>
      <trkpt lat="34.784472" lon="-117.054514">
        <extensions>
          <leadnav:type>Serpentine</leadnav:type>
        </extensions>
      </trkpt>
      <trkpt lat="34.784430" lon="-117.054569">
        <extensions>
          <leadnav:type>Serpentine</leadnav:type>
        </extensions>
      </trkpt>
      <trkpt lat="34.784372" lon="-117.054596">
        <extensions>
          <leadnav:type>Serpentine</leadnav:type>
        </extensions>
      </trkpt>
      <trkpt lat="34.784264" lon="-117.054612">
        <extensions>
          <leadnav:type>Serpentine</leadnav:type>
        </extensions>
      </trkpt>
      <trkpt lat="34.784050" lon="-117.054542">
        <extensions>
          <leadnav:type>Serpentine</leadnav:type>
        </extensions>
      </trkpt>
      <trkpt lat="34.783966" lon="-117.054519">
        <extensions>
          <leadnav:type>Serpentine</leadnav:type>
        </extensions>
      </trkpt>
      <trkpt lat="34.783650" lon="-117.054464">
        <extensions>
          <leadnav:type>Serpentine</leadnav:type>
        </extensions>
      </trkpt>
      <trkpt lat="34.783528" lon="-117.054453">
        <extensions>
          <leadnav:type>Serpentine</leadnav:type>
        </extensions>
      </trkpt>
      <trkpt lat="34.783404" lon="-117.054451">
        <extensions>
          <leadnav:type>Serpentine</leadnav:type>
        </extensions>
      </trkpt>
      <trkpt lat="34.783288" lon="-117.054456">
        <extensions>
          <leadnav:type>Serpentine</leadnav:type>
        </extensions>
      </trkpt>
      <trkpt lat="34.783177" lon="-117.054474">
        <extensions>
          <leadnav:type>Serpentine</leadnav:type>
        </extensions>
      </trkpt>
      <trkpt lat="34.783067" lon="-117.054510">
        <extensions>
          <leadnav:type>Serpentine</leadnav:type>
        </extensions>
      </trkpt>
      <trkpt lat="34.782859" lon="-117.054594">
        <extensions>
          <leadnav:type>Serpentine</leadnav:type>
        </extensions>
      </trkpt>
      <trkpt lat="34.782777" lon="-117.054621">
        <extensions>
          <leadnav:type>Serpentine</leadnav:type>
        </extensions>
      </trkpt>
      <trkpt lat="34.782707" lon="-117.054638">
        <extensions>
          <leadnav:type>Serpentine</leadnav:type>
        </extensions>
      </trkpt>
      <trkpt lat="34.782648" lon="-117.054646">
        <extensions>
          <leadnav:type>Serpentine</leadnav:type>
        </extensions>
      </trkpt>
      <trkpt lat="34.782559" lon="-117.054644">
        <extensions>
          <leadnav:type>Serpentine</leadnav:type>
        </extensions>
      </trkpt>
      <trkpt lat="34.782462" lon="-117.054625">
        <extensions>
          <leadnav:type>Serpentine</leadnav:type>
        </extensions>
      </trkpt>
      <trkpt lat="34.782396" lon="-117.054598">
        <extensions>
          <leadnav:type>Serpentine</leadnav:type>
        </extensions>
      </trkpt>
      <trkpt lat="34.782327" lon="-117.054560">
        <extensions>
          <leadnav:type>Serpentine</leadnav:type>
        </extensions>
      </trkpt>
      <trkpt lat="34.782269" lon="-117.054505">
        <extensions>
          <leadnav:type>Serpentine</leadnav:type>
        </extensions>
      </trkpt>
      <trkpt lat="34.782224" lon="-117.054436">
        <extensions>
          <leadnav:type>Serpentine</leadnav:type>
        </extensions>
      </trkpt>
      <trkpt lat="34.782181" lon="-117.054365">
        <extensions>
          <leadnav:type>Serpentine</leadnav:type>
        </extensions>
      </trkpt>
      <trkpt lat="34.782131" lon="-117.054297">
        <extensions>
          <leadnav:type>Serpentine</leadnav:type>
        </extensions>
      </trkpt>
      <trkpt lat="34.782071" lon="-117.054237">
        <extensions>
          <leadnav:type>Serpentine</leadnav:type>
        </extensions>
      </trkpt>
      <trkpt lat="34.782002" lon="-117.054183">
        <extensions>
          <leadnav:type>Serpentine</leadnav:type>
        </extensions>
      </trkpt>
      <trkpt lat="34.781925" lon="-117.054132">
        <extensions>
          <leadnav:type>Serpentine</leadnav:type>
        </extensions>
      </trkpt>
      <trkpt lat="34.781848" lon="-117.054085">
        <extensions>
          <leadnav:type>Serpentine</leadnav:type>
        </extensions>
      </trkpt>
      <trkpt lat="34.781780" lon="-117.054047">
        <extensions>
          <leadnav:type>Serpentine</leadnav:type>
        </extensions>
      </trkpt>
      <trkpt lat="34.781720" lon="-117.054032">
        <extensions>
          <leadnav:type>Serpentine</leadnav:type>
        </extensions>
      </trkpt>
      <trkpt lat="34.781671" lon="-117.054046">
        <extensions>
          <leadnav:type>Serpentine</leadnav:type>
        </extensions>
      </trkpt>
      <trkpt lat="34.781630" lon="-117.054074">
        <extensions>
          <leadnav:type>Serpentine</leadnav:type>
        </extensions>
      </trkpt>
      <trkpt lat="34.781598" lon="-117.054103">
        <extensions>
          <leadnav:type>Serpentine</leadnav:type>
        </extensions>
      </trkpt>
      <trkpt lat="34.781566" lon="-117.054134">
        <extensions>
          <leadnav:type>Serpentine</leadnav:type>
        </extensions>
      </trkpt>
      <trkpt lat="34.781527" lon="-117.054159">
        <extensions>
          <leadnav:type>Serpentine</leadnav:type>
        </extensions>
      </trkpt>
      <trkpt lat="34.781478" lon="-117.054178">
        <extensions>
          <leadnav:type>Serpentine</leadnav:type>
        </extensions>
      </trkpt>
      <trkpt lat="34.781228" lon="-117.054262">
        <extensions>
          <leadnav:type>Serpentine</leadnav:type>
        </extensions>
      </trkpt>
      <trkpt lat="34.781093" lon="-117.054300">
        <extensions>
          <leadnav:type>Serpentine</leadnav:type>
        </extensions>
      </trkpt>
      <trkpt lat="34.781019" lon="-117.054312">
        <extensions>
          <leadnav:type>Serpentine</leadnav:type>
        </extensions>
      </trkpt>
      <trkpt lat="34.780941" lon="-117.054317">
        <extensions>
          <leadnav:type>Serpentine</leadnav:type>
        </extensions>
      </trkpt>
      <trkpt lat="34.780860" lon="-117.054315">
        <extensions>
          <leadnav:type>Serpentine</leadnav:type>
        </extensions>
      </trkpt>
      <trkpt lat="34.780787" lon="-117.054305">
        <extensions>
          <leadnav:type>Serpentine</leadnav:type>
        </extensions>
      </trkpt>
      <trkpt lat="34.780722" lon="-117.054289">
        <extensions>
          <leadnav:type>Serpentine</leadnav:type>
        </extensions>
      </trkpt>
      <trkpt lat="34.780661" lon="-117.054263">
        <extensions>
          <leadnav:type>Serpentine</leadnav:type>
        </extensions>
      </trkpt>
      <trkpt lat="34.780603" lon="-117.054233">
        <extensions>
          <leadnav:type>Serpentine</leadnav:type>
        </extensions>
      </trkpt>
      <trkpt lat="34.780548" lon="-117.054198">
        <extensions>
          <leadnav:type>Serpentine</leadnav:type>
        </extensions>
      </trkpt>
      <trkpt lat="34.780439" lon="-117.054122">
        <extensions>
          <leadnav:type>Serpentine</leadnav:type>
        </extensions>
      </trkpt>
      <trkpt lat="34.780381" lon="-117.054101">
        <extensions>
          <leadnav:type>Serpentine</leadnav:type>
        </extensions>
      </trkpt>
      <trkpt lat="34.780253" lon="-117.054077">
        <extensions>
          <leadnav:type>Serpentine</leadnav:type>
        </extensions>
      </trkpt>
      <trkpt lat="34.780187" lon="-117.054071">
        <extensions>
          <leadnav:type>Serpentine</leadnav:type>
        </extensions>
      </trkpt>
      <trkpt lat="34.780118" lon="-117.054069">
        <extensions>
          <leadnav:type>Serpentine</leadnav:type>
        </extensions>
      </trkpt>
      <trkpt lat="34.779969" lon="-117.054081">
        <extensions>
          <leadnav:type>Serpentine</leadnav:type>
        </extensions>
      </trkpt>
      <trkpt lat="34.779777" lon="-117.054144">
        <extensions>
          <leadnav:type>Serpentine</leadnav:type>
        </extensions>
      </trkpt>
      <trkpt lat="34.779651" lon="-117.054160">
        <extensions>
          <leadnav:type>Serpentine</leadnav:type>
        </extensions>
      </trkpt>
      <trkpt lat="34.779585" lon="-117.054179">
        <extensions>
          <leadnav:type>Serpentine</leadnav:type>
        </extensions>
      </trkpt>
      <trkpt lat="34.779519" lon="-117.054210">
        <extensions>
          <leadnav:type>Serpentine</leadnav:type>
        </extensions>
      </trkpt>
      <trkpt lat="34.779453" lon="-117.054246">
        <extensions>
          <leadnav:type>Serpentine</leadnav:type>
        </extensions>
      </trkpt>
      <trkpt lat="34.779386" lon="-117.054279">
        <extensions>
          <leadnav:type>Serpentine</leadnav:type>
        </extensions>
      </trkpt>
      <trkpt lat="34.779318" lon="-117.054308">
        <extensions>
          <leadnav:type>Serpentine</leadnav:type>
        </extensions>
      </trkpt>
      <trkpt lat="34.779123" lon="-117.054403">
        <extensions>
          <leadnav:type>Serpentine</leadnav:type>
        </extensions>
      </trkpt>
      <trkpt lat="34.778985" lon="-117.054457">
        <extensions>
          <leadnav:type>Serpentine</leadnav:type>
        </extensions>
      </trkpt>
      <trkpt lat="34.778923" lon="-117.054473">
        <extensions>
          <leadnav:type>Serpentine</leadnav:type>
        </extensions>
      </trkpt>
      <trkpt lat="34.778861" lon="-117.054480">
        <extensions>
          <leadnav:type>Serpentine</leadnav:type>
        </extensions>
      </trkpt>
      <trkpt lat="34.778521" lon="-117.054487">
        <extensions>
          <leadnav:type>Serpentine</leadnav:type>
        </extensions>
      </trkpt>
      <trkpt lat="34.778429" lon="-117.054497">
        <extensions>
          <leadnav:type>Serpentine</leadnav:type>
        </extensions>
      </trkpt>
      <trkpt lat="34.778250" lon="-117.054539">
        <extensions>
          <leadnav:type>Serpentine</leadnav:type>
        </extensions>
      </trkpt>
      <trkpt lat="34.778168" lon="-117.054569">
        <extensions>
          <leadnav:type>Serpentine</leadnav:type>
        </extensions>
      </trkpt>
      <trkpt lat="34.778024" lon="-117.054627">
        <extensions>
          <leadnav:type>Serpentine</leadnav:type>
        </extensions>
      </trkpt>
      <trkpt lat="34.777953" lon="-117.054639">
        <extensions>
          <leadnav:type>Serpentine</leadnav:type>
        </extensions>
      </trkpt>
      <trkpt lat="34.777802" lon="-117.054637">
        <extensions>
          <leadnav:type>Serpentine</leadnav:type>
        </extensions>
      </trkpt>
      <trkpt lat="34.777720" lon="-117.054650">
        <extensions>
          <leadnav:type>Serpentine</leadnav:type>
        </extensions>
      </trkpt>
      <trkpt lat="34.777634" lon="-117.054676">
        <extensions>
          <leadnav:type>Serpentine</leadnav:type>
        </extensions>
      </trkpt>
      <trkpt lat="34.777552" lon="-117.054691">
        <extensions>
          <leadnav:type>Serpentine</leadnav:type>
        </extensions>
      </trkpt>
      <trkpt lat="34.777477" lon="-117.054680">
        <extensions>
          <leadnav:type>Serpentine</leadnav:type>
        </extensions>
      </trkpt>
      <trkpt lat="34.777335" lon="-117.054623">
        <extensions>
          <leadnav:type>Serpentine</leadnav:type>
        </extensions>
      </trkpt>
      <trkpt lat="34.777262" lon="-117.054600">
        <extensions>
          <leadnav:type>Serpentine</leadnav:type>
        </extensions>
      </trkpt>
      <trkpt lat="34.777021" lon="-117.054538">
        <extensions>
          <leadnav:type>Serpentine</leadnav:type>
        </extensions>
      </trkpt>
      <trkpt lat="34.776682" lon="-117.054438">
        <extensions>
          <leadnav:type>Serpentine</leadnav:type>
        </extensions>
      </trkpt>
      <trkpt lat="34.775860" lon="-117.054250">
        <extensions>
          <leadnav:type>Serpentine</leadnav:type>
        </extensions>
      </trkpt>
      <trkpt lat="34.775764" lon="-117.054232">
        <extensions>
          <leadnav:type>Serpentine</leadnav:type>
        </extensions>
      </trkpt>
      <trkpt lat="34.775679" lon="-117.054202">
        <extensions>
          <leadnav:type>Serpentine</leadnav:type>
        </extensions>
      </trkpt>
      <trkpt lat="34.775600" lon="-117.054147">
        <extensions>
          <leadnav:type>Serpentine</leadnav:type>
        </extensions>
      </trkpt>
      <trkpt lat="34.775532" lon="-117.054063">
        <extensions>
          <leadnav:type>Serpentine</leadnav:type>
        </extensions>
      </trkpt>
      <trkpt lat="34.775473" lon="-117.053965">
        <extensions>
          <leadnav:type>Serpentine</leadnav:type>
        </extensions>
      </trkpt>
      <trkpt lat="34.775370" lon="-117.053762">
        <extensions>
          <leadnav:type>Serpentine</leadnav:type>
        </extensions>
      </trkpt>
      <trkpt lat="34.775286" lon="-117.053563">
        <extensions>
          <leadnav:type>Serpentine</leadnav:type>
        </extensions>
      </trkpt>
      <trkpt lat="34.775147" lon="-117.053211">
        <extensions>
          <leadnav:type>Serpentine</leadnav:type>
        </extensions>
      </trkpt>
      <trkpt lat="34.775112" lon="-117.053090">
        <extensions>
          <leadnav:type>Serpentine</leadnav:type>
        </extensions>
      </trkpt>
      <trkpt lat="34.775087" lon="-117.052964">
        <extensions>
          <leadnav:type>Serpentine</leadnav:type>
        </extensions>
      </trkpt>
      <trkpt lat="34.775076" lon="-117.052839">
        <extensions>
          <leadnav:type>Serpentine</leadnav:type>
        </extensions>
      </trkpt>
      <trkpt lat="34.775079" lon="-117.052720">
        <extensions>
          <leadnav:type>Serpentine</leadnav:type>
        </extensions>
      </trkpt>
      <trkpt lat="34.775093" lon="-117.052593">
        <extensions>
          <leadnav:type>Serpentine</leadnav:type>
        </extensions>
      </trkpt>
      <trkpt lat="34.775147" lon="-117.052199">
        <extensions>
          <leadnav:type>Serpentine</leadnav:type>
        </extensions>
      </trkpt>
      <trkpt lat="34.775172" lon="-117.051683">
        <extensions>
          <leadnav:type>Serpentine</leadnav:type>
        </extensions>
      </trkpt>
      <trkpt lat="34.775173" lon="-117.051599">
        <extensions>
          <leadnav:type>Serpentine</leadnav:type>
        </extensions>
      </trkpt>
      <trkpt lat="34.775172" lon="-117.051516">
        <extensions>
          <leadnav:type>Serpentine</leadnav:type>
        </extensions>
      </trkpt>
      <trkpt lat="34.775176" lon="-117.051426">
        <extensions>
          <leadnav:type>Serpentine</leadnav:type>
        </extensions>
      </trkpt>
      <trkpt lat="34.775198" lon="-117.051143">
        <extensions>
          <leadnav:type>Serpentine</leadnav:type>
        </extensions>
      </trkpt>
      <trkpt lat="34.775216" lon="-117.050963">
        <extensions>
          <leadnav:type>Serpentine</leadnav:type>
        </extensions>
      </trkpt>
      <trkpt lat="34.775268" lon="-117.050647">
        <extensions>
          <leadnav:type>Serpentine</leadnav:type>
        </extensions>
      </trkpt>
      <trkpt lat="34.775307" lon="-117.050450">
        <extensions>
          <leadnav:type>Serpentine</leadnav:type>
        </extensions>
      </trkpt>
      <trkpt lat="34.775336" lon="-117.050270">
        <extensions>
          <leadnav:type>Serpentine</leadnav:type>
        </extensions>
      </trkpt>
      <trkpt lat="34.775365" lon="-117.049970">
        <extensions>
          <leadnav:type>Serpentine</leadnav:type>
        </extensions>
      </trkpt>
      <trkpt lat="34.775375" lon="-117.049824">
        <extensions>
          <leadnav:type>Serpentine</leadnav:type>
        </extensions>
      </trkpt>
      <trkpt lat="34.775376" lon="-117.049674">
        <extensions>
          <leadnav:type>Serpentine</leadnav:type>
        </extensions>
      </trkpt>
      <trkpt lat="34.775364" lon="-117.049484">
        <extensions>
          <leadnav:type>Serpentine</leadnav:type>
        </extensions>
      </trkpt>
      <trkpt lat="34.775339" lon="-117.049310">
        <extensions>
          <leadnav:type>Serpentine</leadnav:type>
        </extensions>
      </trkpt>
      <trkpt lat="34.775328" lon="-117.049212">
        <extensions>
          <leadnav:type>Serpentine</leadnav:type>
        </extensions>
      </trkpt>
      <trkpt lat="34.775324" lon="-117.049106">
        <extensions>
          <leadnav:type>Serpentine</leadnav:type>
        </extensions>
      </trkpt>
      <trkpt lat="34.775327" lon="-117.048990">
        <extensions>
          <leadnav:type>Serpentine</leadnav:type>
        </extensions>
      </trkpt>
      <trkpt lat="34.775342" lon="-117.048868">
        <extensions>
          <leadnav:type>Serpentine</leadnav:type>
        </extensions>
      </trkpt>
      <trkpt lat="34.775374" lon="-117.048749">
        <extensions>
          <leadnav:type>Serpentine</leadnav:type>
        </extensions>
      </trkpt>
      <trkpt lat="34.775419" lon="-117.048637">
        <extensions>
          <leadnav:type>Serpentine</leadnav:type>
        </extensions>
      </trkpt>
      <trkpt lat="34.775474" lon="-117.048534">
        <extensions>
          <leadnav:type>Serpentine</leadnav:type>
        </extensions>
      </trkpt>
      <trkpt lat="34.775682" lon="-117.048285">
        <extensions>
          <leadnav:type>Serpentine</leadnav:type>
        </extensions>
      </trkpt>
      <trkpt lat="34.775825" lon="-117.048156">
        <extensions>
          <leadnav:type>Serpentine</leadnav:type>
        </extensions>
      </trkpt>
      <trkpt lat="34.775976" lon="-117.048060">
        <extensions>
          <leadnav:type>Serpentine</leadnav:type>
        </extensions>
      </trkpt>
      <trkpt lat="34.776154" lon="-117.047989">
        <extensions>
          <leadnav:type>Serpentine</leadnav:type>
        </extensions>
      </trkpt>
      <trkpt lat="34.776480" lon="-117.047896">
        <extensions>
          <leadnav:type>Serpentine</leadnav:type>
        </extensions>
      </trkpt>
      <trkpt lat="34.776590" lon="-117.047855">
        <extensions>
          <leadnav:type>Serpentine</leadnav:type>
        </extensions>
      </trkpt>
      <trkpt lat="34.776778" lon="-117.047775">
        <extensions>
          <leadnav:type>Serpentine</leadnav:type>
        </extensions>
      </trkpt>
      <trkpt lat="34.776855" lon="-117.047718">
        <extensions>
          <leadnav:type>Serpentine</leadnav:type>
        </extensions>
      </trkpt>
      <trkpt lat="34.776980" lon="-117.047618">
        <extensions>
          <leadnav:type>Serpentine</leadnav:type>
        </extensions>
      </trkpt>
      <trkpt lat="34.777079" lon="-117.047518">
        <extensions>
          <leadnav:type>Serpentine</leadnav:type>
        </extensions>
      </trkpt>
      <trkpt lat="34.777117" lon="-117.047449">
        <extensions>
          <leadnav:type>Serpentine</leadnav:type>
        </extensions>
      </trkpt>
      <trkpt lat="34.777136" lon="-117.047363">
        <extensions>
          <leadnav:type>Serpentine</leadnav:type>
        </extensions>
      </trkpt>
      <trkpt lat="34.777157" lon="-117.047060">
        <extensions>
          <leadnav:type>Serpentine</leadnav:type>
        </extensions>
      </trkpt>
      <trkpt lat="34.777219" lon="-117.046601">
        <extensions>
          <leadnav:type>Serpentine</leadnav:type>
        </extensions>
      </trkpt>
      <trkpt lat="34.777218" lon="-117.046484">
        <extensions>
          <leadnav:type>Serpentine</leadnav:type>
        </extensions>
      </trkpt>
      <trkpt lat="34.777203" lon="-117.046373">
        <extensions>
          <leadnav:type>Serpentine</leadnav:type>
        </extensions>
      </trkpt>
      <trkpt lat="34.777176" lon="-117.046262">
        <extensions>
          <leadnav:type>Serpentine</leadnav:type>
        </extensions>
      </trkpt>
      <trkpt lat="34.777111" lon="-117.046051">
        <extensions>
          <leadnav:type>Serpentine</leadnav:type>
        </extensions>
      </trkpt>
      <trkpt lat="34.777090" lon="-117.045958">
        <extensions>
          <leadnav:type>Serpentine</leadnav:type>
        </extensions>
      </trkpt>
      <trkpt lat="34.777057" lon="-117.045775">
        <extensions>
          <leadnav:type>Serpentine</leadnav:type>
        </extensions>
      </trkpt>
      <trkpt lat="34.777027" lon="-117.045686">
        <extensions>
          <leadnav:type>Serpentine</leadnav:type>
        </extensions>
      </trkpt>
      <trkpt lat="34.776987" lon="-117.045606">
        <extensions>
          <leadnav:type>Serpentine</leadnav:type>
        </extensions>
      </trkpt>
      <trkpt lat="34.776806" lon="-117.045359">
        <extensions>
          <leadnav:type>Serpentine</leadnav:type>
        </extensions>
      </trkpt>
      <trkpt lat="34.776765" lon="-117.045269">
        <extensions>
          <leadnav:type>Serpentine</leadnav:type>
        </extensions>
      </trkpt>
      <trkpt lat="34.776731" lon="-117.045182">
        <extensions>
          <leadnav:type>Serpentine</leadnav:type>
        </extensions>
      </trkpt>
      <trkpt lat="34.776677" lon="-117.045011">
        <extensions>
          <leadnav:type>Serpentine</leadnav:type>
        </extensions>
      </trkpt>
      <trkpt lat="34.776617" lon="-117.044841">
        <extensions>
          <leadnav:type>Serpentine</leadnav:type>
        </extensions>
      </trkpt>
      <trkpt lat="34.776504" lon="-117.044542">
        <extensions>
          <leadnav:type>Serpentine</leadnav:type>
        </extensions>
      </trkpt>
      <trkpt lat="34.776462" lon="-117.044446">
        <extensions>
          <leadnav:type>Serpentine</leadnav:type>
        </extensions>
      </trkpt>
      <trkpt lat="34.776233" lon="-117.044026">
        <extensions>
          <leadnav:type>Serpentine</leadnav:type>
        </extensions>
      </trkpt>
      <trkpt lat="34.776154" lon="-117.043905">
        <extensions>
          <leadnav:type>Serpentine</leadnav:type>
        </extensions>
      </trkpt>
      <trkpt lat="34.775985" lon="-117.043660">
        <extensions>
          <leadnav:type>Serpentine</leadnav:type>
        </extensions>
      </trkpt>
      <trkpt lat="34.775911" lon="-117.043545">
        <extensions>
          <leadnav:type>Serpentine</leadnav:type>
        </extensions>
      </trkpt>
      <trkpt lat="34.775845" lon="-117.043435">
        <extensions>
          <leadnav:type>Serpentine</leadnav:type>
        </extensions>
      </trkpt>
      <trkpt lat="34.775729" lon="-117.043230">
        <extensions>
          <leadnav:type>Serpentine</leadnav:type>
        </extensions>
      </trkpt>
      <trkpt lat="34.775681" lon="-117.043122">
        <extensions>
          <leadnav:type>Serpentine</leadnav:type>
        </extensions>
      </trkpt>
      <trkpt lat="34.775592" lon="-117.042859">
        <extensions>
          <leadnav:type>Serpentine</leadnav:type>
        </extensions>
      </trkpt>
      <trkpt lat="34.775455" lon="-117.042374">
        <extensions>
          <leadnav:type>Serpentine</leadnav:type>
        </extensions>
      </trkpt>
      <trkpt lat="34.775160" lon="-117.041434">
        <extensions>
          <leadnav:type>Serpentine</leadnav:type>
        </extensions>
      </trkpt>
      <trkpt lat="34.775107" lon="-117.041282">
        <extensions>
          <leadnav:type>Serpentine</leadnav:type>
        </extensions>
      </trkpt>
      <trkpt lat="34.774856" lon="-117.040625">
        <extensions>
          <leadnav:type>Serpentine</leadnav:type>
        </extensions>
      </trkpt>
      <trkpt lat="34.774820" lon="-117.040522">
        <extensions>
          <leadnav:type>Serpentine</leadnav:type>
        </extensions>
      </trkpt>
      <trkpt lat="34.774781" lon="-117.040417">
        <extensions>
          <leadnav:type>Serpentine</leadnav:type>
        </extensions>
      </trkpt>
      <trkpt lat="34.774720" lon="-117.040321">
        <extensions>
          <leadnav:type>Serpentine</leadnav:type>
        </extensions>
      </trkpt>
      <trkpt lat="34.774679" lon="-117.040272">
        <extensions>
          <leadnav:type>Serpentine</leadnav:type>
        </extensions>
      </trkpt>
      <trkpt lat="34.774632" lon="-117.040232">
        <extensions>
          <leadnav:type>Serpentine</leadnav:type>
        </extensions>
      </trkpt>
      <trkpt lat="34.774544" lon="-117.040179">
        <extensions>
          <leadnav:type>Serpentine</leadnav:type>
        </extensions>
      </trkpt>
      <trkpt lat="34.774505" lon="-117.040159">
        <extensions>
          <leadnav:type>Serpentine</leadnav:type>
        </extensions>
      </trkpt>
      <trkpt lat="34.774317" lon="-117.040097">
        <extensions>
          <leadnav:type>Serpentine</leadnav:type>
        </extensions>
      </trkpt>
      <trkpt lat="34.773945" lon="-117.039999">
        <extensions>
          <leadnav:type>Serpentine</leadnav:type>
        </extensions>
      </trkpt>
      <trkpt lat="34.773849" lon="-117.039969">
        <extensions>
          <leadnav:type>Serpentine</leadnav:type>
        </extensions>
      </trkpt>
      <trkpt lat="34.773747" lon="-117.039932">
        <extensions>
          <leadnav:type>Serpentine</leadnav:type>
        </extensions>
      </trkpt>
      <trkpt lat="34.773390" lon="-117.039750">
        <extensions>
          <leadnav:type>Serpentine</leadnav:type>
        </extensions>
      </trkpt>
      <trkpt lat="34.772656" lon="-117.039414">
        <extensions>
          <leadnav:type>Serpentine</leadnav:type>
        </extensions>
      </trkpt>
      <trkpt lat="34.771683" lon="-117.039182">
        <extensions>
          <leadnav:type>Serpentine</leadnav:type>
        </extensions>
      </trkpt>
      <trkpt lat="34.771593" lon="-117.039147">
        <extensions>
          <leadnav:type>Serpentine</leadnav:type>
        </extensions>
      </trkpt>
      <trkpt lat="34.771506" lon="-117.039108">
        <extensions>
          <leadnav:type>Serpentine</leadnav:type>
        </extensions>
      </trkpt>
      <trkpt lat="34.771130" lon="-117.038925">
        <extensions>
          <leadnav:type>Serpentine</leadnav:type>
        </extensions>
      </trkpt>
      <trkpt lat="34.770894" lon="-117.038829">
        <extensions>
          <leadnav:type>Serpentine</leadnav:type>
        </extensions>
      </trkpt>
      <trkpt lat="34.770646" lon="-117.038754">
        <extensions>
          <leadnav:type>Serpentine</leadnav:type>
        </extensions>
      </trkpt>
      <trkpt lat="34.770529" lon="-117.038735">
        <extensions>
          <leadnav:type>Serpentine</leadnav:type>
        </extensions>
      </trkpt>
      <trkpt lat="34.770385" lon="-117.038700">
        <extensions>
          <leadnav:type>Serpentine</leadnav:type>
        </extensions>
      </trkpt>
      <trkpt lat="34.770298" lon="-117.038680">
        <extensions>
          <leadnav:type>Serpentine</leadnav:type>
        </extensions>
      </trkpt>
      <trkpt lat="34.770090" lon="-117.038579">
        <extensions>
          <leadnav:type>Serpentine</leadnav:type>
        </extensions>
      </trkpt>
      <trkpt lat="34.769777" lon="-117.038425">
        <extensions>
          <leadnav:type>Serpentine</leadnav:type>
        </extensions>
      </trkpt>
      <trkpt lat="34.769725" lon="-117.038372">
        <extensions>
          <leadnav:type>Serpentine</leadnav:type>
        </extensions>
      </trkpt>
      <trkpt lat="34.769500" lon="-117.038216">
        <extensions>
          <leadnav:type>Serpentine</leadnav:type>
        </extensions>
      </trkpt>
      <trkpt lat="34.769285" lon="-117.038049">
        <extensions>
          <leadnav:type>Serpentine</leadnav:type>
        </extensions>
      </trkpt>
      <trkpt lat="34.769213" lon="-117.038005">
        <extensions>
          <leadnav:type>Serpentine</leadnav:type>
        </extensions>
      </trkpt>
      <trkpt lat="34.769040" lon="-117.037920">
        <extensions>
          <leadnav:type>Serpentine</leadnav:type>
        </extensions>
      </trkpt>
      <trkpt lat="34.768952" lon="-117.037860">
        <extensions>
          <leadnav:type>Serpentine</leadnav:type>
        </extensions>
      </trkpt>
      <trkpt lat="34.768870" lon="-117.037788">
        <extensions>
          <leadnav:type>Serpentine</leadnav:type>
        </extensions>
      </trkpt>
      <trkpt lat="34.768790" lon="-117.037700">
        <extensions>
          <leadnav:type>Serpentine</leadnav:type>
        </extensions>
      </trkpt>
      <trkpt lat="34.768715" lon="-117.037598">
        <extensions>
          <leadnav:type>Serpentine</leadnav:type>
        </extensions>
      </trkpt>
      <trkpt lat="34.768461" lon="-117.037129">
        <extensions>
          <leadnav:type>Serpentine</leadnav:type>
        </extensions>
      </trkpt>
      <trkpt lat="34.768382" lon="-117.037027">
        <extensions>
          <leadnav:type>Serpentine</leadnav:type>
        </extensions>
      </trkpt>
      <trkpt lat="34.768285" lon="-117.036938">
        <extensions>
          <leadnav:type>Serpentine</leadnav:type>
        </extensions>
      </trkpt>
      <trkpt lat="34.767395" lon="-117.036171">
        <extensions>
          <leadnav:type>Serpentine</leadnav:type>
        </extensions>
      </trkpt>
      <trkpt lat="34.767054" lon="-117.035883">
        <extensions>
          <leadnav:type>Serpentine</leadnav:type>
        </extensions>
      </trkpt>
      <trkpt lat="34.767026" lon="-117.035849">
        <extensions>
          <leadnav:type>Serpentine</leadnav:type>
        </extensions>
      </trkpt>
      <trkpt lat="34.767010" lon="-117.035817">
        <extensions>
          <leadnav:type>Serpentine</leadnav:type>
        </extensions>
      </trkpt>
      <trkpt lat="34.767003" lon="-117.035786">
        <extensions>
          <leadnav:type>Serpentine</leadnav:type>
        </extensions>
      </trkpt>
      <trkpt lat="34.766967" lon="-117.035673">
        <extensions>
          <leadnav:type>Serpentine</leadnav:type>
        </extensions>
      </trkpt>
      <trkpt lat="34.766910" lon="-117.035517">
        <extensions>
          <leadnav:type>Serpentine</leadnav:type>
        </extensions>
      </trkpt>
      <trkpt lat="34.766874" lon="-117.035430">
        <extensions>
          <leadnav:type>Serpentine</leadnav:type>
        </extensions>
      </trkpt>
      <trkpt lat="34.766793" lon="-117.035271">
        <extensions>
          <leadnav:type>Serpentine</leadnav:type>
        </extensions>
      </trkpt>
      <trkpt lat="34.766735" lon="-117.035206">
        <extensions>
          <leadnav:type>Serpentine</leadnav:type>
        </extensions>
      </trkpt>
      <trkpt lat="34.766496" lon="-117.034992">
        <extensions>
          <leadnav:type>Serpentine</leadnav:type>
        </extensions>
      </trkpt>
      <trkpt lat="34.766413" lon="-117.034903">
        <extensions>
          <leadnav:type>Serpentine</leadnav:type>
        </extensions>
      </trkpt>
      <trkpt lat="34.766334" lon="-117.034801">
        <extensions>
          <leadnav:type>Serpentine</leadnav:type>
        </extensions>
      </trkpt>
      <trkpt lat="34.766071" lon="-117.034428">
        <extensions>
          <leadnav:type>Serpentine</leadnav:type>
        </extensions>
      </trkpt>
      <trkpt lat="34.765608" lon="-117.033852">
        <extensions>
          <leadnav:type>Serpentine</leadnav:type>
        </extensions>
      </trkpt>
      <trkpt lat="34.765511" lon="-117.033763">
        <extensions>
          <leadnav:type>Serpentine</leadnav:type>
        </extensions>
      </trkpt>
      <trkpt lat="34.765419" lon="-117.033688">
        <extensions>
          <leadnav:type>Serpentine</leadnav:type>
        </extensions>
      </trkpt>
      <trkpt lat="34.765020" lon="-117.033500">
        <extensions>
          <leadnav:type>Serpentine</leadnav:type>
        </extensions>
      </trkpt>
      <trkpt lat="34.764550" lon="-117.033289">
        <extensions>
          <leadnav:type>Serpentine</leadnav:type>
        </extensions>
      </trkpt>
      <trkpt lat="34.764035" lon="-117.032906">
        <extensions>
          <leadnav:type>Serpentine</leadnav:type>
        </extensions>
      </trkpt>
      <trkpt lat="34.763950" lon="-117.032794">
        <extensions>
          <leadnav:type>Serpentine</leadnav:type>
        </extensions>
      </trkpt>
      <trkpt lat="34.763844" lon="-117.032672">
        <extensions>
          <leadnav:type>Serpentine</leadnav:type>
        </extensions>
      </trkpt>
      <trkpt lat="34.763722" lon="-117.032543">
        <extensions>
          <leadnav:type>Serpentine</leadnav:type>
        </extensions>
      </trkpt>
      <trkpt lat="34.763102" lon="-117.031968">
        <extensions>
          <leadnav:type>Serpentine</leadnav:type>
        </extensions>
      </trkpt>
      <trkpt lat="34.762941" lon="-117.031791">
        <extensions>
          <leadnav:type>Serpentine</leadnav:type>
        </extensions>
      </trkpt>
      <trkpt lat="34.762182" lon="-117.031086">
        <extensions>
          <leadnav:type>Serpentine</leadnav:type>
        </extensions>
      </trkpt>
      <trkpt lat="34.761955" lon="-117.030904">
        <extensions>
          <leadnav:type>Serpentine</leadnav:type>
        </extensions>
      </trkpt>
      <trkpt lat="34.761363" lon="-117.030515">
        <extensions>
          <leadnav:type>Serpentine</leadnav:type>
        </extensions>
      </trkpt>
      <trkpt lat="34.761208" lon="-117.030405">
        <extensions>
          <leadnav:type>Serpentine</leadnav:type>
        </extensions>
      </trkpt>
      <trkpt lat="34.761070" lon="-117.030330">
        <extensions>
          <leadnav:type>Serpentine</leadnav:type>
        </extensions>
      </trkpt>
      <trkpt lat="34.760867" lon="-117.030249">
        <extensions>
          <leadnav:type>Serpentine</leadnav:type>
        </extensions>
      </trkpt>
      <trkpt lat="34.760806" lon="-117.030218">
        <extensions>
          <leadnav:type>Serpentine</leadnav:type>
        </extensions>
      </trkpt>
      <trkpt lat="34.760756" lon="-117.030185">
        <extensions>
          <leadnav:type>Serpentine</leadnav:type>
        </extensions>
      </trkpt>
      <trkpt lat="34.760676" lon="-117.030151">
        <extensions>
          <leadnav:type>Serpentine</leadnav:type>
        </extensions>
      </trkpt>
      <trkpt lat="34.760568" lon="-117.030064">
        <extensions>
          <leadnav:type>Serpentine</leadnav:type>
        </extensions>
      </trkpt>
      <trkpt lat="34.760464" lon="-117.029984">
        <extensions>
          <leadnav:type>Serpentine</leadnav:type>
        </extensions>
      </trkpt>
      <trkpt lat="34.760348" lon="-117.029964">
        <extensions>
          <leadnav:type>Serpentine</leadnav:type>
        </extensions>
      </trkpt>
      <trkpt lat="34.760277" lon="-117.029979">
        <extensions>
          <leadnav:type>Serpentine</leadnav:type>
        </extensions>
      </trkpt>
      <trkpt lat="34.760180" lon="-117.030020">
        <extensions>
          <leadnav:type>Serpentine</leadnav:type>
        </extensions>
      </trkpt>
      <trkpt lat="34.760114" lon="-117.030084">
        <extensions>
          <leadnav:type>Serpentine</leadnav:type>
        </extensions>
      </trkpt>
      <trkpt lat="34.760059" lon="-117.030157">
        <extensions>
          <leadnav:type>Serpentine</leadnav:type>
        </extensions>
      </trkpt>
      <trkpt lat="34.759987" lon="-117.030255">
        <extensions>
          <leadnav:type>Serpentine</leadnav:type>
        </extensions>
      </trkpt>
      <trkpt lat="34.759959" lon="-117.030355">
        <extensions>
          <leadnav:type>Serpentine</leadnav:type>
        </extensions>
      </trkpt>
      <trkpt lat="34.759931" lon="-117.030467">
        <extensions>
          <leadnav:type>Serpentine</leadnav:type>
        </extensions>
      </trkpt>
      <trkpt lat="34.759910" lon="-117.030566">
        <extensions>
          <leadnav:type>Serpentine</leadnav:type>
        </extensions>
      </trkpt>
      <trkpt lat="34.759894" lon="-117.030621">
        <extensions>
          <leadnav:type>Serpentine</leadnav:type>
        </extensions>
      </trkpt>
      <trkpt lat="34.759876" lon="-117.030667">
        <extensions>
          <leadnav:type>Serpentine</leadnav:type>
        </extensions>
      </trkpt>
      <trkpt lat="34.759841" lon="-117.030736">
        <extensions>
          <leadnav:type>Serpentine</leadnav:type>
        </extensions>
      </trkpt>
      <trkpt lat="34.759799" lon="-117.030809">
        <extensions>
          <leadnav:type>Serpentine</leadnav:type>
        </extensions>
      </trkpt>
      <trkpt lat="34.759738" lon="-117.030897">
        <extensions>
          <leadnav:type>Serpentine</leadnav:type>
        </extensions>
      </trkpt>
      <trkpt lat="34.759715" lon="-117.030941">
        <extensions>
          <leadnav:type>Serpentine</leadnav:type>
        </extensions>
      </trkpt>
      <trkpt lat="34.759644" lon="-117.031108">
        <extensions>
          <leadnav:type>Serpentine</leadnav:type>
        </extensions>
      </trkpt>
      <trkpt lat="34.759204" lon="-117.032220">
        <extensions>
          <leadnav:type>Serpentine</leadnav:type>
        </extensions>
      </trkpt>
      <trkpt lat="34.758904" lon="-117.033066">
        <extensions>
          <leadnav:type>Serpentine</leadnav:type>
        </extensions>
      </trkpt>
      <trkpt lat="34.758868" lon="-117.033194">
        <extensions>
          <leadnav:type>Serpentine</leadnav:type>
        </extensions>
      </trkpt>
      <trkpt lat="34.758843" lon="-117.033304">
        <extensions>
          <leadnav:type>Serpentine</leadnav:type>
        </extensions>
      </trkpt>
      <trkpt lat="34.758812" lon="-117.033512">
        <extensions>
          <leadnav:type>Serpentine</leadnav:type>
        </extensions>
      </trkpt>
      <trkpt lat="34.758808" lon="-117.033552">
        <extensions>
          <leadnav:type>Serpentine</leadnav:type>
        </extensions>
      </trkpt>
      <trkpt lat="34.758807" lon="-117.033602">
        <extensions>
          <leadnav:type>Serpentine</leadnav:type>
        </extensions>
      </trkpt>
      <trkpt lat="34.758789" lon="-117.033686">
        <extensions>
          <leadnav:type>Serpentine</leadnav:type>
        </extensions>
      </trkpt>
      <trkpt lat="34.758778" lon="-117.033789">
        <extensions>
          <leadnav:type>Serpentine</leadnav:type>
        </extensions>
      </trkpt>
      <trkpt lat="34.758723" lon="-117.035101">
        <extensions>
          <leadnav:type>Serpentine</leadnav:type>
        </extensions>
      </trkpt>
      <trkpt lat="34.758805" lon="-117.035775">
        <extensions>
          <leadnav:type>Serpentine</leadnav:type>
        </extensions>
      </trkpt>
      <trkpt lat="34.758990" lon="-117.036710">
        <extensions>
          <leadnav:type>Serpentine</leadnav:type>
        </extensions>
      </trkpt>
      <trkpt lat="34.759480" lon="-117.038807">
        <extensions>
          <leadnav:type>Serpentine</leadnav:type>
        </extensions>
      </trkpt>
      <trkpt lat="34.759626" lon="-117.039789">
        <extensions>
          <leadnav:type>Serpentine</leadnav:type>
        </extensions>
      </trkpt>
      <trkpt lat="34.759805" lon="-117.041361">
        <extensions>
          <leadnav:type>Serpentine</leadnav:type>
        </extensions>
      </trkpt>
      <trkpt lat="34.759952" lon="-117.042080">
        <extensions>
          <leadnav:type>Serpentine</leadnav:type>
        </extensions>
      </trkpt>
      <trkpt lat="34.760212" lon="-117.043885">
        <extensions>
          <leadnav:type>Serpentine</leadnav:type>
        </extensions>
      </trkpt>
      <trkpt lat="34.761420" lon="-117.048965">
        <extensions>
          <leadnav:type>Serpentine</leadnav:type>
        </extensions>
      </trkpt>
      <trkpt lat="34.761753" lon="-117.050124">
        <extensions>
          <leadnav:type>Serpentine</leadnav:type>
        </extensions>
      </trkpt>
      <trkpt lat="34.761844" lon="-117.050553">
        <extensions>
          <leadnav:type>Serpentine</leadnav:type>
        </extensions>
      </trkpt>
      <trkpt lat="34.762324" lon="-117.054155">
        <extensions>
          <leadnav:type>Serpentine</leadnav:type>
        </extensions>
      </trkpt>
      <trkpt lat="34.762407" lon="-117.054587">
        <extensions>
          <leadnav:type>Serpentine</leadnav:type>
        </extensions>
      </trkpt>
      <trkpt lat="34.762515" lon="-117.055003">
        <extensions>
          <leadnav:type>Serpentine</leadnav:type>
        </extensions>
      </trkpt>
      <trkpt lat="34.762848" lon="-117.056070">
        <extensions>
          <leadnav:type>Serpentine</leadnav:type>
        </extensions>
      </trkpt>
      <trkpt lat="34.763323" lon="-117.057403">
        <extensions>
          <leadnav:type>Serpentine</leadnav:type>
        </extensions>
      </trkpt>
      <trkpt lat="34.763593" lon="-117.058085">
        <extensions>
          <leadnav:type>Serpentine</leadnav:type>
        </extensions>
      </trkpt>
      <trkpt lat="34.763760" lon="-117.058560">
        <extensions>
          <leadnav:type>Serpentine</leadnav:type>
        </extensions>
      </trkpt>
      <trkpt lat="34.764327" lon="-117.060483">
        <extensions>
          <leadnav:type>Serpentine</leadnav:type>
        </extensions>
      </trkpt>
      <trkpt lat="34.764409" lon="-117.060733">
        <extensions>
          <leadnav:type>Serpentine</leadnav:type>
        </extensions>
      </trkpt>
      <trkpt lat="34.764429" lon="-117.060801">
        <extensions>
          <leadnav:type>Serpentine</leadnav:type>
        </extensions>
      </trkpt>
      <trkpt lat="34.764473" lon="-117.060972">
        <extensions>
          <leadnav:type>Serpentine</leadnav:type>
        </extensions>
      </trkpt>
      <trkpt lat="34.765326" lon="-117.063640">
        <extensions>
          <leadnav:type>Serpentine</leadnav:type>
        </extensions>
      </trkpt>
      <trkpt lat="34.765890" lon="-117.065207">
        <extensions>
          <leadnav:type>Serpentine</leadnav:type>
        </extensions>
      </trkpt>
      <trkpt lat="34.766792" lon="-117.067522">
        <extensions>
          <leadnav:type>Serpentine</leadnav:type>
        </extensions>
      </trkpt>
      <trkpt lat="34.766931" lon="-117.067855">
        <extensions>
          <leadnav:type>Serpentine</leadnav:type>
        </extensions>
      </trkpt>
      <trkpt lat="34.766969" lon="-117.067982">
        <extensions>
          <leadnav:type>Serpentine</leadnav:type>
        </extensions>
      </trkpt>
      <trkpt lat="34.767018" lon="-117.068111">
        <extensions>
          <leadnav:type>Serpentine</leadnav:type>
        </extensions>
      </trkpt>
      <trkpt lat="34.767073" lon="-117.068235">
        <extensions>
          <leadnav:type>Serpentine</leadnav:type>
        </extensions>
      </trkpt>
      <trkpt lat="34.767416" lon="-117.068910">
        <extensions>
          <leadnav:type>Serpentine</leadnav:type>
        </extensions>
      </trkpt>
      <trkpt lat="34.767802" lon="-117.069903">
        <extensions>
          <leadnav:type>Serpentine</leadnav:type>
        </extensions>
      </trkpt>
      <trkpt lat="34.768218" lon="-117.071088">
        <extensions>
          <leadnav:type>Serpentine</leadnav:type>
        </extensions>
      </trkpt>
      <trkpt lat="34.768312" lon="-117.071323">
        <extensions>
          <leadnav:type>Serpentine</leadnav:type>
        </extensions>
      </trkpt>
      <trkpt lat="34.768523" lon="-117.071770">
        <extensions>
          <leadnav:type>Serpentine</leadnav:type>
        </extensions>
      </trkpt>
      <trkpt lat="34.768639" lon="-117.071984">
        <extensions>
          <leadnav:type>Serpentine</leadnav:type>
        </extensions>
      </trkpt>
      <trkpt lat="34.768978" lon="-117.072512">
        <extensions>
          <leadnav:type>Serpentine</leadnav:type>
        </extensions>
      </trkpt>
      <trkpt lat="34.769081" lon="-117.072642">
        <extensions>
          <leadnav:type>Serpentine</leadnav:type>
        </extensions>
      </trkpt>
      <trkpt lat="34.769703" lon="-117.073266">
        <extensions>
          <leadnav:type>Serpentine</leadnav:type>
        </extensions>
      </trkpt>
      <trkpt lat="34.769769" lon="-117.073352">
        <extensions>
          <leadnav:type>Serpentine</leadnav:type>
        </extensions>
      </trkpt>
      <trkpt lat="34.769828" lon="-117.073450">
        <extensions>
          <leadnav:type>Serpentine</leadnav:type>
        </extensions>
      </trkpt>
      <trkpt lat="34.770183" lon="-117.074171">
        <extensions>
          <leadnav:type>Serpentine</leadnav:type>
        </extensions>
      </trkpt>
      <trkpt lat="34.770261" lon="-117.074309">
        <extensions>
          <leadnav:type>Serpentine</leadnav:type>
        </extensions>
      </trkpt>
      <trkpt lat="34.770353" lon="-117.074449">
        <extensions>
          <leadnav:type>Serpentine</leadnav:type>
        </extensions>
      </trkpt>
      <trkpt lat="34.770931" lon="-117.075229">
        <extensions>
          <leadnav:type>Serpentine</leadnav:type>
        </extensions>
      </trkpt>
      <trkpt lat="34.771050" lon="-117.075406">
        <extensions>
          <leadnav:type>Serpentine</leadnav:type>
        </extensions>
      </trkpt>
      <trkpt lat="34.771161" lon="-117.075592">
        <extensions>
          <leadnav:type>Serpentine</leadnav:type>
        </extensions>
      </trkpt>
      <trkpt lat="34.771336" lon="-117.075978">
        <extensions>
          <leadnav:type>Serpentine</leadnav:type>
        </extensions>
      </trkpt>
      <trkpt lat="34.771553" lon="-117.076740">
        <extensions>
          <leadnav:type>Serpentine</leadnav:type>
        </extensions>
      </trkpt>
      <trkpt lat="34.771629" lon="-117.076895">
        <extensions>
          <leadnav:type>Serpentine</leadnav:type>
        </extensions>
      </trkpt>
      <trkpt lat="34.771733" lon="-117.077039">
        <extensions>
          <leadnav:type>Serpentine</leadnav:type>
        </extensions>
      </trkpt>
      <trkpt lat="34.772332" lon="-117.077793">
        <extensions>
          <leadnav:type>Serpentine</leadnav:type>
        </extensions>
      </trkpt>
      <trkpt lat="34.772824" lon="-117.078360">
        <extensions>
          <leadnav:type>Serpentine</leadnav:type>
        </extensions>
      </trkpt>
      <trkpt lat="34.773043" lon="-117.078645">
        <extensions>
          <leadnav:type>Serpentine</leadnav:type>
        </extensions>
      </trkpt>
      <trkpt lat="34.773469" lon="-117.079321">
        <extensions>
          <leadnav:type>Serpentine</leadnav:type>
        </extensions>
      </trkpt>
      <trkpt lat="34.773656" lon="-117.079677">
        <extensions>
          <leadnav:type>Serpentine</leadnav:type>
        </extensions>
      </trkpt>
      <trkpt lat="34.773733" lon="-117.079862">
        <extensions>
          <leadnav:type>Serpentine</leadnav:type>
        </extensions>
      </trkpt>
      <trkpt lat="34.773798" lon="-117.080063">
        <extensions>
          <leadnav:type>Serpentine</leadnav:type>
        </extensions>
      </trkpt>
      <trkpt lat="34.773849" lon="-117.080276">
        <extensions>
          <leadnav:type>Serpentine</leadnav:type>
        </extensions>
      </trkpt>
      <trkpt lat="34.773893" lon="-117.080496">
        <extensions>
          <leadnav:type>Serpentine</leadnav:type>
        </extensions>
      </trkpt>
      <trkpt lat="34.773993" lon="-117.081182">
        <extensions>
          <leadnav:type>Serpentine</leadnav:type>
        </extensions>
      </trkpt>
      <trkpt lat="34.774078" lon="-117.081634">
        <extensions>
          <leadnav:type>Serpentine</leadnav:type>
        </extensions>
      </trkpt>
      <trkpt lat="34.774129" lon="-117.081841">
        <extensions>
          <leadnav:type>Serpentine</leadnav:type>
        </extensions>
      </trkpt>
      <trkpt lat="34.774195" lon="-117.082038">
        <extensions>
          <leadnav:type>Serpentine</leadnav:type>
        </extensions>
      </trkpt>
      <trkpt lat="34.774286" lon="-117.082222">
        <extensions>
          <leadnav:type>Serpentine</leadnav:type>
        </extensions>
      </trkpt>
      <trkpt lat="34.774509" lon="-117.082569">
        <extensions>
          <leadnav:type>Serpentine</leadnav:type>
        </extensions>
      </trkpt>
      <trkpt lat="34.774601" lon="-117.082761">
        <extensions>
          <leadnav:type>Serpentine</leadnav:type>
        </extensions>
      </trkpt>
      <trkpt lat="34.774834" lon="-117.083384">
        <extensions>
          <leadnav:type>Serpentine</leadnav:type>
        </extensions>
      </trkpt>
      <trkpt lat="34.774987" lon="-117.083740">
        <extensions>
          <leadnav:type>Serpentine</leadnav:type>
        </extensions>
      </trkpt>
      <trkpt lat="34.775075" lon="-117.083883">
        <extensions>
          <leadnav:type>Serpentine</leadnav:type>
        </extensions>
      </trkpt>
      <trkpt lat="34.775174" lon="-117.083998">
        <extensions>
          <leadnav:type>Serpentine</leadnav:type>
        </extensions>
      </trkpt>
      <trkpt lat="34.775293" lon="-117.084090">
        <extensions>
          <leadnav:type>Serpentine</leadnav:type>
        </extensions>
      </trkpt>
      <trkpt lat="34.775575" lon="-117.084252">
        <extensions>
          <leadnav:type>Serpentine</leadnav:type>
        </extensions>
      </trkpt>
      <trkpt lat="34.775721" lon="-117.084348">
        <extensions>
          <leadnav:type>Serpentine</leadnav:type>
        </extensions>
      </trkpt>
      <trkpt lat="34.775864" lon="-117.084463">
        <extensions>
          <leadnav:type>Serpentine</leadnav:type>
        </extensions>
      </trkpt>
      <trkpt lat="34.776158" lon="-117.084720">
        <extensions>
          <leadnav:type>Serpentine</leadnav:type>
        </extensions>
      </trkpt>
      <trkpt lat="34.776305" lon="-117.084862">
        <extensions>
          <leadnav:type>Serpentine</leadnav:type>
        </extensions>
      </trkpt>
      <trkpt lat="34.776448" lon="-117.085016">
        <extensions>
          <leadnav:type>Serpentine</leadnav:type>
        </extensions>
      </trkpt>
      <trkpt lat="34.776579" lon="-117.085180">
        <extensions>
          <leadnav:type>Serpentine</leadnav:type>
        </extensions>
      </trkpt>
      <trkpt lat="34.776700" lon="-117.085344">
        <extensions>
          <leadnav:type>Serpentine</leadnav:type>
        </extensions>
      </trkpt>
      <trkpt lat="34.776907" lon="-117.085665">
        <extensions>
          <leadnav:type>Serpentine</leadnav:type>
        </extensions>
      </trkpt>
      <trkpt lat="34.776984" lon="-117.085841">
        <extensions>
          <leadnav:type>Serpentine</leadnav:type>
        </extensions>
      </trkpt>
      <trkpt lat="34.777049" lon="-117.086026">
        <extensions>
          <leadnav:type>Serpentine</leadnav:type>
        </extensions>
      </trkpt>
      <trkpt lat="34.777094" lon="-117.086229">
        <extensions>
          <leadnav:type>Serpentine</leadnav:type>
        </extensions>
      </trkpt>
      <trkpt lat="34.777169" lon="-117.086655">
        <extensions>
          <leadnav:type>Serpentine</leadnav:type>
        </extensions>
      </trkpt>
      <trkpt lat="34.777220" lon="-117.086865">
        <extensions>
          <leadnav:type>Serpentine</leadnav:type>
        </extensions>
      </trkpt>
      <trkpt lat="34.777554" lon="-117.087976">
        <extensions>
          <leadnav:type>Serpentine</leadnav:type>
        </extensions>
      </trkpt>
      <trkpt lat="34.777897" lon="-117.089321">
        <extensions>
          <leadnav:type>Serpentine</leadnav:type>
        </extensions>
      </trkpt>
      <trkpt lat="34.777959" lon="-117.089497">
        <extensions>
          <leadnav:type>Serpentine</leadnav:type>
        </extensions>
      </trkpt>
      <trkpt lat="34.778033" lon="-117.089657">
        <extensions>
          <leadnav:type>Serpentine</leadnav:type>
        </extensions>
      </trkpt>
      <trkpt lat="34.778128" lon="-117.089803">
        <extensions>
          <leadnav:type>Serpentine</leadnav:type>
        </extensions>
      </trkpt>
      <trkpt lat="34.779410" lon="-117.091422">
        <extensions>
          <leadnav:type>Serpentine</leadnav:type>
        </extensions>
      </trkpt>
      <trkpt lat="34.779797" lon="-117.091884">
        <extensions>
          <leadnav:type>Serpentine</leadnav:type>
        </extensions>
      </trkpt>
      <trkpt lat="34.780062" lon="-117.092163">
        <extensions>
          <leadnav:type>Serpentine</leadnav:type>
        </extensions>
      </trkpt>
      <trkpt lat="34.780362" lon="-117.092385">
        <extensions>
          <leadnav:type>Serpentine</leadnav:type>
        </extensions>
      </trkpt>
      <trkpt lat="34.780703" lon="-117.092536">
        <extensions>
          <leadnav:type>Serpentine</leadnav:type>
        </extensions>
      </trkpt>
      <trkpt lat="34.781067" lon="-117.092656">
        <extensions>
          <leadnav:type>Serpentine</leadnav:type>
        </extensions>
      </trkpt>
      <trkpt lat="34.781571" lon="-117.092772">
        <extensions>
          <leadnav:type>Serpentine</leadnav:type>
        </extensions>
      </trkpt>
      <trkpt lat="34.781728" lon="-117.092818">
        <extensions>
          <leadnav:type>Serpentine</leadnav:type>
        </extensions>
      </trkpt>
      <trkpt lat="34.781884" lon="-117.092879">
        <extensions>
          <leadnav:type>Serpentine</leadnav:type>
        </extensions>
      </trkpt>
      <trkpt lat="34.782033" lon="-117.092954">
        <extensions>
          <leadnav:type>Serpentine</leadnav:type>
        </extensions>
      </trkpt>
      <trkpt lat="34.782179" lon="-117.093042">
        <extensions>
          <leadnav:type>Serpentine</leadnav:type>
        </extensions>
      </trkpt>
      <trkpt lat="34.782635" lon="-117.093350">
        <extensions>
          <leadnav:type>Serpentine</leadnav:type>
        </extensions>
      </trkpt>
      <trkpt lat="34.782789" lon="-117.093466">
        <extensions>
          <leadnav:type>Serpentine</leadnav:type>
        </extensions>
      </trkpt>
      <trkpt lat="34.783245" lon="-117.093866">
        <extensions>
          <leadnav:type>Serpentine</leadnav:type>
        </extensions>
      </trkpt>
      <trkpt lat="34.783410" lon="-117.093995">
        <extensions>
          <leadnav:type>Serpentine</leadnav:type>
        </extensions>
      </trkpt>
      <trkpt lat="34.783943" lon="-117.094347">
        <extensions>
          <leadnav:type>Serpentine</leadnav:type>
        </extensions>
      </trkpt>
      <trkpt lat="34.784591" lon="-117.094738">
        <extensions>
          <leadnav:type>Serpentine</leadnav:type>
        </extensions>
      </trkpt>
      <trkpt lat="34.784905" lon="-117.094853">
        <extensions>
          <leadnav:type>Serpentine</leadnav:type>
        </extensions>
      </trkpt>
      <trkpt lat="34.785054" lon="-117.094919">
        <extensions>
          <leadnav:type>Serpentine</leadnav:type>
        </extensions>
      </trkpt>
      <trkpt lat="34.785196" lon="-117.094997">
        <extensions>
          <leadnav:type>Serpentine</leadnav:type>
        </extensions>
      </trkpt>
      <trkpt lat="34.785333" lon="-117.095093">
        <extensions>
          <leadnav:type>Serpentine</leadnav:type>
        </extensions>
      </trkpt>
      <trkpt lat="34.785465" lon="-117.095205">
        <extensions>
          <leadnav:type>Serpentine</leadnav:type>
        </extensions>
      </trkpt>
      <trkpt lat="34.785592" lon="-117.095327">
        <extensions>
          <leadnav:type>Serpentine</leadnav:type>
        </extensions>
      </trkpt>
      <trkpt lat="34.785986" lon="-117.095735">
        <extensions>
          <leadnav:type>Serpentine</leadnav:type>
        </extensions>
      </trkpt>
      <trkpt lat="34.786116" lon="-117.095888">
        <extensions>
          <leadnav:type>Serpentine</leadnav:type>
        </extensions>
      </trkpt>
      <trkpt lat="34.786378" lon="-117.096214">
        <extensions>
          <leadnav:type>Serpentine</leadnav:type>
        </extensions>
      </trkpt>
      <trkpt lat="34.786670" lon="-117.096525">
        <extensions>
          <leadnav:type>Serpentine</leadnav:type>
        </extensions>
      </trkpt>
      <trkpt lat="34.786827" lon="-117.096662">
        <extensions>
          <leadnav:type>Serpentine</leadnav:type>
        </extensions>
      </trkpt>
      <trkpt lat="34.789136" lon="-117.098412">
        <extensions>
          <leadnav:type>Serpentine</leadnav:type>
        </extensions>
      </trkpt>
      <trkpt lat="34.789737" lon="-117.098809">
        <extensions>
          <leadnav:type>Serpentine</leadnav:type>
        </extensions>
      </trkpt>
      <trkpt lat="34.789872" lon="-117.098910">
        <extensions>
          <leadnav:type>Serpentine</leadnav:type>
        </extensions>
      </trkpt>
      <trkpt lat="34.790004" lon="-117.099026">
        <extensions>
          <leadnav:type>Serpentine</leadnav:type>
        </extensions>
      </trkpt>
      <trkpt lat="34.790265" lon="-117.099297">
        <extensions>
          <leadnav:type>Serpentine</leadnav:type>
        </extensions>
      </trkpt>
      <trkpt lat="34.790687" lon="-117.099695">
        <extensions>
          <leadnav:type>Serpentine</leadnav:type>
        </extensions>
      </trkpt>
      <trkpt lat="34.790820" lon="-117.099798">
        <extensions>
          <leadnav:type>Serpentine</leadnav:type>
        </extensions>
      </trkpt>
      <trkpt lat="34.791082" lon="-117.099951">
        <extensions>
          <leadnav:type>Serpentine</leadnav:type>
        </extensions>
      </trkpt>
      <trkpt lat="34.791217" lon="-117.099997">
        <extensions>
          <leadnav:type>Serpentine</leadnav:type>
        </extensions>
      </trkpt>
      <trkpt lat="34.791350" lon="-117.100017">
        <extensions>
          <leadnav:type>Serpentine</leadnav:type>
        </extensions>
      </trkpt>
      <trkpt lat="34.791788" lon="-117.100019">
        <extensions>
          <leadnav:type>Serpentine</leadnav:type>
        </extensions>
      </trkpt>
      <trkpt lat="34.791954" lon="-117.100012">
        <extensions>
          <leadnav:type>Serpentine</leadnav:type>
        </extensions>
      </trkpt>
      <trkpt lat="34.792854" lon="-117.100048">
        <extensions>
          <leadnav:type>Serpentine</leadnav:type>
        </extensions>
      </trkpt>
      <trkpt lat="34.792964" lon="-117.100157">
        <extensions>
          <leadnav:type>Serpentine</leadnav:type>
        </extensions>
      </trkpt>
      <trkpt lat="34.793046" lon="-117.100291">
        <extensions>
          <leadnav:type>Serpentine</leadnav:type>
        </extensions>
      </trkpt>
      <trkpt lat="34.793105" lon="-117.100388">
        <extensions>
          <leadnav:type>Serpentine</leadnav:type>
        </extensions>
      </trkpt>
      <trkpt lat="34.793164" lon="-117.100497">
        <extensions>
          <leadnav:type>Serpentine</leadnav:type>
        </extensions>
      </trkpt>
      <trkpt lat="34.793186" lon="-117.100629">
        <extensions>
          <leadnav:type>Serpentine</leadnav:type>
        </extensions>
      </trkpt>
      <trkpt lat="34.793189" lon="-117.100721">
        <extensions>
          <leadnav:type>Serpentine</leadnav:type>
        </extensions>
      </trkpt>
      <trkpt lat="34.793148" lon="-117.100868">
        <extensions>
          <leadnav:type>Serpentine</leadnav:type>
        </extensions>
      </trkpt>
      <trkpt lat="34.793039" lon="-117.101216">
        <extensions>
          <leadnav:type>Serpentine</leadnav:type>
        </extensions>
      </trkpt>
      <trkpt lat="34.792957" lon="-117.101419">
        <extensions>
          <leadnav:type>Serpentine</leadnav:type>
        </extensions>
      </trkpt>
      <trkpt lat="34.792871" lon="-117.101521">
        <extensions>
          <leadnav:type>Serpentine</leadnav:type>
        </extensions>
      </trkpt>
      <trkpt lat="34.792417" lon="-117.101901">
        <extensions>
          <leadnav:type>Serpentine</leadnav:type>
        </extensions>
      </trkpt>
      <trkpt lat="34.791471" lon="-117.102579">
        <extensions>
          <leadnav:type>Serpentine</leadnav:type>
        </extensions>
      </trkpt>
      <trkpt lat="34.790319" lon="-117.103131">
        <extensions>
          <leadnav:type>Serpentine</leadnav:type>
        </extensions>
      </trkpt>
      <trkpt lat="34.790036" lon="-117.103337">
        <extensions>
          <leadnav:type>Serpentine</leadnav:type>
        </extensions>
      </trkpt>
      <trkpt lat="34.789637" lon="-117.103733">
        <extensions>
          <leadnav:type>Serpentine</leadnav:type>
        </extensions>
      </trkpt>
      <trkpt lat="34.789464" lon="-117.103891">
        <extensions>
          <leadnav:type>Serpentine</leadnav:type>
        </extensions>
      </trkpt>
      <trkpt lat="34.789281" lon="-117.104043">
        <extensions>
          <leadnav:type>Serpentine</leadnav:type>
        </extensions>
      </trkpt>
      <trkpt lat="34.788558" lon="-117.104536">
        <extensions>
          <leadnav:type>Serpentine</leadnav:type>
        </extensions>
      </trkpt>
      <trkpt lat="34.787697" lon="-117.105044">
        <extensions>
          <leadnav:type>Serpentine</leadnav:type>
        </extensions>
      </trkpt>
      <trkpt lat="34.786462" lon="-117.105909">
        <extensions>
          <leadnav:type>Serpentine</leadnav:type>
        </extensions>
      </trkpt>
      <trkpt lat="34.786190" lon="-117.106072">
        <extensions>
          <leadnav:type>Serpentine</leadnav:type>
        </extensions>
      </trkpt>
      <trkpt lat="34.785756" lon="-117.106416">
        <extensions>
          <leadnav:type>Serpentine</leadnav:type>
        </extensions>
      </trkpt>
      <trkpt lat="34.785630" lon="-117.106510">
        <extensions>
          <leadnav:type>Serpentine</leadnav:type>
        </extensions>
      </trkpt>
      <trkpt lat="34.785309" lon="-117.106766">
        <extensions>
          <leadnav:type>Serpentine</leadnav:type>
        </extensions>
      </trkpt>
      <trkpt lat="34.784564" lon="-117.107311">
        <extensions>
          <leadnav:type>Serpentine</leadnav:type>
        </extensions>
      </trkpt>
      <trkpt lat="34.784416" lon="-117.107429">
        <extensions>
          <leadnav:type>Serpentine</leadnav:type>
        </extensions>
      </trkpt>
      <trkpt lat="34.784130" lon="-117.107641">
        <extensions>
          <leadnav:type>Serpentine</leadnav:type>
        </extensions>
      </trkpt>
      <trkpt lat="34.783893" lon="-117.107857">
        <extensions>
          <leadnav:type>Serpentine</leadnav:type>
        </extensions>
      </trkpt>
      <trkpt lat="34.783480" lon="-117.108294">
        <extensions>
          <leadnav:type>Serpentine</leadnav:type>
        </extensions>
      </trkpt>
      <trkpt lat="34.783246" lon="-117.108496">
        <extensions>
          <leadnav:type>Serpentine</leadnav:type>
        </extensions>
      </trkpt>
      <trkpt lat="34.783128" lon="-117.108590">
        <extensions>
          <leadnav:type>Serpentine</leadnav:type>
        </extensions>
      </trkpt>
      <trkpt lat="34.782720" lon="-117.108880">
        <extensions>
          <leadnav:type>Serpentine</leadnav:type>
        </extensions>
      </trkpt>
      <trkpt lat="34.782492" lon="-117.109070">
        <extensions>
          <leadnav:type>Serpentine</leadnav:type>
        </extensions>
      </trkpt>
      <trkpt lat="34.782131" lon="-117.109321">
        <extensions>
          <leadnav:type>Serpentine</leadnav:type>
        </extensions>
      </trkpt>
      <trkpt lat="34.781298" lon="-117.109850">
        <extensions>
          <leadnav:type>Serpentine</leadnav:type>
        </extensions>
      </trkpt>
      <trkpt lat="34.780038" lon="-117.110562">
        <extensions>
          <leadnav:type>Serpentine</leadnav:type>
        </extensions>
      </trkpt>
      <trkpt lat="34.779606" lon="-117.110779">
        <extensions>
          <leadnav:type>Serpentine</leadnav:type>
        </extensions>
      </trkpt>
      <trkpt lat="34.777756" lon="-117.111978">
        <extensions>
          <leadnav:type>Serpentine</leadnav:type>
        </extensions>
      </trkpt>
      <trkpt lat="34.777361" lon="-117.112289">
        <extensions>
          <leadnav:type>Serpentine</leadnav:type>
        </extensions>
      </trkpt>
      <trkpt lat="34.776746" lon="-117.112729">
        <extensions>
          <leadnav:type>Serpentine</leadnav:type>
        </extensions>
      </trkpt>
      <trkpt lat="34.776156" lon="-117.113106">
        <extensions>
          <leadnav:type>Serpentine</leadnav:type>
        </extensions>
      </trkpt>
      <trkpt lat="34.774151" lon="-117.114128">
        <extensions>
          <leadnav:type>Serpentine</leadnav:type>
        </extensions>
      </trkpt>
      <trkpt lat="34.773667" lon="-117.114306">
        <extensions>
          <leadnav:type>Serpentine</leadnav:type>
        </extensions>
      </trkpt>
      <trkpt lat="34.772891" lon="-117.114487">
        <extensions>
          <leadnav:type>Serpentine</leadnav:type>
        </extensions>
      </trkpt>
      <trkpt lat="34.772303" lon="-117.114708">
        <extensions>
          <leadnav:type>Serpentine</leadnav:type>
        </extensions>
      </trkpt>
      <trkpt lat="34.771122" lon="-117.115435">
        <extensions>
          <leadnav:type>Serpentine</leadnav:type>
        </extensions>
      </trkpt>
      <trkpt lat="34.770790" lon="-117.115672">
        <extensions>
          <leadnav:type>Serpentine</leadnav:type>
        </extensions>
      </trkpt>
      <trkpt lat="34.770582" lon="-117.115777">
        <extensions>
          <leadnav:type>Serpentine</leadnav:type>
        </extensions>
      </trkpt>
      <trkpt lat="34.769939" lon="-117.115997">
        <extensions>
          <leadnav:type>Serpentine</leadnav:type>
        </extensions>
      </trkpt>
      <trkpt lat="34.769346" lon="-117.116090">
        <extensions>
          <leadnav:type>Serpentine</leadnav:type>
        </extensions>
      </trkpt>
      <trkpt lat="34.769103" lon="-117.116163">
        <extensions>
          <leadnav:type>Serpentine</leadnav:type>
        </extensions>
      </trkpt>
      <trkpt lat="34.768966" lon="-117.116198">
        <extensions>
          <leadnav:type>Serpentine</leadnav:type>
        </extensions>
      </trkpt>
      <trkpt lat="34.768817" lon="-117.116229">
        <extensions>
          <leadnav:type>Serpentine</leadnav:type>
        </extensions>
      </trkpt>
      <trkpt lat="34.767925" lon="-117.116381">
        <extensions>
          <leadnav:type>Serpentine</leadnav:type>
        </extensions>
      </trkpt>
      <trkpt lat="34.767724" lon="-117.116394">
        <extensions>
          <leadnav:type>Serpentine</leadnav:type>
        </extensions>
      </trkpt>
      <trkpt lat="34.767518" lon="-117.116390">
        <extensions>
          <leadnav:type>Serpentine</leadnav:type>
        </extensions>
      </trkpt>
      <trkpt lat="34.766896" lon="-117.116322">
        <extensions>
          <leadnav:type>Serpentine</leadnav:type>
        </extensions>
      </trkpt>
      <trkpt lat="34.766702" lon="-117.116312">
        <extensions>
          <leadnav:type>Serpentine</leadnav:type>
        </extensions>
      </trkpt>
      <trkpt lat="34.765912" lon="-117.116207">
        <extensions>
          <leadnav:type>Serpentine</leadnav:type>
        </extensions>
      </trkpt>
      <trkpt lat="34.765333" lon="-117.116009">
        <extensions>
          <leadnav:type>Serpentine</leadnav:type>
        </extensions>
      </trkpt>
      <trkpt lat="34.765149" lon="-117.115955">
        <extensions>
          <leadnav:type>Serpentine</leadnav:type>
        </extensions>
      </trkpt>
      <trkpt lat="34.764513" lon="-117.115815">
        <extensions>
          <leadnav:type>Serpentine</leadnav:type>
        </extensions>
      </trkpt>
      <trkpt lat="34.764387" lon="-117.115806">
        <extensions>
          <leadnav:type>Serpentine</leadnav:type>
        </extensions>
      </trkpt>
      <trkpt lat="34.764266" lon="-117.115816">
        <extensions>
          <leadnav:type>Serpentine</leadnav:type>
        </extensions>
      </trkpt>
      <trkpt lat="34.764146" lon="-117.115844">
        <extensions>
          <leadnav:type>Serpentine</leadnav:type>
        </extensions>
      </trkpt>
      <trkpt lat="34.764020" lon="-117.115888">
        <extensions>
          <leadnav:type>Serpentine</leadnav:type>
        </extensions>
      </trkpt>
      <trkpt lat="34.763888" lon="-117.115946">
        <extensions>
          <leadnav:type>Serpentine</leadnav:type>
        </extensions>
      </trkpt>
      <trkpt lat="34.763753" lon="-117.116015">
        <extensions>
          <leadnav:type>Serpentine</leadnav:type>
        </extensions>
      </trkpt>
      <trkpt lat="34.763618" lon="-117.116107">
        <extensions>
          <leadnav:type>Serpentine</leadnav:type>
        </extensions>
      </trkpt>
      <trkpt lat="34.763480" lon="-117.116216">
        <extensions>
          <leadnav:type>Serpentine</leadnav:type>
        </extensions>
      </trkpt>
      <trkpt lat="34.762850" lon="-117.116652">
        <extensions>
          <leadnav:type>Serpentine</leadnav:type>
        </extensions>
      </trkpt>
      <trkpt lat="34.762194" lon="-117.117050">
        <extensions>
          <leadnav:type>Serpentine</leadnav:type>
        </extensions>
      </trkpt>
      <trkpt lat="34.761195" lon="-117.117564">
        <extensions>
          <leadnav:type>Serpentine</leadnav:type>
        </extensions>
      </trkpt>
      <trkpt lat="34.761036" lon="-117.117637">
        <extensions>
          <leadnav:type>Serpentine</leadnav:type>
        </extensions>
      </trkpt>
      <trkpt lat="34.758794" lon="-117.118810">
        <extensions>
          <leadnav:type>Serpentine</leadnav:type>
        </extensions>
      </trkpt>
      <trkpt lat="34.757956" lon="-117.119288">
        <extensions>
          <leadnav:type>Serpentine</leadnav:type>
        </extensions>
      </trkpt>
      <trkpt lat="34.756928" lon="-117.119814">
        <extensions>
          <leadnav:type>Serpentine</leadnav:type>
        </extensions>
      </trkpt>
      <trkpt lat="34.755273" lon="-117.120503">
        <extensions>
          <leadnav:type>Serpentine</leadnav:type>
        </extensions>
      </trkpt>
      <trkpt lat="34.755135" lon="-117.120552">
        <extensions>
          <leadnav:type>Serpentine</leadnav:type>
        </extensions>
      </trkpt>
      <trkpt lat="34.754994" lon="-117.120589">
        <extensions>
          <leadnav:type>Serpentine</leadnav:type>
        </extensions>
      </trkpt>
      <trkpt lat="34.754684" lon="-117.120757">
        <extensions>
          <leadnav:type>Serpentine</leadnav:type>
        </extensions>
      </trkpt>
      <trkpt lat="34.753944" lon="-117.121205">
        <extensions>
          <leadnav:type>Serpentine</leadnav:type>
        </extensions>
      </trkpt>
      <trkpt lat="34.753614" lon="-117.121432">
        <extensions>
          <leadnav:type>Serpentine</leadnav:type>
        </extensions>
      </trkpt>
      <trkpt lat="34.753227" lon="-117.121636">
        <extensions>
          <leadnav:type>Serpentine</leadnav:type>
        </extensions>
      </trkpt>
      <trkpt lat="34.752859" lon="-117.121779">
        <extensions>
          <leadnav:type>Serpentine</leadnav:type>
        </extensions>
      </trkpt>
      <trkpt lat="34.751988" lon="-117.122153">
        <extensions>
          <leadnav:type>Serpentine</leadnav:type>
        </extensions>
      </trkpt>
      <trkpt lat="34.751271" lon="-117.122303">
        <extensions>
          <leadnav:type>Serpentine</leadnav:type>
        </extensions>
      </trkpt>
      <trkpt lat="34.750830" lon="-117.122426">
        <extensions>
          <leadnav:type>Serpentine</leadnav:type>
        </extensions>
      </trkpt>
      <trkpt lat="34.749785" lon="-117.122870">
        <extensions>
          <leadnav:type>Serpentine</leadnav:type>
        </extensions>
      </trkpt>
      <trkpt lat="34.749399" lon="-117.122952">
        <extensions>
          <leadnav:type>Serpentine</leadnav:type>
        </extensions>
      </trkpt>
      <trkpt lat="34.748990" lon="-117.123124">
        <extensions>
          <leadnav:type>Serpentine</leadnav:type>
        </extensions>
      </trkpt>
      <trkpt lat="34.748417" lon="-117.123168">
        <extensions>
          <leadnav:type>Serpentine</leadnav:type>
        </extensions>
      </trkpt>
      <trkpt lat="34.747787" lon="-117.123254">
        <extensions>
          <leadnav:type>Serpentine</leadnav:type>
        </extensions>
      </trkpt>
      <trkpt lat="34.747440" lon="-117.123253">
        <extensions>
          <leadnav:type>Serpentine</leadnav:type>
        </extensions>
      </trkpt>
      <trkpt lat="34.747131" lon="-117.123342">
        <extensions>
          <leadnav:type>Serpentine</leadnav:type>
        </extensions>
      </trkpt>
      <trkpt lat="34.746591" lon="-117.123555">
        <extensions>
          <leadnav:type>Serpentine</leadnav:type>
        </extensions>
      </trkpt>
      <trkpt lat="34.745953" lon="-117.123850">
        <extensions>
          <leadnav:type>Serpentine</leadnav:type>
        </extensions>
      </trkpt>
      <trkpt lat="34.745725" lon="-117.123994">
        <extensions>
          <leadnav:type>Serpentine</leadnav:type>
        </extensions>
      </trkpt>
      <trkpt lat="34.745093" lon="-117.124173">
        <extensions>
          <leadnav:type>Serpentine</leadnav:type>
        </extensions>
      </trkpt>
      <trkpt lat="34.744866" lon="-117.124280">
        <extensions>
          <leadnav:type>Serpentine</leadnav:type>
        </extensions>
      </trkpt>
      <trkpt lat="34.744578" lon="-117.124453">
        <extensions>
          <leadnav:type>Serpentine</leadnav:type>
        </extensions>
      </trkpt>
      <trkpt lat="34.744446" lon="-117.124543">
        <extensions>
          <leadnav:type>Serpentine</leadnav:type>
        </extensions>
      </trkpt>
      <trkpt lat="34.743876" lon="-117.124892">
        <extensions>
          <leadnav:type>Serpentine</leadnav:type>
        </extensions>
      </trkpt>
      <trkpt lat="34.743796" lon="-117.124947">
        <extensions>
          <leadnav:type>Serpentine</leadnav:type>
        </extensions>
      </trkpt>
      <trkpt lat="34.743719" lon="-117.125026">
        <extensions>
          <leadnav:type>Serpentine</leadnav:type>
        </extensions>
      </trkpt>
      <trkpt lat="34.743672" lon="-117.125087">
        <extensions>
          <leadnav:type>Serpentine</leadnav:type>
        </extensions>
      </trkpt>
      <trkpt lat="34.743180" lon="-117.125663">
        <extensions>
          <leadnav:type>Serpentine</leadnav:type>
        </extensions>
      </trkpt>
      <trkpt lat="34.742774" lon="-117.126008">
        <extensions>
          <leadnav:type>Serpentine</leadnav:type>
        </extensions>
      </trkpt>
      <trkpt lat="34.742431" lon="-117.126372">
        <extensions>
          <leadnav:type>Serpentine</leadnav:type>
        </extensions>
      </trkpt>
      <trkpt lat="34.741928" lon="-117.126786">
        <extensions>
          <leadnav:type>Serpentine</leadnav:type>
        </extensions>
      </trkpt>
      <trkpt lat="34.741640" lon="-117.126939">
        <extensions>
          <leadnav:type>Serpentine</leadnav:type>
        </extensions>
      </trkpt>
      <trkpt lat="34.741487" lon="-117.126986">
        <extensions>
          <leadnav:type>Serpentine</leadnav:type>
        </extensions>
      </trkpt>
      <trkpt lat="34.741018" lon="-117.127088">
        <extensions>
          <leadnav:type>Serpentine</leadnav:type>
        </extensions>
      </trkpt>
      <trkpt lat="34.740556" lon="-117.127208">
        <extensions>
          <leadnav:type>Serpentine</leadnav:type>
        </extensions>
      </trkpt>
      <trkpt lat="34.739812" lon="-117.127451">
        <extensions>
          <leadnav:type>Serpentine</leadnav:type>
        </extensions>
      </trkpt>
      <trkpt lat="34.739675" lon="-117.127485">
        <extensions>
          <leadnav:type>Serpentine</leadnav:type>
        </extensions>
      </trkpt>
      <trkpt lat="34.739266" lon="-117.127562">
        <extensions>
          <leadnav:type>Serpentine</leadnav:type>
        </extensions>
      </trkpt>
      <trkpt lat="34.738919" lon="-117.127538">
        <extensions>
          <leadnav:type>Serpentine</leadnav:type>
        </extensions>
      </trkpt>
      <trkpt lat="34.738834" lon="-117.127507">
        <extensions>
          <leadnav:type>Serpentine</leadnav:type>
        </extensions>
      </trkpt>
      <trkpt lat="34.738692" lon="-117.127466">
        <extensions>
          <leadnav:type>Serpentine</leadnav:type>
        </extensions>
      </trkpt>
      <trkpt lat="34.738660" lon="-117.127463">
        <extensions>
          <leadnav:type>Serpentine</leadnav:type>
        </extensions>
      </trkpt>
      <trkpt lat="34.738587" lon="-117.127438">
        <extensions>
          <leadnav:type>Serpentine</leadnav:type>
        </extensions>
      </trkpt>
      <trkpt lat="34.738428" lon="-117.127393">
        <extensions>
          <leadnav:type>Serpentine</leadnav:type>
        </extensions>
      </trkpt>
      <trkpt lat="34.738324" lon="-117.127346">
        <extensions>
          <leadnav:type>Serpentine</leadnav:type>
        </extensions>
      </trkpt>
      <trkpt lat="34.738109" lon="-117.127226">
        <extensions>
          <leadnav:type>Serpentine</leadnav:type>
        </extensions>
      </trkpt>
      <trkpt lat="34.737667" lon="-117.126871">
        <extensions>
          <leadnav:type>Serpentine</leadnav:type>
        </extensions>
      </trkpt>
      <trkpt lat="34.737558" lon="-117.126555">
        <extensions>
          <leadnav:type>Serpentine</leadnav:type>
        </extensions>
      </trkpt>
      <trkpt lat="34.737514" lon="-117.126220">
        <extensions>
          <leadnav:type>Serpentine</leadnav:type>
        </extensions>
      </trkpt>
      <trkpt lat="34.737558" lon="-117.125893">
        <extensions>
          <leadnav:type>Serpentine</leadnav:type>
        </extensions>
      </trkpt>
      <trkpt lat="34.737573" lon="-117.125720">
        <extensions>
          <leadnav:type>Serpentine</leadnav:type>
        </extensions>
      </trkpt>
      <trkpt lat="34.737588" lon="-117.124802">
        <extensions>
          <leadnav:type>Serpentine</leadnav:type>
        </extensions>
      </trkpt>
      <trkpt lat="34.737578" lon="-117.124166">
        <extensions>
          <leadnav:type>Serpentine</leadnav:type>
        </extensions>
      </trkpt>
      <trkpt lat="34.737601" lon="-117.124040">
        <extensions>
          <leadnav:type>Serpentine</leadnav:type>
        </extensions>
      </trkpt>
      <trkpt lat="34.737638" lon="-117.123935">
        <extensions>
          <leadnav:type>Serpentine</leadnav:type>
        </extensions>
      </trkpt>
      <trkpt lat="34.738090" lon="-117.123461">
        <extensions>
          <leadnav:type>Serpentine</leadnav:type>
        </extensions>
      </trkpt>
      <trkpt lat="34.738616" lon="-117.122981">
        <extensions>
          <leadnav:type>Serpentine</leadnav:type>
        </extensions>
      </trkpt>
      <trkpt lat="34.739879" lon="-117.122018">
        <extensions>
          <leadnav:type>Serpentine</leadnav:type>
        </extensions>
      </trkpt>
      <trkpt lat="34.740399" lon="-117.121668">
        <extensions>
          <leadnav:type>Serpentine</leadnav:type>
        </extensions>
      </trkpt>
      <trkpt lat="34.740890" lon="-117.121376">
        <extensions>
          <leadnav:type>Serpentine</leadnav:type>
        </extensions>
      </trkpt>
      <trkpt lat="34.741621" lon="-117.121017">
        <extensions>
          <leadnav:type>Serpentine</leadnav:type>
        </extensions>
      </trkpt>
      <trkpt lat="34.741674" lon="-117.121006">
        <extensions>
          <leadnav:type>Serpentine</leadnav:type>
        </extensions>
      </trkpt>
      <trkpt lat="34.741937" lon="-117.120922">
        <extensions>
          <leadnav:type>Serpentine</leadnav:type>
        </extensions>
      </trkpt>
      <trkpt lat="34.742766" lon="-117.120688">
        <extensions>
          <leadnav:type>Serpentine</leadnav:type>
        </extensions>
      </trkpt>
      <trkpt lat="34.743323" lon="-117.120475">
        <extensions>
          <leadnav:type>Serpentine</leadnav:type>
        </extensions>
      </trkpt>
      <trkpt lat="34.743583" lon="-117.120403">
        <extensions>
          <leadnav:type>Serpentine</leadnav:type>
        </extensions>
      </trkpt>
      <trkpt lat="34.743711" lon="-117.120336">
        <extensions>
          <leadnav:type>Serpentine</leadnav:type>
        </extensions>
      </trkpt>
      <trkpt lat="34.743971" lon="-117.120159">
        <extensions>
          <leadnav:type>Serpentine</leadnav:type>
        </extensions>
      </trkpt>
      <trkpt lat="34.744103" lon="-117.120081">
        <extensions>
          <leadnav:type>Serpentine</leadnav:type>
        </extensions>
      </trkpt>
      <trkpt lat="34.744170" lon="-117.120051">
        <extensions>
          <leadnav:type>Serpentine</leadnav:type>
        </extensions>
      </trkpt>
      <trkpt lat="34.744214" lon="-117.120037">
        <extensions>
          <leadnav:type>Serpentine</leadnav:type>
        </extensions>
      </trkpt>
      <trkpt lat="34.744392" lon="-117.119991">
        <extensions>
          <leadnav:type>Serpentine</leadnav:type>
        </extensions>
      </trkpt>
      <trkpt lat="34.744545" lon="-117.119963">
        <extensions>
          <leadnav:type>Serpentine</leadnav:type>
        </extensions>
      </trkpt>
      <trkpt lat="34.744799" lon="-117.119925">
        <extensions>
          <leadnav:type>Serpentine</leadnav:type>
        </extensions>
      </trkpt>
      <trkpt lat="34.745251" lon="-117.119878">
        <extensions>
          <leadnav:type>Serpentine</leadnav:type>
        </extensions>
      </trkpt>
      <trkpt lat="34.745558" lon="-117.119874">
        <extensions>
          <leadnav:type>Serpentine</leadnav:type>
        </extensions>
      </trkpt>
      <trkpt lat="34.746242" lon="-117.119946">
        <extensions>
          <leadnav:type>Serpentine</leadnav:type>
        </extensions>
      </trkpt>
      <trkpt lat="34.746412" lon="-117.119945">
        <extensions>
          <leadnav:type>Serpentine</leadnav:type>
        </extensions>
      </trkpt>
      <trkpt lat="34.746575" lon="-117.119925">
        <extensions>
          <leadnav:type>Serpentine</leadnav:type>
        </extensions>
      </trkpt>
      <trkpt lat="34.746731" lon="-117.119884">
        <extensions>
          <leadnav:type>Serpentine</leadnav:type>
        </extensions>
      </trkpt>
      <trkpt lat="34.747204" lon="-117.119706">
        <extensions>
          <leadnav:type>Serpentine</leadnav:type>
        </extensions>
      </trkpt>
      <trkpt lat="34.747678" lon="-117.119480">
        <extensions>
          <leadnav:type>Serpentine</leadnav:type>
        </extensions>
      </trkpt>
      <trkpt lat="34.747860" lon="-117.119319">
        <extensions>
          <leadnav:type>Serpentine</leadnav:type>
        </extensions>
      </trkpt>
      <trkpt lat="34.748163" lon="-117.119012">
        <extensions>
          <leadnav:type>Serpentine</leadnav:type>
        </extensions>
      </trkpt>
      <trkpt lat="34.748285" lon="-117.118855">
        <extensions>
          <leadnav:type>Serpentine</leadnav:type>
        </extensions>
      </trkpt>
      <trkpt lat="34.748346" lon="-117.118805">
        <extensions>
          <leadnav:type>Serpentine</leadnav:type>
        </extensions>
      </trkpt>
      <trkpt lat="34.748458" lon="-117.118662">
        <extensions>
          <leadnav:type>Serpentine</leadnav:type>
        </extensions>
      </trkpt>
      <trkpt lat="34.748695" lon="-117.118337">
        <extensions>
          <leadnav:type>Serpentine</leadnav:type>
        </extensions>
      </trkpt>
      <trkpt lat="34.749807" lon="-117.116553">
        <extensions>
          <leadnav:type>Serpentine</leadnav:type>
        </extensions>
      </trkpt>
      <trkpt lat="34.750113" lon="-117.116107">
        <extensions>
          <leadnav:type>Serpentine</leadnav:type>
        </extensions>
      </trkpt>
      <trkpt lat="34.750258" lon="-117.115908">
        <extensions>
          <leadnav:type>Serpentine</leadnav:type>
        </extensions>
      </trkpt>
      <trkpt lat="34.750627" lon="-117.115350">
        <extensions>
          <leadnav:type>Serpentine</leadnav:type>
        </extensions>
      </trkpt>
      <trkpt lat="34.751525" lon="-117.114120">
        <extensions>
          <leadnav:type>Serpentine</leadnav:type>
        </extensions>
      </trkpt>
      <trkpt lat="34.751810" lon="-117.113765">
        <extensions>
          <leadnav:type>Serpentine</leadnav:type>
        </extensions>
      </trkpt>
      <trkpt lat="34.752465" lon="-117.113004">
        <extensions>
          <leadnav:type>Serpentine</leadnav:type>
        </extensions>
      </trkpt>
      <trkpt lat="34.752586" lon="-117.112878">
        <extensions>
          <leadnav:type>Serpentine</leadnav:type>
        </extensions>
      </trkpt>
      <trkpt lat="34.752800" lon="-117.112676">
        <extensions>
          <leadnav:type>Serpentine</leadnav:type>
        </extensions>
      </trkpt>
      <trkpt lat="34.752870" lon="-117.112595">
        <extensions>
          <leadnav:type>Serpentine</leadnav:type>
        </extensions>
      </trkpt>
      <trkpt lat="34.753139" lon="-117.112232">
        <extensions>
          <leadnav:type>Serpentine</leadnav:type>
        </extensions>
      </trkpt>
      <trkpt lat="34.753429" lon="-117.111790">
        <extensions>
          <leadnav:type>Serpentine</leadnav:type>
        </extensions>
      </trkpt>
      <trkpt lat="34.753700" lon="-117.111463">
        <extensions>
          <leadnav:type>Serpentine</leadnav:type>
        </extensions>
      </trkpt>
      <trkpt lat="34.754025" lon="-117.111089">
        <extensions>
          <leadnav:type>Serpentine</leadnav:type>
        </extensions>
      </trkpt>
      <trkpt lat="34.754187" lon="-117.110917">
        <extensions>
          <leadnav:type>Serpentine</leadnav:type>
        </extensions>
      </trkpt>
      <trkpt lat="34.754350" lon="-117.110711">
        <extensions>
          <leadnav:type>Serpentine</leadnav:type>
        </extensions>
      </trkpt>
      <trkpt lat="34.754599" lon="-117.110368">
        <extensions>
          <leadnav:type>Serpentine</leadnav:type>
        </extensions>
      </trkpt>
      <trkpt lat="34.755058" lon="-117.109815">
        <extensions>
          <leadnav:type>Serpentine</leadnav:type>
        </extensions>
      </trkpt>
      <trkpt lat="34.755546" lon="-117.109278">
        <extensions>
          <leadnav:type>Serpentine</leadnav:type>
        </extensions>
      </trkpt>
      <trkpt lat="34.755613" lon="-117.109191">
        <extensions>
          <leadnav:type>Serpentine</leadnav:type>
        </extensions>
      </trkpt>
      <trkpt lat="34.755772" lon="-117.108958">
        <extensions>
          <leadnav:type>Serpentine</leadnav:type>
        </extensions>
      </trkpt>
      <trkpt lat="34.755891" lon="-117.108750">
        <extensions>
          <leadnav:type>Serpentine</leadnav:type>
        </extensions>
      </trkpt>
      <trkpt lat="34.756014" lon="-117.108495">
        <extensions>
          <leadnav:type>Serpentine</leadnav:type>
        </extensions>
      </trkpt>
      <trkpt lat="34.756309" lon="-117.107689">
        <extensions>
          <leadnav:type>Serpentine</leadnav:type>
        </extensions>
      </trkpt>
      <trkpt lat="34.756380" lon="-117.107250">
        <extensions>
          <leadnav:type>Serpentine</leadnav:type>
        </extensions>
      </trkpt>
      <trkpt lat="34.756391" lon="-117.107141">
        <extensions>
          <leadnav:type>Serpentine</leadnav:type>
        </extensions>
      </trkpt>
      <trkpt lat="34.756391" lon="-117.107023">
        <extensions>
          <leadnav:type>Serpentine</leadnav:type>
        </extensions>
      </trkpt>
      <trkpt lat="34.756366" lon="-117.106763">
        <extensions>
          <leadnav:type>Serpentine</leadnav:type>
        </extensions>
      </trkpt>
      <trkpt lat="34.756339" lon="-117.106624">
        <extensions>
          <leadnav:type>Serpentine</leadnav:type>
        </extensions>
      </trkpt>
      <trkpt lat="34.756263" lon="-117.106330">
        <extensions>
          <leadnav:type>Serpentine</leadnav:type>
        </extensions>
      </trkpt>
      <trkpt lat="34.756168" lon="-117.106021">
        <extensions>
          <leadnav:type>Serpentine</leadnav:type>
        </extensions>
      </trkpt>
      <trkpt lat="34.756134" lon="-117.105861">
        <extensions>
          <leadnav:type>Serpentine</leadnav:type>
        </extensions>
      </trkpt>
      <trkpt lat="34.756108" lon="-117.105701">
        <extensions>
          <leadnav:type>Serpentine</leadnav:type>
        </extensions>
      </trkpt>
      <trkpt lat="34.756093" lon="-117.105540">
        <extensions>
          <leadnav:type>Serpentine</leadnav:type>
        </extensions>
      </trkpt>
      <trkpt lat="34.756089" lon="-117.105378">
        <extensions>
          <leadnav:type>Serpentine</leadnav:type>
        </extensions>
      </trkpt>
      <trkpt lat="34.756093" lon="-117.105219">
        <extensions>
          <leadnav:type>Serpentine</leadnav:type>
        </extensions>
      </trkpt>
      <trkpt lat="34.756105" lon="-117.105062">
        <extensions>
          <leadnav:type>Serpentine</leadnav:type>
        </extensions>
      </trkpt>
      <trkpt lat="34.756200" lon="-117.104436">
        <extensions>
          <leadnav:type>Serpentine</leadnav:type>
        </extensions>
      </trkpt>
      <trkpt lat="34.756482" lon="-117.103202">
        <extensions>
          <leadnav:type>Serpentine</leadnav:type>
        </extensions>
      </trkpt>
      <trkpt lat="34.756511" lon="-117.103110">
        <extensions>
          <leadnav:type>Serpentine</leadnav:type>
        </extensions>
      </trkpt>
      <trkpt lat="34.756552" lon="-117.103037">
        <extensions>
          <leadnav:type>Serpentine</leadnav:type>
        </extensions>
      </trkpt>
      <trkpt lat="34.756766" lon="-117.102755">
        <extensions>
          <leadnav:type>Serpentine</leadnav:type>
        </extensions>
      </trkpt>
      <trkpt lat="34.756821" lon="-117.102676">
        <extensions>
          <leadnav:type>Serpentine</leadnav:type>
        </extensions>
      </trkpt>
      <trkpt lat="34.756871" lon="-117.102588">
        <extensions>
          <leadnav:type>Serpentine</leadnav:type>
        </extensions>
      </trkpt>
      <trkpt lat="34.756915" lon="-117.102493">
        <extensions>
          <leadnav:type>Serpentine</leadnav:type>
        </extensions>
      </trkpt>
      <trkpt lat="34.756951" lon="-117.102395">
        <extensions>
          <leadnav:type>Serpentine</leadnav:type>
        </extensions>
      </trkpt>
      <trkpt lat="34.757042" lon="-117.102119">
        <extensions>
          <leadnav:type>Serpentine</leadnav:type>
        </extensions>
      </trkpt>
      <trkpt lat="34.757058" lon="-117.102034">
        <extensions>
          <leadnav:type>Serpentine</leadnav:type>
        </extensions>
      </trkpt>
      <trkpt lat="34.757072" lon="-117.101849">
        <extensions>
          <leadnav:type>Serpentine</leadnav:type>
        </extensions>
      </trkpt>
      <trkpt lat="34.757064" lon="-117.101652">
        <extensions>
          <leadnav:type>Serpentine</leadnav:type>
        </extensions>
      </trkpt>
      <trkpt lat="34.757042" lon="-117.101565">
        <extensions>
          <leadnav:type>Serpentine</leadnav:type>
        </extensions>
      </trkpt>
      <trkpt lat="34.757012" lon="-117.101479">
        <extensions>
          <leadnav:type>Serpentine</leadnav:type>
        </extensions>
      </trkpt>
      <trkpt lat="34.756983" lon="-117.101389">
        <extensions>
          <leadnav:type>Serpentine</leadnav:type>
        </extensions>
      </trkpt>
      <trkpt lat="34.756962" lon="-117.101290">
        <extensions>
          <leadnav:type>Serpentine</leadnav:type>
        </extensions>
      </trkpt>
      <trkpt lat="34.756936" lon="-117.101072">
        <extensions>
          <leadnav:type>Serpentine</leadnav:type>
        </extensions>
      </trkpt>
      <trkpt lat="34.756934" lon="-117.100964">
        <extensions>
          <leadnav:type>Serpentine</leadnav:type>
        </extensions>
      </trkpt>
      <trkpt lat="34.756935" lon="-117.100860">
        <extensions>
          <leadnav:type>Serpentine</leadnav:type>
        </extensions>
      </trkpt>
      <trkpt lat="34.756928" lon="-117.100761">
        <extensions>
          <leadnav:type>Serpentine</leadnav:type>
        </extensions>
      </trkpt>
      <trkpt lat="34.756890" lon="-117.100571">
        <extensions>
          <leadnav:type>Serpentine</leadnav:type>
        </extensions>
      </trkpt>
      <trkpt lat="34.756880" lon="-117.100464">
        <extensions>
          <leadnav:type>Serpentine</leadnav:type>
        </extensions>
      </trkpt>
      <trkpt lat="34.756887" lon="-117.100355">
        <extensions>
          <leadnav:type>Serpentine</leadnav:type>
        </extensions>
      </trkpt>
      <trkpt lat="34.756922" lon="-117.100252">
        <extensions>
          <leadnav:type>Serpentine</leadnav:type>
        </extensions>
      </trkpt>
      <trkpt lat="34.757001" lon="-117.100054">
        <extensions>
          <leadnav:type>Serpentine</leadnav:type>
        </extensions>
      </trkpt>
      <trkpt lat="34.757028" lon="-117.099961">
        <extensions>
          <leadnav:type>Serpentine</leadnav:type>
        </extensions>
      </trkpt>
      <trkpt lat="34.757047" lon="-117.099883">
        <extensions>
          <leadnav:type>Serpentine</leadnav:type>
        </extensions>
      </trkpt>
      <trkpt lat="34.757059" lon="-117.099817">
        <extensions>
          <leadnav:type>Serpentine</leadnav:type>
        </extensions>
      </trkpt>
      <trkpt lat="34.757052" lon="-117.099756">
        <extensions>
          <leadnav:type>Serpentine</leadnav:type>
        </extensions>
      </trkpt>
      <trkpt lat="34.757003" lon="-117.099601">
        <extensions>
          <leadnav:type>Serpentine</leadnav:type>
        </extensions>
      </trkpt>
      <trkpt lat="34.756939" lon="-117.099418">
        <extensions>
          <leadnav:type>Serpentine</leadnav:type>
        </extensions>
      </trkpt>
      <trkpt lat="34.756924" lon="-117.099322">
        <extensions>
          <leadnav:type>Serpentine</leadnav:type>
        </extensions>
      </trkpt>
      <trkpt lat="34.756913" lon="-117.098952">
        <extensions>
          <leadnav:type>Serpentine</leadnav:type>
        </extensions>
      </trkpt>
      <trkpt lat="34.757382" lon="-117.097909">
        <extensions>
          <leadnav:type>Serpentine</leadnav:type>
        </extensions>
      </trkpt>
      <trkpt lat="34.757480" lon="-117.097734">
        <extensions>
          <leadnav:type>Serpentine</leadnav:type>
        </extensions>
      </trkpt>
      <trkpt lat="34.757596" lon="-117.097590">
        <extensions>
          <leadnav:type>Serpentine</leadnav:type>
        </extensions>
      </trkpt>
      <trkpt lat="34.757640" lon="-117.097433">
        <extensions>
          <leadnav:type>Serpentine</leadnav:type>
        </extensions>
      </trkpt>
      <trkpt lat="34.757676" lon="-117.097335">
        <extensions>
          <leadnav:type>Serpentine</leadnav:type>
        </extensions>
      </trkpt>
      <trkpt lat="34.757740" lon="-117.097196">
        <extensions>
          <leadnav:type>Serpentine</leadnav:type>
        </extensions>
      </trkpt>
      <trkpt lat="34.757758" lon="-117.097025">
        <extensions>
          <leadnav:type>Serpentine</leadnav:type>
        </extensions>
      </trkpt>
      <trkpt lat="34.757776" lon="-117.096773">
        <extensions>
          <leadnav:type>Serpentine</leadnav:type>
        </extensions>
      </trkpt>
      <trkpt lat="34.757816" lon="-117.096397">
        <extensions>
          <leadnav:type>Serpentine</leadnav:type>
        </extensions>
      </trkpt>
      <trkpt lat="34.757812" lon="-117.096299">
        <extensions>
          <leadnav:type>Serpentine</leadnav:type>
        </extensions>
      </trkpt>
      <trkpt lat="34.757786" lon="-117.096208">
        <extensions>
          <leadnav:type>Serpentine</leadnav:type>
        </extensions>
      </trkpt>
      <trkpt lat="34.757698" lon="-117.095999">
        <extensions>
          <leadnav:type>Serpentine</leadnav:type>
        </extensions>
      </trkpt>
      <trkpt lat="34.757648" lon="-117.095900">
        <extensions>
          <leadnav:type>Serpentine</leadnav:type>
        </extensions>
      </trkpt>
      <trkpt lat="34.757579" lon="-117.095461">
        <extensions>
          <leadnav:type>Serpentine</leadnav:type>
        </extensions>
      </trkpt>
      <trkpt lat="34.757546" lon="-117.095307">
        <extensions>
          <leadnav:type>Serpentine</leadnav:type>
        </extensions>
      </trkpt>
      <trkpt lat="34.757464" lon="-117.095017">
        <extensions>
          <leadnav:type>Serpentine</leadnav:type>
        </extensions>
      </trkpt>
      <trkpt lat="34.757426" lon="-117.094868">
        <extensions>
          <leadnav:type>Serpentine</leadnav:type>
        </extensions>
      </trkpt>
      <trkpt lat="34.757407" lon="-117.094709">
        <extensions>
          <leadnav:type>Serpentine</leadnav:type>
        </extensions>
      </trkpt>
      <trkpt lat="34.757397" lon="-117.094551">
        <extensions>
          <leadnav:type>Serpentine</leadnav:type>
        </extensions>
      </trkpt>
      <trkpt lat="34.757374" lon="-117.094386">
        <extensions>
          <leadnav:type>Serpentine</leadnav:type>
        </extensions>
      </trkpt>
      <trkpt lat="34.757311" lon="-117.094038">
        <extensions>
          <leadnav:type>Serpentine</leadnav:type>
        </extensions>
      </trkpt>
      <trkpt lat="34.757292" lon="-117.093854">
        <extensions>
          <leadnav:type>Serpentine</leadnav:type>
        </extensions>
      </trkpt>
      <trkpt lat="34.757285" lon="-117.093670">
        <extensions>
          <leadnav:type>Serpentine</leadnav:type>
        </extensions>
      </trkpt>
      <trkpt lat="34.757300" lon="-117.093103">
        <extensions>
          <leadnav:type>Serpentine</leadnav:type>
        </extensions>
      </trkpt>
      <trkpt lat="34.757330" lon="-117.092738">
        <extensions>
          <leadnav:type>Serpentine</leadnav:type>
        </extensions>
      </trkpt>
      <trkpt lat="34.757359" lon="-117.092571">
        <extensions>
          <leadnav:type>Serpentine</leadnav:type>
        </extensions>
      </trkpt>
      <trkpt lat="34.757408" lon="-117.092410">
        <extensions>
          <leadnav:type>Serpentine</leadnav:type>
        </extensions>
      </trkpt>
      <trkpt lat="34.757477" lon="-117.092261">
        <extensions>
          <leadnav:type>Serpentine</leadnav:type>
        </extensions>
      </trkpt>
      <trkpt lat="34.757565" lon="-117.092120">
        <extensions>
          <leadnav:type>Serpentine</leadnav:type>
        </extensions>
      </trkpt>
      <trkpt lat="34.757885" lon="-117.091703">
        <extensions>
          <leadnav:type>Serpentine</leadnav:type>
        </extensions>
      </trkpt>
      <trkpt lat="34.758275" lon="-117.091295">
        <extensions>
          <leadnav:type>Serpentine</leadnav:type>
        </extensions>
      </trkpt>
      <trkpt lat="34.758396" lon="-117.091146">
        <extensions>
          <leadnav:type>Serpentine</leadnav:type>
        </extensions>
      </trkpt>
      <trkpt lat="34.758720" lon="-117.090647">
        <extensions>
          <leadnav:type>Serpentine</leadnav:type>
        </extensions>
      </trkpt>
      <trkpt lat="34.759046" lon="-117.090198">
        <extensions>
          <leadnav:type>Serpentine</leadnav:type>
        </extensions>
      </trkpt>
      <trkpt lat="34.759131" lon="-117.090059">
        <extensions>
          <leadnav:type>Serpentine</leadnav:type>
        </extensions>
      </trkpt>
      <trkpt lat="34.759196" lon="-117.089909">
        <extensions>
          <leadnav:type>Serpentine</leadnav:type>
        </extensions>
      </trkpt>
      <trkpt lat="34.759242" lon="-117.089749">
        <extensions>
          <leadnav:type>Serpentine</leadnav:type>
        </extensions>
      </trkpt>
      <trkpt lat="34.759278" lon="-117.089576">
        <extensions>
          <leadnav:type>Serpentine</leadnav:type>
        </extensions>
      </trkpt>
      <trkpt lat="34.759360" lon="-117.089006">
        <extensions>
          <leadnav:type>Serpentine</leadnav:type>
        </extensions>
      </trkpt>
      <trkpt lat="34.759395" lon="-117.088825">
        <extensions>
          <leadnav:type>Serpentine</leadnav:type>
        </extensions>
      </trkpt>
      <trkpt lat="34.759444" lon="-117.088648">
        <extensions>
          <leadnav:type>Serpentine</leadnav:type>
        </extensions>
      </trkpt>
      <trkpt lat="34.759857" lon="-117.087501">
        <extensions>
          <leadnav:type>Serpentine</leadnav:type>
        </extensions>
      </trkpt>
      <trkpt lat="34.759973" lon="-117.087128">
        <extensions>
          <leadnav:type>Serpentine</leadnav:type>
        </extensions>
      </trkpt>
      <trkpt lat="34.760200" lon="-117.086481">
        <extensions>
          <leadnav:type>Serpentine</leadnav:type>
        </extensions>
      </trkpt>
      <trkpt lat="34.760255" lon="-117.086122">
        <extensions>
          <leadnav:type>Serpentine</leadnav:type>
        </extensions>
      </trkpt>
      <trkpt lat="34.760285" lon="-117.086005">
        <extensions>
          <leadnav:type>Serpentine</leadnav:type>
        </extensions>
      </trkpt>
      <trkpt lat="34.760383" lon="-117.085854">
        <extensions>
          <leadnav:type>Serpentine</leadnav:type>
        </extensions>
      </trkpt>
      <trkpt lat="34.760444" lon="-117.085791">
        <extensions>
          <leadnav:type>Serpentine</leadnav:type>
        </extensions>
      </trkpt>
      <trkpt lat="34.760509" lon="-117.085732">
        <extensions>
          <leadnav:type>Serpentine</leadnav:type>
        </extensions>
      </trkpt>
      <trkpt lat="34.760579" lon="-117.085685">
        <extensions>
          <leadnav:type>Serpentine</leadnav:type>
        </extensions>
      </trkpt>
      <trkpt lat="34.760653" lon="-117.085648">
        <extensions>
          <leadnav:type>Serpentine</leadnav:type>
        </extensions>
      </trkpt>
      <trkpt lat="34.760821" lon="-117.085581">
        <extensions>
          <leadnav:type>Serpentine</leadnav:type>
        </extensions>
      </trkpt>
      <trkpt lat="34.760912" lon="-117.085540">
        <extensions>
          <leadnav:type>Serpentine</leadnav:type>
        </extensions>
      </trkpt>
      <trkpt lat="34.761348" lon="-117.085305">
        <extensions>
          <leadnav:type>Serpentine</leadnav:type>
        </extensions>
      </trkpt>
      <trkpt lat="34.761622" lon="-117.085168">
        <extensions>
          <leadnav:type>Serpentine</leadnav:type>
        </extensions>
      </trkpt>
      <trkpt lat="34.761877" lon="-117.085008">
        <extensions>
          <leadnav:type>Serpentine</leadnav:type>
        </extensions>
      </trkpt>
      <trkpt lat="34.762016" lon="-117.084942">
        <extensions>
          <leadnav:type>Serpentine</leadnav:type>
        </extensions>
      </trkpt>
      <trkpt lat="34.762334" lon="-117.084831">
        <extensions>
          <leadnav:type>Serpentine</leadnav:type>
        </extensions>
      </trkpt>
      <trkpt lat="34.762492" lon="-117.084762">
        <extensions>
          <leadnav:type>Serpentine</leadnav:type>
        </extensions>
      </trkpt>
      <trkpt lat="34.762800" lon="-117.084614">
        <extensions>
          <leadnav:type>Serpentine</leadnav:type>
        </extensions>
      </trkpt>
      <trkpt lat="34.762967" lon="-117.084556">
        <extensions>
          <leadnav:type>Serpentine</leadnav:type>
        </extensions>
      </trkpt>
      <trkpt lat="34.763144" lon="-117.084514">
        <extensions>
          <leadnav:type>Serpentine</leadnav:type>
        </extensions>
      </trkpt>
      <trkpt lat="34.763686" lon="-117.084426">
        <extensions>
          <leadnav:type>Serpentine</leadnav:type>
        </extensions>
      </trkpt>
      <trkpt lat="34.763844" lon="-117.084387">
        <extensions>
          <leadnav:type>Serpentine</leadnav:type>
        </extensions>
      </trkpt>
      <trkpt lat="34.763993" lon="-117.084324">
        <extensions>
          <leadnav:type>Serpentine</leadnav:type>
        </extensions>
      </trkpt>
      <trkpt lat="34.764468" lon="-117.084052">
        <extensions>
          <leadnav:type>Serpentine</leadnav:type>
        </extensions>
      </trkpt>
      <trkpt lat="34.764632" lon="-117.083978">
        <extensions>
          <leadnav:type>Serpentine</leadnav:type>
        </extensions>
      </trkpt>
      <trkpt lat="34.764800" lon="-117.083926">
        <extensions>
          <leadnav:type>Serpentine</leadnav:type>
        </extensions>
      </trkpt>
      <trkpt lat="34.765477" lon="-117.083790">
        <extensions>
          <leadnav:type>Serpentine</leadnav:type>
        </extensions>
      </trkpt>
      <trkpt lat="34.766079" lon="-117.083778">
        <extensions>
          <leadnav:type>Serpentine</leadnav:type>
        </extensions>
      </trkpt>
      <trkpt lat="34.766308" lon="-117.083799">
        <extensions>
          <leadnav:type>Serpentine</leadnav:type>
        </extensions>
      </trkpt>
      <trkpt lat="34.766375" lon="-117.083799">
        <extensions>
          <leadnav:type>Serpentine</leadnav:type>
        </extensions>
      </trkpt>
      <trkpt lat="34.766398" lon="-117.083775">
        <extensions>
          <leadnav:type>Serpentine</leadnav:type>
        </extensions>
      </trkpt>
      <trkpt lat="34.766412" lon="-117.083739">
        <extensions>
          <leadnav:type>Serpentine</leadnav:type>
        </extensions>
      </trkpt>
      <trkpt lat="34.766424" lon="-117.083696">
        <extensions>
          <leadnav:type>Serpentine</leadnav:type>
        </extensions>
      </trkpt>
      <trkpt lat="34.766424" lon="-117.083650">
        <extensions>
          <leadnav:type>Serpentine</leadnav:type>
        </extensions>
      </trkpt>
      <trkpt lat="34.766408" lon="-117.083601">
        <extensions>
          <leadnav:type>Serpentine</leadnav:type>
        </extensions>
      </trkpt>
      <trkpt lat="34.766358" lon="-117.083504">
        <extensions>
          <leadnav:type>Serpentine</leadnav:type>
        </extensions>
      </trkpt>
      <trkpt lat="34.766339" lon="-117.083471">
        <extensions>
          <leadnav:type>Serpentine</leadnav:type>
        </extensions>
      </trkpt>
      <trkpt lat="34.766319" lon="-117.083433">
        <extensions>
          <leadnav:type>Serpentine</leadnav:type>
        </extensions>
      </trkpt>
      <trkpt lat="34.766103" lon="-117.082910">
        <extensions>
          <leadnav:type>Serpentine</leadnav:type>
        </extensions>
      </trkpt>
      <trkpt lat="34.766063" lon="-117.082781">
        <extensions>
          <leadnav:type>Serpentine</leadnav:type>
        </extensions>
      </trkpt>
      <trkpt lat="34.766000" lon="-117.082480">
        <extensions>
          <leadnav:type>Serpentine</leadnav:type>
        </extensions>
      </trkpt>
      <trkpt lat="34.765977" lon="-117.082322">
        <extensions>
          <leadnav:type>Serpentine</leadnav:type>
        </extensions>
      </trkpt>
      <trkpt lat="34.765943" lon="-117.081888">
        <extensions>
          <leadnav:type>Serpentine</leadnav:type>
        </extensions>
      </trkpt>
      <trkpt lat="34.765899" lon="-117.081544">
        <extensions>
          <leadnav:type>Serpentine</leadnav:type>
        </extensions>
      </trkpt>
      <trkpt lat="34.765898" lon="-117.081418">
        <extensions>
          <leadnav:type>Serpentine</leadnav:type>
        </extensions>
      </trkpt>
      <trkpt lat="34.765901" lon="-117.081278">
        <extensions>
          <leadnav:type>Serpentine</leadnav:type>
        </extensions>
      </trkpt>
      <trkpt lat="34.765917" lon="-117.081131">
        <extensions>
          <leadnav:type>Serpentine</leadnav:type>
        </extensions>
      </trkpt>
      <trkpt lat="34.766046" lon="-117.080502">
        <extensions>
          <leadnav:type>Serpentine</leadnav:type>
        </extensions>
      </trkpt>
      <trkpt lat="34.766067" lon="-117.080373">
        <extensions>
          <leadnav:type>Serpentine</leadnav:type>
        </extensions>
      </trkpt>
      <trkpt lat="34.766077" lon="-117.080259">
        <extensions>
          <leadnav:type>Serpentine</leadnav:type>
        </extensions>
      </trkpt>
      <trkpt lat="34.766073" lon="-117.080147">
        <extensions>
          <leadnav:type>Serpentine</leadnav:type>
        </extensions>
      </trkpt>
      <trkpt lat="34.766061" lon="-117.080013">
        <extensions>
          <leadnav:type>Serpentine</leadnav:type>
        </extensions>
      </trkpt>
      <trkpt lat="34.766017" lon="-117.079715">
        <extensions>
          <leadnav:type>Serpentine</leadnav:type>
        </extensions>
      </trkpt>
      <trkpt lat="34.765984" lon="-117.079416">
        <extensions>
          <leadnav:type>Serpentine</leadnav:type>
        </extensions>
      </trkpt>
      <trkpt lat="34.765975" lon="-117.079260">
        <extensions>
          <leadnav:type>Serpentine</leadnav:type>
        </extensions>
      </trkpt>
      <trkpt lat="34.765970" lon="-117.079106">
        <extensions>
          <leadnav:type>Serpentine</leadnav:type>
        </extensions>
      </trkpt>
      <trkpt lat="34.765968" lon="-117.078656">
        <extensions>
          <leadnav:type>Serpentine</leadnav:type>
        </extensions>
      </trkpt>
      <trkpt lat="34.765989" lon="-117.078184">
        <extensions>
          <leadnav:type>Serpentine</leadnav:type>
        </extensions>
      </trkpt>
      <trkpt lat="34.765994" lon="-117.077892">
        <extensions>
          <leadnav:type>Serpentine</leadnav:type>
        </extensions>
      </trkpt>
      <trkpt lat="34.766007" lon="-117.077736">
        <extensions>
          <leadnav:type>Serpentine</leadnav:type>
        </extensions>
      </trkpt>
      <trkpt lat="34.766189" lon="-117.076600">
        <extensions>
          <leadnav:type>Serpentine</leadnav:type>
        </extensions>
      </trkpt>
      <trkpt lat="34.766208" lon="-117.076459">
        <extensions>
          <leadnav:type>Serpentine</leadnav:type>
        </extensions>
      </trkpt>
      <trkpt lat="34.766218" lon="-117.076342">
        <extensions>
          <leadnav:type>Serpentine</leadnav:type>
        </extensions>
      </trkpt>
      <trkpt lat="34.766238" lon="-117.076191">
        <extensions>
          <leadnav:type>Serpentine</leadnav:type>
        </extensions>
      </trkpt>
      <trkpt lat="34.766241" lon="-117.076125">
        <extensions>
          <leadnav:type>Serpentine</leadnav:type>
        </extensions>
      </trkpt>
      <trkpt lat="34.766246" lon="-117.076054">
        <extensions>
          <leadnav:type>Serpentine</leadnav:type>
        </extensions>
      </trkpt>
      <trkpt lat="34.766252" lon="-117.075844">
        <extensions>
          <leadnav:type>Serpentine</leadnav:type>
        </extensions>
      </trkpt>
      <trkpt lat="34.766243" lon="-117.075722">
        <extensions>
          <leadnav:type>Serpentine</leadnav:type>
        </extensions>
      </trkpt>
      <trkpt lat="34.766186" lon="-117.075394">
        <extensions>
          <leadnav:type>Serpentine</leadnav:type>
        </extensions>
      </trkpt>
      <trkpt lat="34.766174" lon="-117.075310">
        <extensions>
          <leadnav:type>Serpentine</leadnav:type>
        </extensions>
      </trkpt>
      <trkpt lat="34.766146" lon="-117.074979">
        <extensions>
          <leadnav:type>Serpentine</leadnav:type>
        </extensions>
      </trkpt>
      <trkpt lat="34.766124" lon="-117.074840">
        <extensions>
          <leadnav:type>Serpentine</leadnav:type>
        </extensions>
      </trkpt>
      <trkpt lat="34.766097" lon="-117.074695">
        <extensions>
          <leadnav:type>Serpentine</leadnav:type>
        </extensions>
      </trkpt>
      <trkpt lat="34.766039" lon="-117.074290">
        <extensions>
          <leadnav:type>Serpentine</leadnav:type>
        </extensions>
      </trkpt>
      <trkpt lat="34.766029" lon="-117.074144">
        <extensions>
          <leadnav:type>Serpentine</leadnav:type>
        </extensions>
      </trkpt>
      <trkpt lat="34.766007" lon="-117.073684">
        <extensions>
          <leadnav:type>Serpentine</leadnav:type>
        </extensions>
      </trkpt>
      <trkpt lat="34.765980" lon="-117.073659">
        <extensions>
          <leadnav:type>Serpentine</leadnav:type>
        </extensions>
      </trkpt>
      <trkpt lat="34.765879" lon="-117.073622">
        <extensions>
          <leadnav:type>Serpentine</leadnav:type>
        </extensions>
      </trkpt>
      <trkpt lat="34.765799" lon="-117.073582">
        <extensions>
          <leadnav:type>Serpentine</leadnav:type>
        </extensions>
      </trkpt>
      <trkpt lat="34.765129" lon="-117.073170">
        <extensions>
          <leadnav:type>Serpentine</leadnav:type>
        </extensions>
      </trkpt>
      <trkpt lat="34.764759" lon="-117.072955">
        <extensions>
          <leadnav:type>Serpentine</leadnav:type>
        </extensions>
      </trkpt>
      <trkpt lat="34.764559" lon="-117.072824">
        <extensions>
          <leadnav:type>Serpentine</leadnav:type>
        </extensions>
      </trkpt>
      <trkpt lat="34.764357" lon="-117.072668">
        <extensions>
          <leadnav:type>Serpentine</leadnav:type>
        </extensions>
      </trkpt>
      <trkpt lat="34.764056" lon="-117.072393">
        <extensions>
          <leadnav:type>Serpentine</leadnav:type>
        </extensions>
      </trkpt>
      <trkpt lat="34.763842" lon="-117.072179">
        <extensions>
          <leadnav:type>Serpentine</leadnav:type>
        </extensions>
      </trkpt>
      <trkpt lat="34.763315" lon="-117.071601">
        <extensions>
          <leadnav:type>Serpentine</leadnav:type>
        </extensions>
      </trkpt>
      <trkpt lat="34.763057" lon="-117.071346">
        <extensions>
          <leadnav:type>Serpentine</leadnav:type>
        </extensions>
      </trkpt>
      <trkpt lat="34.762403" lon="-117.070897">
        <extensions>
          <leadnav:type>Serpentine</leadnav:type>
        </extensions>
      </trkpt>
      <trkpt lat="34.761967" lon="-117.070654">
        <extensions>
          <leadnav:type>Serpentine</leadnav:type>
        </extensions>
      </trkpt>
      <trkpt lat="34.761866" lon="-117.070604">
        <extensions>
          <leadnav:type>Serpentine</leadnav:type>
        </extensions>
      </trkpt>
      <trkpt lat="34.761435" lon="-117.070361">
        <extensions>
          <leadnav:type>Serpentine</leadnav:type>
        </extensions>
      </trkpt>
      <trkpt lat="34.760989" lon="-117.070116">
        <extensions>
          <leadnav:type>Serpentine</leadnav:type>
        </extensions>
      </trkpt>
      <trkpt lat="34.760415" lon="-117.069910">
        <extensions>
          <leadnav:type>Serpentine</leadnav:type>
        </extensions>
      </trkpt>
      <trkpt lat="34.759444" lon="-117.069518">
        <extensions>
          <leadnav:type>Serpentine</leadnav:type>
        </extensions>
      </trkpt>
      <trkpt lat="34.759363" lon="-117.069458">
        <extensions>
          <leadnav:type>Serpentine</leadnav:type>
        </extensions>
      </trkpt>
      <trkpt lat="34.759111" lon="-117.069323">
        <extensions>
          <leadnav:type>Serpentine</leadnav:type>
        </extensions>
      </trkpt>
      <trkpt lat="34.758826" lon="-117.069229">
        <extensions>
          <leadnav:type>Serpentine</leadnav:type>
        </extensions>
      </trkpt>
      <trkpt lat="34.758166" lon="-117.069038">
        <extensions>
          <leadnav:type>Serpentine</leadnav:type>
        </extensions>
      </trkpt>
      <trkpt lat="34.758056" lon="-117.069012">
        <extensions>
          <leadnav:type>Serpentine</leadnav:type>
        </extensions>
      </trkpt>
      <trkpt lat="34.757837" lon="-117.068947">
        <extensions>
          <leadnav:type>Serpentine</leadnav:type>
        </extensions>
      </trkpt>
      <trkpt lat="34.757111" lon="-117.068696">
        <extensions>
          <leadnav:type>Serpentine</leadnav:type>
        </extensions>
      </trkpt>
      <trkpt lat="34.756782" lon="-117.068567">
        <extensions>
          <leadnav:type>Serpentine</leadnav:type>
        </extensions>
      </trkpt>
      <trkpt lat="34.752884" lon="-117.067086">
        <extensions>
          <leadnav:type>Serpentine</leadnav:type>
        </extensions>
      </trkpt>
      <trkpt lat="34.752496" lon="-117.067038">
        <extensions>
          <leadnav:type>Serpentine</leadnav:type>
        </extensions>
      </trkpt>
      <trkpt lat="34.752244" lon="-117.067096">
        <extensions>
          <leadnav:type>Serpentine</leadnav:type>
        </extensions>
      </trkpt>
      <trkpt lat="34.752131" lon="-117.067141">
        <extensions>
          <leadnav:type>Serpentine</leadnav:type>
        </extensions>
      </trkpt>
      <trkpt lat="34.752036" lon="-117.067179">
        <extensions>
          <leadnav:type>Serpentine</leadnav:type>
        </extensions>
      </trkpt>
      <trkpt lat="34.751926" lon="-117.067260">
        <extensions>
          <leadnav:type>Serpentine</leadnav:type>
        </extensions>
      </trkpt>
      <trkpt lat="34.751819" lon="-117.067365">
        <extensions>
          <leadnav:type>Serpentine</leadnav:type>
        </extensions>
      </trkpt>
      <trkpt lat="34.751662" lon="-117.067534">
        <extensions>
          <leadnav:type>Serpentine</leadnav:type>
        </extensions>
      </trkpt>
      <trkpt lat="34.751518" lon="-117.067733">
        <extensions>
          <leadnav:type>Serpentine</leadnav:type>
        </extensions>
      </trkpt>
      <trkpt lat="34.751369" lon="-117.067972">
        <extensions>
          <leadnav:type>Serpentine</leadnav:type>
        </extensions>
      </trkpt>
      <trkpt lat="34.751175" lon="-117.068414">
        <extensions>
          <leadnav:type>Serpentine</leadnav:type>
        </extensions>
      </trkpt>
      <trkpt lat="34.751004" lon="-117.068810">
        <extensions>
          <leadnav:type>Serpentine</leadnav:type>
        </extensions>
      </trkpt>
      <trkpt lat="34.750840" lon="-117.069155">
        <extensions>
          <leadnav:type>Serpentine</leadnav:type>
        </extensions>
      </trkpt>
      <trkpt lat="34.750556" lon="-117.069512">
        <extensions>
          <leadnav:type>Serpentine</leadnav:type>
        </extensions>
      </trkpt>
      <trkpt lat="34.750253" lon="-117.069725">
        <extensions>
          <leadnav:type>Serpentine</leadnav:type>
        </extensions>
      </trkpt>
      <trkpt lat="34.749936" lon="-117.069958">
        <extensions>
          <leadnav:type>Serpentine</leadnav:type>
        </extensions>
      </trkpt>
      <trkpt lat="34.749669" lon="-117.070111">
        <extensions>
          <leadnav:type>Serpentine</leadnav:type>
        </extensions>
      </trkpt>
      <trkpt lat="34.749357" lon="-117.070328">
        <extensions>
          <leadnav:type>Serpentine</leadnav:type>
        </extensions>
      </trkpt>
      <trkpt lat="34.749099" lon="-117.070698">
        <extensions>
          <leadnav:type>Serpentine</leadnav:type>
        </extensions>
      </trkpt>
      <trkpt lat="34.748954" lon="-117.070875">
        <extensions>
          <leadnav:type>Serpentine</leadnav:type>
        </extensions>
      </trkpt>
      <trkpt lat="34.748802" lon="-117.071133">
        <extensions>
          <leadnav:type>Serpentine</leadnav:type>
        </extensions>
      </trkpt>
      <trkpt lat="34.748724" lon="-117.071276">
        <extensions>
          <leadnav:type>Serpentine</leadnav:type>
        </extensions>
      </trkpt>
      <trkpt lat="34.748638" lon="-117.071425">
        <extensions>
          <leadnav:type>Serpentine</leadnav:type>
        </extensions>
      </trkpt>
      <trkpt lat="34.748412" lon="-117.072022">
        <extensions>
          <leadnav:type>Serpentine</leadnav:type>
        </extensions>
      </trkpt>
      <trkpt lat="34.748171" lon="-117.072379">
        <extensions>
          <leadnav:type>Serpentine</leadnav:type>
        </extensions>
      </trkpt>
      <trkpt lat="34.748037" lon="-117.072647">
        <extensions>
          <leadnav:type>Serpentine</leadnav:type>
        </extensions>
      </trkpt>
      <trkpt lat="34.747990" lon="-117.072776">
        <extensions>
          <leadnav:type>Serpentine</leadnav:type>
        </extensions>
      </trkpt>
      <trkpt lat="34.747956" lon="-117.073035">
        <extensions>
          <leadnav:type>Serpentine</leadnav:type>
        </extensions>
      </trkpt>
      <trkpt lat="34.748016" lon="-117.073645">
        <extensions>
          <leadnav:type>Serpentine</leadnav:type>
        </extensions>
      </trkpt>
      <trkpt lat="34.748015" lon="-117.073808">
        <extensions>
          <leadnav:type>Serpentine</leadnav:type>
        </extensions>
      </trkpt>
      <trkpt lat="34.748003" lon="-117.073959">
        <extensions>
          <leadnav:type>Serpentine</leadnav:type>
        </extensions>
      </trkpt>
      <trkpt lat="34.747933" lon="-117.074430">
        <extensions>
          <leadnav:type>Serpentine</leadnav:type>
        </extensions>
      </trkpt>
      <trkpt lat="34.747920" lon="-117.074587">
        <extensions>
          <leadnav:type>Serpentine</leadnav:type>
        </extensions>
      </trkpt>
      <trkpt lat="34.747897" lon="-117.074738">
        <extensions>
          <leadnav:type>Serpentine</leadnav:type>
        </extensions>
      </trkpt>
      <trkpt lat="34.747785" lon="-117.075012">
        <extensions>
          <leadnav:type>Serpentine</leadnav:type>
        </extensions>
      </trkpt>
      <trkpt lat="34.747617" lon="-117.075261">
        <extensions>
          <leadnav:type>Serpentine</leadnav:type>
        </extensions>
      </trkpt>
      <trkpt lat="34.747426" lon="-117.075465">
        <extensions>
          <leadnav:type>Serpentine</leadnav:type>
        </extensions>
      </trkpt>
      <trkpt lat="34.747235" lon="-117.075838">
        <extensions>
          <leadnav:type>Serpentine</leadnav:type>
        </extensions>
      </trkpt>
      <trkpt lat="34.747185" lon="-117.075969">
        <extensions>
          <leadnav:type>Serpentine</leadnav:type>
        </extensions>
      </trkpt>
      <trkpt lat="34.746817" lon="-117.076469">
        <extensions>
          <leadnav:type>Serpentine</leadnav:type>
        </extensions>
      </trkpt>
      <trkpt lat="34.746651" lon="-117.076724">
        <extensions>
          <leadnav:type>Serpentine</leadnav:type>
        </extensions>
      </trkpt>
      <trkpt lat="34.746521" lon="-117.076983">
        <extensions>
          <leadnav:type>Serpentine</leadnav:type>
        </extensions>
      </trkpt>
      <trkpt lat="34.746431" lon="-117.077224">
        <extensions>
          <leadnav:type>Serpentine</leadnav:type>
        </extensions>
      </trkpt>
      <trkpt lat="34.746401" lon="-117.077331">
        <extensions>
          <leadnav:type>Serpentine</leadnav:type>
        </extensions>
      </trkpt>
      <trkpt lat="34.746391" lon="-117.077442">
        <extensions>
          <leadnav:type>Serpentine</leadnav:type>
        </extensions>
      </trkpt>
      <trkpt lat="34.746405" lon="-117.077653">
        <extensions>
          <leadnav:type>Serpentine</leadnav:type>
        </extensions>
      </trkpt>
      <trkpt lat="34.746409" lon="-117.077748">
        <extensions>
          <leadnav:type>Serpentine</leadnav:type>
        </extensions>
      </trkpt>
      <trkpt lat="34.746398" lon="-117.077848">
        <extensions>
          <leadnav:type>Serpentine</leadnav:type>
        </extensions>
      </trkpt>
      <trkpt lat="34.746368" lon="-117.077930">
        <extensions>
          <leadnav:type>Serpentine</leadnav:type>
        </extensions>
      </trkpt>
      <trkpt lat="34.746319" lon="-117.078006">
        <extensions>
          <leadnav:type>Serpentine</leadnav:type>
        </extensions>
      </trkpt>
      <trkpt lat="34.746261" lon="-117.078073">
        <extensions>
          <leadnav:type>Serpentine</leadnav:type>
        </extensions>
      </trkpt>
      <trkpt lat="34.745939" lon="-117.078214">
        <extensions>
          <leadnav:type>Serpentine</leadnav:type>
        </extensions>
      </trkpt>
      <trkpt lat="34.745744" lon="-117.078272">
        <extensions>
          <leadnav:type>Serpentine</leadnav:type>
        </extensions>
      </trkpt>
      <trkpt lat="34.745537" lon="-117.078326">
        <extensions>
          <leadnav:type>Serpentine</leadnav:type>
        </extensions>
      </trkpt>
      <trkpt lat="34.745483" lon="-117.078348">
        <extensions>
          <leadnav:type>Serpentine</leadnav:type>
        </extensions>
      </trkpt>
      <trkpt lat="34.745426" lon="-117.078387">
        <extensions>
          <leadnav:type>Serpentine</leadnav:type>
        </extensions>
      </trkpt>
      <trkpt lat="34.745322" lon="-117.078527">
        <extensions>
          <leadnav:type>Serpentine</leadnav:type>
        </extensions>
      </trkpt>
      <trkpt lat="34.745180" lon="-117.079063">
        <extensions>
          <leadnav:type>Serpentine</leadnav:type>
        </extensions>
      </trkpt>
      <trkpt lat="34.744992" lon="-117.079464">
        <extensions>
          <leadnav:type>Serpentine</leadnav:type>
        </extensions>
      </trkpt>
      <trkpt lat="34.744766" lon="-117.079894">
        <extensions>
          <leadnav:type>Serpentine</leadnav:type>
        </extensions>
      </trkpt>
      <trkpt lat="34.744590" lon="-117.080176">
        <extensions>
          <leadnav:type>Serpentine</leadnav:type>
        </extensions>
      </trkpt>
      <trkpt lat="34.744513" lon="-117.080255">
        <extensions>
          <leadnav:type>Serpentine</leadnav:type>
        </extensions>
      </trkpt>
      <trkpt lat="34.744436" lon="-117.080322">
        <extensions>
          <leadnav:type>Serpentine</leadnav:type>
        </extensions>
      </trkpt>
      <trkpt lat="34.744285" lon="-117.080513">
        <extensions>
          <leadnav:type>Serpentine</leadnav:type>
        </extensions>
      </trkpt>
      <trkpt lat="34.744216" lon="-117.080615">
        <extensions>
          <leadnav:type>Serpentine</leadnav:type>
        </extensions>
      </trkpt>
      <trkpt lat="34.744111" lon="-117.080855">
        <extensions>
          <leadnav:type>Serpentine</leadnav:type>
        </extensions>
      </trkpt>
      <trkpt lat="34.744055" lon="-117.080966">
        <extensions>
          <leadnav:type>Serpentine</leadnav:type>
        </extensions>
      </trkpt>
      <trkpt lat="34.744029" lon="-117.081034">
        <extensions>
          <leadnav:type>Serpentine</leadnav:type>
        </extensions>
      </trkpt>
      <trkpt lat="34.743973" lon="-117.081108">
        <extensions>
          <leadnav:type>Serpentine</leadnav:type>
        </extensions>
      </trkpt>
      <trkpt lat="34.743504" lon="-117.081627">
        <extensions>
          <leadnav:type>Serpentine</leadnav:type>
        </extensions>
      </trkpt>
      <trkpt lat="34.743384" lon="-117.081784">
        <extensions>
          <leadnav:type>Serpentine</leadnav:type>
        </extensions>
      </trkpt>
      <trkpt lat="34.743274" lon="-117.081952">
        <extensions>
          <leadnav:type>Serpentine</leadnav:type>
        </extensions>
      </trkpt>
      <trkpt lat="34.742883" lon="-117.082668">
        <extensions>
          <leadnav:type>Serpentine</leadnav:type>
        </extensions>
      </trkpt>
      <trkpt lat="34.742771" lon="-117.082856">
        <extensions>
          <leadnav:type>Serpentine</leadnav:type>
        </extensions>
      </trkpt>
      <trkpt lat="34.742665" lon="-117.083048">
        <extensions>
          <leadnav:type>Serpentine</leadnav:type>
        </extensions>
      </trkpt>
      <trkpt lat="34.742587" lon="-117.083244">
        <extensions>
          <leadnav:type>Serpentine</leadnav:type>
        </extensions>
      </trkpt>
      <trkpt lat="34.742552" lon="-117.083442">
        <extensions>
          <leadnav:type>Serpentine</leadnav:type>
        </extensions>
      </trkpt>
      <trkpt lat="34.742533" lon="-117.083624">
        <extensions>
          <leadnav:type>Serpentine</leadnav:type>
        </extensions>
      </trkpt>
      <trkpt lat="34.742501" lon="-117.083783">
        <extensions>
          <leadnav:type>Serpentine</leadnav:type>
        </extensions>
      </trkpt>
      <trkpt lat="34.742450" lon="-117.083920">
        <extensions>
          <leadnav:type>Serpentine</leadnav:type>
        </extensions>
      </trkpt>
      <trkpt lat="34.742376" lon="-117.084044">
        <extensions>
          <leadnav:type>Serpentine</leadnav:type>
        </extensions>
      </trkpt>
      <trkpt lat="34.742008" lon="-117.084591">
        <extensions>
          <leadnav:type>Serpentine</leadnav:type>
        </extensions>
      </trkpt>
      <trkpt lat="34.741918" lon="-117.084798">
        <extensions>
          <leadnav:type>Serpentine</leadnav:type>
        </extensions>
      </trkpt>
      <trkpt lat="34.741891" lon="-117.084892">
        <extensions>
          <leadnav:type>Serpentine</leadnav:type>
        </extensions>
      </trkpt>
      <trkpt lat="34.741869" lon="-117.084997">
        <extensions>
          <leadnav:type>Serpentine</leadnav:type>
        </extensions>
      </trkpt>
      <trkpt lat="34.741796" lon="-117.085248">
        <extensions>
          <leadnav:type>Serpentine</leadnav:type>
        </extensions>
      </trkpt>
      <trkpt lat="34.741736" lon="-117.085387">
        <extensions>
          <leadnav:type>Serpentine</leadnav:type>
        </extensions>
      </trkpt>
      <trkpt lat="34.741660" lon="-117.085529">
        <extensions>
          <leadnav:type>Serpentine</leadnav:type>
        </extensions>
      </trkpt>
      <trkpt lat="34.741572" lon="-117.085669">
        <extensions>
          <leadnav:type>Serpentine</leadnav:type>
        </extensions>
      </trkpt>
      <trkpt lat="34.741388" lon="-117.085925">
        <extensions>
          <leadnav:type>Serpentine</leadnav:type>
        </extensions>
      </trkpt>
      <trkpt lat="34.741267" lon="-117.086117">
        <extensions>
          <leadnav:type>Serpentine</leadnav:type>
        </extensions>
      </trkpt>
      <trkpt lat="34.741223" lon="-117.086174">
        <extensions>
          <leadnav:type>Serpentine</leadnav:type>
        </extensions>
      </trkpt>
      <trkpt lat="34.741146" lon="-117.086262">
        <extensions>
          <leadnav:type>Serpentine</leadnav:type>
        </extensions>
      </trkpt>
      <trkpt lat="34.741103" lon="-117.086329">
        <extensions>
          <leadnav:type>Serpentine</leadnav:type>
        </extensions>
      </trkpt>
      <trkpt lat="34.740995" lon="-117.086517">
        <extensions>
          <leadnav:type>Serpentine</leadnav:type>
        </extensions>
      </trkpt>
      <trkpt lat="34.740933" lon="-117.086632">
        <extensions>
          <leadnav:type>Serpentine</leadnav:type>
        </extensions>
      </trkpt>
      <trkpt lat="34.740813" lon="-117.086919">
        <extensions>
          <leadnav:type>Serpentine</leadnav:type>
        </extensions>
      </trkpt>
      <trkpt lat="34.740514" lon="-117.087272">
        <extensions>
          <leadnav:type>Serpentine</leadnav:type>
        </extensions>
      </trkpt>
      <trkpt lat="34.740411" lon="-117.087379">
        <extensions>
          <leadnav:type>Serpentine</leadnav:type>
        </extensions>
      </trkpt>
      <trkpt lat="34.740300" lon="-117.087479">
        <extensions>
          <leadnav:type>Serpentine</leadnav:type>
        </extensions>
      </trkpt>
      <trkpt lat="34.739672" lon="-117.087979">
        <extensions>
          <leadnav:type>Serpentine</leadnav:type>
        </extensions>
      </trkpt>
      <trkpt lat="34.739549" lon="-117.088113">
        <extensions>
          <leadnav:type>Serpentine</leadnav:type>
        </extensions>
      </trkpt>
      <trkpt lat="34.739399" lon="-117.088206">
        <extensions>
          <leadnav:type>Serpentine</leadnav:type>
        </extensions>
      </trkpt>
      <trkpt lat="34.739106" lon="-117.088403">
        <extensions>
          <leadnav:type>Serpentine</leadnav:type>
        </extensions>
      </trkpt>
      <trkpt lat="34.738851" lon="-117.088604">
        <extensions>
          <leadnav:type>Serpentine</leadnav:type>
        </extensions>
      </trkpt>
      <trkpt lat="34.738707" lon="-117.088845">
        <extensions>
          <leadnav:type>Serpentine</leadnav:type>
        </extensions>
      </trkpt>
      <trkpt lat="34.738663" lon="-117.088977">
        <extensions>
          <leadnav:type>Serpentine</leadnav:type>
        </extensions>
      </trkpt>
      <trkpt lat="34.738626" lon="-117.089120">
        <extensions>
          <leadnav:type>Serpentine</leadnav:type>
        </extensions>
      </trkpt>
      <trkpt lat="34.738600" lon="-117.089257">
        <extensions>
          <leadnav:type>Serpentine</leadnav:type>
        </extensions>
      </trkpt>
      <trkpt lat="34.738603" lon="-117.089378">
        <extensions>
          <leadnav:type>Serpentine</leadnav:type>
        </extensions>
      </trkpt>
      <trkpt lat="34.738628" lon="-117.089516">
        <extensions>
          <leadnav:type>Serpentine</leadnav:type>
        </extensions>
      </trkpt>
      <trkpt lat="34.738625" lon="-117.089689">
        <extensions>
          <leadnav:type>Serpentine</leadnav:type>
        </extensions>
      </trkpt>
      <trkpt lat="34.738560" lon="-117.090164">
        <extensions>
          <leadnav:type>Serpentine</leadnav:type>
        </extensions>
      </trkpt>
      <trkpt lat="34.738541" lon="-117.090331">
        <extensions>
          <leadnav:type>Serpentine</leadnav:type>
        </extensions>
      </trkpt>
      <trkpt lat="34.738501" lon="-117.090501">
        <extensions>
          <leadnav:type>Serpentine</leadnav:type>
        </extensions>
      </trkpt>
      <trkpt lat="34.738365" lon="-117.090809">
        <extensions>
          <leadnav:type>Serpentine</leadnav:type>
        </extensions>
      </trkpt>
      <trkpt lat="34.738310" lon="-117.090967">
        <extensions>
          <leadnav:type>Serpentine</leadnav:type>
        </extensions>
      </trkpt>
      <trkpt lat="34.738287" lon="-117.091134">
        <extensions>
          <leadnav:type>Serpentine</leadnav:type>
        </extensions>
      </trkpt>
      <trkpt lat="34.738255" lon="-117.091599">
        <extensions>
          <leadnav:type>Serpentine</leadnav:type>
        </extensions>
      </trkpt>
      <trkpt lat="34.738199" lon="-117.091715">
        <extensions>
          <leadnav:type>Serpentine</leadnav:type>
        </extensions>
      </trkpt>
      <trkpt lat="34.738157" lon="-117.091820">
        <extensions>
          <leadnav:type>Serpentine</leadnav:type>
        </extensions>
      </trkpt>
      <trkpt lat="34.738046" lon="-117.092016">
        <extensions>
          <leadnav:type>Serpentine</leadnav:type>
        </extensions>
      </trkpt>
      <trkpt lat="34.737997" lon="-117.092119">
        <extensions>
          <leadnav:type>Serpentine</leadnav:type>
        </extensions>
      </trkpt>
      <trkpt lat="34.737757" lon="-117.092749">
        <extensions>
          <leadnav:type>Serpentine</leadnav:type>
        </extensions>
      </trkpt>
      <trkpt lat="34.737706" lon="-117.092900">
        <extensions>
          <leadnav:type>Serpentine</leadnav:type>
        </extensions>
      </trkpt>
      <trkpt lat="34.737658" lon="-117.093054">
        <extensions>
          <leadnav:type>Serpentine</leadnav:type>
        </extensions>
      </trkpt>
      <trkpt lat="34.737615" lon="-117.093210">
        <extensions>
          <leadnav:type>Serpentine</leadnav:type>
        </extensions>
      </trkpt>
      <trkpt lat="34.737547" lon="-117.093508">
        <extensions>
          <leadnav:type>Serpentine</leadnav:type>
        </extensions>
      </trkpt>
      <trkpt lat="34.737537" lon="-117.093640">
        <extensions>
          <leadnav:type>Serpentine</leadnav:type>
        </extensions>
      </trkpt>
      <trkpt lat="34.737477" lon="-117.093964">
        <extensions>
          <leadnav:type>Serpentine</leadnav:type>
        </extensions>
      </trkpt>
      <trkpt lat="34.737452" lon="-117.094154">
        <extensions>
          <leadnav:type>Serpentine</leadnav:type>
        </extensions>
      </trkpt>
      <trkpt lat="34.737446" lon="-117.094247">
        <extensions>
          <leadnav:type>Serpentine</leadnav:type>
        </extensions>
      </trkpt>
      <trkpt lat="34.737451" lon="-117.094428">
        <extensions>
          <leadnav:type>Serpentine</leadnav:type>
        </extensions>
      </trkpt>
      <trkpt lat="34.737422" lon="-117.094611">
        <extensions>
          <leadnav:type>Serpentine</leadnav:type>
        </extensions>
      </trkpt>
      <trkpt lat="34.737390" lon="-117.094695">
        <extensions>
          <leadnav:type>Serpentine</leadnav:type>
        </extensions>
      </trkpt>
      <trkpt lat="34.737339" lon="-117.094758">
        <extensions>
          <leadnav:type>Serpentine</leadnav:type>
        </extensions>
      </trkpt>
      <trkpt lat="34.737291" lon="-117.094809">
        <extensions>
          <leadnav:type>Serpentine</leadnav:type>
        </extensions>
      </trkpt>
      <trkpt lat="34.737260" lon="-117.094857">
        <extensions>
          <leadnav:type>Serpentine</leadnav:type>
        </extensions>
      </trkpt>
      <trkpt lat="34.737194" lon="-117.094989">
        <extensions>
          <leadnav:type>Serpentine</leadnav:type>
        </extensions>
      </trkpt>
      <trkpt lat="34.737180" lon="-117.095040">
        <extensions>
          <leadnav:type>Serpentine</leadnav:type>
        </extensions>
      </trkpt>
      <trkpt lat="34.737159" lon="-117.095085">
        <extensions>
          <leadnav:type>Serpentine</leadnav:type>
        </extensions>
      </trkpt>
      <trkpt lat="34.737157" lon="-117.095127">
        <extensions>
          <leadnav:type>Serpentine</leadnav:type>
        </extensions>
      </trkpt>
      <trkpt lat="34.737151" lon="-117.095175">
        <extensions>
          <leadnav:type>Serpentine</leadnav:type>
        </extensions>
      </trkpt>
      <trkpt lat="34.737062" lon="-117.095368">
        <extensions>
          <leadnav:type>Serpentine</leadnav:type>
        </extensions>
      </trkpt>
      <trkpt lat="34.737043" lon="-117.095440">
        <extensions>
          <leadnav:type>Serpentine</leadnav:type>
        </extensions>
      </trkpt>
      <trkpt lat="34.737036" lon="-117.095513">
        <extensions>
          <leadnav:type>Serpentine</leadnav:type>
        </extensions>
      </trkpt>
      <trkpt lat="34.737002" lon="-117.095591">
        <extensions>
          <leadnav:type>Serpentine</leadnav:type>
        </extensions>
      </trkpt>
      <trkpt lat="34.736997" lon="-117.095656">
        <extensions>
          <leadnav:type>Serpentine</leadnav:type>
        </extensions>
      </trkpt>
      <trkpt lat="34.737014" lon="-117.095744">
        <extensions>
          <leadnav:type>Serpentine</leadnav:type>
        </extensions>
      </trkpt>
      <trkpt lat="34.737013" lon="-117.095841">
        <extensions>
          <leadnav:type>Serpentine</leadnav:type>
        </extensions>
      </trkpt>
      <trkpt lat="34.736989" lon="-117.095946">
        <extensions>
          <leadnav:type>Serpentine</leadnav:type>
        </extensions>
      </trkpt>
      <trkpt lat="34.736944" lon="-117.096052">
        <extensions>
          <leadnav:type>Serpentine</leadnav:type>
        </extensions>
      </trkpt>
      <trkpt lat="34.736690" lon="-117.096565">
        <extensions>
          <leadnav:type>Serpentine</leadnav:type>
        </extensions>
      </trkpt>
      <trkpt lat="34.736565" lon="-117.096783">
        <extensions>
          <leadnav:type>Serpentine</leadnav:type>
        </extensions>
      </trkpt>
      <trkpt lat="34.736505" lon="-117.096905">
        <extensions>
          <leadnav:type>Serpentine</leadnav:type>
        </extensions>
      </trkpt>
      <trkpt lat="34.736458" lon="-117.097039">
        <extensions>
          <leadnav:type>Serpentine</leadnav:type>
        </extensions>
      </trkpt>
      <trkpt lat="34.736421" lon="-117.097178">
        <extensions>
          <leadnav:type>Serpentine</leadnav:type>
        </extensions>
      </trkpt>
      <trkpt lat="34.736410" lon="-117.097333">
        <extensions>
          <leadnav:type>Serpentine</leadnav:type>
        </extensions>
      </trkpt>
      <trkpt lat="34.736365" lon="-117.097487">
        <extensions>
          <leadnav:type>Serpentine</leadnav:type>
        </extensions>
      </trkpt>
      <trkpt lat="34.736299" lon="-117.097645">
        <extensions>
          <leadnav:type>Serpentine</leadnav:type>
        </extensions>
      </trkpt>
      <trkpt lat="34.736182" lon="-117.097993">
        <extensions>
          <leadnav:type>Serpentine</leadnav:type>
        </extensions>
      </trkpt>
      <trkpt lat="34.736090" lon="-117.098140">
        <extensions>
          <leadnav:type>Serpentine</leadnav:type>
        </extensions>
      </trkpt>
      <trkpt lat="34.735625" lon="-117.099178">
        <extensions>
          <leadnav:type>Serpentine</leadnav:type>
        </extensions>
      </trkpt>
      <trkpt lat="34.735472" lon="-117.099627">
        <extensions>
          <leadnav:type>Serpentine</leadnav:type>
        </extensions>
      </trkpt>
      <trkpt lat="34.735421" lon="-117.099766">
        <extensions>
          <leadnav:type>Serpentine</leadnav:type>
        </extensions>
      </trkpt>
      <trkpt lat="34.735406" lon="-117.099891">
        <extensions>
          <leadnav:type>Serpentine</leadnav:type>
        </extensions>
      </trkpt>
      <trkpt lat="34.735415" lon="-117.099990">
        <extensions>
          <leadnav:type>Serpentine</leadnav:type>
        </extensions>
      </trkpt>
      <trkpt lat="34.735435" lon="-117.100092">
        <extensions>
          <leadnav:type>Serpentine</leadnav:type>
        </extensions>
      </trkpt>
      <trkpt lat="34.735488" lon="-117.100310">
        <extensions>
          <leadnav:type>Serpentine</leadnav:type>
        </extensions>
      </trkpt>
      <trkpt lat="34.735528" lon="-117.100531">
        <extensions>
          <leadnav:type>Serpentine</leadnav:type>
        </extensions>
      </trkpt>
      <trkpt lat="34.735583" lon="-117.100661">
        <extensions>
          <leadnav:type>Serpentine</leadnav:type>
        </extensions>
      </trkpt>
      <trkpt lat="34.735689" lon="-117.100843">
        <extensions>
          <leadnav:type>Serpentine</leadnav:type>
        </extensions>
      </trkpt>
      <trkpt lat="34.735762" lon="-117.100998">
        <extensions>
          <leadnav:type>Serpentine</leadnav:type>
        </extensions>
      </trkpt>
      <trkpt lat="34.735892" lon="-117.101219">
        <extensions>
          <leadnav:type>Serpentine</leadnav:type>
        </extensions>
      </trkpt>
      <trkpt lat="34.736006" lon="-117.101431">
        <extensions>
          <leadnav:type>Serpentine</leadnav:type>
        </extensions>
      </trkpt>
      <trkpt lat="34.736062" lon="-117.101547">
        <extensions>
          <leadnav:type>Serpentine</leadnav:type>
        </extensions>
      </trkpt>
      <trkpt lat="34.736407" lon="-117.103888">
        <extensions>
          <leadnav:type>Serpentine</leadnav:type>
        </extensions>
      </trkpt>
      <trkpt lat="34.736398" lon="-117.105571">
        <extensions>
          <leadnav:type>Serpentine</leadnav:type>
        </extensions>
      </trkpt>
      <trkpt lat="34.736166" lon="-117.106348">
        <extensions>
          <leadnav:type>Serpentine</leadnav:type>
        </extensions>
      </trkpt>
      <trkpt lat="34.735910" lon="-117.107495">
        <extensions>
          <leadnav:type>Serpentine</leadnav:type>
        </extensions>
      </trkpt>
      <trkpt lat="34.735873" lon="-117.107622">
        <extensions>
          <leadnav:type>Serpentine</leadnav:type>
        </extensions>
      </trkpt>
      <trkpt lat="34.735839" lon="-117.107753">
        <extensions>
          <leadnav:type>Serpentine</leadnav:type>
        </extensions>
      </trkpt>
      <trkpt lat="34.735786" lon="-117.108018">
        <extensions>
          <leadnav:type>Serpentine</leadnav:type>
        </extensions>
      </trkpt>
      <trkpt lat="34.735767" lon="-117.108151">
        <extensions>
          <leadnav:type>Serpentine</leadnav:type>
        </extensions>
      </trkpt>
      <trkpt lat="34.735741" lon="-117.108533">
        <extensions>
          <leadnav:type>Serpentine</leadnav:type>
        </extensions>
      </trkpt>
      <trkpt lat="34.735737" lon="-117.108809">
        <extensions>
          <leadnav:type>Serpentine</leadnav:type>
        </extensions>
      </trkpt>
      <trkpt lat="34.735791" lon="-117.109419">
        <extensions>
          <leadnav:type>Serpentine</leadnav:type>
        </extensions>
      </trkpt>
      <trkpt lat="34.735817" lon="-117.109771">
        <extensions>
          <leadnav:type>Serpentine</leadnav:type>
        </extensions>
      </trkpt>
      <trkpt lat="34.735938" lon="-117.110745">
        <extensions>
          <leadnav:type>Serpentine</leadnav:type>
        </extensions>
      </trkpt>
      <trkpt lat="34.736008" lon="-117.111098">
        <extensions>
          <leadnav:type>Serpentine</leadnav:type>
        </extensions>
      </trkpt>
      <trkpt lat="34.736029" lon="-117.111362">
        <extensions>
          <leadnav:type>Serpentine</leadnav:type>
        </extensions>
      </trkpt>
      <trkpt lat="34.736065" lon="-117.111703">
        <extensions>
          <leadnav:type>Serpentine</leadnav:type>
        </extensions>
      </trkpt>
      <trkpt lat="34.736080" lon="-117.111812">
        <extensions>
          <leadnav:type>Serpentine</leadnav:type>
        </extensions>
      </trkpt>
      <trkpt lat="34.736103" lon="-117.111909">
        <extensions>
          <leadnav:type>Serpentine</leadnav:type>
        </extensions>
      </trkpt>
      <trkpt lat="34.736134" lon="-117.111992">
        <extensions>
          <leadnav:type>Serpentine</leadnav:type>
        </extensions>
      </trkpt>
      <trkpt lat="34.736176" lon="-117.112066">
        <extensions>
          <leadnav:type>Serpentine</leadnav:type>
        </extensions>
      </trkpt>
      <trkpt lat="34.736232" lon="-117.112140">
        <extensions>
          <leadnav:type>Serpentine</leadnav:type>
        </extensions>
      </trkpt>
      <trkpt lat="34.736294" lon="-117.112200">
        <extensions>
          <leadnav:type>Serpentine</leadnav:type>
        </extensions>
      </trkpt>
      <trkpt lat="34.736424" lon="-117.112302">
        <extensions>
          <leadnav:type>Serpentine</leadnav:type>
        </extensions>
      </trkpt>
      <trkpt lat="34.736601" lon="-117.112454">
        <extensions>
          <leadnav:type>Serpentine</leadnav:type>
        </extensions>
      </trkpt>
      <trkpt lat="34.736718" lon="-117.112581">
        <extensions>
          <leadnav:type>Serpentine</leadnav:type>
        </extensions>
      </trkpt>
      <trkpt lat="34.736889" lon="-117.112791">
        <extensions>
          <leadnav:type>Serpentine</leadnav:type>
        </extensions>
      </trkpt>
      <trkpt lat="34.736953" lon="-117.112854">
        <extensions>
          <leadnav:type>Serpentine</leadnav:type>
        </extensions>
      </trkpt>
      <trkpt lat="34.737021" lon="-117.112915">
        <extensions>
          <leadnav:type>Serpentine</leadnav:type>
        </extensions>
      </trkpt>
      <trkpt lat="34.737082" lon="-117.112984">
        <extensions>
          <leadnav:type>Serpentine</leadnav:type>
        </extensions>
      </trkpt>
      <trkpt lat="34.737130" lon="-117.113063">
        <extensions>
          <leadnav:type>Serpentine</leadnav:type>
        </extensions>
      </trkpt>
      <trkpt lat="34.737163" lon="-117.113156">
        <extensions>
          <leadnav:type>Serpentine</leadnav:type>
        </extensions>
      </trkpt>
      <trkpt lat="34.737193" lon="-117.113251">
        <extensions>
          <leadnav:type>Serpentine</leadnav:type>
        </extensions>
      </trkpt>
      <trkpt lat="34.737233" lon="-117.113347">
        <extensions>
          <leadnav:type>Serpentine</leadnav:type>
        </extensions>
      </trkpt>
      <trkpt lat="34.737359" lon="-117.113682">
        <extensions>
          <leadnav:type>Serpentine</leadnav:type>
        </extensions>
      </trkpt>
      <trkpt lat="34.737441" lon="-117.113877">
        <extensions>
          <leadnav:type>Serpentine</leadnav:type>
        </extensions>
      </trkpt>
      <trkpt lat="34.737500" lon="-117.114105">
        <extensions>
          <leadnav:type>Serpentine</leadnav:type>
        </extensions>
      </trkpt>
      <trkpt lat="34.737501" lon="-117.114192">
        <extensions>
          <leadnav:type>Serpentine</leadnav:type>
        </extensions>
      </trkpt>
      <trkpt lat="34.737499" lon="-117.114379">
        <extensions>
          <leadnav:type>Serpentine</leadnav:type>
        </extensions>
      </trkpt>
      <trkpt lat="34.737503" lon="-117.114469">
        <extensions>
          <leadnav:type>Serpentine</leadnav:type>
        </extensions>
      </trkpt>
      <trkpt lat="34.737502" lon="-117.114552">
        <extensions>
          <leadnav:type>Serpentine</leadnav:type>
        </extensions>
      </trkpt>
      <trkpt lat="34.737475" lon="-117.114724">
        <extensions>
          <leadnav:type>Serpentine</leadnav:type>
        </extensions>
      </trkpt>
      <trkpt lat="34.737452" lon="-117.114809">
        <extensions>
          <leadnav:type>Serpentine</leadnav:type>
        </extensions>
      </trkpt>
      <trkpt lat="34.737372" lon="-117.115071">
        <extensions>
          <leadnav:type>Serpentine</leadnav:type>
        </extensions>
      </trkpt>
      <trkpt lat="34.737343" lon="-117.115148">
        <extensions>
          <leadnav:type>Serpentine</leadnav:type>
        </extensions>
      </trkpt>
      <trkpt lat="34.737308" lon="-117.115222">
        <extensions>
          <leadnav:type>Serpentine</leadnav:type>
        </extensions>
      </trkpt>
      <trkpt lat="34.737273" lon="-117.115301">
        <extensions>
          <leadnav:type>Serpentine</leadnav:type>
        </extensions>
      </trkpt>
      <trkpt lat="34.737233" lon="-117.115375">
        <extensions>
          <leadnav:type>Serpentine</leadnav:type>
        </extensions>
      </trkpt>
      <trkpt lat="34.737186" lon="-117.115448">
        <extensions>
          <leadnav:type>Serpentine</leadnav:type>
        </extensions>
      </trkpt>
      <trkpt lat="34.737073" lon="-117.115585">
        <extensions>
          <leadnav:type>Serpentine</leadnav:type>
        </extensions>
      </trkpt>
      <trkpt lat="34.736832" lon="-117.115800">
        <extensions>
          <leadnav:type>Serpentine</leadnav:type>
        </extensions>
      </trkpt>
      <trkpt lat="34.736683" lon="-117.115886">
        <extensions>
          <leadnav:type>Serpentine</leadnav:type>
        </extensions>
      </trkpt>
      <trkpt lat="34.736600" lon="-117.115928">
        <extensions>
          <leadnav:type>Serpentine</leadnav:type>
        </extensions>
      </trkpt>
      <trkpt lat="34.736220" lon="-117.116157">
        <extensions>
          <leadnav:type>Serpentine</leadnav:type>
        </extensions>
      </trkpt>
      <trkpt lat="34.736115" lon="-117.116206">
        <extensions>
          <leadnav:type>Serpentine</leadnav:type>
        </extensions>
      </trkpt>
      <trkpt lat="34.736009" lon="-117.116262">
        <extensions>
          <leadnav:type>Serpentine</leadnav:type>
        </extensions>
      </trkpt>
      <trkpt lat="34.735221" lon="-117.116729">
        <extensions>
          <leadnav:type>Serpentine</leadnav:type>
        </extensions>
      </trkpt>
      <trkpt lat="34.734853" lon="-117.116990">
        <extensions>
          <leadnav:type>Serpentine</leadnav:type>
        </extensions>
      </trkpt>
      <trkpt lat="34.734748" lon="-117.117072">
        <extensions>
          <leadnav:type>Serpentine</leadnav:type>
        </extensions>
      </trkpt>
      <trkpt lat="34.734571" lon="-117.117236">
        <extensions>
          <leadnav:type>Serpentine</leadnav:type>
        </extensions>
      </trkpt>
      <trkpt lat="34.734307" lon="-117.117533">
        <extensions>
          <leadnav:type>Serpentine</leadnav:type>
        </extensions>
      </trkpt>
      <trkpt lat="34.734009" lon="-117.117836">
        <extensions>
          <leadnav:type>Serpentine</leadnav:type>
        </extensions>
      </trkpt>
      <trkpt lat="34.733405" lon="-117.118372">
        <extensions>
          <leadnav:type>Serpentine</leadnav:type>
        </extensions>
      </trkpt>
      <trkpt lat="34.733200" lon="-117.118521">
        <extensions>
          <leadnav:type>Serpentine</leadnav:type>
        </extensions>
      </trkpt>
      <trkpt lat="34.732351" lon="-117.119199">
        <extensions>
          <leadnav:type>Serpentine</leadnav:type>
        </extensions>
      </trkpt>
      <trkpt lat="34.732112" lon="-117.119363">
        <extensions>
          <leadnav:type>Serpentine</leadnav:type>
        </extensions>
      </trkpt>
      <trkpt lat="34.731499" lon="-117.119704">
        <extensions>
          <leadnav:type>Serpentine</leadnav:type>
        </extensions>
      </trkpt>
      <trkpt lat="34.731371" lon="-117.119752">
        <extensions>
          <leadnav:type>Serpentine</leadnav:type>
        </extensions>
      </trkpt>
      <trkpt lat="34.731002" lon="-117.119858">
        <extensions>
          <leadnav:type>Serpentine</leadnav:type>
        </extensions>
      </trkpt>
      <trkpt lat="34.730886" lon="-117.119865">
        <extensions>
          <leadnav:type>Serpentine</leadnav:type>
        </extensions>
      </trkpt>
      <trkpt lat="34.730778" lon="-117.119861">
        <extensions>
          <leadnav:type>Serpentine</leadnav:type>
        </extensions>
      </trkpt>
      <trkpt lat="34.730675" lon="-117.119863">
        <extensions>
          <leadnav:type>Serpentine</leadnav:type>
        </extensions>
      </trkpt>
      <trkpt lat="34.730581" lon="-117.119880">
        <extensions>
          <leadnav:type>Serpentine</leadnav:type>
        </extensions>
      </trkpt>
      <trkpt lat="34.730498" lon="-117.119913">
        <extensions>
          <leadnav:type>Serpentine</leadnav:type>
        </extensions>
      </trkpt>
      <trkpt lat="34.730042" lon="-117.120165">
        <extensions>
          <leadnav:type>Serpentine</leadnav:type>
        </extensions>
      </trkpt>
      <trkpt lat="34.729857" lon="-117.120295">
        <extensions>
          <leadnav:type>Serpentine</leadnav:type>
        </extensions>
      </trkpt>
      <trkpt lat="34.729364" lon="-117.120575">
        <extensions>
          <leadnav:type>Serpentine</leadnav:type>
        </extensions>
      </trkpt>
      <trkpt lat="34.729291" lon="-117.120606">
        <extensions>
          <leadnav:type>Serpentine</leadnav:type>
        </extensions>
      </trkpt>
      <trkpt lat="34.729184" lon="-117.120647">
        <extensions>
          <leadnav:type>Serpentine</leadnav:type>
        </extensions>
      </trkpt>
      <trkpt lat="34.729142" lon="-117.120665">
        <extensions>
          <leadnav:type>Serpentine</leadnav:type>
        </extensions>
      </trkpt>
      <trkpt lat="34.729102" lon="-117.120675">
        <extensions>
          <leadnav:type>Serpentine</leadnav:type>
        </extensions>
      </trkpt>
      <trkpt lat="34.729036" lon="-117.120750">
        <extensions>
          <leadnav:type>Serpentine</leadnav:type>
        </extensions>
      </trkpt>
      <trkpt lat="34.728968" lon="-117.120889">
        <extensions>
          <leadnav:type>Serpentine</leadnav:type>
        </extensions>
      </trkpt>
      <trkpt lat="34.728943" lon="-117.120964">
        <extensions>
          <leadnav:type>Serpentine</leadnav:type>
        </extensions>
      </trkpt>
      <trkpt lat="34.728946" lon="-117.121039">
        <extensions>
          <leadnav:type>Serpentine</leadnav:type>
        </extensions>
      </trkpt>
      <trkpt lat="34.729009" lon="-117.121141">
        <extensions>
          <leadnav:type>Serpentine</leadnav:type>
        </extensions>
      </trkpt>
      <trkpt lat="34.729409" lon="-117.121486">
        <extensions>
          <leadnav:type>Serpentine</leadnav:type>
        </extensions>
      </trkpt>
      <trkpt lat="34.729730" lon="-117.121801">
        <extensions>
          <leadnav:type>Serpentine</leadnav:type>
        </extensions>
      </trkpt>
      <trkpt lat="34.729961" lon="-117.122018">
        <extensions>
          <leadnav:type>Serpentine</leadnav:type>
        </extensions>
      </trkpt>
      <trkpt lat="34.730461" lon="-117.122550">
        <extensions>
          <leadnav:type>Serpentine</leadnav:type>
        </extensions>
      </trkpt>
      <trkpt lat="34.730581" lon="-117.122696">
        <extensions>
          <leadnav:type>Serpentine</leadnav:type>
        </extensions>
      </trkpt>
      <trkpt lat="34.730907" lon="-117.123140">
        <extensions>
          <leadnav:type>Serpentine</leadnav:type>
        </extensions>
      </trkpt>
      <trkpt lat="34.731321" lon="-117.123825">
        <extensions>
          <leadnav:type>Serpentine</leadnav:type>
        </extensions>
      </trkpt>
      <trkpt lat="34.731424" lon="-117.123978">
        <extensions>
          <leadnav:type>Serpentine</leadnav:type>
        </extensions>
      </trkpt>
      <trkpt lat="34.731534" lon="-117.124122">
        <extensions>
          <leadnav:type>Serpentine</leadnav:type>
        </extensions>
      </trkpt>
      <trkpt lat="34.731874" lon="-117.124532">
        <extensions>
          <leadnav:type>Serpentine</leadnav:type>
        </extensions>
      </trkpt>
      <trkpt lat="34.732184" lon="-117.124985">
        <extensions>
          <leadnav:type>Serpentine</leadnav:type>
        </extensions>
      </trkpt>
      <trkpt lat="34.732413" lon="-117.125442">
        <extensions>
          <leadnav:type>Serpentine</leadnav:type>
        </extensions>
      </trkpt>
      <trkpt lat="34.732542" lon="-117.125736">
        <extensions>
          <leadnav:type>Serpentine</leadnav:type>
        </extensions>
      </trkpt>
      <trkpt lat="34.732565" lon="-117.125784">
        <extensions>
          <leadnav:type>Serpentine</leadnav:type>
        </extensions>
      </trkpt>
      <trkpt lat="34.732601" lon="-117.125842">
        <extensions>
          <leadnav:type>Serpentine</leadnav:type>
        </extensions>
      </trkpt>
      <trkpt lat="34.732800" lon="-117.126140">
        <extensions>
          <leadnav:type>Serpentine</leadnav:type>
        </extensions>
      </trkpt>
      <trkpt lat="34.732850" lon="-117.126225">
        <extensions>
          <leadnav:type>Serpentine</leadnav:type>
        </extensions>
      </trkpt>
      <trkpt lat="34.732938" lon="-117.126397">
        <extensions>
          <leadnav:type>Serpentine</leadnav:type>
        </extensions>
      </trkpt>
      <trkpt lat="34.733048" lon="-117.126629">
        <extensions>
          <leadnav:type>Serpentine</leadnav:type>
        </extensions>
      </trkpt>
      <trkpt lat="34.733076" lon="-117.126710">
        <extensions>
          <leadnav:type>Serpentine</leadnav:type>
        </extensions>
      </trkpt>
      <trkpt lat="34.733098" lon="-117.126802">
        <extensions>
          <leadnav:type>Serpentine</leadnav:type>
        </extensions>
      </trkpt>
      <trkpt lat="34.733110" lon="-117.126904">
        <extensions>
          <leadnav:type>Serpentine</leadnav:type>
        </extensions>
      </trkpt>
      <trkpt lat="34.733119" lon="-117.127004">
        <extensions>
          <leadnav:type>Serpentine</leadnav:type>
        </extensions>
      </trkpt>
      <trkpt lat="34.733139" lon="-117.127158">
        <extensions>
          <leadnav:type>Serpentine</leadnav:type>
        </extensions>
      </trkpt>
      <trkpt lat="34.733149" lon="-117.127218">
        <extensions>
          <leadnav:type>Serpentine</leadnav:type>
        </extensions>
      </trkpt>
      <trkpt lat="34.733191" lon="-117.127387">
        <extensions>
          <leadnav:type>Serpentine</leadnav:type>
        </extensions>
      </trkpt>
      <trkpt lat="34.733196" lon="-117.127450">
        <extensions>
          <leadnav:type>Serpentine</leadnav:type>
        </extensions>
      </trkpt>
      <trkpt lat="34.733183" lon="-117.127519">
        <extensions>
          <leadnav:type>Serpentine</leadnav:type>
        </extensions>
      </trkpt>
      <trkpt lat="34.733150" lon="-117.127589">
        <extensions>
          <leadnav:type>Serpentine</leadnav:type>
        </extensions>
      </trkpt>
      <trkpt lat="34.733042" lon="-117.127723">
        <extensions>
          <leadnav:type>Serpentine</leadnav:type>
        </extensions>
      </trkpt>
      <trkpt lat="34.732810" lon="-117.127913">
        <extensions>
          <leadnav:type>Serpentine</leadnav:type>
        </extensions>
      </trkpt>
      <trkpt lat="34.732715" lon="-117.127981">
        <extensions>
          <leadnav:type>Serpentine</leadnav:type>
        </extensions>
      </trkpt>
      <trkpt lat="34.732519" lon="-117.128130">
        <extensions>
          <leadnav:type>Serpentine</leadnav:type>
        </extensions>
      </trkpt>
      <trkpt lat="34.732321" lon="-117.128296">
        <extensions>
          <leadnav:type>Serpentine</leadnav:type>
        </extensions>
      </trkpt>
      <trkpt lat="34.732131" lon="-117.128470">
        <extensions>
          <leadnav:type>Serpentine</leadnav:type>
        </extensions>
      </trkpt>
      <trkpt lat="34.732031" lon="-117.128549">
        <extensions>
          <leadnav:type>Serpentine</leadnav:type>
        </extensions>
      </trkpt>
      <trkpt lat="34.731566" lon="-117.128849">
        <extensions>
          <leadnav:type>Serpentine</leadnav:type>
        </extensions>
      </trkpt>
      <trkpt lat="34.731322" lon="-117.129035">
        <extensions>
          <leadnav:type>Serpentine</leadnav:type>
        </extensions>
      </trkpt>
      <trkpt lat="34.731208" lon="-117.129134">
        <extensions>
          <leadnav:type>Serpentine</leadnav:type>
        </extensions>
      </trkpt>
      <trkpt lat="34.731099" lon="-117.129243">
        <extensions>
          <leadnav:type>Serpentine</leadnav:type>
        </extensions>
      </trkpt>
      <trkpt lat="34.731001" lon="-117.129366">
        <extensions>
          <leadnav:type>Serpentine</leadnav:type>
        </extensions>
      </trkpt>
      <trkpt lat="34.730707" lon="-117.129764">
        <extensions>
          <leadnav:type>Serpentine</leadnav:type>
        </extensions>
      </trkpt>
      <trkpt lat="34.730361" lon="-117.130265">
        <extensions>
          <leadnav:type>Serpentine</leadnav:type>
        </extensions>
      </trkpt>
      <trkpt lat="34.730281" lon="-117.130365">
        <extensions>
          <leadnav:type>Serpentine</leadnav:type>
        </extensions>
      </trkpt>
      <trkpt lat="34.730120" lon="-117.130547">
        <extensions>
          <leadnav:type>Serpentine</leadnav:type>
        </extensions>
      </trkpt>
      <trkpt lat="34.729749" lon="-117.130915">
        <extensions>
          <leadnav:type>Serpentine</leadnav:type>
        </extensions>
      </trkpt>
      <trkpt lat="34.729307" lon="-117.131397">
        <extensions>
          <leadnav:type>Serpentine</leadnav:type>
        </extensions>
      </trkpt>
      <trkpt lat="34.729114" lon="-117.131624">
        <extensions>
          <leadnav:type>Serpentine</leadnav:type>
        </extensions>
      </trkpt>
      <trkpt lat="34.728810" lon="-117.132033">
        <extensions>
          <leadnav:type>Serpentine</leadnav:type>
        </extensions>
      </trkpt>
      <trkpt lat="34.728687" lon="-117.132151">
        <extensions>
          <leadnav:type>Serpentine</leadnav:type>
        </extensions>
      </trkpt>
      <trkpt lat="34.728412" lon="-117.132356">
        <extensions>
          <leadnav:type>Serpentine</leadnav:type>
        </extensions>
      </trkpt>
      <trkpt lat="34.727923" lon="-117.132638">
        <extensions>
          <leadnav:type>Serpentine</leadnav:type>
        </extensions>
      </trkpt>
      <trkpt lat="34.727866" lon="-117.132716">
        <extensions>
          <leadnav:type>Serpentine</leadnav:type>
        </extensions>
      </trkpt>
      <trkpt lat="34.727742" lon="-117.132920">
        <extensions>
          <leadnav:type>Serpentine</leadnav:type>
        </extensions>
      </trkpt>
      <trkpt lat="34.727591" lon="-117.133209">
        <extensions>
          <leadnav:type>Serpentine</leadnav:type>
        </extensions>
      </trkpt>
      <trkpt lat="34.727544" lon="-117.133313">
        <extensions>
          <leadnav:type>Serpentine</leadnav:type>
        </extensions>
      </trkpt>
      <trkpt lat="34.727317" lon="-117.133745">
        <extensions>
          <leadnav:type>Serpentine</leadnav:type>
        </extensions>
      </trkpt>
      <trkpt lat="34.727267" lon="-117.133845">
        <extensions>
          <leadnav:type>Serpentine</leadnav:type>
        </extensions>
      </trkpt>
      <trkpt lat="34.727214" lon="-117.133944">
        <extensions>
          <leadnav:type>Serpentine</leadnav:type>
        </extensions>
      </trkpt>
      <trkpt lat="34.727127" lon="-117.134121">
        <extensions>
          <leadnav:type>Serpentine</leadnav:type>
        </extensions>
      </trkpt>
      <trkpt lat="34.727065" lon="-117.134277">
        <extensions>
          <leadnav:type>Serpentine</leadnav:type>
        </extensions>
      </trkpt>
      <trkpt lat="34.727026" lon="-117.134354">
        <extensions>
          <leadnav:type>Serpentine</leadnav:type>
        </extensions>
      </trkpt>
      <trkpt lat="34.726958" lon="-117.134478">
        <extensions>
          <leadnav:type>Serpentine</leadnav:type>
        </extensions>
      </trkpt>
      <trkpt lat="34.726911" lon="-117.134558">
        <extensions>
          <leadnav:type>Serpentine</leadnav:type>
        </extensions>
      </trkpt>
      <trkpt lat="34.726875" lon="-117.134605">
        <extensions>
          <leadnav:type>Serpentine</leadnav:type>
        </extensions>
      </trkpt>
      <trkpt lat="34.726855" lon="-117.134635">
        <extensions>
          <leadnav:type>Serpentine</leadnav:type>
        </extensions>
      </trkpt>
      <trkpt lat="34.726630" lon="-117.134982">
        <extensions>
          <leadnav:type>Serpentine</leadnav:type>
        </extensions>
      </trkpt>
      <trkpt lat="34.726525" lon="-117.135155">
        <extensions>
          <leadnav:type>Serpentine</leadnav:type>
        </extensions>
      </trkpt>
      <trkpt lat="34.726395" lon="-117.135388">
        <extensions>
          <leadnav:type>Serpentine</leadnav:type>
        </extensions>
      </trkpt>
      <trkpt lat="34.726338" lon="-117.135520">
        <extensions>
          <leadnav:type>Serpentine</leadnav:type>
        </extensions>
      </trkpt>
      <trkpt lat="34.726288" lon="-117.135656">
        <extensions>
          <leadnav:type>Serpentine</leadnav:type>
        </extensions>
      </trkpt>
      <trkpt lat="34.726242" lon="-117.135802">
        <extensions>
          <leadnav:type>Serpentine</leadnav:type>
        </extensions>
      </trkpt>
      <trkpt lat="34.726204" lon="-117.135947">
        <extensions>
          <leadnav:type>Serpentine</leadnav:type>
        </extensions>
      </trkpt>
      <trkpt lat="34.726183" lon="-117.136089">
        <extensions>
          <leadnav:type>Serpentine</leadnav:type>
        </extensions>
      </trkpt>
      <trkpt lat="34.726182" lon="-117.136233">
        <extensions>
          <leadnav:type>Serpentine</leadnav:type>
        </extensions>
      </trkpt>
      <trkpt lat="34.726197" lon="-117.136366">
        <extensions>
          <leadnav:type>Serpentine</leadnav:type>
        </extensions>
      </trkpt>
      <trkpt lat="34.726339" lon="-117.137232">
        <extensions>
          <leadnav:type>Serpentine</leadnav:type>
        </extensions>
      </trkpt>
      <trkpt lat="34.726385" lon="-117.137611">
        <extensions>
          <leadnav:type>Serpentine</leadnav:type>
        </extensions>
      </trkpt>
      <trkpt lat="34.726398" lon="-117.137803">
        <extensions>
          <leadnav:type>Serpentine</leadnav:type>
        </extensions>
      </trkpt>
      <trkpt lat="34.726404" lon="-117.137991">
        <extensions>
          <leadnav:type>Serpentine</leadnav:type>
        </extensions>
      </trkpt>
      <trkpt lat="34.726390" lon="-117.138172">
        <extensions>
          <leadnav:type>Serpentine</leadnav:type>
        </extensions>
      </trkpt>
      <trkpt lat="34.726352" lon="-117.138356">
        <extensions>
          <leadnav:type>Serpentine</leadnav:type>
        </extensions>
      </trkpt>
      <trkpt lat="34.725938" lon="-117.139888">
        <extensions>
          <leadnav:type>Serpentine</leadnav:type>
        </extensions>
      </trkpt>
      <trkpt lat="34.725873" lon="-117.140200">
        <extensions>
          <leadnav:type>Serpentine</leadnav:type>
        </extensions>
      </trkpt>
      <trkpt lat="34.725781" lon="-117.140743">
        <extensions>
          <leadnav:type>Serpentine</leadnav:type>
        </extensions>
      </trkpt>
      <trkpt lat="34.725736" lon="-117.140923">
        <extensions>
          <leadnav:type>Serpentine</leadnav:type>
        </extensions>
      </trkpt>
      <trkpt lat="34.725624" lon="-117.141260">
        <extensions>
          <leadnav:type>Serpentine</leadnav:type>
        </extensions>
      </trkpt>
      <trkpt lat="34.725478" lon="-117.141600">
        <extensions>
          <leadnav:type>Serpentine</leadnav:type>
        </extensions>
      </trkpt>
      <trkpt lat="34.725391" lon="-117.141767">
        <extensions>
          <leadnav:type>Serpentine</leadnav:type>
        </extensions>
      </trkpt>
      <trkpt lat="34.725113" lon="-117.142234">
        <extensions>
          <leadnav:type>Serpentine</leadnav:type>
        </extensions>
      </trkpt>
      <trkpt lat="34.725036" lon="-117.142395">
        <extensions>
          <leadnav:type>Serpentine</leadnav:type>
        </extensions>
      </trkpt>
      <trkpt lat="34.724964" lon="-117.142568">
        <extensions>
          <leadnav:type>Serpentine</leadnav:type>
        </extensions>
      </trkpt>
      <trkpt lat="34.724901" lon="-117.142744">
        <extensions>
          <leadnav:type>Serpentine</leadnav:type>
        </extensions>
      </trkpt>
      <trkpt lat="34.724851" lon="-117.142919">
        <extensions>
          <leadnav:type>Serpentine</leadnav:type>
        </extensions>
      </trkpt>
      <trkpt lat="34.724818" lon="-117.143098">
        <extensions>
          <leadnav:type>Serpentine</leadnav:type>
        </extensions>
      </trkpt>
      <trkpt lat="34.724776" lon="-117.143470">
        <extensions>
          <leadnav:type>Serpentine</leadnav:type>
        </extensions>
      </trkpt>
      <trkpt lat="34.724737" lon="-117.143656">
        <extensions>
          <leadnav:type>Serpentine</leadnav:type>
        </extensions>
      </trkpt>
      <trkpt lat="34.724686" lon="-117.143841">
        <extensions>
          <leadnav:type>Serpentine</leadnav:type>
        </extensions>
      </trkpt>
      <trkpt lat="34.724617" lon="-117.144015">
        <extensions>
          <leadnav:type>Serpentine</leadnav:type>
        </extensions>
      </trkpt>
      <trkpt lat="34.724456" lon="-117.144304">
        <extensions>
          <leadnav:type>Serpentine</leadnav:type>
        </extensions>
      </trkpt>
      <trkpt lat="34.724169" lon="-117.144698">
        <extensions>
          <leadnav:type>Serpentine</leadnav:type>
        </extensions>
      </trkpt>
      <trkpt lat="34.723933" lon="-117.144967">
        <extensions>
          <leadnav:type>Serpentine</leadnav:type>
        </extensions>
      </trkpt>
      <trkpt lat="34.723795" lon="-117.145091">
        <extensions>
          <leadnav:type>Serpentine</leadnav:type>
        </extensions>
      </trkpt>
      <trkpt lat="34.723661" lon="-117.145198">
        <extensions>
          <leadnav:type>Serpentine</leadnav:type>
        </extensions>
      </trkpt>
      <trkpt lat="34.723543" lon="-117.145282">
        <extensions>
          <leadnav:type>Serpentine</leadnav:type>
        </extensions>
      </trkpt>
      <trkpt lat="34.723430" lon="-117.145337">
        <extensions>
          <leadnav:type>Serpentine</leadnav:type>
        </extensions>
      </trkpt>
      <trkpt lat="34.723309" lon="-117.145353">
        <extensions>
          <leadnav:type>Serpentine</leadnav:type>
        </extensions>
      </trkpt>
      <trkpt lat="34.723179" lon="-117.145333">
        <extensions>
          <leadnav:type>Serpentine</leadnav:type>
        </extensions>
      </trkpt>
      <trkpt lat="34.723043" lon="-117.145302">
        <extensions>
          <leadnav:type>Serpentine</leadnav:type>
        </extensions>
      </trkpt>
      <trkpt lat="34.722894" lon="-117.145284">
        <extensions>
          <leadnav:type>Serpentine</leadnav:type>
        </extensions>
      </trkpt>
      <trkpt lat="34.722737" lon="-117.145275">
        <extensions>
          <leadnav:type>Serpentine</leadnav:type>
        </extensions>
      </trkpt>
      <trkpt lat="34.722280" lon="-117.145317">
        <extensions>
          <leadnav:type>Serpentine</leadnav:type>
        </extensions>
      </trkpt>
      <trkpt lat="34.722134" lon="-117.145322">
        <extensions>
          <leadnav:type>Serpentine</leadnav:type>
        </extensions>
      </trkpt>
      <trkpt lat="34.721994" lon="-117.145315">
        <extensions>
          <leadnav:type>Serpentine</leadnav:type>
        </extensions>
      </trkpt>
      <trkpt lat="34.721856" lon="-117.145289">
        <extensions>
          <leadnav:type>Serpentine</leadnav:type>
        </extensions>
      </trkpt>
      <trkpt lat="34.721714" lon="-117.145244">
        <extensions>
          <leadnav:type>Serpentine</leadnav:type>
        </extensions>
      </trkpt>
      <trkpt lat="34.721265" lon="-117.145079">
        <extensions>
          <leadnav:type>Serpentine</leadnav:type>
        </extensions>
      </trkpt>
      <trkpt lat="34.721129" lon="-117.145055">
        <extensions>
          <leadnav:type>Serpentine</leadnav:type>
        </extensions>
      </trkpt>
      <trkpt lat="34.721001" lon="-117.145076">
        <extensions>
          <leadnav:type>Serpentine</leadnav:type>
        </extensions>
      </trkpt>
      <trkpt lat="34.720881" lon="-117.145131">
        <extensions>
          <leadnav:type>Serpentine</leadnav:type>
        </extensions>
      </trkpt>
      <trkpt lat="34.720777" lon="-117.145212">
        <extensions>
          <leadnav:type>Serpentine</leadnav:type>
        </extensions>
      </trkpt>
      <trkpt lat="34.720698" lon="-117.145321">
        <extensions>
          <leadnav:type>Serpentine</leadnav:type>
        </extensions>
      </trkpt>
      <trkpt lat="34.720587" lon="-117.145542">
        <extensions>
          <leadnav:type>Serpentine</leadnav:type>
        </extensions>
      </trkpt>
      <trkpt lat="34.720525" lon="-117.145620">
        <extensions>
          <leadnav:type>Serpentine</leadnav:type>
        </extensions>
      </trkpt>
      <trkpt lat="34.720310" lon="-117.145769">
        <extensions>
          <leadnav:type>Serpentine</leadnav:type>
        </extensions>
      </trkpt>
      <trkpt lat="34.720103" lon="-117.145879">
        <extensions>
          <leadnav:type>Serpentine</leadnav:type>
        </extensions>
      </trkpt>
      <trkpt lat="34.719911" lon="-117.145969">
        <extensions>
          <leadnav:type>Serpentine</leadnav:type>
        </extensions>
      </trkpt>
      <trkpt lat="34.719851" lon="-117.145992">
        <extensions>
          <leadnav:type>Serpentine</leadnav:type>
        </extensions>
      </trkpt>
      <trkpt lat="34.719782" lon="-117.145980">
        <extensions>
          <leadnav:type>Serpentine</leadnav:type>
        </extensions>
      </trkpt>
      <trkpt lat="34.719703" lon="-117.145925">
        <extensions>
          <leadnav:type>Serpentine</leadnav:type>
        </extensions>
      </trkpt>
      <trkpt lat="34.719617" lon="-117.145848">
        <extensions>
          <leadnav:type>Serpentine</leadnav:type>
        </extensions>
      </trkpt>
      <trkpt lat="34.719531" lon="-117.145762">
        <extensions>
          <leadnav:type>Serpentine</leadnav:type>
        </extensions>
      </trkpt>
      <trkpt lat="34.719451" lon="-117.145666">
        <extensions>
          <leadnav:type>Serpentine</leadnav:type>
        </extensions>
      </trkpt>
      <trkpt lat="34.719381" lon="-117.145562">
        <extensions>
          <leadnav:type>Serpentine</leadnav:type>
        </extensions>
      </trkpt>
      <trkpt lat="34.719321" lon="-117.145464">
        <extensions>
          <leadnav:type>Serpentine</leadnav:type>
        </extensions>
      </trkpt>
      <trkpt lat="34.719269" lon="-117.145364">
        <extensions>
          <leadnav:type>Serpentine</leadnav:type>
        </extensions>
      </trkpt>
      <trkpt lat="34.719232" lon="-117.145246">
        <extensions>
          <leadnav:type>Serpentine</leadnav:type>
        </extensions>
      </trkpt>
      <trkpt lat="34.719205" lon="-117.145123">
        <extensions>
          <leadnav:type>Serpentine</leadnav:type>
        </extensions>
      </trkpt>
      <trkpt lat="34.719164" lon="-117.144995">
        <extensions>
          <leadnav:type>Serpentine</leadnav:type>
        </extensions>
      </trkpt>
      <trkpt lat="34.719126" lon="-117.144854">
        <extensions>
          <leadnav:type>Serpentine</leadnav:type>
        </extensions>
      </trkpt>
      <trkpt lat="34.719119" lon="-117.144716">
        <extensions>
          <leadnav:type>Serpentine</leadnav:type>
        </extensions>
      </trkpt>
      <trkpt lat="34.719143" lon="-117.144594">
        <extensions>
          <leadnav:type>Serpentine</leadnav:type>
        </extensions>
      </trkpt>
      <trkpt lat="34.719187" lon="-117.144471">
        <extensions>
          <leadnav:type>Serpentine</leadnav:type>
        </extensions>
      </trkpt>
      <trkpt lat="34.719228" lon="-117.144338">
        <extensions>
          <leadnav:type>Serpentine</leadnav:type>
        </extensions>
      </trkpt>
      <trkpt lat="34.719296" lon="-117.144043">
        <extensions>
          <leadnav:type>Serpentine</leadnav:type>
        </extensions>
      </trkpt>
      <trkpt lat="34.719318" lon="-117.143894">
        <extensions>
          <leadnav:type>Serpentine</leadnav:type>
        </extensions>
      </trkpt>
      <trkpt lat="34.719344" lon="-117.143756">
        <extensions>
          <leadnav:type>Serpentine</leadnav:type>
        </extensions>
      </trkpt>
      <trkpt lat="34.719409" lon="-117.143518">
        <extensions>
          <leadnav:type>Serpentine</leadnav:type>
        </extensions>
      </trkpt>
      <trkpt lat="34.719444" lon="-117.143314">
        <extensions>
          <leadnav:type>Serpentine</leadnav:type>
        </extensions>
      </trkpt>
      <trkpt lat="34.719487" lon="-117.143181">
        <extensions>
          <leadnav:type>Serpentine</leadnav:type>
        </extensions>
      </trkpt>
      <trkpt lat="34.719492" lon="-117.143126">
        <extensions>
          <leadnav:type>Serpentine</leadnav:type>
        </extensions>
      </trkpt>
      <trkpt lat="34.719489" lon="-117.143062">
        <extensions>
          <leadnav:type>Serpentine</leadnav:type>
        </extensions>
      </trkpt>
      <trkpt lat="34.719479" lon="-117.142997">
        <extensions>
          <leadnav:type>Serpentine</leadnav:type>
        </extensions>
      </trkpt>
      <trkpt lat="34.719466" lon="-117.142869">
        <extensions>
          <leadnav:type>Serpentine</leadnav:type>
        </extensions>
      </trkpt>
      <trkpt lat="34.719473" lon="-117.142792">
        <extensions>
          <leadnav:type>Serpentine</leadnav:type>
        </extensions>
      </trkpt>
      <trkpt lat="34.719506" lon="-117.142558">
        <extensions>
          <leadnav:type>Serpentine</leadnav:type>
        </extensions>
      </trkpt>
      <trkpt lat="34.719511" lon="-117.142435">
        <extensions>
          <leadnav:type>Serpentine</leadnav:type>
        </extensions>
      </trkpt>
      <trkpt lat="34.719493" lon="-117.142304">
        <extensions>
          <leadnav:type>Serpentine</leadnav:type>
        </extensions>
      </trkpt>
      <trkpt lat="34.719458" lon="-117.142181">
        <extensions>
          <leadnav:type>Serpentine</leadnav:type>
        </extensions>
      </trkpt>
      <trkpt lat="34.719409" lon="-117.142074">
        <extensions>
          <leadnav:type>Serpentine</leadnav:type>
        </extensions>
      </trkpt>
      <trkpt lat="34.719352" lon="-117.141984">
        <extensions>
          <leadnav:type>Serpentine</leadnav:type>
        </extensions>
      </trkpt>
      <trkpt lat="34.719281" lon="-117.141909">
        <extensions>
          <leadnav:type>Serpentine</leadnav:type>
        </extensions>
      </trkpt>
      <trkpt lat="34.719100" lon="-117.141755">
        <extensions>
          <leadnav:type>Serpentine</leadnav:type>
        </extensions>
      </trkpt>
      <trkpt lat="34.719016" lon="-117.141667">
        <extensions>
          <leadnav:type>Serpentine</leadnav:type>
        </extensions>
      </trkpt>
      <trkpt lat="34.718935" lon="-117.141587">
        <extensions>
          <leadnav:type>Serpentine</leadnav:type>
        </extensions>
      </trkpt>
      <trkpt lat="34.718854" lon="-117.141523">
        <extensions>
          <leadnav:type>Serpentine</leadnav:type>
        </extensions>
      </trkpt>
      <trkpt lat="34.718779" lon="-117.141493">
        <extensions>
          <leadnav:type>Serpentine</leadnav:type>
        </extensions>
      </trkpt>
      <trkpt lat="34.718704" lon="-117.141505">
        <extensions>
          <leadnav:type>Serpentine</leadnav:type>
        </extensions>
      </trkpt>
      <trkpt lat="34.718619" lon="-117.141540">
        <extensions>
          <leadnav:type>Serpentine</leadnav:type>
        </extensions>
      </trkpt>
      <trkpt lat="34.718522" lon="-117.141552">
        <extensions>
          <leadnav:type>Serpentine</leadnav:type>
        </extensions>
      </trkpt>
      <trkpt lat="34.718427" lon="-117.141511">
        <extensions>
          <leadnav:type>Serpentine</leadnav:type>
        </extensions>
      </trkpt>
      <trkpt lat="34.718362" lon="-117.141431">
        <extensions>
          <leadnav:type>Serpentine</leadnav:type>
        </extensions>
      </trkpt>
      <trkpt lat="34.718324" lon="-117.141334">
        <extensions>
          <leadnav:type>Serpentine</leadnav:type>
        </extensions>
      </trkpt>
      <trkpt lat="34.718255" lon="-117.141137">
        <extensions>
          <leadnav:type>Serpentine</leadnav:type>
        </extensions>
      </trkpt>
      <trkpt lat="34.718240" lon="-117.141045">
        <extensions>
          <leadnav:type>Serpentine</leadnav:type>
        </extensions>
      </trkpt>
      <trkpt lat="34.718258" lon="-117.140968">
        <extensions>
          <leadnav:type>Serpentine</leadnav:type>
        </extensions>
      </trkpt>
      <trkpt lat="34.718310" lon="-117.140911">
        <extensions>
          <leadnav:type>Serpentine</leadnav:type>
        </extensions>
      </trkpt>
      <trkpt lat="34.718444" lon="-117.140845">
        <extensions>
          <leadnav:type>Serpentine</leadnav:type>
        </extensions>
      </trkpt>
      <trkpt lat="34.718481" lon="-117.140785">
        <extensions>
          <leadnav:type>Serpentine</leadnav:type>
        </extensions>
      </trkpt>
      <trkpt lat="34.718491" lon="-117.140706">
        <extensions>
          <leadnav:type>Serpentine</leadnav:type>
        </extensions>
      </trkpt>
      <trkpt lat="34.718469" lon="-117.140616">
        <extensions>
          <leadnav:type>Serpentine</leadnav:type>
        </extensions>
      </trkpt>
      <trkpt lat="34.718428" lon="-117.140506">
        <extensions>
          <leadnav:type>Serpentine</leadnav:type>
        </extensions>
      </trkpt>
      <trkpt lat="34.718382" lon="-117.140396">
        <extensions>
          <leadnav:type>Serpentine</leadnav:type>
        </extensions>
      </trkpt>
      <trkpt lat="34.718292" lon="-117.140206">
        <extensions>
          <leadnav:type>Serpentine</leadnav:type>
        </extensions>
      </trkpt>
      <trkpt lat="34.718227" lon="-117.139954">
        <extensions>
          <leadnav:type>Serpentine</leadnav:type>
        </extensions>
      </trkpt>
      <trkpt lat="34.718185" lon="-117.139904">
        <extensions>
          <leadnav:type>Serpentine</leadnav:type>
        </extensions>
      </trkpt>
      <trkpt lat="34.718082" lon="-117.139831">
        <extensions>
          <leadnav:type>Serpentine</leadnav:type>
        </extensions>
      </trkpt>
      <trkpt lat="34.718037" lon="-117.139782">
        <extensions>
          <leadnav:type>Serpentine</leadnav:type>
        </extensions>
      </trkpt>
      <trkpt lat="34.717998" lon="-117.139728">
        <extensions>
          <leadnav:type>Serpentine</leadnav:type>
        </extensions>
      </trkpt>
      <trkpt lat="34.717928" lon="-117.139623">
        <extensions>
          <leadnav:type>Serpentine</leadnav:type>
        </extensions>
      </trkpt>
      <trkpt lat="34.717874" lon="-117.139522">
        <extensions>
          <leadnav:type>Serpentine</leadnav:type>
        </extensions>
      </trkpt>
      <trkpt lat="34.717848" lon="-117.139407">
        <extensions>
          <leadnav:type>Serpentine</leadnav:type>
        </extensions>
      </trkpt>
      <trkpt lat="34.717822" lon="-117.139340">
        <extensions>
          <leadnav:type>Serpentine</leadnav:type>
        </extensions>
      </trkpt>
      <trkpt lat="34.717747" lon="-117.139202">
        <extensions>
          <leadnav:type>Serpentine</leadnav:type>
        </extensions>
      </trkpt>
      <trkpt lat="34.717663" lon="-117.139026">
        <extensions>
          <leadnav:type>Serpentine</leadnav:type>
        </extensions>
      </trkpt>
      <trkpt lat="34.717538" lon="-117.138706">
        <extensions>
          <leadnav:type>Serpentine</leadnav:type>
        </extensions>
      </trkpt>
      <trkpt lat="34.717500" lon="-117.138596">
        <extensions>
          <leadnav:type>Serpentine</leadnav:type>
        </extensions>
      </trkpt>
      <trkpt lat="34.717485" lon="-117.138480">
        <extensions>
          <leadnav:type>Serpentine</leadnav:type>
        </extensions>
      </trkpt>
      <trkpt lat="34.717497" lon="-117.138355">
        <extensions>
          <leadnav:type>Serpentine</leadnav:type>
        </extensions>
      </trkpt>
      <trkpt lat="34.717560" lon="-117.138077">
        <extensions>
          <leadnav:type>Serpentine</leadnav:type>
        </extensions>
      </trkpt>
      <trkpt lat="34.717581" lon="-117.137954">
        <extensions>
          <leadnav:type>Serpentine</leadnav:type>
        </extensions>
      </trkpt>
      <trkpt lat="34.717584" lon="-117.137851">
        <extensions>
          <leadnav:type>Serpentine</leadnav:type>
        </extensions>
      </trkpt>
      <trkpt lat="34.717560" lon="-117.137772">
        <extensions>
          <leadnav:type>Serpentine</leadnav:type>
        </extensions>
      </trkpt>
      <trkpt lat="34.717511" lon="-117.137722">
        <extensions>
          <leadnav:type>Serpentine</leadnav:type>
        </extensions>
      </trkpt>
      <trkpt lat="34.717439" lon="-117.137697">
        <extensions>
          <leadnav:type>Serpentine</leadnav:type>
        </extensions>
      </trkpt>
      <trkpt lat="34.717349" lon="-117.137681">
        <extensions>
          <leadnav:type>Serpentine</leadnav:type>
        </extensions>
      </trkpt>
      <trkpt lat="34.717248" lon="-117.137659">
        <extensions>
          <leadnav:type>Serpentine</leadnav:type>
        </extensions>
      </trkpt>
      <trkpt lat="34.717141" lon="-117.137615">
        <extensions>
          <leadnav:type>Serpentine</leadnav:type>
        </extensions>
      </trkpt>
      <trkpt lat="34.717032" lon="-117.137538">
        <extensions>
          <leadnav:type>Serpentine</leadnav:type>
        </extensions>
      </trkpt>
      <trkpt lat="34.716924" lon="-117.137435">
        <extensions>
          <leadnav:type>Serpentine</leadnav:type>
        </extensions>
      </trkpt>
      <trkpt lat="34.716810" lon="-117.137320">
        <extensions>
          <leadnav:type>Serpentine</leadnav:type>
        </extensions>
      </trkpt>
      <trkpt lat="34.716558" lon="-117.137082">
        <extensions>
          <leadnav:type>Serpentine</leadnav:type>
        </extensions>
      </trkpt>
      <trkpt lat="34.716277" lon="-117.136851">
        <extensions>
          <leadnav:type>Serpentine</leadnav:type>
        </extensions>
      </trkpt>
      <trkpt lat="34.715805" lon="-117.136424">
        <extensions>
          <leadnav:type>Serpentine</leadnav:type>
        </extensions>
      </trkpt>
      <trkpt lat="34.715713" lon="-117.136356">
        <extensions>
          <leadnav:type>Serpentine</leadnav:type>
        </extensions>
      </trkpt>
      <trkpt lat="34.715630" lon="-117.136318">
        <extensions>
          <leadnav:type>Serpentine</leadnav:type>
        </extensions>
      </trkpt>
      <trkpt lat="34.715550" lon="-117.136307">
        <extensions>
          <leadnav:type>Serpentine</leadnav:type>
        </extensions>
      </trkpt>
      <trkpt lat="34.715470" lon="-117.136319">
        <extensions>
          <leadnav:type>Serpentine</leadnav:type>
        </extensions>
      </trkpt>
      <trkpt lat="34.715394" lon="-117.136355">
        <extensions>
          <leadnav:type>Serpentine</leadnav:type>
        </extensions>
      </trkpt>
      <trkpt lat="34.715336" lon="-117.136416">
        <extensions>
          <leadnav:type>Serpentine</leadnav:type>
        </extensions>
      </trkpt>
      <trkpt lat="34.715306" lon="-117.136509">
        <extensions>
          <leadnav:type>Serpentine</leadnav:type>
        </extensions>
      </trkpt>
      <trkpt lat="34.715304" lon="-117.136628">
        <extensions>
          <leadnav:type>Serpentine</leadnav:type>
        </extensions>
      </trkpt>
      <trkpt lat="34.715306" lon="-117.136762">
        <extensions>
          <leadnav:type>Serpentine</leadnav:type>
        </extensions>
      </trkpt>
      <trkpt lat="34.715301" lon="-117.136904">
        <extensions>
          <leadnav:type>Serpentine</leadnav:type>
        </extensions>
      </trkpt>
      <trkpt lat="34.715280" lon="-117.137032">
        <extensions>
          <leadnav:type>Serpentine</leadnav:type>
        </extensions>
      </trkpt>
      <trkpt lat="34.715238" lon="-117.137132">
        <extensions>
          <leadnav:type>Serpentine</leadnav:type>
        </extensions>
      </trkpt>
      <trkpt lat="34.715179" lon="-117.137192">
        <extensions>
          <leadnav:type>Serpentine</leadnav:type>
        </extensions>
      </trkpt>
      <trkpt lat="34.715113" lon="-117.137224">
        <extensions>
          <leadnav:type>Serpentine</leadnav:type>
        </extensions>
      </trkpt>
      <trkpt lat="34.715035" lon="-117.137233">
        <extensions>
          <leadnav:type>Serpentine</leadnav:type>
        </extensions>
      </trkpt>
      <trkpt lat="34.714954" lon="-117.137222">
        <extensions>
          <leadnav:type>Serpentine</leadnav:type>
        </extensions>
      </trkpt>
      <trkpt lat="34.714777" lon="-117.137189">
        <extensions>
          <leadnav:type>Serpentine</leadnav:type>
        </extensions>
      </trkpt>
      <trkpt lat="34.714430" lon="-117.137164">
        <extensions>
          <leadnav:type>Serpentine</leadnav:type>
        </extensions>
      </trkpt>
      <trkpt lat="34.714003" lon="-117.137170">
        <extensions>
          <leadnav:type>Serpentine</leadnav:type>
        </extensions>
      </trkpt>
      <trkpt lat="34.713494" lon="-117.137247">
        <extensions>
          <leadnav:type>Serpentine</leadnav:type>
        </extensions>
      </trkpt>
      <trkpt lat="34.713389" lon="-117.137276">
        <extensions>
          <leadnav:type>Serpentine</leadnav:type>
        </extensions>
      </trkpt>
      <trkpt lat="34.713283" lon="-117.137321">
        <extensions>
          <leadnav:type>Serpentine</leadnav:type>
        </extensions>
      </trkpt>
      <trkpt lat="34.713057" lon="-117.137441">
        <extensions>
          <leadnav:type>Serpentine</leadnav:type>
        </extensions>
      </trkpt>
      <trkpt lat="34.712845" lon="-117.137593">
        <extensions>
          <leadnav:type>Serpentine</leadnav:type>
        </extensions>
      </trkpt>
      <trkpt lat="34.712766" lon="-117.137680">
        <extensions>
          <leadnav:type>Serpentine</leadnav:type>
        </extensions>
      </trkpt>
      <trkpt lat="34.712634" lon="-117.137901">
        <extensions>
          <leadnav:type>Serpentine</leadnav:type>
        </extensions>
      </trkpt>
      <trkpt lat="34.712558" lon="-117.138018">
        <extensions>
          <leadnav:type>Serpentine</leadnav:type>
        </extensions>
      </trkpt>
      <trkpt lat="34.712489" lon="-117.138136">
        <extensions>
          <leadnav:type>Serpentine</leadnav:type>
        </extensions>
      </trkpt>
      <trkpt lat="34.712365" lon="-117.138377">
        <extensions>
          <leadnav:type>Serpentine</leadnav:type>
        </extensions>
      </trkpt>
      <trkpt lat="34.712306" lon="-117.138505">
        <extensions>
          <leadnav:type>Serpentine</leadnav:type>
        </extensions>
      </trkpt>
      <trkpt lat="34.712199" lon="-117.138770">
        <extensions>
          <leadnav:type>Serpentine</leadnav:type>
        </extensions>
      </trkpt>
      <trkpt lat="34.712007" lon="-117.139144">
        <extensions>
          <leadnav:type>Serpentine</leadnav:type>
        </extensions>
      </trkpt>
      <trkpt lat="34.711957" lon="-117.139277">
        <extensions>
          <leadnav:type>Serpentine</leadnav:type>
        </extensions>
      </trkpt>
      <trkpt lat="34.711907" lon="-117.139401">
        <extensions>
          <leadnav:type>Serpentine</leadnav:type>
        </extensions>
      </trkpt>
      <trkpt lat="34.711834" lon="-117.139511">
        <extensions>
          <leadnav:type>Serpentine</leadnav:type>
        </extensions>
      </trkpt>
      <trkpt lat="34.711523" lon="-117.139813">
        <extensions>
          <leadnav:type>Serpentine</leadnav:type>
        </extensions>
      </trkpt>
      <trkpt lat="34.711095" lon="-117.140330">
        <extensions>
          <leadnav:type>Serpentine</leadnav:type>
        </extensions>
      </trkpt>
      <trkpt lat="34.710990" lon="-117.140441">
        <extensions>
          <leadnav:type>Serpentine</leadnav:type>
        </extensions>
      </trkpt>
      <trkpt lat="34.710889" lon="-117.140536">
        <extensions>
          <leadnav:type>Serpentine</leadnav:type>
        </extensions>
      </trkpt>
      <trkpt lat="34.710792" lon="-117.140616">
        <extensions>
          <leadnav:type>Serpentine</leadnav:type>
        </extensions>
      </trkpt>
      <trkpt lat="34.710556" lon="-117.140786">
        <extensions>
          <leadnav:type>Serpentine</leadnav:type>
        </extensions>
      </trkpt>
      <trkpt lat="34.710493" lon="-117.140835">
        <extensions>
          <leadnav:type>Serpentine</leadnav:type>
        </extensions>
      </trkpt>
      <trkpt lat="34.710365" lon="-117.140947">
        <extensions>
          <leadnav:type>Serpentine</leadnav:type>
        </extensions>
      </trkpt>
      <trkpt lat="34.710312" lon="-117.141023">
        <extensions>
          <leadnav:type>Serpentine</leadnav:type>
        </extensions>
      </trkpt>
      <trkpt lat="34.710276" lon="-117.141115">
        <extensions>
          <leadnav:type>Serpentine</leadnav:type>
        </extensions>
      </trkpt>
      <trkpt lat="34.710246" lon="-117.141228">
        <extensions>
          <leadnav:type>Serpentine</leadnav:type>
        </extensions>
      </trkpt>
      <trkpt lat="34.710019" lon="-117.142165">
        <extensions>
          <leadnav:type>Serpentine</leadnav:type>
        </extensions>
      </trkpt>
      <trkpt lat="34.709975" lon="-117.142487">
        <extensions>
          <leadnav:type>Serpentine</leadnav:type>
        </extensions>
      </trkpt>
      <trkpt lat="34.709894" lon="-117.143269">
        <extensions>
          <leadnav:type>Serpentine</leadnav:type>
        </extensions>
      </trkpt>
      <trkpt lat="34.709892" lon="-117.143337">
        <extensions>
          <leadnav:type>Serpentine</leadnav:type>
        </extensions>
      </trkpt>
      <trkpt lat="34.709892" lon="-117.143386">
        <extensions>
          <leadnav:type>Serpentine</leadnav:type>
        </extensions>
      </trkpt>
      <trkpt lat="34.709899" lon="-117.143444">
        <extensions>
          <leadnav:type>Serpentine</leadnav:type>
        </extensions>
      </trkpt>
      <trkpt lat="34.709902" lon="-117.143411">
        <extensions>
          <leadnav:type>Serpentine</leadnav:type>
        </extensions>
      </trkpt>
      <trkpt lat="34.709923" lon="-117.143572">
        <extensions>
          <leadnav:type>Serpentine</leadnav:type>
        </extensions>
      </trkpt>
      <trkpt lat="34.709940" lon="-117.143646">
        <extensions>
          <leadnav:type>Serpentine</leadnav:type>
        </extensions>
      </trkpt>
      <trkpt lat="34.709956" lon="-117.143707">
        <extensions>
          <leadnav:type>Serpentine</leadnav:type>
        </extensions>
      </trkpt>
      <trkpt lat="34.709998" lon="-117.143821">
        <extensions>
          <leadnav:type>Serpentine</leadnav:type>
        </extensions>
      </trkpt>
      <trkpt lat="34.710089" lon="-117.144031">
        <extensions>
          <leadnav:type>Serpentine</leadnav:type>
        </extensions>
      </trkpt>
      <trkpt lat="34.710137" lon="-117.144113">
        <extensions>
          <leadnav:type>Serpentine</leadnav:type>
        </extensions>
      </trkpt>
      <trkpt lat="34.710421" lon="-117.144503">
        <extensions>
          <leadnav:type>Serpentine</leadnav:type>
        </extensions>
      </trkpt>
      <trkpt lat="34.710496" lon="-117.144620">
        <extensions>
          <leadnav:type>Serpentine</leadnav:type>
        </extensions>
      </trkpt>
      <trkpt lat="34.710630" lon="-117.144857">
        <extensions>
          <leadnav:type>Serpentine</leadnav:type>
        </extensions>
      </trkpt>
      <trkpt lat="34.711002" lon="-117.145440">
        <extensions>
          <leadnav:type>Serpentine</leadnav:type>
        </extensions>
      </trkpt>
      <trkpt lat="34.711298" lon="-117.145826">
        <extensions>
          <leadnav:type>Serpentine</leadnav:type>
        </extensions>
      </trkpt>
      <trkpt lat="34.711428" lon="-117.145958">
        <extensions>
          <leadnav:type>Serpentine</leadnav:type>
        </extensions>
      </trkpt>
      <trkpt lat="34.712048" lon="-117.146600">
        <extensions>
          <leadnav:type>Serpentine</leadnav:type>
        </extensions>
      </trkpt>
      <trkpt lat="34.712172" lon="-117.146642">
        <extensions>
          <leadnav:type>Serpentine</leadnav:type>
        </extensions>
      </trkpt>
      <trkpt lat="34.712296" lon="-117.146660">
        <extensions>
          <leadnav:type>Serpentine</leadnav:type>
        </extensions>
      </trkpt>
      <trkpt lat="34.712430" lon="-117.146672">
        <extensions>
          <leadnav:type>Serpentine</leadnav:type>
        </extensions>
      </trkpt>
      <trkpt lat="34.712716" lon="-117.146678">
        <extensions>
          <leadnav:type>Serpentine</leadnav:type>
        </extensions>
      </trkpt>
      <trkpt lat="34.712859" lon="-117.146693">
        <extensions>
          <leadnav:type>Serpentine</leadnav:type>
        </extensions>
      </trkpt>
      <trkpt lat="34.713001" lon="-117.146726">
        <extensions>
          <leadnav:type>Serpentine</leadnav:type>
        </extensions>
      </trkpt>
      <trkpt lat="34.713258" lon="-117.146805">
        <extensions>
          <leadnav:type>Serpentine</leadnav:type>
        </extensions>
      </trkpt>
      <trkpt lat="34.713450" lon="-117.146913">
        <extensions>
          <leadnav:type>Serpentine</leadnav:type>
        </extensions>
      </trkpt>
      <trkpt lat="34.713536" lon="-117.146942">
        <extensions>
          <leadnav:type>Serpentine</leadnav:type>
        </extensions>
      </trkpt>
      <trkpt lat="34.713614" lon="-117.146961">
        <extensions>
          <leadnav:type>Serpentine</leadnav:type>
        </extensions>
      </trkpt>
      <trkpt lat="34.713748" lon="-117.147003">
        <extensions>
          <leadnav:type>Serpentine</leadnav:type>
        </extensions>
      </trkpt>
      <trkpt lat="34.713812" lon="-117.147039">
        <extensions>
          <leadnav:type>Serpentine</leadnav:type>
        </extensions>
      </trkpt>
      <trkpt lat="34.714067" lon="-117.147256">
        <extensions>
          <leadnav:type>Serpentine</leadnav:type>
        </extensions>
      </trkpt>
      <trkpt lat="34.714182" lon="-117.147347">
        <extensions>
          <leadnav:type>Serpentine</leadnav:type>
        </extensions>
      </trkpt>
      <trkpt lat="34.714381" lon="-117.147523">
        <extensions>
          <leadnav:type>Serpentine</leadnav:type>
        </extensions>
      </trkpt>
      <trkpt lat="34.714430" lon="-117.147551">
        <extensions>
          <leadnav:type>Serpentine</leadnav:type>
        </extensions>
      </trkpt>
      <trkpt lat="34.714630" lon="-117.147643">
        <extensions>
          <leadnav:type>Serpentine</leadnav:type>
        </extensions>
      </trkpt>
      <trkpt lat="34.714717" lon="-117.147647">
        <extensions>
          <leadnav:type>Serpentine</leadnav:type>
        </extensions>
      </trkpt>
      <trkpt lat="34.714812" lon="-117.147627">
        <extensions>
          <leadnav:type>Serpentine</leadnav:type>
        </extensions>
      </trkpt>
      <trkpt lat="34.714914" lon="-117.147592">
        <extensions>
          <leadnav:type>Serpentine</leadnav:type>
        </extensions>
      </trkpt>
      <trkpt lat="34.715039" lon="-117.147615">
        <extensions>
          <leadnav:type>Serpentine</leadnav:type>
        </extensions>
      </trkpt>
      <trkpt lat="34.715301" lon="-117.147675">
        <extensions>
          <leadnav:type>Serpentine</leadnav:type>
        </extensions>
      </trkpt>
      <trkpt lat="34.715724" lon="-117.147897">
        <extensions>
          <leadnav:type>Serpentine</leadnav:type>
        </extensions>
      </trkpt>
      <trkpt lat="34.715861" lon="-117.147981">
        <extensions>
          <leadnav:type>Serpentine</leadnav:type>
        </extensions>
      </trkpt>
      <trkpt lat="34.716081" lon="-117.148130">
        <extensions>
          <leadnav:type>Serpentine</leadnav:type>
        </extensions>
      </trkpt>
      <trkpt lat="34.716208" lon="-117.148258">
        <extensions>
          <leadnav:type>Serpentine</leadnav:type>
        </extensions>
      </trkpt>
      <trkpt lat="34.716620" lon="-117.148606">
        <extensions>
          <leadnav:type>Serpentine</leadnav:type>
        </extensions>
      </trkpt>
      <trkpt lat="34.717690" lon="-117.149356">
        <extensions>
          <leadnav:type>Serpentine</leadnav:type>
        </extensions>
      </trkpt>
      <trkpt lat="34.718824" lon="-117.149875">
        <extensions>
          <leadnav:type>Serpentine</leadnav:type>
        </extensions>
      </trkpt>
      <trkpt lat="34.718959" lon="-117.149951">
        <extensions>
          <leadnav:type>Serpentine</leadnav:type>
        </extensions>
      </trkpt>
      <trkpt lat="34.719092" lon="-117.150035">
        <extensions>
          <leadnav:type>Serpentine</leadnav:type>
        </extensions>
      </trkpt>
      <trkpt lat="34.719223" lon="-117.150129">
        <extensions>
          <leadnav:type>Serpentine</leadnav:type>
        </extensions>
      </trkpt>
      <trkpt lat="34.719349" lon="-117.150242">
        <extensions>
          <leadnav:type>Serpentine</leadnav:type>
        </extensions>
      </trkpt>
      <trkpt lat="34.719474" lon="-117.150377">
        <extensions>
          <leadnav:type>Serpentine</leadnav:type>
        </extensions>
      </trkpt>
      <trkpt lat="34.719598" lon="-117.150530">
        <extensions>
          <leadnav:type>Serpentine</leadnav:type>
        </extensions>
      </trkpt>
      <trkpt lat="34.719716" lon="-117.150687">
        <extensions>
          <leadnav:type>Serpentine</leadnav:type>
        </extensions>
      </trkpt>
      <trkpt lat="34.719836" lon="-117.150836">
        <extensions>
          <leadnav:type>Serpentine</leadnav:type>
        </extensions>
      </trkpt>
      <trkpt lat="34.719962" lon="-117.150974">
        <extensions>
          <leadnav:type>Serpentine</leadnav:type>
        </extensions>
      </trkpt>
      <trkpt lat="34.720351" lon="-117.151363">
        <extensions>
          <leadnav:type>Serpentine</leadnav:type>
        </extensions>
      </trkpt>
      <trkpt lat="34.720462" lon="-117.151515">
        <extensions>
          <leadnav:type>Serpentine</leadnav:type>
        </extensions>
      </trkpt>
      <trkpt lat="34.720561" lon="-117.151685">
        <extensions>
          <leadnav:type>Serpentine</leadnav:type>
        </extensions>
      </trkpt>
      <trkpt lat="34.720716" lon="-117.152056">
        <extensions>
          <leadnav:type>Serpentine</leadnav:type>
        </extensions>
      </trkpt>
      <trkpt lat="34.721146" lon="-117.153455">
        <extensions>
          <leadnav:type>Serpentine</leadnav:type>
        </extensions>
      </trkpt>
      <trkpt lat="34.721219" lon="-117.153653">
        <extensions>
          <leadnav:type>Serpentine</leadnav:type>
        </extensions>
      </trkpt>
      <trkpt lat="34.721309" lon="-117.153842">
        <extensions>
          <leadnav:type>Serpentine</leadnav:type>
        </extensions>
      </trkpt>
      <trkpt lat="34.721946" lon="-117.154956">
        <extensions>
          <leadnav:type>Serpentine</leadnav:type>
        </extensions>
      </trkpt>
      <trkpt lat="34.722428" lon="-117.155670">
        <extensions>
          <leadnav:type>Serpentine</leadnav:type>
        </extensions>
      </trkpt>
      <trkpt lat="34.722541" lon="-117.155790">
        <extensions>
          <leadnav:type>Serpentine</leadnav:type>
        </extensions>
      </trkpt>
      <trkpt lat="34.722653" lon="-117.155886">
        <extensions>
          <leadnav:type>Serpentine</leadnav:type>
        </extensions>
      </trkpt>
      <trkpt lat="34.722765" lon="-117.155952">
        <extensions>
          <leadnav:type>Serpentine</leadnav:type>
        </extensions>
      </trkpt>
      <trkpt lat="34.724103" lon="-117.156634">
        <extensions>
          <leadnav:type>Serpentine</leadnav:type>
        </extensions>
      </trkpt>
      <trkpt lat="34.725823" lon="-117.157080">
        <extensions>
          <leadnav:type>Serpentine</leadnav:type>
        </extensions>
      </trkpt>
      <trkpt lat="34.726008" lon="-117.157081">
        <extensions>
          <leadnav:type>Serpentine</leadnav:type>
        </extensions>
      </trkpt>
      <trkpt lat="34.726151" lon="-117.157075">
        <extensions>
          <leadnav:type>Serpentine</leadnav:type>
        </extensions>
      </trkpt>
      <trkpt lat="34.726748" lon="-117.157112">
        <extensions>
          <leadnav:type>Serpentine</leadnav:type>
        </extensions>
      </trkpt>
      <trkpt lat="34.727110" lon="-117.157150">
        <extensions>
          <leadnav:type>Serpentine</leadnav:type>
        </extensions>
      </trkpt>
      <trkpt lat="34.727282" lon="-117.157211">
        <extensions>
          <leadnav:type>Serpentine</leadnav:type>
        </extensions>
      </trkpt>
      <trkpt lat="34.727474" lon="-117.157291">
        <extensions>
          <leadnav:type>Serpentine</leadnav:type>
        </extensions>
      </trkpt>
      <trkpt lat="34.727690" lon="-117.157454">
        <extensions>
          <leadnav:type>Serpentine</leadnav:type>
        </extensions>
      </trkpt>
      <trkpt lat="34.727754" lon="-117.157514">
        <extensions>
          <leadnav:type>Serpentine</leadnav:type>
        </extensions>
      </trkpt>
      <trkpt lat="34.727814" lon="-117.157563">
        <extensions>
          <leadnav:type>Serpentine</leadnav:type>
        </extensions>
      </trkpt>
      <trkpt lat="34.727854" lon="-117.157619">
        <extensions>
          <leadnav:type>Serpentine</leadnav:type>
        </extensions>
      </trkpt>
      <trkpt lat="34.728030" lon="-117.157917">
        <extensions>
          <leadnav:type>Serpentine</leadnav:type>
        </extensions>
      </trkpt>
      <trkpt lat="34.728339" lon="-117.158382">
        <extensions>
          <leadnav:type>Serpentine</leadnav:type>
        </extensions>
      </trkpt>
      <trkpt lat="34.728433" lon="-117.158468">
        <extensions>
          <leadnav:type>Serpentine</leadnav:type>
        </extensions>
      </trkpt>
      <trkpt lat="34.728534" lon="-117.158534">
        <extensions>
          <leadnav:type>Serpentine</leadnav:type>
        </extensions>
      </trkpt>
      <trkpt lat="34.728841" lon="-117.158691">
        <extensions>
          <leadnav:type>Serpentine</leadnav:type>
        </extensions>
      </trkpt>
      <trkpt lat="34.729340" lon="-117.159002">
        <extensions>
          <leadnav:type>Serpentine</leadnav:type>
        </extensions>
      </trkpt>
      <trkpt lat="34.729447" lon="-117.159051">
        <extensions>
          <leadnav:type>Serpentine</leadnav:type>
        </extensions>
      </trkpt>
      <trkpt lat="34.729557" lon="-117.159094">
        <extensions>
          <leadnav:type>Serpentine</leadnav:type>
        </extensions>
      </trkpt>
      <trkpt lat="34.729889" lon="-117.159246">
        <extensions>
          <leadnav:type>Serpentine</leadnav:type>
        </extensions>
      </trkpt>
      <trkpt lat="34.730085" lon="-117.159323">
        <extensions>
          <leadnav:type>Serpentine</leadnav:type>
        </extensions>
      </trkpt>
      <trkpt lat="34.730159" lon="-117.159359">
        <extensions>
          <leadnav:type>Serpentine</leadnav:type>
        </extensions>
      </trkpt>
      <trkpt lat="34.730241" lon="-117.159391">
        <extensions>
          <leadnav:type>Serpentine</leadnav:type>
        </extensions>
      </trkpt>
      <trkpt lat="34.730338" lon="-117.159413">
        <extensions>
          <leadnav:type>Serpentine</leadnav:type>
        </extensions>
      </trkpt>
      <trkpt lat="34.730446" lon="-117.159422">
        <extensions>
          <leadnav:type>Serpentine</leadnav:type>
        </extensions>
      </trkpt>
      <trkpt lat="34.730559" lon="-117.159427">
        <extensions>
          <leadnav:type>Serpentine</leadnav:type>
        </extensions>
      </trkpt>
      <trkpt lat="34.730761" lon="-117.159462">
        <extensions>
          <leadnav:type>Serpentine</leadnav:type>
        </extensions>
      </trkpt>
      <trkpt lat="34.730860" lon="-117.159464">
        <extensions>
          <leadnav:type>Serpentine</leadnav:type>
        </extensions>
      </trkpt>
      <trkpt lat="34.731073" lon="-117.159437">
        <extensions>
          <leadnav:type>Serpentine</leadnav:type>
        </extensions>
      </trkpt>
      <trkpt lat="34.731183" lon="-117.159408">
        <extensions>
          <leadnav:type>Serpentine</leadnav:type>
        </extensions>
      </trkpt>
      <trkpt lat="34.731293" lon="-117.159367">
        <extensions>
          <leadnav:type>Serpentine</leadnav:type>
        </extensions>
      </trkpt>
      <trkpt lat="34.731407" lon="-117.159311">
        <extensions>
          <leadnav:type>Serpentine</leadnav:type>
        </extensions>
      </trkpt>
      <trkpt lat="34.731528" lon="-117.159244">
        <extensions>
          <leadnav:type>Serpentine</leadnav:type>
        </extensions>
      </trkpt>
      <trkpt lat="34.733251" lon="-117.158135">
        <extensions>
          <leadnav:type>Serpentine</leadnav:type>
        </extensions>
      </trkpt>
      <trkpt lat="34.733339" lon="-117.158104">
        <extensions>
          <leadnav:type>Serpentine</leadnav:type>
        </extensions>
      </trkpt>
      <trkpt lat="34.733638" lon="-117.157946">
        <extensions>
          <leadnav:type>Serpentine</leadnav:type>
        </extensions>
      </trkpt>
      <trkpt lat="34.733768" lon="-117.157860">
        <extensions>
          <leadnav:type>Serpentine</leadnav:type>
        </extensions>
      </trkpt>
      <trkpt lat="34.733843" lon="-117.157850">
        <extensions>
          <leadnav:type>Serpentine</leadnav:type>
        </extensions>
      </trkpt>
      <trkpt lat="34.733928" lon="-117.157860">
        <extensions>
          <leadnav:type>Serpentine</leadnav:type>
        </extensions>
      </trkpt>
      <trkpt lat="34.734027" lon="-117.157886">
        <extensions>
          <leadnav:type>Serpentine</leadnav:type>
        </extensions>
      </trkpt>
      <trkpt lat="34.734279" lon="-117.157971">
        <extensions>
          <leadnav:type>Serpentine</leadnav:type>
        </extensions>
      </trkpt>
      <trkpt lat="34.736568" lon="-117.158613">
        <extensions>
          <leadnav:type>Serpentine</leadnav:type>
        </extensions>
      </trkpt>
      <trkpt lat="34.736697" lon="-117.158668">
        <extensions>
          <leadnav:type>Serpentine</leadnav:type>
        </extensions>
      </trkpt>
      <trkpt lat="34.736827" lon="-117.158749">
        <extensions>
          <leadnav:type>Serpentine</leadnav:type>
        </extensions>
      </trkpt>
      <trkpt lat="34.737102" lon="-117.158968">
        <extensions>
          <leadnav:type>Serpentine</leadnav:type>
        </extensions>
      </trkpt>
      <trkpt lat="34.737364" lon="-117.159209">
        <extensions>
          <leadnav:type>Serpentine</leadnav:type>
        </extensions>
      </trkpt>
      <trkpt lat="34.737479" lon="-117.159306">
        <extensions>
          <leadnav:type>Serpentine</leadnav:type>
        </extensions>
      </trkpt>
      <trkpt lat="34.737765" lon="-117.159473">
        <extensions>
          <leadnav:type>Serpentine</leadnav:type>
        </extensions>
      </trkpt>
      <trkpt lat="34.737868" lon="-117.159495">
        <extensions>
          <leadnav:type>Serpentine</leadnav:type>
        </extensions>
      </trkpt>
      <trkpt lat="34.737974" lon="-117.159490">
        <extensions>
          <leadnav:type>Serpentine</leadnav:type>
        </extensions>
      </trkpt>
      <trkpt lat="34.738082" lon="-117.159451">
        <extensions>
          <leadnav:type>Serpentine</leadnav:type>
        </extensions>
      </trkpt>
      <trkpt lat="34.738197" lon="-117.159397">
        <extensions>
          <leadnav:type>Serpentine</leadnav:type>
        </extensions>
      </trkpt>
      <trkpt lat="34.738322" lon="-117.159330">
        <extensions>
          <leadnav:type>Serpentine</leadnav:type>
        </extensions>
      </trkpt>
      <trkpt lat="34.738453" lon="-117.159245">
        <extensions>
          <leadnav:type>Serpentine</leadnav:type>
        </extensions>
      </trkpt>
      <trkpt lat="34.739171" lon="-117.158712">
        <extensions>
          <leadnav:type>Serpentine</leadnav:type>
        </extensions>
      </trkpt>
      <trkpt lat="34.739308" lon="-117.158644">
        <extensions>
          <leadnav:type>Serpentine</leadnav:type>
        </extensions>
      </trkpt>
      <trkpt lat="34.739440" lon="-117.158614">
        <extensions>
          <leadnav:type>Serpentine</leadnav:type>
        </extensions>
      </trkpt>
      <trkpt lat="34.739577" lon="-117.158615">
        <extensions>
          <leadnav:type>Serpentine</leadnav:type>
        </extensions>
      </trkpt>
      <trkpt lat="34.739724" lon="-117.158640">
        <extensions>
          <leadnav:type>Serpentine</leadnav:type>
        </extensions>
      </trkpt>
      <trkpt lat="34.739882" lon="-117.158685">
        <extensions>
          <leadnav:type>Serpentine</leadnav:type>
        </extensions>
      </trkpt>
      <trkpt lat="34.740044" lon="-117.158749">
        <extensions>
          <leadnav:type>Serpentine</leadnav:type>
        </extensions>
      </trkpt>
      <trkpt lat="34.740379" lon="-117.158915">
        <extensions>
          <leadnav:type>Serpentine</leadnav:type>
        </extensions>
      </trkpt>
      <trkpt lat="34.740733" lon="-117.159059">
        <extensions>
          <leadnav:type>Serpentine</leadnav:type>
        </extensions>
      </trkpt>
      <trkpt lat="34.740909" lon="-117.159093">
        <extensions>
          <leadnav:type>Serpentine</leadnav:type>
        </extensions>
      </trkpt>
      <trkpt lat="34.741239" lon="-117.159134">
        <extensions>
          <leadnav:type>Serpentine</leadnav:type>
        </extensions>
      </trkpt>
      <trkpt lat="34.741397" lon="-117.159170">
        <extensions>
          <leadnav:type>Serpentine</leadnav:type>
        </extensions>
      </trkpt>
      <trkpt lat="34.741553" lon="-117.159236">
        <extensions>
          <leadnav:type>Serpentine</leadnav:type>
        </extensions>
      </trkpt>
      <trkpt lat="34.741707" lon="-117.159328">
        <extensions>
          <leadnav:type>Serpentine</leadnav:type>
        </extensions>
      </trkpt>
      <trkpt lat="34.742011" lon="-117.159542">
        <extensions>
          <leadnav:type>Serpentine</leadnav:type>
        </extensions>
      </trkpt>
      <trkpt lat="34.742170" lon="-117.159628">
        <extensions>
          <leadnav:type>Serpentine</leadnav:type>
        </extensions>
      </trkpt>
      <trkpt lat="34.742345" lon="-117.159694">
        <extensions>
          <leadnav:type>Serpentine</leadnav:type>
        </extensions>
      </trkpt>
      <trkpt lat="34.742527" lon="-117.159744">
        <extensions>
          <leadnav:type>Serpentine</leadnav:type>
        </extensions>
      </trkpt>
      <trkpt lat="34.742714" lon="-117.159786">
        <extensions>
          <leadnav:type>Serpentine</leadnav:type>
        </extensions>
      </trkpt>
      <trkpt lat="34.743647" lon="-117.159935">
        <extensions>
          <leadnav:type>Serpentine</leadnav:type>
        </extensions>
      </trkpt>
      <trkpt lat="34.743818" lon="-117.159946">
        <extensions>
          <leadnav:type>Serpentine</leadnav:type>
        </extensions>
      </trkpt>
      <trkpt lat="34.743987" lon="-117.159943">
        <extensions>
          <leadnav:type>Serpentine</leadnav:type>
        </extensions>
      </trkpt>
      <trkpt lat="34.744161" lon="-117.159925">
        <extensions>
          <leadnav:type>Serpentine</leadnav:type>
        </extensions>
      </trkpt>
      <trkpt lat="34.744641" lon="-117.159837">
        <extensions>
          <leadnav:type>Serpentine</leadnav:type>
        </extensions>
      </trkpt>
      <trkpt lat="34.744781" lon="-117.159848">
        <extensions>
          <leadnav:type>Serpentine</leadnav:type>
        </extensions>
      </trkpt>
      <trkpt lat="34.744915" lon="-117.159901">
        <extensions>
          <leadnav:type>Serpentine</leadnav:type>
        </extensions>
      </trkpt>
      <trkpt lat="34.745364" lon="-117.160130">
        <extensions>
          <leadnav:type>Serpentine</leadnav:type>
        </extensions>
      </trkpt>
      <trkpt lat="34.746012" lon="-117.160425">
        <extensions>
          <leadnav:type>Serpentine</leadnav:type>
        </extensions>
      </trkpt>
      <trkpt lat="34.746133" lon="-117.160526">
        <extensions>
          <leadnav:type>Serpentine</leadnav:type>
        </extensions>
      </trkpt>
      <trkpt lat="34.746432" lon="-117.160836">
        <extensions>
          <leadnav:type>Serpentine</leadnav:type>
        </extensions>
      </trkpt>
      <trkpt lat="34.746508" lon="-117.160933">
        <extensions>
          <leadnav:type>Serpentine</leadnav:type>
        </extensions>
      </trkpt>
      <trkpt lat="34.746570" lon="-117.161060">
        <extensions>
          <leadnav:type>Serpentine</leadnav:type>
        </extensions>
      </trkpt>
      <trkpt lat="34.746628" lon="-117.161215">
        <extensions>
          <leadnav:type>Serpentine</leadnav:type>
        </extensions>
      </trkpt>
      <trkpt lat="34.746844" lon="-117.161706">
        <extensions>
          <leadnav:type>Serpentine</leadnav:type>
        </extensions>
      </trkpt>
      <trkpt lat="34.746936" lon="-117.161842">
        <extensions>
          <leadnav:type>Serpentine</leadnav:type>
        </extensions>
      </trkpt>
      <trkpt lat="34.747044" lon="-117.161959">
        <extensions>
          <leadnav:type>Serpentine</leadnav:type>
        </extensions>
      </trkpt>
      <trkpt lat="34.747402" lon="-117.162234">
        <extensions>
          <leadnav:type>Serpentine</leadnav:type>
        </extensions>
      </trkpt>
      <trkpt lat="34.747501" lon="-117.162341">
        <extensions>
          <leadnav:type>Serpentine</leadnav:type>
        </extensions>
      </trkpt>
      <trkpt lat="34.747593" lon="-117.162475">
        <extensions>
          <leadnav:type>Serpentine</leadnav:type>
        </extensions>
      </trkpt>
      <trkpt lat="34.747763" lon="-117.162769">
        <extensions>
          <leadnav:type>Serpentine</leadnav:type>
        </extensions>
      </trkpt>
      <trkpt lat="34.747857" lon="-117.162906">
        <extensions>
          <leadnav:type>Serpentine</leadnav:type>
        </extensions>
      </trkpt>
      <trkpt lat="34.747959" lon="-117.163016">
        <extensions>
          <leadnav:type>Serpentine</leadnav:type>
        </extensions>
      </trkpt>
      <trkpt lat="34.748072" lon="-117.163089">
        <extensions>
          <leadnav:type>Serpentine</leadnav:type>
        </extensions>
      </trkpt>
      <trkpt lat="34.748198" lon="-117.163131">
        <extensions>
          <leadnav:type>Serpentine</leadnav:type>
        </extensions>
      </trkpt>
      <trkpt lat="34.748338" lon="-117.163158">
        <extensions>
          <leadnav:type>Serpentine</leadnav:type>
        </extensions>
      </trkpt>
      <trkpt lat="34.748734" lon="-117.163217">
        <extensions>
          <leadnav:type>Serpentine</leadnav:type>
        </extensions>
      </trkpt>
      <trkpt lat="34.748844" lon="-117.163229">
        <extensions>
          <leadnav:type>Serpentine</leadnav:type>
        </extensions>
      </trkpt>
      <trkpt lat="34.748949" lon="-117.163265">
        <extensions>
          <leadnav:type>Serpentine</leadnav:type>
        </extensions>
      </trkpt>
      <trkpt lat="34.749052" lon="-117.163328">
        <extensions>
          <leadnav:type>Serpentine</leadnav:type>
        </extensions>
      </trkpt>
      <trkpt lat="34.749146" lon="-117.163415">
        <extensions>
          <leadnav:type>Serpentine</leadnav:type>
        </extensions>
      </trkpt>
      <trkpt lat="34.749216" lon="-117.163572">
        <extensions>
          <leadnav:type>Serpentine</leadnav:type>
        </extensions>
      </trkpt>
      <trkpt lat="34.749493" lon="-117.164023">
        <extensions>
          <leadnav:type>Serpentine</leadnav:type>
        </extensions>
      </trkpt>
      <trkpt lat="34.749605" lon="-117.164159">
        <extensions>
          <leadnav:type>Serpentine</leadnav:type>
        </extensions>
      </trkpt>
      <trkpt lat="34.749689" lon="-117.164246">
        <extensions>
          <leadnav:type>Serpentine</leadnav:type>
        </extensions>
      </trkpt>
      <trkpt lat="34.749784" lon="-117.164322">
        <extensions>
          <leadnav:type>Serpentine</leadnav:type>
        </extensions>
      </trkpt>
      <trkpt lat="34.749894" lon="-117.164389">
        <extensions>
          <leadnav:type>Serpentine</leadnav:type>
        </extensions>
      </trkpt>
      <trkpt lat="34.750232" lon="-117.164534">
        <extensions>
          <leadnav:type>Serpentine</leadnav:type>
        </extensions>
      </trkpt>
      <trkpt lat="34.750301" lon="-117.164593">
        <extensions>
          <leadnav:type>Serpentine</leadnav:type>
        </extensions>
      </trkpt>
      <trkpt lat="34.750353" lon="-117.164659">
        <extensions>
          <leadnav:type>Serpentine</leadnav:type>
        </extensions>
      </trkpt>
      <trkpt lat="34.750388" lon="-117.164726">
        <extensions>
          <leadnav:type>Serpentine</leadnav:type>
        </extensions>
      </trkpt>
      <trkpt lat="34.750408" lon="-117.164791">
        <extensions>
          <leadnav:type>Serpentine</leadnav:type>
        </extensions>
      </trkpt>
      <trkpt lat="34.750415" lon="-117.164856">
        <extensions>
          <leadnav:type>Serpentine</leadnav:type>
        </extensions>
      </trkpt>
      <trkpt lat="34.750406" lon="-117.164918">
        <extensions>
          <leadnav:type>Serpentine</leadnav:type>
        </extensions>
      </trkpt>
      <trkpt lat="34.750381" lon="-117.164980">
        <extensions>
          <leadnav:type>Serpentine</leadnav:type>
        </extensions>
      </trkpt>
      <trkpt lat="34.750345" lon="-117.165041">
        <extensions>
          <leadnav:type>Serpentine</leadnav:type>
        </extensions>
      </trkpt>
      <trkpt lat="34.750298" lon="-117.165101">
        <extensions>
          <leadnav:type>Serpentine</leadnav:type>
        </extensions>
      </trkpt>
      <trkpt lat="34.750247" lon="-117.165160">
        <extensions>
          <leadnav:type>Serpentine</leadnav:type>
        </extensions>
      </trkpt>
      <trkpt lat="34.750190" lon="-117.165215">
        <extensions>
          <leadnav:type>Serpentine</leadnav:type>
        </extensions>
      </trkpt>
      <trkpt lat="34.750123" lon="-117.165258">
        <extensions>
          <leadnav:type>Serpentine</leadnav:type>
        </extensions>
      </trkpt>
      <trkpt lat="34.750046" lon="-117.165283">
        <extensions>
          <leadnav:type>Serpentine</leadnav:type>
        </extensions>
      </trkpt>
      <trkpt lat="34.749968" lon="-117.165305">
        <extensions>
          <leadnav:type>Serpentine</leadnav:type>
        </extensions>
      </trkpt>
      <trkpt lat="34.749890" lon="-117.165345">
        <extensions>
          <leadnav:type>Serpentine</leadnav:type>
        </extensions>
      </trkpt>
      <trkpt lat="34.749812" lon="-117.165400">
        <extensions>
          <leadnav:type>Serpentine</leadnav:type>
        </extensions>
      </trkpt>
      <trkpt lat="34.749722" lon="-117.165457">
        <extensions>
          <leadnav:type>Serpentine</leadnav:type>
        </extensions>
      </trkpt>
      <trkpt lat="34.749623" lon="-117.165508">
        <extensions>
          <leadnav:type>Serpentine</leadnav:type>
        </extensions>
      </trkpt>
      <trkpt lat="34.749426" lon="-117.165589">
        <extensions>
          <leadnav:type>Serpentine</leadnav:type>
        </extensions>
      </trkpt>
      <trkpt lat="34.749329" lon="-117.165619">
        <extensions>
          <leadnav:type>Serpentine</leadnav:type>
        </extensions>
      </trkpt>
      <trkpt lat="34.749229" lon="-117.165641">
        <extensions>
          <leadnav:type>Serpentine</leadnav:type>
        </extensions>
      </trkpt>
      <trkpt lat="34.748994" lon="-117.165661">
        <extensions>
          <leadnav:type>Serpentine</leadnav:type>
        </extensions>
      </trkpt>
      <trkpt lat="34.748720" lon="-117.165660">
        <extensions>
          <leadnav:type>Serpentine</leadnav:type>
        </extensions>
      </trkpt>
      <trkpt lat="34.748589" lon="-117.165655">
        <extensions>
          <leadnav:type>Serpentine</leadnav:type>
        </extensions>
      </trkpt>
      <trkpt lat="34.748462" lon="-117.165643">
        <extensions>
          <leadnav:type>Serpentine</leadnav:type>
        </extensions>
      </trkpt>
      <trkpt lat="34.747889" lon="-117.165563">
        <extensions>
          <leadnav:type>Serpentine</leadnav:type>
        </extensions>
      </trkpt>
      <trkpt lat="34.747044" lon="-117.165510">
        <extensions>
          <leadnav:type>Serpentine</leadnav:type>
        </extensions>
      </trkpt>
      <trkpt lat="34.746588" lon="-117.165528">
        <extensions>
          <leadnav:type>Serpentine</leadnav:type>
        </extensions>
      </trkpt>
      <trkpt lat="34.745542" lon="-117.165668">
        <extensions>
          <leadnav:type>Serpentine</leadnav:type>
        </extensions>
      </trkpt>
      <trkpt lat="34.745389" lon="-117.165701">
        <extensions>
          <leadnav:type>Serpentine</leadnav:type>
        </extensions>
      </trkpt>
      <trkpt lat="34.744756" lon="-117.165869">
        <extensions>
          <leadnav:type>Serpentine</leadnav:type>
        </extensions>
      </trkpt>
      <trkpt lat="34.744613" lon="-117.165924">
        <extensions>
          <leadnav:type>Serpentine</leadnav:type>
        </extensions>
      </trkpt>
      <trkpt lat="34.744474" lon="-117.165983">
        <extensions>
          <leadnav:type>Serpentine</leadnav:type>
        </extensions>
      </trkpt>
      <trkpt lat="34.741810" lon="-117.167265">
        <extensions>
          <leadnav:type>Serpentine</leadnav:type>
        </extensions>
      </trkpt>
      <trkpt lat="34.741251" lon="-117.167440">
        <extensions>
          <leadnav:type>Serpentine</leadnav:type>
        </extensions>
      </trkpt>
      <trkpt lat="34.741100" lon="-117.167467">
        <extensions>
          <leadnav:type>Serpentine</leadnav:type>
        </extensions>
      </trkpt>
      <trkpt lat="34.740643" lon="-117.167584">
        <extensions>
          <leadnav:type>Serpentine</leadnav:type>
        </extensions>
      </trkpt>
      <trkpt lat="34.740500" lon="-117.167663">
        <extensions>
          <leadnav:type>Serpentine</leadnav:type>
        </extensions>
      </trkpt>
      <trkpt lat="34.740360" lon="-117.167758">
        <extensions>
          <leadnav:type>Serpentine</leadnav:type>
        </extensions>
      </trkpt>
      <trkpt lat="34.740224" lon="-117.167863">
        <extensions>
          <leadnav:type>Serpentine</leadnav:type>
        </extensions>
      </trkpt>
      <trkpt lat="34.739971" lon="-117.168044">
        <extensions>
          <leadnav:type>Serpentine</leadnav:type>
        </extensions>
      </trkpt>
      <trkpt lat="34.739838" lon="-117.168101">
        <extensions>
          <leadnav:type>Serpentine</leadnav:type>
        </extensions>
      </trkpt>
      <trkpt lat="34.739693" lon="-117.168138">
        <extensions>
          <leadnav:type>Serpentine</leadnav:type>
        </extensions>
      </trkpt>
      <trkpt lat="34.739542" lon="-117.168159">
        <extensions>
          <leadnav:type>Serpentine</leadnav:type>
        </extensions>
      </trkpt>
      <trkpt lat="34.739384" lon="-117.168161">
        <extensions>
          <leadnav:type>Serpentine</leadnav:type>
        </extensions>
      </trkpt>
      <trkpt lat="34.739222" lon="-117.168151">
        <extensions>
          <leadnav:type>Serpentine</leadnav:type>
        </extensions>
      </trkpt>
      <trkpt lat="34.739056" lon="-117.168131">
        <extensions>
          <leadnav:type>Serpentine</leadnav:type>
        </extensions>
      </trkpt>
      <trkpt lat="34.738535" lon="-117.168047">
        <extensions>
          <leadnav:type>Serpentine</leadnav:type>
        </extensions>
      </trkpt>
      <trkpt lat="34.738173" lon="-117.167973">
        <extensions>
          <leadnav:type>Serpentine</leadnav:type>
        </extensions>
      </trkpt>
      <trkpt lat="34.737992" lon="-117.167917">
        <extensions>
          <leadnav:type>Serpentine</leadnav:type>
        </extensions>
      </trkpt>
      <trkpt lat="34.737815" lon="-117.167843">
        <extensions>
          <leadnav:type>Serpentine</leadnav:type>
        </extensions>
      </trkpt>
      <trkpt lat="34.737460" lon="-117.167658">
        <extensions>
          <leadnav:type>Serpentine</leadnav:type>
        </extensions>
      </trkpt>
      <trkpt lat="34.737084" lon="-117.167505">
        <extensions>
          <leadnav:type>Serpentine</leadnav:type>
        </extensions>
      </trkpt>
      <trkpt lat="34.736184" lon="-117.167199">
        <extensions>
          <leadnav:type>Serpentine</leadnav:type>
        </extensions>
      </trkpt>
      <trkpt lat="34.735613" lon="-117.167073">
        <extensions>
          <leadnav:type>Serpentine</leadnav:type>
        </extensions>
      </trkpt>
      <trkpt lat="34.734822" lon="-117.166857">
        <extensions>
          <leadnav:type>Serpentine</leadnav:type>
        </extensions>
      </trkpt>
      <trkpt lat="34.734393" lon="-117.166840">
        <extensions>
          <leadnav:type>Serpentine</leadnav:type>
        </extensions>
      </trkpt>
      <trkpt lat="34.734336" lon="-117.166894">
        <extensions>
          <leadnav:type>Serpentine</leadnav:type>
        </extensions>
      </trkpt>
      <trkpt lat="34.734283" lon="-117.166973">
        <extensions>
          <leadnav:type>Serpentine</leadnav:type>
        </extensions>
      </trkpt>
      <trkpt lat="34.734187" lon="-117.167186">
        <extensions>
          <leadnav:type>Serpentine</leadnav:type>
        </extensions>
      </trkpt>
      <trkpt lat="34.734145" lon="-117.167301">
        <extensions>
          <leadnav:type>Serpentine</leadnav:type>
        </extensions>
      </trkpt>
      <trkpt lat="34.734114" lon="-117.167416">
        <extensions>
          <leadnav:type>Serpentine</leadnav:type>
        </extensions>
      </trkpt>
      <trkpt lat="34.734056" lon="-117.167678">
        <extensions>
          <leadnav:type>Serpentine</leadnav:type>
        </extensions>
      </trkpt>
      <trkpt lat="34.734011" lon="-117.167814">
        <extensions>
          <leadnav:type>Serpentine</leadnav:type>
        </extensions>
      </trkpt>
      <trkpt lat="34.733957" lon="-117.167946">
        <extensions>
          <leadnav:type>Serpentine</leadnav:type>
        </extensions>
      </trkpt>
      <trkpt lat="34.733904" lon="-117.168066">
        <extensions>
          <leadnav:type>Serpentine</leadnav:type>
        </extensions>
      </trkpt>
      <trkpt lat="34.733857" lon="-117.168185">
        <extensions>
          <leadnav:type>Serpentine</leadnav:type>
        </extensions>
      </trkpt>
      <trkpt lat="34.733783" lon="-117.168441">
        <extensions>
          <leadnav:type>Serpentine</leadnav:type>
        </extensions>
      </trkpt>
      <trkpt lat="34.733490" lon="-117.169341">
        <extensions>
          <leadnav:type>Serpentine</leadnav:type>
        </extensions>
      </trkpt>
      <trkpt lat="34.733396" lon="-117.169736">
        <extensions>
          <leadnav:type>Serpentine</leadnav:type>
        </extensions>
      </trkpt>
      <trkpt lat="34.733239" lon="-117.170320">
        <extensions>
          <leadnav:type>Serpentine</leadnav:type>
        </extensions>
      </trkpt>
      <trkpt lat="34.733196" lon="-117.170433">
        <extensions>
          <leadnav:type>Serpentine</leadnav:type>
        </extensions>
      </trkpt>
      <trkpt lat="34.733146" lon="-117.170550">
        <extensions>
          <leadnav:type>Serpentine</leadnav:type>
        </extensions>
      </trkpt>
      <trkpt lat="34.733112" lon="-117.170688">
        <extensions>
          <leadnav:type>Serpentine</leadnav:type>
        </extensions>
      </trkpt>
      <trkpt lat="34.733065" lon="-117.170816">
        <extensions>
          <leadnav:type>Serpentine</leadnav:type>
        </extensions>
      </trkpt>
      <trkpt lat="34.733003" lon="-117.170972">
        <extensions>
          <leadnav:type>Serpentine</leadnav:type>
        </extensions>
      </trkpt>
      <trkpt lat="34.732913" lon="-117.171310">
        <extensions>
          <leadnav:type>Serpentine</leadnav:type>
        </extensions>
      </trkpt>
      <trkpt lat="34.732860" lon="-117.171411">
        <extensions>
          <leadnav:type>Serpentine</leadnav:type>
        </extensions>
      </trkpt>
      <trkpt lat="34.732784" lon="-117.171502">
        <extensions>
          <leadnav:type>Serpentine</leadnav:type>
        </extensions>
      </trkpt>
      <trkpt lat="34.732686" lon="-117.171573">
        <extensions>
          <leadnav:type>Serpentine</leadnav:type>
        </extensions>
      </trkpt>
      <trkpt lat="34.732579" lon="-117.171634">
        <extensions>
          <leadnav:type>Serpentine</leadnav:type>
        </extensions>
      </trkpt>
      <trkpt lat="34.732387" lon="-117.171731">
        <extensions>
          <leadnav:type>Serpentine</leadnav:type>
        </extensions>
      </trkpt>
      <trkpt lat="34.732309" lon="-117.171785">
        <extensions>
          <leadnav:type>Serpentine</leadnav:type>
        </extensions>
      </trkpt>
      <trkpt lat="34.732037" lon="-117.172031">
        <extensions>
          <leadnav:type>Serpentine</leadnav:type>
        </extensions>
      </trkpt>
      <trkpt lat="34.731943" lon="-117.172127">
        <extensions>
          <leadnav:type>Serpentine</leadnav:type>
        </extensions>
      </trkpt>
      <trkpt lat="34.731850" lon="-117.172215">
        <extensions>
          <leadnav:type>Serpentine</leadnav:type>
        </extensions>
      </trkpt>
      <trkpt lat="34.731722" lon="-117.172320">
        <extensions>
          <leadnav:type>Serpentine</leadnav:type>
        </extensions>
      </trkpt>
      <trkpt lat="34.731693" lon="-117.172350">
        <extensions>
          <leadnav:type>Serpentine</leadnav:type>
        </extensions>
      </trkpt>
      <trkpt lat="34.731659" lon="-117.172391">
        <extensions>
          <leadnav:type>Serpentine</leadnav:type>
        </extensions>
      </trkpt>
      <trkpt lat="34.730902" lon="-117.173201">
        <extensions>
          <leadnav:type>Serpentine</leadnav:type>
        </extensions>
      </trkpt>
      <trkpt lat="34.730438" lon="-117.173614">
        <extensions>
          <leadnav:type>Serpentine</leadnav:type>
        </extensions>
      </trkpt>
      <trkpt lat="34.730346" lon="-117.173691">
        <extensions>
          <leadnav:type>Serpentine</leadnav:type>
        </extensions>
      </trkpt>
      <trkpt lat="34.729672" lon="-117.174345">
        <extensions>
          <leadnav:type>Serpentine</leadnav:type>
        </extensions>
      </trkpt>
      <trkpt lat="34.729447" lon="-117.174502">
        <extensions>
          <leadnav:type>Serpentine</leadnav:type>
        </extensions>
      </trkpt>
      <trkpt lat="34.729340" lon="-117.174584">
        <extensions>
          <leadnav:type>Serpentine</leadnav:type>
        </extensions>
      </trkpt>
      <trkpt lat="34.729230" lon="-117.174652">
        <extensions>
          <leadnav:type>Serpentine</leadnav:type>
        </extensions>
      </trkpt>
      <trkpt lat="34.729112" lon="-117.174708">
        <extensions>
          <leadnav:type>Serpentine</leadnav:type>
        </extensions>
      </trkpt>
      <trkpt lat="34.728978" lon="-117.174758">
        <extensions>
          <leadnav:type>Serpentine</leadnav:type>
        </extensions>
      </trkpt>
      <trkpt lat="34.728830" lon="-117.174798">
        <extensions>
          <leadnav:type>Serpentine</leadnav:type>
        </extensions>
      </trkpt>
      <trkpt lat="34.728677" lon="-117.174829">
        <extensions>
          <leadnav:type>Serpentine</leadnav:type>
        </extensions>
      </trkpt>
      <trkpt lat="34.728525" lon="-117.174854">
        <extensions>
          <leadnav:type>Serpentine</leadnav:type>
        </extensions>
      </trkpt>
      <trkpt lat="34.727834" lon="-117.175032">
        <extensions>
          <leadnav:type>Serpentine</leadnav:type>
        </extensions>
      </trkpt>
      <trkpt lat="34.727592" lon="-117.175083">
        <extensions>
          <leadnav:type>Serpentine</leadnav:type>
        </extensions>
      </trkpt>
      <trkpt lat="34.727076" lon="-117.175165">
        <extensions>
          <leadnav:type>Serpentine</leadnav:type>
        </extensions>
      </trkpt>
      <trkpt lat="34.726504" lon="-117.175283">
        <extensions>
          <leadnav:type>Serpentine</leadnav:type>
        </extensions>
      </trkpt>
      <trkpt lat="34.726366" lon="-117.175323">
        <extensions>
          <leadnav:type>Serpentine</leadnav:type>
        </extensions>
      </trkpt>
      <trkpt lat="34.726232" lon="-117.175349">
        <extensions>
          <leadnav:type>Serpentine</leadnav:type>
        </extensions>
      </trkpt>
      <trkpt lat="34.726096" lon="-117.175367">
        <extensions>
          <leadnav:type>Serpentine</leadnav:type>
        </extensions>
      </trkpt>
      <trkpt lat="34.725957" lon="-117.175375">
        <extensions>
          <leadnav:type>Serpentine</leadnav:type>
        </extensions>
      </trkpt>
      <trkpt lat="34.725664" lon="-117.175373">
        <extensions>
          <leadnav:type>Serpentine</leadnav:type>
        </extensions>
      </trkpt>
      <trkpt lat="34.725519" lon="-117.175337">
        <extensions>
          <leadnav:type>Serpentine</leadnav:type>
        </extensions>
      </trkpt>
      <trkpt lat="34.725383" lon="-117.175280">
        <extensions>
          <leadnav:type>Serpentine</leadnav:type>
        </extensions>
      </trkpt>
      <trkpt lat="34.725011" lon="-117.175161">
        <extensions>
          <leadnav:type>Serpentine</leadnav:type>
        </extensions>
      </trkpt>
      <trkpt lat="34.724878" lon="-117.175159">
        <extensions>
          <leadnav:type>Serpentine</leadnav:type>
        </extensions>
      </trkpt>
      <trkpt lat="34.724739" lon="-117.175173">
        <extensions>
          <leadnav:type>Serpentine</leadnav:type>
        </extensions>
      </trkpt>
      <trkpt lat="34.724595" lon="-117.175199">
        <extensions>
          <leadnav:type>Serpentine</leadnav:type>
        </extensions>
      </trkpt>
      <trkpt lat="34.724147" lon="-117.175306">
        <extensions>
          <leadnav:type>Serpentine</leadnav:type>
        </extensions>
      </trkpt>
      <trkpt lat="34.723911" lon="-117.175380">
        <extensions>
          <leadnav:type>Serpentine</leadnav:type>
        </extensions>
      </trkpt>
      <trkpt lat="34.723801" lon="-117.175397">
        <extensions>
          <leadnav:type>Serpentine</leadnav:type>
        </extensions>
      </trkpt>
      <trkpt lat="34.723679" lon="-117.175400">
        <extensions>
          <leadnav:type>Serpentine</leadnav:type>
        </extensions>
      </trkpt>
      <trkpt lat="34.723544" lon="-117.175394">
        <extensions>
          <leadnav:type>Serpentine</leadnav:type>
        </extensions>
      </trkpt>
      <trkpt lat="34.723398" lon="-117.175378">
        <extensions>
          <leadnav:type>Serpentine</leadnav:type>
        </extensions>
      </trkpt>
      <trkpt lat="34.723248" lon="-117.175346">
        <extensions>
          <leadnav:type>Serpentine</leadnav:type>
        </extensions>
      </trkpt>
      <trkpt lat="34.723100" lon="-117.175307">
        <extensions>
          <leadnav:type>Serpentine</leadnav:type>
        </extensions>
      </trkpt>
      <trkpt lat="34.722962" lon="-117.175277">
        <extensions>
          <leadnav:type>Serpentine</leadnav:type>
        </extensions>
      </trkpt>
      <trkpt lat="34.722649" lon="-117.175240">
        <extensions>
          <leadnav:type>Serpentine</leadnav:type>
        </extensions>
      </trkpt>
      <trkpt lat="34.722430" lon="-117.175204">
        <extensions>
          <leadnav:type>Serpentine</leadnav:type>
        </extensions>
      </trkpt>
      <trkpt lat="34.722177" lon="-117.175120">
        <extensions>
          <leadnav:type>Serpentine</leadnav:type>
        </extensions>
      </trkpt>
      <trkpt lat="34.722046" lon="-117.175093">
        <extensions>
          <leadnav:type>Serpentine</leadnav:type>
        </extensions>
      </trkpt>
      <trkpt lat="34.721918" lon="-117.175079">
        <extensions>
          <leadnav:type>Serpentine</leadnav:type>
        </extensions>
      </trkpt>
      <trkpt lat="34.721786" lon="-117.175073">
        <extensions>
          <leadnav:type>Serpentine</leadnav:type>
        </extensions>
      </trkpt>
      <trkpt lat="34.721250" lon="-117.175071">
        <extensions>
          <leadnav:type>Serpentine</leadnav:type>
        </extensions>
      </trkpt>
      <trkpt lat="34.721010" lon="-117.175056">
        <extensions>
          <leadnav:type>Serpentine</leadnav:type>
        </extensions>
      </trkpt>
      <trkpt lat="34.720880" lon="-117.175070">
        <extensions>
          <leadnav:type>Serpentine</leadnav:type>
        </extensions>
      </trkpt>
      <trkpt lat="34.720746" lon="-117.175108">
        <extensions>
          <leadnav:type>Serpentine</leadnav:type>
        </extensions>
      </trkpt>
      <trkpt lat="34.720616" lon="-117.175177">
        <extensions>
          <leadnav:type>Serpentine</leadnav:type>
        </extensions>
      </trkpt>
      <trkpt lat="34.720484" lon="-117.175263">
        <extensions>
          <leadnav:type>Serpentine</leadnav:type>
        </extensions>
      </trkpt>
      <trkpt lat="34.720348" lon="-117.175345">
        <extensions>
          <leadnav:type>Serpentine</leadnav:type>
        </extensions>
      </trkpt>
      <trkpt lat="34.720117" lon="-117.175453">
        <extensions>
          <leadnav:type>Serpentine</leadnav:type>
        </extensions>
      </trkpt>
      <trkpt lat="34.720036" lon="-117.175514">
        <extensions>
          <leadnav:type>Serpentine</leadnav:type>
        </extensions>
      </trkpt>
      <trkpt lat="34.719943" lon="-117.175574">
        <extensions>
          <leadnav:type>Serpentine</leadnav:type>
        </extensions>
      </trkpt>
      <trkpt lat="34.719834" lon="-117.175617">
        <extensions>
          <leadnav:type>Serpentine</leadnav:type>
        </extensions>
      </trkpt>
      <trkpt lat="34.719729" lon="-117.175634">
        <extensions>
          <leadnav:type>Serpentine</leadnav:type>
        </extensions>
      </trkpt>
      <trkpt lat="34.719635" lon="-117.175623">
        <extensions>
          <leadnav:type>Serpentine</leadnav:type>
        </extensions>
      </trkpt>
      <trkpt lat="34.719554" lon="-117.175584">
        <extensions>
          <leadnav:type>Serpentine</leadnav:type>
        </extensions>
      </trkpt>
      <trkpt lat="34.719495" lon="-117.175523">
        <extensions>
          <leadnav:type>Serpentine</leadnav:type>
        </extensions>
      </trkpt>
      <trkpt lat="34.719454" lon="-117.175446">
        <extensions>
          <leadnav:type>Serpentine</leadnav:type>
        </extensions>
      </trkpt>
      <trkpt lat="34.719442" lon="-117.175359">
        <extensions>
          <leadnav:type>Serpentine</leadnav:type>
        </extensions>
      </trkpt>
      <trkpt lat="34.719471" lon="-117.175181">
        <extensions>
          <leadnav:type>Serpentine</leadnav:type>
        </extensions>
      </trkpt>
      <trkpt lat="34.719498" lon="-117.175110">
        <extensions>
          <leadnav:type>Serpentine</leadnav:type>
        </extensions>
      </trkpt>
      <trkpt lat="34.719534" lon="-117.175044">
        <extensions>
          <leadnav:type>Serpentine</leadnav:type>
        </extensions>
      </trkpt>
      <trkpt lat="34.719592" lon="-117.174976">
        <extensions>
          <leadnav:type>Serpentine</leadnav:type>
        </extensions>
      </trkpt>
      <trkpt lat="34.719954" lon="-117.174685">
        <extensions>
          <leadnav:type>Serpentine</leadnav:type>
        </extensions>
      </trkpt>
      <trkpt lat="34.720038" lon="-117.174591">
        <extensions>
          <leadnav:type>Serpentine</leadnav:type>
        </extensions>
      </trkpt>
      <trkpt lat="34.720361" lon="-117.174148">
        <extensions>
          <leadnav:type>Serpentine</leadnav:type>
        </extensions>
      </trkpt>
      <trkpt lat="34.720734" lon="-117.173669">
        <extensions>
          <leadnav:type>Serpentine</leadnav:type>
        </extensions>
      </trkpt>
      <trkpt lat="34.721205" lon="-117.172991">
        <extensions>
          <leadnav:type>Serpentine</leadnav:type>
        </extensions>
      </trkpt>
      <trkpt lat="34.721548" lon="-117.172579">
        <extensions>
          <leadnav:type>Serpentine</leadnav:type>
        </extensions>
      </trkpt>
      <trkpt lat="34.721614" lon="-117.172492">
        <extensions>
          <leadnav:type>Serpentine</leadnav:type>
        </extensions>
      </trkpt>
      <trkpt lat="34.721670" lon="-117.172393">
        <extensions>
          <leadnav:type>Serpentine</leadnav:type>
        </extensions>
      </trkpt>
      <trkpt lat="34.721713" lon="-117.172276">
        <extensions>
          <leadnav:type>Serpentine</leadnav:type>
        </extensions>
      </trkpt>
      <trkpt lat="34.721745" lon="-117.172159">
        <extensions>
          <leadnav:type>Serpentine</leadnav:type>
        </extensions>
      </trkpt>
      <trkpt lat="34.721765" lon="-117.172046">
        <extensions>
          <leadnav:type>Serpentine</leadnav:type>
        </extensions>
      </trkpt>
      <trkpt lat="34.721772" lon="-117.171934">
        <extensions>
          <leadnav:type>Serpentine</leadnav:type>
        </extensions>
      </trkpt>
      <trkpt lat="34.721758" lon="-117.171702">
        <extensions>
          <leadnav:type>Serpentine</leadnav:type>
        </extensions>
      </trkpt>
      <trkpt lat="34.721742" lon="-117.171587">
        <extensions>
          <leadnav:type>Serpentine</leadnav:type>
        </extensions>
      </trkpt>
      <trkpt lat="34.721733" lon="-117.171477">
        <extensions>
          <leadnav:type>Serpentine</leadnav:type>
        </extensions>
      </trkpt>
      <trkpt lat="34.721732" lon="-117.171277">
        <extensions>
          <leadnav:type>Serpentine</leadnav:type>
        </extensions>
      </trkpt>
      <trkpt lat="34.721735" lon="-117.171181">
        <extensions>
          <leadnav:type>Serpentine</leadnav:type>
        </extensions>
      </trkpt>
      <trkpt lat="34.721769" lon="-117.170880">
        <extensions>
          <leadnav:type>Serpentine</leadnav:type>
        </extensions>
      </trkpt>
      <trkpt lat="34.721971" lon="-117.170200">
        <extensions>
          <leadnav:type>Serpentine</leadnav:type>
        </extensions>
      </trkpt>
      <trkpt lat="34.722108" lon="-117.169785">
        <extensions>
          <leadnav:type>Serpentine</leadnav:type>
        </extensions>
      </trkpt>
      <trkpt lat="34.722154" lon="-117.169605">
        <extensions>
          <leadnav:type>Serpentine</leadnav:type>
        </extensions>
      </trkpt>
      <trkpt lat="34.722274" lon="-117.169244">
        <extensions>
          <leadnav:type>Serpentine</leadnav:type>
        </extensions>
      </trkpt>
      <trkpt lat="34.722302" lon="-117.169140">
        <extensions>
          <leadnav:type>Serpentine</leadnav:type>
        </extensions>
      </trkpt>
      <trkpt lat="34.722325" lon="-117.169030">
        <extensions>
          <leadnav:type>Serpentine</leadnav:type>
        </extensions>
      </trkpt>
      <trkpt lat="34.722344" lon="-117.168912">
        <extensions>
          <leadnav:type>Serpentine</leadnav:type>
        </extensions>
      </trkpt>
      <trkpt lat="34.722354" lon="-117.168780">
        <extensions>
          <leadnav:type>Serpentine</leadnav:type>
        </extensions>
      </trkpt>
      <trkpt lat="34.722360" lon="-117.168631">
        <extensions>
          <leadnav:type>Serpentine</leadnav:type>
        </extensions>
      </trkpt>
      <trkpt lat="34.722359" lon="-117.168476">
        <extensions>
          <leadnav:type>Serpentine</leadnav:type>
        </extensions>
      </trkpt>
      <trkpt lat="34.722330" lon="-117.168094">
        <extensions>
          <leadnav:type>Serpentine</leadnav:type>
        </extensions>
      </trkpt>
      <trkpt lat="34.722320" lon="-117.168014">
        <extensions>
          <leadnav:type>Serpentine</leadnav:type>
        </extensions>
      </trkpt>
      <trkpt lat="34.722296" lon="-117.167943">
        <extensions>
          <leadnav:type>Serpentine</leadnav:type>
        </extensions>
      </trkpt>
      <trkpt lat="34.722284" lon="-117.167884">
        <extensions>
          <leadnav:type>Serpentine</leadnav:type>
        </extensions>
      </trkpt>
      <trkpt lat="34.722242" lon="-117.167777">
        <extensions>
          <leadnav:type>Serpentine</leadnav:type>
        </extensions>
      </trkpt>
      <trkpt lat="34.722188" lon="-117.167666">
        <extensions>
          <leadnav:type>Serpentine</leadnav:type>
        </extensions>
      </trkpt>
      <trkpt lat="34.722139" lon="-117.167606">
        <extensions>
          <leadnav:type>Serpentine</leadnav:type>
        </extensions>
      </trkpt>
      <trkpt lat="34.722083" lon="-117.167546">
        <extensions>
          <leadnav:type>Serpentine</leadnav:type>
        </extensions>
      </trkpt>
      <trkpt lat="34.722018" lon="-117.167488">
        <extensions>
          <leadnav:type>Serpentine</leadnav:type>
        </extensions>
      </trkpt>
      <trkpt lat="34.721557" lon="-117.167122">
        <extensions>
          <leadnav:type>Serpentine</leadnav:type>
        </extensions>
      </trkpt>
      <trkpt lat="34.721437" lon="-117.167008">
        <extensions>
          <leadnav:type>Serpentine</leadnav:type>
        </extensions>
      </trkpt>
      <trkpt lat="34.721070" lon="-117.166561">
        <extensions>
          <leadnav:type>Serpentine</leadnav:type>
        </extensions>
      </trkpt>
      <trkpt lat="34.720996" lon="-117.166498">
        <extensions>
          <leadnav:type>Serpentine</leadnav:type>
        </extensions>
      </trkpt>
      <trkpt lat="34.720836" lon="-117.166385">
        <extensions>
          <leadnav:type>Serpentine</leadnav:type>
        </extensions>
      </trkpt>
      <trkpt lat="34.720601" lon="-117.166244">
        <extensions>
          <leadnav:type>Serpentine</leadnav:type>
        </extensions>
      </trkpt>
      <trkpt lat="34.720326" lon="-117.166022">
        <extensions>
          <leadnav:type>Serpentine</leadnav:type>
        </extensions>
      </trkpt>
      <trkpt lat="34.719441" lon="-117.165179">
        <extensions>
          <leadnav:type>Serpentine</leadnav:type>
        </extensions>
      </trkpt>
      <trkpt lat="34.719110" lon="-117.164892">
        <extensions>
          <leadnav:type>Serpentine</leadnav:type>
        </extensions>
      </trkpt>
      <trkpt lat="34.718605" lon="-117.164393">
        <extensions>
          <leadnav:type>Serpentine</leadnav:type>
        </extensions>
      </trkpt>
      <trkpt lat="34.718543" lon="-117.164300">
        <extensions>
          <leadnav:type>Serpentine</leadnav:type>
        </extensions>
      </trkpt>
      <trkpt lat="34.718490" lon="-117.164203">
        <extensions>
          <leadnav:type>Serpentine</leadnav:type>
        </extensions>
      </trkpt>
      <trkpt lat="34.718359" lon="-117.163897">
        <extensions>
          <leadnav:type>Serpentine</leadnav:type>
        </extensions>
      </trkpt>
      <trkpt lat="34.718310" lon="-117.163805">
        <extensions>
          <leadnav:type>Serpentine</leadnav:type>
        </extensions>
      </trkpt>
      <trkpt lat="34.718209" lon="-117.163652">
        <extensions>
          <leadnav:type>Serpentine</leadnav:type>
        </extensions>
      </trkpt>
      <trkpt lat="34.718151" lon="-117.163590">
        <extensions>
          <leadnav:type>Serpentine</leadnav:type>
        </extensions>
      </trkpt>
      <trkpt lat="34.718081" lon="-117.163531">
        <extensions>
          <leadnav:type>Serpentine</leadnav:type>
        </extensions>
      </trkpt>
      <trkpt lat="34.718006" lon="-117.163464">
        <extensions>
          <leadnav:type>Serpentine</leadnav:type>
        </extensions>
      </trkpt>
      <trkpt lat="34.717932" lon="-117.163388">
        <extensions>
          <leadnav:type>Serpentine</leadnav:type>
        </extensions>
      </trkpt>
      <trkpt lat="34.717800" lon="-117.163215">
        <extensions>
          <leadnav:type>Serpentine</leadnav:type>
        </extensions>
      </trkpt>
      <trkpt lat="34.717613" lon="-117.162941">
        <extensions>
          <leadnav:type>Serpentine</leadnav:type>
        </extensions>
      </trkpt>
      <trkpt lat="34.717226" lon="-117.162489">
        <extensions>
          <leadnav:type>Serpentine</leadnav:type>
        </extensions>
      </trkpt>
      <trkpt lat="34.716756" lon="-117.161849">
        <extensions>
          <leadnav:type>Serpentine</leadnav:type>
        </extensions>
      </trkpt>
      <trkpt lat="34.716628" lon="-117.161632">
        <extensions>
          <leadnav:type>Serpentine</leadnav:type>
        </extensions>
      </trkpt>
      <trkpt lat="34.716519" lon="-117.161424">
        <extensions>
          <leadnav:type>Serpentine</leadnav:type>
        </extensions>
      </trkpt>
      <trkpt lat="34.716457" lon="-117.161321">
        <extensions>
          <leadnav:type>Serpentine</leadnav:type>
        </extensions>
      </trkpt>
      <trkpt lat="34.716330" lon="-117.161073">
        <extensions>
          <leadnav:type>Serpentine</leadnav:type>
        </extensions>
      </trkpt>
      <trkpt lat="34.716249" lon="-117.160942">
        <extensions>
          <leadnav:type>Serpentine</leadnav:type>
        </extensions>
      </trkpt>
      <trkpt lat="34.716160" lon="-117.160814">
        <extensions>
          <leadnav:type>Serpentine</leadnav:type>
        </extensions>
      </trkpt>
      <trkpt lat="34.716066" lon="-117.160699">
        <extensions>
          <leadnav:type>Serpentine</leadnav:type>
        </extensions>
      </trkpt>
      <trkpt lat="34.715965" lon="-117.160600">
        <extensions>
          <leadnav:type>Serpentine</leadnav:type>
        </extensions>
      </trkpt>
      <trkpt lat="34.715761" lon="-117.160438">
        <extensions>
          <leadnav:type>Serpentine</leadnav:type>
        </extensions>
      </trkpt>
      <trkpt lat="34.715643" lon="-117.160364">
        <extensions>
          <leadnav:type>Serpentine</leadnav:type>
        </extensions>
      </trkpt>
      <trkpt lat="34.715374" lon="-117.160223">
        <extensions>
          <leadnav:type>Serpentine</leadnav:type>
        </extensions>
      </trkpt>
      <trkpt lat="34.715230" lon="-117.160161">
        <extensions>
          <leadnav:type>Serpentine</leadnav:type>
        </extensions>
      </trkpt>
      <trkpt lat="34.715081" lon="-117.160111">
        <extensions>
          <leadnav:type>Serpentine</leadnav:type>
        </extensions>
      </trkpt>
      <trkpt lat="34.714933" lon="-117.160071">
        <extensions>
          <leadnav:type>Serpentine</leadnav:type>
        </extensions>
      </trkpt>
      <trkpt lat="34.714790" lon="-117.160021">
        <extensions>
          <leadnav:type>Serpentine</leadnav:type>
        </extensions>
      </trkpt>
      <trkpt lat="34.714656" lon="-117.159945">
        <extensions>
          <leadnav:type>Serpentine</leadnav:type>
        </extensions>
      </trkpt>
      <trkpt lat="34.714535" lon="-117.159841">
        <extensions>
          <leadnav:type>Serpentine</leadnav:type>
        </extensions>
      </trkpt>
      <trkpt lat="34.714435" lon="-117.159711">
        <extensions>
          <leadnav:type>Serpentine</leadnav:type>
        </extensions>
      </trkpt>
      <trkpt lat="34.714367" lon="-117.159562">
        <extensions>
          <leadnav:type>Serpentine</leadnav:type>
        </extensions>
      </trkpt>
      <trkpt lat="34.714314" lon="-117.159412">
        <extensions>
          <leadnav:type>Serpentine</leadnav:type>
        </extensions>
      </trkpt>
      <trkpt lat="34.714255" lon="-117.159279">
        <extensions>
          <leadnav:type>Serpentine</leadnav:type>
        </extensions>
      </trkpt>
      <trkpt lat="34.714174" lon="-117.159165">
        <extensions>
          <leadnav:type>Serpentine</leadnav:type>
        </extensions>
      </trkpt>
      <trkpt lat="34.714075" lon="-117.159060">
        <extensions>
          <leadnav:type>Serpentine</leadnav:type>
        </extensions>
      </trkpt>
      <trkpt lat="34.713962" lon="-117.158953">
        <extensions>
          <leadnav:type>Serpentine</leadnav:type>
        </extensions>
      </trkpt>
      <trkpt lat="34.713845" lon="-117.158833">
        <extensions>
          <leadnav:type>Serpentine</leadnav:type>
        </extensions>
      </trkpt>
      <trkpt lat="34.713728" lon="-117.158702">
        <extensions>
          <leadnav:type>Serpentine</leadnav:type>
        </extensions>
      </trkpt>
      <trkpt lat="34.713615" lon="-117.158561">
        <extensions>
          <leadnav:type>Serpentine</leadnav:type>
        </extensions>
      </trkpt>
      <trkpt lat="34.713520" lon="-117.158411">
        <extensions>
          <leadnav:type>Serpentine</leadnav:type>
        </extensions>
      </trkpt>
      <trkpt lat="34.713459" lon="-117.158261">
        <extensions>
          <leadnav:type>Serpentine</leadnav:type>
        </extensions>
      </trkpt>
      <trkpt lat="34.713432" lon="-117.158113">
        <extensions>
          <leadnav:type>Serpentine</leadnav:type>
        </extensions>
      </trkpt>
      <trkpt lat="34.713425" lon="-117.157976">
        <extensions>
          <leadnav:type>Serpentine</leadnav:type>
        </extensions>
      </trkpt>
      <trkpt lat="34.713429" lon="-117.157845">
        <extensions>
          <leadnav:type>Serpentine</leadnav:type>
        </extensions>
      </trkpt>
      <trkpt lat="34.713422" lon="-117.157564">
        <extensions>
          <leadnav:type>Serpentine</leadnav:type>
        </extensions>
      </trkpt>
      <trkpt lat="34.713408" lon="-117.157412">
        <extensions>
          <leadnav:type>Serpentine</leadnav:type>
        </extensions>
      </trkpt>
      <trkpt lat="34.713376" lon="-117.157258">
        <extensions>
          <leadnav:type>Serpentine</leadnav:type>
        </extensions>
      </trkpt>
      <trkpt lat="34.713320" lon="-117.157113">
        <extensions>
          <leadnav:type>Serpentine</leadnav:type>
        </extensions>
      </trkpt>
      <trkpt lat="34.713240" lon="-117.156983">
        <extensions>
          <leadnav:type>Serpentine</leadnav:type>
        </extensions>
      </trkpt>
      <trkpt lat="34.713138" lon="-117.156873">
        <extensions>
          <leadnav:type>Serpentine</leadnav:type>
        </extensions>
      </trkpt>
      <trkpt lat="34.713018" lon="-117.156785">
        <extensions>
          <leadnav:type>Serpentine</leadnav:type>
        </extensions>
      </trkpt>
      <trkpt lat="34.712885" lon="-117.156709">
        <extensions>
          <leadnav:type>Serpentine</leadnav:type>
        </extensions>
      </trkpt>
      <trkpt lat="34.712741" lon="-117.156643">
        <extensions>
          <leadnav:type>Serpentine</leadnav:type>
        </extensions>
      </trkpt>
      <trkpt lat="34.712449" lon="-117.156498">
        <extensions>
          <leadnav:type>Serpentine</leadnav:type>
        </extensions>
      </trkpt>
      <trkpt lat="34.712302" lon="-117.156414">
        <extensions>
          <leadnav:type>Serpentine</leadnav:type>
        </extensions>
      </trkpt>
      <trkpt lat="34.711746" lon="-117.156032">
        <extensions>
          <leadnav:type>Serpentine</leadnav:type>
        </extensions>
      </trkpt>
      <trkpt lat="34.711602" lon="-117.155944">
        <extensions>
          <leadnav:type>Serpentine</leadnav:type>
        </extensions>
      </trkpt>
      <trkpt lat="34.711451" lon="-117.155867">
        <extensions>
          <leadnav:type>Serpentine</leadnav:type>
        </extensions>
      </trkpt>
      <trkpt lat="34.711295" lon="-117.155804">
        <extensions>
          <leadnav:type>Serpentine</leadnav:type>
        </extensions>
      </trkpt>
      <trkpt lat="34.711003" lon="-117.155674">
        <extensions>
          <leadnav:type>Serpentine</leadnav:type>
        </extensions>
      </trkpt>
      <trkpt lat="34.710676" lon="-117.155482">
        <extensions>
          <leadnav:type>Serpentine</leadnav:type>
        </extensions>
      </trkpt>
      <trkpt lat="34.710577" lon="-117.155433">
        <extensions>
          <leadnav:type>Serpentine</leadnav:type>
        </extensions>
      </trkpt>
      <trkpt lat="34.710482" lon="-117.155374">
        <extensions>
          <leadnav:type>Serpentine</leadnav:type>
        </extensions>
      </trkpt>
      <trkpt lat="34.710399" lon="-117.155294">
        <extensions>
          <leadnav:type>Serpentine</leadnav:type>
        </extensions>
      </trkpt>
      <trkpt lat="34.710322" lon="-117.155212">
        <extensions>
          <leadnav:type>Serpentine</leadnav:type>
        </extensions>
      </trkpt>
      <trkpt lat="34.710247" lon="-117.155145">
        <extensions>
          <leadnav:type>Serpentine</leadnav:type>
        </extensions>
      </trkpt>
      <trkpt lat="34.710171" lon="-117.155104">
        <extensions>
          <leadnav:type>Serpentine</leadnav:type>
        </extensions>
      </trkpt>
      <trkpt lat="34.710092" lon="-117.155071">
        <extensions>
          <leadnav:type>Serpentine</leadnav:type>
        </extensions>
      </trkpt>
      <trkpt lat="34.709930" lon="-117.155011">
        <extensions>
          <leadnav:type>Serpentine</leadnav:type>
        </extensions>
      </trkpt>
      <trkpt lat="34.709715" lon="-117.154898">
        <extensions>
          <leadnav:type>Serpentine</leadnav:type>
        </extensions>
      </trkpt>
      <trkpt lat="34.709664" lon="-117.154836">
        <extensions>
          <leadnav:type>Serpentine</leadnav:type>
        </extensions>
      </trkpt>
      <trkpt lat="34.709618" lon="-117.154771">
        <extensions>
          <leadnav:type>Serpentine</leadnav:type>
        </extensions>
      </trkpt>
      <trkpt lat="34.709535" lon="-117.154631">
        <extensions>
          <leadnav:type>Serpentine</leadnav:type>
        </extensions>
      </trkpt>
      <trkpt lat="34.709493" lon="-117.154568">
        <extensions>
          <leadnav:type>Serpentine</leadnav:type>
        </extensions>
      </trkpt>
      <trkpt lat="34.709448" lon="-117.154506">
        <extensions>
          <leadnav:type>Serpentine</leadnav:type>
        </extensions>
      </trkpt>
      <trkpt lat="34.709404" lon="-117.154433">
        <extensions>
          <leadnav:type>Serpentine</leadnav:type>
        </extensions>
      </trkpt>
      <trkpt lat="34.709364" lon="-117.154356">
        <extensions>
          <leadnav:type>Serpentine</leadnav:type>
        </extensions>
      </trkpt>
      <trkpt lat="34.709284" lon="-117.154184">
        <extensions>
          <leadnav:type>Serpentine</leadnav:type>
        </extensions>
      </trkpt>
      <trkpt lat="34.709251" lon="-117.154083">
        <extensions>
          <leadnav:type>Serpentine</leadnav:type>
        </extensions>
      </trkpt>
      <trkpt lat="34.709225" lon="-117.153983">
        <extensions>
          <leadnav:type>Serpentine</leadnav:type>
        </extensions>
      </trkpt>
      <trkpt lat="34.709192" lon="-117.153889">
        <extensions>
          <leadnav:type>Serpentine</leadnav:type>
        </extensions>
      </trkpt>
      <trkpt lat="34.709149" lon="-117.153799">
        <extensions>
          <leadnav:type>Serpentine</leadnav:type>
        </extensions>
      </trkpt>
      <trkpt lat="34.709100" lon="-117.153709">
        <extensions>
          <leadnav:type>Serpentine</leadnav:type>
        </extensions>
      </trkpt>
      <trkpt lat="34.708758" lon="-117.153154">
        <extensions>
          <leadnav:type>Serpentine</leadnav:type>
        </extensions>
      </trkpt>
      <trkpt lat="34.708679" lon="-117.152942">
        <extensions>
          <leadnav:type>Serpentine</leadnav:type>
        </extensions>
      </trkpt>
      <trkpt lat="34.708540" lon="-117.152474">
        <extensions>
          <leadnav:type>Serpentine</leadnav:type>
        </extensions>
      </trkpt>
      <trkpt lat="34.708455" lon="-117.152232">
        <extensions>
          <leadnav:type>Serpentine</leadnav:type>
        </extensions>
      </trkpt>
      <trkpt lat="34.708311" lon="-117.151721">
        <extensions>
          <leadnav:type>Serpentine</leadnav:type>
        </extensions>
      </trkpt>
      <trkpt lat="34.708221" lon="-117.151451">
        <extensions>
          <leadnav:type>Serpentine</leadnav:type>
        </extensions>
      </trkpt>
      <trkpt lat="34.708122" lon="-117.151195">
        <extensions>
          <leadnav:type>Serpentine</leadnav:type>
        </extensions>
      </trkpt>
      <trkpt lat="34.708068" lon="-117.151088">
        <extensions>
          <leadnav:type>Serpentine</leadnav:type>
        </extensions>
      </trkpt>
      <trkpt lat="34.708001" lon="-117.150984">
        <extensions>
          <leadnav:type>Serpentine</leadnav:type>
        </extensions>
      </trkpt>
      <trkpt lat="34.707844" lon="-117.150772">
        <extensions>
          <leadnav:type>Serpentine</leadnav:type>
        </extensions>
      </trkpt>
      <trkpt lat="34.707691" lon="-117.150626">
        <extensions>
          <leadnav:type>Serpentine</leadnav:type>
        </extensions>
      </trkpt>
      <trkpt lat="34.707633" lon="-117.150584">
        <extensions>
          <leadnav:type>Serpentine</leadnav:type>
        </extensions>
      </trkpt>
      <trkpt lat="34.707586" lon="-117.150545">
        <extensions>
          <leadnav:type>Serpentine</leadnav:type>
        </extensions>
      </trkpt>
      <trkpt lat="34.707502" lon="-117.150459">
        <extensions>
          <leadnav:type>Serpentine</leadnav:type>
        </extensions>
      </trkpt>
      <trkpt lat="34.707452" lon="-117.150416">
        <extensions>
          <leadnav:type>Serpentine</leadnav:type>
        </extensions>
      </trkpt>
      <trkpt lat="34.707387" lon="-117.150370">
        <extensions>
          <leadnav:type>Serpentine</leadnav:type>
        </extensions>
      </trkpt>
      <trkpt lat="34.707136" lon="-117.150172">
        <extensions>
          <leadnav:type>Serpentine</leadnav:type>
        </extensions>
      </trkpt>
      <trkpt lat="34.706678" lon="-117.149671">
        <extensions>
          <leadnav:type>Serpentine</leadnav:type>
        </extensions>
      </trkpt>
      <trkpt lat="34.706202" lon="-117.149122">
        <extensions>
          <leadnav:type>Serpentine</leadnav:type>
        </extensions>
      </trkpt>
      <trkpt lat="34.706082" lon="-117.149019">
        <extensions>
          <leadnav:type>Serpentine</leadnav:type>
        </extensions>
      </trkpt>
      <trkpt lat="34.705969" lon="-117.148937">
        <extensions>
          <leadnav:type>Serpentine</leadnav:type>
        </extensions>
      </trkpt>
      <trkpt lat="34.705786" lon="-117.148827">
        <extensions>
          <leadnav:type>Serpentine</leadnav:type>
        </extensions>
      </trkpt>
      <trkpt lat="34.705592" lon="-117.148744">
        <extensions>
          <leadnav:type>Serpentine</leadnav:type>
        </extensions>
      </trkpt>
      <trkpt lat="34.705514" lon="-117.148726">
        <extensions>
          <leadnav:type>Serpentine</leadnav:type>
        </extensions>
      </trkpt>
      <trkpt lat="34.705433" lon="-117.148701">
        <extensions>
          <leadnav:type>Serpentine</leadnav:type>
        </extensions>
      </trkpt>
      <trkpt lat="34.705259" lon="-117.148639">
        <extensions>
          <leadnav:type>Serpentine</leadnav:type>
        </extensions>
      </trkpt>
      <trkpt lat="34.704654" lon="-117.148448">
        <extensions>
          <leadnav:type>Serpentine</leadnav:type>
        </extensions>
      </trkpt>
      <trkpt lat="34.704574" lon="-117.148469">
        <extensions>
          <leadnav:type>Serpentine</leadnav:type>
        </extensions>
      </trkpt>
      <trkpt lat="34.704509" lon="-117.148527">
        <extensions>
          <leadnav:type>Serpentine</leadnav:type>
        </extensions>
      </trkpt>
      <trkpt lat="34.704445" lon="-117.148609">
        <extensions>
          <leadnav:type>Serpentine</leadnav:type>
        </extensions>
      </trkpt>
      <trkpt lat="34.704376" lon="-117.148707">
        <extensions>
          <leadnav:type>Serpentine</leadnav:type>
        </extensions>
      </trkpt>
      <trkpt lat="34.704215" lon="-117.148912">
        <extensions>
          <leadnav:type>Serpentine</leadnav:type>
        </extensions>
      </trkpt>
      <trkpt lat="34.704030" lon="-117.149099">
        <extensions>
          <leadnav:type>Serpentine</leadnav:type>
        </extensions>
      </trkpt>
      <trkpt lat="34.703922" lon="-117.149162">
        <extensions>
          <leadnav:type>Serpentine</leadnav:type>
        </extensions>
      </trkpt>
      <trkpt lat="34.703606" lon="-117.149289">
        <extensions>
          <leadnav:type>Serpentine</leadnav:type>
        </extensions>
      </trkpt>
      <trkpt lat="34.703520" lon="-117.149348">
        <extensions>
          <leadnav:type>Serpentine</leadnav:type>
        </extensions>
      </trkpt>
      <trkpt lat="34.703445" lon="-117.149415">
        <extensions>
          <leadnav:type>Serpentine</leadnav:type>
        </extensions>
      </trkpt>
      <trkpt lat="34.703210" lon="-117.149662">
        <extensions>
          <leadnav:type>Serpentine</leadnav:type>
        </extensions>
      </trkpt>
      <trkpt lat="34.703169" lon="-117.149736">
        <extensions>
          <leadnav:type>Serpentine</leadnav:type>
        </extensions>
      </trkpt>
      <trkpt lat="34.703132" lon="-117.149815">
        <extensions>
          <leadnav:type>Serpentine</leadnav:type>
        </extensions>
      </trkpt>
      <trkpt lat="34.703053" lon="-117.149972">
        <extensions>
          <leadnav:type>Serpentine</leadnav:type>
        </extensions>
      </trkpt>
      <trkpt lat="34.703016" lon="-117.150058">
        <extensions>
          <leadnav:type>Serpentine</leadnav:type>
        </extensions>
      </trkpt>
      <trkpt lat="34.702951" lon="-117.150235">
        <extensions>
          <leadnav:type>Serpentine</leadnav:type>
        </extensions>
      </trkpt>
      <trkpt lat="34.702898" lon="-117.150417">
        <extensions>
          <leadnav:type>Serpentine</leadnav:type>
        </extensions>
      </trkpt>
      <trkpt lat="34.702704" lon="-117.150952">
        <extensions>
          <leadnav:type>Serpentine</leadnav:type>
        </extensions>
      </trkpt>
      <trkpt lat="34.702672" lon="-117.151053">
        <extensions>
          <leadnav:type>Serpentine</leadnav:type>
        </extensions>
      </trkpt>
      <trkpt lat="34.702633" lon="-117.151147">
        <extensions>
          <leadnav:type>Serpentine</leadnav:type>
        </extensions>
      </trkpt>
      <trkpt lat="34.702586" lon="-117.151226">
        <extensions>
          <leadnav:type>Serpentine</leadnav:type>
        </extensions>
      </trkpt>
      <trkpt lat="34.702538" lon="-117.151287">
        <extensions>
          <leadnav:type>Serpentine</leadnav:type>
        </extensions>
      </trkpt>
      <trkpt lat="34.702306" lon="-117.151532">
        <extensions>
          <leadnav:type>Serpentine</leadnav:type>
        </extensions>
      </trkpt>
      <trkpt lat="34.702187" lon="-117.151686">
        <extensions>
          <leadnav:type>Serpentine</leadnav:type>
        </extensions>
      </trkpt>
      <trkpt lat="34.702141" lon="-117.151781">
        <extensions>
          <leadnav:type>Serpentine</leadnav:type>
        </extensions>
      </trkpt>
      <trkpt lat="34.702113" lon="-117.151887">
        <extensions>
          <leadnav:type>Serpentine</leadnav:type>
        </extensions>
      </trkpt>
      <trkpt lat="34.702080" lon="-117.152190">
        <extensions>
          <leadnav:type>Serpentine</leadnav:type>
        </extensions>
      </trkpt>
      <trkpt lat="34.702049" lon="-117.152275">
        <extensions>
          <leadnav:type>Serpentine</leadnav:type>
        </extensions>
      </trkpt>
      <trkpt lat="34.702001" lon="-117.152353">
        <extensions>
          <leadnav:type>Serpentine</leadnav:type>
        </extensions>
      </trkpt>
      <trkpt lat="34.701888" lon="-117.152505">
        <extensions>
          <leadnav:type>Serpentine</leadnav:type>
        </extensions>
      </trkpt>
      <trkpt lat="34.701820" lon="-117.152554">
        <extensions>
          <leadnav:type>Serpentine</leadnav:type>
        </extensions>
      </trkpt>
      <trkpt lat="34.701668" lon="-117.152593">
        <extensions>
          <leadnav:type>Serpentine</leadnav:type>
        </extensions>
      </trkpt>
      <trkpt lat="34.701599" lon="-117.152636">
        <extensions>
          <leadnav:type>Serpentine</leadnav:type>
        </extensions>
      </trkpt>
      <trkpt lat="34.701449" lon="-117.152745">
        <extensions>
          <leadnav:type>Serpentine</leadnav:type>
        </extensions>
      </trkpt>
      <trkpt lat="34.701371" lon="-117.152796">
        <extensions>
          <leadnav:type>Serpentine</leadnav:type>
        </extensions>
      </trkpt>
      <trkpt lat="34.701310" lon="-117.152854">
        <extensions>
          <leadnav:type>Serpentine</leadnav:type>
        </extensions>
      </trkpt>
      <trkpt lat="34.701267" lon="-117.152926">
        <extensions>
          <leadnav:type>Serpentine</leadnav:type>
        </extensions>
      </trkpt>
      <trkpt lat="34.701234" lon="-117.153022">
        <extensions>
          <leadnav:type>Serpentine</leadnav:type>
        </extensions>
      </trkpt>
      <trkpt lat="34.701216" lon="-117.153134">
        <extensions>
          <leadnav:type>Serpentine</leadnav:type>
        </extensions>
      </trkpt>
      <trkpt lat="34.701215" lon="-117.153252">
        <extensions>
          <leadnav:type>Serpentine</leadnav:type>
        </extensions>
      </trkpt>
      <trkpt lat="34.701211" lon="-117.153369">
        <extensions>
          <leadnav:type>Serpentine</leadnav:type>
        </extensions>
      </trkpt>
      <trkpt lat="34.701187" lon="-117.153487">
        <extensions>
          <leadnav:type>Serpentine</leadnav:type>
        </extensions>
      </trkpt>
      <trkpt lat="34.701141" lon="-117.153608">
        <extensions>
          <leadnav:type>Serpentine</leadnav:type>
        </extensions>
      </trkpt>
      <trkpt lat="34.701018" lon="-117.153878">
        <extensions>
          <leadnav:type>Serpentine</leadnav:type>
        </extensions>
      </trkpt>
      <trkpt lat="34.700947" lon="-117.154010">
        <extensions>
          <leadnav:type>Serpentine</leadnav:type>
        </extensions>
      </trkpt>
      <trkpt lat="34.700794" lon="-117.154241">
        <extensions>
          <leadnav:type>Serpentine</leadnav:type>
        </extensions>
      </trkpt>
      <trkpt lat="34.700639" lon="-117.154594">
        <extensions>
          <leadnav:type>Serpentine</leadnav:type>
        </extensions>
      </trkpt>
      <trkpt lat="34.700561" lon="-117.154681">
        <extensions>
          <leadnav:type>Serpentine</leadnav:type>
        </extensions>
      </trkpt>
      <trkpt lat="34.700469" lon="-117.154745">
        <extensions>
          <leadnav:type>Serpentine</leadnav:type>
        </extensions>
      </trkpt>
      <trkpt lat="34.700370" lon="-117.154796">
        <extensions>
          <leadnav:type>Serpentine</leadnav:type>
        </extensions>
      </trkpt>
      <trkpt lat="34.700194" lon="-117.154895">
        <extensions>
          <leadnav:type>Serpentine</leadnav:type>
        </extensions>
      </trkpt>
      <trkpt lat="34.700128" lon="-117.154939">
        <extensions>
          <leadnav:type>Serpentine</leadnav:type>
        </extensions>
      </trkpt>
      <trkpt lat="34.700075" lon="-117.154979">
        <extensions>
          <leadnav:type>Serpentine</leadnav:type>
        </extensions>
      </trkpt>
      <trkpt lat="34.700032" lon="-117.155022">
        <extensions>
          <leadnav:type>Serpentine</leadnav:type>
        </extensions>
      </trkpt>
      <trkpt lat="34.699998" lon="-117.155072">
        <extensions>
          <leadnav:type>Serpentine</leadnav:type>
        </extensions>
      </trkpt>
      <trkpt lat="34.699963" lon="-117.155120">
        <extensions>
          <leadnav:type>Serpentine</leadnav:type>
        </extensions>
      </trkpt>
      <trkpt lat="34.699912" lon="-117.155149">
        <extensions>
          <leadnav:type>Serpentine</leadnav:type>
        </extensions>
      </trkpt>
      <trkpt lat="34.699847" lon="-117.155151">
        <extensions>
          <leadnav:type>Serpentine</leadnav:type>
        </extensions>
      </trkpt>
      <trkpt lat="34.699776" lon="-117.155138">
        <extensions>
          <leadnav:type>Serpentine</leadnav:type>
        </extensions>
      </trkpt>
      <trkpt lat="34.699706" lon="-117.155129">
        <extensions>
          <leadnav:type>Serpentine</leadnav:type>
        </extensions>
      </trkpt>
      <trkpt lat="34.699580" lon="-117.155132">
        <extensions>
          <leadnav:type>Serpentine</leadnav:type>
        </extensions>
      </trkpt>
      <trkpt lat="34.699519" lon="-117.155156">
        <extensions>
          <leadnav:type>Serpentine</leadnav:type>
        </extensions>
      </trkpt>
      <trkpt lat="34.699461" lon="-117.155197">
        <extensions>
          <leadnav:type>Serpentine</leadnav:type>
        </extensions>
      </trkpt>
      <trkpt lat="34.699412" lon="-117.155245">
        <extensions>
          <leadnav:type>Serpentine</leadnav:type>
        </extensions>
      </trkpt>
      <trkpt lat="34.699369" lon="-117.155298">
        <extensions>
          <leadnav:type>Serpentine</leadnav:type>
        </extensions>
      </trkpt>
      <trkpt lat="34.699319" lon="-117.155350">
        <extensions>
          <leadnav:type>Serpentine</leadnav:type>
        </extensions>
      </trkpt>
      <trkpt lat="34.699262" lon="-117.155402">
        <extensions>
          <leadnav:type>Serpentine</leadnav:type>
        </extensions>
      </trkpt>
      <trkpt lat="34.699203" lon="-117.155448">
        <extensions>
          <leadnav:type>Serpentine</leadnav:type>
        </extensions>
      </trkpt>
      <trkpt lat="34.699140" lon="-117.155488">
        <extensions>
          <leadnav:type>Serpentine</leadnav:type>
        </extensions>
      </trkpt>
      <trkpt lat="34.699068" lon="-117.155520">
        <extensions>
          <leadnav:type>Serpentine</leadnav:type>
        </extensions>
      </trkpt>
      <trkpt lat="34.698989" lon="-117.155536">
        <extensions>
          <leadnav:type>Serpentine</leadnav:type>
        </extensions>
      </trkpt>
      <trkpt lat="34.698764" lon="-117.155569">
        <extensions>
          <leadnav:type>Serpentine</leadnav:type>
        </extensions>
      </trkpt>
      <trkpt lat="34.698683" lon="-117.155565">
        <extensions>
          <leadnav:type>Serpentine</leadnav:type>
        </extensions>
      </trkpt>
      <trkpt lat="34.698598" lon="-117.155541">
        <extensions>
          <leadnav:type>Serpentine</leadnav:type>
        </extensions>
      </trkpt>
      <trkpt lat="34.698518" lon="-117.155500">
        <extensions>
          <leadnav:type>Serpentine</leadnav:type>
        </extensions>
      </trkpt>
      <trkpt lat="34.698440" lon="-117.155456">
        <extensions>
          <leadnav:type>Serpentine</leadnav:type>
        </extensions>
      </trkpt>
      <trkpt lat="34.698363" lon="-117.155422">
        <extensions>
          <leadnav:type>Serpentine</leadnav:type>
        </extensions>
      </trkpt>
      <trkpt lat="34.698284" lon="-117.155401">
        <extensions>
          <leadnav:type>Serpentine</leadnav:type>
        </extensions>
      </trkpt>
      <trkpt lat="34.698205" lon="-117.155391">
        <extensions>
          <leadnav:type>Serpentine</leadnav:type>
        </extensions>
      </trkpt>
      <trkpt lat="34.698135" lon="-117.155394">
        <extensions>
          <leadnav:type>Serpentine</leadnav:type>
        </extensions>
      </trkpt>
      <trkpt lat="34.698069" lon="-117.155407">
        <extensions>
          <leadnav:type>Serpentine</leadnav:type>
        </extensions>
      </trkpt>
      <trkpt lat="34.697195" lon="-117.155626">
        <extensions>
          <leadnav:type>Serpentine</leadnav:type>
        </extensions>
      </trkpt>
      <trkpt lat="34.697078" lon="-117.155671">
        <extensions>
          <leadnav:type>Serpentine</leadnav:type>
        </extensions>
      </trkpt>
      <trkpt lat="34.696962" lon="-117.155725">
        <extensions>
          <leadnav:type>Serpentine</leadnav:type>
        </extensions>
      </trkpt>
      <trkpt lat="34.696853" lon="-117.155792">
        <extensions>
          <leadnav:type>Serpentine</leadnav:type>
        </extensions>
      </trkpt>
      <trkpt lat="34.696429" lon="-117.156099">
        <extensions>
          <leadnav:type>Serpentine</leadnav:type>
        </extensions>
      </trkpt>
      <trkpt lat="34.696310" lon="-117.156174">
        <extensions>
          <leadnav:type>Serpentine</leadnav:type>
        </extensions>
      </trkpt>
      <trkpt lat="34.695639" lon="-117.156518">
        <extensions>
          <leadnav:type>Serpentine</leadnav:type>
        </extensions>
      </trkpt>
      <trkpt lat="34.695357" lon="-117.156642">
        <extensions>
          <leadnav:type>Serpentine</leadnav:type>
        </extensions>
      </trkpt>
      <trkpt lat="34.695215" lon="-117.156690">
        <extensions>
          <leadnav:type>Serpentine</leadnav:type>
        </extensions>
      </trkpt>
      <trkpt lat="34.695075" lon="-117.156724">
        <extensions>
          <leadnav:type>Serpentine</leadnav:type>
        </extensions>
      </trkpt>
      <trkpt lat="34.694936" lon="-117.156743">
        <extensions>
          <leadnav:type>Serpentine</leadnav:type>
        </extensions>
      </trkpt>
      <trkpt lat="34.694254" lon="-117.156763">
        <extensions>
          <leadnav:type>Serpentine</leadnav:type>
        </extensions>
      </trkpt>
      <trkpt lat="34.693670" lon="-117.156632">
        <extensions>
          <leadnav:type>Serpentine</leadnav:type>
        </extensions>
      </trkpt>
      <trkpt lat="34.693522" lon="-117.156591">
        <extensions>
          <leadnav:type>Serpentine</leadnav:type>
        </extensions>
      </trkpt>
      <trkpt lat="34.693373" lon="-117.156561">
        <extensions>
          <leadnav:type>Serpentine</leadnav:type>
        </extensions>
      </trkpt>
      <trkpt lat="34.693224" lon="-117.156549">
        <extensions>
          <leadnav:type>Serpentine</leadnav:type>
        </extensions>
      </trkpt>
      <trkpt lat="34.693074" lon="-117.156562">
        <extensions>
          <leadnav:type>Serpentine</leadnav:type>
        </extensions>
      </trkpt>
      <trkpt lat="34.692450" lon="-117.156690">
        <extensions>
          <leadnav:type>Serpentine</leadnav:type>
        </extensions>
      </trkpt>
      <trkpt lat="34.692295" lon="-117.156728">
        <extensions>
          <leadnav:type>Serpentine</leadnav:type>
        </extensions>
      </trkpt>
      <trkpt lat="34.692142" lon="-117.156780">
        <extensions>
          <leadnav:type>Serpentine</leadnav:type>
        </extensions>
      </trkpt>
      <trkpt lat="34.691834" lon="-117.156926">
        <extensions>
          <leadnav:type>Serpentine</leadnav:type>
        </extensions>
      </trkpt>
      <trkpt lat="34.691688" lon="-117.157008">
        <extensions>
          <leadnav:type>Serpentine</leadnav:type>
        </extensions>
      </trkpt>
      <trkpt lat="34.691447" lon="-117.157166">
        <extensions>
          <leadnav:type>Serpentine</leadnav:type>
        </extensions>
      </trkpt>
      <trkpt lat="34.691222" lon="-117.157355">
        <extensions>
          <leadnav:type>Serpentine</leadnav:type>
        </extensions>
      </trkpt>
      <trkpt lat="34.691156" lon="-117.157396">
        <extensions>
          <leadnav:type>Serpentine</leadnav:type>
        </extensions>
      </trkpt>
      <trkpt lat="34.691090" lon="-117.157424">
        <extensions>
          <leadnav:type>Serpentine</leadnav:type>
        </extensions>
      </trkpt>
      <trkpt lat="34.691015" lon="-117.157438">
        <extensions>
          <leadnav:type>Serpentine</leadnav:type>
        </extensions>
      </trkpt>
      <trkpt lat="34.690933" lon="-117.157436">
        <extensions>
          <leadnav:type>Serpentine</leadnav:type>
        </extensions>
      </trkpt>
      <trkpt lat="34.690486" lon="-117.157343">
        <extensions>
          <leadnav:type>Serpentine</leadnav:type>
        </extensions>
      </trkpt>
      <trkpt lat="34.690374" lon="-117.157333">
        <extensions>
          <leadnav:type>Serpentine</leadnav:type>
        </extensions>
      </trkpt>
      <trkpt lat="34.690281" lon="-117.157343">
        <extensions>
          <leadnav:type>Serpentine</leadnav:type>
        </extensions>
      </trkpt>
      <trkpt lat="34.690205" lon="-117.157370">
        <extensions>
          <leadnav:type>Serpentine</leadnav:type>
        </extensions>
      </trkpt>
      <trkpt lat="34.690139" lon="-117.157410">
        <extensions>
          <leadnav:type>Serpentine</leadnav:type>
        </extensions>
      </trkpt>
      <trkpt lat="34.690086" lon="-117.157449">
        <extensions>
          <leadnav:type>Serpentine</leadnav:type>
        </extensions>
      </trkpt>
      <trkpt lat="34.689986" lon="-117.157533">
        <extensions>
          <leadnav:type>Serpentine</leadnav:type>
        </extensions>
      </trkpt>
      <trkpt lat="34.689877" lon="-117.157637">
        <extensions>
          <leadnav:type>Serpentine</leadnav:type>
        </extensions>
      </trkpt>
      <trkpt lat="34.689661" lon="-117.157928">
        <extensions>
          <leadnav:type>Serpentine</leadnav:type>
        </extensions>
      </trkpt>
      <trkpt lat="34.689608" lon="-117.157995">
        <extensions>
          <leadnav:type>Serpentine</leadnav:type>
        </extensions>
      </trkpt>
      <trkpt lat="34.689427" lon="-117.158212">
        <extensions>
          <leadnav:type>Serpentine</leadnav:type>
        </extensions>
      </trkpt>
      <trkpt lat="34.689359" lon="-117.158286">
        <extensions>
          <leadnav:type>Serpentine</leadnav:type>
        </extensions>
      </trkpt>
      <trkpt lat="34.689289" lon="-117.158356">
        <extensions>
          <leadnav:type>Serpentine</leadnav:type>
        </extensions>
      </trkpt>
      <trkpt lat="34.689084" lon="-117.158533">
        <extensions>
          <leadnav:type>Serpentine</leadnav:type>
        </extensions>
      </trkpt>
      <trkpt lat="34.689033" lon="-117.158583">
        <extensions>
          <leadnav:type>Serpentine</leadnav:type>
        </extensions>
      </trkpt>
      <trkpt lat="34.688926" lon="-117.158698">
        <extensions>
          <leadnav:type>Serpentine</leadnav:type>
        </extensions>
      </trkpt>
      <trkpt lat="34.688883" lon="-117.158773">
        <extensions>
          <leadnav:type>Serpentine</leadnav:type>
        </extensions>
      </trkpt>
      <trkpt lat="34.688819" lon="-117.158934">
        <extensions>
          <leadnav:type>Serpentine</leadnav:type>
        </extensions>
      </trkpt>
      <trkpt lat="34.688777" lon="-117.159005">
        <extensions>
          <leadnav:type>Serpentine</leadnav:type>
        </extensions>
      </trkpt>
      <trkpt lat="34.688720" lon="-117.159064">
        <extensions>
          <leadnav:type>Serpentine</leadnav:type>
        </extensions>
      </trkpt>
      <trkpt lat="34.688655" lon="-117.159107">
        <extensions>
          <leadnav:type>Serpentine</leadnav:type>
        </extensions>
      </trkpt>
      <trkpt lat="34.688594" lon="-117.159127">
        <extensions>
          <leadnav:type>Serpentine</leadnav:type>
        </extensions>
      </trkpt>
      <trkpt lat="34.688539" lon="-117.159126">
        <extensions>
          <leadnav:type>Serpentine</leadnav:type>
        </extensions>
      </trkpt>
      <trkpt lat="34.688487" lon="-117.159109">
        <extensions>
          <leadnav:type>Serpentine</leadnav:type>
        </extensions>
      </trkpt>
      <trkpt lat="34.688432" lon="-117.159085">
        <extensions>
          <leadnav:type>Serpentine</leadnav:type>
        </extensions>
      </trkpt>
      <trkpt lat="34.688374" lon="-117.159066">
        <extensions>
          <leadnav:type>Serpentine</leadnav:type>
        </extensions>
      </trkpt>
      <trkpt lat="34.688310" lon="-117.159068">
        <extensions>
          <leadnav:type>Serpentine</leadnav:type>
        </extensions>
      </trkpt>
      <trkpt lat="34.688239" lon="-117.159101">
        <extensions>
          <leadnav:type>Serpentine</leadnav:type>
        </extensions>
      </trkpt>
      <trkpt lat="34.688156" lon="-117.159163">
        <extensions>
          <leadnav:type>Serpentine</leadnav:type>
        </extensions>
      </trkpt>
      <trkpt lat="34.687103" lon="-117.160179">
        <extensions>
          <leadnav:type>Serpentine</leadnav:type>
        </extensions>
      </trkpt>
      <trkpt lat="34.687025" lon="-117.160298">
        <extensions>
          <leadnav:type>Serpentine</leadnav:type>
        </extensions>
      </trkpt>
      <trkpt lat="34.686983" lon="-117.160431">
        <extensions>
          <leadnav:type>Serpentine</leadnav:type>
        </extensions>
      </trkpt>
      <trkpt lat="34.686965" lon="-117.160564">
        <extensions>
          <leadnav:type>Serpentine</leadnav:type>
        </extensions>
      </trkpt>
      <trkpt lat="34.686960" lon="-117.160705">
        <extensions>
          <leadnav:type>Serpentine</leadnav:type>
        </extensions>
      </trkpt>
      <trkpt lat="34.686958" lon="-117.161046">
        <extensions>
          <leadnav:type>Serpentine</leadnav:type>
        </extensions>
      </trkpt>
      <trkpt lat="34.686949" lon="-117.161240">
        <extensions>
          <leadnav:type>Serpentine</leadnav:type>
        </extensions>
      </trkpt>
      <trkpt lat="34.686912" lon="-117.161642">
        <extensions>
          <leadnav:type>Serpentine</leadnav:type>
        </extensions>
      </trkpt>
      <trkpt lat="34.686875" lon="-117.161821">
        <extensions>
          <leadnav:type>Serpentine</leadnav:type>
        </extensions>
      </trkpt>
      <trkpt lat="34.686812" lon="-117.161977">
        <extensions>
          <leadnav:type>Serpentine</leadnav:type>
        </extensions>
      </trkpt>
      <trkpt lat="34.686728" lon="-117.162126">
        <extensions>
          <leadnav:type>Serpentine</leadnav:type>
        </extensions>
      </trkpt>
      <trkpt lat="34.686402" lon="-117.162646">
        <extensions>
          <leadnav:type>Serpentine</leadnav:type>
        </extensions>
      </trkpt>
      <trkpt lat="34.683892" lon="-117.167010">
        <extensions>
          <leadnav:type>Serpentine</leadnav:type>
        </extensions>
      </trkpt>
      <trkpt lat="34.683823" lon="-117.167150">
        <extensions>
          <leadnav:type>Serpentine</leadnav:type>
        </extensions>
      </trkpt>
      <trkpt lat="34.683722" lon="-117.167383">
        <extensions>
          <leadnav:type>Serpentine</leadnav:type>
        </extensions>
      </trkpt>
      <trkpt lat="34.683691" lon="-117.167483">
        <extensions>
          <leadnav:type>Serpentine</leadnav:type>
        </extensions>
      </trkpt>
      <trkpt lat="34.683684" lon="-117.167580">
        <extensions>
          <leadnav:type>Serpentine</leadnav:type>
        </extensions>
      </trkpt>
      <trkpt lat="34.683701" lon="-117.167684">
        <extensions>
          <leadnav:type>Serpentine</leadnav:type>
        </extensions>
      </trkpt>
      <trkpt lat="34.683725" lon="-117.167800">
        <extensions>
          <leadnav:type>Serpentine</leadnav:type>
        </extensions>
      </trkpt>
      <trkpt lat="34.683763" lon="-117.168064">
        <extensions>
          <leadnav:type>Serpentine</leadnav:type>
        </extensions>
      </trkpt>
      <trkpt lat="34.683793" lon="-117.169555">
        <extensions>
          <leadnav:type>Serpentine</leadnav:type>
        </extensions>
      </trkpt>
      <trkpt lat="34.683788" lon="-117.169710">
        <extensions>
          <leadnav:type>Serpentine</leadnav:type>
        </extensions>
      </trkpt>
      <trkpt lat="34.683751" lon="-117.170380">
        <extensions>
          <leadnav:type>Serpentine</leadnav:type>
        </extensions>
      </trkpt>
      <trkpt lat="34.683770" lon="-117.170876">
        <extensions>
          <leadnav:type>Serpentine</leadnav:type>
        </extensions>
      </trkpt>
      <trkpt lat="34.683857" lon="-117.171355">
        <extensions>
          <leadnav:type>Serpentine</leadnav:type>
        </extensions>
      </trkpt>
      <trkpt lat="34.683878" lon="-117.171509">
        <extensions>
          <leadnav:type>Serpentine</leadnav:type>
        </extensions>
      </trkpt>
      <trkpt lat="34.683918" lon="-117.171891">
        <extensions>
          <leadnav:type>Serpentine</leadnav:type>
        </extensions>
      </trkpt>
      <trkpt lat="34.683933" lon="-117.171998">
        <extensions>
          <leadnav:type>Serpentine</leadnav:type>
        </extensions>
      </trkpt>
      <trkpt lat="34.683952" lon="-117.172227">
        <extensions>
          <leadnav:type>Serpentine</leadnav:type>
        </extensions>
      </trkpt>
      <trkpt lat="34.683969" lon="-117.172353">
        <extensions>
          <leadnav:type>Serpentine</leadnav:type>
        </extensions>
      </trkpt>
      <trkpt lat="34.684048" lon="-117.172732">
        <extensions>
          <leadnav:type>Serpentine</leadnav:type>
        </extensions>
      </trkpt>
      <trkpt lat="34.684161" lon="-117.173099">
        <extensions>
          <leadnav:type>Serpentine</leadnav:type>
        </extensions>
      </trkpt>
      <trkpt lat="34.684260" lon="-117.173530">
        <extensions>
          <leadnav:type>Serpentine</leadnav:type>
        </extensions>
      </trkpt>
      <trkpt lat="34.684410" lon="-117.174121">
        <extensions>
          <leadnav:type>Serpentine</leadnav:type>
        </extensions>
      </trkpt>
      <trkpt lat="34.684597" lon="-117.175022">
        <extensions>
          <leadnav:type>Serpentine</leadnav:type>
        </extensions>
      </trkpt>
      <trkpt lat="34.684891" lon="-117.175955">
        <extensions>
          <leadnav:type>Serpentine</leadnav:type>
        </extensions>
      </trkpt>
      <trkpt lat="34.684931" lon="-117.176059">
        <extensions>
          <leadnav:type>Serpentine</leadnav:type>
        </extensions>
      </trkpt>
      <trkpt lat="34.685005" lon="-117.176223">
        <extensions>
          <leadnav:type>Serpentine</leadnav:type>
        </extensions>
      </trkpt>
      <trkpt lat="34.685073" lon="-117.176354">
        <extensions>
          <leadnav:type>Serpentine</leadnav:type>
        </extensions>
      </trkpt>
      <trkpt lat="34.685148" lon="-117.176490">
        <extensions>
          <leadnav:type>Serpentine</leadnav:type>
        </extensions>
      </trkpt>
      <trkpt lat="34.685427" lon="-117.176933">
        <extensions>
          <leadnav:type>Serpentine</leadnav:type>
        </extensions>
      </trkpt>
      <trkpt lat="34.685486" lon="-117.177045">
        <extensions>
          <leadnav:type>Serpentine</leadnav:type>
        </extensions>
      </trkpt>
      <trkpt lat="34.685702" lon="-117.177534">
        <extensions>
          <leadnav:type>Serpentine</leadnav:type>
        </extensions>
      </trkpt>
      <trkpt lat="34.685904" lon="-117.178065">
        <extensions>
          <leadnav:type>Serpentine</leadnav:type>
        </extensions>
      </trkpt>
      <trkpt lat="34.686289" lon="-117.178836">
        <extensions>
          <leadnav:type>Serpentine</leadnav:type>
        </extensions>
      </trkpt>
      <trkpt lat="34.686320" lon="-117.178918">
        <extensions>
          <leadnav:type>Serpentine</leadnav:type>
        </extensions>
      </trkpt>
      <trkpt lat="34.686346" lon="-117.179003">
        <extensions>
          <leadnav:type>Serpentine</leadnav:type>
        </extensions>
      </trkpt>
      <trkpt lat="34.686382" lon="-117.179150">
        <extensions>
          <leadnav:type>Serpentine</leadnav:type>
        </extensions>
      </trkpt>
      <trkpt lat="34.686393" lon="-117.179222">
        <extensions>
          <leadnav:type>Serpentine</leadnav:type>
        </extensions>
      </trkpt>
      <trkpt lat="34.686433" lon="-117.179417">
        <extensions>
          <leadnav:type>Serpentine</leadnav:type>
        </extensions>
      </trkpt>
      <trkpt lat="34.686465" lon="-117.179539">
        <extensions>
          <leadnav:type>Serpentine</leadnav:type>
        </extensions>
      </trkpt>
      <trkpt lat="34.686653" lon="-117.180152">
        <extensions>
          <leadnav:type>Serpentine</leadnav:type>
        </extensions>
      </trkpt>
      <trkpt lat="34.686696" lon="-117.180327">
        <extensions>
          <leadnav:type>Serpentine</leadnav:type>
        </extensions>
      </trkpt>
      <trkpt lat="34.686706" lon="-117.180404">
        <extensions>
          <leadnav:type>Serpentine</leadnav:type>
        </extensions>
      </trkpt>
      <trkpt lat="34.686707" lon="-117.180561">
        <extensions>
          <leadnav:type>Serpentine</leadnav:type>
        </extensions>
      </trkpt>
      <trkpt lat="34.686701" lon="-117.180647">
        <extensions>
          <leadnav:type>Serpentine</leadnav:type>
        </extensions>
      </trkpt>
      <trkpt lat="34.686659" lon="-117.181004">
        <extensions>
          <leadnav:type>Serpentine</leadnav:type>
        </extensions>
      </trkpt>
      <trkpt lat="34.686631" lon="-117.181329">
        <extensions>
          <leadnav:type>Serpentine</leadnav:type>
        </extensions>
      </trkpt>
      <trkpt lat="34.686640" lon="-117.181678">
        <extensions>
          <leadnav:type>Serpentine</leadnav:type>
        </extensions>
      </trkpt>
      <trkpt lat="34.686653" lon="-117.181764">
        <extensions>
          <leadnav:type>Serpentine</leadnav:type>
        </extensions>
      </trkpt>
      <trkpt lat="34.686670" lon="-117.181852">
        <extensions>
          <leadnav:type>Serpentine</leadnav:type>
        </extensions>
      </trkpt>
      <trkpt lat="34.686698" lon="-117.181940">
        <extensions>
          <leadnav:type>Serpentine</leadnav:type>
        </extensions>
      </trkpt>
      <trkpt lat="34.686793" lon="-117.182210">
        <extensions>
          <leadnav:type>Serpentine</leadnav:type>
        </extensions>
      </trkpt>
      <trkpt lat="34.686816" lon="-117.182304">
        <extensions>
          <leadnav:type>Serpentine</leadnav:type>
        </extensions>
      </trkpt>
      <trkpt lat="34.686834" lon="-117.182400">
        <extensions>
          <leadnav:type>Serpentine</leadnav:type>
        </extensions>
      </trkpt>
      <trkpt lat="34.686872" lon="-117.182686">
        <extensions>
          <leadnav:type>Serpentine</leadnav:type>
        </extensions>
      </trkpt>
      <trkpt lat="34.686900" lon="-117.182777">
        <extensions>
          <leadnav:type>Serpentine</leadnav:type>
        </extensions>
      </trkpt>
      <trkpt lat="34.686974" lon="-117.182950">
        <extensions>
          <leadnav:type>Serpentine</leadnav:type>
        </extensions>
      </trkpt>
      <trkpt lat="34.687059" lon="-117.183101">
        <extensions>
          <leadnav:type>Serpentine</leadnav:type>
        </extensions>
      </trkpt>
      <trkpt lat="34.687081" lon="-117.183162">
        <extensions>
          <leadnav:type>Serpentine</leadnav:type>
        </extensions>
      </trkpt>
      <trkpt lat="34.687097" lon="-117.183227">
        <extensions>
          <leadnav:type>Serpentine</leadnav:type>
        </extensions>
      </trkpt>
      <trkpt lat="34.687106" lon="-117.183307">
        <extensions>
          <leadnav:type>Serpentine</leadnav:type>
        </extensions>
      </trkpt>
      <trkpt lat="34.687102" lon="-117.183395">
        <extensions>
          <leadnav:type>Serpentine</leadnav:type>
        </extensions>
      </trkpt>
      <trkpt lat="34.687090" lon="-117.183484">
        <extensions>
          <leadnav:type>Serpentine</leadnav:type>
        </extensions>
      </trkpt>
      <trkpt lat="34.687080" lon="-117.183575">
        <extensions>
          <leadnav:type>Serpentine</leadnav:type>
        </extensions>
      </trkpt>
      <trkpt lat="34.687075" lon="-117.183672">
        <extensions>
          <leadnav:type>Serpentine</leadnav:type>
        </extensions>
      </trkpt>
      <trkpt lat="34.687076" lon="-117.183769">
        <extensions>
          <leadnav:type>Serpentine</leadnav:type>
        </extensions>
      </trkpt>
      <trkpt lat="34.687084" lon="-117.183861">
        <extensions>
          <leadnav:type>Serpentine</leadnav:type>
        </extensions>
      </trkpt>
      <trkpt lat="34.687161" lon="-117.184370">
        <extensions>
          <leadnav:type>Serpentine</leadnav:type>
        </extensions>
      </trkpt>
      <trkpt lat="34.687155" lon="-117.184449">
        <extensions>
          <leadnav:type>Serpentine</leadnav:type>
        </extensions>
      </trkpt>
      <trkpt lat="34.687136" lon="-117.184510">
        <extensions>
          <leadnav:type>Serpentine</leadnav:type>
        </extensions>
      </trkpt>
      <trkpt lat="34.687103" lon="-117.184561">
        <extensions>
          <leadnav:type>Serpentine</leadnav:type>
        </extensions>
      </trkpt>
      <trkpt lat="34.687053" lon="-117.184608">
        <extensions>
          <leadnav:type>Serpentine</leadnav:type>
        </extensions>
      </trkpt>
      <trkpt lat="34.686910" lon="-117.184709">
        <extensions>
          <leadnav:type>Serpentine</leadnav:type>
        </extensions>
      </trkpt>
      <trkpt lat="34.686832" lon="-117.184772">
        <extensions>
          <leadnav:type>Serpentine</leadnav:type>
        </extensions>
      </trkpt>
      <trkpt lat="34.686765" lon="-117.184848">
        <extensions>
          <leadnav:type>Serpentine</leadnav:type>
        </extensions>
      </trkpt>
      <trkpt lat="34.686712" lon="-117.184943">
        <extensions>
          <leadnav:type>Serpentine</leadnav:type>
        </extensions>
      </trkpt>
      <trkpt lat="34.686680" lon="-117.185052">
        <extensions>
          <leadnav:type>Serpentine</leadnav:type>
        </extensions>
      </trkpt>
      <trkpt lat="34.686618" lon="-117.185464">
        <extensions>
          <leadnav:type>Serpentine</leadnav:type>
        </extensions>
      </trkpt>
      <trkpt lat="34.686590" lon="-117.185615">
        <extensions>
          <leadnav:type>Serpentine</leadnav:type>
        </extensions>
      </trkpt>
      <trkpt lat="34.686553" lon="-117.185766">
        <extensions>
          <leadnav:type>Serpentine</leadnav:type>
        </extensions>
      </trkpt>
      <trkpt lat="34.686500" lon="-117.185913">
        <extensions>
          <leadnav:type>Serpentine</leadnav:type>
        </extensions>
      </trkpt>
      <trkpt lat="34.686434" lon="-117.186053">
        <extensions>
          <leadnav:type>Serpentine</leadnav:type>
        </extensions>
      </trkpt>
      <trkpt lat="34.686358" lon="-117.186184">
        <extensions>
          <leadnav:type>Serpentine</leadnav:type>
        </extensions>
      </trkpt>
      <trkpt lat="34.686021" lon="-117.186692">
        <extensions>
          <leadnav:type>Serpentine</leadnav:type>
        </extensions>
      </trkpt>
      <trkpt lat="34.685944" lon="-117.186787">
        <extensions>
          <leadnav:type>Serpentine</leadnav:type>
        </extensions>
      </trkpt>
      <trkpt lat="34.685870" lon="-117.186858">
        <extensions>
          <leadnav:type>Serpentine</leadnav:type>
        </extensions>
      </trkpt>
      <trkpt lat="34.685798" lon="-117.186922">
        <extensions>
          <leadnav:type>Serpentine</leadnav:type>
        </extensions>
      </trkpt>
      <trkpt lat="34.685731" lon="-117.186994">
        <extensions>
          <leadnav:type>Serpentine</leadnav:type>
        </extensions>
      </trkpt>
      <trkpt lat="34.685657" lon="-117.187064">
        <extensions>
          <leadnav:type>Serpentine</leadnav:type>
        </extensions>
      </trkpt>
      <trkpt lat="34.685325" lon="-117.187268">
        <extensions>
          <leadnav:type>Serpentine</leadnav:type>
        </extensions>
      </trkpt>
      <trkpt lat="34.685268" lon="-117.187293">
        <extensions>
          <leadnav:type>Serpentine</leadnav:type>
        </extensions>
      </trkpt>
      <trkpt lat="34.685154" lon="-117.187337">
        <extensions>
          <leadnav:type>Serpentine</leadnav:type>
        </extensions>
      </trkpt>
      <trkpt lat="34.685108" lon="-117.187378">
        <extensions>
          <leadnav:type>Serpentine</leadnav:type>
        </extensions>
      </trkpt>
      <trkpt lat="34.685048" lon="-117.187482">
        <extensions>
          <leadnav:type>Serpentine</leadnav:type>
        </extensions>
      </trkpt>
      <trkpt lat="34.685011" lon="-117.187534">
        <extensions>
          <leadnav:type>Serpentine</leadnav:type>
        </extensions>
      </trkpt>
      <trkpt lat="34.684973" lon="-117.187575">
        <extensions>
          <leadnav:type>Serpentine</leadnav:type>
        </extensions>
      </trkpt>
      <trkpt lat="34.684933" lon="-117.187614">
        <extensions>
          <leadnav:type>Serpentine</leadnav:type>
        </extensions>
      </trkpt>
      <trkpt lat="34.684889" lon="-117.187663">
        <extensions>
          <leadnav:type>Serpentine</leadnav:type>
        </extensions>
      </trkpt>
      <trkpt lat="34.684834" lon="-117.187720">
        <extensions>
          <leadnav:type>Serpentine</leadnav:type>
        </extensions>
      </trkpt>
      <trkpt lat="34.684697" lon="-117.187844">
        <extensions>
          <leadnav:type>Serpentine</leadnav:type>
        </extensions>
      </trkpt>
      <trkpt lat="34.684516" lon="-117.187991">
        <extensions>
          <leadnav:type>Serpentine</leadnav:type>
        </extensions>
      </trkpt>
      <trkpt lat="34.684413" lon="-117.188069">
        <extensions>
          <leadnav:type>Serpentine</leadnav:type>
        </extensions>
      </trkpt>
      <trkpt lat="34.684316" lon="-117.188155">
        <extensions>
          <leadnav:type>Serpentine</leadnav:type>
        </extensions>
      </trkpt>
      <trkpt lat="34.684223" lon="-117.188254">
        <extensions>
          <leadnav:type>Serpentine</leadnav:type>
        </extensions>
      </trkpt>
      <trkpt lat="34.683792" lon="-117.188687">
        <extensions>
          <leadnav:type>Serpentine</leadnav:type>
        </extensions>
      </trkpt>
      <trkpt lat="34.683666" lon="-117.188777">
        <extensions>
          <leadnav:type>Serpentine</leadnav:type>
        </extensions>
      </trkpt>
      <trkpt lat="34.683537" lon="-117.188850">
        <extensions>
          <leadnav:type>Serpentine</leadnav:type>
        </extensions>
      </trkpt>
      <trkpt lat="34.683409" lon="-117.188900">
        <extensions>
          <leadnav:type>Serpentine</leadnav:type>
        </extensions>
      </trkpt>
      <trkpt lat="34.683279" lon="-117.188929">
        <extensions>
          <leadnav:type>Serpentine</leadnav:type>
        </extensions>
      </trkpt>
      <trkpt lat="34.683140" lon="-117.188941">
        <extensions>
          <leadnav:type>Serpentine</leadnav:type>
        </extensions>
      </trkpt>
      <trkpt lat="34.682994" lon="-117.188935">
        <extensions>
          <leadnav:type>Serpentine</leadnav:type>
        </extensions>
      </trkpt>
      <trkpt lat="34.682856" lon="-117.188907">
        <extensions>
          <leadnav:type>Serpentine</leadnav:type>
        </extensions>
      </trkpt>
      <trkpt lat="34.682738" lon="-117.188864">
        <extensions>
          <leadnav:type>Serpentine</leadnav:type>
        </extensions>
      </trkpt>
      <trkpt lat="34.682562" lon="-117.188783">
        <extensions>
          <leadnav:type>Serpentine</leadnav:type>
        </extensions>
      </trkpt>
      <trkpt lat="34.682488" lon="-117.188762">
        <extensions>
          <leadnav:type>Serpentine</leadnav:type>
        </extensions>
      </trkpt>
      <trkpt lat="34.682412" lon="-117.188764">
        <extensions>
          <leadnav:type>Serpentine</leadnav:type>
        </extensions>
      </trkpt>
      <trkpt lat="34.682326" lon="-117.188794">
        <extensions>
          <leadnav:type>Serpentine</leadnav:type>
        </extensions>
      </trkpt>
      <trkpt lat="34.682228" lon="-117.188850">
        <extensions>
          <leadnav:type>Serpentine</leadnav:type>
        </extensions>
      </trkpt>
      <trkpt lat="34.682128" lon="-117.188882">
        <extensions>
          <leadnav:type>Serpentine</leadnav:type>
        </extensions>
      </trkpt>
      <trkpt lat="34.681710" lon="-117.188859">
        <extensions>
          <leadnav:type>Serpentine</leadnav:type>
        </extensions>
      </trkpt>
      <trkpt lat="34.681514" lon="-117.188838">
        <extensions>
          <leadnav:type>Serpentine</leadnav:type>
        </extensions>
      </trkpt>
      <trkpt lat="34.680811" lon="-117.188807">
        <extensions>
          <leadnav:type>Serpentine</leadnav:type>
        </extensions>
      </trkpt>
      <trkpt lat="34.680414" lon="-117.188828">
        <extensions>
          <leadnav:type>Serpentine</leadnav:type>
        </extensions>
      </trkpt>
      <trkpt lat="34.680269" lon="-117.188793">
        <extensions>
          <leadnav:type>Serpentine</leadnav:type>
        </extensions>
      </trkpt>
      <trkpt lat="34.679771" lon="-117.188588">
        <extensions>
          <leadnav:type>Serpentine</leadnav:type>
        </extensions>
      </trkpt>
      <trkpt lat="34.679613" lon="-117.188499">
        <extensions>
          <leadnav:type>Serpentine</leadnav:type>
        </extensions>
      </trkpt>
      <trkpt lat="34.679464" lon="-117.188386">
        <extensions>
          <leadnav:type>Serpentine</leadnav:type>
        </extensions>
      </trkpt>
      <trkpt lat="34.678919" lon="-117.187944">
        <extensions>
          <leadnav:type>Serpentine</leadnav:type>
        </extensions>
      </trkpt>
      <trkpt lat="34.678824" lon="-117.187842">
        <extensions>
          <leadnav:type>Serpentine</leadnav:type>
        </extensions>
      </trkpt>
      <trkpt lat="34.678747" lon="-117.187711">
        <extensions>
          <leadnav:type>Serpentine</leadnav:type>
        </extensions>
      </trkpt>
      <trkpt lat="34.678683" lon="-117.187558">
        <extensions>
          <leadnav:type>Serpentine</leadnav:type>
        </extensions>
      </trkpt>
      <trkpt lat="34.678629" lon="-117.187384">
        <extensions>
          <leadnav:type>Serpentine</leadnav:type>
        </extensions>
      </trkpt>
      <trkpt lat="34.678539" lon="-117.186980">
        <extensions>
          <leadnav:type>Serpentine</leadnav:type>
        </extensions>
      </trkpt>
      <trkpt lat="34.678420" lon="-117.186365">
        <extensions>
          <leadnav:type>Serpentine</leadnav:type>
        </extensions>
      </trkpt>
      <trkpt lat="34.678408" lon="-117.186163">
        <extensions>
          <leadnav:type>Serpentine</leadnav:type>
        </extensions>
      </trkpt>
      <trkpt lat="34.678471" lon="-117.185347">
        <extensions>
          <leadnav:type>Serpentine</leadnav:type>
        </extensions>
      </trkpt>
      <trkpt lat="34.678463" lon="-117.184723">
        <extensions>
          <leadnav:type>Serpentine</leadnav:type>
        </extensions>
      </trkpt>
      <trkpt lat="34.678485" lon="-117.184026">
        <extensions>
          <leadnav:type>Serpentine</leadnav:type>
        </extensions>
      </trkpt>
      <trkpt lat="34.678483" lon="-117.183798">
        <extensions>
          <leadnav:type>Serpentine</leadnav:type>
        </extensions>
      </trkpt>
      <trkpt lat="34.678448" lon="-117.183076">
        <extensions>
          <leadnav:type>Serpentine</leadnav:type>
        </extensions>
      </trkpt>
      <trkpt lat="34.678447" lon="-117.182913">
        <extensions>
          <leadnav:type>Serpentine</leadnav:type>
        </extensions>
      </trkpt>
      <trkpt lat="34.678495" lon="-117.181877">
        <extensions>
          <leadnav:type>Serpentine</leadnav:type>
        </extensions>
      </trkpt>
      <trkpt lat="34.678520" lon="-117.181515">
        <extensions>
          <leadnav:type>Serpentine</leadnav:type>
        </extensions>
      </trkpt>
      <trkpt lat="34.678538" lon="-117.181346">
        <extensions>
          <leadnav:type>Serpentine</leadnav:type>
        </extensions>
      </trkpt>
      <trkpt lat="34.678648" lon="-117.180554">
        <extensions>
          <leadnav:type>Serpentine</leadnav:type>
        </extensions>
      </trkpt>
      <trkpt lat="34.678682" lon="-117.180363">
        <extensions>
          <leadnav:type>Serpentine</leadnav:type>
        </extensions>
      </trkpt>
      <trkpt lat="34.678797" lon="-117.179944">
        <extensions>
          <leadnav:type>Serpentine</leadnav:type>
        </extensions>
      </trkpt>
      <trkpt lat="34.678855" lon="-117.179788">
        <extensions>
          <leadnav:type>Serpentine</leadnav:type>
        </extensions>
      </trkpt>
      <trkpt lat="34.678923" lon="-117.179635">
        <extensions>
          <leadnav:type>Serpentine</leadnav:type>
        </extensions>
      </trkpt>
      <trkpt lat="34.679077" lon="-117.179335">
        <extensions>
          <leadnav:type>Serpentine</leadnav:type>
        </extensions>
      </trkpt>
      <trkpt lat="34.679147" lon="-117.179179">
        <extensions>
          <leadnav:type>Serpentine</leadnav:type>
        </extensions>
      </trkpt>
      <trkpt lat="34.679208" lon="-117.179015">
        <extensions>
          <leadnav:type>Serpentine</leadnav:type>
        </extensions>
      </trkpt>
      <trkpt lat="34.679261" lon="-117.178843">
        <extensions>
          <leadnav:type>Serpentine</leadnav:type>
        </extensions>
      </trkpt>
      <trkpt lat="34.679360" lon="-117.178482">
        <extensions>
          <leadnav:type>Serpentine</leadnav:type>
        </extensions>
      </trkpt>
      <trkpt lat="34.679395" lon="-117.178306">
        <extensions>
          <leadnav:type>Serpentine</leadnav:type>
        </extensions>
      </trkpt>
      <trkpt lat="34.679414" lon="-117.178134">
        <extensions>
          <leadnav:type>Serpentine</leadnav:type>
        </extensions>
      </trkpt>
      <trkpt lat="34.679413" lon="-117.177959">
        <extensions>
          <leadnav:type>Serpentine</leadnav:type>
        </extensions>
      </trkpt>
      <trkpt lat="34.679376" lon="-117.177595">
        <extensions>
          <leadnav:type>Serpentine</leadnav:type>
        </extensions>
      </trkpt>
      <trkpt lat="34.679345" lon="-117.177413">
        <extensions>
          <leadnav:type>Serpentine</leadnav:type>
        </extensions>
      </trkpt>
      <trkpt lat="34.679303" lon="-117.177230">
        <extensions>
          <leadnav:type>Serpentine</leadnav:type>
        </extensions>
      </trkpt>
      <trkpt lat="34.678957" lon="-117.176107">
        <extensions>
          <leadnav:type>Serpentine</leadnav:type>
        </extensions>
      </trkpt>
      <trkpt lat="34.678885" lon="-117.175841">
        <extensions>
          <leadnav:type>Serpentine</leadnav:type>
        </extensions>
      </trkpt>
      <trkpt lat="34.678858" lon="-117.175716">
        <extensions>
          <leadnav:type>Serpentine</leadnav:type>
        </extensions>
      </trkpt>
      <trkpt lat="34.678794" lon="-117.175374">
        <extensions>
          <leadnav:type>Serpentine</leadnav:type>
        </extensions>
      </trkpt>
      <trkpt lat="34.678779" lon="-117.175255">
        <extensions>
          <leadnav:type>Serpentine</leadnav:type>
        </extensions>
      </trkpt>
      <trkpt lat="34.678755" lon="-117.175117">
        <extensions>
          <leadnav:type>Serpentine</leadnav:type>
        </extensions>
      </trkpt>
      <trkpt lat="34.678639" lon="-117.174153">
        <extensions>
          <leadnav:type>Serpentine</leadnav:type>
        </extensions>
      </trkpt>
      <trkpt lat="34.678548" lon="-117.173057">
        <extensions>
          <leadnav:type>Serpentine</leadnav:type>
        </extensions>
      </trkpt>
      <trkpt lat="34.678527" lon="-117.172603">
        <extensions>
          <leadnav:type>Serpentine</leadnav:type>
        </extensions>
      </trkpt>
      <trkpt lat="34.678534" lon="-117.172357">
        <extensions>
          <leadnav:type>Serpentine</leadnav:type>
        </extensions>
      </trkpt>
      <trkpt lat="34.678560" lon="-117.172114">
        <extensions>
          <leadnav:type>Serpentine</leadnav:type>
        </extensions>
      </trkpt>
      <trkpt lat="34.678666" lon="-117.171452">
        <extensions>
          <leadnav:type>Serpentine</leadnav:type>
        </extensions>
      </trkpt>
      <trkpt lat="34.678736" lon="-117.169687">
        <extensions>
          <leadnav:type>Serpentine</leadnav:type>
        </extensions>
      </trkpt>
      <trkpt lat="34.678764" lon="-117.169459">
        <extensions>
          <leadnav:type>Serpentine</leadnav:type>
        </extensions>
      </trkpt>
      <trkpt lat="34.678845" lon="-117.168558">
        <extensions>
          <leadnav:type>Serpentine</leadnav:type>
        </extensions>
      </trkpt>
      <trkpt lat="34.678855" lon="-117.168334">
        <extensions>
          <leadnav:type>Serpentine</leadnav:type>
        </extensions>
      </trkpt>
      <trkpt lat="34.678856" lon="-117.168103">
        <extensions>
          <leadnav:type>Serpentine</leadnav:type>
        </extensions>
      </trkpt>
      <trkpt lat="34.678834" lon="-117.167400">
        <extensions>
          <leadnav:type>Serpentine</leadnav:type>
        </extensions>
      </trkpt>
      <trkpt lat="34.678854" lon="-117.165993">
        <extensions>
          <leadnav:type>Serpentine</leadnav:type>
        </extensions>
      </trkpt>
      <trkpt lat="34.678960" lon="-117.163951">
        <extensions>
          <leadnav:type>Serpentine</leadnav:type>
        </extensions>
      </trkpt>
      <trkpt lat="34.678995" lon="-117.163738">
        <extensions>
          <leadnav:type>Serpentine</leadnav:type>
        </extensions>
      </trkpt>
      <trkpt lat="34.679309" lon="-117.162287">
        <extensions>
          <leadnav:type>Serpentine</leadnav:type>
        </extensions>
      </trkpt>
      <trkpt lat="34.679327" lon="-117.162096">
        <extensions>
          <leadnav:type>Serpentine</leadnav:type>
        </extensions>
      </trkpt>
      <trkpt lat="34.679343" lon="-117.161713">
        <extensions>
          <leadnav:type>Serpentine</leadnav:type>
        </extensions>
      </trkpt>
      <trkpt lat="34.679325" lon="-117.161467">
        <extensions>
          <leadnav:type>Serpentine</leadnav:type>
        </extensions>
      </trkpt>
      <trkpt lat="34.679310" lon="-117.161009">
        <extensions>
          <leadnav:type>Serpentine</leadnav:type>
        </extensions>
      </trkpt>
      <trkpt lat="34.679226" lon="-117.160346">
        <extensions>
          <leadnav:type>Serpentine</leadnav:type>
        </extensions>
      </trkpt>
      <trkpt lat="34.679132" lon="-117.159774">
        <extensions>
          <leadnav:type>Serpentine</leadnav:type>
        </extensions>
      </trkpt>
      <trkpt lat="34.679124" lon="-117.159707">
        <extensions>
          <leadnav:type>Serpentine</leadnav:type>
        </extensions>
      </trkpt>
      <trkpt lat="34.678941" lon="-117.159014">
        <extensions>
          <leadnav:type>Serpentine</leadnav:type>
        </extensions>
      </trkpt>
      <trkpt lat="34.678827" lon="-117.158865">
        <extensions>
          <leadnav:type>Serpentine</leadnav:type>
        </extensions>
      </trkpt>
      <trkpt lat="34.678719" lon="-117.158591">
        <extensions>
          <leadnav:type>Serpentine</leadnav:type>
        </extensions>
      </trkpt>
      <trkpt lat="34.678711" lon="-117.158510">
        <extensions>
          <leadnav:type>Serpentine</leadnav:type>
        </extensions>
      </trkpt>
      <trkpt lat="34.678665" lon="-117.158438">
        <extensions>
          <leadnav:type>Serpentine</leadnav:type>
        </extensions>
      </trkpt>
      <trkpt lat="34.678478" lon="-117.158021">
        <extensions>
          <leadnav:type>Serpentine</leadnav:type>
        </extensions>
      </trkpt>
      <trkpt lat="34.678442" lon="-117.157876">
        <extensions>
          <leadnav:type>Serpentine</leadnav:type>
        </extensions>
      </trkpt>
      <trkpt lat="34.678432" lon="-117.157739">
        <extensions>
          <leadnav:type>Serpentine</leadnav:type>
        </extensions>
      </trkpt>
      <trkpt lat="34.678435" lon="-117.157609">
        <extensions>
          <leadnav:type>Serpentine</leadnav:type>
        </extensions>
      </trkpt>
      <trkpt lat="34.678427" lon="-117.157489">
        <extensions>
          <leadnav:type>Serpentine</leadnav:type>
        </extensions>
      </trkpt>
      <trkpt lat="34.678421" lon="-117.157128">
        <extensions>
          <leadnav:type>Serpentine</leadnav:type>
        </extensions>
      </trkpt>
      <trkpt lat="34.678433" lon="-117.157017">
        <extensions>
          <leadnav:type>Serpentine</leadnav:type>
        </extensions>
      </trkpt>
      <trkpt lat="34.678429" lon="-117.156887">
        <extensions>
          <leadnav:type>Serpentine</leadnav:type>
        </extensions>
      </trkpt>
      <trkpt lat="34.678473" lon="-117.156461">
        <extensions>
          <leadnav:type>Serpentine</leadnav:type>
        </extensions>
      </trkpt>
      <trkpt lat="34.678470" lon="-117.156364">
        <extensions>
          <leadnav:type>Serpentine</leadnav:type>
        </extensions>
      </trkpt>
      <trkpt lat="34.678460" lon="-117.156259">
        <extensions>
          <leadnav:type>Serpentine</leadnav:type>
        </extensions>
      </trkpt>
      <trkpt lat="34.678463" lon="-117.156143">
        <extensions>
          <leadnav:type>Serpentine</leadnav:type>
        </extensions>
      </trkpt>
      <trkpt lat="34.678449" lon="-117.156008">
        <extensions>
          <leadnav:type>Serpentine</leadnav:type>
        </extensions>
      </trkpt>
      <trkpt lat="34.678403" lon="-117.155649">
        <extensions>
          <leadnav:type>Serpentine</leadnav:type>
        </extensions>
      </trkpt>
      <trkpt lat="34.678291" lon="-117.155156">
        <extensions>
          <leadnav:type>Serpentine</leadnav:type>
        </extensions>
      </trkpt>
      <trkpt lat="34.678235" lon="-117.154741">
        <extensions>
          <leadnav:type>Serpentine</leadnav:type>
        </extensions>
      </trkpt>
      <trkpt lat="34.678206" lon="-117.154406">
        <extensions>
          <leadnav:type>Serpentine</leadnav:type>
        </extensions>
      </trkpt>
      <trkpt lat="34.678240" lon="-117.154171">
        <extensions>
          <leadnav:type>Serpentine</leadnav:type>
        </extensions>
      </trkpt>
      <trkpt lat="34.678268" lon="-117.154065">
        <extensions>
          <leadnav:type>Serpentine</leadnav:type>
        </extensions>
      </trkpt>
      <trkpt lat="34.678290" lon="-117.153951">
        <extensions>
          <leadnav:type>Serpentine</leadnav:type>
        </extensions>
      </trkpt>
      <trkpt lat="34.678323" lon="-117.153828">
        <extensions>
          <leadnav:type>Serpentine</leadnav:type>
        </extensions>
      </trkpt>
      <trkpt lat="34.678598" lon="-117.153237">
        <extensions>
          <leadnav:type>Serpentine</leadnav:type>
        </extensions>
      </trkpt>
      <trkpt lat="34.678632" lon="-117.153104">
        <extensions>
          <leadnav:type>Serpentine</leadnav:type>
        </extensions>
      </trkpt>
      <trkpt lat="34.678667" lon="-117.152944">
        <extensions>
          <leadnav:type>Serpentine</leadnav:type>
        </extensions>
      </trkpt>
      <trkpt lat="34.678716" lon="-117.152789">
        <extensions>
          <leadnav:type>Serpentine</leadnav:type>
        </extensions>
      </trkpt>
      <trkpt lat="34.678803" lon="-117.152535">
        <extensions>
          <leadnav:type>Serpentine</leadnav:type>
        </extensions>
      </trkpt>
      <trkpt lat="34.678827" lon="-117.152405">
        <extensions>
          <leadnav:type>Serpentine</leadnav:type>
        </extensions>
      </trkpt>
      <trkpt lat="34.678846" lon="-117.152278">
        <extensions>
          <leadnav:type>Serpentine</leadnav:type>
        </extensions>
      </trkpt>
      <trkpt lat="34.678838" lon="-117.152161">
        <extensions>
          <leadnav:type>Serpentine</leadnav:type>
        </extensions>
      </trkpt>
      <trkpt lat="34.678807" lon="-117.152093">
        <extensions>
          <leadnav:type>Serpentine</leadnav:type>
        </extensions>
      </trkpt>
      <trkpt lat="34.678749" lon="-117.151923">
        <extensions>
          <leadnav:type>Serpentine</leadnav:type>
        </extensions>
      </trkpt>
      <trkpt lat="34.678706" lon="-117.151835">
        <extensions>
          <leadnav:type>Serpentine</leadnav:type>
        </extensions>
      </trkpt>
      <trkpt lat="34.678637" lon="-117.151737">
        <extensions>
          <leadnav:type>Serpentine</leadnav:type>
        </extensions>
      </trkpt>
      <trkpt lat="34.678413" lon="-117.151143">
        <extensions>
          <leadnav:type>Serpentine</leadnav:type>
        </extensions>
      </trkpt>
      <trkpt lat="34.678360" lon="-117.151065">
        <extensions>
          <leadnav:type>Serpentine</leadnav:type>
        </extensions>
      </trkpt>
      <trkpt lat="34.678246" lon="-117.150884">
        <extensions>
          <leadnav:type>Serpentine</leadnav:type>
        </extensions>
      </trkpt>
      <trkpt lat="34.678078" lon="-117.150523">
        <extensions>
          <leadnav:type>Serpentine</leadnav:type>
        </extensions>
      </trkpt>
      <trkpt lat="34.678029" lon="-117.150360">
        <extensions>
          <leadnav:type>Serpentine</leadnav:type>
        </extensions>
      </trkpt>
      <trkpt lat="34.677967" lon="-117.150194">
        <extensions>
          <leadnav:type>Serpentine</leadnav:type>
        </extensions>
      </trkpt>
      <trkpt lat="34.677779" lon="-117.149609">
        <extensions>
          <leadnav:type>Serpentine</leadnav:type>
        </extensions>
      </trkpt>
      <trkpt lat="34.677721" lon="-117.149370">
        <extensions>
          <leadnav:type>Serpentine</leadnav:type>
        </extensions>
      </trkpt>
      <trkpt lat="34.677570" lon="-117.148560">
        <extensions>
          <leadnav:type>Serpentine</leadnav:type>
        </extensions>
      </trkpt>
      <trkpt lat="34.677417" lon="-117.147456">
        <extensions>
          <leadnav:type>Serpentine</leadnav:type>
        </extensions>
      </trkpt>
      <trkpt lat="34.677388" lon="-117.147325">
        <extensions>
          <leadnav:type>Serpentine</leadnav:type>
        </extensions>
      </trkpt>
      <trkpt lat="34.677306" lon="-117.147030">
        <extensions>
          <leadnav:type>Serpentine</leadnav:type>
        </extensions>
      </trkpt>
      <trkpt lat="34.676825" lon="-117.145054">
        <extensions>
          <leadnav:type>Serpentine</leadnav:type>
        </extensions>
      </trkpt>
      <trkpt lat="34.676732" lon="-117.144790">
        <extensions>
          <leadnav:type>Serpentine</leadnav:type>
        </extensions>
      </trkpt>
      <trkpt lat="34.676610" lon="-117.144537">
        <extensions>
          <leadnav:type>Serpentine</leadnav:type>
        </extensions>
      </trkpt>
      <trkpt lat="34.676379" lon="-117.143976">
        <extensions>
          <leadnav:type>Serpentine</leadnav:type>
        </extensions>
      </trkpt>
      <trkpt lat="34.676304" lon="-117.143743">
        <extensions>
          <leadnav:type>Serpentine</leadnav:type>
        </extensions>
      </trkpt>
      <trkpt lat="34.676036" lon="-117.143077">
        <extensions>
          <leadnav:type>Serpentine</leadnav:type>
        </extensions>
      </trkpt>
      <trkpt lat="34.675907" lon="-117.142488">
        <extensions>
          <leadnav:type>Serpentine</leadnav:type>
        </extensions>
      </trkpt>
      <trkpt lat="34.675871" lon="-117.142199">
        <extensions>
          <leadnav:type>Serpentine</leadnav:type>
        </extensions>
      </trkpt>
      <trkpt lat="34.675840" lon="-117.142052">
        <extensions>
          <leadnav:type>Serpentine</leadnav:type>
        </extensions>
      </trkpt>
      <trkpt lat="34.675810" lon="-117.141770">
        <extensions>
          <leadnav:type>Serpentine</leadnav:type>
        </extensions>
      </trkpt>
      <trkpt lat="34.675692" lon="-117.141213">
        <extensions>
          <leadnav:type>Serpentine</leadnav:type>
        </extensions>
      </trkpt>
      <trkpt lat="34.675602" lon="-117.141010">
        <extensions>
          <leadnav:type>Serpentine</leadnav:type>
        </extensions>
      </trkpt>
      <trkpt lat="34.675563" lon="-117.140849">
        <extensions>
          <leadnav:type>Serpentine</leadnav:type>
        </extensions>
      </trkpt>
      <trkpt lat="34.675441" lon="-117.140402">
        <extensions>
          <leadnav:type>Serpentine</leadnav:type>
        </extensions>
      </trkpt>
      <trkpt lat="34.675426" lon="-117.140247">
        <extensions>
          <leadnav:type>Serpentine</leadnav:type>
        </extensions>
      </trkpt>
      <trkpt lat="34.675394" lon="-117.140105">
        <extensions>
          <leadnav:type>Serpentine</leadnav:type>
        </extensions>
      </trkpt>
      <trkpt lat="34.675348" lon="-117.139820">
        <extensions>
          <leadnav:type>Serpentine</leadnav:type>
        </extensions>
      </trkpt>
      <trkpt lat="34.675320" lon="-117.139687">
        <extensions>
          <leadnav:type>Serpentine</leadnav:type>
        </extensions>
      </trkpt>
      <trkpt lat="34.675193" lon="-117.138900">
        <extensions>
          <leadnav:type>Serpentine</leadnav:type>
        </extensions>
      </trkpt>
      <trkpt lat="34.675161" lon="-117.138737">
        <extensions>
          <leadnav:type>Serpentine</leadnav:type>
        </extensions>
      </trkpt>
      <trkpt lat="34.675049" lon="-117.137620">
        <extensions>
          <leadnav:type>Serpentine</leadnav:type>
        </extensions>
      </trkpt>
      <trkpt lat="34.675010" lon="-117.136993">
        <extensions>
          <leadnav:type>Serpentine</leadnav:type>
        </extensions>
      </trkpt>
      <trkpt lat="34.674986" lon="-117.135886">
        <extensions>
          <leadnav:type>Serpentine</leadnav:type>
        </extensions>
      </trkpt>
      <trkpt lat="34.675012" lon="-117.135721">
        <extensions>
          <leadnav:type>Serpentine</leadnav:type>
        </extensions>
      </trkpt>
      <trkpt lat="34.675055" lon="-117.135538">
        <extensions>
          <leadnav:type>Serpentine</leadnav:type>
        </extensions>
      </trkpt>
      <trkpt lat="34.675136" lon="-117.135046">
        <extensions>
          <leadnav:type>Serpentine</leadnav:type>
        </extensions>
      </trkpt>
      <trkpt lat="34.675178" lon="-117.134881">
        <extensions>
          <leadnav:type>Serpentine</leadnav:type>
        </extensions>
      </trkpt>
      <trkpt lat="34.675228" lon="-117.134725">
        <extensions>
          <leadnav:type>Serpentine</leadnav:type>
        </extensions>
      </trkpt>
      <trkpt lat="34.675411" lon="-117.134260">
        <extensions>
          <leadnav:type>Serpentine</leadnav:type>
        </extensions>
      </trkpt>
      <trkpt lat="34.675643" lon="-117.133398">
        <extensions>
          <leadnav:type>Serpentine</leadnav:type>
        </extensions>
      </trkpt>
      <trkpt lat="34.675925" lon="-117.132804">
        <extensions>
          <leadnav:type>Serpentine</leadnav:type>
        </extensions>
      </trkpt>
      <trkpt lat="34.676322" lon="-117.129521">
        <extensions>
          <leadnav:type>Serpentine</leadnav:type>
        </extensions>
      </trkpt>
      <trkpt lat="34.676315" lon="-117.129175">
        <extensions>
          <leadnav:type>Serpentine</leadnav:type>
        </extensions>
      </trkpt>
      <trkpt lat="34.676381" lon="-117.128698">
        <extensions>
          <leadnav:type>Serpentine</leadnav:type>
        </extensions>
      </trkpt>
      <trkpt lat="34.676369" lon="-117.128200">
        <extensions>
          <leadnav:type>Serpentine</leadnav:type>
        </extensions>
      </trkpt>
      <trkpt lat="34.676384" lon="-117.127729">
        <extensions>
          <leadnav:type>Serpentine</leadnav:type>
        </extensions>
      </trkpt>
      <trkpt lat="34.676481" lon="-117.127386">
        <extensions>
          <leadnav:type>Serpentine</leadnav:type>
        </extensions>
      </trkpt>
      <trkpt lat="34.676834" lon="-117.126485">
        <extensions>
          <leadnav:type>Serpentine</leadnav:type>
        </extensions>
      </trkpt>
      <trkpt lat="34.677028" lon="-117.125830">
        <extensions>
          <leadnav:type>Serpentine</leadnav:type>
        </extensions>
      </trkpt>
      <trkpt lat="34.677257" lon="-117.125251">
        <extensions>
          <leadnav:type>Serpentine</leadnav:type>
        </extensions>
      </trkpt>
      <trkpt lat="34.677734" lon="-117.124189">
        <extensions>
          <leadnav:type>Serpentine</leadnav:type>
        </extensions>
      </trkpt>
      <trkpt lat="34.677849" lon="-117.123996">
        <extensions>
          <leadnav:type>Serpentine</leadnav:type>
        </extensions>
      </trkpt>
      <trkpt lat="34.677937" lon="-117.123116">
        <extensions>
          <leadnav:type>Serpentine</leadnav:type>
        </extensions>
      </trkpt>
      <trkpt lat="34.678713" lon="-117.119378">
        <extensions>
          <leadnav:type>Serpentine</leadnav:type>
        </extensions>
      </trkpt>
      <trkpt lat="34.678829" lon="-117.119052">
        <extensions>
          <leadnav:type>Serpentine</leadnav:type>
        </extensions>
      </trkpt>
      <trkpt lat="34.678957" lon="-117.118724">
        <extensions>
          <leadnav:type>Serpentine</leadnav:type>
        </extensions>
      </trkpt>
      <trkpt lat="34.678980" lon="-117.118684">
        <extensions>
          <leadnav:type>Serpentine</leadnav:type>
        </extensions>
      </trkpt>
      <trkpt lat="34.678994" lon="-117.118651">
        <extensions>
          <leadnav:type>Serpentine</leadnav:type>
        </extensions>
      </trkpt>
      <trkpt lat="34.679082" lon="-117.118499">
        <extensions>
          <leadnav:type>Serpentine</leadnav:type>
        </extensions>
      </trkpt>
      <trkpt lat="34.679128" lon="-117.118486">
        <extensions>
          <leadnav:type>Serpentine</leadnav:type>
        </extensions>
      </trkpt>
      <trkpt lat="34.679192" lon="-117.118483">
        <extensions>
          <leadnav:type>Serpentine</leadnav:type>
        </extensions>
      </trkpt>
      <trkpt lat="34.679264" lon="-117.118472">
        <extensions>
          <leadnav:type>Serpentine</leadnav:type>
        </extensions>
      </trkpt>
      <trkpt lat="34.679343" lon="-117.118457">
        <extensions>
          <leadnav:type>Serpentine</leadnav:type>
        </extensions>
      </trkpt>
      <trkpt lat="34.679421" lon="-117.118448">
        <extensions>
          <leadnav:type>Serpentine</leadnav:type>
        </extensions>
      </trkpt>
      <trkpt lat="34.679499" lon="-117.118451">
        <extensions>
          <leadnav:type>Serpentine</leadnav:type>
        </extensions>
      </trkpt>
      <trkpt lat="34.680033" lon="-117.118504">
        <extensions>
          <leadnav:type>Serpentine</leadnav:type>
        </extensions>
      </trkpt>
      <trkpt lat="34.680225" lon="-117.118515">
        <extensions>
          <leadnav:type>Serpentine</leadnav:type>
        </extensions>
      </trkpt>
      <trkpt lat="34.680331" lon="-117.118508">
        <extensions>
          <leadnav:type>Serpentine</leadnav:type>
        </extensions>
      </trkpt>
      <trkpt lat="34.680441" lon="-117.118484">
        <extensions>
          <leadnav:type>Serpentine</leadnav:type>
        </extensions>
      </trkpt>
      <trkpt lat="34.680549" lon="-117.118443">
        <extensions>
          <leadnav:type>Serpentine</leadnav:type>
        </extensions>
      </trkpt>
      <trkpt lat="34.680758" lon="-117.118349">
        <extensions>
          <leadnav:type>Serpentine</leadnav:type>
        </extensions>
      </trkpt>
      <trkpt lat="34.680867" lon="-117.118324">
        <extensions>
          <leadnav:type>Serpentine</leadnav:type>
        </extensions>
      </trkpt>
      <trkpt lat="34.681298" lon="-117.118263">
        <extensions>
          <leadnav:type>Serpentine</leadnav:type>
        </extensions>
      </trkpt>
      <trkpt lat="34.681456" lon="-117.118266">
        <extensions>
          <leadnav:type>Serpentine</leadnav:type>
        </extensions>
      </trkpt>
      <trkpt lat="34.681615" lon="-117.118299">
        <extensions>
          <leadnav:type>Serpentine</leadnav:type>
        </extensions>
      </trkpt>
      <trkpt lat="34.681707" lon="-117.118313">
        <extensions>
          <leadnav:type>Serpentine</leadnav:type>
        </extensions>
      </trkpt>
      <trkpt lat="34.681800" lon="-117.118316">
        <extensions>
          <leadnav:type>Serpentine</leadnav:type>
        </extensions>
      </trkpt>
      <trkpt lat="34.681888" lon="-117.118311">
        <extensions>
          <leadnav:type>Serpentine</leadnav:type>
        </extensions>
      </trkpt>
      <trkpt lat="34.681960" lon="-117.118299">
        <extensions>
          <leadnav:type>Serpentine</leadnav:type>
        </extensions>
      </trkpt>
      <trkpt lat="34.682053" lon="-117.118272">
        <extensions>
          <leadnav:type>Serpentine</leadnav:type>
        </extensions>
      </trkpt>
      <trkpt lat="34.682091" lon="-117.118268">
        <extensions>
          <leadnav:type>Serpentine</leadnav:type>
        </extensions>
      </trkpt>
      <trkpt lat="34.682134" lon="-117.118268">
        <extensions>
          <leadnav:type>Serpentine</leadnav:type>
        </extensions>
      </trkpt>
      <trkpt lat="34.682182" lon="-117.118279">
        <extensions>
          <leadnav:type>Serpentine</leadnav:type>
        </extensions>
      </trkpt>
      <trkpt lat="34.682230" lon="-117.118288">
        <extensions>
          <leadnav:type>Serpentine</leadnav:type>
        </extensions>
      </trkpt>
      <trkpt lat="34.682277" lon="-117.118283">
        <extensions>
          <leadnav:type>Serpentine</leadnav:type>
        </extensions>
      </trkpt>
      <trkpt lat="34.682324" lon="-117.118252">
        <extensions>
          <leadnav:type>Serpentine</leadnav:type>
        </extensions>
      </trkpt>
      <trkpt lat="34.682371" lon="-117.118200">
        <extensions>
          <leadnav:type>Serpentine</leadnav:type>
        </extensions>
      </trkpt>
      <trkpt lat="34.682460" lon="-117.118083">
        <extensions>
          <leadnav:type>Serpentine</leadnav:type>
        </extensions>
      </trkpt>
      <trkpt lat="34.682493" lon="-117.118030">
        <extensions>
          <leadnav:type>Serpentine</leadnav:type>
        </extensions>
      </trkpt>
      <trkpt lat="34.682516" lon="-117.117975">
        <extensions>
          <leadnav:type>Serpentine</leadnav:type>
        </extensions>
      </trkpt>
      <trkpt lat="34.682530" lon="-117.117922">
        <extensions>
          <leadnav:type>Serpentine</leadnav:type>
        </extensions>
      </trkpt>
      <trkpt lat="34.682540" lon="-117.117879">
        <extensions>
          <leadnav:type>Serpentine</leadnav:type>
        </extensions>
      </trkpt>
      <trkpt lat="34.682551" lon="-117.117839">
        <extensions>
          <leadnav:type>Serpentine</leadnav:type>
        </extensions>
      </trkpt>
      <trkpt lat="34.682566" lon="-117.117790">
        <extensions>
          <leadnav:type>Serpentine</leadnav:type>
        </extensions>
      </trkpt>
      <trkpt lat="34.682592" lon="-117.117731">
        <extensions>
          <leadnav:type>Serpentine</leadnav:type>
        </extensions>
      </trkpt>
      <trkpt lat="34.682628" lon="-117.117660">
        <extensions>
          <leadnav:type>Serpentine</leadnav:type>
        </extensions>
      </trkpt>
      <trkpt lat="34.682671" lon="-117.117583">
        <extensions>
          <leadnav:type>Serpentine</leadnav:type>
        </extensions>
      </trkpt>
      <trkpt lat="34.682753" lon="-117.117427">
        <extensions>
          <leadnav:type>Serpentine</leadnav:type>
        </extensions>
      </trkpt>
      <trkpt lat="34.682781" lon="-117.117358">
        <extensions>
          <leadnav:type>Serpentine</leadnav:type>
        </extensions>
      </trkpt>
      <trkpt lat="34.682799" lon="-117.117289">
        <extensions>
          <leadnav:type>Serpentine</leadnav:type>
        </extensions>
      </trkpt>
      <trkpt lat="34.682816" lon="-117.117209">
        <extensions>
          <leadnav:type>Serpentine</leadnav:type>
        </extensions>
      </trkpt>
      <trkpt lat="34.682843" lon="-117.117129">
        <extensions>
          <leadnav:type>Serpentine</leadnav:type>
        </extensions>
      </trkpt>
      <trkpt lat="34.682874" lon="-117.117050">
        <extensions>
          <leadnav:type>Serpentine</leadnav:type>
        </extensions>
      </trkpt>
      <trkpt lat="34.682932" lon="-117.116936">
        <extensions>
          <leadnav:type>Serpentine</leadnav:type>
        </extensions>
      </trkpt>
      <trkpt lat="34.682965" lon="-117.116903">
        <extensions>
          <leadnav:type>Serpentine</leadnav:type>
        </extensions>
      </trkpt>
      <trkpt lat="34.683014" lon="-117.116880">
        <extensions>
          <leadnav:type>Serpentine</leadnav:type>
        </extensions>
      </trkpt>
      <trkpt lat="34.683071" lon="-117.116865">
        <extensions>
          <leadnav:type>Serpentine</leadnav:type>
        </extensions>
      </trkpt>
      <trkpt lat="34.683131" lon="-117.116868">
        <extensions>
          <leadnav:type>Serpentine</leadnav:type>
        </extensions>
      </trkpt>
      <trkpt lat="34.683268" lon="-117.116910">
        <extensions>
          <leadnav:type>Serpentine</leadnav:type>
        </extensions>
      </trkpt>
      <trkpt lat="34.683346" lon="-117.116931">
        <extensions>
          <leadnav:type>Serpentine</leadnav:type>
        </extensions>
      </trkpt>
      <trkpt lat="34.683431" lon="-117.116943">
        <extensions>
          <leadnav:type>Serpentine</leadnav:type>
        </extensions>
      </trkpt>
      <trkpt lat="34.683522" lon="-117.116944">
        <extensions>
          <leadnav:type>Serpentine</leadnav:type>
        </extensions>
      </trkpt>
      <trkpt lat="34.683817" lon="-117.116907">
        <extensions>
          <leadnav:type>Serpentine</leadnav:type>
        </extensions>
      </trkpt>
      <trkpt lat="34.684033" lon="-117.116933">
        <extensions>
          <leadnav:type>Serpentine</leadnav:type>
        </extensions>
      </trkpt>
      <trkpt lat="34.684149" lon="-117.116934">
        <extensions>
          <leadnav:type>Serpentine</leadnav:type>
        </extensions>
      </trkpt>
      <trkpt lat="34.684270" lon="-117.116925">
        <extensions>
          <leadnav:type>Serpentine</leadnav:type>
        </extensions>
      </trkpt>
      <trkpt lat="34.684391" lon="-117.116905">
        <extensions>
          <leadnav:type>Serpentine</leadnav:type>
        </extensions>
      </trkpt>
      <trkpt lat="34.684878" lon="-117.116812">
        <extensions>
          <leadnav:type>Serpentine</leadnav:type>
        </extensions>
      </trkpt>
      <trkpt lat="34.684999" lon="-117.116815">
        <extensions>
          <leadnav:type>Serpentine</leadnav:type>
        </extensions>
      </trkpt>
      <trkpt lat="34.685233" lon="-117.116865">
        <extensions>
          <leadnav:type>Serpentine</leadnav:type>
        </extensions>
      </trkpt>
      <trkpt lat="34.685351" lon="-117.116873">
        <extensions>
          <leadnav:type>Serpentine</leadnav:type>
        </extensions>
      </trkpt>
      <trkpt lat="34.685595" lon="-117.116867">
        <extensions>
          <leadnav:type>Serpentine</leadnav:type>
        </extensions>
      </trkpt>
      <trkpt lat="34.685722" lon="-117.116872">
        <extensions>
          <leadnav:type>Serpentine</leadnav:type>
        </extensions>
      </trkpt>
      <trkpt lat="34.685851" lon="-117.116886">
        <extensions>
          <leadnav:type>Serpentine</leadnav:type>
        </extensions>
      </trkpt>
      <trkpt lat="34.686116" lon="-117.116934">
        <extensions>
          <leadnav:type>Serpentine</leadnav:type>
        </extensions>
      </trkpt>
      <trkpt lat="34.686273" lon="-117.116986">
        <extensions>
          <leadnav:type>Serpentine</leadnav:type>
        </extensions>
      </trkpt>
      <trkpt lat="34.686329" lon="-117.116998">
        <extensions>
          <leadnav:type>Serpentine</leadnav:type>
        </extensions>
      </trkpt>
      <trkpt lat="34.686381" lon="-117.117007">
        <extensions>
          <leadnav:type>Serpentine</leadnav:type>
        </extensions>
      </trkpt>
      <trkpt lat="34.686403" lon="-117.117040">
        <extensions>
          <leadnav:type>Serpentine</leadnav:type>
        </extensions>
      </trkpt>
      <trkpt lat="34.686418" lon="-117.117100">
        <extensions>
          <leadnav:type>Serpentine</leadnav:type>
        </extensions>
      </trkpt>
      <trkpt lat="34.686416" lon="-117.117140">
        <extensions>
          <leadnav:type>Serpentine</leadnav:type>
        </extensions>
      </trkpt>
      <trkpt lat="34.686400" lon="-117.117302">
        <extensions>
          <leadnav:type>Serpentine</leadnav:type>
        </extensions>
      </trkpt>
      <trkpt lat="34.686368" lon="-117.117516">
        <extensions>
          <leadnav:type>Serpentine</leadnav:type>
        </extensions>
      </trkpt>
      <trkpt lat="34.686360" lon="-117.117548">
        <extensions>
          <leadnav:type>Serpentine</leadnav:type>
        </extensions>
      </trkpt>
      <trkpt lat="34.686344" lon="-117.117584">
        <extensions>
          <leadnav:type>Serpentine</leadnav:type>
        </extensions>
      </trkpt>
      <trkpt lat="34.686321" lon="-117.117624">
        <extensions>
          <leadnav:type>Serpentine</leadnav:type>
        </extensions>
      </trkpt>
      <trkpt lat="34.686258" lon="-117.117718">
        <extensions>
          <leadnav:type>Serpentine</leadnav:type>
        </extensions>
      </trkpt>
      <trkpt lat="34.686126" lon="-117.117875">
        <extensions>
          <leadnav:type>Serpentine</leadnav:type>
        </extensions>
      </trkpt>
      <trkpt lat="34.686111" lon="-117.117911">
        <extensions>
          <leadnav:type>Serpentine</leadnav:type>
        </extensions>
      </trkpt>
      <trkpt lat="34.686075" lon="-117.118060">
        <extensions>
          <leadnav:type>Serpentine</leadnav:type>
        </extensions>
      </trkpt>
      <trkpt lat="34.686063" lon="-117.118104">
        <extensions>
          <leadnav:type>Serpentine</leadnav:type>
        </extensions>
      </trkpt>
      <trkpt lat="34.686049" lon="-117.118150">
        <extensions>
          <leadnav:type>Serpentine</leadnav:type>
        </extensions>
      </trkpt>
      <trkpt lat="34.686017" lon="-117.118271">
        <extensions>
          <leadnav:type>Serpentine</leadnav:type>
        </extensions>
      </trkpt>
      <trkpt lat="34.685999" lon="-117.118334">
        <extensions>
          <leadnav:type>Serpentine</leadnav:type>
        </extensions>
      </trkpt>
      <trkpt lat="34.685989" lon="-117.118386">
        <extensions>
          <leadnav:type>Serpentine</leadnav:type>
        </extensions>
      </trkpt>
      <trkpt lat="34.685987" lon="-117.118426">
        <extensions>
          <leadnav:type>Serpentine</leadnav:type>
        </extensions>
      </trkpt>
      <trkpt lat="34.685951" lon="-117.118492">
        <extensions>
          <leadnav:type>Serpentine</leadnav:type>
        </extensions>
      </trkpt>
      <trkpt lat="34.685630" lon="-117.118632">
        <extensions>
          <leadnav:type>Serpentine</leadnav:type>
        </extensions>
      </trkpt>
      <trkpt lat="34.685535" lon="-117.118663">
        <extensions>
          <leadnav:type>Serpentine</leadnav:type>
        </extensions>
      </trkpt>
      <trkpt lat="34.685441" lon="-117.118681">
        <extensions>
          <leadnav:type>Serpentine</leadnav:type>
        </extensions>
      </trkpt>
      <trkpt lat="34.685351" lon="-117.118683">
        <extensions>
          <leadnav:type>Serpentine</leadnav:type>
        </extensions>
      </trkpt>
      <trkpt lat="34.685267" lon="-117.118674">
        <extensions>
          <leadnav:type>Serpentine</leadnav:type>
        </extensions>
      </trkpt>
      <trkpt lat="34.685189" lon="-117.118669">
        <extensions>
          <leadnav:type>Serpentine</leadnav:type>
        </extensions>
      </trkpt>
      <trkpt lat="34.685108" lon="-117.118680">
        <extensions>
          <leadnav:type>Serpentine</leadnav:type>
        </extensions>
      </trkpt>
      <trkpt lat="34.685022" lon="-117.118718">
        <extensions>
          <leadnav:type>Serpentine</leadnav:type>
        </extensions>
      </trkpt>
      <trkpt lat="34.684937" lon="-117.118786">
        <extensions>
          <leadnav:type>Serpentine</leadnav:type>
        </extensions>
      </trkpt>
      <trkpt lat="34.684779" lon="-117.118980">
        <extensions>
          <leadnav:type>Serpentine</leadnav:type>
        </extensions>
      </trkpt>
      <trkpt lat="34.684628" lon="-117.119228">
        <extensions>
          <leadnav:type>Serpentine</leadnav:type>
        </extensions>
      </trkpt>
      <trkpt lat="34.684478" lon="-117.119507">
        <extensions>
          <leadnav:type>Serpentine</leadnav:type>
        </extensions>
      </trkpt>
      <trkpt lat="34.684398" lon="-117.119636">
        <extensions>
          <leadnav:type>Serpentine</leadnav:type>
        </extensions>
      </trkpt>
      <trkpt lat="34.684227" lon="-117.119874">
        <extensions>
          <leadnav:type>Serpentine</leadnav:type>
        </extensions>
      </trkpt>
      <trkpt lat="34.684144" lon="-117.120003">
        <extensions>
          <leadnav:type>Serpentine</leadnav:type>
        </extensions>
      </trkpt>
      <trkpt lat="34.684069" lon="-117.120136">
        <extensions>
          <leadnav:type>Serpentine</leadnav:type>
        </extensions>
      </trkpt>
      <trkpt lat="34.684008" lon="-117.120272">
        <extensions>
          <leadnav:type>Serpentine</leadnav:type>
        </extensions>
      </trkpt>
      <trkpt lat="34.683964" lon="-117.120412">
        <extensions>
          <leadnav:type>Serpentine</leadnav:type>
        </extensions>
      </trkpt>
      <trkpt lat="34.683937" lon="-117.120544">
        <extensions>
          <leadnav:type>Serpentine</leadnav:type>
        </extensions>
      </trkpt>
      <trkpt lat="34.683937" lon="-117.120660">
        <extensions>
          <leadnav:type>Serpentine</leadnav:type>
        </extensions>
      </trkpt>
      <trkpt lat="34.683969" lon="-117.120765">
        <extensions>
          <leadnav:type>Serpentine</leadnav:type>
        </extensions>
      </trkpt>
      <trkpt lat="34.684007" lon="-117.120873">
        <extensions>
          <leadnav:type>Serpentine</leadnav:type>
        </extensions>
      </trkpt>
      <trkpt lat="34.684039" lon="-117.120986">
        <extensions>
          <leadnav:type>Serpentine</leadnav:type>
        </extensions>
      </trkpt>
      <trkpt lat="34.684072" lon="-117.121092">
        <extensions>
          <leadnav:type>Serpentine</leadnav:type>
        </extensions>
      </trkpt>
      <trkpt lat="34.684118" lon="-117.121193">
        <extensions>
          <leadnav:type>Serpentine</leadnav:type>
        </extensions>
      </trkpt>
      <trkpt lat="34.684170" lon="-117.121288">
        <extensions>
          <leadnav:type>Serpentine</leadnav:type>
        </extensions>
      </trkpt>
      <trkpt lat="34.684214" lon="-117.121374">
        <extensions>
          <leadnav:type>Serpentine</leadnav:type>
        </extensions>
      </trkpt>
      <trkpt lat="34.684247" lon="-117.121466">
        <extensions>
          <leadnav:type>Serpentine</leadnav:type>
        </extensions>
      </trkpt>
      <trkpt lat="34.684278" lon="-117.121569">
        <extensions>
          <leadnav:type>Serpentine</leadnav:type>
        </extensions>
      </trkpt>
      <trkpt lat="34.684301" lon="-117.121671">
        <extensions>
          <leadnav:type>Serpentine</leadnav:type>
        </extensions>
      </trkpt>
      <trkpt lat="34.684312" lon="-117.121758">
        <extensions>
          <leadnav:type>Serpentine</leadnav:type>
        </extensions>
      </trkpt>
      <trkpt lat="34.684300" lon="-117.121928">
        <extensions>
          <leadnav:type>Serpentine</leadnav:type>
        </extensions>
      </trkpt>
      <trkpt lat="34.684283" lon="-117.122228">
        <extensions>
          <leadnav:type>Serpentine</leadnav:type>
        </extensions>
      </trkpt>
      <trkpt lat="34.684289" lon="-117.122336">
        <extensions>
          <leadnav:type>Serpentine</leadnav:type>
        </extensions>
      </trkpt>
      <trkpt lat="34.684300" lon="-117.122430">
        <extensions>
          <leadnav:type>Serpentine</leadnav:type>
        </extensions>
      </trkpt>
      <trkpt lat="34.684336" lon="-117.122602">
        <extensions>
          <leadnav:type>Serpentine</leadnav:type>
        </extensions>
      </trkpt>
      <trkpt lat="34.684426" lon="-117.122937">
        <extensions>
          <leadnav:type>Serpentine</leadnav:type>
        </extensions>
      </trkpt>
      <trkpt lat="34.684442" lon="-117.123024">
        <extensions>
          <leadnav:type>Serpentine</leadnav:type>
        </extensions>
      </trkpt>
      <trkpt lat="34.684465" lon="-117.123882">
        <extensions>
          <leadnav:type>Serpentine</leadnav:type>
        </extensions>
      </trkpt>
      <trkpt lat="34.684445" lon="-117.124087">
        <extensions>
          <leadnav:type>Serpentine</leadnav:type>
        </extensions>
      </trkpt>
      <trkpt lat="34.684402" lon="-117.124309">
        <extensions>
          <leadnav:type>Serpentine</leadnav:type>
        </extensions>
      </trkpt>
      <trkpt lat="34.684369" lon="-117.124422">
        <extensions>
          <leadnav:type>Serpentine</leadnav:type>
        </extensions>
      </trkpt>
      <trkpt lat="34.684276" lon="-117.124648">
        <extensions>
          <leadnav:type>Serpentine</leadnav:type>
        </extensions>
      </trkpt>
      <trkpt lat="34.684165" lon="-117.124830">
        <extensions>
          <leadnav:type>Serpentine</leadnav:type>
        </extensions>
      </trkpt>
      <trkpt lat="34.684099" lon="-117.124924">
        <extensions>
          <leadnav:type>Serpentine</leadnav:type>
        </extensions>
      </trkpt>
      <trkpt lat="34.684038" lon="-117.125028">
        <extensions>
          <leadnav:type>Serpentine</leadnav:type>
        </extensions>
      </trkpt>
      <trkpt lat="34.683985" lon="-117.125129">
        <extensions>
          <leadnav:type>Serpentine</leadnav:type>
        </extensions>
      </trkpt>
      <trkpt lat="34.683941" lon="-117.125224">
        <extensions>
          <leadnav:type>Serpentine</leadnav:type>
        </extensions>
      </trkpt>
      <trkpt lat="34.683814" lon="-117.125523">
        <extensions>
          <leadnav:type>Serpentine</leadnav:type>
        </extensions>
      </trkpt>
      <trkpt lat="34.683753" lon="-117.125623">
        <extensions>
          <leadnav:type>Serpentine</leadnav:type>
        </extensions>
      </trkpt>
      <trkpt lat="34.683595" lon="-117.125834">
        <extensions>
          <leadnav:type>Serpentine</leadnav:type>
        </extensions>
      </trkpt>
      <trkpt lat="34.683523" lon="-117.125944">
        <extensions>
          <leadnav:type>Serpentine</leadnav:type>
        </extensions>
      </trkpt>
      <trkpt lat="34.683468" lon="-117.126059">
        <extensions>
          <leadnav:type>Serpentine</leadnav:type>
        </extensions>
      </trkpt>
      <trkpt lat="34.683428" lon="-117.126173">
        <extensions>
          <leadnav:type>Serpentine</leadnav:type>
        </extensions>
      </trkpt>
      <trkpt lat="34.683401" lon="-117.126284">
        <extensions>
          <leadnav:type>Serpentine</leadnav:type>
        </extensions>
      </trkpt>
      <trkpt lat="34.683368" lon="-117.126387">
        <extensions>
          <leadnav:type>Serpentine</leadnav:type>
        </extensions>
      </trkpt>
      <trkpt lat="34.683315" lon="-117.126476">
        <extensions>
          <leadnav:type>Serpentine</leadnav:type>
        </extensions>
      </trkpt>
      <trkpt lat="34.683004" lon="-117.126847">
        <extensions>
          <leadnav:type>Serpentine</leadnav:type>
        </extensions>
      </trkpt>
      <trkpt lat="34.682931" lon="-117.126950">
        <extensions>
          <leadnav:type>Serpentine</leadnav:type>
        </extensions>
      </trkpt>
      <trkpt lat="34.682636" lon="-117.127418">
        <extensions>
          <leadnav:type>Serpentine</leadnav:type>
        </extensions>
      </trkpt>
      <trkpt lat="34.682592" lon="-117.127504">
        <extensions>
          <leadnav:type>Serpentine</leadnav:type>
        </extensions>
      </trkpt>
      <trkpt lat="34.682522" lon="-117.127661">
        <extensions>
          <leadnav:type>Serpentine</leadnav:type>
        </extensions>
      </trkpt>
      <trkpt lat="34.682310" lon="-117.128097">
        <extensions>
          <leadnav:type>Serpentine</leadnav:type>
        </extensions>
      </trkpt>
      <trkpt lat="34.682076" lon="-117.128687">
        <extensions>
          <leadnav:type>Serpentine</leadnav:type>
        </extensions>
      </trkpt>
      <trkpt lat="34.681877" lon="-117.129166">
        <extensions>
          <leadnav:type>Serpentine</leadnav:type>
        </extensions>
      </trkpt>
      <trkpt lat="34.681735" lon="-117.129501">
        <extensions>
          <leadnav:type>Serpentine</leadnav:type>
        </extensions>
      </trkpt>
      <trkpt lat="34.681654" lon="-117.129744">
        <extensions>
          <leadnav:type>Serpentine</leadnav:type>
        </extensions>
      </trkpt>
      <trkpt lat="34.681586" lon="-117.129905">
        <extensions>
          <leadnav:type>Serpentine</leadnav:type>
        </extensions>
      </trkpt>
      <trkpt lat="34.681533" lon="-117.130114">
        <extensions>
          <leadnav:type>Serpentine</leadnav:type>
        </extensions>
      </trkpt>
      <trkpt lat="34.681463" lon="-117.130279">
        <extensions>
          <leadnav:type>Serpentine</leadnav:type>
        </extensions>
      </trkpt>
      <trkpt lat="34.681407" lon="-117.130359">
        <extensions>
          <leadnav:type>Serpentine</leadnav:type>
        </extensions>
      </trkpt>
      <trkpt lat="34.681251" lon="-117.130567">
        <extensions>
          <leadnav:type>Serpentine</leadnav:type>
        </extensions>
      </trkpt>
      <trkpt lat="34.680894" lon="-117.130946">
        <extensions>
          <leadnav:type>Serpentine</leadnav:type>
        </extensions>
      </trkpt>
      <trkpt lat="34.680777" lon="-117.131126">
        <extensions>
          <leadnav:type>Serpentine</leadnav:type>
        </extensions>
      </trkpt>
      <trkpt lat="34.680491" lon="-117.131595">
        <extensions>
          <leadnav:type>Serpentine</leadnav:type>
        </extensions>
      </trkpt>
      <trkpt lat="34.680201" lon="-117.132249">
        <extensions>
          <leadnav:type>Serpentine</leadnav:type>
        </extensions>
      </trkpt>
      <trkpt lat="34.679833" lon="-117.132886">
        <extensions>
          <leadnav:type>Serpentine</leadnav:type>
        </extensions>
      </trkpt>
      <trkpt lat="34.679464" lon="-117.133546">
        <extensions>
          <leadnav:type>Serpentine</leadnav:type>
        </extensions>
      </trkpt>
      <trkpt lat="34.679217" lon="-117.133959">
        <extensions>
          <leadnav:type>Serpentine</leadnav:type>
        </extensions>
      </trkpt>
      <trkpt lat="34.679141" lon="-117.134136">
        <extensions>
          <leadnav:type>Serpentine</leadnav:type>
        </extensions>
      </trkpt>
      <trkpt lat="34.679038" lon="-117.134343">
        <extensions>
          <leadnav:type>Serpentine</leadnav:type>
        </extensions>
      </trkpt>
      <trkpt lat="34.678957" lon="-117.134606">
        <extensions>
          <leadnav:type>Serpentine</leadnav:type>
        </extensions>
      </trkpt>
      <trkpt lat="34.678882" lon="-117.135051">
        <extensions>
          <leadnav:type>Serpentine</leadnav:type>
        </extensions>
      </trkpt>
      <trkpt lat="34.678861" lon="-117.135275">
        <extensions>
          <leadnav:type>Serpentine</leadnav:type>
        </extensions>
      </trkpt>
      <trkpt lat="34.678785" lon="-117.135663">
        <extensions>
          <leadnav:type>Serpentine</leadnav:type>
        </extensions>
      </trkpt>
      <trkpt lat="34.678720" lon="-117.136081">
        <extensions>
          <leadnav:type>Serpentine</leadnav:type>
        </extensions>
      </trkpt>
      <trkpt lat="34.678605" lon="-117.136432">
        <extensions>
          <leadnav:type>Serpentine</leadnav:type>
        </extensions>
      </trkpt>
      <trkpt lat="34.678523" lon="-117.136743">
        <extensions>
          <leadnav:type>Serpentine</leadnav:type>
        </extensions>
      </trkpt>
      <trkpt lat="34.678329" lon="-117.137281">
        <extensions>
          <leadnav:type>Serpentine</leadnav:type>
        </extensions>
      </trkpt>
      <trkpt lat="34.678225" lon="-117.137553">
        <extensions>
          <leadnav:type>Serpentine</leadnav:type>
        </extensions>
      </trkpt>
      <trkpt lat="34.678166" lon="-117.137664">
        <extensions>
          <leadnav:type>Serpentine</leadnav:type>
        </extensions>
      </trkpt>
      <trkpt lat="34.678160" lon="-117.137724">
        <extensions>
          <leadnav:type>Serpentine</leadnav:type>
        </extensions>
      </trkpt>
      <trkpt lat="34.678191" lon="-117.137810">
        <extensions>
          <leadnav:type>Serpentine</leadnav:type>
        </extensions>
      </trkpt>
      <trkpt lat="34.678266" lon="-117.137855">
        <extensions>
          <leadnav:type>Serpentine</leadnav:type>
        </extensions>
      </trkpt>
      <trkpt lat="34.678461" lon="-117.137989">
        <extensions>
          <leadnav:type>Serpentine</leadnav:type>
        </extensions>
      </trkpt>
      <trkpt lat="34.678895" lon="-117.138322">
        <extensions>
          <leadnav:type>Serpentine</leadnav:type>
        </extensions>
      </trkpt>
      <trkpt lat="34.679104" lon="-117.138436">
        <extensions>
          <leadnav:type>Serpentine</leadnav:type>
        </extensions>
      </trkpt>
      <trkpt lat="34.679997" lon="-117.139001">
        <extensions>
          <leadnav:type>Serpentine</leadnav:type>
        </extensions>
      </trkpt>
      <trkpt lat="34.680879" lon="-117.139653">
        <extensions>
          <leadnav:type>Serpentine</leadnav:type>
        </extensions>
      </trkpt>
      <trkpt lat="34.681723" lon="-117.140194">
        <extensions>
          <leadnav:type>Serpentine</leadnav:type>
        </extensions>
      </trkpt>
      <trkpt lat="34.681868" lon="-117.140268">
        <extensions>
          <leadnav:type>Serpentine</leadnav:type>
        </extensions>
      </trkpt>
      <trkpt lat="34.682015" lon="-117.140330">
        <extensions>
          <leadnav:type>Serpentine</leadnav:type>
        </extensions>
      </trkpt>
      <trkpt lat="34.682167" lon="-117.140387">
        <extensions>
          <leadnav:type>Serpentine</leadnav:type>
        </extensions>
      </trkpt>
      <trkpt lat="34.684885" lon="-117.141297">
        <extensions>
          <leadnav:type>Serpentine</leadnav:type>
        </extensions>
      </trkpt>
      <trkpt lat="34.685219" lon="-117.141375">
        <extensions>
          <leadnav:type>Serpentine</leadnav:type>
        </extensions>
      </trkpt>
      <trkpt lat="34.685540" lon="-117.141416">
        <extensions>
          <leadnav:type>Serpentine</leadnav:type>
        </extensions>
      </trkpt>
      <trkpt lat="34.685699" lon="-117.141427">
        <extensions>
          <leadnav:type>Serpentine</leadnav:type>
        </extensions>
      </trkpt>
      <trkpt lat="34.686261" lon="-117.141499">
        <extensions>
          <leadnav:type>Serpentine</leadnav:type>
        </extensions>
      </trkpt>
      <trkpt lat="34.686383" lon="-117.141525">
        <extensions>
          <leadnav:type>Serpentine</leadnav:type>
        </extensions>
      </trkpt>
      <trkpt lat="34.686869" lon="-117.141611">
        <extensions>
          <leadnav:type>Serpentine</leadnav:type>
        </extensions>
      </trkpt>
      <trkpt lat="34.688474" lon="-117.142113">
        <extensions>
          <leadnav:type>Serpentine</leadnav:type>
        </extensions>
      </trkpt>
      <trkpt lat="34.689337" lon="-117.142437">
        <extensions>
          <leadnav:type>Serpentine</leadnav:type>
        </extensions>
      </trkpt>
      <trkpt lat="34.690794" lon="-117.143041">
        <extensions>
          <leadnav:type>Serpentine</leadnav:type>
        </extensions>
      </trkpt>
      <trkpt lat="34.691401" lon="-117.143205">
        <extensions>
          <leadnav:type>Serpentine</leadnav:type>
        </extensions>
      </trkpt>
      <trkpt lat="34.691850" lon="-117.143080">
        <extensions>
          <leadnav:type>Serpentine</leadnav:type>
        </extensions>
      </trkpt>
      <trkpt lat="34.692049" lon="-117.143009">
        <extensions>
          <leadnav:type>Serpentine</leadnav:type>
        </extensions>
      </trkpt>
      <trkpt lat="34.692838" lon="-117.142773">
        <extensions>
          <leadnav:type>Serpentine</leadnav:type>
        </extensions>
      </trkpt>
      <trkpt lat="34.693532" lon="-117.142491">
        <extensions>
          <leadnav:type>Serpentine</leadnav:type>
        </extensions>
      </trkpt>
      <trkpt lat="34.694072" lon="-117.142168">
        <extensions>
          <leadnav:type>Serpentine</leadnav:type>
        </extensions>
      </trkpt>
      <trkpt lat="34.694613" lon="-117.141784">
        <extensions>
          <leadnav:type>Serpentine</leadnav:type>
        </extensions>
      </trkpt>
      <trkpt lat="34.694788" lon="-117.141677">
        <extensions>
          <leadnav:type>Serpentine</leadnav:type>
        </extensions>
      </trkpt>
      <trkpt lat="34.694967" lon="-117.141606">
        <extensions>
          <leadnav:type>Serpentine</leadnav:type>
        </extensions>
      </trkpt>
      <trkpt lat="34.695142" lon="-117.141596">
        <extensions>
          <leadnav:type>Serpentine</leadnav:type>
        </extensions>
      </trkpt>
      <trkpt lat="34.695304" lon="-117.141626">
        <extensions>
          <leadnav:type>Serpentine</leadnav:type>
        </extensions>
      </trkpt>
      <trkpt lat="34.695464" lon="-117.141630">
        <extensions>
          <leadnav:type>Serpentine</leadnav:type>
        </extensions>
      </trkpt>
      <trkpt lat="34.695625" lon="-117.141601">
        <extensions>
          <leadnav:type>Serpentine</leadnav:type>
        </extensions>
      </trkpt>
      <trkpt lat="34.696609" lon="-117.141250">
        <extensions>
          <leadnav:type>Serpentine</leadnav:type>
        </extensions>
      </trkpt>
      <trkpt lat="34.697447" lon="-117.141087">
        <extensions>
          <leadnav:type>Serpentine</leadnav:type>
        </extensions>
      </trkpt>
      <trkpt lat="34.697599" lon="-117.141045">
        <extensions>
          <leadnav:type>Serpentine</leadnav:type>
        </extensions>
      </trkpt>
      <trkpt lat="34.697727" lon="-117.141030">
        <extensions>
          <leadnav:type>Serpentine</leadnav:type>
        </extensions>
      </trkpt>
      <trkpt lat="34.697827" lon="-117.141038">
        <extensions>
          <leadnav:type>Serpentine</leadnav:type>
        </extensions>
      </trkpt>
      <trkpt lat="34.697943" lon="-117.141055">
        <extensions>
          <leadnav:type>Serpentine</leadnav:type>
        </extensions>
      </trkpt>
      <trkpt lat="34.698047" lon="-117.141034">
        <extensions>
          <leadnav:type>Serpentine</leadnav:type>
        </extensions>
      </trkpt>
      <trkpt lat="34.698154" lon="-117.140976">
        <extensions>
          <leadnav:type>Serpentine</leadnav:type>
        </extensions>
      </trkpt>
      <trkpt lat="34.698224" lon="-117.140922">
        <extensions>
          <leadnav:type>Serpentine</leadnav:type>
        </extensions>
      </trkpt>
      <trkpt lat="34.698481" lon="-117.140679">
        <extensions>
          <leadnav:type>Serpentine</leadnav:type>
        </extensions>
      </trkpt>
      <trkpt lat="34.698594" lon="-117.140604">
        <extensions>
          <leadnav:type>Serpentine</leadnav:type>
        </extensions>
      </trkpt>
      <trkpt lat="34.698856" lon="-117.140482">
        <extensions>
          <leadnav:type>Serpentine</leadnav:type>
        </extensions>
      </trkpt>
      <trkpt lat="34.699305" lon="-117.140234">
        <extensions>
          <leadnav:type>Serpentine</leadnav:type>
        </extensions>
      </trkpt>
      <trkpt lat="34.699471" lon="-117.140157">
        <extensions>
          <leadnav:type>Serpentine</leadnav:type>
        </extensions>
      </trkpt>
      <trkpt lat="34.699980" lon="-117.139971">
        <extensions>
          <leadnav:type>Serpentine</leadnav:type>
        </extensions>
      </trkpt>
      <trkpt lat="34.700469" lon="-117.139826">
        <extensions>
          <leadnav:type>Serpentine</leadnav:type>
        </extensions>
      </trkpt>
      <trkpt lat="34.700615" lon="-117.139743">
        <extensions>
          <leadnav:type>Serpentine</leadnav:type>
        </extensions>
      </trkpt>
      <trkpt lat="34.700880" lon="-117.139537">
        <extensions>
          <leadnav:type>Serpentine</leadnav:type>
        </extensions>
      </trkpt>
      <trkpt lat="34.701013" lon="-117.139463">
        <extensions>
          <leadnav:type>Serpentine</leadnav:type>
        </extensions>
      </trkpt>
      <trkpt lat="34.701155" lon="-117.139419">
        <extensions>
          <leadnav:type>Serpentine</leadnav:type>
        </extensions>
      </trkpt>
      <trkpt lat="34.701303" lon="-117.139408">
        <extensions>
          <leadnav:type>Serpentine</leadnav:type>
        </extensions>
      </trkpt>
      <trkpt lat="34.701447" lon="-117.139428">
        <extensions>
          <leadnav:type>Serpentine</leadnav:type>
        </extensions>
      </trkpt>
      <trkpt lat="34.701574" lon="-117.139463">
        <extensions>
          <leadnav:type>Serpentine</leadnav:type>
        </extensions>
      </trkpt>
      <trkpt lat="34.701687" lon="-117.139517">
        <extensions>
          <leadnav:type>Serpentine</leadnav:type>
        </extensions>
      </trkpt>
      <trkpt lat="34.701793" lon="-117.139605">
        <extensions>
          <leadnav:type>Serpentine</leadnav:type>
        </extensions>
      </trkpt>
      <trkpt lat="34.701895" lon="-117.139709">
        <extensions>
          <leadnav:type>Serpentine</leadnav:type>
        </extensions>
      </trkpt>
      <trkpt lat="34.702002" lon="-117.139803">
        <extensions>
          <leadnav:type>Serpentine</leadnav:type>
        </extensions>
      </trkpt>
      <trkpt lat="34.702126" lon="-117.139873">
        <extensions>
          <leadnav:type>Serpentine</leadnav:type>
        </extensions>
      </trkpt>
      <trkpt lat="34.702271" lon="-117.139925">
        <extensions>
          <leadnav:type>Serpentine</leadnav:type>
        </extensions>
      </trkpt>
      <trkpt lat="34.702427" lon="-117.139973">
        <extensions>
          <leadnav:type>Serpentine</leadnav:type>
        </extensions>
      </trkpt>
      <trkpt lat="34.702591" lon="-117.140006">
        <extensions>
          <leadnav:type>Serpentine</leadnav:type>
        </extensions>
      </trkpt>
      <trkpt lat="34.702754" lon="-117.140019">
        <extensions>
          <leadnav:type>Serpentine</leadnav:type>
        </extensions>
      </trkpt>
      <trkpt lat="34.702898" lon="-117.140007">
        <extensions>
          <leadnav:type>Serpentine</leadnav:type>
        </extensions>
      </trkpt>
      <trkpt lat="34.703014" lon="-117.139953">
        <extensions>
          <leadnav:type>Serpentine</leadnav:type>
        </extensions>
      </trkpt>
      <trkpt lat="34.703093" lon="-117.139856">
        <extensions>
          <leadnav:type>Serpentine</leadnav:type>
        </extensions>
      </trkpt>
      <trkpt lat="34.703153" lon="-117.139745">
        <extensions>
          <leadnav:type>Serpentine</leadnav:type>
        </extensions>
      </trkpt>
      <trkpt lat="34.703236" lon="-117.139645">
        <extensions>
          <leadnav:type>Serpentine</leadnav:type>
        </extensions>
      </trkpt>
      <trkpt lat="34.703339" lon="-117.139549">
        <extensions>
          <leadnav:type>Serpentine</leadnav:type>
        </extensions>
      </trkpt>
      <trkpt lat="34.703545" lon="-117.139331">
        <extensions>
          <leadnav:type>Serpentine</leadnav:type>
        </extensions>
      </trkpt>
      <trkpt lat="34.703883" lon="-117.138916">
        <extensions>
          <leadnav:type>Serpentine</leadnav:type>
        </extensions>
      </trkpt>
      <trkpt lat="34.704025" lon="-117.138785">
        <extensions>
          <leadnav:type>Serpentine</leadnav:type>
        </extensions>
      </trkpt>
      <trkpt lat="34.704323" lon="-117.138550">
        <extensions>
          <leadnav:type>Serpentine</leadnav:type>
        </extensions>
      </trkpt>
      <trkpt lat="34.704455" lon="-117.138430">
        <extensions>
          <leadnav:type>Serpentine</leadnav:type>
        </extensions>
      </trkpt>
      <trkpt lat="34.704568" lon="-117.138301">
        <extensions>
          <leadnav:type>Serpentine</leadnav:type>
        </extensions>
      </trkpt>
      <trkpt lat="34.704640" lon="-117.138153">
        <extensions>
          <leadnav:type>Serpentine</leadnav:type>
        </extensions>
      </trkpt>
      <trkpt lat="34.704672" lon="-117.137990">
        <extensions>
          <leadnav:type>Serpentine</leadnav:type>
        </extensions>
      </trkpt>
      <trkpt lat="34.704688" lon="-117.137820">
        <extensions>
          <leadnav:type>Serpentine</leadnav:type>
        </extensions>
      </trkpt>
      <trkpt lat="34.704728" lon="-117.137657">
        <extensions>
          <leadnav:type>Serpentine</leadnav:type>
        </extensions>
      </trkpt>
      <trkpt lat="34.704810" lon="-117.137531">
        <extensions>
          <leadnav:type>Serpentine</leadnav:type>
        </extensions>
      </trkpt>
      <trkpt lat="34.705039" lon="-117.137342">
        <extensions>
          <leadnav:type>Serpentine</leadnav:type>
        </extensions>
      </trkpt>
      <trkpt lat="34.705243" lon="-117.137077">
        <extensions>
          <leadnav:type>Serpentine</leadnav:type>
        </extensions>
      </trkpt>
      <trkpt lat="34.705364" lon="-117.136939">
        <extensions>
          <leadnav:type>Serpentine</leadnav:type>
        </extensions>
      </trkpt>
      <trkpt lat="34.705633" lon="-117.136658">
        <extensions>
          <leadnav:type>Serpentine</leadnav:type>
        </extensions>
      </trkpt>
      <trkpt lat="34.705790" lon="-117.136542">
        <extensions>
          <leadnav:type>Serpentine</leadnav:type>
        </extensions>
      </trkpt>
      <trkpt lat="34.705959" lon="-117.136460">
        <extensions>
          <leadnav:type>Serpentine</leadnav:type>
        </extensions>
      </trkpt>
      <trkpt lat="34.706277" lon="-117.136319">
        <extensions>
          <leadnav:type>Serpentine</leadnav:type>
        </extensions>
      </trkpt>
      <trkpt lat="34.706411" lon="-117.136236">
        <extensions>
          <leadnav:type>Serpentine</leadnav:type>
        </extensions>
      </trkpt>
      <trkpt lat="34.706520" lon="-117.136122">
        <extensions>
          <leadnav:type>Serpentine</leadnav:type>
        </extensions>
      </trkpt>
      <trkpt lat="34.706604" lon="-117.135980">
        <extensions>
          <leadnav:type>Serpentine</leadnav:type>
        </extensions>
      </trkpt>
      <trkpt lat="34.706740" lon="-117.135709">
        <extensions>
          <leadnav:type>Serpentine</leadnav:type>
        </extensions>
      </trkpt>
      <trkpt lat="34.706840" lon="-117.135637">
        <extensions>
          <leadnav:type>Serpentine</leadnav:type>
        </extensions>
      </trkpt>
      <trkpt lat="34.706915" lon="-117.135570">
        <extensions>
          <leadnav:type>Serpentine</leadnav:type>
        </extensions>
      </trkpt>
      <trkpt lat="34.706969" lon="-117.135519">
        <extensions>
          <leadnav:type>Serpentine</leadnav:type>
        </extensions>
      </trkpt>
      <trkpt lat="34.707046" lon="-117.135420">
        <extensions>
          <leadnav:type>Serpentine</leadnav:type>
        </extensions>
      </trkpt>
      <trkpt lat="34.707200" lon="-117.135261">
        <extensions>
          <leadnav:type>Serpentine</leadnav:type>
        </extensions>
      </trkpt>
      <trkpt lat="34.707432" lon="-117.135041">
        <extensions>
          <leadnav:type>Serpentine</leadnav:type>
        </extensions>
      </trkpt>
      <trkpt lat="34.707712" lon="-117.134812">
        <extensions>
          <leadnav:type>Serpentine</leadnav:type>
        </extensions>
      </trkpt>
      <trkpt lat="34.707826" lon="-117.134686">
        <extensions>
          <leadnav:type>Serpentine</leadnav:type>
        </extensions>
      </trkpt>
      <trkpt lat="34.707977" lon="-117.134473">
        <extensions>
          <leadnav:type>Serpentine</leadnav:type>
        </extensions>
      </trkpt>
      <trkpt lat="34.708422" lon="-117.134495">
        <extensions>
          <leadnav:type>Serpentine</leadnav:type>
        </extensions>
      </trkpt>
      <trkpt lat="34.708489" lon="-117.134490">
        <extensions>
          <leadnav:type>Serpentine</leadnav:type>
        </extensions>
      </trkpt>
      <trkpt lat="34.708547" lon="-117.134472">
        <extensions>
          <leadnav:type>Serpentine</leadnav:type>
        </extensions>
      </trkpt>
      <trkpt lat="34.708592" lon="-117.134427">
        <extensions>
          <leadnav:type>Serpentine</leadnav:type>
        </extensions>
      </trkpt>
      <trkpt lat="34.708639" lon="-117.134366">
        <extensions>
          <leadnav:type>Serpentine</leadnav:type>
        </extensions>
      </trkpt>
      <trkpt lat="34.708680" lon="-117.134287">
        <extensions>
          <leadnav:type>Serpentine</leadnav:type>
        </extensions>
      </trkpt>
      <trkpt lat="34.708718" lon="-117.134189">
        <extensions>
          <leadnav:type>Serpentine</leadnav:type>
        </extensions>
      </trkpt>
      <trkpt lat="34.708792" lon="-117.134019">
        <extensions>
          <leadnav:type>Serpentine</leadnav:type>
        </extensions>
      </trkpt>
      <trkpt lat="34.708812" lon="-117.133946">
        <extensions>
          <leadnav:type>Serpentine</leadnav:type>
        </extensions>
      </trkpt>
      <trkpt lat="34.708837" lon="-117.133812">
        <extensions>
          <leadnav:type>Serpentine</leadnav:type>
        </extensions>
      </trkpt>
      <trkpt lat="34.708838" lon="-117.133729">
        <extensions>
          <leadnav:type>Serpentine</leadnav:type>
        </extensions>
      </trkpt>
      <trkpt lat="34.708827" lon="-117.133368">
        <extensions>
          <leadnav:type>Serpentine</leadnav:type>
        </extensions>
      </trkpt>
      <trkpt lat="34.708833" lon="-117.132876">
        <extensions>
          <leadnav:type>Serpentine</leadnav:type>
        </extensions>
      </trkpt>
      <trkpt lat="34.708839" lon="-117.132773">
        <extensions>
          <leadnav:type>Serpentine</leadnav:type>
        </extensions>
      </trkpt>
      <trkpt lat="34.708863" lon="-117.132662">
        <extensions>
          <leadnav:type>Serpentine</leadnav:type>
        </extensions>
      </trkpt>
      <trkpt lat="34.708866" lon="-117.132628">
        <extensions>
          <leadnav:type>Serpentine</leadnav:type>
        </extensions>
      </trkpt>
      <trkpt lat="34.708888" lon="-117.132554">
        <extensions>
          <leadnav:type>Serpentine</leadnav:type>
        </extensions>
      </trkpt>
      <trkpt lat="34.708913" lon="-117.132506">
        <extensions>
          <leadnav:type>Serpentine</leadnav:type>
        </extensions>
      </trkpt>
      <trkpt lat="34.708945" lon="-117.132474">
        <extensions>
          <leadnav:type>Serpentine</leadnav:type>
        </extensions>
      </trkpt>
      <trkpt lat="34.708973" lon="-117.132459">
        <extensions>
          <leadnav:type>Serpentine</leadnav:type>
        </extensions>
      </trkpt>
      <trkpt lat="34.709057" lon="-117.132450">
        <extensions>
          <leadnav:type>Serpentine</leadnav:type>
        </extensions>
      </trkpt>
      <trkpt lat="34.709104" lon="-117.132442">
        <extensions>
          <leadnav:type>Serpentine</leadnav:type>
        </extensions>
      </trkpt>
      <trkpt lat="34.709162" lon="-117.132422">
        <extensions>
          <leadnav:type>Serpentine</leadnav:type>
        </extensions>
      </trkpt>
      <trkpt lat="34.709229" lon="-117.132388">
        <extensions>
          <leadnav:type>Serpentine</leadnav:type>
        </extensions>
      </trkpt>
      <trkpt lat="34.709310" lon="-117.132330">
        <extensions>
          <leadnav:type>Serpentine</leadnav:type>
        </extensions>
      </trkpt>
      <trkpt lat="34.709392" lon="-117.132263">
        <extensions>
          <leadnav:type>Serpentine</leadnav:type>
        </extensions>
      </trkpt>
      <trkpt lat="34.709478" lon="-117.132181">
        <extensions>
          <leadnav:type>Serpentine</leadnav:type>
        </extensions>
      </trkpt>
      <trkpt lat="34.709573" lon="-117.132106">
        <extensions>
          <leadnav:type>Serpentine</leadnav:type>
        </extensions>
      </trkpt>
      <trkpt lat="34.709854" lon="-117.131916">
        <extensions>
          <leadnav:type>Serpentine</leadnav:type>
        </extensions>
      </trkpt>
      <trkpt lat="34.709962" lon="-117.131875">
        <extensions>
          <leadnav:type>Serpentine</leadnav:type>
        </extensions>
      </trkpt>
      <trkpt lat="34.710061" lon="-117.131847">
        <extensions>
          <leadnav:type>Serpentine</leadnav:type>
        </extensions>
      </trkpt>
      <trkpt lat="34.710274" lon="-117.131867">
        <extensions>
          <leadnav:type>Serpentine</leadnav:type>
        </extensions>
      </trkpt>
      <trkpt lat="34.710375" lon="-117.131897">
        <extensions>
          <leadnav:type>Serpentine</leadnav:type>
        </extensions>
      </trkpt>
      <trkpt lat="34.710480" lon="-117.131943">
        <extensions>
          <leadnav:type>Serpentine</leadnav:type>
        </extensions>
      </trkpt>
      <trkpt lat="34.710570" lon="-117.132012">
        <extensions>
          <leadnav:type>Serpentine</leadnav:type>
        </extensions>
      </trkpt>
      <trkpt lat="34.710656" lon="-117.132098">
        <extensions>
          <leadnav:type>Serpentine</leadnav:type>
        </extensions>
      </trkpt>
      <trkpt lat="34.710850" lon="-117.132222">
        <extensions>
          <leadnav:type>Serpentine</leadnav:type>
        </extensions>
      </trkpt>
      <trkpt lat="34.711050" lon="-117.132294">
        <extensions>
          <leadnav:type>Serpentine</leadnav:type>
        </extensions>
      </trkpt>
      <trkpt lat="34.711128" lon="-117.132318">
        <extensions>
          <leadnav:type>Serpentine</leadnav:type>
        </extensions>
      </trkpt>
      <trkpt lat="34.711191" lon="-117.132347">
        <extensions>
          <leadnav:type>Serpentine</leadnav:type>
        </extensions>
      </trkpt>
      <trkpt lat="34.711230" lon="-117.132356">
        <extensions>
          <leadnav:type>Serpentine</leadnav:type>
        </extensions>
      </trkpt>
      <trkpt lat="34.711275" lon="-117.132375">
        <extensions>
          <leadnav:type>Serpentine</leadnav:type>
        </extensions>
      </trkpt>
      <trkpt lat="34.711318" lon="-117.132377">
        <extensions>
          <leadnav:type>Serpentine</leadnav:type>
        </extensions>
      </trkpt>
      <trkpt lat="34.711457" lon="-117.132358">
        <extensions>
          <leadnav:type>Serpentine</leadnav:type>
        </extensions>
      </trkpt>
      <trkpt lat="34.711529" lon="-117.132339">
        <extensions>
          <leadnav:type>Serpentine</leadnav:type>
        </extensions>
      </trkpt>
      <trkpt lat="34.711628" lon="-117.132343">
        <extensions>
          <leadnav:type>Serpentine</leadnav:type>
        </extensions>
      </trkpt>
      <trkpt lat="34.711728" lon="-117.132366">
        <extensions>
          <leadnav:type>Serpentine</leadnav:type>
        </extensions>
      </trkpt>
      <trkpt lat="34.711907" lon="-117.132423">
        <extensions>
          <leadnav:type>Serpentine</leadnav:type>
        </extensions>
      </trkpt>
      <trkpt lat="34.711989" lon="-117.132439">
        <extensions>
          <leadnav:type>Serpentine</leadnav:type>
        </extensions>
      </trkpt>
      <trkpt lat="34.712130" lon="-117.132461">
        <extensions>
          <leadnav:type>Serpentine</leadnav:type>
        </extensions>
      </trkpt>
      <trkpt lat="34.712179" lon="-117.132430">
        <extensions>
          <leadnav:type>Serpentine</leadnav:type>
        </extensions>
      </trkpt>
      <trkpt lat="34.712220" lon="-117.132379">
        <extensions>
          <leadnav:type>Serpentine</leadnav:type>
        </extensions>
      </trkpt>
      <trkpt lat="34.712239" lon="-117.132310">
        <extensions>
          <leadnav:type>Serpentine</leadnav:type>
        </extensions>
      </trkpt>
      <trkpt lat="34.712250" lon="-117.132229">
        <extensions>
          <leadnav:type>Serpentine</leadnav:type>
        </extensions>
      </trkpt>
      <trkpt lat="34.712443" lon="-117.131231">
        <extensions>
          <leadnav:type>Serpentine</leadnav:type>
        </extensions>
      </trkpt>
      <trkpt lat="34.712602" lon="-117.130577">
        <extensions>
          <leadnav:type>Serpentine</leadnav:type>
        </extensions>
      </trkpt>
      <trkpt lat="34.712665" lon="-117.130242">
        <extensions>
          <leadnav:type>Serpentine</leadnav:type>
        </extensions>
      </trkpt>
      <trkpt lat="34.712708" lon="-117.129933">
        <extensions>
          <leadnav:type>Serpentine</leadnav:type>
        </extensions>
      </trkpt>
      <trkpt lat="34.712800" lon="-117.129699">
        <extensions>
          <leadnav:type>Serpentine</leadnav:type>
        </extensions>
      </trkpt>
      <trkpt lat="34.712866" lon="-117.129599">
        <extensions>
          <leadnav:type>Serpentine</leadnav:type>
        </extensions>
      </trkpt>
      <trkpt lat="34.712949" lon="-117.129499">
        <extensions>
          <leadnav:type>Serpentine</leadnav:type>
        </extensions>
      </trkpt>
      <trkpt lat="34.713050" lon="-117.129404">
        <extensions>
          <leadnav:type>Serpentine</leadnav:type>
        </extensions>
      </trkpt>
      <trkpt lat="34.713241" lon="-117.129244">
        <extensions>
          <leadnav:type>Serpentine</leadnav:type>
        </extensions>
      </trkpt>
      <trkpt lat="34.713469" lon="-117.129113">
        <extensions>
          <leadnav:type>Serpentine</leadnav:type>
        </extensions>
      </trkpt>
      <trkpt lat="34.713703" lon="-117.128919">
        <extensions>
          <leadnav:type>Serpentine</leadnav:type>
        </extensions>
      </trkpt>
      <trkpt lat="34.713928" lon="-117.128698">
        <extensions>
          <leadnav:type>Serpentine</leadnav:type>
        </extensions>
      </trkpt>
      <trkpt lat="34.714143" lon="-117.128464">
        <extensions>
          <leadnav:type>Serpentine</leadnav:type>
        </extensions>
      </trkpt>
      <trkpt lat="34.714358" lon="-117.128252">
        <extensions>
          <leadnav:type>Serpentine</leadnav:type>
        </extensions>
      </trkpt>
      <trkpt lat="34.714544" lon="-117.128053">
        <extensions>
          <leadnav:type>Serpentine</leadnav:type>
        </extensions>
      </trkpt>
      <trkpt lat="34.714612" lon="-117.127924">
        <extensions>
          <leadnav:type>Serpentine</leadnav:type>
        </extensions>
      </trkpt>
      <trkpt lat="34.714666" lon="-117.127777">
        <extensions>
          <leadnav:type>Serpentine</leadnav:type>
        </extensions>
      </trkpt>
      <trkpt lat="34.714706" lon="-117.127617">
        <extensions>
          <leadnav:type>Serpentine</leadnav:type>
        </extensions>
      </trkpt>
      <trkpt lat="34.714919" lon="-117.127149">
        <extensions>
          <leadnav:type>Serpentine</leadnav:type>
        </extensions>
      </trkpt>
      <trkpt lat="34.715084" lon="-117.126842">
        <extensions>
          <leadnav:type>Serpentine</leadnav:type>
        </extensions>
      </trkpt>
      <trkpt lat="34.715448" lon="-117.126300">
        <extensions>
          <leadnav:type>Serpentine</leadnav:type>
        </extensions>
      </trkpt>
      <trkpt lat="34.715552" lon="-117.126179">
        <extensions>
          <leadnav:type>Serpentine</leadnav:type>
        </extensions>
      </trkpt>
      <trkpt lat="34.715736" lon="-117.125942">
        <extensions>
          <leadnav:type>Serpentine</leadnav:type>
        </extensions>
      </trkpt>
      <trkpt lat="34.715829" lon="-117.125800">
        <extensions>
          <leadnav:type>Serpentine</leadnav:type>
        </extensions>
      </trkpt>
      <trkpt lat="34.716447" lon="-117.124617">
        <extensions>
          <leadnav:type>Serpentine</leadnav:type>
        </extensions>
      </trkpt>
      <trkpt lat="34.716516" lon="-117.124471">
        <extensions>
          <leadnav:type>Serpentine</leadnav:type>
        </extensions>
      </trkpt>
      <trkpt lat="34.716702" lon="-117.123980">
        <extensions>
          <leadnav:type>Serpentine</leadnav:type>
        </extensions>
      </trkpt>
      <trkpt lat="34.716779" lon="-117.123830">
        <extensions>
          <leadnav:type>Serpentine</leadnav:type>
        </extensions>
      </trkpt>
      <trkpt lat="34.716863" lon="-117.123690">
        <extensions>
          <leadnav:type>Serpentine</leadnav:type>
        </extensions>
      </trkpt>
      <trkpt lat="34.716959" lon="-117.123553">
        <extensions>
          <leadnav:type>Serpentine</leadnav:type>
        </extensions>
      </trkpt>
      <trkpt lat="34.717066" lon="-117.123420">
        <extensions>
          <leadnav:type>Serpentine</leadnav:type>
        </extensions>
      </trkpt>
      <trkpt lat="34.717652" lon="-117.122802">
        <extensions>
          <leadnav:type>Serpentine</leadnav:type>
        </extensions>
      </trkpt>
      <trkpt lat="34.717845" lon="-117.122582">
        <extensions>
          <leadnav:type>Serpentine</leadnav:type>
        </extensions>
      </trkpt>
      <trkpt lat="34.718194" lon="-117.122322">
        <extensions>
          <leadnav:type>Serpentine</leadnav:type>
        </extensions>
      </trkpt>
      <trkpt lat="34.718423" lon="-117.122140">
        <extensions>
          <leadnav:type>Serpentine</leadnav:type>
        </extensions>
      </trkpt>
      <trkpt lat="34.718521" lon="-117.122023">
        <extensions>
          <leadnav:type>Serpentine</leadnav:type>
        </extensions>
      </trkpt>
      <trkpt lat="34.718602" lon="-117.121889">
        <extensions>
          <leadnav:type>Serpentine</leadnav:type>
        </extensions>
      </trkpt>
      <trkpt lat="34.718919" lon="-117.121209">
        <extensions>
          <leadnav:type>Serpentine</leadnav:type>
        </extensions>
      </trkpt>
      <trkpt lat="34.719114" lon="-117.120871">
        <extensions>
          <leadnav:type>Serpentine</leadnav:type>
        </extensions>
      </trkpt>
      <trkpt lat="34.719224" lon="-117.120705">
        <extensions>
          <leadnav:type>Serpentine</leadnav:type>
        </extensions>
      </trkpt>
      <trkpt lat="34.719452" lon="-117.120388">
        <extensions>
          <leadnav:type>Serpentine</leadnav:type>
        </extensions>
      </trkpt>
      <trkpt lat="34.719573" lon="-117.120239">
        <extensions>
          <leadnav:type>Serpentine</leadnav:type>
        </extensions>
      </trkpt>
      <trkpt lat="34.719969" lon="-117.119673">
        <extensions>
          <leadnav:type>Serpentine</leadnav:type>
        </extensions>
      </trkpt>
      <trkpt lat="34.720029" lon="-117.119543">
        <extensions>
          <leadnav:type>Serpentine</leadnav:type>
        </extensions>
      </trkpt>
      <trkpt lat="34.720124" lon="-117.119280">
        <extensions>
          <leadnav:type>Serpentine</leadnav:type>
        </extensions>
      </trkpt>
      <trkpt lat="34.720174" lon="-117.119164">
        <extensions>
          <leadnav:type>Serpentine</leadnav:type>
        </extensions>
      </trkpt>
      <trkpt lat="34.720328" lon="-117.119004">
        <extensions>
          <leadnav:type>Serpentine</leadnav:type>
        </extensions>
      </trkpt>
      <trkpt lat="34.720536" lon="-117.118857">
        <extensions>
          <leadnav:type>Serpentine</leadnav:type>
        </extensions>
      </trkpt>
      <trkpt lat="34.720641" lon="-117.118775">
        <extensions>
          <leadnav:type>Serpentine</leadnav:type>
        </extensions>
      </trkpt>
      <trkpt lat="34.720742" lon="-117.118663">
        <extensions>
          <leadnav:type>Serpentine</leadnav:type>
        </extensions>
      </trkpt>
      <trkpt lat="34.720832" lon="-117.118526">
        <extensions>
          <leadnav:type>Serpentine</leadnav:type>
        </extensions>
      </trkpt>
      <trkpt lat="34.721252" lon="-117.117844">
        <extensions>
          <leadnav:type>Serpentine</leadnav:type>
        </extensions>
      </trkpt>
      <trkpt lat="34.721391" lon="-117.117659">
        <extensions>
          <leadnav:type>Serpentine</leadnav:type>
        </extensions>
      </trkpt>
      <trkpt lat="34.721532" lon="-117.117486">
        <extensions>
          <leadnav:type>Serpentine</leadnav:type>
        </extensions>
      </trkpt>
      <trkpt lat="34.721604" lon="-117.117383">
        <extensions>
          <leadnav:type>Serpentine</leadnav:type>
        </extensions>
      </trkpt>
      <trkpt lat="34.721712" lon="-117.117157">
        <extensions>
          <leadnav:type>Serpentine</leadnav:type>
        </extensions>
      </trkpt>
      <trkpt lat="34.721765" lon="-117.117038">
        <extensions>
          <leadnav:type>Serpentine</leadnav:type>
        </extensions>
      </trkpt>
      <trkpt lat="34.721827" lon="-117.116908">
        <extensions>
          <leadnav:type>Serpentine</leadnav:type>
        </extensions>
      </trkpt>
      <trkpt lat="34.721889" lon="-117.116792">
        <extensions>
          <leadnav:type>Serpentine</leadnav:type>
        </extensions>
      </trkpt>
      <trkpt lat="34.721973" lon="-117.116676">
        <extensions>
          <leadnav:type>Serpentine</leadnav:type>
        </extensions>
      </trkpt>
      <trkpt lat="34.722056" lon="-117.116570">
        <extensions>
          <leadnav:type>Serpentine</leadnav:type>
        </extensions>
      </trkpt>
      <trkpt lat="34.722208" lon="-117.116360">
        <extensions>
          <leadnav:type>Serpentine</leadnav:type>
        </extensions>
      </trkpt>
      <trkpt lat="34.722245" lon="-117.116222">
        <extensions>
          <leadnav:type>Serpentine</leadnav:type>
        </extensions>
      </trkpt>
      <trkpt lat="34.722274" lon="-117.116074">
        <extensions>
          <leadnav:type>Serpentine</leadnav:type>
        </extensions>
      </trkpt>
      <trkpt lat="34.722359" lon="-117.115737">
        <extensions>
          <leadnav:type>Serpentine</leadnav:type>
        </extensions>
      </trkpt>
      <trkpt lat="34.722496" lon="-117.115053">
        <extensions>
          <leadnav:type>Serpentine</leadnav:type>
        </extensions>
      </trkpt>
      <trkpt lat="34.722553" lon="-117.114821">
        <extensions>
          <leadnav:type>Serpentine</leadnav:type>
        </extensions>
      </trkpt>
      <trkpt lat="34.722563" lon="-117.114769">
        <extensions>
          <leadnav:type>Serpentine</leadnav:type>
        </extensions>
      </trkpt>
      <trkpt lat="34.722573" lon="-117.114723">
        <extensions>
          <leadnav:type>Serpentine</leadnav:type>
        </extensions>
      </trkpt>
      <trkpt lat="34.722582" lon="-117.114688">
        <extensions>
          <leadnav:type>Serpentine</leadnav:type>
        </extensions>
      </trkpt>
      <trkpt lat="34.722590" lon="-117.114648">
        <extensions>
          <leadnav:type>Serpentine</leadnav:type>
        </extensions>
      </trkpt>
      <trkpt lat="34.722655" lon="-117.114366">
        <extensions>
          <leadnav:type>Serpentine</leadnav:type>
        </extensions>
      </trkpt>
      <trkpt lat="34.722680" lon="-117.114235">
        <extensions>
          <leadnav:type>Serpentine</leadnav:type>
        </extensions>
      </trkpt>
      <trkpt lat="34.722712" lon="-117.114101">
        <extensions>
          <leadnav:type>Serpentine</leadnav:type>
        </extensions>
      </trkpt>
      <trkpt lat="34.722872" lon="-117.113137">
        <extensions>
          <leadnav:type>Serpentine</leadnav:type>
        </extensions>
      </trkpt>
      <trkpt lat="34.722906" lon="-117.112643">
        <extensions>
          <leadnav:type>Serpentine</leadnav:type>
        </extensions>
      </trkpt>
      <trkpt lat="34.722936" lon="-117.112501">
        <extensions>
          <leadnav:type>Serpentine</leadnav:type>
        </extensions>
      </trkpt>
      <trkpt lat="34.722973" lon="-117.112184">
        <extensions>
          <leadnav:type>Serpentine</leadnav:type>
        </extensions>
      </trkpt>
      <trkpt lat="34.723018" lon="-117.111931">
        <extensions>
          <leadnav:type>Serpentine</leadnav:type>
        </extensions>
      </trkpt>
      <trkpt lat="34.723052" lon="-117.111845">
        <extensions>
          <leadnav:type>Serpentine</leadnav:type>
        </extensions>
      </trkpt>
      <trkpt lat="34.723104" lon="-117.111761">
        <extensions>
          <leadnav:type>Serpentine</leadnav:type>
        </extensions>
      </trkpt>
      <trkpt lat="34.723269" lon="-117.111629">
        <extensions>
          <leadnav:type>Serpentine</leadnav:type>
        </extensions>
      </trkpt>
      <trkpt lat="34.723363" lon="-117.111576">
        <extensions>
          <leadnav:type>Serpentine</leadnav:type>
        </extensions>
      </trkpt>
      <trkpt lat="34.723460" lon="-117.111527">
        <extensions>
          <leadnav:type>Serpentine</leadnav:type>
        </extensions>
      </trkpt>
      <trkpt lat="34.723545" lon="-117.111480">
        <extensions>
          <leadnav:type>Serpentine</leadnav:type>
        </extensions>
      </trkpt>
      <trkpt lat="34.723676" lon="-117.111377">
        <extensions>
          <leadnav:type>Serpentine</leadnav:type>
        </extensions>
      </trkpt>
      <trkpt lat="34.723744" lon="-117.111224">
        <extensions>
          <leadnav:type>Serpentine</leadnav:type>
        </extensions>
      </trkpt>
      <trkpt lat="34.723763" lon="-117.111140">
        <extensions>
          <leadnav:type>Serpentine</leadnav:type>
        </extensions>
      </trkpt>
      <trkpt lat="34.723773" lon="-117.111058">
        <extensions>
          <leadnav:type>Serpentine</leadnav:type>
        </extensions>
      </trkpt>
      <trkpt lat="34.723795" lon="-117.110986">
        <extensions>
          <leadnav:type>Serpentine</leadnav:type>
        </extensions>
      </trkpt>
      <trkpt lat="34.723835" lon="-117.110928">
        <extensions>
          <leadnav:type>Serpentine</leadnav:type>
        </extensions>
      </trkpt>
      <trkpt lat="34.723882" lon="-117.110885">
        <extensions>
          <leadnav:type>Serpentine</leadnav:type>
        </extensions>
      </trkpt>
      <trkpt lat="34.724005" lon="-117.110854">
        <extensions>
          <leadnav:type>Serpentine</leadnav:type>
        </extensions>
      </trkpt>
      <trkpt lat="34.724065" lon="-117.110852">
        <extensions>
          <leadnav:type>Serpentine</leadnav:type>
        </extensions>
      </trkpt>
      <trkpt lat="34.724132" lon="-117.110854">
        <extensions>
          <leadnav:type>Serpentine</leadnav:type>
        </extensions>
      </trkpt>
      <trkpt lat="34.724200" lon="-117.110860">
        <extensions>
          <leadnav:type>Serpentine</leadnav:type>
        </extensions>
      </trkpt>
      <trkpt lat="34.724265" lon="-117.110878">
        <extensions>
          <leadnav:type>Serpentine</leadnav:type>
        </extensions>
      </trkpt>
      <trkpt lat="34.724331" lon="-117.110903">
        <extensions>
          <leadnav:type>Serpentine</leadnav:type>
        </extensions>
      </trkpt>
      <trkpt lat="34.724507" lon="-117.110980">
        <extensions>
          <leadnav:type>Serpentine</leadnav:type>
        </extensions>
      </trkpt>
      <trkpt lat="34.724567" lon="-117.111001">
        <extensions>
          <leadnav:type>Serpentine</leadnav:type>
        </extensions>
      </trkpt>
      <trkpt lat="34.724635" lon="-117.111019">
        <extensions>
          <leadnav:type>Serpentine</leadnav:type>
        </extensions>
      </trkpt>
      <trkpt lat="34.724695" lon="-117.111044">
        <extensions>
          <leadnav:type>Serpentine</leadnav:type>
        </extensions>
      </trkpt>
      <trkpt lat="34.724749" lon="-117.111076">
        <extensions>
          <leadnav:type>Serpentine</leadnav:type>
        </extensions>
      </trkpt>
      <trkpt lat="34.724806" lon="-117.111101">
        <extensions>
          <leadnav:type>Serpentine</leadnav:type>
        </extensions>
      </trkpt>
      <trkpt lat="34.724870" lon="-117.111117">
        <extensions>
          <leadnav:type>Serpentine</leadnav:type>
        </extensions>
      </trkpt>
      <trkpt lat="34.725074" lon="-117.111219">
        <extensions>
          <leadnav:type>Serpentine</leadnav:type>
        </extensions>
      </trkpt>
      <trkpt lat="34.725161" lon="-117.111249">
        <extensions>
          <leadnav:type>Serpentine</leadnav:type>
        </extensions>
      </trkpt>
      <trkpt lat="34.725248" lon="-117.111260">
        <extensions>
          <leadnav:type>Serpentine</leadnav:type>
        </extensions>
      </trkpt>
      <trkpt lat="34.725310" lon="-117.111254">
        <extensions>
          <leadnav:type>Serpentine</leadnav:type>
        </extensions>
      </trkpt>
      <trkpt lat="34.725350" lon="-117.111228">
        <extensions>
          <leadnav:type>Serpentine</leadnav:type>
        </extensions>
      </trkpt>
      <trkpt lat="34.725374" lon="-117.111189">
        <extensions>
          <leadnav:type>Serpentine</leadnav:type>
        </extensions>
      </trkpt>
      <trkpt lat="34.725387" lon="-117.111147">
        <extensions>
          <leadnav:type>Serpentine</leadnav:type>
        </extensions>
      </trkpt>
      <trkpt lat="34.725398" lon="-117.111099">
        <extensions>
          <leadnav:type>Serpentine</leadnav:type>
        </extensions>
      </trkpt>
      <trkpt lat="34.725495" lon="-117.110764">
        <extensions>
          <leadnav:type>Serpentine</leadnav:type>
        </extensions>
      </trkpt>
      <trkpt lat="34.725636" lon="-117.110628">
        <extensions>
          <leadnav:type>Serpentine</leadnav:type>
        </extensions>
      </trkpt>
      <trkpt lat="34.725719" lon="-117.110584">
        <extensions>
          <leadnav:type>Serpentine</leadnav:type>
        </extensions>
      </trkpt>
      <trkpt lat="34.725918" lon="-117.110572">
        <extensions>
          <leadnav:type>Serpentine</leadnav:type>
        </extensions>
      </trkpt>
      <trkpt lat="34.726223" lon="-117.110630">
        <extensions>
          <leadnav:type>Serpentine</leadnav:type>
        </extensions>
      </trkpt>
      <trkpt lat="34.726396" lon="-117.110717">
        <extensions>
          <leadnav:type>Serpentine</leadnav:type>
        </extensions>
      </trkpt>
      <trkpt lat="34.726485" lon="-117.110776">
        <extensions>
          <leadnav:type>Serpentine</leadnav:type>
        </extensions>
      </trkpt>
      <trkpt lat="34.726572" lon="-117.110856">
        <extensions>
          <leadnav:type>Serpentine</leadnav:type>
        </extensions>
      </trkpt>
      <trkpt lat="34.726789" lon="-117.111088">
        <extensions>
          <leadnav:type>Serpentine</leadnav:type>
        </extensions>
      </trkpt>
      <trkpt lat="34.726906" lon="-117.111240">
        <extensions>
          <leadnav:type>Serpentine</leadnav:type>
        </extensions>
      </trkpt>
      <trkpt lat="34.726957" lon="-117.111327">
        <extensions>
          <leadnav:type>Serpentine</leadnav:type>
        </extensions>
      </trkpt>
      <trkpt lat="34.727053" lon="-117.111512">
        <extensions>
          <leadnav:type>Serpentine</leadnav:type>
        </extensions>
      </trkpt>
      <trkpt lat="34.727084" lon="-117.111606">
        <extensions>
          <leadnav:type>Serpentine</leadnav:type>
        </extensions>
      </trkpt>
      <trkpt lat="34.727109" lon="-117.111697">
        <extensions>
          <leadnav:type>Serpentine</leadnav:type>
        </extensions>
      </trkpt>
      <trkpt lat="34.727157" lon="-117.111769">
        <extensions>
          <leadnav:type>Serpentine</leadnav:type>
        </extensions>
      </trkpt>
      <trkpt lat="34.727208" lon="-117.111823">
        <extensions>
          <leadnav:type>Serpentine</leadnav:type>
        </extensions>
      </trkpt>
      <trkpt lat="34.727287" lon="-117.111872">
        <extensions>
          <leadnav:type>Serpentine</leadnav:type>
        </extensions>
      </trkpt>
      <trkpt lat="34.727371" lon="-117.111890">
        <extensions>
          <leadnav:type>Serpentine</leadnav:type>
        </extensions>
      </trkpt>
      <trkpt lat="34.727474" lon="-117.111906">
        <extensions>
          <leadnav:type>Serpentine</leadnav:type>
        </extensions>
      </trkpt>
      <trkpt lat="34.727569" lon="-117.111915">
        <extensions>
          <leadnav:type>Serpentine</leadnav:type>
        </extensions>
      </trkpt>
      <trkpt lat="34.727854" lon="-117.111986">
        <extensions>
          <leadnav:type>Serpentine</leadnav:type>
        </extensions>
      </trkpt>
      <trkpt lat="34.727919" lon="-117.111988">
        <extensions>
          <leadnav:type>Serpentine</leadnav:type>
        </extensions>
      </trkpt>
      <trkpt lat="34.728000" lon="-117.111969">
        <extensions>
          <leadnav:type>Serpentine</leadnav:type>
        </extensions>
      </trkpt>
      <trkpt lat="34.728078" lon="-117.111926">
        <extensions>
          <leadnav:type>Serpentine</leadnav:type>
        </extensions>
      </trkpt>
      <trkpt lat="34.728149" lon="-117.111864">
        <extensions>
          <leadnav:type>Serpentine</leadnav:type>
        </extensions>
      </trkpt>
      <trkpt lat="34.728204" lon="-117.111778">
        <extensions>
          <leadnav:type>Serpentine</leadnav:type>
        </extensions>
      </trkpt>
      <trkpt lat="34.728243" lon="-117.111690">
        <extensions>
          <leadnav:type>Serpentine</leadnav:type>
        </extensions>
      </trkpt>
      <trkpt lat="34.728270" lon="-117.111594">
        <extensions>
          <leadnav:type>Serpentine</leadnav:type>
        </extensions>
      </trkpt>
      <trkpt lat="34.728282" lon="-117.111504">
        <extensions>
          <leadnav:type>Serpentine</leadnav:type>
        </extensions>
      </trkpt>
      <trkpt lat="34.728274" lon="-117.111411">
        <extensions>
          <leadnav:type>Serpentine</leadnav:type>
        </extensions>
      </trkpt>
      <trkpt lat="34.728255" lon="-117.111331">
        <extensions>
          <leadnav:type>Serpentine</leadnav:type>
        </extensions>
      </trkpt>
      <trkpt lat="34.728224" lon="-117.111258">
        <extensions>
          <leadnav:type>Serpentine</leadnav:type>
        </extensions>
      </trkpt>
      <trkpt lat="34.728203" lon="-117.111182">
        <extensions>
          <leadnav:type>Serpentine</leadnav:type>
        </extensions>
      </trkpt>
      <trkpt lat="34.728202" lon="-117.111108">
        <extensions>
          <leadnav:type>Serpentine</leadnav:type>
        </extensions>
      </trkpt>
      <trkpt lat="34.728243" lon="-117.110704">
        <extensions>
          <leadnav:type>Serpentine</leadnav:type>
        </extensions>
      </trkpt>
      <trkpt lat="34.728287" lon="-117.110615">
        <extensions>
          <leadnav:type>Serpentine</leadnav:type>
        </extensions>
      </trkpt>
      <trkpt lat="34.728416" lon="-117.110507">
        <extensions>
          <leadnav:type>Serpentine</leadnav:type>
        </extensions>
      </trkpt>
      <trkpt lat="34.728500" lon="-117.110480">
        <extensions>
          <leadnav:type>Serpentine</leadnav:type>
        </extensions>
      </trkpt>
      <trkpt lat="34.728589" lon="-117.110448">
        <extensions>
          <leadnav:type>Serpentine</leadnav:type>
        </extensions>
      </trkpt>
      <trkpt lat="34.728756" lon="-117.110305">
        <extensions>
          <leadnav:type>Serpentine</leadnav:type>
        </extensions>
      </trkpt>
      <trkpt lat="34.728836" lon="-117.110214">
        <extensions>
          <leadnav:type>Serpentine</leadnav:type>
        </extensions>
      </trkpt>
      <trkpt lat="34.729055" lon="-117.109931">
        <extensions>
          <leadnav:type>Serpentine</leadnav:type>
        </extensions>
      </trkpt>
      <trkpt lat="34.729103" lon="-117.109849">
        <extensions>
          <leadnav:type>Serpentine</leadnav:type>
        </extensions>
      </trkpt>
      <trkpt lat="34.729150" lon="-117.109775">
        <extensions>
          <leadnav:type>Serpentine</leadnav:type>
        </extensions>
      </trkpt>
      <trkpt lat="34.729204" lon="-117.109579">
        <extensions>
          <leadnav:type>Serpentine</leadnav:type>
        </extensions>
      </trkpt>
      <trkpt lat="34.729197" lon="-117.109471">
        <extensions>
          <leadnav:type>Serpentine</leadnav:type>
        </extensions>
      </trkpt>
      <trkpt lat="34.729171" lon="-117.109381">
        <extensions>
          <leadnav:type>Serpentine</leadnav:type>
        </extensions>
      </trkpt>
      <trkpt lat="34.729143" lon="-117.109303">
        <extensions>
          <leadnav:type>Serpentine</leadnav:type>
        </extensions>
      </trkpt>
      <trkpt lat="34.729117" lon="-117.109217">
        <extensions>
          <leadnav:type>Serpentine</leadnav:type>
        </extensions>
      </trkpt>
      <trkpt lat="34.729069" lon="-117.109044">
        <extensions>
          <leadnav:type>Serpentine</leadnav:type>
        </extensions>
      </trkpt>
      <trkpt lat="34.729038" lon="-117.108885">
        <extensions>
          <leadnav:type>Serpentine</leadnav:type>
        </extensions>
      </trkpt>
      <trkpt lat="34.729018" lon="-117.108801">
        <extensions>
          <leadnav:type>Serpentine</leadnav:type>
        </extensions>
      </trkpt>
      <trkpt lat="34.729003" lon="-117.108719">
        <extensions>
          <leadnav:type>Serpentine</leadnav:type>
        </extensions>
      </trkpt>
      <trkpt lat="34.728980" lon="-117.108631">
        <extensions>
          <leadnav:type>Serpentine</leadnav:type>
        </extensions>
      </trkpt>
      <trkpt lat="34.728950" lon="-117.108544">
        <extensions>
          <leadnav:type>Serpentine</leadnav:type>
        </extensions>
      </trkpt>
      <trkpt lat="34.728909" lon="-117.108458">
        <extensions>
          <leadnav:type>Serpentine</leadnav:type>
        </extensions>
      </trkpt>
      <trkpt lat="34.728869" lon="-117.108383">
        <extensions>
          <leadnav:type>Serpentine</leadnav:type>
        </extensions>
      </trkpt>
      <trkpt lat="34.728845" lon="-117.108295">
        <extensions>
          <leadnav:type>Serpentine</leadnav:type>
        </extensions>
      </trkpt>
      <trkpt lat="34.728823" lon="-117.108221">
        <extensions>
          <leadnav:type>Serpentine</leadnav:type>
        </extensions>
      </trkpt>
      <trkpt lat="34.728791" lon="-117.108152">
        <extensions>
          <leadnav:type>Serpentine</leadnav:type>
        </extensions>
      </trkpt>
      <trkpt lat="34.728740" lon="-117.108010">
        <extensions>
          <leadnav:type>Serpentine</leadnav:type>
        </extensions>
      </trkpt>
      <trkpt lat="34.728692" lon="-117.107942">
        <extensions>
          <leadnav:type>Serpentine</leadnav:type>
        </extensions>
      </trkpt>
      <trkpt lat="34.728612" lon="-117.107801">
        <extensions>
          <leadnav:type>Serpentine</leadnav:type>
        </extensions>
      </trkpt>
      <trkpt lat="34.728581" lon="-117.107736">
        <extensions>
          <leadnav:type>Serpentine</leadnav:type>
        </extensions>
      </trkpt>
      <trkpt lat="34.728573" lon="-117.107663">
        <extensions>
          <leadnav:type>Serpentine</leadnav:type>
        </extensions>
      </trkpt>
      <trkpt lat="34.728582" lon="-117.107581">
        <extensions>
          <leadnav:type>Serpentine</leadnav:type>
        </extensions>
      </trkpt>
      <trkpt lat="34.728613" lon="-117.107490">
        <extensions>
          <leadnav:type>Serpentine</leadnav:type>
        </extensions>
      </trkpt>
      <trkpt lat="34.728719" lon="-117.107326">
        <extensions>
          <leadnav:type>Serpentine</leadnav:type>
        </extensions>
      </trkpt>
      <trkpt lat="34.728880" lon="-117.107165">
        <extensions>
          <leadnav:type>Serpentine</leadnav:type>
        </extensions>
      </trkpt>
      <trkpt lat="34.728954" lon="-117.107102">
        <extensions>
          <leadnav:type>Serpentine</leadnav:type>
        </extensions>
      </trkpt>
      <trkpt lat="34.729042" lon="-117.107066">
        <extensions>
          <leadnav:type>Serpentine</leadnav:type>
        </extensions>
      </trkpt>
      <trkpt lat="34.729124" lon="-117.107022">
        <extensions>
          <leadnav:type>Serpentine</leadnav:type>
        </extensions>
      </trkpt>
      <trkpt lat="34.729394" lon="-117.106912">
        <extensions>
          <leadnav:type>Serpentine</leadnav:type>
        </extensions>
      </trkpt>
      <trkpt lat="34.729495" lon="-117.106866">
        <extensions>
          <leadnav:type>Serpentine</leadnav:type>
        </extensions>
      </trkpt>
      <trkpt lat="34.729725" lon="-117.106804">
        <extensions>
          <leadnav:type>Serpentine</leadnav:type>
        </extensions>
      </trkpt>
      <trkpt lat="34.729840" lon="-117.106791">
        <extensions>
          <leadnav:type>Serpentine</leadnav:type>
        </extensions>
      </trkpt>
      <trkpt lat="34.730007" lon="-117.106757">
        <extensions>
          <leadnav:type>Serpentine</leadnav:type>
        </extensions>
      </trkpt>
      <trkpt lat="34.730091" lon="-117.106762">
        <extensions>
          <leadnav:type>Serpentine</leadnav:type>
        </extensions>
      </trkpt>
      <trkpt lat="34.730180" lon="-117.106757">
        <extensions>
          <leadnav:type>Serpentine</leadnav:type>
        </extensions>
      </trkpt>
      <trkpt lat="34.730364" lon="-117.106709">
        <extensions>
          <leadnav:type>Serpentine</leadnav:type>
        </extensions>
      </trkpt>
      <trkpt lat="34.730454" lon="-117.106675">
        <extensions>
          <leadnav:type>Serpentine</leadnav:type>
        </extensions>
      </trkpt>
      <trkpt lat="34.730540" lon="-117.106623">
        <extensions>
          <leadnav:type>Serpentine</leadnav:type>
        </extensions>
      </trkpt>
      <trkpt lat="34.730626" lon="-117.106558">
        <extensions>
          <leadnav:type>Serpentine</leadnav:type>
        </extensions>
      </trkpt>
      <trkpt lat="34.730790" lon="-117.106361">
        <extensions>
          <leadnav:type>Serpentine</leadnav:type>
        </extensions>
      </trkpt>
      <trkpt lat="34.730871" lon="-117.106249">
        <extensions>
          <leadnav:type>Serpentine</leadnav:type>
        </extensions>
      </trkpt>
      <trkpt lat="34.731209" lon="-117.105740">
        <extensions>
          <leadnav:type>Serpentine</leadnav:type>
        </extensions>
      </trkpt>
      <trkpt lat="34.731284" lon="-117.105611">
        <extensions>
          <leadnav:type>Serpentine</leadnav:type>
        </extensions>
      </trkpt>
      <trkpt lat="34.731358" lon="-117.105495">
        <extensions>
          <leadnav:type>Serpentine</leadnav:type>
        </extensions>
      </trkpt>
      <trkpt lat="34.731562" lon="-117.105101">
        <extensions>
          <leadnav:type>Serpentine</leadnav:type>
        </extensions>
      </trkpt>
      <trkpt lat="34.731609" lon="-117.105022">
        <extensions>
          <leadnav:type>Serpentine</leadnav:type>
        </extensions>
      </trkpt>
      <trkpt lat="34.731793" lon="-117.104798">
        <extensions>
          <leadnav:type>Serpentine</leadnav:type>
        </extensions>
      </trkpt>
      <trkpt lat="34.731872" lon="-117.104651">
        <extensions>
          <leadnav:type>Serpentine</leadnav:type>
        </extensions>
      </trkpt>
      <trkpt lat="34.731885" lon="-117.104595">
        <extensions>
          <leadnav:type>Serpentine</leadnav:type>
        </extensions>
      </trkpt>
      <trkpt lat="34.731885" lon="-117.104528">
        <extensions>
          <leadnav:type>Serpentine</leadnav:type>
        </extensions>
      </trkpt>
      <trkpt lat="34.731830" lon="-117.104395">
        <extensions>
          <leadnav:type>Serpentine</leadnav:type>
        </extensions>
      </trkpt>
      <trkpt lat="34.731800" lon="-117.104343">
        <extensions>
          <leadnav:type>Serpentine</leadnav:type>
        </extensions>
      </trkpt>
      <trkpt lat="34.731759" lon="-117.104293">
        <extensions>
          <leadnav:type>Serpentine</leadnav:type>
        </extensions>
      </trkpt>
      <trkpt lat="34.731708" lon="-117.104254">
        <extensions>
          <leadnav:type>Serpentine</leadnav:type>
        </extensions>
      </trkpt>
      <trkpt lat="34.731635" lon="-117.104218">
        <extensions>
          <leadnav:type>Serpentine</leadnav:type>
        </extensions>
      </trkpt>
      <trkpt lat="34.731562" lon="-117.104188">
        <extensions>
          <leadnav:type>Serpentine</leadnav:type>
        </extensions>
      </trkpt>
      <trkpt lat="34.731493" lon="-117.104154">
        <extensions>
          <leadnav:type>Serpentine</leadnav:type>
        </extensions>
      </trkpt>
      <trkpt lat="34.731432" lon="-117.104108">
        <extensions>
          <leadnav:type>Serpentine</leadnav:type>
        </extensions>
      </trkpt>
      <trkpt lat="34.731362" lon="-117.103990">
        <extensions>
          <leadnav:type>Serpentine</leadnav:type>
        </extensions>
      </trkpt>
      <trkpt lat="34.731280" lon="-117.103832">
        <extensions>
          <leadnav:type>Serpentine</leadnav:type>
        </extensions>
      </trkpt>
      <trkpt lat="34.731239" lon="-117.103742">
        <extensions>
          <leadnav:type>Serpentine</leadnav:type>
        </extensions>
      </trkpt>
      <trkpt lat="34.731194" lon="-117.103651">
        <extensions>
          <leadnav:type>Serpentine</leadnav:type>
        </extensions>
      </trkpt>
      <trkpt lat="34.731142" lon="-117.103569">
        <extensions>
          <leadnav:type>Serpentine</leadnav:type>
        </extensions>
      </trkpt>
      <trkpt lat="34.730903" lon="-117.103148">
        <extensions>
          <leadnav:type>Serpentine</leadnav:type>
        </extensions>
      </trkpt>
      <trkpt lat="34.730853" lon="-117.103072">
        <extensions>
          <leadnav:type>Serpentine</leadnav:type>
        </extensions>
      </trkpt>
      <trkpt lat="34.730791" lon="-117.103002">
        <extensions>
          <leadnav:type>Serpentine</leadnav:type>
        </extensions>
      </trkpt>
      <trkpt lat="34.730739" lon="-117.102931">
        <extensions>
          <leadnav:type>Serpentine</leadnav:type>
        </extensions>
      </trkpt>
      <trkpt lat="34.730689" lon="-117.102853">
        <extensions>
          <leadnav:type>Serpentine</leadnav:type>
        </extensions>
      </trkpt>
      <trkpt lat="34.730650" lon="-117.102770">
        <extensions>
          <leadnav:type>Serpentine</leadnav:type>
        </extensions>
      </trkpt>
      <trkpt lat="34.730626" lon="-117.102684">
        <extensions>
          <leadnav:type>Serpentine</leadnav:type>
        </extensions>
      </trkpt>
      <trkpt lat="34.730592" lon="-117.102612">
        <extensions>
          <leadnav:type>Serpentine</leadnav:type>
        </extensions>
      </trkpt>
      <trkpt lat="34.730550" lon="-117.102553">
        <extensions>
          <leadnav:type>Serpentine</leadnav:type>
        </extensions>
      </trkpt>
      <trkpt lat="34.730510" lon="-117.102505">
        <extensions>
          <leadnav:type>Serpentine</leadnav:type>
        </extensions>
      </trkpt>
      <trkpt lat="34.730460" lon="-117.102450">
        <extensions>
          <leadnav:type>Serpentine</leadnav:type>
        </extensions>
      </trkpt>
      <trkpt lat="34.730388" lon="-117.102237">
        <extensions>
          <leadnav:type>Serpentine</leadnav:type>
        </extensions>
      </trkpt>
      <trkpt lat="34.730373" lon="-117.102148">
        <extensions>
          <leadnav:type>Serpentine</leadnav:type>
        </extensions>
      </trkpt>
      <trkpt lat="34.730367" lon="-117.102063">
        <extensions>
          <leadnav:type>Serpentine</leadnav:type>
        </extensions>
      </trkpt>
      <trkpt lat="34.730390" lon="-117.101774">
        <extensions>
          <leadnav:type>Serpentine</leadnav:type>
        </extensions>
      </trkpt>
      <trkpt lat="34.730459" lon="-117.101436">
        <extensions>
          <leadnav:type>Serpentine</leadnav:type>
        </extensions>
      </trkpt>
      <trkpt lat="34.730490" lon="-117.101382">
        <extensions>
          <leadnav:type>Serpentine</leadnav:type>
        </extensions>
      </trkpt>
      <trkpt lat="34.730517" lon="-117.101350">
        <extensions>
          <leadnav:type>Serpentine</leadnav:type>
        </extensions>
      </trkpt>
      <trkpt lat="34.730545" lon="-117.101315">
        <extensions>
          <leadnav:type>Serpentine</leadnav:type>
        </extensions>
      </trkpt>
      <trkpt lat="34.730563" lon="-117.101270">
        <extensions>
          <leadnav:type>Serpentine</leadnav:type>
        </extensions>
      </trkpt>
      <trkpt lat="34.730573" lon="-117.101215">
        <extensions>
          <leadnav:type>Serpentine</leadnav:type>
        </extensions>
      </trkpt>
      <trkpt lat="34.730613" lon="-117.100936">
        <extensions>
          <leadnav:type>Serpentine</leadnav:type>
        </extensions>
      </trkpt>
      <trkpt lat="34.730613" lon="-117.100860">
        <extensions>
          <leadnav:type>Serpentine</leadnav:type>
        </extensions>
      </trkpt>
      <trkpt lat="34.730601" lon="-117.100782">
        <extensions>
          <leadnav:type>Serpentine</leadnav:type>
        </extensions>
      </trkpt>
      <trkpt lat="34.730575" lon="-117.100703">
        <extensions>
          <leadnav:type>Serpentine</leadnav:type>
        </extensions>
      </trkpt>
      <trkpt lat="34.730500" lon="-117.100642">
        <extensions>
          <leadnav:type>Serpentine</leadnav:type>
        </extensions>
      </trkpt>
      <trkpt lat="34.730362" lon="-117.100540">
        <extensions>
          <leadnav:type>Serpentine</leadnav:type>
        </extensions>
      </trkpt>
      <trkpt lat="34.730315" lon="-117.100514">
        <extensions>
          <leadnav:type>Serpentine</leadnav:type>
        </extensions>
      </trkpt>
      <trkpt lat="34.730279" lon="-117.100496">
        <extensions>
          <leadnav:type>Serpentine</leadnav:type>
        </extensions>
      </trkpt>
      <trkpt lat="34.730155" lon="-117.100448">
        <extensions>
          <leadnav:type>Serpentine</leadnav:type>
        </extensions>
      </trkpt>
      <trkpt lat="34.730129" lon="-117.100415">
        <extensions>
          <leadnav:type>Serpentine</leadnav:type>
        </extensions>
      </trkpt>
      <trkpt lat="34.730112" lon="-117.100385">
        <extensions>
          <leadnav:type>Serpentine</leadnav:type>
        </extensions>
      </trkpt>
      <trkpt lat="34.730092" lon="-117.100343">
        <extensions>
          <leadnav:type>Serpentine</leadnav:type>
        </extensions>
      </trkpt>
      <trkpt lat="34.730089" lon="-117.100305">
        <extensions>
          <leadnav:type>Serpentine</leadnav:type>
        </extensions>
      </trkpt>
      <trkpt lat="34.729992" lon="-117.100093">
        <extensions>
          <leadnav:type>Serpentine</leadnav:type>
        </extensions>
      </trkpt>
      <trkpt lat="34.729983" lon="-117.100026">
        <extensions>
          <leadnav:type>Serpentine</leadnav:type>
        </extensions>
      </trkpt>
      <trkpt lat="34.729952" lon="-117.099927">
        <extensions>
          <leadnav:type>Serpentine</leadnav:type>
        </extensions>
      </trkpt>
      <trkpt lat="34.729942" lon="-117.099874">
        <extensions>
          <leadnav:type>Serpentine</leadnav:type>
        </extensions>
      </trkpt>
      <trkpt lat="34.729936" lon="-117.099768">
        <extensions>
          <leadnav:type>Serpentine</leadnav:type>
        </extensions>
      </trkpt>
      <trkpt lat="34.729920" lon="-117.099640">
        <extensions>
          <leadnav:type>Serpentine</leadnav:type>
        </extensions>
      </trkpt>
      <trkpt lat="34.729887" lon="-117.099571">
        <extensions>
          <leadnav:type>Serpentine</leadnav:type>
        </extensions>
      </trkpt>
      <trkpt lat="34.729862" lon="-117.099503">
        <extensions>
          <leadnav:type>Serpentine</leadnav:type>
        </extensions>
      </trkpt>
      <trkpt lat="34.729837" lon="-117.099442">
        <extensions>
          <leadnav:type>Serpentine</leadnav:type>
        </extensions>
      </trkpt>
      <trkpt lat="34.729814" lon="-117.099381">
        <extensions>
          <leadnav:type>Serpentine</leadnav:type>
        </extensions>
      </trkpt>
      <trkpt lat="34.729753" lon="-117.099287">
        <extensions>
          <leadnav:type>Serpentine</leadnav:type>
        </extensions>
      </trkpt>
      <trkpt lat="34.729721" lon="-117.099256">
        <extensions>
          <leadnav:type>Serpentine</leadnav:type>
        </extensions>
      </trkpt>
      <trkpt lat="34.729696" lon="-117.099224">
        <extensions>
          <leadnav:type>Serpentine</leadnav:type>
        </extensions>
      </trkpt>
      <trkpt lat="34.729645" lon="-117.099147">
        <extensions>
          <leadnav:type>Serpentine</leadnav:type>
        </extensions>
      </trkpt>
      <trkpt lat="34.729626" lon="-117.099105">
        <extensions>
          <leadnav:type>Serpentine</leadnav:type>
        </extensions>
      </trkpt>
      <trkpt lat="34.729613" lon="-117.099059">
        <extensions>
          <leadnav:type>Serpentine</leadnav:type>
        </extensions>
      </trkpt>
      <trkpt lat="34.729595" lon="-117.098956">
        <extensions>
          <leadnav:type>Serpentine</leadnav:type>
        </extensions>
      </trkpt>
      <trkpt lat="34.729586" lon="-117.098912">
        <extensions>
          <leadnav:type>Serpentine</leadnav:type>
        </extensions>
      </trkpt>
      <trkpt lat="34.729575" lon="-117.098868">
        <extensions>
          <leadnav:type>Serpentine</leadnav:type>
        </extensions>
      </trkpt>
      <trkpt lat="34.729559" lon="-117.098824">
        <extensions>
          <leadnav:type>Serpentine</leadnav:type>
        </extensions>
      </trkpt>
      <trkpt lat="34.729539" lon="-117.098784">
        <extensions>
          <leadnav:type>Serpentine</leadnav:type>
        </extensions>
      </trkpt>
      <trkpt lat="34.729519" lon="-117.098735">
        <extensions>
          <leadnav:type>Serpentine</leadnav:type>
        </extensions>
      </trkpt>
      <trkpt lat="34.729501" lon="-117.098605">
        <extensions>
          <leadnav:type>Serpentine</leadnav:type>
        </extensions>
      </trkpt>
      <trkpt lat="34.729472" lon="-117.098570">
        <extensions>
          <leadnav:type>Serpentine</leadnav:type>
        </extensions>
      </trkpt>
      <trkpt lat="34.729426" lon="-117.098541">
        <extensions>
          <leadnav:type>Serpentine</leadnav:type>
        </extensions>
      </trkpt>
      <trkpt lat="34.729392" lon="-117.098528">
        <extensions>
          <leadnav:type>Serpentine</leadnav:type>
        </extensions>
      </trkpt>
      <trkpt lat="34.729322" lon="-117.098496">
        <extensions>
          <leadnav:type>Serpentine</leadnav:type>
        </extensions>
      </trkpt>
      <trkpt lat="34.729283" lon="-117.098473">
        <extensions>
          <leadnav:type>Serpentine</leadnav:type>
        </extensions>
      </trkpt>
      <trkpt lat="34.729243" lon="-117.098446">
        <extensions>
          <leadnav:type>Serpentine</leadnav:type>
        </extensions>
      </trkpt>
      <trkpt lat="34.729006" lon="-117.098253">
        <extensions>
          <leadnav:type>Serpentine</leadnav:type>
        </extensions>
      </trkpt>
      <trkpt lat="34.728977" lon="-117.098207">
        <extensions>
          <leadnav:type>Serpentine</leadnav:type>
        </extensions>
      </trkpt>
      <trkpt lat="34.728935" lon="-117.098166">
        <extensions>
          <leadnav:type>Serpentine</leadnav:type>
        </extensions>
      </trkpt>
      <trkpt lat="34.728863" lon="-117.098085">
        <extensions>
          <leadnav:type>Serpentine</leadnav:type>
        </extensions>
      </trkpt>
      <trkpt lat="34.728830" lon="-117.098054">
        <extensions>
          <leadnav:type>Serpentine</leadnav:type>
        </extensions>
      </trkpt>
      <trkpt lat="34.728747" lon="-117.097939">
        <extensions>
          <leadnav:type>Serpentine</leadnav:type>
        </extensions>
      </trkpt>
      <trkpt lat="34.728691" lon="-117.097850">
        <extensions>
          <leadnav:type>Serpentine</leadnav:type>
        </extensions>
      </trkpt>
      <trkpt lat="34.728617" lon="-117.097762">
        <extensions>
          <leadnav:type>Serpentine</leadnav:type>
        </extensions>
      </trkpt>
      <trkpt lat="34.728573" lon="-117.097729">
        <extensions>
          <leadnav:type>Serpentine</leadnav:type>
        </extensions>
      </trkpt>
      <trkpt lat="34.728527" lon="-117.097710">
        <extensions>
          <leadnav:type>Serpentine</leadnav:type>
        </extensions>
      </trkpt>
      <trkpt lat="34.728446" lon="-117.097719">
        <extensions>
          <leadnav:type>Serpentine</leadnav:type>
        </extensions>
      </trkpt>
      <trkpt lat="34.728414" lon="-117.097742">
        <extensions>
          <leadnav:type>Serpentine</leadnav:type>
        </extensions>
      </trkpt>
      <trkpt lat="34.728387" lon="-117.097770">
        <extensions>
          <leadnav:type>Serpentine</leadnav:type>
        </extensions>
      </trkpt>
      <trkpt lat="34.728357" lon="-117.097797">
        <extensions>
          <leadnav:type>Serpentine</leadnav:type>
        </extensions>
      </trkpt>
      <trkpt lat="34.728320" lon="-117.097820">
        <extensions>
          <leadnav:type>Serpentine</leadnav:type>
        </extensions>
      </trkpt>
      <trkpt lat="34.728279" lon="-117.097839">
        <extensions>
          <leadnav:type>Serpentine</leadnav:type>
        </extensions>
      </trkpt>
      <trkpt lat="34.728235" lon="-117.097849">
        <extensions>
          <leadnav:type>Serpentine</leadnav:type>
        </extensions>
      </trkpt>
      <trkpt lat="34.728184" lon="-117.097823">
        <extensions>
          <leadnav:type>Serpentine</leadnav:type>
        </extensions>
      </trkpt>
      <trkpt lat="34.728133" lon="-117.097791">
        <extensions>
          <leadnav:type>Serpentine</leadnav:type>
        </extensions>
      </trkpt>
      <trkpt lat="34.728060" lon="-117.097712">
        <extensions>
          <leadnav:type>Serpentine</leadnav:type>
        </extensions>
      </trkpt>
      <trkpt lat="34.728032" lon="-117.097676">
        <extensions>
          <leadnav:type>Serpentine</leadnav:type>
        </extensions>
      </trkpt>
      <trkpt lat="34.728005" lon="-117.097632">
        <extensions>
          <leadnav:type>Serpentine</leadnav:type>
        </extensions>
      </trkpt>
      <trkpt lat="34.727980" lon="-117.097582">
        <extensions>
          <leadnav:type>Serpentine</leadnav:type>
        </extensions>
      </trkpt>
      <trkpt lat="34.727957" lon="-117.097526">
        <extensions>
          <leadnav:type>Serpentine</leadnav:type>
        </extensions>
      </trkpt>
      <trkpt lat="34.727940" lon="-117.097472">
        <extensions>
          <leadnav:type>Serpentine</leadnav:type>
        </extensions>
      </trkpt>
      <trkpt lat="34.727911" lon="-117.097309">
        <extensions>
          <leadnav:type>Serpentine</leadnav:type>
        </extensions>
      </trkpt>
      <trkpt lat="34.727894" lon="-117.097192">
        <extensions>
          <leadnav:type>Serpentine</leadnav:type>
        </extensions>
      </trkpt>
      <trkpt lat="34.727887" lon="-117.097132">
        <extensions>
          <leadnav:type>Serpentine</leadnav:type>
        </extensions>
      </trkpt>
      <trkpt lat="34.727878" lon="-117.097074">
        <extensions>
          <leadnav:type>Serpentine</leadnav:type>
        </extensions>
      </trkpt>
      <trkpt lat="34.727864" lon="-117.097017">
        <extensions>
          <leadnav:type>Serpentine</leadnav:type>
        </extensions>
      </trkpt>
      <trkpt lat="34.727819" lon="-117.096899">
        <extensions>
          <leadnav:type>Serpentine</leadnav:type>
        </extensions>
      </trkpt>
      <trkpt lat="34.727796" lon="-117.096834">
        <extensions>
          <leadnav:type>Serpentine</leadnav:type>
        </extensions>
      </trkpt>
      <trkpt lat="34.727777" lon="-117.096760">
        <extensions>
          <leadnav:type>Serpentine</leadnav:type>
        </extensions>
      </trkpt>
      <trkpt lat="34.727768" lon="-117.096682">
        <extensions>
          <leadnav:type>Serpentine</leadnav:type>
        </extensions>
      </trkpt>
      <trkpt lat="34.727775" lon="-117.096598">
        <extensions>
          <leadnav:type>Serpentine</leadnav:type>
        </extensions>
      </trkpt>
      <trkpt lat="34.727873" lon="-117.096404">
        <extensions>
          <leadnav:type>Serpentine</leadnav:type>
        </extensions>
      </trkpt>
      <trkpt lat="34.727933" lon="-117.096213">
        <extensions>
          <leadnav:type>Serpentine</leadnav:type>
        </extensions>
      </trkpt>
      <trkpt lat="34.727977" lon="-117.095794">
        <extensions>
          <leadnav:type>Serpentine</leadnav:type>
        </extensions>
      </trkpt>
      <trkpt lat="34.728039" lon="-117.095471">
        <extensions>
          <leadnav:type>Serpentine</leadnav:type>
        </extensions>
      </trkpt>
      <trkpt lat="34.728034" lon="-117.095405">
        <extensions>
          <leadnav:type>Serpentine</leadnav:type>
        </extensions>
      </trkpt>
      <trkpt lat="34.728022" lon="-117.095340">
        <extensions>
          <leadnav:type>Serpentine</leadnav:type>
        </extensions>
      </trkpt>
      <trkpt lat="34.727994" lon="-117.095274">
        <extensions>
          <leadnav:type>Serpentine</leadnav:type>
        </extensions>
      </trkpt>
      <trkpt lat="34.727786" lon="-117.095016">
        <extensions>
          <leadnav:type>Serpentine</leadnav:type>
        </extensions>
      </trkpt>
      <trkpt lat="34.727739" lon="-117.094933">
        <extensions>
          <leadnav:type>Serpentine</leadnav:type>
        </extensions>
      </trkpt>
      <trkpt lat="34.727687" lon="-117.094732">
        <extensions>
          <leadnav:type>Serpentine</leadnav:type>
        </extensions>
      </trkpt>
      <trkpt lat="34.727693" lon="-117.094630">
        <extensions>
          <leadnav:type>Serpentine</leadnav:type>
        </extensions>
      </trkpt>
      <trkpt lat="34.727725" lon="-117.094540">
        <extensions>
          <leadnav:type>Serpentine</leadnav:type>
        </extensions>
      </trkpt>
      <trkpt lat="34.727764" lon="-117.094460">
        <extensions>
          <leadnav:type>Serpentine</leadnav:type>
        </extensions>
      </trkpt>
      <trkpt lat="34.727875" lon="-117.094195">
        <extensions>
          <leadnav:type>Serpentine</leadnav:type>
        </extensions>
      </trkpt>
      <trkpt lat="34.727878" lon="-117.094112">
        <extensions>
          <leadnav:type>Serpentine</leadnav:type>
        </extensions>
      </trkpt>
      <trkpt lat="34.727872" lon="-117.094033">
        <extensions>
          <leadnav:type>Serpentine</leadnav:type>
        </extensions>
      </trkpt>
      <trkpt lat="34.727855" lon="-117.093946">
        <extensions>
          <leadnav:type>Serpentine</leadnav:type>
        </extensions>
      </trkpt>
      <trkpt lat="34.727804" lon="-117.093549">
        <extensions>
          <leadnav:type>Serpentine</leadnav:type>
        </extensions>
      </trkpt>
      <trkpt lat="34.727808" lon="-117.093453">
        <extensions>
          <leadnav:type>Serpentine</leadnav:type>
        </extensions>
      </trkpt>
      <trkpt lat="34.727833" lon="-117.093255">
        <extensions>
          <leadnav:type>Serpentine</leadnav:type>
        </extensions>
      </trkpt>
      <trkpt lat="34.727839" lon="-117.093065">
        <extensions>
          <leadnav:type>Serpentine</leadnav:type>
        </extensions>
      </trkpt>
      <trkpt lat="34.727832" lon="-117.092855">
        <extensions>
          <leadnav:type>Serpentine</leadnav:type>
        </extensions>
      </trkpt>
      <trkpt lat="34.727816" lon="-117.092753">
        <extensions>
          <leadnav:type>Serpentine</leadnav:type>
        </extensions>
      </trkpt>
      <trkpt lat="34.727795" lon="-117.092650">
        <extensions>
          <leadnav:type>Serpentine</leadnav:type>
        </extensions>
      </trkpt>
      <trkpt lat="34.727753" lon="-117.092402">
        <extensions>
          <leadnav:type>Serpentine</leadnav:type>
        </extensions>
      </trkpt>
      <trkpt lat="34.727750" lon="-117.092353">
        <extensions>
          <leadnav:type>Serpentine</leadnav:type>
        </extensions>
      </trkpt>
      <trkpt lat="34.727748" lon="-117.092142">
        <extensions>
          <leadnav:type>Serpentine</leadnav:type>
        </extensions>
      </trkpt>
      <trkpt lat="34.727742" lon="-117.092074">
        <extensions>
          <leadnav:type>Serpentine</leadnav:type>
        </extensions>
      </trkpt>
      <trkpt lat="34.727730" lon="-117.092001">
        <extensions>
          <leadnav:type>Serpentine</leadnav:type>
        </extensions>
      </trkpt>
      <trkpt lat="34.727686" lon="-117.091854">
        <extensions>
          <leadnav:type>Serpentine</leadnav:type>
        </extensions>
      </trkpt>
      <trkpt lat="34.727663" lon="-117.091787">
        <extensions>
          <leadnav:type>Serpentine</leadnav:type>
        </extensions>
      </trkpt>
      <trkpt lat="34.727647" lon="-117.091721">
        <extensions>
          <leadnav:type>Serpentine</leadnav:type>
        </extensions>
      </trkpt>
      <trkpt lat="34.727651" lon="-117.091664">
        <extensions>
          <leadnav:type>Serpentine</leadnav:type>
        </extensions>
      </trkpt>
      <trkpt lat="34.727648" lon="-117.091588">
        <extensions>
          <leadnav:type>Serpentine</leadnav:type>
        </extensions>
      </trkpt>
      <trkpt lat="34.727661" lon="-117.091511">
        <extensions>
          <leadnav:type>Serpentine</leadnav:type>
        </extensions>
      </trkpt>
      <trkpt lat="34.727664" lon="-117.091431">
        <extensions>
          <leadnav:type>Serpentine</leadnav:type>
        </extensions>
      </trkpt>
      <trkpt lat="34.727647" lon="-117.091273">
        <extensions>
          <leadnav:type>Serpentine</leadnav:type>
        </extensions>
      </trkpt>
      <trkpt lat="34.727630" lon="-117.091185">
        <extensions>
          <leadnav:type>Serpentine</leadnav:type>
        </extensions>
      </trkpt>
      <trkpt lat="34.727617" lon="-117.091088">
        <extensions>
          <leadnav:type>Serpentine</leadnav:type>
        </extensions>
      </trkpt>
      <trkpt lat="34.727618" lon="-117.090998">
        <extensions>
          <leadnav:type>Serpentine</leadnav:type>
        </extensions>
      </trkpt>
      <trkpt lat="34.727607" lon="-117.090818">
        <extensions>
          <leadnav:type>Serpentine</leadnav:type>
        </extensions>
      </trkpt>
      <trkpt lat="34.727607" lon="-117.090657">
        <extensions>
          <leadnav:type>Serpentine</leadnav:type>
        </extensions>
      </trkpt>
      <trkpt lat="34.727588" lon="-117.090493">
        <extensions>
          <leadnav:type>Serpentine</leadnav:type>
        </extensions>
      </trkpt>
      <trkpt lat="34.727607" lon="-117.090447">
        <extensions>
          <leadnav:type>Serpentine</leadnav:type>
        </extensions>
      </trkpt>
      <trkpt lat="34.727616" lon="-117.090381">
        <extensions>
          <leadnav:type>Serpentine</leadnav:type>
        </extensions>
      </trkpt>
      <trkpt lat="34.727632" lon="-117.090310">
        <extensions>
          <leadnav:type>Serpentine</leadnav:type>
        </extensions>
      </trkpt>
      <trkpt lat="34.727719" lon="-117.089844">
        <extensions>
          <leadnav:type>Serpentine</leadnav:type>
        </extensions>
      </trkpt>
      <trkpt lat="34.727733" lon="-117.089734">
        <extensions>
          <leadnav:type>Serpentine</leadnav:type>
        </extensions>
      </trkpt>
      <trkpt lat="34.727735" lon="-117.089630">
        <extensions>
          <leadnav:type>Serpentine</leadnav:type>
        </extensions>
      </trkpt>
      <trkpt lat="34.727722" lon="-117.089525">
        <extensions>
          <leadnav:type>Serpentine</leadnav:type>
        </extensions>
      </trkpt>
      <trkpt lat="34.727730" lon="-117.089438">
        <extensions>
          <leadnav:type>Serpentine</leadnav:type>
        </extensions>
      </trkpt>
      <trkpt lat="34.727728" lon="-117.089347">
        <extensions>
          <leadnav:type>Serpentine</leadnav:type>
        </extensions>
      </trkpt>
      <trkpt lat="34.727728" lon="-117.089260">
        <extensions>
          <leadnav:type>Serpentine</leadnav:type>
        </extensions>
      </trkpt>
      <trkpt lat="34.727731" lon="-117.089167">
        <extensions>
          <leadnav:type>Serpentine</leadnav:type>
        </extensions>
      </trkpt>
      <trkpt lat="34.727725" lon="-117.089067">
        <extensions>
          <leadnav:type>Serpentine</leadnav:type>
        </extensions>
      </trkpt>
      <trkpt lat="34.727728" lon="-117.088958">
        <extensions>
          <leadnav:type>Serpentine</leadnav:type>
        </extensions>
      </trkpt>
      <trkpt lat="34.727760" lon="-117.088726">
        <extensions>
          <leadnav:type>Serpentine</leadnav:type>
        </extensions>
      </trkpt>
      <trkpt lat="34.727786" lon="-117.088620">
        <extensions>
          <leadnav:type>Serpentine</leadnav:type>
        </extensions>
      </trkpt>
      <trkpt lat="34.727818" lon="-117.088515">
        <extensions>
          <leadnav:type>Serpentine</leadnav:type>
        </extensions>
      </trkpt>
      <trkpt lat="34.727897" lon="-117.088300">
        <extensions>
          <leadnav:type>Serpentine</leadnav:type>
        </extensions>
      </trkpt>
      <trkpt lat="34.727930" lon="-117.088182">
        <extensions>
          <leadnav:type>Serpentine</leadnav:type>
        </extensions>
      </trkpt>
      <trkpt lat="34.727965" lon="-117.088070">
        <extensions>
          <leadnav:type>Serpentine</leadnav:type>
        </extensions>
      </trkpt>
      <trkpt lat="34.727994" lon="-117.087960">
        <extensions>
          <leadnav:type>Serpentine</leadnav:type>
        </extensions>
      </trkpt>
      <trkpt lat="34.728067" lon="-117.087754">
        <extensions>
          <leadnav:type>Serpentine</leadnav:type>
        </extensions>
      </trkpt>
      <trkpt lat="34.728106" lon="-117.087547">
        <extensions>
          <leadnav:type>Serpentine</leadnav:type>
        </extensions>
      </trkpt>
      <trkpt lat="34.728113" lon="-117.087450">
        <extensions>
          <leadnav:type>Serpentine</leadnav:type>
        </extensions>
      </trkpt>
      <trkpt lat="34.728136" lon="-117.087378">
        <extensions>
          <leadnav:type>Serpentine</leadnav:type>
        </extensions>
      </trkpt>
      <trkpt lat="34.728164" lon="-117.087305">
        <extensions>
          <leadnav:type>Serpentine</leadnav:type>
        </extensions>
      </trkpt>
      <trkpt lat="34.728201" lon="-117.087243">
        <extensions>
          <leadnav:type>Serpentine</leadnav:type>
        </extensions>
      </trkpt>
      <trkpt lat="34.728232" lon="-117.087160">
        <extensions>
          <leadnav:type>Serpentine</leadnav:type>
        </extensions>
      </trkpt>
      <trkpt lat="34.728306" lon="-117.086984">
        <extensions>
          <leadnav:type>Serpentine</leadnav:type>
        </extensions>
      </trkpt>
      <trkpt lat="34.728397" lon="-117.086717">
        <extensions>
          <leadnav:type>Serpentine</leadnav:type>
        </extensions>
      </trkpt>
      <trkpt lat="34.728437" lon="-117.086642">
        <extensions>
          <leadnav:type>Serpentine</leadnav:type>
        </extensions>
      </trkpt>
      <trkpt lat="34.728480" lon="-117.086568">
        <extensions>
          <leadnav:type>Serpentine</leadnav:type>
        </extensions>
      </trkpt>
      <trkpt lat="34.728528" lon="-117.086500">
        <extensions>
          <leadnav:type>Serpentine</leadnav:type>
        </extensions>
      </trkpt>
      <trkpt lat="34.728653" lon="-117.086400">
        <extensions>
          <leadnav:type>Serpentine</leadnav:type>
        </extensions>
      </trkpt>
      <trkpt lat="34.728724" lon="-117.086360">
        <extensions>
          <leadnav:type>Serpentine</leadnav:type>
        </extensions>
      </trkpt>
      <trkpt lat="34.728797" lon="-117.086306">
        <extensions>
          <leadnav:type>Serpentine</leadnav:type>
        </extensions>
      </trkpt>
      <trkpt lat="34.729000" lon="-117.086186">
        <extensions>
          <leadnav:type>Serpentine</leadnav:type>
        </extensions>
      </trkpt>
      <trkpt lat="34.729055" lon="-117.086162">
        <extensions>
          <leadnav:type>Serpentine</leadnav:type>
        </extensions>
      </trkpt>
      <trkpt lat="34.729121" lon="-117.086124">
        <extensions>
          <leadnav:type>Serpentine</leadnav:type>
        </extensions>
      </trkpt>
      <trkpt lat="34.729182" lon="-117.086079">
        <extensions>
          <leadnav:type>Serpentine</leadnav:type>
        </extensions>
      </trkpt>
      <trkpt lat="34.729237" lon="-117.086035">
        <extensions>
          <leadnav:type>Serpentine</leadnav:type>
        </extensions>
      </trkpt>
      <trkpt lat="34.729298" lon="-117.085981">
        <extensions>
          <leadnav:type>Serpentine</leadnav:type>
        </extensions>
      </trkpt>
      <trkpt lat="34.729428" lon="-117.085875">
        <extensions>
          <leadnav:type>Serpentine</leadnav:type>
        </extensions>
      </trkpt>
      <trkpt lat="34.729584" lon="-117.085714">
        <extensions>
          <leadnav:type>Serpentine</leadnav:type>
        </extensions>
      </trkpt>
      <trkpt lat="34.729670" lon="-117.085597">
        <extensions>
          <leadnav:type>Serpentine</leadnav:type>
        </extensions>
      </trkpt>
      <trkpt lat="34.729699" lon="-117.085541">
        <extensions>
          <leadnav:type>Serpentine</leadnav:type>
        </extensions>
      </trkpt>
      <trkpt lat="34.729720" lon="-117.085482">
        <extensions>
          <leadnav:type>Serpentine</leadnav:type>
        </extensions>
      </trkpt>
      <trkpt lat="34.729745" lon="-117.085417">
        <extensions>
          <leadnav:type>Serpentine</leadnav:type>
        </extensions>
      </trkpt>
      <trkpt lat="34.729779" lon="-117.085342">
        <extensions>
          <leadnav:type>Serpentine</leadnav:type>
        </extensions>
      </trkpt>
      <trkpt lat="34.729819" lon="-117.085292">
        <extensions>
          <leadnav:type>Serpentine</leadnav:type>
        </extensions>
      </trkpt>
      <trkpt lat="34.729873" lon="-117.085263">
        <extensions>
          <leadnav:type>Serpentine</leadnav:type>
        </extensions>
      </trkpt>
      <trkpt lat="34.729928" lon="-117.085261">
        <extensions>
          <leadnav:type>Serpentine</leadnav:type>
        </extensions>
      </trkpt>
      <trkpt lat="34.729980" lon="-117.085253">
        <extensions>
          <leadnav:type>Serpentine</leadnav:type>
        </extensions>
      </trkpt>
      <trkpt lat="34.730033" lon="-117.085242">
        <extensions>
          <leadnav:type>Serpentine</leadnav:type>
        </extensions>
      </trkpt>
      <trkpt lat="34.730083" lon="-117.085238">
        <extensions>
          <leadnav:type>Serpentine</leadnav:type>
        </extensions>
      </trkpt>
      <trkpt lat="34.730130" lon="-117.085240">
        <extensions>
          <leadnav:type>Serpentine</leadnav:type>
        </extensions>
      </trkpt>
      <trkpt lat="34.730181" lon="-117.085246">
        <extensions>
          <leadnav:type>Serpentine</leadnav:type>
        </extensions>
      </trkpt>
      <trkpt lat="34.730300" lon="-117.085224">
        <extensions>
          <leadnav:type>Serpentine</leadnav:type>
        </extensions>
      </trkpt>
      <trkpt lat="34.730354" lon="-117.085206">
        <extensions>
          <leadnav:type>Serpentine</leadnav:type>
        </extensions>
      </trkpt>
      <trkpt lat="34.730405" lon="-117.085187">
        <extensions>
          <leadnav:type>Serpentine</leadnav:type>
        </extensions>
      </trkpt>
      <trkpt lat="34.730452" lon="-117.085159">
        <extensions>
          <leadnav:type>Serpentine</leadnav:type>
        </extensions>
      </trkpt>
      <trkpt lat="34.730518" lon="-117.085086">
        <extensions>
          <leadnav:type>Serpentine</leadnav:type>
        </extensions>
      </trkpt>
      <trkpt lat="34.730546" lon="-117.085036">
        <extensions>
          <leadnav:type>Serpentine</leadnav:type>
        </extensions>
      </trkpt>
      <trkpt lat="34.730621" lon="-117.084868">
        <extensions>
          <leadnav:type>Serpentine</leadnav:type>
        </extensions>
      </trkpt>
      <trkpt lat="34.730658" lon="-117.084793">
        <extensions>
          <leadnav:type>Serpentine</leadnav:type>
        </extensions>
      </trkpt>
      <trkpt lat="34.730746" lon="-117.084677">
        <extensions>
          <leadnav:type>Serpentine</leadnav:type>
        </extensions>
      </trkpt>
      <trkpt lat="34.730794" lon="-117.084619">
        <extensions>
          <leadnav:type>Serpentine</leadnav:type>
        </extensions>
      </trkpt>
      <trkpt lat="34.730847" lon="-117.084545">
        <extensions>
          <leadnav:type>Serpentine</leadnav:type>
        </extensions>
      </trkpt>
      <trkpt lat="34.730897" lon="-117.084487">
        <extensions>
          <leadnav:type>Serpentine</leadnav:type>
        </extensions>
      </trkpt>
      <trkpt lat="34.730951" lon="-117.084429">
        <extensions>
          <leadnav:type>Serpentine</leadnav:type>
        </extensions>
      </trkpt>
      <trkpt lat="34.731090" lon="-117.084249">
        <extensions>
          <leadnav:type>Serpentine</leadnav:type>
        </extensions>
      </trkpt>
      <trkpt lat="34.731189" lon="-117.084130">
        <extensions>
          <leadnav:type>Serpentine</leadnav:type>
        </extensions>
      </trkpt>
      <trkpt lat="34.731227" lon="-117.084070">
        <extensions>
          <leadnav:type>Serpentine</leadnav:type>
        </extensions>
      </trkpt>
      <trkpt lat="34.731400" lon="-117.083854">
        <extensions>
          <leadnav:type>Serpentine</leadnav:type>
        </extensions>
      </trkpt>
      <trkpt lat="34.731487" lon="-117.083729">
        <extensions>
          <leadnav:type>Serpentine</leadnav:type>
        </extensions>
      </trkpt>
      <trkpt lat="34.731516" lon="-117.083655">
        <extensions>
          <leadnav:type>Serpentine</leadnav:type>
        </extensions>
      </trkpt>
      <trkpt lat="34.731528" lon="-117.083570">
        <extensions>
          <leadnav:type>Serpentine</leadnav:type>
        </extensions>
      </trkpt>
      <trkpt lat="34.731528" lon="-117.083477">
        <extensions>
          <leadnav:type>Serpentine</leadnav:type>
        </extensions>
      </trkpt>
      <trkpt lat="34.731534" lon="-117.083392">
        <extensions>
          <leadnav:type>Serpentine</leadnav:type>
        </extensions>
      </trkpt>
      <trkpt lat="34.731543" lon="-117.083316">
        <extensions>
          <leadnav:type>Serpentine</leadnav:type>
        </extensions>
      </trkpt>
      <trkpt lat="34.731579" lon="-117.083150">
        <extensions>
          <leadnav:type>Serpentine</leadnav:type>
        </extensions>
      </trkpt>
      <trkpt lat="34.731606" lon="-117.083044">
        <extensions>
          <leadnav:type>Serpentine</leadnav:type>
        </extensions>
      </trkpt>
      <trkpt lat="34.731637" lon="-117.082933">
        <extensions>
          <leadnav:type>Serpentine</leadnav:type>
        </extensions>
      </trkpt>
      <trkpt lat="34.731674" lon="-117.082824">
        <extensions>
          <leadnav:type>Serpentine</leadnav:type>
        </extensions>
      </trkpt>
      <trkpt lat="34.731705" lon="-117.082718">
        <extensions>
          <leadnav:type>Serpentine</leadnav:type>
        </extensions>
      </trkpt>
      <trkpt lat="34.731743" lon="-117.082358">
        <extensions>
          <leadnav:type>Serpentine</leadnav:type>
        </extensions>
      </trkpt>
      <trkpt lat="34.731789" lon="-117.082172">
        <extensions>
          <leadnav:type>Serpentine</leadnav:type>
        </extensions>
      </trkpt>
      <trkpt lat="34.731851" lon="-117.082023">
        <extensions>
          <leadnav:type>Serpentine</leadnav:type>
        </extensions>
      </trkpt>
      <trkpt lat="34.731886" lon="-117.081952">
        <extensions>
          <leadnav:type>Serpentine</leadnav:type>
        </extensions>
      </trkpt>
      <trkpt lat="34.731968" lon="-117.081817">
        <extensions>
          <leadnav:type>Serpentine</leadnav:type>
        </extensions>
      </trkpt>
      <trkpt lat="34.732017" lon="-117.081743">
        <extensions>
          <leadnav:type>Serpentine</leadnav:type>
        </extensions>
      </trkpt>
      <trkpt lat="34.732119" lon="-117.081579">
        <extensions>
          <leadnav:type>Serpentine</leadnav:type>
        </extensions>
      </trkpt>
      <trkpt lat="34.732306" lon="-117.081312">
        <extensions>
          <leadnav:type>Serpentine</leadnav:type>
        </extensions>
      </trkpt>
      <trkpt lat="34.732443" lon="-117.081127">
        <extensions>
          <leadnav:type>Serpentine</leadnav:type>
        </extensions>
      </trkpt>
      <trkpt lat="34.732507" lon="-117.081033">
        <extensions>
          <leadnav:type>Serpentine</leadnav:type>
        </extensions>
      </trkpt>
      <trkpt lat="34.732656" lon="-117.080838">
        <extensions>
          <leadnav:type>Serpentine</leadnav:type>
        </extensions>
      </trkpt>
      <trkpt lat="34.732726" lon="-117.080734">
        <extensions>
          <leadnav:type>Serpentine</leadnav:type>
        </extensions>
      </trkpt>
      <trkpt lat="34.732790" lon="-117.080624">
        <extensions>
          <leadnav:type>Serpentine</leadnav:type>
        </extensions>
      </trkpt>
      <trkpt lat="34.732861" lon="-117.080517">
        <extensions>
          <leadnav:type>Serpentine</leadnav:type>
        </extensions>
      </trkpt>
      <trkpt lat="34.733156" lon="-117.080003">
        <extensions>
          <leadnav:type>Serpentine</leadnav:type>
        </extensions>
      </trkpt>
      <trkpt lat="34.733416" lon="-117.079610">
        <extensions>
          <leadnav:type>Serpentine</leadnav:type>
        </extensions>
      </trkpt>
      <trkpt lat="34.733508" lon="-117.079482">
        <extensions>
          <leadnav:type>Serpentine</leadnav:type>
        </extensions>
      </trkpt>
      <trkpt lat="34.733687" lon="-117.079269">
        <extensions>
          <leadnav:type>Serpentine</leadnav:type>
        </extensions>
      </trkpt>
      <trkpt lat="34.734399" lon="-117.078263">
        <extensions>
          <leadnav:type>Serpentine</leadnav:type>
        </extensions>
      </trkpt>
      <trkpt lat="34.734536" lon="-117.078085">
        <extensions>
          <leadnav:type>Serpentine</leadnav:type>
        </extensions>
      </trkpt>
      <trkpt lat="34.734991" lon="-117.077434">
        <extensions>
          <leadnav:type>Serpentine</leadnav:type>
        </extensions>
      </trkpt>
      <trkpt lat="34.735139" lon="-117.077193">
        <extensions>
          <leadnav:type>Serpentine</leadnav:type>
        </extensions>
      </trkpt>
      <trkpt lat="34.735218" lon="-117.077087">
        <extensions>
          <leadnav:type>Serpentine</leadnav:type>
        </extensions>
      </trkpt>
      <trkpt lat="34.735480" lon="-117.076647">
        <extensions>
          <leadnav:type>Serpentine</leadnav:type>
        </extensions>
      </trkpt>
      <trkpt lat="34.735768" lon="-117.076087">
        <extensions>
          <leadnav:type>Serpentine</leadnav:type>
        </extensions>
      </trkpt>
      <trkpt lat="34.735912" lon="-117.075831">
        <extensions>
          <leadnav:type>Serpentine</leadnav:type>
        </extensions>
      </trkpt>
      <trkpt lat="34.736005" lon="-117.075720">
        <extensions>
          <leadnav:type>Serpentine</leadnav:type>
        </extensions>
      </trkpt>
      <trkpt lat="34.736127" lon="-117.075545">
        <extensions>
          <leadnav:type>Serpentine</leadnav:type>
        </extensions>
      </trkpt>
      <trkpt lat="34.736406" lon="-117.075014">
        <extensions>
          <leadnav:type>Serpentine</leadnav:type>
        </extensions>
      </trkpt>
      <trkpt lat="34.736542" lon="-117.074777">
        <extensions>
          <leadnav:type>Serpentine</leadnav:type>
        </extensions>
      </trkpt>
      <trkpt lat="34.736744" lon="-117.074390">
        <extensions>
          <leadnav:type>Serpentine</leadnav:type>
        </extensions>
      </trkpt>
      <trkpt lat="34.736858" lon="-117.074209">
        <extensions>
          <leadnav:type>Serpentine</leadnav:type>
        </extensions>
      </trkpt>
      <trkpt lat="34.736936" lon="-117.074058">
        <extensions>
          <leadnav:type>Serpentine</leadnav:type>
        </extensions>
      </trkpt>
      <trkpt lat="34.737038" lon="-117.073886">
        <extensions>
          <leadnav:type>Serpentine</leadnav:type>
        </extensions>
      </trkpt>
      <trkpt lat="34.737248" lon="-117.073581">
        <extensions>
          <leadnav:type>Serpentine</leadnav:type>
        </extensions>
      </trkpt>
      <trkpt lat="34.737322" lon="-117.073467">
        <extensions>
          <leadnav:type>Serpentine</leadnav:type>
        </extensions>
      </trkpt>
      <trkpt lat="34.737444" lon="-117.073319">
        <extensions>
          <leadnav:type>Serpentine</leadnav:type>
        </extensions>
      </trkpt>
      <trkpt lat="34.737553" lon="-117.073171">
        <extensions>
          <leadnav:type>Serpentine</leadnav:type>
        </extensions>
      </trkpt>
      <trkpt lat="34.737630" lon="-117.073081">
        <extensions>
          <leadnav:type>Serpentine</leadnav:type>
        </extensions>
      </trkpt>
      <trkpt lat="34.737707" lon="-117.073000">
        <extensions>
          <leadnav:type>Serpentine</leadnav:type>
        </extensions>
      </trkpt>
      <trkpt lat="34.737739" lon="-117.072984">
        <extensions>
          <leadnav:type>Serpentine</leadnav:type>
        </extensions>
      </trkpt>
      <trkpt lat="34.737790" lon="-117.072956">
        <extensions>
          <leadnav:type>Serpentine</leadnav:type>
        </extensions>
      </trkpt>
      <trkpt lat="34.737816" lon="-117.072938">
        <extensions>
          <leadnav:type>Serpentine</leadnav:type>
        </extensions>
      </trkpt>
      <trkpt lat="34.737952" lon="-117.072853">
        <extensions>
          <leadnav:type>Serpentine</leadnav:type>
        </extensions>
      </trkpt>
      <trkpt lat="34.738139" lon="-117.072715">
        <extensions>
          <leadnav:type>Serpentine</leadnav:type>
        </extensions>
      </trkpt>
      <trkpt lat="34.738185" lon="-117.072667">
        <extensions>
          <leadnav:type>Serpentine</leadnav:type>
        </extensions>
      </trkpt>
      <trkpt lat="34.738229" lon="-117.072626">
        <extensions>
          <leadnav:type>Serpentine</leadnav:type>
        </extensions>
      </trkpt>
      <trkpt lat="34.738286" lon="-117.072580">
        <extensions>
          <leadnav:type>Serpentine</leadnav:type>
        </extensions>
      </trkpt>
      <trkpt lat="34.738341" lon="-117.072531">
        <extensions>
          <leadnav:type>Serpentine</leadnav:type>
        </extensions>
      </trkpt>
      <trkpt lat="34.738466" lon="-117.072405">
        <extensions>
          <leadnav:type>Serpentine</leadnav:type>
        </extensions>
      </trkpt>
      <trkpt lat="34.738531" lon="-117.072344">
        <extensions>
          <leadnav:type>Serpentine</leadnav:type>
        </extensions>
      </trkpt>
      <trkpt lat="34.738597" lon="-117.072300">
        <extensions>
          <leadnav:type>Serpentine</leadnav:type>
        </extensions>
      </trkpt>
      <trkpt lat="34.738658" lon="-117.072242">
        <extensions>
          <leadnav:type>Serpentine</leadnav:type>
        </extensions>
      </trkpt>
      <trkpt lat="34.738727" lon="-117.072168">
        <extensions>
          <leadnav:type>Serpentine</leadnav:type>
        </extensions>
      </trkpt>
      <trkpt lat="34.738954" lon="-117.071953">
        <extensions>
          <leadnav:type>Serpentine</leadnav:type>
        </extensions>
      </trkpt>
      <trkpt lat="34.739408" lon="-117.071461">
        <extensions>
          <leadnav:type>Serpentine</leadnav:type>
        </extensions>
      </trkpt>
      <trkpt lat="34.739553" lon="-117.071287">
        <extensions>
          <leadnav:type>Serpentine</leadnav:type>
        </extensions>
      </trkpt>
      <trkpt lat="34.739591" lon="-117.071253">
        <extensions>
          <leadnav:type>Serpentine</leadnav:type>
        </extensions>
      </trkpt>
      <trkpt lat="34.739681" lon="-117.071164">
        <extensions>
          <leadnav:type>Serpentine</leadnav:type>
        </extensions>
      </trkpt>
      <trkpt lat="34.739703" lon="-117.071135">
        <extensions>
          <leadnav:type>Serpentine</leadnav:type>
        </extensions>
      </trkpt>
      <trkpt lat="34.739731" lon="-117.071101">
        <extensions>
          <leadnav:type>Serpentine</leadnav:type>
        </extensions>
      </trkpt>
      <trkpt lat="34.739767" lon="-117.071061">
        <extensions>
          <leadnav:type>Serpentine</leadnav:type>
        </extensions>
      </trkpt>
      <trkpt lat="34.739876" lon="-117.070970">
        <extensions>
          <leadnav:type>Serpentine</leadnav:type>
        </extensions>
      </trkpt>
      <trkpt lat="34.739946" lon="-117.070924">
        <extensions>
          <leadnav:type>Serpentine</leadnav:type>
        </extensions>
      </trkpt>
      <trkpt lat="34.740099" lon="-117.070833">
        <extensions>
          <leadnav:type>Serpentine</leadnav:type>
        </extensions>
      </trkpt>
      <trkpt lat="34.740171" lon="-117.070802">
        <extensions>
          <leadnav:type>Serpentine</leadnav:type>
        </extensions>
      </trkpt>
      <trkpt lat="34.740244" lon="-117.070765">
        <extensions>
          <leadnav:type>Serpentine</leadnav:type>
        </extensions>
      </trkpt>
      <trkpt lat="34.740469" lon="-117.070686">
        <extensions>
          <leadnav:type>Serpentine</leadnav:type>
        </extensions>
      </trkpt>
      <trkpt lat="34.740531" lon="-117.070652">
        <extensions>
          <leadnav:type>Serpentine</leadnav:type>
        </extensions>
      </trkpt>
      <trkpt lat="34.740782" lon="-117.070537">
        <extensions>
          <leadnav:type>Serpentine</leadnav:type>
        </extensions>
      </trkpt>
      <trkpt lat="34.740832" lon="-117.070508">
        <extensions>
          <leadnav:type>Serpentine</leadnav:type>
        </extensions>
      </trkpt>
      <trkpt lat="34.740882" lon="-117.070488">
        <extensions>
          <leadnav:type>Serpentine</leadnav:type>
        </extensions>
      </trkpt>
      <trkpt lat="34.740928" lon="-117.070466">
        <extensions>
          <leadnav:type>Serpentine</leadnav:type>
        </extensions>
      </trkpt>
      <trkpt lat="34.741039" lon="-117.070424">
        <extensions>
          <leadnav:type>Serpentine</leadnav:type>
        </extensions>
      </trkpt>
      <trkpt lat="34.741090" lon="-117.070410">
        <extensions>
          <leadnav:type>Serpentine</leadnav:type>
        </extensions>
      </trkpt>
      <trkpt lat="34.741121" lon="-117.070398">
        <extensions>
          <leadnav:type>Serpentine</leadnav:type>
        </extensions>
      </trkpt>
      <trkpt lat="34.741153" lon="-117.070382">
        <extensions>
          <leadnav:type>Serpentine</leadnav:type>
        </extensions>
      </trkpt>
      <trkpt lat="34.741176" lon="-117.070339">
        <extensions>
          <leadnav:type>Serpentine</leadnav:type>
        </extensions>
      </trkpt>
      <trkpt lat="34.741177" lon="-117.070306">
        <extensions>
          <leadnav:type>Serpentine</leadnav:type>
        </extensions>
      </trkpt>
      <trkpt lat="34.741164" lon="-117.070263">
        <extensions>
          <leadnav:type>Serpentine</leadnav:type>
        </extensions>
      </trkpt>
      <trkpt lat="34.741143" lon="-117.070218">
        <extensions>
          <leadnav:type>Serpentine</leadnav:type>
        </extensions>
      </trkpt>
      <trkpt lat="34.741054" lon="-117.070059">
        <extensions>
          <leadnav:type>Serpentine</leadnav:type>
        </extensions>
      </trkpt>
      <trkpt lat="34.741024" lon="-117.069990">
        <extensions>
          <leadnav:type>Serpentine</leadnav:type>
        </extensions>
      </trkpt>
      <trkpt lat="34.741003" lon="-117.069935">
        <extensions>
          <leadnav:type>Serpentine</leadnav:type>
        </extensions>
      </trkpt>
      <trkpt lat="34.740991" lon="-117.069884">
        <extensions>
          <leadnav:type>Serpentine</leadnav:type>
        </extensions>
      </trkpt>
      <trkpt lat="34.740959" lon="-117.069831">
        <extensions>
          <leadnav:type>Serpentine</leadnav:type>
        </extensions>
      </trkpt>
      <trkpt lat="34.740832" lon="-117.069434">
        <extensions>
          <leadnav:type>Serpentine</leadnav:type>
        </extensions>
      </trkpt>
      <trkpt lat="34.740806" lon="-117.069367">
        <extensions>
          <leadnav:type>Serpentine</leadnav:type>
        </extensions>
      </trkpt>
      <trkpt lat="34.740790" lon="-117.069292">
        <extensions>
          <leadnav:type>Serpentine</leadnav:type>
        </extensions>
      </trkpt>
      <trkpt lat="34.740790" lon="-117.069211">
        <extensions>
          <leadnav:type>Serpentine</leadnav:type>
        </extensions>
      </trkpt>
      <trkpt lat="34.740808" lon="-117.069136">
        <extensions>
          <leadnav:type>Serpentine</leadnav:type>
        </extensions>
      </trkpt>
      <trkpt lat="34.740877" lon="-117.069074">
        <extensions>
          <leadnav:type>Serpentine</leadnav:type>
        </extensions>
      </trkpt>
      <trkpt lat="34.741009" lon="-117.068877">
        <extensions>
          <leadnav:type>Serpentine</leadnav:type>
        </extensions>
      </trkpt>
      <trkpt lat="34.741069" lon="-117.068803">
        <extensions>
          <leadnav:type>Serpentine</leadnav:type>
        </extensions>
      </trkpt>
      <trkpt lat="34.741386" lon="-117.068377">
        <extensions>
          <leadnav:type>Serpentine</leadnav:type>
        </extensions>
      </trkpt>
      <trkpt lat="34.742219" lon="-117.067074">
        <extensions>
          <leadnav:type>Serpentine</leadnav:type>
        </extensions>
      </trkpt>
      <trkpt lat="34.742295" lon="-117.066932">
        <extensions>
          <leadnav:type>Serpentine</leadnav:type>
        </extensions>
      </trkpt>
      <trkpt lat="34.743838" lon="-117.063704">
        <extensions>
          <leadnav:type>Serpentine</leadnav:type>
        </extensions>
      </trkpt>
      <trkpt lat="34.743956" lon="-117.063448">
        <extensions>
          <leadnav:type>Serpentine</leadnav:type>
        </extensions>
      </trkpt>
      <trkpt lat="34.743997" lon="-117.063310">
        <extensions>
          <leadnav:type>Serpentine</leadnav:type>
        </extensions>
      </trkpt>
      <trkpt lat="34.744014" lon="-117.063169">
        <extensions>
          <leadnav:type>Serpentine</leadnav:type>
        </extensions>
      </trkpt>
      <trkpt lat="34.744009" lon="-117.063052">
        <extensions>
          <leadnav:type>Serpentine</leadnav:type>
        </extensions>
      </trkpt>
      <trkpt lat="34.743977" lon="-117.062938">
        <extensions>
          <leadnav:type>Serpentine</leadnav:type>
        </extensions>
      </trkpt>
      <trkpt lat="34.743931" lon="-117.062860">
        <extensions>
          <leadnav:type>Serpentine</leadnav:type>
        </extensions>
      </trkpt>
      <trkpt lat="34.743834" lon="-117.062660">
        <extensions>
          <leadnav:type>Serpentine</leadnav:type>
        </extensions>
      </trkpt>
      <trkpt lat="34.743809" lon="-117.062615">
        <extensions>
          <leadnav:type>Serpentine</leadnav:type>
        </extensions>
      </trkpt>
      <trkpt lat="34.743743" lon="-117.062487">
        <extensions>
          <leadnav:type>Serpentine</leadnav:type>
        </extensions>
      </trkpt>
      <trkpt lat="34.743713" lon="-117.062437">
        <extensions>
          <leadnav:type>Serpentine</leadnav:type>
        </extensions>
      </trkpt>
      <trkpt lat="34.743130" lon="-117.061646">
        <extensions>
          <leadnav:type>Serpentine</leadnav:type>
        </extensions>
      </trkpt>
      <trkpt lat="34.742958" lon="-117.061391">
        <extensions>
          <leadnav:type>Serpentine</leadnav:type>
        </extensions>
      </trkpt>
      <trkpt lat="34.742844" lon="-117.061196">
        <extensions>
          <leadnav:type>Serpentine</leadnav:type>
        </extensions>
      </trkpt>
      <trkpt lat="34.742781" lon="-117.061109">
        <extensions>
          <leadnav:type>Serpentine</leadnav:type>
        </extensions>
      </trkpt>
      <trkpt lat="34.742708" lon="-117.061036">
        <extensions>
          <leadnav:type>Serpentine</leadnav:type>
        </extensions>
      </trkpt>
      <trkpt lat="34.742621" lon="-117.060971">
        <extensions>
          <leadnav:type>Serpentine</leadnav:type>
        </extensions>
      </trkpt>
      <trkpt lat="34.742523" lon="-117.060922">
        <extensions>
          <leadnav:type>Serpentine</leadnav:type>
        </extensions>
      </trkpt>
      <trkpt lat="34.742422" lon="-117.060883">
        <extensions>
          <leadnav:type>Serpentine</leadnav:type>
        </extensions>
      </trkpt>
      <trkpt lat="34.742318" lon="-117.060838">
        <extensions>
          <leadnav:type>Serpentine</leadnav:type>
        </extensions>
      </trkpt>
      <trkpt lat="34.742215" lon="-117.060779">
        <extensions>
          <leadnav:type>Serpentine</leadnav:type>
        </extensions>
      </trkpt>
      <trkpt lat="34.742115" lon="-117.060705">
        <extensions>
          <leadnav:type>Serpentine</leadnav:type>
        </extensions>
      </trkpt>
      <trkpt lat="34.741833" lon="-117.060456">
        <extensions>
          <leadnav:type>Serpentine</leadnav:type>
        </extensions>
      </trkpt>
      <trkpt lat="34.741731" lon="-117.060393">
        <extensions>
          <leadnav:type>Serpentine</leadnav:type>
        </extensions>
      </trkpt>
      <trkpt lat="34.741619" lon="-117.060349">
        <extensions>
          <leadnav:type>Serpentine</leadnav:type>
        </extensions>
      </trkpt>
      <trkpt lat="34.741495" lon="-117.060324">
        <extensions>
          <leadnav:type>Serpentine</leadnav:type>
        </extensions>
      </trkpt>
      <trkpt lat="34.741138" lon="-117.060230">
        <extensions>
          <leadnav:type>Serpentine</leadnav:type>
        </extensions>
      </trkpt>
      <trkpt lat="34.740734" lon="-117.060034">
        <extensions>
          <leadnav:type>Serpentine</leadnav:type>
        </extensions>
      </trkpt>
      <trkpt lat="34.740631" lon="-117.059966">
        <extensions>
          <leadnav:type>Serpentine</leadnav:type>
        </extensions>
      </trkpt>
      <trkpt lat="34.740532" lon="-117.059891">
        <extensions>
          <leadnav:type>Serpentine</leadnav:type>
        </extensions>
      </trkpt>
      <trkpt lat="34.740274" lon="-117.059666">
        <extensions>
          <leadnav:type>Serpentine</leadnav:type>
        </extensions>
      </trkpt>
      <trkpt lat="34.740198" lon="-117.059610">
        <extensions>
          <leadnav:type>Serpentine</leadnav:type>
        </extensions>
      </trkpt>
      <trkpt lat="34.740113" lon="-117.059569">
        <extensions>
          <leadnav:type>Serpentine</leadnav:type>
        </extensions>
      </trkpt>
      <trkpt lat="34.740020" lon="-117.059543">
        <extensions>
          <leadnav:type>Serpentine</leadnav:type>
        </extensions>
      </trkpt>
      <trkpt lat="34.739923" lon="-117.059536">
        <extensions>
          <leadnav:type>Serpentine</leadnav:type>
        </extensions>
      </trkpt>
      <trkpt lat="34.739833" lon="-117.059538">
        <extensions>
          <leadnav:type>Serpentine</leadnav:type>
        </extensions>
      </trkpt>
      <trkpt lat="34.739754" lon="-117.059536">
        <extensions>
          <leadnav:type>Serpentine</leadnav:type>
        </extensions>
      </trkpt>
      <trkpt lat="34.739679" lon="-117.059522">
        <extensions>
          <leadnav:type>Serpentine</leadnav:type>
        </extensions>
      </trkpt>
      <trkpt lat="34.739599" lon="-117.059512">
        <extensions>
          <leadnav:type>Serpentine</leadnav:type>
        </extensions>
      </trkpt>
      <trkpt lat="34.739509" lon="-117.059512">
        <extensions>
          <leadnav:type>Serpentine</leadnav:type>
        </extensions>
      </trkpt>
      <trkpt lat="34.739412" lon="-117.059517">
        <extensions>
          <leadnav:type>Serpentine</leadnav:type>
        </extensions>
      </trkpt>
      <trkpt lat="34.739312" lon="-117.059517">
        <extensions>
          <leadnav:type>Serpentine</leadnav:type>
        </extensions>
      </trkpt>
      <trkpt lat="34.739053" lon="-117.059494">
        <extensions>
          <leadnav:type>Serpentine</leadnav:type>
        </extensions>
      </trkpt>
      <trkpt lat="34.738998" lon="-117.059534">
        <extensions>
          <leadnav:type>Serpentine</leadnav:type>
        </extensions>
      </trkpt>
      <trkpt lat="34.738964" lon="-117.059605">
        <extensions>
          <leadnav:type>Serpentine</leadnav:type>
        </extensions>
      </trkpt>
      <trkpt lat="34.738930" lon="-117.059687">
        <extensions>
          <leadnav:type>Serpentine</leadnav:type>
        </extensions>
      </trkpt>
      <trkpt lat="34.738878" lon="-117.059749">
        <extensions>
          <leadnav:type>Serpentine</leadnav:type>
        </extensions>
      </trkpt>
      <trkpt lat="34.738812" lon="-117.059783">
        <extensions>
          <leadnav:type>Serpentine</leadnav:type>
        </extensions>
      </trkpt>
      <trkpt lat="34.738745" lon="-117.059799">
        <extensions>
          <leadnav:type>Serpentine</leadnav:type>
        </extensions>
      </trkpt>
      <trkpt lat="34.738348" lon="-117.059870">
        <extensions>
          <leadnav:type>Serpentine</leadnav:type>
        </extensions>
      </trkpt>
      <trkpt lat="34.738262" lon="-117.059873">
        <extensions>
          <leadnav:type>Serpentine</leadnav:type>
        </extensions>
      </trkpt>
      <trkpt lat="34.737775" lon="-117.059867">
        <extensions>
          <leadnav:type>Serpentine</leadnav:type>
        </extensions>
      </trkpt>
      <trkpt lat="34.737661" lon="-117.059852">
        <extensions>
          <leadnav:type>Serpentine</leadnav:type>
        </extensions>
      </trkpt>
      <trkpt lat="34.737546" lon="-117.059826">
        <extensions>
          <leadnav:type>Serpentine</leadnav:type>
        </extensions>
      </trkpt>
      <trkpt lat="34.737437" lon="-117.059787">
        <extensions>
          <leadnav:type>Serpentine</leadnav:type>
        </extensions>
      </trkpt>
      <trkpt lat="34.737338" lon="-117.059732">
        <extensions>
          <leadnav:type>Serpentine</leadnav:type>
        </extensions>
      </trkpt>
      <trkpt lat="34.737243" lon="-117.059668">
        <extensions>
          <leadnav:type>Serpentine</leadnav:type>
        </extensions>
      </trkpt>
      <trkpt lat="34.737147" lon="-117.059590">
        <extensions>
          <leadnav:type>Serpentine</leadnav:type>
        </extensions>
      </trkpt>
      <trkpt lat="34.737048" lon="-117.059500">
        <extensions>
          <leadnav:type>Serpentine</leadnav:type>
        </extensions>
      </trkpt>
      <trkpt lat="34.736958" lon="-117.059391">
        <extensions>
          <leadnav:type>Serpentine</leadnav:type>
        </extensions>
      </trkpt>
      <trkpt lat="34.736887" lon="-117.059270">
        <extensions>
          <leadnav:type>Serpentine</leadnav:type>
        </extensions>
      </trkpt>
      <trkpt lat="34.736837" lon="-117.059142">
        <extensions>
          <leadnav:type>Serpentine</leadnav:type>
        </extensions>
      </trkpt>
      <trkpt lat="34.736817" lon="-117.059004">
        <extensions>
          <leadnav:type>Serpentine</leadnav:type>
        </extensions>
      </trkpt>
      <trkpt lat="34.736802" lon="-117.058738">
        <extensions>
          <leadnav:type>Serpentine</leadnav:type>
        </extensions>
      </trkpt>
      <trkpt lat="34.736776" lon="-117.058616">
        <extensions>
          <leadnav:type>Serpentine</leadnav:type>
        </extensions>
      </trkpt>
      <trkpt lat="34.736737" lon="-117.058500">
        <extensions>
          <leadnav:type>Serpentine</leadnav:type>
        </extensions>
      </trkpt>
      <trkpt lat="34.736685" lon="-117.058394">
        <extensions>
          <leadnav:type>Serpentine</leadnav:type>
        </extensions>
      </trkpt>
      <trkpt lat="34.736582" lon="-117.058221">
        <extensions>
          <leadnav:type>Serpentine</leadnav:type>
        </extensions>
      </trkpt>
      <trkpt lat="34.736554" lon="-117.058134">
        <extensions>
          <leadnav:type>Serpentine</leadnav:type>
        </extensions>
      </trkpt>
      <trkpt lat="34.736549" lon="-117.058029">
        <extensions>
          <leadnav:type>Serpentine</leadnav:type>
        </extensions>
      </trkpt>
      <trkpt lat="34.736557" lon="-117.057907">
        <extensions>
          <leadnav:type>Serpentine</leadnav:type>
        </extensions>
      </trkpt>
      <trkpt lat="34.736574" lon="-117.057770">
        <extensions>
          <leadnav:type>Serpentine</leadnav:type>
        </extensions>
      </trkpt>
      <trkpt lat="34.736582" lon="-117.057628">
        <extensions>
          <leadnav:type>Serpentine</leadnav:type>
        </extensions>
      </trkpt>
      <trkpt lat="34.736578" lon="-117.057483">
        <extensions>
          <leadnav:type>Serpentine</leadnav:type>
        </extensions>
      </trkpt>
      <trkpt lat="34.736542" lon="-117.057013">
        <extensions>
          <leadnav:type>Serpentine</leadnav:type>
        </extensions>
      </trkpt>
      <trkpt lat="34.736558" lon="-117.056861">
        <extensions>
          <leadnav:type>Serpentine</leadnav:type>
        </extensions>
      </trkpt>
      <trkpt lat="34.736609" lon="-117.056710">
        <extensions>
          <leadnav:type>Serpentine</leadnav:type>
        </extensions>
      </trkpt>
      <trkpt lat="34.736671" lon="-117.056547">
        <extensions>
          <leadnav:type>Serpentine</leadnav:type>
        </extensions>
      </trkpt>
      <trkpt lat="34.736767" lon="-117.056215">
        <extensions>
          <leadnav:type>Serpentine</leadnav:type>
        </extensions>
      </trkpt>
      <trkpt lat="34.736843" lon="-117.056078">
        <extensions>
          <leadnav:type>Serpentine</leadnav:type>
        </extensions>
      </trkpt>
      <trkpt lat="34.736949" lon="-117.055956">
        <extensions>
          <leadnav:type>Serpentine</leadnav:type>
        </extensions>
      </trkpt>
      <trkpt lat="34.737683" lon="-117.055290">
        <extensions>
          <leadnav:type>Serpentine</leadnav:type>
        </extensions>
      </trkpt>
      <trkpt lat="34.738228" lon="-117.054709">
        <extensions>
          <leadnav:type>Serpentine</leadnav:type>
        </extensions>
      </trkpt>
      <trkpt lat="34.738337" lon="-117.054603">
        <extensions>
          <leadnav:type>Serpentine</leadnav:type>
        </extensions>
      </trkpt>
      <trkpt lat="34.738437" lon="-117.054519">
        <extensions>
          <leadnav:type>Serpentine</leadnav:type>
        </extensions>
      </trkpt>
      <trkpt lat="34.738540" lon="-117.054448">
        <extensions>
          <leadnav:type>Serpentine</leadnav:type>
        </extensions>
      </trkpt>
      <trkpt lat="34.738653" lon="-117.054385">
        <extensions>
          <leadnav:type>Serpentine</leadnav:type>
        </extensions>
      </trkpt>
      <trkpt lat="34.739685" lon="-117.053897">
        <extensions>
          <leadnav:type>Serpentine</leadnav:type>
        </extensions>
      </trkpt>
      <trkpt lat="34.740627" lon="-117.053350">
        <extensions>
          <leadnav:type>Serpentine</leadnav:type>
        </extensions>
      </trkpt>
      <trkpt lat="34.741102" lon="-117.053161">
        <extensions>
          <leadnav:type>Serpentine</leadnav:type>
        </extensions>
      </trkpt>
      <trkpt lat="34.741388" lon="-117.053104">
        <extensions>
          <leadnav:type>Serpentine</leadnav:type>
        </extensions>
      </trkpt>
      <trkpt lat="34.741540" lon="-117.053059">
        <extensions>
          <leadnav:type>Serpentine</leadnav:type>
        </extensions>
      </trkpt>
      <trkpt lat="34.742566" lon="-117.052879">
        <extensions>
          <leadnav:type>Serpentine</leadnav:type>
        </extensions>
      </trkpt>
      <trkpt lat="34.742923" lon="-117.052843">
        <extensions>
          <leadnav:type>Serpentine</leadnav:type>
        </extensions>
      </trkpt>
      <trkpt lat="34.744036" lon="-117.052829">
        <extensions>
          <leadnav:type>Serpentine</leadnav:type>
        </extensions>
      </trkpt>
      <trkpt lat="34.744444" lon="-117.052870">
        <extensions>
          <leadnav:type>Serpentine</leadnav:type>
        </extensions>
      </trkpt>
      <trkpt lat="34.744481" lon="-117.052875">
        <extensions>
          <leadnav:type>Serpentine</leadnav:type>
        </extensions>
      </trkpt>
      <trkpt lat="34.744660" lon="-117.052909">
        <extensions>
          <leadnav:type>Serpentine</leadnav:type>
        </extensions>
      </trkpt>
      <trkpt lat="34.745248" lon="-117.053057">
        <extensions>
          <leadnav:type>Serpentine</leadnav:type>
        </extensions>
      </trkpt>
      <trkpt lat="34.746429" lon="-117.053399">
        <extensions>
          <leadnav:type>Serpentine</leadnav:type>
        </extensions>
      </trkpt>
      <trkpt lat="34.747338" lon="-117.053752">
        <extensions>
          <leadnav:type>Serpentine</leadnav:type>
        </extensions>
      </trkpt>
      <trkpt lat="34.747501" lon="-117.053799">
        <extensions>
          <leadnav:type>Serpentine</leadnav:type>
        </extensions>
      </trkpt>
      <trkpt lat="34.749383" lon="-117.054246">
        <extensions>
          <leadnav:type>Serpentine</leadnav:type>
        </extensions>
      </trkpt>
      <trkpt lat="34.749517" lon="-117.054253">
        <extensions>
          <leadnav:type>Serpentine</leadnav:type>
        </extensions>
      </trkpt>
      <trkpt lat="34.749664" lon="-117.054244">
        <extensions>
          <leadnav:type>Serpentine</leadnav:type>
        </extensions>
      </trkpt>
      <trkpt lat="34.749823" lon="-117.054220">
        <extensions>
          <leadnav:type>Serpentine</leadnav:type>
        </extensions>
      </trkpt>
      <trkpt lat="34.749992" lon="-117.054175">
        <extensions>
          <leadnav:type>Serpentine</leadnav:type>
        </extensions>
      </trkpt>
      <trkpt lat="34.750167" lon="-117.054108">
        <extensions>
          <leadnav:type>Serpentine</leadnav:type>
        </extensions>
      </trkpt>
      <trkpt lat="34.750703" lon="-117.053831">
        <extensions>
          <leadnav:type>Serpentine</leadnav:type>
        </extensions>
      </trkpt>
      <trkpt lat="34.750894" lon="-117.053624">
        <extensions>
          <leadnav:type>Serpentine</leadnav:type>
        </extensions>
      </trkpt>
      <trkpt lat="34.751086" lon="-117.053394">
        <extensions>
          <leadnav:type>Serpentine</leadnav:type>
        </extensions>
      </trkpt>
      <trkpt lat="34.751365" lon="-117.053028">
        <extensions>
          <leadnav:type>Serpentine</leadnav:type>
        </extensions>
      </trkpt>
      <trkpt lat="34.751569" lon="-117.052721">
        <extensions>
          <leadnav:type>Serpentine</leadnav:type>
        </extensions>
      </trkpt>
      <trkpt lat="34.751688" lon="-117.052559">
        <extensions>
          <leadnav:type>Serpentine</leadnav:type>
        </extensions>
      </trkpt>
      <trkpt lat="34.753173" lon="-117.050420">
        <extensions>
          <leadnav:type>Serpentine</leadnav:type>
        </extensions>
      </trkpt>
      <trkpt lat="34.753270" lon="-117.050168">
        <extensions>
          <leadnav:type>Serpentine</leadnav:type>
        </extensions>
      </trkpt>
      <trkpt lat="34.753328" lon="-117.049932">
        <extensions>
          <leadnav:type>Serpentine</leadnav:type>
        </extensions>
      </trkpt>
      <trkpt lat="34.753337" lon="-117.049580">
        <extensions>
          <leadnav:type>Serpentine</leadnav:type>
        </extensions>
      </trkpt>
      <trkpt lat="34.753019" lon="-117.048235">
        <extensions>
          <leadnav:type>Serpentine</leadnav:type>
        </extensions>
      </trkpt>
      <trkpt lat="34.752718" lon="-117.047410">
        <extensions>
          <leadnav:type>Serpentine</leadnav:type>
        </extensions>
      </trkpt>
      <trkpt lat="34.752518" lon="-117.046513">
        <extensions>
          <leadnav:type>Serpentine</leadnav:type>
        </extensions>
      </trkpt>
      <trkpt lat="34.752303" lon="-117.045411">
        <extensions>
          <leadnav:type>Serpentine</leadnav:type>
        </extensions>
      </trkpt>
      <trkpt lat="34.751737" lon="-117.043442">
        <extensions>
          <leadnav:type>Serpentine</leadnav:type>
        </extensions>
      </trkpt>
      <trkpt lat="34.751591" lon="-117.042570">
        <extensions>
          <leadnav:type>Serpentine</leadnav:type>
        </extensions>
      </trkpt>
      <trkpt lat="34.751317" lon="-117.038633">
        <extensions>
          <leadnav:type>Serpentine</leadnav:type>
        </extensions>
      </trkpt>
      <trkpt lat="34.751241" lon="-117.037912">
        <extensions>
          <leadnav:type>Serpentine</leadnav:type>
        </extensions>
      </trkpt>
      <trkpt lat="34.750917" lon="-117.036478">
        <extensions>
          <leadnav:type>Serpentine</leadnav:type>
        </extensions>
      </trkpt>
      <trkpt lat="34.750766" lon="-117.036329">
        <extensions>
          <leadnav:type>Serpentine</leadnav:type>
        </extensions>
      </trkpt>
      <trkpt lat="34.750600" lon="-117.036287">
        <extensions>
          <leadnav:type>Serpentine</leadnav:type>
        </extensions>
      </trkpt>
      <trkpt lat="34.750377" lon="-117.036377">
        <extensions>
          <leadnav:type>Serpentine</leadnav:type>
        </extensions>
      </trkpt>
      <trkpt lat="34.750238" lon="-117.036531">
        <extensions>
          <leadnav:type>Serpentine</leadnav:type>
        </extensions>
      </trkpt>
      <trkpt lat="34.749746" lon="-117.037170">
        <extensions>
          <leadnav:type>Serpentine</leadnav:type>
        </extensions>
      </trkpt>
      <trkpt lat="34.746405" lon="-117.041280">
        <extensions>
          <leadnav:type>Serpentine</leadnav:type>
        </extensions>
      </trkpt>
      <trkpt lat="34.746279" lon="-117.041421">
        <extensions>
          <leadnav:type>Serpentine</leadnav:type>
        </extensions>
      </trkpt>
      <trkpt lat="34.743975" lon="-117.044354">
        <extensions>
          <leadnav:type>Serpentine</leadnav:type>
        </extensions>
      </trkpt>
      <trkpt lat="34.743893" lon="-117.044481">
        <extensions>
          <leadnav:type>Serpentine</leadnav:type>
        </extensions>
      </trkpt>
      <trkpt lat="34.743565" lon="-117.045023">
        <extensions>
          <leadnav:type>Serpentine</leadnav:type>
        </extensions>
      </trkpt>
      <trkpt lat="34.743485" lon="-117.045101">
        <extensions>
          <leadnav:type>Serpentine</leadnav:type>
        </extensions>
      </trkpt>
      <trkpt lat="34.743391" lon="-117.045180">
        <extensions>
          <leadnav:type>Serpentine</leadnav:type>
        </extensions>
      </trkpt>
      <trkpt lat="34.743290" lon="-117.045278">
        <extensions>
          <leadnav:type>Serpentine</leadnav:type>
        </extensions>
      </trkpt>
      <trkpt lat="34.743065" lon="-117.045517">
        <extensions>
          <leadnav:type>Serpentine</leadnav:type>
        </extensions>
      </trkpt>
      <trkpt lat="34.742716" lon="-117.045922">
        <extensions>
          <leadnav:type>Serpentine</leadnav:type>
        </extensions>
      </trkpt>
      <trkpt lat="34.742615" lon="-117.046059">
        <extensions>
          <leadnav:type>Serpentine</leadnav:type>
        </extensions>
      </trkpt>
      <trkpt lat="34.742428" lon="-117.046342">
        <extensions>
          <leadnav:type>Serpentine</leadnav:type>
        </extensions>
      </trkpt>
      <trkpt lat="34.742267" lon="-117.046606">
        <extensions>
          <leadnav:type>Serpentine</leadnav:type>
        </extensions>
      </trkpt>
      <trkpt lat="34.742209" lon="-117.046724">
        <extensions>
          <leadnav:type>Serpentine</leadnav:type>
        </extensions>
      </trkpt>
      <trkpt lat="34.742171" lon="-117.046830">
        <extensions>
          <leadnav:type>Serpentine</leadnav:type>
        </extensions>
      </trkpt>
      <trkpt lat="34.742150" lon="-117.046912">
        <extensions>
          <leadnav:type>Serpentine</leadnav:type>
        </extensions>
      </trkpt>
      <trkpt lat="34.742087" lon="-117.047206">
        <extensions>
          <leadnav:type>Serpentine</leadnav:type>
        </extensions>
      </trkpt>
      <trkpt lat="34.742077" lon="-117.047265">
        <extensions>
          <leadnav:type>Serpentine</leadnav:type>
        </extensions>
      </trkpt>
      <trkpt lat="34.742053" lon="-117.047385">
        <extensions>
          <leadnav:type>Serpentine</leadnav:type>
        </extensions>
      </trkpt>
      <trkpt lat="34.742009" lon="-117.047567">
        <extensions>
          <leadnav:type>Serpentine</leadnav:type>
        </extensions>
      </trkpt>
      <trkpt lat="34.741882" lon="-117.047916">
        <extensions>
          <leadnav:type>Serpentine</leadnav:type>
        </extensions>
      </trkpt>
      <trkpt lat="34.741817" lon="-117.048031">
        <extensions>
          <leadnav:type>Serpentine</leadnav:type>
        </extensions>
      </trkpt>
      <trkpt lat="34.741745" lon="-117.048139">
        <extensions>
          <leadnav:type>Serpentine</leadnav:type>
        </extensions>
      </trkpt>
      <trkpt lat="34.741598" lon="-117.048323">
        <extensions>
          <leadnav:type>Serpentine</leadnav:type>
        </extensions>
      </trkpt>
      <trkpt lat="34.741528" lon="-117.048404">
        <extensions>
          <leadnav:type>Serpentine</leadnav:type>
        </extensions>
      </trkpt>
      <trkpt lat="34.741461" lon="-117.048475">
        <extensions>
          <leadnav:type>Serpentine</leadnav:type>
        </extensions>
      </trkpt>
      <trkpt lat="34.741261" lon="-117.048709">
        <extensions>
          <leadnav:type>Serpentine</leadnav:type>
        </extensions>
      </trkpt>
      <trkpt lat="34.741007" lon="-117.048957">
        <extensions>
          <leadnav:type>Serpentine</leadnav:type>
        </extensions>
      </trkpt>
      <trkpt lat="34.740944" lon="-117.049014">
        <extensions>
          <leadnav:type>Serpentine</leadnav:type>
        </extensions>
      </trkpt>
      <trkpt lat="34.740669" lon="-117.049281">
        <extensions>
          <leadnav:type>Serpentine</leadnav:type>
        </extensions>
      </trkpt>
      <trkpt lat="34.740601" lon="-117.049341">
        <extensions>
          <leadnav:type>Serpentine</leadnav:type>
        </extensions>
      </trkpt>
      <trkpt lat="34.740457" lon="-117.049461">
        <extensions>
          <leadnav:type>Serpentine</leadnav:type>
        </extensions>
      </trkpt>
      <trkpt lat="34.740381" lon="-117.049518">
        <extensions>
          <leadnav:type>Serpentine</leadnav:type>
        </extensions>
      </trkpt>
      <trkpt lat="34.739354" lon="-117.050180">
        <extensions>
          <leadnav:type>Serpentine</leadnav:type>
        </extensions>
      </trkpt>
      <trkpt lat="34.739264" lon="-117.050233">
        <extensions>
          <leadnav:type>Serpentine</leadnav:type>
        </extensions>
      </trkpt>
      <trkpt lat="34.738833" lon="-117.050440">
        <extensions>
          <leadnav:type>Serpentine</leadnav:type>
        </extensions>
      </trkpt>
      <trkpt lat="34.738533" lon="-117.050598">
        <extensions>
          <leadnav:type>Serpentine</leadnav:type>
        </extensions>
      </trkpt>
      <trkpt lat="34.738444" lon="-117.050658">
        <extensions>
          <leadnav:type>Serpentine</leadnav:type>
        </extensions>
      </trkpt>
      <trkpt lat="34.738355" lon="-117.050731">
        <extensions>
          <leadnav:type>Serpentine</leadnav:type>
        </extensions>
      </trkpt>
      <trkpt lat="34.737869" lon="-117.051190">
        <extensions>
          <leadnav:type>Serpentine</leadnav:type>
        </extensions>
      </trkpt>
      <trkpt lat="34.737479" lon="-117.051444">
        <extensions>
          <leadnav:type>Serpentine</leadnav:type>
        </extensions>
      </trkpt>
      <trkpt lat="34.736944" lon="-117.051770">
        <extensions>
          <leadnav:type>Serpentine</leadnav:type>
        </extensions>
      </trkpt>
      <trkpt lat="34.736829" lon="-117.051866">
        <extensions>
          <leadnav:type>Serpentine</leadnav:type>
        </extensions>
      </trkpt>
      <trkpt lat="34.736719" lon="-117.051974">
        <extensions>
          <leadnav:type>Serpentine</leadnav:type>
        </extensions>
      </trkpt>
      <trkpt lat="34.736618" lon="-117.052092">
        <extensions>
          <leadnav:type>Serpentine</leadnav:type>
        </extensions>
      </trkpt>
      <trkpt lat="34.736527" lon="-117.052215">
        <extensions>
          <leadnav:type>Serpentine</leadnav:type>
        </extensions>
      </trkpt>
      <trkpt lat="34.736448" lon="-117.052345">
        <extensions>
          <leadnav:type>Serpentine</leadnav:type>
        </extensions>
      </trkpt>
      <trkpt lat="34.736374" lon="-117.052447">
        <extensions>
          <leadnav:type>Serpentine</leadnav:type>
        </extensions>
      </trkpt>
      <trkpt lat="34.736291" lon="-117.052529">
        <extensions>
          <leadnav:type>Serpentine</leadnav:type>
        </extensions>
      </trkpt>
      <trkpt lat="34.736107" lon="-117.052659">
        <extensions>
          <leadnav:type>Serpentine</leadnav:type>
        </extensions>
      </trkpt>
      <trkpt lat="34.736012" lon="-117.052684">
        <extensions>
          <leadnav:type>Serpentine</leadnav:type>
        </extensions>
      </trkpt>
      <trkpt lat="34.735808" lon="-117.052658">
        <extensions>
          <leadnav:type>Serpentine</leadnav:type>
        </extensions>
      </trkpt>
      <trkpt lat="34.735575" lon="-117.052612">
        <extensions>
          <leadnav:type>Serpentine</leadnav:type>
        </extensions>
      </trkpt>
      <trkpt lat="34.735465" lon="-117.052584">
        <extensions>
          <leadnav:type>Serpentine</leadnav:type>
        </extensions>
      </trkpt>
      <trkpt lat="34.735381" lon="-117.052552">
        <extensions>
          <leadnav:type>Serpentine</leadnav:type>
        </extensions>
      </trkpt>
      <trkpt lat="34.735310" lon="-117.052506">
        <extensions>
          <leadnav:type>Serpentine</leadnav:type>
        </extensions>
      </trkpt>
      <trkpt lat="34.735238" lon="-117.052199">
        <extensions>
          <leadnav:type>Serpentine</leadnav:type>
        </extensions>
      </trkpt>
      <trkpt lat="34.735353" lon="-117.051897">
        <extensions>
          <leadnav:type>Serpentine</leadnav:type>
        </extensions>
      </trkpt>
      <trkpt lat="34.735586" lon="-117.051520">
        <extensions>
          <leadnav:type>Serpentine</leadnav:type>
        </extensions>
      </trkpt>
      <trkpt lat="34.735891" lon="-117.051163">
        <extensions>
          <leadnav:type>Serpentine</leadnav:type>
        </extensions>
      </trkpt>
      <trkpt lat="34.736343" lon="-117.050096">
        <extensions>
          <leadnav:type>Serpentine</leadnav:type>
        </extensions>
      </trkpt>
      <trkpt lat="34.736541" lon="-117.049781">
        <extensions>
          <leadnav:type>Serpentine</leadnav:type>
        </extensions>
      </trkpt>
      <trkpt lat="34.737043" lon="-117.049182">
        <extensions>
          <leadnav:type>Serpentine</leadnav:type>
        </extensions>
      </trkpt>
      <trkpt lat="34.737562" lon="-117.048526">
        <extensions>
          <leadnav:type>Serpentine</leadnav:type>
        </extensions>
      </trkpt>
      <trkpt lat="34.738391" lon="-117.047332">
        <extensions>
          <leadnav:type>Serpentine</leadnav:type>
        </extensions>
      </trkpt>
      <trkpt lat="34.739949" lon="-117.045749">
        <extensions>
          <leadnav:type>Serpentine</leadnav:type>
        </extensions>
      </trkpt>
      <trkpt lat="34.741713" lon="-117.043721">
        <extensions>
          <leadnav:type>Serpentine</leadnav:type>
        </extensions>
      </trkpt>
      <trkpt lat="34.742220" lon="-117.043191">
        <extensions>
          <leadnav:type>Serpentine</leadnav:type>
        </extensions>
      </trkpt>
      <trkpt lat="34.742552" lon="-117.042722">
        <extensions>
          <leadnav:type>Serpentine</leadnav:type>
        </extensions>
      </trkpt>
      <trkpt lat="34.742926" lon="-117.042150">
        <extensions>
          <leadnav:type>Serpentine</leadnav:type>
        </extensions>
      </trkpt>
      <trkpt lat="34.743705" lon="-117.041325">
        <extensions>
          <leadnav:type>Serpentine</leadnav:type>
        </extensions>
      </trkpt>
      <trkpt lat="34.744838" lon="-117.040235">
        <extensions>
          <leadnav:type>Serpentine</leadnav:type>
        </extensions>
      </trkpt>
      <trkpt lat="34.745121" lon="-117.039758">
        <extensions>
          <leadnav:type>Serpentine</leadnav:type>
        </extensions>
      </trkpt>
      <trkpt lat="34.745543" lon="-117.038962">
        <extensions>
          <leadnav:type>Serpentine</leadnav:type>
        </extensions>
      </trkpt>
      <trkpt lat="34.745860" lon="-117.038002">
        <extensions>
          <leadnav:type>Serpentine</leadnav:type>
        </extensions>
      </trkpt>
      <trkpt lat="34.746601" lon="-117.036047">
        <extensions>
          <leadnav:type>Serpentine</leadnav:type>
        </extensions>
      </trkpt>
      <trkpt lat="34.746213" lon="-117.035156">
        <extensions>
          <leadnav:type>Serpentine</leadnav:type>
        </extensions>
      </trkpt>
      <trkpt lat="34.745273" lon="-117.033504">
        <extensions>
          <leadnav:type>Serpentine</leadnav:type>
        </extensions>
      </trkpt>
      <trkpt lat="34.745008" lon="-117.032968">
        <extensions>
          <leadnav:type>Serpentine</leadnav:type>
        </extensions>
      </trkpt>
      <trkpt lat="34.744832" lon="-117.032535">
        <extensions>
          <leadnav:type>Serpentine</leadnav:type>
        </extensions>
      </trkpt>
      <trkpt lat="34.744644" lon="-117.032163">
        <extensions>
          <leadnav:type>Serpentine</leadnav:type>
        </extensions>
      </trkpt>
      <trkpt lat="34.744548" lon="-117.031935">
        <extensions>
          <leadnav:type>Serpentine</leadnav:type>
        </extensions>
      </trkpt>
      <trkpt lat="34.744509" lon="-117.031657">
        <extensions>
          <leadnav:type>Serpentine</leadnav:type>
        </extensions>
      </trkpt>
      <trkpt lat="34.744607" lon="-117.031055">
        <extensions>
          <leadnav:type>Serpentine</leadnav:type>
        </extensions>
      </trkpt>
      <trkpt lat="34.744861" lon="-117.030170">
        <extensions>
          <leadnav:type>Serpentine</leadnav:type>
        </extensions>
      </trkpt>
      <trkpt lat="34.744980" lon="-117.029771">
        <extensions>
          <leadnav:type>Serpentine</leadnav:type>
        </extensions>
      </trkpt>
      <trkpt lat="34.745061" lon="-117.029036">
        <extensions>
          <leadnav:type>Serpentine</leadnav:type>
        </extensions>
      </trkpt>
      <trkpt lat="34.745038" lon="-117.028725">
        <extensions>
          <leadnav:type>Serpentine</leadnav:type>
        </extensions>
      </trkpt>
      <trkpt lat="34.744941" lon="-117.028349">
        <extensions>
          <leadnav:type>Serpentine</leadnav:type>
        </extensions>
      </trkpt>
      <trkpt lat="34.744783" lon="-117.027844">
        <extensions>
          <leadnav:type>Serpentine</leadnav:type>
        </extensions>
      </trkpt>
      <trkpt lat="34.744755" lon="-117.027622">
        <extensions>
          <leadnav:type>Serpentine</leadnav:type>
        </extensions>
      </trkpt>
      <trkpt lat="34.744751" lon="-117.027477">
        <extensions>
          <leadnav:type>Serpentine</leadnav:type>
        </extensions>
      </trkpt>
      <trkpt lat="34.744816" lon="-117.027309">
        <extensions>
          <leadnav:type>Serpentine</leadnav:type>
        </extensions>
      </trkpt>
      <trkpt lat="34.744916" lon="-117.027151">
        <extensions>
          <leadnav:type>Serpentine</leadnav:type>
        </extensions>
      </trkpt>
      <trkpt lat="34.745055" lon="-117.027004">
        <extensions>
          <leadnav:type>Serpentine</leadnav:type>
        </extensions>
      </trkpt>
      <trkpt lat="34.745231" lon="-117.026897">
        <extensions>
          <leadnav:type>Serpentine</leadnav:type>
        </extensions>
      </trkpt>
      <trkpt lat="34.745467" lon="-117.026797">
        <extensions>
          <leadnav:type>Serpentine</leadnav:type>
        </extensions>
      </trkpt>
      <trkpt lat="34.750255" lon="-117.026002">
        <extensions>
          <leadnav:type>Serpentine</leadnav:type>
        </extensions>
      </trkpt>
      <trkpt lat="34.752017" lon="-117.025617">
        <extensions>
          <leadnav:type>Serpentine</leadnav:type>
        </extensions>
      </trkpt>
      <trkpt lat="34.754004" lon="-117.025304">
        <extensions>
          <leadnav:type>Serpentine</leadnav:type>
        </extensions>
      </trkpt>
      <trkpt lat="34.755694" lon="-117.025191">
        <extensions>
          <leadnav:type>Serpentine</leadnav:type>
        </extensions>
      </trkpt>
      <trkpt lat="34.763754" lon="-117.024020">
        <extensions>
          <leadnav:type>Serpentine</leadnav:type>
        </extensions>
      </trkpt>
      <trkpt lat="34.764629" lon="-117.023774">
        <extensions>
          <leadnav:type>Serpentine</leadnav:type>
        </extensions>
      </trkpt>
      <trkpt lat="34.764892" lon="-117.023694">
        <extensions>
          <leadnav:type>Serpentine</leadnav:type>
        </extensions>
      </trkpt>
      <trkpt lat="34.765157" lon="-117.023631">
        <extensions>
          <leadnav:type>Serpentine</leadnav:type>
        </extensions>
      </trkpt>
      <trkpt lat="34.766090" lon="-117.023462">
        <extensions>
          <leadnav:type>Serpentine</leadnav:type>
        </extensions>
      </trkpt>
      <trkpt lat="34.766302" lon="-117.023404">
        <extensions>
          <leadnav:type>Serpentine</leadnav:type>
        </extensions>
      </trkpt>
      <trkpt lat="34.766772" lon="-117.023238">
        <extensions>
          <leadnav:type>Serpentine</leadnav:type>
        </extensions>
      </trkpt>
      <trkpt lat="34.766884" lon="-117.023189">
        <extensions>
          <leadnav:type>Serpentine</leadnav:type>
        </extensions>
      </trkpt>
      <trkpt lat="34.767751" lon="-117.022733">
        <extensions>
          <leadnav:type>Serpentine</leadnav:type>
        </extensions>
      </trkpt>
      <trkpt lat="34.768667" lon="-117.022320">
        <extensions>
          <leadnav:type>Serpentine</leadnav:type>
        </extensions>
      </trkpt>
      <trkpt lat="34.769596" lon="-117.021940">
        <extensions>
          <leadnav:type>Serpentine</leadnav:type>
        </extensions>
      </trkpt>
      <trkpt lat="34.770325" lon="-117.021696">
        <extensions>
          <leadnav:type>Serpentine</leadnav:type>
        </extensions>
      </trkpt>
      <trkpt lat="34.771057" lon="-117.021472">
        <extensions>
          <leadnav:type>Serpentine</leadnav:type>
        </extensions>
      </trkpt>
      <trkpt lat="34.771653" lon="-117.021239">
        <extensions>
          <leadnav:type>Serpentine</leadnav:type>
        </extensions>
      </trkpt>
      <trkpt lat="34.771959" lon="-117.021145">
        <extensions>
          <leadnav:type>Serpentine</leadnav:type>
        </extensions>
      </trkpt>
      <trkpt lat="34.772108" lon="-117.021113">
        <extensions>
          <leadnav:type>Serpentine</leadnav:type>
        </extensions>
      </trkpt>
      <trkpt lat="34.772376" lon="-117.021076">
        <extensions>
          <leadnav:type>Serpentine</leadnav:type>
        </extensions>
      </trkpt>
      <trkpt lat="34.772780" lon="-117.021055">
        <extensions>
          <leadnav:type>Serpentine</leadnav:type>
        </extensions>
      </trkpt>
      <trkpt lat="34.773086" lon="-117.021057">
        <extensions>
          <leadnav:type>Serpentine</leadnav:type>
        </extensions>
      </trkpt>
      <trkpt lat="34.773245" lon="-117.021068">
        <extensions>
          <leadnav:type>Serpentine</leadnav:type>
        </extensions>
      </trkpt>
      <trkpt lat="34.773558" lon="-117.021123">
        <extensions>
          <leadnav:type>Serpentine</leadnav:type>
        </extensions>
      </trkpt>
      <trkpt lat="34.774297" lon="-117.021314">
        <extensions>
          <leadnav:type>Serpentine</leadnav:type>
        </extensions>
      </trkpt>
      <trkpt lat="34.774937" lon="-117.021531">
        <extensions>
          <leadnav:type>Serpentine</leadnav:type>
        </extensions>
      </trkpt>
      <trkpt lat="34.775067" lon="-117.021570">
        <extensions>
          <leadnav:type>Serpentine</leadnav:type>
        </extensions>
      </trkpt>
      <trkpt lat="34.775494" lon="-117.021670">
        <extensions>
          <leadnav:type>Serpentine</leadnav:type>
        </extensions>
      </trkpt>
      <trkpt lat="34.776454" lon="-117.021848">
        <extensions>
          <leadnav:type>Serpentine</leadnav:type>
        </extensions>
      </trkpt>
      <trkpt lat="34.776928" lon="-117.021907">
        <extensions>
          <leadnav:type>Serpentine</leadnav:type>
        </extensions>
      </trkpt>
      <trkpt lat="34.777725" lon="-117.021934">
        <extensions>
          <leadnav:type>Serpentine</leadnav:type>
        </extensions>
      </trkpt>
      <trkpt lat="34.778069" lon="-117.021964">
        <extensions>
          <leadnav:type>Serpentine</leadnav:type>
        </extensions>
      </trkpt>
      <trkpt lat="34.779280" lon="-117.022140">
        <extensions>
          <leadnav:type>Serpentine</leadnav:type>
        </extensions>
      </trkpt>
      <trkpt lat="34.779632" lon="-117.022180">
        <extensions>
          <leadnav:type>Serpentine</leadnav:type>
        </extensions>
      </trkpt>
      <trkpt lat="34.780473" lon="-117.022374">
        <extensions>
          <leadnav:type>Serpentine</leadnav:type>
        </extensions>
      </trkpt>
      <trkpt lat="34.780583" lon="-117.022392">
        <extensions>
          <leadnav:type>Serpentine</leadnav:type>
        </extensions>
      </trkpt>
      <trkpt lat="34.780691" lon="-117.022403">
        <extensions>
          <leadnav:type>Serpentine</leadnav:type>
        </extensions>
      </trkpt>
      <trkpt lat="34.780893" lon="-117.022414">
        <extensions>
          <leadnav:type>Serpentine</leadnav:type>
        </extensions>
      </trkpt>
      <trkpt lat="34.781078" lon="-117.022408">
        <extensions>
          <leadnav:type>Serpentine</leadnav:type>
        </extensions>
      </trkpt>
      <trkpt lat="34.781372" lon="-117.022382">
        <extensions>
          <leadnav:type>Serpentine</leadnav:type>
        </extensions>
      </trkpt>
      <trkpt lat="34.781664" lon="-117.022427">
        <extensions>
          <leadnav:type>Serpentine</leadnav:type>
        </extensions>
      </trkpt>
      <trkpt lat="34.781758" lon="-117.022450">
        <extensions>
          <leadnav:type>Serpentine</leadnav:type>
        </extensions>
      </trkpt>
      <trkpt lat="34.781960" lon="-117.022517">
        <extensions>
          <leadnav:type>Serpentine</leadnav:type>
        </extensions>
      </trkpt>
      <trkpt lat="34.782057" lon="-117.022560">
        <extensions>
          <leadnav:type>Serpentine</leadnav:type>
        </extensions>
      </trkpt>
      <trkpt lat="34.782242" lon="-117.022668">
        <extensions>
          <leadnav:type>Serpentine</leadnav:type>
        </extensions>
      </trkpt>
      <trkpt lat="34.782544" lon="-117.022877">
        <extensions>
          <leadnav:type>Serpentine</leadnav:type>
        </extensions>
      </trkpt>
      <trkpt lat="34.782661" lon="-117.022949">
        <extensions>
          <leadnav:type>Serpentine</leadnav:type>
        </extensions>
      </trkpt>
      <trkpt lat="34.782787" lon="-117.023017">
        <extensions>
          <leadnav:type>Serpentine</leadnav:type>
        </extensions>
      </trkpt>
      <trkpt lat="34.787334" lon="-117.025281">
        <extensions>
          <leadnav:type>Serpentine</leadnav:type>
        </extensions>
      </trkpt>
      <trkpt lat="34.788297" lon="-117.025786">
        <extensions>
          <leadnav:type>Serpentine</leadnav:type>
        </extensions>
      </trkpt>
      <trkpt lat="34.789072" lon="-117.026130">
        <extensions>
          <leadnav:type>Serpentine</leadnav:type>
        </extensions>
      </trkpt>
      <trkpt lat="34.789490" lon="-117.026268">
        <extensions>
          <leadnav:type>Serpentine</leadnav:type>
        </extensions>
      </trkpt>
      <trkpt lat="34.789561" lon="-117.026273">
        <extensions>
          <leadnav:type>Serpentine</leadnav:type>
        </extensions>
      </trkpt>
      <trkpt lat="34.789738" lon="-117.026318">
        <extensions>
          <leadnav:type>Serpentine</leadnav:type>
        </extensions>
      </trkpt>
      <trkpt lat="34.789922" lon="-117.026380">
        <extensions>
          <leadnav:type>Serpentine</leadnav:type>
        </extensions>
      </trkpt>
      <trkpt lat="34.790675" lon="-117.026586">
        <extensions>
          <leadnav:type>Serpentine</leadnav:type>
        </extensions>
      </trkpt>
      <trkpt lat="34.791345" lon="-117.026813">
        <extensions>
          <leadnav:type>Serpentine</leadnav:type>
        </extensions>
      </trkpt>
      <trkpt lat="34.791585" lon="-117.026942">
        <extensions>
          <leadnav:type>Serpentine</leadnav:type>
        </extensions>
      </trkpt>
      <trkpt lat="34.791791" lon="-117.027066">
        <extensions>
          <leadnav:type>Serpentine</leadnav:type>
        </extensions>
      </trkpt>
      <trkpt lat="34.791929" lon="-117.027137">
        <extensions>
          <leadnav:type>Serpentine</leadnav:type>
        </extensions>
      </trkpt>
      <trkpt lat="34.792070" lon="-117.027250">
        <extensions>
          <leadnav:type>Serpentine</leadnav:type>
        </extensions>
      </trkpt>
      <trkpt lat="34.792247" lon="-117.027397">
        <extensions>
          <leadnav:type>Serpentine</leadnav:type>
        </extensions>
      </trkpt>
      <trkpt lat="34.792364" lon="-117.027490">
        <extensions>
          <leadnav:type>Serpentine</leadnav:type>
        </extensions>
      </trkpt>
      <trkpt lat="34.793154" lon="-117.028132">
        <extensions>
          <leadnav:type>Serpentine</leadnav:type>
        </extensions>
      </trkpt>
      <trkpt lat="34.793187" lon="-117.028162">
        <extensions>
          <leadnav:type>Serpentine</leadnav:type>
        </extensions>
      </trkpt>
      <trkpt lat="34.793239" lon="-117.028201">
        <extensions>
          <leadnav:type>Serpentine</leadnav:type>
        </extensions>
      </trkpt>
      <trkpt lat="34.795562" lon="-117.030048">
        <extensions>
          <leadnav:type>Serpentine</leadnav:type>
        </extensions>
      </trkpt>
      <trkpt lat="34.795768" lon="-117.030239">
        <extensions>
          <leadnav:type>Serpentine</leadnav:type>
        </extensions>
      </trkpt>
      <trkpt lat="34.796079" lon="-117.030560">
        <extensions>
          <leadnav:type>Serpentine</leadnav:type>
        </extensions>
      </trkpt>
      <trkpt lat="34.796174" lon="-117.030668">
        <extensions>
          <leadnav:type>Serpentine</leadnav:type>
        </extensions>
      </trkpt>
      <trkpt lat="34.796258" lon="-117.030775">
        <extensions>
          <leadnav:type>Serpentine</leadnav:type>
        </extensions>
      </trkpt>
      <trkpt lat="34.796401" lon="-117.030980">
        <extensions>
          <leadnav:type>Serpentine</leadnav:type>
        </extensions>
      </trkpt>
      <trkpt lat="34.796540" lon="-117.031193">
        <extensions>
          <leadnav:type>Serpentine</leadnav:type>
        </extensions>
      </trkpt>
      <trkpt lat="34.796606" lon="-117.031303">
        <extensions>
          <leadnav:type>Serpentine</leadnav:type>
        </extensions>
      </trkpt>
      <trkpt lat="34.796771" lon="-117.031635">
        <extensions>
          <leadnav:type>Serpentine</leadnav:type>
        </extensions>
      </trkpt>
      <trkpt lat="34.796851" lon="-117.031868">
        <extensions>
          <leadnav:type>Serpentine</leadnav:type>
        </extensions>
      </trkpt>
      <trkpt lat="34.796884" lon="-117.031992">
        <extensions>
          <leadnav:type>Serpentine</leadnav:type>
        </extensions>
      </trkpt>
      <trkpt lat="34.796962" lon="-117.032374">
        <extensions>
          <leadnav:type>Serpentine</leadnav:type>
        </extensions>
      </trkpt>
      <trkpt lat="34.797008" lon="-117.032770">
        <extensions>
          <leadnav:type>Serpentine</leadnav:type>
        </extensions>
      </trkpt>
      <trkpt lat="34.797028" lon="-117.033316">
        <extensions>
          <leadnav:type>Serpentine</leadnav:type>
        </extensions>
      </trkpt>
      <trkpt lat="34.796984" lon="-117.033975">
        <extensions>
          <leadnav:type>Serpentine</leadnav:type>
        </extensions>
      </trkpt>
      <trkpt lat="34.796768" lon="-117.036206">
        <extensions>
          <leadnav:type>Serpentine</leadnav:type>
        </extensions>
      </trkpt>
      <trkpt lat="34.796747" lon="-117.036441">
        <extensions>
          <leadnav:type>Serpentine</leadnav:type>
        </extensions>
      </trkpt>
      <trkpt lat="34.796654" lon="-117.037964">
        <extensions>
          <leadnav:type>Serpentine</leadnav:type>
        </extensions>
      </trkpt>
      <trkpt lat="34.796641" lon="-117.038433">
        <extensions>
          <leadnav:type>Serpentine</leadnav:type>
        </extensions>
      </trkpt>
      <trkpt lat="34.796668" lon="-117.038915">
        <extensions>
          <leadnav:type>Serpentine</leadnav:type>
        </extensions>
      </trkpt>
      <trkpt lat="34.796800" lon="-117.039591">
        <extensions>
          <leadnav:type>Serpentine</leadnav:type>
        </extensions>
      </trkpt>
      <trkpt lat="34.797026" lon="-117.040573">
        <extensions>
          <leadnav:type>Serpentine</leadnav:type>
        </extensions>
      </trkpt>
      <trkpt lat="34.797127" lon="-117.041256">
        <extensions>
          <leadnav:type>Serpentine</leadnav:type>
        </extensions>
      </trkpt>
      <trkpt lat="34.797235" lon="-117.042494">
        <extensions>
          <leadnav:type>Serpentine</leadnav:type>
        </extensions>
      </trkpt>
      <trkpt lat="34.797259" lon="-117.042656">
        <extensions>
          <leadnav:type>Serpentine</leadnav:type>
        </extensions>
      </trkpt>
      <trkpt lat="34.797265" lon="-117.042772">
        <extensions>
          <leadnav:type>Serpentine</leadnav:type>
        </extensions>
      </trkpt>
      <trkpt lat="34.797308" lon="-117.043208">
        <extensions>
          <leadnav:type>Serpentine</leadnav:type>
        </extensions>
      </trkpt>
      <trkpt lat="34.797392" lon="-117.044264">
        <extensions>
          <leadnav:type>Serpentine</leadnav:type>
        </extensions>
      </trkpt>
      <trkpt lat="34.797421" lon="-117.044519">
        <extensions>
          <leadnav:type>Serpentine</leadnav:type>
        </extensions>
      </trkpt>
      <trkpt lat="34.797440" lon="-117.044633">
        <extensions>
          <leadnav:type>Serpentine</leadnav:type>
        </extensions>
      </trkpt>
      <trkpt lat="34.797463" lon="-117.044750">
        <extensions>
          <leadnav:type>Serpentine</leadnav:type>
        </extensions>
      </trkpt>
      <trkpt lat="34.797490" lon="-117.044872">
        <extensions>
          <leadnav:type>Serpentine</leadnav:type>
        </extensions>
      </trkpt>
      <trkpt lat="34.797532" lon="-117.044994">
        <extensions>
          <leadnav:type>Serpentine</leadnav:type>
        </extensions>
      </trkpt>
      <trkpt lat="34.797635" lon="-117.045234">
        <extensions>
          <leadnav:type>Serpentine</leadnav:type>
        </extensions>
      </trkpt>
      <trkpt lat="34.797747" lon="-117.045469">
        <extensions>
          <leadnav:type>Serpentine</leadnav:type>
        </extensions>
      </trkpt>
      <trkpt lat="34.797913" lon="-117.045845">
        <extensions>
          <leadnav:type>Serpentine</leadnav:type>
        </extensions>
      </trkpt>
      <trkpt lat="34.798427" lon="-117.047167">
        <extensions>
          <leadnav:type>Serpentine</leadnav:type>
        </extensions>
      </trkpt>
      <trkpt lat="34.798483" lon="-117.047316">
        <extensions>
          <leadnav:type>Serpentine</leadnav:type>
        </extensions>
      </trkpt>
      <trkpt lat="34.798571" lon="-117.047605">
        <extensions>
          <leadnav:type>Serpentine</leadnav:type>
        </extensions>
      </trkpt>
      <trkpt lat="34.798608" lon="-117.047752">
        <extensions>
          <leadnav:type>Serpentine</leadnav:type>
        </extensions>
      </trkpt>
      <trkpt lat="34.798671" lon="-117.048028">
        <extensions>
          <leadnav:type>Serpentine</leadnav:type>
        </extensions>
      </trkpt>
      <trkpt lat="34.798728" lon="-117.048395">
        <extensions>
          <leadnav:type>Serpentine</leadnav:type>
        </extensions>
      </trkpt>
      <trkpt lat="34.798730" lon="-117.048525">
        <extensions>
          <leadnav:type>Serpentine</leadnav:type>
        </extensions>
      </trkpt>
      <trkpt lat="34.798701" lon="-117.049452">
        <extensions>
          <leadnav:type>Serpentine</leadnav:type>
        </extensions>
      </trkpt>
      <trkpt lat="34.798682" lon="-117.049865">
        <extensions>
          <leadnav:type>Serpentine</leadnav:type>
        </extensions>
      </trkpt>
      <trkpt lat="34.798701" lon="-117.049960">
        <extensions>
          <leadnav:type>Serpentine</leadnav:type>
        </extensions>
      </trkpt>
      <trkpt lat="34.798741" lon="-117.050061">
        <extensions>
          <leadnav:type>Serpentine</leadnav:type>
        </extensions>
      </trkpt>
      <trkpt lat="34.798809" lon="-117.050158">
        <extensions>
          <leadnav:type>Serpentine</leadnav:type>
        </extensions>
      </trkpt>
      <trkpt lat="34.798898" lon="-117.050234">
        <extensions>
          <leadnav:type>Serpentine</leadnav:type>
        </extensions>
      </trkpt>
      <trkpt lat="34.799005" lon="-117.050297">
        <extensions>
          <leadnav:type>Serpentine</leadnav:type>
        </extensions>
      </trkpt>
      <trkpt lat="34.799118" lon="-117.050356">
        <extensions>
          <leadnav:type>Serpentine</leadnav:type>
        </extensions>
      </trkpt>
      <trkpt lat="34.799224" lon="-117.050399">
        <extensions>
          <leadnav:type>Serpentine</leadnav:type>
        </extensions>
      </trkpt>
      <trkpt lat="34.799330" lon="-117.050417">
        <extensions>
          <leadnav:type>Serpentine</leadnav:type>
        </extensions>
      </trkpt>
      <trkpt lat="34.799444" lon="-117.050406">
        <extensions>
          <leadnav:type>Serpentine</leadnav:type>
        </extensions>
      </trkpt>
      <trkpt lat="34.799562" lon="-117.050368">
        <extensions>
          <leadnav:type>Serpentine</leadnav:type>
        </extensions>
      </trkpt>
      <trkpt lat="34.799686" lon="-117.050318">
        <extensions>
          <leadnav:type>Serpentine</leadnav:type>
        </extensions>
      </trkpt>
      <trkpt lat="34.799938" lon="-117.050201">
        <extensions>
          <leadnav:type>Serpentine</leadnav:type>
        </extensions>
      </trkpt>
      <trkpt lat="34.800062" lon="-117.050125">
        <extensions>
          <leadnav:type>Serpentine</leadnav:type>
        </extensions>
      </trkpt>
      <trkpt lat="34.800654" lon="-117.049659">
        <extensions>
          <leadnav:type>Serpentine</leadnav:type>
        </extensions>
      </trkpt>
      <trkpt lat="34.800785" lon="-117.049564">
        <extensions>
          <leadnav:type>Serpentine</leadnav:type>
        </extensions>
      </trkpt>
      <trkpt lat="34.800923" lon="-117.049476">
        <extensions>
          <leadnav:type>Serpentine</leadnav:type>
        </extensions>
      </trkpt>
      <trkpt lat="34.801069" lon="-117.049398">
        <extensions>
          <leadnav:type>Serpentine</leadnav:type>
        </extensions>
      </trkpt>
      <trkpt lat="34.802136" lon="-117.048944">
        <extensions>
          <leadnav:type>Serpentine</leadnav:type>
        </extensions>
      </trkpt>
      <trkpt lat="34.802401" lon="-117.048824">
        <extensions>
          <leadnav:type>Serpentine</leadnav:type>
        </extensions>
      </trkpt>
      <trkpt lat="34.802450" lon="-117.048829">
        <extensions>
          <leadnav:type>Serpentine</leadnav:type>
        </extensions>
      </trkpt>
      <trkpt lat="34.802548" lon="-117.048854">
        <extensions>
          <leadnav:type>Serpentine</leadnav:type>
        </extensions>
      </trkpt>
      <trkpt lat="34.802633" lon="-117.048888">
        <extensions>
          <leadnav:type>Serpentine</leadnav:type>
        </extensions>
      </trkpt>
      <trkpt lat="34.802762" lon="-117.048971">
        <extensions>
          <leadnav:type>Serpentine</leadnav:type>
        </extensions>
      </trkpt>
      <trkpt lat="34.802982" lon="-117.049174">
        <extensions>
          <leadnav:type>Serpentine</leadnav:type>
        </extensions>
      </trkpt>
      <trkpt lat="34.803046" lon="-117.049226">
        <extensions>
          <leadnav:type>Serpentine</leadnav:type>
        </extensions>
      </trkpt>
      <trkpt lat="34.803293" lon="-117.049403">
        <extensions>
          <leadnav:type>Serpentine</leadnav:type>
        </extensions>
      </trkpt>
      <trkpt lat="34.803390" lon="-117.049495">
        <extensions>
          <leadnav:type>Serpentine</leadnav:type>
        </extensions>
      </trkpt>
      <trkpt lat="34.803571" lon="-117.049685">
        <extensions>
          <leadnav:type>Serpentine</leadnav:type>
        </extensions>
      </trkpt>
      <trkpt lat="34.803659" lon="-117.049772">
        <extensions>
          <leadnav:type>Serpentine</leadnav:type>
        </extensions>
      </trkpt>
      <trkpt lat="34.803963" lon="-117.050056">
        <extensions>
          <leadnav:type>Serpentine</leadnav:type>
        </extensions>
      </trkpt>
      <trkpt lat="34.804180" lon="-117.050290">
        <extensions>
          <leadnav:type>Serpentine</leadnav:type>
        </extensions>
      </trkpt>
      <trkpt lat="34.804509" lon="-117.050664">
        <extensions>
          <leadnav:type>Serpentine</leadnav:type>
        </extensions>
      </trkpt>
      <trkpt lat="34.804964" lon="-117.051255">
        <extensions>
          <leadnav:type>Serpentine</leadnav:type>
        </extensions>
      </trkpt>
      <trkpt lat="34.805082" lon="-117.051436">
        <extensions>
          <leadnav:type>Serpentine</leadnav:type>
        </extensions>
      </trkpt>
      <trkpt lat="34.805186" lon="-117.051638">
        <extensions>
          <leadnav:type>Serpentine</leadnav:type>
        </extensions>
      </trkpt>
      <trkpt lat="34.805200" lon="-117.051677">
        <extensions>
          <leadnav:type>Serpentine</leadnav:type>
        </extensions>
      </trkpt>
      <trkpt lat="34.805214" lon="-117.051707">
        <extensions>
          <leadnav:type>Serpentine</leadnav:type>
        </extensions>
      </trkpt>
      <trkpt lat="34.805249" lon="-117.051771">
        <extensions>
          <leadnav:type>Serpentine</leadnav:type>
        </extensions>
      </trkpt>
      <trkpt lat="34.805297" lon="-117.051848">
        <extensions>
          <leadnav:type>Serpentine</leadnav:type>
        </extensions>
      </trkpt>
      <trkpt lat="34.805334" lon="-117.051915">
        <extensions>
          <leadnav:type>Serpentine</leadnav:type>
        </extensions>
      </trkpt>
      <trkpt lat="34.805495" lon="-117.051931">
        <extensions>
          <leadnav:type>Serpentine</leadnav:type>
        </extensions>
      </trkpt>
      <trkpt lat="34.805604" lon="-117.051958">
        <extensions>
          <leadnav:type>Serpentine</leadnav:type>
        </extensions>
      </trkpt>
      <trkpt lat="34.805735" lon="-117.051996">
        <extensions>
          <leadnav:type>Serpentine</leadnav:type>
        </extensions>
      </trkpt>
      <trkpt lat="34.805839" lon="-117.052064">
        <extensions>
          <leadnav:type>Serpentine</leadnav:type>
        </extensions>
      </trkpt>
      <trkpt lat="34.806063" lon="-117.052112">
        <extensions>
          <leadnav:type>Serpentine</leadnav:type>
        </extensions>
      </trkpt>
      <trkpt lat="34.806712" lon="-117.052106">
        <extensions>
          <leadnav:type>Serpentine</leadnav:type>
        </extensions>
      </trkpt>
      <trkpt lat="34.807379" lon="-117.052225">
        <extensions>
          <leadnav:type>Serpentine</leadnav:type>
        </extensions>
      </trkpt>
      <trkpt lat="34.807952" lon="-117.052271">
        <extensions>
          <leadnav:type>Serpentine</leadnav:type>
        </extensions>
      </trkpt>
      <trkpt lat="34.808378" lon="-117.052279">
        <extensions>
          <leadnav:type>Serpentine</leadnav:type>
        </extensions>
      </trkpt>
      <trkpt lat="34.808655" lon="-117.052354">
        <extensions>
          <leadnav:type>Serpentine</leadnav:type>
        </extensions>
      </trkpt>
      <trkpt lat="34.809033" lon="-117.052584">
        <extensions>
          <leadnav:type>Serpentine</leadnav:type>
        </extensions>
      </trkpt>
      <trkpt lat="34.809468" lon="-117.052942">
        <extensions>
          <leadnav:type>Serpentine</leadnav:type>
        </extensions>
      </trkpt>
      <trkpt lat="34.809765" lon="-117.053117">
        <extensions>
          <leadnav:type>Serpentine</leadnav:type>
        </extensions>
      </trkpt>
      <trkpt lat="34.810294" lon="-117.053365">
        <extensions>
          <leadnav:type>Serpentine</leadnav:type>
        </extensions>
      </trkpt>
      <trkpt lat="34.810679" lon="-117.053529">
        <extensions>
          <leadnav:type>Serpentine</leadnav:type>
        </extensions>
      </trkpt>
      <trkpt lat="34.810899" lon="-117.053806">
        <extensions>
          <leadnav:type>Serpentine</leadnav:type>
        </extensions>
      </trkpt>
      <trkpt lat="34.811007" lon="-117.054052">
        <extensions>
          <leadnav:type>Serpentine</leadnav:type>
        </extensions>
      </trkpt>
      <trkpt lat="34.811192" lon="-117.054243">
        <extensions>
          <leadnav:type>Serpentine</leadnav:type>
        </extensions>
      </trkpt>
      <trkpt lat="34.811402" lon="-117.054299">
        <extensions>
          <leadnav:type>Serpentine</leadnav:type>
        </extensions>
      </trkpt>
      <trkpt lat="34.811678" lon="-117.054277">
        <extensions>
          <leadnav:type>Serpentine</leadnav:type>
        </extensions>
      </trkpt>
      <trkpt lat="34.811953" lon="-117.054518">
        <extensions>
          <leadnav:type>Serpentine</leadnav:type>
        </extensions>
      </trkpt>
      <trkpt lat="34.812093" lon="-117.054799">
        <extensions>
          <leadnav:type>Serpentine</leadnav:type>
        </extensions>
      </trkpt>
      <trkpt lat="34.812743" lon="-117.056236">
        <extensions>
          <leadnav:type>Serpentine</leadnav:type>
        </extensions>
      </trkpt>
      <trkpt lat="34.812795" lon="-117.056447">
        <extensions>
          <leadnav:type>Serpentine</leadnav:type>
        </extensions>
      </trkpt>
      <trkpt lat="34.812790" lon="-117.057014">
        <extensions>
          <leadnav:type>Serpentine</leadnav:type>
        </extensions>
      </trkpt>
      <trkpt lat="34.812834" lon="-117.058048">
        <extensions>
          <leadnav:type>Serpentine</leadnav:type>
        </extensions>
      </trkpt>
      <trkpt lat="34.812824" lon="-117.059618">
        <extensions>
          <leadnav:type>Serpentine</leadnav:type>
        </extensions>
      </trkpt>
      <trkpt lat="34.812623" lon="-117.060989">
        <extensions>
          <leadnav:type>Serpentine</leadnav:type>
        </extensions>
      </trkpt>
      <trkpt lat="34.812266" lon="-117.063079">
        <extensions>
          <leadnav:type>Serpentine</leadnav:type>
        </extensions>
      </trkpt>
      <trkpt lat="34.812241" lon="-117.063596">
        <extensions>
          <leadnav:type>Serpentine</leadnav:type>
        </extensions>
      </trkpt>
      <trkpt lat="34.812439" lon="-117.064025">
        <extensions>
          <leadnav:type>Serpentine</leadnav:type>
        </extensions>
      </trkpt>
      <trkpt lat="34.812736" lon="-117.064459">
        <extensions>
          <leadnav:type>Serpentine</leadnav:type>
        </extensions>
      </trkpt>
      <trkpt lat="34.813395" lon="-117.065320">
        <extensions>
          <leadnav:type>Serpentine</leadnav:type>
        </extensions>
      </trkpt>
      <trkpt lat="34.814259" lon="-117.066367">
        <extensions>
          <leadnav:type>Serpentine</leadnav:type>
        </extensions>
      </trkpt>
      <trkpt lat="34.814593" lon="-117.066838">
        <extensions>
          <leadnav:type>Serpentine</leadnav:type>
        </extensions>
      </trkpt>
      <trkpt lat="34.814663" lon="-117.066944">
        <extensions>
          <leadnav:type>Serpentine</leadnav:type>
        </extensions>
      </trkpt>
      <trkpt lat="34.814771" lon="-117.067143">
        <extensions>
          <leadnav:type>Serpentine</leadnav:type>
        </extensions>
      </trkpt>
      <trkpt lat="34.814829" lon="-117.067244">
        <extensions>
          <leadnav:type>Serpentine</leadnav:type>
        </extensions>
      </trkpt>
      <trkpt lat="34.814889" lon="-117.067359">
        <extensions>
          <leadnav:type>Serpentine</leadnav:type>
        </extensions>
      </trkpt>
      <trkpt lat="34.815005" lon="-117.067638">
        <extensions>
          <leadnav:type>Serpentine</leadnav:type>
        </extensions>
      </trkpt>
      <trkpt lat="34.815053" lon="-117.067802">
        <extensions>
          <leadnav:type>Serpentine</leadnav:type>
        </extensions>
      </trkpt>
      <trkpt lat="34.815092" lon="-117.067977">
        <extensions>
          <leadnav:type>Serpentine</leadnav:type>
        </extensions>
      </trkpt>
      <trkpt lat="34.815181" lon="-117.068488">
        <extensions>
          <leadnav:type>Serpentine</leadnav:type>
        </extensions>
      </trkpt>
      <trkpt lat="34.815198" lon="-117.068641">
        <extensions>
          <leadnav:type>Serpentine</leadnav:type>
        </extensions>
      </trkpt>
      <trkpt lat="34.815221" lon="-117.068923">
        <extensions>
          <leadnav:type>Serpentine</leadnav:type>
        </extensions>
      </trkpt>
      <trkpt lat="34.815225" lon="-117.069053">
        <extensions>
          <leadnav:type>Serpentine</leadnav:type>
        </extensions>
      </trkpt>
      <trkpt lat="34.815224" lon="-117.069180">
        <extensions>
          <leadnav:type>Serpentine</leadnav:type>
        </extensions>
      </trkpt>
      <trkpt lat="34.815219" lon="-117.069309">
        <extensions>
          <leadnav:type>Serpentine</leadnav:type>
        </extensions>
      </trkpt>
      <trkpt lat="34.815202" lon="-117.069575">
        <extensions>
          <leadnav:type>Serpentine</leadnav:type>
        </extensions>
      </trkpt>
      <trkpt lat="34.815178" lon="-117.069853">
        <extensions>
          <leadnav:type>Serpentine</leadnav:type>
        </extensions>
      </trkpt>
      <trkpt lat="34.815121" lon="-117.070255">
        <extensions>
          <leadnav:type>Serpentine</leadnav:type>
        </extensions>
      </trkpt>
      <trkpt lat="34.815096" lon="-117.070395">
        <extensions>
          <leadnav:type>Serpentine</leadnav:type>
        </extensions>
      </trkpt>
      <trkpt lat="34.815031" lon="-117.070667">
        <extensions>
          <leadnav:type>Serpentine</leadnav:type>
        </extensions>
      </trkpt>
      <trkpt lat="34.814952" lon="-117.070887">
        <extensions>
          <leadnav:type>Serpentine</leadnav:type>
        </extensions>
      </trkpt>
      <trkpt lat="34.814954" lon="-117.070902">
        <extensions>
          <leadnav:type>Serpentine</leadnav:type>
        </extensions>
      </trkpt>
      <trkpt lat="34.814791" lon="-117.072733">
        <extensions>
          <leadnav:type>Serpentine</leadnav:type>
        </extensions>
      </trkpt>
      <trkpt lat="34.814777" lon="-117.073122">
        <extensions>
          <leadnav:type>Serpentine</leadnav:type>
        </extensions>
      </trkpt>
      <trkpt lat="34.814727" lon="-117.073425">
        <extensions>
          <leadnav:type>Serpentine</leadnav:type>
        </extensions>
      </trkpt>
      <trkpt lat="34.814655" lon="-117.073800">
        <extensions>
          <leadnav:type>Serpentine</leadnav:type>
        </extensions>
      </trkpt>
      <trkpt lat="34.814516" lon="-117.074446">
        <extensions>
          <leadnav:type>Serpentine</leadnav:type>
        </extensions>
      </trkpt>
      <trkpt lat="34.814343" lon="-117.075431">
        <extensions>
          <leadnav:type>Serpentine</leadnav:type>
        </extensions>
      </trkpt>
      <trkpt lat="34.814303" lon="-117.075736">
        <extensions>
          <leadnav:type>Serpentine</leadnav:type>
        </extensions>
      </trkpt>
      <trkpt lat="34.814285" lon="-117.076107">
        <extensions>
          <leadnav:type>Serpentine</leadnav:type>
        </extensions>
      </trkpt>
      <trkpt lat="34.814324" lon="-117.077770">
        <extensions>
          <leadnav:type>Serpentine</leadnav:type>
        </extensions>
      </trkpt>
      <trkpt lat="34.814322" lon="-117.077949">
        <extensions>
          <leadnav:type>Serpentine</leadnav:type>
        </extensions>
      </trkpt>
      <trkpt lat="34.814330" lon="-117.078324">
        <extensions>
          <leadnav:type>Serpentine</leadnav:type>
        </extensions>
      </trkpt>
      <trkpt lat="34.814312" lon="-117.078664">
        <extensions>
          <leadnav:type>Serpentine</leadnav:type>
        </extensions>
      </trkpt>
      <trkpt lat="34.814184" lon="-117.079199">
        <extensions>
          <leadnav:type>Serpentine</leadnav:type>
        </extensions>
      </trkpt>
      <trkpt lat="34.814142" lon="-117.079344">
        <extensions>
          <leadnav:type>Serpentine</leadnav:type>
        </extensions>
      </trkpt>
      <trkpt lat="34.814114" lon="-117.079414">
        <extensions>
          <leadnav:type>Serpentine</leadnav:type>
        </extensions>
      </trkpt>
      <trkpt lat="34.814091" lon="-117.079503">
        <extensions>
          <leadnav:type>Serpentine</leadnav:type>
        </extensions>
      </trkpt>
      <trkpt lat="34.814061" lon="-117.079607">
        <extensions>
          <leadnav:type>Serpentine</leadnav:type>
        </extensions>
      </trkpt>
      <trkpt lat="34.814015" lon="-117.079712">
        <extensions>
          <leadnav:type>Serpentine</leadnav:type>
        </extensions>
      </trkpt>
      <trkpt lat="34.813966" lon="-117.079812">
        <extensions>
          <leadnav:type>Serpentine</leadnav:type>
        </extensions>
      </trkpt>
      <trkpt lat="34.813733" lon="-117.080351">
        <extensions>
          <leadnav:type>Serpentine</leadnav:type>
        </extensions>
      </trkpt>
      <trkpt lat="34.813613" lon="-117.080508">
        <extensions>
          <leadnav:type>Serpentine</leadnav:type>
        </extensions>
      </trkpt>
      <trkpt lat="34.813538" lon="-117.080563">
        <extensions>
          <leadnav:type>Serpentine</leadnav:type>
        </extensions>
      </trkpt>
      <trkpt lat="34.813481" lon="-117.080588">
        <extensions>
          <leadnav:type>Serpentine</leadnav:type>
        </extensions>
      </trkpt>
      <trkpt lat="34.813414" lon="-117.080548">
        <extensions>
          <leadnav:type>Serpentine</leadnav:type>
        </extensions>
      </trkpt>
      <trkpt lat="34.813369" lon="-117.080504">
        <extensions>
          <leadnav:type>Serpentine</leadnav:type>
        </extensions>
      </trkpt>
      <trkpt lat="34.813302" lon="-117.080458">
        <extensions>
          <leadnav:type>Serpentine</leadnav:type>
        </extensions>
      </trkpt>
      <trkpt lat="34.813194" lon="-117.080422">
        <extensions>
          <leadnav:type>Serpentine</leadnav:type>
        </extensions>
      </trkpt>
      <trkpt lat="34.812929" lon="-117.080510">
        <extensions>
          <leadnav:type>Serpentine</leadnav:type>
        </extensions>
      </trkpt>
      <trkpt lat="34.812864" lon="-117.080558">
        <extensions>
          <leadnav:type>Serpentine</leadnav:type>
        </extensions>
      </trkpt>
      <trkpt lat="34.812846" lon="-117.080679">
        <extensions>
          <leadnav:type>Serpentine</leadnav:type>
        </extensions>
      </trkpt>
      <trkpt lat="34.812832" lon="-117.080758">
        <extensions>
          <leadnav:type>Serpentine</leadnav:type>
        </extensions>
      </trkpt>
      <trkpt lat="34.812820" lon="-117.080858">
        <extensions>
          <leadnav:type>Serpentine</leadnav:type>
        </extensions>
      </trkpt>
      <trkpt lat="34.812794" lon="-117.080957">
        <extensions>
          <leadnav:type>Serpentine</leadnav:type>
        </extensions>
      </trkpt>
      <trkpt lat="34.812717" lon="-117.081130">
        <extensions>
          <leadnav:type>Serpentine</leadnav:type>
        </extensions>
      </trkpt>
      <trkpt lat="34.812672" lon="-117.081201">
        <extensions>
          <leadnav:type>Serpentine</leadnav:type>
        </extensions>
      </trkpt>
      <trkpt lat="34.812614" lon="-117.081268">
        <extensions>
          <leadnav:type>Serpentine</leadnav:type>
        </extensions>
      </trkpt>
      <trkpt lat="34.812530" lon="-117.081324">
        <extensions>
          <leadnav:type>Serpentine</leadnav:type>
        </extensions>
      </trkpt>
      <trkpt lat="34.812344" lon="-117.081402">
        <extensions>
          <leadnav:type>Serpentine</leadnav:type>
        </extensions>
      </trkpt>
      <trkpt lat="34.812264" lon="-117.081408">
        <extensions>
          <leadnav:type>Serpentine</leadnav:type>
        </extensions>
      </trkpt>
      <trkpt lat="34.812179" lon="-117.081420">
        <extensions>
          <leadnav:type>Serpentine</leadnav:type>
        </extensions>
      </trkpt>
      <trkpt lat="34.811815" lon="-117.081498">
        <extensions>
          <leadnav:type>Serpentine</leadnav:type>
        </extensions>
      </trkpt>
      <trkpt lat="34.811602" lon="-117.081516">
        <extensions>
          <leadnav:type>Serpentine</leadnav:type>
        </extensions>
      </trkpt>
      <trkpt lat="34.811353" lon="-117.081561">
        <extensions>
          <leadnav:type>Serpentine</leadnav:type>
        </extensions>
      </trkpt>
      <trkpt lat="34.811133" lon="-117.081652">
        <extensions>
          <leadnav:type>Serpentine</leadnav:type>
        </extensions>
      </trkpt>
      <trkpt lat="34.810898" lon="-117.081722">
        <extensions>
          <leadnav:type>Serpentine</leadnav:type>
        </extensions>
      </trkpt>
      <trkpt lat="34.810678" lon="-117.081835">
        <extensions>
          <leadnav:type>Serpentine</leadnav:type>
        </extensions>
      </trkpt>
      <trkpt lat="34.810573" lon="-117.081894">
        <extensions>
          <leadnav:type>Serpentine</leadnav:type>
        </extensions>
      </trkpt>
      <trkpt lat="34.810511" lon="-117.081923">
        <extensions>
          <leadnav:type>Serpentine</leadnav:type>
        </extensions>
      </trkpt>
      <trkpt lat="34.810406" lon="-117.081960">
        <extensions>
          <leadnav:type>Serpentine</leadnav:type>
        </extensions>
      </trkpt>
      <trkpt lat="34.810348" lon="-117.081953">
        <extensions>
          <leadnav:type>Serpentine</leadnav:type>
        </extensions>
      </trkpt>
      <trkpt lat="34.810287" lon="-117.081942">
        <extensions>
          <leadnav:type>Serpentine</leadnav:type>
        </extensions>
      </trkpt>
      <trkpt lat="34.810234" lon="-117.081940">
        <extensions>
          <leadnav:type>Serpentine</leadnav:type>
        </extensions>
      </trkpt>
      <trkpt lat="34.809930" lon="-117.081808">
        <extensions>
          <leadnav:type>Serpentine</leadnav:type>
        </extensions>
      </trkpt>
      <trkpt lat="34.809673" lon="-117.081718">
        <extensions>
          <leadnav:type>Serpentine</leadnav:type>
        </extensions>
      </trkpt>
      <trkpt lat="34.809600" lon="-117.081695">
        <extensions>
          <leadnav:type>Serpentine</leadnav:type>
        </extensions>
      </trkpt>
      <trkpt lat="34.809529" lon="-117.081661">
        <extensions>
          <leadnav:type>Serpentine</leadnav:type>
        </extensions>
      </trkpt>
      <trkpt lat="34.809464" lon="-117.081617">
        <extensions>
          <leadnav:type>Serpentine</leadnav:type>
        </extensions>
      </trkpt>
      <trkpt lat="34.809406" lon="-117.081570">
        <extensions>
          <leadnav:type>Serpentine</leadnav:type>
        </extensions>
      </trkpt>
      <trkpt lat="34.809075" lon="-117.081372">
        <extensions>
          <leadnav:type>Serpentine</leadnav:type>
        </extensions>
      </trkpt>
      <trkpt lat="34.808845" lon="-117.081130">
        <extensions>
          <leadnav:type>Serpentine</leadnav:type>
        </extensions>
      </trkpt>
      <trkpt lat="34.808781" lon="-117.080959">
        <extensions>
          <leadnav:type>Serpentine</leadnav:type>
        </extensions>
      </trkpt>
      <trkpt lat="34.808732" lon="-117.080890">
        <extensions>
          <leadnav:type>Serpentine</leadnav:type>
        </extensions>
      </trkpt>
      <trkpt lat="34.808671" lon="-117.080840">
        <extensions>
          <leadnav:type>Serpentine</leadnav:type>
        </extensions>
      </trkpt>
      <trkpt lat="34.808616" lon="-117.080812">
        <extensions>
          <leadnav:type>Serpentine</leadnav:type>
        </extensions>
      </trkpt>
      <trkpt lat="34.808562" lon="-117.080779">
        <extensions>
          <leadnav:type>Serpentine</leadnav:type>
        </extensions>
      </trkpt>
      <trkpt lat="34.808519" lon="-117.080700">
        <extensions>
          <leadnav:type>Serpentine</leadnav:type>
        </extensions>
      </trkpt>
      <trkpt lat="34.808473" lon="-117.080544">
        <extensions>
          <leadnav:type>Serpentine</leadnav:type>
        </extensions>
      </trkpt>
      <trkpt lat="34.808451" lon="-117.080496">
        <extensions>
          <leadnav:type>Serpentine</leadnav:type>
        </extensions>
      </trkpt>
      <trkpt lat="34.808415" lon="-117.080448">
        <extensions>
          <leadnav:type>Serpentine</leadnav:type>
        </extensions>
      </trkpt>
      <trkpt lat="34.808395" lon="-117.080418">
        <extensions>
          <leadnav:type>Serpentine</leadnav:type>
        </extensions>
      </trkpt>
      <trkpt lat="34.808355" lon="-117.080389">
        <extensions>
          <leadnav:type>Serpentine</leadnav:type>
        </extensions>
      </trkpt>
      <trkpt lat="34.808327" lon="-117.080366">
        <extensions>
          <leadnav:type>Serpentine</leadnav:type>
        </extensions>
      </trkpt>
      <trkpt lat="34.808279" lon="-117.080382">
        <extensions>
          <leadnav:type>Serpentine</leadnav:type>
        </extensions>
      </trkpt>
      <trkpt lat="34.808252" lon="-117.080408">
        <extensions>
          <leadnav:type>Serpentine</leadnav:type>
        </extensions>
      </trkpt>
      <trkpt lat="34.808227" lon="-117.080444">
        <extensions>
          <leadnav:type>Serpentine</leadnav:type>
        </extensions>
      </trkpt>
      <trkpt lat="34.808192" lon="-117.080476">
        <extensions>
          <leadnav:type>Serpentine</leadnav:type>
        </extensions>
      </trkpt>
      <trkpt lat="34.808158" lon="-117.080504">
        <extensions>
          <leadnav:type>Serpentine</leadnav:type>
        </extensions>
      </trkpt>
      <trkpt lat="34.808085" lon="-117.080552">
        <extensions>
          <leadnav:type>Serpentine</leadnav:type>
        </extensions>
      </trkpt>
      <trkpt lat="34.808023" lon="-117.080600">
        <extensions>
          <leadnav:type>Serpentine</leadnav:type>
        </extensions>
      </trkpt>
      <trkpt lat="34.807898" lon="-117.080717">
        <extensions>
          <leadnav:type>Serpentine</leadnav:type>
        </extensions>
      </trkpt>
      <trkpt lat="34.807865" lon="-117.080769">
        <extensions>
          <leadnav:type>Serpentine</leadnav:type>
        </extensions>
      </trkpt>
      <trkpt lat="34.807825" lon="-117.080811">
        <extensions>
          <leadnav:type>Serpentine</leadnav:type>
        </extensions>
      </trkpt>
      <trkpt lat="34.807757" lon="-117.080897">
        <extensions>
          <leadnav:type>Serpentine</leadnav:type>
        </extensions>
      </trkpt>
      <trkpt lat="34.807654" lon="-117.081094">
        <extensions>
          <leadnav:type>Serpentine</leadnav:type>
        </extensions>
      </trkpt>
      <trkpt lat="34.807617" lon="-117.081172">
        <extensions>
          <leadnav:type>Serpentine</leadnav:type>
        </extensions>
      </trkpt>
      <trkpt lat="34.807588" lon="-117.081257">
        <extensions>
          <leadnav:type>Serpentine</leadnav:type>
        </extensions>
      </trkpt>
      <trkpt lat="34.807569" lon="-117.081340">
        <extensions>
          <leadnav:type>Serpentine</leadnav:type>
        </extensions>
      </trkpt>
      <trkpt lat="34.807567" lon="-117.081418">
        <extensions>
          <leadnav:type>Serpentine</leadnav:type>
        </extensions>
      </trkpt>
      <trkpt lat="34.807586" lon="-117.081495">
        <extensions>
          <leadnav:type>Serpentine</leadnav:type>
        </extensions>
      </trkpt>
      <trkpt lat="34.807611" lon="-117.081568">
        <extensions>
          <leadnav:type>Serpentine</leadnav:type>
        </extensions>
      </trkpt>
      <trkpt lat="34.807667" lon="-117.081636">
        <extensions>
          <leadnav:type>Serpentine</leadnav:type>
        </extensions>
      </trkpt>
      <trkpt lat="34.807747" lon="-117.081689">
        <extensions>
          <leadnav:type>Serpentine</leadnav:type>
        </extensions>
      </trkpt>
      <trkpt lat="34.807812" lon="-117.081749">
        <extensions>
          <leadnav:type>Serpentine</leadnav:type>
        </extensions>
      </trkpt>
      <trkpt lat="34.807929" lon="-117.081840">
        <extensions>
          <leadnav:type>Serpentine</leadnav:type>
        </extensions>
      </trkpt>
      <trkpt lat="34.807995" lon="-117.081882">
        <extensions>
          <leadnav:type>Serpentine</leadnav:type>
        </extensions>
      </trkpt>
      <trkpt lat="34.808127" lon="-117.081938">
        <extensions>
          <leadnav:type>Serpentine</leadnav:type>
        </extensions>
      </trkpt>
      <trkpt lat="34.808239" lon="-117.082023">
        <extensions>
          <leadnav:type>Serpentine</leadnav:type>
        </extensions>
      </trkpt>
      <trkpt lat="34.808283" lon="-117.082047">
        <extensions>
          <leadnav:type>Serpentine</leadnav:type>
        </extensions>
      </trkpt>
      <trkpt lat="34.808383" lon="-117.082094">
        <extensions>
          <leadnav:type>Serpentine</leadnav:type>
        </extensions>
      </trkpt>
      <trkpt lat="34.808453" lon="-117.082123">
        <extensions>
          <leadnav:type>Serpentine</leadnav:type>
        </extensions>
      </trkpt>
      <trkpt lat="34.809005" lon="-117.082405">
        <extensions>
          <leadnav:type>Serpentine</leadnav:type>
        </extensions>
      </trkpt>
      <trkpt lat="34.809244" lon="-117.082426">
        <extensions>
          <leadnav:type>Serpentine</leadnav:type>
        </extensions>
      </trkpt>
      <trkpt lat="34.809338" lon="-117.082417">
        <extensions>
          <leadnav:type>Serpentine</leadnav:type>
        </extensions>
      </trkpt>
      <trkpt lat="34.809681" lon="-117.082417">
        <extensions>
          <leadnav:type>Serpentine</leadnav:type>
        </extensions>
      </trkpt>
      <trkpt lat="34.809760" lon="-117.082456">
        <extensions>
          <leadnav:type>Serpentine</leadnav:type>
        </extensions>
      </trkpt>
      <trkpt lat="34.809827" lon="-117.082522">
        <extensions>
          <leadnav:type>Serpentine</leadnav:type>
        </extensions>
      </trkpt>
      <trkpt lat="34.809900" lon="-117.082607">
        <extensions>
          <leadnav:type>Serpentine</leadnav:type>
        </extensions>
      </trkpt>
      <trkpt lat="34.809980" lon="-117.082694">
        <extensions>
          <leadnav:type>Serpentine</leadnav:type>
        </extensions>
      </trkpt>
      <trkpt lat="34.810207" lon="-117.082883">
        <extensions>
          <leadnav:type>Serpentine</leadnav:type>
        </extensions>
      </trkpt>
      <trkpt lat="34.810280" lon="-117.082922">
        <extensions>
          <leadnav:type>Serpentine</leadnav:type>
        </extensions>
      </trkpt>
      <trkpt lat="34.810347" lon="-117.082941">
        <extensions>
          <leadnav:type>Serpentine</leadnav:type>
        </extensions>
      </trkpt>
      <trkpt lat="34.810839" lon="-117.083099">
        <extensions>
          <leadnav:type>Serpentine</leadnav:type>
        </extensions>
      </trkpt>
      <trkpt lat="34.810935" lon="-117.083110">
        <extensions>
          <leadnav:type>Serpentine</leadnav:type>
        </extensions>
      </trkpt>
      <trkpt lat="34.811110" lon="-117.083078">
        <extensions>
          <leadnav:type>Serpentine</leadnav:type>
        </extensions>
      </trkpt>
      <trkpt lat="34.811389" lon="-117.082959">
        <extensions>
          <leadnav:type>Serpentine</leadnav:type>
        </extensions>
      </trkpt>
      <trkpt lat="34.811486" lon="-117.082889">
        <extensions>
          <leadnav:type>Serpentine</leadnav:type>
        </extensions>
      </trkpt>
      <trkpt lat="34.811595" lon="-117.082826">
        <extensions>
          <leadnav:type>Serpentine</leadnav:type>
        </extensions>
      </trkpt>
      <trkpt lat="34.811827" lon="-117.082666">
        <extensions>
          <leadnav:type>Serpentine</leadnav:type>
        </extensions>
      </trkpt>
      <trkpt lat="34.812431" lon="-117.082315">
        <extensions>
          <leadnav:type>Serpentine</leadnav:type>
        </extensions>
      </trkpt>
      <trkpt lat="34.812506" lon="-117.082276">
        <extensions>
          <leadnav:type>Serpentine</leadnav:type>
        </extensions>
      </trkpt>
      <trkpt lat="34.812572" lon="-117.082278">
        <extensions>
          <leadnav:type>Serpentine</leadnav:type>
        </extensions>
      </trkpt>
      <trkpt lat="34.812629" lon="-117.082325">
        <extensions>
          <leadnav:type>Serpentine</leadnav:type>
        </extensions>
      </trkpt>
      <trkpt lat="34.812678" lon="-117.082394">
        <extensions>
          <leadnav:type>Serpentine</leadnav:type>
        </extensions>
      </trkpt>
      <trkpt lat="34.812719" lon="-117.082483">
        <extensions>
          <leadnav:type>Serpentine</leadnav:type>
        </extensions>
      </trkpt>
      <trkpt lat="34.812746" lon="-117.082586">
        <extensions>
          <leadnav:type>Serpentine</leadnav:type>
        </extensions>
      </trkpt>
      <trkpt lat="34.812762" lon="-117.082693">
        <extensions>
          <leadnav:type>Serpentine</leadnav:type>
        </extensions>
      </trkpt>
      <trkpt lat="34.812762" lon="-117.082992">
        <extensions>
          <leadnav:type>Serpentine</leadnav:type>
        </extensions>
      </trkpt>
      <trkpt lat="34.812735" lon="-117.083103">
        <extensions>
          <leadnav:type>Serpentine</leadnav:type>
        </extensions>
      </trkpt>
      <trkpt lat="34.812523" lon="-117.083316">
        <extensions>
          <leadnav:type>Serpentine</leadnav:type>
        </extensions>
      </trkpt>
      <trkpt lat="34.812444" lon="-117.083375">
        <extensions>
          <leadnav:type>Serpentine</leadnav:type>
        </extensions>
      </trkpt>
      <trkpt lat="34.812203" lon="-117.083502">
        <extensions>
          <leadnav:type>Serpentine</leadnav:type>
        </extensions>
      </trkpt>
      <trkpt lat="34.812081" lon="-117.083559">
        <extensions>
          <leadnav:type>Serpentine</leadnav:type>
        </extensions>
      </trkpt>
      <trkpt lat="34.811914" lon="-117.083593">
        <extensions>
          <leadnav:type>Serpentine</leadnav:type>
        </extensions>
      </trkpt>
      <trkpt lat="34.811804" lon="-117.083636">
        <extensions>
          <leadnav:type>Serpentine</leadnav:type>
        </extensions>
      </trkpt>
      <trkpt lat="34.810704" lon="-117.083997">
        <extensions>
          <leadnav:type>Serpentine</leadnav:type>
        </extensions>
      </trkpt>
      <trkpt lat="34.809751" lon="-117.084272">
        <extensions>
          <leadnav:type>Serpentine</leadnav:type>
        </extensions>
      </trkpt>
    </trkseg>
  </trk>
  <trk>
    <name>Hodge Pit Row</name>
    <trkseg>
      <trkpt lat="34.729212" lon="-117.131602">
        <extensions>
          <leadnav:type>Serpentine</leadnav:type>
        </extensions>
      </trkpt>
      <trkpt lat="34.729952" lon="-117.131026">
        <extensions>
          <leadnav:type>Serpentine</leadnav:type>
        </extensions>
      </trkpt>
      <trkpt lat="34.730299" lon="-117.130768">
        <extensions>
          <leadnav:type>Serpentine</leadnav:type>
        </extensions>
      </trkpt>
      <trkpt lat="34.730532" lon="-117.130662">
        <extensions>
          <leadnav:type>Serpentine</leadnav:type>
        </extensions>
      </trkpt>
      <trkpt lat="34.730863" lon="-117.130479">
        <extensions>
          <leadnav:type>Serpentine</leadnav:type>
        </extensions>
      </trkpt>
      <trkpt lat="34.731184" lon="-117.130272">
        <extensions>
          <leadnav:type>Serpentine</leadnav:type>
        </extensions>
      </trkpt>
      <trkpt lat="34.731287" lon="-117.130201">
        <extensions>
          <leadnav:type>Serpentine</leadnav:type>
        </extensions>
      </trkpt>
      <trkpt lat="34.731493" lon="-117.130070">
        <extensions>
          <leadnav:type>Serpentine</leadnav:type>
        </extensions>
      </trkpt>
      <trkpt lat="34.732239" lon="-117.129696">
        <extensions>
          <leadnav:type>Serpentine</leadnav:type>
        </extensions>
      </trkpt>
      <trkpt lat="34.732442" lon="-117.129577">
        <extensions>
          <leadnav:type>Serpentine</leadnav:type>
        </extensions>
      </trkpt>
      <trkpt lat="34.732736" lon="-117.129355">
        <extensions>
          <leadnav:type>Serpentine</leadnav:type>
        </extensions>
      </trkpt>
      <trkpt lat="34.733010" lon="-117.129121">
        <extensions>
          <leadnav:type>Serpentine</leadnav:type>
        </extensions>
      </trkpt>
      <trkpt lat="34.733375" lon="-117.128786">
        <extensions>
          <leadnav:type>Serpentine</leadnav:type>
        </extensions>
      </trkpt>
      <trkpt lat="34.733545" lon="-117.128608">
        <extensions>
          <leadnav:type>Serpentine</leadnav:type>
        </extensions>
      </trkpt>
      <trkpt lat="34.733769" lon="-117.128353">
        <extensions>
          <leadnav:type>Serpentine</leadnav:type>
        </extensions>
      </trkpt>
      <trkpt lat="34.733952" lon="-117.128132">
        <extensions>
          <leadnav:type>Serpentine</leadnav:type>
        </extensions>
      </trkpt>
      <trkpt lat="34.733991" lon="-117.128057">
        <extensions>
          <leadnav:type>Serpentine</leadnav:type>
        </extensions>
      </trkpt>
      <trkpt lat="34.734002" lon="-117.127980">
        <extensions>
          <leadnav:type>Serpentine</leadnav:type>
        </extensions>
      </trkpt>
      <trkpt lat="34.733979" lon="-117.127902">
        <extensions>
          <leadnav:type>Serpentine</leadnav:type>
        </extensions>
      </trkpt>
      <trkpt lat="34.733856" lon="-117.127699">
        <extensions>
          <leadnav:type>Serpentine</leadnav:type>
        </extensions>
      </trkpt>
      <trkpt lat="34.733784" lon="-117.127572">
        <extensions>
          <leadnav:type>Serpentine</leadnav:type>
        </extensions>
      </trkpt>
      <trkpt lat="34.733662" lon="-117.127335">
        <extensions>
          <leadnav:type>Serpentine</leadnav:type>
        </extensions>
      </trkpt>
      <trkpt lat="34.733608" lon="-117.127238">
        <extensions>
          <leadnav:type>Serpentine</leadnav:type>
        </extensions>
      </trkpt>
      <trkpt lat="34.733522" lon="-117.127125">
        <extensions>
          <leadnav:type>Serpentine</leadnav:type>
        </extensions>
      </trkpt>
      <trkpt lat="34.733252" lon="-117.126697">
        <extensions>
          <leadnav:type>Serpentine</leadnav:type>
        </extensions>
      </trkpt>
      <trkpt lat="34.733151" lon="-117.126575">
        <extensions>
          <leadnav:type>Serpentine</leadnav:type>
        </extensions>
      </trkpt>
      <trkpt lat="34.733018" lon="-117.126445">
        <extensions>
          <leadnav:type>Serpentine</leadnav:type>
        </extensions>
      </trkpt>
    </trkseg>
  </trk>
</gpx>