<?xml version="1.0" encoding="utf-8"?>
<COLLADA xmlns="http://www.collada.org/2005/11/COLLADASchema" version="1.4.1" xmlns:xsi="http://www.w3.org/2001/XMLSchema-instance">
  <asset>
    <contributor>
      <author>Blender User</author>
      <authoring_tool>Blender 4.2.9 LTS commit date:2025-04-14, commit time:12:24, hash:a10f621e649a</authoring_tool>
    </contributor>
    <created>2026-08-01T07:39:54</created>
    <modified>2026-08-01T07:39:54</modified>
    <unit name="meter" meter="1"/>
    <up_axis>Z_UP</up_axis>
  </asset>
  <library_effects>
    <effect id="PP_roof-effect">
      <profile_COMMON>
        <newparam sid="pp_roof_png-surface">
          <surface type="2D">
            <init_from>pp_roof_png</init_from>
          </surface>
        </newparam>
        <newparam sid="pp_roof_png-sampler">
          <sampler2D>
            <source>pp_roof_png-surface</source>
          </sampler2D>
        </newparam>
        <technique sid="common">
          <lambert>
            <emission>
              <color sid="emission">0 0 0 1</color>
            </emission>
            <diffuse>
              <texture texture="pp_roof_png-sampler" texcoord="UVMap"/>
            </diffuse>
            <index_of_refraction>
              <float sid="ior">1.5</float>
            </index_of_refraction>
          </lambert>
        </technique>
      </profile_COMMON>
    </effect>
    <effect id="PP_logo-effect">
      <profile_COMMON>
        <newparam sid="pp_logo_png-surface">
          <surface type="2D">
            <init_from>pp_logo_png</init_from>
          </surface>
        </newparam>
        <newparam sid="pp_logo_png-sampler">
          <sampler2D>
            <source>pp_logo_png-surface</source>
          </sampler2D>
        </newparam>
        <technique sid="common">
          <lambert>
            <emission>
              <color sid="emission">0 0 0 1</color>
            </emission>
            <diffuse>
              <texture texture="pp_logo_png-sampler" texcoord="UVMap"/>
            </diffuse>
            <index_of_refraction>
              <float sid="ior">1.5</float>
            </index_of_refraction>
          </lambert>
        </technique>
      </profile_COMMON>
    </effect>
    <effect id="PP_door-effect">
      <profile_COMMON>
        <newparam sid="pp_door_blue_png-surface">
          <surface type="2D">
            <init_from>pp_door_blue_png</init_from>
          </surface>
        </newparam>
        <newparam sid="pp_door_blue_png-sampler">
          <sampler2D>
            <source>pp_door_blue_png-surface</source>
          </sampler2D>
        </newparam>
        <technique sid="common">
          <lambert>
            <emission>
              <color sid="emission">0 0 0 1</color>
            </emission>
            <diffuse>
              <texture texture="pp_door_blue_png-sampler" texcoord="UVMap"/>
            </diffuse>
            <index_of_refraction>
              <float sid="ior">1.5</float>
            </index_of_refraction>
          </lambert>
        </technique>
      </profile_COMMON>
    </effect>
    <effect id="PP_body-effect">
      <profile_COMMON>
        <newparam sid="pp_body_blue_png-surface">
          <surface type="2D">
            <init_from>pp_body_blue_png</init_from>
          </surface>
        </newparam>
        <newparam sid="pp_body_blue_png-sampler">
          <sampler2D>
            <source>pp_body_blue_png-surface</source>
          </sampler2D>
        </newparam>
        <technique sid="common">
          <lambert>
            <emission>
              <color sid="emission">0 0 0 1</color>
            </emission>
            <diffuse>
              <texture texture="pp_body_blue_png-sampler" texcoord="UVMap"/>
            </diffuse>
            <index_of_refraction>
              <float sid="ior">1.5</float>
            </index_of_refraction>
          </lambert>
        </technique>
      </profile_COMMON>
    </effect>
  </library_effects>
  <library_images>
    <image id="pp_body_blue_png" name="pp_body_blue_png">
      <init_from>pp_body_blue.png</init_from>
    </image>
    <image id="pp_door_blue_png" name="pp_door_blue_png">
      <init_from>pp_door_blue.png</init_from>
    </image>
    <image id="pp_logo_png" name="pp_logo_png">
      <init_from>pp_logo.png</init_from>
    </image>
    <image id="pp_roof_png" name="pp_roof_png">
      <init_from>pp_roof.png</init_from>
    </image>
  </library_images>
  <library_materials>
    <material id="PP_roof-material" name="PP_roof">
      <instance_effect url="#PP_roof-effect"/>
    </material>
    <material id="PP_logo-material" name="PP_logo">
      <instance_effect url="#PP_logo-effect"/>
    </material>
    <material id="PP_door-material" name="PP_door">
      <instance_effect url="#PP_door-effect"/>
    </material>
    <material id="PP_body-material" name="PP_body">
      <instance_effect url="#PP_body-effect"/>
    </material>
  </library_materials>
  <library_geometries>
    <geometry id="Cylinder-mesh" name="Cylinder">
      <mesh>
        <source id="Cylinder-mesh-positions">
          <float_array id="Cylinder-mesh-positions-array" count="48">0 0.06 -0.125 0 0.06 0.125 0.0424264 0.0424264 -0.125 0.0424264 0.0424264 0.125 0.06 0 -0.125 0.06 0 0.125 0.0424264 -0.0424264 -0.125 0.0424264 -0.0424264 0.125 0 -0.06 -0.125 0 -0.06 0.125 -0.0424264 -0.0424264 -0.125 -0.0424264 -0.0424264 0.125 -0.06 0 -0.125 -0.06 0 0.125 -0.0424264 0.0424264 -0.125 -0.0424264 0.0424264 0.125</float_array>
          <technique_common>
            <accessor source="#Cylinder-mesh-positions-array" count="16" stride="3">
              <param name="X" type="float"/>
              <param name="Y" type="float"/>
              <param name="Z" type="float"/>
            </accessor>
          </technique_common>
        </source>
        <source id="Cylinder-mesh-normals">
          <float_array id="Cylinder-mesh-normals-array" count="84">0.3826835 0.9238795 0 0.9238795 0.3826835 0 0.9238795 -0.3826835 0 0.3826835 -0.9238795 0 -0.3826835 -0.9238795 0 -0.9238795 -0.3826835 0 0 0 1 -0.9238795 0.3826835 0 -0.3826835 0.9238795 0 0 0 -1 0.3826835 0.9238795 0 0.9238795 0.3826835 0 0.9238795 -0.3826835 0 0.3826835 -0.9238795 0 -0.3826835 -0.9238795 0 -0.9238795 -0.3826835 0 0 0 1 0 0 1 0 0 1 0 0 1 0 0 1 -0.9238795 0.3826835 0 -0.3826835 0.9238795 0 0 0 -1 0 0 -1 0 0 -1 0 0 -1 0 0 -1</float_array>
          <technique_common>
            <accessor source="#Cylinder-mesh-normals-array" count="28" stride="3">
              <param name="X" type="float"/>
              <param name="Y" type="float"/>
              <param name="Z" type="float"/>
            </accessor>
          </technique_common>
        </source>
        <source id="Cylinder-mesh-map-0">
          <float_array id="Cylinder-mesh-map-0-array" count="168">1 1 0.875 0.5 1 0.5 0.875 1 0.75 0.5 0.875 0.5 0.75 1 0.625 0.5 0.75 0.5 0.625 1 0.5 0.5 0.625 0.5 0.5 1 0.375 0.5 0.5 0.5 0.375 1 0.25 0.5 0.375 0.5 0.4197056 0.08029437 0.49 0.25 0.00999999 0.25 0.25 1 0.125 0.5 0.25 0.5 0.125 1 0 0.5 0.125 0.5 0.9197056 0.08029437 0.5802944 0.08029437 0.5802944 0.4197056 1 1 0.875 1 0.875 0.5 0.875 1 0.75 1 0.75 0.5 0.75 1 0.625 1 0.625 0.5 0.625 1 0.5 1 0.5 0.5 0.5 1 0.375 1 0.375 0.5 0.375 1 0.25 1 0.25 0.5 0.49 0.25 0.4197056 0.4197056 0.25 0.49 0.25 0.49 0.08029437 0.4197056 0.49 0.25 0.08029437 0.4197056 0.00999999 0.25 0.49 0.25 0.00999999 0.25 0.08029437 0.08029437 0.25 0.00999999 0.25 0.00999999 0.4197056 0.08029437 0.00999999 0.25 0.25 1 0.125 1 0.125 0.5 0.125 1 0 1 0 0.5 0.5802944 0.4197056 0.75 0.49 0.9197056 0.4197056 0.9197056 0.4197056 0.99 0.25 0.9197056 0.08029437 0.9197056 0.08029437 0.75 0.00999999 0.5802944 0.08029437 0.5802944 0.08029437 0.51 0.25 0.5802944 0.4197056 0.5802944 0.4197056 0.9197056 0.4197056 0.9197056 0.08029437</float_array>
          <technique_common>
            <accessor source="#Cylinder-mesh-map-0-array" count="84" stride="2">
              <param name="S" type="float"/>
              <param name="T" type="float"/>
            </accessor>
          </technique_common>
        </source>
        <vertices id="Cylinder-mesh-vertices">
          <input semantic="POSITION" source="#Cylinder-mesh-positions"/>
        </vertices>
        <triangles material="PP_roof-material" count="28">
          <input semantic="VERTEX" source="#Cylinder-mesh-vertices" offset="0"/>
          <input semantic="NORMAL" source="#Cylinder-mesh-normals" offset="1"/>
          <input semantic="TEXCOORD" source="#Cylinder-mesh-map-0" offset="2" set="0"/>
          <p>1 0 0 2 0 1 0 0 2 3 1 3 4 1 4 2 1 5 5 2 6 6 2 7 4 2 8 7 3 9 8 3 10 6 3 11 9 4 12 10 4 13 8 4 14 11 5 15 12 5 16 10 5 17 7 6 18 5 6 19 13 6 20 13 7 21 14 7 22 12 7 23 15 8 24 0 8 25 14 8 26 6 9 27 10 9 28 14 9 29 1 10 30 3 10 31 2 10 32 3 11 33 5 11 34 4 11 35 5 12 36 7 12 37 6 12 38 7 13 39 9 13 40 8 13 41 9 14 42 11 14 43 10 14 44 11 15 45 13 15 46 12 15 47 5 16 48 3 16 49 1 16 50 1 17 51 15 17 52 5 17 53 15 18 54 13 18 55 5 18 56 13 19 57 11 19 58 9 19 59 9 20 60 7 20 61 13 20 62 13 21 63 15 21 64 14 21 65 15 22 66 1 22 67 0 22 68 14 23 69 0 23 70 2 23 71 2 24 72 4 24 73 6 24 74 6 25 75 8 25 76 10 25 77 10 26 78 12 26 79 14 26 80 14 27 81 2 27 82 6 27 83</p>
        </triangles>
      </mesh>
    </geometry>
    <geometry id="Cube_008-mesh" name="Cube.008">
      <mesh>
        <source id="Cube_008-mesh-positions">
          <float_array id="Cube_008-mesh-positions-array" count="168">-0.09499996 -0.09499996 -0.02999997 -0.09499996 -0.1 -0.02499997 -0.1 -0.09499996 -0.02499997 -0.09499996 -0.09853553 -0.02853548 -0.09788674 -0.09788674 -0.02788674 -0.09853553 -0.09853553 -0.02499997 -0.09853553 -0.09499996 -0.02853548 -0.09499996 -0.1 0.02499997 -0.09499996 -0.09499996 0.02999997 -0.1 -0.09499996 0.02499997 -0.09499996 -0.09853553 0.02853548 -0.09788674 -0.09788674 0.02788674 -0.09853553 -0.09499996 0.02853548 -0.09853553 -0.09853553 0.02499997 -0.09499996 0.09499996 -0.02999997 -0.1 0.09499996 -0.02499997 -0.09499996 0.1 -0.02499997 -0.09853553 0.09499996 -0.02853548 -0.09788674 0.09788674 -0.02788674 -0.09853553 0.09853553 -0.02499997 -0.09499996 0.09853553 -0.02853548 -0.09499996 0.09499996 0.02999997 -0.09499996 0.1 0.02499997 -0.1 0.09499996 0.02499997 -0.09499996 0.09853553 0.02853548 -0.09788674 0.09788674 0.02788674 -0.09853553 0.09853553 0.02499997 -0.09853553 0.09499996 0.02853548 0.09499996 -0.09499996 -0.02999997 0.1 -0.09499996 -0.02499997 0.09499996 -0.1 -0.02499997 0.09853553 -0.09499996 -0.02853548 0.09788674 -0.09788674 -0.02788674 0.09853553 -0.09853553 -0.02499997 0.09499996 -0.09853553 -0.02853548 0.09499996 -0.09499996 0.02999997 0.09499996 -0.1 0.02499997 0.1 -0.09499996 0.02499997 0.09499996 -0.09853553 0.02853548 0.09788674 -0.09788674 0.02788674 0.09853553 -0.09853553 0.02499997 0.09853553 -0.09499996 0.02853548 0.09499996 0.09499996 -0.02999997 0.09499996 0.1 -0.02499997 0.1 0.09499996 -0.02499997 0.09499996 0.09853553 -0.02853548 0.09788674 0.09788674 -0.02788674 0.09853553 0.09853553 -0.02499997 0.09853553 0.09499996 -0.02853548 0.09499996 0.09499996 0.02999997 0.1 0.09499996 0.02499997 0.09499996 0.1 0.02499997 0.09853553 0.09499996 0.02853548 0.09788674 0.09788674 0.02788674 0.09853553 0.09853553 0.02499997 0.09499996 0.09853553 0.02853548</float_array>
          <technique_common>
            <accessor source="#Cube_008-mesh-positions-array" count="56" stride="3">
              <param name="X" type="float"/>
              <param name="Y" type="float"/>
              <param name="Z" type="float"/>
            </accessor>
          </technique_common>
        </source>
        <source id="Cube_008-mesh-normals">
          <float_array id="Cube_008-mesh-normals-array" count="324">0 -1 0 1 0 0 0 0 1 -1 0 0 0 1 0 -0.3671798 -0.2817485 -0.8864518 -0.2817494 -0.8864516 -0.3671795 -0.8864516 -0.3671792 -0.2817499 -0.3671792 -0.8864516 0.2817499 -0.2817485 -0.3671798 0.8864518 -0.8864516 -0.2817494 0.3671795 -0.2817485 0.3671798 -0.8864518 -0.8864516 0.2817494 -0.3671795 -0.3671792 0.8864516 -0.2817499 -0.3671798 0.2817485 0.8864518 -0.2817494 0.8864516 0.3671795 -0.8864516 0.3671792 0.2817499 0.2817485 -0.3671798 -0.8864518 0.8864516 -0.2817494 -0.3671795 0.3671792 -0.8864516 -0.2817499 0.3671798 -0.2817485 0.8864518 0.2817494 -0.8864516 0.3671795 0.8864516 -0.3671792 0.2817499 0.3671798 0.2817485 -0.8864518 0.2817494 0.8864516 -0.3671795 0.8864516 0.3671792 -0.2817499 0.2817485 0.3671798 0.8864518 0.8864516 0.2817494 0.3671795 0.3671792 0.8864516 0.2817499 -0.3826829 0 -0.9238798 -0.9238798 0 -0.3826828 -0.3826825 -0.9238799 0 -0.9238799 -0.3826825 0 -0.3826829 0 0.9238798 -0.9238798 0 0.3826828 -0.3826825 0.9238799 0 -0.9238799 0.3826825 0 0 0.3826829 -0.9238798 0 0.9238798 -0.3826828 0 0.3826829 0.9238798 0 0.9238798 0.3826828 0.9238799 0.3826825 0 0.3826825 0.9238799 0 0.3826829 0 -0.9238798 0.9238798 0 -0.3826828 0.3826829 0 0.9238798 0.9238798 0 0.3826828 0.3826825 -0.9238799 0 0.9238799 -0.3826825 0 0 -0.3826829 -0.9238798 0 -0.9238798 -0.3826828 0 -0.3826829 0.9238798 0 -0.9238798 0.3826828 0 0 -1 0 -1 0 1 0 0 0 0 1 -1 0 0 0 1 0 -0.2817485 -0.3671798 -0.8864518 -0.3671792 -0.8864516 -0.2817499 -0.8864516 -0.2817494 -0.3671795 -0.2817494 -0.8864516 0.3671795 -0.3671798 -0.2817485 0.8864518 -0.8864516 -0.3671792 0.2817499 -0.3671798 0.2817485 -0.8864518 -0.8864516 0.3671792 -0.2817499 -0.2817494 0.8864516 -0.3671795 -0.2817485 0.3671798 0.8864518 -0.3671792 0.8864516 0.2817499 -0.8864516 0.2817494 0.3671795 0.3671798 -0.2817485 -0.8864518 0.8864516 -0.3671792 -0.2817499 0.2817494 -0.8864516 -0.3671795 0.2817485 -0.3671798 0.8864518 0.3671792 -0.8864516 0.2817499 0.8864516 -0.2817494 0.3671795 0.2817485 0.3671798 -0.8864518 0.3671792 0.8864516 -0.2817499 0.8864516 0.2817494 -0.3671795 0.3671798 0.2817485 0.8864518 0.8864516 0.3671792 0.2817499 0.2817494 0.8864516 0.3671795 -0.3826829 0 -0.9238798 -0.9238798 0 -0.3826828 -0.3826825 -0.9238799 0 -0.9238799 -0.3826825 0 -0.3826829 0 0.9238798 -0.9238798 0 0.3826828 -0.3826825 0.9238799 0 -0.9238799 0.3826825 0 0 0.3826829 -0.9238798 0 0.9238798 -0.3826828 0 0.3826829 0.9238798 0 0.9238798 0.3826828 0.9238799 0.3826825 0 0.3826825 0.9238799 0 0.3826829 0 -0.9238798 0.9238798 0 -0.3826828 0.3826829 0 0.9238798 0.9238798 0 0.3826828 0.3826825 -0.9238799 0 0.9238799 -0.3826825 0 0 -0.3826829 -0.9238798 0 -0.9238798 -0.3826828 0 -0.3826829 0.9238798 0 -0.9238798 0.3826828 0 0 -1</float_array>
          <technique_common>
            <accessor source="#Cube_008-mesh-normals-array" count="108" stride="3">
              <param name="X" type="float"/>
              <param name="Y" type="float"/>
              <param name="Z" type="float"/>
            </accessor>
          </technique_common>
        </source>
        <source id="Cube_008-mesh-map-0">
          <float_array id="Cube_008-mesh-map-0-array" count="648">0.6634892 0.4782725 0.7882787 0.01208186 0.7882787 0.4782726 0.5128999 0.4871001 0.6376895 0.01289981 0.6376894 0.4871001 0.4871001 0.4871001 0.01289987 0.01289981 0.4871001 0.01289987 0.5128999 0.9871 0.6376895 0.5128998 0.6376894 0.9871001 0.6634892 0.9713026 0.7882788 0.5051119 0.7882787 0.9713026 0.01289987 0.5128999 0.005695104 0.5056952 0.01289987 0.5040759 0.7882787 0.01208186 0.7954835 0.0059641 0.7971027 0.0127508 0.6376894 0.9871001 0.6448941 0.9943048 0.6376894 0.995924 0.6634892 0.01208186 0.6562845 0.0059641 0.6634892 0.004075825 0.01289981 0.4871001 0.005695104 0.4943048 0.004075825 0.4871001 0.5128999 0.9871 0.5056952 0.9943048 0.504076 0.9871 0.4871001 0.5128999 0.4943048 0.5056952 0.4959241 0.5128999 0.6376895 0.5128998 0.6448942 0.5056951 0.6465134 0.5128998 0.7882787 0.9713026 0.7954835 0.9774203 0.7882787 0.9793086 0.4871001 0.4871001 0.4943048 0.4943048 0.4871001 0.4959241 0.6634892 0.9713026 0.6562845 0.9774203 0.6546652 0.9706336 0.5128999 0.5128998 0.5056952 0.5056951 0.5128999 0.5040758 0.01289981 0.9871001 0.005695104 0.9943048 0.004075825 0.9871001 0.6376895 0.01289981 0.6448942 0.005695104 0.6465134 0.01289981 0.7882787 0.4782726 0.7954834 0.4863209 0.7882787 0.4876164 0.01289987 0.01289981 0.005695104 0.005695104 0.01289987 0.004075825 0.6634892 0.4782725 0.6562844 0.4863209 0.6546652 0.4789415 0.5128999 0.01289981 0.5056952 0.005695104 0.5128999 0.004075825 0.4871001 0.9871002 0.4943048 0.9943049 0.4871001 0.9959241 0.7882788 0.5051119 0.7954835 0.4970636 0.7971027 0.504443 0.6376894 0.4871001 0.6448941 0.4943048 0.6376894 0.4959241 0.4871001 0.01289987 0.4943048 0.005695104 0.4959241 0.01289987 0.5128999 0.4871001 0.5056952 0.4943048 0.504076 0.4871001 0.6634892 0.5051119 0.6562845 0.4970636 0.6634892 0.4957681 0.01289987 0.5128999 0.4871001 0.504076 0.4871001 0.5128999 0.6465134 0.9871001 0.6376895 0.5128998 0.6465134 0.5128998 0.6634892 0.01208186 0.7882787 0.004075825 0.7882787 0.01208186 0.5128999 0.995924 0.6376894 0.9871001 0.6376894 0.995924 0.4871001 0.4871001 0.01289981 0.4959241 0.01289981 0.4871001 0.504076 0.5128998 0.5128999 0.9871 0.504076 0.9871 0.7882787 0.9713026 0.6634892 0.9793086 0.6634892 0.9713026 0.6376895 0.5040758 0.5128999 0.5128998 0.5128999 0.5040758 0.4871001 0.5128999 0.4959241 0.9871002 0.4871001 0.9871002 0.7971027 0.9706337 0.7882788 0.5051119 0.7971027 0.504443 0.4871001 0.01289987 0.4959241 0.4871001 0.4871001 0.4871001 0.6546652 0.504443 0.6634892 0.9713026 0.6546652 0.9706336 0.6376894 0.4871001 0.5128999 0.4959241 0.5128999 0.4871001 0.7882788 0.4957681 0.6634892 0.5051119 0.6634892 0.4957681 0.4871001 0.9871002 0.01289981 0.9959241 0.01289981 0.9871001 0.6465134 0.4871001 0.6376895 0.01289981 0.6465134 0.01289981 0.01289987 0.01289981 0.4871001 0.004075884 0.4871001 0.01289987 0.504076 0.01289981 0.5128999 0.4871001 0.504076 0.4871001 0.7882787 0.4782726 0.6634892 0.4876164 0.6634892 0.4782725 0.6376895 0.004075884 0.5128999 0.01289981 0.5128999 0.004075825 0.01289981 0.9871001 0.004075884 0.5128999 0.01289987 0.5128999 0.7971026 0.4789415 0.7882787 0.01208186 0.7971027 0.0127508 0.01289981 0.4871001 0.004075884 0.01289981 0.01289987 0.01289981 0.6546652 0.01275074 0.6634892 0.4782725 0.6546652 0.4789415 0.4871001 0.9871002 0.01289987 0.5128999 0.4871001 0.5128999 0.6634892 0.4782725 0.6634892 0.01208186 0.7882787 0.01208186 0.5128999 0.4871001 0.5128999 0.01289981 0.6376895 0.01289981 0.4871001 0.4871001 0.01289981 0.4871001 0.01289987 0.01289981 0.5128999 0.9871 0.5128999 0.5128998 0.6376895 0.5128998 0.6634892 0.9713026 0.6634892 0.5051119 0.7882788 0.5051119 0.01289987 0.5128999 0.004075884 0.5128999 0.005695104 0.5056952 0.7882787 0.01208186 0.7882787 0.004075825 0.7954835 0.0059641 0.6376894 0.9871001 0.6465134 0.9871001 0.6448941 0.9943048 0.6634892 0.01208186 0.6546652 0.01275074 0.6562845 0.0059641 0.01289981 0.4871001 0.01289981 0.4959241 0.005695104 0.4943048 0.5128999 0.9871 0.5128999 0.995924 0.5056952 0.9943048 0.4871001 0.5128999 0.4871001 0.504076 0.4943048 0.5056952 0.6376895 0.5128998 0.6376895 0.5040758 0.6448942 0.5056951 0.7882787 0.9713026 0.7971027 0.9706337 0.7954835 0.9774203 0.4871001 0.4871001 0.4959241 0.4871001 0.4943048 0.4943048 0.6634892 0.9713026 0.6634892 0.9793086 0.6562845 0.9774203 0.5128999 0.5128998 0.504076 0.5128998 0.5056952 0.5056951 0.01289981 0.9871001 0.01289981 0.9959241 0.005695104 0.9943048 0.6376895 0.01289981 0.6376895 0.004075884 0.6448942 0.005695104 0.7882787 0.4782726 0.7971026 0.4789415 0.7954834 0.4863209 0.01289987 0.01289981 0.004075884 0.01289981 0.005695104 0.005695104 0.6634892 0.4782725 0.6634892 0.4876164 0.6562844 0.4863209 0.5128999 0.01289981 0.504076 0.01289981 0.5056952 0.005695104 0.4871001 0.9871002 0.4959241 0.9871002 0.4943048 0.9943049 0.7882788 0.5051119 0.7882788 0.4957681 0.7954835 0.4970636 0.6376894 0.4871001 0.6465134 0.4871001 0.6448941 0.4943048 0.4871001 0.01289987 0.4871001 0.004075884 0.4943048 0.005695104 0.5128999 0.4871001 0.5128999 0.4959241 0.5056952 0.4943048 0.6634892 0.5051119 0.6546652 0.504443 0.6562845 0.4970636 0.01289987 0.5128999 0.01289987 0.5040759 0.4871001 0.504076 0.6465134 0.9871001 0.6376894 0.9871001 0.6376895 0.5128998 0.6634892 0.01208186 0.6634892 0.004075825 0.7882787 0.004075825 0.5128999 0.995924 0.5128999 0.9871 0.6376894 0.9871001 0.4871001 0.4871001 0.4871001 0.4959241 0.01289981 0.4959241 0.504076 0.5128998 0.5128999 0.5128998 0.5128999 0.9871 0.7882787 0.9713026 0.7882787 0.9793086 0.6634892 0.9793086 0.6376895 0.5040758 0.6376895 0.5128998 0.5128999 0.5128998 0.4871001 0.5128999 0.4959241 0.5128999 0.4959241 0.9871002 0.7971027 0.9706337 0.7882787 0.9713026 0.7882788 0.5051119 0.4871001 0.01289987 0.4959241 0.01289987 0.4959241 0.4871001 0.6546652 0.504443 0.6634892 0.5051119 0.6634892 0.9713026 0.6376894 0.4871001 0.6376894 0.4959241 0.5128999 0.4959241 0.7882788 0.4957681 0.7882788 0.5051119 0.6634892 0.5051119 0.4871001 0.9871002 0.4871001 0.9959241 0.01289981 0.9959241 0.6465134 0.4871001 0.6376894 0.4871001 0.6376895 0.01289981 0.01289987 0.01289981 0.01289987 0.004075825 0.4871001 0.004075884 0.504076 0.01289981 0.5128999 0.01289981 0.5128999 0.4871001 0.7882787 0.4782726 0.7882787 0.4876164 0.6634892 0.4876164 0.6376895 0.004075884 0.6376895 0.01289981 0.5128999 0.01289981 0.01289981 0.9871001 0.004075825 0.9871001 0.004075884 0.5128999 0.7971026 0.4789415 0.7882787 0.4782726 0.7882787 0.01208186 0.01289981 0.4871001 0.004075825 0.4871001 0.004075884 0.01289981 0.6546652 0.01275074 0.6634892 0.01208186 0.6634892 0.4782725 0.4871001 0.9871002 0.01289981 0.9871001 0.01289987 0.5128999</float_array>
          <technique_common>
            <accessor source="#Cube_008-mesh-map-0-array" count="324" stride="2">
              <param name="S" type="float"/>
              <param name="T" type="float"/>
            </accessor>
          </technique_common>
        </source>
        <vertices id="Cube_008-mesh-vertices">
          <input semantic="POSITION" source="#Cube_008-mesh-positions"/>
        </vertices>
        <triangles material="PP_roof-material" count="108">
          <input semantic="VERTEX" source="#Cube_008-mesh-vertices" offset="0"/>
          <input semantic="NORMAL" source="#Cube_008-mesh-normals" offset="1"/>
          <input semantic="TEXCOORD" source="#Cube_008-mesh-map-0" offset="2" set="0"/>
          <p>36 0 0 1 0 1 30 0 2 50 1 3 29 1 4 44 1 5 21 2 6 35 2 7 49 2 8 9 3 9 15 3 10 2 3 11 22 4 12 43 4 13 16 4 14 0 5 15 4 5 16 6 5 17 1 6 18 4 6 19 3 6 20 2 7 21 4 7 22 5 7 23 7 8 24 11 8 25 13 8 26 8 9 27 11 9 28 10 9 29 9 10 30 11 10 31 12 10 32 14 11 33 18 11 34 20 11 35 15 12 36 18 12 37 17 12 38 16 13 39 18 13 40 19 13 41 21 14 42 25 14 43 27 14 44 22 15 45 25 15 46 24 15 47 23 16 48 25 16 49 26 16 50 28 17 51 32 17 52 34 17 53 29 18 54 32 18 55 31 18 56 30 19 57 32 19 58 33 19 59 35 20 60 39 20 61 41 20 62 36 21 63 39 21 64 38 21 65 37 22 66 39 22 67 40 22 68 42 23 69 46 23 70 48 23 71 43 24 72 46 24 73 45 24 74 44 25 75 46 25 76 47 25 77 49 26 78 53 26 79 55 26 80 50 27 81 53 27 82 52 27 83 51 28 84 53 28 85 54 28 86 0 29 87 17 29 88 14 29 89 6 30 90 15 30 91 17 30 92 7 31 93 5 31 94 1 31 95 13 32 96 2 32 97 5 32 98 21 33 99 12 33 100 8 33 101 27 34 102 9 34 103 12 34 104 16 35 105 26 35 106 22 35 107 19 36 108 23 36 109 26 36 110 14 37 111 45 37 112 42 37 113 20 38 114 43 38 115 45 38 116 49 39 117 24 39 118 21 39 119 55 40 120 22 40 121 24 40 122 44 41 123 54 41 124 50 41 125 47 42 126 51 42 127 54 42 128 42 43 129 31 43 130 28 43 131 48 44 132 29 44 133 31 44 134 35 45 135 52 45 136 49 45 137 41 46 138 50 46 139 52 46 140 30 47 141 40 47 142 36 47 143 33 48 144 37 48 145 40 48 146 28 49 147 3 49 148 0 49 149 34 50 150 1 50 151 3 50 152 8 51 153 38 51 154 35 51 155 10 52 156 36 52 157 38 52 158 42 53 159 0 53 160 14 53 161 36 54 162 7 54 163 1 54 164 50 55 165 37 55 166 29 55 167 21 56 168 8 56 169 35 56 170 9 57 171 23 57 172 15 57 173 22 58 174 51 58 175 43 58 176 0 59 177 3 59 178 4 59 179 1 60 180 5 60 181 4 60 182 2 61 183 6 61 184 4 61 185 7 62 186 10 62 187 11 62 188 8 63 189 12 63 190 11 63 191 9 64 192 13 64 193 11 64 194 14 65 195 17 65 196 18 65 197 15 66 198 19 66 199 18 66 200 16 67 201 20 67 202 18 67 203 21 68 204 24 68 205 25 68 206 22 69 207 26 69 208 25 69 209 23 70 210 27 70 211 25 70 212 28 71 213 31 71 214 32 71 215 29 72 216 33 72 217 32 72 218 30 73 219 34 73 220 32 73 221 35 74 222 38 74 223 39 74 224 36 75 225 40 75 226 39 75 227 37 76 228 41 76 229 39 76 230 42 77 231 45 77 232 46 77 233 43 78 234 47 78 235 46 78 236 44 79 237 48 79 238 46 79 239 49 80 240 52 80 241 53 80 242 50 81 243 54 81 244 53 81 245 51 82 246 55 82 247 53 82 248 0 83 249 6 83 250 17 83 251 6 84 252 2 84 253 15 84 254 7 85 255 13 85 256 5 85 257 13 86 258 9 86 259 2 86 260 21 87 261 27 87 262 12 87 263 27 88 264 23 88 265 9 88 266 16 89 267 19 89 268 26 89 269 19 90 270 15 90 271 23 90 272 14 91 273 20 91 274 45 91 275 20 92 276 16 92 277 43 92 278 49 93 279 55 93 280 24 93 281 55 94 282 51 94 283 22 94 284 44 95 285 47 95 286 54 95 287 47 96 288 43 96 289 51 96 290 42 97 291 48 97 292 31 97 293 48 98 294 44 98 295 29 98 296 35 99 297 41 99 298 52 99 299 41 100 300 37 100 301 50 100 302 30 101 303 33 101 304 40 101 305 33 102 306 29 102 307 37 102 308 28 103 309 34 103 310 3 103 311 34 104 312 30 104 313 1 104 314 8 105 315 10 105 316 38 105 317 10 106 318 7 106 319 36 106 320 42 107 321 28 107 322 0 107 323</p>
        </triangles>
      </mesh>
    </geometry>
    <geometry id="Cube_007-mesh" name="Cube.007">
      <mesh>
        <source id="Cube_007-mesh-positions">
          <float_array id="Cube_007-mesh-positions-array" count="168">-0.09499996 -0.09499996 -0.02999997 -0.09499996 -0.1 -0.02499997 -0.1 -0.09499996 -0.02499997 -0.09499996 -0.09853553 -0.02853548 -0.09788674 -0.09788674 -0.02788674 -0.09853553 -0.09853553 -0.02499997 -0.09853553 -0.09499996 -0.02853548 -0.09499996 -0.1 0.02499997 -0.09499996 -0.09499996 0.02999997 -0.1 -0.09499996 0.02499997 -0.09499996 -0.09853553 0.02853548 -0.09788674 -0.09788674 0.02788674 -0.09853553 -0.09499996 0.02853548 -0.09853553 -0.09853553 0.02499997 -0.09499996 0.09499996 -0.02999997 -0.1 0.09499996 -0.02499997 -0.09499996 0.1 -0.02499997 -0.09853553 0.09499996 -0.02853548 -0.09788674 0.09788674 -0.02788674 -0.09853553 0.09853553 -0.02499997 -0.09499996 0.09853553 -0.02853548 -0.09499996 0.09499996 0.02999997 -0.09499996 0.1 0.02499997 -0.1 0.09499996 0.02499997 -0.09499996 0.09853553 0.02853548 -0.09788674 0.09788674 0.02788674 -0.09853553 0.09853553 0.02499997 -0.09853553 0.09499996 0.02853548 0.09499996 -0.09499996 -0.02999997 0.1 -0.09499996 -0.02499997 0.09499996 -0.1 -0.02499997 0.09853553 -0.09499996 -0.02853548 0.09788674 -0.09788674 -0.02788674 0.09853553 -0.09853553 -0.02499997 0.09499996 -0.09853553 -0.02853548 0.09499996 -0.09499996 0.02999997 0.09499996 -0.1 0.02499997 0.1 -0.09499996 0.02499997 0.09499996 -0.09853553 0.02853548 0.09788674 -0.09788674 0.02788674 0.09853553 -0.09853553 0.02499997 0.09853553 -0.09499996 0.02853548 0.09499996 0.09499996 -0.02999997 0.09499996 0.1 -0.02499997 0.1 0.09499996 -0.02499997 0.09499996 0.09853553 -0.02853548 0.09788674 0.09788674 -0.02788674 0.09853553 0.09853553 -0.02499997 0.09853553 0.09499996 -0.02853548 0.09499996 0.09499996 0.02999997 0.1 0.09499996 0.02499997 0.09499996 0.1 0.02499997 0.09853553 0.09499996 0.02853548 0.09788674 0.09788674 0.02788674 0.09853553 0.09853553 0.02499997 0.09499996 0.09853553 0.02853548</float_array>
          <technique_common>
            <accessor source="#Cube_007-mesh-positions-array" count="56" stride="3">
              <param name="X" type="float"/>
              <param name="Y" type="float"/>
              <param name="Z" type="float"/>
            </accessor>
          </technique_common>
        </source>
        <source id="Cube_007-mesh-normals">
          <float_array id="Cube_007-mesh-normals-array" count="324">0 -1 0 1 0 0 0 0 1 -1 0 0 0 1 0 -0.3671798 -0.2817485 -0.8864518 -0.2817494 -0.8864516 -0.3671795 -0.8864516 -0.3671792 -0.2817499 -0.3671792 -0.8864516 0.2817499 -0.2817485 -0.3671798 0.8864518 -0.8864516 -0.2817494 0.3671795 -0.2817485 0.3671798 -0.8864518 -0.8864516 0.2817494 -0.3671795 -0.3671792 0.8864516 -0.2817499 -0.3671798 0.2817485 0.8864518 -0.2817494 0.8864516 0.3671795 -0.8864516 0.3671792 0.2817499 0.2817485 -0.3671798 -0.8864518 0.8864516 -0.2817494 -0.3671795 0.3671792 -0.8864516 -0.2817499 0.3671798 -0.2817485 0.8864518 0.2817494 -0.8864516 0.3671795 0.8864516 -0.3671792 0.2817499 0.3671798 0.2817485 -0.8864518 0.2817494 0.8864516 -0.3671795 0.8864516 0.3671792 -0.2817499 0.2817485 0.3671798 0.8864518 0.8864516 0.2817494 0.3671795 0.3671792 0.8864516 0.2817499 -0.3826829 0 -0.9238798 -0.9238798 0 -0.3826828 -0.3826825 -0.9238799 0 -0.9238799 -0.3826825 0 -0.3826829 0 0.9238798 -0.9238798 0 0.3826828 -0.3826825 0.9238799 0 -0.9238799 0.3826825 0 0 0.3826829 -0.9238798 0 0.9238798 -0.3826828 0 0.3826829 0.9238798 0 0.9238798 0.3826828 0.9238799 0.3826825 0 0.3826825 0.9238799 0 0.3826829 0 -0.9238798 0.9238798 0 -0.3826828 0.3826829 0 0.9238798 0.9238798 0 0.3826828 0.3826825 -0.9238799 0 0.9238799 -0.3826825 0 0 -0.3826829 -0.9238798 0 -0.9238798 -0.3826828 0 -0.3826829 0.9238798 0 -0.9238798 0.3826828 0 0 -1 0 -1 0 1 0 0 0 0 1 -1 0 0 0 1 0 -0.2817485 -0.3671798 -0.8864518 -0.3671792 -0.8864516 -0.2817499 -0.8864516 -0.2817494 -0.3671795 -0.2817494 -0.8864516 0.3671795 -0.3671798 -0.2817485 0.8864518 -0.8864516 -0.3671792 0.2817499 -0.3671798 0.2817485 -0.8864518 -0.8864516 0.3671792 -0.2817499 -0.2817494 0.8864516 -0.3671795 -0.2817485 0.3671798 0.8864518 -0.3671792 0.8864516 0.2817499 -0.8864516 0.2817494 0.3671795 0.3671798 -0.2817485 -0.8864518 0.8864516 -0.3671792 -0.2817499 0.2817494 -0.8864516 -0.3671795 0.2817485 -0.3671798 0.8864518 0.3671792 -0.8864516 0.2817499 0.8864516 -0.2817494 0.3671795 0.2817485 0.3671798 -0.8864518 0.3671792 0.8864516 -0.2817499 0.8864516 0.2817494 -0.3671795 0.3671798 0.2817485 0.8864518 0.8864516 0.3671792 0.2817499 0.2817494 0.8864516 0.3671795 -0.3826829 0 -0.9238798 -0.9238798 0 -0.3826828 -0.3826825 -0.9238799 0 -0.9238799 -0.3826825 0 -0.3826829 0 0.9238798 -0.9238798 0 0.3826828 -0.3826825 0.9238799 0 -0.9238799 0.3826825 0 0 0.3826829 -0.9238798 0 0.9238798 -0.3826828 0 0.3826829 0.9238798 0 0.9238798 0.3826828 0.9238799 0.3826825 0 0.3826825 0.9238799 0 0.3826829 0 -0.9238798 0.9238798 0 -0.3826828 0.3826829 0 0.9238798 0.9238798 0 0.3826828 0.3826825 -0.9238799 0 0.9238799 -0.3826825 0 0 -0.3826829 -0.9238798 0 -0.9238798 -0.3826828 0 -0.3826829 0.9238798 0 -0.9238798 0.3826828 0 0 -1</float_array>
          <technique_common>
            <accessor source="#Cube_007-mesh-normals-array" count="108" stride="3">
              <param name="X" type="float"/>
              <param name="Y" type="float"/>
              <param name="Z" type="float"/>
            </accessor>
          </technique_common>
        </source>
        <source id="Cube_007-mesh-map-0">
          <float_array id="Cube_007-mesh-map-0-array" count="648">0.6634892 0.4782725 0.7882787 0.01208186 0.7882787 0.4782726 0.5128999 0.4871001 0.6376895 0.01289981 0.6376894 0.4871001 0.4871001 0.4871001 0.01289987 0.01289981 0.4871001 0.01289987 0.5128999 0.9871 0.6376895 0.5128998 0.6376894 0.9871001 0.6634892 0.9713026 0.7882788 0.5051119 0.7882787 0.9713026 0.01289987 0.5128999 0.005695104 0.5056952 0.01289987 0.5040759 0.7882787 0.01208186 0.7954835 0.0059641 0.7971027 0.0127508 0.6376894 0.9871001 0.6448941 0.9943048 0.6376894 0.995924 0.6634892 0.01208186 0.6562845 0.0059641 0.6634892 0.004075825 0.01289981 0.4871001 0.005695104 0.4943048 0.004075825 0.4871001 0.5128999 0.9871 0.5056952 0.9943048 0.504076 0.9871 0.4871001 0.5128999 0.4943048 0.5056952 0.4959241 0.5128999 0.6376895 0.5128998 0.6448942 0.5056951 0.6465134 0.5128998 0.7882787 0.9713026 0.7954835 0.9774203 0.7882787 0.9793086 0.4871001 0.4871001 0.4943048 0.4943048 0.4871001 0.4959241 0.6634892 0.9713026 0.6562845 0.9774203 0.6546652 0.9706336 0.5128999 0.5128998 0.5056952 0.5056951 0.5128999 0.5040758 0.01289981 0.9871001 0.005695104 0.9943048 0.004075825 0.9871001 0.6376895 0.01289981 0.6448942 0.005695104 0.6465134 0.01289981 0.7882787 0.4782726 0.7954834 0.4863209 0.7882787 0.4876164 0.01289987 0.01289981 0.005695104 0.005695104 0.01289987 0.004075825 0.6634892 0.4782725 0.6562844 0.4863209 0.6546652 0.4789415 0.5128999 0.01289981 0.5056952 0.005695104 0.5128999 0.004075825 0.4871001 0.9871002 0.4943048 0.9943049 0.4871001 0.9959241 0.7882788 0.5051119 0.7954835 0.4970636 0.7971027 0.504443 0.6376894 0.4871001 0.6448941 0.4943048 0.6376894 0.4959241 0.4871001 0.01289987 0.4943048 0.005695104 0.4959241 0.01289987 0.5128999 0.4871001 0.5056952 0.4943048 0.504076 0.4871001 0.6634892 0.5051119 0.6562845 0.4970636 0.6634892 0.4957681 0.01289987 0.5128999 0.4871001 0.504076 0.4871001 0.5128999 0.6465134 0.9871001 0.6376895 0.5128998 0.6465134 0.5128998 0.6634892 0.01208186 0.7882787 0.004075825 0.7882787 0.01208186 0.5128999 0.995924 0.6376894 0.9871001 0.6376894 0.995924 0.4871001 0.4871001 0.01289981 0.4959241 0.01289981 0.4871001 0.504076 0.5128998 0.5128999 0.9871 0.504076 0.9871 0.7882787 0.9713026 0.6634892 0.9793086 0.6634892 0.9713026 0.6376895 0.5040758 0.5128999 0.5128998 0.5128999 0.5040758 0.4871001 0.5128999 0.4959241 0.9871002 0.4871001 0.9871002 0.7971027 0.9706337 0.7882788 0.5051119 0.7971027 0.504443 0.4871001 0.01289987 0.4959241 0.4871001 0.4871001 0.4871001 0.6546652 0.504443 0.6634892 0.9713026 0.6546652 0.9706336 0.6376894 0.4871001 0.5128999 0.4959241 0.5128999 0.4871001 0.7882788 0.4957681 0.6634892 0.5051119 0.6634892 0.4957681 0.4871001 0.9871002 0.01289981 0.9959241 0.01289981 0.9871001 0.6465134 0.4871001 0.6376895 0.01289981 0.6465134 0.01289981 0.01289987 0.01289981 0.4871001 0.004075884 0.4871001 0.01289987 0.504076 0.01289981 0.5128999 0.4871001 0.504076 0.4871001 0.7882787 0.4782726 0.6634892 0.4876164 0.6634892 0.4782725 0.6376895 0.004075884 0.5128999 0.01289981 0.5128999 0.004075825 0.01289981 0.9871001 0.004075884 0.5128999 0.01289987 0.5128999 0.7971026 0.4789415 0.7882787 0.01208186 0.7971027 0.0127508 0.01289981 0.4871001 0.004075884 0.01289981 0.01289987 0.01289981 0.6546652 0.01275074 0.6634892 0.4782725 0.6546652 0.4789415 0.4871001 0.9871002 0.01289987 0.5128999 0.4871001 0.5128999 0.6634892 0.4782725 0.6634892 0.01208186 0.7882787 0.01208186 0.5128999 0.4871001 0.5128999 0.01289981 0.6376895 0.01289981 0.4871001 0.4871001 0.01289981 0.4871001 0.01289987 0.01289981 0.5128999 0.9871 0.5128999 0.5128998 0.6376895 0.5128998 0.6634892 0.9713026 0.6634892 0.5051119 0.7882788 0.5051119 0.01289987 0.5128999 0.004075884 0.5128999 0.005695104 0.5056952 0.7882787 0.01208186 0.7882787 0.004075825 0.7954835 0.0059641 0.6376894 0.9871001 0.6465134 0.9871001 0.6448941 0.9943048 0.6634892 0.01208186 0.6546652 0.01275074 0.6562845 0.0059641 0.01289981 0.4871001 0.01289981 0.4959241 0.005695104 0.4943048 0.5128999 0.9871 0.5128999 0.995924 0.5056952 0.9943048 0.4871001 0.5128999 0.4871001 0.504076 0.4943048 0.5056952 0.6376895 0.5128998 0.6376895 0.5040758 0.6448942 0.5056951 0.7882787 0.9713026 0.7971027 0.9706337 0.7954835 0.9774203 0.4871001 0.4871001 0.4959241 0.4871001 0.4943048 0.4943048 0.6634892 0.9713026 0.6634892 0.9793086 0.6562845 0.9774203 0.5128999 0.5128998 0.504076 0.5128998 0.5056952 0.5056951 0.01289981 0.9871001 0.01289981 0.9959241 0.005695104 0.9943048 0.6376895 0.01289981 0.6376895 0.004075884 0.6448942 0.005695104 0.7882787 0.4782726 0.7971026 0.4789415 0.7954834 0.4863209 0.01289987 0.01289981 0.004075884 0.01289981 0.005695104 0.005695104 0.6634892 0.4782725 0.6634892 0.4876164 0.6562844 0.4863209 0.5128999 0.01289981 0.504076 0.01289981 0.5056952 0.005695104 0.4871001 0.9871002 0.4959241 0.9871002 0.4943048 0.9943049 0.7882788 0.5051119 0.7882788 0.4957681 0.7954835 0.4970636 0.6376894 0.4871001 0.6465134 0.4871001 0.6448941 0.4943048 0.4871001 0.01289987 0.4871001 0.004075884 0.4943048 0.005695104 0.5128999 0.4871001 0.5128999 0.4959241 0.5056952 0.4943048 0.6634892 0.5051119 0.6546652 0.504443 0.6562845 0.4970636 0.01289987 0.5128999 0.01289987 0.5040759 0.4871001 0.504076 0.6465134 0.9871001 0.6376894 0.9871001 0.6376895 0.5128998 0.6634892 0.01208186 0.6634892 0.004075825 0.7882787 0.004075825 0.5128999 0.995924 0.5128999 0.9871 0.6376894 0.9871001 0.4871001 0.4871001 0.4871001 0.4959241 0.01289981 0.4959241 0.504076 0.5128998 0.5128999 0.5128998 0.5128999 0.9871 0.7882787 0.9713026 0.7882787 0.9793086 0.6634892 0.9793086 0.6376895 0.5040758 0.6376895 0.5128998 0.5128999 0.5128998 0.4871001 0.5128999 0.4959241 0.5128999 0.4959241 0.9871002 0.7971027 0.9706337 0.7882787 0.9713026 0.7882788 0.5051119 0.4871001 0.01289987 0.4959241 0.01289987 0.4959241 0.4871001 0.6546652 0.504443 0.6634892 0.5051119 0.6634892 0.9713026 0.6376894 0.4871001 0.6376894 0.4959241 0.5128999 0.4959241 0.7882788 0.4957681 0.7882788 0.5051119 0.6634892 0.5051119 0.4871001 0.9871002 0.4871001 0.9959241 0.01289981 0.9959241 0.6465134 0.4871001 0.6376894 0.4871001 0.6376895 0.01289981 0.01289987 0.01289981 0.01289987 0.004075825 0.4871001 0.004075884 0.504076 0.01289981 0.5128999 0.01289981 0.5128999 0.4871001 0.7882787 0.4782726 0.7882787 0.4876164 0.6634892 0.4876164 0.6376895 0.004075884 0.6376895 0.01289981 0.5128999 0.01289981 0.01289981 0.9871001 0.004075825 0.9871001 0.004075884 0.5128999 0.7971026 0.4789415 0.7882787 0.4782726 0.7882787 0.01208186 0.01289981 0.4871001 0.004075825 0.4871001 0.004075884 0.01289981 0.6546652 0.01275074 0.6634892 0.01208186 0.6634892 0.4782725 0.4871001 0.9871002 0.01289981 0.9871001 0.01289987 0.5128999</float_array>
          <technique_common>
            <accessor source="#Cube_007-mesh-map-0-array" count="324" stride="2">
              <param name="S" type="float"/>
              <param name="T" type="float"/>
            </accessor>
          </technique_common>
        </source>
        <vertices id="Cube_007-mesh-vertices">
          <input semantic="POSITION" source="#Cube_007-mesh-positions"/>
        </vertices>
        <triangles material="PP_roof-material" count="108">
          <input semantic="VERTEX" source="#Cube_007-mesh-vertices" offset="0"/>
          <input semantic="NORMAL" source="#Cube_007-mesh-normals" offset="1"/>
          <input semantic="TEXCOORD" source="#Cube_007-mesh-map-0" offset="2" set="0"/>
          <p>36 0 0 1 0 1 30 0 2 50 1 3 29 1 4 44 1 5 21 2 6 35 2 7 49 2 8 9 3 9 15 3 10 2 3 11 22 4 12 43 4 13 16 4 14 0 5 15 4 5 16 6 5 17 1 6 18 4 6 19 3 6 20 2 7 21 4 7 22 5 7 23 7 8 24 11 8 25 13 8 26 8 9 27 11 9 28 10 9 29 9 10 30 11 10 31 12 10 32 14 11 33 18 11 34 20 11 35 15 12 36 18 12 37 17 12 38 16 13 39 18 13 40 19 13 41 21 14 42 25 14 43 27 14 44 22 15 45 25 15 46 24 15 47 23 16 48 25 16 49 26 16 50 28 17 51 32 17 52 34 17 53 29 18 54 32 18 55 31 18 56 30 19 57 32 19 58 33 19 59 35 20 60 39 20 61 41 20 62 36 21 63 39 21 64 38 21 65 37 22 66 39 22 67 40 22 68 42 23 69 46 23 70 48 23 71 43 24 72 46 24 73 45 24 74 44 25 75 46 25 76 47 25 77 49 26 78 53 26 79 55 26 80 50 27 81 53 27 82 52 27 83 51 28 84 53 28 85 54 28 86 0 29 87 17 29 88 14 29 89 6 30 90 15 30 91 17 30 92 7 31 93 5 31 94 1 31 95 13 32 96 2 32 97 5 32 98 21 33 99 12 33 100 8 33 101 27 34 102 9 34 103 12 34 104 16 35 105 26 35 106 22 35 107 19 36 108 23 36 109 26 36 110 14 37 111 45 37 112 42 37 113 20 38 114 43 38 115 45 38 116 49 39 117 24 39 118 21 39 119 55 40 120 22 40 121 24 40 122 44 41 123 54 41 124 50 41 125 47 42 126 51 42 127 54 42 128 42 43 129 31 43 130 28 43 131 48 44 132 29 44 133 31 44 134 35 45 135 52 45 136 49 45 137 41 46 138 50 46 139 52 46 140 30 47 141 40 47 142 36 47 143 33 48 144 37 48 145 40 48 146 28 49 147 3 49 148 0 49 149 34 50 150 1 50 151 3 50 152 8 51 153 38 51 154 35 51 155 10 52 156 36 52 157 38 52 158 42 53 159 0 53 160 14 53 161 36 54 162 7 54 163 1 54 164 50 55 165 37 55 166 29 55 167 21 56 168 8 56 169 35 56 170 9 57 171 23 57 172 15 57 173 22 58 174 51 58 175 43 58 176 0 59 177 3 59 178 4 59 179 1 60 180 5 60 181 4 60 182 2 61 183 6 61 184 4 61 185 7 62 186 10 62 187 11 62 188 8 63 189 12 63 190 11 63 191 9 64 192 13 64 193 11 64 194 14 65 195 17 65 196 18 65 197 15 66 198 19 66 199 18 66 200 16 67 201 20 67 202 18 67 203 21 68 204 24 68 205 25 68 206 22 69 207 26 69 208 25 69 209 23 70 210 27 70 211 25 70 212 28 71 213 31 71 214 32 71 215 29 72 216 33 72 217 32 72 218 30 73 219 34 73 220 32 73 221 35 74 222 38 74 223 39 74 224 36 75 225 40 75 226 39 75 227 37 76 228 41 76 229 39 76 230 42 77 231 45 77 232 46 77 233 43 78 234 47 78 235 46 78 236 44 79 237 48 79 238 46 79 239 49 80 240 52 80 241 53 80 242 50 81 243 54 81 244 53 81 245 51 82 246 55 82 247 53 82 248 0 83 249 6 83 250 17 83 251 6 84 252 2 84 253 15 84 254 7 85 255 13 85 256 5 85 257 13 86 258 9 86 259 2 86 260 21 87 261 27 87 262 12 87 263 27 88 264 23 88 265 9 88 266 16 89 267 19 89 268 26 89 269 19 90 270 15 90 271 23 90 272 14 91 273 20 91 274 45 91 275 20 92 276 16 92 277 43 92 278 49 93 279 55 93 280 24 93 281 55 94 282 51 94 283 22 94 284 44 95 285 47 95 286 54 95 287 47 96 288 43 96 289 51 96 290 42 97 291 48 97 292 31 97 293 48 98 294 44 98 295 29 98 296 35 99 297 41 99 298 52 99 299 41 100 300 37 100 301 50 100 302 30 101 303 33 101 304 40 101 305 33 102 306 29 102 307 37 102 308 28 103 309 34 103 310 3 103 311 34 104 312 30 104 313 1 104 314 8 105 315 10 105 316 38 105 317 10 106 318 7 106 319 36 106 320 42 107 321 28 107 322 0 107 323</p>
        </triangles>
      </mesh>
    </geometry>
    <geometry id="Cube_006-mesh" name="Cube.006">
      <mesh>
        <source id="Cube_006-mesh-positions">
          <float_array id="Cube_006-mesh-positions-array" count="168">-0.09499996 -0.09499996 -0.02999997 -0.09499996 -0.1 -0.02499997 -0.1 -0.09499996 -0.02499997 -0.09499996 -0.09853553 -0.02853548 -0.09788674 -0.09788674 -0.02788674 -0.09853553 -0.09853553 -0.02499997 -0.09853553 -0.09499996 -0.02853548 -0.09499996 -0.1 0.02499997 -0.09499996 -0.09499996 0.02999997 -0.1 -0.09499996 0.02499997 -0.09499996 -0.09853553 0.02853548 -0.09788674 -0.09788674 0.02788674 -0.09853553 -0.09499996 0.02853548 -0.09853553 -0.09853553 0.02499997 -0.09499996 0.09499996 -0.02999997 -0.1 0.09499996 -0.02499997 -0.09499996 0.1 -0.02499997 -0.09853553 0.09499996 -0.02853548 -0.09788674 0.09788674 -0.02788674 -0.09853553 0.09853553 -0.02499997 -0.09499996 0.09853553 -0.02853548 -0.09499996 0.09499996 0.02999997 -0.09499996 0.1 0.02499997 -0.1 0.09499996 0.02499997 -0.09499996 0.09853553 0.02853548 -0.09788674 0.09788674 0.02788674 -0.09853553 0.09853553 0.02499997 -0.09853553 0.09499996 0.02853548 0.09499996 -0.09499996 -0.02999997 0.1 -0.09499996 -0.02499997 0.09499996 -0.1 -0.02499997 0.09853553 -0.09499996 -0.02853548 0.09788674 -0.09788674 -0.02788674 0.09853553 -0.09853553 -0.02499997 0.09499996 -0.09853553 -0.02853548 0.09499996 -0.09499996 0.02999997 0.09499996 -0.1 0.02499997 0.1 -0.09499996 0.02499997 0.09499996 -0.09853553 0.02853548 0.09788674 -0.09788674 0.02788674 0.09853553 -0.09853553 0.02499997 0.09853553 -0.09499996 0.02853548 0.09499996 0.09499996 -0.02999997 0.09499996 0.1 -0.02499997 0.1 0.09499996 -0.02499997 0.09499996 0.09853553 -0.02853548 0.09788674 0.09788674 -0.02788674 0.09853553 0.09853553 -0.02499997 0.09853553 0.09499996 -0.02853548 0.09499996 0.09499996 0.02999997 0.1 0.09499996 0.02499997 0.09499996 0.1 0.02499997 0.09853553 0.09499996 0.02853548 0.09788674 0.09788674 0.02788674 0.09853553 0.09853553 0.02499997 0.09499996 0.09853553 0.02853548</float_array>
          <technique_common>
            <accessor source="#Cube_006-mesh-positions-array" count="56" stride="3">
              <param name="X" type="float"/>
              <param name="Y" type="float"/>
              <param name="Z" type="float"/>
            </accessor>
          </technique_common>
        </source>
        <source id="Cube_006-mesh-normals">
          <float_array id="Cube_006-mesh-normals-array" count="324">0 -1 0 1 0 0 0 0 1 -1 0 0 0 1 0 -0.3671798 -0.2817485 -0.8864518 -0.2817494 -0.8864516 -0.3671795 -0.8864516 -0.3671792 -0.2817499 -0.3671792 -0.8864516 0.2817499 -0.2817485 -0.3671798 0.8864518 -0.8864516 -0.2817494 0.3671795 -0.2817485 0.3671798 -0.8864518 -0.8864516 0.2817494 -0.3671795 -0.3671792 0.8864516 -0.2817499 -0.3671798 0.2817485 0.8864518 -0.2817494 0.8864516 0.3671795 -0.8864516 0.3671792 0.2817499 0.2817485 -0.3671798 -0.8864518 0.8864516 -0.2817494 -0.3671795 0.3671792 -0.8864516 -0.2817499 0.3671798 -0.2817485 0.8864518 0.2817494 -0.8864516 0.3671795 0.8864516 -0.3671792 0.2817499 0.3671798 0.2817485 -0.8864518 0.2817494 0.8864516 -0.3671795 0.8864516 0.3671792 -0.2817499 0.2817485 0.3671798 0.8864518 0.8864516 0.2817494 0.3671795 0.3671792 0.8864516 0.2817499 -0.3826829 0 -0.9238798 -0.9238798 0 -0.3826828 -0.3826825 -0.9238799 0 -0.9238799 -0.3826825 0 -0.3826829 0 0.9238798 -0.9238798 0 0.3826828 -0.3826825 0.9238799 0 -0.9238799 0.3826825 0 0 0.3826829 -0.9238798 0 0.9238798 -0.3826828 0 0.3826829 0.9238798 0 0.9238798 0.3826828 0.9238799 0.3826825 0 0.3826825 0.9238799 0 0.3826829 0 -0.9238798 0.9238798 0 -0.3826828 0.3826829 0 0.9238798 0.9238798 0 0.3826828 0.3826825 -0.9238799 0 0.9238799 -0.3826825 0 0 -0.3826829 -0.9238798 0 -0.9238798 -0.3826828 0 -0.3826829 0.9238798 0 -0.9238798 0.3826828 0 0 -1 0 -1 0 1 0 0 0 0 1 -1 0 0 0 1 0 -0.2817485 -0.3671798 -0.8864518 -0.3671792 -0.8864516 -0.2817499 -0.8864516 -0.2817494 -0.3671795 -0.2817494 -0.8864516 0.3671795 -0.3671798 -0.2817485 0.8864518 -0.8864516 -0.3671792 0.2817499 -0.3671798 0.2817485 -0.8864518 -0.8864516 0.3671792 -0.2817499 -0.2817494 0.8864516 -0.3671795 -0.2817485 0.3671798 0.8864518 -0.3671792 0.8864516 0.2817499 -0.8864516 0.2817494 0.3671795 0.3671798 -0.2817485 -0.8864518 0.8864516 -0.3671792 -0.2817499 0.2817494 -0.8864516 -0.3671795 0.2817485 -0.3671798 0.8864518 0.3671792 -0.8864516 0.2817499 0.8864516 -0.2817494 0.3671795 0.2817485 0.3671798 -0.8864518 0.3671792 0.8864516 -0.2817499 0.8864516 0.2817494 -0.3671795 0.3671798 0.2817485 0.8864518 0.8864516 0.3671792 0.2817499 0.2817494 0.8864516 0.3671795 -0.3826829 0 -0.9238798 -0.9238798 0 -0.3826828 -0.3826825 -0.9238799 0 -0.9238799 -0.3826825 0 -0.3826829 0 0.9238798 -0.9238798 0 0.3826828 -0.3826825 0.9238799 0 -0.9238799 0.3826825 0 0 0.3826829 -0.9238798 0 0.9238798 -0.3826828 0 0.3826829 0.9238798 0 0.9238798 0.3826828 0.9238799 0.3826825 0 0.3826825 0.9238799 0 0.3826829 0 -0.9238798 0.9238798 0 -0.3826828 0.3826829 0 0.9238798 0.9238798 0 0.3826828 0.3826825 -0.9238799 0 0.9238799 -0.3826825 0 0 -0.3826829 -0.9238798 0 -0.9238798 -0.3826828 0 -0.3826829 0.9238798 0 -0.9238798 0.3826828 0 0 -1</float_array>
          <technique_common>
            <accessor source="#Cube_006-mesh-normals-array" count="108" stride="3">
              <param name="X" type="float"/>
              <param name="Y" type="float"/>
              <param name="Z" type="float"/>
            </accessor>
          </technique_common>
        </source>
        <source id="Cube_006-mesh-map-0">
          <float_array id="Cube_006-mesh-map-0-array" count="648">0.6634892 0.4782725 0.7882787 0.01208186 0.7882787 0.4782726 0.5128999 0.4871001 0.6376895 0.01289981 0.6376894 0.4871001 0.4871001 0.4871001 0.01289987 0.01289981 0.4871001 0.01289987 0.5128999 0.9871 0.6376895 0.5128998 0.6376894 0.9871001 0.6634892 0.9713026 0.7882788 0.5051119 0.7882787 0.9713026 0.01289987 0.5128999 0.005695104 0.5056952 0.01289987 0.5040759 0.7882787 0.01208186 0.7954835 0.0059641 0.7971027 0.0127508 0.6376894 0.9871001 0.6448941 0.9943048 0.6376894 0.995924 0.6634892 0.01208186 0.6562845 0.0059641 0.6634892 0.004075825 0.01289981 0.4871001 0.005695104 0.4943048 0.004075825 0.4871001 0.5128999 0.9871 0.5056952 0.9943048 0.504076 0.9871 0.4871001 0.5128999 0.4943048 0.5056952 0.4959241 0.5128999 0.6376895 0.5128998 0.6448942 0.5056951 0.6465134 0.5128998 0.7882787 0.9713026 0.7954835 0.9774203 0.7882787 0.9793086 0.4871001 0.4871001 0.4943048 0.4943048 0.4871001 0.4959241 0.6634892 0.9713026 0.6562845 0.9774203 0.6546652 0.9706336 0.5128999 0.5128998 0.5056952 0.5056951 0.5128999 0.5040758 0.01289981 0.9871001 0.005695104 0.9943048 0.004075825 0.9871001 0.6376895 0.01289981 0.6448942 0.005695104 0.6465134 0.01289981 0.7882787 0.4782726 0.7954834 0.4863209 0.7882787 0.4876164 0.01289987 0.01289981 0.005695104 0.005695104 0.01289987 0.004075825 0.6634892 0.4782725 0.6562844 0.4863209 0.6546652 0.4789415 0.5128999 0.01289981 0.5056952 0.005695104 0.5128999 0.004075825 0.4871001 0.9871002 0.4943048 0.9943049 0.4871001 0.9959241 0.7882788 0.5051119 0.7954835 0.4970636 0.7971027 0.504443 0.6376894 0.4871001 0.6448941 0.4943048 0.6376894 0.4959241 0.4871001 0.01289987 0.4943048 0.005695104 0.4959241 0.01289987 0.5128999 0.4871001 0.5056952 0.4943048 0.504076 0.4871001 0.6634892 0.5051119 0.6562845 0.4970636 0.6634892 0.4957681 0.01289987 0.5128999 0.4871001 0.504076 0.4871001 0.5128999 0.6465134 0.9871001 0.6376895 0.5128998 0.6465134 0.5128998 0.6634892 0.01208186 0.7882787 0.004075825 0.7882787 0.01208186 0.5128999 0.995924 0.6376894 0.9871001 0.6376894 0.995924 0.4871001 0.4871001 0.01289981 0.4959241 0.01289981 0.4871001 0.504076 0.5128998 0.5128999 0.9871 0.504076 0.9871 0.7882787 0.9713026 0.6634892 0.9793086 0.6634892 0.9713026 0.6376895 0.5040758 0.5128999 0.5128998 0.5128999 0.5040758 0.4871001 0.5128999 0.4959241 0.9871002 0.4871001 0.9871002 0.7971027 0.9706337 0.7882788 0.5051119 0.7971027 0.504443 0.4871001 0.01289987 0.4959241 0.4871001 0.4871001 0.4871001 0.6546652 0.504443 0.6634892 0.9713026 0.6546652 0.9706336 0.6376894 0.4871001 0.5128999 0.4959241 0.5128999 0.4871001 0.7882788 0.4957681 0.6634892 0.5051119 0.6634892 0.4957681 0.4871001 0.9871002 0.01289981 0.9959241 0.01289981 0.9871001 0.6465134 0.4871001 0.6376895 0.01289981 0.6465134 0.01289981 0.01289987 0.01289981 0.4871001 0.004075884 0.4871001 0.01289987 0.504076 0.01289981 0.5128999 0.4871001 0.504076 0.4871001 0.7882787 0.4782726 0.6634892 0.4876164 0.6634892 0.4782725 0.6376895 0.004075884 0.5128999 0.01289981 0.5128999 0.004075825 0.01289981 0.9871001 0.004075884 0.5128999 0.01289987 0.5128999 0.7971026 0.4789415 0.7882787 0.01208186 0.7971027 0.0127508 0.01289981 0.4871001 0.004075884 0.01289981 0.01289987 0.01289981 0.6546652 0.01275074 0.6634892 0.4782725 0.6546652 0.4789415 0.4871001 0.9871002 0.01289987 0.5128999 0.4871001 0.5128999 0.6634892 0.4782725 0.6634892 0.01208186 0.7882787 0.01208186 0.5128999 0.4871001 0.5128999 0.01289981 0.6376895 0.01289981 0.4871001 0.4871001 0.01289981 0.4871001 0.01289987 0.01289981 0.5128999 0.9871 0.5128999 0.5128998 0.6376895 0.5128998 0.6634892 0.9713026 0.6634892 0.5051119 0.7882788 0.5051119 0.01289987 0.5128999 0.004075884 0.5128999 0.005695104 0.5056952 0.7882787 0.01208186 0.7882787 0.004075825 0.7954835 0.0059641 0.6376894 0.9871001 0.6465134 0.9871001 0.6448941 0.9943048 0.6634892 0.01208186 0.6546652 0.01275074 0.6562845 0.0059641 0.01289981 0.4871001 0.01289981 0.4959241 0.005695104 0.4943048 0.5128999 0.9871 0.5128999 0.995924 0.5056952 0.9943048 0.4871001 0.5128999 0.4871001 0.504076 0.4943048 0.5056952 0.6376895 0.5128998 0.6376895 0.5040758 0.6448942 0.5056951 0.7882787 0.9713026 0.7971027 0.9706337 0.7954835 0.9774203 0.4871001 0.4871001 0.4959241 0.4871001 0.4943048 0.4943048 0.6634892 0.9713026 0.6634892 0.9793086 0.6562845 0.9774203 0.5128999 0.5128998 0.504076 0.5128998 0.5056952 0.5056951 0.01289981 0.9871001 0.01289981 0.9959241 0.005695104 0.9943048 0.6376895 0.01289981 0.6376895 0.004075884 0.6448942 0.005695104 0.7882787 0.4782726 0.7971026 0.4789415 0.7954834 0.4863209 0.01289987 0.01289981 0.004075884 0.01289981 0.005695104 0.005695104 0.6634892 0.4782725 0.6634892 0.4876164 0.6562844 0.4863209 0.5128999 0.01289981 0.504076 0.01289981 0.5056952 0.005695104 0.4871001 0.9871002 0.4959241 0.9871002 0.4943048 0.9943049 0.7882788 0.5051119 0.7882788 0.4957681 0.7954835 0.4970636 0.6376894 0.4871001 0.6465134 0.4871001 0.6448941 0.4943048 0.4871001 0.01289987 0.4871001 0.004075884 0.4943048 0.005695104 0.5128999 0.4871001 0.5128999 0.4959241 0.5056952 0.4943048 0.6634892 0.5051119 0.6546652 0.504443 0.6562845 0.4970636 0.01289987 0.5128999 0.01289987 0.5040759 0.4871001 0.504076 0.6465134 0.9871001 0.6376894 0.9871001 0.6376895 0.5128998 0.6634892 0.01208186 0.6634892 0.004075825 0.7882787 0.004075825 0.5128999 0.995924 0.5128999 0.9871 0.6376894 0.9871001 0.4871001 0.4871001 0.4871001 0.4959241 0.01289981 0.4959241 0.504076 0.5128998 0.5128999 0.5128998 0.5128999 0.9871 0.7882787 0.9713026 0.7882787 0.9793086 0.6634892 0.9793086 0.6376895 0.5040758 0.6376895 0.5128998 0.5128999 0.5128998 0.4871001 0.5128999 0.4959241 0.5128999 0.4959241 0.9871002 0.7971027 0.9706337 0.7882787 0.9713026 0.7882788 0.5051119 0.4871001 0.01289987 0.4959241 0.01289987 0.4959241 0.4871001 0.6546652 0.504443 0.6634892 0.5051119 0.6634892 0.9713026 0.6376894 0.4871001 0.6376894 0.4959241 0.5128999 0.4959241 0.7882788 0.4957681 0.7882788 0.5051119 0.6634892 0.5051119 0.4871001 0.9871002 0.4871001 0.9959241 0.01289981 0.9959241 0.6465134 0.4871001 0.6376894 0.4871001 0.6376895 0.01289981 0.01289987 0.01289981 0.01289987 0.004075825 0.4871001 0.004075884 0.504076 0.01289981 0.5128999 0.01289981 0.5128999 0.4871001 0.7882787 0.4782726 0.7882787 0.4876164 0.6634892 0.4876164 0.6376895 0.004075884 0.6376895 0.01289981 0.5128999 0.01289981 0.01289981 0.9871001 0.004075825 0.9871001 0.004075884 0.5128999 0.7971026 0.4789415 0.7882787 0.4782726 0.7882787 0.01208186 0.01289981 0.4871001 0.004075825 0.4871001 0.004075884 0.01289981 0.6546652 0.01275074 0.6634892 0.01208186 0.6634892 0.4782725 0.4871001 0.9871002 0.01289981 0.9871001 0.01289987 0.5128999</float_array>
          <technique_common>
            <accessor source="#Cube_006-mesh-map-0-array" count="324" stride="2">
              <param name="S" type="float"/>
              <param name="T" type="float"/>
            </accessor>
          </technique_common>
        </source>
        <vertices id="Cube_006-mesh-vertices">
          <input semantic="POSITION" source="#Cube_006-mesh-positions"/>
        </vertices>
        <triangles material="PP_roof-material" count="108">
          <input semantic="VERTEX" source="#Cube_006-mesh-vertices" offset="0"/>
          <input semantic="NORMAL" source="#Cube_006-mesh-normals" offset="1"/>
          <input semantic="TEXCOORD" source="#Cube_006-mesh-map-0" offset="2" set="0"/>
          <p>36 0 0 1 0 1 30 0 2 50 1 3 29 1 4 44 1 5 21 2 6 35 2 7 49 2 8 9 3 9 15 3 10 2 3 11 22 4 12 43 4 13 16 4 14 0 5 15 4 5 16 6 5 17 1 6 18 4 6 19 3 6 20 2 7 21 4 7 22 5 7 23 7 8 24 11 8 25 13 8 26 8 9 27 11 9 28 10 9 29 9 10 30 11 10 31 12 10 32 14 11 33 18 11 34 20 11 35 15 12 36 18 12 37 17 12 38 16 13 39 18 13 40 19 13 41 21 14 42 25 14 43 27 14 44 22 15 45 25 15 46 24 15 47 23 16 48 25 16 49 26 16 50 28 17 51 32 17 52 34 17 53 29 18 54 32 18 55 31 18 56 30 19 57 32 19 58 33 19 59 35 20 60 39 20 61 41 20 62 36 21 63 39 21 64 38 21 65 37 22 66 39 22 67 40 22 68 42 23 69 46 23 70 48 23 71 43 24 72 46 24 73 45 24 74 44 25 75 46 25 76 47 25 77 49 26 78 53 26 79 55 26 80 50 27 81 53 27 82 52 27 83 51 28 84 53 28 85 54 28 86 0 29 87 17 29 88 14 29 89 6 30 90 15 30 91 17 30 92 7 31 93 5 31 94 1 31 95 13 32 96 2 32 97 5 32 98 21 33 99 12 33 100 8 33 101 27 34 102 9 34 103 12 34 104 16 35 105 26 35 106 22 35 107 19 36 108 23 36 109 26 36 110 14 37 111 45 37 112 42 37 113 20 38 114 43 38 115 45 38 116 49 39 117 24 39 118 21 39 119 55 40 120 22 40 121 24 40 122 44 41 123 54 41 124 50 41 125 47 42 126 51 42 127 54 42 128 42 43 129 31 43 130 28 43 131 48 44 132 29 44 133 31 44 134 35 45 135 52 45 136 49 45 137 41 46 138 50 46 139 52 46 140 30 47 141 40 47 142 36 47 143 33 48 144 37 48 145 40 48 146 28 49 147 3 49 148 0 49 149 34 50 150 1 50 151 3 50 152 8 51 153 38 51 154 35 51 155 10 52 156 36 52 157 38 52 158 42 53 159 0 53 160 14 53 161 36 54 162 7 54 163 1 54 164 50 55 165 37 55 166 29 55 167 21 56 168 8 56 169 35 56 170 9 57 171 23 57 172 15 57 173 22 58 174 51 58 175 43 58 176 0 59 177 3 59 178 4 59 179 1 60 180 5 60 181 4 60 182 2 61 183 6 61 184 4 61 185 7 62 186 10 62 187 11 62 188 8 63 189 12 63 190 11 63 191 9 64 192 13 64 193 11 64 194 14 65 195 17 65 196 18 65 197 15 66 198 19 66 199 18 66 200 16 67 201 20 67 202 18 67 203 21 68 204 24 68 205 25 68 206 22 69 207 26 69 208 25 69 209 23 70 210 27 70 211 25 70 212 28 71 213 31 71 214 32 71 215 29 72 216 33 72 217 32 72 218 30 73 219 34 73 220 32 73 221 35 74 222 38 74 223 39 74 224 36 75 225 40 75 226 39 75 227 37 76 228 41 76 229 39 76 230 42 77 231 45 77 232 46 77 233 43 78 234 47 78 235 46 78 236 44 79 237 48 79 238 46 79 239 49 80 240 52 80 241 53 80 242 50 81 243 54 81 244 53 81 245 51 82 246 55 82 247 53 82 248 0 83 249 6 83 250 17 83 251 6 84 252 2 84 253 15 84 254 7 85 255 13 85 256 5 85 257 13 86 258 9 86 259 2 86 260 21 87 261 27 87 262 12 87 263 27 88 264 23 88 265 9 88 266 16 89 267 19 89 268 26 89 269 19 90 270 15 90 271 23 90 272 14 91 273 20 91 274 45 91 275 20 92 276 16 92 277 43 92 278 49 93 279 55 93 280 24 93 281 55 94 282 51 94 283 22 94 284 44 95 285 47 95 286 54 95 287 47 96 288 43 96 289 51 96 290 42 97 291 48 97 292 31 97 293 48 98 294 44 98 295 29 98 296 35 99 297 41 99 298 52 99 299 41 100 300 37 100 301 50 100 302 30 101 303 33 101 304 40 101 305 33 102 306 29 102 307 37 102 308 28 103 309 34 103 310 3 103 311 34 104 312 30 104 313 1 104 314 8 105 315 10 105 316 38 105 317 10 106 318 7 106 319 36 106 320 42 107 321 28 107 322 0 107 323</p>
        </triangles>
      </mesh>
    </geometry>
    <geometry id="Cube_005-mesh" name="Cube.005">
      <mesh>
        <source id="Cube_005-mesh-positions">
          <float_array id="Cube_005-mesh-positions-array" count="168">-0.09499996 -0.09499996 -0.02999997 -0.09499996 -0.1 -0.02499997 -0.1 -0.09499996 -0.02499997 -0.09499996 -0.09853553 -0.02853548 -0.09788674 -0.09788674 -0.02788674 -0.09853553 -0.09853553 -0.02499997 -0.09853553 -0.09499996 -0.02853548 -0.09499996 -0.1 0.02499997 -0.09499996 -0.09499996 0.02999997 -0.1 -0.09499996 0.02499997 -0.09499996 -0.09853553 0.02853548 -0.09788674 -0.09788674 0.02788674 -0.09853553 -0.09499996 0.02853548 -0.09853553 -0.09853553 0.02499997 -0.09499996 0.09499996 -0.02999997 -0.1 0.09499996 -0.02499997 -0.09499996 0.1 -0.02499997 -0.09853553 0.09499996 -0.02853548 -0.09788674 0.09788674 -0.02788674 -0.09853553 0.09853553 -0.02499997 -0.09499996 0.09853553 -0.02853548 -0.09499996 0.09499996 0.02999997 -0.09499996 0.1 0.02499997 -0.1 0.09499996 0.02499997 -0.09499996 0.09853553 0.02853548 -0.09788674 0.09788674 0.02788674 -0.09853553 0.09853553 0.02499997 -0.09853553 0.09499996 0.02853548 0.09499996 -0.09499996 -0.02999997 0.1 -0.09499996 -0.02499997 0.09499996 -0.1 -0.02499997 0.09853553 -0.09499996 -0.02853548 0.09788674 -0.09788674 -0.02788674 0.09853553 -0.09853553 -0.02499997 0.09499996 -0.09853553 -0.02853548 0.09499996 -0.09499996 0.02999997 0.09499996 -0.1 0.02499997 0.1 -0.09499996 0.02499997 0.09499996 -0.09853553 0.02853548 0.09788674 -0.09788674 0.02788674 0.09853553 -0.09853553 0.02499997 0.09853553 -0.09499996 0.02853548 0.09499996 0.09499996 -0.02999997 0.09499996 0.1 -0.02499997 0.1 0.09499996 -0.02499997 0.09499996 0.09853553 -0.02853548 0.09788674 0.09788674 -0.02788674 0.09853553 0.09853553 -0.02499997 0.09853553 0.09499996 -0.02853548 0.09499996 0.09499996 0.02999997 0.1 0.09499996 0.02499997 0.09499996 0.1 0.02499997 0.09853553 0.09499996 0.02853548 0.09788674 0.09788674 0.02788674 0.09853553 0.09853553 0.02499997 0.09499996 0.09853553 0.02853548</float_array>
          <technique_common>
            <accessor source="#Cube_005-mesh-positions-array" count="56" stride="3">
              <param name="X" type="float"/>
              <param name="Y" type="float"/>
              <param name="Z" type="float"/>
            </accessor>
          </technique_common>
        </source>
        <source id="Cube_005-mesh-normals">
          <float_array id="Cube_005-mesh-normals-array" count="324">0 -1 0 1 0 0 0 0 1 -1 0 0 0 1 0 -0.3671798 -0.2817485 -0.8864518 -0.2817494 -0.8864516 -0.3671795 -0.8864516 -0.3671792 -0.2817499 -0.3671792 -0.8864516 0.2817499 -0.2817485 -0.3671798 0.8864518 -0.8864516 -0.2817494 0.3671795 -0.2817485 0.3671798 -0.8864518 -0.8864516 0.2817494 -0.3671795 -0.3671792 0.8864516 -0.2817499 -0.3671798 0.2817485 0.8864518 -0.2817494 0.8864516 0.3671795 -0.8864516 0.3671792 0.2817499 0.2817485 -0.3671798 -0.8864518 0.8864516 -0.2817494 -0.3671795 0.3671792 -0.8864516 -0.2817499 0.3671798 -0.2817485 0.8864518 0.2817494 -0.8864516 0.3671795 0.8864516 -0.3671792 0.2817499 0.3671798 0.2817485 -0.8864518 0.2817494 0.8864516 -0.3671795 0.8864516 0.3671792 -0.2817499 0.2817485 0.3671798 0.8864518 0.8864516 0.2817494 0.3671795 0.3671792 0.8864516 0.2817499 -0.3826829 0 -0.9238798 -0.9238798 0 -0.3826828 -0.3826825 -0.9238799 0 -0.9238799 -0.3826825 0 -0.3826829 0 0.9238798 -0.9238798 0 0.3826828 -0.3826825 0.9238799 0 -0.9238799 0.3826825 0 0 0.3826829 -0.9238798 0 0.9238798 -0.3826828 0 0.3826829 0.9238798 0 0.9238798 0.3826828 0.9238799 0.3826825 0 0.3826825 0.9238799 0 0.3826829 0 -0.9238798 0.9238798 0 -0.3826828 0.3826829 0 0.9238798 0.9238798 0 0.3826828 0.3826825 -0.9238799 0 0.9238799 -0.3826825 0 0 -0.3826829 -0.9238798 0 -0.9238798 -0.3826828 0 -0.3826829 0.9238798 0 -0.9238798 0.3826828 0 0 -1 0 -1 0 1 0 0 0 0 1 -1 0 0 0 1 0 -0.2817485 -0.3671798 -0.8864518 -0.3671792 -0.8864516 -0.2817499 -0.8864516 -0.2817494 -0.3671795 -0.2817494 -0.8864516 0.3671795 -0.3671798 -0.2817485 0.8864518 -0.8864516 -0.3671792 0.2817499 -0.3671798 0.2817485 -0.8864518 -0.8864516 0.3671792 -0.2817499 -0.2817494 0.8864516 -0.3671795 -0.2817485 0.3671798 0.8864518 -0.3671792 0.8864516 0.2817499 -0.8864516 0.2817494 0.3671795 0.3671798 -0.2817485 -0.8864518 0.8864516 -0.3671792 -0.2817499 0.2817494 -0.8864516 -0.3671795 0.2817485 -0.3671798 0.8864518 0.3671792 -0.8864516 0.2817499 0.8864516 -0.2817494 0.3671795 0.2817485 0.3671798 -0.8864518 0.3671792 0.8864516 -0.2817499 0.8864516 0.2817494 -0.3671795 0.3671798 0.2817485 0.8864518 0.8864516 0.3671792 0.2817499 0.2817494 0.8864516 0.3671795 -0.3826829 0 -0.9238798 -0.9238798 0 -0.3826828 -0.3826825 -0.9238799 0 -0.9238799 -0.3826825 0 -0.3826829 0 0.9238798 -0.9238798 0 0.3826828 -0.3826825 0.9238799 0 -0.9238799 0.3826825 0 0 0.3826829 -0.9238798 0 0.9238798 -0.3826828 0 0.3826829 0.9238798 0 0.9238798 0.3826828 0.9238799 0.3826825 0 0.3826825 0.9238799 0 0.3826829 0 -0.9238798 0.9238798 0 -0.3826828 0.3826829 0 0.9238798 0.9238798 0 0.3826828 0.3826825 -0.9238799 0 0.9238799 -0.3826825 0 0 -0.3826829 -0.9238798 0 -0.9238798 -0.3826828 0 -0.3826829 0.9238798 0 -0.9238798 0.3826828 0 0 -1</float_array>
          <technique_common>
            <accessor source="#Cube_005-mesh-normals-array" count="108" stride="3">
              <param name="X" type="float"/>
              <param name="Y" type="float"/>
              <param name="Z" type="float"/>
            </accessor>
          </technique_common>
        </source>
        <source id="Cube_005-mesh-map-0">
          <float_array id="Cube_005-mesh-map-0-array" count="648">0.6634892 0.4782725 0.7882787 0.01208186 0.7882787 0.4782726 0.5128999 0.4871001 0.6376895 0.01289981 0.6376894 0.4871001 0.4871001 0.4871001 0.01289987 0.01289981 0.4871001 0.01289987 0.5128999 0.9871 0.6376895 0.5128998 0.6376894 0.9871001 0.6634892 0.9713026 0.7882788 0.5051119 0.7882787 0.9713026 0.01289987 0.5128999 0.005695104 0.5056952 0.01289987 0.5040759 0.7882787 0.01208186 0.7954835 0.0059641 0.7971027 0.0127508 0.6376894 0.9871001 0.6448941 0.9943048 0.6376894 0.995924 0.6634892 0.01208186 0.6562845 0.0059641 0.6634892 0.004075825 0.01289981 0.4871001 0.005695104 0.4943048 0.004075825 0.4871001 0.5128999 0.9871 0.5056952 0.9943048 0.504076 0.9871 0.4871001 0.5128999 0.4943048 0.5056952 0.4959241 0.5128999 0.6376895 0.5128998 0.6448942 0.5056951 0.6465134 0.5128998 0.7882787 0.9713026 0.7954835 0.9774203 0.7882787 0.9793086 0.4871001 0.4871001 0.4943048 0.4943048 0.4871001 0.4959241 0.6634892 0.9713026 0.6562845 0.9774203 0.6546652 0.9706336 0.5128999 0.5128998 0.5056952 0.5056951 0.5128999 0.5040758 0.01289981 0.9871001 0.005695104 0.9943048 0.004075825 0.9871001 0.6376895 0.01289981 0.6448942 0.005695104 0.6465134 0.01289981 0.7882787 0.4782726 0.7954834 0.4863209 0.7882787 0.4876164 0.01289987 0.01289981 0.005695104 0.005695104 0.01289987 0.004075825 0.6634892 0.4782725 0.6562844 0.4863209 0.6546652 0.4789415 0.5128999 0.01289981 0.5056952 0.005695104 0.5128999 0.004075825 0.4871001 0.9871002 0.4943048 0.9943049 0.4871001 0.9959241 0.7882788 0.5051119 0.7954835 0.4970636 0.7971027 0.504443 0.6376894 0.4871001 0.6448941 0.4943048 0.6376894 0.4959241 0.4871001 0.01289987 0.4943048 0.005695104 0.4959241 0.01289987 0.5128999 0.4871001 0.5056952 0.4943048 0.504076 0.4871001 0.6634892 0.5051119 0.6562845 0.4970636 0.6634892 0.4957681 0.01289987 0.5128999 0.4871001 0.504076 0.4871001 0.5128999 0.6465134 0.9871001 0.6376895 0.5128998 0.6465134 0.5128998 0.6634892 0.01208186 0.7882787 0.004075825 0.7882787 0.01208186 0.5128999 0.995924 0.6376894 0.9871001 0.6376894 0.995924 0.4871001 0.4871001 0.01289981 0.4959241 0.01289981 0.4871001 0.504076 0.5128998 0.5128999 0.9871 0.504076 0.9871 0.7882787 0.9713026 0.6634892 0.9793086 0.6634892 0.9713026 0.6376895 0.5040758 0.5128999 0.5128998 0.5128999 0.5040758 0.4871001 0.5128999 0.4959241 0.9871002 0.4871001 0.9871002 0.7971027 0.9706337 0.7882788 0.5051119 0.7971027 0.504443 0.4871001 0.01289987 0.4959241 0.4871001 0.4871001 0.4871001 0.6546652 0.504443 0.6634892 0.9713026 0.6546652 0.9706336 0.6376894 0.4871001 0.5128999 0.4959241 0.5128999 0.4871001 0.7882788 0.4957681 0.6634892 0.5051119 0.6634892 0.4957681 0.4871001 0.9871002 0.01289981 0.9959241 0.01289981 0.9871001 0.6465134 0.4871001 0.6376895 0.01289981 0.6465134 0.01289981 0.01289987 0.01289981 0.4871001 0.004075884 0.4871001 0.01289987 0.504076 0.01289981 0.5128999 0.4871001 0.504076 0.4871001 0.7882787 0.4782726 0.6634892 0.4876164 0.6634892 0.4782725 0.6376895 0.004075884 0.5128999 0.01289981 0.5128999 0.004075825 0.01289981 0.9871001 0.004075884 0.5128999 0.01289987 0.5128999 0.7971026 0.4789415 0.7882787 0.01208186 0.7971027 0.0127508 0.01289981 0.4871001 0.004075884 0.01289981 0.01289987 0.01289981 0.6546652 0.01275074 0.6634892 0.4782725 0.6546652 0.4789415 0.4871001 0.9871002 0.01289987 0.5128999 0.4871001 0.5128999 0.6634892 0.4782725 0.6634892 0.01208186 0.7882787 0.01208186 0.5128999 0.4871001 0.5128999 0.01289981 0.6376895 0.01289981 0.4871001 0.4871001 0.01289981 0.4871001 0.01289987 0.01289981 0.5128999 0.9871 0.5128999 0.5128998 0.6376895 0.5128998 0.6634892 0.9713026 0.6634892 0.5051119 0.7882788 0.5051119 0.01289987 0.5128999 0.004075884 0.5128999 0.005695104 0.5056952 0.7882787 0.01208186 0.7882787 0.004075825 0.7954835 0.0059641 0.6376894 0.9871001 0.6465134 0.9871001 0.6448941 0.9943048 0.6634892 0.01208186 0.6546652 0.01275074 0.6562845 0.0059641 0.01289981 0.4871001 0.01289981 0.4959241 0.005695104 0.4943048 0.5128999 0.9871 0.5128999 0.995924 0.5056952 0.9943048 0.4871001 0.5128999 0.4871001 0.504076 0.4943048 0.5056952 0.6376895 0.5128998 0.6376895 0.5040758 0.6448942 0.5056951 0.7882787 0.9713026 0.7971027 0.9706337 0.7954835 0.9774203 0.4871001 0.4871001 0.4959241 0.4871001 0.4943048 0.4943048 0.6634892 0.9713026 0.6634892 0.9793086 0.6562845 0.9774203 0.5128999 0.5128998 0.504076 0.5128998 0.5056952 0.5056951 0.01289981 0.9871001 0.01289981 0.9959241 0.005695104 0.9943048 0.6376895 0.01289981 0.6376895 0.004075884 0.6448942 0.005695104 0.7882787 0.4782726 0.7971026 0.4789415 0.7954834 0.4863209 0.01289987 0.01289981 0.004075884 0.01289981 0.005695104 0.005695104 0.6634892 0.4782725 0.6634892 0.4876164 0.6562844 0.4863209 0.5128999 0.01289981 0.504076 0.01289981 0.5056952 0.005695104 0.4871001 0.9871002 0.4959241 0.9871002 0.4943048 0.9943049 0.7882788 0.5051119 0.7882788 0.4957681 0.7954835 0.4970636 0.6376894 0.4871001 0.6465134 0.4871001 0.6448941 0.4943048 0.4871001 0.01289987 0.4871001 0.004075884 0.4943048 0.005695104 0.5128999 0.4871001 0.5128999 0.4959241 0.5056952 0.4943048 0.6634892 0.5051119 0.6546652 0.504443 0.6562845 0.4970636 0.01289987 0.5128999 0.01289987 0.5040759 0.4871001 0.504076 0.6465134 0.9871001 0.6376894 0.9871001 0.6376895 0.5128998 0.6634892 0.01208186 0.6634892 0.004075825 0.7882787 0.004075825 0.5128999 0.995924 0.5128999 0.9871 0.6376894 0.9871001 0.4871001 0.4871001 0.4871001 0.4959241 0.01289981 0.4959241 0.504076 0.5128998 0.5128999 0.5128998 0.5128999 0.9871 0.7882787 0.9713026 0.7882787 0.9793086 0.6634892 0.9793086 0.6376895 0.5040758 0.6376895 0.5128998 0.5128999 0.5128998 0.4871001 0.5128999 0.4959241 0.5128999 0.4959241 0.9871002 0.7971027 0.9706337 0.7882787 0.9713026 0.7882788 0.5051119 0.4871001 0.01289987 0.4959241 0.01289987 0.4959241 0.4871001 0.6546652 0.504443 0.6634892 0.5051119 0.6634892 0.9713026 0.6376894 0.4871001 0.6376894 0.4959241 0.5128999 0.4959241 0.7882788 0.4957681 0.7882788 0.5051119 0.6634892 0.5051119 0.4871001 0.9871002 0.4871001 0.9959241 0.01289981 0.9959241 0.6465134 0.4871001 0.6376894 0.4871001 0.6376895 0.01289981 0.01289987 0.01289981 0.01289987 0.004075825 0.4871001 0.004075884 0.504076 0.01289981 0.5128999 0.01289981 0.5128999 0.4871001 0.7882787 0.4782726 0.7882787 0.4876164 0.6634892 0.4876164 0.6376895 0.004075884 0.6376895 0.01289981 0.5128999 0.01289981 0.01289981 0.9871001 0.004075825 0.9871001 0.004075884 0.5128999 0.7971026 0.4789415 0.7882787 0.4782726 0.7882787 0.01208186 0.01289981 0.4871001 0.004075825 0.4871001 0.004075884 0.01289981 0.6546652 0.01275074 0.6634892 0.01208186 0.6634892 0.4782725 0.4871001 0.9871002 0.01289981 0.9871001 0.01289987 0.5128999</float_array>
          <technique_common>
            <accessor source="#Cube_005-mesh-map-0-array" count="324" stride="2">
              <param name="S" type="float"/>
              <param name="T" type="float"/>
            </accessor>
          </technique_common>
        </source>
        <vertices id="Cube_005-mesh-vertices">
          <input semantic="POSITION" source="#Cube_005-mesh-positions"/>
        </vertices>
        <triangles material="PP_roof-material" count="108">
          <input semantic="VERTEX" source="#Cube_005-mesh-vertices" offset="0"/>
          <input semantic="NORMAL" source="#Cube_005-mesh-normals" offset="1"/>
          <input semantic="TEXCOORD" source="#Cube_005-mesh-map-0" offset="2" set="0"/>
          <p>36 0 0 1 0 1 30 0 2 50 1 3 29 1 4 44 1 5 21 2 6 35 2 7 49 2 8 9 3 9 15 3 10 2 3 11 22 4 12 43 4 13 16 4 14 0 5 15 4 5 16 6 5 17 1 6 18 4 6 19 3 6 20 2 7 21 4 7 22 5 7 23 7 8 24 11 8 25 13 8 26 8 9 27 11 9 28 10 9 29 9 10 30 11 10 31 12 10 32 14 11 33 18 11 34 20 11 35 15 12 36 18 12 37 17 12 38 16 13 39 18 13 40 19 13 41 21 14 42 25 14 43 27 14 44 22 15 45 25 15 46 24 15 47 23 16 48 25 16 49 26 16 50 28 17 51 32 17 52 34 17 53 29 18 54 32 18 55 31 18 56 30 19 57 32 19 58 33 19 59 35 20 60 39 20 61 41 20 62 36 21 63 39 21 64 38 21 65 37 22 66 39 22 67 40 22 68 42 23 69 46 23 70 48 23 71 43 24 72 46 24 73 45 24 74 44 25 75 46 25 76 47 25 77 49 26 78 53 26 79 55 26 80 50 27 81 53 27 82 52 27 83 51 28 84 53 28 85 54 28 86 0 29 87 17 29 88 14 29 89 6 30 90 15 30 91 17 30 92 7 31 93 5 31 94 1 31 95 13 32 96 2 32 97 5 32 98 21 33 99 12 33 100 8 33 101 27 34 102 9 34 103 12 34 104 16 35 105 26 35 106 22 35 107 19 36 108 23 36 109 26 36 110 14 37 111 45 37 112 42 37 113 20 38 114 43 38 115 45 38 116 49 39 117 24 39 118 21 39 119 55 40 120 22 40 121 24 40 122 44 41 123 54 41 124 50 41 125 47 42 126 51 42 127 54 42 128 42 43 129 31 43 130 28 43 131 48 44 132 29 44 133 31 44 134 35 45 135 52 45 136 49 45 137 41 46 138 50 46 139 52 46 140 30 47 141 40 47 142 36 47 143 33 48 144 37 48 145 40 48 146 28 49 147 3 49 148 0 49 149 34 50 150 1 50 151 3 50 152 8 51 153 38 51 154 35 51 155 10 52 156 36 52 157 38 52 158 42 53 159 0 53 160 14 53 161 36 54 162 7 54 163 1 54 164 50 55 165 37 55 166 29 55 167 21 56 168 8 56 169 35 56 170 9 57 171 23 57 172 15 57 173 22 58 174 51 58 175 43 58 176 0 59 177 3 59 178 4 59 179 1 60 180 5 60 181 4 60 182 2 61 183 6 61 184 4 61 185 7 62 186 10 62 187 11 62 188 8 63 189 12 63 190 11 63 191 9 64 192 13 64 193 11 64 194 14 65 195 17 65 196 18 65 197 15 66 198 19 66 199 18 66 200 16 67 201 20 67 202 18 67 203 21 68 204 24 68 205 25 68 206 22 69 207 26 69 208 25 69 209 23 70 210 27 70 211 25 70 212 28 71 213 31 71 214 32 71 215 29 72 216 33 72 217 32 72 218 30 73 219 34 73 220 32 73 221 35 74 222 38 74 223 39 74 224 36 75 225 40 75 226 39 75 227 37 76 228 41 76 229 39 76 230 42 77 231 45 77 232 46 77 233 43 78 234 47 78 235 46 78 236 44 79 237 48 79 238 46 79 239 49 80 240 52 80 241 53 80 242 50 81 243 54 81 244 53 81 245 51 82 246 55 82 247 53 82 248 0 83 249 6 83 250 17 83 251 6 84 252 2 84 253 15 84 254 7 85 255 13 85 256 5 85 257 13 86 258 9 86 259 2 86 260 21 87 261 27 87 262 12 87 263 27 88 264 23 88 265 9 88 266 16 89 267 19 89 268 26 89 269 19 90 270 15 90 271 23 90 272 14 91 273 20 91 274 45 91 275 20 92 276 16 92 277 43 92 278 49 93 279 55 93 280 24 93 281 55 94 282 51 94 283 22 94 284 44 95 285 47 95 286 54 95 287 47 96 288 43 96 289 51 96 290 42 97 291 48 97 292 31 97 293 48 98 294 44 98 295 29 98 296 35 99 297 41 99 298 52 99 299 41 100 300 37 100 301 50 100 302 30 101 303 33 101 304 40 101 305 33 102 306 29 102 307 37 102 308 28 103 309 34 103 310 3 103 311 34 104 312 30 104 313 1 104 314 8 105 315 10 105 316 38 105 317 10 106 318 7 106 319 36 106 320 42 107 321 28 107 322 0 107 323</p>
        </triangles>
      </mesh>
    </geometry>
    <geometry id="Cube_004-mesh" name="Cube.004">
      <mesh>
        <source id="Cube_004-mesh-positions">
          <float_array id="Cube_004-mesh-positions-array" count="168">-0.007499992 -0.31125 -0.225 -0.007499992 -0.31625 -0.22 -0.01249998 -0.31125 -0.22 -0.007499992 -0.3147855 -0.2235355 -0.0103867 -0.3141368 -0.2228867 -0.0110355 -0.3147855 -0.22 -0.0110355 -0.31125 -0.2235355 -0.007499992 -0.31625 0.22 -0.007499992 -0.31125 0.225 -0.01249998 -0.31125 0.22 -0.007499992 -0.3147855 0.2235355 -0.0103867 -0.3141368 0.2228867 -0.0110355 -0.31125 0.2235355 -0.0110355 -0.3147855 0.22 -0.007499992 0.31125 -0.225 -0.01249998 0.31125 -0.22 -0.007499992 0.31625 -0.22 -0.0110355 0.31125 -0.2235355 -0.0103867 0.3141368 -0.2228867 -0.0110355 0.3147855 -0.22 -0.007499992 0.3147855 -0.2235355 -0.007499992 0.31125 0.225 -0.007499992 0.31625 0.22 -0.01249998 0.31125 0.22 -0.007499992 0.3147855 0.2235355 -0.0103867 0.3141368 0.2228867 -0.0110355 0.3147855 0.22 -0.0110355 0.31125 0.2235355 0.007499992 -0.31125 -0.225 0.01249998 -0.31125 -0.22 0.007499992 -0.31625 -0.22 0.0110355 -0.31125 -0.2235355 0.0103867 -0.3141368 -0.2228867 0.0110355 -0.3147855 -0.22 0.007499992 -0.3147855 -0.2235355 0.007499992 -0.31125 0.225 0.007499992 -0.31625 0.22 0.01249998 -0.31125 0.22 0.007499992 -0.3147855 0.2235355 0.0103867 -0.3141368 0.2228867 0.0110355 -0.3147855 0.22 0.0110355 -0.31125 0.2235355 0.007499992 0.31125 -0.225 0.007499992 0.31625 -0.22 0.01249998 0.31125 -0.22 0.007499992 0.3147855 -0.2235355 0.0103867 0.3141368 -0.2228867 0.0110355 0.3147855 -0.22 0.0110355 0.31125 -0.2235355 0.007499992 0.31125 0.225 0.01249998 0.31125 0.22 0.007499992 0.31625 0.22 0.0110355 0.31125 0.2235355 0.0103867 0.3141368 0.2228867 0.0110355 0.3147855 0.22 0.007499992 0.3147855 0.2235355</float_array>
          <technique_common>
            <accessor source="#Cube_004-mesh-positions-array" count="56" stride="3">
              <param name="X" type="float"/>
              <param name="Y" type="float"/>
              <param name="Z" type="float"/>
            </accessor>
          </technique_common>
        </source>
        <source id="Cube_004-mesh-normals">
          <float_array id="Cube_004-mesh-normals-array" count="324">0 -1 0 1 0 0 0 0 1 -1 0 0 0 1 0 -0.3671826 -0.2817482 -0.8864507 -0.2817505 -0.8864536 -0.3671737 -0.8864521 -0.3671782 -0.2817497 -0.3671725 -0.886454 0.2817513 -0.281749 -0.3671814 0.886451 -0.8864517 -0.2817481 0.3671804 -0.281749 0.3671814 -0.886451 -0.8864517 0.2817481 -0.3671804 -0.3671725 0.886454 -0.2817513 -0.3671826 0.2817482 0.8864507 -0.2817505 0.8864536 0.3671737 -0.8864521 0.3671782 0.2817497 0.281749 -0.3671814 -0.886451 0.8864517 -0.2817481 -0.3671804 0.3671725 -0.886454 -0.2817513 0.3671826 -0.2817482 0.8864507 0.2817505 -0.8864536 0.3671737 0.8864521 -0.3671782 0.2817497 0.3671826 0.2817482 -0.8864507 0.2817505 0.8864536 -0.3671737 0.8864521 0.3671782 -0.2817497 0.281749 0.3671814 0.886451 0.8864517 0.2817481 0.3671804 0.3671725 0.886454 0.2817513 -0.3826879 0 -0.9238777 -0.9238786 0 -0.3826856 -0.3826746 -0.9238832 0 -0.9238808 -0.3826803 0 -0.3826879 0 0.9238777 -0.9238786 0 0.3826856 -0.3826746 0.9238832 0 -0.9238808 0.3826803 0 0 0.3826847 -0.923879 0 0.9238823 -0.3826768 0 0.3826847 0.923879 0 0.9238823 0.3826768 0.9238809 0.3826801 0 0.3826746 0.9238832 0 0.3826879 0 -0.9238777 0.9238786 0 -0.3826856 0.3826879 0 0.9238777 0.9238786 0 0.3826856 0.3826746 -0.9238832 0 0.9238808 -0.3826803 0 0 -0.3826847 -0.923879 0 -0.9238823 -0.3826768 0 -0.3826847 0.923879 0 -0.9238823 0.3826768 0 0 -1 0 -1 0 1 0 0 0 0 1 -1 0 0 0 1 0 -0.281749 -0.3671815 -0.886451 -0.3671725 -0.8864539 -0.2817513 -0.8864516 -0.2817482 -0.3671806 -0.2817506 -0.8864536 0.3671737 -0.3671826 -0.2817482 0.8864507 -0.8864522 -0.367178 0.2817496 -0.3671826 0.2817482 -0.8864507 -0.8864522 0.367178 -0.2817496 -0.2817506 0.8864536 -0.3671737 -0.281749 0.3671815 0.886451 -0.3671725 0.8864539 0.2817513 -0.8864516 0.2817482 0.3671806 0.3671826 -0.2817482 -0.8864507 0.8864522 -0.367178 -0.2817496 0.2817506 -0.8864536 -0.3671737 0.281749 -0.3671815 0.886451 0.3671725 -0.8864539 0.2817513 0.8864516 -0.2817482 0.3671806 0.281749 0.3671815 -0.886451 0.3671725 0.8864539 -0.2817513 0.8864516 0.2817482 -0.3671806 0.3671826 0.2817482 0.8864507 0.8864522 0.367178 0.2817496 0.2817506 0.8864536 0.3671737 -0.382688 0 -0.9238776 -0.9238786 0 -0.3826858 -0.3826746 -0.9238832 0 -0.9238809 -0.3826801 0 -0.382688 0 0.9238776 -0.9238786 0 0.3826858 -0.3826746 0.9238832 0 -0.9238809 0.3826801 0 0 0.3826847 -0.923879 0 0.9238823 -0.3826768 0 0.3826847 0.923879 0 0.9238823 0.3826768 0.9238808 0.3826803 0 0.3826746 0.9238832 0 0.382688 0 -0.9238776 0.9238786 0 -0.3826858 0.382688 0 0.9238776 0.9238786 0 0.3826858 0.3826746 -0.9238832 0 0.9238809 -0.3826801 0 0 -0.3826847 -0.923879 0 -0.9238823 -0.3826768 0 -0.3826847 0.923879 0 -0.9238823 0.3826768 0 0 -1</float_array>
          <technique_common>
            <accessor source="#Cube_004-mesh-normals-array" count="108" stride="3">
              <param name="X" type="float"/>
              <param name="Y" type="float"/>
              <param name="Z" type="float"/>
            </accessor>
          </technique_common>
        </source>
        <source id="Cube_004-mesh-map-0">
          <float_array id="Cube_004-mesh-map-0-array" count="648">0.4450771 0.5076823 0.4510054 0.8496018 0.4450771 0.8496018 0.2518794 0.9920492 0.3388279 0.007950842 0.3388279 0.9920492 0.4339926 0.4972053 0.439921 0.005156159 0.439921 0.4972053 0.3425867 0.9920491 0.4295352 0.007950842 0.4295352 0.9920492 0.4561616 0.005320727 0.4620898 0.3472402 0.4561616 0.3472402 0.4510054 0.005156159 0.4521463 0.002874314 0.4524027 0.005156099 0.4510054 0.8496018 0.4521463 0.8515393 0.4510054 0.8521373 0.4295352 0.9920492 0.4301056 0.9966128 0.4295352 0.9976385 0.4510054 0.5076823 0.4521463 0.5051333 0.4524027 0.5074704 0.4339926 0.005156159 0.4328517 0.002874314 0.4339926 0.002361476 0.3425867 0.9920491 0.3420162 0.9966127 0.3418881 0.9920492 0.4510054 0.4972053 0.4521463 0.4994871 0.4510054 0.5 0.4295352 0.007950842 0.4301056 0.003387212 0.4302338 0.007950782 0.4561616 0.3472402 0.4550207 0.3491777 0.4547643 0.3470283 0.4339926 0.4972053 0.4328517 0.4994871 0.4325953 0.4972053 0.4561616 0.005320727 0.4550207 0.002771794 0.4561616 0.002361476 0.3425867 0.007950782 0.3420163 0.003387153 0.3425867 0.002361476 0.4450771 0.005156159 0.4439362 0.002874314 0.4450771 0.002361476 0.3388279 0.007950842 0.3393983 0.003387212 0.3395265 0.007950782 0.4450771 0.8496018 0.4439362 0.8515393 0.4436798 0.8493899 0.439921 0.005156159 0.4410619 0.002874314 0.4413183 0.005156099 0.4450771 0.5076823 0.4439362 0.5051333 0.4450771 0.504723 0.2518794 0.007950842 0.251309 0.003387153 0.2518794 0.002361536 0.4450771 0.4972053 0.4439362 0.4994871 0.4436798 0.4972053 0.4620898 0.3472402 0.4632307 0.3491777 0.4620898 0.3497757 0.3388279 0.9920492 0.3393983 0.9966128 0.3388279 0.9976385 0.439921 0.4972053 0.4410619 0.4994871 0.439921 0.5 0.2518794 0.9920492 0.251309 0.9966128 0.2511808 0.9920492 0.4620898 0.005320727 0.4632307 0.002771794 0.4634872 0.005108892 0.4510054 0.005156159 0.4524027 0.4972053 0.4510054 0.4972053 0.4302338 0.9920492 0.4295352 0.007950842 0.4302338 0.007950782 0.4510054 0.5076823 0.4524027 0.8493899 0.4510054 0.8496018 0.3425867 0.9976384 0.4295352 0.9920492 0.4295352 0.9976385 0.4339926 0.4972053 0.4325953 0.005156099 0.4339926 0.005156159 0.3418881 0.007950782 0.3425867 0.9920491 0.3418881 0.9920492 0.4561616 0.3472402 0.4547643 0.005108892 0.4561616 0.005320727 0.4295352 0.002361536 0.3425867 0.007950782 0.3425867 0.002361476 0.4510054 0.4972053 0.4450771 0.5 0.4450771 0.4972053 0.4561616 0.3497757 0.4620898 0.3472402 0.4620898 0.3497757 0.439921 0.4972053 0.4339926 0.5 0.4339926 0.4972053 0.4620898 0.002361476 0.4561616 0.005320727 0.4561616 0.002361476 0.3388279 0.9920492 0.2518794 0.9976385 0.2518794 0.9920492 0.4634872 0.3470283 0.4620898 0.005320727 0.4634872 0.005108892 0.4450771 0.4972053 0.4436798 0.005156099 0.4450771 0.005156159 0.3395265 0.9920492 0.3388279 0.007950842 0.3395265 0.007950782 0.439921 0.005156159 0.4413183 0.4972053 0.439921 0.4972053 0.2511808 0.007950782 0.2518794 0.9920492 0.2511808 0.9920492 0.4450771 0.8496018 0.4436798 0.5074704 0.4450771 0.5076823 0.3388279 0.002361536 0.2518794 0.007950842 0.2518794 0.002361536 0.4450771 0.005156159 0.4510054 0.002361476 0.4510054 0.005156159 0.4450771 0.8521373 0.4510054 0.8496018 0.4510054 0.8521373 0.4339926 0.005156159 0.439921 0.002361476 0.439921 0.005156159 0.4510054 0.504723 0.4450771 0.5076823 0.4450771 0.504723 0.4450771 0.4972053 0.4510054 0.005156159 0.4510054 0.4972053 0.4450771 0.5076823 0.4510054 0.5076823 0.4510054 0.8496018 0.2518794 0.9920492 0.2518794 0.007950842 0.3388279 0.007950842 0.4339926 0.4972053 0.4339926 0.005156159 0.439921 0.005156159 0.3425867 0.9920491 0.3425867 0.007950782 0.4295352 0.007950842 0.4561616 0.005320727 0.4620898 0.005320727 0.4620898 0.3472402 0.4510054 0.005156159 0.4510054 0.002361476 0.4521463 0.002874314 0.4510054 0.8496018 0.4524027 0.8493899 0.4521463 0.8515393 0.4295352 0.9920492 0.4302338 0.9920492 0.4301056 0.9966128 0.4510054 0.5076823 0.4510054 0.504723 0.4521463 0.5051333 0.4339926 0.005156159 0.4325953 0.005156099 0.4328517 0.002874314 0.3425867 0.9920491 0.3425867 0.9976384 0.3420162 0.9966127 0.4510054 0.4972053 0.4524027 0.4972053 0.4521463 0.4994871 0.4295352 0.007950842 0.4295352 0.002361536 0.4301056 0.003387212 0.4561616 0.3472402 0.4561616 0.3497757 0.4550207 0.3491777 0.4339926 0.4972053 0.4339926 0.5 0.4328517 0.4994871 0.4561616 0.005320727 0.4547643 0.005108892 0.4550207 0.002771794 0.3425867 0.007950782 0.3418881 0.007950782 0.3420163 0.003387153 0.4450771 0.005156159 0.4436798 0.005156099 0.4439362 0.002874314 0.3388279 0.007950842 0.3388279 0.002361536 0.3393983 0.003387212 0.4450771 0.8496018 0.4450771 0.8521373 0.4439362 0.8515393 0.439921 0.005156159 0.439921 0.002361476 0.4410619 0.002874314 0.4450771 0.5076823 0.4436798 0.5074704 0.4439362 0.5051333 0.2518794 0.007950842 0.2511808 0.007950782 0.251309 0.003387153 0.4450771 0.4972053 0.4450771 0.5 0.4439362 0.4994871 0.4620898 0.3472402 0.4634872 0.3470283 0.4632307 0.3491777 0.3388279 0.9920492 0.3395265 0.9920492 0.3393983 0.9966128 0.439921 0.4972053 0.4413183 0.4972053 0.4410619 0.4994871 0.2518794 0.9920492 0.2518794 0.9976385 0.251309 0.9966128 0.4620898 0.005320727 0.4620898 0.002361476 0.4632307 0.002771794 0.4510054 0.005156159 0.4524027 0.005156099 0.4524027 0.4972053 0.4302338 0.9920492 0.4295352 0.9920492 0.4295352 0.007950842 0.4510054 0.5076823 0.4524027 0.5074704 0.4524027 0.8493899 0.3425867 0.9976384 0.3425867 0.9920491 0.4295352 0.9920492 0.4339926 0.4972053 0.4325953 0.4972053 0.4325953 0.005156099 0.3418881 0.007950782 0.3425867 0.007950782 0.3425867 0.9920491 0.4561616 0.3472402 0.4547643 0.3470283 0.4547643 0.005108892 0.4295352 0.002361536 0.4295352 0.007950842 0.3425867 0.007950782 0.4510054 0.4972053 0.4510054 0.5 0.4450771 0.5 0.4561616 0.3497757 0.4561616 0.3472402 0.4620898 0.3472402 0.439921 0.4972053 0.439921 0.5 0.4339926 0.5 0.4620898 0.002361476 0.4620898 0.005320727 0.4561616 0.005320727 0.3388279 0.9920492 0.3388279 0.9976385 0.2518794 0.9976385 0.4634872 0.3470283 0.4620898 0.3472402 0.4620898 0.005320727 0.4450771 0.4972053 0.4436798 0.4972053 0.4436798 0.005156099 0.3395265 0.9920492 0.3388279 0.9920492 0.3388279 0.007950842 0.439921 0.005156159 0.4413183 0.005156099 0.4413183 0.4972053 0.2511808 0.007950782 0.2518794 0.007950842 0.2518794 0.9920492 0.4450771 0.8496018 0.4436798 0.8493899 0.4436798 0.5074704 0.3388279 0.002361536 0.3388279 0.007950842 0.2518794 0.007950842 0.4450771 0.005156159 0.4450771 0.002361476 0.4510054 0.002361476 0.4450771 0.8521373 0.4450771 0.8496018 0.4510054 0.8496018 0.4339926 0.005156159 0.4339926 0.002361476 0.439921 0.002361476 0.4510054 0.504723 0.4510054 0.5076823 0.4450771 0.5076823 0.4450771 0.4972053 0.4450771 0.005156159 0.4510054 0.005156159</float_array>
          <technique_common>
            <accessor source="#Cube_004-mesh-map-0-array" count="324" stride="2">
              <param name="S" type="float"/>
              <param name="T" type="float"/>
            </accessor>
          </technique_common>
        </source>
        <vertices id="Cube_004-mesh-vertices">
          <input semantic="POSITION" source="#Cube_004-mesh-positions"/>
        </vertices>
        <triangles material="PP_logo-material" count="108">
          <input semantic="VERTEX" source="#Cube_004-mesh-vertices" offset="0"/>
          <input semantic="NORMAL" source="#Cube_004-mesh-normals" offset="1"/>
          <input semantic="TEXCOORD" source="#Cube_004-mesh-map-0" offset="2" set="0"/>
          <p>36 0 0 1 0 1 30 0 2 50 1 3 29 1 4 44 1 5 21 2 6 35 2 7 49 2 8 9 3 9 15 3 10 2 3 11 22 4 12 43 4 13 16 4 14 0 5 15 4 5 16 6 5 17 1 6 18 4 6 19 3 6 20 2 7 21 4 7 22 5 7 23 7 8 24 11 8 25 13 8 26 8 9 27 11 9 28 10 9 29 9 10 30 11 10 31 12 10 32 14 11 33 18 11 34 20 11 35 15 12 36 18 12 37 17 12 38 16 13 39 18 13 40 19 13 41 21 14 42 25 14 43 27 14 44 22 15 45 25 15 46 24 15 47 23 16 48 25 16 49 26 16 50 28 17 51 32 17 52 34 17 53 29 18 54 32 18 55 31 18 56 30 19 57 32 19 58 33 19 59 35 20 60 39 20 61 41 20 62 36 21 63 39 21 64 38 21 65 37 22 66 39 22 67 40 22 68 42 23 69 46 23 70 48 23 71 43 24 72 46 24 73 45 24 74 44 25 75 46 25 76 47 25 77 49 26 78 53 26 79 55 26 80 50 27 81 53 27 82 52 27 83 51 28 84 53 28 85 54 28 86 0 29 87 17 29 88 14 29 89 6 30 90 15 30 91 17 30 92 7 31 93 5 31 94 1 31 95 13 32 96 2 32 97 5 32 98 21 33 99 12 33 100 8 33 101 27 34 102 9 34 103 12 34 104 16 35 105 26 35 106 22 35 107 19 36 108 23 36 109 26 36 110 14 37 111 45 37 112 42 37 113 20 38 114 43 38 115 45 38 116 49 39 117 24 39 118 21 39 119 55 40 120 22 40 121 24 40 122 44 41 123 54 41 124 50 41 125 47 42 126 51 42 127 54 42 128 42 43 129 31 43 130 28 43 131 48 44 132 29 44 133 31 44 134 35 45 135 52 45 136 49 45 137 41 46 138 50 46 139 52 46 140 30 47 141 40 47 142 36 47 143 33 48 144 37 48 145 40 48 146 28 49 147 3 49 148 0 49 149 34 50 150 1 50 151 3 50 152 8 51 153 38 51 154 35 51 155 10 52 156 36 52 157 38 52 158 42 53 159 0 53 160 14 53 161 36 54 162 7 54 163 1 54 164 50 55 165 37 55 166 29 55 167 21 56 168 8 56 169 35 56 170 9 57 171 23 57 172 15 57 173 22 58 174 51 58 175 43 58 176 0 59 177 3 59 178 4 59 179 1 60 180 5 60 181 4 60 182 2 61 183 6 61 184 4 61 185 7 62 186 10 62 187 11 62 188 8 63 189 12 63 190 11 63 191 9 64 192 13 64 193 11 64 194 14 65 195 17 65 196 18 65 197 15 66 198 19 66 199 18 66 200 16 67 201 20 67 202 18 67 203 21 68 204 24 68 205 25 68 206 22 69 207 26 69 208 25 69 209 23 70 210 27 70 211 25 70 212 28 71 213 31 71 214 32 71 215 29 72 216 33 72 217 32 72 218 30 73 219 34 73 220 32 73 221 35 74 222 38 74 223 39 74 224 36 75 225 40 75 226 39 75 227 37 76 228 41 76 229 39 76 230 42 77 231 45 77 232 46 77 233 43 78 234 47 78 235 46 78 236 44 79 237 48 79 238 46 79 239 49 80 240 52 80 241 53 80 242 50 81 243 54 81 244 53 81 245 51 82 246 55 82 247 53 82 248 0 83 249 6 83 250 17 83 251 6 84 252 2 84 253 15 84 254 7 85 255 13 85 256 5 85 257 13 86 258 9 86 259 2 86 260 21 87 261 27 87 262 12 87 263 27 88 264 23 88 265 9 88 266 16 89 267 19 89 268 26 89 269 19 90 270 15 90 271 23 90 272 14 91 273 20 91 274 45 91 275 20 92 276 16 92 277 43 92 278 49 93 279 55 93 280 24 93 281 55 94 282 51 94 283 22 94 284 44 95 285 47 95 286 54 95 287 47 96 288 43 96 289 51 96 290 42 97 291 48 97 292 31 97 293 48 98 294 44 98 295 29 98 296 35 99 297 41 99 298 52 99 299 41 100 300 37 100 301 50 100 302 30 101 303 33 101 304 40 101 305 33 102 306 29 102 307 37 102 308 28 103 309 34 103 310 3 103 311 34 104 312 30 104 313 1 104 314 8 105 315 10 105 316 38 105 317 10 106 318 7 106 319 36 106 320 42 107 321 28 107 322 0 107 323</p>
        </triangles>
      </mesh>
    </geometry>
    <geometry id="Cube_003-mesh" name="Cube.003">
      <mesh>
        <source id="Cube_003-mesh-positions">
          <float_array id="Cube_003-mesh-positions-array" count="168">-0.007499992 -0.31125 -0.225 -0.007499992 -0.31625 -0.22 -0.01249998 -0.31125 -0.22 -0.007499992 -0.3147855 -0.2235355 -0.0103867 -0.3141368 -0.2228867 -0.0110355 -0.3147855 -0.22 -0.0110355 -0.31125 -0.2235355 -0.007499992 -0.31625 0.22 -0.007499992 -0.31125 0.225 -0.01249998 -0.31125 0.22 -0.007499992 -0.3147855 0.2235355 -0.0103867 -0.3141368 0.2228867 -0.0110355 -0.31125 0.2235355 -0.0110355 -0.3147855 0.22 -0.007499992 0.31125 -0.225 -0.01249998 0.31125 -0.22 -0.007499992 0.31625 -0.22 -0.0110355 0.31125 -0.2235355 -0.0103867 0.3141368 -0.2228867 -0.0110355 0.3147855 -0.22 -0.007499992 0.3147855 -0.2235355 -0.007499992 0.31125 0.225 -0.007499992 0.31625 0.22 -0.01249998 0.31125 0.22 -0.007499992 0.3147855 0.2235355 -0.0103867 0.3141368 0.2228867 -0.0110355 0.3147855 0.22 -0.0110355 0.31125 0.2235355 0.007499992 -0.31125 -0.225 0.01249998 -0.31125 -0.22 0.007499992 -0.31625 -0.22 0.0110355 -0.31125 -0.2235355 0.0103867 -0.3141368 -0.2228867 0.0110355 -0.3147855 -0.22 0.007499992 -0.3147855 -0.2235355 0.007499992 -0.31125 0.225 0.007499992 -0.31625 0.22 0.01249998 -0.31125 0.22 0.007499992 -0.3147855 0.2235355 0.0103867 -0.3141368 0.2228867 0.0110355 -0.3147855 0.22 0.0110355 -0.31125 0.2235355 0.007499992 0.31125 -0.225 0.007499992 0.31625 -0.22 0.01249998 0.31125 -0.22 0.007499992 0.3147855 -0.2235355 0.0103867 0.3141368 -0.2228867 0.0110355 0.3147855 -0.22 0.0110355 0.31125 -0.2235355 0.007499992 0.31125 0.225 0.01249998 0.31125 0.22 0.007499992 0.31625 0.22 0.0110355 0.31125 0.2235355 0.0103867 0.3141368 0.2228867 0.0110355 0.3147855 0.22 0.007499992 0.3147855 0.2235355</float_array>
          <technique_common>
            <accessor source="#Cube_003-mesh-positions-array" count="56" stride="3">
              <param name="X" type="float"/>
              <param name="Y" type="float"/>
              <param name="Z" type="float"/>
            </accessor>
          </technique_common>
        </source>
        <source id="Cube_003-mesh-normals">
          <float_array id="Cube_003-mesh-normals-array" count="324">0 -1 0 1 0 0 0 0 1 -1 0 0 0 1 0 -0.3671826 -0.2817482 -0.8864507 -0.2817505 -0.8864536 -0.3671737 -0.8864521 -0.3671782 -0.2817497 -0.3671725 -0.886454 0.2817513 -0.281749 -0.3671814 0.886451 -0.8864517 -0.2817481 0.3671804 -0.281749 0.3671814 -0.886451 -0.8864517 0.2817481 -0.3671804 -0.3671725 0.886454 -0.2817513 -0.3671826 0.2817482 0.8864507 -0.2817505 0.8864536 0.3671737 -0.8864521 0.3671782 0.2817497 0.281749 -0.3671814 -0.886451 0.8864517 -0.2817481 -0.3671804 0.3671725 -0.886454 -0.2817513 0.3671826 -0.2817482 0.8864507 0.2817505 -0.8864536 0.3671737 0.8864521 -0.3671782 0.2817497 0.3671826 0.2817482 -0.8864507 0.2817505 0.8864536 -0.3671737 0.8864521 0.3671782 -0.2817497 0.281749 0.3671814 0.886451 0.8864517 0.2817481 0.3671804 0.3671725 0.886454 0.2817513 -0.3826879 0 -0.9238777 -0.9238786 0 -0.3826856 -0.3826746 -0.9238832 0 -0.9238808 -0.3826803 0 -0.3826879 0 0.9238777 -0.9238786 0 0.3826856 -0.3826746 0.9238832 0 -0.9238808 0.3826803 0 0 0.3826847 -0.923879 0 0.9238823 -0.3826768 0 0.3826847 0.923879 0 0.9238823 0.3826768 0.9238809 0.3826801 0 0.3826746 0.9238832 0 0.3826879 0 -0.9238777 0.9238786 0 -0.3826856 0.3826879 0 0.9238777 0.9238786 0 0.3826856 0.3826746 -0.9238832 0 0.9238808 -0.3826803 0 0 -0.3826847 -0.923879 0 -0.9238823 -0.3826768 0 -0.3826847 0.923879 0 -0.9238823 0.3826768 0 0 -1 0 -1 0 1 0 0 0 0 1 -1 0 0 0 1 0 -0.281749 -0.3671815 -0.886451 -0.3671725 -0.8864539 -0.2817513 -0.8864516 -0.2817482 -0.3671806 -0.2817506 -0.8864536 0.3671737 -0.3671826 -0.2817482 0.8864507 -0.8864522 -0.367178 0.2817496 -0.3671826 0.2817482 -0.8864507 -0.8864522 0.367178 -0.2817496 -0.2817506 0.8864536 -0.3671737 -0.281749 0.3671815 0.886451 -0.3671725 0.8864539 0.2817513 -0.8864516 0.2817482 0.3671806 0.3671826 -0.2817482 -0.8864507 0.8864522 -0.367178 -0.2817496 0.2817506 -0.8864536 -0.3671737 0.281749 -0.3671815 0.886451 0.3671725 -0.8864539 0.2817513 0.8864516 -0.2817482 0.3671806 0.281749 0.3671815 -0.886451 0.3671725 0.8864539 -0.2817513 0.8864516 0.2817482 -0.3671806 0.3671826 0.2817482 0.8864507 0.8864522 0.367178 0.2817496 0.2817506 0.8864536 0.3671737 -0.382688 0 -0.9238776 -0.9238786 0 -0.3826858 -0.3826746 -0.9238832 0 -0.9238809 -0.3826801 0 -0.382688 0 0.9238776 -0.9238786 0 0.3826858 -0.3826746 0.9238832 0 -0.9238809 0.3826801 0 0 0.3826847 -0.923879 0 0.9238823 -0.3826768 0 0.3826847 0.923879 0 0.9238823 0.3826768 0.9238808 0.3826803 0 0.3826746 0.9238832 0 0.382688 0 -0.9238776 0.9238786 0 -0.3826858 0.382688 0 0.9238776 0.9238786 0 0.3826858 0.3826746 -0.9238832 0 0.9238809 -0.3826801 0 0 -0.3826847 -0.923879 0 -0.9238823 -0.3826768 0 -0.3826847 0.923879 0 -0.9238823 0.3826768 0 0 -1</float_array>
          <technique_common>
            <accessor source="#Cube_003-mesh-normals-array" count="108" stride="3">
              <param name="X" type="float"/>
              <param name="Y" type="float"/>
              <param name="Z" type="float"/>
            </accessor>
          </technique_common>
        </source>
        <source id="Cube_003-mesh-map-0">
          <float_array id="Cube_003-mesh-map-0-array" count="648">0.4450771 0.5076823 0.4510054 0.8496018 0.4450771 0.8496018 0.2518794 0.9920492 0.3388279 0.007950842 0.3388279 0.9920492 0.4339926 0.4972053 0.439921 0.005156159 0.439921 0.4972053 0.3425867 0.9920491 0.4295352 0.007950842 0.4295352 0.9920492 0.4561616 0.005320727 0.4620898 0.3472402 0.4561616 0.3472402 0.4510054 0.005156159 0.4521463 0.002874314 0.4524027 0.005156099 0.4510054 0.8496018 0.4521463 0.8515393 0.4510054 0.8521373 0.4295352 0.9920492 0.4301056 0.9966128 0.4295352 0.9976385 0.4510054 0.5076823 0.4521463 0.5051333 0.4524027 0.5074704 0.4339926 0.005156159 0.4328517 0.002874314 0.4339926 0.002361476 0.3425867 0.9920491 0.3420162 0.9966127 0.3418881 0.9920492 0.4510054 0.4972053 0.4521463 0.4994871 0.4510054 0.5 0.4295352 0.007950842 0.4301056 0.003387212 0.4302338 0.007950782 0.4561616 0.3472402 0.4550207 0.3491777 0.4547643 0.3470283 0.4339926 0.4972053 0.4328517 0.4994871 0.4325953 0.4972053 0.4561616 0.005320727 0.4550207 0.002771794 0.4561616 0.002361476 0.3425867 0.007950782 0.3420163 0.003387153 0.3425867 0.002361476 0.4450771 0.005156159 0.4439362 0.002874314 0.4450771 0.002361476 0.3388279 0.007950842 0.3393983 0.003387212 0.3395265 0.007950782 0.4450771 0.8496018 0.4439362 0.8515393 0.4436798 0.8493899 0.439921 0.005156159 0.4410619 0.002874314 0.4413183 0.005156099 0.4450771 0.5076823 0.4439362 0.5051333 0.4450771 0.504723 0.2518794 0.007950842 0.251309 0.003387153 0.2518794 0.002361536 0.4450771 0.4972053 0.4439362 0.4994871 0.4436798 0.4972053 0.4620898 0.3472402 0.4632307 0.3491777 0.4620898 0.3497757 0.3388279 0.9920492 0.3393983 0.9966128 0.3388279 0.9976385 0.439921 0.4972053 0.4410619 0.4994871 0.439921 0.5 0.2518794 0.9920492 0.251309 0.9966128 0.2511808 0.9920492 0.4620898 0.005320727 0.4632307 0.002771794 0.4634872 0.005108892 0.4510054 0.005156159 0.4524027 0.4972053 0.4510054 0.4972053 0.4302338 0.9920492 0.4295352 0.007950842 0.4302338 0.007950782 0.4510054 0.5076823 0.4524027 0.8493899 0.4510054 0.8496018 0.3425867 0.9976384 0.4295352 0.9920492 0.4295352 0.9976385 0.4339926 0.4972053 0.4325953 0.005156099 0.4339926 0.005156159 0.3418881 0.007950782 0.3425867 0.9920491 0.3418881 0.9920492 0.4561616 0.3472402 0.4547643 0.005108892 0.4561616 0.005320727 0.4295352 0.002361536 0.3425867 0.007950782 0.3425867 0.002361476 0.4510054 0.4972053 0.4450771 0.5 0.4450771 0.4972053 0.4561616 0.3497757 0.4620898 0.3472402 0.4620898 0.3497757 0.439921 0.4972053 0.4339926 0.5 0.4339926 0.4972053 0.4620898 0.002361476 0.4561616 0.005320727 0.4561616 0.002361476 0.3388279 0.9920492 0.2518794 0.9976385 0.2518794 0.9920492 0.4634872 0.3470283 0.4620898 0.005320727 0.4634872 0.005108892 0.4450771 0.4972053 0.4436798 0.005156099 0.4450771 0.005156159 0.3395265 0.9920492 0.3388279 0.007950842 0.3395265 0.007950782 0.439921 0.005156159 0.4413183 0.4972053 0.439921 0.4972053 0.2511808 0.007950782 0.2518794 0.9920492 0.2511808 0.9920492 0.4450771 0.8496018 0.4436798 0.5074704 0.4450771 0.5076823 0.3388279 0.002361536 0.2518794 0.007950842 0.2518794 0.002361536 0.4450771 0.005156159 0.4510054 0.002361476 0.4510054 0.005156159 0.4450771 0.8521373 0.4510054 0.8496018 0.4510054 0.8521373 0.4339926 0.005156159 0.439921 0.002361476 0.439921 0.005156159 0.4510054 0.504723 0.4450771 0.5076823 0.4450771 0.504723 0.4450771 0.4972053 0.4510054 0.005156159 0.4510054 0.4972053 0.4450771 0.5076823 0.4510054 0.5076823 0.4510054 0.8496018 0.2518794 0.9920492 0.2518794 0.007950842 0.3388279 0.007950842 0.4339926 0.4972053 0.4339926 0.005156159 0.439921 0.005156159 0.3425867 0.9920491 0.3425867 0.007950782 0.4295352 0.007950842 0.4561616 0.005320727 0.4620898 0.005320727 0.4620898 0.3472402 0.4510054 0.005156159 0.4510054 0.002361476 0.4521463 0.002874314 0.4510054 0.8496018 0.4524027 0.8493899 0.4521463 0.8515393 0.4295352 0.9920492 0.4302338 0.9920492 0.4301056 0.9966128 0.4510054 0.5076823 0.4510054 0.504723 0.4521463 0.5051333 0.4339926 0.005156159 0.4325953 0.005156099 0.4328517 0.002874314 0.3425867 0.9920491 0.3425867 0.9976384 0.3420162 0.9966127 0.4510054 0.4972053 0.4524027 0.4972053 0.4521463 0.4994871 0.4295352 0.007950842 0.4295352 0.002361536 0.4301056 0.003387212 0.4561616 0.3472402 0.4561616 0.3497757 0.4550207 0.3491777 0.4339926 0.4972053 0.4339926 0.5 0.4328517 0.4994871 0.4561616 0.005320727 0.4547643 0.005108892 0.4550207 0.002771794 0.3425867 0.007950782 0.3418881 0.007950782 0.3420163 0.003387153 0.4450771 0.005156159 0.4436798 0.005156099 0.4439362 0.002874314 0.3388279 0.007950842 0.3388279 0.002361536 0.3393983 0.003387212 0.4450771 0.8496018 0.4450771 0.8521373 0.4439362 0.8515393 0.439921 0.005156159 0.439921 0.002361476 0.4410619 0.002874314 0.4450771 0.5076823 0.4436798 0.5074704 0.4439362 0.5051333 0.2518794 0.007950842 0.2511808 0.007950782 0.251309 0.003387153 0.4450771 0.4972053 0.4450771 0.5 0.4439362 0.4994871 0.4620898 0.3472402 0.4634872 0.3470283 0.4632307 0.3491777 0.3388279 0.9920492 0.3395265 0.9920492 0.3393983 0.9966128 0.439921 0.4972053 0.4413183 0.4972053 0.4410619 0.4994871 0.2518794 0.9920492 0.2518794 0.9976385 0.251309 0.9966128 0.4620898 0.005320727 0.4620898 0.002361476 0.4632307 0.002771794 0.4510054 0.005156159 0.4524027 0.005156099 0.4524027 0.4972053 0.4302338 0.9920492 0.4295352 0.9920492 0.4295352 0.007950842 0.4510054 0.5076823 0.4524027 0.5074704 0.4524027 0.8493899 0.3425867 0.9976384 0.3425867 0.9920491 0.4295352 0.9920492 0.4339926 0.4972053 0.4325953 0.4972053 0.4325953 0.005156099 0.3418881 0.007950782 0.3425867 0.007950782 0.3425867 0.9920491 0.4561616 0.3472402 0.4547643 0.3470283 0.4547643 0.005108892 0.4295352 0.002361536 0.4295352 0.007950842 0.3425867 0.007950782 0.4510054 0.4972053 0.4510054 0.5 0.4450771 0.5 0.4561616 0.3497757 0.4561616 0.3472402 0.4620898 0.3472402 0.439921 0.4972053 0.439921 0.5 0.4339926 0.5 0.4620898 0.002361476 0.4620898 0.005320727 0.4561616 0.005320727 0.3388279 0.9920492 0.3388279 0.9976385 0.2518794 0.9976385 0.4634872 0.3470283 0.4620898 0.3472402 0.4620898 0.005320727 0.4450771 0.4972053 0.4436798 0.4972053 0.4436798 0.005156099 0.3395265 0.9920492 0.3388279 0.9920492 0.3388279 0.007950842 0.439921 0.005156159 0.4413183 0.005156099 0.4413183 0.4972053 0.2511808 0.007950782 0.2518794 0.007950842 0.2518794 0.9920492 0.4450771 0.8496018 0.4436798 0.8493899 0.4436798 0.5074704 0.3388279 0.002361536 0.3388279 0.007950842 0.2518794 0.007950842 0.4450771 0.005156159 0.4450771 0.002361476 0.4510054 0.002361476 0.4450771 0.8521373 0.4450771 0.8496018 0.4510054 0.8496018 0.4339926 0.005156159 0.4339926 0.002361476 0.439921 0.002361476 0.4510054 0.504723 0.4510054 0.5076823 0.4450771 0.5076823 0.4450771 0.4972053 0.4450771 0.005156159 0.4510054 0.005156159</float_array>
          <technique_common>
            <accessor source="#Cube_003-mesh-map-0-array" count="324" stride="2">
              <param name="S" type="float"/>
              <param name="T" type="float"/>
            </accessor>
          </technique_common>
        </source>
        <vertices id="Cube_003-mesh-vertices">
          <input semantic="POSITION" source="#Cube_003-mesh-positions"/>
        </vertices>
        <triangles material="PP_logo-material" count="108">
          <input semantic="VERTEX" source="#Cube_003-mesh-vertices" offset="0"/>
          <input semantic="NORMAL" source="#Cube_003-mesh-normals" offset="1"/>
          <input semantic="TEXCOORD" source="#Cube_003-mesh-map-0" offset="2" set="0"/>
          <p>36 0 0 1 0 1 30 0 2 50 1 3 29 1 4 44 1 5 21 2 6 35 2 7 49 2 8 9 3 9 15 3 10 2 3 11 22 4 12 43 4 13 16 4 14 0 5 15 4 5 16 6 5 17 1 6 18 4 6 19 3 6 20 2 7 21 4 7 22 5 7 23 7 8 24 11 8 25 13 8 26 8 9 27 11 9 28 10 9 29 9 10 30 11 10 31 12 10 32 14 11 33 18 11 34 20 11 35 15 12 36 18 12 37 17 12 38 16 13 39 18 13 40 19 13 41 21 14 42 25 14 43 27 14 44 22 15 45 25 15 46 24 15 47 23 16 48 25 16 49 26 16 50 28 17 51 32 17 52 34 17 53 29 18 54 32 18 55 31 18 56 30 19 57 32 19 58 33 19 59 35 20 60 39 20 61 41 20 62 36 21 63 39 21 64 38 21 65 37 22 66 39 22 67 40 22 68 42 23 69 46 23 70 48 23 71 43 24 72 46 24 73 45 24 74 44 25 75 46 25 76 47 25 77 49 26 78 53 26 79 55 26 80 50 27 81 53 27 82 52 27 83 51 28 84 53 28 85 54 28 86 0 29 87 17 29 88 14 29 89 6 30 90 15 30 91 17 30 92 7 31 93 5 31 94 1 31 95 13 32 96 2 32 97 5 32 98 21 33 99 12 33 100 8 33 101 27 34 102 9 34 103 12 34 104 16 35 105 26 35 106 22 35 107 19 36 108 23 36 109 26 36 110 14 37 111 45 37 112 42 37 113 20 38 114 43 38 115 45 38 116 49 39 117 24 39 118 21 39 119 55 40 120 22 40 121 24 40 122 44 41 123 54 41 124 50 41 125 47 42 126 51 42 127 54 42 128 42 43 129 31 43 130 28 43 131 48 44 132 29 44 133 31 44 134 35 45 135 52 45 136 49 45 137 41 46 138 50 46 139 52 46 140 30 47 141 40 47 142 36 47 143 33 48 144 37 48 145 40 48 146 28 49 147 3 49 148 0 49 149 34 50 150 1 50 151 3 50 152 8 51 153 38 51 154 35 51 155 10 52 156 36 52 157 38 52 158 42 53 159 0 53 160 14 53 161 36 54 162 7 54 163 1 54 164 50 55 165 37 55 166 29 55 167 21 56 168 8 56 169 35 56 170 9 57 171 23 57 172 15 57 173 22 58 174 51 58 175 43 58 176 0 59 177 3 59 178 4 59 179 1 60 180 5 60 181 4 60 182 2 61 183 6 61 184 4 61 185 7 62 186 10 62 187 11 62 188 8 63 189 12 63 190 11 63 191 9 64 192 13 64 193 11 64 194 14 65 195 17 65 196 18 65 197 15 66 198 19 66 199 18 66 200 16 67 201 20 67 202 18 67 203 21 68 204 24 68 205 25 68 206 22 69 207 26 69 208 25 69 209 23 70 210 27 70 211 25 70 212 28 71 213 31 71 214 32 71 215 29 72 216 33 72 217 32 72 218 30 73 219 34 73 220 32 73 221 35 74 222 38 74 223 39 74 224 36 75 225 40 75 226 39 75 227 37 76 228 41 76 229 39 76 230 42 77 231 45 77 232 46 77 233 43 78 234 47 78 235 46 78 236 44 79 237 48 79 238 46 79 239 49 80 240 52 80 241 53 80 242 50 81 243 54 81 244 53 81 245 51 82 246 55 82 247 53 82 248 0 83 249 6 83 250 17 83 251 6 84 252 2 84 253 15 84 254 7 85 255 13 85 256 5 85 257 13 86 258 9 86 259 2 86 260 21 87 261 27 87 262 12 87 263 27 88 264 23 88 265 9 88 266 16 89 267 19 89 268 26 89 269 19 90 270 15 90 271 23 90 272 14 91 273 20 91 274 45 91 275 20 92 276 16 92 277 43 92 278 49 93 279 55 93 280 24 93 281 55 94 282 51 94 283 22 94 284 44 95 285 47 95 286 54 95 287 47 96 288 43 96 289 51 96 290 42 97 291 48 97 292 31 97 293 48 98 294 44 98 295 29 98 296 35 99 297 41 99 298 52 99 299 41 100 300 37 100 301 50 100 302 30 101 303 33 101 304 40 101 305 33 102 306 29 102 307 37 102 308 28 103 309 34 103 310 3 103 311 34 104 312 30 104 313 1 104 314 8 105 315 10 105 316 38 105 317 10 106 318 7 106 319 36 106 320 42 107 321 28 107 322 0 107 323</p>
        </triangles>
      </mesh>
    </geometry>
    <geometry id="Cube_002-mesh" name="Cube.002">
      <mesh>
        <source id="Cube_002-mesh-positions">
          <float_array id="Cube_002-mesh-positions-array" count="168">-0.573 -0.5995 -0.03999996 -0.573 -0.6095 -0.02999997 -0.583 -0.5995 -0.02999997 -0.5730001 -0.6065711 -0.03707104 -0.5787736 -0.6052736 -0.03577345 -0.5800712 -0.6065711 -0.02999997 -0.5800712 -0.5995001 -0.03707104 -0.573 -0.6095 0.02999997 -0.573 -0.5995 0.03999996 -0.583 -0.5995 0.02999997 -0.5730001 -0.6065711 0.03707104 -0.5787736 -0.6052736 0.03577345 -0.5800712 -0.5995001 0.03707104 -0.5800712 -0.6065711 0.02999997 -0.573 0.5995 -0.03999996 -0.583 0.5995 -0.02999997 -0.573 0.6095 -0.02999997 -0.5800712 0.5995001 -0.03707104 -0.5787736 0.6052736 -0.03577345 -0.5800712 0.6065711 -0.02999997 -0.5730001 0.6065711 -0.03707104 -0.573 0.5995 0.03999996 -0.573 0.6095 0.02999997 -0.583 0.5995 0.02999997 -0.5730001 0.6065711 0.03707104 -0.5787736 0.6052736 0.03577345 -0.5800712 0.6065711 0.02999997 -0.5800712 0.5995001 0.03707104 0.573 -0.5995 -0.03999996 0.583 -0.5995 -0.02999997 0.573 -0.6095 -0.02999997 0.5800712 -0.5995001 -0.03707104 0.5787736 -0.6052736 -0.03577345 0.5800712 -0.6065711 -0.02999997 0.5730001 -0.6065711 -0.03707104 0.573 -0.5995 0.03999996 0.573 -0.6095 0.02999997 0.583 -0.5995 0.02999997 0.5730001 -0.6065711 0.03707104 0.5787736 -0.6052736 0.03577345 0.5800712 -0.6065711 0.02999997 0.5800712 -0.5995001 0.03707104 0.573 0.5995 -0.03999996 0.573 0.6095 -0.02999997 0.583 0.5995 -0.02999997 0.5730001 0.6065711 -0.03707104 0.5787736 0.6052736 -0.03577345 0.5800712 0.6065711 -0.02999997 0.5800712 0.5995001 -0.03707104 0.573 0.5995 0.03999996 0.583 0.5995 0.02999997 0.573 0.6095 0.02999997 0.5800712 0.5995001 0.03707104 0.5787736 0.6052736 0.03577345 0.5800712 0.6065711 0.02999997 0.5730001 0.6065711 0.03707104</float_array>
          <technique_common>
            <accessor source="#Cube_002-mesh-positions-array" count="56" stride="3">
              <param name="X" type="float"/>
              <param name="Y" type="float"/>
              <param name="Z" type="float"/>
            </accessor>
          </technique_common>
        </source>
        <source id="Cube_002-mesh-normals">
          <float_array id="Cube_002-mesh-normals-array" count="324">0 -1 0 1 0 0 0 0 1 -1 0 0 0 1 0 -0.367175 -0.281749 -0.8864536 -0.2817508 -0.8864553 -0.3671694 -0.8864556 -0.3671683 -0.2817516 -0.3671683 -0.8864556 0.2817516 -0.281749 -0.367175 0.8864536 -0.8864553 -0.2817508 0.3671694 -0.281749 0.367175 -0.8864536 -0.8864553 0.2817508 -0.3671694 -0.3671683 0.8864556 -0.2817516 -0.367175 0.281749 0.8864536 -0.2817508 0.8864553 0.3671694 -0.8864556 0.3671683 0.2817516 0.281749 -0.367175 -0.8864536 0.8864553 -0.2817508 -0.3671694 0.3671683 -0.8864556 -0.2817516 0.367175 -0.281749 0.8864536 0.2817508 -0.8864553 0.3671694 0.8864556 -0.3671683 0.2817516 0.367175 0.281749 -0.8864536 0.2817508 0.8864553 -0.3671694 0.8864556 0.3671683 -0.2817516 0.281749 0.367175 0.8864536 0.8864553 0.2817508 0.3671694 0.3671683 0.8864556 0.2817516 -0.3826801 0 -0.923881 -0.9238832 0 -0.3826746 -0.3826714 -0.9238846 0 -0.9238846 -0.3826714 0 -0.3826801 0 0.923881 -0.9238832 0 0.3826746 -0.3826714 0.9238846 0 -0.9238846 0.3826714 0 0 0.3826801 -0.9238809 0 0.9238832 -0.3826746 0 0.3826801 0.9238809 0 0.9238832 0.3826746 0.9238846 0.3826714 0 0.3826714 0.9238846 0 0.3826801 0 -0.923881 0.9238832 0 -0.3826746 0.3826801 0 0.923881 0.9238832 0 0.3826746 0.3826714 -0.9238846 0 0.9238846 -0.3826714 0 0 -0.3826801 -0.9238809 0 -0.9238832 -0.3826746 0 -0.3826801 0.9238809 0 -0.9238832 0.3826746 0 0 -1 0 -1 0 1 0 0 0 0 1 -1 0 0 0 1 0 -0.281749 -0.367175 -0.8864536 -0.3671683 -0.8864556 -0.2817516 -0.8864554 -0.2817508 -0.3671694 -0.2817508 -0.8864554 0.3671694 -0.367175 -0.281749 0.8864536 -0.8864556 -0.3671683 0.2817516 -0.367175 0.281749 -0.8864536 -0.8864556 0.3671683 -0.2817516 -0.2817508 0.8864554 -0.3671694 -0.281749 0.367175 0.8864536 -0.3671683 0.8864556 0.2817516 -0.8864554 0.2817508 0.3671694 0.367175 -0.281749 -0.8864536 0.8864556 -0.3671683 -0.2817516 0.2817508 -0.8864554 -0.3671694 0.281749 -0.367175 0.8864536 0.3671683 -0.8864556 0.2817516 0.8864554 -0.2817508 0.3671694 0.281749 0.367175 -0.8864536 0.3671683 0.8864556 -0.2817516 0.8864554 0.2817508 -0.3671694 0.367175 0.281749 0.8864536 0.8864556 0.3671683 0.2817516 0.2817508 0.8864554 0.3671694 -0.3826801 0 -0.923881 -0.9238832 0 -0.3826745 -0.3826714 -0.9238846 0 -0.9238846 -0.3826714 0 -0.3826801 0 0.923881 -0.9238832 0 0.3826745 -0.3826714 0.9238846 0 -0.9238846 0.3826714 0 0 0.3826801 -0.9238809 0 0.9238832 -0.3826745 0 0.3826801 0.9238809 0 0.9238832 0.3826745 0.9238846 0.3826714 0 0.3826714 0.9238846 0 0.3826801 0 -0.923881 0.9238832 0 -0.3826745 0.3826801 0 0.923881 0.9238832 0 0.3826745 0.3826714 -0.9238846 0 0.9238846 -0.3826714 0 0 -0.3826801 -0.9238809 0 -0.9238832 -0.3826745 0 -0.3826801 0.9238809 0 -0.9238832 0.3826745 0 0 -1</float_array>
          <technique_common>
            <accessor source="#Cube_002-mesh-normals-array" count="108" stride="3">
              <param name="X" type="float"/>
              <param name="Y" type="float"/>
              <param name="Z" type="float"/>
            </accessor>
          </technique_common>
        </source>
        <source id="Cube_002-mesh-map-0">
          <float_array id="Cube_002-mesh-map-0-array" count="648">0.07842135 0.9808197 0.1030699 0.5100336 0.1030699 0.9808197 0.005824863 0.9944444 0.03047335 0.5102047 0.03047335 0.9944444 0.005824863 0.4983838 0.476611 0.005824863 0.476611 0.4983838 0.04212313 0.9944444 0.06677162 0.5102047 0.06677162 0.9944444 0.1147196 0.9808197 0.1393681 0.5100336 0.1393681 0.9808197 0.9590469 0.005824863 0.9614187 0.003453016 0.9619517 0.005824863 0.1030699 0.5100336 0.1054417 0.5076618 0.1059747 0.5100336 0.06677162 0.9944444 0.06914341 0.9964584 0.06677162 0.99708 0.07842141 0.5100336 0.07604962 0.5076618 0.07842141 0.5071287 0.005824863 0.005824863 0.003453016 0.003453016 0.005824863 0.002919971 0.04212313 0.9944444 0.03975129 0.9964584 0.03921824 0.9942242 0.9590469 0.4983838 0.9614187 0.5007557 0.9590469 0.5012887 0.06677162 0.5102047 0.06914347 0.5075553 0.06967651 0.5099846 0.1393681 0.9808197 0.1417399 0.9831916 0.1393681 0.9837246 0.005824863 0.4983838 0.003453016 0.5007557 0.002919971 0.4983838 0.1147196 0.9808197 0.1123479 0.9831916 0.1118148 0.9808198 0.04212313 0.5102047 0.03975135 0.5075553 0.04212313 0.5071287 0.4882608 0.005824863 0.485889 0.003453016 0.4882608 0.002919971 0.03047335 0.5102047 0.03284519 0.5075553 0.03337824 0.5099845 0.1030699 0.9808197 0.1054416 0.9831916 0.1030699 0.9837246 0.476611 0.005824863 0.4789828 0.003453016 0.4795159 0.005824863 0.07842135 0.9808197 0.07604956 0.9831916 0.07551652 0.9808197 0.005824863 0.5102047 0.003453075 0.5075553 0.005824863 0.5071287 0.4882608 0.4983838 0.485889 0.5007557 0.4853559 0.4983838 0.1393681 0.5100336 0.14174 0.5076618 0.142273 0.5100336 0.03047335 0.9944444 0.03284513 0.9964584 0.03047335 0.99708 0.476611 0.4983838 0.4789828 0.5007557 0.476611 0.5012887 0.005824863 0.9944444 0.003453016 0.9964584 0.002919971 0.9942242 0.1147197 0.5100336 0.1123479 0.5076618 0.1147197 0.5071287 0.9590469 0.005824863 0.9619517 0.4983838 0.9590469 0.4983838 0.06967645 0.9942242 0.06677162 0.5102047 0.06967651 0.5099846 0.07842141 0.5100336 0.1030699 0.5071287 0.1030699 0.5100336 0.04212313 0.99708 0.06677162 0.9944444 0.06677162 0.99708 0.005824863 0.4983838 0.002919971 0.005824863 0.005824863 0.005824863 0.0392183 0.5099845 0.04212313 0.9944444 0.03921824 0.9942242 0.1393681 0.9808197 0.1147196 0.9837246 0.1147196 0.9808197 0.06677162 0.5071287 0.04212313 0.5102047 0.04212313 0.5071287 0.9590469 0.4983838 0.4882608 0.5012887 0.4882608 0.4983838 0.142273 0.9808198 0.1393681 0.5100336 0.142273 0.5100336 0.476611 0.4983838 0.005824863 0.5012887 0.005824863 0.4983838 0.1118148 0.5100336 0.1147196 0.9808197 0.1118148 0.9808198 0.03047335 0.9944444 0.005824863 0.99708 0.005824863 0.9944444 0.1393681 0.5071287 0.1147197 0.5100336 0.1147197 0.5071287 0.4882608 0.4983838 0.4853559 0.005824863 0.4882608 0.005824863 0.03337818 0.9942242 0.03047335 0.5102047 0.03337824 0.5099845 0.476611 0.005824863 0.4795159 0.4983838 0.476611 0.4983838 0.002920031 0.5099845 0.005824863 0.9944444 0.002919971 0.9942242 0.1030699 0.9808197 0.07842135 0.9837246 0.07842135 0.9808197 0.03047335 0.5071287 0.005824863 0.5102047 0.005824863 0.5071287 0.4882608 0.005824863 0.9590469 0.002919971 0.9590469 0.005824863 0.1059747 0.9808198 0.1030699 0.5100336 0.1059747 0.5100336 0.005824863 0.005824863 0.476611 0.002919971 0.476611 0.005824863 0.07551658 0.5100336 0.07842135 0.9808197 0.07551652 0.9808197 0.4882608 0.4983838 0.9590469 0.005824863 0.9590469 0.4983838 0.07842135 0.9808197 0.07842141 0.5100336 0.1030699 0.5100336 0.005824863 0.9944444 0.005824863 0.5102047 0.03047335 0.5102047 0.005824863 0.4983838 0.005824863 0.005824863 0.476611 0.005824863 0.04212313 0.9944444 0.04212313 0.5102047 0.06677162 0.5102047 0.1147196 0.9808197 0.1147197 0.5100336 0.1393681 0.5100336 0.9590469 0.005824863 0.9590469 0.002919971 0.9614187 0.003453016 0.1030699 0.5100336 0.1030699 0.5071287 0.1054417 0.5076618 0.06677162 0.9944444 0.06967645 0.9942242 0.06914341 0.9964584 0.07842141 0.5100336 0.07551658 0.5100336 0.07604962 0.5076618 0.005824863 0.005824863 0.002919971 0.005824863 0.003453016 0.003453016 0.04212313 0.9944444 0.04212313 0.99708 0.03975129 0.9964584 0.9590469 0.4983838 0.9619517 0.4983838 0.9614187 0.5007557 0.06677162 0.5102047 0.06677162 0.5071287 0.06914347 0.5075553 0.1393681 0.9808197 0.142273 0.9808198 0.1417399 0.9831916 0.005824863 0.4983838 0.005824863 0.5012887 0.003453016 0.5007557 0.1147196 0.9808197 0.1147196 0.9837246 0.1123479 0.9831916 0.04212313 0.5102047 0.0392183 0.5099845 0.03975135 0.5075553 0.4882608 0.005824863 0.4853559 0.005824863 0.485889 0.003453016 0.03047335 0.5102047 0.03047335 0.5071287 0.03284519 0.5075553 0.1030699 0.9808197 0.1059747 0.9808198 0.1054416 0.9831916 0.476611 0.005824863 0.476611 0.002919971 0.4789828 0.003453016 0.07842135 0.9808197 0.07842135 0.9837246 0.07604956 0.9831916 0.005824863 0.5102047 0.002920031 0.5099845 0.003453075 0.5075553 0.4882608 0.4983838 0.4882608 0.5012887 0.485889 0.5007557 0.1393681 0.5100336 0.1393681 0.5071287 0.14174 0.5076618 0.03047335 0.9944444 0.03337818 0.9942242 0.03284513 0.9964584 0.476611 0.4983838 0.4795159 0.4983838 0.4789828 0.5007557 0.005824863 0.9944444 0.005824863 0.99708 0.003453016 0.9964584 0.1147197 0.5100336 0.1118148 0.5100336 0.1123479 0.5076618 0.9590469 0.005824863 0.9619517 0.005824863 0.9619517 0.4983838 0.06967645 0.9942242 0.06677162 0.9944444 0.06677162 0.5102047 0.07842141 0.5100336 0.07842141 0.5071287 0.1030699 0.5071287 0.04212313 0.99708 0.04212313 0.9944444 0.06677162 0.9944444 0.005824863 0.4983838 0.002919971 0.4983838 0.002919971 0.005824863 0.0392183 0.5099845 0.04212313 0.5102047 0.04212313 0.9944444 0.1393681 0.9808197 0.1393681 0.9837246 0.1147196 0.9837246 0.06677162 0.5071287 0.06677162 0.5102047 0.04212313 0.5102047 0.9590469 0.4983838 0.9590469 0.5012887 0.4882608 0.5012887 0.142273 0.9808198 0.1393681 0.9808197 0.1393681 0.5100336 0.476611 0.4983838 0.476611 0.5012887 0.005824863 0.5012887 0.1118148 0.5100336 0.1147197 0.5100336 0.1147196 0.9808197 0.03047335 0.9944444 0.03047335 0.99708 0.005824863 0.99708 0.1393681 0.5071287 0.1393681 0.5100336 0.1147197 0.5100336 0.4882608 0.4983838 0.4853559 0.4983838 0.4853559 0.005824863 0.03337818 0.9942242 0.03047335 0.9944444 0.03047335 0.5102047 0.476611 0.005824863 0.4795159 0.005824863 0.4795159 0.4983838 0.002920031 0.5099845 0.005824863 0.5102047 0.005824863 0.9944444 0.1030699 0.9808197 0.1030699 0.9837246 0.07842135 0.9837246 0.03047335 0.5071287 0.03047335 0.5102047 0.005824863 0.5102047 0.4882608 0.005824863 0.4882608 0.002919971 0.9590469 0.002919971 0.1059747 0.9808198 0.1030699 0.9808197 0.1030699 0.5100336 0.005824863 0.005824863 0.005824863 0.002919971 0.476611 0.002919971 0.07551658 0.5100336 0.07842141 0.5100336 0.07842135 0.9808197 0.4882608 0.4983838 0.4882608 0.005824863 0.9590469 0.005824863</float_array>
          <technique_common>
            <accessor source="#Cube_002-mesh-map-0-array" count="324" stride="2">
              <param name="S" type="float"/>
              <param name="T" type="float"/>
            </accessor>
          </technique_common>
        </source>
        <vertices id="Cube_002-mesh-vertices">
          <input semantic="POSITION" source="#Cube_002-mesh-positions"/>
        </vertices>
        <triangles material="PP_roof-material" count="108">
          <input semantic="VERTEX" source="#Cube_002-mesh-vertices" offset="0"/>
          <input semantic="NORMAL" source="#Cube_002-mesh-normals" offset="1"/>
          <input semantic="TEXCOORD" source="#Cube_002-mesh-map-0" offset="2" set="0"/>
          <p>36 0 0 1 0 1 30 0 2 50 1 3 29 1 4 44 1 5 21 2 6 35 2 7 49 2 8 9 3 9 15 3 10 2 3 11 22 4 12 43 4 13 16 4 14 0 5 15 4 5 16 6 5 17 1 6 18 4 6 19 3 6 20 2 7 21 4 7 22 5 7 23 7 8 24 11 8 25 13 8 26 8 9 27 11 9 28 10 9 29 9 10 30 11 10 31 12 10 32 14 11 33 18 11 34 20 11 35 15 12 36 18 12 37 17 12 38 16 13 39 18 13 40 19 13 41 21 14 42 25 14 43 27 14 44 22 15 45 25 15 46 24 15 47 23 16 48 25 16 49 26 16 50 28 17 51 32 17 52 34 17 53 29 18 54 32 18 55 31 18 56 30 19 57 32 19 58 33 19 59 35 20 60 39 20 61 41 20 62 36 21 63 39 21 64 38 21 65 37 22 66 39 22 67 40 22 68 42 23 69 46 23 70 48 23 71 43 24 72 46 24 73 45 24 74 44 25 75 46 25 76 47 25 77 49 26 78 53 26 79 55 26 80 50 27 81 53 27 82 52 27 83 51 28 84 53 28 85 54 28 86 0 29 87 17 29 88 14 29 89 6 30 90 15 30 91 17 30 92 7 31 93 5 31 94 1 31 95 13 32 96 2 32 97 5 32 98 21 33 99 12 33 100 8 33 101 27 34 102 9 34 103 12 34 104 16 35 105 26 35 106 22 35 107 19 36 108 23 36 109 26 36 110 14 37 111 45 37 112 42 37 113 20 38 114 43 38 115 45 38 116 49 39 117 24 39 118 21 39 119 55 40 120 22 40 121 24 40 122 44 41 123 54 41 124 50 41 125 47 42 126 51 42 127 54 42 128 42 43 129 31 43 130 28 43 131 48 44 132 29 44 133 31 44 134 35 45 135 52 45 136 49 45 137 41 46 138 50 46 139 52 46 140 30 47 141 40 47 142 36 47 143 33 48 144 37 48 145 40 48 146 28 49 147 3 49 148 0 49 149 34 50 150 1 50 151 3 50 152 8 51 153 38 51 154 35 51 155 10 52 156 36 52 157 38 52 158 42 53 159 0 53 160 14 53 161 36 54 162 7 54 163 1 54 164 50 55 165 37 55 166 29 55 167 21 56 168 8 56 169 35 56 170 9 57 171 23 57 172 15 57 173 22 58 174 51 58 175 43 58 176 0 59 177 3 59 178 4 59 179 1 60 180 5 60 181 4 60 182 2 61 183 6 61 184 4 61 185 7 62 186 10 62 187 11 62 188 8 63 189 12 63 190 11 63 191 9 64 192 13 64 193 11 64 194 14 65 195 17 65 196 18 65 197 15 66 198 19 66 199 18 66 200 16 67 201 20 67 202 18 67 203 21 68 204 24 68 205 25 68 206 22 69 207 26 69 208 25 69 209 23 70 210 27 70 211 25 70 212 28 71 213 31 71 214 32 71 215 29 72 216 33 72 217 32 72 218 30 73 219 34 73 220 32 73 221 35 74 222 38 74 223 39 74 224 36 75 225 40 75 226 39 75 227 37 76 228 41 76 229 39 76 230 42 77 231 45 77 232 46 77 233 43 78 234 47 78 235 46 78 236 44 79 237 48 79 238 46 79 239 49 80 240 52 80 241 53 80 242 50 81 243 54 81 244 53 81 245 51 82 246 55 82 247 53 82 248 0 83 249 6 83 250 17 83 251 6 84 252 2 84 253 15 84 254 7 85 255 13 85 256 5 85 257 13 86 258 9 86 259 2 86 260 21 87 261 27 87 262 12 87 263 27 88 264 23 88 265 9 88 266 16 89 267 19 89 268 26 89 269 19 90 270 15 90 271 23 90 272 14 91 273 20 91 274 45 91 275 20 92 276 16 92 277 43 92 278 49 93 279 55 93 280 24 93 281 55 94 282 51 94 283 22 94 284 44 95 285 47 95 286 54 95 287 47 96 288 43 96 289 51 96 290 42 97 291 48 97 292 31 97 293 48 98 294 44 98 295 29 98 296 35 99 297 41 99 298 52 99 299 41 100 300 37 100 301 50 100 302 30 101 303 33 101 304 40 101 305 33 102 306 29 102 307 37 102 308 28 103 309 34 103 310 3 103 311 34 104 312 30 104 313 1 104 314 8 105 315 10 105 316 38 105 317 10 106 318 7 106 319 36 106 320 42 107 321 28 107 322 0 107 323</p>
        </triangles>
      </mesh>
    </geometry>
    <geometry id="Cube_001-mesh" name="Cube.001">
      <mesh>
        <source id="Cube_001-mesh-positions">
          <float_array id="Cube_001-mesh-positions-array" count="168">-0.386 -0.00999999 -0.897 -0.386 -0.01999998 -0.887 -0.396 -0.00999999 -0.887 -0.386 -0.01707106 -0.8940711 -0.3917735 -0.01577347 -0.8927735 -0.393071 -0.01707106 -0.887 -0.393071 -0.00999999 -0.8940711 -0.386 -0.01999998 0.887 -0.386 -0.00999999 0.897 -0.396 -0.00999999 0.887 -0.386 -0.01707106 0.8940711 -0.3917735 -0.01577347 0.8927735 -0.393071 -0.00999999 0.8940711 -0.393071 -0.01707106 0.887 -0.386 0.00999999 -0.897 -0.396 0.00999999 -0.887 -0.386 0.01999998 -0.887 -0.393071 0.00999999 -0.8940711 -0.3917735 0.01577347 -0.8927735 -0.393071 0.01707106 -0.887 -0.386 0.01707106 -0.8940711 -0.386 0.00999999 0.897 -0.386 0.01999998 0.887 -0.396 0.00999999 0.887 -0.386 0.01707106 0.8940711 -0.3917735 0.01577347 0.8927735 -0.393071 0.01707106 0.887 -0.393071 0.00999999 0.8940711 0.386 -0.00999999 -0.897 0.396 -0.00999999 -0.887 0.386 -0.01999998 -0.887 0.393071 -0.00999999 -0.8940711 0.3917735 -0.01577347 -0.8927735 0.393071 -0.01707106 -0.887 0.386 -0.01707106 -0.8940711 0.386 -0.00999999 0.897 0.386 -0.01999998 0.887 0.396 -0.00999999 0.887 0.386 -0.01707106 0.8940711 0.3917735 -0.01577347 0.8927735 0.393071 -0.01707106 0.887 0.393071 -0.00999999 0.8940711 0.386 0.00999999 -0.897 0.386 0.01999998 -0.887 0.396 0.00999999 -0.887 0.386 0.01707106 -0.8940711 0.3917735 0.01577347 -0.8927735 0.393071 0.01707106 -0.887 0.393071 0.00999999 -0.8940711 0.386 0.00999999 0.897 0.396 0.00999999 0.887 0.386 0.01999998 0.887 0.393071 0.00999999 0.8940711 0.3917735 0.01577347 0.8927735 0.393071 0.01707106 0.887 0.386 0.01707106 0.8940711</float_array>
          <technique_common>
            <accessor source="#Cube_001-mesh-positions-array" count="56" stride="3">
              <param name="X" type="float"/>
              <param name="Y" type="float"/>
              <param name="Z" type="float"/>
            </accessor>
          </technique_common>
        </source>
        <source id="Cube_001-mesh-normals">
          <float_array id="Cube_001-mesh-normals-array" count="324">0 -1 0 1 0 0 0 0 1 -1 0 0 0 1 0 -0.3671863 -0.2817521 -0.8864479 -0.2817503 -0.8864498 -0.3671832 -0.8864489 -0.3671866 -0.2817487 -0.3671844 -0.8864499 0.2817486 -0.2817528 -0.3671851 0.8864482 -0.8864486 -0.2817496 0.3671867 -0.2817528 0.3671851 -0.8864482 -0.8864486 0.2817496 -0.3671867 -0.3671844 0.8864499 -0.2817486 -0.3671863 0.2817521 0.8864479 -0.2817503 0.8864498 0.3671832 -0.8864489 0.3671866 0.2817487 0.2817528 -0.3671851 -0.8864482 0.8864486 -0.2817496 -0.3671867 0.3671844 -0.8864499 -0.2817486 0.3671863 -0.2817521 0.8864479 0.2817503 -0.8864498 0.3671832 0.8864489 -0.3671866 0.2817487 0.3671863 0.2817521 -0.8864479 0.2817503 0.8864498 -0.3671832 0.8864489 0.3671866 -0.2817487 0.2817528 0.3671851 0.8864482 0.8864486 0.2817496 0.3671867 0.3671844 0.8864499 0.2817486 -0.3826902 0 -0.9238767 -0.9238767 0 -0.3826902 -0.3826856 -0.9238786 0 -0.9238777 -0.3826879 0 -0.3826902 0 0.9238767 -0.9238767 0 0.3826902 -0.3826856 0.9238786 0 -0.9238777 0.3826879 0 0 0.3826879 -0.9238777 0 0.9238786 -0.3826856 0 0.3826879 0.9238777 0 0.9238786 0.3826856 0.9238777 0.3826879 0 0.3826856 0.9238786 0 0.3826902 0 -0.9238767 0.9238767 0 -0.3826902 0.3826902 0 0.9238767 0.9238767 0 0.3826902 0.3826856 -0.9238786 0 0.9238777 -0.3826879 0 0 -0.3826879 -0.9238777 0 -0.9238786 -0.3826856 0 -0.3826879 0.9238777 0 -0.9238786 0.3826856 0 0 -1 0 -1 0 1 0 0 0 0 1 -1 0 0 0 1 0 -0.2817528 -0.3671851 -0.8864482 -0.3671844 -0.8864499 -0.2817486 -0.8864486 -0.2817496 -0.3671867 -0.2817503 -0.8864498 0.3671832 -0.3671864 -0.2817521 0.8864479 -0.8864489 -0.3671865 0.2817487 -0.3671864 0.2817521 -0.8864479 -0.8864489 0.3671865 -0.2817487 -0.2817503 0.8864498 -0.3671832 -0.2817528 0.3671851 0.8864482 -0.3671844 0.8864499 0.2817486 -0.8864486 0.2817496 0.3671867 0.3671864 -0.2817521 -0.8864479 0.8864489 -0.3671865 -0.2817487 0.2817503 -0.8864498 -0.3671832 0.2817528 -0.3671851 0.8864482 0.3671844 -0.8864499 0.2817486 0.8864486 -0.2817496 0.3671867 0.2817528 0.3671851 -0.8864482 0.3671844 0.8864499 -0.2817486 0.8864486 0.2817496 -0.3671867 0.3671864 0.2817521 0.8864479 0.8864489 0.3671865 0.2817487 0.2817503 0.8864498 0.3671832 -0.3826902 0 -0.9238767 -0.9238767 0 -0.3826902 -0.3826856 -0.9238786 0 -0.9238777 -0.3826878 0 -0.3826902 0 0.9238767 -0.9238767 0 0.3826902 -0.3826856 0.9238786 0 -0.9238777 0.3826878 0 0 0.3826879 -0.9238777 0 0.9238786 -0.3826856 0 0.3826879 0.9238777 0 0.9238786 0.3826856 0.9238777 0.3826879 0 0.3826856 0.9238786 0 0.3826902 0 -0.9238767 0.9238767 0 -0.3826902 0.3826902 0 0.9238767 0.9238767 0 0.3826902 0.3826856 -0.9238786 0 0.9238777 -0.3826878 0 0 -0.3826879 -0.9238777 0 -0.9238786 -0.3826856 0 -0.3826879 0.9238777 0 -0.9238786 0.3826856 0 0 -1</float_array>
          <technique_common>
            <accessor source="#Cube_001-mesh-normals-array" count="108" stride="3">
              <param name="X" type="float"/>
              <param name="Y" type="float"/>
              <param name="Z" type="float"/>
            </accessor>
          </technique_common>
        </source>
        <source id="Cube_001-mesh-map-0">
          <float_array id="Cube_001-mesh-map-0-array" count="648">0.007469356 0.2537347 0.4361432 0.7462653 0.007469356 0.7462653 0.8946945 0.2537347 0.9058001 0.7462653 0.8946945 0.7462653 0.9467834 0.2535527 0.9578889 0.4642691 0.9467834 0.4642691 0.9207389 0.2537347 0.9318445 0.7462653 0.9207389 0.7462653 0.4510819 0.2537347 0.8797557 0.7462653 0.4510819 0.7462653 0.9578889 0.6826862 0.9610948 0.6840474 0.9578889 0.6844674 0.4361432 0.7462653 0.439349 0.7478682 0.4361431 0.7482285 0.9207389 0.7462653 0.917533 0.7478682 0.9168125 0.7462653 0.4361432 0.2537347 0.439349 0.2521318 0.4400695 0.2537347 0.9578889 0.2535527 0.9610948 0.2521916 0.9618153 0.2537015 0.9207389 0.2537347 0.917533 0.2521318 0.9207389 0.2517715 0.9467834 0.6826862 0.9435775 0.6840474 0.942857 0.6825374 0.9318445 0.7462653 0.9350504 0.7478682 0.9318445 0.7482285 0.4510819 0.7462653 0.447876 0.7478682 0.4471555 0.7462653 0.9467834 0.2535527 0.9435775 0.2521916 0.9467834 0.2517715 0.4510819 0.2537347 0.447876 0.2521318 0.4510819 0.2517715 0.9318445 0.2537347 0.9350504 0.2521318 0.9357709 0.2537347 0.9578889 0.4719699 0.9610948 0.4701792 0.9618153 0.471821 0.9058001 0.7462653 0.9090059 0.7478682 0.9058001 0.7482285 0.007469356 0.7462653 0.00426352 0.7478682 0.003543019 0.7462653 0.9578889 0.4642691 0.9610948 0.4660598 0.9578889 0.4663479 0.007469356 0.2537347 0.00426352 0.2521318 0.007469415 0.2517715 0.9058001 0.2537347 0.9090059 0.2521318 0.9097265 0.2537347 0.9467834 0.4719699 0.9435775 0.4701792 0.9467834 0.469891 0.8797557 0.7462653 0.8829615 0.7478682 0.8797557 0.7482285 0.8946945 0.7462653 0.8914886 0.7478682 0.8907681 0.7462653 0.9467834 0.4642691 0.9435775 0.4660598 0.942857 0.4644179 0.8946945 0.2537347 0.8914886 0.2521318 0.8946945 0.2517715 0.8797557 0.2537347 0.8829615 0.2521318 0.883682 0.2537347 0.9578889 0.6826862 0.9467834 0.6844674 0.9467834 0.6826862 0.9207389 0.7482285 0.9318445 0.7462653 0.9318445 0.7482285 0.4361432 0.2537347 0.4400695 0.7462653 0.4361432 0.7462653 0.9168125 0.2537347 0.9207389 0.7462653 0.9168125 0.7462653 0.9467834 0.2535527 0.9578889 0.2517715 0.9578889 0.2535527 0.9318445 0.2517715 0.9207389 0.2537347 0.9207389 0.2517715 0.4510819 0.7462653 0.4471555 0.2537347 0.4510819 0.2537347 0.9357709 0.7462653 0.9318445 0.2537347 0.9357709 0.2537347 0.9467834 0.6826862 0.942857 0.471821 0.9467834 0.4719699 0.4510819 0.7482285 0.8797557 0.7462653 0.8797557 0.7482285 0.9467834 0.4642691 0.942857 0.2537015 0.9467834 0.2535527 0.8797557 0.2517715 0.4510819 0.2537347 0.4510819 0.2517715 0.8946945 0.7462653 0.8907681 0.2537347 0.8946945 0.2537347 0.883682 0.7462653 0.8797557 0.2537347 0.883682 0.2537347 0.9467834 0.4719699 0.9578889 0.469891 0.9578889 0.4719699 0.8946945 0.7482285 0.9058001 0.7462653 0.9058001 0.7482285 0.9578889 0.4642691 0.9467834 0.4663479 0.9467834 0.4642691 0.9058001 0.2517715 0.8946945 0.2537347 0.8946945 0.2517715 0.007469356 0.7462653 0.003543019 0.2537347 0.007469356 0.2537347 0.9097265 0.7462653 0.9058001 0.2537347 0.9097265 0.2537347 0.9578889 0.4719699 0.9618153 0.6825374 0.9578889 0.6826862 0.007469415 0.7482285 0.4361432 0.7462653 0.4361431 0.7482285 0.9578889 0.2535527 0.9618153 0.4644179 0.9578889 0.4642691 0.4361431 0.2517715 0.007469356 0.2537347 0.007469415 0.2517715 0.9467834 0.4719699 0.9578889 0.6826862 0.9467834 0.6826862 0.007469356 0.2537347 0.4361432 0.2537347 0.4361432 0.7462653 0.8946945 0.2537347 0.9058001 0.2537347 0.9058001 0.7462653 0.9467834 0.2535527 0.9578889 0.2535527 0.9578889 0.4642691 0.9207389 0.2537347 0.9318445 0.2537347 0.9318445 0.7462653 0.4510819 0.2537347 0.8797557 0.2537347 0.8797557 0.7462653 0.9578889 0.6826862 0.9618153 0.6825374 0.9610948 0.6840474 0.4361432 0.7462653 0.4400695 0.7462653 0.439349 0.7478682 0.9207389 0.7462653 0.9207389 0.7482285 0.917533 0.7478682 0.4361432 0.2537347 0.4361431 0.2517715 0.439349 0.2521318 0.9578889 0.2535527 0.9578889 0.2517715 0.9610948 0.2521916 0.9207389 0.2537347 0.9168125 0.2537347 0.917533 0.2521318 0.9467834 0.6826862 0.9467834 0.6844674 0.9435775 0.6840474 0.9318445 0.7462653 0.9357709 0.7462653 0.9350504 0.7478682 0.4510819 0.7462653 0.4510819 0.7482285 0.447876 0.7478682 0.9467834 0.2535527 0.942857 0.2537015 0.9435775 0.2521916 0.4510819 0.2537347 0.4471555 0.2537347 0.447876 0.2521318 0.9318445 0.2537347 0.9318445 0.2517715 0.9350504 0.2521318 0.9578889 0.4719699 0.9578889 0.469891 0.9610948 0.4701792 0.9058001 0.7462653 0.9097265 0.7462653 0.9090059 0.7478682 0.007469356 0.7462653 0.007469415 0.7482285 0.00426352 0.7478682 0.9578889 0.4642691 0.9618153 0.4644179 0.9610948 0.4660598 0.007469356 0.2537347 0.003543019 0.2537347 0.00426352 0.2521318 0.9058001 0.2537347 0.9058001 0.2517715 0.9090059 0.2521318 0.9467834 0.4719699 0.942857 0.471821 0.9435775 0.4701792 0.8797557 0.7462653 0.883682 0.7462653 0.8829615 0.7478682 0.8946945 0.7462653 0.8946945 0.7482285 0.8914886 0.7478682 0.9467834 0.4642691 0.9467834 0.4663479 0.9435775 0.4660598 0.8946945 0.2537347 0.8907681 0.2537347 0.8914886 0.2521318 0.8797557 0.2537347 0.8797557 0.2517715 0.8829615 0.2521318 0.9578889 0.6826862 0.9578889 0.6844674 0.9467834 0.6844674 0.9207389 0.7482285 0.9207389 0.7462653 0.9318445 0.7462653 0.4361432 0.2537347 0.4400695 0.2537347 0.4400695 0.7462653 0.9168125 0.2537347 0.9207389 0.2537347 0.9207389 0.7462653 0.9467834 0.2535527 0.9467834 0.2517715 0.9578889 0.2517715 0.9318445 0.2517715 0.9318445 0.2537347 0.9207389 0.2537347 0.4510819 0.7462653 0.4471555 0.7462653 0.4471555 0.2537347 0.9357709 0.7462653 0.9318445 0.7462653 0.9318445 0.2537347 0.9467834 0.6826862 0.942857 0.6825374 0.942857 0.471821 0.4510819 0.7482285 0.4510819 0.7462653 0.8797557 0.7462653 0.9467834 0.4642691 0.942857 0.4644179 0.942857 0.2537015 0.8797557 0.2517715 0.8797557 0.2537347 0.4510819 0.2537347 0.8946945 0.7462653 0.8907681 0.7462653 0.8907681 0.2537347 0.883682 0.7462653 0.8797557 0.7462653 0.8797557 0.2537347 0.9467834 0.4719699 0.9467834 0.469891 0.9578889 0.469891 0.8946945 0.7482285 0.8946945 0.7462653 0.9058001 0.7462653 0.9578889 0.4642691 0.9578889 0.4663479 0.9467834 0.4663479 0.9058001 0.2517715 0.9058001 0.2537347 0.8946945 0.2537347 0.007469356 0.7462653 0.003543019 0.7462653 0.003543019 0.2537347 0.9097265 0.7462653 0.9058001 0.7462653 0.9058001 0.2537347 0.9578889 0.4719699 0.9618153 0.471821 0.9618153 0.6825374 0.007469415 0.7482285 0.007469356 0.7462653 0.4361432 0.7462653 0.9578889 0.2535527 0.9618153 0.2537015 0.9618153 0.4644179 0.4361431 0.2517715 0.4361432 0.2537347 0.007469356 0.2537347 0.9467834 0.4719699 0.9578889 0.4719699 0.9578889 0.6826862</float_array>
          <technique_common>
            <accessor source="#Cube_001-mesh-map-0-array" count="324" stride="2">
              <param name="S" type="float"/>
              <param name="T" type="float"/>
            </accessor>
          </technique_common>
        </source>
        <vertices id="Cube_001-mesh-vertices">
          <input semantic="POSITION" source="#Cube_001-mesh-positions"/>
        </vertices>
        <triangles material="PP_door-material" count="108">
          <input semantic="VERTEX" source="#Cube_001-mesh-vertices" offset="0"/>
          <input semantic="NORMAL" source="#Cube_001-mesh-normals" offset="1"/>
          <input semantic="TEXCOORD" source="#Cube_001-mesh-map-0" offset="2" set="0"/>
          <p>36 0 0 1 0 1 30 0 2 50 1 3 29 1 4 44 1 5 21 2 6 35 2 7 49 2 8 9 3 9 15 3 10 2 3 11 22 4 12 43 4 13 16 4 14 0 5 15 4 5 16 6 5 17 1 6 18 4 6 19 3 6 20 2 7 21 4 7 22 5 7 23 7 8 24 11 8 25 13 8 26 8 9 27 11 9 28 10 9 29 9 10 30 11 10 31 12 10 32 14 11 33 18 11 34 20 11 35 15 12 36 18 12 37 17 12 38 16 13 39 18 13 40 19 13 41 21 14 42 25 14 43 27 14 44 22 15 45 25 15 46 24 15 47 23 16 48 25 16 49 26 16 50 28 17 51 32 17 52 34 17 53 29 18 54 32 18 55 31 18 56 30 19 57 32 19 58 33 19 59 35 20 60 39 20 61 41 20 62 36 21 63 39 21 64 38 21 65 37 22 66 39 22 67 40 22 68 42 23 69 46 23 70 48 23 71 43 24 72 46 24 73 45 24 74 44 25 75 46 25 76 47 25 77 49 26 78 53 26 79 55 26 80 50 27 81 53 27 82 52 27 83 51 28 84 53 28 85 54 28 86 0 29 87 17 29 88 14 29 89 6 30 90 15 30 91 17 30 92 7 31 93 5 31 94 1 31 95 13 32 96 2 32 97 5 32 98 21 33 99 12 33 100 8 33 101 27 34 102 9 34 103 12 34 104 16 35 105 26 35 106 22 35 107 19 36 108 23 36 109 26 36 110 14 37 111 45 37 112 42 37 113 20 38 114 43 38 115 45 38 116 49 39 117 24 39 118 21 39 119 55 40 120 22 40 121 24 40 122 44 41 123 54 41 124 50 41 125 47 42 126 51 42 127 54 42 128 42 43 129 31 43 130 28 43 131 48 44 132 29 44 133 31 44 134 35 45 135 52 45 136 49 45 137 41 46 138 50 46 139 52 46 140 30 47 141 40 47 142 36 47 143 33 48 144 37 48 145 40 48 146 28 49 147 3 49 148 0 49 149 34 50 150 1 50 151 3 50 152 8 51 153 38 51 154 35 51 155 10 52 156 36 52 157 38 52 158 42 53 159 0 53 160 14 53 161 36 54 162 7 54 163 1 54 164 50 55 165 37 55 166 29 55 167 21 56 168 8 56 169 35 56 170 9 57 171 23 57 172 15 57 173 22 58 174 51 58 175 43 58 176 0 59 177 3 59 178 4 59 179 1 60 180 5 60 181 4 60 182 2 61 183 6 61 184 4 61 185 7 62 186 10 62 187 11 62 188 8 63 189 12 63 190 11 63 191 9 64 192 13 64 193 11 64 194 14 65 195 17 65 196 18 65 197 15 66 198 19 66 199 18 66 200 16 67 201 20 67 202 18 67 203 21 68 204 24 68 205 25 68 206 22 69 207 26 69 208 25 69 209 23 70 210 27 70 211 25 70 212 28 71 213 31 71 214 32 71 215 29 72 216 33 72 217 32 72 218 30 73 219 34 73 220 32 73 221 35 74 222 38 74 223 39 74 224 36 75 225 40 75 226 39 75 227 37 76 228 41 76 229 39 76 230 42 77 231 45 77 232 46 77 233 43 78 234 47 78 235 46 78 236 44 79 237 48 79 238 46 79 239 49 80 240 52 80 241 53 80 242 50 81 243 54 81 244 53 81 245 51 82 246 55 82 247 53 82 248 0 83 249 6 83 250 17 83 251 6 84 252 2 84 253 15 84 254 7 85 255 13 85 256 5 85 257 13 86 258 9 86 259 2 86 260 21 87 261 27 87 262 12 87 263 27 88 264 23 88 265 9 88 266 16 89 267 19 89 268 26 89 269 19 90 270 15 90 271 23 90 272 14 91 273 20 91 274 45 91 275 20 92 276 16 92 277 43 92 278 49 93 279 55 93 280 24 93 281 55 94 282 51 94 283 22 94 284 44 95 285 47 95 286 54 95 287 47 96 288 43 96 289 51 96 290 42 97 291 48 97 292 31 97 293 48 98 294 44 98 295 29 98 296 35 99 297 41 99 298 52 99 299 41 100 300 37 100 301 50 100 302 30 101 303 33 101 304 40 101 305 33 102 306 29 102 307 37 102 308 28 103 309 34 103 310 3 103 311 34 104 312 30 104 313 1 104 314 8 105 315 10 105 316 38 105 317 10 106 318 7 106 319 36 106 320 42 107 321 28 107 322 0 107 323</p>
        </triangles>
      </mesh>
    </geometry>
    <geometry id="Cube-mesh" name="Cube">
      <mesh>
        <source id="Cube-mesh-positions">
          <float_array id="Cube-mesh-positions-array" count="168">-0.5200001 -0.545 -1.15 -0.5200001 -0.575 -1.12 -0.55 -0.545 -1.12 -0.5200001 -0.5662131 -1.141213 -0.5373206 -0.5623205 -1.13732 -0.5412133 -0.5662131 -1.12 -0.5412133 -0.545 -1.141213 -0.5200001 -0.575 1.12 -0.5200001 -0.545 1.15 -0.55 -0.545 1.12 -0.5200001 -0.5662131 1.141213 -0.5373206 -0.5623205 1.13732 -0.5412133 -0.545 1.141213 -0.5412133 -0.5662131 1.12 -0.5200001 0.545 -1.15 -0.55 0.545 -1.12 -0.5200001 0.575 -1.12 -0.5412133 0.545 -1.141213 -0.5373206 0.5623205 -1.13732 -0.5412133 0.5662131 -1.12 -0.5200001 0.5662131 -1.141213 -0.5200001 0.545 1.15 -0.5200001 0.575 1.12 -0.55 0.545 1.12 -0.5200001 0.5662131 1.141213 -0.5373206 0.5623205 1.13732 -0.5412133 0.5662131 1.12 -0.5412133 0.545 1.141213 0.5200001 -0.545 -1.15 0.55 -0.545 -1.12 0.5200001 -0.575 -1.12 0.5412133 -0.545 -1.141213 0.5373206 -0.5623205 -1.13732 0.5412133 -0.5662131 -1.12 0.5200001 -0.5662131 -1.141213 0.5200001 -0.545 1.15 0.5200001 -0.575 1.12 0.55 -0.545 1.12 0.5200001 -0.5662131 1.141213 0.5373206 -0.5623205 1.13732 0.5412133 -0.5662131 1.12 0.5412133 -0.545 1.141213 0.5200001 0.545 -1.15 0.5200001 0.575 -1.12 0.55 0.545 -1.12 0.5200001 0.5662131 -1.141213 0.5373206 0.5623205 -1.13732 0.5412133 0.5662131 -1.12 0.5412133 0.545 -1.141213 0.5200001 0.545 1.15 0.55 0.545 1.12 0.5200001 0.575 1.12 0.5412133 0.545 1.141213 0.5373206 0.5623205 1.13732 0.5412133 0.5662131 1.12 0.5200001 0.5662131 1.141213</float_array>
          <technique_common>
            <accessor source="#Cube-mesh-positions-array" count="56" stride="3">
              <param name="X" type="float"/>
              <param name="Y" type="float"/>
              <param name="Z" type="float"/>
            </accessor>
          </technique_common>
        </source>
        <source id="Cube-mesh-normals">
          <float_array id="Cube-mesh-normals-array" count="324">0 -1 0 1 0 0 0 0 1 -1 0 0 0 1 0 -0.3671851 -0.2817455 -0.8864505 -0.2817454 -0.8864508 -0.3671843 -0.8864523 -0.3671813 -0.281745 -0.3671837 -0.8864511 0.2817453 -0.2817456 -0.3671855 0.8864504 -0.8864522 -0.2817451 0.3671815 -0.2817456 0.3671855 -0.8864504 -0.8864522 0.2817451 -0.3671815 -0.3671837 0.8864511 -0.2817453 -0.3671851 0.2817455 0.8864505 -0.2817454 0.8864508 0.3671843 -0.8864523 0.3671813 0.281745 0.2817456 -0.3671855 -0.8864504 0.8864522 -0.2817451 -0.3671815 0.3671837 -0.8864511 -0.2817453 0.3671851 -0.2817455 0.8864505 0.2817454 -0.8864508 0.3671843 0.8864523 -0.3671813 0.281745 0.3671851 0.2817455 -0.8864505 0.2817454 0.8864508 -0.3671843 0.8864523 0.3671813 -0.281745 0.2817456 0.3671855 0.8864504 0.8864522 0.2817451 0.3671815 0.3671837 0.8864511 0.2817453 -0.3826874 0 -0.9238779 -0.9238795 0 -0.3826835 -0.3826853 -0.9238788 0 -0.9238799 -0.3826826 0 -0.3826874 0 0.9238779 -0.9238795 0 0.3826835 -0.3826853 0.9238788 0 -0.9238799 0.3826826 0 0 0.3826892 -0.9238771 0 0.9238777 -0.382688 0 0.3826892 0.9238771 0 0.9238777 0.382688 0.9238799 0.3826826 0 0.3826852 0.9238788 0 0.3826874 0 -0.9238779 0.9238795 0 -0.3826835 0.3826874 0 0.9238779 0.9238795 0 0.3826835 0.3826853 -0.9238788 0 0.9238799 -0.3826826 0 0 -0.3826892 -0.9238771 0 -0.9238777 -0.382688 0 -0.3826892 0.9238771 0 -0.9238777 0.382688 0 0 -1 0 -1 0 1 0 0 0 0 1 -1 0 0 0 1 0 -0.2817456 -0.3671855 -0.8864504 -0.3671837 -0.8864512 -0.2817454 -0.8864522 -0.2817451 -0.3671814 -0.2817454 -0.886451 0.3671843 -0.3671851 -0.2817455 0.8864505 -0.8864523 -0.3671812 0.2817451 -0.3671851 0.2817455 -0.8864505 -0.8864523 0.3671812 -0.2817451 -0.2817454 0.886451 -0.3671843 -0.2817456 0.3671855 0.8864504 -0.3671837 0.8864512 0.2817454 -0.8864522 0.2817451 0.3671814 0.3671851 -0.2817455 -0.8864505 0.8864523 -0.3671812 -0.2817451 0.2817454 -0.886451 -0.3671843 0.2817456 -0.3671855 0.8864504 0.3671837 -0.8864512 0.2817454 0.8864522 -0.2817451 0.3671814 0.2817456 0.3671855 -0.8864504 0.3671837 0.8864512 -0.2817454 0.8864522 0.2817451 -0.3671814 0.3671851 0.2817455 0.8864505 0.8864523 0.3671812 0.2817451 0.2817454 0.886451 0.3671843 -0.3826874 0 -0.9238778 -0.9238795 0 -0.3826835 -0.3826852 -0.9238788 0 -0.9238799 -0.3826826 0 -0.3826874 0 0.9238778 -0.9238795 0 0.3826835 -0.3826852 0.9238788 0 -0.9238799 0.3826826 0 0 0.3826893 -0.9238772 0 0.9238776 -0.3826879 0 0.3826893 0.9238772 0 0.9238776 0.3826879 0.9238799 0.3826826 0 0.3826853 0.9238788 0 0.3826874 0 -0.9238778 0.9238795 0 -0.3826835 0.3826874 0 0.9238778 0.9238795 0 0.3826835 0.3826852 -0.9238788 0 0.9238799 -0.3826826 0 0 -0.3826893 -0.9238772 0 -0.9238776 -0.3826879 0 -0.3826893 0.9238772 0 -0.9238776 0.3826879 0 0 -1</float_array>
          <technique_common>
            <accessor source="#Cube-mesh-normals-array" count="108" stride="3">
              <param name="X" type="float"/>
              <param name="Y" type="float"/>
              <param name="Z" type="float"/>
            </accessor>
          </technique_common>
        </source>
        <source id="Cube-mesh-map-0">
          <float_array id="Cube-mesh-map-0-array" count="648">0.5205156 0.008681952 0.7487801 0.492024 0.5205156 0.492024 0.008407652 0.008407592 0.2476463 0.500054 0.008407652 0.500054 0.008407652 0.7561079 0.2366721 0.5168693 0.2366721 0.7561079 0.2644616 0.008407592 0.5037003 0.500054 0.2644616 0.500054 0.5205156 0.508682 0.7487801 0.992024 0.5205156 0.992024 0.4817519 0.5168693 0.4855535 0.5130677 0.4864079 0.5168693 0.7487801 0.492024 0.7525817 0.495252 0.7487801 0.4962483 0.2644616 0.500054 0.2606601 0.5038556 0.2598057 0.500054 0.7487801 0.008681952 0.7525817 0.004435241 0.753436 0.008328974 0.008407652 0.5168693 0.004606068 0.5130677 0.008407652 0.5122134 0.2644616 0.008407592 0.2606601 0.004606068 0.2644616 0.003751695 0.4817519 0.7561079 0.4855535 0.7599095 0.4817519 0.7607639 0.5037003 0.500054 0.5075019 0.5038556 0.5037003 0.50471 0.5205156 0.992024 0.516714 0.995252 0.5158597 0.991671 0.008407652 0.7561079 0.004606068 0.7599095 0.003751695 0.7561079 0.5205156 0.508682 0.516714 0.5044353 0.5205156 0.5037518 0.5037003 0.008407592 0.5075019 0.004606068 0.5083563 0.008407652 0.2534875 0.5168693 0.2496859 0.5130677 0.2534875 0.5122134 0.2476463 0.500054 0.2514479 0.5038556 0.2476463 0.50471 0.5205156 0.492024 0.516714 0.495252 0.5158597 0.491671 0.2366721 0.5168693 0.2404737 0.5130677 0.2413281 0.5168693 0.5205156 0.008681952 0.516714 0.004435241 0.5205156 0.003751695 0.2476463 0.008407592 0.2514479 0.004606068 0.2523022 0.008407652 0.2534875 0.7561079 0.2496859 0.7599095 0.2488315 0.7561079 0.7487801 0.992024 0.7525817 0.995252 0.7487801 0.9962484 0.008407652 0.500054 0.004606068 0.5038556 0.003751695 0.500054 0.2366721 0.7561079 0.2404737 0.7599095 0.2366721 0.7607639 0.008407652 0.008407592 0.004606068 0.004606068 0.008407652 0.003751695 0.7487801 0.508682 0.7525817 0.5044353 0.753436 0.508329 0.4817519 0.5168693 0.4864079 0.7561079 0.4817519 0.7561079 0.2644616 0.50471 0.5037003 0.500054 0.5037003 0.50471 0.7487801 0.008681952 0.753436 0.491671 0.7487801 0.492024 0.2598057 0.008407652 0.2644616 0.500054 0.2598057 0.500054 0.008407652 0.7561079 0.003751695 0.5168693 0.008407652 0.5168693 0.5037003 0.003751695 0.2644616 0.008407592 0.2644616 0.003751695 0.5205156 0.992024 0.5158597 0.508329 0.5205156 0.508682 0.5083563 0.500054 0.5037003 0.008407592 0.5083563 0.008407652 0.4817519 0.7561079 0.2534875 0.7607639 0.2534875 0.7561079 0.5205156 0.9962484 0.7487801 0.992024 0.7487801 0.9962484 0.2366721 0.7561079 0.008407652 0.7607639 0.008407652 0.7561079 0.7487801 0.5037518 0.5205156 0.508682 0.5205156 0.5037518 0.008407652 0.500054 0.003751695 0.008407652 0.008407652 0.008407592 0.753436 0.991671 0.7487801 0.508682 0.753436 0.508329 0.2534875 0.7561079 0.2488315 0.5168693 0.2534875 0.5168693 0.008407652 0.50471 0.2476463 0.500054 0.2476463 0.50471 0.2366721 0.5168693 0.2413281 0.7561079 0.2366721 0.7561079 0.2476463 0.003751695 0.008407652 0.008407592 0.008407652 0.003751695 0.5205156 0.492024 0.5158597 0.008328974 0.5205156 0.008681952 0.2523022 0.500054 0.2476463 0.008407592 0.2523022 0.008407652 0.2534875 0.5168693 0.4817519 0.5122134 0.4817519 0.5168693 0.5205156 0.4962483 0.7487801 0.492024 0.7487801 0.4962483 0.008407652 0.5168693 0.2366721 0.5122134 0.2366721 0.5168693 0.7487801 0.003751695 0.5205156 0.008681952 0.5205156 0.003751695 0.2534875 0.7561079 0.4817519 0.5168693 0.4817519 0.7561079 0.5205156 0.008681952 0.7487801 0.008681952 0.7487801 0.492024 0.008407652 0.008407592 0.2476463 0.008407592 0.2476463 0.500054 0.008407652 0.7561079 0.008407652 0.5168693 0.2366721 0.5168693 0.2644616 0.008407592 0.5037003 0.008407592 0.5037003 0.500054 0.5205156 0.508682 0.7487801 0.508682 0.7487801 0.992024 0.4817519 0.5168693 0.4817519 0.5122134 0.4855535 0.5130677 0.7487801 0.492024 0.753436 0.491671 0.7525817 0.495252 0.2644616 0.500054 0.2644616 0.50471 0.2606601 0.5038556 0.7487801 0.008681952 0.7487801 0.003751695 0.7525817 0.004435241 0.008407652 0.5168693 0.003751695 0.5168693 0.004606068 0.5130677 0.2644616 0.008407592 0.2598057 0.008407652 0.2606601 0.004606068 0.4817519 0.7561079 0.4864079 0.7561079 0.4855535 0.7599095 0.5037003 0.500054 0.5083563 0.500054 0.5075019 0.5038556 0.5205156 0.992024 0.5205156 0.9962484 0.516714 0.995252 0.008407652 0.7561079 0.008407652 0.7607639 0.004606068 0.7599095 0.5205156 0.508682 0.5158597 0.508329 0.516714 0.5044353 0.5037003 0.008407592 0.5037003 0.003751695 0.5075019 0.004606068 0.2534875 0.5168693 0.2488315 0.5168693 0.2496859 0.5130677 0.2476463 0.500054 0.2523022 0.500054 0.2514479 0.5038556 0.5205156 0.492024 0.5205156 0.4962483 0.516714 0.495252 0.2366721 0.5168693 0.2366721 0.5122134 0.2404737 0.5130677 0.5205156 0.008681952 0.5158597 0.008328974 0.516714 0.004435241 0.2476463 0.008407592 0.2476463 0.003751695 0.2514479 0.004606068 0.2534875 0.7561079 0.2534875 0.7607639 0.2496859 0.7599095 0.7487801 0.992024 0.753436 0.991671 0.7525817 0.995252 0.008407652 0.500054 0.008407652 0.50471 0.004606068 0.5038556 0.2366721 0.7561079 0.2413281 0.7561079 0.2404737 0.7599095 0.008407652 0.008407592 0.003751695 0.008407652 0.004606068 0.004606068 0.7487801 0.508682 0.7487801 0.5037518 0.7525817 0.5044353 0.4817519 0.5168693 0.4864079 0.5168693 0.4864079 0.7561079 0.2644616 0.50471 0.2644616 0.500054 0.5037003 0.500054 0.7487801 0.008681952 0.753436 0.008328974 0.753436 0.491671 0.2598057 0.008407652 0.2644616 0.008407592 0.2644616 0.500054 0.008407652 0.7561079 0.003751695 0.7561079 0.003751695 0.5168693 0.5037003 0.003751695 0.5037003 0.008407592 0.2644616 0.008407592 0.5205156 0.992024 0.5158597 0.991671 0.5158597 0.508329 0.5083563 0.500054 0.5037003 0.500054 0.5037003 0.008407592 0.4817519 0.7561079 0.4817519 0.7607639 0.2534875 0.7607639 0.5205156 0.9962484 0.5205156 0.992024 0.7487801 0.992024 0.2366721 0.7561079 0.2366721 0.7607639 0.008407652 0.7607639 0.7487801 0.5037518 0.7487801 0.508682 0.5205156 0.508682 0.008407652 0.500054 0.003751695 0.500054 0.003751695 0.008407652 0.753436 0.991671 0.7487801 0.992024 0.7487801 0.508682 0.2534875 0.7561079 0.2488315 0.7561079 0.2488315 0.5168693 0.008407652 0.50471 0.008407652 0.500054 0.2476463 0.500054 0.2366721 0.5168693 0.2413281 0.5168693 0.2413281 0.7561079 0.2476463 0.003751695 0.2476463 0.008407592 0.008407652 0.008407592 0.5205156 0.492024 0.5158597 0.491671 0.5158597 0.008328974 0.2523022 0.500054 0.2476463 0.500054 0.2476463 0.008407592 0.2534875 0.5168693 0.2534875 0.5122134 0.4817519 0.5122134 0.5205156 0.4962483 0.5205156 0.492024 0.7487801 0.492024 0.008407652 0.5168693 0.008407652 0.5122134 0.2366721 0.5122134 0.7487801 0.003751695 0.7487801 0.008681952 0.5205156 0.008681952 0.2534875 0.7561079 0.2534875 0.5168693 0.4817519 0.5168693</float_array>
          <technique_common>
            <accessor source="#Cube-mesh-map-0-array" count="324" stride="2">
              <param name="S" type="float"/>
              <param name="T" type="float"/>
            </accessor>
          </technique_common>
        </source>
        <vertices id="Cube-mesh-vertices">
          <input semantic="POSITION" source="#Cube-mesh-positions"/>
        </vertices>
        <triangles material="PP_body-material" count="108">
          <input semantic="VERTEX" source="#Cube-mesh-vertices" offset="0"/>
          <input semantic="NORMAL" source="#Cube-mesh-normals" offset="1"/>
          <input semantic="TEXCOORD" source="#Cube-mesh-map-0" offset="2" set="0"/>
          <p>36 0 0 1 0 1 30 0 2 50 1 3 29 1 4 44 1 5 21 2 6 35 2 7 49 2 8 9 3 9 15 3 10 2 3 11 22 4 12 43 4 13 16 4 14 0 5 15 4 5 16 6 5 17 1 6 18 4 6 19 3 6 20 2 7 21 4 7 22 5 7 23 7 8 24 11 8 25 13 8 26 8 9 27 11 9 28 10 9 29 9 10 30 11 10 31 12 10 32 14 11 33 18 11 34 20 11 35 15 12 36 18 12 37 17 12 38 16 13 39 18 13 40 19 13 41 21 14 42 25 14 43 27 14 44 22 15 45 25 15 46 24 15 47 23 16 48 25 16 49 26 16 50 28 17 51 32 17 52 34 17 53 29 18 54 32 18 55 31 18 56 30 19 57 32 19 58 33 19 59 35 20 60 39 20 61 41 20 62 36 21 63 39 21 64 38 21 65 37 22 66 39 22 67 40 22 68 42 23 69 46 23 70 48 23 71 43 24 72 46 24 73 45 24 74 44 25 75 46 25 76 47 25 77 49 26 78 53 26 79 55 26 80 50 27 81 53 27 82 52 27 83 51 28 84 53 28 85 54 28 86 0 29 87 17 29 88 14 29 89 6 30 90 15 30 91 17 30 92 7 31 93 5 31 94 1 31 95 13 32 96 2 32 97 5 32 98 21 33 99 12 33 100 8 33 101 27 34 102 9 34 103 12 34 104 16 35 105 26 35 106 22 35 107 19 36 108 23 36 109 26 36 110 14 37 111 45 37 112 42 37 113 20 38 114 43 38 115 45 38 116 49 39 117 24 39 118 21 39 119 55 40 120 22 40 121 24 40 122 44 41 123 54 41 124 50 41 125 47 42 126 51 42 127 54 42 128 42 43 129 31 43 130 28 43 131 48 44 132 29 44 133 31 44 134 35 45 135 52 45 136 49 45 137 41 46 138 50 46 139 52 46 140 30 47 141 40 47 142 36 47 143 33 48 144 37 48 145 40 48 146 28 49 147 3 49 148 0 49 149 34 50 150 1 50 151 3 50 152 8 51 153 38 51 154 35 51 155 10 52 156 36 52 157 38 52 158 42 53 159 0 53 160 14 53 161 36 54 162 7 54 163 1 54 164 50 55 165 37 55 166 29 55 167 21 56 168 8 56 169 35 56 170 9 57 171 23 57 172 15 57 173 22 58 174 51 58 175 43 58 176 0 59 177 3 59 178 4 59 179 1 60 180 5 60 181 4 60 182 2 61 183 6 61 184 4 61 185 7 62 186 10 62 187 11 62 188 8 63 189 12 63 190 11 63 191 9 64 192 13 64 193 11 64 194 14 65 195 17 65 196 18 65 197 15 66 198 19 66 199 18 66 200 16 67 201 20 67 202 18 67 203 21 68 204 24 68 205 25 68 206 22 69 207 26 69 208 25 69 209 23 70 210 27 70 211 25 70 212 28 71 213 31 71 214 32 71 215 29 72 216 33 72 217 32 72 218 30 73 219 34 73 220 32 73 221 35 74 222 38 74 223 39 74 224 36 75 225 40 75 226 39 75 227 37 76 228 41 76 229 39 76 230 42 77 231 45 77 232 46 77 233 43 78 234 47 78 235 46 78 236 44 79 237 48 79 238 46 79 239 49 80 240 52 80 241 53 80 242 50 81 243 54 81 244 53 81 245 51 82 246 55 82 247 53 82 248 0 83 249 6 83 250 17 83 251 6 84 252 2 84 253 15 84 254 7 85 255 13 85 256 5 85 257 13 86 258 9 86 259 2 86 260 21 87 261 27 87 262 12 87 263 27 88 264 23 88 265 9 88 266 16 89 267 19 89 268 26 89 269 19 90 270 15 90 271 23 90 272 14 91 273 20 91 274 45 91 275 20 92 276 16 92 277 43 92 278 49 93 279 55 93 280 24 93 281 55 94 282 51 94 283 22 94 284 44 95 285 47 95 286 54 95 287 47 96 288 43 96 289 51 96 290 42 97 291 48 97 292 31 97 293 48 98 294 44 98 295 29 98 296 35 99 297 41 99 298 52 99 299 41 100 300 37 100 301 50 100 302 30 101 303 33 101 304 40 101 305 33 102 306 29 102 307 37 102 308 28 103 309 34 103 310 3 103 311 34 104 312 30 104 313 1 104 314 8 105 315 10 105 316 38 105 317 10 106 318 7 106 319 36 106 320 42 107 321 28 107 322 0 107 323</p>
        </triangles>
      </mesh>
    </geometry>
  </library_geometries>
  <library_visual_scenes>
    <visual_scene id="Scene" name="Scene">
      <node id="pp_root" name="pp_root" type="NODE">
        <matrix sid="transform">1 0 0 0 0 1 0 0 0 0 1 0 0 0 0 1</matrix>
        <node id="body" name="body" type="NODE">
          <matrix sid="transform">1 0 0 0 0 1 0 0 0 0 1 1.15 0 0 0 1</matrix>
          <instance_geometry url="#Cube-mesh" name="body">
            <bind_material>
              <technique_common>
                <instance_material symbol="PP_body-material" target="#PP_body-material">
                  <bind_vertex_input semantic="UVMap" input_semantic="TEXCOORD" input_set="0"/>
                </instance_material>
              </technique_common>
            </bind_material>
          </instance_geometry>
        </node>
        <node id="door" name="door" type="NODE">
          <matrix sid="transform">1 0 0 0 0 1 0 -0.595 0 0 1 1.104 0 0 0 1</matrix>
          <instance_geometry url="#Cube_001-mesh" name="door">
            <bind_material>
              <technique_common>
                <instance_material symbol="PP_door-material" target="#PP_door-material">
                  <bind_vertex_input semantic="UVMap" input_semantic="TEXCOORD" input_set="0"/>
                </instance_material>
              </technique_common>
            </bind_material>
          </instance_geometry>
        </node>
        <node id="roof" name="roof" type="NODE">
          <matrix sid="transform">1 0 0 0 0 1 0 0 0 0 1 2.34 0 0 0 1</matrix>
          <instance_geometry url="#Cube_002-mesh" name="roof">
            <bind_material>
              <technique_common>
                <instance_material symbol="PP_roof-material" target="#PP_roof-material">
                  <bind_vertex_input semantic="UVMap" input_semantic="TEXCOORD" input_set="0"/>
                </instance_material>
              </technique_common>
            </bind_material>
          </instance_geometry>
        </node>
        <node id="logo_0" name="logo_0" type="NODE">
          <matrix sid="transform">1 0 0 -0.565 0 1 0 0.05 0 0 1 1.426 0 0 0 1</matrix>
          <instance_geometry url="#Cube_003-mesh" name="logo_0">
            <bind_material>
              <technique_common>
                <instance_material symbol="PP_logo-material" target="#PP_logo-material">
                  <bind_vertex_input semantic="UVMap" input_semantic="TEXCOORD" input_set="0"/>
                </instance_material>
              </technique_common>
            </bind_material>
          </instance_geometry>
        </node>
        <node id="logo_1" name="logo_1" type="NODE">
          <matrix sid="transform">1 0 0 0.565 0 1 0 0.05 0 0 1 1.426 0 0 0 1</matrix>
          <instance_geometry url="#Cube_004-mesh" name="logo_1">
            <bind_material>
              <technique_common>
                <instance_material symbol="PP_logo-material" target="#PP_logo-material">
                  <bind_vertex_input semantic="UVMap" input_semantic="TEXCOORD" input_set="0"/>
                </instance_material>
              </technique_common>
            </bind_material>
          </instance_geometry>
        </node>
        <node id="foot_0" name="foot_0" type="NODE">
          <matrix sid="transform">1 0 0 -0.35 0 1 0 -0.4 0 0 1 0.03 0 0 0 1</matrix>
          <instance_geometry url="#Cube_005-mesh" name="foot_0">
            <bind_material>
              <technique_common>
                <instance_material symbol="PP_roof-material" target="#PP_roof-material">
                  <bind_vertex_input semantic="UVMap" input_semantic="TEXCOORD" input_set="0"/>
                </instance_material>
              </technique_common>
            </bind_material>
          </instance_geometry>
        </node>
        <node id="foot_1" name="foot_1" type="NODE">
          <matrix sid="transform">1 0 0 0.35 0 1 0 -0.4 0 0 1 0.03 0 0 0 1</matrix>
          <instance_geometry url="#Cube_006-mesh" name="foot_1">
            <bind_material>
              <technique_common>
                <instance_material symbol="PP_roof-material" target="#PP_roof-material">
                  <bind_vertex_input semantic="UVMap" input_semantic="TEXCOORD" input_set="0"/>
                </instance_material>
              </technique_common>
            </bind_material>
          </instance_geometry>
        </node>
        <node id="foot_2" name="foot_2" type="NODE">
          <matrix sid="transform">1 0 0 -0.35 0 1 0 0.4 0 0 1 0.03 0 0 0 1</matrix>
          <instance_geometry url="#Cube_007-mesh" name="foot_2">
            <bind_material>
              <technique_common>
                <instance_material symbol="PP_roof-material" target="#PP_roof-material">
                  <bind_vertex_input semantic="UVMap" input_semantic="TEXCOORD" input_set="0"/>
                </instance_material>
              </technique_common>
            </bind_material>
          </instance_geometry>
        </node>
        <node id="foot_3" name="foot_3" type="NODE">
          <matrix sid="transform">1 0 0 0.35 0 1 0 0.4 0 0 1 0.03 0 0 0 1</matrix>
          <instance_geometry url="#Cube_008-mesh" name="foot_3">
            <bind_material>
              <technique_common>
                <instance_material symbol="PP_roof-material" target="#PP_roof-material">
                  <bind_vertex_input semantic="UVMap" input_semantic="TEXCOORD" input_set="0"/>
                </instance_material>
              </technique_common>
            </bind_material>
          </instance_geometry>
        </node>
        <node id="vent" name="vent" type="NODE">
          <matrix sid="transform">1 0 0 0.25 0 1 0 0.25 0 0 1 2.48 0 0 0 1</matrix>
          <instance_geometry url="#Cylinder-mesh" name="vent">
            <bind_material>
              <technique_common>
                <instance_material symbol="PP_roof-material" target="#PP_roof-material">
                  <bind_vertex_input semantic="UVMap" input_semantic="TEXCOORD" input_set="0"/>
                </instance_material>
              </technique_common>
            </bind_material>
          </instance_geometry>
        </node>
      </node>
    </visual_scene>
  </library_visual_scenes>
  <scene>
    <instance_visual_scene url="#Scene"/>
  </scene>
</COLLADA>