<?xml version="1.0" encoding="utf-8"?>
<COLLADA xmlns="http://www.collada.org/2005/11/COLLADASchema" version="1.4.1" xmlns:xsi="http://www.w3.org/2001/XMLSchema-instance">
  <asset>
    <contributor>
      <author>Blender User</author>
      <authoring_tool>Blender 4.2.9 LTS commit date:2025-04-14, commit time:12:24, hash:a10f621e649a</authoring_tool>
    </contributor>
    <created>2026-08-01T08:03:47</created>
    <modified>2026-08-01T08:03:47</modified>
    <unit name="meter" meter="1"/>
    <up_axis>Z_UP</up_axis>
  </asset>
  <library_effects>
    <effect id="tire_002-effect">
      <profile_COMMON>
        <newparam sid="tire_rubber_png-surface">
          <surface type="2D">
            <init_from>tire_rubber_png</init_from>
          </surface>
        </newparam>
        <newparam sid="tire_rubber_png-sampler">
          <sampler2D>
            <source>tire_rubber_png-surface</source>
          </sampler2D>
        </newparam>
        <technique sid="common">
          <lambert>
            <emission>
              <color sid="emission">0 0 0 1</color>
            </emission>
            <diffuse>
              <texture texture="tire_rubber_png-sampler" texcoord="UVMap"/>
            </diffuse>
            <index_of_refraction>
              <float sid="ior">1.5</float>
            </index_of_refraction>
          </lambert>
        </technique>
      </profile_COMMON>
    </effect>
    <effect id="rim_002-effect">
      <profile_COMMON>
        <newparam sid="tire_rim_png-surface">
          <surface type="2D">
            <init_from>tire_rim_png</init_from>
          </surface>
        </newparam>
        <newparam sid="tire_rim_png-sampler">
          <sampler2D>
            <source>tire_rim_png-surface</source>
          </sampler2D>
        </newparam>
        <technique sid="common">
          <lambert>
            <emission>
              <color sid="emission">0 0 0 1</color>
            </emission>
            <diffuse>
              <texture texture="tire_rim_png-sampler" texcoord="UVMap"/>
            </diffuse>
            <reflectivity>
              <float sid="specular">0.6</float>
            </reflectivity>
            <index_of_refraction>
              <float sid="ior">1.5</float>
            </index_of_refraction>
          </lambert>
        </technique>
      </profile_COMMON>
    </effect>
    <effect id="Colmesh_Material-effect">
      <profile_COMMON>
        <technique sid="common">
          <lambert>
            <emission>
              <color sid="emission">0 0 0 1</color>
            </emission>
            <diffuse>
              <color sid="diffuse">1 0 1 1</color>
            </diffuse>
            <transparent opaque="A_ONE">
              <color sid="alpha">0 0 0 0.15</color>
            </transparent>
            <index_of_refraction>
              <float sid="ior">1.5</float>
            </index_of_refraction>
          </lambert>
        </technique>
      </profile_COMMON>
    </effect>
  </library_effects>
  <library_images>
    <image id="tire_rim_png" name="tire_rim_png">
      <init_from>tire_rim.png</init_from>
    </image>
    <image id="tire_rubber_png" name="tire_rubber_png">
      <init_from>tire_rubber.png</init_from>
    </image>
  </library_images>
  <library_materials>
    <material id="tire_002-material" name="tire.002">
      <instance_effect url="#tire_002-effect"/>
    </material>
    <material id="rim_002-material" name="rim.002">
      <instance_effect url="#rim_002-effect"/>
    </material>
    <material id="Colmesh_Material-material" name="Colmesh_Material">
      <instance_effect url="#Colmesh_Material-effect"/>
    </material>
  </library_materials>
  <library_geometries>
    <geometry id="tire_stack_3_a50-mesh" name="tire_stack_3_a50">
      <mesh>
        <source id="tire_stack_3_a50-mesh-positions">
          <float_array id="tire_stack_3_a50-mesh-positions-array" count="24">-0.399 0 0.005423963 0.399 0 0.005423963 0.399 0 0.676176 -0.399 0 0.676176 0 -0.399 0.005423963 0 0.399 0.005423963 0 0.399 0.676176 0 -0.399 0.676176</float_array>
          <technique_common>
            <accessor source="#tire_stack_3_a50-mesh-positions-array" count="8" stride="3">
              <param name="X" type="float"/>
              <param name="Y" type="float"/>
              <param name="Z" type="float"/>
            </accessor>
          </technique_common>
        </source>
        <source id="tire_stack_3_a50-mesh-normals">
          <float_array id="tire_stack_3_a50-mesh-normals-array" count="12">0 -1 0 1 0 0 0 -1 0 1 0 0</float_array>
          <technique_common>
            <accessor source="#tire_stack_3_a50-mesh-normals-array" count="4" stride="3">
              <param name="X" type="float"/>
              <param name="Y" type="float"/>
              <param name="Z" type="float"/>
            </accessor>
          </technique_common>
        </source>
        <source id="tire_stack_3_a50-mesh-map-0">
          <float_array id="tire_stack_3_a50-mesh-map-0-array" count="24">1 0 0 1 0 0 1 0 0 1 0 0 1 0 1 1 0 1 1 0 1 1 0 1</float_array>
          <technique_common>
            <accessor source="#tire_stack_3_a50-mesh-map-0-array" count="12" stride="2">
              <param name="S" type="float"/>
              <param name="T" type="float"/>
            </accessor>
          </technique_common>
        </source>
        <vertices id="tire_stack_3_a50-mesh-vertices">
          <input semantic="POSITION" source="#tire_stack_3_a50-mesh-positions"/>
        </vertices>
        <triangles material="tire_002-material" count="4">
          <input semantic="VERTEX" source="#tire_stack_3_a50-mesh-vertices" offset="0"/>
          <input semantic="NORMAL" source="#tire_stack_3_a50-mesh-normals" offset="1"/>
          <input semantic="TEXCOORD" source="#tire_stack_3_a50-mesh-map-0" offset="2" set="0"/>
          <p>1 0 0 3 0 1 0 0 2 5 1 3 7 1 4 4 1 5 1 2 6 2 2 7 3 2 8 5 3 9 6 3 10 7 3 11</p>
        </triangles>
      </mesh>
    </geometry>
    <geometry id="tire_stack_3_a200-mesh" name="tire_stack_3_a200">
      <mesh>
        <source id="tire_stack_3_a200-mesh-positions">
          <float_array id="tire_stack_3_a200-mesh-positions-array" count="837">0.3796096 0.06476253 0.1226695 0.3544237 0.0534237 0.1978257 0.2907207 0.1019526 0.2286209 0.2398053 0.06983697 0.1941043 0.2186381 0.03839206 0.1184839 0.2500414 0.006186664 0.04497253 0.2934052 0.1011095 0.01266539 0.3572121 0.04614806 0.04327535 0.2665453 0.2756246 0.1173813 0.28847 0.2095857 0.1963675 0.1779837 0.1293128 0.12 0.1708433 0.1768266 0.04418426 0.28847 0.2095857 0.04363244 0.1651042 0.3181366 0.1978257 0.1378081 0.2704637 0.228 0.1153786 0.2171241 0.1958157 0.1010593 0.1983401 0.12 0.1328896 0.2719749 0.01235467 0.1701183 0.3171419 0.04214912 0.06631368 0.3776477 0.1226186 -0.006186664 0.2500414 0.04497253 0 0.3565685 0.1963675 -0.04745143 0.299597 0.227262 -0.0325663 0.2439512 0.1967222 -0.03482258 0.2198616 0.12 -0.04748541 0.2998114 0.01199996 0 0.3565685 0.04363244 -0.1174265 0.3614014 0.12 -0.1690021 0.3180345 0.1971758 -0.1726294 0.3161158 0.04327535 -0.2705301 0.27053 0.12 -0.2144878 0.2144877 0.228738 -0.1746824 0.1746823 0.1961112 -0.1543157 0.1595721 0.121516 -0.1773632 0.1700282 0.04464513 -0.2503218 0.1818695 0.01199996 -0.3236615 0.1579586 0.1971758 -0.3205681 0.160332 0.04217427 -0.3614014 0.1174265 0.12 -0.3102895 -0.005493581 0.2273346 -0.2419672 0.03647273 0.195372 -0.2092324 0.06798374 0.12 -0.2439512 0.0325663 0.0432778 -0.379761 -0.06014811 0.12 -0.3565685 0 0.1963675 -0.2198616 -0.03482258 0.12 -0.2996918 -0.05112832 0.0116384 -0.3573299 -0.04770183 0.0441519 -0.3205682 -0.1603319 0.1978257 -0.2209656 -0.1078391 0.1958157 -0.2171241 -0.1153786 0.04418426 -0.2690441 -0.275523 0.1226695 -0.2081941 -0.2204574 0.228 -0.1574035 -0.1574035 0.12 -0.2081942 -0.2204574 0.01199996 -0.2618654 -0.2472985 0.04327535 -0.2095857 -0.28847 0.1963675 -0.08558976 -0.2355386 0.1965591 -0.1078392 -0.2209656 0.04418426 -0.05984979 -0.377877 0.12 -0.05818796 -0.3574411 0.195837 -0.0388509 -0.3007273 0.228 -0.03482264 -0.2198616 0.12 -0.04234063 -0.2997287 0.01235467 -0.05660599 -0.3573965 0.04325699 0.03647273 -0.2419672 0.04462796 0.1174265 -0.3614014 0.12 0.1690019 -0.3180346 0.1971758 0.1419216 -0.2673729 0.2283546 0.1068981 -0.221224 0.1953548 0.1285325 -0.1857994 0.1226539 0.1378081 -0.2704638 0.01199996 0.1726292 -0.3161159 0.04327535 0.2665451 -0.2756248 0.1226186 0.174072 -0.175574 0.04327028 0.3236615 -0.1579586 0.1971758 0.2725083 -0.1347907 0.2276384 0.2165026 -0.1170443 0.1967222 0.2702704 -0.1377097 0.01126199 0.3196678 -0.1628789 0.04327076 0.3614014 -0.1174266 0.12 0.2092324 -0.0679838 0.12 0 0.22 0.13 0.11 0.1905255 0.11 0.215017 0.0694034 0.09999996 0.2209119 0.04740339 0.14 0.1905255 -0.11 0.13 0.11 -0.1905255 0.11 -0.04740339 -0.2209119 0.09999996 -0.0694034 -0.215017 0.14 -0.1905255 -0.11 0.13 -0.22 0 0.11 -0.1676136 0.1515085 0.09999996 -0.1515085 0.1676136 0.14 0.379761 -0.06014835 0.3408 0.3544237 0.0534237 0.4186257 0.2998114 0.04748541 0.4488 0.243475 0.03427898 0.4166157 0.2186381 0.03839206 0.339284 0.2444404 0.03871554 0.2632923 0.3008922 0.04765659 0.2328 0.3573299 0.04770171 0.264952 0.3410174 0.1788988 0.3434695 0.2597945 0.2490503 0.4186509 0.2175984 0.2104304 0.4484453 0.1519758 0.1986513 0.4158275 0.1779837 0.1293128 0.3408 0.1708433 0.1768266 0.2649843 0.2104305 0.2175983 0.2331547 0.2597944 0.2490503 0.2629491 0.1683269 0.3445016 0.3381814 0.1010593 0.1983401 0.3408 0.05670899 0.3580465 0.4154975 0.05112844 0.2996918 0.4491616 0.04008436 0.2413951 0.265428 0.04748547 0.2998114 0.2328 0.06245225 0.3546934 0.2636241 -0.05363148 0.3796564 0.3434186 -0.0325663 0.2439512 0.4175222 0 0.22 0.3408 -0.1690021 0.3180345 0.4179759 -0.1378082 0.2704637 0.4488 -0.1005579 0.1973561 0.3408 -0.112153 0.2201126 0.2646888 -0.1328897 0.2719749 0.2324452 -0.1657955 0.3219655 0.2649629 -0.2637127 0.2792461 0.3408 -0.1746824 0.1746823 0.4169112 -0.3240399 0.1565802 0.4186509 -0.2968004 0.09065997 0.4481346 -0.1974311 0.103573 0.3392545 -0.2219478 0.1063575 0.2640779 -0.2934052 0.1011095 0.2334654 -0.3205681 0.160332 0.2629743 -0.3774847 0.07090854 0.3408 -0.2419199 0.0383163 0.4169206 -0.3543545 -0.05612415 0.4175292 -0.2198616 -0.03482258 0.3408 -0.2367481 -0.07431757 0.2665025 -0.3565685 0 0.2644324 -0.3438224 -0.1751861 0.3408 -0.2661296 -0.1453319 0.4488 -0.2221992 -0.1053237 0.4169237 -0.2704638 -0.137808 0.2328 -0.3181366 -0.1651041 0.2629743 -0.2618654 -0.2472985 0.4175246 -0.1369869 -0.1796568 0.343454 -0.168327 -0.3445016 0.3381814 -0.1298793 -0.274003 0.4488 -0.08692872 -0.234636 0.4162926 -0.1430854 -0.1969401 0.2644324 -0.1378082 -0.2704637 0.2328 -0.169002 -0.3180345 0.2636241 -0.1101858 -0.3391168 0.4171675 -0.03427904 -0.243475 0.2649843 0 -0.38 0.3408 0.0534237 -0.3544237 0.4186257 0.1073673 -0.2898036 0.4488 0.02849066 -0.2205333 0.3408 0.09561431 -0.294271 0.2328 0.05021053 -0.3566322 0.2636241 0.1683268 -0.3445016 0.3434186 0.07522445 -0.231517 0.4171675 0.1153785 -0.2171242 0.2649843 0.2095856 -0.2884702 0.4171675 0.2021954 -0.1438394 0.4150975 0.1557623 -0.1595134 0.3392545 0.2095856 -0.2884702 0.2644324 0.3074263 -0.2233585 0.3408 0.3236615 -0.1579586 0.4179758 0.2719749 -0.1328897 0.4491547 0.2178383 -0.1109942 0.2660724 0.2673729 -0.1419218 0.2324452 0.3205681 -0.1603321 0.2629743 0.2092324 -0.0679838 0.3408 0 0.22 0.3508 0.11 0.1905255 0.3308 0.215017 0.0694034 0.3208 0.2209119 0.04740339 0.3608 0.1905255 -0.11 0.3508 0.11 -0.1905255 0.3308 -0.04740339 -0.2209119 0.3208 -0.0694034 -0.215017 0.3608 -0.1905255 -0.11 0.3508 -0.22 0 0.3308 -0.1676136 0.1515085 0.3208 -0.1515085 0.1676136 0.3608 0.379761 -0.06014835 0.5616 0.3544237 0.0534237 0.6394258 0.2998114 0.04748541 0.6696 0.243475 0.03427898 0.6374158 0.2186381 0.038392 0.560084 0.2398053 -0.06983709 0.4874957 0.299597 -0.04745155 0.452862 0.3573299 0.04770171 0.485752 0.3614014 0.1174264 0.5616 0.2158141 0.117855 0.4854763 0.2501192 0.1817222 0.4549109 0.2637126 0.2792461 0.5616 0.28847 0.2095857 0.6379676 0.1868003 0.2449866 0.6689791 0.1519758 0.1986513 0.6366276 0.1779837 0.1293128 0.5616 0.2597944 0.2490503 0.4837492 0.1625797 0.3190808 0.6403697 0.1010593 0.1983401 0.5616 0.07681447 0.2364107 0.4860098 0.1174265 0.3614014 0.5616 0.04398381 0.3008234 0.4532384 0.06505382 0.3545815 0.485752 -0.05984979 0.377877 0.5616 0 0.3565685 0.6379676 -0.08348023 0.297565 0.6696 -0.03427904 0.243475 0.6374158 0 0.22 0.5616 -0.1701185 0.3171418 0.639451 -0.104076 0.1960734 0.560084 -0.112153 0.2201126 0.4854888 -0.1916667 0.2424412 0.4536001 -0.1642772 0.322412 0.4848571 -0.2637126 0.2792461 0.5616 -0.1708434 0.1768266 0.6374158 -0.3196678 0.1628789 0.6383293 -0.2692243 0.1412359 0.6699616 -0.1960734 0.1040759 0.5631161 -0.2219478 0.1063575 0.4848779 -0.3205681 0.160332 0.4837743 -0.3774847 0.07090854 0.5616 -0.2504593 0.008615255 0.6381593 -0.3079968 -0.007125079 0.454221 -0.3572121 -0.04614818 0.6383247 -0.294271 -0.09561437 0.6696 -0.2206038 -0.03225469 0.5600546 -0.2367481 -0.07431757 0.4873026 -0.3565685 0 0.4852325 -0.3614015 -0.1174263 0.5616 -0.3181366 -0.1651041 0.4837743 -0.2637126 -0.2792462 0.5616 -0.2884701 -0.2095856 0.6379676 -0.1773632 -0.1700282 0.6369549 -0.1779838 -0.1293127 0.5616 -0.1818696 -0.2503218 0.4536001 -0.1625798 -0.3190807 0.6403697 -0.1419218 -0.2673729 0.6692454 -0.09745246 -0.1994483 0.560084 -0.1430854 -0.1969401 0.4852325 -0.1630235 -0.3233779 0.485763 -0.05984979 -0.377877 0.5616 -0.006186723 -0.2500414 0.6366276 -0.0325663 -0.2439512 0.4848778 0 -0.3565685 0.6379676 0.09065991 -0.2968005 0.6702654 0 -0.22 0.5616 0.05112838 -0.2996918 0.4532384 0.05612415 -0.3543545 0.4848708 0.1645137 -0.3470706 0.5616 0.1690019 -0.3180346 0.638776 0.1010593 -0.1983401 0.5616 0.1153785 -0.2171242 0.4857844 0.1986513 -0.1519759 0.6366276 0.2175983 -0.2104305 0.4539547 0.2095856 -0.2884702 0.4852325 0.3074263 -0.2233585 0.5616 0.3236615 -0.1579586 0.638776 0.2704637 -0.1378082 0.6696 0.1998394 -0.09884655 0.5631455 0.3205681 -0.1603321 0.4837743 0 0.22 0.5716001 0.11 0.1905255 0.5516001 0.215017 0.0694034 0.5416001 0.2209119 0.04740339 0.5816001 0.1905255 -0.11 0.5716001 0.11 -0.1905255 0.5516001 -0.04740339 -0.2209119 0.5416001 -0.0694034 -0.215017 0.5816001 -0.1905255 -0.11 0.5716001 -0.22 0 0.5516001 -0.1676136 0.1515085 0.5416001 -0.1515085 0.1676136 0.5816001</float_array>
          <technique_common>
            <accessor source="#tire_stack_3_a200-mesh-positions-array" count="279" stride="3">
              <param name="X" type="float"/>
              <param name="Y" type="float"/>
              <param name="Z" type="float"/>
            </accessor>
          </technique_common>
        </source>
        <source id="tire_stack_3_a200-mesh-normals">
          <float_array id="tire_stack_3_a200-mesh-normals-array" count="1620">0.5678408 0.2471543 0.7851572 -0.3380216 -0.1611672 -0.9272359 0.5839452 0.2472974 -0.7732089 -0.6193427 -0.6901991 -0.374219 0.6140403 0.6699165 -0.4173328 0.4536768 0.8850321 0.1043827 -0.1566748 -0.3689693 -0.9161412 0.2008549 0.8792628 0.4319191 -0.1422806 -0.8983246 -0.4156551 0.2027708 0.8902605 -0.4078238 -0.121304 0.5493561 0.8267365 -0.173287 0.3560199 0.9182708 -0.1891601 0.3253177 -0.9264917 -0.4507703 0.4355175 0.7791859 -0.8501145 0.5045673 0.1507222 -0.8478024 0.503195 -0.1674093 -0.5438326 0.1090372 0.8320799 0.9227076 -0.09539949 -0.3735097 -0.561884 -0.1187179 0.8186528 0.9780461 0.1428001 0.1517699 0.4119334 0.0691294 -0.9085879 -0.8862849 -0.4545059 0.08901435 0.8124663 0.413972 -0.410519 -0.6757498 -0.5903018 0.4414816 -0.4222987 -0.3751501 0.8251826 0.6825362 0.7241407 0.09881615 0.2924479 0.30269 -0.9071125 0.4139722 0.8124663 -0.4105189 0.06376814 0.4190478 -0.9057221 -0.1778086 0.8860829 -0.4280667 0.4906319 -0.8576421 0.154047 -0.4317824 0.8921508 -0.1327812 -0.1882421 0.3715396 -0.9091332 -0.6825305 0.7161563 0.1458507 0.8491381 -0.5066784 0.1491361 -0.7499089 0.5227951 0.4053664 -0.3685471 0.162611 -0.9152762 0.8457068 -0.5097058 -0.1580507 -0.6914657 0.07120805 -0.7188912 0.9571594 -0.1698797 -0.2344924 -0.6256999 -0.7439845 -0.2344925 -0.3314595 0.9138644 -0.2344921 0.983357 0.1583838 0.08901435 0.783346 0.3788598 0.4927822 0.795749 0.3807849 -0.470942 -0.6193426 -0.690199 -0.3742192 0.4142221 0.7851145 0.4604511 -0.29096 -0.5489202 0.7836 0.4126937 0.7739843 -0.4802417 0.1574574 0.9860165 0.05457562 -0.1953116 -0.9112709 -0.3625447 0.08976191 -0.5901654 0.8022766 -0.128561 0.8777154 -0.4616141 -0.4307426 0.8992124 0.07666724 0.1772191 -0.3716312 0.9113088 0.4322057 -0.8881175 0.1563509 -0.4302579 0.9014427 -0.04774099 0.4943746 -0.4399273 0.749705 0.6288016 -0.6563893 0.4168472 -0.8751959 0.47794 0.07487052 -0.8740357 0.4773063 -0.09077656 0.3961684 -0.04475998 -0.9170862 -0.8848218 0.1948258 -0.4232413 -0.9880508 -0.1351513 0.07409405 0.9788079 0.1343865 0.1545165 -0.7880083 -0.3812453 0.4834201 -0.5495833 -0.2659041 0.7919932 0.7921822 0.4456493 -0.4169461 0.68947 0.7208946 0.07030016 0.7785301 0.5978854 -0.1908505 -0.4734831 -0.783737 0.401958 -0.2935241 -0.4880861 0.8219584 0.1754997 0.3996792 -0.8996979 0.2165727 0.84499 0.4889663 0.2090033 0.8745103 -0.4376635 0.20035 -0.9632298 0.1790202 -0.01381945 0.4710461 0.8820003 -0.0198329 0.9878383 0.1542146 -0.07031661 0.3993585 -0.9140943 0.3543223 -0.8293983 0.4319189 0.2491588 -0.5726793 0.7809984 -0.3968544 0.8171455 -0.4180668 0.3609731 -0.8391951 -0.4067556 0.9039804 -0.4006438 0.1493445 -0.8011284 0.4741722 -0.3651768 0.8701484 -0.1492999 -0.4696289 0.9571594 -0.1698797 -0.2344925 -0.6256999 -0.7439845 -0.2344927 -0.3314595 0.9138643 -0.2344923 0.9800133 0.101324 0.1711941 -0.851534 -0.3746404 -0.3667894 0.5525783 0.2597975 -0.7919358 0.3987796 0.4408497 0.8041308 -0.1928563 -0.8998146 -0.3913316 -0.1343547 0.6091213 0.7816138 -0.1209676 0.875377 -0.4680619 -0.4339368 0.8969157 0.08509445 0.4334157 -0.8880811 0.1531755 -0.4347866 0.8986721 -0.05787122 0.4308167 -0.5101574 0.7444035 -0.874368 0.477488 0.08651924 0.8984916 -0.4247738 0.110816 -0.8740356 0.4773064 -0.09077638 -0.8697428 0.1562082 0.4681309 0.6920067 -0.07427549 0.7180598 0.887784 -0.1693524 0.4279713 0.3862823 -0.04400712 -0.9213303 -0.8848218 0.1948258 -0.4232413 -0.9876178 -0.08433932 0.1322799 -0.5790929 -0.2452661 0.7774934 0.3452798 0.1350177 0.9287369 0.8425832 0.3636695 -0.3972378 -0.3056069 -0.1560965 -0.9392754 0.4859034 0.4294229 0.7612448 0.3459768 0.2793873 -0.8956801 -0.6269111 -0.6203145 -0.4713729 0.4217552 0.9019012 0.09325671 -0.1997006 -0.8920542 0.4054123 0.08428317 0.6910188 0.7179062 0.197381 0.9088354 -0.3675038 0.1389779 -0.6256321 0.767639 -0.06912928 0.4119334 -0.908588 0.1353796 -0.9859708 -0.09764194 -0.4318082 0.9019552 0.004299342 0.3576872 -0.8308038 -0.4264093 -0.4407534 0.5015619 0.7444273 -0.3024268 0.2661219 -0.9152689 0.9039805 -0.4006438 0.1493444 0.3553149 -0.1849109 -0.9162747 0.8701484 -0.1492999 -0.4696289 0.9571593 -0.1698797 -0.2344926 -0.6256999 -0.7439844 -0.2344928 -0.3314595 0.9138643 -0.2344925 -0.8925839 -0.4150828 -0.1760689 -0.8371071 -0.3808533 0.3926863 0.8721393 0.46373 -0.1559721 0.3040773 0.279286 0.9107889 0.6070345 0.6844586 0.4037643 -0.3783891 -0.3297092 0.8649356 -0.6378228 -0.7107936 0.2965715 0.3116928 0.3306927 -0.8907805 -0.4699655 -0.4428865 -0.7635338 0.0646041 0.4335878 0.8987925 -0.3809829 -0.9202355 -0.08954739 0.4504607 0.8885455 -0.08701723 -0.08333343 -0.4889054 0.8683472 -0.149219 -0.9421316 0.3002027 0.1050287 0.4858248 -0.867723 -0.09126806 -0.6015139 -0.7936316 -0.2046586 0.9053935 0.3719912 -0.2102632 0.9006415 -0.3803082 -0.130401 0.5636776 -0.8156367 0.2415207 -0.4591858 0.854878 -0.50532 0.8513822 0.1407129 0.4338803 -0.8526234 0.2911721 0.4153336 -0.8877323 -0.1985684 0.287124 -0.4937961 -0.8208076 0.4672461 -0.2320329 0.8531365 -0.5054451 0.851593 -0.1389763 -0.6384764 0.6168721 0.4602354 -0.465249 0.447219 -0.7638969 -0.6436557 0.6144667 -0.4562213 -0.3426176 0.1432862 0.9284839 0.8800327 -0.4295114 0.202639 0.8820505 -0.425257 -0.2028385 -0.9176756 0.1893893 0.3492894 0.3784676 -0.1742914 -0.9090571 -0.4863278 0.07766562 -0.870318 0.9270249 -0.09584581 0.3625445 0.6325815 -0.1328537 -0.7630141 -0.9585285 0.09910297 -0.2672111 -0.4060159 -0.2212856 -0.88667 -0.8852207 -0.1949228 0.4223618 0.3925353 0.05994671 0.9177812 0.9727867 0.1754696 -0.1513158 -0.332786 -0.1551747 0.9301474 0.5907954 0.2829321 0.755586 0.8124663 0.413972 0.410519 0.5369449 0.2884473 -0.7927726 -0.8628856 -0.4465149 -0.2367551 -0.4010582 -0.8822554 0.2465311 0.2711524 0.2927905 0.9169243 0.6872792 0.711349 -0.1470708 -0.1945257 -0.4103861 0.8909226 -0.2006246 -0.4237049 -0.8833029 0.2692995 0.5681346 0.7776251 0.4087237 0.8021655 0.4352877 0.2595955 0.5395495 -0.8009347 -0.4281214 -0.8684909 -0.2498712 0.1540371 -0.9017885 0.4037947 0.1428005 0.978046 -0.1517697 0.08823513 -0.4874502 0.8686811 -0.09906876 0.5279588 0.8434718 -0.1945712 0.9033361 0.3822644 0.09257924 -0.5137223 -0.8529469 -0.09618121 0.5822865 -0.8072742 0.1614481 -0.8963533 -0.4128987 0.3550122 -0.3449744 0.8688837 0.495011 -0.8560009 -0.1490856 0.6313033 -0.6099422 0.478985 -0.3487013 0.3554769 0.8672045 0.3726566 -0.3576083 -0.8562962 -0.4323203 0.4269549 -0.7942347 -0.9157419 0.3838576 -0.1186181 0.6451789 -0.619095 -0.4477339 0.9162273 -0.1344978 0.3774094 0.4128805 -0.03553932 0.9100916 -0.5782937 0.0411058 0.8147925 -0.968156 0.08893954 0.2340164 0.4081922 -0.03418153 -0.9122558 -0.9049512 0.07404398 -0.4190237 0.9637612 -0.09265387 -0.2501593 0.7439845 0.6257 0.2344924 0.1698797 -0.9571594 0.2344924 -0.9138643 0.3314595 0.2344923 0.06640321 0 0.9977928 -0.05750685 0.03320157 -0.9977929 0.4237399 0.2157104 0.8797236 0.9850279 0.1603555 -0.06329673 -0.4023202 -0.2196928 0.8887483 -0.8795394 -0.3976364 0.2613344 -0.8646794 -0.4582528 -0.2057519 -0.4342191 -0.229321 -0.8711289 0.4005486 0.215075 -0.890676 0.2380455 0.4681543 0.8509793 0.6892054 0.7209969 0.07182949 -0.6075971 -0.6771101 0.4151476 0.6915156 0.7188361 -0.07127994 -0.2266331 -0.4529038 -0.8622735 -0.4380443 -0.8860491 -0.1517699 0.2361983 0.4467343 -0.8629246 -0.204833 -0.9556944 0.211404 -0.08719515 -0.389516 0.9168829 -0.07958507 0.5038136 0.8601384 0.1539466 0.9844993 -0.08403259 -0.1475448 0.8623171 0.4843962 0.2089156 -0.9277598 -0.3092184 0.2041238 -0.9064804 0.3696306 0.07788699 -0.4936571 -0.8661618 -0.07775366 0.5071507 -0.8583429 -0.3155825 0.2756951 0.9079647 -0.6349815 0.6117187 0.4718037 0.6969471 -0.6713292 -0.2521547 0.3886543 -0.3701496 -0.8437637 -0.3452776 0.3413773 -0.874211 0.9803922 -0.0827105 -0.1788578 -0.6334739 0.6124035 -0.4729407 0.3552488 -0.1750981 0.918226 0.8879718 -0.4378196 0.140784 -0.8759307 0.1223765 0.4666576 -0.6291151 0.0855872 0.7725861 0.9057354 -0.1423392 0.3992279 0.5405051 0.07422566 0.8380602 -0.5914912 0.1255679 -0.7964739 -0.374814 -0.04610216 0.9259531 -0.4878137 -0.1058974 -0.8665009 0.6428174 0.06385087 -0.7633537 -0.9197331 -0.2111672 -0.3309072 0.3392703 0.3506419 0.8728951 0.7750408 0.451581 0.4420257 -0.6923955 -0.7186602 0.06415516 -0.2761099 -0.2923736 0.9155769 0.3876466 0.3876462 -0.8363376 0.8695222 0.470041 0.1516332 -0.3517931 -0.3467561 -0.8694837 -0.675688 -0.6966208 -0.2411748 -0.08991765 -0.9262166 0.3661115 0.3840712 0.8953509 -0.2254687 -0.02693271 -0.4043959 0.9141873 -0.08809763 -0.5003436 -0.8613334 0.04059267 0.6094996 0.7917464 0.06623053 0.6493673 -0.7575855 -0.1901419 -0.9257323 -0.3269032 -0.5576686 0.8116918 0.1736727 -0.1713745 0.9733104 -0.1526355 0.2061062 -0.965642 -0.1582899 -0.2343547 0.3606959 0.9027603 0.697749 -0.6121839 0.3719909 0.2468452 -0.5678557 -0.7852435 0.285458 -0.3015109 0.909728 -0.3900491 0.4378556 -0.8100273 -0.4460439 0.466187 0.7640122 -0.7108694 0.6877933 -0.1469864 0.3780718 -0.3372654 -0.8621565 0.6984801 -0.6092379 -0.3754393 0.48842 -0.07366561 0.8694937 -0.7968509 0.4588711 0.3930215 0.9007369 -0.3992062 -0.1711938 0.8724879 -0.1284217 0.4714581 -0.4487506 0.09642684 0.8884395 -0.9470202 0.08813709 0.3088441 -0.9440544 0.07890975 -0.3202099 -0.4826045 0.06954216 -0.8730732 0.493501 -0.07897281 -0.8661525 0.7439845 0.6256999 0.2344926 0.1698797 -0.9571594 0.2344925 -0.9138643 0.3314595 0.2344924 0.06640321 0 0.9977928 -0.05750685 0.03320157 -0.9977929 -0.5402107 -0.1091695 -0.8344186 -0.9870081 -0.1272171 -0.09813624 0.8404445 0.5073676 0.190345 0.3772802 0.08969444 -0.9217454 0.9839887 0.101735 -0.1463432 0.3496492 0.2029461 0.9146356 -0.4385325 -0.2399592 0.8660882 -0.8795396 -0.3976363 0.2613342 0.8317839 0.5021392 -0.2366261 -0.6396316 -0.7491558 -0.1721542 0.5985877 0.6788888 0.4252091 -0.6075974 -0.6771101 0.4151473 0.227847 0.4369682 -0.8701406 -0.2593994 -0.2999992 -0.9179937 0.4812605 0.8569341 0.1845326 -0.3129829 -0.5525454 -0.7724864 0.4603078 0.8196257 -0.3410725 0.09064751 0.9753655 0.2011101 0.07689303 0.3844071 0.9199558 -0.1184186 -0.507076 0.8537277 -0.2051779 -0.9573042 0.2036433 0.2166563 -0.9220983 -0.3206163 0.09146791 0.9841927 -0.1516521 -0.2028166 0.8904421 0.4074045 0.2028061 -0.9057474 0.3721442 0.1472709 -0.5993095 -0.7868542 -0.09835129 0.3913128 -0.9149871 -0.3791433 0.3613644 0.8518604 0.1828072 -0.3745781 0.9089955 -0.6367121 0.6138637 0.4666574 0.6973076 -0.6716876 -0.250196 0.6532375 -0.6398978 0.4047365 -0.4174317 0.04275715 0.9077019 0.2902705 -0.2752426 -0.9165067 -0.4677621 0.4561124 -0.7570734 -0.6321053 0.6126972 -0.4743891 0.3639131 -0.1681938 0.9161213 0.64986 -0.3046509 -0.6963261 -0.3107658 0.1425188 -0.9397409 0.9819527 -0.08272051 -0.170077 -0.9034401 -0.2069813 -0.3754392 -0.5233864 0.1098346 -0.844987 -0.5466929 -0.1199368 -0.828699 -0.8404446 -0.5073674 0.1903451 0.8946282 0.3961398 0.2066734 -0.3013834 -0.2692148 0.9147083 0.6362618 0.3317579 -0.6964966 -0.8454355 -0.5103804 -0.157324 -0.5985879 -0.6788885 0.4252094 0.6116846 0.7098971 -0.3491244 0.6137512 0.6966957 0.3713818 -0.05562633 -0.4080556 0.9112609 -0.4539426 -0.454507 -0.7663939 -0.4331831 -0.895358 0.1033746 0.1729462 0.3662522 0.9143025 0.3827139 0.9012613 -0.2031208 0.1705322 0.4076745 -0.897062 -0.4348735 -0.898852 -0.05431497 -0.07482349 -0.5045748 -0.8601195 0.1853665 0.9068884 0.3784081 0.1328538 0.6325815 -0.7630141 0.2080344 -0.9193988 0.3338077 -0.1261051 -0.8788959 -0.460043 -0.1724604 0.9587184 -0.2260893 -0.1962754 0.9157676 0.3504933 0.2088208 -0.3822219 -0.9001668 -0.1605358 0.3353251 0.9283239 -0.2830193 0.5342154 -0.7965638 0.6588663 -0.6365725 0.4008374 0.2800056 -0.3128588 0.9075881 -0.7539797 0.6387374 -0.1533919 -0.6394129 0.6279362 0.4436747 0.6984801 -0.6092379 -0.3754393 0.4213443 -0.3743336 -0.8260408 0.4782684 -0.07575035 0.8749407 -0.5569112 0.2749412 -0.7837457 0.9007369 -0.3992062 -0.1711938 0.872488 -0.1284214 0.4714581 -0.4314035 0.1000261 0.8965967 -0.9411509 0.1358219 0.3094952 -0.8957793 0.1131133 -0.4298661 0.6127215 -0.1008229 -0.7838413 0.7439845 0.6256998 0.2344927 0.1698797 -0.9571593 0.2344927 -0.9138643 0.3314595 0.2344926 0.06640309 0 0.9977928 -0.05750674 0.03320151 -0.9977929 -0.8941538 -0.3963396 -0.2083358 0.8694992 0.3664359 -0.331204 0.3296352 0.3629157 0.8715692 -0.3894316 -0.3502442 0.8518639 -0.7579522 -0.6416736 0.117318 0.2941958 0.2747108 -0.915414 0.1058974 0.4878135 0.8665009 -0.08147233 -0.4961892 0.8643834 -0.1703512 -0.9484735 0.2671675 0.06973862 0.4404891 -0.8950452 -0.08912903 0.9759759 0.1988139 -0.08376288 0.9780691 -0.1906951 0.2049344 -0.4282185 0.8801311 0.4221363 -0.8683752 0.2602414 0.4338858 -0.8661898 -0.2479079 0.1986565 -0.4213758 -0.8848605 0.5263556 -0.2344413 0.8173047 0.8100171 -0.4909964 0.3206164 0.8173666 -0.4849477 -0.3110269 -0.9712443 0.1004176 0.2158722 -0.4161535 0.08958309 -0.9048708 -0.9074886 0.1566575 -0.3897728 -0.4884876 -0.2299403 -0.8417288 -0.855285 -0.4076665 -0.3198367 -0.4293967 -0.8826058 0.1913774 -0.1941688 -0.4329885 0.8802384 -0.2542709 -0.4739057 -0.8430657 -0.445325 -0.8301794 -0.3353921 0.08942204 -0.9621797 0.2573205 0.08395892 -0.5130696 0.8542309 -0.02551001 0.4193789 0.9074528 -0.07232141 0.9854468 0.1538323 0.07718443 -0.4856842 -0.87072 0.08952087 -0.9632427 -0.2532777 0.3589571 -0.3468112 0.8665286 -0.3608312 0.360048 0.8603292 0.3383097 -0.3424388 -0.8765171 -0.7689356 0.5182636 -0.374354 0.9479134 -0.09917062 0.3026968 0.4855529 -0.07334023 0.8711255 -0.4649057 0.07033312 0.8825621 -0.9772173 0.1242619 0.1720616 0.5083532 -0.0912888 -0.8562963 0.9039961 -0.1623621 -0.3955119 0.1549193 -0.08944272 0.9838699 0.1433289 -0.2308183 0.9623823 -0.208751 0.1205224 0.9705139 0.12823 0.2395356 0.9623823 -0.241045 0 0.9705139 -0.271559 -0.008717298 0.9623823 -0.1788855 0 -0.9838699 -0.2395356 -0.12823 -0.9623823 0.008717298 0.271559 -0.9623823 0.2308183 -0.1433289 -0.9623823 0.4534711 0.2192438 0.8638844 -0.4438917 -0.2220733 0.8681265 -0.8648735 -0.480746 0.1444891 -0.8732225 -0.385483 -0.2981362 -0.4537663 -0.2312617 -0.8605895 0.4821549 0.2251393 -0.8466634 0.2308709 0.4235387 0.8759644 -0.2266385 -0.4530457 -0.8621975 0.2196263 0.4315215 -0.8749591 -0.2338113 -0.958581 0.1626492 -0.0800054 0.5045649 0.8596589 0.1365447 -0.9696871 -0.2026389 0.0747444 -0.5047885 -0.8600011 -0.076083 0.5039676 -0.8603651 -0.3482981 0.3381114 0.874282 0.6648917 -0.681771 -0.305135 0.387855 -0.3698177 -0.8442768 -0.3237742 0.2988024 -0.8977124 0.9374568 -0.155417 -0.3114809 0.544884 0.07317149 0.8353128 -0.3938634 -0.03526157 -0.9184924 -0.9804467 -0.1341112 -0.1440082 0.3252972 0.3444582 0.880642 0.3536007 0.2851296 -0.8908803 0.8635292 0.3679247 0.3448895 -0.3424035 -0.3424033 -0.8749399 -0.6798996 -0.6643432 -0.3104588 -0.2047028 -0.9547464 0.2157687 -0.049923 -0.4485995 0.8923375 -0.04259341 -0.4176137 -0.9076258 -0.1603876 -0.9109091 -0.3801583 -0.3988759 0.8411972 0.3650826 0.645771 -0.7371925 0.198814 0.3671641 -0.326321 0.8710368 -0.3613 0.3576343 -0.8611388 0.2690595 -0.3054643 -0.9133995 0.64266 -0.74204 -0.1906952 0.4886382 -0.07378393 0.869361 -0.5085529 0.0801683 0.8572905 -0.9654089 0.2225792 0.1358093 -0.9638339 0.1674147 -0.2073562 -0.5186848 0.09329861 -0.8498597 0.474503 -0.08225703 -0.8764021 0.1549193 -0.08944272 0.9838699 0.1433288 -0.2308182 0.9623824 -0.208751 0.1205224 0.9705139 0.1282299 0.2395354 0.9623824 -0.241045 0 0.9705139 -0.2715588 -0.008717238 0.9623823 -0.1788855 0 -0.9838699 -0.2395354 -0.1282299 -0.9623824 0.008717238 0.2715588 -0.9623823 0.2308182 -0.1433288 -0.9623824 -0.4799993 -0.07076215 -0.8744103 0.8525592 0.3635768 0.3754392 0.4568939 0.2010565 0.8665012 -0.4525287 -0.2562536 0.8541381 -0.8648736 -0.4807459 0.1444891 0.8235527 0.3948872 -0.4072161 -0.6522878 -0.7269134 -0.2147499 0.2144311 0.3583689 -0.9086204 0.4384623 0.8162491 -0.3761491 0.203515 0.9063469 0.3702929 0.07404172 0.3801856 0.9219418 -0.1111505 -0.5808945 0.8063543 -0.2303115 -0.9598267 0.1602792 0.08557671 -0.9881318 -0.1275627 0.04014796 -0.4367615 -0.898681 -0.0720036 0.5366879 -0.8407031 -0.2519028 0.3014282 0.9196119 0.67142 -0.6810494 -0.2921763 -0.5011147 0.08998858 0.8606893 0.9355847 -0.1612886 -0.3141134 -0.978157 -0.08353137 -0.1903453 -0.8522241 -0.3592775 0.3803076 0.9147924 0.3732675 0.1543574 -0.3276264 -0.3574969 0.874561 0.7811508 0.5996029 -0.1740106 -0.09233063 -0.4571096 0.8846049 -0.09055364 -0.4207499 -0.9026459 0.1341094 -0.9767205 0.1674267 -0.2017111 0.9411294 -0.2712711 0.2063265 -0.4758936 -0.8549588 0.6354846 -0.7341144 0.2392393 0.3653658 -0.3530032 0.8613342 -0.675771 0.6755078 -0.2949963 0.6425247 -0.7422471 -0.1903454 0.4884236 -0.07375276 0.8694843 -0.5086039 0.08055502 0.857224 -0.9612028 0.230681 0.1512464 0.1549191 -0.08944261 0.98387 0.1433287 -0.2308179 0.9623825 -0.2087507 0.1205223 0.9705141 0.1282298 0.2395353 0.9623825 -0.2410447 0 0.970514 -0.2715586 -0.008717298 0.9623824 -0.1788852 0 -0.98387 -0.2395353 -0.1282298 -0.9623825 0.008717298 0.2715586 -0.9623824 0.2308179 -0.1433287 -0.9623825</float_array>
          <technique_common>
            <accessor source="#tire_stack_3_a200-mesh-normals-array" count="540" stride="3">
              <param name="X" type="float"/>
              <param name="Y" type="float"/>
              <param name="Z" type="float"/>
            </accessor>
          </technique_common>
        </source>
        <source id="tire_stack_3_a200-mesh-map-0">
          <float_array id="tire_stack_3_a200-mesh-map-0-array" count="3240">0.65 0.625 0.6034169 0.75 0.5737997 0.625 0.6777775 0.125 0.6033373 0.25 0.5536646 0.125 0.6033373 0.25 0.65 0.375 0.5703836 0.375 0.725 0 0.6777775 0.125 0.65 0 0.7215951 0.375 0.6776999 0.5 0.65 0.375 0.7723 0.5 0.7237998 0.625 0.6776999 0.5 0.8036645 0.125 0.7277 0.25 0.6777775 0.125 0.7723 0.5 0.8 0.625 0.7237998 0.625 0.825 0 0.8036645 0.125 0.725 0 0.8 0.375 0.7723 0.5 0.7215951 0.375 0.8777776 0.625 0.8249999 0.75 0.8 0.625 0.8777776 0.625 0.925 0.75 0.8249999 0.75 0.9495957 0.25 0.8796165 0.375 0.825 0.25 0.9777775 0.625 0.925 0.75 0.8777776 0.625 1 0.5 0.9777775 0.625 0.925 0.5 0.9762002 0.375 1 0.5 0.925 0.5 0.04999995 0.625 0.05246984 0.75 0 0.625 0.07499998 0 0.02893698 0.125 0 0 0.1237998 0.625 0.05246984 0.75 0.04999995 0.625 0.1222224 0.875 0.07499998 1 0.02620023 0.875 0.1277775 0.125 0.0769267 0.25 0.02893698 0.125 0.1769267 0.5 0.1237998 0.625 0.07499998 0.5 0.175 0 0.1277775 0.125 0.07499998 0 0.1769267 0.5 0.2 0.625 0.1237998 0.625 0.2 0.625 0.1796193 0.75 0.1237998 0.625 0.2440154 0.875 0.175 1 0.1222224 0.875 0.2277775 0.125 0.1796193 0.25 0.1277775 0.125 0.275 0 0.2277775 0.125 0.175 0 0.3237997 0.125 0.2777 0.25 0.2277775 0.125 0.3965883 0 0.3237997 0.125 0.275 0 0.4223001 0.5 0.3777775 0.625 0.35 0.5 0.3965883 0 0.4243029 0.125 0.3237997 0.125 0.4243029 0.125 0.375 0.25 0.3237997 0.125 0.471063 0.875 0.3965883 1 0.371595 0.875 0.5 0.5 0.4777776 0.625 0.4223001 0.5 0.471063 0.875 0.5 1 0.3965883 1 0.5536646 0.125 0.475 0.25 0.4243029 0.125 0.475 0.375 0.5 0.5 0.4223001 0.5 0.5536646 0.125 0.6033373 0.25 0.475 0.25 0.5028243 0.1149407 0.5144559 0.002824187 0.5493507 0.1378836 0.5028243 0.5487101 0.5144559 0.4365937 0.5493506 0.571653 0.5549991 0.1705233 0.5666307 0.002824187 0.6015255 0.1970155 0.6269268 0.5 0.5737997 0.625 0.525 0.5 0.6269268 0.5 0.671595 0.625 0.5737997 0.625 0.671595 0.375 0.6269268 0.5 0.571063 0.375 0.725 0 0.6777775 0.125 0.65 0 0.7277 0.5 0.775 0.625 0.671595 0.625 0.7730733 0.75 0.6963186 0.875 0.6723 0.75 0.7722225 0.375 0.7277 0.5 0.671595 0.375 0.8223 0.5 0.775 0.625 0.7277 0.5 0.8 0 0.7737998 0.125 0.725 0 0.8750001 0.75 0.821063 0.875 0.7730733 0.75 0.8756973 0.375 0.8223 0.5 0.7722225 0.375 0.9203806 0.5 0.8777776 0.625 0.8223 0.5 0.8750001 0.75 0.925 0.875 0.821063 0.875 0.925 0.875 0.875 1 0.821063 0.875 0.8756973 0.375 0.9203806 0.5 0.8223 0.5 0.9722999 0.75 0.925 0.875 0.8750001 0.75 0.925 0.875 0.9730733 1 0.875 1 1 0.5 0.9784049 0.625 0.9203806 0.5 0.9762002 0.375 1 0.5 0.9203806 0.5 0.09867286 0.125 0.0277 0.25 0 0.125 0.04999995 0.375 0.02038061 0.5 0 0.375 0.125 0.5 0.07499998 0.625 0.02038061 0.5 0.1203835 0.875 0.07499998 1 0.02499997 0.875 0.125 0.5 0.1703835 0.625 0.07499998 0.625 0.1703835 0.625 0.1296193 0.75 0.07499998 0.625 0.1965883 0 0.09867286 0.125 0.07499998 0 0.2437126 0.875 0.1965883 1 0.1203835 0.875 0.1965883 0 0.2 0.125 0.09867286 0.125 0.2276999 0.5 0.25 0.625 0.1703835 0.625 0.25 0.625 0.2296193 0.75 0.1703835 0.625 0.2777775 0.125 0.2249999 0.25 0.2 0.125 0.2437126 0.875 0.3203806 1 0.1965883 1 0.3203806 0 0.2777775 0.125 0.1965883 0 0.3723 0.5 0.3237997 0.625 0.3 0.5 0.3562484 0.75 0.35 0.875 0.2437126 0.875 0.35 0.875 0.3203806 1 0.2437126 0.875 0.3777775 0.125 0.3503902 0.25 0.2777775 0.125 0.3723 0.5 0.4 0.625 0.3237997 0.625 0.4 0.625 0.3562484 0.75 0.3237997 0.625 0.4230733 0 0.3777775 0.125 0.3203806 0 0.4 0.375 0.3723 0.5 0.3222225 0.375 0.525 0.5 0.4777776 0.625 0.45 0.5 0.5 0 0.475 0.125 0.4230733 0 0.571063 0.375 0.525 0.5 0.4762003 0.375 0.5028243 0.1149407 0.5144559 0.002824187 0.5493507 0.1378836 0.5028243 0.5487101 0.5144559 0.4365936 0.5493506 0.571653 0.5549991 0.1705233 0.5666306 0.002824187 0.6015255 0.1970155 0.6 0.5 0.5737997 0.625 0.525 0.5 0.65 0 0.6296165 0.125 0.5777 0 0.6503942 0.25 0.671595 0.375 0.571063 0.375 0.725 0.625 0.6965831 0.75 0.65 0.625 0.8 0 0.7503165 0.125 0.725 0 0.878405 0.625 0.8437516 0.75 0.8 0.625 0.875 0.375 0.825 0.5 0.7710631 0.375 0.9203806 0.5 0.878405 0.625 0.825 0.5 0.9222225 0.875 0.8777 1 0.8222225 0.875 0.875 0.375 0.9203806 0.5 0.825 0.5 0.9730733 0.75 0.9222225 0.875 0.8437516 0.75 1 0.5 0.975 0.625 0.9203806 0.5 1 0.875 0.9723001 1 0.9222225 0.875 0.9762002 0.375 1 0.5 0.9203806 0.5 0.02038061 0.5 0.07038348 0.625 0 0.625 0.1004043 0.75 0.04476916 0.875 0 0.75 0.04476916 0.875 0.07307326 1 0 1 0.09867286 0.125 0.0534169 0.25 0 0.125 0.04999995 0.375 0.02038061 0.5 0 0.375 0.1 0.5 0.07038348 0.625 0.02038061 0.5 0.15 0.625 0.1004043 0.75 0.07038348 0.625 0.1004043 0.75 0.171595 0.875 0.04476916 0.875 0.15 0 0.09867286 0.125 0.07307326 0 0.1995957 0.25 0.1262002 0.375 0.0534169 0.25 0.2222999 0.75 0.171595 0.875 0.1004043 0.75 0.2 0.125 0.1995957 0.25 0.09867286 0.125 0.2256971 0.375 0.1796193 0.5 0.1262002 0.375 0.2956325 0.875 0.2276999 1 0.171595 0.875 0.275 0.5 0.3 0.625 0.225 0.625 0.3475264 0.75 0.2956325 0.875 0.2222999 0.75 0.3 0 0.278937 0.125 0.2276999 0 0.3777775 0.625 0.3475264 0.75 0.3 0.625 0.3777775 0.125 0.3269267 0.25 0.278937 0.125 0.3249999 0.375 0.3703806 0.5 0.275 0.5 0.4456129 0.875 0.375 1 0.2956325 0.875 0.4 0.375 0.3703806 0.5 0.3249999 0.375 0.475 0.75 0.4456129 0.875 0.3475264 0.75 0.5046442 0.125 0.4277 0.25 0.3777775 0.125 0.525 0.5 0.4777776 0.625 0.45 0.5 0.525 0.25 0.4762003 0.375 0.4277 0.25 0.571063 0.375 0.525 0.5 0.4762003 0.375 0.5028243 0.1149407 0.5144558 0.002824187 0.5493507 0.1378836 0.5028243 0.5487101 0.5144558 0.4365936 0.5493506 0.571653 0.5549991 0.1705233 0.5666306 0.002824187 0.6015255 0.1970155 0.5536646 0.125 0.65 0 0.6777775 0.125 0.5953359 0.875 0.65 1 0.5777 1 0.5769267 0.5 0.65 0.375 0.6776999 0.5 0.65 0.625 0.725 0.75 0.6034169 0.75 0.6776999 0.5 0.7237998 0.625 0.65 0.625 0.6034169 0.75 0.7222225 0.875 0.5953359 0.875 0.65 1 0.7222225 0.875 0.725 1 0.65 0.375 0.7277 0.25 0.7215951 0.375 0.6777775 0.125 0.7277 0.25 0.6033373 0.25 0.725 0.75 0.8 0.625 0.8249999 0.75 0.725 0 0.8036645 0.125 0.6777775 0.125 0.7215951 0.375 0.7723 0.5 0.6776999 0.5 0.725 0.75 0.821063 0.875 0.7222225 0.875 0.725 1 0.821063 0.875 0.825 1 0.7277 0.25 0.8 0.375 0.7215951 0.375 0.8036645 0.125 0.825 0.25 0.7277 0.25 0.8 0.625 0.85 0.5 0.8777776 0.625 0.85 0.5 0.8 0.375 0.8796165 0.375 0.825 0.25 0.8796165 0.375 0.8 0.375 0.925 0.875 0.8249999 0.75 0.925 0.75 0.85 0.5 0.925 0.5 0.8777776 0.625 0.825 1 0.925 0.875 0.9222999 1 0.825 0 0.9284049 0.125 0.8036645 0.125 0.825 0.25 0.9284049 0.125 0.9495957 0.25 0.925 0.75 1 0.875 0.925 0.875 0.8796165 0.375 0.925 0.5 0.85 0.5 0.925 0.5 0.9777775 0.625 0.8777776 0.625 0.9495957 0.25 0.9762002 0.375 0.8796165 0.375 0.8796165 0.375 0.9762002 0.375 0.925 0.5 0.9777775 0.625 1 0.75 0.925 0.75 1 1 0.925 0.875 1 0.875 0.9284049 0.125 1 0 1 0.125 0 0.5 0.04999995 0.625 0 0.625 0.9284049 0.125 1 0.125 0.9495957 0.25 0 0.375 0.0769267 0.25 0.07106304 0.375 0.02620023 0.875 0.07499998 1 0 1 0.02893698 0.125 0.0769267 0.25 0 0.25 0 0.5 0.07106304 0.375 0.07499998 0.5 0.1703835 0.375 0.0769267 0.25 0.1796193 0.25 0.07499998 0.5 0.1237998 0.625 0.04999995 0.625 0.05246984 0.75 0.1222224 0.875 0.02620023 0.875 0.07499998 0 0.1277775 0.125 0.02893698 0.125 0.1237998 0.625 0.1796193 0.75 0.05246984 0.75 0.05246984 0.75 0.1796193 0.75 0.1222224 0.875 0.1222224 0.875 0.175 1 0.07499998 1 0.1277775 0.125 0.1796193 0.25 0.0769267 0.25 0.07499998 0.5 0.1703835 0.375 0.1769267 0.5 0.2 0.625 0.275 0.5 0.2743028 0.625 0.1796193 0.75 0.2440154 0.875 0.1222224 0.875 0.175 0 0.2277775 0.125 0.1277775 0.125 0.2 0.625 0.2796193 0.75 0.1796193 0.75 0.275 0.375 0.1796193 0.25 0.2777 0.25 0.1796193 0.75 0.2796193 0.75 0.2440154 0.875 0.2440154 0.875 0.275 1 0.175 1 0.2277775 0.125 0.2777 0.25 0.1796193 0.25 0.1769267 0.5 0.275 0.375 0.275 0.5 0.2743028 0.625 0.35 0.5 0.3777775 0.625 0.275 0 0.3237997 0.125 0.2277775 0.125 0.2796193 0.75 0.3777775 0.625 0.3777 0.75 0.371595 0.875 0.2796193 0.75 0.3777 0.75 0.275 1 0.371595 0.875 0.3965883 1 0.275 0.375 0.375 0.25 0.3796165 0.375 0.3237997 0.125 0.375 0.25 0.2777 0.25 0.35 0.5 0.275 0.375 0.3796165 0.375 0.3777775 0.625 0.4769268 0.75 0.3777 0.75 0.3796165 0.375 0.4223001 0.5 0.35 0.5 0.4223001 0.5 0.4777776 0.625 0.3777775 0.625 0.3777 0.75 0.471063 0.875 0.371595 0.875 0.3796165 0.375 0.475 0.25 0.475 0.375 0.4243029 0.125 0.475 0.25 0.375 0.25 0.4243029 0.125 0.5 0 0.5536646 0.125 0.3796165 0.375 0.475 0.375 0.4223001 0.5 0.5 0.5 0.5737997 0.625 0.4777776 0.625 0.4769268 0.75 0.5737997 0.625 0.6034169 0.75 0.5953359 0.875 0.4769268 0.75 0.6034169 0.75 0.5 1 0.5953359 0.875 0.5777 1 0.5703836 0.375 0.475 0.25 0.6033373 0.25 0.5 0 0.5777 0 0.5536646 0.125 0.5 0.5 0.5703836 0.375 0.5769267 0.5 0.537719 0.3162305 0.5028243 0.1149407 0.5493507 0.1378836 0.537719 0.75 0.5028243 0.5487101 0.5493506 0.571653 0.5898938 0.3647147 0.5549991 0.1705233 0.6015255 0.1970155 0.4971758 0.3162305 0.06905478 0.4309452 0.3162305 0.002824187 0.4309452 0.9309452 0.002824187 0.8162305 0.4309452 0.5690547 0.575 0.75 0.671595 0.625 0.6723 0.75 0.571063 0.375 0.6269268 0.5 0.525 0.5 0.5722225 0.875 0.6723 0.75 0.6963186 0.875 0.5722225 0.875 0.65 1 0.5777 1 0.5750001 0.125 0.65 0 0.6777775 0.125 0.5750001 0.125 0.6776999 0.25 0.5750001 0.25 0.671595 0.375 0.5750001 0.25 0.6776999 0.25 0.7730733 0.75 0.671595 0.625 0.775 0.625 0.6269268 0.5 0.7277 0.5 0.671595 0.625 0.6963186 0.875 0.725 1 0.65 1 0.671595 0.375 0.7277 0.5 0.6269268 0.5 0.6776999 0.25 0.7737998 0.125 0.775 0.25 0.725 0 0.7737998 0.125 0.6777775 0.125 0.6776999 0.25 0.7722225 0.375 0.671595 0.375 0.725 1 0.821063 0.875 0.8 1 0.7730733 0.75 0.821063 0.875 0.6963186 0.875 0.775 0.625 0.8750001 0.75 0.7730733 0.75 0.7722225 0.375 0.8223 0.5 0.7277 0.5 0.8223 0.5 0.8777776 0.625 0.775 0.625 0.875 0.125 0.8 0 0.875 0 0.821063 0.875 0.875 1 0.8 1 0.7737998 0.125 0.8723 0.25 0.775 0.25 0.7722225 0.375 0.8723 0.25 0.8756973 0.375 0.8750001 0.75 0.9784049 0.625 0.9722999 0.75 0.9203806 0.5 0.9784049 0.625 0.8777776 0.625 0.875 0.125 0.9730733 0 0.978937 0.125 0.8723 0.25 0.978937 0.125 0.9805833 0.25 0.8723 0.25 0.9762002 0.375 0.8756973 0.375 0 0.125 0.07499998 0 0.09867286 0.125 0.8756973 0.375 0.9762002 0.375 0.9203806 0.5 0.9722999 0.75 1 0.875 0.925 0.875 0.925 0.875 1 0.875 0.9730733 1 0.02038061 0.5 0.07499998 0.625 0 0.625 0 0.625 0.07499998 0.625 0.01941668 0.75 0.02499997 0.875 0.07499998 1 0 1 0.02499997 0.875 0.1296193 0.75 0.1203835 0.875 0.0277 0.25 0.04999995 0.375 0 0.375 0.07499998 0.625 0.1296193 0.75 0.01941668 0.75 0.04999995 0.375 0.125 0.25 0.1262002 0.375 0.09867286 0.125 0.125 0.25 0.0277 0.25 0.125 0.5 0.04999995 0.375 0.1262002 0.375 0.1203835 0.875 0.2296193 0.75 0.2437126 0.875 0.1203835 0.875 0.1965883 1 0.07499998 1 0.125 0.5 0.2276999 0.5 0.1703835 0.625 0.1703835 0.625 0.2296193 0.75 0.1296193 0.75 0.125 0.25 0.2 0.125 0.2249999 0.25 0.65 0.625 0.5769267 0.5 0.6776999 0.5 0.125 0.25 0.2222224 0.375 0.1262002 0.375 0.125 0.5 0.2222224 0.375 0.2276999 0.5 0.25 0.625 0.3 0.5 0.3237997 0.625 0.1965883 0 0.2777775 0.125 0.2 0.125 0.2296193 0.75 0.3237997 0.625 0.3562484 0.75 0.2249999 0.25 0.3222225 0.375 0.2222224 0.375 0.2296193 0.75 0.3562484 0.75 0.2437126 0.875 0.2777775 0.125 0.3503902 0.25 0.2249999 0.25 0.2222224 0.375 0.3 0.5 0.2276999 0.5 0.4230733 1 0.35 0.875 0.4513272 0.875 0.3203806 0 0.3777775 0.125 0.2777775 0.125 0.3222225 0.375 0.3723 0.5 0.3 0.5 0.3562484 0.75 0.4513272 0.875 0.35 0.875 0.4 0.625 0.45 0.5 0.4777776 0.625 0.3503902 0.25 0.4 0.375 0.3222225 0.375 0.4 0.625 0.4777001 0.75 0.3562484 0.75 0.3777775 0.125 0.4723 0.25 0.3503902 0.25 0.3562484 0.75 0.4777001 0.75 0.4513272 0.875 0.4230733 0 0.475 0.125 0.3777775 0.125 0.4 0.375 0.4723 0.25 0.4762003 0.375 0.45 0.5 0.4 0.375 0.4762003 0.375 0.4777001 0.75 0.5737997 0.625 0.575 0.75 0.4513272 0.875 0.5 1 0.4230733 1 0.4762003 0.375 0.525 0.5 0.45 0.5 0.525 0.5 0.5737997 0.625 0.4777776 0.625 0.4777001 0.75 0.5722225 0.875 0.4513272 0.875 0.5 1 0.5722225 0.875 0.5777 1 0.5750001 0.125 0.5 0 0.5777 0 0.5750001 0.25 0.475 0.125 0.5750001 0.125 0.4762003 0.375 0.5750001 0.25 0.571063 0.375 0.537719 0.3162305 0.5028243 0.1149407 0.5493507 0.1378836 0.537719 0.75 0.5028243 0.5487101 0.5493506 0.571653 0.5898938 0.3647147 0.5549991 0.1705233 0.6015255 0.1970155 0.4971758 0.3162305 0.06905478 0.4309452 0.3162305 0.002824187 0.4309452 0.9309452 0.002824187 0.8162305 0.4309452 0.5690547 0.525 0.25 0.6296165 0.125 0.6503942 0.25 0.5777 0 0.6296165 0.125 0.5046442 0.125 0.65 0.625 0.6 0.5 0.6796193 0.5 0.525 0.25 0.6503942 0.25 0.571063 0.375 0.571063 0.375 0.6 0.5 0.525 0.5 0.5750001 0.75 0.65 0.625 0.6965831 0.75 0.5750001 0.75 0.6963186 0.875 0.5722225 0.875 0.5722225 0.875 0.65 1 0.5777 1 0.6 0.5 0.671595 0.375 0.6796193 0.5 0.6296165 0.125 0.725 0 0.7503165 0.125 0.6796193 0.5 0.725 0.625 0.65 0.625 0.6963186 0.875 0.725 1 0.65 1 0.671595 0.375 0.7769268 0.25 0.7710631 0.375 0.6296165 0.125 0.7503165 0.125 0.6503942 0.25 0.6796193 0.5 0.75 0.5 0.725 0.625 0.7503165 0.125 0.7769268 0.25 0.6503942 0.25 0.671595 0.375 0.75 0.5 0.6796193 0.5 0.8 0.625 0.75 0.5 0.825 0.5 0.6965831 0.75 0.8 0.625 0.8437516 0.75 0.6965831 0.75 0.8222225 0.875 0.6963186 0.875 0.725 1 0.8222225 0.875 0.8 1 0.875 0.125 0.8 0 0.8777 0 0.7710631 0.375 0.825 0.5 0.75 0.5 0.825 0.5 0.878405 0.625 0.8 0.625 0.8222225 0.875 0.8777 1 0.8 1 0.7769268 0.25 0.875 0.125 0.9062587 0.25 0.875 0.375 0.7769268 0.25 0.9062587 0.25 0.9730733 0.75 0.878405 0.625 0.975 0.625 0.8437516 0.75 0.9222225 0.875 0.8222225 0.875 0.9203806 0.5 0.975 0.625 0.878405 0.625 0.875 0.125 0.9723001 0 0.978937 0.125 0.9222225 0.875 0.9723001 1 0.8777 1 0 0.75 0.07038348 0.625 0.1004043 0.75 0.875 0.125 0.978937 0.125 0.9062587 0.25 0.9062587 0.25 0.9762002 0.375 0.875 0.375 0.875 0.375 0.9762002 0.375 0.9203806 0.5 0.9730733 0.75 1 0.875 0.9222225 0.875 0.978937 0.125 1 0.25 0.9062587 0.25 0.9062587 0.25 1 0.25 0.9762002 0.375 0 0.125 0.07307326 0 0.09867286 0.125 0.1 0.5 0.04999995 0.375 0.1262002 0.375 0.0534169 0.25 0.04999995 0.375 0 0.375 0.0534169 0.25 0.1262002 0.375 0.04999995 0.375 0.15 0.625 0.1 0.5 0.1796193 0.5 0.07307326 1 0.171595 0.875 0.15 1 0.15 0.625 0.2222999 0.75 0.1004043 0.75 0.09867286 0.125 0.1995957 0.25 0.0534169 0.25 0.1262002 0.375 0.1796193 0.5 0.1 0.5 0.1796193 0.5 0.225 0.625 0.15 0.625 0.2 0.125 0.15 0 0.2276999 0 0.171595 0.875 0.2276999 1 0.15 1 0.2222999 0.75 0.3 0.625 0.3475264 0.75 0.1995957 0.25 0.2256971 0.375 0.1262002 0.375 0.1796193 0.5 0.275 0.5 0.225 0.625 0.2222999 0.75 0.2956325 0.875 0.171595 0.875 0.2276999 0 0.278937 0.125 0.2 0.125 0.2 0.125 0.278937 0.125 0.1995957 0.25 0.2256971 0.375 0.275 0.5 0.1796193 0.5 0.2256971 0.375 0.3269267 0.25 0.3249999 0.375 0.2956325 0.875 0.3 1 0.2276999 1 0.278937 0.125 0.3269267 0.25 0.1995957 0.25 0.3 0.625 0.3703806 0.5 0.3777775 0.625 0.2256971 0.375 0.3249999 0.375 0.275 0.5 0.3 0 0.3777775 0.125 0.278937 0.125 0.2956325 0.875 0.375 1 0.3 1 0.4 0.375 0.3269267 0.25 0.4277 0.25 0.3475264 0.75 0.4456129 0.875 0.2956325 0.875 0.3777775 0.125 0.4277 0.25 0.3269267 0.25 0.3777775 0.625 0.45 0.5 0.4777776 0.625 0.3777775 0.625 0.475 0.75 0.3475264 0.75 0.3777775 0.125 0.4769267 0 0.5046442 0.125 0.4456129 0.875 0.4769267 1 0.375 1 0.45 0.5 0.4 0.375 0.4762003 0.375 0.4277 0.25 0.4762003 0.375 0.4 0.375 0.4777776 0.625 0.5750001 0.75 0.475 0.75 0.5046442 0.125 0.525 0.25 0.4277 0.25 0.4762003 0.375 0.525 0.5 0.45 0.5 0.525 0.5 0.5737997 0.625 0.4777776 0.625 0.475 0.75 0.5722225 0.875 0.4456129 0.875 0.4769267 1 0.5722225 0.875 0.5777 1 0.4769267 0 0.5777 0 0.5046442 0.125 0.525 0.25 0.571063 0.375 0.4762003 0.375 0.537719 0.3162305 0.5028243 0.1149407 0.5493507 0.1378836 0.537719 0.75 0.5028243 0.5487101 0.5493506 0.571653 0.5898938 0.3647147 0.5549991 0.1705233 0.6015255 0.1970155 0.4971758 0.3162305 0.06905478 0.4309452 0.3162305 0.002824187 0.4309452 0.9309452 0.002824187 0.8162305 0.4309452 0.5690547 0.5536646 0.125 0.5777 0 0.65 0 0.5769267 0.5 0.5703836 0.375 0.65 0.375 0.65 0.625 0.7237998 0.625 0.725 0.75 0.6034169 0.75 0.725 0.75 0.7222225 0.875 0.65 1 0.5953359 0.875 0.7222225 0.875 0.65 0.375 0.6033373 0.25 0.7277 0.25 0.725 0.75 0.7237998 0.625 0.8 0.625 0.725 0.75 0.8249999 0.75 0.821063 0.875 0.725 1 0.7222225 0.875 0.821063 0.875 0.7277 0.25 0.825 0.25 0.8 0.375 0.8 0.625 0.7723 0.5 0.85 0.5 0.85 0.5 0.7723 0.5 0.8 0.375 0.925 0.875 0.821063 0.875 0.8249999 0.75 0.825 1 0.821063 0.875 0.925 0.875 0.825 0 0.9222999 0 0.9284049 0.125 0.825 0.25 0.8036645 0.125 0.9284049 0.125 0.925 0.75 1 0.75 1 0.875 1 1 0.9222999 1 0.925 0.875 0.9284049 0.125 0.9222999 0 1 0 0 0.5 0.07499998 0.5 0.04999995 0.625 0 0.375 0 0.25 0.0769267 0.25 0 0.5 0 0.375 0.07106304 0.375 0.1703835 0.375 0.07106304 0.375 0.0769267 0.25 0.07499998 0.5 0.07106304 0.375 0.1703835 0.375 0.2 0.625 0.1769267 0.5 0.275 0.5 0.2 0.625 0.2743028 0.625 0.2796193 0.75 0.275 0.375 0.1703835 0.375 0.1796193 0.25 0.1769267 0.5 0.1703835 0.375 0.275 0.375 0.2743028 0.625 0.275 0.5 0.35 0.5 0.2796193 0.75 0.2743028 0.625 0.3777775 0.625 0.371595 0.875 0.2440154 0.875 0.2796193 0.75 0.275 1 0.2440154 0.875 0.371595 0.875 0.275 0.375 0.2777 0.25 0.375 0.25 0.35 0.5 0.275 0.5 0.275 0.375 0.3777775 0.625 0.4777776 0.625 0.4769268 0.75 0.3777 0.75 0.4769268 0.75 0.471063 0.875 0.3796165 0.375 0.375 0.25 0.475 0.25 0.4243029 0.125 0.3965883 0 0.5 0 0.5 0.5 0.5769267 0.5 0.5737997 0.625 0.4769268 0.75 0.4777776 0.625 0.5737997 0.625 0.5953359 0.875 0.471063 0.875 0.4769268 0.75 0.5 1 0.471063 0.875 0.5953359 0.875 0.5703836 0.375 0.475 0.375 0.475 0.25 0.5 0.5 0.475 0.375 0.5703836 0.375 0.06905478 0.4309452 0.002824187 0.3162305 0.3162305 0.002824187 0.002824187 0.3162305 0.02931642 0.1378836 0.1837694 0.002824187 0.3162305 0.002824187 0.002824187 0.3162305 0.1837694 0.002824187 0.3162305 0.002824187 0.4574374 0.1149406 0.4971758 0.3162305 0.4971758 0.3162305 0.4309452 0.4309452 0.06905478 0.4309452 0.4309452 0.4309452 0.2632461 0.4971758 0.06905478 0.4309452 0.002824187 0.8162305 0.002824187 0.6837695 0.4309452 0.5690547 0.002824187 0.6837695 0.1149406 0.5425626 0.3162305 0.5028242 0.4309452 0.5690547 0.4971758 0.7367539 0.4309452 0.9309452 0.3162305 0.9971758 0.1378836 0.9706836 0.002824187 0.8162305 0.575 0.75 0.5737997 0.625 0.671595 0.625 0.5722225 0.875 0.575 0.75 0.6723 0.75 0.5722225 0.875 0.6963186 0.875 0.65 1 0.5750001 0.125 0.5777 0 0.65 0 0.5750001 0.125 0.6777775 0.125 0.6776999 0.25 0.671595 0.375 0.571063 0.375 0.5750001 0.25 0.7730733 0.75 0.6723 0.75 0.671595 0.625 0.6776999 0.25 0.6777775 0.125 0.7737998 0.125 0.6776999 0.25 0.775 0.25 0.7722225 0.375 0.725 1 0.6963186 0.875 0.821063 0.875 0.775 0.625 0.8777776 0.625 0.8750001 0.75 0.875 0.125 0.7737998 0.125 0.8 0 0.7737998 0.125 0.875 0.125 0.8723 0.25 0.7722225 0.375 0.775 0.25 0.8723 0.25 0.8750001 0.75 0.8777776 0.625 0.9784049 0.625 0.875 0.125 0.875 0 0.9730733 0 0.8723 0.25 0.875 0.125 0.978937 0.125 0.8723 0.25 0.9805833 0.25 0.9762002 0.375 0 0.125 0 0 0.07499998 0 0.02499997 0.875 0.01941668 0.75 0.1296193 0.75 0.04999995 0.375 0.0277 0.25 0.125 0.25 0.125 0.5 0.02038061 0.5 0.04999995 0.375 0.1203835 0.875 0.1296193 0.75 0.2296193 0.75 0.125 0.25 0.09867286 0.125 0.2 0.125 0.65 0.625 0.5737997 0.625 0.5769267 0.5 0.125 0.25 0.2249999 0.25 0.2222224 0.375 0.125 0.5 0.1262002 0.375 0.2222224 0.375 0.25 0.625 0.2276999 0.5 0.3 0.5 0.2296193 0.75 0.25 0.625 0.3237997 0.625 0.2249999 0.25 0.3503902 0.25 0.3222225 0.375 0.2222224 0.375 0.3222225 0.375 0.3 0.5 0.4230733 1 0.3203806 1 0.35 0.875 0.4 0.625 0.3723 0.5 0.45 0.5 0.4 0.625 0.4777776 0.625 0.4777001 0.75 0.3777775 0.125 0.475 0.125 0.4723 0.25 0.4 0.375 0.3503902 0.25 0.4723 0.25 0.45 0.5 0.3723 0.5 0.4 0.375 0.4777001 0.75 0.4777776 0.625 0.5737997 0.625 0.4777001 0.75 0.575 0.75 0.5722225 0.875 0.5 1 0.4513272 0.875 0.5722225 0.875 0.5750001 0.125 0.475 0.125 0.5 0 0.5750001 0.25 0.4723 0.25 0.475 0.125 0.4762003 0.375 0.4723 0.25 0.5750001 0.25 0.06905478 0.4309452 0.002824187 0.3162305 0.3162305 0.002824187 0.002824187 0.3162305 0.02931642 0.1378836 0.1837694 0.002824187 0.3162305 0.002824187 0.002824187 0.3162305 0.1837694 0.002824187 0.3162305 0.002824187 0.4574374 0.1149406 0.4971758 0.3162305 0.4971758 0.3162305 0.4309452 0.4309452 0.06905478 0.4309452 0.4309452 0.4309452 0.2632461 0.4971758 0.06905478 0.4309452 0.002824187 0.8162305 0.002824187 0.6837695 0.4309452 0.5690547 0.002824187 0.6837695 0.1149406 0.5425626 0.3162305 0.5028242 0.4309452 0.5690547 0.4971758 0.7367539 0.4309452 0.9309452 0.3162305 0.9971758 0.1378836 0.9706836 0.002824187 0.8162305 0.525 0.25 0.5046442 0.125 0.6296165 0.125 0.65 0.625 0.5737997 0.625 0.6 0.5 0.5750001 0.75 0.5737997 0.625 0.65 0.625 0.5750001 0.75 0.6965831 0.75 0.6963186 0.875 0.5722225 0.875 0.6963186 0.875 0.65 1 0.6 0.5 0.571063 0.375 0.671595 0.375 0.6296165 0.125 0.65 0 0.725 0 0.671595 0.375 0.6503942 0.25 0.7769268 0.25 0.671595 0.375 0.7710631 0.375 0.75 0.5 0.8 0.625 0.725 0.625 0.75 0.5 0.6965831 0.75 0.725 0.625 0.8 0.625 0.6965831 0.75 0.8437516 0.75 0.8222225 0.875 0.725 1 0.6963186 0.875 0.8222225 0.875 0.875 0.125 0.7503165 0.125 0.8 0 0.7769268 0.25 0.7503165 0.125 0.875 0.125 0.875 0.375 0.7710631 0.375 0.7769268 0.25 0.9730733 0.75 0.8437516 0.75 0.878405 0.625 0.875 0.125 0.8777 0 0.9723001 0 0 0.75 0 0.625 0.07038348 0.625 0 0.125 0 0 0.07307326 0 0.1 0.5 0.02038061 0.5 0.04999995 0.375 0.15 0.625 0.07038348 0.625 0.1 0.5 0.07307326 1 0.04476916 0.875 0.171595 0.875 0.15 0.625 0.225 0.625 0.2222999 0.75 0.2 0.125 0.09867286 0.125 0.15 0 0.2222999 0.75 0.225 0.625 0.3 0.625 0.2256971 0.375 0.1995957 0.25 0.3269267 0.25 0.3 0.625 0.275 0.5 0.3703806 0.5 0.3 0 0.375 0 0.3777775 0.125 0.4 0.375 0.3249999 0.375 0.3269267 0.25 0.3777775 0.625 0.3703806 0.5 0.45 0.5 0.3777775 0.625 0.4777776 0.625 0.475 0.75 0.3777775 0.125 0.375 0 0.4769267 0 0.45 0.5 0.3703806 0.5 0.4 0.375 0.4777776 0.625 0.5737997 0.625 0.5750001 0.75 0.475 0.75 0.5750001 0.75 0.5722225 0.875 0.4769267 1 0.4456129 0.875 0.5722225 0.875 0.06905478 0.4309452 0.002824187 0.3162305 0.3162305 0.002824187 0.002824187 0.3162305 0.02931642 0.1378836 0.1837694 0.002824187 0.3162305 0.002824187 0.002824187 0.3162305 0.1837694 0.002824187 0.3162305 0.002824187 0.4574374 0.1149406 0.4971758 0.3162305 0.4971758 0.3162305 0.4309452 0.4309452 0.06905478 0.4309452 0.4309452 0.4309452 0.2632461 0.4971758 0.06905478 0.4309452 0.002824187 0.8162305 0.002824187 0.6837695 0.4309452 0.5690547 0.002824187 0.6837695 0.1149406 0.5425626 0.3162305 0.5028242 0.4309452 0.5690547 0.4971758 0.7367539 0.4309452 0.9309452 0.3162305 0.9971758 0.1378836 0.9706836 0.002824187 0.8162305</float_array>
          <technique_common>
            <accessor source="#tire_stack_3_a200-mesh-map-0-array" count="1620" stride="2">
              <param name="S" type="float"/>
              <param name="T" type="float"/>
            </accessor>
          </technique_common>
        </source>
        <vertices id="tire_stack_3_a200-mesh-vertices">
          <input semantic="POSITION" source="#tire_stack_3_a200-mesh-positions"/>
        </vertices>
        <triangles material="tire_002-material" count="486">
          <input semantic="VERTEX" source="#tire_stack_3_a200-mesh-vertices" offset="0"/>
          <input semantic="NORMAL" source="#tire_stack_3_a200-mesh-normals" offset="1"/>
          <input semantic="TEXCOORD" source="#tire_stack_3_a200-mesh-map-0" offset="2" set="0"/>
          <p>9 0 0 2 0 1 1 0 2 11 1 3 6 1 4 5 1 5 6 2 6 12 2 7 7 2 8 16 3 9 11 3 10 10 3 11 18 4 12 8 4 13 12 4 14 19 5 15 13 5 16 8 5 17 20 6 18 17 6 19 11 6 20 19 7 21 21 7 22 13 7 23 24 8 24 20 8 25 16 8 26 26 9 27 19 9 28 18 9 29 28 10 30 22 10 31 21 10 32 28 11 33 31 11 34 22 11 35 35 12 36 29 12 37 25 12 38 36 13 39 31 13 40 28 13 41 38 14 42 36 14 43 30 14 44 37 15 45 38 15 46 30 15 47 44 16 48 39 16 49 36 16 50 45 17 51 42 17 52 41 17 53 48 18 54 39 18 55 44 18 56 49 19 57 45 19 58 40 19 59 50 20 60 46 20 61 42 20 62 51 21 63 48 21 64 43 21 65 53 22 66 50 22 67 45 22 68 51 23 69 56 23 70 48 23 71 56 24 72 52 24 73 48 24 74 57 25 75 53 25 76 49 25 77 58 26 78 54 26 79 50 26 80 62 27 81 58 27 82 53 27 83 65 28 84 63 28 85 58 28 86 70 29 87 65 29 88 62 29 89 73 30 90 67 30 91 66 30 92 70 31 93 74 31 94 65 31 95 74 32 96 71 32 97 65 32 98 77 33 99 70 33 100 69 33 101 80 34 102 75 34 103 73 34 104 77 35 105 81 35 106 70 35 107 5 36 108 78 36 109 74 36 110 79 37 111 80 37 112 73 37 113 5 38 114 6 38 115 78 38 116 102 42 126 95 42 127 94 42 128 102 43 129 103 43 130 95 43 131 109 44 132 102 44 133 101 44 134 111 45 135 107 45 136 106 45 137 110 46 138 112 46 139 103 46 140 113 47 141 105 47 142 104 47 143 116 48 144 110 48 145 109 48 146 117 49 147 112 49 148 110 49 149 119 50 150 114 50 151 111 50 152 121 51 153 118 51 154 113 51 155 125 52 156 117 52 157 116 52 158 126 53 159 120 53 160 117 53 161 121 54 162 127 54 163 118 54 164 127 55 165 122 55 166 118 55 167 125 56 168 126 56 169 117 56 170 129 57 171 127 57 172 121 57 173 127 58 174 130 58 175 122 58 176 134 59 177 128 59 178 126 59 179 133 60 180 134 60 181 126 60 182 138 61 183 132 61 184 131 61 185 139 62 186 134 62 187 133 62 188 140 63 189 136 63 190 134 63 191 142 64 192 137 64 193 135 64 194 140 65 195 145 65 196 136 65 197 145 66 198 141 66 199 136 66 200 146 67 201 138 67 202 137 67 203 149 68 204 146 68 205 142 68 206 146 69 207 150 69 208 138 69 209 147 70 210 153 70 211 145 70 212 153 71 213 148 71 214 145 71 215 154 72 216 151 72 217 150 72 218 149 73 219 158 73 220 146 73 221 158 74 222 154 74 223 146 74 224 161 75 225 156 75 226 155 75 227 157 76 228 162 76 229 149 76 230 162 77 231 158 77 232 149 77 233 163 78 234 159 78 235 154 78 236 161 79 237 164 79 238 156 79 239 164 80 240 157 80 241 156 80 242 166 81 243 163 81 244 158 81 245 167 82 246 161 82 247 160 82 248 94 83 249 169 83 250 168 83 251 174 84 252 171 84 253 166 84 254 101 85 255 94 85 256 173 85 257 195 89 267 188 89 268 187 89 269 202 90 270 196 90 271 191 90 272 197 91 273 203 91 274 194 91 275 204 92 276 200 92 277 199 92 278 214 93 279 206 93 280 205 93 281 215 94 282 212 94 283 211 94 284 219 95 285 210 95 286 209 95 287 220 96 288 215 96 289 210 96 290 221 97 291 216 97 292 213 97 293 219 98 294 220 98 295 210 98 296 223 99 297 221 99 298 212 99 299 227 100 300 222 100 301 220 100 302 228 101 303 224 101 304 221 101 305 226 102 306 227 102 307 220 102 308 227 103 309 230 103 310 222 103 311 231 104 312 228 104 313 223 104 314 228 105 315 232 105 316 224 105 317 233 106 318 229 106 319 225 106 320 234 107 321 227 107 322 226 107 323 235 108 324 230 108 325 227 108 326 238 109 327 231 109 328 230 109 329 231 110 330 239 110 331 228 110 332 240 111 333 233 111 334 232 111 335 241 112 336 236 112 337 229 112 338 243 113 339 239 113 340 231 113 341 245 114 342 241 114 343 233 114 344 246 115 345 237 115 346 236 115 347 248 116 348 244 116 349 239 116 350 247 117 351 250 117 352 242 117 353 251 118 354 248 118 355 243 118 356 252 119 357 249 119 358 244 119 359 256 120 360 251 120 361 250 120 362 258 121 363 253 121 364 249 121 365 254 122 366 255 122 367 247 122 368 259 123 369 257 123 370 248 123 371 261 124 372 255 124 373 254 124 374 264 125 375 259 125 376 251 125 377 192 126 378 260 126 379 258 126 380 187 127 381 263 127 382 262 127 383 193 128 384 266 128 385 260 128 386 194 129 387 187 129 388 266 129 389 5 133 399 10 133 400 11 133 401 3 134 402 10 134 403 4 134 404 0 135 405 12 135 406 8 135 407 9 136 408 14 136 409 2 136 410 8 137 411 13 137 412 9 137 413 2 138 414 15 138 415 3 138 416 10 139 417 15 139 418 16 139 419 12 140 420 17 140 421 18 140 422 11 141 423 17 141 424 6 141 425 14 142 426 21 142 427 22 142 428 16 143 429 20 143 430 11 143 431 18 144 432 19 144 433 8 144 434 14 145 435 23 145 436 15 145 437 16 146 438 23 146 439 24 146 440 17 147 441 26 147 442 18 147 443 20 148 444 25 148 445 17 148 446 21 149 447 27 149 448 28 149 449 27 150 450 26 150 451 29 150 452 25 151 453 29 151 454 26 151 455 32 152 456 22 152 457 31 152 458 27 153 459 30 153 460 28 153 461 24 154 462 32 154 463 33 154 464 24 155 465 34 155 466 20 155 467 25 156 468 34 156 469 35 156 470 31 157 471 40 157 472 32 157 473 29 158 474 30 158 475 27 158 476 30 159 477 36 159 478 28 159 479 35 160 480 37 160 481 29 160 482 29 161 483 37 161 484 30 161 485 36 162 486 39 162 487 31 162 488 41 163 489 32 163 490 40 163 491 34 164 492 41 164 493 42 164 494 38 165 495 44 165 496 36 165 497 34 166 498 42 166 499 35 166 500 37 167 501 46 167 502 47 167 503 40 168 504 45 168 505 41 168 506 42 169 507 46 169 508 35 169 509 38 170 510 47 170 511 43 170 512 55 171 513 46 171 514 54 171 515 43 172 516 48 172 517 44 172 518 39 173 519 49 173 520 40 173 521 45 174 522 50 174 523 42 174 524 48 175 525 52 175 526 39 175 527 39 176 528 52 176 529 49 176 530 49 177 531 53 177 532 45 177 533 50 178 534 54 178 535 46 178 536 43 179 537 55 179 538 51 179 539 56 180 540 59 180 541 60 180 542 52 181 543 57 181 544 49 181 545 53 182 546 58 182 547 50 182 548 56 183 549 61 183 550 52 183 551 64 184 552 54 184 553 63 184 554 52 185 555 61 185 556 57 185 557 57 186 558 62 186 559 53 186 560 58 187 561 63 187 562 54 187 563 51 188 564 64 188 565 59 188 566 60 189 567 66 189 568 67 189 569 62 190 570 65 190 571 58 190 572 61 191 573 67 191 574 68 191 575 69 192 576 61 192 577 68 192 578 62 193 579 69 193 580 70 193 581 64 194 582 71 194 583 72 194 584 65 195 585 71 195 586 63 195 587 66 196 588 64 196 589 72 196 590 67 197 591 76 197 592 68 197 593 72 198 594 73 198 595 66 198 596 73 199 597 75 199 598 67 199 599 68 200 600 77 200 601 69 200 602 72 201 603 78 201 604 79 201 605 74 202 606 78 202 607 71 202 608 74 203 609 81 203 610 5 203 611 72 204 612 79 204 613 73 204 614 80 205 615 1 205 616 75 205 617 76 206 618 1 206 619 2 206 620 3 207 621 76 207 622 2 207 623 81 208 624 3 208 625 4 208 626 7 209 627 78 209 628 6 209 629 81 210 630 4 210 631 5 210 632 80 211 633 7 211 634 0 211 635 96 217 651 103 217 652 104 217 653 101 218 654 102 218 655 94 218 656 97 219 657 104 219 658 105 219 659 97 220 660 106 220 661 98 220 662 99 221 663 106 221 664 107 221 665 99 222 666 108 222 667 100 222 668 109 223 669 100 223 670 108 223 671 113 224 672 103 224 673 112 224 674 102 225 675 110 225 676 103 225 677 105 226 678 111 226 679 106 226 680 109 227 681 110 227 682 102 227 683 108 228 684 114 228 685 115 228 686 111 229 687 114 229 688 107 229 689 108 230 690 116 230 691 109 230 692 111 231 693 118 231 694 119 231 695 113 232 696 118 232 697 105 232 698 112 233 699 121 233 700 113 233 701 116 234 702 117 234 703 110 234 704 117 235 705 120 235 706 112 235 707 123 236 708 119 236 709 122 236 710 118 237 711 122 237 712 119 237 713 114 238 714 124 238 715 115 238 716 116 239 717 124 239 718 125 239 719 121 240 720 128 240 721 129 240 722 126 241 723 128 241 724 120 241 725 123 242 726 130 242 727 131 242 728 124 243 729 131 243 730 132 243 731 124 244 732 133 244 733 125 244 734 131 245 735 137 245 736 138 245 737 125 246 738 133 246 739 126 246 740 129 247 741 135 247 742 127 247 743 127 248 744 135 248 745 130 248 746 134 249 747 136 249 748 128 249 749 128 250 750 136 250 751 129 250 752 135 251 753 137 251 754 130 251 755 135 252 756 141 252 757 142 252 758 132 253 759 139 253 760 133 253 761 136 254 762 141 254 763 129 254 764 139 255 765 143 255 766 144 255 767 138 256 768 143 256 769 132 256 770 140 257 771 139 257 772 144 257 773 142 258 774 148 258 775 149 258 776 142 259 777 146 259 778 137 259 779 140 260 780 147 260 781 145 260 782 145 261 783 148 261 784 141 261 785 143 262 786 150 262 787 151 262 788 9 263 789 0 263 790 8 263 791 143 264 792 152 264 793 144 264 794 140 265 795 152 265 796 147 265 797 153 266 798 155 266 799 156 266 800 146 267 801 154 267 802 150 267 803 148 268 804 156 268 805 157 268 806 151 269 807 160 269 808 152 269 809 148 270 810 157 270 811 149 270 812 154 271 813 159 271 814 151 271 815 152 272 816 155 272 817 147 272 818 166 273 819 162 273 820 165 273 821 158 274 822 163 274 823 154 274 824 160 275 825 161 275 826 155 275 827 157 276 828 165 276 829 162 276 830 164 277 831 168 277 832 169 277 833 159 278 834 167 278 835 160 278 836 164 279 837 170 279 838 157 279 839 163 280 840 172 280 841 159 280 842 157 281 843 170 281 844 165 281 845 166 282 846 171 282 847 163 282 848 167 283 849 172 283 850 173 283 851 168 284 852 167 284 853 173 284 854 170 285 855 95 285 856 96 285 857 165 286 858 174 286 859 166 286 860 173 287 861 94 287 862 168 287 863 94 288 864 95 288 865 169 288 866 170 289 867 97 289 868 165 289 869 174 290 870 97 290 871 98 290 872 99 291 873 174 291 874 98 291 875 100 292 876 171 292 877 99 292 878 173 293 879 100 293 880 101 293 881 193 299 897 196 299 898 197 299 899 191 300 900 196 300 901 192 300 902 199 301 903 195 301 904 198 301 905 193 302 906 197 302 907 194 302 908 194 303 909 195 303 910 187 303 911 189 304 912 199 304 913 200 304 914 189 305 915 201 305 916 190 305 917 190 306 918 202 306 919 191 306 920 195 307 921 203 307 922 198 307 923 196 308 924 205 308 925 206 308 926 198 309 927 204 309 928 199 309 929 201 310 930 205 310 931 202 310 932 203 311 933 208 311 934 209 311 935 196 312 936 206 312 937 197 312 938 198 313 939 207 313 940 204 313 941 206 314 942 208 314 943 197 314 944 203 315 945 207 315 946 198 315 947 211 316 948 207 316 949 210 316 950 200 317 951 211 317 952 212 317 953 200 318 954 213 318 955 201 318 956 205 319 957 213 319 958 214 319 959 217 320 960 214 320 961 216 320 962 209 321 963 210 321 964 207 321 965 210 322 966 215 322 967 211 322 968 213 323 969 216 323 970 214 323 971 208 324 972 217 324 973 218 324 974 219 325 975 208 325 976 218 325 977 223 326 978 215 326 979 222 326 980 212 327 981 221 327 982 213 327 983 220 328 984 222 328 985 215 328 986 217 329 987 224 329 988 225 329 989 221 330 990 224 330 991 216 330 992 223 331 993 230 331 994 231 331 995 217 332 996 225 332 997 218 332 998 218 333 999 226 333 1000 219 333 1001 219 334 1002 226 334 1003 220 334 1004 223 335 1005 228 335 1006 221 335 1007 225 336 1008 229 336 1009 218 336 1010 218 337 1011 229 337 1012 226 337 1013 225 338 1014 232 338 1015 233 338 1016 235 339 1017 234 339 1018 236 339 1019 229 340 1020 234 340 1021 226 340 1022 229 341 1023 236 341 1024 234 341 1025 238 342 1026 235 342 1027 237 342 1028 232 343 1029 239 343 1030 240 343 1031 238 344 1032 243 344 1033 231 344 1034 233 345 1035 241 345 1036 229 345 1037 236 346 1038 237 346 1039 235 346 1040 237 347 1041 242 347 1042 238 347 1043 245 348 1044 240 348 1045 244 348 1046 239 349 1047 244 349 1048 240 349 1049 243 350 1050 250 350 1051 251 350 1052 241 351 1053 246 351 1054 236 351 1055 237 352 1056 247 352 1057 242 352 1058 243 353 1059 248 353 1060 239 353 1061 244 354 1062 249 354 1063 245 354 1064 245 355 1065 249 355 1066 241 355 1067 246 356 1068 247 356 1069 237 356 1070 246 357 1071 253 357 1072 254 357 1073 248 358 1074 252 358 1075 244 358 1076 249 359 1077 253 359 1078 241 359 1079 250 360 1080 255 360 1081 256 360 1082 246 361 1083 254 361 1084 247 361 1085 252 362 1086 258 362 1087 249 362 1088 248 363 1089 257 363 1090 252 363 1091 261 364 1092 253 364 1093 260 364 1094 251 365 1095 259 365 1096 248 365 1097 258 366 1098 260 366 1099 253 366 1100 256 367 1101 262 367 1102 263 367 1103 256 368 1104 264 368 1105 251 368 1106 258 369 1107 265 369 1108 192 369 1109 259 370 1110 265 370 1111 257 370 1112 262 371 1113 261 371 1114 266 371 1115 260 372 1116 266 372 1117 261 372 1118 263 373 1119 189 373 1120 264 373 1121 192 374 1122 193 374 1123 260 374 1124 266 375 1125 187 375 1126 262 375 1127 187 376 1128 188 376 1129 263 376 1130 264 377 1131 190 377 1132 259 377 1133 265 378 1134 190 378 1135 191 378 1136 265 379 1137 191 379 1138 192 379 1139 193 380 1140 194 380 1141 266 380 1142 5 386 1158 4 386 1159 10 386 1160 0 387 1161 7 387 1162 12 387 1163 9 388 1164 13 388 1165 14 388 1166 2 389 1167 14 389 1168 15 389 1169 10 390 1170 3 390 1171 15 390 1172 12 391 1173 6 391 1174 17 391 1175 14 392 1176 13 392 1177 21 392 1178 14 393 1179 22 393 1180 23 393 1181 16 394 1182 15 394 1183 23 394 1184 17 395 1185 25 395 1186 26 395 1187 21 396 1188 19 396 1189 27 396 1190 27 397 1191 19 397 1192 26 397 1193 32 398 1194 23 398 1195 22 398 1196 24 399 1197 23 399 1198 32 399 1199 24 400 1200 33 400 1201 34 400 1202 25 401 1203 20 401 1204 34 401 1205 31 402 1206 39 402 1207 40 402 1208 41 403 1209 33 403 1210 32 403 1211 34 404 1212 33 404 1213 41 404 1214 38 405 1215 43 405 1216 44 405 1217 37 406 1218 35 406 1219 46 406 1220 38 407 1221 37 407 1222 47 407 1223 55 408 1224 47 408 1225 46 408 1226 43 409 1227 47 409 1228 55 409 1229 56 410 1230 51 410 1231 59 410 1232 56 411 1233 60 411 1234 61 411 1235 64 412 1236 55 412 1237 54 412 1238 51 413 1239 55 413 1240 64 413 1241 60 414 1242 59 414 1243 66 414 1244 61 415 1245 60 415 1246 67 415 1247 69 416 1248 57 416 1249 61 416 1250 62 417 1251 57 417 1252 69 417 1253 64 418 1254 63 418 1255 71 418 1256 66 419 1257 59 419 1258 64 419 1259 67 420 1260 75 420 1261 76 420 1262 68 421 1263 76 421 1264 77 421 1265 72 422 1266 71 422 1267 78 422 1268 74 423 1269 70 423 1270 81 423 1271 80 424 1272 0 424 1273 1 424 1274 76 425 1275 75 425 1276 1 425 1277 3 426 1278 77 426 1279 76 426 1280 81 427 1281 77 427 1282 3 427 1283 7 428 1284 79 428 1285 78 428 1286 80 429 1287 79 429 1288 7 429 1289 96 440 1320 95 440 1321 103 440 1322 97 441 1323 96 441 1324 104 441 1325 97 442 1326 105 442 1327 106 442 1328 99 443 1329 98 443 1330 106 443 1331 99 444 1332 107 444 1333 108 444 1334 109 445 1335 101 445 1336 100 445 1337 113 446 1338 104 446 1339 103 446 1340 108 447 1341 107 447 1342 114 447 1343 108 448 1344 115 448 1345 116 448 1346 111 449 1347 105 449 1348 118 449 1349 112 450 1350 120 450 1351 121 450 1352 123 451 1353 114 451 1354 119 451 1355 114 452 1356 123 452 1357 124 452 1358 116 453 1359 115 453 1360 124 453 1361 121 454 1362 120 454 1363 128 454 1364 123 455 1365 122 455 1366 130 455 1367 124 456 1368 123 456 1369 131 456 1370 124 457 1371 132 457 1372 133 457 1373 131 458 1374 130 458 1375 137 458 1376 135 459 1377 129 459 1378 141 459 1379 139 460 1380 132 460 1381 143 460 1382 140 461 1383 134 461 1384 139 461 1385 142 462 1386 141 462 1387 148 462 1388 143 463 1389 138 463 1390 150 463 1391 9 464 1392 1 464 1393 0 464 1394 143 465 1395 151 465 1396 152 465 1397 140 466 1398 144 466 1399 152 466 1400 153 467 1401 147 467 1402 155 467 1403 148 468 1404 153 468 1405 156 468 1406 151 469 1407 159 469 1408 160 469 1409 152 470 1410 160 470 1411 155 470 1412 166 471 1413 158 471 1414 162 471 1415 164 472 1416 161 472 1417 168 472 1418 164 473 1419 169 473 1420 170 473 1421 163 474 1422 171 474 1423 172 474 1424 167 475 1425 159 475 1426 172 475 1427 168 476 1428 161 476 1429 167 476 1430 170 477 1431 169 477 1432 95 477 1433 170 478 1434 96 478 1435 97 478 1436 174 479 1437 165 479 1438 97 479 1439 99 480 1440 171 480 1441 174 480 1442 100 481 1443 172 481 1444 171 481 1445 173 482 1446 172 482 1447 100 482 1448 193 493 1479 192 493 1480 196 493 1481 199 494 1482 188 494 1483 195 494 1484 189 495 1485 188 495 1486 199 495 1487 189 496 1488 200 496 1489 201 496 1490 190 497 1491 201 497 1492 202 497 1493 195 498 1494 194 498 1495 203 498 1496 196 499 1497 202 499 1498 205 499 1499 203 500 1500 197 500 1501 208 500 1502 203 501 1503 209 501 1504 207 501 1505 211 502 1506 204 502 1507 207 502 1508 200 503 1509 204 503 1510 211 503 1511 200 504 1512 212 504 1513 213 504 1514 205 505 1515 201 505 1516 213 505 1517 217 506 1518 206 506 1519 214 506 1520 208 507 1521 206 507 1522 217 507 1523 219 508 1524 209 508 1525 208 508 1526 223 509 1527 212 509 1528 215 509 1529 217 510 1530 216 510 1531 224 510 1532 223 511 1533 222 511 1534 230 511 1535 225 512 1536 224 512 1537 232 512 1538 235 513 1539 227 513 1540 234 513 1541 238 514 1542 230 514 1543 235 514 1544 232 515 1545 228 515 1546 239 515 1547 238 516 1548 242 516 1549 243 516 1550 245 517 1551 233 517 1552 240 517 1553 243 518 1554 242 518 1555 250 518 1556 246 519 1557 241 519 1558 253 519 1559 250 520 1560 247 520 1561 255 520 1562 252 521 1563 257 521 1564 258 521 1565 261 522 1566 254 522 1567 253 522 1568 256 523 1569 255 523 1570 262 523 1571 256 524 1572 263 524 1573 264 524 1574 258 525 1575 257 525 1576 265 525 1577 262 526 1578 255 526 1579 261 526 1580 263 527 1581 188 527 1582 189 527 1583 264 528 1584 189 528 1585 190 528 1586 265 529 1587 259 529 1588 190 529 1589</p>
        </triangles>
        <triangles material="rim_002-material" count="54">
          <input semantic="VERTEX" source="#tire_stack_3_a200-mesh-vertices" offset="0"/>
          <input semantic="NORMAL" source="#tire_stack_3_a200-mesh-normals" offset="1"/>
          <input semantic="TEXCOORD" source="#tire_stack_3_a200-mesh-map-0" offset="2" set="0"/>
          <p>85 39 117 86 39 118 84 39 119 89 40 120 90 40 121 88 40 122 93 41 123 82 41 124 92 41 125 178 86 258 179 86 259 177 86 260 182 87 261 183 87 262 181 87 263 186 88 264 175 88 265 185 88 266 270 130 390 271 130 391 269 130 392 274 131 393 275 131 394 273 131 395 278 132 396 267 132 397 277 132 398 83 212 636 85 212 637 84 212 638 87 213 639 89 213 640 88 213 641 91 214 642 93 214 643 92 214 644 87 215 645 83 215 646 90 215 647 90 216 648 82 216 649 87 216 650 176 294 882 178 294 883 177 294 884 180 295 885 182 295 886 181 295 887 184 296 888 186 296 889 185 296 890 180 297 891 176 297 892 183 297 893 183 298 894 175 298 895 180 298 896 268 381 1143 270 381 1144 269 381 1145 272 382 1146 274 382 1147 273 382 1148 276 383 1149 278 383 1150 277 383 1151 272 384 1152 268 384 1153 275 384 1154 275 385 1155 267 385 1156 272 385 1157 83 430 1290 82 430 1291 90 430 1292 82 431 1293 93 431 1294 91 431 1295 90 432 1296 82 432 1297 91 432 1298 90 433 1299 89 433 1300 87 433 1301 87 434 1302 86 434 1303 83 434 1304 86 435 1305 85 435 1306 83 435 1307 82 436 1308 83 436 1309 87 436 1310 83 437 1311 84 437 1312 86 437 1313 87 438 1314 88 438 1315 90 438 1316 91 439 1317 92 439 1318 82 439 1319 176 483 1449 175 483 1450 183 483 1451 175 484 1452 186 484 1453 184 484 1454 183 485 1455 175 485 1456 184 485 1457 183 486 1458 182 486 1459 180 486 1460 180 487 1461 179 487 1462 176 487 1463 179 488 1464 178 488 1465 176 488 1466 175 489 1467 176 489 1468 180 489 1469 176 490 1470 177 490 1471 179 490 1472 180 491 1473 181 491 1474 183 491 1475 184 492 1476 185 492 1477 175 492 1478 268 530 1590 267 530 1591 275 530 1592 267 531 1593 278 531 1594 276 531 1595 275 532 1596 267 532 1597 276 532 1598 275 533 1599 274 533 1600 272 533 1601 272 534 1602 271 534 1603 268 534 1604 271 535 1605 270 535 1606 268 535 1607 267 536 1608 268 536 1609 272 536 1610 268 537 1611 269 537 1612 271 537 1613 272 538 1614 273 538 1615 275 538 1616 276 539 1617 277 539 1618 267 539 1619</p>
        </triangles>
      </mesh>
    </geometry>
    <geometry id="Colmesh_stack-1-mesh" name="Colmesh_stack-1">
      <mesh>
        <source id="Colmesh_stack-1-mesh-positions">
          <float_array id="Colmesh_stack-1-mesh-positions-array" count="48">0 0.38 0 0 0.38 0.6624 0.2687005 0.2687005 0 0.2687005 0.2687005 0.6624 0.38 0 0 0.38 0 0.6624 0.2687005 -0.2687005 0 0.2687005 -0.2687005 0.6624 0 -0.38 0 0 -0.38 0.6624 -0.2687005 -0.2687005 0 -0.2687005 -0.2687005 0.6624 -0.38 0 0 -0.38 0 0.6624 -0.2687005 0.2687005 0 -0.2687005 0.2687005 0.6624</float_array>
          <technique_common>
            <accessor source="#Colmesh_stack-1-mesh-positions-array" count="16" stride="3">
              <param name="X" type="float"/>
              <param name="Y" type="float"/>
              <param name="Z" type="float"/>
            </accessor>
          </technique_common>
        </source>
        <source id="Colmesh_stack-1-mesh-normals">
          <float_array id="Colmesh_stack-1-mesh-normals-array" count="84">0.3826834 0.9238795 0 0.9238795 0.3826834 0 0.9238795 -0.3826834 0 0.3826834 -0.9238795 0 -0.3826834 -0.9238795 0 -0.9238795 -0.3826834 0 0 0 1 -0.9238795 0.3826834 0 -0.3826834 0.9238795 0 0 0 -1 0.3826834 0.9238795 0 0.9238795 0.3826834 0 0.9238795 -0.3826834 0 0.3826834 -0.9238795 0 -0.3826834 -0.9238795 0 -0.9238795 -0.3826834 0 0 0 1 0 0 1 0 0 1 0 0 1 0 0 1 -0.9238795 0.3826834 0 -0.3826834 0.9238795 0 0 0 -1 0 0 -1 0 0 -1 0 0 -1 0 0 -1</float_array>
          <technique_common>
            <accessor source="#Colmesh_stack-1-mesh-normals-array" count="28" stride="3">
              <param name="X" type="float"/>
              <param name="Y" type="float"/>
              <param name="Z" type="float"/>
            </accessor>
          </technique_common>
        </source>
        <source id="Colmesh_stack-1-mesh-map-0">
          <float_array id="Colmesh_stack-1-mesh-map-0-array" count="168">1 1 0.875 0.5 1 0.5 0.875 1 0.75 0.5 0.875 0.5 0.75 1 0.625 0.5 0.75 0.5 0.625 1 0.5 0.5 0.625 0.5 0.5 1 0.375 0.5 0.5 0.5 0.375 1 0.25 0.5 0.375 0.5 0.4197056 0.08029437 0.49 0.25 0.00999999 0.25 0.25 1 0.125 0.5 0.25 0.5 0.125 1 0 0.5 0.125 0.5 0.51 0.25 0.5802944 0.4197056 0.9197056 0.08029437 1 1 0.875 1 0.875 0.5 0.875 1 0.75 1 0.75 0.5 0.75 1 0.625 1 0.625 0.5 0.625 1 0.5 1 0.5 0.5 0.5 1 0.375 1 0.375 0.5 0.375 1 0.25 1 0.25 0.5 0.49 0.25 0.4197056 0.4197056 0.25 0.49 0.25 0.49 0.08029437 0.4197056 0.49 0.25 0.08029437 0.4197056 0.00999999 0.25 0.49 0.25 0.00999999 0.25 0.08029437 0.08029437 0.25 0.00999999 0.25 0.00999999 0.4197056 0.08029437 0.00999999 0.25 0.25 1 0.125 1 0.125 0.5 0.125 1 0 1 0 0.5 0.5802944 0.4197056 0.75 0.49 0.9197056 0.4197056 0.9197056 0.4197056 0.99 0.25 0.5802944 0.4197056 0.99 0.25 0.9197056 0.08029437 0.5802944 0.4197056 0.9197056 0.08029437 0.75 0.00999999 0.5802944 0.08029437 0.5802944 0.08029437 0.51 0.25 0.9197056 0.08029437</float_array>
          <technique_common>
            <accessor source="#Colmesh_stack-1-mesh-map-0-array" count="84" stride="2">
              <param name="S" type="float"/>
              <param name="T" type="float"/>
            </accessor>
          </technique_common>
        </source>
        <vertices id="Colmesh_stack-1-mesh-vertices">
          <input semantic="POSITION" source="#Colmesh_stack-1-mesh-positions"/>
        </vertices>
        <triangles material="Colmesh_Material-material" count="28">
          <input semantic="VERTEX" source="#Colmesh_stack-1-mesh-vertices" offset="0"/>
          <input semantic="NORMAL" source="#Colmesh_stack-1-mesh-normals" offset="1"/>
          <input semantic="TEXCOORD" source="#Colmesh_stack-1-mesh-map-0" offset="2" set="0"/>
          <p>1 0 0 2 0 1 0 0 2 3 1 3 4 1 4 2 1 5 5 2 6 6 2 7 4 2 8 7 3 9 8 3 10 6 3 11 9 4 12 10 4 13 8 4 14 11 5 15 12 5 16 10 5 17 7 6 18 5 6 19 13 6 20 13 7 21 14 7 22 12 7 23 15 8 24 0 8 25 14 8 26 12 9 27 14 9 28 6 9 29 1 10 30 3 10 31 2 10 32 3 11 33 5 11 34 4 11 35 5 12 36 7 12 37 6 12 38 7 13 39 9 13 40 8 13 41 9 14 42 11 14 43 10 14 44 11 15 45 13 15 46 12 15 47 5 16 48 3 16 49 1 16 50 1 17 51 15 17 52 5 17 53 15 18 54 13 18 55 5 18 56 13 19 57 11 19 58 9 19 59 9 20 60 7 20 61 13 20 62 13 21 63 15 21 64 14 21 65 15 22 66 1 22 67 0 22 68 14 23 69 0 23 70 2 23 71 2 24 72 4 24 73 14 24 74 4 25 75 6 25 76 14 25 77 6 26 78 8 26 79 10 26 80 10 27 81 12 27 82 6 27 83</p>
        </triangles>
      </mesh>
    </geometry>
    <geometry id="tire_stack_3_a800-mesh" name="tire_stack_3_a800">
      <mesh>
        <source id="tire_stack_3_a800-mesh-positions">
          <float_array id="tire_stack_3_a800-mesh-positions-array" count="1656">0.38 0 0.12 0.3565685 0 0.1963675 0.3 0 0.228 0.2434315 0 0.1963675 0.22 0 0.12 0.2434315 0 0.04363244 0.3 0 0.01199996 0.3565685 0 0.04363244 0.3614014 0.1174264 0.12 0.3391168 0.1101857 0.1963675 0.285317 0.09270507 0.228 0.2315171 0.07522439 0.1963675 0.2092324 0.06798368 0.12 0.2315171 0.07522439 0.04363244 0.285317 0.09270507 0.01199996 0.3391168 0.1101857 0.04363244 0.3074265 0.2233583 0.12 0.28847 0.2095857 0.1963675 0.2427051 0.1763355 0.228 0.1969402 0.1430854 0.1963675 0.1779837 0.1293128 0.12 0.1969402 0.1430854 0.04363244 0.2427051 0.1763355 0.01199996 0.28847 0.2095857 0.04363244 0.2233583 0.3074265 0.12 0.2095857 0.28847 0.1963675 0.1763355 0.2427051 0.228 0.1430854 0.1969402 0.1963675 0.1293127 0.1779837 0.12 0.1430854 0.1969402 0.04363244 0.1763355 0.2427051 0.01199996 0.2095857 0.28847 0.04363244 0.1174265 0.3614014 0.12 0.1101858 0.3391168 0.1963675 0.09270513 0.285317 0.228 0.07522445 0.231517 0.1963675 0.06798374 0.2092324 0.12 0.07522445 0.231517 0.04363244 0.09270513 0.285317 0.01199996 0.1101858 0.3391168 0.04363244 0 0.38 0.12 0 0.3565685 0.1963675 0 0.3 0.228 0 0.2434315 0.1963675 0 0.22 0.12 0 0.2434315 0.04363244 0 0.3 0.01199996 0 0.3565685 0.04363244 -0.1174265 0.3614014 0.12 -0.1101858 0.3391168 0.1963675 -0.09270507 0.285317 0.228 -0.07522445 0.231517 0.1963675 -0.06798374 0.2092324 0.12 -0.07522445 0.231517 0.04363244 -0.09270507 0.285317 0.01199996 -0.1101858 0.3391168 0.04363244 -0.2233584 0.3074264 0.12 -0.2095857 0.28847 0.1963675 -0.1763356 0.2427051 0.228 -0.1430854 0.1969401 0.1963675 -0.1293128 0.1779837 0.12 -0.1430854 0.1969401 0.04363244 -0.1763356 0.2427051 0.01199996 -0.2095857 0.28847 0.04363244 -0.3074265 0.2233583 0.12 -0.2884701 0.2095856 0.1963675 -0.2427051 0.1763355 0.228 -0.1969402 0.1430853 0.1963675 -0.1779838 0.1293127 0.12 -0.1969402 0.1430853 0.04363244 -0.2427051 0.1763355 0.01199996 -0.2884701 0.2095856 0.04363244 -0.3614014 0.1174265 0.12 -0.3391168 0.1101858 0.1963675 -0.285317 0.09270507 0.228 -0.231517 0.07522445 0.1963675 -0.2092324 0.06798374 0.12 -0.231517 0.07522445 0.04363244 -0.285317 0.09270507 0.01199996 -0.3391168 0.1101858 0.04363244 -0.38 0 0.12 -0.3565685 0 0.1963675 -0.3 0 0.228 -0.2434315 0 0.1963675 -0.22 0 0.12 -0.2434315 0 0.04363244 -0.3 0 0.01199996 -0.3565685 0 0.04363244 -0.3614015 -0.1174263 0.12 -0.3391169 -0.1101856 0.1963675 -0.285317 -0.09270495 0.228 -0.2315171 -0.07522433 0.1963675 -0.2092325 -0.06798362 0.12 -0.2315171 -0.07522433 0.04363244 -0.285317 -0.09270495 0.01199996 -0.3391169 -0.1101856 0.04363244 -0.3074265 -0.2233583 0.12 -0.2884701 -0.2095856 0.1963675 -0.2427051 -0.1763355 0.228 -0.1969402 -0.1430853 0.1963675 -0.1779838 -0.1293127 0.12 -0.1969402 -0.1430853 0.04363244 -0.2427051 -0.1763355 0.01199996 -0.2884701 -0.2095856 0.04363244 -0.2233584 -0.3074264 0.12 -0.2095857 -0.28847 0.1963675 -0.1763356 -0.2427051 0.228 -0.1430854 -0.1969401 0.1963675 -0.1293128 -0.1779837 0.12 -0.1430854 -0.1969401 0.04363244 -0.1763356 -0.2427051 0.01199996 -0.2095857 -0.28847 0.04363244 -0.1174265 -0.3614014 0.12 -0.1101858 -0.3391168 0.1963675 -0.09270507 -0.285317 0.228 -0.07522445 -0.231517 0.1963675 -0.06798374 -0.2092324 0.12 -0.07522445 -0.231517 0.04363244 -0.09270507 -0.285317 0.01199996 -0.1101858 -0.3391168 0.04363244 0 -0.38 0.12 0 -0.3565685 0.1963675 0 -0.3 0.228 0 -0.2434315 0.1963675 0 -0.22 0.12 0 -0.2434315 0.04363244 0 -0.3 0.01199996 0 -0.3565685 0.04363244 0.1174265 -0.3614014 0.12 0.1101858 -0.3391168 0.1963675 0.09270513 -0.285317 0.228 0.07522445 -0.231517 0.1963675 0.06798374 -0.2092324 0.12 0.07522445 -0.231517 0.04363244 0.09270513 -0.285317 0.01199996 0.1101858 -0.3391168 0.04363244 0.2233582 -0.3074266 0.12 0.2095856 -0.2884702 0.1963675 0.1763354 -0.2427052 0.228 0.1430853 -0.1969403 0.1963675 0.1293126 -0.1779838 0.12 0.1430853 -0.1969403 0.04363244 0.1763354 -0.2427052 0.01199996 0.2095856 -0.2884702 0.04363244 0.3074263 -0.2233585 0.12 0.2884699 -0.2095859 0.1963675 0.242705 -0.1763357 0.228 0.1969401 -0.1430855 0.1963675 0.1779837 -0.1293128 0.12 0.1969401 -0.1430855 0.04363244 0.242705 -0.1763357 0.01199996 0.2884699 -0.2095859 0.04363244 0.3614014 -0.1174266 0.12 0.3391168 -0.1101858 0.1963675 0.285317 -0.09270519 0.228 0.231517 -0.07522451 0.1963675 0.2092324 -0.0679838 0.12 0.231517 -0.07522451 0.04363244 0.285317 -0.09270519 0.01199996 0.3391168 -0.1101858 0.04363244 0 0.22 0.09999996 0 0.22 0.14 0.11 0.1905255 0.09999996 0.11 0.1905255 0.14 0.1905255 0.11 0.09999996 0.1905255 0.11 0.14 0.22 0 0.09999996 0.22 0 0.14 0.1905255 -0.11 0.09999996 0.1905255 -0.11 0.14 0.11 -0.1905255 0.09999996 0.11 -0.1905255 0.14 0 -0.22 0.09999996 0 -0.22 0.14 -0.11 -0.1905255 0.09999996 -0.11 -0.1905255 0.14 -0.1905255 -0.11 0.09999996 -0.1905255 -0.11 0.14 -0.22 0 0.09999996 -0.22 0 0.14 -0.1905255 0.11 0.09999996 -0.1905255 0.11 0.14 -0.11 0.1905255 0.09999996 -0.11 0.1905255 0.14 0.38 0 0.3408 0.3565685 0 0.4171675 0.3 0 0.4488 0.2434315 0 0.4171675 0.22 0 0.3408 0.2434315 0 0.2644324 0.3 0 0.2328 0.3565685 0 0.2644324 0.3614014 0.1174264 0.3408 0.3391168 0.1101857 0.4171675 0.285317 0.09270507 0.4488 0.2315171 0.07522439 0.4171675 0.2092324 0.06798368 0.3408 0.2315171 0.07522439 0.2644324 0.285317 0.09270507 0.2328 0.3391168 0.1101857 0.2644324 0.3074265 0.2233583 0.3408 0.28847 0.2095857 0.4171675 0.2427051 0.1763355 0.4488 0.1969402 0.1430854 0.4171675 0.1779837 0.1293128 0.3408 0.1969402 0.1430854 0.2644324 0.2427051 0.1763355 0.2328 0.28847 0.2095857 0.2644324 0.2233583 0.3074265 0.3408 0.2095857 0.28847 0.4171675 0.1763355 0.2427051 0.4488 0.1430854 0.1969402 0.4171675 0.1293127 0.1779837 0.3408 0.1430854 0.1969402 0.2644324 0.1763355 0.2427051 0.2328 0.2095857 0.28847 0.2644324 0.1174265 0.3614014 0.3408 0.1101858 0.3391168 0.4171675 0.09270513 0.285317 0.4488 0.07522445 0.231517 0.4171675 0.06798374 0.2092324 0.3408 0.07522445 0.231517 0.2644324 0.09270513 0.285317 0.2328 0.1101858 0.3391168 0.2644324 0 0.38 0.3408 0 0.3565685 0.4171675 0 0.3 0.4488 0 0.2434315 0.4171675 0 0.22 0.3408 0 0.2434315 0.2644324 0 0.3 0.2328 0 0.3565685 0.2644324 -0.1174265 0.3614014 0.3408 -0.1101858 0.3391168 0.4171675 -0.09270507 0.285317 0.4488 -0.07522445 0.231517 0.4171675 -0.06798374 0.2092324 0.3408 -0.07522445 0.231517 0.2644324 -0.09270507 0.285317 0.2328 -0.1101858 0.3391168 0.2644324 -0.2233584 0.3074264 0.3408 -0.2095857 0.28847 0.4171675 -0.1763356 0.2427051 0.4488 -0.1430854 0.1969401 0.4171675 -0.1293128 0.1779837 0.3408 -0.1430854 0.1969401 0.2644324 -0.1763356 0.2427051 0.2328 -0.2095857 0.28847 0.2644324 -0.3074265 0.2233583 0.3408 -0.2884701 0.2095856 0.4171675 -0.2427051 0.1763355 0.4488 -0.1969402 0.1430853 0.4171675 -0.1779838 0.1293127 0.3408 -0.1969402 0.1430853 0.2644324 -0.2427051 0.1763355 0.2328 -0.2884701 0.2095856 0.2644324 -0.3614014 0.1174265 0.3408 -0.3391168 0.1101858 0.4171675 -0.285317 0.09270507 0.4488 -0.231517 0.07522445 0.4171675 -0.2092324 0.06798374 0.3408 -0.231517 0.07522445 0.2644324 -0.285317 0.09270507 0.2328 -0.3391168 0.1101858 0.2644324 -0.38 0 0.3408 -0.3565685 0 0.4171675 -0.3 0 0.4488 -0.2434315 0 0.4171675 -0.22 0 0.3408 -0.2434315 0 0.2644324 -0.3 0 0.2328 -0.3565685 0 0.2644324 -0.3614015 -0.1174263 0.3408 -0.3391169 -0.1101856 0.4171675 -0.285317 -0.09270495 0.4488 -0.2315171 -0.07522433 0.4171675 -0.2092325 -0.06798362 0.3408 -0.2315171 -0.07522433 0.2644324 -0.285317 -0.09270495 0.2328 -0.3391169 -0.1101856 0.2644324 -0.3074265 -0.2233583 0.3408 -0.2884701 -0.2095856 0.4171675 -0.2427051 -0.1763355 0.4488 -0.1969402 -0.1430853 0.4171675 -0.1779838 -0.1293127 0.3408 -0.1969402 -0.1430853 0.2644324 -0.2427051 -0.1763355 0.2328 -0.2884701 -0.2095856 0.2644324 -0.2233584 -0.3074264 0.3408 -0.2095857 -0.28847 0.4171675 -0.1763356 -0.2427051 0.4488 -0.1430854 -0.1969401 0.4171675 -0.1293128 -0.1779837 0.3408 -0.1430854 -0.1969401 0.2644324 -0.1763356 -0.2427051 0.2328 -0.2095857 -0.28847 0.2644324 -0.1174265 -0.3614014 0.3408 -0.1101858 -0.3391168 0.4171675 -0.09270507 -0.285317 0.4488 -0.07522445 -0.231517 0.4171675 -0.06798374 -0.2092324 0.3408 -0.07522445 -0.231517 0.2644324 -0.09270507 -0.285317 0.2328 -0.1101858 -0.3391168 0.2644324 0 -0.38 0.3408 0 -0.3565685 0.4171675 0 -0.3 0.4488 0 -0.2434315 0.4171675 0 -0.22 0.3408 0 -0.2434315 0.2644324 0 -0.3 0.2328 0 -0.3565685 0.2644324 0.1174265 -0.3614014 0.3408 0.1101858 -0.3391168 0.4171675 0.09270513 -0.285317 0.4488 0.07522445 -0.231517 0.4171675 0.06798374 -0.2092324 0.3408 0.07522445 -0.231517 0.2644324 0.09270513 -0.285317 0.2328 0.1101858 -0.3391168 0.2644324 0.2233582 -0.3074266 0.3408 0.2095856 -0.2884702 0.4171675 0.1763354 -0.2427052 0.4488 0.1430853 -0.1969403 0.4171675 0.1293126 -0.1779838 0.3408 0.1430853 -0.1969403 0.2644324 0.1763354 -0.2427052 0.2328 0.2095856 -0.2884702 0.2644324 0.3074263 -0.2233585 0.3408 0.2884699 -0.2095859 0.4171675 0.242705 -0.1763357 0.4488 0.1969401 -0.1430855 0.4171675 0.1779837 -0.1293128 0.3408 0.1969401 -0.1430855 0.2644324 0.242705 -0.1763357 0.2328 0.2884699 -0.2095859 0.2644324 0.3614014 -0.1174266 0.3408 0.3391168 -0.1101858 0.4171675 0.285317 -0.09270519 0.4488 0.231517 -0.07522451 0.4171675 0.2092324 -0.0679838 0.3408 0.231517 -0.07522451 0.2644324 0.285317 -0.09270519 0.2328 0.3391168 -0.1101858 0.2644324 0 0.22 0.3208 0 0.22 0.3608 0.11 0.1905255 0.3208 0.11 0.1905255 0.3608 0.1905255 0.11 0.3208 0.1905255 0.11 0.3608 0.22 0 0.3208 0.22 0 0.3608 0.1905255 -0.11 0.3208 0.1905255 -0.11 0.3608 0.11 -0.1905255 0.3208 0.11 -0.1905255 0.3608 0 -0.22 0.3208 0 -0.22 0.3608 -0.11 -0.1905255 0.3208 -0.11 -0.1905255 0.3608 -0.1905255 -0.11 0.3208 -0.1905255 -0.11 0.3608 -0.22 0 0.3208 -0.22 0 0.3608 -0.1905255 0.11 0.3208 -0.1905255 0.11 0.3608 -0.11 0.1905255 0.3208 -0.11 0.1905255 0.3608 0.38 0 0.5616 0.3565685 0 0.6379676 0.3 0 0.6696 0.2434315 0 0.6379676 0.22 0 0.5616 0.2434315 0 0.4852325 0.3 0 0.4536 0.3565685 0 0.4852325 0.3614014 0.1174264 0.5616 0.3391168 0.1101857 0.6379676 0.285317 0.09270507 0.6696 0.2315171 0.07522439 0.6379676 0.2092324 0.06798368 0.5616 0.2315171 0.07522439 0.4852325 0.285317 0.09270507 0.4536 0.3391168 0.1101857 0.4852325 0.3074265 0.2233583 0.5616 0.28847 0.2095857 0.6379676 0.2427051 0.1763355 0.6696 0.1969402 0.1430854 0.6379676 0.1779837 0.1293128 0.5616 0.1969402 0.1430854 0.4852325 0.2427051 0.1763355 0.4536 0.28847 0.2095857 0.4852325 0.2233583 0.3074265 0.5616 0.2095857 0.28847 0.6379676 0.1763355 0.2427051 0.6696 0.1430854 0.1969402 0.6379676 0.1293127 0.1779837 0.5616 0.1430854 0.1969402 0.4852325 0.1763355 0.2427051 0.4536 0.2095857 0.28847 0.4852325 0.1174265 0.3614014 0.5616 0.1101858 0.3391168 0.6379676 0.09270513 0.285317 0.6696 0.07522445 0.231517 0.6379676 0.06798374 0.2092324 0.5616 0.07522445 0.231517 0.4852325 0.09270513 0.285317 0.4536 0.1101858 0.3391168 0.4852325 0 0.38 0.5616 0 0.3565685 0.6379676 0 0.3 0.6696 0 0.2434315 0.6379676 0 0.22 0.5616 0 0.2434315 0.4852325 0 0.3 0.4536 0 0.3565685 0.4852325 -0.1174265 0.3614014 0.5616 -0.1101858 0.3391168 0.6379676 -0.09270507 0.285317 0.6696 -0.07522445 0.231517 0.6379676 -0.06798374 0.2092324 0.5616 -0.07522445 0.231517 0.4852325 -0.09270507 0.285317 0.4536 -0.1101858 0.3391168 0.4852325 -0.2233584 0.3074264 0.5616 -0.2095857 0.28847 0.6379676 -0.1763356 0.2427051 0.6696 -0.1430854 0.1969401 0.6379676 -0.1293128 0.1779837 0.5616 -0.1430854 0.1969401 0.4852325 -0.1763356 0.2427051 0.4536 -0.2095857 0.28847 0.4852325 -0.3074265 0.2233583 0.5616 -0.2884701 0.2095856 0.6379676 -0.2427051 0.1763355 0.6696 -0.1969402 0.1430853 0.6379676 -0.1779838 0.1293127 0.5616 -0.1969402 0.1430853 0.4852325 -0.2427051 0.1763355 0.4536 -0.2884701 0.2095856 0.4852325 -0.3614014 0.1174265 0.5616 -0.3391168 0.1101858 0.6379676 -0.285317 0.09270507 0.6696 -0.231517 0.07522445 0.6379676 -0.2092324 0.06798374 0.5616 -0.231517 0.07522445 0.4852325 -0.285317 0.09270507 0.4536 -0.3391168 0.1101858 0.4852325 -0.38 0 0.5616 -0.3565685 0 0.6379676 -0.3 0 0.6696 -0.2434315 0 0.6379676 -0.22 0 0.5616 -0.2434315 0 0.4852325 -0.3 0 0.4536 -0.3565685 0 0.4852325 -0.3614015 -0.1174263 0.5616 -0.3391169 -0.1101856 0.6379676 -0.285317 -0.09270495 0.6696 -0.2315171 -0.07522433 0.6379676 -0.2092325 -0.06798362 0.5616 -0.2315171 -0.07522433 0.4852325 -0.285317 -0.09270495 0.4536 -0.3391169 -0.1101856 0.4852325 -0.3074265 -0.2233583 0.5616 -0.2884701 -0.2095856 0.6379676 -0.2427051 -0.1763355 0.6696 -0.1969402 -0.1430853 0.6379676 -0.1779838 -0.1293127 0.5616 -0.1969402 -0.1430853 0.4852325 -0.2427051 -0.1763355 0.4536 -0.2884701 -0.2095856 0.4852325 -0.2233584 -0.3074264 0.5616 -0.2095857 -0.28847 0.6379676 -0.1763356 -0.2427051 0.6696 -0.1430854 -0.1969401 0.6379676 -0.1293128 -0.1779837 0.5616 -0.1430854 -0.1969401 0.4852325 -0.1763356 -0.2427051 0.4536 -0.2095857 -0.28847 0.4852325 -0.1174265 -0.3614014 0.5616 -0.1101858 -0.3391168 0.6379676 -0.09270507 -0.285317 0.6696 -0.07522445 -0.231517 0.6379676 -0.06798374 -0.2092324 0.5616 -0.07522445 -0.231517 0.4852325 -0.09270507 -0.285317 0.4536 -0.1101858 -0.3391168 0.4852325 0 -0.38 0.5616 0 -0.3565685 0.6379676 0 -0.3 0.6696 0 -0.2434315 0.6379676 0 -0.22 0.5616 0 -0.2434315 0.4852325 0 -0.3 0.4536 0 -0.3565685 0.4852325 0.1174265 -0.3614014 0.5616 0.1101858 -0.3391168 0.6379676 0.09270513 -0.285317 0.6696 0.07522445 -0.231517 0.6379676 0.06798374 -0.2092324 0.5616 0.07522445 -0.231517 0.4852325 0.09270513 -0.285317 0.4536 0.1101858 -0.3391168 0.4852325 0.2233582 -0.3074266 0.5616 0.2095856 -0.2884702 0.6379676 0.1763354 -0.2427052 0.6696 0.1430853 -0.1969403 0.6379676 0.1293126 -0.1779838 0.5616 0.1430853 -0.1969403 0.4852325 0.1763354 -0.2427052 0.4536 0.2095856 -0.2884702 0.4852325 0.3074263 -0.2233585 0.5616 0.2884699 -0.2095859 0.6379676 0.242705 -0.1763357 0.6696 0.1969401 -0.1430855 0.6379676 0.1779837 -0.1293128 0.5616 0.1969401 -0.1430855 0.4852325 0.242705 -0.1763357 0.4536 0.2884699 -0.2095859 0.4852325 0.3614014 -0.1174266 0.5616 0.3391168 -0.1101858 0.6379676 0.285317 -0.09270519 0.6696 0.231517 -0.07522451 0.6379676 0.2092324 -0.0679838 0.5616 0.231517 -0.07522451 0.4852325 0.285317 -0.09270519 0.4536 0.3391168 -0.1101858 0.4852325 0 0.22 0.5416001 0 0.22 0.5816 0.11 0.1905255 0.5416001 0.11 0.1905255 0.5816 0.1905255 0.11 0.5416001 0.1905255 0.11 0.5816 0.22 0 0.5416001 0.22 0 0.5816 0.1905255 -0.11 0.5416001 0.1905255 -0.11 0.5816 0.11 -0.1905255 0.5416001 0.11 -0.1905255 0.5816 0 -0.22 0.5416001 0 -0.22 0.5816 -0.11 -0.1905255 0.5416001 -0.11 -0.1905255 0.5816 -0.1905255 -0.11 0.5416001 -0.1905255 -0.11 0.5816 -0.22 0 0.5416001 -0.22 0 0.5816 -0.1905255 0.11 0.5416001 -0.1905255 0.11 0.5816 -0.11 0.1905255 0.5416001 -0.11 0.1905255 0.5816</float_array>
          <technique_common>
            <accessor source="#tire_stack_3_a800-mesh-positions-array" count="552" stride="3">
              <param name="X" type="float"/>
              <param name="Y" type="float"/>
              <param name="Z" type="float"/>
            </accessor>
          </technique_common>
        </source>
        <source id="tire_stack_3_a800-mesh-normals">
          <float_array id="tire_stack_3_a800-mesh-normals-array" count="3276">0.9452374 0.1497109 0.2900222 0.4866123 0.07707184 0.8702117 -0.4866122 -0.07707178 0.8702118 -0.9452375 -0.1497108 0.2900223 -0.9452374 -0.1497109 -0.2900222 -0.4866122 -0.07707172 -0.8702118 0.4866123 0.07707178 -0.8702117 0.9452374 0.1497109 -0.2900222 0.8527111 0.4344777 0.2900222 0.4389794 0.2236711 0.8702117 -0.4389792 -0.223671 0.8702118 -0.852711 -0.4344779 0.2900223 -0.852711 -0.4344779 -0.2900223 -0.4389792 -0.223671 -0.8702118 0.4389793 0.2236711 -0.8702117 0.8527111 0.4344777 -0.2900222 0.6767151 0.6767155 0.2900221 0.3483757 0.3483759 0.8702117 -0.3483759 -0.3483759 0.8702118 -0.6767152 -0.6767154 0.2900223 -0.6767151 -0.6767154 -0.2900222 -0.3483759 -0.3483759 -0.8702118 0.3483757 0.348376 -0.8702117 0.6767151 0.6767155 -0.2900221 0.4344781 0.8527109 0.2900224 0.2236711 0.4389793 0.8702117 -0.2236711 -0.4389792 0.8702117 -0.4344781 -0.8527109 0.2900223 -0.4344781 -0.8527109 -0.2900223 -0.2236711 -0.4389793 -0.8702117 0.2236711 0.4389792 -0.8702117 0.4344781 0.8527109 -0.2900224 0.1497108 0.9452373 0.2900225 0.07707184 0.4866123 0.8702117 -0.07707184 -0.4866122 0.8702117 -0.1497108 -0.9452373 0.2900223 -0.149711 -0.9452373 -0.2900224 -0.0770719 -0.4866123 -0.8702117 0.0770719 0.4866123 -0.8702117 0.149711 0.9452373 -0.2900225 -0.1497108 0.9452373 0.2900222 -0.0770719 0.4866123 0.8702117 0.07707184 -0.4866123 0.8702118 0.1497109 -0.9452374 0.2900222 0.1497108 -0.9452373 -0.2900222 0.07707184 -0.4866122 -0.8702117 -0.0770719 0.4866123 -0.8702117 -0.1497108 0.9452373 -0.2900222 -0.4344779 0.852711 0.2900224 -0.2236711 0.4389793 0.8702117 0.2236711 -0.4389793 0.8702118 0.434478 -0.852711 0.2900223 0.4344778 -0.852711 -0.2900223 0.2236711 -0.4389793 -0.8702118 -0.223671 0.4389793 -0.8702117 -0.4344779 0.8527109 -0.2900224 -0.6767155 0.676715 0.2900223 -0.348376 0.3483759 0.8702117 0.3483759 -0.3483757 0.8702118 0.6767155 -0.6767151 0.2900223 0.6767154 -0.6767151 -0.2900222 0.3483759 -0.3483758 -0.8702118 -0.348376 0.3483759 -0.8702117 -0.6767155 0.676715 -0.2900223 -0.852711 0.4344779 0.2900221 -0.4389793 0.2236709 0.8702117 0.4389793 -0.2236708 0.8702118 0.8527111 -0.4344777 0.2900223 0.8527111 -0.4344777 -0.2900223 0.4389793 -0.2236709 -0.8702118 -0.4389794 0.223671 -0.8702117 -0.852711 0.4344779 -0.2900221 -0.9452372 0.1497111 0.2900225 -0.4866123 0.0770719 0.8702117 0.4866123 -0.0770719 0.8702117 0.9452373 -0.149711 0.2900223 0.9452373 -0.1497111 -0.2900223 0.4866123 -0.07707184 -0.8702117 -0.4866123 0.07707196 -0.8702117 -0.9452372 0.1497111 -0.2900224 -0.9452375 -0.1497106 0.2900223 -0.4866123 -0.07707166 0.8702117 0.4866122 0.0770716 0.8702118 0.9452375 0.1497106 0.2900223 0.9452375 0.1497106 -0.2900223 0.4866122 0.0770716 -0.8702118 -0.4866123 -0.07707166 -0.8702117 -0.9452375 -0.1497105 -0.2900223 -0.8527112 -0.4344777 0.2900221 -0.4389793 -0.2236709 0.8702118 0.4389793 0.223671 0.8702117 0.8527112 0.4344777 0.2900223 0.8527112 0.4344777 -0.2900223 0.4389793 0.223671 -0.8702117 -0.4389793 -0.2236709 -0.8702118 -0.8527112 -0.4344777 -0.2900221 -0.6767154 -0.6767152 0.2900221 -0.348376 -0.3483759 0.8702117 0.3483759 0.3483757 0.8702118 0.6767154 0.6767151 0.2900223 0.6767154 0.676715 -0.2900223 0.3483759 0.3483757 -0.8702118 -0.348376 -0.3483759 -0.8702117 -0.6767154 -0.6767152 -0.2900221 -0.4344779 -0.8527109 0.2900224 -0.2236711 -0.4389794 0.8702117 0.223671 0.4389792 0.8702118 0.434478 0.852711 0.2900223 0.4344779 0.852711 -0.2900222 0.223671 0.4389793 -0.8702118 -0.2236711 -0.4389794 -0.8702117 -0.4344779 -0.852711 -0.2900223 -0.149711 -0.9452373 0.2900225 -0.0770719 -0.4866123 0.8702117 0.07707178 0.4866123 0.8702117 0.149711 0.9452373 0.2900223 0.149711 0.9452373 -0.2900223 0.07707178 0.4866123 -0.8702117 -0.0770719 -0.4866123 -0.8702117 -0.149711 -0.9452373 -0.2900225 0.1497108 -0.9452373 0.2900222 0.0770719 -0.4866123 0.8702117 -0.07707178 0.4866122 0.8702118 -0.1497108 0.9452373 0.2900222 -0.149711 0.9452373 -0.2900223 -0.07707178 0.4866122 -0.8702118 0.07707184 -0.4866123 -0.8702117 0.149711 -0.9452373 -0.2900222 0.4344778 -0.852711 0.2900225 0.223671 -0.4389793 0.8702118 -0.2236711 0.4389793 0.8702118 -0.434478 0.852711 0.2900223 -0.4344779 0.852711 -0.2900224 -0.2236711 0.4389793 -0.8702117 0.223671 -0.4389793 -0.8702118 0.4344778 -0.852711 -0.2900225 0.676715 -0.6767155 0.2900223 0.3483757 -0.348376 0.8702118 -0.3483756 0.348376 0.8702118 -0.676715 0.6767156 0.290022 -0.676715 0.6767156 -0.290022 -0.3483756 0.348376 -0.8702118 0.3483757 -0.3483761 -0.8702117 0.676715 -0.6767155 -0.2900223 0.8527107 -0.4344784 0.2900221 0.4389792 -0.2236713 0.8702117 -0.4389791 0.2236713 0.8702118 -0.8527108 0.4344783 0.2900223 -0.8527109 0.4344782 -0.2900222 -0.4389791 0.2236713 -0.8702117 0.4389791 -0.2236713 -0.8702117 0.8527109 -0.4344784 -0.2900221 0.9452374 -0.149711 0.2900221 0.4866123 -0.07707184 0.8702117 -0.4866122 0.07707178 0.8702118 -0.9452374 0.1497109 0.2900223 -0.9452374 0.1497109 -0.2900224 -0.4866122 0.07707178 -0.8702117 0.4866123 -0.07707184 -0.8702117 0.9452374 -0.149711 -0.2900221 0.258819 0.9659258 0 0.7071068 0.7071068 0 0.9659258 0.258819 0 0.9659258 -0.258819 0 0.7071068 -0.7071068 0 0.258819 -0.9659258 0 -0.258819 -0.9659258 0 -0.7071068 -0.7071068 0 -0.9659258 -0.258819 0 -0.9659258 0.258819 0 0 0 1 -0.7071068 0.7071068 0 -0.258819 0.9659258 0 0 0 -1 0.9452374 0.149711 0.2900223 0.4866124 0.07707184 0.8702116 -0.4866124 -0.07707178 0.8702117 -0.9452374 -0.1497108 0.2900223 -0.9452374 -0.1497108 -0.2900223 -0.4866124 -0.07707172 -0.8702117 0.4866124 0.07707184 -0.8702116 0.9452374 0.1497109 -0.2900223 0.8527111 0.4344777 0.2900222 0.4389795 0.2236712 0.8702116 -0.4389795 -0.2236711 0.8702117 -0.852711 -0.4344778 0.2900223 -0.852711 -0.4344778 -0.2900223 -0.4389795 -0.2236711 -0.8702117 0.4389795 0.2236712 -0.8702116 0.8527112 0.4344777 -0.2900222 0.6767151 0.6767155 0.2900221 0.3483759 0.3483761 0.8702117 -0.348376 -0.3483761 0.8702116 -0.6767152 -0.6767154 0.2900223 -0.6767151 -0.6767154 -0.2900223 -0.348376 -0.3483761 -0.8702116 0.3483759 0.3483761 -0.8702117 0.6767151 0.6767155 -0.2900221 0.434478 0.8527109 0.2900224 0.2236713 0.4389795 0.8702117 -0.2236712 -0.4389794 0.8702117 -0.4344781 -0.8527109 0.2900223 -0.4344781 -0.8527109 -0.2900224 -0.2236712 -0.4389794 -0.8702117 0.2236713 0.4389794 -0.8702117 0.4344781 0.8527109 -0.2900224 0.1497108 0.9452373 0.2900225 0.0770719 0.4866124 0.8702116 -0.0770719 -0.4866124 0.8702116 -0.1497108 -0.9452373 0.2900224 -0.149711 -0.9452373 -0.2900224 -0.0770719 -0.4866125 -0.8702116 0.0770719 0.4866125 -0.8702116 0.149711 0.9452373 -0.2900226 -0.1497108 0.9452373 0.2900223 -0.0770719 0.4866125 0.8702116 0.0770719 -0.4866124 0.8702116 0.1497108 -0.9452374 0.2900223 0.1497108 -0.9452373 -0.2900223 0.0770719 -0.4866124 -0.8702117 -0.0770719 0.4866125 -0.8702116 -0.149711 0.9452373 -0.2900223 -0.4344779 0.8527109 0.2900224 -0.2236711 0.4389795 0.8702116 0.2236712 -0.4389795 0.8702116 0.4344779 -0.852711 0.2900223 0.4344778 -0.852711 -0.2900223 0.2236711 -0.4389795 -0.8702116 -0.2236711 0.4389795 -0.8702116 -0.4344779 0.8527109 -0.2900225 -0.6767154 0.676715 0.2900224 -0.3483762 0.348376 0.8702116 0.3483761 -0.3483759 0.8702117 0.6767155 -0.676715 0.2900223 0.6767155 -0.676715 -0.2900223 0.3483761 -0.3483759 -0.8702116 -0.3483762 0.348376 -0.8702116 -0.6767155 0.676715 -0.2900223 -0.8527111 0.4344779 0.2900221 -0.4389796 0.223671 0.8702116 0.4389794 -0.223671 0.8702117 0.8527111 -0.4344777 0.2900223 0.852711 -0.4344777 -0.2900223 0.4389794 -0.223671 -0.8702117 -0.4389795 0.223671 -0.8702116 -0.852711 0.4344779 -0.2900221 -0.9452372 0.1497111 0.2900226 -0.4866124 0.07707196 0.8702116 0.4866124 -0.0770719 0.8702116 0.9452373 -0.149711 0.2900224 0.9452373 -0.149711 -0.2900223 0.4866124 -0.07707184 -0.8702116 -0.4866125 0.07707196 -0.8702116 -0.9452372 0.1497111 -0.2900225 -0.9452375 -0.1497106 0.2900223 -0.4866124 -0.07707172 0.8702116 0.4866124 0.0770716 0.8702117 0.9452374 0.1497106 0.2900223 0.9452374 0.1497106 -0.2900223 0.4866124 0.0770716 -0.8702117 -0.4866124 -0.07707172 -0.8702117 -0.9452375 -0.1497105 -0.2900223 -0.8527112 -0.4344776 0.2900221 -0.4389795 -0.223671 0.8702117 0.4389795 0.223671 0.8702116 0.8527112 0.4344776 0.2900223 0.8527111 0.4344776 -0.2900223 0.4389795 0.223671 -0.8702116 -0.4389795 -0.223671 -0.8702117 -0.8527112 -0.4344776 -0.2900221 -0.6767154 -0.6767151 0.2900221 -0.3483762 -0.348376 0.8702116 0.348376 0.3483759 0.8702117 0.6767155 0.676715 0.2900223 0.6767154 0.6767151 -0.2900223 0.348376 0.3483759 -0.8702117 -0.3483761 -0.348376 -0.8702117 -0.6767154 -0.6767151 -0.2900221 -0.4344779 -0.852711 0.2900224 -0.2236712 -0.4389795 0.8702116 0.2236711 0.4389794 0.8702116 0.4344779 0.852711 0.2900223 0.4344779 0.852711 -0.2900222 0.2236711 0.4389794 -0.8702116 -0.2236712 -0.4389795 -0.8702116 -0.4344779 -0.852711 -0.2900224 -0.1497108 -0.9452373 0.2900225 -0.0770719 -0.4866125 0.8702116 0.07707184 0.4866124 0.8702116 0.149711 0.9452373 0.2900223 0.149711 0.9452373 -0.2900223 0.07707184 0.4866125 -0.8702116 -0.0770719 -0.4866125 -0.8702116 -0.149711 -0.9452373 -0.2900225 0.1497108 -0.9452373 0.2900223 0.0770719 -0.4866124 0.8702116 -0.07707178 0.4866124 0.8702117 -0.1497108 0.9452374 0.2900223 -0.149711 0.9452374 -0.2900223 -0.07707178 0.4866124 -0.8702117 0.0770719 -0.4866125 -0.8702116 0.149711 -0.9452373 -0.2900223 0.4344778 -0.852711 0.2900226 0.2236711 -0.4389795 0.8702116 -0.2236711 0.4389793 0.8702116 -0.4344779 0.852711 0.2900224 -0.4344779 0.8527109 -0.2900224 -0.2236712 0.4389795 -0.8702117 0.223671 -0.4389795 -0.8702116 0.4344778 -0.852711 -0.2900226 0.676715 -0.6767155 0.2900223 0.3483759 -0.3483762 0.8702117 -0.3483757 0.3483762 0.8702117 -0.6767148 0.6767157 0.2900221 -0.676715 0.6767156 -0.290022 -0.3483757 0.3483762 -0.8702117 0.3483759 -0.3483762 -0.8702117 0.676715 -0.6767155 -0.2900223 0.8527108 -0.4344784 0.2900221 0.4389793 -0.2236714 0.8702116 -0.4389793 0.2236714 0.8702117 -0.8527109 0.4344782 0.2900222 -0.8527109 0.4344782 -0.2900223 -0.4389793 0.2236713 -0.8702116 0.4389793 -0.2236714 -0.8702116 0.8527109 -0.4344784 -0.2900221 0.9452374 -0.149711 0.2900222 0.4866124 -0.07707184 0.8702116 -0.4866123 0.07707184 0.8702117 -0.9452373 0.1497109 0.2900223 -0.9452373 0.1497111 -0.2900224 -0.4866123 0.07707184 -0.8702116 0.4866124 -0.07707184 -0.8702116 0.9452374 -0.1497109 -0.2900222 0.2588191 0.9659259 0 0.7071068 0.7071068 0 0.9659259 0.2588191 0 0.9659259 -0.2588191 0 0.7071068 -0.7071068 0 0.2588191 -0.9659259 0 -0.2588191 -0.9659259 0 -0.7071068 -0.7071068 0 -0.9659259 -0.2588191 0 -0.9659259 0.2588191 0 0 0 1 -0.7071068 0.7071068 0 -0.2588191 0.9659259 0 0 0 -1 0.9452375 0.1497109 0.2900221 0.4866118 0.07707172 0.870212 -0.4866117 -0.07707166 0.870212 -0.9452375 -0.1497108 0.2900221 -0.9452374 -0.1497108 -0.2900223 -0.4866124 -0.07707172 -0.8702117 0.4866124 0.07707184 -0.8702116 0.9452374 0.1497109 -0.2900223 0.8527112 0.4344778 0.2900221 0.4389789 0.2236709 0.8702119 -0.4389788 -0.2236708 0.8702121 -0.852711 -0.4344779 0.2900223 -0.852711 -0.4344778 -0.2900223 -0.4389795 -0.2236711 -0.8702117 0.4389795 0.2236712 -0.8702116 0.8527112 0.4344777 -0.2900222 0.6767151 0.6767156 0.290022 0.3483754 0.3483756 0.8702121 -0.3483755 -0.3483756 0.870212 -0.6767151 -0.6767154 0.2900221 -0.6767151 -0.6767154 -0.2900223 -0.348376 -0.3483761 -0.8702116 0.3483759 0.3483761 -0.8702117 0.6767151 0.6767155 -0.2900221 0.4344781 0.852711 0.2900223 0.2236709 0.4389788 0.870212 -0.2236709 -0.4389787 0.8702121 -0.4344781 -0.852711 0.2900223 -0.4344781 -0.8527109 -0.2900224 -0.2236712 -0.4389794 -0.8702117 0.2236713 0.4389794 -0.8702117 0.4344781 0.8527109 -0.2900224 0.1497108 0.9452374 0.2900224 0.07707178 0.4866118 0.870212 -0.07707178 -0.4866117 0.870212 -0.1497108 -0.9452374 0.2900223 -0.149711 -0.9452373 -0.2900224 -0.0770719 -0.4866125 -0.8702116 0.0770719 0.4866125 -0.8702116 0.149711 0.9452373 -0.2900226 -0.1497108 0.9452375 0.2900221 -0.07707178 0.4866118 0.870212 0.07707178 -0.4866117 0.870212 0.1497108 -0.9452375 0.2900221 0.1497108 -0.9452373 -0.2900223 0.0770719 -0.4866124 -0.8702117 -0.0770719 0.4866125 -0.8702116 -0.149711 0.9452373 -0.2900223 -0.434478 0.8527109 0.2900224 -0.2236708 0.4389789 0.870212 0.2236708 -0.4389788 0.870212 0.434478 -0.852711 0.2900222 0.4344778 -0.852711 -0.2900223 0.2236711 -0.4389795 -0.8702116 -0.2236711 0.4389795 -0.8702116 -0.4344779 0.8527109 -0.2900225 -0.6767156 0.6767151 0.2900223 -0.3483757 0.3483756 0.870212 0.3483756 -0.3483754 0.870212 0.6767155 -0.6767151 0.2900222 0.6767155 -0.676715 -0.2900223 0.3483761 -0.3483759 -0.8702116 -0.3483762 0.348376 -0.8702116 -0.6767155 0.676715 -0.2900223 -0.852711 0.4344779 0.290022 -0.4389789 0.2236707 0.870212 0.4389788 -0.2236706 0.8702121 0.8527112 -0.4344778 0.2900223 0.852711 -0.4344777 -0.2900223 0.4389794 -0.223671 -0.8702117 -0.4389795 0.223671 -0.8702116 -0.852711 0.4344779 -0.2900221 -0.9452373 0.1497111 0.2900224 -0.4866118 0.07707184 0.870212 0.4866118 -0.07707184 0.870212 0.9452373 -0.1497111 0.2900223 0.9452373 -0.149711 -0.2900223 0.4866124 -0.07707184 -0.8702116 -0.4866125 0.07707196 -0.8702116 -0.9452372 0.1497111 -0.2900225 -0.9452374 -0.1497105 0.2900221 -0.4866118 -0.0770716 0.870212 0.4866117 0.07707154 0.8702121 0.9452375 0.1497106 0.2900221 0.9452374 0.1497106 -0.2900223 0.4866124 0.0770716 -0.8702117 -0.4866124 -0.07707172 -0.8702117 -0.9452375 -0.1497105 -0.2900223 -0.8527112 -0.4344777 0.290022 -0.4389788 -0.2236707 0.870212 0.4389789 0.2236707 0.870212 0.8527112 0.4344777 0.2900223 0.8527111 0.4344776 -0.2900223 0.4389795 0.223671 -0.8702116 -0.4389795 -0.223671 -0.8702117 -0.8527112 -0.4344776 -0.2900221 -0.6767154 -0.6767152 0.2900221 -0.3483756 -0.3483755 0.870212 0.3483756 0.3483754 0.870212 0.6767155 0.676715 0.2900221 0.6767154 0.6767151 -0.2900223 0.348376 0.3483759 -0.8702117 -0.3483761 -0.348376 -0.8702117 -0.6767154 -0.6767151 -0.2900221 -0.4344779 -0.852711 0.2900223 -0.2236709 -0.4389789 0.870212 0.2236708 0.4389788 0.870212 0.4344779 0.852711 0.2900221 0.4344779 0.852711 -0.2900222 0.2236711 0.4389794 -0.8702116 -0.2236712 -0.4389795 -0.8702116 -0.4344779 -0.852711 -0.2900224 -0.149711 -0.9452373 0.2900224 -0.07707178 -0.4866118 0.870212 0.07707172 0.4866117 0.870212 0.149711 0.9452373 0.2900222 0.149711 0.9452373 -0.2900223 0.07707184 0.4866125 -0.8702116 -0.0770719 -0.4866125 -0.8702116 -0.149711 -0.9452373 -0.2900225 0.1497108 -0.9452375 0.2900221 0.07707178 -0.4866118 0.870212 -0.07707166 0.4866117 0.870212 -0.1497108 0.9452374 0.2900221 -0.149711 0.9452374 -0.2900223 -0.07707178 0.4866124 -0.8702117 0.0770719 -0.4866125 -0.8702116 0.149711 -0.9452373 -0.2900223 0.4344778 -0.852711 0.2900224 0.2236707 -0.4389789 0.870212 -0.2236708 0.4389787 0.870212 -0.4344779 0.852711 0.2900223 -0.4344779 0.8527109 -0.2900224 -0.2236712 0.4389795 -0.8702117 0.223671 -0.4389795 -0.8702116 0.4344778 -0.852711 -0.2900226 0.676715 -0.6767155 0.2900221 0.3483753 -0.3483757 0.870212 -0.3483752 0.3483757 0.8702121 -0.676715 0.6767156 0.2900219 -0.676715 0.6767156 -0.290022 -0.3483757 0.3483762 -0.8702117 0.3483759 -0.3483762 -0.8702117 0.676715 -0.6767155 -0.2900223 0.8527108 -0.4344785 0.290022 0.4389787 -0.2236711 0.870212 -0.4389786 0.2236711 0.8702121 -0.8527109 0.4344784 0.2900221 -0.8527109 0.4344782 -0.2900223 -0.4389793 0.2236713 -0.8702116 0.4389793 -0.2236714 -0.8702116 0.8527109 -0.4344784 -0.2900221 0.9452374 -0.149711 0.2900221 0.4866118 -0.07707172 0.870212 -0.4866117 0.07707172 0.8702121 -0.9452373 0.1497109 0.2900223 -0.9452373 0.1497111 -0.2900224 -0.4866123 0.07707184 -0.8702116 0.4866124 -0.07707184 -0.8702116 0.9452374 -0.1497109 -0.2900222 0.258819 0.9659258 0 0.7071068 0.7071068 0 0.9659258 0.258819 0 0.9659258 -0.258819 0 0.7071068 -0.7071068 0 0.258819 -0.9659258 0 -0.258819 -0.9659258 0 -0.7071068 -0.7071068 0 -0.9659258 -0.258819 0 -0.9659258 0.258819 0 0 0 1 -0.7071068 0.7071068 0 -0.258819 0.9659258 0 0 0 -1 0.9452374 0.149711 0.2900221 0.4866123 0.07707178 0.8702117 -0.4866122 -0.07707172 0.8702117 -0.9452374 -0.1497109 0.2900223 -0.9452374 -0.1497108 -0.2900223 -0.4866123 -0.07707178 -0.8702117 0.4866123 0.07707178 -0.8702117 0.9452374 0.149711 -0.2900221 0.8527111 0.4344778 0.290022 0.4389793 0.223671 0.8702118 -0.4389793 -0.2236711 0.8702117 -0.852711 -0.4344778 0.2900223 -0.852711 -0.4344778 -0.2900223 -0.4389793 -0.2236711 -0.8702117 0.4389793 0.223671 -0.8702118 0.8527111 0.4344778 -0.290022 0.6767152 0.6767153 0.2900224 0.3483759 0.348376 0.8702117 -0.3483759 -0.3483759 0.8702117 -0.6767151 -0.6767153 0.2900223 -0.6767151 -0.6767153 -0.2900223 -0.3483759 -0.3483759 -0.8702117 0.3483759 0.348376 -0.8702117 0.6767152 0.6767153 -0.2900224 0.4344781 0.8527109 0.2900224 0.2236711 0.4389793 0.8702117 -0.2236711 -0.4389792 0.8702117 -0.4344781 -0.8527109 0.2900223 -0.4344781 -0.8527109 -0.2900223 -0.2236711 -0.4389792 -0.8702117 0.2236711 0.4389793 -0.8702117 0.4344781 0.8527109 -0.2900224 0.149711 0.9452373 0.2900222 0.0770719 0.4866123 0.8702117 -0.07707178 -0.4866122 0.8702118 -0.149711 -0.9452374 0.2900223 -0.1497108 -0.9452373 -0.2900222 -0.07707178 -0.4866122 -0.8702118 0.0770719 0.4866123 -0.8702117 0.1497108 0.9452373 -0.2900222 -0.149711 0.9452373 0.2900225 -0.0770719 0.4866123 0.8702117 0.07707178 -0.4866123 0.8702117 0.149711 -0.9452373 0.2900223 0.149711 -0.9452373 -0.2900223 0.07707178 -0.4866123 -0.8702117 -0.0770719 0.4866123 -0.8702117 -0.149711 0.9452373 -0.2900225 -0.4344779 0.8527109 0.2900224 -0.2236711 0.4389794 0.8702117 0.223671 -0.4389793 0.8702118 0.4344779 -0.852711 0.2900222 0.434478 -0.852711 -0.2900222 0.223671 -0.4389793 -0.8702118 -0.2236711 0.4389794 -0.8702117 -0.4344779 0.8527109 -0.2900224 -0.6767154 0.6767152 0.2900221 -0.348376 0.3483759 0.8702117 0.3483759 -0.3483757 0.8702118 0.6767154 -0.676715 0.2900223 0.6767154 -0.676715 -0.2900223 0.3483759 -0.3483757 -0.8702118 -0.348376 0.3483759 -0.8702117 -0.6767154 0.6767152 -0.2900221 -0.8527111 0.4344776 0.2900224 -0.4389794 0.223671 0.8702117 0.4389793 -0.223671 0.8702117 0.852711 -0.4344777 0.2900223 0.852711 -0.4344777 -0.2900223 0.4389793 -0.223671 -0.8702117 -0.4389794 0.223671 -0.8702117 -0.8527111 0.4344776 -0.2900224 -0.9452375 0.1497109 0.2900222 -0.4866123 0.0770719 0.8702117 0.4866122 -0.07707184 0.8702118 0.9452373 -0.1497109 0.2900222 0.9452373 -0.1497109 -0.2900222 0.4866122 -0.0770719 -0.8702118 -0.4866123 0.0770719 -0.8702117 -0.9452375 0.1497109 -0.2900222 -0.9452375 -0.1497105 0.2900221 -0.4866122 -0.0770716 0.8702117 0.4866123 0.07707166 0.8702118 0.9452375 0.1497105 0.2900223 0.9452375 0.1497105 -0.2900223 0.4866123 0.07707166 -0.8702118 -0.4866122 -0.0770716 -0.8702117 -0.9452375 -0.1497106 -0.2900221 -0.8527112 -0.4344777 0.290022 -0.4389794 -0.2236709 0.8702117 0.4389793 0.2236708 0.8702118 0.8527111 0.4344776 0.2900223 0.8527111 0.4344776 -0.2900223 0.4389793 0.2236708 -0.8702118 -0.4389794 -0.2236709 -0.8702117 -0.8527112 -0.4344777 -0.290022 -0.6767155 -0.676715 0.2900223 -0.348376 -0.3483759 0.8702117 0.3483759 0.3483758 0.8702118 0.6767155 0.6767151 0.2900222 0.6767155 0.6767151 -0.2900222 0.3483759 0.3483758 -0.8702118 -0.348376 -0.3483759 -0.8702117 -0.6767155 -0.676715 -0.2900223 -0.4344779 -0.8527109 0.2900224 -0.2236711 -0.4389793 0.8702117 0.2236711 0.4389793 0.8702118 0.4344779 0.852711 0.2900223 0.434478 0.852711 -0.2900223 0.2236711 0.4389793 -0.8702118 -0.2236711 -0.4389793 -0.8702117 -0.4344779 -0.8527109 -0.2900224 -0.1497108 -0.9452373 0.2900222 -0.0770719 -0.4866123 0.8702117 0.07707184 0.4866122 0.8702117 0.1497109 0.9452374 0.2900222 0.1497109 0.9452374 -0.2900222 0.07707184 0.4866122 -0.8702117 -0.0770719 -0.4866123 -0.8702117 -0.1497108 -0.9452373 -0.2900222 0.149711 -0.9452373 0.2900224 0.0770719 -0.4866123 0.8702117 -0.0770719 0.4866123 0.8702117 -0.149711 0.9452373 0.2900224 -0.1497108 0.9452373 -0.2900223 -0.0770719 0.4866123 -0.8702117 0.0770719 -0.4866123 -0.8702117 0.1497108 -0.9452373 -0.2900225 0.4344776 -0.8527112 0.2900223 0.2236709 -0.4389793 0.8702117 -0.223671 0.4389792 0.8702118 -0.4344777 0.8527112 0.290022 -0.4344777 0.8527112 -0.290022 -0.223671 0.4389792 -0.8702118 0.2236709 -0.4389793 -0.8702117 0.4344776 -0.8527112 -0.2900223 0.676715 -0.6767156 0.2900221 0.3483757 -0.3483762 0.8702117 -0.3483757 0.3483761 0.8702117 -0.6767148 0.6767158 0.2900222 -0.6767148 0.6767158 -0.2900222 -0.3483757 0.3483761 -0.8702117 0.3483757 -0.3483762 -0.8702117 0.676715 -0.6767156 -0.2900221 0.8527108 -0.4344784 0.2900222 0.4389792 -0.2236713 0.8702117 -0.438979 0.2236713 0.8702118 -0.8527109 0.4344782 0.2900223 -0.8527107 0.4344783 -0.2900223 -0.4389791 0.2236713 -0.8702118 0.4389792 -0.2236713 -0.8702117 0.8527107 -0.4344784 -0.2900221 0.9452374 -0.149711 0.2900223 0.4866123 -0.07707184 0.8702117 -0.4866122 0.07707178 0.8702118 -0.9452374 0.1497111 0.2900222 -0.9452374 0.1497111 -0.2900222 -0.4866122 0.07707178 -0.8702118 0.4866123 -0.07707184 -0.8702117 0.9452374 -0.149711 -0.2900223 0.258819 0.9659258 0 0.7071068 0.7071068 0 0.9659258 0.258819 0 0.9659258 -0.258819 0 0.7071068 -0.7071068 0 0.258819 -0.9659258 0 -0.258819 -0.9659258 0 -0.7071068 -0.7071068 0 -0.9659258 -0.258819 0 -0.9659258 0.258819 0 0 0 1 0 0 1 0 0 1 0 0 1 0 0 1 0 0 1 0 0 1 0 0 1 0 0 1 -0.7071068 0.7071068 0 -0.258819 0.9659258 0 0 0 -1 0 0 -1 0 0 -1 0 0 -1 0 0 -1 0 0 -1 0 0 -1 0 0 -1 0 0 -1 0.9452374 0.1497109 0.2900222 0.4866125 0.07707184 0.8702116 -0.4866124 -0.07707178 0.8702117 -0.9452374 -0.1497109 0.2900223 -0.9452374 -0.1497109 -0.2900223 -0.4866124 -0.07707178 -0.8702117 0.4866125 0.07707184 -0.8702116 0.9452374 0.149711 -0.2900222 0.8527111 0.4344778 0.2900221 0.4389795 0.223671 0.8702117 -0.4389794 -0.2236711 0.8702116 -0.852711 -0.4344778 0.2900223 -0.852711 -0.4344778 -0.2900223 -0.4389794 -0.2236711 -0.8702116 0.4389795 0.223671 -0.8702117 0.8527111 0.4344778 -0.2900221 0.6767152 0.6767153 0.2900224 0.348376 0.3483762 0.8702116 -0.348376 -0.348376 0.8702116 -0.6767151 -0.6767154 0.2900223 -0.6767151 -0.6767154 -0.2900223 -0.348376 -0.348376 -0.8702116 0.348376 0.3483762 -0.8702116 0.6767152 0.6767153 -0.2900224 0.4344781 0.8527108 0.2900225 0.2236713 0.4389795 0.8702116 -0.2236712 -0.4389794 0.8702116 -0.4344781 -0.8527109 0.2900223 -0.4344781 -0.8527109 -0.2900223 -0.2236712 -0.4389794 -0.8702116 0.2236713 0.4389795 -0.8702116 0.4344781 0.8527108 -0.2900225 0.149711 0.9452373 0.2900223 0.0770719 0.4866125 0.8702116 -0.07707178 -0.4866124 0.8702117 -0.149711 -0.9452374 0.2900223 -0.1497108 -0.9452373 -0.2900223 -0.07707178 -0.4866124 -0.8702117 0.0770719 0.4866124 -0.8702116 0.1497108 0.9452373 -0.2900223 -0.149711 0.9452373 0.2900225 -0.0770719 0.4866125 0.8702116 0.07707184 -0.4866124 0.8702116 0.149711 -0.9452373 0.2900224 0.149711 -0.9452373 -0.2900224 0.07707184 -0.4866124 -0.8702116 -0.0770719 0.4866125 -0.8702116 -0.1497108 0.9452373 -0.2900225 -0.4344779 0.852711 0.2900224 -0.2236712 0.4389795 0.8702116 0.2236711 -0.4389794 0.8702116 0.4344779 -0.852711 0.2900222 0.434478 -0.852711 -0.2900223 0.2236711 -0.4389794 -0.8702116 -0.2236712 0.4389795 -0.8702116 -0.4344779 0.852711 -0.2900224 -0.6767154 0.6767151 0.2900221 -0.3483761 0.348376 0.8702117 0.348376 -0.3483759 0.8702117 0.6767154 -0.6767151 0.2900223 0.6767154 -0.6767151 -0.2900223 0.348376 -0.3483759 -0.8702117 -0.3483761 0.348376 -0.8702117 -0.6767154 0.6767151 -0.2900221 -0.8527111 0.4344776 0.2900225 -0.4389796 0.223671 0.8702116 0.4389795 -0.2236711 0.8702117 0.852711 -0.4344777 0.2900223 0.852711 -0.4344777 -0.2900223 0.4389795 -0.2236711 -0.8702117 -0.4389796 0.223671 -0.8702116 -0.8527111 0.4344776 -0.2900225 -0.9452375 0.1497109 0.2900223 -0.4866124 0.07707196 0.8702116 0.4866124 -0.07707184 0.8702117 0.9452374 -0.149711 0.2900223 0.9452374 -0.149711 -0.2900223 0.4866123 -0.07707196 -0.8702117 -0.4866124 0.07707196 -0.8702116 -0.9452375 0.1497109 -0.2900223 -0.9452375 -0.1497105 0.2900221 -0.4866124 -0.0770716 0.8702117 0.4866124 0.07707172 0.8702117 0.9452374 0.1497105 0.2900223 0.9452374 0.1497105 -0.2900223 0.4866124 0.07707172 -0.8702117 -0.4866124 -0.0770716 -0.8702117 -0.9452375 -0.1497106 -0.2900221 -0.8527111 -0.4344778 0.2900221 -0.4389795 -0.223671 0.8702116 0.4389795 0.223671 0.8702117 0.8527111 0.4344776 0.2900223 0.8527111 0.4344776 -0.2900223 0.4389795 0.223671 -0.8702117 -0.4389795 -0.223671 -0.8702116 -0.8527111 -0.4344778 -0.2900221 -0.6767155 -0.676715 0.2900224 -0.3483762 -0.348376 0.8702116 0.3483761 0.3483759 0.8702116 0.6767155 0.676715 0.2900223 0.6767155 0.676715 -0.2900223 0.3483761 0.3483759 -0.8702116 -0.3483762 -0.348376 -0.8702116 -0.6767155 -0.676715 -0.2900224 -0.4344779 -0.8527109 0.2900225 -0.2236711 -0.4389795 0.8702116 0.2236712 0.4389795 0.8702116 0.4344779 0.852711 0.2900223 0.434478 0.852711 -0.2900223 0.2236712 0.4389795 -0.8702116 -0.2236711 -0.4389795 -0.8702116 -0.4344779 -0.8527109 -0.2900225 -0.149711 -0.9452373 0.2900223 -0.0770719 -0.4866125 0.8702116 0.0770719 0.4866124 0.8702117 0.1497108 0.9452374 0.2900223 0.1497108 0.9452374 -0.2900223 0.0770719 0.4866124 -0.8702117 -0.0770719 -0.4866125 -0.8702116 -0.1497108 -0.9452373 -0.2900223 0.149711 -0.9452373 0.2900225 0.0770719 -0.4866124 0.8702116 -0.0770719 0.4866124 0.8702116 -0.149711 0.9452373 0.2900224 -0.1497108 0.9452373 -0.2900224 -0.0770719 0.4866124 -0.8702116 0.0770719 -0.4866124 -0.8702116 0.1497108 -0.9452373 -0.2900225 0.4344776 -0.8527112 0.2900223 0.223671 -0.4389794 0.8702117 -0.223671 0.4389793 0.8702117 -0.4344777 0.8527112 0.2900221 -0.4344777 0.8527112 -0.2900221 -0.223671 0.4389793 -0.8702117 0.223671 -0.4389794 -0.8702117 0.4344776 -0.8527112 -0.2900223 0.676715 -0.6767156 0.2900221 0.3483759 -0.3483763 0.8702116 -0.3483758 0.3483762 0.8702116 -0.676715 0.6767156 0.2900223 -0.6767148 0.6767157 -0.2900223 -0.3483758 0.3483762 -0.8702116 0.3483759 -0.3483763 -0.8702116 0.676715 -0.6767156 -0.2900221 0.8527107 -0.4344784 0.2900221 0.4389793 -0.2236714 0.8702117 -0.4389793 0.2236713 0.8702117 -0.8527107 0.4344783 0.2900224 -0.8527107 0.4344783 -0.2900224 -0.4389792 0.2236714 -0.8702117 0.4389793 -0.2236714 -0.8702117 0.8527107 -0.4344784 -0.2900221 0.9452374 -0.149711 0.2900223 0.4866124 -0.07707184 0.8702116 -0.4866123 0.07707184 0.8702117 -0.9452374 0.1497111 0.2900223 -0.9452374 0.149711 -0.2900223 -0.4866123 0.07707184 -0.8702117 0.4866124 -0.07707184 -0.8702116 0.9452374 -0.149711 -0.2900223 0.2588191 0.9659259 0 0.7071068 0.7071068 0 0.9659259 0.2588191 0 0.9659259 -0.2588191 0 0.7071068 -0.7071068 0 0.2588191 -0.9659259 0 -0.2588191 -0.9659259 0 -0.7071068 -0.7071068 0 -0.9659259 -0.2588191 0 -0.9659259 0.2588191 0 0 0 1 0 0 1 0 0 1 0 0 1 0 0 1 0 0 1 0 0 1 0 0 1 0 0 1 -0.7071068 0.7071068 0 -0.2588191 0.9659259 0 0 0 -1 0 0 -1 0 0 -1 0 0 -1 0 0 -1 0 0 -1 0 0 -1 0 0 -1 0 0 -1 0.9452375 0.149711 0.2900221 0.4866118 0.07707172 0.870212 -0.4866117 -0.07707166 0.8702121 -0.9452374 -0.1497109 0.2900223 -0.9452374 -0.1497109 -0.2900223 -0.4866124 -0.07707178 -0.8702117 0.4866125 0.07707184 -0.8702116 0.9452374 0.149711 -0.2900222 0.8527112 0.4344779 0.290022 0.4389788 0.2236707 0.8702121 -0.4389788 -0.2236708 0.870212 -0.852711 -0.4344778 0.2900222 -0.852711 -0.4344778 -0.2900223 -0.4389794 -0.2236711 -0.8702116 0.4389795 0.223671 -0.8702117 0.8527111 0.4344778 -0.2900221 0.6767152 0.6767153 0.2900223 0.3483756 0.3483756 0.870212 -0.3483755 -0.3483756 0.870212 -0.6767152 -0.6767153 0.2900222 -0.6767151 -0.6767154 -0.2900223 -0.348376 -0.348376 -0.8702116 0.348376 0.3483762 -0.8702116 0.6767152 0.6767153 -0.2900224 0.4344781 0.8527109 0.2900224 0.2236709 0.4389788 0.870212 -0.2236709 -0.4389787 0.870212 -0.4344781 -0.8527109 0.2900223 -0.4344781 -0.8527109 -0.2900223 -0.2236712 -0.4389794 -0.8702116 0.2236713 0.4389795 -0.8702116 0.4344781 0.8527108 -0.2900225 0.149711 0.9452374 0.2900221 0.07707178 0.4866118 0.870212 -0.07707166 -0.4866117 0.870212 -0.149711 -0.9452373 0.2900221 -0.1497108 -0.9452373 -0.2900223 -0.07707178 -0.4866124 -0.8702117 0.0770719 0.4866124 -0.8702116 0.1497108 0.9452373 -0.2900223 -0.149711 0.9452373 0.2900224 -0.07707178 0.4866118 0.870212 0.07707172 -0.4866117 0.870212 0.149711 -0.9452373 0.2900223 0.149711 -0.9452373 -0.2900224 0.07707184 -0.4866124 -0.8702116 -0.0770719 0.4866125 -0.8702116 -0.1497108 0.9452373 -0.2900225 -0.4344779 0.852711 0.2900223 -0.2236708 0.4389789 0.870212 0.2236708 -0.4389788 0.870212 0.4344779 -0.8527111 0.2900221 0.434478 -0.852711 -0.2900223 0.2236711 -0.4389794 -0.8702116 -0.2236712 0.4389795 -0.8702116 -0.4344779 0.852711 -0.2900224 -0.6767154 0.6767152 0.2900221 -0.3483756 0.3483755 0.870212 0.3483756 -0.3483754 0.870212 0.6767155 -0.6767151 0.2900222 0.6767154 -0.6767151 -0.2900223 0.348376 -0.3483759 -0.8702117 -0.3483761 0.348376 -0.8702117 -0.6767154 0.6767151 -0.2900221 -0.8527111 0.4344776 0.2900224 -0.4389789 0.2236707 0.870212 0.4389789 -0.2236707 0.870212 0.8527112 -0.4344778 0.2900223 0.852711 -0.4344777 -0.2900223 0.4389795 -0.2236711 -0.8702117 -0.4389796 0.223671 -0.8702116 -0.8527111 0.4344776 -0.2900225 -0.9452375 0.1497109 0.2900221 -0.4866118 0.07707184 0.870212 0.4866117 -0.07707172 0.870212 0.9452374 -0.149711 0.2900221 0.9452374 -0.149711 -0.2900223 0.4866123 -0.07707196 -0.8702117 -0.4866124 0.07707196 -0.8702116 -0.9452375 0.1497109 -0.2900223 -0.9452375 -0.1497105 0.290022 -0.4866117 -0.07707148 0.8702121 0.4866117 0.0770716 0.870212 0.9452375 0.1497105 0.2900222 0.9452374 0.1497105 -0.2900223 0.4866124 0.07707172 -0.8702117 -0.4866124 -0.0770716 -0.8702117 -0.9452375 -0.1497106 -0.2900221 -0.8527112 -0.4344777 0.290022 -0.4389789 -0.2236707 0.870212 0.4389789 0.2236706 0.870212 0.8527112 0.4344776 0.2900222 0.8527111 0.4344776 -0.2900223 0.4389795 0.223671 -0.8702117 -0.4389795 -0.223671 -0.8702116 -0.8527111 -0.4344778 -0.2900221 -0.6767156 -0.6767151 0.2900223 -0.3483757 -0.3483756 0.870212 0.3483756 0.3483754 0.870212 0.6767155 0.6767151 0.2900221 0.6767155 0.676715 -0.2900223 0.3483761 0.3483759 -0.8702116 -0.3483762 -0.348376 -0.8702116 -0.6767155 -0.676715 -0.2900224 -0.434478 -0.852711 0.2900224 -0.2236708 -0.4389789 0.870212 0.2236708 0.4389788 0.870212 0.4344779 0.852711 0.2900222 0.434478 0.852711 -0.2900223 0.2236712 0.4389795 -0.8702116 -0.2236711 -0.4389795 -0.8702116 -0.4344779 -0.8527109 -0.2900225 -0.1497108 -0.9452375 0.2900221 -0.07707178 -0.4866118 0.870212 0.07707178 0.4866117 0.870212 0.1497108 0.9452375 0.2900221 0.1497108 0.9452374 -0.2900223 0.0770719 0.4866124 -0.8702117 -0.0770719 -0.4866125 -0.8702116 -0.1497108 -0.9452373 -0.2900223 0.149711 -0.9452374 0.2900224 0.07707178 -0.4866117 0.870212 -0.07707178 0.4866117 0.870212 -0.149711 0.9452373 0.2900223 -0.1497108 0.9452373 -0.2900224 -0.0770719 0.4866124 -0.8702116 0.0770719 -0.4866124 -0.8702116 0.1497108 -0.9452373 -0.2900225 0.4344776 -0.8527112 0.2900222 0.2236707 -0.4389788 0.8702121 -0.2236707 0.4389787 0.8702121 -0.4344777 0.8527112 0.290022 -0.4344777 0.8527112 -0.2900221 -0.223671 0.4389793 -0.8702117 0.223671 -0.4389794 -0.8702117 0.4344776 -0.8527112 -0.2900223 0.676715 -0.6767156 0.290022 0.3483754 -0.3483758 0.870212 -0.3483753 0.3483757 0.870212 -0.6767148 0.6767158 0.2900221 -0.6767148 0.6767157 -0.2900223 -0.3483758 0.3483762 -0.8702116 0.3483759 -0.3483763 -0.8702116 0.676715 -0.6767156 -0.2900221 0.8527109 -0.4344784 0.2900221 0.4389787 -0.2236711 0.870212 -0.4389786 0.223671 0.870212 -0.8527109 0.4344782 0.2900223 -0.8527107 0.4344783 -0.2900224 -0.4389792 0.2236714 -0.8702117 0.4389793 -0.2236714 -0.8702117 0.8527107 -0.4344784 -0.2900221 0.9452374 -0.1497109 0.2900221 0.4866118 -0.07707172 0.870212 -0.4866116 0.07707172 0.870212 -0.9452374 0.1497111 0.2900221 -0.9452374 0.149711 -0.2900223 -0.4866123 0.07707184 -0.8702117 0.4866124 -0.07707184 -0.8702116 0.9452374 -0.149711 -0.2900223 0.258819 0.9659258 0 0.7071068 0.7071068 0 0.9659258 0.258819 0 0.9659258 -0.258819 0 0.7071068 -0.7071068 0 0.258819 -0.9659258 0 -0.258819 -0.9659258 0 -0.7071068 -0.7071068 0 -0.9659258 -0.258819 0 -0.9659258 0.258819 0 0 0 1 0 0 1 0 0 1 0 0 1 0 0 1 0 0 1 0 0 1 0 0 1 0 0 1 -0.7071068 0.7071068 0 -0.258819 0.9659258 0 0 0 -1 0 0 -1 0 0 -1 0 0 -1 0 0 -1 0 0 -1 0 0 -1 0 0 -1 0 0 -1</float_array>
          <technique_common>
            <accessor source="#tire_stack_3_a800-mesh-normals-array" count="1092" stride="3">
              <param name="X" type="float"/>
              <param name="Y" type="float"/>
              <param name="Z" type="float"/>
            </accessor>
          </technique_common>
        </source>
        <source id="tire_stack_3_a800-mesh-map-0">
          <float_array id="tire_stack_3_a800-mesh-map-0-array" count="6552">0.55 0.5 0.6 0.625 0.55 0.625 0.6 0.625 0.55 0.75 0.55 0.625 0.6 0.75 0.55 0.875 0.55 0.75 0.6 0.875 0.55 1 0.55 0.875 0.6 0 0.55 0.125 0.55 0 0.6 0.125 0.55 0.25 0.55 0.125 0.55 0.25 0.6 0.375 0.55 0.375 0.6 0.375 0.55 0.5 0.55 0.375 0.6 0.5 0.65 0.625 0.6 0.625 0.6 0.625 0.65 0.75 0.6 0.75 0.6 0.75 0.65 0.875 0.6 0.875 0.65 0.875 0.6 1 0.6 0.875 0.6 0 0.65 0.125 0.6 0.125 0.65 0.125 0.6 0.25 0.6 0.125 0.65 0.25 0.6 0.375 0.6 0.25 0.65 0.375 0.6 0.5 0.6 0.375 0.65 0.5 0.7 0.625 0.65 0.625 0.7 0.625 0.65 0.75 0.65 0.625 0.7 0.75 0.65 0.875 0.65 0.75 0.7 0.875 0.65 1 0.65 0.875 0.65 0 0.7 0.125 0.65 0.125 0.65 0.125 0.7 0.25 0.65 0.25 0.65 0.25 0.7 0.375 0.65 0.375 0.7 0.375 0.65 0.5 0.65 0.375 0.7 0.5 0.75 0.625 0.7 0.625 0.7 0.625 0.75 0.75 0.7 0.75 0.75 0.75 0.7 0.875 0.7 0.75 0.7 0.875 0.75 1 0.7 1 0.75 0 0.7 0.125 0.7 0 0.7 0.125 0.75 0.25 0.7 0.25 0.75 0.25 0.7 0.375 0.7 0.25 0.75 0.375 0.7 0.5 0.7 0.375 0.8 0.5 0.75 0.625 0.75 0.5 0.8 0.625 0.75 0.75 0.75 0.625 0.8 0.75 0.75 0.875 0.75 0.75 0.8 0.875 0.75 1 0.75 0.875 0.8 0 0.75 0.125 0.75 0 0.75 0.125 0.8 0.25 0.75 0.25 0.8 0.25 0.75 0.375 0.75 0.25 0.8 0.375 0.75 0.5 0.75 0.375 0.85 0.5 0.8 0.625 0.8 0.5 0.85 0.625 0.8 0.75 0.8 0.625 0.85 0.75 0.8 0.875 0.8 0.75 0.85 0.875 0.8 1 0.8 0.875 0.8 0 0.85 0.125 0.8 0.125 0.8 0.125 0.85 0.25 0.8 0.25 0.8 0.25 0.85 0.375 0.8 0.375 0.8 0.375 0.85 0.5 0.8 0.5 0.9 0.5 0.85 0.625 0.85 0.5 0.85 0.625 0.9 0.75 0.85 0.75 0.85 0.75 0.9 0.875 0.85 0.875 0.9 0.875 0.85 1 0.85 0.875 0.9 0 0.85 0.125 0.85 0 0.9 0.125 0.85 0.25 0.85 0.125 0.9 0.25 0.85 0.375 0.85 0.25 0.85 0.375 0.9 0.5 0.85 0.5 0.95 0.5 0.9 0.625 0.9 0.5 0.9 0.625 0.95 0.75 0.9 0.75 0.95 0.75 0.9 0.875 0.9 0.75 0.9 0.875 0.95 1 0.9 1 0.95 0 0.9 0.125 0.9 0 0.9 0.125 0.95 0.25 0.9 0.25 0.95 0.25 0.9 0.375 0.9 0.25 0.9 0.375 0.95 0.5 0.9 0.5 1 0.5 0.95 0.625 0.95 0.5 1 0.625 0.95 0.75 0.95 0.625 1 0.75 0.95 0.875 0.95 0.75 0.95 0.875 1 1 0.95 1 1 0 0.95 0.125 0.95 0 0.95 0.125 1 0.25 0.95 0.25 0.95 0.25 1 0.375 0.95 0.375 0.95 0.375 1 0.5 0.95 0.5 0 0.5 0.04999995 0.625 0 0.625 0 0.625 0.04999995 0.75 0 0.75 0.04999995 0.75 0 0.875 0 0.75 0 0.875 0.04999995 1 0 1 0.04999995 0 0 0.125 0 0 0.04999995 0.125 0 0.25 0 0.125 0.04999995 0.25 0 0.375 0 0.25 0.04999995 0.375 0 0.5 0 0.375 0.1 0.5 0.04999995 0.625 0.04999995 0.5 0.04999995 0.625 0.1 0.75 0.04999995 0.75 0.04999995 0.75 0.1 0.875 0.04999995 0.875 0.04999995 0.875 0.1 1 0.04999995 1 0.1 0 0.04999995 0.125 0.04999995 0 0.1 0.125 0.04999995 0.25 0.04999995 0.125 0.1 0.25 0.04999995 0.375 0.04999995 0.25 0.1 0.375 0.04999995 0.5 0.04999995 0.375 0.1 0.5 0.15 0.625 0.1 0.625 0.15 0.625 0.1 0.75 0.1 0.625 0.1 0.75 0.15 0.875 0.1 0.875 0.15 0.875 0.1 1 0.1 0.875 0.1 0 0.15 0.125 0.1 0.125 0.15 0.125 0.1 0.25 0.1 0.125 0.1 0.25 0.15 0.375 0.1 0.375 0.15 0.375 0.1 0.5 0.1 0.375 0.15 0.5 0.2 0.625 0.15 0.625 0.2 0.625 0.15 0.75 0.15 0.625 0.15 0.75 0.2 0.875 0.15 0.875 0.2 0.875 0.15 1 0.15 0.875 0.15 0 0.2 0.125 0.15 0.125 0.2 0.125 0.15 0.25 0.15 0.125 0.15 0.25 0.2 0.375 0.15 0.375 0.2 0.375 0.15 0.5 0.15 0.375 0.2 0.5 0.25 0.625 0.2 0.625 0.25 0.625 0.2 0.75 0.2 0.625 0.25 0.75 0.2 0.875 0.2 0.75 0.25 0.875 0.2 1 0.2 0.875 0.25 0 0.2 0.125 0.2 0 0.2 0.125 0.25 0.25 0.2 0.25 0.2 0.25 0.25 0.375 0.2 0.375 0.25 0.375 0.2 0.5 0.2 0.375 0.25 0.5 0.3 0.625 0.25 0.625 0.25 0.625 0.3 0.75 0.25 0.75 0.25 0.75 0.3 0.875 0.25 0.875 0.25 0.875 0.3 1 0.25 1 0.3 0 0.25 0.125 0.25 0 0.3 0.125 0.25 0.25 0.25 0.125 0.3 0.25 0.25 0.375 0.25 0.25 0.3 0.375 0.25 0.5 0.25 0.375 0.35 0.5 0.3 0.625 0.3 0.5 0.35 0.625 0.3 0.75 0.3 0.625 0.3 0.75 0.35 0.875 0.3 0.875 0.35 0.875 0.3 1 0.3 0.875 0.35 0 0.3 0.125 0.3 0 0.35 0.125 0.3 0.25 0.3 0.125 0.35 0.25 0.3 0.375 0.3 0.25 0.35 0.375 0.3 0.5 0.3 0.375 0.4 0.5 0.35 0.625 0.35 0.5 0.35 0.625 0.4 0.75 0.35 0.75 0.35 0.75 0.4 0.875 0.35 0.875 0.4 0.875 0.35 1 0.35 0.875 0.35 0 0.4 0.125 0.35 0.125 0.4 0.125 0.35 0.25 0.35 0.125 0.4 0.25 0.35 0.375 0.35 0.25 0.35 0.375 0.4 0.5 0.35 0.5 0.45 0.5 0.4 0.625 0.4 0.5 0.45 0.625 0.4 0.75 0.4 0.625 0.4 0.75 0.45 0.875 0.4 0.875 0.4 0.875 0.45 1 0.4 1 0.45 0 0.4 0.125 0.4 0 0.45 0.125 0.4 0.25 0.4 0.125 0.4 0.25 0.45 0.375 0.4 0.375 0.4 0.375 0.45 0.5 0.4 0.5 0.5 0.5 0.45 0.625 0.45 0.5 0.45 0.625 0.5 0.75 0.45 0.75 0.5 0.75 0.45 0.875 0.45 0.75 0.5 0.875 0.45 1 0.45 0.875 0.5 0 0.45 0.125 0.45 0 0.5 0.125 0.45 0.25 0.45 0.125 0.5 0.25 0.45 0.375 0.45 0.25 0.5 0.375 0.45 0.5 0.45 0.375 0.55 0.5 0.5 0.625 0.5 0.5 0.55 0.625 0.5 0.75 0.5 0.625 0.55 0.75 0.5 0.875 0.5 0.75 0.55 0.875 0.5 1 0.5 0.875 0.5 0 0.55 0.125 0.5 0.125 0.5 0.125 0.55 0.25 0.5 0.25 0.5 0.25 0.55 0.375 0.5 0.375 0.55 0.375 0.5 0.5 0.5 0.375 0.5028243 0.4309452 0.5493506 0.3162305 0.5493506 0.4309452 0.5028243 0.3162305 0.5493506 0.1837694 0.5493506 0.3162305 0.5028243 0.1837694 0.5493507 0.06905478 0.5493506 0.1837694 0.5028243 0.06905478 0.5493507 0.002824187 0.5493507 0.06905478 0.5028242 0.8647147 0.5493506 0.75 0.5493506 0.8647147 0.5028242 0.75 0.5493506 0.6175389 0.5493506 0.75 0.5028242 0.6175389 0.5493506 0.5028242 0.5493506 0.6175389 0.5028243 0.5028242 0.5493506 0.4365936 0.5493506 0.5028242 0.5549991 0.4309452 0.6015254 0.3647147 0.6015254 0.4309452 0.5549991 0.3647147 0.6015255 0.25 0.6015254 0.3647147 0.06905472 0.06905478 0.4971758 0.1837694 0.1837694 0.4971758 0.5549991 0.25 0.6015255 0.1175389 0.6015255 0.25 0.5549991 0.1175389 0.6015255 0.002824187 0.6015255 0.1175389 0.1837694 0.5028242 0.4971758 0.8162305 0.06905478 0.9309452 0.6 0.5 0.55 0.625 0.55 0.5 0.6 0.625 0.55 0.75 0.55 0.625 0.6 0.75 0.55 0.875 0.55 0.75 0.6 0.875 0.55 1 0.55 0.875 0.55 0 0.6 0.125 0.55 0.125 0.6 0.125 0.55 0.25 0.55 0.125 0.55 0.25 0.6 0.375 0.55 0.375 0.6 0.375 0.55 0.5 0.55 0.375 0.6 0.5 0.65 0.625 0.6 0.625 0.6 0.625 0.65 0.75 0.6 0.75 0.6 0.75 0.65 0.875 0.6 0.875 0.65 0.875 0.6 1 0.6 0.875 0.6 0 0.65 0.125 0.6 0.125 0.65 0.125 0.6 0.25 0.6 0.125 0.65 0.25 0.6 0.375 0.6 0.25 0.65 0.375 0.6 0.5 0.6 0.375 0.65 0.5 0.7 0.625 0.65 0.625 0.7 0.625 0.65 0.75 0.65 0.625 0.7 0.75 0.65 0.875 0.65 0.75 0.7 0.875 0.65 1 0.65 0.875 0.65 0 0.7 0.125 0.65 0.125 0.65 0.125 0.7 0.25 0.65 0.25 0.65 0.25 0.7 0.375 0.65 0.375 0.7 0.375 0.65 0.5 0.65 0.375 0.7 0.5 0.75 0.625 0.7 0.625 0.7 0.625 0.75 0.75 0.7 0.75 0.75 0.75 0.7 0.875 0.7 0.75 0.7 0.875 0.75 1 0.7 1 0.75 0 0.7 0.125 0.7 0 0.7 0.125 0.75 0.25 0.7 0.25 0.75 0.25 0.7 0.375 0.7 0.25 0.75 0.375 0.7 0.5 0.7 0.375 0.8 0.5 0.75 0.625 0.75 0.5 0.8 0.625 0.75 0.75 0.75 0.625 0.8 0.75 0.75 0.875 0.75 0.75 0.8 0.875 0.75 1 0.75 0.875 0.8 0 0.75 0.125 0.75 0 0.75 0.125 0.8 0.25 0.75 0.25 0.8 0.25 0.75 0.375 0.75 0.25 0.8 0.375 0.75 0.5 0.75 0.375 0.85 0.5 0.8 0.625 0.8 0.5 0.85 0.625 0.8 0.75 0.8 0.625 0.85 0.75 0.8 0.875 0.8 0.75 0.85 0.875 0.8 1 0.8 0.875 0.8 0 0.85 0.125 0.8 0.125 0.8 0.125 0.85 0.25 0.8 0.25 0.8 0.25 0.85 0.375 0.8 0.375 0.85 0.375 0.8 0.5 0.8 0.375 0.9 0.5 0.85 0.625 0.85 0.5 0.85 0.625 0.9 0.75 0.85 0.75 0.85 0.75 0.9 0.875 0.85 0.875 0.9 0.875 0.85 1 0.85 0.875 0.9 0 0.85 0.125 0.85 0 0.9 0.125 0.85 0.25 0.85 0.125 0.9 0.25 0.85 0.375 0.85 0.25 0.85 0.375 0.9 0.5 0.85 0.5 0.95 0.5 0.9 0.625 0.9 0.5 0.9 0.625 0.95 0.75 0.9 0.75 0.95 0.75 0.9 0.875 0.9 0.75 0.9 0.875 0.95 1 0.9 1 0.95 0 0.9 0.125 0.9 0 0.9 0.125 0.95 0.25 0.9 0.25 0.95 0.25 0.9 0.375 0.9 0.25 0.9 0.375 0.95 0.5 0.9 0.5 1 0.5 0.95 0.625 0.95 0.5 1 0.625 0.95 0.75 0.95 0.625 1 0.75 0.95 0.875 0.95 0.75 0.95 0.875 1 1 0.95 1 1 0 0.95 0.125 0.95 0 0.95 0.125 1 0.25 0.95 0.25 0.95 0.25 1 0.375 0.95 0.375 0.95 0.375 1 0.5 0.95 0.5 0 0.5 0.04999995 0.625 0 0.625 0 0.625 0.04999995 0.75 0 0.75 0.04999995 0.75 0 0.875 0 0.75 0 0.875 0.04999995 1 0 1 0.04999995 0 0 0.125 0 0 0.04999995 0.125 0 0.25 0 0.125 0.04999995 0.25 0 0.375 0 0.25 0.04999995 0.375 0 0.5 0 0.375 0.1 0.5 0.04999995 0.625 0.04999995 0.5 0.04999995 0.625 0.1 0.75 0.04999995 0.75 0.04999995 0.75 0.1 0.875 0.04999995 0.875 0.04999995 0.875 0.1 1 0.04999995 1 0.1 0 0.04999995 0.125 0.04999995 0 0.1 0.125 0.04999995 0.25 0.04999995 0.125 0.1 0.25 0.04999995 0.375 0.04999995 0.25 0.1 0.375 0.04999995 0.5 0.04999995 0.375 0.1 0.5 0.15 0.625 0.1 0.625 0.15 0.625 0.1 0.75 0.1 0.625 0.1 0.75 0.15 0.875 0.1 0.875 0.15 0.875 0.1 1 0.1 0.875 0.15 0 0.1 0.125 0.1 0 0.15 0.125 0.1 0.25 0.1 0.125 0.1 0.25 0.15 0.375 0.1 0.375 0.15 0.375 0.1 0.5 0.1 0.375 0.15 0.5 0.2 0.625 0.15 0.625 0.2 0.625 0.15 0.75 0.15 0.625 0.15 0.75 0.2 0.875 0.15 0.875 0.2 0.875 0.15 1 0.15 0.875 0.15 0 0.2 0.125 0.15 0.125 0.2 0.125 0.15 0.25 0.15 0.125 0.15 0.25 0.2 0.375 0.15 0.375 0.2 0.375 0.15 0.5 0.15 0.375 0.2 0.5 0.25 0.625 0.2 0.625 0.25 0.625 0.2 0.75 0.2 0.625 0.25 0.75 0.2 0.875 0.2 0.75 0.25 0.875 0.2 1 0.2 0.875 0.25 0 0.2 0.125 0.2 0 0.2 0.125 0.25 0.25 0.2 0.25 0.2 0.25 0.25 0.375 0.2 0.375 0.25 0.375 0.2 0.5 0.2 0.375 0.3 0.5 0.25 0.625 0.25 0.5 0.25 0.625 0.3 0.75 0.25 0.75 0.25 0.75 0.3 0.875 0.25 0.875 0.25 0.875 0.3 1 0.25 1 0.3 0 0.25 0.125 0.25 0 0.3 0.125 0.25 0.25 0.25 0.125 0.3 0.25 0.25 0.375 0.25 0.25 0.3 0.375 0.25 0.5 0.25 0.375 0.35 0.5 0.3 0.625 0.3 0.5 0.35 0.625 0.3 0.75 0.3 0.625 0.3 0.75 0.35 0.875 0.3 0.875 0.35 0.875 0.3 1 0.3 0.875 0.35 0 0.3 0.125 0.3 0 0.35 0.125 0.3 0.25 0.3 0.125 0.35 0.25 0.3 0.375 0.3 0.25 0.35 0.375 0.3 0.5 0.3 0.375 0.4 0.5 0.35 0.625 0.35 0.5 0.35 0.625 0.4 0.75 0.35 0.75 0.35 0.75 0.4 0.875 0.35 0.875 0.4 0.875 0.35 1 0.35 0.875 0.35 0 0.4 0.125 0.35 0.125 0.4 0.125 0.35 0.25 0.35 0.125 0.4 0.25 0.35 0.375 0.35 0.25 0.35 0.375 0.4 0.5 0.35 0.5 0.45 0.5 0.4 0.625 0.4 0.5 0.45 0.625 0.4 0.75 0.4 0.625 0.4 0.75 0.45 0.875 0.4 0.875 0.45 0.875 0.4 1 0.4 0.875 0.45 0 0.4 0.125 0.4 0 0.45 0.125 0.4 0.25 0.4 0.125 0.4 0.25 0.45 0.375 0.4 0.375 0.4 0.375 0.45 0.5 0.4 0.5 0.45 0.5 0.5 0.625 0.45 0.625 0.45 0.625 0.5 0.75 0.45 0.75 0.5 0.75 0.45 0.875 0.45 0.75 0.45 0.875 0.5 1 0.45 1 0.5 0 0.45 0.125 0.45 0 0.5 0.125 0.45 0.25 0.45 0.125 0.5 0.25 0.45 0.375 0.45 0.25 0.5 0.375 0.45 0.5 0.45 0.375 0.55 0.5 0.5 0.625 0.5 0.5 0.55 0.625 0.5 0.75 0.5 0.625 0.55 0.75 0.5 0.875 0.5 0.75 0.55 0.875 0.5 1 0.5 0.875 0.55 0 0.5 0.125 0.5 0 0.5 0.125 0.55 0.25 0.5 0.25 0.5 0.25 0.55 0.375 0.5 0.375 0.55 0.375 0.5 0.5 0.5 0.375 0.5028243 0.4309452 0.5493506 0.3162305 0.5493506 0.4309452 0.5028243 0.3162305 0.5493506 0.1837694 0.5493506 0.3162305 0.5028243 0.1837694 0.5493507 0.06905478 0.5493506 0.1837694 0.5028243 0.06905478 0.5493507 0.002824187 0.5493507 0.06905478 0.5028242 0.8647147 0.5493506 0.75 0.5493506 0.8647147 0.5028242 0.75 0.5493506 0.6175389 0.5493506 0.75 0.5028242 0.6175389 0.5493506 0.5028242 0.5493506 0.6175389 0.5028243 0.5028242 0.5493506 0.4365936 0.5493506 0.5028242 0.5549991 0.4309452 0.6015254 0.3647147 0.6015254 0.4309452 0.5549991 0.3647147 0.6015255 0.25 0.6015254 0.3647147 0.06905472 0.06905478 0.4971758 0.1837694 0.1837694 0.4971758 0.5549991 0.25 0.6015255 0.1175389 0.6015255 0.25 0.5549991 0.1175389 0.6015255 0.002824187 0.6015255 0.1175389 0.1837694 0.5028242 0.4971758 0.8162305 0.06905478 0.9309452 0.55 0.5 0.6 0.625 0.55 0.625 0.6 0.625 0.55 0.75 0.55 0.625 0.6 0.75 0.55 0.875 0.55 0.75 0.6 0.875 0.55 1 0.55 0.875 0.55 0 0.6 0.125 0.55 0.125 0.6 0.125 0.55 0.25 0.55 0.125 0.55 0.25 0.6 0.375 0.55 0.375 0.6 0.375 0.55 0.5 0.55 0.375 0.6 0.5 0.65 0.625 0.6 0.625 0.6 0.625 0.65 0.75 0.6 0.75 0.6 0.75 0.65 0.875 0.6 0.875 0.65 0.875 0.6 1 0.6 0.875 0.6 0 0.65 0.125 0.6 0.125 0.65 0.125 0.6 0.25 0.6 0.125 0.65 0.25 0.6 0.375 0.6 0.25 0.65 0.375 0.6 0.5 0.6 0.375 0.65 0.5 0.7 0.625 0.65 0.625 0.7 0.625 0.65 0.75 0.65 0.625 0.7 0.75 0.65 0.875 0.65 0.75 0.7 0.875 0.65 1 0.65 0.875 0.65 0 0.7 0.125 0.65 0.125 0.65 0.125 0.7 0.25 0.65 0.25 0.65 0.25 0.7 0.375 0.65 0.375 0.7 0.375 0.65 0.5 0.65 0.375 0.7 0.5 0.75 0.625 0.7 0.625 0.7 0.625 0.75 0.75 0.7 0.75 0.75 0.75 0.7 0.875 0.7 0.75 0.7 0.875 0.75 1 0.7 1 0.75 0 0.7 0.125 0.7 0 0.7 0.125 0.75 0.25 0.7 0.25 0.75 0.25 0.7 0.375 0.7 0.25 0.75 0.375 0.7 0.5 0.7 0.375 0.8 0.5 0.75 0.625 0.75 0.5 0.8 0.625 0.75 0.75 0.75 0.625 0.8 0.75 0.75 0.875 0.75 0.75 0.8 0.875 0.75 1 0.75 0.875 0.8 0 0.75 0.125 0.75 0 0.75 0.125 0.8 0.25 0.75 0.25 0.8 0.25 0.75 0.375 0.75 0.25 0.8 0.375 0.75 0.5 0.75 0.375 0.85 0.5 0.8 0.625 0.8 0.5 0.85 0.625 0.8 0.75 0.8 0.625 0.85 0.75 0.8 0.875 0.8 0.75 0.85 0.875 0.8 1 0.8 0.875 0.8 0 0.85 0.125 0.8 0.125 0.8 0.125 0.85 0.25 0.8 0.25 0.8 0.25 0.85 0.375 0.8 0.375 0.85 0.375 0.8 0.5 0.8 0.375 0.9 0.5 0.85 0.625 0.85 0.5 0.85 0.625 0.9 0.75 0.85 0.75 0.85 0.75 0.9 0.875 0.85 0.875 0.9 0.875 0.85 1 0.85 0.875 0.9 0 0.85 0.125 0.85 0 0.9 0.125 0.85 0.25 0.85 0.125 0.9 0.25 0.85 0.375 0.85 0.25 0.85 0.375 0.9 0.5 0.85 0.5 0.95 0.5 0.9 0.625 0.9 0.5 0.9 0.625 0.95 0.75 0.9 0.75 0.95 0.75 0.9 0.875 0.9 0.75 0.9 0.875 0.95 1 0.9 1 0.95 0 0.9 0.125 0.9 0 0.9 0.125 0.95 0.25 0.9 0.25 0.95 0.25 0.9 0.375 0.9 0.25 0.9 0.375 0.95 0.5 0.9 0.5 1 0.5 0.95 0.625 0.95 0.5 1 0.625 0.95 0.75 0.95 0.625 1 0.75 0.95 0.875 0.95 0.75 0.95 0.875 1 1 0.95 1 1 0 0.95 0.125 0.95 0 0.95 0.125 1 0.25 0.95 0.25 0.95 0.25 1 0.375 0.95 0.375 0.95 0.375 1 0.5 0.95 0.5 0 0.5 0.04999995 0.625 0 0.625 0 0.625 0.04999995 0.75 0 0.75 0.04999995 0.75 0 0.875 0 0.75 0 0.875 0.04999995 1 0 1 0.04999995 0 0 0.125 0 0 0.04999995 0.125 0 0.25 0 0.125 0.04999995 0.25 0 0.375 0 0.25 0.04999995 0.375 0 0.5 0 0.375 0.1 0.5 0.04999995 0.625 0.04999995 0.5 0.04999995 0.625 0.1 0.75 0.04999995 0.75 0.04999995 0.75 0.1 0.875 0.04999995 0.875 0.04999995 0.875 0.1 1 0.04999995 1 0.1 0 0.04999995 0.125 0.04999995 0 0.1 0.125 0.04999995 0.25 0.04999995 0.125 0.1 0.25 0.04999995 0.375 0.04999995 0.25 0.1 0.375 0.04999995 0.5 0.04999995 0.375 0.1 0.5 0.15 0.625 0.1 0.625 0.15 0.625 0.1 0.75 0.1 0.625 0.1 0.75 0.15 0.875 0.1 0.875 0.15 0.875 0.1 1 0.1 0.875 0.15 0 0.1 0.125 0.1 0 0.15 0.125 0.1 0.25 0.1 0.125 0.1 0.25 0.15 0.375 0.1 0.375 0.15 0.375 0.1 0.5 0.1 0.375 0.15 0.5 0.2 0.625 0.15 0.625 0.2 0.625 0.15 0.75 0.15 0.625 0.15 0.75 0.2 0.875 0.15 0.875 0.2 0.875 0.15 1 0.15 0.875 0.15 0 0.2 0.125 0.15 0.125 0.2 0.125 0.15 0.25 0.15 0.125 0.15 0.25 0.2 0.375 0.15 0.375 0.2 0.375 0.15 0.5 0.15 0.375 0.2 0.5 0.25 0.625 0.2 0.625 0.25 0.625 0.2 0.75 0.2 0.625 0.25 0.75 0.2 0.875 0.2 0.75 0.25 0.875 0.2 1 0.2 0.875 0.25 0 0.2 0.125 0.2 0 0.2 0.125 0.25 0.25 0.2 0.25 0.2 0.25 0.25 0.375 0.2 0.375 0.25 0.375 0.2 0.5 0.2 0.375 0.25 0.5 0.3 0.625 0.25 0.625 0.25 0.625 0.3 0.75 0.25 0.75 0.25 0.75 0.3 0.875 0.25 0.875 0.25 0.875 0.3 1 0.25 1 0.3 0 0.25 0.125 0.25 0 0.3 0.125 0.25 0.25 0.25 0.125 0.3 0.25 0.25 0.375 0.25 0.25 0.3 0.375 0.25 0.5 0.25 0.375 0.35 0.5 0.3 0.625 0.3 0.5 0.35 0.625 0.3 0.75 0.3 0.625 0.3 0.75 0.35 0.875 0.3 0.875 0.35 0.875 0.3 1 0.3 0.875 0.35 0 0.3 0.125 0.3 0 0.35 0.125 0.3 0.25 0.3 0.125 0.35 0.25 0.3 0.375 0.3 0.25 0.35 0.375 0.3 0.5 0.3 0.375 0.4 0.5 0.35 0.625 0.35 0.5 0.35 0.625 0.4 0.75 0.35 0.75 0.35 0.75 0.4 0.875 0.35 0.875 0.4 0.875 0.35 1 0.35 0.875 0.35 0 0.4 0.125 0.35 0.125 0.4 0.125 0.35 0.25 0.35 0.125 0.4 0.25 0.35 0.375 0.35 0.25 0.35 0.375 0.4 0.5 0.35 0.5 0.45 0.5 0.4 0.625 0.4 0.5 0.45 0.625 0.4 0.75 0.4 0.625 0.4 0.75 0.45 0.875 0.4 0.875 0.4 0.875 0.45 1 0.4 1 0.45 0 0.4 0.125 0.4 0 0.45 0.125 0.4 0.25 0.4 0.125 0.4 0.25 0.45 0.375 0.4 0.375 0.4 0.375 0.45 0.5 0.4 0.5 0.5 0.5 0.45 0.625 0.45 0.5 0.45 0.625 0.5 0.75 0.45 0.75 0.5 0.75 0.45 0.875 0.45 0.75 0.5 0.875 0.45 1 0.45 0.875 0.5 0 0.45 0.125 0.45 0 0.5 0.125 0.45 0.25 0.45 0.125 0.5 0.25 0.45 0.375 0.45 0.25 0.5 0.375 0.45 0.5 0.45 0.375 0.55 0.5 0.5 0.625 0.5 0.5 0.55 0.625 0.5 0.75 0.5 0.625 0.55 0.75 0.5 0.875 0.5 0.75 0.55 0.875 0.5 1 0.5 0.875 0.55 0 0.5 0.125 0.5 0 0.5 0.125 0.55 0.25 0.5 0.25 0.5 0.25 0.55 0.375 0.5 0.375 0.55 0.375 0.5 0.5 0.5 0.375 0.5028243 0.4309452 0.5493506 0.3162305 0.5493506 0.4309452 0.5028243 0.3162305 0.5493506 0.1837694 0.5493506 0.3162305 0.5028243 0.1837694 0.5493507 0.06905478 0.5493506 0.1837694 0.5028243 0.06905478 0.5493507 0.002824187 0.5493507 0.06905478 0.5028242 0.8647147 0.5493506 0.75 0.5493506 0.8647147 0.5028242 0.75 0.5493506 0.6175389 0.5493506 0.75 0.5028242 0.6175389 0.5493506 0.5028242 0.5493506 0.6175389 0.5028243 0.5028242 0.5493506 0.4365936 0.5493506 0.5028242 0.5549991 0.4309452 0.6015254 0.3647147 0.6015254 0.4309452 0.5549991 0.3647147 0.6015255 0.25 0.6015254 0.3647147 0.06905472 0.06905478 0.4971758 0.1837694 0.1837694 0.4971758 0.5549991 0.25 0.6015255 0.1175389 0.6015255 0.25 0.5549991 0.1175389 0.6015255 0.002824187 0.6015255 0.1175389 0.1837694 0.5028242 0.4971758 0.8162305 0.06905478 0.9309452 0.55 0.5 0.6 0.5 0.6 0.625 0.6 0.625 0.6 0.75 0.55 0.75 0.6 0.75 0.6 0.875 0.55 0.875 0.6 0.875 0.6 1 0.55 1 0.6 0 0.6 0.125 0.55 0.125 0.6 0.125 0.6 0.25 0.55 0.25 0.55 0.25 0.6 0.25 0.6 0.375 0.6 0.375 0.6 0.5 0.55 0.5 0.6 0.5 0.65 0.5 0.65 0.625 0.6 0.625 0.65 0.625 0.65 0.75 0.6 0.75 0.65 0.75 0.65 0.875 0.65 0.875 0.65 1 0.6 1 0.6 0 0.65 0 0.65 0.125 0.65 0.125 0.65 0.25 0.6 0.25 0.65 0.25 0.65 0.375 0.6 0.375 0.65 0.375 0.65 0.5 0.6 0.5 0.65 0.5 0.7 0.5 0.7 0.625 0.7 0.625 0.7 0.75 0.65 0.75 0.7 0.75 0.7 0.875 0.65 0.875 0.7 0.875 0.7 1 0.65 1 0.65 0 0.7 0 0.7 0.125 0.65 0.125 0.7 0.125 0.7 0.25 0.65 0.25 0.7 0.25 0.7 0.375 0.7 0.375 0.7 0.5 0.65 0.5 0.7 0.5 0.75 0.5 0.75 0.625 0.7 0.625 0.75 0.625 0.75 0.75 0.75 0.75 0.75 0.875 0.7 0.875 0.7 0.875 0.75 0.875 0.75 1 0.75 0 0.75 0.125 0.7 0.125 0.7 0.125 0.75 0.125 0.75 0.25 0.75 0.25 0.75 0.375 0.7 0.375 0.75 0.375 0.75 0.5 0.7 0.5 0.8 0.5 0.8 0.625 0.75 0.625 0.8 0.625 0.8 0.75 0.75 0.75 0.8 0.75 0.8 0.875 0.75 0.875 0.8 0.875 0.8 1 0.75 1 0.8 0 0.8 0.125 0.75 0.125 0.75 0.125 0.8 0.125 0.8 0.25 0.8 0.25 0.8 0.375 0.75 0.375 0.8 0.375 0.8 0.5 0.75 0.5 0.85 0.5 0.85 0.625 0.8 0.625 0.85 0.625 0.85 0.75 0.8 0.75 0.85 0.75 0.85 0.875 0.8 0.875 0.85 0.875 0.85 1 0.8 1 0.8 0 0.85 0 0.85 0.125 0.8 0.125 0.85 0.125 0.85 0.25 0.8 0.25 0.85 0.25 0.85 0.375 0.8 0.375 0.85 0.375 0.85 0.5 0.9 0.5 0.9 0.625 0.85 0.625 0.85 0.625 0.9 0.625 0.9 0.75 0.85 0.75 0.9 0.75 0.9 0.875 0.9 0.875 0.9 1 0.85 1 0.9 0 0.9 0.125 0.85 0.125 0.9 0.125 0.9 0.25 0.85 0.25 0.9 0.25 0.9 0.375 0.85 0.375 0.85 0.375 0.9 0.375 0.9 0.5 0.95 0.5 0.95 0.625 0.9 0.625 0.9 0.625 0.95 0.625 0.95 0.75 0.95 0.75 0.95 0.875 0.9 0.875 0.9 0.875 0.95 0.875 0.95 1 0.95 0 0.95 0.125 0.9 0.125 0.9 0.125 0.95 0.125 0.95 0.25 0.95 0.25 0.95 0.375 0.9 0.375 0.9 0.375 0.95 0.375 0.95 0.5 1 0.5 1 0.625 0.95 0.625 1 0.625 1 0.75 0.95 0.75 1 0.75 1 0.875 0.95 0.875 0.95 0.875 1 0.875 1 1 1 0 1 0.125 0.95 0.125 0.95 0.125 1 0.125 1 0.25 0.95 0.25 1 0.25 1 0.375 0.95 0.375 1 0.375 1 0.5 0 0.5 0.04999995 0.5 0.04999995 0.625 0 0.625 0.04999995 0.625 0.04999995 0.75 0.04999995 0.75 0.04999995 0.875 0 0.875 0 0.875 0.04999995 0.875 0.04999995 1 0.04999995 0 0.04999995 0.125 0 0.125 0.04999995 0.125 0.04999995 0.25 0 0.25 0.04999995 0.25 0.04999995 0.375 0 0.375 0.04999995 0.375 0.04999995 0.5 0 0.5 0.1 0.5 0.1 0.625 0.04999995 0.625 0.04999995 0.625 0.1 0.625 0.1 0.75 0.04999995 0.75 0.1 0.75 0.1 0.875 0.04999995 0.875 0.1 0.875 0.1 1 0.1 0 0.1 0.125 0.04999995 0.125 0.1 0.125 0.1 0.25 0.04999995 0.25 0.1 0.25 0.1 0.375 0.04999995 0.375 0.1 0.375 0.1 0.5 0.04999995 0.5 0.1 0.5 0.15 0.5 0.15 0.625 0.15 0.625 0.15 0.75 0.1 0.75 0.1 0.75 0.15 0.75 0.15 0.875 0.15 0.875 0.15 1 0.1 1 0.1 0 0.15 0 0.15 0.125 0.15 0.125 0.15 0.25 0.1 0.25 0.1 0.25 0.15 0.25 0.15 0.375 0.15 0.375 0.15 0.5 0.1 0.5 0.15 0.5 0.2 0.5 0.2 0.625 0.2 0.625 0.2 0.75 0.15 0.75 0.15 0.75 0.2 0.75 0.2 0.875 0.2 0.875 0.2 1 0.15 1 0.15 0 0.2 0 0.2 0.125 0.2 0.125 0.2 0.25 0.15 0.25 0.15 0.25 0.2 0.25 0.2 0.375 0.2 0.375 0.2 0.5 0.15 0.5 0.2 0.5 0.25 0.5 0.25 0.625 0.25 0.625 0.25 0.75 0.2 0.75 0.25 0.75 0.25 0.875 0.2 0.875 0.25 0.875 0.25 1 0.2 1 0.25 0 0.25 0.125 0.2 0.125 0.2 0.125 0.25 0.125 0.25 0.25 0.2 0.25 0.25 0.25 0.25 0.375 0.25 0.375 0.25 0.5 0.2 0.5 0.25 0.5 0.3 0.5 0.3 0.625 0.25 0.625 0.3 0.625 0.3 0.75 0.25 0.75 0.3 0.75 0.3 0.875 0.25 0.875 0.3 0.875 0.3 1 0.3 0 0.3 0.125 0.25 0.125 0.3 0.125 0.3 0.25 0.25 0.25 0.3 0.25 0.3 0.375 0.25 0.375 0.3 0.375 0.3 0.5 0.25 0.5 0.35 0.5 0.35 0.625 0.3 0.625 0.35 0.625 0.35 0.75 0.3 0.75 0.3 0.75 0.35 0.75 0.35 0.875 0.35 0.875 0.35 1 0.3 1 0.35 0 0.35 0.125 0.3 0.125 0.35 0.125 0.35 0.25 0.3 0.25 0.35 0.25 0.35 0.375 0.3 0.375 0.35 0.375 0.35 0.5 0.3 0.5 0.4 0.5 0.4 0.625 0.35 0.625 0.35 0.625 0.4 0.625 0.4 0.75 0.35 0.75 0.4 0.75 0.4 0.875 0.4 0.875 0.4 1 0.35 1 0.35 0 0.4 0 0.4 0.125 0.4 0.125 0.4 0.25 0.35 0.25 0.4 0.25 0.4 0.375 0.35 0.375 0.35 0.375 0.4 0.375 0.4 0.5 0.45 0.5 0.45 0.625 0.4 0.625 0.45 0.625 0.45 0.75 0.4 0.75 0.4 0.75 0.45 0.75 0.45 0.875 0.4 0.875 0.45 0.875 0.45 1 0.45 0 0.45 0.125 0.4 0.125 0.45 0.125 0.45 0.25 0.4 0.25 0.4 0.25 0.45 0.25 0.45 0.375 0.4 0.375 0.45 0.375 0.45 0.5 0.5 0.5 0.5 0.625 0.45 0.625 0.45 0.625 0.5 0.625 0.5 0.75 0.5 0.75 0.5 0.875 0.45 0.875 0.5 0.875 0.5 1 0.45 1 0.5 0 0.5 0.125 0.45 0.125 0.5 0.125 0.5 0.25 0.45 0.25 0.5 0.25 0.5 0.375 0.45 0.375 0.5 0.375 0.5 0.5 0.45 0.5 0.55 0.5 0.55 0.625 0.5 0.625 0.55 0.625 0.55 0.75 0.5 0.75 0.55 0.75 0.55 0.875 0.5 0.875 0.55 0.875 0.55 1 0.5 1 0.5 0 0.55 0 0.55 0.125 0.5 0.125 0.55 0.125 0.55 0.25 0.5 0.25 0.55 0.25 0.55 0.375 0.55 0.375 0.55 0.5 0.5 0.5 0.5028243 0.4309452 0.5028243 0.3162305 0.5493506 0.3162305 0.5028243 0.3162305 0.5028243 0.1837694 0.5493506 0.1837694 0.5028243 0.1837694 0.5028243 0.06905478 0.5493507 0.06905478 0.5028243 0.06905478 0.5028243 0.002824187 0.5493507 0.002824187 0.5028242 0.8647147 0.5028242 0.75 0.5493506 0.75 0.5028242 0.75 0.5028242 0.6175389 0.5493506 0.6175389 0.5028242 0.6175389 0.5028243 0.5028242 0.5493506 0.5028242 0.5028243 0.5028242 0.5028243 0.4365936 0.5493506 0.4365936 0.5549991 0.4309452 0.5549991 0.3647147 0.6015254 0.3647147 0.5549991 0.3647147 0.5549991 0.25 0.6015255 0.25 0.1837694 0.4971758 0.06905478 0.4309452 0.002824187 0.3162305 0.002824187 0.3162305 0.002824187 0.1837694 0.06905472 0.06905478 0.06905472 0.06905478 0.1837694 0.002824187 0.3162305 0.002824187 0.3162305 0.002824187 0.4309452 0.06905472 0.4971758 0.1837694 0.4971758 0.1837694 0.4971758 0.3162305 0.4309452 0.4309452 0.4309452 0.4309452 0.3162305 0.4971758 0.1837694 0.4971758 0.1837694 0.4971758 0.002824187 0.3162305 0.06905472 0.06905478 0.06905472 0.06905478 0.3162305 0.002824187 0.4971758 0.1837694 0.4971758 0.1837694 0.4309452 0.4309452 0.1837694 0.4971758 0.5549991 0.25 0.5549991 0.1175389 0.6015255 0.1175389 0.5549991 0.1175389 0.5549991 0.002824187 0.6015255 0.002824187 0.06905478 0.9309452 0.002824187 0.8162305 0.002824187 0.6837695 0.002824187 0.6837695 0.06905472 0.5690548 0.1837694 0.5028242 0.1837694 0.5028242 0.3162305 0.5028242 0.4309452 0.5690547 0.4309452 0.5690547 0.4971758 0.6837694 0.4971758 0.8162305 0.4971758 0.8162305 0.4309452 0.9309452 0.3162305 0.9971758 0.3162305 0.9971758 0.1837694 0.9971758 0.06905478 0.9309452 0.06905478 0.9309452 0.002824187 0.6837695 0.1837694 0.5028242 0.1837694 0.5028242 0.4309452 0.5690547 0.4971758 0.8162305 0.4971758 0.8162305 0.3162305 0.9971758 0.06905478 0.9309452 0.6 0.5 0.6 0.625 0.55 0.625 0.6 0.625 0.6 0.75 0.55 0.75 0.6 0.75 0.6 0.875 0.55 0.875 0.6 0.875 0.6 1 0.55 1 0.55 0 0.6 0 0.6 0.125 0.6 0.125 0.6 0.25 0.55 0.25 0.55 0.25 0.6 0.25 0.6 0.375 0.6 0.375 0.6 0.5 0.55 0.5 0.6 0.5 0.65 0.5 0.65 0.625 0.6 0.625 0.65 0.625 0.65 0.75 0.6 0.75 0.65 0.75 0.65 0.875 0.65 0.875 0.65 1 0.6 1 0.6 0 0.65 0 0.65 0.125 0.65 0.125 0.65 0.25 0.6 0.25 0.65 0.25 0.65 0.375 0.6 0.375 0.65 0.375 0.65 0.5 0.6 0.5 0.65 0.5 0.7 0.5 0.7 0.625 0.7 0.625 0.7 0.75 0.65 0.75 0.7 0.75 0.7 0.875 0.65 0.875 0.7 0.875 0.7 1 0.65 1 0.65 0 0.7 0 0.7 0.125 0.65 0.125 0.7 0.125 0.7 0.25 0.65 0.25 0.7 0.25 0.7 0.375 0.7 0.375 0.7 0.5 0.65 0.5 0.7 0.5 0.75 0.5 0.75 0.625 0.7 0.625 0.75 0.625 0.75 0.75 0.75 0.75 0.75 0.875 0.7 0.875 0.7 0.875 0.75 0.875 0.75 1 0.75 0 0.75 0.125 0.7 0.125 0.7 0.125 0.75 0.125 0.75 0.25 0.75 0.25 0.75 0.375 0.7 0.375 0.75 0.375 0.75 0.5 0.7 0.5 0.8 0.5 0.8 0.625 0.75 0.625 0.8 0.625 0.8 0.75 0.75 0.75 0.8 0.75 0.8 0.875 0.75 0.875 0.8 0.875 0.8 1 0.75 1 0.8 0 0.8 0.125 0.75 0.125 0.75 0.125 0.8 0.125 0.8 0.25 0.8 0.25 0.8 0.375 0.75 0.375 0.8 0.375 0.8 0.5 0.75 0.5 0.85 0.5 0.85 0.625 0.8 0.625 0.85 0.625 0.85 0.75 0.8 0.75 0.85 0.75 0.85 0.875 0.8 0.875 0.85 0.875 0.85 1 0.8 1 0.8 0 0.85 0 0.85 0.125 0.8 0.125 0.85 0.125 0.85 0.25 0.8 0.25 0.85 0.25 0.85 0.375 0.85 0.375 0.85 0.5 0.8 0.5 0.9 0.5 0.9 0.625 0.85 0.625 0.85 0.625 0.9 0.625 0.9 0.75 0.85 0.75 0.9 0.75 0.9 0.875 0.9 0.875 0.9 1 0.85 1 0.9 0 0.9 0.125 0.85 0.125 0.9 0.125 0.9 0.25 0.85 0.25 0.9 0.25 0.9 0.375 0.85 0.375 0.85 0.375 0.9 0.375 0.9 0.5 0.95 0.5 0.95 0.625 0.9 0.625 0.9 0.625 0.95 0.625 0.95 0.75 0.95 0.75 0.95 0.875 0.9 0.875 0.9 0.875 0.95 0.875 0.95 1 0.95 0 0.95 0.125 0.9 0.125 0.9 0.125 0.95 0.125 0.95 0.25 0.95 0.25 0.95 0.375 0.9 0.375 0.9 0.375 0.95 0.375 0.95 0.5 1 0.5 1 0.625 0.95 0.625 1 0.625 1 0.75 0.95 0.75 1 0.75 1 0.875 0.95 0.875 0.95 0.875 1 0.875 1 1 1 0 1 0.125 0.95 0.125 0.95 0.125 1 0.125 1 0.25 0.95 0.25 1 0.25 1 0.375 0.95 0.375 1 0.375 1 0.5 0 0.5 0.04999995 0.5 0.04999995 0.625 0 0.625 0.04999995 0.625 0.04999995 0.75 0.04999995 0.75 0.04999995 0.875 0 0.875 0 0.875 0.04999995 0.875 0.04999995 1 0.04999995 0 0.04999995 0.125 0 0.125 0.04999995 0.125 0.04999995 0.25 0 0.25 0.04999995 0.25 0.04999995 0.375 0 0.375 0.04999995 0.375 0.04999995 0.5 0 0.5 0.1 0.5 0.1 0.625 0.04999995 0.625 0.04999995 0.625 0.1 0.625 0.1 0.75 0.04999995 0.75 0.1 0.75 0.1 0.875 0.04999995 0.875 0.1 0.875 0.1 1 0.1 0 0.1 0.125 0.04999995 0.125 0.1 0.125 0.1 0.25 0.04999995 0.25 0.1 0.25 0.1 0.375 0.04999995 0.375 0.1 0.375 0.1 0.5 0.04999995 0.5 0.1 0.5 0.15 0.5 0.15 0.625 0.15 0.625 0.15 0.75 0.1 0.75 0.1 0.75 0.15 0.75 0.15 0.875 0.15 0.875 0.15 1 0.1 1 0.15 0 0.15 0.125 0.1 0.125 0.15 0.125 0.15 0.25 0.1 0.25 0.1 0.25 0.15 0.25 0.15 0.375 0.15 0.375 0.15 0.5 0.1 0.5 0.15 0.5 0.2 0.5 0.2 0.625 0.2 0.625 0.2 0.75 0.15 0.75 0.15 0.75 0.2 0.75 0.2 0.875 0.2 0.875 0.2 1 0.15 1 0.15 0 0.2 0 0.2 0.125 0.2 0.125 0.2 0.25 0.15 0.25 0.15 0.25 0.2 0.25 0.2 0.375 0.2 0.375 0.2 0.5 0.15 0.5 0.2 0.5 0.25 0.5 0.25 0.625 0.25 0.625 0.25 0.75 0.2 0.75 0.25 0.75 0.25 0.875 0.2 0.875 0.25 0.875 0.25 1 0.2 1 0.25 0 0.25 0.125 0.2 0.125 0.2 0.125 0.25 0.125 0.25 0.25 0.2 0.25 0.25 0.25 0.25 0.375 0.25 0.375 0.25 0.5 0.2 0.5 0.3 0.5 0.3 0.625 0.25 0.625 0.25 0.625 0.3 0.625 0.3 0.75 0.25 0.75 0.3 0.75 0.3 0.875 0.25 0.875 0.3 0.875 0.3 1 0.3 0 0.3 0.125 0.25 0.125 0.3 0.125 0.3 0.25 0.25 0.25 0.3 0.25 0.3 0.375 0.25 0.375 0.3 0.375 0.3 0.5 0.25 0.5 0.35 0.5 0.35 0.625 0.3 0.625 0.35 0.625 0.35 0.75 0.3 0.75 0.3 0.75 0.35 0.75 0.35 0.875 0.35 0.875 0.35 1 0.3 1 0.35 0 0.35 0.125 0.3 0.125 0.35 0.125 0.35 0.25 0.3 0.25 0.35 0.25 0.35 0.375 0.3 0.375 0.35 0.375 0.35 0.5 0.3 0.5 0.4 0.5 0.4 0.625 0.35 0.625 0.35 0.625 0.4 0.625 0.4 0.75 0.35 0.75 0.4 0.75 0.4 0.875 0.4 0.875 0.4 1 0.35 1 0.35 0 0.4 0 0.4 0.125 0.4 0.125 0.4 0.25 0.35 0.25 0.4 0.25 0.4 0.375 0.35 0.375 0.35 0.375 0.4 0.375 0.4 0.5 0.45 0.5 0.45 0.625 0.4 0.625 0.45 0.625 0.45 0.75 0.4 0.75 0.4 0.75 0.45 0.75 0.45 0.875 0.45 0.875 0.45 1 0.4 1 0.45 0 0.45 0.125 0.4 0.125 0.45 0.125 0.45 0.25 0.4 0.25 0.4 0.25 0.45 0.25 0.45 0.375 0.4 0.375 0.45 0.375 0.45 0.5 0.45 0.5 0.5 0.5 0.5 0.625 0.45 0.625 0.5 0.625 0.5 0.75 0.5 0.75 0.5 0.875 0.45 0.875 0.45 0.875 0.5 0.875 0.5 1 0.5 0 0.5 0.125 0.45 0.125 0.5 0.125 0.5 0.25 0.45 0.25 0.5 0.25 0.5 0.375 0.45 0.375 0.5 0.375 0.5 0.5 0.45 0.5 0.55 0.5 0.55 0.625 0.5 0.625 0.55 0.625 0.55 0.75 0.5 0.75 0.55 0.75 0.55 0.875 0.5 0.875 0.55 0.875 0.55 1 0.5 1 0.55 0 0.55 0.125 0.5 0.125 0.5 0.125 0.55 0.125 0.55 0.25 0.5 0.25 0.55 0.25 0.55 0.375 0.55 0.375 0.55 0.5 0.5 0.5 0.5028243 0.4309452 0.5028243 0.3162305 0.5493506 0.3162305 0.5028243 0.3162305 0.5028243 0.1837694 0.5493506 0.1837694 0.5028243 0.1837694 0.5028243 0.06905478 0.5493507 0.06905478 0.5028243 0.06905478 0.5028243 0.002824187 0.5493507 0.002824187 0.5028242 0.8647147 0.5028242 0.75 0.5493506 0.75 0.5028242 0.75 0.5028242 0.6175389 0.5493506 0.6175389 0.5028242 0.6175389 0.5028243 0.5028242 0.5493506 0.5028242 0.5028243 0.5028242 0.5028243 0.4365936 0.5493506 0.4365936 0.5549991 0.4309452 0.5549991 0.3647147 0.6015254 0.3647147 0.5549991 0.3647147 0.5549991 0.25 0.6015255 0.25 0.1837694 0.4971758 0.06905478 0.4309452 0.002824187 0.3162305 0.002824187 0.3162305 0.002824187 0.1837694 0.06905472 0.06905478 0.06905472 0.06905478 0.1837694 0.002824187 0.3162305 0.002824187 0.3162305 0.002824187 0.4309452 0.06905472 0.4971758 0.1837694 0.4971758 0.1837694 0.4971758 0.3162305 0.4309452 0.4309452 0.4309452 0.4309452 0.3162305 0.4971758 0.1837694 0.4971758 0.1837694 0.4971758 0.002824187 0.3162305 0.06905472 0.06905478 0.06905472 0.06905478 0.3162305 0.002824187 0.4971758 0.1837694 0.4971758 0.1837694 0.4309452 0.4309452 0.1837694 0.4971758 0.5549991 0.25 0.5549991 0.1175389 0.6015255 0.1175389 0.5549991 0.1175389 0.5549991 0.002824187 0.6015255 0.002824187 0.06905478 0.9309452 0.002824187 0.8162305 0.002824187 0.6837695 0.002824187 0.6837695 0.06905472 0.5690548 0.1837694 0.5028242 0.1837694 0.5028242 0.3162305 0.5028242 0.4309452 0.5690547 0.4309452 0.5690547 0.4971758 0.6837694 0.4971758 0.8162305 0.4971758 0.8162305 0.4309452 0.9309452 0.3162305 0.9971758 0.3162305 0.9971758 0.1837694 0.9971758 0.06905478 0.9309452 0.06905478 0.9309452 0.002824187 0.6837695 0.1837694 0.5028242 0.1837694 0.5028242 0.4309452 0.5690547 0.4971758 0.8162305 0.4971758 0.8162305 0.3162305 0.9971758 0.06905478 0.9309452 0.55 0.5 0.6 0.5 0.6 0.625 0.6 0.625 0.6 0.75 0.55 0.75 0.6 0.75 0.6 0.875 0.55 0.875 0.6 0.875 0.6 1 0.55 1 0.55 0 0.6 0 0.6 0.125 0.6 0.125 0.6 0.25 0.55 0.25 0.55 0.25 0.6 0.25 0.6 0.375 0.6 0.375 0.6 0.5 0.55 0.5 0.6 0.5 0.65 0.5 0.65 0.625 0.6 0.625 0.65 0.625 0.65 0.75 0.6 0.75 0.65 0.75 0.65 0.875 0.65 0.875 0.65 1 0.6 1 0.6 0 0.65 0 0.65 0.125 0.65 0.125 0.65 0.25 0.6 0.25 0.65 0.25 0.65 0.375 0.6 0.375 0.65 0.375 0.65 0.5 0.6 0.5 0.65 0.5 0.7 0.5 0.7 0.625 0.7 0.625 0.7 0.75 0.65 0.75 0.7 0.75 0.7 0.875 0.65 0.875 0.7 0.875 0.7 1 0.65 1 0.65 0 0.7 0 0.7 0.125 0.65 0.125 0.7 0.125 0.7 0.25 0.65 0.25 0.7 0.25 0.7 0.375 0.7 0.375 0.7 0.5 0.65 0.5 0.7 0.5 0.75 0.5 0.75 0.625 0.7 0.625 0.75 0.625 0.75 0.75 0.75 0.75 0.75 0.875 0.7 0.875 0.7 0.875 0.75 0.875 0.75 1 0.75 0 0.75 0.125 0.7 0.125 0.7 0.125 0.75 0.125 0.75 0.25 0.75 0.25 0.75 0.375 0.7 0.375 0.75 0.375 0.75 0.5 0.7 0.5 0.8 0.5 0.8 0.625 0.75 0.625 0.8 0.625 0.8 0.75 0.75 0.75 0.8 0.75 0.8 0.875 0.75 0.875 0.8 0.875 0.8 1 0.75 1 0.8 0 0.8 0.125 0.75 0.125 0.75 0.125 0.8 0.125 0.8 0.25 0.8 0.25 0.8 0.375 0.75 0.375 0.8 0.375 0.8 0.5 0.75 0.5 0.85 0.5 0.85 0.625 0.8 0.625 0.85 0.625 0.85 0.75 0.8 0.75 0.85 0.75 0.85 0.875 0.8 0.875 0.85 0.875 0.85 1 0.8 1 0.8 0 0.85 0 0.85 0.125 0.8 0.125 0.85 0.125 0.85 0.25 0.8 0.25 0.85 0.25 0.85 0.375 0.85 0.375 0.85 0.5 0.8 0.5 0.9 0.5 0.9 0.625 0.85 0.625 0.85 0.625 0.9 0.625 0.9 0.75 0.85 0.75 0.9 0.75 0.9 0.875 0.9 0.875 0.9 1 0.85 1 0.9 0 0.9 0.125 0.85 0.125 0.9 0.125 0.9 0.25 0.85 0.25 0.9 0.25 0.9 0.375 0.85 0.375 0.85 0.375 0.9 0.375 0.9 0.5 0.95 0.5 0.95 0.625 0.9 0.625 0.9 0.625 0.95 0.625 0.95 0.75 0.95 0.75 0.95 0.875 0.9 0.875 0.9 0.875 0.95 0.875 0.95 1 0.95 0 0.95 0.125 0.9 0.125 0.9 0.125 0.95 0.125 0.95 0.25 0.95 0.25 0.95 0.375 0.9 0.375 0.9 0.375 0.95 0.375 0.95 0.5 1 0.5 1 0.625 0.95 0.625 1 0.625 1 0.75 0.95 0.75 1 0.75 1 0.875 0.95 0.875 0.95 0.875 1 0.875 1 1 1 0 1 0.125 0.95 0.125 0.95 0.125 1 0.125 1 0.25 0.95 0.25 1 0.25 1 0.375 0.95 0.375 1 0.375 1 0.5 0 0.5 0.04999995 0.5 0.04999995 0.625 0 0.625 0.04999995 0.625 0.04999995 0.75 0.04999995 0.75 0.04999995 0.875 0 0.875 0 0.875 0.04999995 0.875 0.04999995 1 0.04999995 0 0.04999995 0.125 0 0.125 0.04999995 0.125 0.04999995 0.25 0 0.25 0.04999995 0.25 0.04999995 0.375 0 0.375 0.04999995 0.375 0.04999995 0.5 0 0.5 0.1 0.5 0.1 0.625 0.04999995 0.625 0.04999995 0.625 0.1 0.625 0.1 0.75 0.04999995 0.75 0.1 0.75 0.1 0.875 0.04999995 0.875 0.1 0.875 0.1 1 0.1 0 0.1 0.125 0.04999995 0.125 0.1 0.125 0.1 0.25 0.04999995 0.25 0.1 0.25 0.1 0.375 0.04999995 0.375 0.1 0.375 0.1 0.5 0.04999995 0.5 0.1 0.5 0.15 0.5 0.15 0.625 0.15 0.625 0.15 0.75 0.1 0.75 0.1 0.75 0.15 0.75 0.15 0.875 0.15 0.875 0.15 1 0.1 1 0.15 0 0.15 0.125 0.1 0.125 0.15 0.125 0.15 0.25 0.1 0.25 0.1 0.25 0.15 0.25 0.15 0.375 0.15 0.375 0.15 0.5 0.1 0.5 0.15 0.5 0.2 0.5 0.2 0.625 0.2 0.625 0.2 0.75 0.15 0.75 0.15 0.75 0.2 0.75 0.2 0.875 0.2 0.875 0.2 1 0.15 1 0.15 0 0.2 0 0.2 0.125 0.2 0.125 0.2 0.25 0.15 0.25 0.15 0.25 0.2 0.25 0.2 0.375 0.2 0.375 0.2 0.5 0.15 0.5 0.2 0.5 0.25 0.5 0.25 0.625 0.25 0.625 0.25 0.75 0.2 0.75 0.25 0.75 0.25 0.875 0.2 0.875 0.25 0.875 0.25 1 0.2 1 0.25 0 0.25 0.125 0.2 0.125 0.2 0.125 0.25 0.125 0.25 0.25 0.2 0.25 0.25 0.25 0.25 0.375 0.25 0.375 0.25 0.5 0.2 0.5 0.25 0.5 0.3 0.5 0.3 0.625 0.25 0.625 0.3 0.625 0.3 0.75 0.25 0.75 0.3 0.75 0.3 0.875 0.25 0.875 0.3 0.875 0.3 1 0.3 0 0.3 0.125 0.25 0.125 0.3 0.125 0.3 0.25 0.25 0.25 0.3 0.25 0.3 0.375 0.25 0.375 0.3 0.375 0.3 0.5 0.25 0.5 0.35 0.5 0.35 0.625 0.3 0.625 0.35 0.625 0.35 0.75 0.3 0.75 0.3 0.75 0.35 0.75 0.35 0.875 0.35 0.875 0.35 1 0.3 1 0.35 0 0.35 0.125 0.3 0.125 0.35 0.125 0.35 0.25 0.3 0.25 0.35 0.25 0.35 0.375 0.3 0.375 0.35 0.375 0.35 0.5 0.3 0.5 0.4 0.5 0.4 0.625 0.35 0.625 0.35 0.625 0.4 0.625 0.4 0.75 0.35 0.75 0.4 0.75 0.4 0.875 0.4 0.875 0.4 1 0.35 1 0.35 0 0.4 0 0.4 0.125 0.4 0.125 0.4 0.25 0.35 0.25 0.4 0.25 0.4 0.375 0.35 0.375 0.35 0.375 0.4 0.375 0.4 0.5 0.45 0.5 0.45 0.625 0.4 0.625 0.45 0.625 0.45 0.75 0.4 0.75 0.4 0.75 0.45 0.75 0.45 0.875 0.4 0.875 0.45 0.875 0.45 1 0.45 0 0.45 0.125 0.4 0.125 0.45 0.125 0.45 0.25 0.4 0.25 0.4 0.25 0.45 0.25 0.45 0.375 0.4 0.375 0.45 0.375 0.45 0.5 0.5 0.5 0.5 0.625 0.45 0.625 0.45 0.625 0.5 0.625 0.5 0.75 0.5 0.75 0.5 0.875 0.45 0.875 0.5 0.875 0.5 1 0.45 1 0.5 0 0.5 0.125 0.45 0.125 0.5 0.125 0.5 0.25 0.45 0.25 0.5 0.25 0.5 0.375 0.45 0.375 0.5 0.375 0.5 0.5 0.45 0.5 0.55 0.5 0.55 0.625 0.5 0.625 0.55 0.625 0.55 0.75 0.5 0.75 0.55 0.75 0.55 0.875 0.5 0.875 0.55 0.875 0.55 1 0.5 1 0.55 0 0.55 0.125 0.5 0.125 0.5 0.125 0.55 0.125 0.55 0.25 0.5 0.25 0.55 0.25 0.55 0.375 0.55 0.375 0.55 0.5 0.5 0.5 0.5028243 0.4309452 0.5028243 0.3162305 0.5493506 0.3162305 0.5028243 0.3162305 0.5028243 0.1837694 0.5493506 0.1837694 0.5028243 0.1837694 0.5028243 0.06905478 0.5493507 0.06905478 0.5028243 0.06905478 0.5028243 0.002824187 0.5493507 0.002824187 0.5028242 0.8647147 0.5028242 0.75 0.5493506 0.75 0.5028242 0.75 0.5028242 0.6175389 0.5493506 0.6175389 0.5028242 0.6175389 0.5028243 0.5028242 0.5493506 0.5028242 0.5028243 0.5028242 0.5028243 0.4365936 0.5493506 0.4365936 0.5549991 0.4309452 0.5549991 0.3647147 0.6015254 0.3647147 0.5549991 0.3647147 0.5549991 0.25 0.6015255 0.25 0.1837694 0.4971758 0.06905478 0.4309452 0.002824187 0.3162305 0.002824187 0.3162305 0.002824187 0.1837694 0.06905472 0.06905478 0.06905472 0.06905478 0.1837694 0.002824187 0.3162305 0.002824187 0.3162305 0.002824187 0.4309452 0.06905472 0.4971758 0.1837694 0.4971758 0.1837694 0.4971758 0.3162305 0.4309452 0.4309452 0.4309452 0.4309452 0.3162305 0.4971758 0.1837694 0.4971758 0.1837694 0.4971758 0.002824187 0.3162305 0.06905472 0.06905478 0.06905472 0.06905478 0.3162305 0.002824187 0.4971758 0.1837694 0.4971758 0.1837694 0.4309452 0.4309452 0.1837694 0.4971758 0.5549991 0.25 0.5549991 0.1175389 0.6015255 0.1175389 0.5549991 0.1175389 0.5549991 0.002824187 0.6015255 0.002824187 0.06905478 0.9309452 0.002824187 0.8162305 0.002824187 0.6837695 0.002824187 0.6837695 0.06905472 0.5690548 0.1837694 0.5028242 0.1837694 0.5028242 0.3162305 0.5028242 0.4309452 0.5690547 0.4309452 0.5690547 0.4971758 0.6837694 0.4971758 0.8162305 0.4971758 0.8162305 0.4309452 0.9309452 0.3162305 0.9971758 0.3162305 0.9971758 0.1837694 0.9971758 0.06905478 0.9309452 0.06905478 0.9309452 0.002824187 0.6837695 0.1837694 0.5028242 0.1837694 0.5028242 0.4309452 0.5690547 0.4971758 0.8162305 0.4971758 0.8162305 0.3162305 0.9971758 0.06905478 0.9309452</float_array>
          <technique_common>
            <accessor source="#tire_stack_3_a800-mesh-map-0-array" count="3276" stride="2">
              <param name="S" type="float"/>
              <param name="T" type="float"/>
            </accessor>
          </technique_common>
        </source>
        <vertices id="tire_stack_3_a800-mesh-vertices">
          <input semantic="POSITION" source="#tire_stack_3_a800-mesh-positions"/>
        </vertices>
        <triangles material="tire_002-material" count="960">
          <input semantic="VERTEX" source="#tire_stack_3_a800-mesh-vertices" offset="0"/>
          <input semantic="NORMAL" source="#tire_stack_3_a800-mesh-normals" offset="1"/>
          <input semantic="TEXCOORD" source="#tire_stack_3_a800-mesh-map-0" offset="2" set="0"/>
          <p>0 0 0 9 0 1 1 0 2 9 1 3 2 1 4 1 1 5 10 2 6 3 2 7 2 2 8 11 3 9 4 3 10 3 3 11 12 4 12 5 4 13 4 4 14 13 5 15 6 5 16 5 5 17 6 6 18 15 6 19 7 6 20 15 7 21 0 7 22 7 7 23 8 8 24 17 8 25 9 8 26 9 9 27 18 9 28 10 9 29 10 10 30 19 10 31 11 10 32 19 11 33 12 11 34 11 11 35 12 12 36 21 12 37 13 12 38 21 13 39 14 13 40 13 13 41 22 14 42 15 14 43 14 14 44 23 15 45 8 15 46 15 15 47 16 16 48 25 16 49 17 16 50 25 17 51 18 17 52 17 17 53 26 18 54 19 18 55 18 18 56 27 19 57 20 19 58 19 19 59 20 20 60 29 20 61 21 20 62 21 21 63 30 21 64 22 21 65 22 22 66 31 22 67 23 22 68 31 23 69 16 23 70 23 23 71 24 24 72 33 24 73 25 24 74 25 25 75 34 25 76 26 25 77 34 26 78 27 26 79 26 26 80 27 27 81 36 27 82 28 27 83 36 28 84 29 28 85 28 28 86 29 29 87 38 29 88 30 29 89 38 30 90 31 30 91 30 30 92 39 31 93 24 31 94 31 31 95 40 32 96 33 32 97 32 32 98 41 33 99 34 33 100 33 33 101 42 34 102 35 34 103 34 34 104 43 35 105 36 35 106 35 35 107 44 36 108 37 36 109 36 36 110 37 37 111 46 37 112 38 37 113 46 38 114 39 38 115 38 38 116 47 39 117 32 39 118 39 39 119 48 40 120 41 40 121 40 40 122 49 41 123 42 41 124 41 41 125 50 42 126 43 42 127 42 42 128 51 43 129 44 43 130 43 43 131 44 44 132 53 44 133 45 44 134 45 45 135 54 45 136 46 45 137 46 46 138 55 46 139 47 46 140 47 47 141 48 47 142 40 47 143 56 48 144 49 48 145 48 48 146 49 49 147 58 49 148 50 49 149 50 50 150 59 50 151 51 50 152 59 51 153 52 51 154 51 51 155 60 52 156 53 52 157 52 52 158 61 53 159 54 53 160 53 53 161 62 54 162 55 54 163 54 54 164 55 55 165 56 55 166 48 55 167 64 56 168 57 56 169 56 56 170 57 57 171 66 57 172 58 57 173 66 58 174 59 58 175 58 58 176 59 59 177 68 59 178 60 59 179 68 60 180 61 60 181 60 60 182 61 61 183 70 61 184 62 61 185 70 62 186 63 62 187 62 62 188 63 63 189 64 63 190 56 63 191 72 64 192 65 64 193 64 64 194 73 65 195 66 65 196 65 65 197 74 66 198 67 66 199 66 66 200 67 67 201 76 67 202 68 67 203 76 68 204 69 68 205 68 68 206 69 69 207 78 69 208 70 69 209 70 70 210 79 70 211 71 70 212 71 71 213 72 71 214 64 71 215 72 72 216 81 72 217 73 72 218 73 73 219 82 73 220 74 73 221 82 74 222 75 74 223 74 74 224 75 75 225 84 75 226 76 75 227 84 76 228 77 76 229 76 76 230 85 77 231 78 77 232 77 77 233 86 78 234 79 78 235 78 78 236 87 79 237 72 79 238 79 79 239 88 80 240 81 80 241 80 80 242 81 81 243 90 81 244 82 81 245 82 82 246 91 82 247 83 82 248 83 83 249 92 83 250 84 83 251 92 84 252 85 84 253 84 84 254 93 85 255 86 85 256 85 85 257 94 86 258 87 86 259 86 86 260 95 87 261 80 87 262 87 87 263 88 88 264 97 88 265 89 88 266 97 89 267 90 89 268 89 89 269 90 90 270 99 90 271 91 90 272 99 91 273 92 91 274 91 91 275 92 92 276 101 92 277 93 92 278 101 93 279 94 93 280 93 93 281 94 94 282 103 94 283 95 94 284 103 95 285 88 95 286 95 95 287 96 96 288 105 96 289 97 96 290 105 97 291 98 97 292 97 97 293 98 98 294 107 98 295 99 98 296 107 99 297 100 99 298 99 99 299 100 100 300 109 100 301 101 100 302 109 101 303 102 101 304 101 101 305 102 102 306 111 102 307 103 102 308 111 103 309 96 103 310 103 103 311 104 104 312 113 104 313 105 104 314 113 105 315 106 105 316 105 105 317 114 106 318 107 106 319 106 106 320 115 107 321 108 107 322 107 107 323 116 108 324 109 108 325 108 108 326 109 109 327 118 109 328 110 109 329 110 110 330 119 110 331 111 110 332 119 111 333 104 111 334 111 111 335 112 112 336 121 112 337 113 112 338 113 113 339 122 113 340 114 113 341 114 114 342 123 114 343 115 114 344 115 115 345 124 115 346 116 115 347 124 116 348 117 116 349 116 116 350 125 117 351 118 117 352 117 117 353 126 118 354 119 118 355 118 118 356 127 119 357 112 119 358 119 119 359 128 120 360 121 120 361 120 120 362 129 121 363 122 121 364 121 121 365 122 122 366 131 122 367 123 122 368 131 123 369 124 123 370 123 123 371 132 124 372 125 124 373 124 124 374 133 125 375 126 125 376 125 125 377 134 126 378 127 126 379 126 126 380 135 127 381 120 127 382 127 127 383 136 128 384 129 128 385 128 128 386 129 129 387 138 129 388 130 129 389 130 130 390 139 130 391 131 130 392 139 131 393 132 131 394 131 131 395 132 132 396 141 132 397 133 132 398 141 133 399 134 133 400 133 133 401 142 134 402 135 134 403 134 134 404 135 135 405 136 135 406 128 135 407 144 136 408 137 136 409 136 136 410 145 137 411 138 137 412 137 137 413 138 138 414 147 138 415 139 138 416 139 139 417 148 139 418 140 139 419 148 140 420 141 140 421 140 140 422 149 141 423 142 141 424 141 141 425 142 142 426 151 142 427 143 142 428 143 143 429 144 143 430 136 143 431 152 144 432 145 144 433 144 144 434 145 145 435 154 145 436 146 145 437 154 146 438 147 146 439 146 146 440 155 147 441 148 147 442 147 147 443 156 148 444 149 148 445 148 148 446 157 149 447 150 149 448 149 149 449 158 150 450 151 150 451 150 150 452 159 151 453 144 151 454 151 151 455 0 152 456 153 152 457 152 152 458 1 153 459 154 153 460 153 153 461 2 154 462 155 154 463 154 154 464 3 155 465 156 155 466 155 155 467 156 156 468 5 156 469 157 156 470 157 157 471 6 157 472 158 157 473 158 158 474 7 158 475 159 158 476 7 159 477 152 159 478 159 159 479 192 174 522 185 174 523 184 174 524 193 175 525 186 175 526 185 175 527 194 176 528 187 176 529 186 176 530 195 177 531 188 177 532 187 177 533 188 178 534 197 178 535 189 178 536 197 179 537 190 179 538 189 179 539 190 180 540 199 180 541 191 180 542 199 181 543 184 181 544 191 181 545 192 182 546 201 182 547 193 182 548 193 183 549 202 183 550 194 183 551 194 184 552 203 184 553 195 184 554 203 185 555 196 185 556 195 185 557 196 186 558 205 186 559 197 186 560 205 187 561 198 187 562 197 187 563 206 188 564 199 188 565 198 188 566 207 189 567 192 189 568 199 189 569 200 190 570 209 190 571 201 190 572 209 191 573 202 191 574 201 191 575 210 192 576 203 192 577 202 192 578 211 193 579 204 193 580 203 193 581 204 194 582 213 194 583 205 194 584 205 195 585 214 195 586 206 195 587 206 196 588 215 196 589 207 196 590 215 197 591 200 197 592 207 197 593 208 198 594 217 198 595 209 198 596 209 199 597 218 199 598 210 199 599 218 200 600 211 200 601 210 200 602 211 201 603 220 201 604 212 201 605 220 202 606 213 202 607 212 202 608 213 203 609 222 203 610 214 203 611 222 204 612 215 204 613 214 204 614 223 205 615 208 205 616 215 205 617 224 206 618 217 206 619 216 206 620 225 207 621 218 207 622 217 207 623 226 208 624 219 208 625 218 208 626 227 209 627 220 209 628 219 209 629 228 210 630 221 210 631 220 210 632 221 211 633 230 211 634 222 211 635 230 212 636 223 212 637 222 212 638 231 213 639 216 213 640 223 213 641 232 214 642 225 214 643 224 214 644 233 215 645 226 215 646 225 215 647 234 216 648 227 216 649 226 216 650 235 217 651 228 217 652 227 217 653 228 218 654 237 218 655 229 218 656 229 219 657 238 219 658 230 219 659 230 220 660 239 220 661 231 220 662 239 221 663 224 221 664 231 221 665 240 222 666 233 222 667 232 222 668 233 223 669 242 223 670 234 223 671 234 224 672 243 224 673 235 224 674 243 225 675 236 225 676 235 225 677 244 226 678 237 226 679 236 226 680 245 227 681 238 227 682 237 227 683 246 228 684 239 228 685 238 228 686 239 229 687 240 229 688 232 229 689 248 230 690 241 230 691 240 230 692 241 231 693 250 231 694 242 231 695 250 232 696 243 232 697 242 232 698 243 233 699 252 233 700 244 233 701 252 234 702 245 234 703 244 234 704 245 235 705 254 235 706 246 235 707 254 236 708 247 236 709 246 236 710 247 237 711 248 237 712 240 237 713 256 238 714 249 238 715 248 238 716 257 239 717 250 239 718 249 239 719 258 240 720 251 240 721 250 240 722 251 241 723 260 241 724 252 241 725 260 242 726 253 242 727 252 242 728 253 243 729 262 243 730 254 243 731 254 244 732 263 244 733 255 244 734 255 245 735 256 245 736 248 245 737 256 246 738 265 246 739 257 246 740 257 247 741 266 247 742 258 247 743 266 248 744 259 248 745 258 248 746 259 249 747 268 249 748 260 249 749 268 250 750 261 250 751 260 250 752 269 251 753 262 251 754 261 251 755 270 252 756 263 252 757 262 252 758 271 253 759 256 253 760 263 253 761 272 254 762 265 254 763 264 254 764 265 255 765 274 255 766 266 255 767 266 256 768 275 256 769 267 256 770 267 257 771 276 257 772 268 257 773 276 258 774 269 258 775 268 258 776 277 259 777 270 259 778 269 259 779 278 260 780 271 260 781 270 260 782 279 261 783 264 261 784 271 261 785 272 262 786 281 262 787 273 262 788 281 263 789 274 263 790 273 263 791 274 264 792 283 264 793 275 264 794 283 265 795 276 265 796 275 265 797 284 266 798 277 266 799 276 266 800 285 267 801 278 267 802 277 267 803 278 268 804 287 268 805 279 268 806 287 269 807 272 269 808 279 269 809 280 270 810 289 270 811 281 270 812 289 271 813 282 271 814 281 271 815 282 272 816 291 272 817 283 272 818 291 273 819 284 273 820 283 273 821 284 274 822 293 274 823 285 274 824 293 275 825 286 275 826 285 275 827 286 276 828 295 276 829 287 276 830 295 277 831 280 277 832 287 277 833 288 278 834 297 278 835 289 278 836 297 279 837 290 279 838 289 279 839 298 280 840 291 280 841 290 280 842 299 281 843 292 281 844 291 281 845 300 282 846 293 282 847 292 282 848 293 283 849 302 283 850 294 283 851 294 284 852 303 284 853 295 284 854 303 285 855 288 285 856 295 285 857 304 286 858 297 286 859 296 286 860 297 287 861 306 287 862 298 287 863 298 288 864 307 288 865 299 288 866 299 289 867 308 289 868 300 289 869 308 290 870 301 290 871 300 290 872 309 291 873 302 291 874 301 291 875 310 292 876 303 292 877 302 292 878 311 293 879 296 293 880 303 293 881 312 294 882 305 294 883 304 294 884 313 295 885 306 295 886 305 295 887 306 296 888 315 296 889 307 296 890 315 297 891 308 297 892 307 297 893 316 298 894 309 298 895 308 298 896 317 299 897 310 299 898 309 299 899 318 300 900 311 300 901 310 300 902 319 301 903 304 301 904 311 301 905 320 302 906 313 302 907 312 302 908 313 303 909 322 303 910 314 303 911 314 304 912 323 304 913 315 304 914 323 305 915 316 305 916 315 305 917 316 306 918 325 306 919 317 306 920 325 307 921 318 307 922 317 307 923 326 308 924 319 308 925 318 308 926 319 309 927 320 309 928 312 309 929 328 310 930 321 310 931 320 310 932 329 311 933 322 311 934 321 311 935 322 312 936 331 312 937 323 312 938 331 313 939 324 313 940 323 313 941 332 314 942 325 314 943 324 314 944 333 315 945 326 315 946 325 315 947 326 316 948 335 316 949 327 316 950 327 317 951 328 317 952 320 317 953 328 318 954 337 318 955 329 318 956 329 319 957 338 319 958 330 319 959 338 320 960 331 320 961 330 320 962 331 321 963 340 321 964 332 321 965 340 322 966 333 322 967 332 322 968 341 323 969 334 323 970 333 323 971 342 324 972 335 324 973 334 324 974 343 325 975 328 325 976 335 325 977 184 326 978 337 326 979 336 326 980 185 327 981 338 327 982 337 327 983 186 328 984 339 328 985 338 328 986 187 329 987 340 329 988 339 329 989 188 330 990 341 330 991 340 330 992 341 331 993 190 331 994 342 331 995 342 332 996 191 332 997 343 332 998 191 333 999 336 333 1000 343 333 1001 368 348 1044 377 348 1045 369 348 1046 377 349 1047 370 349 1048 369 349 1049 378 350 1050 371 350 1051 370 350 1052 379 351 1053 372 351 1054 371 351 1055 372 352 1056 381 352 1057 373 352 1058 381 353 1059 374 353 1060 373 353 1061 374 354 1062 383 354 1063 375 354 1064 383 355 1065 368 355 1066 375 355 1067 376 356 1068 385 356 1069 377 356 1070 377 357 1071 386 357 1072 378 357 1073 378 358 1074 387 358 1075 379 358 1076 387 359 1077 380 359 1078 379 359 1079 380 360 1080 389 360 1081 381 360 1082 389 361 1083 382 361 1084 381 361 1085 390 362 1086 383 362 1087 382 362 1088 391 363 1089 376 363 1090 383 363 1091 384 364 1092 393 364 1093 385 364 1094 393 365 1095 386 365 1096 385 365 1097 394 366 1098 387 366 1099 386 366 1100 395 367 1101 388 367 1102 387 367 1103 388 368 1104 397 368 1105 389 368 1106 389 369 1107 398 369 1108 390 369 1109 390 370 1110 399 370 1111 391 370 1112 399 371 1113 384 371 1114 391 371 1115 392 372 1116 401 372 1117 393 372 1118 393 373 1119 402 373 1120 394 373 1121 402 374 1122 395 374 1123 394 374 1124 395 375 1125 404 375 1126 396 375 1127 404 376 1128 397 376 1129 396 376 1130 397 377 1131 406 377 1132 398 377 1133 406 378 1134 399 378 1135 398 378 1136 407 379 1137 392 379 1138 399 379 1139 408 380 1140 401 380 1141 400 380 1142 409 381 1143 402 381 1144 401 381 1145 410 382 1146 403 382 1147 402 382 1148 411 383 1149 404 383 1150 403 383 1151 412 384 1152 405 384 1153 404 384 1154 405 385 1155 414 385 1156 406 385 1157 414 386 1158 407 386 1159 406 386 1160 415 387 1161 400 387 1162 407 387 1163 416 388 1164 409 388 1165 408 388 1166 417 389 1167 410 389 1168 409 389 1169 418 390 1170 411 390 1171 410 390 1172 419 391 1173 412 391 1174 411 391 1175 412 392 1176 421 392 1177 413 392 1178 413 393 1179 422 393 1180 414 393 1181 414 394 1182 423 394 1183 415 394 1184 423 395 1185 408 395 1186 415 395 1187 424 396 1188 417 396 1189 416 396 1190 417 397 1191 426 397 1192 418 397 1193 418 398 1194 427 398 1195 419 398 1196 427 399 1197 420 399 1198 419 399 1199 428 400 1200 421 400 1201 420 400 1202 429 401 1203 422 401 1204 421 401 1205 430 402 1206 423 402 1207 422 402 1208 423 403 1209 424 403 1210 416 403 1211 432 404 1212 425 404 1213 424 404 1214 425 405 1215 434 405 1216 426 405 1217 434 406 1218 427 406 1219 426 406 1220 427 407 1221 436 407 1222 428 407 1223 436 408 1224 429 408 1225 428 408 1226 429 409 1227 438 409 1228 430 409 1229 438 410 1230 431 410 1231 430 410 1232 431 411 1233 432 411 1234 424 411 1235 440 412 1236 433 412 1237 432 412 1238 441 413 1239 434 413 1240 433 413 1241 442 414 1242 435 414 1243 434 414 1244 435 415 1245 444 415 1246 436 415 1247 444 416 1248 437 416 1249 436 416 1250 437 417 1251 446 417 1252 438 417 1253 438 418 1254 447 418 1255 439 418 1256 439 419 1257 440 419 1258 432 419 1259 440 420 1260 449 420 1261 441 420 1262 441 421 1263 450 421 1264 442 421 1265 450 422 1266 443 422 1267 442 422 1268 443 423 1269 452 423 1270 444 423 1271 452 424 1272 445 424 1273 444 424 1274 453 425 1275 446 425 1276 445 425 1277 454 426 1278 447 426 1279 446 426 1280 455 427 1281 440 427 1282 447 427 1283 456 428 1284 449 428 1285 448 428 1286 449 429 1287 458 429 1288 450 429 1289 450 430 1290 459 430 1291 451 430 1292 451 431 1293 460 431 1294 452 431 1295 460 432 1296 453 432 1297 452 432 1298 461 433 1299 454 433 1300 453 433 1301 462 434 1302 455 434 1303 454 434 1304 463 435 1305 448 435 1306 455 435 1307 456 436 1308 465 436 1309 457 436 1310 465 437 1311 458 437 1312 457 437 1313 458 438 1314 467 438 1315 459 438 1316 467 439 1317 460 439 1318 459 439 1319 468 440 1320 461 440 1321 460 440 1322 469 441 1323 462 441 1324 461 441 1325 462 442 1326 471 442 1327 463 442 1328 471 443 1329 456 443 1330 463 443 1331 464 444 1332 473 444 1333 465 444 1334 473 445 1335 466 445 1336 465 445 1337 466 446 1338 475 446 1339 467 446 1340 475 447 1341 468 447 1342 467 447 1343 468 448 1344 477 448 1345 469 448 1346 477 449 1347 470 449 1348 469 449 1349 470 450 1350 479 450 1351 471 450 1352 479 451 1353 464 451 1354 471 451 1355 472 452 1356 481 452 1357 473 452 1358 481 453 1359 474 453 1360 473 453 1361 482 454 1362 475 454 1363 474 454 1364 483 455 1365 476 455 1366 475 455 1367 484 456 1368 477 456 1369 476 456 1370 477 457 1371 486 457 1372 478 457 1373 478 458 1374 487 458 1375 479 458 1376 487 459 1377 472 459 1378 479 459 1379 480 460 1380 489 460 1381 481 460 1382 481 461 1383 490 461 1384 482 461 1385 482 462 1386 491 462 1387 483 462 1388 483 463 1389 492 463 1390 484 463 1391 492 464 1392 485 464 1393 484 464 1394 493 465 1395 486 465 1396 485 465 1397 494 466 1398 487 466 1399 486 466 1400 495 467 1401 480 467 1402 487 467 1403 496 468 1404 489 468 1405 488 468 1406 497 469 1407 490 469 1408 489 469 1409 490 470 1410 499 470 1411 491 470 1412 499 471 1413 492 471 1414 491 471 1415 500 472 1416 493 472 1417 492 472 1418 501 473 1419 494 473 1420 493 473 1421 502 474 1422 495 474 1423 494 474 1424 503 475 1425 488 475 1426 495 475 1427 504 476 1428 497 476 1429 496 476 1430 497 477 1431 506 477 1432 498 477 1433 498 478 1434 507 478 1435 499 478 1436 507 479 1437 500 479 1438 499 479 1439 500 480 1440 509 480 1441 501 480 1442 509 481 1443 502 481 1444 501 481 1445 510 482 1446 503 482 1447 502 482 1448 503 483 1449 504 483 1450 496 483 1451 512 484 1452 505 484 1453 504 484 1454 513 485 1455 506 485 1456 505 485 1457 506 486 1458 515 486 1459 507 486 1460 507 487 1461 516 487 1462 508 487 1463 516 488 1464 509 488 1465 508 488 1466 517 489 1467 510 489 1468 509 489 1469 510 490 1470 519 490 1471 511 490 1472 511 491 1473 512 491 1474 504 491 1475 520 492 1476 513 492 1477 512 492 1478 513 493 1479 522 493 1480 514 493 1481 522 494 1482 515 494 1483 514 494 1484 523 495 1485 516 495 1486 515 495 1487 524 496 1488 517 496 1489 516 496 1490 525 497 1491 518 497 1492 517 497 1493 526 498 1494 519 498 1495 518 498 1496 527 499 1497 512 499 1498 519 499 1499 368 500 1500 521 500 1501 520 500 1502 369 501 1503 522 501 1504 521 501 1505 370 502 1506 523 502 1507 522 502 1508 371 503 1509 524 503 1510 523 503 1511 372 504 1512 525 504 1513 524 504 1514 525 505 1515 374 505 1516 526 505 1517 526 506 1518 375 506 1519 527 506 1520 375 507 1521 520 507 1522 527 507 1523 0 522 1566 8 522 1567 9 522 1568 9 523 1569 10 523 1570 2 523 1571 10 524 1572 11 524 1573 3 524 1574 11 525 1575 12 525 1576 4 525 1577 12 526 1578 13 526 1579 5 526 1580 13 527 1581 14 527 1582 6 527 1583 6 528 1584 14 528 1585 15 528 1586 15 529 1587 8 529 1588 0 529 1589 8 530 1590 16 530 1591 17 530 1592 9 531 1593 17 531 1594 18 531 1595 10 532 1596 18 532 1597 19 532 1598 19 533 1599 20 533 1600 12 533 1601 12 534 1602 20 534 1603 21 534 1604 21 535 1605 22 535 1606 14 535 1607 22 536 1608 23 536 1609 15 536 1610 23 537 1611 16 537 1612 8 537 1613 16 538 1614 24 538 1615 25 538 1616 25 539 1617 26 539 1618 18 539 1619 26 540 1620 27 540 1621 19 540 1622 27 541 1623 28 541 1624 20 541 1625 20 542 1626 28 542 1627 29 542 1628 21 543 1629 29 543 1630 30 543 1631 22 544 1632 30 544 1633 31 544 1634 31 545 1635 24 545 1636 16 545 1637 24 546 1638 32 546 1639 33 546 1640 25 547 1641 33 547 1642 34 547 1643 34 548 1644 35 548 1645 27 548 1646 27 549 1647 35 549 1648 36 549 1649 36 550 1650 37 550 1651 29 550 1652 29 551 1653 37 551 1654 38 551 1655 38 552 1656 39 552 1657 31 552 1658 39 553 1659 32 553 1660 24 553 1661 40 554 1662 41 554 1663 33 554 1664 41 555 1665 42 555 1666 34 555 1667 42 556 1668 43 556 1669 35 556 1670 43 557 1671 44 557 1672 36 557 1673 44 558 1674 45 558 1675 37 558 1676 37 559 1677 45 559 1678 46 559 1679 46 560 1680 47 560 1681 39 560 1682 47 561 1683 40 561 1684 32 561 1685 48 562 1686 49 562 1687 41 562 1688 49 563 1689 50 563 1690 42 563 1691 50 564 1692 51 564 1693 43 564 1694 51 565 1695 52 565 1696 44 565 1697 44 566 1698 52 566 1699 53 566 1700 45 567 1701 53 567 1702 54 567 1703 46 568 1704 54 568 1705 55 568 1706 47 569 1707 55 569 1708 48 569 1709 56 570 1710 57 570 1711 49 570 1712 49 571 1713 57 571 1714 58 571 1715 50 572 1716 58 572 1717 59 572 1718 59 573 1719 60 573 1720 52 573 1721 60 574 1722 61 574 1723 53 574 1724 61 575 1725 62 575 1726 54 575 1727 62 576 1728 63 576 1729 55 576 1730 55 577 1731 63 577 1732 56 577 1733 64 578 1734 65 578 1735 57 578 1736 57 579 1737 65 579 1738 66 579 1739 66 580 1740 67 580 1741 59 580 1742 59 581 1743 67 581 1744 68 581 1745 68 582 1746 69 582 1747 61 582 1748 61 583 1749 69 583 1750 70 583 1751 70 584 1752 71 584 1753 63 584 1754 63 585 1755 71 585 1756 64 585 1757 72 586 1758 73 586 1759 65 586 1760 73 587 1761 74 587 1762 66 587 1763 74 588 1764 75 588 1765 67 588 1766 67 589 1767 75 589 1768 76 589 1769 76 590 1770 77 590 1771 69 590 1772 69 591 1773 77 591 1774 78 591 1775 70 592 1776 78 592 1777 79 592 1778 71 593 1779 79 593 1780 72 593 1781 72 594 1782 80 594 1783 81 594 1784 73 595 1785 81 595 1786 82 595 1787 82 596 1788 83 596 1789 75 596 1790 75 597 1791 83 597 1792 84 597 1793 84 598 1794 85 598 1795 77 598 1796 85 599 1797 86 599 1798 78 599 1799 86 600 1800 87 600 1801 79 600 1802 87 601 1803 80 601 1804 72 601 1805 88 602 1806 89 602 1807 81 602 1808 81 603 1809 89 603 1810 90 603 1811 82 604 1812 90 604 1813 91 604 1814 83 605 1815 91 605 1816 92 605 1817 92 606 1818 93 606 1819 85 606 1820 93 607 1821 94 607 1822 86 607 1823 94 608 1824 95 608 1825 87 608 1826 95 609 1827 88 609 1828 80 609 1829 88 610 1830 96 610 1831 97 610 1832 97 611 1833 98 611 1834 90 611 1835 90 612 1836 98 612 1837 99 612 1838 99 613 1839 100 613 1840 92 613 1841 92 614 1842 100 614 1843 101 614 1844 101 615 1845 102 615 1846 94 615 1847 94 616 1848 102 616 1849 103 616 1850 103 617 1851 96 617 1852 88 617 1853 96 618 1854 104 618 1855 105 618 1856 105 619 1857 106 619 1858 98 619 1859 98 620 1860 106 620 1861 107 620 1862 107 621 1863 108 621 1864 100 621 1865 100 622 1866 108 622 1867 109 622 1868 109 623 1869 110 623 1870 102 623 1871 102 624 1872 110 624 1873 111 624 1874 111 625 1875 104 625 1876 96 625 1877 104 626 1878 112 626 1879 113 626 1880 113 627 1881 114 627 1882 106 627 1883 114 628 1884 115 628 1885 107 628 1886 115 629 1887 116 629 1888 108 629 1889 116 630 1890 117 630 1891 109 630 1892 109 631 1893 117 631 1894 118 631 1895 110 632 1896 118 632 1897 119 632 1898 119 633 1899 112 633 1900 104 633 1901 112 634 1902 120 634 1903 121 634 1904 113 635 1905 121 635 1906 122 635 1907 114 636 1908 122 636 1909 123 636 1910 115 637 1911 123 637 1912 124 637 1913 124 638 1914 125 638 1915 117 638 1916 125 639 1917 126 639 1918 118 639 1919 126 640 1920 127 640 1921 119 640 1922 127 641 1923 120 641 1924 112 641 1925 128 642 1926 129 642 1927 121 642 1928 129 643 1929 130 643 1930 122 643 1931 122 644 1932 130 644 1933 131 644 1934 131 645 1935 132 645 1936 124 645 1937 132 646 1938 133 646 1939 125 646 1940 133 647 1941 134 647 1942 126 647 1943 134 648 1944 135 648 1945 127 648 1946 135 649 1947 128 649 1948 120 649 1949 136 650 1950 137 650 1951 129 650 1952 129 651 1953 137 651 1954 138 651 1955 130 652 1956 138 652 1957 139 652 1958 139 653 1959 140 653 1960 132 653 1961 132 654 1962 140 654 1963 141 654 1964 141 655 1965 142 655 1966 134 655 1967 142 656 1968 143 656 1969 135 656 1970 135 657 1971 143 657 1972 136 657 1973 144 658 1974 145 658 1975 137 658 1976 145 659 1977 146 659 1978 138 659 1979 138 660 1980 146 660 1981 147 660 1982 139 661 1983 147 661 1984 148 661 1985 148 662 1986 149 662 1987 141 662 1988 149 663 1989 150 663 1990 142 663 1991 142 664 1992 150 664 1993 151 664 1994 143 665 1995 151 665 1996 144 665 1997 152 666 1998 153 666 1999 145 666 2000 145 667 2001 153 667 2002 154 667 2003 154 668 2004 155 668 2005 147 668 2006 155 669 2007 156 669 2008 148 669 2009 156 670 2010 157 670 2011 149 670 2012 157 671 2013 158 671 2014 150 671 2015 158 672 2016 159 672 2017 151 672 2018 159 673 2019 152 673 2020 144 673 2021 0 674 2022 1 674 2023 153 674 2024 1 675 2025 2 675 2026 154 675 2027 2 676 2028 3 676 2029 155 676 2030 3 677 2031 4 677 2032 156 677 2033 156 678 2034 4 678 2035 5 678 2036 157 679 2037 5 679 2038 6 679 2039 158 680 2040 6 680 2041 7 680 2042 7 681 2043 0 681 2044 152 681 2045 192 712 2136 193 712 2137 185 712 2138 193 713 2139 194 713 2140 186 713 2141 194 714 2142 195 714 2143 187 714 2144 195 715 2145 196 715 2146 188 715 2147 188 716 2148 196 716 2149 197 716 2150 197 717 2151 198 717 2152 190 717 2153 190 718 2154 198 718 2155 199 718 2156 199 719 2157 192 719 2158 184 719 2159 192 720 2160 200 720 2161 201 720 2162 193 721 2163 201 721 2164 202 721 2165 194 722 2166 202 722 2167 203 722 2168 203 723 2169 204 723 2170 196 723 2171 196 724 2172 204 724 2173 205 724 2174 205 725 2175 206 725 2176 198 725 2177 206 726 2178 207 726 2179 199 726 2180 207 727 2181 200 727 2182 192 727 2183 200 728 2184 208 728 2185 209 728 2186 209 729 2187 210 729 2188 202 729 2189 210 730 2190 211 730 2191 203 730 2192 211 731 2193 212 731 2194 204 731 2195 204 732 2196 212 732 2197 213 732 2198 205 733 2199 213 733 2200 214 733 2201 206 734 2202 214 734 2203 215 734 2204 215 735 2205 208 735 2206 200 735 2207 208 736 2208 216 736 2209 217 736 2210 209 737 2211 217 737 2212 218 737 2213 218 738 2214 219 738 2215 211 738 2216 211 739 2217 219 739 2218 220 739 2219 220 740 2220 221 740 2221 213 740 2222 213 741 2223 221 741 2224 222 741 2225 222 742 2226 223 742 2227 215 742 2228 223 743 2229 216 743 2230 208 743 2231 224 744 2232 225 744 2233 217 744 2234 225 745 2235 226 745 2236 218 745 2237 226 746 2238 227 746 2239 219 746 2240 227 747 2241 228 747 2242 220 747 2243 228 748 2244 229 748 2245 221 748 2246 221 749 2247 229 749 2248 230 749 2249 230 750 2250 231 750 2251 223 750 2252 231 751 2253 224 751 2254 216 751 2255 232 752 2256 233 752 2257 225 752 2258 233 753 2259 234 753 2260 226 753 2261 234 754 2262 235 754 2263 227 754 2264 235 755 2265 236 755 2266 228 755 2267 228 756 2268 236 756 2269 237 756 2270 229 757 2271 237 757 2272 238 757 2273 230 758 2274 238 758 2275 239 758 2276 239 759 2277 232 759 2278 224 759 2279 240 760 2280 241 760 2281 233 760 2282 233 761 2283 241 761 2284 242 761 2285 234 762 2286 242 762 2287 243 762 2288 243 763 2289 244 763 2290 236 763 2291 244 764 2292 245 764 2293 237 764 2294 245 765 2295 246 765 2296 238 765 2297 246 766 2298 247 766 2299 239 766 2300 239 767 2301 247 767 2302 240 767 2303 248 768 2304 249 768 2305 241 768 2306 241 769 2307 249 769 2308 250 769 2309 250 770 2310 251 770 2311 243 770 2312 243 771 2313 251 771 2314 252 771 2315 252 772 2316 253 772 2317 245 772 2318 245 773 2319 253 773 2320 254 773 2321 254 774 2322 255 774 2323 247 774 2324 247 775 2325 255 775 2326 248 775 2327 256 776 2328 257 776 2329 249 776 2330 257 777 2331 258 777 2332 250 777 2333 258 778 2334 259 778 2335 251 778 2336 251 779 2337 259 779 2338 260 779 2339 260 780 2340 261 780 2341 253 780 2342 253 781 2343 261 781 2344 262 781 2345 254 782 2346 262 782 2347 263 782 2348 255 783 2349 263 783 2350 256 783 2351 256 784 2352 264 784 2353 265 784 2354 257 785 2355 265 785 2356 266 785 2357 266 786 2358 267 786 2359 259 786 2360 259 787 2361 267 787 2362 268 787 2363 268 788 2364 269 788 2365 261 788 2366 269 789 2367 270 789 2368 262 789 2369 270 790 2370 271 790 2371 263 790 2372 271 791 2373 264 791 2374 256 791 2375 272 792 2376 273 792 2377 265 792 2378 265 793 2379 273 793 2380 274 793 2381 266 794 2382 274 794 2383 275 794 2384 267 795 2385 275 795 2386 276 795 2387 276 796 2388 277 796 2389 269 796 2390 277 797 2391 278 797 2392 270 797 2393 278 798 2394 279 798 2395 271 798 2396 279 799 2397 272 799 2398 264 799 2399 272 800 2400 280 800 2401 281 800 2402 281 801 2403 282 801 2404 274 801 2405 274 802 2406 282 802 2407 283 802 2408 283 803 2409 284 803 2410 276 803 2411 284 804 2412 285 804 2413 277 804 2414 285 805 2415 286 805 2416 278 805 2417 278 806 2418 286 806 2419 287 806 2420 287 807 2421 280 807 2422 272 807 2423 280 808 2424 288 808 2425 289 808 2426 289 809 2427 290 809 2428 282 809 2429 282 810 2430 290 810 2431 291 810 2432 291 811 2433 292 811 2434 284 811 2435 284 812 2436 292 812 2437 293 812 2438 293 813 2439 294 813 2440 286 813 2441 286 814 2442 294 814 2443 295 814 2444 295 815 2445 288 815 2446 280 815 2447 288 816 2448 296 816 2449 297 816 2450 297 817 2451 298 817 2452 290 817 2453 298 818 2454 299 818 2455 291 818 2456 299 819 2457 300 819 2458 292 819 2459 300 820 2460 301 820 2461 293 820 2462 293 821 2463 301 821 2464 302 821 2465 294 822 2466 302 822 2467 303 822 2468 303 823 2469 296 823 2470 288 823 2471 304 824 2472 305 824 2473 297 824 2474 297 825 2475 305 825 2476 306 825 2477 298 826 2478 306 826 2479 307 826 2480 299 827 2481 307 827 2482 308 827 2483 308 828 2484 309 828 2485 301 828 2486 309 829 2487 310 829 2488 302 829 2489 310 830 2490 311 830 2491 303 830 2492 311 831 2493 304 831 2494 296 831 2495 312 832 2496 313 832 2497 305 832 2498 313 833 2499 314 833 2500 306 833 2501 306 834 2502 314 834 2503 315 834 2504 315 835 2505 316 835 2506 308 835 2507 316 836 2508 317 836 2509 309 836 2510 317 837 2511 318 837 2512 310 837 2513 318 838 2514 319 838 2515 311 838 2516 319 839 2517 312 839 2518 304 839 2519 320 840 2520 321 840 2521 313 840 2522 313 841 2523 321 841 2524 322 841 2525 314 842 2526 322 842 2527 323 842 2528 323 843 2529 324 843 2530 316 843 2531 316 844 2532 324 844 2533 325 844 2534 325 845 2535 326 845 2536 318 845 2537 326 846 2538 327 846 2539 319 846 2540 319 847 2541 327 847 2542 320 847 2543 328 848 2544 329 848 2545 321 848 2546 329 849 2547 330 849 2548 322 849 2549 322 850 2550 330 850 2551 331 850 2552 331 851 2553 332 851 2554 324 851 2555 332 852 2556 333 852 2557 325 852 2558 333 853 2559 334 853 2560 326 853 2561 326 854 2562 334 854 2563 335 854 2564 327 855 2565 335 855 2566 328 855 2567 328 856 2568 336 856 2569 337 856 2570 329 857 2571 337 857 2572 338 857 2573 338 858 2574 339 858 2575 331 858 2576 331 859 2577 339 859 2578 340 859 2579 340 860 2580 341 860 2581 333 860 2582 341 861 2583 342 861 2584 334 861 2585 342 862 2586 343 862 2587 335 862 2588 343 863 2589 336 863 2590 328 863 2591 184 864 2592 185 864 2593 337 864 2594 185 865 2595 186 865 2596 338 865 2597 186 866 2598 187 866 2599 339 866 2600 187 867 2601 188 867 2602 340 867 2603 188 868 2604 189 868 2605 341 868 2606 341 869 2607 189 869 2608 190 869 2609 342 870 2610 190 870 2611 191 870 2612 191 871 2613 184 871 2614 336 871 2615 368 902 2706 376 902 2707 377 902 2708 377 903 2709 378 903 2710 370 903 2711 378 904 2712 379 904 2713 371 904 2714 379 905 2715 380 905 2716 372 905 2717 372 906 2718 380 906 2719 381 906 2720 381 907 2721 382 907 2722 374 907 2723 374 908 2724 382 908 2725 383 908 2726 383 909 2727 376 909 2728 368 909 2729 376 910 2730 384 910 2731 385 910 2732 377 911 2733 385 911 2734 386 911 2735 378 912 2736 386 912 2737 387 912 2738 387 913 2739 388 913 2740 380 913 2741 380 914 2742 388 914 2743 389 914 2744 389 915 2745 390 915 2746 382 915 2747 390 916 2748 391 916 2749 383 916 2750 391 917 2751 384 917 2752 376 917 2753 384 918 2754 392 918 2755 393 918 2756 393 919 2757 394 919 2758 386 919 2759 394 920 2760 395 920 2761 387 920 2762 395 921 2763 396 921 2764 388 921 2765 388 922 2766 396 922 2767 397 922 2768 389 923 2769 397 923 2770 398 923 2771 390 924 2772 398 924 2773 399 924 2774 399 925 2775 392 925 2776 384 925 2777 392 926 2778 400 926 2779 401 926 2780 393 927 2781 401 927 2782 402 927 2783 402 928 2784 403 928 2785 395 928 2786 395 929 2787 403 929 2788 404 929 2789 404 930 2790 405 930 2791 397 930 2792 397 931 2793 405 931 2794 406 931 2795 406 932 2796 407 932 2797 399 932 2798 407 933 2799 400 933 2800 392 933 2801 408 934 2802 409 934 2803 401 934 2804 409 935 2805 410 935 2806 402 935 2807 410 936 2808 411 936 2809 403 936 2810 411 937 2811 412 937 2812 404 937 2813 412 938 2814 413 938 2815 405 938 2816 405 939 2817 413 939 2818 414 939 2819 414 940 2820 415 940 2821 407 940 2822 415 941 2823 408 941 2824 400 941 2825 416 942 2826 417 942 2827 409 942 2828 417 943 2829 418 943 2830 410 943 2831 418 944 2832 419 944 2833 411 944 2834 419 945 2835 420 945 2836 412 945 2837 412 946 2838 420 946 2839 421 946 2840 413 947 2841 421 947 2842 422 947 2843 414 948 2844 422 948 2845 423 948 2846 423 949 2847 416 949 2848 408 949 2849 424 950 2850 425 950 2851 417 950 2852 417 951 2853 425 951 2854 426 951 2855 418 952 2856 426 952 2857 427 952 2858 427 953 2859 428 953 2860 420 953 2861 428 954 2862 429 954 2863 421 954 2864 429 955 2865 430 955 2866 422 955 2867 430 956 2868 431 956 2869 423 956 2870 423 957 2871 431 957 2872 424 957 2873 432 958 2874 433 958 2875 425 958 2876 425 959 2877 433 959 2878 434 959 2879 434 960 2880 435 960 2881 427 960 2882 427 961 2883 435 961 2884 436 961 2885 436 962 2886 437 962 2887 429 962 2888 429 963 2889 437 963 2890 438 963 2891 438 964 2892 439 964 2893 431 964 2894 431 965 2895 439 965 2896 432 965 2897 440 966 2898 441 966 2899 433 966 2900 441 967 2901 442 967 2902 434 967 2903 442 968 2904 443 968 2905 435 968 2906 435 969 2907 443 969 2908 444 969 2909 444 970 2910 445 970 2911 437 970 2912 437 971 2913 445 971 2914 446 971 2915 438 972 2916 446 972 2917 447 972 2918 439 973 2919 447 973 2920 440 973 2921 440 974 2922 448 974 2923 449 974 2924 441 975 2925 449 975 2926 450 975 2927 450 976 2928 451 976 2929 443 976 2930 443 977 2931 451 977 2932 452 977 2933 452 978 2934 453 978 2935 445 978 2936 453 979 2937 454 979 2938 446 979 2939 454 980 2940 455 980 2941 447 980 2942 455 981 2943 448 981 2944 440 981 2945 456 982 2946 457 982 2947 449 982 2948 449 983 2949 457 983 2950 458 983 2951 450 984 2952 458 984 2953 459 984 2954 451 985 2955 459 985 2956 460 985 2957 460 986 2958 461 986 2959 453 986 2960 461 987 2961 462 987 2962 454 987 2963 462 988 2964 463 988 2965 455 988 2966 463 989 2967 456 989 2968 448 989 2969 456 990 2970 464 990 2971 465 990 2972 465 991 2973 466 991 2974 458 991 2975 458 992 2976 466 992 2977 467 992 2978 467 993 2979 468 993 2980 460 993 2981 468 994 2982 469 994 2983 461 994 2984 469 995 2985 470 995 2986 462 995 2987 462 996 2988 470 996 2989 471 996 2990 471 997 2991 464 997 2992 456 997 2993 464 998 2994 472 998 2995 473 998 2996 473 999 2997 474 999 2998 466 999 2999 466 1000 3000 474 1000 3001 475 1000 3002 475 1001 3003 476 1001 3004 468 1001 3005 468 1002 3006 476 1002 3007 477 1002 3008 477 1003 3009 478 1003 3010 470 1003 3011 470 1004 3012 478 1004 3013 479 1004 3014 479 1005 3015 472 1005 3016 464 1005 3017 472 1006 3018 480 1006 3019 481 1006 3020 481 1007 3021 482 1007 3022 474 1007 3023 482 1008 3024 483 1008 3025 475 1008 3026 483 1009 3027 484 1009 3028 476 1009 3029 484 1010 3030 485 1010 3031 477 1010 3032 477 1011 3033 485 1011 3034 486 1011 3035 478 1012 3036 486 1012 3037 487 1012 3038 487 1013 3039 480 1013 3040 472 1013 3041 480 1014 3042 488 1014 3043 489 1014 3044 481 1015 3045 489 1015 3046 490 1015 3047 482 1016 3048 490 1016 3049 491 1016 3050 483 1017 3051 491 1017 3052 492 1017 3053 492 1018 3054 493 1018 3055 485 1018 3056 493 1019 3057 494 1019 3058 486 1019 3059 494 1020 3060 495 1020 3061 487 1020 3062 495 1021 3063 488 1021 3064 480 1021 3065 496 1022 3066 497 1022 3067 489 1022 3068 497 1023 3069 498 1023 3070 490 1023 3071 490 1024 3072 498 1024 3073 499 1024 3074 499 1025 3075 500 1025 3076 492 1025 3077 500 1026 3078 501 1026 3079 493 1026 3080 501 1027 3081 502 1027 3082 494 1027 3083 502 1028 3084 503 1028 3085 495 1028 3086 503 1029 3087 496 1029 3088 488 1029 3089 504 1030 3090 505 1030 3091 497 1030 3092 497 1031 3093 505 1031 3094 506 1031 3095 498 1032 3096 506 1032 3097 507 1032 3098 507 1033 3099 508 1033 3100 500 1033 3101 500 1034 3102 508 1034 3103 509 1034 3104 509 1035 3105 510 1035 3106 502 1035 3107 510 1036 3108 511 1036 3109 503 1036 3110 503 1037 3111 511 1037 3112 504 1037 3113 512 1038 3114 513 1038 3115 505 1038 3116 513 1039 3117 514 1039 3118 506 1039 3119 506 1040 3120 514 1040 3121 515 1040 3122 507 1041 3123 515 1041 3124 516 1041 3125 516 1042 3126 517 1042 3127 509 1042 3128 517 1043 3129 518 1043 3130 510 1043 3131 510 1044 3132 518 1044 3133 519 1044 3134 511 1045 3135 519 1045 3136 512 1045 3137 520 1046 3138 521 1046 3139 513 1046 3140 513 1047 3141 521 1047 3142 522 1047 3143 522 1048 3144 523 1048 3145 515 1048 3146 523 1049 3147 524 1049 3148 516 1049 3149 524 1050 3150 525 1050 3151 517 1050 3152 525 1051 3153 526 1051 3154 518 1051 3155 526 1052 3156 527 1052 3157 519 1052 3158 527 1053 3159 520 1053 3160 512 1053 3161 368 1054 3162 369 1054 3163 521 1054 3164 369 1055 3165 370 1055 3166 522 1055 3167 370 1056 3168 371 1056 3169 523 1056 3170 371 1057 3171 372 1057 3172 524 1057 3173 372 1058 3174 373 1058 3175 525 1058 3176 525 1059 3177 373 1059 3178 374 1059 3179 526 1060 3180 374 1060 3181 375 1060 3182 375 1061 3183 368 1061 3184 520 1061 3185</p>
        </triangles>
        <triangles material="rim_002-material" count="132">
          <input semantic="VERTEX" source="#tire_stack_3_a800-mesh-vertices" offset="0"/>
          <input semantic="NORMAL" source="#tire_stack_3_a800-mesh-normals" offset="1"/>
          <input semantic="TEXCOORD" source="#tire_stack_3_a800-mesh-map-0" offset="2" set="0"/>
          <p>161 160 480 162 160 481 160 160 482 163 161 483 164 161 484 162 161 485 165 162 486 166 162 487 164 162 488 167 163 489 168 163 490 166 163 491 169 164 492 170 164 493 168 164 494 171 165 495 172 165 496 170 165 497 173 166 498 174 166 499 172 166 500 175 167 501 176 167 502 174 167 503 177 168 504 178 168 505 176 168 506 179 169 507 180 169 508 178 169 509 181 170 510 173 170 511 165 170 512 181 171 513 182 171 514 180 171 515 183 172 516 160 172 517 182 172 518 166 173 519 174 173 520 182 173 521 345 334 1002 346 334 1003 344 334 1004 347 335 1005 348 335 1006 346 335 1007 349 336 1008 350 336 1009 348 336 1010 351 337 1011 352 337 1012 350 337 1013 353 338 1014 354 338 1015 352 338 1016 355 339 1017 356 339 1018 354 339 1019 357 340 1020 358 340 1021 356 340 1022 359 341 1023 360 341 1024 358 341 1025 361 342 1026 362 342 1027 360 342 1028 363 343 1029 364 343 1030 362 343 1031 365 344 1032 357 344 1033 349 344 1034 365 345 1035 366 345 1036 364 345 1037 367 346 1038 344 346 1039 366 346 1040 350 347 1041 358 347 1042 366 347 1043 529 508 1524 530 508 1525 528 508 1526 531 509 1527 532 509 1528 530 509 1529 533 510 1530 534 510 1531 532 510 1532 535 511 1533 536 511 1534 534 511 1535 537 512 1536 538 512 1537 536 512 1538 539 513 1539 540 513 1540 538 513 1541 541 514 1542 542 514 1543 540 514 1544 543 515 1545 544 515 1546 542 515 1547 545 516 1548 546 516 1549 544 516 1550 547 517 1551 548 517 1552 546 517 1553 549 518 1554 541 518 1555 533 518 1556 549 519 1557 550 519 1558 548 519 1559 551 520 1560 528 520 1561 550 520 1562 534 521 1563 542 521 1564 550 521 1565 161 682 2046 163 682 2047 162 682 2048 163 683 2049 165 683 2050 164 683 2051 165 684 2052 167 684 2053 166 684 2054 167 685 2055 169 685 2056 168 685 2057 169 686 2058 171 686 2059 170 686 2060 171 687 2061 173 687 2062 172 687 2063 173 688 2064 175 688 2065 174 688 2066 175 689 2067 177 689 2068 176 689 2069 177 690 2070 179 690 2071 178 690 2072 179 691 2073 181 691 2074 180 691 2075 165 692 2076 163 692 2077 161 692 2078 161 693 2079 183 693 2080 181 693 2081 181 694 2082 179 694 2083 177 694 2084 177 695 2085 175 695 2086 173 695 2087 173 696 2088 171 696 2089 169 696 2090 169 697 2091 167 697 2092 165 697 2093 165 698 2094 161 698 2095 181 698 2096 181 699 2097 177 699 2098 173 699 2099 173 700 2100 169 700 2101 165 700 2102 181 701 2103 183 701 2104 182 701 2105 183 702 2106 161 702 2107 160 702 2108 182 703 2109 160 703 2110 162 703 2111 162 704 2112 164 704 2113 166 704 2114 166 705 2115 168 705 2116 170 705 2117 170 706 2118 172 706 2119 174 706 2120 174 707 2121 176 707 2122 178 707 2123 178 708 2124 180 708 2125 182 708 2126 182 709 2127 162 709 2128 166 709 2129 166 710 2130 170 710 2131 174 710 2132 174 711 2133 178 711 2134 182 711 2135 345 872 2616 347 872 2617 346 872 2618 347 873 2619 349 873 2620 348 873 2621 349 874 2622 351 874 2623 350 874 2624 351 875 2625 353 875 2626 352 875 2627 353 876 2628 355 876 2629 354 876 2630 355 877 2631 357 877 2632 356 877 2633 357 878 2634 359 878 2635 358 878 2636 359 879 2637 361 879 2638 360 879 2639 361 880 2640 363 880 2641 362 880 2642 363 881 2643 365 881 2644 364 881 2645 349 882 2646 347 882 2647 345 882 2648 345 883 2649 367 883 2650 365 883 2651 365 884 2652 363 884 2653 361 884 2654 361 885 2655 359 885 2656 357 885 2657 357 886 2658 355 886 2659 353 886 2660 353 887 2661 351 887 2662 349 887 2663 349 888 2664 345 888 2665 365 888 2666 365 889 2667 361 889 2668 357 889 2669 357 890 2670 353 890 2671 349 890 2672 365 891 2673 367 891 2674 366 891 2675 367 892 2676 345 892 2677 344 892 2678 366 893 2679 344 893 2680 346 893 2681 346 894 2682 348 894 2683 350 894 2684 350 895 2685 352 895 2686 354 895 2687 354 896 2688 356 896 2689 358 896 2690 358 897 2691 360 897 2692 362 897 2693 362 898 2694 364 898 2695 366 898 2696 366 899 2697 346 899 2698 350 899 2699 350 900 2700 354 900 2701 358 900 2702 358 901 2703 362 901 2704 366 901 2705 529 1062 3186 531 1062 3187 530 1062 3188 531 1063 3189 533 1063 3190 532 1063 3191 533 1064 3192 535 1064 3193 534 1064 3194 535 1065 3195 537 1065 3196 536 1065 3197 537 1066 3198 539 1066 3199 538 1066 3200 539 1067 3201 541 1067 3202 540 1067 3203 541 1068 3204 543 1068 3205 542 1068 3206 543 1069 3207 545 1069 3208 544 1069 3209 545 1070 3210 547 1070 3211 546 1070 3212 547 1071 3213 549 1071 3214 548 1071 3215 533 1072 3216 531 1072 3217 529 1072 3218 529 1073 3219 551 1073 3220 549 1073 3221 549 1074 3222 547 1074 3223 545 1074 3224 545 1075 3225 543 1075 3226 541 1075 3227 541 1076 3228 539 1076 3229 537 1076 3230 537 1077 3231 535 1077 3232 533 1077 3233 533 1078 3234 529 1078 3235 549 1078 3236 549 1079 3237 545 1079 3238 541 1079 3239 541 1080 3240 537 1080 3241 533 1080 3242 549 1081 3243 551 1081 3244 550 1081 3245 551 1082 3246 529 1082 3247 528 1082 3248 550 1083 3249 528 1083 3250 530 1083 3251 530 1084 3252 532 1084 3253 534 1084 3254 534 1085 3255 536 1085 3256 538 1085 3257 538 1086 3258 540 1086 3259 542 1086 3260 542 1087 3261 544 1087 3262 546 1087 3263 546 1088 3264 548 1088 3265 550 1088 3266 550 1089 3267 530 1089 3268 534 1089 3269 534 1090 3270 538 1090 3271 542 1090 3272 542 1091 3273 546 1091 3274 550 1091 3275</p>
        </triangles>
      </mesh>
    </geometry>
  </library_geometries>
  <library_visual_scenes>
    <visual_scene id="Scene" name="Scene">
      <node id="base00" name="base00" type="NODE">
        <matrix sid="transform">1 0 0 0 0 1 0 0 0 0 1 0 0 0 0 1</matrix>
        <node id="start01" name="start01" type="NODE">
          <matrix sid="transform">1 0 0 0 0 1 0 0 0 0 1 0 0 0 0 1</matrix>
          <node id="tire_stack_3_a800" name="tire_stack_3_a800" type="NODE">
            <matrix sid="transform">1 0 0 0 0 1 0 0 0 0 1 0 0 0 0 1</matrix>
            <instance_geometry url="#tire_stack_3_a800-mesh" name="tire_stack_3_a800">
              <bind_material>
                <technique_common>
                  <instance_material symbol="tire_002-material" target="#tire_002-material">
                    <bind_vertex_input semantic="UVMap" input_semantic="TEXCOORD" input_set="0"/>
                  </instance_material>
                  <instance_material symbol="rim_002-material" target="#rim_002-material">
                    <bind_vertex_input semantic="UVMap" input_semantic="TEXCOORD" input_set="0"/>
                  </instance_material>
                </technique_common>
              </bind_material>
            </instance_geometry>
          </node>
          <node id="tire_stack_3_a200" name="tire_stack_3_a200" type="NODE">
            <matrix sid="transform">1 0 0 0 0 1 0 0 0 0 1 0 0 0 0 1</matrix>
            <instance_geometry url="#tire_stack_3_a200-mesh" name="tire_stack_3_a200">
              <bind_material>
                <technique_common>
                  <instance_material symbol="tire_002-material" target="#tire_002-material">
                    <bind_vertex_input semantic="UVMap" input_semantic="TEXCOORD" input_set="0"/>
                  </instance_material>
                  <instance_material symbol="rim_002-material" target="#rim_002-material">
                    <bind_vertex_input semantic="UVMap" input_semantic="TEXCOORD" input_set="0"/>
                  </instance_material>
                </technique_common>
              </bind_material>
            </instance_geometry>
          </node>
          <node id="tire_stack_3_a50" name="tire_stack_3_a50" type="NODE">
            <matrix sid="transform">1 0 0 0 0 1 0 0 0 0 1 0 0 0 0 1</matrix>
            <instance_geometry url="#tire_stack_3_a50-mesh" name="tire_stack_3_a50">
              <bind_material>
                <technique_common>
                  <instance_material symbol="tire_002-material" target="#tire_002-material">
                    <bind_vertex_input semantic="UVMap" input_semantic="TEXCOORD" input_set="0"/>
                  </instance_material>
                </technique_common>
              </bind_material>
            </instance_geometry>
          </node>
          <node id="nulldetail20" name="nulldetail20" type="NODE">
            <matrix sid="transform">1 0 0 0 0 1 0 0 0 0 1 0 0 0 0 1</matrix>
          </node>
        </node>
        <node id="collision-1" name="collision-1" type="NODE">
          <matrix sid="transform">1 0 0 0 0 1 0 0 0 0 1 0 0 0 0 1</matrix>
          <node id="Colmesh_stack-1" name="Colmesh_stack-1" type="NODE">
            <matrix sid="transform">1 0 0 0 0 1 0 0 0 0 1 0 0 0 0 1</matrix>
            <instance_geometry url="#Colmesh_stack-1-mesh" name="Colmesh_stack-1">
              <bind_material>
                <technique_common>
                  <instance_material symbol="Colmesh_Material-material" target="#Colmesh_Material-material">
                    <bind_vertex_input semantic="UVMap" input_semantic="TEXCOORD" input_set="0"/>
                  </instance_material>
                </technique_common>
              </bind_material>
            </instance_geometry>
          </node>
        </node>
      </node>
    </visual_scene>
  </library_visual_scenes>
  <scene>
    <instance_visual_scene url="#Scene"/>
  </scene>
</COLLADA>