<?xml version="1.0" encoding="utf-8"?>
<COLLADA xmlns="http://www.collada.org/2005/11/COLLADASchema" version="1.4.1" xmlns:xsi="http://www.w3.org/2001/XMLSchema-instance">
  <asset>
    <contributor>
      <author>Blender User</author>
      <authoring_tool>Blender 4.2.9 LTS commit date:2025-04-14, commit time:12:24, hash:a10f621e649a</authoring_tool>
    </contributor>
    <created>2026-08-01T08:03:47</created>
    <modified>2026-08-01T08:03:47</modified>
    <unit name="meter" meter="1"/>
    <up_axis>Z_UP</up_axis>
  </asset>
  <library_effects>
    <effect id="tire_006-effect">
      <profile_COMMON>
        <newparam sid="tire_rubber_png-surface">
          <surface type="2D">
            <init_from>tire_rubber_png</init_from>
          </surface>
        </newparam>
        <newparam sid="tire_rubber_png-sampler">
          <sampler2D>
            <source>tire_rubber_png-surface</source>
          </sampler2D>
        </newparam>
        <technique sid="common">
          <lambert>
            <emission>
              <color sid="emission">0 0 0 1</color>
            </emission>
            <diffuse>
              <texture texture="tire_rubber_png-sampler" texcoord="UVMap"/>
            </diffuse>
            <index_of_refraction>
              <float sid="ior">1.5</float>
            </index_of_refraction>
          </lambert>
        </technique>
      </profile_COMMON>
    </effect>
    <effect id="rim_006-effect">
      <profile_COMMON>
        <newparam sid="tire_rim_png-surface">
          <surface type="2D">
            <init_from>tire_rim_png</init_from>
          </surface>
        </newparam>
        <newparam sid="tire_rim_png-sampler">
          <sampler2D>
            <source>tire_rim_png-surface</source>
          </sampler2D>
        </newparam>
        <technique sid="common">
          <lambert>
            <emission>
              <color sid="emission">0 0 0 1</color>
            </emission>
            <diffuse>
              <texture texture="tire_rim_png-sampler" texcoord="UVMap"/>
            </diffuse>
            <reflectivity>
              <float sid="specular">0.6</float>
            </reflectivity>
            <index_of_refraction>
              <float sid="ior">1.5</float>
            </index_of_refraction>
          </lambert>
        </technique>
      </profile_COMMON>
    </effect>
    <effect id="Colmesh_Material-effect">
      <profile_COMMON>
        <technique sid="common">
          <lambert>
            <emission>
              <color sid="emission">0 0 0 1</color>
            </emission>
            <diffuse>
              <color sid="diffuse">1 0 1 1</color>
            </diffuse>
            <transparent opaque="A_ONE">
              <color sid="alpha">0 0 0 0.15</color>
            </transparent>
            <index_of_refraction>
              <float sid="ior">1.5</float>
            </index_of_refraction>
          </lambert>
        </technique>
      </profile_COMMON>
    </effect>
  </library_effects>
  <library_images>
    <image id="tire_rim_png" name="tire_rim_png">
      <init_from>tire_rim.png</init_from>
    </image>
    <image id="tire_rubber_png" name="tire_rubber_png">
      <init_from>tire_rubber.png</init_from>
    </image>
  </library_images>
  <library_materials>
    <material id="tire_006-material" name="tire.006">
      <instance_effect url="#tire_006-effect"/>
    </material>
    <material id="rim_006-material" name="rim.006">
      <instance_effect url="#rim_006-effect"/>
    </material>
    <material id="Colmesh_Material-material" name="Colmesh_Material">
      <instance_effect url="#Colmesh_Material-effect"/>
    </material>
  </library_materials>
  <library_geometries>
    <geometry id="tire_row_3_a50-mesh" name="tire_row_3_a50">
      <mesh>
        <source id="tire_row_3_a50-mesh-positions">
          <float_array id="tire_row_3_a50-mesh-positions-array" count="24">-1.1739 0 0.009839951 1.1739 0 0.009839951 1.1739 0 0.2301599 -1.1739 0 0.2301599 0 -1.1739 0.009839951 0 1.1739 0.009839951 0 1.1739 0.2301599 0 -1.1739 0.2301599</float_array>
          <technique_common>
            <accessor source="#tire_row_3_a50-mesh-positions-array" count="8" stride="3">
              <param name="X" type="float"/>
              <param name="Y" type="float"/>
              <param name="Z" type="float"/>
            </accessor>
          </technique_common>
        </source>
        <source id="tire_row_3_a50-mesh-normals">
          <float_array id="tire_row_3_a50-mesh-normals-array" count="12">0 -1 0 1 0 0 0 -1 0 1 0 0</float_array>
          <technique_common>
            <accessor source="#tire_row_3_a50-mesh-normals-array" count="4" stride="3">
              <param name="X" type="float"/>
              <param name="Y" type="float"/>
              <param name="Z" type="float"/>
            </accessor>
          </technique_common>
        </source>
        <source id="tire_row_3_a50-mesh-map-0">
          <float_array id="tire_row_3_a50-mesh-map-0-array" count="24">1 0 0 1 0 0 1 0 0 1 0 0 1 0 1 1 0 1 1 0 1 1 0 1</float_array>
          <technique_common>
            <accessor source="#tire_row_3_a50-mesh-map-0-array" count="12" stride="2">
              <param name="S" type="float"/>
              <param name="T" type="float"/>
            </accessor>
          </technique_common>
        </source>
        <vertices id="tire_row_3_a50-mesh-vertices">
          <input semantic="POSITION" source="#tire_row_3_a50-mesh-positions"/>
        </vertices>
        <triangles material="tire_006-material" count="4">
          <input semantic="VERTEX" source="#tire_row_3_a50-mesh-vertices" offset="0"/>
          <input semantic="NORMAL" source="#tire_row_3_a50-mesh-normals" offset="1"/>
          <input semantic="TEXCOORD" source="#tire_row_3_a50-mesh-map-0" offset="2" set="0"/>
          <p>1 0 0 3 0 1 0 0 2 5 1 3 7 1 4 4 1 5 1 2 6 2 2 7 3 2 8 5 3 9 6 3 10 7 3 11</p>
        </triangles>
      </mesh>
    </geometry>
    <geometry id="tire_row_3_a200-mesh" name="tire_row_3_a200">
      <mesh>
        <source id="tire_row_3_a200-mesh-positions">
          <float_array id="tire_row_3_a200-mesh-positions-array" count="837">-0.3568699 0.06036496 0.12 -0.3806701 -0.04770189 0.195848 -0.4381886 0.04748541 0.228 -0.4966048 0.04008424 0.195372 -0.5181383 -0.03482264 0.12 -0.4959251 0.04441255 0.0432778 -0.4417941 0.0962432 0.01199996 -0.3835763 -0.05342388 0.04217422 -0.4174319 0.160332 0.1978257 -0.5522007 0.1285325 0.1226539 -0.4150016 0.164576 0.04530245 -0.4674698 0.27053 0.12 -0.5511996 0.2449866 0.227379 -0.563 0.1750001 0.1975076 -0.5901496 0.1992813 0.04570245 -0.5284143 0.28847 0.1963675 -0.6545198 0.2975651 0.01199996 -0.5284143 0.28847 0.04363244 -0.6732373 0.3796096 0.1173305 -0.6902981 0.3573299 0.1958481 -0.7441867 0.2500414 0.1950274 -0.6700162 0.2092324 0.12 -0.6818758 0.3543545 0.04327076 -0.82866 0.2968004 0.2286654 -0.7726499 0.2187709 0.12 -0.7756274 0.2443594 0.04327028 -0.906327 0.3445016 0.1226186 -0.9070021 0.3180345 0.1971758 -0.8799219 0.2673729 0.01235467 -0.9022772 0.322412 0.04325699 -0.9108775 0.1728774 0.1947276 -0.8959711 0.157971 0.12 -0.9444876 0.1405228 0.04589563 -1.045426 0.2233583 0.12 -1.057081 0.1625799 0.1987696 -1.005373 0.1419219 0.2276453 -1.005373 0.1419219 0.01164525 -1.058568 0.1603321 0.04217422 -1.115485 0.07090818 0.12 -0.9823594 0.03762751 0.1967297 -0.9567709 0.03464978 0.12 -1.094568 0 0.1963675 -1.038823 -0.04398381 0.2283616 -0.9796707 -0.04539668 0.04387623 -1.035565 -0.08348017 0.01199996 -1.094568 0 0.04363244 -1.081822 -0.175186 0.12 -1.056137 -0.1651041 0.1978257 -0.9562392 -0.1111982 0.1961206 -0.9378395 -0.09884637 0.1184545 -1.056137 -0.1651041 0.04217427 -0.9248005 -0.2449865 0.227379 -0.8767293 -0.2082424 0.04450738 -0.906327 -0.3445016 0.1173813 -0.9010235 -0.3233779 0.195837 -0.8541409 -0.2165146 0.1953548 -0.8127653 -0.2131951 0.122654 -0.8833321 -0.2661295 0.01199996 -0.9475858 -0.28847 0.04363244 -0.8030537 -0.3545815 0.0441519 -0.738 -0.38 0.12 -0.6729462 -0.3545816 0.195848 -0.6545198 -0.2975651 0.228 -0.6666169 -0.2397153 0.1950274 -0.6524103 -0.2355387 0.04344075 -0.6473401 -0.2968005 0.01266539 -0.5696732 -0.3445016 0.1226186 -0.6700162 -0.2092324 0.12 -0.6278142 -0.3391168 0.04363244 -0.4782057 -0.2490505 0.1978508 -0.5784279 -0.1543158 0.1184839 -0.4782057 -0.2490505 0.04214912 -0.4009027 -0.1840873 0.12 -0.4687758 -0.141236 0.2283616 -0.517228 -0.1112971 0.1967297 -0.516776 -0.1068982 0.04464513 -0.4706271 -0.1419218 0.01164525 -0.6905966 0.2209119 0.09999996 -0.6685966 0.215017 0.14 -0.5474745 0.11 0.13 -0.518 0 0.09999996 -0.518 0 0.14 -0.5474745 -0.11 0.1266667 -0.628 -0.1905256 0.1133333 -0.738 -0.22 0.09999996 -0.738 -0.22 0.14 -0.848 -0.1905256 0.108 -0.9285256 -0.11 0.1266667 -0.9589119 0.04740345 0.09999996 -0.953017 0.06940346 0.14 -0.848 0.1905256 0.108 0.3796096 0.06476253 0.1226695 0.3544237 0.0534237 0.1978257 0.2907207 0.1019526 0.2286209 0.2398053 0.06983697 0.1941043 0.2131951 0.07476526 0.117346 0.2500414 0.006186664 0.04497253 0.2934052 0.1011095 0.01266539 0.3572121 0.04614806 0.04327535 0.2665453 0.2756246 0.1173813 0.28847 0.2095857 0.1963675 0.1708433 0.1768266 0.04418426 0.28847 0.2095857 0.04363244 0.1651042 0.3181366 0.1978257 0.1378081 0.2704637 0.228 0.1153786 0.2171241 0.1958157 0.1010593 0.1983401 0.12 0.1328896 0.2719749 0.01235467 0.1701183 0.3171419 0.04214912 0.06631368 0.3776477 0.1226186 -0.006186664 0.2500414 0.04497253 0 0.3565685 0.1963675 -0.04745143 0.299597 0.227262 -0.0325663 0.2439512 0.1967222 -0.03482258 0.2198616 0.12 -0.04748541 0.2998114 0.01199996 0 0.3565685 0.04363244 -0.1174265 0.3614014 0.12 -0.1690021 0.3180345 0.1971758 -0.1726294 0.3161158 0.04327535 -0.2705301 0.27053 0.12 -0.2144878 0.2144877 0.228738 -0.1746824 0.1746823 0.1961112 -0.1543157 0.1595721 0.121516 -0.1773632 0.1700282 0.04464513 -0.2503218 0.1818695 0.01199996 -0.3236615 0.1579586 0.1971758 -0.3205681 0.160332 0.04217427 -0.3614014 0.1174265 0.12 -0.3102895 -0.005493581 0.2273346 -0.2419672 0.03647273 0.195372 -0.2092324 0.06798374 0.12 -0.2439512 0.0325663 0.0432778 -0.379761 -0.06014811 0.12 -0.3565685 0 0.1963675 -0.2198616 -0.03482258 0.12 -0.2996918 -0.05112832 0.0116384 -0.3573299 -0.04770183 0.0441519 -0.3205682 -0.1603319 0.1978257 -0.2209656 -0.1078391 0.1958157 -0.2171241 -0.1153786 0.04418426 -0.2690441 -0.275523 0.1226695 -0.2081941 -0.2204574 0.228 -0.1574035 -0.1574035 0.12 -0.2081942 -0.2204574 0.01199996 -0.2618654 -0.2472985 0.04327535 -0.2095857 -0.28847 0.1963675 -0.08558976 -0.2355386 0.1965591 -0.1078392 -0.2209656 0.04418426 -0.05984979 -0.377877 0.12 -0.05818796 -0.3574411 0.195837 -0.0388509 -0.3007273 0.228 -0.03482264 -0.2198616 0.12 -0.04234063 -0.2997287 0.01235467 -0.05660599 -0.3573965 0.04325699 0.03647273 -0.2419672 0.04462796 0.1174265 -0.3614014 0.12 0.1690019 -0.3180346 0.1971758 0.1419216 -0.2673729 0.2283546 0.1068981 -0.221224 0.1953548 0.1285325 -0.1857994 0.1226539 0.1378081 -0.2704638 0.01199996 0.1726292 -0.3161159 0.04327535 0.2665451 -0.2756248 0.1226186 0.174072 -0.175574 0.04327028 0.3236615 -0.1579586 0.1971758 0.2725083 -0.1347907 0.2276384 0.2165026 -0.1170443 0.1967222 0.2702704 -0.1377097 0.01126199 0.3196678 -0.1628789 0.04327076 0.3614014 -0.1174266 0.12 0.2092324 -0.0679838 0.12 0 0.22 0.13 0.11 0.1905255 0.11 0.215017 0.0694034 0.09999996 0.2209119 0.04740339 0.14 0.1905255 -0.11 0.13 0.11 -0.1905255 0.11 -0.04740339 -0.2209119 0.09999996 -0.0694034 -0.215017 0.14 -0.1905255 -0.11 0.13 -0.22 0 0.11 -0.1676136 0.1515085 0.09999996 -0.1515085 0.1676136 0.14 1.117656 0.05363154 0.1226186 1.092582 0.06505393 0.195848 1.032271 -0.09561461 0.228 0.9880146 0.01016747 0.1954925 0.9585334 0.0284906 0.12 0.9814749 -0.0342791 0.04418426 1.034206 0.09624314 0.01199996 1.092189 -0.06378984 0.04214918 1.007224 0.1412358 0.2283616 0.9568538 0.1094595 0.04462796 1.077117 0.1101857 0.04363244 1.013523 0.2690441 0.1173305 0.9870504 0.2597944 0.1978508 0.9097319 0.1743173 0.195372 0.9159837 0.1293128 0.12 0.9895458 0.2553331 0.04217422 0.8708896 0.271975 0.2283546 0.8354524 0.1994483 0.1184839 0.8249287 0.2346361 0.04450738 0.8214802 0.2975651 0.01199996 0.8554265 0.3614014 0.12 0.7941243 0.3543545 0.1967292 0.7806366 0.2421513 0.1958157 0.8030539 0.3545815 0.0441519 0.6781502 0.377877 0.12 0.6868715 0.2996918 0.2276384 0.7069503 0.2198011 0.121516 0.6278142 0.3391168 0.1963675 0.6627755 0.231517 0.1963675 0.6627755 0.231517 0.04363244 0.5511996 0.2449865 0.01137906 0.6278142 0.3391168 0.04363244 0.5146415 0.3074264 0.12 0.4789914 0.2502443 0.1971758 0.5175424 0.2081941 0.228 0.5375963 0.1456018 0.1931114 0.6086872 0.1779837 0.12 0.5606368 0.1700282 0.04464513 0.4789914 0.2502444 0.04282414 0.3993277 0.1797676 0.1226186 0.5385517 0.09745246 0.1184839 0.3988832 0.1101858 0.1963675 0.4396761 0.04724985 0.228 0.4940488 0.0325663 0.0432778 0.438403 0.04745149 0.01273798 0.3988832 0.1101858 0.04363244 0.3568699 -0.0603649 0.12 0.3836455 -0.05612409 0.1967292 0.494525 -0.03427904 0.1958157 0.5215756 -0.06482654 0.122654 0.3844141 -0.05871373 0.04217427 0.4665612 -0.1383048 0.228 0.5375962 -0.1456018 0.04688853 0.4846372 -0.1752716 0.01137906 0.4674699 -0.2705301 0.12 0.4495299 -0.2095856 0.1963675 0.5611733 -0.1708433 0.1958157 0.4495299 -0.2095856 0.04363244 0.5814198 -0.3240399 0.1978508 0.6545197 -0.297565 0.228 0.6086872 -0.1779837 0.12 0.5749765 -0.3233779 0.04416292 0.6670916 -0.3774847 0.12 0.7318133 -0.2500414 0.1950274 0.7069502 -0.219801 0.1184839 0.6992845 -0.2444404 0.04249233 0.7325064 -0.3102895 0.01133453 0.7941241 -0.3543545 0.1967292 0.7941242 -0.3543545 0.04327076 0.8554265 -0.3614014 0.12 0.8799217 -0.2673729 0.2276453 0.841573 -0.1974312 0.1215454 0.8899758 -0.1986513 0.04497253 1.017246 -0.2637127 0.12 0.9852987 -0.2618654 0.1967246 0.9135739 -0.1740722 0.1967297 0.9829866 -0.1868005 0.01262086 0.9852986 -0.2618654 0.04327529 0.935356 -0.1005581 0.12 1.099401 -0.1174266 0.12 1.077117 -0.1101858 0.1963675 0.7854034 0.2209119 0.09999996 0.8074035 0.215017 0.14 0.9285256 0.11 0.13 0.958 0 0.09999996 0.958 0 0.14 0.9285256 -0.11 0.1266667 0.848 -0.1905256 0.1133333 0.738 -0.22 0.09999996 0.738 -0.22 0.14 0.628 -0.1905256 0.108 0.5474745 -0.11 0.1266667 0.5170881 0.04740345 0.09999996 0.522983 0.06940346 0.14 0.628 0.1905256 0.108</float_array>
          <technique_common>
            <accessor source="#tire_row_3_a200-mesh-positions-array" count="279" stride="3">
              <param name="X" type="float"/>
              <param name="Y" type="float"/>
              <param name="Z" type="float"/>
            </accessor>
          </technique_common>
        </source>
        <source id="tire_row_3_a200-mesh-normals">
          <float_array id="tire_row_3_a200-mesh-normals-array" count="1632">0.6059609 0.09957665 0.7892375 -0.8815668 -0.1767103 -0.4377368 0.8628043 0.1313808 -0.4881679 -0.8869233 -0.4387611 0.144415 -0.3440551 -0.1949483 -0.9184886 0.6878532 0.6004028 0.4078903 0.4183691 0.3717869 0.8286988 -0.163258 -0.3638762 0.9170284 -0.5010731 -0.7459554 -0.4387211 0.06937015 0.3482656 0.9348255 -0.1322797 -0.725128 0.6757896 -0.07737886 -0.3683691 -0.9264538 -0.1161187 0.6652852 0.7375039 0.1655291 -0.3611446 0.9177008 0.1966073 -0.3429491 -0.9185485 0.4255961 -0.4906033 0.7603791 -0.893041 0.4103965 0.1845332 -0.8935279 0.4106202 -0.181656 -0.8833078 0.1973918 0.4252104 0.596521 -0.1042677 0.7957959 -0.8848214 0.1948258 -0.4232423 0.9019986 0.1326706 -0.4108492 0.5543004 0.3106638 0.7721652 0.2989201 0.28316 0.9112998 0.6084985 0.648792 -0.4569449 0.4692361 0.3910949 -0.7917463 -0.3767414 -0.826906 -0.4174833 0.1221739 0.9858765 0.1145466 -0.04656112 -0.3783124 -0.9245063 0.201722 -0.9676892 0.1512805 -0.01869493 0.9259961 0.3770698 -0.0323373 0.9429249 -0.3314318 0.04834431 -0.5752447 -0.8165516 0.2839072 -0.5389558 0.7930469 0.2802959 -0.4792952 -0.8316912 0.6873712 -0.7218685 0.0801655 0.236944 -0.2836768 0.9291851 -0.6496422 0.7544924 0.09330654 0.2413697 -0.2815142 -0.9287037 0.6862078 -0.7232245 -0.07787871 -0.8116522 0.414734 -0.4113593 0.9826086 -0.1769955 0.05615061 0.3695983 -0.04336237 -0.9281793 0.9811409 -0.1767311 -0.07828557 0.6257 0.7439844 -0.2344926 0.9659258 -0.2588192 0 -0.2588189 -0.9659259 0 -0.7650569 0.6051805 -0.2201012 0.5678408 0.2471543 0.7851572 -0.3380216 -0.1611672 -0.9272359 0.5839452 0.2472974 -0.7732089 -0.6677731 -0.5963932 -0.4454148 0.6140403 0.6699165 -0.4173328 0.4536768 0.8850321 0.1043827 -0.1566748 -0.3689693 -0.9161412 0.2008549 0.8792628 0.4319191 -0.1422806 -0.8983246 -0.4156551 0.2027708 0.8902605 -0.4078238 -0.121304 0.5493561 0.8267365 -0.173287 0.3560199 0.9182708 -0.1891601 0.3253177 -0.9264917 -0.4507703 0.4355175 0.7791859 -0.8501145 0.5045673 0.1507222 -0.8478024 0.503195 -0.1674093 -0.5438326 0.1090372 0.8320799 0.9227076 -0.09539949 -0.3735097 -0.561884 -0.1187179 0.8186528 0.9780461 0.1428001 0.1517699 0.4119334 0.0691294 -0.9085879 -0.8862849 -0.4545059 0.08901435 0.8124663 0.413972 -0.410519 -0.6757498 -0.5903018 0.4414816 -0.4222987 -0.3751501 0.8251826 0.6825362 0.7241407 0.09881615 0.2924479 0.30269 -0.9071125 0.4139722 0.8124663 -0.4105189 0.06376814 0.4190478 -0.9057221 -0.1778086 0.8860829 -0.4280667 0.4906319 -0.8576421 0.154047 -0.4317824 0.8921508 -0.1327812 -0.1882421 0.3715396 -0.9091332 -0.6825305 0.7161563 0.1458507 0.8491381 -0.5066784 0.1491361 -0.7499089 0.5227951 0.4053664 -0.3685471 0.162611 -0.9152762 0.8457068 -0.5097058 -0.1580507 -0.6914657 0.07120805 -0.7188912 0.9571594 -0.1698797 -0.2344924 -0.6256999 -0.7439845 -0.2344925 -0.3314595 0.9138644 -0.2344921 0.3862294 0.03943628 0.9215594 -0.3972631 -0.06522196 -0.9153841 0.9093474 0.08225941 -0.4078245 0.5583394 0.2945919 0.7755467 -0.8562543 -0.3613622 -0.3691149 -0.458917 -0.874399 0.1575487 -0.09243029 -0.5929944 0.7998839 -0.1522623 -0.9007439 -0.4067883 -0.08424687 0.9098615 0.4062689 -0.05397534 0.5696428 0.8201181 0.08890455 -0.974709 0.2050329 0.01984596 -0.9869621 -0.1597247 -0.07900369 0.9089826 -0.4092787 0.2157641 -0.3732644 -0.9022858 -0.3080062 0.523005 -0.7947314 -0.7316449 0.6640523 0.1540462 0.8928426 -0.1046571 -0.4380399 -0.4023454 -0.05829608 0.91363 0.5966516 0.0864492 0.7978305 -0.3670253 -0.07053011 -0.9275333 -0.5361138 -0.2320781 0.8116167 0.8888543 0.433793 0.1475186 0.7290835 0.5517712 0.4049517 0.706062 0.5538949 -0.4412223 -0.6153482 -0.6802272 -0.3982934 -0.4705583 -0.8782561 0.08509457 -0.1691706 -0.3102594 -0.9354788 -0.4715523 -0.8801115 -0.05515706 0.0840255 -0.9839379 0.1574985 -0.0822252 0.3920609 -0.9162572 0.0840255 -0.9839379 -0.1574985 0.2624999 -0.5425471 0.7979577 -0.384963 0.9191848 0.08308273 -0.320827 0.6578506 -0.6813976 0.2845163 -0.2542741 0.924335 0.4860035 -0.2922593 0.8236413 -0.343897 0.1870202 -0.9201946 0.5499205 -0.3011918 -0.7790192 -0.9050946 0.1625562 0.3929111 -0.8995068 0.1615527 -0.4059412 -0.7322596 0.131043 -0.668299 0.3236218 -0.06063371 -0.9442418 0.6257001 0.7439843 -0.2344926 0.9659259 -0.2588188 0 -0.258819 -0.9659258 0 -0.7650568 0.6051805 -0.2201016 0.8636274 0.1480306 0.4819072 -0.877748 -0.1901702 0.4397656 0.6578131 0.105527 -0.745752 0.8813439 0.4638096 0.09007573 0.3240016 0.1883098 0.9271259 0.2525435 0.2668488 -0.9300611 -0.8533653 -0.5183285 -0.05570787 0.8842696 0.4653493 -0.03895115 -0.5353801 -0.5657067 -0.6271715 0.3690121 0.8699842 0.327044 0.6795276 0.6166831 -0.397422 -0.3812264 -0.9164491 0.1216035 0.2072945 0.4937036 0.8445624 0.3719322 0.8644674 -0.3381754 0.2398885 0.5543859 -0.7969378 -0.08791714 -0.9459847 -0.3120634 -0.08438438 -0.9079727 0.4104446 -0.16657 0.929692 0.3285227 -0.06768548 0.4674063 -0.8814477 0.08466672 -0.6410471 -0.7628173 -0.1486417 0.9411342 -0.3035986 0.4272195 -0.866534 0.2580743 0.5170989 -0.8444448 -0.1397203 -0.6585153 0.6398044 0.3962422 -0.2798405 0.3133143 0.9074819 -0.3674911 0.3600937 -0.8574864 0.4349901 -0.430518 -0.7908464 -0.6570304 0.6362643 -0.4043253 0.8665342 -0.427219 0.2580744 0.3769616 -0.1857984 0.9074022 -0.4455911 0.08361077 0.8913236 0.8076125 -0.3981693 -0.434998 0.5308817 -0.07243943 -0.8443442 0.9777643 -0.1839363 -0.1007188 -0.4697862 0.09750473 -0.8773789 -0.9197328 -0.2111669 0.330908 0.9532622 0.1662731 0.2522785 -0.565998 -0.1245518 0.8149436 0.4105963 0.06834179 0.9092525 -0.9197329 -0.2111669 -0.3309078 -0.6097594 -0.1350381 -0.7809982 -0.6731741 -0.7013697 0.2343441 -0.3229062 -0.1877095 0.9276296 0.8419224 0.5318605 -0.09105592 0.3621849 0.2254464 -0.9044313 0.6164793 0.688342 0.3822809 -0.4464286 -0.4472516 0.7750275 -0.3335808 -0.3040685 -0.8923375 -0.6871396 -0.7098253 -0.1548778 -0.1237079 -0.9040748 0.4090784 -0.4509921 -0.2355707 0.860879 -0.2304539 -0.5103245 -0.8285288 -0.06491249 -0.4741561 0.8780446 0.06388628 0.5042213 0.8612082 0.06126672 0.4520999 -0.8898607 0.120549 0.9920618 -0.0357967 0.2047026 -0.9547463 -0.215769 -0.2017223 -0.9676892 -0.1512807 -0.3326845 0.3755457 0.8650355 0.4146379 -0.7742223 0.4781792 -0.477617 0.8061946 0.349188 -0.4799344 0.7898799 -0.3817756 0.4698957 -0.7871212 -0.3995475 -0.3525109 0.396624 -0.8475999 -0.6836793 0.7218539 -0.1072826 -0.4934877 0.07500064 0.8665131 0.7952021 -0.3805091 0.4720875 0.5718555 -0.2693054 0.7748909 -0.814741 0.4058188 0.4141354 0.5475428 -0.2647579 -0.7937884 0.7952345 -0.3846142 -0.4686939 0.4044113 -0.06379705 0.9123494 -0.5467903 0.06743907 -0.8345492 -0.9800536 0.1348249 0.1460041 -0.9802495 0.1337637 -0.1456643 0.9659258 0.2588192 0 0.258819 -0.9659258 0 -0.9633952 -0.1481254 0.2234469 0.07847768 -0.01510304 0.9968015 -0.1726278 0.9563263 0.235881 0.8695222 0.470041 0.1516332 -0.08804297 0.08804297 -0.9922181 0.8721393 0.46373 -0.1559721 -0.9051827 -0.4204055 -0.06247872 0.3040773 0.279286 0.9107889 0.6070345 0.6844586 0.4037643 -0.3783891 -0.3297092 0.8649356 -0.7048714 -0.6459197 0.2931619 0.3116928 0.3306927 -0.8907805 -0.4699655 -0.4428865 -0.7635338 0.0646041 0.4335878 0.8987925 -0.3809829 -0.9202355 -0.08954739 0.4504607 0.8885455 -0.08701723 -0.08333343 -0.4889054 0.8683472 -0.149219 -0.9421316 0.3002027 0.1050287 0.4858248 -0.867723 -0.09126806 -0.6015139 -0.7936316 -0.2046586 0.9053935 0.3719912 -0.2102632 0.9006415 -0.3803082 -0.130401 0.5636776 -0.8156367 0.2415207 -0.4591858 0.854878 -0.50532 0.8513822 0.1407129 0.4338803 -0.8526234 0.2911721 0.4153336 -0.8877323 -0.1985684 0.287124 -0.4937961 -0.8208076 0.4672461 -0.2320329 0.8531365 -0.5054451 0.851593 -0.1389763 -0.6384764 0.6168721 0.4602354 -0.465249 0.447219 -0.7638969 -0.6436557 0.6144667 -0.4562213 -0.3426176 0.1432862 0.9284839 0.8800327 -0.4295114 0.202639 0.8820505 -0.425257 -0.2028385 -0.9176756 0.1893893 0.3492894 0.3784676 -0.1742914 -0.9090571 -0.4863278 0.07766562 -0.870318 0.9270249 -0.09584581 0.3625445 0.6325815 -0.1328537 -0.7630141 -0.9585285 0.09910297 -0.2672111 -0.4060159 -0.2212856 -0.88667 -0.8852207 -0.1949228 0.4223618 0.3925353 0.05994671 0.9177812 0.9727867 0.1754696 -0.1513158 -0.332786 -0.1551747 0.9301474 0.5907954 0.2829321 0.755586 0.8124663 0.413972 0.410519 0.5369449 0.2884473 -0.7927726 -0.8628856 -0.4465149 -0.2367551 -0.4010582 -0.8822554 0.2465311 0.2711524 0.2927905 0.9169243 0.6872792 0.711349 -0.1470708 -0.1945257 -0.4103861 0.8909226 -0.2006246 -0.4237049 -0.8833029 0.2692995 0.5681346 0.7776251 0.4087237 0.8021655 0.4352877 0.2595955 0.5395495 -0.8009347 -0.4281214 -0.8684909 -0.2498712 0.1540371 -0.9017885 0.4037947 0.1428005 0.978046 -0.1517697 0.08823513 -0.4874502 0.8686811 -0.09906876 0.5279588 0.8434718 -0.1945712 0.9033361 0.3822644 0.09257924 -0.5137223 -0.8529469 -0.09618121 0.5822865 -0.8072742 0.1614481 -0.8963533 -0.4128987 0.3550122 -0.3449744 0.8688837 0.495011 -0.8560009 -0.1490856 0.6313033 -0.6099422 0.478985 -0.3487013 0.3554769 0.8672045 0.3726566 -0.3576083 -0.8562962 -0.4323203 0.4269549 -0.7942347 -0.9157419 0.3838576 -0.1186181 0.6451789 -0.619095 -0.4477339 0.9162273 -0.1344978 0.3774094 0.4128805 -0.03553932 0.9100916 -0.5782937 0.0411058 0.8147925 -0.9436962 0.03231793 0.3292312 0.4081922 -0.03418153 -0.9122558 -0.8848673 0.01590806 -0.4655715 0.9637612 -0.09265387 -0.2501593 0.7439845 0.6257 0.2344924 0.1698797 -0.9571594 0.2344924 -0.9138643 0.3314595 0.2344923 0.06640321 0 0.9977928 -0.05750685 0.03320157 -0.9977929 0.832795 0.4479525 0.3252554 -0.7007902 -0.07519054 0.7093937 -0.973514 -0.16627 -0.1569228 0.5802882 0.05720031 -0.8124 -0.8880625 -0.4233837 0.1791401 -0.3683452 -0.1749925 0.9130714 0.8052272 0.482349 -0.3448892 0.5029039 0.2952535 -0.8123503 -0.6317857 -0.731005 -0.2578346 0.2712553 0.2829135 0.9199894 -0.4176117 -0.4354432 0.7974897 -0.6151024 -0.6983647 0.3659723 -0.4120195 -0.4353584 -0.8004392 0.4020799 0.8250527 0.3970136 0.2303123 0.2433584 -0.9421958 0.4769392 0.8251689 -0.3026967 0.2655213 0.5511133 0.791058 -0.1984384 -0.3835492 0.9019491 0.2781136 0.5384372 -0.7954484 0.1314506 -0.6670648 -0.7333112 0.09129804 0.9823654 0.1631647 0.05727881 0.4038822 0.9130161 -0.1337251 -0.9046027 0.4047362 0.09146791 0.9841927 -0.151652 0.04293471 -0.4290337 0.9022675 -0.07069939 0.3743507 -0.9245881 -0.4744238 0.7978374 0.3719912 -0.2108674 0.3937749 0.8946933 0.2562968 -0.4066598 0.876892 0.5536794 -0.8134648 0.1780846 0.5001562 -0.834607 -0.2308138 -0.4744238 0.7978375 -0.371991 -0.3982084 0.1926571 0.8968352 0.6874282 -0.606217 0.3999294 0.700201 -0.6026042 -0.3828667 -0.7351929 0.6610172 -0.1501585 -0.789259 0.449009 0.4188808 0.4299081 -0.1994932 -0.8805575 0.5491775 -0.2656974 0.7923439 0.8895652 -0.4293637 -0.1559509 -0.3755059 0.2082086 -0.9031304 -0.9420684 0.0870189 0.3239365 -0.7981862 0.454249 -0.3956724 0.9220773 -0.08676743 0.3771536 -0.559516 0.05306279 0.8271192 0.4083335 -0.08410787 0.9089497 -0.9399724 0.08338129 -0.3309071 -0.5592492 0.05505037 -0.8271698 0.5005325 0.1091436 -0.8588102 0.9705641 0.2362771 -0.04667377 -0.8733084 -0.4595811 0.1616097 -0.8733084 -0.4595811 -0.1616096 0.3720966 0.1815965 0.9102565 -0.5237959 -0.2339849 -0.8190781 -0.2637864 -0.3113203 0.9129603 -0.6011701 -0.6874706 0.4074047 0.3841964 0.894503 0.228599 0.4286217 0.5058585 0.7485925 -0.3675196 -0.4090536 -0.8352271 0.1707993 0.3588707 0.917627 0.3667761 0.8734649 -0.3202097 0.2851211 0.5236968 -0.802775 -0.2285214 0.9603419 -0.1597539 -0.1223765 -0.8759307 0.4666579 -0.08648246 -0.6352084 0.7674837 -0.09769743 -0.6699771 -0.7359251 -0.1253565 -0.8732908 -0.4707959 0.05233818 -0.3798862 0.9235514 -0.08719164 0.6597067 0.746448 -0.158731 0.8995536 0.4069495 0.5030202 -0.8332431 0.229514 0.1777417 -0.367346 -0.912943 -0.1598941 0.3619782 0.9183713 0.5030201 -0.833243 -0.2295146 0.8349388 -0.4689078 0.2881018 -0.4837788 0.4275336 0.7636577 -0.6475556 0.6336522 0.4232692 -0.6542204 0.6265951 -0.4235259 0.8164345 -0.4585157 -0.3509958 -0.3397335 0.1435081 0.9295088 -0.9226847 0.3734473 0.09586471 -0.8690252 0.483241 -0.106176 0.9389154 -0.08186829 0.3342685 0.5654069 -0.04745596 0.8234458 0.9815745 -0.1022809 -0.1614006 0.9659259 0.2588188 0 0.2588189 -0.9659259 0 -0.9633955 -0.1481257 0.2234454 0.07847768 -0.01510304 0.9968015 -0.1726278 0.9563263 0.235881 -0.08804297 0.08804297 -0.9922181 0.3411945 0.3003233 -0.8907257 0.4604991 0.8726604 0.1624944 -0.5257386 -0.7546256 0.3926056 0.4635882 0.8704616 -0.1654763 -0.2329233 -0.9649201 -0.1211445 -0.139129 0.960192 0.2422282 -0.06274867 0.4580382 -0.8867151 -0.1380013 0.9523189 -0.2721112 0.4100429 -0.8866122 0.2139708 0.421615 -0.855166 -0.3015492 -0.6381879 0.7273262 0.2524142 -0.348563 0.3454415 0.871306 -0.3444274 0.3493549 -0.8713903 -0.6355103 0.7348302 -0.2369627 0.8454585 -0.4424111 0.2991193 -0.4571104 0.09233129 0.8846045 0.4871613 -0.08274662 -0.869383 -0.4117153 0.05371695 -0.9097281 -0.9804463 -0.1341115 0.1440107 0.9420898 0.1300211 0.3091299 -0.9804463 -0.1341115 -0.1440106 -0.6770839 -0.6674569 0.3099334 0.6922252 0.6691071 0.2704067 -0.3113327 -0.2594869 -0.9141873 -0.7104377 -0.6288558 -0.3159409 -0.2028203 -0.9420151 0.2673413 -0.4828099 -0.2736505 0.8318714 -0.07846385 -0.392523 0.9163891 0.1153416 0.6022446 0.7899352 0.0547617 0.4841516 -0.8732687 0.08027535 -0.9223399 -0.3779483 -0.3458641 0.408989 0.8444561 -0.3404427 0.3670563 -0.8656607 -0.5078437 0.08395165 0.8573488 -0.5458392 0.0676707 -0.8351529 0.3237707 -0.4606123 0.8264435 -0.3680035 -0.0140866 0.9297177 -0.05616587 0.06262296 0.9964556 -0.136973 -0.2492686 0.9586989 0.3195102 -0.02677834 0.9472044 -0.3653296 -0.5409427 0.757572 -0.02946424 0.0698297 0.9971237 0.8635292 0.3679247 0.3448895 0.2250542 -0.1203595 -0.9668837 0.001075804 -0.2598082 -0.9656596 0.1486479 0.2970705 -0.9432142 0.4606125 -0.3237708 -0.8264434 0.1612179 -0.1612179 -0.9736619 -0.01416671 0.212334 -0.9770945 -0.05192089 -0.04804569 -0.9974948 0.8694992 0.3664359 -0.331204 0.3296352 0.3629157 0.8715692 -0.3894316 -0.3502442 0.8518639 -0.7443622 -0.6313572 0.2175155 0.2941958 0.2747108 -0.915414 0.1058974 0.4878135 0.8665009 -0.08147233 -0.4961892 0.8643834 -0.1703512 -0.9484735 0.2671675 0.06973862 0.4404891 -0.8950452 -0.08912903 0.9759759 0.1988139 -0.08376288 0.9780691 -0.1906951 0.2049344 -0.4282185 0.8801311 0.4221363 -0.8683752 0.2602414 0.4338858 -0.8661898 -0.2479079 0.1986565 -0.4213758 -0.8848605 0.5263556 -0.2344413 0.8173047 0.8100171 -0.4909964 0.3206164 0.8173666 -0.4849477 -0.3110269 -0.9712443 0.1004176 0.2158722 -0.4161535 0.08958309 -0.9048708 -0.9074886 0.1566575 -0.3897728 -0.4884876 -0.2299403 -0.8417288 -0.855285 -0.4076665 -0.3198367 -0.4293967 -0.8826058 0.1913774 -0.1941688 -0.4329885 0.8802384 -0.2542709 -0.4739057 -0.8430657 -0.445325 -0.8301794 -0.3353921 0.08942204 -0.9621797 0.2573205 0.08395892 -0.5130696 0.8542309 -0.02551001 0.4193789 0.9074528 -0.07232141 0.9854468 0.1538323 0.07718443 -0.4856842 -0.87072 0.08952087 -0.9632427 -0.2532777 0.3589571 -0.3468112 0.8665286 -0.3608312 0.360048 0.8603292 0.3383097 -0.3424388 -0.8765171 -0.7689356 0.5182636 -0.374354 0.9479134 -0.09917062 0.3026968 0.4855529 -0.07334023 0.8711255 -0.4649057 0.07033312 0.8825621 -0.9772173 0.1242619 0.1720616 0.5083532 -0.0912888 -0.8562963 0.9039961 -0.1623621 -0.3955119 0.1549193 -0.08944272 0.9838699 0.1433289 -0.2308183 0.9623823 -0.208751 0.1205224 0.9705139 0.12823 0.2395356 0.9623823 -0.241045 0 0.9705139 -0.271559 -0.008717298 0.9623823 -0.1788855 0 -0.9838699 -0.2395356 -0.12823 -0.9623823 0.008717298 0.271559 -0.9623823 0.2308183 -0.1433289 -0.9623823 0.8734382 0.4279359 0.2323285 -0.8904821 -0.3758069 0.2565362 0.8913632 0.4271754 -0.1516342 -0.6770887 -0.7137646 -0.1791396 -0.4127635 -0.4357868 -0.7998226 0.4907112 0.8325674 0.2569708 0.4328692 0.8208054 -0.3726966 0.01361101 -0.4583232 -0.8886813 -0.03985142 0.4809983 -0.8758154 -0.3876154 0.8996161 0.2011103 -0.2445047 0.4173995 0.8752115 0.2594938 -0.4769102 0.8397736 0.3623757 -0.8641735 0.3491246 0.3725438 -0.8630421 -0.3411299 -0.3876154 0.8996161 -0.2011103 -0.4313503 0.2416998 0.8692055 0.507474 -0.2953467 -0.8094693 -0.377372 0.2106382 -0.9017882 -0.9731324 0.1703704 0.1548781 0.9606519 -0.2276286 0.1591635 -0.9736644 0.1737629 -0.1475944 0.5113391 0.1077016 -0.8526034 -0.8690703 -0.3738744 0.3239365 -0.8699937 -0.37854 -0.3159405 -0.2946612 -0.3279162 0.8975776 0.4150828 0.892584 0.1760689 0.514982 0.8480154 -0.1251535 0.2780135 0.4915053 -0.8253065 -0.1503701 0.9447811 -0.2911658 0.4000015 -0.8267822 0.3955124 0.1937258 -0.3835399 -0.9029771 0.4000018 -0.8267821 -0.3955122 0.8029807 -0.4852634 0.3460369 0.8133873 -0.4410979 -0.3792541 0.9518098 -0.1059809 0.2877953 0.3237705 -0.460612 0.8264438 -0.3680042 -0.0140866 0.9297175 -0.05616587 0.06262296 0.9964556 -0.136973 -0.2492686 0.9586989 0.3195101 -0.02677828 0.9472045 -0.3653298 -0.5409429 0.7575717 -0.0294643 0.0698297 0.9971238 0.2250541 -0.1203595 -0.9668838 0.001075804 -0.2598081 -0.9656597 0.1486479 0.2970704 -0.9432142 0.4606125 -0.3237707 -0.8264435 0.1612178 -0.1612178 -0.973662 -0.01416665 0.2123341 -0.9770944 -0.05192089 -0.04804563 -0.9974948</float_array>
          <technique_common>
            <accessor source="#tire_row_3_a200-mesh-normals-array" count="544" stride="3">
              <param name="X" type="float"/>
              <param name="Y" type="float"/>
              <param name="Z" type="float"/>
            </accessor>
          </technique_common>
        </source>
        <source id="tire_row_3_a200-mesh-map-0">
          <float_array id="tire_row_3_a200-mesh-map-0-array" count="3264">0.6237998 0.625 0.5750001 0.75 0.528937 0.625 0.6466011 0 0.578937 0.125 0.5250001 0 0.6250001 0.375 0.5749999 0.5 0.5262002 0.375 0.675 0.875 0.6466011 1 0.5762003 0.875 0.6986729 0.125 0.5995261 0.25 0.578937 0.125 0.675 0.5 0.7 0.625 0.6237998 0.625 0.7 0.625 0.6965883 0.75 0.6237998 0.625 0.6965883 0.75 0.8036645 0.875 0.675 0.875 0.75 0 0.6986729 0.125 0.6466011 0 0.778937 0.625 0.8475264 0.75 0.6965883 0.75 0.8475264 0.75 0.8036645 0.875 0.6965883 0.75 0.8243028 0.125 0.7562485 0.25 0.6986729 0.125 0.8777776 0.625 0.8475264 0.75 0.778937 0.625 0.8475264 0.75 0.925 0.875 0.8036645 0.875 0.9546441 0.125 0.8777 0.25 0.8243028 0.125 0.9722999 0.75 0.925 0.875 0.8475264 0.75 1 0.5 0.9749999 0.625 0.95 0.5 0.9762002 0.375 1 0.5 0.95 0.5 0.02038079 0.5 0.04999995 0.625 0 0.625 0.07307332 0.75 0.02569717 0.875 0 0.75 0.04999995 0.375 0.02038079 0.5 0 0.375 0.1230732 0 0.0796166 0.125 0.02500003 0 0.1965813 0.75 0.125 0.875 0.07307332 0.75 0.1965813 0.75 0.2215949 0.875 0.125 0.875 0.2465882 0 0.2062538 0.125 0.1230732 0 0.2062538 0.125 0.2203806 0.25 0.09375154 0.25 0.271063 0.375 0.2276999 0.5 0.2 0.375 0.3463355 0.875 0.2465882 1 0.2215949 0.875 0.3475264 0.25 0.271063 0.375 0.2203806 0.25 0.3723 0.5 0.3289369 0.625 0.3 0.5 0.3463355 0.875 0.35 1 0.2465882 1 0.35 0 0.3552162 0.125 0.2465882 0 0.3475264 0.25 0.35 0.375 0.271063 0.375 0.428405 0.625 0.3437515 0.75 0.3289369 0.625 0.3475264 0.25 0.428405 0.375 0.35 0.375 0.4703807 0.5 0.428405 0.625 0.3723 0.5 0.428405 0.625 0.4730733 0.75 0.3437515 0.75 0.4756972 0.875 0.4277 1 0.3463355 0.875 0.4723 0.25 0.428405 0.375 0.3475264 0.25 0.428405 0.375 0.4703807 0.5 0.3723 0.5 0.5250001 0 0.478405 0.125 0.4277 0 0.5749999 0.5 0.528937 0.625 0.4703807 0.5 0.5995261 0.25 0.5262002 0.375 0.4723 0.25 0.5262002 0.375 0.5749999 0.5 0.4703807 0.5 0.5028243 0.3621165 0.5144559 0.1837694 0.5493506 0.3850594 0.5028243 0.06905478 0.518333 0.002824187 0.5493507 0.06905478 0.5028242 0.6175389 0.5400454 0.5028242 0.5493506 0.6175389 0.5549991 0.2958858 0.5922202 0.1175389 0.6015254 0.3188288 0.65 0.625 0.6034169 0.75 0.5737997 0.625 0.6777775 0.125 0.6033373 0.25 0.5536646 0.125 0.6033373 0.25 0.65 0.375 0.5703836 0.375 0.725 0 0.6777775 0.125 0.6033989 0 0.7215951 0.375 0.6776999 0.5 0.65 0.375 0.7723 0.5 0.7237998 0.625 0.6776999 0.5 0.8036645 0.125 0.7277 0.25 0.6777775 0.125 0.7723 0.5 0.8 0.625 0.7237998 0.625 0.825 0 0.8036645 0.125 0.725 0 0.8 0.375 0.7723 0.5 0.7215951 0.375 0.8777776 0.625 0.8249999 0.75 0.8 0.625 0.8777776 0.625 0.925 0.75 0.8249999 0.75 0.9495957 0.25 0.8796165 0.375 0.825 0.25 0.9777775 0.625 0.925 0.75 0.8777776 0.625 1 0.5 0.9777775 0.625 0.925 0.5 0.9762002 0.375 1 0.5 0.925 0.5 0.04999995 0.625 0.05246984 0.75 0 0.625 0.07499998 0 0.02893698 0.125 0 0 0.1237998 0.625 0.05246984 0.75 0.04999995 0.625 0.1222224 0.875 0.07499998 1 0.02620023 0.875 0.1277775 0.125 0.0769267 0.25 0.02893698 0.125 0.1769267 0.5 0.1237998 0.625 0.07499998 0.5 0.175 0 0.1277775 0.125 0.07499998 0 0.1769267 0.5 0.2 0.625 0.1237998 0.625 0.2 0.625 0.1796193 0.75 0.1237998 0.625 0.2440154 0.875 0.175 1 0.1222224 0.875 0.2277775 0.125 0.1796193 0.25 0.1277775 0.125 0.275 0 0.2277775 0.125 0.175 0 0.3237997 0.125 0.2777 0.25 0.2277775 0.125 0.3965883 0 0.3237997 0.125 0.275 0 0.4223001 0.5 0.3777775 0.625 0.35 0.5 0.3965883 0 0.4243029 0.125 0.3237997 0.125 0.4243029 0.125 0.375 0.25 0.3237997 0.125 0.471063 0.875 0.3965883 1 0.371595 0.875 0.5 0.5 0.4777776 0.625 0.4223001 0.5 0.471063 0.875 0.5 1 0.3965883 1 0.5536646 0.125 0.475 0.25 0.4243029 0.125 0.475 0.375 0.5 0.5 0.4223001 0.5 0.5536646 0.125 0.6033373 0.25 0.475 0.25 0.5028243 0.1149407 0.5144559 0.002824187 0.5493507 0.1378836 0.5028243 0.5487101 0.5144559 0.4365937 0.5493506 0.571653 0.5549991 0.1705233 0.5666307 0.002824187 0.6015255 0.1970155 0.5789371 0.625 0.6269267 0.75 0.4995957 0.75 0.6237997 0.125 0.5995306 0.25 0.5277775 0.125 0.6 0.375 0.5723 0.5 0.5215951 0.375 0.6784049 0.625 0.6269267 0.75 0.5789371 0.625 0.65 0 0.6237997 0.125 0.5703807 0 0.7722225 0.875 0.7277001 1 0.6762002 0.875 0.8269267 0.75 0.7722225 0.875 0.7277001 0.75 0.8223 0 0.7437461 0.125 0.7277001 0 0.825 0.5 0.85 0.625 0.775 0.625 0.85 0.625 0.8269267 0.75 0.775 0.625 0.85 0.875 0.8223 1 0.7722225 0.875 0.8223 0 0.85 0.125 0.7437461 0.125 0.85 0.375 0.825 0.5 0.771063 0.375 0.9284049 0.125 0.9034117 0.25 0.85 0.125 0.9034117 0.25 0.9277775 0.375 0.85 0.375 0.9722999 0.5 0.9277775 0.625 0.9 0.5 0.09660112 0 0.02893698 0.125 0 0 0.07499998 0.625 0.125 0.75 0.02499997 0.75 0.125 0.75 0.07222253 0.875 0.02499997 0.75 0.1465831 0.25 0.07620024 0.375 0.02499997 0.25 0.15 0.625 0.125 0.75 0.07499998 0.625 0.1722225 0.875 0.09660112 1 0.07222253 0.875 0.1722225 0.875 0.2 1 0.09660112 1 0.2 0 0.1502934 0.125 0.09660112 0 0.2256971 0.375 0.175 0.5 0.15 0.375 0.2703807 0.5 0.2284049 0.625 0.175 0.5 0.2975369 0.25 0.2256971 0.375 0.1465831 0.25 0.2256971 0.375 0.2703807 0.5 0.175 0.5 0.35 0.5 0.3249999 0.625 0.2703807 0.5 0.4036645 0.125 0.2975369 0.25 0.275 0.125 0.325 0.375 0.35 0.5 0.2703807 0.5 0.4203836 0.625 0.3777 0.75 0.3249999 0.625 0.4256972 0.875 0.3769267 1 0.2963355 0.875 0.4036645 0.125 0.4465814 0.25 0.2975369 0.25 0.4203836 0.625 0.4995957 0.75 0.3777 0.75 0.5 0.625 0.4995957 0.75 0.4203836 0.625 0.5277775 0.125 0.4465814 0.25 0.4036645 0.125 0.4465814 0.25 0.5215951 0.375 0.4203836 0.375 0.5562729 0.875 0.5703807 1 0.475 1 0.5703807 0 0.5277775 0.125 0.475 0 0.5277775 0.125 0.5995306 0.25 0.4465814 0.25 0.5995306 0.25 0.5215951 0.375 0.4465814 0.25 0.5028243 0.3621164 0.5144559 0.1837694 0.5493506 0.3850593 0.5028243 0.06905478 0.518333 0.002824187 0.5493507 0.06905478 0.5028242 0.6175389 0.5400454 0.5028242 0.5493506 0.6175389 0.5549991 0.2958858 0.5922202 0.1175389 0.6015254 0.3188287 0.5749999 0.5 0.6237998 0.625 0.528937 0.625 0.5762003 0.875 0.6466011 1 0.5250001 1 0.5995261 0.25 0.6250001 0.375 0.5262002 0.375 0.5749999 0.5 0.675 0.5 0.6237998 0.625 0.6237998 0.625 0.6965883 0.75 0.5750001 0.75 0.7 0.375 0.5995261 0.25 0.7562485 0.25 0.6466011 0 0.6986729 0.125 0.578937 0.125 0.6250001 0.375 0.675 0.5 0.5749999 0.5 0.6986729 0.125 0.7562485 0.25 0.5995261 0.25 0.7 0.625 0.7730733 0.5 0.778937 0.625 0.6250001 0.375 0.7 0.375 0.675 0.5 0.75 1 0.675 0.875 0.8036645 0.875 0.7 0.625 0.778937 0.625 0.6965883 0.75 0.7730733 0.5 0.7 0.375 0.775 0.375 0.7562485 0.25 0.775 0.375 0.7 0.375 0.8243028 0.125 0.75 0 0.8250001 0 0.8036645 0.875 0.8250001 1 0.75 1 0.778937 0.625 0.8723 0.5 0.8777776 0.625 0.775 0.375 0.8777 0.25 0.875 0.375 0.8243028 0.125 0.8777 0.25 0.7562485 0.25 0.775 0.375 0.8723 0.5 0.7730733 0.5 0.8250001 1 0.925 0.875 0.925 1 0.8243028 0.125 0.925 0 0.9546441 0.125 0.8777776 0.625 0.95 0.5 0.9749999 0.625 0.8777776 0.625 0.9722999 0.75 0.8475264 0.75 0.875 0.375 0.9722999 0.25 0.9762002 0.375 0.9546441 0.125 0.9722999 0.25 0.8777 0.25 0.95 0.5 0.875 0.375 0.9762002 0.375 0.925 0.875 1 1 0.925 1 0.9722999 0.75 1 0.875 0.925 0.875 0 0.75 0.04999995 0.625 0.07307332 0.75 0.925 0 1 0 0.9546441 0.125 0 0.25 0.0796166 0.125 0.09375154 0.25 0.02500003 0 0.0796166 0.125 0 0.125 0 0.25 0.04999995 0.375 0 0.375 0.04999995 0.625 0.125 0.5 0.1262002 0.625 0.1230732 1 0.02569717 0.875 0.125 0.875 0.04999995 0.625 0.1262002 0.625 0.07307332 0.75 0.07307332 0.75 0.125 0.875 0.02569717 0.875 0.125 0.5 0.04999995 0.375 0.1262002 0.375 0.09375154 0.25 0.1262002 0.375 0.04999995 0.375 0.2256971 0.625 0.125 0.5 0.2276999 0.5 0.1262002 0.625 0.1965813 0.75 0.07307332 0.75 0.1230732 0 0.2062538 0.125 0.0796166 0.125 0.0796166 0.125 0.2062538 0.125 0.09375154 0.25 0.1230732 1 0.2215949 0.875 0.2465882 1 0.1262002 0.625 0.2256971 0.625 0.1965813 0.75 0.1262002 0.375 0.2203806 0.25 0.2 0.375 0.125 0.5 0.2 0.375 0.2276999 0.5 0.2256971 0.625 0.3 0.5 0.3289369 0.625 0.5750001 0.75 0.675 0.875 0.5762003 0.875 0.2203806 0.25 0.271063 0.375 0.2 0.375 0.3437515 0.75 0.2256971 0.625 0.3289369 0.625 0.2215949 0.875 0.3437515 0.75 0.3463355 0.875 0.2203806 0.25 0.3552162 0.125 0.3475264 0.25 0.2465882 0 0.3552162 0.125 0.2062538 0.125 0.3 0.5 0.35 0.375 0.3723 0.5 0.271063 0.375 0.3 0.5 0.2276999 0.5 0.3463355 0.875 0.4730733 0.75 0.4756972 0.875 0.3723 0.5 0.428405 0.625 0.3289369 0.625 0.3463355 0.875 0.4277 1 0.35 1 0.35 0 0.4277 0 0.3552162 0.125 0.35 0.375 0.428405 0.375 0.3723 0.5 0.3552162 0.125 0.4723 0.25 0.3475264 0.25 0.4277 0 0.478405 0.125 0.3552162 0.125 0.4756972 0.875 0.5750001 0.75 0.5762003 0.875 0.4703807 0.5 0.528937 0.625 0.428405 0.625 0.428405 0.625 0.528937 0.625 0.4730733 0.75 0.4756972 0.875 0.5250001 1 0.4277 1 0.4723 0.25 0.5262002 0.375 0.428405 0.375 0.428405 0.375 0.5262002 0.375 0.4703807 0.5 0.528937 0.625 0.5750001 0.75 0.4730733 0.75 0.4723 0.25 0.578937 0.125 0.5995261 0.25 0.4756972 0.875 0.5762003 0.875 0.5250001 1 0.5250001 0 0.578937 0.125 0.478405 0.125 0.5144559 0.1837694 0.5028243 0.06905478 0.5493507 0.06905478 0.5338418 0.75 0.5028242 0.6175389 0.5493506 0.6175389 0.5705078 0.4309452 0.5549991 0.2958858 0.6015254 0.3188288 0.1837694 0.4971758 0.4971758 0.1837694 0.4309452 0.4309452 0.5922202 0.1175389 0.5549991 0.002824187 0.6015255 0.002824187 0.65 0.625 0.5769267 0.5 0.6776999 0.5 0.1837694 0.5028242 0.4971758 0.6837694 0.4309452 0.9309452 0.5769267 0.5 0.65 0.375 0.6776999 0.5 0.6033989 0 0.6777775 0.125 0.5536646 0.125 0.65 0.625 0.725 0.75 0.6034169 0.75 0.6776999 0.5 0.7237998 0.625 0.65 0.625 0.6034169 0.75 0.7222225 0.875 0.5953359 0.875 0.6033989 1 0.7222225 0.875 0.725 1 0.65 0.375 0.7277 0.25 0.7215951 0.375 0.6777775 0.125 0.7277 0.25 0.6033373 0.25 0.725 0.75 0.8 0.625 0.8249999 0.75 0.725 0 0.8036645 0.125 0.6777775 0.125 0.7215951 0.375 0.7723 0.5 0.6776999 0.5 0.725 0.75 0.821063 0.875 0.7222225 0.875 0.725 1 0.821063 0.875 0.825 1 0.7277 0.25 0.8 0.375 0.7215951 0.375 0.8036645 0.125 0.825 0.25 0.7277 0.25 0.8 0.625 0.85 0.5 0.8777776 0.625 0.85 0.5 0.8 0.375 0.8796165 0.375 0.825 0.25 0.8796165 0.375 0.8 0.375 0.925 0.875 0.8249999 0.75 0.925 0.75 0.85 0.5 0.925 0.5 0.8777776 0.625 0.825 1 0.925 0.875 0.9222999 1 0.825 0 0.9284049 0.125 0.8036645 0.125 0.825 0.25 0.9284049 0.125 0.9495957 0.25 0.925 0.75 1 0.875 0.925 0.875 0.8796165 0.375 0.925 0.5 0.85 0.5 0.925 0.5 0.9777775 0.625 0.8777776 0.625 0.9495957 0.25 0.9762002 0.375 0.8796165 0.375 0.8796165 0.375 0.9762002 0.375 0.925 0.5 0.9777775 0.625 1 0.75 0.925 0.75 1 1 0.925 0.875 1 0.875 0.9284049 0.125 1 0 1 0.125 0 0.5 0.04999995 0.625 0 0.625 0.9284049 0.125 1 0.125 0.9495957 0.25 0 0.375 0.0769267 0.25 0.07106304 0.375 0.02620023 0.875 0.07499998 1 0 1 0.02893698 0.125 0.0769267 0.25 0 0.25 0 0.5 0.07106304 0.375 0.07499998 0.5 0.1703835 0.375 0.0769267 0.25 0.1796193 0.25 0.07499998 0.5 0.1237998 0.625 0.04999995 0.625 0.05246984 0.75 0.1222224 0.875 0.02620023 0.875 0.07499998 0 0.1277775 0.125 0.02893698 0.125 0.1237998 0.625 0.1796193 0.75 0.05246984 0.75 0.05246984 0.75 0.1796193 0.75 0.1222224 0.875 0.1222224 0.875 0.175 1 0.07499998 1 0.1277775 0.125 0.1796193 0.25 0.0769267 0.25 0.07499998 0.5 0.1703835 0.375 0.1769267 0.5 0.2 0.625 0.275 0.5 0.2743028 0.625 0.1796193 0.75 0.2440154 0.875 0.1222224 0.875 0.175 0 0.2277775 0.125 0.1277775 0.125 0.2 0.625 0.2796193 0.75 0.1796193 0.75 0.275 0.375 0.1796193 0.25 0.2777 0.25 0.1796193 0.75 0.2796193 0.75 0.2440154 0.875 0.2440154 0.875 0.275 1 0.175 1 0.2277775 0.125 0.2777 0.25 0.1796193 0.25 0.1769267 0.5 0.275 0.375 0.275 0.5 0.2743028 0.625 0.35 0.5 0.3777775 0.625 0.275 0 0.3237997 0.125 0.2277775 0.125 0.2796193 0.75 0.3777775 0.625 0.3777 0.75 0.371595 0.875 0.2796193 0.75 0.3777 0.75 0.275 1 0.371595 0.875 0.3965883 1 0.275 0.375 0.375 0.25 0.3796165 0.375 0.3237997 0.125 0.375 0.25 0.2777 0.25 0.35 0.5 0.275 0.375 0.3796165 0.375 0.3777775 0.625 0.4769268 0.75 0.3777 0.75 0.3796165 0.375 0.4223001 0.5 0.35 0.5 0.4223001 0.5 0.4777776 0.625 0.3777775 0.625 0.3777 0.75 0.471063 0.875 0.371595 0.875 0.3796165 0.375 0.475 0.25 0.475 0.375 0.4243029 0.125 0.475 0.25 0.375 0.25 0.4243029 0.125 0.5 0 0.5536646 0.125 0.3796165 0.375 0.475 0.375 0.4223001 0.5 0.5 0.5 0.5737997 0.625 0.4777776 0.625 0.4769268 0.75 0.5737997 0.625 0.6034169 0.75 0.5953359 0.875 0.4769268 0.75 0.6034169 0.75 0.5 1 0.5953359 0.875 0.6033989 1 0.5703836 0.375 0.475 0.25 0.6033373 0.25 0.5 0 0.6033989 0 0.5536646 0.125 0.5 0.5 0.5703836 0.375 0.5769267 0.5 0.537719 0.3162305 0.5028243 0.1149407 0.5493507 0.1378836 0.537719 0.75 0.5028243 0.5487101 0.5493506 0.571653 0.5898938 0.3647147 0.5549991 0.1705233 0.6015255 0.1970155 0.4971758 0.3162305 0.06905478 0.4309452 0.3162305 0.002824187 0.4309452 0.9309452 0.002824187 0.8162305 0.4309452 0.5690547 0.5789371 0.625 0.6730733 0.5 0.6784049 0.625 0.4995957 0.75 0.6269267 0.75 0.5562729 0.875 0.5703807 0 0.6237997 0.125 0.5277775 0.125 0.5995306 0.25 0.6 0.375 0.5215951 0.375 0.65 1 0.5562729 0.875 0.6762002 0.875 0.6269267 0.75 0.6762002 0.875 0.5562729 0.875 0.6730733 0.5 0.6 0.375 0.6762003 0.375 0.5995306 0.25 0.6762003 0.375 0.6 0.375 0.7437461 0.125 0.65 0 0.7277001 0 0.6784049 0.625 0.7277001 0.75 0.6269267 0.75 0.6269267 0.75 0.7277001 0.75 0.6762002 0.875 0.6762002 0.875 0.7277001 1 0.65 1 0.6237997 0.125 0.7562587 0.25 0.5995306 0.25 0.6784049 0.625 0.75 0.5 0.775 0.625 0.5995306 0.25 0.7562587 0.25 0.6762003 0.375 0.6762003 0.375 0.75 0.5 0.6730733 0.5 0.6784049 0.625 0.775 0.625 0.7277001 0.75 0.7277001 0.75 0.7722225 0.875 0.6762002 0.875 0.7562587 0.25 0.771063 0.375 0.6762003 0.375 0.7562587 0.25 0.85 0.125 0.9034117 0.25 0.75 0.5 0.825 0.5 0.775 0.625 0.775 0.625 0.8269267 0.75 0.7277001 0.75 0.7722225 0.875 0.8223 1 0.7277001 1 0.771063 0.375 0.825 0.5 0.75 0.5 0.8269267 0.75 0.85 0.875 0.7722225 0.875 0.85 0.375 0.7562587 0.25 0.9034117 0.25 0.85 0.625 0.9 0.5 0.9277775 0.625 0.85 0.625 0.9296193 0.75 0.8269267 0.75 0.85 0.875 0.9296193 0.75 0.9497261 0.875 0.9 1 0.85 0.875 0.9497261 0.875 0.85 0.125 0.9 0 0.9284049 0.125 0.9 0.5 0.85 0.375 0.9277775 0.375 0.9296193 0.75 1 0.625 1 0.75 0.9497261 0.875 0.9776999 1 0.9 1 0.9 0 0.9776999 0 0.9284049 0.125 0.9277775 0.375 0.9722999 0.5 0.9 0.5 0.9722999 0.5 1 0.625 0.9277775 0.625 1 0.25 0.9284049 0.125 1 0.125 0.9296193 0.75 1 0.75 0.9497261 0.875 0.9776999 0 1 0.125 0.9284049 0.125 1 0.375 0.9034117 0.25 1 0.25 0 0.625 0.07499998 0.5 0.07499998 0.625 0.9277775 0.375 1 0.375 0.9722999 0.5 0 1 0.07222253 0.875 0.09660112 1 0 0.625 0.07499998 0.625 0.02499997 0.75 0.02499997 0.75 0.07222253 0.875 0 0.875 0.07499998 0.5 0 0.375 0.07620024 0.375 0.02499997 0.25 0.07620024 0.375 0 0.375 0.02893698 0.125 0.1465831 0.25 0.02499997 0.25 0.09660112 0 0.1502934 0.125 0.02893698 0.125 0.15 0.625 0.07499998 0.5 0.175 0.5 0.07499998 0.5 0.15 0.375 0.175 0.5 0.125 0.75 0.1722225 0.875 0.07222253 0.875 0.1465831 0.25 0.15 0.375 0.07620024 0.375 0.125 0.75 0.2284049 0.625 0.2562588 0.75 0.175 0.5 0.2284049 0.625 0.15 0.625 0.2 1 0.2963355 0.875 0.2777001 1 0.125 0.75 0.2562588 0.75 0.1722225 0.875 0.1465831 0.25 0.2256971 0.375 0.15 0.375 0.2562588 0.75 0.2963355 0.875 0.1722225 0.875 0.275 0.125 0.2 0 0.2777001 0 0.1465831 0.25 0.275 0.125 0.2975369 0.25 0.275 0.125 0.3769267 0 0.4036645 0.125 0.2703807 0.5 0.3249999 0.625 0.2284049 0.625 0.2284049 0.625 0.3249999 0.625 0.2562588 0.75 0.2975369 0.25 0.325 0.375 0.2256971 0.375 0.2256971 0.375 0.325 0.375 0.2703807 0.5 0.3249999 0.625 0.3777 0.75 0.2562588 0.75 0.2562588 0.75 0.3777 0.75 0.2963355 0.875 0.2963355 0.875 0.3769267 1 0.2777001 1 0.4203836 0.625 0.35 0.5 0.4296194 0.5 0.325 0.375 0.4465814 0.25 0.4203836 0.375 0.3777 0.75 0.4256972 0.875 0.2963355 0.875 0.35 0.5 0.4203836 0.375 0.4296194 0.5 0.5 0.625 0.4296194 0.5 0.5 0.5 0.3777 0.75 0.4995957 0.75 0.4256972 0.875 0.4256972 0.875 0.475 1 0.3769267 1 0.3769267 0 0.475 0 0.4036645 0.125 0.4203836 0.375 0.5 0.5 0.4296194 0.5 0.4995957 0.75 0.5562729 0.875 0.4256972 0.875 0.4256972 0.875 0.5562729 0.875 0.475 1 0.475 0 0.5277775 0.125 0.4036645 0.125 0.5 0.625 0.5723 0.5 0.5789371 0.625 0.5 0.625 0.5789371 0.625 0.4995957 0.75 0.5215951 0.375 0.5723 0.5 0.5 0.5 0.5144559 0.1837694 0.5028243 0.06905478 0.5493507 0.06905478 0.5338418 0.75 0.5028242 0.6175389 0.5493506 0.6175389 0.5705078 0.4309452 0.5549991 0.2958858 0.6015254 0.3188287 0.1837694 0.4971758 0.4971758 0.1837694 0.4309452 0.4309452 0.5922202 0.1175389 0.5549991 0.002824187 0.6015255 0.002824187 0.1837694 0.5028242 0.4971758 0.6837694 0.4309452 0.9309452 0.7 0.375 0.6250001 0.375 0.5995261 0.25 0.7 0.625 0.675 0.5 0.7730733 0.5 0.75 1 0.6466011 1 0.675 0.875 0.7730733 0.5 0.675 0.5 0.7 0.375 0.8243028 0.125 0.6986729 0.125 0.75 0 0.778937 0.625 0.7730733 0.5 0.8723 0.5 0.775 0.375 0.7562485 0.25 0.8777 0.25 0.775 0.375 0.875 0.375 0.8723 0.5 0.8250001 1 0.8036645 0.875 0.925 0.875 0.8243028 0.125 0.8250001 0 0.925 0 0.8777776 0.625 0.8723 0.5 0.95 0.5 0.8777776 0.625 0.9749999 0.625 0.9722999 0.75 0.875 0.375 0.8777 0.25 0.9722999 0.25 0.95 0.5 0.8723 0.5 0.875 0.375 0.925 0.875 1 0.875 1 1 0 0.75 0 0.625 0.04999995 0.625 0 0.25 0 0.125 0.0796166 0.125 0 0.25 0.09375154 0.25 0.04999995 0.375 0.04999995 0.625 0.02038079 0.5 0.125 0.5 0.1230732 1 0.02500003 1 0.02569717 0.875 0.125 0.5 0.02038079 0.5 0.04999995 0.375 0.2256971 0.625 0.1262002 0.625 0.125 0.5 0.1230732 1 0.125 0.875 0.2215949 0.875 0.1262002 0.375 0.09375154 0.25 0.2203806 0.25 0.125 0.5 0.1262002 0.375 0.2 0.375 0.2256971 0.625 0.2276999 0.5 0.3 0.5 0.5750001 0.75 0.6965883 0.75 0.675 0.875 0.3437515 0.75 0.1965813 0.75 0.2256971 0.625 0.2215949 0.875 0.1965813 0.75 0.3437515 0.75 0.2203806 0.25 0.2062538 0.125 0.3552162 0.125 0.3 0.5 0.271063 0.375 0.35 0.375 0.3463355 0.875 0.3437515 0.75 0.4730733 0.75 0.3552162 0.125 0.478405 0.125 0.4723 0.25 0.4756972 0.875 0.4730733 0.75 0.5750001 0.75 0.4723 0.25 0.478405 0.125 0.578937 0.125 0.4971758 0.3162305 0.4309452 0.4309452 0.4971758 0.1837694 0.4309452 0.4309452 0.3162305 0.4971758 0.1837694 0.4971758 0.4971758 0.1837694 0.1837694 0.4971758 0.002824187 0.1837694 0.1837694 0.4971758 0.04256254 0.3850594 0.002824187 0.1837694 0.002824187 0.1837694 0.1149405 0.0425626 0.3162305 0.002824187 0.4971758 0.1837694 0.3162305 0.002824187 0.4309452 0.06905472 0.002824187 0.1837694 0.3162305 0.002824187 0.4971758 0.1837694 0.65 0.625 0.5737997 0.625 0.5769267 0.5 0.4309452 0.9309452 0.2632461 0.9971758 0.06905478 0.9309452 0.06905478 0.9309452 0.002824187 0.7632462 0.06905472 0.5690548 0.06905472 0.5690548 0.1837694 0.5028242 0.06905478 0.9309452 0.1837694 0.5028242 0.3162305 0.5028242 0.4309452 0.5690547 0.4971758 0.6837694 0.1837694 0.5028242 0.4309452 0.5690547 0.4971758 0.6837694 0.4971758 0.8162305 0.4309452 0.9309452 0.4309452 0.9309452 0.06905478 0.9309452 0.1837694 0.5028242 0.5769267 0.5 0.5703836 0.375 0.65 0.375 0.65 0.625 0.7237998 0.625 0.725 0.75 0.6034169 0.75 0.725 0.75 0.7222225 0.875 0.6033989 1 0.5953359 0.875 0.7222225 0.875 0.65 0.375 0.6033373 0.25 0.7277 0.25 0.725 0.75 0.7237998 0.625 0.8 0.625 0.725 0.75 0.8249999 0.75 0.821063 0.875 0.725 1 0.7222225 0.875 0.821063 0.875 0.7277 0.25 0.825 0.25 0.8 0.375 0.8 0.625 0.7723 0.5 0.85 0.5 0.85 0.5 0.7723 0.5 0.8 0.375 0.925 0.875 0.821063 0.875 0.8249999 0.75 0.825 1 0.821063 0.875 0.925 0.875 0.825 0 0.9222999 0 0.9284049 0.125 0.825 0.25 0.8036645 0.125 0.9284049 0.125 0.925 0.75 1 0.75 1 0.875 1 1 0.9222999 1 0.925 0.875 0.9284049 0.125 0.9222999 0 1 0 0 0.5 0.07499998 0.5 0.04999995 0.625 0 0.375 0 0.25 0.0769267 0.25 0 0.5 0 0.375 0.07106304 0.375 0.1703835 0.375 0.07106304 0.375 0.0769267 0.25 0.07499998 0.5 0.07106304 0.375 0.1703835 0.375 0.2 0.625 0.1769267 0.5 0.275 0.5 0.2 0.625 0.2743028 0.625 0.2796193 0.75 0.275 0.375 0.1703835 0.375 0.1796193 0.25 0.1769267 0.5 0.1703835 0.375 0.275 0.375 0.2743028 0.625 0.275 0.5 0.35 0.5 0.2796193 0.75 0.2743028 0.625 0.3777775 0.625 0.371595 0.875 0.2440154 0.875 0.2796193 0.75 0.275 1 0.2440154 0.875 0.371595 0.875 0.275 0.375 0.2777 0.25 0.375 0.25 0.35 0.5 0.275 0.5 0.275 0.375 0.3777775 0.625 0.4777776 0.625 0.4769268 0.75 0.3777 0.75 0.4769268 0.75 0.471063 0.875 0.3796165 0.375 0.375 0.25 0.475 0.25 0.4243029 0.125 0.3965883 0 0.5 0 0.5 0.5 0.5769267 0.5 0.5737997 0.625 0.4769268 0.75 0.4777776 0.625 0.5737997 0.625 0.5953359 0.875 0.471063 0.875 0.4769268 0.75 0.5 1 0.471063 0.875 0.5953359 0.875 0.5703836 0.375 0.475 0.375 0.475 0.25 0.5 0.5 0.475 0.375 0.5703836 0.375 0.06905478 0.4309452 0.002824187 0.3162305 0.3162305 0.002824187 0.002824187 0.3162305 0.02931642 0.1378836 0.1837694 0.002824187 0.3162305 0.002824187 0.002824187 0.3162305 0.1837694 0.002824187 0.3162305 0.002824187 0.4574374 0.1149406 0.4971758 0.3162305 0.4971758 0.3162305 0.4309452 0.4309452 0.06905478 0.4309452 0.4309452 0.4309452 0.2632461 0.4971758 0.06905478 0.4309452 0.002824187 0.8162305 0.002824187 0.6837695 0.4309452 0.5690547 0.002824187 0.6837695 0.1149406 0.5425626 0.3162305 0.5028242 0.4309452 0.5690547 0.4971758 0.7367539 0.4309452 0.9309452 0.3162305 0.9971758 0.1378836 0.9706836 0.002824187 0.8162305 0.5789371 0.625 0.5723 0.5 0.6730733 0.5 0.65 1 0.5703807 1 0.5562729 0.875 0.6730733 0.5 0.5723 0.5 0.6 0.375 0.7437461 0.125 0.6237997 0.125 0.65 0 0.6237997 0.125 0.7437461 0.125 0.7562587 0.25 0.6784049 0.625 0.6730733 0.5 0.75 0.5 0.6762003 0.375 0.771063 0.375 0.75 0.5 0.7562587 0.25 0.7437461 0.125 0.85 0.125 0.85 0.375 0.771063 0.375 0.7562587 0.25 0.85 0.625 0.825 0.5 0.9 0.5 0.85 0.625 0.9277775 0.625 0.9296193 0.75 0.85 0.875 0.8269267 0.75 0.9296193 0.75 0.9 1 0.8223 1 0.85 0.875 0.85 0.125 0.8223 0 0.9 0 0.9 0.5 0.825 0.5 0.85 0.375 0.9296193 0.75 0.9277775 0.625 1 0.625 1 0.25 0.9034117 0.25 0.9284049 0.125 1 0.375 0.9277775 0.375 0.9034117 0.25 0 0.625 0 0.5 0.07499998 0.5 0 1 0 0.875 0.07222253 0.875 0.07499998 0.5 0 0.5 0 0.375 0.02893698 0.125 0.1502934 0.125 0.1465831 0.25 0.15 0.625 0.07499998 0.625 0.07499998 0.5 0.07499998 0.5 0.07620024 0.375 0.15 0.375 0.125 0.75 0.15 0.625 0.2284049 0.625 0.2 1 0.1722225 0.875 0.2963355 0.875 0.275 0.125 0.1502934 0.125 0.2 0 0.1465831 0.25 0.1502934 0.125 0.275 0.125 0.275 0.125 0.2777001 0 0.3769267 0 0.4203836 0.625 0.3249999 0.625 0.35 0.5 0.325 0.375 0.2975369 0.25 0.4465814 0.25 0.35 0.5 0.325 0.375 0.4203836 0.375 0.5 0.625 0.4203836 0.625 0.4296194 0.5 0.4203836 0.375 0.5215951 0.375 0.5 0.5 0.5 0.625 0.5 0.5 0.5723 0.5 0.4971758 0.3162305 0.4309452 0.4309452 0.4971758 0.1837694 0.4309452 0.4309452 0.3162305 0.4971758 0.1837694 0.4971758 0.4971758 0.1837694 0.1837694 0.4971758 0.002824187 0.1837694 0.1837694 0.4971758 0.04256254 0.3850594 0.002824187 0.1837694 0.002824187 0.1837694 0.1149405 0.04256254 0.3162305 0.002824187 0.4971758 0.1837694 0.3162305 0.002824187 0.4309452 0.06905472 0.002824187 0.1837694 0.3162305 0.002824187 0.4971758 0.1837694 0.4309452 0.9309452 0.263246 0.9971757 0.06905478 0.9309452 0.06905478 0.9309452 0.002824187 0.7632461 0.06905472 0.5690548 0.06905472 0.5690548 0.1837694 0.5028242 0.06905478 0.9309452 0.1837694 0.5028242 0.3162305 0.5028242 0.4309452 0.5690547 0.4971758 0.6837694 0.1837694 0.5028242 0.4309452 0.5690547 0.4971758 0.6837694 0.4971758 0.8162305 0.4309452 0.9309452 0.4309452 0.9309452 0.06905478 0.9309452 0.1837694 0.5028242</float_array>
          <technique_common>
            <accessor source="#tire_row_3_a200-mesh-map-0-array" count="1632" stride="2">
              <param name="S" type="float"/>
              <param name="T" type="float"/>
            </accessor>
          </technique_common>
        </source>
        <vertices id="tire_row_3_a200-mesh-vertices">
          <input semantic="POSITION" source="#tire_row_3_a200-mesh-positions"/>
        </vertices>
        <triangles material="tire_006-material" count="478">
          <input semantic="VERTEX" source="#tire_row_3_a200-mesh-vertices" offset="0"/>
          <input semantic="NORMAL" source="#tire_row_3_a200-mesh-normals" offset="1"/>
          <input semantic="TEXCOORD" source="#tire_row_3_a200-mesh-map-0" offset="2" set="0"/>
          <p>8 0 0 2 0 1 1 0 2 9 1 3 5 1 4 4 1 5 10 2 6 0 2 7 7 2 8 13 3 9 9 3 10 3 3 11 14 4 12 6 4 13 5 4 14 11 5 15 15 5 16 8 5 17 15 6 18 12 6 19 8 6 20 12 7 21 20 7 22 13 7 23 21 8 24 14 8 25 9 8 26 19 9 27 23 9 28 12 9 29 23 10 30 20 10 31 12 10 32 25 11 33 16 11 34 14 11 35 27 12 36 23 12 37 19 12 38 23 13 39 30 13 40 20 13 41 32 14 42 28 14 43 25 14 44 35 15 45 30 15 46 23 15 47 38 16 48 34 16 49 33 16 50 37 17 51 38 17 52 33 17 53 38 18 54 41 18 55 34 18 56 42 19 57 39 19 58 35 19 59 45 20 60 38 20 61 37 20 62 49 21 63 43 21 64 40 21 65 51 22 66 48 22 67 42 22 68 51 23 69 55 23 70 48 23 71 56 24 72 52 24 73 49 24 74 52 25 75 57 25 76 44 25 77 59 26 78 53 26 79 58 26 80 63 27 81 56 27 82 55 27 83 65 28 84 59 28 85 57 28 86 66 29 87 61 29 88 60 29 89 63 30 90 67 30 91 56 30 92 67 31 93 64 31 94 56 31 95 65 32 96 68 32 97 59 32 98 69 33 99 62 33 100 61 33 101 65 34 102 71 34 103 68 34 104 72 35 105 69 35 106 66 35 107 69 36 108 73 36 109 62 36 110 74 37 111 70 37 112 63 37 113 76 38 114 71 38 115 65 38 116 71 39 117 72 39 118 66 39 119 4 40 120 75 40 121 70 40 122 0 41 123 1 41 124 72 41 125 6 42 126 7 42 127 76 42 128 7 43 129 0 43 130 72 43 131 100 48 144 93 48 145 92 48 146 101 49 147 97 49 148 96 49 149 97 50 150 102 50 151 98 50 152 106 51 153 101 51 154 95 51 155 108 52 156 99 52 157 102 52 158 109 53 159 103 53 160 99 53 161 110 54 162 107 54 163 101 54 164 109 55 165 111 55 166 103 55 167 114 56 168 110 56 169 106 56 170 116 57 171 109 57 172 108 57 173 118 58 174 112 58 175 111 58 176 118 59 177 121 59 178 112 59 179 125 60 180 119 60 181 115 60 182 126 61 183 121 61 184 118 61 185 128 62 186 126 62 187 120 62 188 127 63 189 128 63 190 120 63 191 134 64 192 129 64 193 126 64 194 135 65 195 132 65 196 131 65 197 138 66 198 129 66 199 134 66 200 139 67 201 135 67 202 130 67 203 140 68 204 136 68 205 132 68 206 141 69 207 138 69 208 133 69 209 143 70 210 140 70 211 135 70 212 141 71 213 146 71 214 138 71 215 146 72 216 142 72 217 138 72 218 147 73 219 143 73 220 139 73 221 148 74 222 144 74 223 140 74 224 152 75 225 148 75 226 143 75 227 155 76 228 153 76 229 148 76 230 160 77 231 155 77 232 152 77 233 163 78 234 157 78 235 156 78 236 160 79 237 164 79 238 155 79 239 164 80 240 161 80 241 155 80 242 167 81 243 160 81 244 159 81 245 170 82 246 165 82 247 163 82 248 167 83 249 171 83 250 160 83 251 96 84 252 168 84 253 164 84 254 169 85 255 170 85 256 163 85 257 96 86 258 97 86 259 168 86 260 185 90 270 192 90 271 186 90 272 193 91 273 190 91 274 189 91 275 194 92 276 184 92 277 191 92 278 196 93 279 192 93 280 185 93 281 198 94 282 193 94 283 188 94 284 206 95 285 201 95 286 197 95 287 209 96 288 206 96 289 200 96 290 210 97 291 202 97 292 201 97 293 208 98 294 211 98 295 205 98 296 211 99 297 209 99 298 205 99 299 212 100 300 210 100 301 206 100 302 210 101 303 213 101 304 202 101 305 215 102 306 208 102 307 207 102 308 221 103 309 214 103 310 213 103 311 214 104 312 222 104 313 215 104 314 223 105 315 217 105 316 216 105 317 233 106 318 227 106 319 224 106 320 231 107 321 235 107 322 226 107 323 235 108 324 232 108 325 226 108 326 237 109 327 234 109 328 228 109 329 239 110 330 235 110 331 231 110 332 240 111 333 233 111 334 232 111 335 240 112 336 244 112 337 233 112 338 244 113 339 236 113 340 233 113 341 245 114 342 238 114 343 241 114 344 246 115 345 242 115 346 238 115 347 250 116 348 245 116 349 237 116 350 245 117 351 246 117 352 238 117 353 253 118 354 251 118 355 246 118 356 256 119 357 250 119 358 249 119 359 252 120 360 253 120 361 246 120 362 258 121 363 254 121 364 251 121 365 259 122 366 255 122 367 247 122 368 256 123 369 260 123 370 250 123 371 258 124 372 186 124 373 254 124 374 264 125 375 186 125 376 258 125 377 189 126 378 260 126 379 256 126 380 260 127 381 191 127 382 261 127 383 187 128 384 188 128 385 262 128 386 188 129 387 189 129 388 262 129 389 189 130 390 190 130 391 260 130 392 190 131 393 191 131 394 260 131 395 0 136 408 8 136 409 1 136 410 3 137 411 9 137 412 4 137 413 6 138 414 10 138 415 7 138 416 0 139 417 11 139 418 8 139 419 8 140 420 12 140 421 2 140 422 17 141 423 6 141 424 16 141 425 9 142 426 14 142 427 5 142 428 10 143 429 11 143 430 0 143 431 14 144 432 16 144 433 6 144 434 15 145 435 18 145 436 19 145 437 10 146 438 17 146 439 11 146 440 21 147 441 13 147 442 20 147 443 15 148 444 19 148 445 12 148 446 18 149 447 17 149 448 22 149 449 16 150 450 22 150 451 17 150 452 25 151 453 21 151 454 24 151 455 20 152 456 24 152 457 21 152 458 19 153 459 26 153 460 27 153 461 22 154 462 28 154 463 29 154 464 25 155 465 28 155 466 16 155 467 22 156 468 26 156 469 18 156 470 24 157 471 30 157 472 31 157 473 25 158 474 31 158 475 32 158 476 27 159 477 33 159 478 34 159 479 27 160 480 35 160 481 23 160 482 29 161 483 36 161 484 37 161 485 32 162 486 36 162 487 28 162 488 33 163 489 29 163 490 37 163 491 30 164 492 40 164 493 31 164 494 35 165 495 39 165 496 30 165 497 35 166 498 41 166 499 42 166 500 31 167 501 40 167 502 32 167 503 36 168 504 43 168 505 44 168 506 40 169 507 43 169 508 32 169 509 36 170 510 45 170 511 37 170 512 41 171 513 46 171 514 47 171 515 49 172 516 39 172 517 48 172 518 41 173 519 47 173 520 42 173 521 42 174 522 48 174 523 39 174 524 46 175 525 45 175 526 50 175 527 44 176 528 50 176 529 45 176 530 54 177 531 46 177 532 53 177 533 47 178 534 51 178 535 42 178 536 49 179 537 52 179 538 43 179 539 43 180 540 52 180 541 44 180 542 49 181 543 55 181 544 56 181 545 47 182 546 54 182 547 51 182 548 50 183 549 57 183 550 58 183 551 46 184 552 58 184 553 53 184 554 54 185 555 60 185 556 61 185 557 2 186 558 13 186 559 3 186 560 57 187 561 59 187 562 58 187 563 62 188 564 54 188 565 61 188 566 55 189 567 62 189 568 63 189 569 57 190 570 64 190 571 65 190 572 56 191 573 64 191 574 52 191 575 60 192 576 68 192 577 66 192 578 59 193 579 60 193 580 53 193 581 63 194 582 73 194 583 74 194 584 66 195 585 69 195 586 61 195 587 63 196 588 70 196 589 67 196 590 67 197 591 70 197 592 64 197 593 68 198 594 71 198 595 66 198 596 64 199 597 76 199 598 65 199 599 70 200 600 75 200 601 64 200 602 74 201 603 2 201 604 3 201 605 72 202 606 1 202 607 69 202 608 69 203 609 1 203 610 73 203 611 74 204 612 4 204 613 70 204 614 76 205 615 7 205 616 71 205 617 71 206 618 7 206 619 72 206 620 1 207 621 2 207 622 73 207 623 76 208 624 5 208 625 6 208 626 74 209 627 3 209 628 4 209 629 4 210 630 5 210 631 75 210 632 100 216 648 91 216 649 99 216 650 91 218 654 102 218 655 99 218 656 95 219 657 101 219 658 96 219 659 100 220 660 104 220 661 93 220 662 99 221 663 103 221 664 100 221 665 93 222 666 105 222 667 94 222 668 95 223 669 105 223 670 106 223 671 102 224 672 107 224 673 108 224 674 101 225 675 107 225 676 97 225 677 104 226 678 111 226 679 112 226 680 106 227 681 110 227 682 101 227 683 108 228 684 109 228 685 99 228 686 104 229 687 113 229 688 105 229 689 106 230 690 113 230 691 114 230 692 107 231 693 116 231 694 108 231 695 110 232 696 115 232 697 107 232 698 111 233 699 117 233 700 118 233 701 117 234 702 116 234 703 119 234 704 115 235 705 119 235 706 116 235 707 122 236 708 112 236 709 121 236 710 117 237 711 120 237 712 118 237 713 114 238 714 122 238 715 123 238 716 114 239 717 124 239 718 110 239 719 115 240 720 124 240 721 125 240 722 121 241 723 130 241 724 122 241 725 119 242 726 120 242 727 117 242 728 120 243 729 126 243 730 118 243 731 125 244 732 127 244 733 119 244 734 119 245 735 127 245 736 120 245 737 126 246 738 129 246 739 121 246 740 131 247 741 122 247 742 130 247 743 124 248 744 131 248 745 132 248 746 128 249 747 134 249 748 126 249 749 124 250 750 132 250 751 125 250 752 127 251 753 136 251 754 137 251 755 130 252 756 135 252 757 131 252 758 132 253 759 136 253 760 125 253 761 128 254 762 137 254 763 133 254 764 145 255 765 136 255 766 144 255 767 133 256 768 138 256 769 134 256 770 129 257 771 139 257 772 130 257 773 135 258 774 140 258 775 132 258 776 138 259 777 142 259 778 129 259 779 129 260 780 142 260 781 139 260 782 139 261 783 143 261 784 135 261 785 140 262 786 144 262 787 136 262 788 133 263 789 145 263 790 141 263 791 146 264 792 149 264 793 150 264 794 142 265 795 147 265 796 139 265 797 143 266 798 148 266 799 140 266 800 146 267 801 151 267 802 142 267 803 154 268 804 144 268 805 153 268 806 142 269 807 151 269 808 147 269 809 147 270 810 152 270 811 143 270 812 148 271 813 153 271 814 144 271 815 141 272 816 154 272 817 149 272 818 150 273 819 156 273 820 157 273 821 152 274 822 155 274 823 148 274 824 151 275 825 157 275 826 158 275 827 159 276 828 151 276 829 158 276 830 152 277 831 159 277 832 160 277 833 154 278 834 161 278 835 162 278 836 155 279 837 161 279 838 153 279 839 156 280 840 154 280 841 162 280 842 157 281 843 166 281 844 158 281 845 162 282 846 163 282 847 156 282 848 163 283 849 165 283 850 157 283 851 158 284 852 167 284 853 159 284 854 162 285 855 168 285 856 169 285 857 164 286 858 168 286 859 161 286 860 164 287 861 171 287 862 96 287 863 162 288 864 169 288 865 163 288 866 170 289 867 92 289 868 165 289 869 166 290 870 92 290 871 93 290 872 94 291 873 166 291 874 93 291 875 171 292 876 94 292 877 95 292 878 98 293 879 168 293 880 97 293 881 171 294 882 95 294 883 96 294 884 170 295 885 98 295 886 91 295 887 185 301 903 195 301 904 196 301 905 186 302 906 192 302 907 187 302 908 188 303 909 193 303 910 189 303 911 190 304 912 194 304 913 191 304 914 198 305 915 187 305 916 197 305 917 192 306 918 197 306 919 187 306 920 195 307 921 194 307 922 199 307 923 190 308 924 199 308 925 194 308 926 202 309 927 198 309 928 201 309 929 196 310 930 200 310 931 192 310 932 192 311 933 200 311 934 197 311 935 197 312 936 201 312 937 198 312 938 193 313 939 203 313 940 190 313 941 196 314 942 204 314 943 205 314 944 190 315 945 203 315 946 199 315 947 199 316 948 204 316 949 195 316 950 196 317 951 205 317 952 200 317 953 200 318 954 206 318 955 197 318 956 203 319 957 207 319 958 199 319 959 203 320 960 213 320 961 214 320 962 204 321 963 208 321 964 205 321 965 205 322 966 209 322 967 200 322 968 206 323 969 210 323 970 201 323 971 207 324 972 208 324 973 204 324 974 209 325 975 212 325 976 206 325 977 215 326 978 203 326 979 214 326 980 211 327 981 216 327 982 217 327 983 211 328 984 218 328 985 209 328 986 212 329 987 218 329 988 219 329 989 220 330 990 212 330 991 219 330 992 213 331 993 220 331 994 221 331 995 216 332 996 215 332 997 222 332 998 218 333 999 225 333 1000 226 333 1001 219 334 1002 224 334 1003 220 334 1004 220 335 1005 224 335 1006 221 335 1007 222 336 1008 223 336 1009 216 336 1010 223 337 1011 225 337 1012 217 337 1013 228 338 1014 221 338 1015 227 338 1016 218 339 1017 226 339 1018 219 339 1019 224 340 1020 227 340 1021 221 340 1022 229 341 1023 214 341 1024 228 341 1025 225 342 1026 230 342 1027 231 342 1028 222 343 1029 229 343 1030 223 343 1031 224 344 1032 232 344 1033 233 344 1034 225 345 1035 231 345 1036 226 345 1037 226 346 1038 232 346 1039 219 346 1040 230 347 1041 229 347 1042 234 347 1043 228 348 1044 234 348 1045 229 348 1046 227 349 1047 237 349 1048 228 349 1049 233 350 1050 236 350 1051 227 350 1052 239 351 1053 230 351 1054 238 351 1055 230 352 1056 241 352 1057 238 352 1058 235 353 1059 240 353 1060 232 353 1061 237 354 1062 241 354 1063 234 354 1064 235 355 1065 242 355 1066 243 355 1067 238 356 1068 242 356 1069 239 356 1070 244 357 1071 247 357 1072 248 357 1073 235 358 1074 243 358 1075 240 358 1076 237 359 1077 245 359 1078 241 359 1079 243 360 1080 247 360 1081 240 360 1082 249 361 1083 244 361 1084 248 361 1085 237 362 1086 249 362 1087 250 362 1088 249 363 1089 255 363 1090 256 363 1091 246 364 1092 251 364 1093 242 364 1094 242 365 1095 251 365 1096 243 365 1097 250 366 1098 252 366 1099 245 366 1100 245 367 1101 252 367 1102 246 367 1103 251 368 1104 254 368 1105 243 368 1106 243 369 1107 254 369 1108 247 369 1109 247 370 1110 255 370 1111 248 370 1112 258 371 1113 253 371 1114 257 371 1115 252 372 1116 260 372 1117 261 372 1118 254 373 1119 259 373 1120 247 373 1121 253 374 1122 261 374 1123 257 374 1124 264 375 1125 257 375 1126 263 375 1127 254 376 1128 186 376 1129 259 376 1130 259 377 1131 262 377 1132 255 377 1133 255 378 1134 262 378 1135 256 378 1136 261 379 1137 263 379 1138 257 379 1139 186 380 1140 187 380 1141 259 380 1142 259 381 1143 187 381 1144 262 381 1145 262 382 1146 189 382 1147 256 382 1148 264 383 1149 184 383 1150 185 383 1151 264 384 1152 185 384 1153 186 384 1154 191 385 1155 184 385 1156 263 385 1157 17 392 1176 10 392 1177 6 392 1178 15 393 1179 11 393 1180 18 393 1181 21 394 1182 9 394 1183 13 394 1184 18 395 1185 11 395 1186 17 395 1187 25 396 1188 14 396 1189 21 396 1190 19 397 1191 18 397 1192 26 397 1193 22 398 1194 16 398 1195 28 398 1196 22 399 1197 29 399 1198 26 399 1199 24 400 1200 20 400 1201 30 400 1202 25 401 1203 24 401 1204 31 401 1205 27 402 1206 26 402 1207 33 402 1208 27 403 1209 34 403 1210 35 403 1211 29 404 1212 28 404 1213 36 404 1214 33 405 1215 26 405 1216 29 405 1217 30 406 1218 39 406 1219 40 406 1220 35 407 1221 34 407 1222 41 407 1223 36 408 1224 32 408 1225 43 408 1226 36 409 1227 44 409 1228 45 409 1229 41 410 1230 38 410 1231 46 410 1232 49 411 1233 40 411 1234 39 411 1235 46 412 1236 38 412 1237 45 412 1238 54 413 1239 47 413 1240 46 413 1241 49 414 1242 48 414 1243 55 414 1244 50 415 1245 44 415 1246 57 415 1247 46 416 1248 50 416 1249 58 416 1250 54 417 1251 53 417 1252 60 417 1253 2 418 1254 12 418 1255 13 418 1256 62 419 1257 51 419 1258 54 419 1259 55 420 1260 51 420 1261 62 420 1262 57 421 1263 52 421 1264 64 421 1265 60 422 1266 59 422 1267 68 422 1268 63 423 1269 62 423 1270 73 423 1271 64 424 1272 75 424 1273 76 424 1274 74 425 1275 73 425 1276 2 425 1277 76 426 1278 75 426 1279 5 426 1280 100 434 1302 92 434 1303 91 434 1304 91 442 1326 98 442 1327 102 442 1328 100 443 1329 103 443 1330 104 443 1331 93 444 1332 104 444 1333 105 444 1334 95 445 1335 94 445 1336 105 445 1337 102 446 1338 97 446 1339 107 446 1340 104 447 1341 103 447 1342 111 447 1343 104 448 1344 112 448 1345 113 448 1346 106 449 1347 105 449 1348 113 449 1349 107 450 1350 115 450 1351 116 450 1352 111 451 1353 109 451 1354 117 451 1355 117 452 1356 109 452 1357 116 452 1358 122 453 1359 113 453 1360 112 453 1361 114 454 1362 113 454 1363 122 454 1364 114 455 1365 123 455 1366 124 455 1367 115 456 1368 110 456 1369 124 456 1370 121 457 1371 129 457 1372 130 457 1373 131 458 1374 123 458 1375 122 458 1376 124 459 1377 123 459 1378 131 459 1379 128 460 1380 133 460 1381 134 460 1382 127 461 1383 125 461 1384 136 461 1385 128 462 1386 127 462 1387 137 462 1388 145 463 1389 137 463 1390 136 463 1391 133 464 1392 137 464 1393 145 464 1394 146 465 1395 141 465 1396 149 465 1397 146 466 1398 150 466 1399 151 466 1400 154 467 1401 145 467 1402 144 467 1403 141 468 1404 145 468 1405 154 468 1406 150 469 1407 149 469 1408 156 469 1409 151 470 1410 150 470 1411 157 470 1412 159 471 1413 147 471 1414 151 471 1415 152 472 1416 147 472 1417 159 472 1418 154 473 1419 153 473 1420 161 473 1421 156 474 1422 149 474 1423 154 474 1424 157 475 1425 165 475 1426 166 475 1427 158 476 1428 166 476 1429 167 476 1430 162 477 1431 161 477 1432 168 477 1433 164 478 1434 160 478 1435 171 478 1436 170 479 1437 91 479 1438 92 479 1439 166 480 1440 165 480 1441 92 480 1442 94 481 1443 167 481 1444 166 481 1445 171 482 1446 167 482 1447 94 482 1448 98 483 1449 169 483 1450 168 483 1451 170 484 1452 169 484 1453 98 484 1454 185 495 1485 184 495 1486 195 495 1487 198 496 1488 188 496 1489 187 496 1490 195 497 1491 184 497 1492 194 497 1493 202 498 1494 193 498 1495 198 498 1496 193 499 1497 202 499 1498 203 499 1499 196 500 1500 195 500 1501 204 500 1502 199 501 1503 207 501 1504 204 501 1505 203 502 1506 202 502 1507 213 502 1508 215 503 1509 207 503 1510 203 503 1511 211 504 1512 208 504 1513 216 504 1514 211 505 1515 217 505 1516 218 505 1517 212 506 1518 209 506 1519 218 506 1520 220 507 1521 210 507 1522 212 507 1523 213 508 1524 210 508 1525 220 508 1526 216 509 1527 208 509 1528 215 509 1529 218 510 1530 217 510 1531 225 510 1532 228 511 1533 214 511 1534 221 511 1535 229 512 1536 222 512 1537 214 512 1538 225 513 1539 223 513 1540 230 513 1541 224 514 1542 219 514 1543 232 514 1544 230 515 1545 223 515 1546 229 515 1547 227 516 1548 236 516 1549 237 516 1550 239 517 1551 231 517 1552 230 517 1553 230 518 1554 234 518 1555 241 518 1556 235 519 1557 239 519 1558 242 519 1559 244 520 1560 240 520 1561 247 520 1562 249 521 1563 236 521 1564 244 521 1565 237 522 1566 236 522 1567 249 522 1568 249 523 1569 248 523 1570 255 523 1571 258 524 1572 251 524 1573 253 524 1574 252 525 1575 250 525 1576 260 525 1577 253 526 1578 252 526 1579 261 526 1580 264 527 1581 258 527 1582 257 527 1583 261 528 1584 191 528 1585 263 528 1586 264 529 1587 263 529 1588 184 529 1589</p>
        </triangles>
        <triangles material="rim_006-material" count="66">
          <input semantic="VERTEX" source="#tire_row_3_a200-mesh-vertices" offset="0"/>
          <input semantic="NORMAL" source="#tire_row_3_a200-mesh-normals" offset="1"/>
          <input semantic="TEXCOORD" source="#tire_row_3_a200-mesh-map-0" offset="2" set="0"/>
          <p>78 44 132 79 44 133 77 44 134 81 45 135 82 45 136 80 45 137 85 46 138 86 46 139 84 46 140 89 47 141 90 47 142 88 47 143 175 87 261 176 87 262 174 87 263 179 88 264 180 88 265 178 88 266 183 89 267 172 89 268 182 89 269 266 132 396 267 132 397 265 132 398 269 133 399 270 133 400 268 133 401 273 134 402 274 134 403 272 134 404 277 135 405 278 135 406 276 135 407 79 211 633 81 211 634 80 211 635 83 212 636 85 212 637 84 212 638 87 213 639 89 213 640 88 213 641 79 214 642 85 214 643 82 214 644 90 215 645 78 215 646 77 215 647 80 217 651 84 217 652 87 217 653 173 296 888 175 296 889 174 296 890 177 297 891 179 297 892 178 297 893 181 298 894 183 298 895 182 298 896 177 299 897 173 299 898 180 299 899 180 300 900 172 300 901 177 300 902 267 386 1158 269 386 1159 268 386 1160 271 387 1161 273 387 1162 272 387 1163 275 388 1164 277 388 1165 276 388 1166 267 389 1167 273 389 1168 270 389 1169 278 390 1170 266 390 1171 265 390 1172 268 391 1173 272 391 1174 275 391 1175 83 427 1281 82 427 1282 85 427 1283 82 428 1284 81 428 1285 79 428 1286 85 429 1287 79 429 1288 90 429 1289 79 430 1290 78 430 1291 90 430 1292 90 431 1293 89 431 1294 87 431 1295 85 432 1296 87 432 1297 86 432 1298 90 433 1299 87 433 1300 85 433 1301 87 435 1305 88 435 1306 90 435 1307 90 436 1308 77 436 1309 79 436 1310 79 437 1311 80 437 1312 90 437 1313 80 438 1314 82 438 1315 83 438 1316 84 439 1317 80 439 1318 83 439 1319 84 440 1320 86 440 1321 87 440 1322 87 441 1323 90 441 1324 80 441 1325 173 485 1455 172 485 1456 180 485 1457 172 486 1458 183 486 1459 181 486 1460 180 487 1461 172 487 1462 181 487 1463 180 488 1464 179 488 1465 177 488 1466 177 489 1467 176 489 1468 173 489 1469 176 490 1470 175 490 1471 173 490 1472 172 491 1473 173 491 1474 177 491 1475 173 492 1476 174 492 1477 176 492 1478 177 493 1479 178 493 1480 180 493 1481 181 494 1482 182 494 1483 172 494 1484 271 530 1590 270 530 1591 273 530 1592 270 531 1593 269 531 1594 267 531 1595 273 532 1596 267 532 1597 278 532 1598 267 533 1599 266 533 1600 278 533 1601 278 534 1602 277 534 1603 275 534 1604 273 535 1605 275 535 1606 274 535 1607 278 536 1608 275 536 1609 273 536 1610 275 537 1611 276 537 1612 278 537 1613 278 538 1614 265 538 1615 267 538 1616 267 539 1617 268 539 1618 278 539 1619 268 540 1620 270 540 1621 271 540 1622 272 541 1623 268 541 1624 271 541 1625 272 542 1626 274 542 1627 275 542 1628 275 543 1629 278 543 1630 268 543 1631</p>
        </triangles>
      </mesh>
    </geometry>
    <geometry id="Colmesh_t2-1-mesh" name="Colmesh_t2-1">
      <mesh>
        <source id="Colmesh_t2-1-mesh-positions">
          <float_array id="Colmesh_t2-1-mesh-positions-array" count="48">0.738 0.38 0 0.738 0.38 0.24 1.0067 0.2687005 0 1.0067 0.2687005 0.24 1.118 0 0 1.118 0 0.24 1.0067 -0.2687005 0 1.0067 -0.2687005 0.24 0.738 -0.38 0 0.738 -0.38 0.24 0.4692994 -0.2687005 0 0.4692994 -0.2687005 0.24 0.358 0 0 0.358 0 0.24 0.4692994 0.2687005 0 0.4692994 0.2687005 0.24</float_array>
          <technique_common>
            <accessor source="#Colmesh_t2-1-mesh-positions-array" count="16" stride="3">
              <param name="X" type="float"/>
              <param name="Y" type="float"/>
              <param name="Z" type="float"/>
            </accessor>
          </technique_common>
        </source>
        <source id="Colmesh_t2-1-mesh-normals">
          <float_array id="Colmesh_t2-1-mesh-normals-array" count="84">0.3826835 0.9238795 0 0.9238794 0.3826837 0 0.9238794 -0.3826837 0 0.3826835 -0.9238795 0 -0.3826834 -0.9238795 0 -0.9238795 -0.3826834 0 0 0 1 -0.9238795 0.3826834 0 -0.3826834 0.9238795 0 0 0 -1 0.3826835 0.9238795 0 0.9238794 0.3826837 0 0.9238794 -0.3826837 0 0.3826835 -0.9238795 0 -0.3826834 -0.9238795 0 -0.9238795 -0.3826834 0 0 0 1 0 0 1 0 0 1 0 0 1 0 0 1 -0.9238795 0.3826834 0 -0.3826834 0.9238795 0 0 0 -1 0 0 -1 0 0 -1 0 0 -1 0 0 -1</float_array>
          <technique_common>
            <accessor source="#Colmesh_t2-1-mesh-normals-array" count="28" stride="3">
              <param name="X" type="float"/>
              <param name="Y" type="float"/>
              <param name="Z" type="float"/>
            </accessor>
          </technique_common>
        </source>
        <source id="Colmesh_t2-1-mesh-map-0">
          <float_array id="Colmesh_t2-1-mesh-map-0-array" count="168">1 1 0.875 0.5 1 0.5 0.875 1 0.75 0.5 0.875 0.5 0.75 1 0.625 0.5 0.75 0.5 0.625 1 0.5 0.5 0.625 0.5 0.5 1 0.375 0.5 0.5 0.5 0.375 1 0.25 0.5 0.375 0.5 0.25 0.49 0.00999999 0.25 0.25 0.00999999 0.25 1 0.125 0.5 0.25 0.5 0.125 1 0 0.5 0.125 0.5 0.5802944 0.08029437 0.51 0.25 0.5802944 0.4197056 1 1 0.875 1 0.875 0.5 0.875 1 0.75 1 0.75 0.5 0.75 1 0.625 1 0.625 0.5 0.625 1 0.5 1 0.5 0.5 0.5 1 0.375 1 0.375 0.5 0.375 1 0.25 1 0.25 0.5 0.49 0.25 0.4197056 0.4197056 0.25 0.49 0.25 0.49 0.08029437 0.4197056 0.00999999 0.25 0.00999999 0.25 0.08029437 0.08029437 0.25 0.00999999 0.25 0.00999999 0.4197056 0.08029437 0.49 0.25 0.49 0.25 0.25 0.49 0.25 0.00999999 0.25 1 0.125 1 0.125 0.5 0.125 1 0 1 0 0.5 0.5802944 0.4197056 0.75 0.49 0.9197056 0.08029437 0.75 0.49 0.9197056 0.4197056 0.9197056 0.08029437 0.9197056 0.4197056 0.99 0.25 0.9197056 0.08029437 0.9197056 0.08029437 0.75 0.00999999 0.5802944 0.4197056 0.75 0.00999999 0.5802944 0.08029437 0.5802944 0.4197056</float_array>
          <technique_common>
            <accessor source="#Colmesh_t2-1-mesh-map-0-array" count="84" stride="2">
              <param name="S" type="float"/>
              <param name="T" type="float"/>
            </accessor>
          </technique_common>
        </source>
        <vertices id="Colmesh_t2-1-mesh-vertices">
          <input semantic="POSITION" source="#Colmesh_t2-1-mesh-positions"/>
        </vertices>
        <triangles material="Colmesh_Material-material" count="28">
          <input semantic="VERTEX" source="#Colmesh_t2-1-mesh-vertices" offset="0"/>
          <input semantic="NORMAL" source="#Colmesh_t2-1-mesh-normals" offset="1"/>
          <input semantic="TEXCOORD" source="#Colmesh_t2-1-mesh-map-0" offset="2" set="0"/>
          <p>1 0 0 2 0 1 0 0 2 3 1 3 4 1 4 2 1 5 5 2 6 6 2 7 4 2 8 7 3 9 8 3 10 6 3 11 9 4 12 10 4 13 8 4 14 11 5 15 12 5 16 10 5 17 1 6 18 13 6 19 9 6 20 13 7 21 14 7 22 12 7 23 15 8 24 0 8 25 14 8 26 10 9 27 12 9 28 14 9 29 1 10 30 3 10 31 2 10 32 3 11 33 5 11 34 4 11 35 5 12 36 7 12 37 6 12 38 7 13 39 9 13 40 8 13 41 9 14 42 11 14 43 10 14 44 11 15 45 13 15 46 12 15 47 5 16 48 3 16 49 1 16 50 1 17 51 15 17 52 13 17 53 13 18 54 11 18 55 9 18 56 9 19 57 7 19 58 5 19 59 5 20 60 1 20 61 9 20 62 13 21 63 15 21 64 14 21 65 15 22 66 1 22 67 0 22 68 14 23 69 0 23 70 6 23 71 0 24 72 2 24 73 6 24 74 2 25 75 4 25 76 6 25 77 6 26 78 8 26 79 14 26 80 8 27 81 10 27 82 14 27 83</p>
        </triangles>
      </mesh>
    </geometry>
    <geometry id="Colmesh_t1-1-mesh" name="Colmesh_t1-1">
      <mesh>
        <source id="Colmesh_t1-1-mesh-positions">
          <float_array id="Colmesh_t1-1-mesh-positions-array" count="48">0 0.38 0 0 0.38 0.24 0.2687005 0.2687005 0 0.2687005 0.2687005 0.24 0.38 0 0 0.38 0 0.24 0.2687005 -0.2687005 0 0.2687005 -0.2687005 0.24 0 -0.38 0 0 -0.38 0.24 -0.2687005 -0.2687005 0 -0.2687005 -0.2687005 0.24 -0.38 0 0 -0.38 0 0.24 -0.2687005 0.2687005 0 -0.2687005 0.2687005 0.24</float_array>
          <technique_common>
            <accessor source="#Colmesh_t1-1-mesh-positions-array" count="16" stride="3">
              <param name="X" type="float"/>
              <param name="Y" type="float"/>
              <param name="Z" type="float"/>
            </accessor>
          </technique_common>
        </source>
        <source id="Colmesh_t1-1-mesh-normals">
          <float_array id="Colmesh_t1-1-mesh-normals-array" count="84">0.3826834 0.9238795 0 0.9238795 0.3826834 0 0.9238795 -0.3826834 0 0.3826834 -0.9238795 0 -0.3826834 -0.9238795 0 -0.9238795 -0.3826834 0 0 0 1 -0.9238795 0.3826834 0 -0.3826834 0.9238795 0 0 0 -1 0.3826834 0.9238795 0 0.9238795 0.3826834 0 0.9238795 -0.3826834 0 0.3826834 -0.9238795 0 -0.3826834 -0.9238795 0 -0.9238795 -0.3826834 0 0 0 1 0 0 1 0 0 1 0 0 1 0 0 1 -0.9238795 0.3826834 0 -0.3826834 0.9238795 0 0 0 -1 0 0 -1 0 0 -1 0 0 -1 0 0 -1</float_array>
          <technique_common>
            <accessor source="#Colmesh_t1-1-mesh-normals-array" count="28" stride="3">
              <param name="X" type="float"/>
              <param name="Y" type="float"/>
              <param name="Z" type="float"/>
            </accessor>
          </technique_common>
        </source>
        <source id="Colmesh_t1-1-mesh-map-0">
          <float_array id="Colmesh_t1-1-mesh-map-0-array" count="168">1 1 0.875 0.5 1 0.5 0.875 1 0.75 0.5 0.875 0.5 0.75 1 0.625 0.5 0.75 0.5 0.625 1 0.5 0.5 0.625 0.5 0.5 1 0.375 0.5 0.5 0.5 0.375 1 0.25 0.5 0.375 0.5 0.4197056 0.08029437 0.49 0.25 0.00999999 0.25 0.25 1 0.125 0.5 0.25 0.5 0.125 1 0 0.5 0.125 0.5 0.51 0.25 0.5802944 0.4197056 0.9197056 0.08029437 1 1 0.875 1 0.875 0.5 0.875 1 0.75 1 0.75 0.5 0.75 1 0.625 1 0.625 0.5 0.625 1 0.5 1 0.5 0.5 0.5 1 0.375 1 0.375 0.5 0.375 1 0.25 1 0.25 0.5 0.49 0.25 0.4197056 0.4197056 0.25 0.49 0.25 0.49 0.08029437 0.4197056 0.49 0.25 0.08029437 0.4197056 0.00999999 0.25 0.49 0.25 0.00999999 0.25 0.08029437 0.08029437 0.25 0.00999999 0.25 0.00999999 0.4197056 0.08029437 0.00999999 0.25 0.25 1 0.125 1 0.125 0.5 0.125 1 0 1 0 0.5 0.5802944 0.4197056 0.75 0.49 0.9197056 0.4197056 0.9197056 0.4197056 0.99 0.25 0.5802944 0.4197056 0.99 0.25 0.9197056 0.08029437 0.5802944 0.4197056 0.9197056 0.08029437 0.75 0.00999999 0.5802944 0.08029437 0.5802944 0.08029437 0.51 0.25 0.9197056 0.08029437</float_array>
          <technique_common>
            <accessor source="#Colmesh_t1-1-mesh-map-0-array" count="84" stride="2">
              <param name="S" type="float"/>
              <param name="T" type="float"/>
            </accessor>
          </technique_common>
        </source>
        <vertices id="Colmesh_t1-1-mesh-vertices">
          <input semantic="POSITION" source="#Colmesh_t1-1-mesh-positions"/>
        </vertices>
        <triangles material="Colmesh_Material-material" count="28">
          <input semantic="VERTEX" source="#Colmesh_t1-1-mesh-vertices" offset="0"/>
          <input semantic="NORMAL" source="#Colmesh_t1-1-mesh-normals" offset="1"/>
          <input semantic="TEXCOORD" source="#Colmesh_t1-1-mesh-map-0" offset="2" set="0"/>
          <p>1 0 0 2 0 1 0 0 2 3 1 3 4 1 4 2 1 5 5 2 6 6 2 7 4 2 8 7 3 9 8 3 10 6 3 11 9 4 12 10 4 13 8 4 14 11 5 15 12 5 16 10 5 17 7 6 18 5 6 19 13 6 20 13 7 21 14 7 22 12 7 23 15 8 24 0 8 25 14 8 26 12 9 27 14 9 28 6 9 29 1 10 30 3 10 31 2 10 32 3 11 33 5 11 34 4 11 35 5 12 36 7 12 37 6 12 38 7 13 39 9 13 40 8 13 41 9 14 42 11 14 43 10 14 44 11 15 45 13 15 46 12 15 47 5 16 48 3 16 49 1 16 50 1 17 51 15 17 52 5 17 53 15 18 54 13 18 55 5 18 56 13 19 57 11 19 58 9 19 59 9 20 60 7 20 61 13 20 62 13 21 63 15 21 64 14 21 65 15 22 66 1 22 67 0 22 68 14 23 69 0 23 70 2 23 71 2 24 72 4 24 73 14 24 74 4 25 75 6 25 76 14 25 77 6 26 78 8 26 79 10 26 80 10 27 81 12 27 82 6 27 83</p>
        </triangles>
      </mesh>
    </geometry>
    <geometry id="Colmesh_t0-1-mesh" name="Colmesh_t0-1">
      <mesh>
        <source id="Colmesh_t0-1-mesh-positions">
          <float_array id="Colmesh_t0-1-mesh-positions-array" count="48">-0.738 0.38 0 -0.738 0.38 0.24 -0.4692994 0.2687005 0 -0.4692994 0.2687005 0.24 -0.358 0 0 -0.358 0 0.24 -0.4692994 -0.2687005 0 -0.4692994 -0.2687005 0.24 -0.738 -0.38 0 -0.738 -0.38 0.24 -1.0067 -0.2687005 0 -1.0067 -0.2687005 0.24 -1.118 0 0 -1.118 0 0.24 -1.0067 0.2687005 0 -1.0067 0.2687005 0.24</float_array>
          <technique_common>
            <accessor source="#Colmesh_t0-1-mesh-positions-array" count="16" stride="3">
              <param name="X" type="float"/>
              <param name="Y" type="float"/>
              <param name="Z" type="float"/>
            </accessor>
          </technique_common>
        </source>
        <source id="Colmesh_t0-1-mesh-normals">
          <float_array id="Colmesh_t0-1-mesh-normals-array" count="84">0.3826834 0.9238795 0 0.9238795 0.3826834 0 0.9238795 -0.3826834 0 0.3826834 -0.9238795 0 -0.3826835 -0.9238795 0 -0.9238794 -0.3826837 0 0 0 1 -0.9238794 0.3826837 0 -0.3826835 0.9238795 0 0 0 -1 0.3826834 0.9238795 0 0.9238795 0.3826834 0 0.9238795 -0.3826834 0 0.3826834 -0.9238795 0 -0.3826835 -0.9238795 0 -0.9238794 -0.3826837 0 0 0 1 0 0 1 0 0 1 0 0 1 0 0 1 -0.9238794 0.3826837 0 -0.3826835 0.9238795 0 0 0 -1 0 0 -1 0 0 -1 0 0 -1 0 0 -1</float_array>
          <technique_common>
            <accessor source="#Colmesh_t0-1-mesh-normals-array" count="28" stride="3">
              <param name="X" type="float"/>
              <param name="Y" type="float"/>
              <param name="Z" type="float"/>
            </accessor>
          </technique_common>
        </source>
        <source id="Colmesh_t0-1-mesh-map-0">
          <float_array id="Colmesh_t0-1-mesh-map-0-array" count="168">1 1 0.875 0.5 1 0.5 0.875 1 0.75 0.5 0.875 0.5 0.75 1 0.625 0.5 0.75 0.5 0.625 1 0.5 0.5 0.625 0.5 0.5 1 0.375 0.5 0.5 0.5 0.375 1 0.25 0.5 0.375 0.5 0.25 0.49 0.00999999 0.25 0.25 0.00999999 0.25 1 0.125 0.5 0.25 0.5 0.125 1 0 0.5 0.125 0.5 0.5802944 0.08029437 0.51 0.25 0.5802944 0.4197056 1 1 0.875 1 0.875 0.5 0.875 1 0.75 1 0.75 0.5 0.75 1 0.625 1 0.625 0.5 0.625 1 0.5 1 0.5 0.5 0.5 1 0.375 1 0.375 0.5 0.375 1 0.25 1 0.25 0.5 0.49 0.25 0.4197056 0.4197056 0.25 0.49 0.25 0.49 0.08029437 0.4197056 0.00999999 0.25 0.00999999 0.25 0.08029437 0.08029437 0.25 0.00999999 0.25 0.00999999 0.4197056 0.08029437 0.49 0.25 0.49 0.25 0.25 0.49 0.25 0.00999999 0.25 1 0.125 1 0.125 0.5 0.125 1 0 1 0 0.5 0.5802944 0.4197056 0.75 0.49 0.9197056 0.08029437 0.75 0.49 0.9197056 0.4197056 0.9197056 0.08029437 0.9197056 0.4197056 0.99 0.25 0.9197056 0.08029437 0.9197056 0.08029437 0.75 0.00999999 0.5802944 0.4197056 0.75 0.00999999 0.5802944 0.08029437 0.5802944 0.4197056</float_array>
          <technique_common>
            <accessor source="#Colmesh_t0-1-mesh-map-0-array" count="84" stride="2">
              <param name="S" type="float"/>
              <param name="T" type="float"/>
            </accessor>
          </technique_common>
        </source>
        <vertices id="Colmesh_t0-1-mesh-vertices">
          <input semantic="POSITION" source="#Colmesh_t0-1-mesh-positions"/>
        </vertices>
        <triangles material="Colmesh_Material-material" count="28">
          <input semantic="VERTEX" source="#Colmesh_t0-1-mesh-vertices" offset="0"/>
          <input semantic="NORMAL" source="#Colmesh_t0-1-mesh-normals" offset="1"/>
          <input semantic="TEXCOORD" source="#Colmesh_t0-1-mesh-map-0" offset="2" set="0"/>
          <p>1 0 0 2 0 1 0 0 2 3 1 3 4 1 4 2 1 5 5 2 6 6 2 7 4 2 8 7 3 9 8 3 10 6 3 11 9 4 12 10 4 13 8 4 14 11 5 15 12 5 16 10 5 17 1 6 18 13 6 19 9 6 20 13 7 21 14 7 22 12 7 23 15 8 24 0 8 25 14 8 26 10 9 27 12 9 28 14 9 29 1 10 30 3 10 31 2 10 32 3 11 33 5 11 34 4 11 35 5 12 36 7 12 37 6 12 38 7 13 39 9 13 40 8 13 41 9 14 42 11 14 43 10 14 44 11 15 45 13 15 46 12 15 47 5 16 48 3 16 49 1 16 50 1 17 51 15 17 52 13 17 53 13 18 54 11 18 55 9 18 56 9 19 57 7 19 58 5 19 59 5 20 60 1 20 61 9 20 62 13 21 63 15 21 64 14 21 65 15 22 66 1 22 67 0 22 68 14 23 69 0 23 70 6 23 71 0 24 72 2 24 73 6 24 74 2 25 75 4 25 76 6 25 77 6 26 78 8 26 79 14 26 80 8 27 81 10 27 82 14 27 83</p>
        </triangles>
      </mesh>
    </geometry>
    <geometry id="tire_row_3_a800-mesh" name="tire_row_3_a800">
      <mesh>
        <source id="tire_row_3_a800-mesh-positions">
          <float_array id="tire_row_3_a800-mesh-positions-array" count="1656">-0.358 0 0.12 -0.3814314 0 0.1963675 -0.438 0 0.228 -0.4945685 0 0.1963675 -0.518 0 0.12 -0.4945685 0 0.04363244 -0.438 0 0.01199996 -0.3814314 0 0.04363244 -0.3765985 0.1174264 0.12 -0.3988831 0.1101857 0.1963675 -0.452683 0.09270507 0.228 -0.5064829 0.07522439 0.1963675 -0.5287675 0.06798368 0.12 -0.5064829 0.07522439 0.04363244 -0.452683 0.09270507 0.01199996 -0.3988831 0.1101857 0.04363244 -0.4305735 0.2233583 0.12 -0.44953 0.2095857 0.1963675 -0.4952949 0.1763355 0.228 -0.5410598 0.1430854 0.1963675 -0.5600162 0.1293128 0.12 -0.5410598 0.1430854 0.04363244 -0.4952949 0.1763355 0.01199996 -0.44953 0.2095857 0.04363244 -0.5146417 0.3074265 0.12 -0.5284143 0.28847 0.1963675 -0.5616645 0.2427051 0.228 -0.5949146 0.1969402 0.1963675 -0.6086872 0.1779837 0.12 -0.5949146 0.1969402 0.04363244 -0.5616645 0.2427051 0.01199996 -0.5284143 0.28847 0.04363244 -0.6205735 0.3614014 0.12 -0.6278142 0.3391168 0.1963675 -0.6452948 0.285317 0.228 -0.6627755 0.231517 0.1963675 -0.6700162 0.2092324 0.12 -0.6627755 0.231517 0.04363244 -0.6452948 0.285317 0.01199996 -0.6278142 0.3391168 0.04363244 -0.738 0.38 0.12 -0.738 0.3565685 0.1963675 -0.738 0.3 0.228 -0.738 0.2434315 0.1963675 -0.738 0.22 0.12 -0.738 0.2434315 0.04363244 -0.738 0.3 0.01199996 -0.738 0.3565685 0.04363244 -0.8554264 0.3614014 0.12 -0.8481857 0.3391168 0.1963675 -0.8307051 0.285317 0.228 -0.8132244 0.231517 0.1963675 -0.8059837 0.2092324 0.12 -0.8132244 0.231517 0.04363244 -0.8307051 0.285317 0.01199996 -0.8481857 0.3391168 0.04363244 -0.9613584 0.3074264 0.12 -0.9475858 0.28847 0.1963675 -0.9143356 0.2427051 0.228 -0.8810855 0.1969401 0.1963675 -0.8673128 0.1779837 0.12 -0.8810855 0.1969401 0.04363244 -0.9143356 0.2427051 0.01199996 -0.9475858 0.28847 0.04363244 -1.045426 0.2233583 0.12 -1.02647 0.2095856 0.1963675 -0.9807052 0.1763355 0.228 -0.9349402 0.1430853 0.1963675 -0.9159838 0.1293127 0.12 -0.9349402 0.1430853 0.04363244 -0.9807052 0.1763355 0.01199996 -1.02647 0.2095856 0.04363244 -1.099401 0.1174265 0.12 -1.077117 0.1101858 0.1963675 -1.023317 0.09270507 0.228 -0.9695171 0.07522445 0.1963675 -0.9472324 0.06798374 0.12 -0.9695171 0.07522445 0.04363244 -1.023317 0.09270507 0.01199996 -1.077117 0.1101858 0.04363244 -1.118 0 0.12 -1.094568 0 0.1963675 -1.038 0 0.228 -0.9814314 0 0.1963675 -0.958 0 0.12 -0.9814314 0 0.04363244 -1.038 0 0.01199996 -1.094568 0 0.04363244 -1.099401 -0.1174263 0.12 -1.077117 -0.1101856 0.1963675 -1.023317 -0.09270495 0.228 -0.9695171 -0.07522433 0.1963675 -0.9472325 -0.06798362 0.12 -0.9695171 -0.07522433 0.04363244 -1.023317 -0.09270495 0.01199996 -1.077117 -0.1101856 0.04363244 -1.045426 -0.2233583 0.12 -1.02647 -0.2095856 0.1963675 -0.9807052 -0.1763355 0.228 -0.9349402 -0.1430853 0.1963675 -0.9159838 -0.1293127 0.12 -0.9349402 -0.1430853 0.04363244 -0.9807052 -0.1763355 0.01199996 -1.02647 -0.2095856 0.04363244 -0.9613584 -0.3074264 0.12 -0.9475858 -0.28847 0.1963675 -0.9143356 -0.2427051 0.228 -0.8810855 -0.1969401 0.1963675 -0.8673128 -0.1779837 0.12 -0.8810855 -0.1969401 0.04363244 -0.9143356 -0.2427051 0.01199996 -0.9475858 -0.28847 0.04363244 -0.8554264 -0.3614014 0.12 -0.8481857 -0.3391168 0.1963675 -0.8307051 -0.285317 0.228 -0.8132244 -0.231517 0.1963675 -0.8059837 -0.2092324 0.12 -0.8132244 -0.231517 0.04363244 -0.8307051 -0.285317 0.01199996 -0.8481857 -0.3391168 0.04363244 -0.738 -0.38 0.12 -0.738 -0.3565685 0.1963675 -0.738 -0.3 0.228 -0.738 -0.2434315 0.1963675 -0.738 -0.22 0.12 -0.738 -0.2434315 0.04363244 -0.738 -0.3 0.01199996 -0.738 -0.3565685 0.04363244 -0.6205735 -0.3614014 0.12 -0.6278142 -0.3391168 0.1963675 -0.6452948 -0.285317 0.228 -0.6627755 -0.231517 0.1963675 -0.6700162 -0.2092324 0.12 -0.6627755 -0.231517 0.04363244 -0.6452948 -0.285317 0.01199996 -0.6278142 -0.3391168 0.04363244 -0.5146418 -0.3074266 0.12 -0.5284144 -0.2884702 0.1963675 -0.5616645 -0.2427052 0.228 -0.5949147 -0.1969403 0.1963675 -0.6086873 -0.1779838 0.12 -0.5949147 -0.1969403 0.04363244 -0.5616645 -0.2427052 0.01199996 -0.5284144 -0.2884702 0.04363244 -0.4305737 -0.2233585 0.12 -0.4495301 -0.2095859 0.1963675 -0.4952949 -0.1763357 0.228 -0.5410599 -0.1430855 0.1963675 -0.5600163 -0.1293128 0.12 -0.5410599 -0.1430855 0.04363244 -0.4952949 -0.1763357 0.01199996 -0.4495301 -0.2095859 0.04363244 -0.3765985 -0.1174266 0.12 -0.3988832 -0.1101858 0.1963675 -0.452683 -0.09270519 0.228 -0.5064829 -0.07522451 0.1963675 -0.5287676 -0.0679838 0.12 -0.5064829 -0.07522451 0.04363244 -0.452683 -0.09270519 0.01199996 -0.3988832 -0.1101858 0.04363244 -0.738 0.22 0.09999996 -0.738 0.22 0.14 -0.628 0.1905255 0.09999996 -0.628 0.1905255 0.14 -0.5474744 0.11 0.09999996 -0.5474744 0.11 0.14 -0.518 0 0.09999996 -0.518 0 0.14 -0.5474744 -0.11 0.09999996 -0.5474744 -0.11 0.14 -0.628 -0.1905255 0.09999996 -0.628 -0.1905255 0.14 -0.738 -0.22 0.09999996 -0.738 -0.22 0.14 -0.848 -0.1905255 0.09999996 -0.848 -0.1905255 0.14 -0.9285256 -0.11 0.09999996 -0.9285256 -0.11 0.14 -0.958 0 0.09999996 -0.958 0 0.14 -0.9285256 0.11 0.09999996 -0.9285256 0.11 0.14 -0.848 0.1905255 0.09999996 -0.848 0.1905255 0.14 0.38 0 0.12 0.3565685 0 0.1963675 0.3 0 0.228 0.2434315 0 0.1963675 0.22 0 0.12 0.2434315 0 0.04363244 0.3 0 0.01199996 0.3565685 0 0.04363244 0.3614014 0.1174264 0.12 0.3391168 0.1101857 0.1963675 0.285317 0.09270507 0.228 0.2315171 0.07522439 0.1963675 0.2092324 0.06798368 0.12 0.2315171 0.07522439 0.04363244 0.285317 0.09270507 0.01199996 0.3391168 0.1101857 0.04363244 0.3074265 0.2233583 0.12 0.28847 0.2095857 0.1963675 0.2427051 0.1763355 0.228 0.1969402 0.1430854 0.1963675 0.1779837 0.1293128 0.12 0.1969402 0.1430854 0.04363244 0.2427051 0.1763355 0.01199996 0.28847 0.2095857 0.04363244 0.2233583 0.3074265 0.12 0.2095857 0.28847 0.1963675 0.1763355 0.2427051 0.228 0.1430854 0.1969402 0.1963675 0.1293127 0.1779837 0.12 0.1430854 0.1969402 0.04363244 0.1763355 0.2427051 0.01199996 0.2095857 0.28847 0.04363244 0.1174265 0.3614014 0.12 0.1101858 0.3391168 0.1963675 0.09270513 0.285317 0.228 0.07522445 0.231517 0.1963675 0.06798374 0.2092324 0.12 0.07522445 0.231517 0.04363244 0.09270513 0.285317 0.01199996 0.1101858 0.3391168 0.04363244 0 0.38 0.12 0 0.3565685 0.1963675 0 0.3 0.228 0 0.2434315 0.1963675 0 0.22 0.12 0 0.2434315 0.04363244 0 0.3 0.01199996 0 0.3565685 0.04363244 -0.1174265 0.3614014 0.12 -0.1101858 0.3391168 0.1963675 -0.09270507 0.285317 0.228 -0.07522445 0.231517 0.1963675 -0.06798374 0.2092324 0.12 -0.07522445 0.231517 0.04363244 -0.09270507 0.285317 0.01199996 -0.1101858 0.3391168 0.04363244 -0.2233584 0.3074264 0.12 -0.2095857 0.28847 0.1963675 -0.1763356 0.2427051 0.228 -0.1430854 0.1969401 0.1963675 -0.1293128 0.1779837 0.12 -0.1430854 0.1969401 0.04363244 -0.1763356 0.2427051 0.01199996 -0.2095857 0.28847 0.04363244 -0.3074265 0.2233583 0.12 -0.2884701 0.2095856 0.1963675 -0.2427051 0.1763355 0.228 -0.1969402 0.1430853 0.1963675 -0.1779838 0.1293127 0.12 -0.1969402 0.1430853 0.04363244 -0.2427051 0.1763355 0.01199996 -0.2884701 0.2095856 0.04363244 -0.3614014 0.1174265 0.12 -0.3391168 0.1101858 0.1963675 -0.285317 0.09270507 0.228 -0.231517 0.07522445 0.1963675 -0.2092324 0.06798374 0.12 -0.231517 0.07522445 0.04363244 -0.285317 0.09270507 0.01199996 -0.3391168 0.1101858 0.04363244 -0.38 0 0.12 -0.3565685 0 0.1963675 -0.3 0 0.228 -0.2434315 0 0.1963675 -0.22 0 0.12 -0.2434315 0 0.04363244 -0.3 0 0.01199996 -0.3565685 0 0.04363244 -0.3614015 -0.1174263 0.12 -0.3391169 -0.1101856 0.1963675 -0.285317 -0.09270495 0.228 -0.2315171 -0.07522433 0.1963675 -0.2092325 -0.06798362 0.12 -0.2315171 -0.07522433 0.04363244 -0.285317 -0.09270495 0.01199996 -0.3391169 -0.1101856 0.04363244 -0.3074265 -0.2233583 0.12 -0.2884701 -0.2095856 0.1963675 -0.2427051 -0.1763355 0.228 -0.1969402 -0.1430853 0.1963675 -0.1779838 -0.1293127 0.12 -0.1969402 -0.1430853 0.04363244 -0.2427051 -0.1763355 0.01199996 -0.2884701 -0.2095856 0.04363244 -0.2233584 -0.3074264 0.12 -0.2095857 -0.28847 0.1963675 -0.1763356 -0.2427051 0.228 -0.1430854 -0.1969401 0.1963675 -0.1293128 -0.1779837 0.12 -0.1430854 -0.1969401 0.04363244 -0.1763356 -0.2427051 0.01199996 -0.2095857 -0.28847 0.04363244 -0.1174265 -0.3614014 0.12 -0.1101858 -0.3391168 0.1963675 -0.09270507 -0.285317 0.228 -0.07522445 -0.231517 0.1963675 -0.06798374 -0.2092324 0.12 -0.07522445 -0.231517 0.04363244 -0.09270507 -0.285317 0.01199996 -0.1101858 -0.3391168 0.04363244 0 -0.38 0.12 0 -0.3565685 0.1963675 0 -0.3 0.228 0 -0.2434315 0.1963675 0 -0.22 0.12 0 -0.2434315 0.04363244 0 -0.3 0.01199996 0 -0.3565685 0.04363244 0.1174265 -0.3614014 0.12 0.1101858 -0.3391168 0.1963675 0.09270513 -0.285317 0.228 0.07522445 -0.231517 0.1963675 0.06798374 -0.2092324 0.12 0.07522445 -0.231517 0.04363244 0.09270513 -0.285317 0.01199996 0.1101858 -0.3391168 0.04363244 0.2233582 -0.3074266 0.12 0.2095856 -0.2884702 0.1963675 0.1763354 -0.2427052 0.228 0.1430853 -0.1969403 0.1963675 0.1293126 -0.1779838 0.12 0.1430853 -0.1969403 0.04363244 0.1763354 -0.2427052 0.01199996 0.2095856 -0.2884702 0.04363244 0.3074263 -0.2233585 0.12 0.2884699 -0.2095859 0.1963675 0.242705 -0.1763357 0.228 0.1969401 -0.1430855 0.1963675 0.1779837 -0.1293128 0.12 0.1969401 -0.1430855 0.04363244 0.242705 -0.1763357 0.01199996 0.2884699 -0.2095859 0.04363244 0.3614014 -0.1174266 0.12 0.3391168 -0.1101858 0.1963675 0.285317 -0.09270519 0.228 0.231517 -0.07522451 0.1963675 0.2092324 -0.0679838 0.12 0.231517 -0.07522451 0.04363244 0.285317 -0.09270519 0.01199996 0.3391168 -0.1101858 0.04363244 0 0.22 0.09999996 0 0.22 0.14 0.11 0.1905255 0.09999996 0.11 0.1905255 0.14 0.1905255 0.11 0.09999996 0.1905255 0.11 0.14 0.22 0 0.09999996 0.22 0 0.14 0.1905255 -0.11 0.09999996 0.1905255 -0.11 0.14 0.11 -0.1905255 0.09999996 0.11 -0.1905255 0.14 0 -0.22 0.09999996 0 -0.22 0.14 -0.11 -0.1905255 0.09999996 -0.11 -0.1905255 0.14 -0.1905255 -0.11 0.09999996 -0.1905255 -0.11 0.14 -0.22 0 0.09999996 -0.22 0 0.14 -0.1905255 0.11 0.09999996 -0.1905255 0.11 0.14 -0.11 0.1905255 0.09999996 -0.11 0.1905255 0.14 1.118 0 0.12 1.094568 0 0.1963675 1.038 0 0.228 0.9814314 0 0.1963675 0.958 0 0.12 0.9814314 0 0.04363244 1.038 0 0.01199996 1.094568 0 0.04363244 1.099401 0.1174264 0.12 1.077117 0.1101857 0.1963675 1.023317 0.09270507 0.228 0.9695171 0.07522439 0.1963675 0.9472324 0.06798368 0.12 0.9695171 0.07522439 0.04363244 1.023317 0.09270507 0.01199996 1.077117 0.1101857 0.04363244 1.045426 0.2233583 0.12 1.02647 0.2095857 0.1963675 0.9807051 0.1763355 0.228 0.9349402 0.1430854 0.1963675 0.9159837 0.1293128 0.12 0.9349402 0.1430854 0.04363244 0.9807051 0.1763355 0.01199996 1.02647 0.2095857 0.04363244 0.9613583 0.3074265 0.12 0.9475857 0.28847 0.1963675 0.9143355 0.2427051 0.228 0.8810854 0.1969402 0.1963675 0.8673127 0.1779837 0.12 0.8810854 0.1969402 0.04363244 0.9143355 0.2427051 0.01199996 0.9475857 0.28847 0.04363244 0.8554265 0.3614014 0.12 0.8481858 0.3391168 0.1963675 0.8307052 0.285317 0.228 0.8132245 0.231517 0.1963675 0.8059838 0.2092324 0.12 0.8132245 0.231517 0.04363244 0.8307052 0.285317 0.01199996 0.8481858 0.3391168 0.04363244 0.738 0.38 0.12 0.738 0.3565685 0.1963675 0.738 0.3 0.228 0.738 0.2434315 0.1963675 0.738 0.22 0.12 0.738 0.2434315 0.04363244 0.738 0.3 0.01199996 0.738 0.3565685 0.04363244 0.6205735 0.3614014 0.12 0.6278142 0.3391168 0.1963675 0.6452949 0.285317 0.228 0.6627755 0.231517 0.1963675 0.6700162 0.2092324 0.12 0.6627755 0.231517 0.04363244 0.6452949 0.285317 0.01199996 0.6278142 0.3391168 0.04363244 0.5146415 0.3074264 0.12 0.5284142 0.28847 0.1963675 0.5616644 0.2427051 0.228 0.5949145 0.1969401 0.1963675 0.6086872 0.1779837 0.12 0.5949145 0.1969401 0.04363244 0.5616644 0.2427051 0.01199996 0.5284142 0.28847 0.04363244 0.4305735 0.2233583 0.12 0.4495299 0.2095856 0.1963675 0.4952948 0.1763355 0.228 0.5410597 0.1430853 0.1963675 0.5600162 0.1293127 0.12 0.5410597 0.1430853 0.04363244 0.4952948 0.1763355 0.01199996 0.4495299 0.2095856 0.04363244 0.3765985 0.1174265 0.12 0.3988832 0.1101858 0.1963675 0.452683 0.09270507 0.228 0.5064829 0.07522445 0.1963675 0.5287675 0.06798374 0.12 0.5064829 0.07522445 0.04363244 0.452683 0.09270507 0.01199996 0.3988832 0.1101858 0.04363244 0.358 0 0.12 0.3814314 0 0.1963675 0.438 0 0.228 0.4945685 0 0.1963675 0.518 0 0.12 0.4945685 0 0.04363244 0.438 0 0.01199996 0.3814314 0 0.04363244 0.3765984 -0.1174263 0.12 0.3988831 -0.1101856 0.1963675 0.452683 -0.09270495 0.228 0.5064828 -0.07522433 0.1963675 0.5287675 -0.06798362 0.12 0.5064828 -0.07522433 0.04363244 0.452683 -0.09270495 0.01199996 0.3988831 -0.1101856 0.04363244 0.4305735 -0.2233583 0.12 0.4495299 -0.2095856 0.1963675 0.4952948 -0.1763355 0.228 0.5410597 -0.1430853 0.1963675 0.5600162 -0.1293127 0.12 0.5410597 -0.1430853 0.04363244 0.4952948 -0.1763355 0.01199996 0.4495299 -0.2095856 0.04363244 0.5146415 -0.3074264 0.12 0.5284142 -0.28847 0.1963675 0.5616644 -0.2427051 0.228 0.5949145 -0.1969401 0.1963675 0.6086872 -0.1779837 0.12 0.5949145 -0.1969401 0.04363244 0.5616644 -0.2427051 0.01199996 0.5284142 -0.28847 0.04363244 0.6205735 -0.3614014 0.12 0.6278142 -0.3391168 0.1963675 0.6452949 -0.285317 0.228 0.6627755 -0.231517 0.1963675 0.6700162 -0.2092324 0.12 0.6627755 -0.231517 0.04363244 0.6452949 -0.285317 0.01199996 0.6278142 -0.3391168 0.04363244 0.738 -0.38 0.12 0.738 -0.3565685 0.1963675 0.738 -0.3 0.228 0.738 -0.2434315 0.1963675 0.738 -0.22 0.12 0.738 -0.2434315 0.04363244 0.738 -0.3 0.01199996 0.738 -0.3565685 0.04363244 0.8554265 -0.3614014 0.12 0.8481858 -0.3391168 0.1963675 0.8307052 -0.285317 0.228 0.8132245 -0.231517 0.1963675 0.8059838 -0.2092324 0.12 0.8132245 -0.231517 0.04363244 0.8307052 -0.285317 0.01199996 0.8481858 -0.3391168 0.04363244 0.9613582 -0.3074266 0.12 0.9475855 -0.2884702 0.1963675 0.9143354 -0.2427052 0.228 0.8810853 -0.1969403 0.1963675 0.8673127 -0.1779838 0.12 0.8810853 -0.1969403 0.04363244 0.9143354 -0.2427052 0.01199996 0.9475855 -0.2884702 0.04363244 1.045426 -0.2233585 0.12 1.02647 -0.2095859 0.1963675 0.980705 -0.1763357 0.228 0.9349401 -0.1430855 0.1963675 0.9159837 -0.1293128 0.12 0.9349401 -0.1430855 0.04363244 0.980705 -0.1763357 0.01199996 1.02647 -0.2095859 0.04363244 1.099401 -0.1174266 0.12 1.077117 -0.1101858 0.1963675 1.023317 -0.09270519 0.228 0.9695171 -0.07522451 0.1963675 0.9472324 -0.0679838 0.12 0.9695171 -0.07522451 0.04363244 1.023317 -0.09270519 0.01199996 1.077117 -0.1101858 0.04363244 0.738 0.22 0.09999996 0.738 0.22 0.14 0.848 0.1905255 0.09999996 0.848 0.1905255 0.14 0.9285256 0.11 0.09999996 0.9285256 0.11 0.14 0.958 0 0.09999996 0.958 0 0.14 0.9285256 -0.11 0.09999996 0.9285256 -0.11 0.14 0.848 -0.1905255 0.09999996 0.848 -0.1905255 0.14 0.738 -0.22 0.09999996 0.738 -0.22 0.14 0.628 -0.1905255 0.09999996 0.628 -0.1905255 0.14 0.5474744 -0.11 0.09999996 0.5474744 -0.11 0.14 0.518 0 0.09999996 0.518 0 0.14 0.5474744 0.11 0.09999996 0.5474744 0.11 0.14 0.628 0.1905255 0.09999996 0.628 0.1905255 0.14</float_array>
          <technique_common>
            <accessor source="#tire_row_3_a800-mesh-positions-array" count="552" stride="3">
              <param name="X" type="float"/>
              <param name="Y" type="float"/>
              <param name="Z" type="float"/>
            </accessor>
          </technique_common>
        </source>
        <source id="tire_row_3_a800-mesh-normals">
          <float_array id="tire_row_3_a800-mesh-normals-array" count="3276">0.9452374 0.1497109 0.2900222 0.4866123 0.07707184 0.8702117 -0.4866121 -0.07707172 0.8702118 -0.9452375 -0.1497108 0.2900219 -0.9452375 -0.1497108 -0.2900219 -0.4866122 -0.07707172 -0.8702118 0.4866123 0.07707178 -0.8702117 0.9452374 0.1497109 -0.2900222 0.8527111 0.4344777 0.2900222 0.4389794 0.2236711 0.8702117 -0.4389792 -0.223671 0.8702118 -0.8527112 -0.4344777 0.2900221 -0.8527112 -0.4344776 -0.2900221 -0.4389792 -0.223671 -0.8702118 0.4389793 0.2236711 -0.8702117 0.8527111 0.4344777 -0.2900222 0.676715 0.6767155 0.2900221 0.3483757 0.348376 0.8702117 -0.3483759 -0.3483757 0.8702118 -0.6767152 -0.6767154 0.290022 -0.6767152 -0.6767154 -0.290022 -0.3483759 -0.3483757 -0.8702118 0.3483757 0.348376 -0.8702117 0.6767151 0.6767156 -0.2900221 0.4344781 0.8527109 0.2900223 0.2236713 0.4389792 0.8702117 -0.2236712 -0.4389794 0.8702117 -0.4344781 -0.8527109 0.2900223 -0.4344781 -0.8527109 -0.2900224 -0.2236712 -0.4389794 -0.8702116 0.2236713 0.4389791 -0.8702117 0.4344781 0.8527109 -0.2900224 0.149711 0.9452373 0.2900225 0.07707184 0.4866123 0.8702117 -0.07707184 -0.4866123 0.8702117 -0.1497108 -0.9452373 0.2900223 -0.1497109 -0.9452374 -0.2900223 -0.07707184 -0.4866123 -0.8702117 0.07707184 0.4866123 -0.8702117 0.149711 0.9452373 -0.2900225 -0.1497109 0.9452375 0.2900223 -0.0770719 0.4866123 0.8702117 0.07707178 -0.4866122 0.8702117 0.1497109 -0.9452373 0.2900222 0.1497109 -0.9452373 -0.2900222 0.07707178 -0.4866122 -0.8702117 -0.0770719 0.4866123 -0.8702117 -0.1497109 0.9452375 -0.2900223 -0.4344779 0.852711 0.2900224 -0.2236711 0.4389794 0.8702117 0.223671 -0.4389793 0.8702118 0.4344779 -0.852711 0.2900223 0.4344777 -0.852711 -0.2900223 0.223671 -0.4389793 -0.8702118 -0.2236711 0.4389794 -0.8702117 -0.4344779 0.852711 -0.2900224 -0.6767155 0.676715 0.2900223 -0.348376 0.3483759 0.8702117 0.348376 -0.3483759 0.8702117 0.6767155 -0.676715 0.2900222 0.6767156 -0.676715 -0.2900222 0.348376 -0.3483759 -0.8702117 -0.348376 0.3483759 -0.8702117 -0.6767155 0.676715 -0.2900223 -0.8527114 0.4344773 0.290022 -0.4389795 0.2236707 0.8702117 0.4389794 -0.2236706 0.8702118 0.8527112 -0.4344778 0.290022 0.8527112 -0.4344778 -0.290022 0.4389795 -0.2236707 -0.8702118 -0.4389795 0.2236707 -0.8702117 -0.8527114 0.4344773 -0.2900221 -0.9452369 0.1497113 0.2900236 -0.4866122 0.0770722 0.8702117 0.4866127 -0.07707178 0.8702115 0.9452374 -0.1497111 0.2900221 0.9452374 -0.1497111 -0.2900221 0.4866127 -0.07707184 -0.8702115 -0.4866122 0.0770722 -0.8702117 -0.9452369 0.1497113 -0.2900235 -0.945237 -0.1497113 0.2900232 -0.4866124 -0.07707172 0.8702116 0.4866121 0.07707136 0.8702118 0.9452376 0.1497104 0.2900219 0.9452376 0.1497104 -0.2900219 0.4866121 0.07707136 -0.8702118 -0.4866124 -0.07707172 -0.8702116 -0.945237 -0.1497113 -0.2900233 -0.8527113 -0.4344775 0.2900221 -0.4389795 -0.2236709 0.8702117 0.4389793 0.2236711 0.8702117 0.8527112 0.4344776 0.2900221 0.8527112 0.4344776 -0.2900221 0.4389793 0.223671 -0.8702117 -0.4389795 -0.2236709 -0.8702117 -0.8527112 -0.4344775 -0.2900221 -0.6767154 -0.6767152 0.2900221 -0.348376 -0.3483759 0.8702117 0.348376 0.3483757 0.8702118 0.6767154 0.6767153 0.290022 0.6767154 0.6767152 -0.290022 0.348376 0.3483757 -0.8702118 -0.348376 -0.3483759 -0.8702117 -0.6767154 -0.6767152 -0.2900221 -0.4344778 -0.852711 0.2900223 -0.2236711 -0.4389793 0.8702117 0.223671 0.4389792 0.8702117 0.4344778 0.8527111 0.2900222 0.4344778 0.8527111 -0.2900222 0.2236711 0.4389793 -0.8702117 -0.2236711 -0.4389793 -0.8702117 -0.4344778 -0.852711 -0.2900223 -0.1497111 -0.9452372 0.2900225 -0.0770719 -0.4866123 0.8702117 0.0770719 0.4866123 0.8702117 0.149711 0.9452374 0.2900223 0.149711 0.9452373 -0.2900223 0.0770719 0.4866123 -0.8702117 -0.0770719 -0.4866123 -0.8702117 -0.149711 -0.9452372 -0.2900225 0.1497108 -0.9452375 0.2900223 0.0770719 -0.4866123 0.8702117 -0.07707172 0.4866122 0.8702118 -0.1497108 0.9452374 0.2900222 -0.1497109 0.9452374 -0.2900222 -0.07707172 0.4866122 -0.8702118 0.07707184 -0.4866123 -0.8702117 0.1497108 -0.9452375 -0.2900223 0.4344777 -0.852711 0.2900224 0.223671 -0.4389795 0.8702117 -0.2236711 0.4389792 0.8702117 -0.4344781 0.8527109 0.2900223 -0.4344779 0.8527109 -0.2900223 -0.2236711 0.4389792 -0.8702117 0.223671 -0.4389795 -0.8702117 0.4344776 -0.852711 -0.2900224 0.676715 -0.6767155 0.2900224 0.3483758 -0.3483762 0.8702117 -0.3483755 0.348376 0.8702118 -0.6767149 0.6767157 0.2900218 -0.6767149 0.6767159 -0.2900218 -0.3483755 0.348376 -0.8702118 0.3483758 -0.3483762 -0.8702117 0.6767148 -0.6767156 -0.2900224 0.8527107 -0.4344784 0.2900221 0.4389792 -0.2236713 0.8702117 -0.438979 0.2236713 0.8702117 -0.8527112 0.4344778 0.290022 -0.8527112 0.4344778 -0.290022 -0.438979 0.2236713 -0.8702117 0.4389791 -0.2236713 -0.8702117 0.8527109 -0.4344784 -0.2900221 0.9452374 -0.149711 0.2900221 0.4866123 -0.07707184 0.8702117 -0.4866123 0.07707184 0.8702117 -0.9452371 0.1497116 0.2900229 -0.9452371 0.1497117 -0.2900229 -0.4866123 0.07707184 -0.8702117 0.4866123 -0.07707184 -0.8702117 0.9452374 -0.149711 -0.2900221 0.258819 0.9659259 0 0.7071069 0.7071067 0 0.9659259 0.2588188 0 0.9659259 -0.2588188 0 0.7071069 -0.7071067 0 0.258819 -0.9659259 0 -0.258819 -0.9659259 0 -0.7071069 -0.7071067 0 -0.9659259 -0.2588188 0 -0.9659259 0.2588188 0 0 0 1 -0.7071069 0.7071067 0 -0.258819 0.9659259 0 0 0 -1 0.9452374 0.1497109 0.2900222 0.4866123 0.07707184 0.8702117 -0.4866122 -0.07707178 0.8702118 -0.9452375 -0.1497108 0.2900223 -0.9452374 -0.1497109 -0.2900222 -0.4866122 -0.07707172 -0.8702118 0.4866123 0.07707178 -0.8702117 0.9452374 0.1497109 -0.2900222 0.8527111 0.4344777 0.2900222 0.4389794 0.2236711 0.8702117 -0.4389792 -0.223671 0.8702118 -0.852711 -0.4344779 0.2900223 -0.852711 -0.4344779 -0.2900223 -0.4389792 -0.223671 -0.8702118 0.4389793 0.2236711 -0.8702117 0.8527111 0.4344777 -0.2900222 0.6767151 0.6767155 0.2900221 0.3483757 0.3483759 0.8702117 -0.3483759 -0.3483759 0.8702118 -0.6767152 -0.6767154 0.2900223 -0.6767151 -0.6767154 -0.2900222 -0.3483759 -0.3483759 -0.8702118 0.3483757 0.348376 -0.8702117 0.6767151 0.6767155 -0.2900221 0.4344781 0.8527109 0.2900224 0.2236711 0.4389793 0.8702117 -0.2236711 -0.4389792 0.8702117 -0.4344781 -0.8527109 0.2900223 -0.4344781 -0.8527109 -0.2900223 -0.2236711 -0.4389793 -0.8702117 0.2236711 0.4389792 -0.8702117 0.4344781 0.8527109 -0.2900224 0.1497108 0.9452373 0.2900225 0.07707184 0.4866123 0.8702117 -0.07707184 -0.4866122 0.8702117 -0.1497108 -0.9452373 0.2900223 -0.149711 -0.9452373 -0.2900224 -0.0770719 -0.4866123 -0.8702117 0.0770719 0.4866123 -0.8702117 0.149711 0.9452373 -0.2900225 -0.1497108 0.9452373 0.2900222 -0.0770719 0.4866123 0.8702117 0.07707184 -0.4866123 0.8702118 0.1497109 -0.9452374 0.2900222 0.1497108 -0.9452373 -0.2900222 0.07707184 -0.4866122 -0.8702117 -0.0770719 0.4866123 -0.8702117 -0.1497108 0.9452373 -0.2900222 -0.4344779 0.852711 0.2900224 -0.2236711 0.4389793 0.8702117 0.2236711 -0.4389793 0.8702118 0.434478 -0.852711 0.2900223 0.4344778 -0.852711 -0.2900223 0.2236711 -0.4389793 -0.8702118 -0.223671 0.4389793 -0.8702117 -0.4344779 0.8527109 -0.2900224 -0.6767155 0.676715 0.2900223 -0.348376 0.3483759 0.8702117 0.3483759 -0.3483757 0.8702118 0.6767155 -0.6767151 0.2900223 0.6767154 -0.6767151 -0.2900222 0.3483759 -0.3483758 -0.8702118 -0.348376 0.3483759 -0.8702117 -0.6767155 0.676715 -0.2900223 -0.852711 0.4344779 0.2900221 -0.4389793 0.2236709 0.8702117 0.4389793 -0.2236708 0.8702118 0.8527111 -0.4344777 0.2900223 0.8527111 -0.4344777 -0.2900223 0.4389793 -0.2236709 -0.8702118 -0.4389794 0.223671 -0.8702117 -0.852711 0.4344779 -0.2900221 -0.9452372 0.1497111 0.2900225 -0.4866123 0.0770719 0.8702117 0.4866123 -0.0770719 0.8702117 0.9452373 -0.149711 0.2900223 0.9452373 -0.1497111 -0.2900223 0.4866123 -0.07707184 -0.8702117 -0.4866123 0.07707196 -0.8702117 -0.9452372 0.1497111 -0.2900224 -0.9452375 -0.1497106 0.2900223 -0.4866123 -0.07707166 0.8702117 0.4866122 0.0770716 0.8702118 0.9452375 0.1497106 0.2900223 0.9452375 0.1497106 -0.2900223 0.4866122 0.0770716 -0.8702118 -0.4866123 -0.07707166 -0.8702117 -0.9452375 -0.1497105 -0.2900223 -0.8527112 -0.4344777 0.2900221 -0.4389793 -0.2236709 0.8702118 0.4389793 0.223671 0.8702117 0.8527112 0.4344777 0.2900223 0.8527112 0.4344777 -0.2900223 0.4389793 0.223671 -0.8702117 -0.4389793 -0.2236709 -0.8702118 -0.8527112 -0.4344777 -0.2900221 -0.6767154 -0.6767152 0.2900221 -0.348376 -0.3483759 0.8702117 0.3483759 0.3483757 0.8702118 0.6767154 0.6767151 0.2900223 0.6767154 0.676715 -0.2900223 0.3483759 0.3483757 -0.8702118 -0.348376 -0.3483759 -0.8702117 -0.6767154 -0.6767152 -0.2900221 -0.4344779 -0.8527109 0.2900224 -0.2236711 -0.4389794 0.8702117 0.223671 0.4389792 0.8702118 0.434478 0.852711 0.2900223 0.4344779 0.852711 -0.2900222 0.223671 0.4389793 -0.8702118 -0.2236711 -0.4389794 -0.8702117 -0.4344779 -0.852711 -0.2900223 -0.149711 -0.9452373 0.2900225 -0.0770719 -0.4866123 0.8702117 0.07707178 0.4866123 0.8702117 0.149711 0.9452373 0.2900223 0.149711 0.9452373 -0.2900223 0.07707178 0.4866123 -0.8702117 -0.0770719 -0.4866123 -0.8702117 -0.149711 -0.9452373 -0.2900225 0.1497108 -0.9452373 0.2900222 0.0770719 -0.4866123 0.8702117 -0.07707178 0.4866122 0.8702118 -0.1497108 0.9452373 0.2900222 -0.149711 0.9452373 -0.2900223 -0.07707178 0.4866122 -0.8702118 0.07707184 -0.4866123 -0.8702117 0.149711 -0.9452373 -0.2900222 0.4344778 -0.852711 0.2900225 0.223671 -0.4389793 0.8702118 -0.2236711 0.4389793 0.8702118 -0.434478 0.852711 0.2900223 -0.4344779 0.852711 -0.2900224 -0.2236711 0.4389793 -0.8702117 0.223671 -0.4389793 -0.8702118 0.4344778 -0.852711 -0.2900225 0.676715 -0.6767155 0.2900223 0.3483757 -0.348376 0.8702118 -0.3483756 0.348376 0.8702118 -0.676715 0.6767156 0.290022 -0.676715 0.6767156 -0.290022 -0.3483756 0.348376 -0.8702118 0.3483757 -0.3483761 -0.8702117 0.676715 -0.6767155 -0.2900223 0.8527107 -0.4344784 0.2900221 0.4389792 -0.2236713 0.8702117 -0.4389791 0.2236713 0.8702118 -0.8527108 0.4344783 0.2900223 -0.8527109 0.4344782 -0.2900222 -0.4389791 0.2236713 -0.8702117 0.4389791 -0.2236713 -0.8702117 0.8527109 -0.4344784 -0.2900221 0.9452374 -0.149711 0.2900221 0.4866123 -0.07707184 0.8702117 -0.4866122 0.07707178 0.8702118 -0.9452374 0.1497109 0.2900223 -0.9452374 0.1497109 -0.2900224 -0.4866122 0.07707178 -0.8702117 0.4866123 -0.07707184 -0.8702117 0.9452374 -0.149711 -0.2900221 0.258819 0.9659258 0 0.7071068 0.7071068 0 0.9659258 0.258819 0 0.9659258 -0.258819 0 0.7071068 -0.7071068 0 0.258819 -0.9659258 0 -0.258819 -0.9659258 0 -0.7071068 -0.7071068 0 -0.9659258 -0.258819 0 -0.9659258 0.258819 0 0 0 1 -0.7071068 0.7071068 0 -0.258819 0.9659258 0 0 0 -1 0.9452371 0.1497111 0.2900232 0.4866125 0.07707166 0.8702116 -0.486612 -0.07707172 0.8702118 -0.9452375 -0.1497108 0.2900219 -0.9452375 -0.1497108 -0.2900219 -0.4866122 -0.07707172 -0.8702118 0.4866125 0.07707166 -0.8702116 0.9452371 0.1497104 -0.2900233 0.8527107 0.4344784 0.2900221 0.4389793 0.2236713 0.8702117 -0.438979 -0.2236711 0.8702119 -0.8527112 -0.4344777 0.2900221 -0.8527112 -0.4344776 -0.2900221 -0.438979 -0.2236711 -0.8702119 0.4389793 0.2236713 -0.8702117 0.8527108 0.4344784 -0.2900221 0.6767153 0.6767153 0.2900221 0.3483759 0.3483762 0.8702116 -0.3483759 -0.3483757 0.8702118 -0.6767152 -0.6767154 0.290022 -0.6767152 -0.6767154 -0.290022 -0.3483759 -0.3483757 -0.8702118 0.3483759 0.3483762 -0.8702116 0.6767153 0.6767153 -0.2900221 0.4344781 0.8527109 0.2900223 0.2236713 0.4389792 0.8702117 -0.2236712 -0.4389794 0.8702117 -0.4344781 -0.8527109 0.2900223 -0.4344781 -0.8527109 -0.2900224 -0.2236712 -0.4389794 -0.8702116 0.2236713 0.4389791 -0.8702117 0.4344781 0.8527109 -0.2900224 0.149711 0.9452373 0.2900225 0.07707184 0.4866123 0.8702117 -0.07707184 -0.4866123 0.8702117 -0.1497108 -0.9452373 0.2900223 -0.1497109 -0.9452374 -0.2900223 -0.07707184 -0.4866123 -0.8702117 0.07707184 0.4866123 -0.8702117 0.149711 0.9452373 -0.2900225 -0.1497109 0.9452375 0.2900223 -0.0770719 0.4866123 0.8702117 0.07707178 -0.4866122 0.8702117 0.1497109 -0.9452373 0.2900222 0.1497109 -0.9452373 -0.2900222 0.07707178 -0.4866122 -0.8702117 -0.0770719 0.4866123 -0.8702117 -0.1497109 0.9452375 -0.2900223 -0.4344779 0.852711 0.2900224 -0.2236711 0.4389794 0.8702117 0.223671 -0.4389793 0.8702118 0.4344779 -0.852711 0.2900223 0.4344777 -0.852711 -0.2900223 0.223671 -0.4389793 -0.8702118 -0.2236711 0.4389794 -0.8702117 -0.4344779 0.852711 -0.2900224 -0.6767155 0.676715 0.2900223 -0.348376 0.3483759 0.8702117 0.348376 -0.3483759 0.8702117 0.6767155 -0.676715 0.2900222 0.6767156 -0.676715 -0.2900222 0.348376 -0.3483759 -0.8702117 -0.348376 0.3483759 -0.8702117 -0.6767155 0.676715 -0.2900223 -0.852711 0.4344779 0.2900221 -0.4389793 0.2236709 0.8702117 0.4389793 -0.2236708 0.8702118 0.8527112 -0.4344778 0.290022 0.8527112 -0.4344778 -0.290022 0.4389793 -0.2236709 -0.8702118 -0.4389794 0.223671 -0.8702117 -0.852711 0.4344779 -0.2900221 -0.9452372 0.1497111 0.2900225 -0.4866123 0.0770719 0.8702117 0.4866123 -0.0770719 0.8702117 0.9452374 -0.1497111 0.2900221 0.9452374 -0.1497111 -0.2900221 0.4866123 -0.0770719 -0.8702117 -0.4866123 0.07707196 -0.8702117 -0.9452372 0.1497111 -0.2900224 -0.9452375 -0.1497106 0.2900223 -0.4866123 -0.07707166 0.8702117 0.4866121 0.07707136 0.8702118 0.9452376 0.1497104 0.2900219 0.9452376 0.1497104 -0.2900219 0.4866121 0.07707136 -0.8702118 -0.4866123 -0.07707166 -0.8702117 -0.9452375 -0.1497105 -0.2900223 -0.8527112 -0.4344777 0.2900221 -0.4389793 -0.2236709 0.8702118 0.4389793 0.2236711 0.8702117 0.8527112 0.4344776 0.2900221 0.8527112 0.4344776 -0.2900221 0.4389793 0.223671 -0.8702117 -0.4389793 -0.2236709 -0.8702118 -0.8527112 -0.4344777 -0.2900221 -0.6767154 -0.6767152 0.2900221 -0.348376 -0.3483759 0.8702117 0.348376 0.3483757 0.8702118 0.6767154 0.6767153 0.290022 0.6767154 0.6767152 -0.290022 0.348376 0.3483757 -0.8702118 -0.348376 -0.3483759 -0.8702117 -0.6767154 -0.6767152 -0.2900221 -0.4344778 -0.852711 0.2900223 -0.2236711 -0.4389793 0.8702117 0.223671 0.4389792 0.8702117 0.4344778 0.8527111 0.2900222 0.4344778 0.8527111 -0.2900222 0.2236711 0.4389793 -0.8702117 -0.2236711 -0.4389793 -0.8702117 -0.4344778 -0.852711 -0.2900223 -0.1497111 -0.9452372 0.2900225 -0.0770719 -0.4866123 0.8702117 0.0770719 0.4866123 0.8702117 0.149711 0.9452374 0.2900223 0.149711 0.9452373 -0.2900223 0.0770719 0.4866123 -0.8702117 -0.0770719 -0.4866123 -0.8702117 -0.149711 -0.9452372 -0.2900225 0.1497108 -0.9452375 0.2900223 0.0770719 -0.4866123 0.8702117 -0.07707172 0.4866122 0.8702118 -0.1497108 0.9452374 0.2900222 -0.1497109 0.9452374 -0.2900222 -0.07707172 0.4866122 -0.8702118 0.07707184 -0.4866123 -0.8702117 0.1497108 -0.9452375 -0.2900223 0.4344777 -0.852711 0.2900224 0.223671 -0.4389795 0.8702117 -0.2236711 0.4389792 0.8702117 -0.4344781 0.8527109 0.2900223 -0.4344779 0.8527109 -0.2900223 -0.2236711 0.4389792 -0.8702117 0.223671 -0.4389795 -0.8702117 0.4344776 -0.852711 -0.2900224 0.6767147 -0.6767159 0.2900224 0.3483757 -0.3483762 0.8702117 -0.3483755 0.348376 0.8702118 -0.6767149 0.6767157 0.2900218 -0.6767149 0.6767159 -0.2900218 -0.3483755 0.348376 -0.8702118 0.3483757 -0.3483762 -0.8702117 0.6767147 -0.6767159 -0.2900224 0.8527113 -0.4344776 0.2900221 0.4389793 -0.2236708 0.8702117 -0.4389792 0.2236708 0.8702118 -0.8527112 0.4344778 0.290022 -0.8527112 0.4344778 -0.290022 -0.4389792 0.2236708 -0.8702118 0.4389792 -0.2236708 -0.8702118 0.8527112 -0.4344776 -0.2900221 0.945237 -0.1497111 0.2900236 0.4866122 -0.07707214 0.8702117 -0.4866126 0.0770722 0.8702116 -0.9452371 0.1497116 0.2900229 -0.9452371 0.1497117 -0.2900229 -0.4866126 0.0770722 -0.8702114 0.4866122 -0.07707214 -0.8702117 0.945237 -0.1497111 -0.2900236 0.258819 0.9659259 0 0.7071069 0.7071067 0 0.9659259 0.2588188 0 0.9659259 -0.2588188 0 0.7071069 -0.7071067 0 0.258819 -0.9659259 0 -0.258819 -0.9659259 0 -0.7071069 -0.7071067 0 -0.9659259 -0.2588188 0 -0.9659259 0.2588188 0 0 0 1 -0.7071069 0.7071067 0 -0.258819 0.9659259 0 0 0 -1 0.9452374 0.149711 0.2900221 0.4866123 0.07707178 0.8702117 -0.4866122 -0.07707172 0.8702118 -0.9452374 -0.1497111 0.2900221 -0.9452374 -0.1497111 -0.2900221 -0.4866122 -0.07707172 -0.8702118 0.4866123 0.07707178 -0.8702117 0.9452374 0.149711 -0.2900221 0.8527111 0.4344778 0.290022 0.4389793 0.223671 0.8702118 -0.4389792 -0.223671 0.8702118 -0.8527111 -0.4344779 0.290022 -0.8527111 -0.4344779 -0.290022 -0.4389792 -0.223671 -0.8702118 0.4389793 0.223671 -0.8702118 0.8527111 0.4344778 -0.290022 0.6767151 0.6767154 0.2900224 0.3483757 0.348376 0.8702117 -0.3483759 -0.3483762 0.8702116 -0.6767154 -0.676715 0.2900224 -0.6767154 -0.676715 -0.2900224 -0.3483759 -0.3483762 -0.8702116 0.3483757 0.348376 -0.8702117 0.6767151 0.6767154 -0.2900224 0.4344781 0.8527109 0.2900224 0.2236712 0.4389794 0.8702117 -0.2236713 -0.4389792 0.8702117 -0.434478 -0.8527109 0.2900223 -0.434478 -0.8527109 -0.2900223 -0.2236713 -0.4389792 -0.8702117 0.2236712 0.4389794 -0.8702117 0.4344781 0.8527109 -0.2900224 0.1497108 0.9452375 0.2900223 0.07707184 0.4866123 0.8702117 -0.07707172 -0.4866122 0.8702118 -0.1497109 -0.9452374 0.2900222 -0.1497108 -0.9452374 -0.2900222 -0.07707172 -0.4866122 -0.8702118 0.07707184 0.4866123 -0.8702117 0.1497108 0.9452375 -0.2900223 -0.1497111 0.9452372 0.2900225 -0.0770719 0.4866123 0.8702117 0.0770719 -0.4866123 0.8702117 0.149711 -0.9452373 0.2900223 0.149711 -0.9452373 -0.2900223 0.0770719 -0.4866123 -0.8702117 -0.0770719 0.4866123 -0.8702117 -0.1497111 0.9452372 -0.2900225 -0.4344778 0.852711 0.2900224 -0.2236711 0.4389794 0.8702117 0.2236711 -0.4389793 0.8702117 0.4344778 -0.8527111 0.2900223 0.4344779 -0.8527111 -0.2900222 0.2236711 -0.4389793 -0.8702117 -0.2236711 0.4389794 -0.8702117 -0.4344778 0.852711 -0.2900224 -0.6767154 0.6767152 0.2900221 -0.348376 0.3483759 0.8702117 0.348376 -0.3483757 0.8702118 0.6767154 -0.6767153 0.290022 0.6767154 -0.6767153 -0.290022 0.348376 -0.3483757 -0.8702118 -0.348376 0.3483759 -0.8702117 -0.6767154 0.6767152 -0.2900221 -0.8527107 0.4344779 0.2900234 -0.4389795 0.2236707 0.8702117 0.4389796 -0.2236711 0.8702116 0.8527113 -0.4344776 0.2900222 0.8527113 -0.4344776 -0.2900222 0.4389796 -0.2236711 -0.8702116 -0.4389795 0.2236707 -0.8702117 -0.8527107 0.4344779 -0.2900234 -0.9452371 0.1497111 0.2900232 -0.4866125 0.07707208 0.8702116 0.4866121 -0.0770722 0.8702117 0.9452375 -0.1497108 0.2900219 0.9452375 -0.1497108 -0.2900219 0.4866121 -0.0770722 -0.8702117 -0.4866125 0.07707208 -0.8702116 -0.9452371 0.1497111 -0.2900232 -0.9452375 -0.1497105 0.2900221 -0.4866124 -0.0770716 0.8702117 0.4866123 0.07707166 0.8702116 0.9452376 0.1497101 0.2900221 0.9452376 0.1497101 -0.2900221 0.4866123 0.07707166 -0.8702116 -0.4866124 -0.0770716 -0.8702117 -0.9452375 -0.1497105 -0.2900221 -0.8527112 -0.4344775 0.290022 -0.4389794 -0.2236709 0.8702117 0.4389793 0.2236708 0.8702118 0.8527112 0.4344779 0.290022 0.8527112 0.4344779 -0.290022 0.4389793 0.2236708 -0.8702118 -0.4389794 -0.2236708 -0.8702117 -0.8527112 -0.4344775 -0.290022 -0.6767155 -0.676715 0.2900223 -0.348376 -0.3483759 0.8702117 0.348376 0.3483759 0.8702117 0.6767156 0.676715 0.2900222 0.6767156 0.676715 -0.2900222 0.348376 0.3483759 -0.8702117 -0.348376 -0.3483759 -0.8702117 -0.6767155 -0.676715 -0.2900223 -0.4344779 -0.852711 0.2900224 -0.2236711 -0.4389794 0.8702117 0.223671 0.4389793 0.8702118 0.4344778 0.852711 0.2900223 0.4344778 0.852711 -0.2900223 0.223671 0.4389793 -0.8702118 -0.2236711 -0.4389794 -0.8702117 -0.4344779 -0.852711 -0.2900224 -0.1497109 -0.9452375 0.2900223 -0.0770719 -0.4866123 0.8702117 0.07707178 0.4866122 0.8702117 0.1497109 0.9452373 0.2900222 0.1497109 0.9452373 -0.2900222 0.07707178 0.4866122 -0.8702117 -0.0770719 -0.4866123 -0.8702117 -0.1497109 -0.9452375 -0.2900223 0.149711 -0.9452373 0.2900225 0.07707184 -0.4866123 0.8702117 -0.07707184 0.4866123 0.8702117 -0.1497109 0.9452374 0.2900223 -0.1497108 0.9452373 -0.2900223 -0.07707184 0.4866123 -0.8702117 0.07707184 -0.4866123 -0.8702117 0.149711 -0.9452373 -0.2900225 0.4344776 -0.8527111 0.2900224 0.223671 -0.4389793 0.8702117 -0.223671 0.4389791 0.8702118 -0.4344777 0.8527113 0.2900219 -0.4344777 0.8527113 -0.2900219 -0.223671 0.4389791 -0.8702118 0.223671 -0.4389793 -0.8702117 0.4344778 -0.8527111 -0.2900224 0.6767149 -0.6767157 0.2900221 0.3483757 -0.348376 0.8702117 -0.3483757 0.348376 0.8702117 -0.6767151 0.6767155 0.2900221 -0.6767151 0.6767155 -0.2900221 -0.3483757 0.348376 -0.8702117 0.3483757 -0.348376 -0.8702117 0.6767151 -0.6767156 -0.2900221 0.8527108 -0.4344784 0.2900222 0.4389792 -0.2236713 0.8702117 -0.4389792 0.2236713 0.8702117 -0.8527106 0.4344784 0.2900228 -0.8527106 0.4344784 -0.2900228 -0.4389792 0.2236713 -0.8702117 0.4389792 -0.2236713 -0.8702117 0.8527107 -0.4344784 -0.2900221 0.9452374 -0.149711 0.2900223 0.4866123 -0.07707184 0.8702117 -0.4866121 0.0770716 0.8702118 -0.9452375 0.1497106 0.2900219 -0.9452375 0.1497106 -0.2900219 -0.4866121 0.0770716 -0.8702118 0.4866123 -0.07707184 -0.8702117 0.9452374 -0.149711 -0.2900223 0.258819 0.9659259 0 0.7071069 0.7071067 0 0.9659259 0.2588188 0 0.9659259 -0.2588188 0 0.7071069 -0.7071067 0 0.258819 -0.9659259 0 -0.258819 -0.9659259 0 -0.7071069 -0.7071067 0 -0.9659259 -0.2588188 0 -0.9659259 0.2588188 0 0 0 1 0 0 1 0 0 1 0 0 1 0 0 1 0 0 1 0 0 1 0 0 1 0 0 1 -0.7071069 0.7071067 0 -0.258819 0.9659259 0 0 0 -1 0 0 -1 0 0 -1 0 0 -1 0 0 -1 0 0 -1 0 0 -1 0 0 -1 0 0 -1 0.9452374 0.149711 0.2900221 0.4866123 0.07707178 0.8702117 -0.4866122 -0.07707172 0.8702117 -0.9452374 -0.1497109 0.2900223 -0.9452374 -0.1497108 -0.2900223 -0.4866123 -0.07707178 -0.8702117 0.4866123 0.07707178 -0.8702117 0.9452374 0.149711 -0.2900221 0.8527111 0.4344778 0.290022 0.4389793 0.223671 0.8702118 -0.4389793 -0.2236711 0.8702117 -0.852711 -0.4344778 0.2900223 -0.852711 -0.4344778 -0.2900223 -0.4389793 -0.2236711 -0.8702117 0.4389793 0.223671 -0.8702118 0.8527111 0.4344778 -0.290022 0.6767152 0.6767153 0.2900224 0.3483759 0.348376 0.8702117 -0.3483759 -0.3483759 0.8702117 -0.6767151 -0.6767153 0.2900223 -0.6767151 -0.6767153 -0.2900223 -0.3483759 -0.3483759 -0.8702117 0.3483759 0.348376 -0.8702117 0.6767152 0.6767153 -0.2900224 0.4344781 0.8527109 0.2900224 0.2236711 0.4389793 0.8702117 -0.2236711 -0.4389792 0.8702117 -0.4344781 -0.8527109 0.2900223 -0.4344781 -0.8527109 -0.2900223 -0.2236711 -0.4389792 -0.8702117 0.2236711 0.4389793 -0.8702117 0.4344781 0.8527109 -0.2900224 0.149711 0.9452373 0.2900222 0.0770719 0.4866123 0.8702117 -0.07707178 -0.4866122 0.8702118 -0.149711 -0.9452374 0.2900223 -0.1497108 -0.9452373 -0.2900222 -0.07707178 -0.4866122 -0.8702118 0.0770719 0.4866123 -0.8702117 0.1497108 0.9452373 -0.2900222 -0.149711 0.9452373 0.2900225 -0.0770719 0.4866123 0.8702117 0.07707178 -0.4866123 0.8702117 0.149711 -0.9452373 0.2900223 0.149711 -0.9452373 -0.2900223 0.07707178 -0.4866123 -0.8702117 -0.0770719 0.4866123 -0.8702117 -0.149711 0.9452373 -0.2900225 -0.4344779 0.8527109 0.2900224 -0.2236711 0.4389794 0.8702117 0.223671 -0.4389793 0.8702118 0.4344779 -0.852711 0.2900222 0.434478 -0.852711 -0.2900222 0.223671 -0.4389793 -0.8702118 -0.2236711 0.4389794 -0.8702117 -0.4344779 0.8527109 -0.2900224 -0.6767154 0.6767152 0.2900221 -0.348376 0.3483759 0.8702117 0.3483759 -0.3483757 0.8702118 0.6767154 -0.676715 0.2900223 0.6767154 -0.676715 -0.2900223 0.3483759 -0.3483757 -0.8702118 -0.348376 0.3483759 -0.8702117 -0.6767154 0.6767152 -0.2900221 -0.8527111 0.4344776 0.2900224 -0.4389794 0.223671 0.8702117 0.4389793 -0.223671 0.8702117 0.852711 -0.4344777 0.2900223 0.852711 -0.4344777 -0.2900223 0.4389793 -0.223671 -0.8702117 -0.4389794 0.223671 -0.8702117 -0.8527111 0.4344776 -0.2900224 -0.9452375 0.1497109 0.2900222 -0.4866123 0.0770719 0.8702117 0.4866122 -0.07707184 0.8702118 0.9452373 -0.1497109 0.2900222 0.9452373 -0.1497109 -0.2900222 0.4866122 -0.0770719 -0.8702118 -0.4866123 0.0770719 -0.8702117 -0.9452375 0.1497109 -0.2900222 -0.9452375 -0.1497105 0.2900221 -0.4866122 -0.0770716 0.8702117 0.4866123 0.07707166 0.8702118 0.9452375 0.1497105 0.2900223 0.9452375 0.1497105 -0.2900223 0.4866123 0.07707166 -0.8702118 -0.4866122 -0.0770716 -0.8702117 -0.9452375 -0.1497106 -0.2900221 -0.8527112 -0.4344777 0.290022 -0.4389794 -0.2236709 0.8702117 0.4389793 0.2236708 0.8702118 0.8527111 0.4344776 0.2900223 0.8527111 0.4344776 -0.2900223 0.4389793 0.2236708 -0.8702118 -0.4389794 -0.2236709 -0.8702117 -0.8527112 -0.4344777 -0.290022 -0.6767155 -0.676715 0.2900223 -0.348376 -0.3483759 0.8702117 0.3483759 0.3483758 0.8702118 0.6767155 0.6767151 0.2900222 0.6767155 0.6767151 -0.2900222 0.3483759 0.3483758 -0.8702118 -0.348376 -0.3483759 -0.8702117 -0.6767155 -0.676715 -0.2900223 -0.4344779 -0.8527109 0.2900224 -0.2236711 -0.4389793 0.8702117 0.2236711 0.4389793 0.8702118 0.4344779 0.852711 0.2900223 0.434478 0.852711 -0.2900223 0.2236711 0.4389793 -0.8702118 -0.2236711 -0.4389793 -0.8702117 -0.4344779 -0.8527109 -0.2900224 -0.1497108 -0.9452373 0.2900222 -0.0770719 -0.4866123 0.8702117 0.07707184 0.4866122 0.8702117 0.1497109 0.9452374 0.2900222 0.1497109 0.9452374 -0.2900222 0.07707184 0.4866122 -0.8702117 -0.0770719 -0.4866123 -0.8702117 -0.1497108 -0.9452373 -0.2900222 0.149711 -0.9452373 0.2900224 0.0770719 -0.4866123 0.8702117 -0.0770719 0.4866123 0.8702117 -0.149711 0.9452373 0.2900224 -0.1497108 0.9452373 -0.2900223 -0.0770719 0.4866123 -0.8702117 0.0770719 -0.4866123 -0.8702117 0.1497108 -0.9452373 -0.2900225 0.4344776 -0.8527112 0.2900223 0.2236709 -0.4389793 0.8702117 -0.223671 0.4389792 0.8702118 -0.4344777 0.8527112 0.290022 -0.4344777 0.8527112 -0.290022 -0.223671 0.4389792 -0.8702118 0.2236709 -0.4389793 -0.8702117 0.4344776 -0.8527112 -0.2900223 0.676715 -0.6767156 0.2900221 0.3483757 -0.3483762 0.8702117 -0.3483757 0.3483761 0.8702117 -0.6767148 0.6767158 0.2900222 -0.6767148 0.6767158 -0.2900222 -0.3483757 0.3483761 -0.8702117 0.3483757 -0.3483762 -0.8702117 0.676715 -0.6767156 -0.2900221 0.8527108 -0.4344784 0.2900222 0.4389792 -0.2236713 0.8702117 -0.438979 0.2236713 0.8702118 -0.8527109 0.4344782 0.2900223 -0.8527107 0.4344783 -0.2900223 -0.4389791 0.2236713 -0.8702118 0.4389792 -0.2236713 -0.8702117 0.8527107 -0.4344784 -0.2900221 0.9452374 -0.149711 0.2900223 0.4866123 -0.07707184 0.8702117 -0.4866122 0.07707178 0.8702118 -0.9452374 0.1497111 0.2900222 -0.9452374 0.1497111 -0.2900222 -0.4866122 0.07707178 -0.8702118 0.4866123 -0.07707184 -0.8702117 0.9452374 -0.149711 -0.2900223 0.258819 0.9659258 0 0.7071068 0.7071068 0 0.9659258 0.258819 0 0.9659258 -0.258819 0 0.7071068 -0.7071068 0 0.258819 -0.9659258 0 -0.258819 -0.9659258 0 -0.7071068 -0.7071068 0 -0.9659258 -0.258819 0 -0.9659258 0.258819 0 0 0 1 0 0 1 0 0 1 0 0 1 0 0 1 0 0 1 0 0 1 0 0 1 0 0 1 -0.7071068 0.7071068 0 -0.258819 0.9659258 0 0 0 -1 0 0 -1 0 0 -1 0 0 -1 0 0 -1 0 0 -1 0 0 -1 0 0 -1 0 0 -1 0.9452375 0.1497104 0.2900221 0.4866124 0.07707154 0.8702117 -0.486612 -0.07707154 0.8702119 -0.9452374 -0.1497111 0.2900221 -0.9452374 -0.1497111 -0.2900221 -0.486612 -0.07707154 -0.8702119 0.4866124 0.07707154 -0.8702117 0.9452374 0.1497112 -0.2900222 0.8527108 0.4344784 0.2900221 0.4389795 0.2236713 0.8702116 -0.4389792 -0.223671 0.8702118 -0.8527111 -0.4344779 0.290022 -0.8527111 -0.4344779 -0.290022 -0.4389792 -0.223671 -0.8702118 0.4389795 0.2236713 -0.8702116 0.8527109 0.4344784 -0.2900221 0.6767154 0.6767151 0.2900224 0.3483759 0.3483759 0.8702117 -0.3483759 -0.3483762 0.8702116 -0.6767154 -0.676715 0.2900224 -0.6767154 -0.676715 -0.2900224 -0.3483759 -0.3483762 -0.8702116 0.3483759 0.3483759 -0.8702117 0.6767154 0.6767151 -0.2900224 0.4344781 0.8527109 0.2900224 0.2236712 0.4389794 0.8702117 -0.2236713 -0.4389792 0.8702117 -0.434478 -0.8527109 0.2900223 -0.434478 -0.8527109 -0.2900223 -0.2236713 -0.4389792 -0.8702117 0.2236712 0.4389794 -0.8702117 0.4344781 0.8527109 -0.2900224 0.1497108 0.9452375 0.2900223 0.07707184 0.4866123 0.8702117 -0.07707172 -0.4866122 0.8702118 -0.1497109 -0.9452374 0.2900222 -0.1497108 -0.9452374 -0.2900222 -0.07707172 -0.4866122 -0.8702118 0.07707184 0.4866123 -0.8702117 0.1497108 0.9452375 -0.2900223 -0.1497111 0.9452372 0.2900225 -0.0770719 0.4866123 0.8702117 0.0770719 -0.4866123 0.8702117 0.149711 -0.9452373 0.2900223 0.149711 -0.9452373 -0.2900223 0.0770719 -0.4866123 -0.8702117 -0.0770719 0.4866123 -0.8702117 -0.1497111 0.9452372 -0.2900225 -0.4344778 0.852711 0.2900224 -0.2236711 0.4389794 0.8702117 0.2236711 -0.4389793 0.8702117 0.4344778 -0.8527111 0.2900223 0.4344779 -0.8527111 -0.2900222 0.2236711 -0.4389793 -0.8702117 -0.2236711 0.4389794 -0.8702117 -0.4344778 0.852711 -0.2900224 -0.6767154 0.6767152 0.2900221 -0.348376 0.3483759 0.8702117 0.348376 -0.3483757 0.8702118 0.6767154 -0.6767153 0.290022 0.6767154 -0.6767153 -0.290022 0.348376 -0.3483757 -0.8702118 -0.348376 0.3483759 -0.8702117 -0.6767154 0.6767152 -0.2900221 -0.8527111 0.4344776 0.2900224 -0.4389794 0.223671 0.8702117 0.4389793 -0.223671 0.8702117 0.8527113 -0.4344776 0.2900222 0.8527113 -0.4344776 -0.2900222 0.4389793 -0.223671 -0.8702117 -0.4389794 0.223671 -0.8702117 -0.8527111 0.4344776 -0.2900224 -0.9452375 0.1497109 0.2900222 -0.4866123 0.0770719 0.8702117 0.4866121 -0.07707172 0.8702118 0.9452375 -0.1497108 0.2900219 0.9452375 -0.1497108 -0.2900219 0.4866121 -0.07707172 -0.8702118 -0.4866123 0.0770719 -0.8702117 -0.9452375 0.1497109 -0.2900222 -0.9452375 -0.1497105 0.2900221 -0.4866122 -0.0770716 0.8702117 0.4866123 0.07707166 0.8702116 0.9452376 0.1497101 0.2900221 0.9452376 0.1497101 -0.2900221 0.4866123 0.07707166 -0.8702116 -0.4866122 -0.0770716 -0.8702117 -0.9452375 -0.1497106 -0.2900221 -0.8527112 -0.4344777 0.290022 -0.4389794 -0.2236709 0.8702117 0.4389793 0.2236708 0.8702118 0.8527112 0.4344779 0.290022 0.8527112 0.4344779 -0.290022 0.4389793 0.2236708 -0.8702118 -0.4389794 -0.2236709 -0.8702117 -0.8527112 -0.4344777 -0.290022 -0.6767155 -0.676715 0.2900223 -0.348376 -0.3483759 0.8702117 0.348376 0.3483759 0.8702117 0.6767156 0.676715 0.2900222 0.6767156 0.676715 -0.2900222 0.348376 0.3483759 -0.8702117 -0.348376 -0.3483759 -0.8702117 -0.6767155 -0.676715 -0.2900223 -0.4344779 -0.852711 0.2900224 -0.2236711 -0.4389794 0.8702117 0.223671 0.4389793 0.8702118 0.4344778 0.852711 0.2900223 0.4344778 0.852711 -0.2900223 0.223671 0.4389793 -0.8702118 -0.2236711 -0.4389794 -0.8702117 -0.4344779 -0.852711 -0.2900224 -0.1497109 -0.9452375 0.2900223 -0.0770719 -0.4866123 0.8702117 0.07707178 0.4866122 0.8702117 0.1497109 0.9452373 0.2900222 0.1497109 0.9452373 -0.2900222 0.07707178 0.4866122 -0.8702117 -0.0770719 -0.4866123 -0.8702117 -0.1497109 -0.9452375 -0.2900223 0.149711 -0.9452373 0.2900225 0.07707184 -0.4866123 0.8702117 -0.07707184 0.4866123 0.8702117 -0.1497109 0.9452374 0.2900223 -0.1497108 0.9452373 -0.2900223 -0.07707184 0.4866123 -0.8702117 0.07707184 -0.4866123 -0.8702117 0.149711 -0.9452373 -0.2900225 0.4344776 -0.8527111 0.2900224 0.223671 -0.4389793 0.8702117 -0.223671 0.4389791 0.8702118 -0.4344777 0.8527113 0.2900219 -0.4344777 0.8527113 -0.2900219 -0.223671 0.4389791 -0.8702118 0.223671 -0.4389793 -0.8702117 0.4344778 -0.8527111 -0.2900224 0.6767148 -0.6767158 0.2900221 0.3483755 -0.3483762 0.8702118 -0.3483756 0.348376 0.8702118 -0.6767151 0.6767155 0.2900221 -0.6767151 0.6767155 -0.2900221 -0.3483756 0.348376 -0.8702118 0.3483755 -0.3483762 -0.8702118 0.6767148 -0.6767158 -0.2900221 0.8527104 -0.4344783 0.2900234 0.4389793 -0.2236709 0.8702117 -0.4389795 0.2236715 0.8702115 -0.8527106 0.4344784 0.2900228 -0.8527106 0.4344784 -0.2900228 -0.4389795 0.2236715 -0.8702115 0.4389793 -0.2236709 -0.8702117 0.8527104 -0.4344783 -0.2900234 0.9452371 -0.149711 0.2900233 0.4866125 -0.07707196 0.8702116 -0.4866121 0.0770716 0.8702118 -0.9452375 0.1497106 0.2900219 -0.9452375 0.1497106 -0.2900219 -0.4866121 0.0770716 -0.8702118 0.4866125 -0.07707196 -0.8702116 0.9452371 -0.149711 -0.2900233 0.258819 0.9659259 0 0.7071069 0.7071067 0 0.9659259 0.2588188 0 0.9659259 -0.2588188 0 0.7071069 -0.7071067 0 0.258819 -0.9659259 0 -0.258819 -0.9659259 0 -0.7071069 -0.7071067 0 -0.9659259 -0.2588188 0 -0.9659259 0.2588188 0 0 0 1 0 0 1 0 0 1 0 0 1 0 0 1 0 0 1 0 0 1 0 0 1 0 0 1 -0.7071069 0.7071067 0 -0.258819 0.9659259 0 0 0 -1 0 0 -1 0 0 -1 0 0 -1 0 0 -1 0 0 -1 0 0 -1 0 0 -1 0 0 -1</float_array>
          <technique_common>
            <accessor source="#tire_row_3_a800-mesh-normals-array" count="1092" stride="3">
              <param name="X" type="float"/>
              <param name="Y" type="float"/>
              <param name="Z" type="float"/>
            </accessor>
          </technique_common>
        </source>
        <source id="tire_row_3_a800-mesh-map-0">
          <float_array id="tire_row_3_a800-mesh-map-0-array" count="6552">0.55 0.5 0.6 0.625 0.55 0.625 0.6 0.625 0.55 0.75 0.55 0.625 0.6 0.75 0.55 0.875 0.55 0.75 0.6 0.875 0.55 1 0.55 0.875 0.55 0 0.6 0.125 0.55 0.125 0.6 0.125 0.55 0.25 0.55 0.125 0.55 0.25 0.6 0.375 0.55 0.375 0.6 0.375 0.55 0.5 0.55 0.375 0.6 0.5 0.65 0.625 0.6 0.625 0.6 0.625 0.65 0.75 0.6 0.75 0.65 0.75 0.6 0.875 0.6 0.75 0.6 0.875 0.65 1 0.6 1 0.65 0 0.6 0.125 0.6 0 0.6 0.125 0.65 0.25 0.6 0.25 0.65 0.25 0.6 0.375 0.6 0.25 0.65 0.375 0.6 0.5 0.6 0.375 0.65 0.5 0.7 0.625 0.65 0.625 0.7 0.625 0.65 0.75 0.65 0.625 0.65 0.75 0.7 0.875 0.65 0.875 0.65 0.875 0.7 1 0.65 1 0.7 0 0.65 0.125 0.65 0 0.7 0.125 0.65 0.25 0.65 0.125 0.65 0.25 0.7 0.375 0.65 0.375 0.7 0.375 0.65 0.5 0.65 0.375 0.7 0.5 0.75 0.625 0.7 0.625 0.7 0.625 0.75 0.75 0.7 0.75 0.7 0.75 0.75 0.875 0.7 0.875 0.7 0.875 0.75 1 0.7 1 0.75 0 0.7 0.125 0.7 0 0.75 0.125 0.7 0.25 0.7 0.125 0.75 0.25 0.7 0.375 0.7 0.25 0.75 0.375 0.7 0.5 0.7 0.375 0.75 0.5 0.8 0.625 0.75 0.625 0.75 0.625 0.8 0.75 0.75 0.75 0.8 0.75 0.75 0.875 0.75 0.75 0.8 0.875 0.75 1 0.75 0.875 0.8 0 0.75 0.125 0.75 0 0.75 0.125 0.8 0.25 0.75 0.25 0.8 0.25 0.75 0.375 0.75 0.25 0.8 0.375 0.75 0.5 0.75 0.375 0.85 0.5 0.8 0.625 0.8 0.5 0.85 0.625 0.8 0.75 0.8 0.625 0.8 0.75 0.85 0.875 0.8 0.875 0.85 0.875 0.8 1 0.8 0.875 0.8 0 0.85 0.125 0.8 0.125 0.85 0.125 0.8 0.25 0.8 0.125 0.8 0.25 0.85 0.375 0.8 0.375 0.8 0.375 0.85 0.5 0.8 0.5 0.9 0.5 0.85 0.625 0.85 0.5 0.9 0.625 0.85 0.75 0.85 0.625 0.85 0.75 0.9 0.875 0.85 0.875 0.9 0.875 0.85 1 0.85 0.875 0.9 0 0.85 0.125 0.85 0 0.9 0.125 0.85 0.25 0.85 0.125 0.85 0.25 0.9 0.375 0.85 0.375 0.85 0.375 0.9 0.5 0.85 0.5 0.95 0.5 0.9 0.625 0.9 0.5 0.9 0.625 0.95 0.75 0.9 0.75 0.95 0.75 0.9 0.875 0.9 0.75 0.95 0.875 0.9 1 0.9 0.875 0.9 0 0.95 0.125 0.9 0.125 0.9 0.125 0.95 0.25 0.9 0.25 0.95 0.25 0.9 0.375 0.9 0.25 0.9 0.375 0.95 0.5 0.9 0.5 0.95 0.5 1 0.625 0.95 0.625 1 0.625 0.95 0.75 0.95 0.625 1 0.75 0.95 0.875 0.95 0.75 1 0.875 0.95 1 0.95 0.875 0.95 0 1 0.125 0.95 0.125 0.95 0.125 1 0.25 0.95 0.25 0.95 0.25 1 0.375 0.95 0.375 1 0.375 0.95 0.5 0.95 0.375 0 0.5 0.04999995 0.625 0 0.625 0 0.625 0.04999995 0.75 0 0.75 0 0.75 0.04999995 0.875 0 0.875 0 0.875 0.04999995 1 0 1 0.04999995 0 0 0.125 0 0 0.04999995 0.125 0 0.25 0 0.125 0.04999995 0.25 0 0.375 0 0.25 0.04999995 0.375 0 0.5 0 0.375 0.1 0.5 0.04999995 0.625 0.04999995 0.5 0.04999995 0.625 0.1 0.75 0.04999995 0.75 0.04999995 0.75 0.1 0.875 0.04999995 0.875 0.04999995 0.875 0.1 1 0.04999995 1 0.1 0 0.04999995 0.125 0.04999995 0 0.1 0.125 0.04999995 0.25 0.04999995 0.125 0.1 0.25 0.04999995 0.375 0.04999995 0.25 0.04999995 0.375 0.1 0.5 0.04999995 0.5 0.1 0.5 0.15 0.625 0.1 0.625 0.15 0.625 0.1 0.75 0.1 0.625 0.1 0.75 0.15 0.875 0.1 0.875 0.1 0.875 0.15 1 0.1 1 0.15 0 0.1 0.125 0.1 0 0.15 0.125 0.1 0.25 0.1 0.125 0.15 0.25 0.1 0.375 0.1 0.25 0.15 0.375 0.1 0.5 0.1 0.375 0.15 0.5 0.2 0.625 0.15 0.625 0.2 0.625 0.15 0.75 0.15 0.625 0.15 0.75 0.2 0.875 0.15 0.875 0.15 0.875 0.2 1 0.15 1 0.2 0 0.15 0.125 0.15 0 0.2 0.125 0.15 0.25 0.15 0.125 0.15 0.25 0.2 0.375 0.15 0.375 0.2 0.375 0.15 0.5 0.15 0.375 0.2 0.5 0.25 0.625 0.2 0.625 0.2 0.625 0.25 0.75 0.2 0.75 0.25 0.75 0.2 0.875 0.2 0.75 0.25 0.875 0.2 1 0.2 0.875 0.25 0 0.2 0.125 0.2 0 0.2 0.125 0.25 0.25 0.2 0.25 0.25 0.25 0.2 0.375 0.2 0.25 0.25 0.375 0.2 0.5 0.2 0.375 0.25 0.5 0.3 0.625 0.25 0.625 0.25 0.625 0.3 0.75 0.25 0.75 0.3 0.75 0.25 0.875 0.25 0.75 0.25 0.875 0.3 1 0.25 1 0.3 0 0.25 0.125 0.25 0 0.25 0.125 0.3 0.25 0.25 0.25 0.3 0.25 0.25 0.375 0.25 0.25 0.3 0.375 0.25 0.5 0.25 0.375 0.35 0.5 0.3 0.625 0.3 0.5 0.35 0.625 0.3 0.75 0.3 0.625 0.3 0.75 0.35 0.875 0.3 0.875 0.35 0.875 0.3 1 0.3 0.875 0.35 0 0.3 0.125 0.3 0 0.35 0.125 0.3 0.25 0.3 0.125 0.3 0.25 0.35 0.375 0.3 0.375 0.3 0.375 0.35 0.5 0.3 0.5 0.4 0.5 0.35 0.625 0.35 0.5 0.4 0.625 0.35 0.75 0.35 0.625 0.35 0.75 0.4 0.875 0.35 0.875 0.4 0.875 0.35 1 0.35 0.875 0.35 0 0.4 0.125 0.35 0.125 0.4 0.125 0.35 0.25 0.35 0.125 0.35 0.25 0.4 0.375 0.35 0.375 0.4 0.375 0.35 0.5 0.35 0.375 0.45 0.5 0.4 0.625 0.4 0.5 0.45 0.625 0.4 0.75 0.4 0.625 0.4 0.75 0.45 0.875 0.4 0.875 0.45 0.875 0.4 1 0.4 0.875 0.4 0 0.45 0.125 0.4 0.125 0.45 0.125 0.4 0.25 0.4 0.125 0.4 0.25 0.45 0.375 0.4 0.375 0.45 0.375 0.4 0.5 0.4 0.375 0.5 0.5 0.45 0.625 0.45 0.5 0.45 0.625 0.5 0.75 0.45 0.75 0.45 0.75 0.5 0.875 0.45 0.875 0.45 0.875 0.5 1 0.45 1 0.5 0 0.45 0.125 0.45 0 0.5 0.125 0.45 0.25 0.45 0.125 0.5 0.25 0.45 0.375 0.45 0.25 0.5 0.375 0.45 0.5 0.45 0.375 0.55 0.5 0.5 0.625 0.5 0.5 0.55 0.625 0.5 0.75 0.5 0.625 0.55 0.75 0.5 0.875 0.5 0.75 0.5 0.875 0.55 1 0.5 1 0.55 0 0.5 0.125 0.5 0 0.5 0.125 0.55 0.25 0.5 0.25 0.5 0.25 0.55 0.375 0.5 0.375 0.55 0.375 0.5 0.5 0.5 0.375 0.5028243 0.4309452 0.5493506 0.3162305 0.5493506 0.4309452 0.5028243 0.3162305 0.5493506 0.1837694 0.5493506 0.3162305 0.5028243 0.1837694 0.5493507 0.06905478 0.5493506 0.1837694 0.5028243 0.06905478 0.5493507 0.002824187 0.5493507 0.06905478 0.5028242 0.8647147 0.5493506 0.75 0.5493506 0.8647147 0.5028242 0.75 0.5493506 0.6175389 0.5493506 0.75 0.5028242 0.6175389 0.5493506 0.5028242 0.5493506 0.6175389 0.5028243 0.5028242 0.5493506 0.4365936 0.5493506 0.5028242 0.5549991 0.4309452 0.6015254 0.3647147 0.6015254 0.4309452 0.5549991 0.3647147 0.6015255 0.25 0.6015254 0.3647147 0.06905472 0.06905478 0.4971758 0.1837694 0.1837694 0.4971758 0.5549991 0.25 0.6015255 0.1175389 0.6015255 0.25 0.5549991 0.1175389 0.6015255 0.002824187 0.6015255 0.1175389 0.1837694 0.5028242 0.4971758 0.8162305 0.06905478 0.9309452 0.55 0.5 0.6 0.625 0.55 0.625 0.6 0.625 0.55 0.75 0.55 0.625 0.6 0.75 0.55 0.875 0.55 0.75 0.6 0.875 0.55 1 0.55 0.875 0.6 0 0.55 0.125 0.55 0 0.6 0.125 0.55 0.25 0.55 0.125 0.55 0.25 0.6 0.375 0.55 0.375 0.6 0.375 0.55 0.5 0.55 0.375 0.6 0.5 0.65 0.625 0.6 0.625 0.6 0.625 0.65 0.75 0.6 0.75 0.6 0.75 0.65 0.875 0.6 0.875 0.65 0.875 0.6 1 0.6 0.875 0.6 0 0.65 0.125 0.6 0.125 0.65 0.125 0.6 0.25 0.6 0.125 0.65 0.25 0.6 0.375 0.6 0.25 0.65 0.375 0.6 0.5 0.6 0.375 0.65 0.5 0.7 0.625 0.65 0.625 0.7 0.625 0.65 0.75 0.65 0.625 0.7 0.75 0.65 0.875 0.65 0.75 0.7 0.875 0.65 1 0.65 0.875 0.65 0 0.7 0.125 0.65 0.125 0.65 0.125 0.7 0.25 0.65 0.25 0.65 0.25 0.7 0.375 0.65 0.375 0.7 0.375 0.65 0.5 0.65 0.375 0.7 0.5 0.75 0.625 0.7 0.625 0.7 0.625 0.75 0.75 0.7 0.75 0.75 0.75 0.7 0.875 0.7 0.75 0.7 0.875 0.75 1 0.7 1 0.75 0 0.7 0.125 0.7 0 0.7 0.125 0.75 0.25 0.7 0.25 0.75 0.25 0.7 0.375 0.7 0.25 0.75 0.375 0.7 0.5 0.7 0.375 0.8 0.5 0.75 0.625 0.75 0.5 0.8 0.625 0.75 0.75 0.75 0.625 0.8 0.75 0.75 0.875 0.75 0.75 0.8 0.875 0.75 1 0.75 0.875 0.8 0 0.75 0.125 0.75 0 0.75 0.125 0.8 0.25 0.75 0.25 0.8 0.25 0.75 0.375 0.75 0.25 0.8 0.375 0.75 0.5 0.75 0.375 0.85 0.5 0.8 0.625 0.8 0.5 0.85 0.625 0.8 0.75 0.8 0.625 0.85 0.75 0.8 0.875 0.8 0.75 0.85 0.875 0.8 1 0.8 0.875 0.8 0 0.85 0.125 0.8 0.125 0.8 0.125 0.85 0.25 0.8 0.25 0.8 0.25 0.85 0.375 0.8 0.375 0.8 0.375 0.85 0.5 0.8 0.5 0.9 0.5 0.85 0.625 0.85 0.5 0.85 0.625 0.9 0.75 0.85 0.75 0.85 0.75 0.9 0.875 0.85 0.875 0.9 0.875 0.85 1 0.85 0.875 0.9 0 0.85 0.125 0.85 0 0.9 0.125 0.85 0.25 0.85 0.125 0.9 0.25 0.85 0.375 0.85 0.25 0.85 0.375 0.9 0.5 0.85 0.5 0.95 0.5 0.9 0.625 0.9 0.5 0.9 0.625 0.95 0.75 0.9 0.75 0.95 0.75 0.9 0.875 0.9 0.75 0.9 0.875 0.95 1 0.9 1 0.95 0 0.9 0.125 0.9 0 0.9 0.125 0.95 0.25 0.9 0.25 0.95 0.25 0.9 0.375 0.9 0.25 0.9 0.375 0.95 0.5 0.9 0.5 1 0.5 0.95 0.625 0.95 0.5 1 0.625 0.95 0.75 0.95 0.625 1 0.75 0.95 0.875 0.95 0.75 0.95 0.875 1 1 0.95 1 1 0 0.95 0.125 0.95 0 0.95 0.125 1 0.25 0.95 0.25 0.95 0.25 1 0.375 0.95 0.375 0.95 0.375 1 0.5 0.95 0.5 0 0.5 0.04999995 0.625 0 0.625 0 0.625 0.04999995 0.75 0 0.75 0.04999995 0.75 0 0.875 0 0.75 0 0.875 0.04999995 1 0 1 0.04999995 0 0 0.125 0 0 0.04999995 0.125 0 0.25 0 0.125 0.04999995 0.25 0 0.375 0 0.25 0.04999995 0.375 0 0.5 0 0.375 0.1 0.5 0.04999995 0.625 0.04999995 0.5 0.04999995 0.625 0.1 0.75 0.04999995 0.75 0.04999995 0.75 0.1 0.875 0.04999995 0.875 0.04999995 0.875 0.1 1 0.04999995 1 0.1 0 0.04999995 0.125 0.04999995 0 0.1 0.125 0.04999995 0.25 0.04999995 0.125 0.1 0.25 0.04999995 0.375 0.04999995 0.25 0.1 0.375 0.04999995 0.5 0.04999995 0.375 0.1 0.5 0.15 0.625 0.1 0.625 0.15 0.625 0.1 0.75 0.1 0.625 0.1 0.75 0.15 0.875 0.1 0.875 0.15 0.875 0.1 1 0.1 0.875 0.1 0 0.15 0.125 0.1 0.125 0.15 0.125 0.1 0.25 0.1 0.125 0.1 0.25 0.15 0.375 0.1 0.375 0.15 0.375 0.1 0.5 0.1 0.375 0.15 0.5 0.2 0.625 0.15 0.625 0.2 0.625 0.15 0.75 0.15 0.625 0.15 0.75 0.2 0.875 0.15 0.875 0.2 0.875 0.15 1 0.15 0.875 0.15 0 0.2 0.125 0.15 0.125 0.2 0.125 0.15 0.25 0.15 0.125 0.15 0.25 0.2 0.375 0.15 0.375 0.2 0.375 0.15 0.5 0.15 0.375 0.2 0.5 0.25 0.625 0.2 0.625 0.25 0.625 0.2 0.75 0.2 0.625 0.25 0.75 0.2 0.875 0.2 0.75 0.25 0.875 0.2 1 0.2 0.875 0.25 0 0.2 0.125 0.2 0 0.2 0.125 0.25 0.25 0.2 0.25 0.2 0.25 0.25 0.375 0.2 0.375 0.25 0.375 0.2 0.5 0.2 0.375 0.25 0.5 0.3 0.625 0.25 0.625 0.25 0.625 0.3 0.75 0.25 0.75 0.25 0.75 0.3 0.875 0.25 0.875 0.25 0.875 0.3 1 0.25 1 0.3 0 0.25 0.125 0.25 0 0.3 0.125 0.25 0.25 0.25 0.125 0.3 0.25 0.25 0.375 0.25 0.25 0.3 0.375 0.25 0.5 0.25 0.375 0.35 0.5 0.3 0.625 0.3 0.5 0.35 0.625 0.3 0.75 0.3 0.625 0.3 0.75 0.35 0.875 0.3 0.875 0.35 0.875 0.3 1 0.3 0.875 0.35 0 0.3 0.125 0.3 0 0.35 0.125 0.3 0.25 0.3 0.125 0.35 0.25 0.3 0.375 0.3 0.25 0.35 0.375 0.3 0.5 0.3 0.375 0.4 0.5 0.35 0.625 0.35 0.5 0.35 0.625 0.4 0.75 0.35 0.75 0.35 0.75 0.4 0.875 0.35 0.875 0.4 0.875 0.35 1 0.35 0.875 0.35 0 0.4 0.125 0.35 0.125 0.4 0.125 0.35 0.25 0.35 0.125 0.4 0.25 0.35 0.375 0.35 0.25 0.35 0.375 0.4 0.5 0.35 0.5 0.45 0.5 0.4 0.625 0.4 0.5 0.45 0.625 0.4 0.75 0.4 0.625 0.4 0.75 0.45 0.875 0.4 0.875 0.4 0.875 0.45 1 0.4 1 0.45 0 0.4 0.125 0.4 0 0.45 0.125 0.4 0.25 0.4 0.125 0.4 0.25 0.45 0.375 0.4 0.375 0.4 0.375 0.45 0.5 0.4 0.5 0.5 0.5 0.45 0.625 0.45 0.5 0.45 0.625 0.5 0.75 0.45 0.75 0.5 0.75 0.45 0.875 0.45 0.75 0.5 0.875 0.45 1 0.45 0.875 0.5 0 0.45 0.125 0.45 0 0.5 0.125 0.45 0.25 0.45 0.125 0.5 0.25 0.45 0.375 0.45 0.25 0.5 0.375 0.45 0.5 0.45 0.375 0.55 0.5 0.5 0.625 0.5 0.5 0.55 0.625 0.5 0.75 0.5 0.625 0.55 0.75 0.5 0.875 0.5 0.75 0.55 0.875 0.5 1 0.5 0.875 0.5 0 0.55 0.125 0.5 0.125 0.5 0.125 0.55 0.25 0.5 0.25 0.5 0.25 0.55 0.375 0.5 0.375 0.55 0.375 0.5 0.5 0.5 0.375 0.5028243 0.4309452 0.5493506 0.3162305 0.5493506 0.4309452 0.5028243 0.3162305 0.5493506 0.1837694 0.5493506 0.3162305 0.5028243 0.1837694 0.5493507 0.06905478 0.5493506 0.1837694 0.5028243 0.06905478 0.5493507 0.002824187 0.5493507 0.06905478 0.5028242 0.8647147 0.5493506 0.75 0.5493506 0.8647147 0.5028242 0.75 0.5493506 0.6175389 0.5493506 0.75 0.5028242 0.6175389 0.5493506 0.5028242 0.5493506 0.6175389 0.5028243 0.5028242 0.5493506 0.4365936 0.5493506 0.5028242 0.5549991 0.4309452 0.6015254 0.3647147 0.6015254 0.4309452 0.5549991 0.3647147 0.6015255 0.25 0.6015254 0.3647147 0.06905472 0.06905478 0.4971758 0.1837694 0.1837694 0.4971758 0.5549991 0.25 0.6015255 0.1175389 0.6015255 0.25 0.5549991 0.1175389 0.6015255 0.002824187 0.6015255 0.1175389 0.1837694 0.5028242 0.4971758 0.8162305 0.06905478 0.9309452 0.6 0.5 0.55 0.625 0.55 0.5 0.55 0.625 0.6 0.75 0.55 0.75 0.55 0.75 0.6 0.875 0.55 0.875 0.6 0.875 0.55 1 0.55 0.875 0.55 0 0.6 0.125 0.55 0.125 0.6 0.125 0.55 0.25 0.55 0.125 0.6 0.25 0.55 0.375 0.55 0.25 0.6 0.375 0.55 0.5 0.55 0.375 0.65 0.5 0.6 0.625 0.6 0.5 0.65 0.625 0.6 0.75 0.6 0.625 0.65 0.75 0.6 0.875 0.6 0.75 0.6 0.875 0.65 1 0.6 1 0.65 0 0.6 0.125 0.6 0 0.6 0.125 0.65 0.25 0.6 0.25 0.6 0.25 0.65 0.375 0.6 0.375 0.65 0.375 0.6 0.5 0.6 0.375 0.65 0.5 0.7 0.625 0.65 0.625 0.65 0.625 0.7 0.75 0.65 0.75 0.65 0.75 0.7 0.875 0.65 0.875 0.65 0.875 0.7 1 0.65 1 0.7 0 0.65 0.125 0.65 0 0.7 0.125 0.65 0.25 0.65 0.125 0.7 0.25 0.65 0.375 0.65 0.25 0.7 0.375 0.65 0.5 0.65 0.375 0.7 0.5 0.75 0.625 0.7 0.625 0.7 0.625 0.75 0.75 0.7 0.75 0.7 0.75 0.75 0.875 0.7 0.875 0.7 0.875 0.75 1 0.7 1 0.75 0 0.7 0.125 0.7 0 0.75 0.125 0.7 0.25 0.7 0.125 0.75 0.25 0.7 0.375 0.7 0.25 0.75 0.375 0.7 0.5 0.7 0.375 0.75 0.5 0.8 0.625 0.75 0.625 0.75 0.625 0.8 0.75 0.75 0.75 0.8 0.75 0.75 0.875 0.75 0.75 0.8 0.875 0.75 1 0.75 0.875 0.8 0 0.75 0.125 0.75 0 0.75 0.125 0.8 0.25 0.75 0.25 0.8 0.25 0.75 0.375 0.75 0.25 0.8 0.375 0.75 0.5 0.75 0.375 0.85 0.5 0.8 0.625 0.8 0.5 0.85 0.625 0.8 0.75 0.8 0.625 0.8 0.75 0.85 0.875 0.8 0.875 0.85 0.875 0.8 1 0.8 0.875 0.8 0 0.85 0.125 0.8 0.125 0.85 0.125 0.8 0.25 0.8 0.125 0.8 0.25 0.85 0.375 0.8 0.375 0.8 0.375 0.85 0.5 0.8 0.5 0.9 0.5 0.85 0.625 0.85 0.5 0.9 0.625 0.85 0.75 0.85 0.625 0.85 0.75 0.9 0.875 0.85 0.875 0.9 0.875 0.85 1 0.85 0.875 0.9 0 0.85 0.125 0.85 0 0.9 0.125 0.85 0.25 0.85 0.125 0.85 0.25 0.9 0.375 0.85 0.375 0.85 0.375 0.9 0.5 0.85 0.5 0.95 0.5 0.9 0.625 0.9 0.5 0.9 0.625 0.95 0.75 0.9 0.75 0.95 0.75 0.9 0.875 0.9 0.75 0.95 0.875 0.9 1 0.9 0.875 0.9 0 0.95 0.125 0.9 0.125 0.9 0.125 0.95 0.25 0.9 0.25 0.95 0.25 0.9 0.375 0.9 0.25 0.9 0.375 0.95 0.5 0.9 0.5 1 0.5 0.95 0.625 0.95 0.5 1 0.625 0.95 0.75 0.95 0.625 1 0.75 0.95 0.875 0.95 0.75 1 0.875 0.95 1 0.95 0.875 0.95 0 1 0.125 0.95 0.125 0.95 0.125 1 0.25 0.95 0.25 0.95 0.25 1 0.375 0.95 0.375 0.95 0.375 1 0.5 0.95 0.5 0 0.5 0.04999995 0.625 0 0.625 0 0.625 0.04999995 0.75 0 0.75 0.04999995 0.75 0 0.875 0 0.75 0 0.875 0.04999995 1 0 1 0.04999995 0 0 0.125 0 0 0 0.125 0.04999995 0.25 0 0.25 0.04999995 0.25 0 0.375 0 0.25 0.04999995 0.375 0 0.5 0 0.375 0.1 0.5 0.04999995 0.625 0.04999995 0.5 0.04999995 0.625 0.1 0.75 0.04999995 0.75 0.04999995 0.75 0.1 0.875 0.04999995 0.875 0.04999995 0.875 0.1 1 0.04999995 1 0.1 0 0.04999995 0.125 0.04999995 0 0.1 0.125 0.04999995 0.25 0.04999995 0.125 0.1 0.25 0.04999995 0.375 0.04999995 0.25 0.1 0.375 0.04999995 0.5 0.04999995 0.375 0.1 0.5 0.15 0.625 0.1 0.625 0.15 0.625 0.1 0.75 0.1 0.625 0.1 0.75 0.15 0.875 0.1 0.875 0.1 0.875 0.15 1 0.1 1 0.15 0 0.1 0.125 0.1 0 0.15 0.125 0.1 0.25 0.1 0.125 0.1 0.25 0.15 0.375 0.1 0.375 0.15 0.375 0.1 0.5 0.1 0.375 0.15 0.5 0.2 0.625 0.15 0.625 0.2 0.625 0.15 0.75 0.15 0.625 0.15 0.75 0.2 0.875 0.15 0.875 0.15 0.875 0.2 1 0.15 1 0.2 0 0.15 0.125 0.15 0 0.2 0.125 0.15 0.25 0.15 0.125 0.15 0.25 0.2 0.375 0.15 0.375 0.2 0.375 0.15 0.5 0.15 0.375 0.2 0.5 0.25 0.625 0.2 0.625 0.2 0.625 0.25 0.75 0.2 0.75 0.25 0.75 0.2 0.875 0.2 0.75 0.25 0.875 0.2 1 0.2 0.875 0.25 0 0.2 0.125 0.2 0 0.2 0.125 0.25 0.25 0.2 0.25 0.25 0.25 0.2 0.375 0.2 0.25 0.25 0.375 0.2 0.5 0.2 0.375 0.25 0.5 0.3 0.625 0.25 0.625 0.25 0.625 0.3 0.75 0.25 0.75 0.3 0.75 0.25 0.875 0.25 0.75 0.25 0.875 0.3 1 0.25 1 0.3 0 0.25 0.125 0.25 0 0.25 0.125 0.3 0.25 0.25 0.25 0.3 0.25 0.25 0.375 0.25 0.25 0.3 0.375 0.25 0.5 0.25 0.375 0.35 0.5 0.3 0.625 0.3 0.5 0.35 0.625 0.3 0.75 0.3 0.625 0.3 0.75 0.35 0.875 0.3 0.875 0.35 0.875 0.3 1 0.3 0.875 0.35 0 0.3 0.125 0.3 0 0.35 0.125 0.3 0.25 0.3 0.125 0.3 0.25 0.35 0.375 0.3 0.375 0.3 0.375 0.35 0.5 0.3 0.5 0.4 0.5 0.35 0.625 0.35 0.5 0.4 0.625 0.35 0.75 0.35 0.625 0.35 0.75 0.4 0.875 0.35 0.875 0.4 0.875 0.35 1 0.35 0.875 0.35 0 0.4 0.125 0.35 0.125 0.4 0.125 0.35 0.25 0.35 0.125 0.35 0.25 0.4 0.375 0.35 0.375 0.4 0.375 0.35 0.5 0.35 0.375 0.4 0.5 0.45 0.625 0.4 0.625 0.4 0.625 0.45 0.75 0.4 0.75 0.4 0.75 0.45 0.875 0.4 0.875 0.45 0.875 0.4 1 0.4 0.875 0.4 0 0.45 0.125 0.4 0.125 0.45 0.125 0.4 0.25 0.4 0.125 0.45 0.25 0.4 0.375 0.4 0.25 0.45 0.375 0.4 0.5 0.4 0.375 0.45 0.5 0.5 0.625 0.45 0.625 0.5 0.625 0.45 0.75 0.45 0.625 0.5 0.75 0.45 0.875 0.45 0.75 0.45 0.875 0.5 1 0.45 1 0.5 0 0.45 0.125 0.45 0 0.45 0.125 0.5 0.25 0.45 0.25 0.45 0.25 0.5 0.375 0.45 0.375 0.5 0.375 0.45 0.5 0.45 0.375 0.5 0.5 0.55 0.625 0.5 0.625 0.5 0.625 0.55 0.75 0.5 0.75 0.55 0.75 0.5 0.875 0.5 0.75 0.5 0.875 0.55 1 0.5 1 0.55 0 0.5 0.125 0.5 0 0.5 0.125 0.55 0.25 0.5 0.25 0.55 0.25 0.5 0.375 0.5 0.25 0.55 0.375 0.5 0.5 0.5 0.375 0.5028243 0.4309452 0.5493506 0.3162305 0.5493506 0.4309452 0.5028243 0.3162305 0.5493506 0.1837694 0.5493506 0.3162305 0.5028243 0.1837694 0.5493507 0.06905478 0.5493506 0.1837694 0.5028243 0.06905478 0.5493507 0.002824187 0.5493507 0.06905478 0.5028242 0.8647147 0.5493506 0.75 0.5493506 0.8647147 0.5028242 0.75 0.5493506 0.6175389 0.5493506 0.75 0.5028242 0.6175389 0.5493506 0.5028242 0.5493506 0.6175389 0.5028243 0.5028242 0.5493506 0.4365936 0.5493506 0.5028242 0.5549991 0.4309452 0.6015254 0.3647147 0.6015254 0.4309452 0.5549991 0.3647147 0.6015255 0.25 0.6015254 0.3647147 0.06905472 0.06905478 0.4971758 0.1837694 0.1837694 0.4971758 0.5549991 0.25 0.6015255 0.1175389 0.6015255 0.25 0.5549991 0.1175389 0.6015255 0.002824187 0.6015255 0.1175389 0.1837694 0.5028242 0.4971758 0.8162305 0.06905478 0.9309452 0.55 0.5 0.6 0.5 0.6 0.625 0.6 0.625 0.6 0.75 0.55 0.75 0.6 0.75 0.6 0.875 0.55 0.875 0.6 0.875 0.6 1 0.55 1 0.55 0 0.6 0 0.6 0.125 0.6 0.125 0.6 0.25 0.55 0.25 0.55 0.25 0.6 0.25 0.6 0.375 0.6 0.375 0.6 0.5 0.55 0.5 0.6 0.5 0.65 0.5 0.65 0.625 0.6 0.625 0.65 0.625 0.65 0.75 0.65 0.75 0.65 0.875 0.6 0.875 0.6 0.875 0.65 0.875 0.65 1 0.65 0 0.65 0.125 0.6 0.125 0.6 0.125 0.65 0.125 0.65 0.25 0.65 0.25 0.65 0.375 0.6 0.375 0.65 0.375 0.65 0.5 0.6 0.5 0.65 0.5 0.7 0.5 0.7 0.625 0.7 0.625 0.7 0.75 0.65 0.75 0.65 0.75 0.7 0.75 0.7 0.875 0.65 0.875 0.7 0.875 0.7 1 0.7 0 0.7 0.125 0.65 0.125 0.7 0.125 0.7 0.25 0.65 0.25 0.65 0.25 0.7 0.25 0.7 0.375 0.7 0.375 0.7 0.5 0.65 0.5 0.7 0.5 0.75 0.5 0.75 0.625 0.7 0.625 0.75 0.625 0.75 0.75 0.7 0.75 0.75 0.75 0.75 0.875 0.7 0.875 0.75 0.875 0.75 1 0.75 0 0.75 0.125 0.7 0.125 0.75 0.125 0.75 0.25 0.7 0.25 0.75 0.25 0.75 0.375 0.7 0.375 0.75 0.375 0.75 0.5 0.7 0.5 0.75 0.5 0.8 0.5 0.8 0.625 0.75 0.625 0.8 0.625 0.8 0.75 0.8 0.75 0.8 0.875 0.75 0.875 0.8 0.875 0.8 1 0.75 1 0.8 0 0.8 0.125 0.75 0.125 0.75 0.125 0.8 0.125 0.8 0.25 0.8 0.25 0.8 0.375 0.75 0.375 0.8 0.375 0.8 0.5 0.75 0.5 0.85 0.5 0.85 0.625 0.8 0.625 0.85 0.625 0.85 0.75 0.8 0.75 0.8 0.75 0.85 0.75 0.85 0.875 0.85 0.875 0.85 1 0.8 1 0.8 0 0.85 0 0.85 0.125 0.85 0.125 0.85 0.25 0.8 0.25 0.8 0.25 0.85 0.25 0.85 0.375 0.8 0.375 0.85 0.375 0.85 0.5 0.9 0.5 0.9 0.625 0.85 0.625 0.9 0.625 0.9 0.75 0.85 0.75 0.85 0.75 0.9 0.75 0.9 0.875 0.9 0.875 0.9 1 0.85 1 0.9 0 0.9 0.125 0.85 0.125 0.9 0.125 0.9 0.25 0.85 0.25 0.85 0.25 0.9 0.25 0.9 0.375 0.85 0.375 0.9 0.375 0.9 0.5 0.95 0.5 0.95 0.625 0.9 0.625 0.9 0.625 0.95 0.625 0.95 0.75 0.95 0.75 0.95 0.875 0.9 0.875 0.95 0.875 0.95 1 0.9 1 0.9 0 0.95 0 0.95 0.125 0.9 0.125 0.95 0.125 0.95 0.25 0.95 0.25 0.95 0.375 0.9 0.375 0.9 0.375 0.95 0.375 0.95 0.5 0.95 0.5 1 0.5 1 0.625 1 0.625 1 0.75 0.95 0.75 1 0.75 1 0.875 0.95 0.875 1 0.875 1 1 0.95 1 0.95 0 1 0 1 0.125 0.95 0.125 1 0.125 1 0.25 0.95 0.25 1 0.25 1 0.375 1 0.375 1 0.5 0.95 0.5 0 0.5 0.04999995 0.5 0.04999995 0.625 0 0.625 0.04999995 0.625 0.04999995 0.75 0 0.75 0.04999995 0.75 0.04999995 0.875 0 0.875 0.04999995 0.875 0.04999995 1 0.04999995 0 0.04999995 0.125 0 0.125 0.04999995 0.125 0.04999995 0.25 0 0.25 0.04999995 0.25 0.04999995 0.375 0 0.375 0.04999995 0.375 0.04999995 0.5 0 0.5 0.1 0.5 0.1 0.625 0.04999995 0.625 0.04999995 0.625 0.1 0.625 0.1 0.75 0.04999995 0.75 0.1 0.75 0.1 0.875 0.04999995 0.875 0.1 0.875 0.1 1 0.1 0 0.1 0.125 0.04999995 0.125 0.1 0.125 0.1 0.25 0.04999995 0.25 0.1 0.25 0.1 0.375 0.04999995 0.375 0.04999995 0.375 0.1 0.375 0.1 0.5 0.1 0.5 0.15 0.5 0.15 0.625 0.15 0.625 0.15 0.75 0.1 0.75 0.1 0.75 0.15 0.75 0.15 0.875 0.1 0.875 0.15 0.875 0.15 1 0.15 0 0.15 0.125 0.1 0.125 0.15 0.125 0.15 0.25 0.1 0.25 0.15 0.25 0.15 0.375 0.1 0.375 0.15 0.375 0.15 0.5 0.1 0.5 0.15 0.5 0.2 0.5 0.2 0.625 0.2 0.625 0.2 0.75 0.15 0.75 0.15 0.75 0.2 0.75 0.2 0.875 0.15 0.875 0.2 0.875 0.2 1 0.2 0 0.2 0.125 0.15 0.125 0.2 0.125 0.2 0.25 0.15 0.25 0.15 0.25 0.2 0.25 0.2 0.375 0.2 0.375 0.2 0.5 0.15 0.5 0.2 0.5 0.25 0.5 0.25 0.625 0.2 0.625 0.25 0.625 0.25 0.75 0.25 0.75 0.25 0.875 0.2 0.875 0.25 0.875 0.25 1 0.2 1 0.25 0 0.25 0.125 0.2 0.125 0.2 0.125 0.25 0.125 0.25 0.25 0.25 0.25 0.25 0.375 0.2 0.375 0.25 0.375 0.25 0.5 0.2 0.5 0.25 0.5 0.3 0.5 0.3 0.625 0.25 0.625 0.3 0.625 0.3 0.75 0.3 0.75 0.3 0.875 0.25 0.875 0.25 0.875 0.3 0.875 0.3 1 0.3 0 0.3 0.125 0.25 0.125 0.25 0.125 0.3 0.125 0.3 0.25 0.3 0.25 0.3 0.375 0.25 0.375 0.3 0.375 0.3 0.5 0.25 0.5 0.35 0.5 0.35 0.625 0.3 0.625 0.35 0.625 0.35 0.75 0.3 0.75 0.3 0.75 0.35 0.75 0.35 0.875 0.35 0.875 0.35 1 0.3 1 0.35 0 0.35 0.125 0.3 0.125 0.35 0.125 0.35 0.25 0.3 0.25 0.3 0.25 0.35 0.25 0.35 0.375 0.3 0.375 0.35 0.375 0.35 0.5 0.4 0.5 0.4 0.625 0.35 0.625 0.4 0.625 0.4 0.75 0.35 0.75 0.35 0.75 0.4 0.75 0.4 0.875 0.4 0.875 0.4 1 0.35 1 0.35 0 0.4 0 0.4 0.125 0.4 0.125 0.4 0.25 0.35 0.25 0.35 0.25 0.4 0.25 0.4 0.375 0.4 0.375 0.4 0.5 0.35 0.5 0.45 0.5 0.45 0.625 0.4 0.625 0.45 0.625 0.45 0.75 0.4 0.75 0.4 0.75 0.45 0.75 0.45 0.875 0.45 0.875 0.45 1 0.4 1 0.4 0 0.45 0 0.45 0.125 0.45 0.125 0.45 0.25 0.4 0.25 0.4 0.25 0.45 0.25 0.45 0.375 0.45 0.375 0.45 0.5 0.4 0.5 0.5 0.5 0.5 0.625 0.45 0.625 0.45 0.625 0.5 0.625 0.5 0.75 0.45 0.75 0.5 0.75 0.5 0.875 0.45 0.875 0.5 0.875 0.5 1 0.5 0 0.5 0.125 0.45 0.125 0.5 0.125 0.5 0.25 0.45 0.25 0.5 0.25 0.5 0.375 0.45 0.375 0.5 0.375 0.5 0.5 0.45 0.5 0.55 0.5 0.55 0.625 0.5 0.625 0.55 0.625 0.55 0.75 0.5 0.75 0.55 0.75 0.55 0.875 0.5 0.875 0.5 0.875 0.55 0.875 0.55 1 0.55 0 0.55 0.125 0.5 0.125 0.5 0.125 0.55 0.125 0.55 0.25 0.5 0.25 0.55 0.25 0.55 0.375 0.55 0.375 0.55 0.5 0.5 0.5 0.5028243 0.4309452 0.5028243 0.3162305 0.5493506 0.3162305 0.5028243 0.3162305 0.5028243 0.1837694 0.5493506 0.1837694 0.5028243 0.1837694 0.5028243 0.06905478 0.5493507 0.06905478 0.5028243 0.06905478 0.5028243 0.002824187 0.5493507 0.002824187 0.5028242 0.8647147 0.5028242 0.75 0.5493506 0.75 0.5028242 0.75 0.5028242 0.6175389 0.5493506 0.6175389 0.5028242 0.6175389 0.5028243 0.5028242 0.5493506 0.5028242 0.5028243 0.5028242 0.5028243 0.4365936 0.5493506 0.4365936 0.5549991 0.4309452 0.5549991 0.3647147 0.6015254 0.3647147 0.5549991 0.3647147 0.5549991 0.25 0.6015255 0.25 0.1837694 0.4971758 0.06905478 0.4309452 0.06905472 0.06905478 0.06905478 0.4309452 0.002824187 0.3162305 0.06905472 0.06905478 0.002824187 0.3162305 0.002824187 0.1837694 0.06905472 0.06905478 0.06905472 0.06905478 0.1837694 0.002824187 0.4971758 0.1837694 0.1837694 0.002824187 0.3162305 0.002824187 0.4971758 0.1837694 0.3162305 0.002824187 0.4309452 0.06905472 0.4971758 0.1837694 0.4971758 0.1837694 0.4971758 0.3162305 0.4309452 0.4309452 0.4309452 0.4309452 0.3162305 0.4971758 0.4971758 0.1837694 0.3162305 0.4971758 0.1837694 0.4971758 0.4971758 0.1837694 0.5549991 0.25 0.5549991 0.1175389 0.6015255 0.1175389 0.5549991 0.1175389 0.5549991 0.002824187 0.6015255 0.002824187 0.06905478 0.9309452 0.002824187 0.8162305 0.1837694 0.5028242 0.002824187 0.8162305 0.002824187 0.6837695 0.1837694 0.5028242 0.002824187 0.6837695 0.06905472 0.5690548 0.1837694 0.5028242 0.1837694 0.5028242 0.3162305 0.5028242 0.4309452 0.5690547 0.4309452 0.5690547 0.4971758 0.6837694 0.1837694 0.5028242 0.4971758 0.6837694 0.4971758 0.8162305 0.1837694 0.5028242 0.4971758 0.8162305 0.4309452 0.9309452 0.3162305 0.9971758 0.3162305 0.9971758 0.1837694 0.9971758 0.06905478 0.9309452 0.4971758 0.8162305 0.3162305 0.9971758 0.06905478 0.9309452 0.55 0.5 0.6 0.5 0.6 0.625 0.6 0.625 0.6 0.75 0.55 0.75 0.6 0.75 0.6 0.875 0.55 0.875 0.6 0.875 0.6 1 0.55 1 0.6 0 0.6 0.125 0.55 0.125 0.6 0.125 0.6 0.25 0.55 0.25 0.55 0.25 0.6 0.25 0.6 0.375 0.6 0.375 0.6 0.5 0.55 0.5 0.6 0.5 0.65 0.5 0.65 0.625 0.6 0.625 0.65 0.625 0.65 0.75 0.6 0.75 0.65 0.75 0.65 0.875 0.65 0.875 0.65 1 0.6 1 0.6 0 0.65 0 0.65 0.125 0.65 0.125 0.65 0.25 0.6 0.25 0.65 0.25 0.65 0.375 0.6 0.375 0.65 0.375 0.65 0.5 0.6 0.5 0.65 0.5 0.7 0.5 0.7 0.625 0.7 0.625 0.7 0.75 0.65 0.75 0.7 0.75 0.7 0.875 0.65 0.875 0.7 0.875 0.7 1 0.65 1 0.65 0 0.7 0 0.7 0.125 0.65 0.125 0.7 0.125 0.7 0.25 0.65 0.25 0.7 0.25 0.7 0.375 0.7 0.375 0.7 0.5 0.65 0.5 0.7 0.5 0.75 0.5 0.75 0.625 0.7 0.625 0.75 0.625 0.75 0.75 0.75 0.75 0.75 0.875 0.7 0.875 0.7 0.875 0.75 0.875 0.75 1 0.75 0 0.75 0.125 0.7 0.125 0.7 0.125 0.75 0.125 0.75 0.25 0.75 0.25 0.75 0.375 0.7 0.375 0.75 0.375 0.75 0.5 0.7 0.5 0.8 0.5 0.8 0.625 0.75 0.625 0.8 0.625 0.8 0.75 0.75 0.75 0.8 0.75 0.8 0.875 0.75 0.875 0.8 0.875 0.8 1 0.75 1 0.8 0 0.8 0.125 0.75 0.125 0.75 0.125 0.8 0.125 0.8 0.25 0.8 0.25 0.8 0.375 0.75 0.375 0.8 0.375 0.8 0.5 0.75 0.5 0.85 0.5 0.85 0.625 0.8 0.625 0.85 0.625 0.85 0.75 0.8 0.75 0.85 0.75 0.85 0.875 0.8 0.875 0.85 0.875 0.85 1 0.8 1 0.8 0 0.85 0 0.85 0.125 0.8 0.125 0.85 0.125 0.85 0.25 0.8 0.25 0.85 0.25 0.85 0.375 0.8 0.375 0.85 0.375 0.85 0.5 0.9 0.5 0.9 0.625 0.85 0.625 0.85 0.625 0.9 0.625 0.9 0.75 0.85 0.75 0.9 0.75 0.9 0.875 0.9 0.875 0.9 1 0.85 1 0.9 0 0.9 0.125 0.85 0.125 0.9 0.125 0.9 0.25 0.85 0.25 0.9 0.25 0.9 0.375 0.85 0.375 0.85 0.375 0.9 0.375 0.9 0.5 0.95 0.5 0.95 0.625 0.9 0.625 0.9 0.625 0.95 0.625 0.95 0.75 0.95 0.75 0.95 0.875 0.9 0.875 0.9 0.875 0.95 0.875 0.95 1 0.95 0 0.95 0.125 0.9 0.125 0.9 0.125 0.95 0.125 0.95 0.25 0.95 0.25 0.95 0.375 0.9 0.375 0.9 0.375 0.95 0.375 0.95 0.5 1 0.5 1 0.625 0.95 0.625 1 0.625 1 0.75 0.95 0.75 1 0.75 1 0.875 0.95 0.875 0.95 0.875 1 0.875 1 1 1 0 1 0.125 0.95 0.125 0.95 0.125 1 0.125 1 0.25 0.95 0.25 1 0.25 1 0.375 0.95 0.375 1 0.375 1 0.5 0 0.5 0.04999995 0.5 0.04999995 0.625 0 0.625 0.04999995 0.625 0.04999995 0.75 0.04999995 0.75 0.04999995 0.875 0 0.875 0 0.875 0.04999995 0.875 0.04999995 1 0.04999995 0 0.04999995 0.125 0 0.125 0.04999995 0.125 0.04999995 0.25 0 0.25 0.04999995 0.25 0.04999995 0.375 0 0.375 0.04999995 0.375 0.04999995 0.5 0 0.5 0.1 0.5 0.1 0.625 0.04999995 0.625 0.04999995 0.625 0.1 0.625 0.1 0.75 0.04999995 0.75 0.1 0.75 0.1 0.875 0.04999995 0.875 0.1 0.875 0.1 1 0.1 0 0.1 0.125 0.04999995 0.125 0.1 0.125 0.1 0.25 0.04999995 0.25 0.1 0.25 0.1 0.375 0.04999995 0.375 0.1 0.375 0.1 0.5 0.04999995 0.5 0.1 0.5 0.15 0.5 0.15 0.625 0.15 0.625 0.15 0.75 0.1 0.75 0.1 0.75 0.15 0.75 0.15 0.875 0.15 0.875 0.15 1 0.1 1 0.1 0 0.15 0 0.15 0.125 0.15 0.125 0.15 0.25 0.1 0.25 0.1 0.25 0.15 0.25 0.15 0.375 0.15 0.375 0.15 0.5 0.1 0.5 0.15 0.5 0.2 0.5 0.2 0.625 0.2 0.625 0.2 0.75 0.15 0.75 0.15 0.75 0.2 0.75 0.2 0.875 0.2 0.875 0.2 1 0.15 1 0.15 0 0.2 0 0.2 0.125 0.2 0.125 0.2 0.25 0.15 0.25 0.15 0.25 0.2 0.25 0.2 0.375 0.2 0.375 0.2 0.5 0.15 0.5 0.2 0.5 0.25 0.5 0.25 0.625 0.25 0.625 0.25 0.75 0.2 0.75 0.25 0.75 0.25 0.875 0.2 0.875 0.25 0.875 0.25 1 0.2 1 0.25 0 0.25 0.125 0.2 0.125 0.2 0.125 0.25 0.125 0.25 0.25 0.2 0.25 0.25 0.25 0.25 0.375 0.25 0.375 0.25 0.5 0.2 0.5 0.25 0.5 0.3 0.5 0.3 0.625 0.25 0.625 0.3 0.625 0.3 0.75 0.25 0.75 0.3 0.75 0.3 0.875 0.25 0.875 0.3 0.875 0.3 1 0.3 0 0.3 0.125 0.25 0.125 0.3 0.125 0.3 0.25 0.25 0.25 0.3 0.25 0.3 0.375 0.25 0.375 0.3 0.375 0.3 0.5 0.25 0.5 0.35 0.5 0.35 0.625 0.3 0.625 0.35 0.625 0.35 0.75 0.3 0.75 0.3 0.75 0.35 0.75 0.35 0.875 0.35 0.875 0.35 1 0.3 1 0.35 0 0.35 0.125 0.3 0.125 0.35 0.125 0.35 0.25 0.3 0.25 0.35 0.25 0.35 0.375 0.3 0.375 0.35 0.375 0.35 0.5 0.3 0.5 0.4 0.5 0.4 0.625 0.35 0.625 0.35 0.625 0.4 0.625 0.4 0.75 0.35 0.75 0.4 0.75 0.4 0.875 0.4 0.875 0.4 1 0.35 1 0.35 0 0.4 0 0.4 0.125 0.4 0.125 0.4 0.25 0.35 0.25 0.4 0.25 0.4 0.375 0.35 0.375 0.35 0.375 0.4 0.375 0.4 0.5 0.45 0.5 0.45 0.625 0.4 0.625 0.45 0.625 0.45 0.75 0.4 0.75 0.4 0.75 0.45 0.75 0.45 0.875 0.4 0.875 0.45 0.875 0.45 1 0.45 0 0.45 0.125 0.4 0.125 0.45 0.125 0.45 0.25 0.4 0.25 0.4 0.25 0.45 0.25 0.45 0.375 0.4 0.375 0.45 0.375 0.45 0.5 0.5 0.5 0.5 0.625 0.45 0.625 0.45 0.625 0.5 0.625 0.5 0.75 0.5 0.75 0.5 0.875 0.45 0.875 0.5 0.875 0.5 1 0.45 1 0.5 0 0.5 0.125 0.45 0.125 0.5 0.125 0.5 0.25 0.45 0.25 0.5 0.25 0.5 0.375 0.45 0.375 0.5 0.375 0.5 0.5 0.45 0.5 0.55 0.5 0.55 0.625 0.5 0.625 0.55 0.625 0.55 0.75 0.5 0.75 0.55 0.75 0.55 0.875 0.5 0.875 0.55 0.875 0.55 1 0.5 1 0.5 0 0.55 0 0.55 0.125 0.5 0.125 0.55 0.125 0.55 0.25 0.5 0.25 0.55 0.25 0.55 0.375 0.55 0.375 0.55 0.5 0.5 0.5 0.5028243 0.4309452 0.5028243 0.3162305 0.5493506 0.3162305 0.5028243 0.3162305 0.5028243 0.1837694 0.5493506 0.1837694 0.5028243 0.1837694 0.5028243 0.06905478 0.5493507 0.06905478 0.5028243 0.06905478 0.5028243 0.002824187 0.5493507 0.002824187 0.5028242 0.8647147 0.5028242 0.75 0.5493506 0.75 0.5028242 0.75 0.5028242 0.6175389 0.5493506 0.6175389 0.5028242 0.6175389 0.5028243 0.5028242 0.5493506 0.5028242 0.5028243 0.5028242 0.5028243 0.4365936 0.5493506 0.4365936 0.5549991 0.4309452 0.5549991 0.3647147 0.6015254 0.3647147 0.5549991 0.3647147 0.5549991 0.25 0.6015255 0.25 0.1837694 0.4971758 0.06905478 0.4309452 0.002824187 0.3162305 0.002824187 0.3162305 0.002824187 0.1837694 0.06905472 0.06905478 0.06905472 0.06905478 0.1837694 0.002824187 0.3162305 0.002824187 0.3162305 0.002824187 0.4309452 0.06905472 0.4971758 0.1837694 0.4971758 0.1837694 0.4971758 0.3162305 0.4309452 0.4309452 0.4309452 0.4309452 0.3162305 0.4971758 0.1837694 0.4971758 0.1837694 0.4971758 0.002824187 0.3162305 0.06905472 0.06905478 0.06905472 0.06905478 0.3162305 0.002824187 0.4971758 0.1837694 0.4971758 0.1837694 0.4309452 0.4309452 0.1837694 0.4971758 0.5549991 0.25 0.5549991 0.1175389 0.6015255 0.1175389 0.5549991 0.1175389 0.5549991 0.002824187 0.6015255 0.002824187 0.06905478 0.9309452 0.002824187 0.8162305 0.002824187 0.6837695 0.002824187 0.6837695 0.06905472 0.5690548 0.1837694 0.5028242 0.1837694 0.5028242 0.3162305 0.5028242 0.4309452 0.5690547 0.4309452 0.5690547 0.4971758 0.6837694 0.4971758 0.8162305 0.4971758 0.8162305 0.4309452 0.9309452 0.3162305 0.9971758 0.3162305 0.9971758 0.1837694 0.9971758 0.06905478 0.9309452 0.06905478 0.9309452 0.002824187 0.6837695 0.1837694 0.5028242 0.1837694 0.5028242 0.4309452 0.5690547 0.4971758 0.8162305 0.4971758 0.8162305 0.3162305 0.9971758 0.06905478 0.9309452 0.6 0.5 0.6 0.625 0.55 0.625 0.55 0.625 0.6 0.625 0.6 0.75 0.55 0.75 0.6 0.75 0.6 0.875 0.6 0.875 0.6 1 0.55 1 0.55 0 0.6 0 0.6 0.125 0.6 0.125 0.6 0.25 0.55 0.25 0.6 0.25 0.6 0.375 0.55 0.375 0.6 0.375 0.6 0.5 0.55 0.5 0.65 0.5 0.65 0.625 0.6 0.625 0.65 0.625 0.65 0.75 0.6 0.75 0.65 0.75 0.65 0.875 0.6 0.875 0.6 0.875 0.65 0.875 0.65 1 0.65 0 0.65 0.125 0.6 0.125 0.6 0.125 0.65 0.125 0.65 0.25 0.6 0.25 0.65 0.25 0.65 0.375 0.65 0.375 0.65 0.5 0.6 0.5 0.65 0.5 0.7 0.5 0.7 0.625 0.65 0.625 0.7 0.625 0.7 0.75 0.65 0.75 0.7 0.75 0.7 0.875 0.65 0.875 0.7 0.875 0.7 1 0.7 0 0.7 0.125 0.65 0.125 0.7 0.125 0.7 0.25 0.65 0.25 0.7 0.25 0.7 0.375 0.65 0.375 0.7 0.375 0.7 0.5 0.65 0.5 0.7 0.5 0.75 0.5 0.75 0.625 0.7 0.625 0.75 0.625 0.75 0.75 0.7 0.75 0.75 0.75 0.75 0.875 0.7 0.875 0.75 0.875 0.75 1 0.75 0 0.75 0.125 0.7 0.125 0.75 0.125 0.75 0.25 0.7 0.25 0.75 0.25 0.75 0.375 0.7 0.375 0.75 0.375 0.75 0.5 0.7 0.5 0.75 0.5 0.8 0.5 0.8 0.625 0.75 0.625 0.8 0.625 0.8 0.75 0.8 0.75 0.8 0.875 0.75 0.875 0.8 0.875 0.8 1 0.75 1 0.8 0 0.8 0.125 0.75 0.125 0.75 0.125 0.8 0.125 0.8 0.25 0.8 0.25 0.8 0.375 0.75 0.375 0.8 0.375 0.8 0.5 0.75 0.5 0.85 0.5 0.85 0.625 0.8 0.625 0.85 0.625 0.85 0.75 0.8 0.75 0.8 0.75 0.85 0.75 0.85 0.875 0.85 0.875 0.85 1 0.8 1 0.8 0 0.85 0 0.85 0.125 0.85 0.125 0.85 0.25 0.8 0.25 0.8 0.25 0.85 0.25 0.85 0.375 0.8 0.375 0.85 0.375 0.85 0.5 0.9 0.5 0.9 0.625 0.85 0.625 0.9 0.625 0.9 0.75 0.85 0.75 0.85 0.75 0.9 0.75 0.9 0.875 0.9 0.875 0.9 1 0.85 1 0.9 0 0.9 0.125 0.85 0.125 0.9 0.125 0.9 0.25 0.85 0.25 0.85 0.25 0.9 0.25 0.9 0.375 0.85 0.375 0.9 0.375 0.9 0.5 0.95 0.5 0.95 0.625 0.9 0.625 0.9 0.625 0.95 0.625 0.95 0.75 0.95 0.75 0.95 0.875 0.9 0.875 0.95 0.875 0.95 1 0.9 1 0.9 0 0.95 0 0.95 0.125 0.9 0.125 0.95 0.125 0.95 0.25 0.95 0.25 0.95 0.375 0.9 0.375 0.9 0.375 0.95 0.375 0.95 0.5 1 0.5 1 0.625 0.95 0.625 1 0.625 1 0.75 0.95 0.75 1 0.75 1 0.875 0.95 0.875 1 0.875 1 1 0.95 1 0.95 0 1 0 1 0.125 0.95 0.125 1 0.125 1 0.25 0.95 0.25 1 0.25 1 0.375 0.95 0.375 1 0.375 1 0.5 0 0.5 0.04999995 0.5 0.04999995 0.625 0 0.625 0.04999995 0.625 0.04999995 0.75 0.04999995 0.75 0.04999995 0.875 0 0.875 0 0.875 0.04999995 0.875 0.04999995 1 0.04999995 0 0.04999995 0.125 0 0.125 0 0.125 0.04999995 0.125 0.04999995 0.25 0.04999995 0.25 0.04999995 0.375 0 0.375 0.04999995 0.375 0.04999995 0.5 0 0.5 0.1 0.5 0.1 0.625 0.04999995 0.625 0.04999995 0.625 0.1 0.625 0.1 0.75 0.04999995 0.75 0.1 0.75 0.1 0.875 0.04999995 0.875 0.1 0.875 0.1 1 0.1 0 0.1 0.125 0.04999995 0.125 0.1 0.125 0.1 0.25 0.04999995 0.25 0.1 0.25 0.1 0.375 0.04999995 0.375 0.1 0.375 0.1 0.5 0.04999995 0.5 0.1 0.5 0.15 0.5 0.15 0.625 0.15 0.625 0.15 0.75 0.1 0.75 0.1 0.75 0.15 0.75 0.15 0.875 0.1 0.875 0.15 0.875 0.15 1 0.15 0 0.15 0.125 0.1 0.125 0.15 0.125 0.15 0.25 0.1 0.25 0.1 0.25 0.15 0.25 0.15 0.375 0.15 0.375 0.15 0.5 0.1 0.5 0.15 0.5 0.2 0.5 0.2 0.625 0.2 0.625 0.2 0.75 0.15 0.75 0.15 0.75 0.2 0.75 0.2 0.875 0.15 0.875 0.2 0.875 0.2 1 0.2 0 0.2 0.125 0.15 0.125 0.2 0.125 0.2 0.25 0.15 0.25 0.15 0.25 0.2 0.25 0.2 0.375 0.2 0.375 0.2 0.5 0.15 0.5 0.2 0.5 0.25 0.5 0.25 0.625 0.2 0.625 0.25 0.625 0.25 0.75 0.25 0.75 0.25 0.875 0.2 0.875 0.25 0.875 0.25 1 0.2 1 0.25 0 0.25 0.125 0.2 0.125 0.2 0.125 0.25 0.125 0.25 0.25 0.25 0.25 0.25 0.375 0.2 0.375 0.25 0.375 0.25 0.5 0.2 0.5 0.25 0.5 0.3 0.5 0.3 0.625 0.25 0.625 0.3 0.625 0.3 0.75 0.3 0.75 0.3 0.875 0.25 0.875 0.25 0.875 0.3 0.875 0.3 1 0.3 0 0.3 0.125 0.25 0.125 0.25 0.125 0.3 0.125 0.3 0.25 0.3 0.25 0.3 0.375 0.25 0.375 0.3 0.375 0.3 0.5 0.25 0.5 0.35 0.5 0.35 0.625 0.3 0.625 0.35 0.625 0.35 0.75 0.3 0.75 0.3 0.75 0.35 0.75 0.35 0.875 0.35 0.875 0.35 1 0.3 1 0.35 0 0.35 0.125 0.3 0.125 0.35 0.125 0.35 0.25 0.3 0.25 0.3 0.25 0.35 0.25 0.35 0.375 0.3 0.375 0.35 0.375 0.35 0.5 0.4 0.5 0.4 0.625 0.35 0.625 0.4 0.625 0.4 0.75 0.35 0.75 0.35 0.75 0.4 0.75 0.4 0.875 0.4 0.875 0.4 1 0.35 1 0.35 0 0.4 0 0.4 0.125 0.4 0.125 0.4 0.25 0.35 0.25 0.35 0.25 0.4 0.25 0.4 0.375 0.4 0.375 0.4 0.5 0.35 0.5 0.4 0.5 0.45 0.5 0.45 0.625 0.4 0.625 0.45 0.625 0.45 0.75 0.4 0.75 0.45 0.75 0.45 0.875 0.45 0.875 0.45 1 0.4 1 0.4 0 0.45 0 0.45 0.125 0.45 0.125 0.45 0.25 0.4 0.25 0.45 0.25 0.45 0.375 0.4 0.375 0.45 0.375 0.45 0.5 0.4 0.5 0.45 0.5 0.5 0.5 0.5 0.625 0.5 0.625 0.5 0.75 0.45 0.75 0.5 0.75 0.5 0.875 0.45 0.875 0.45 0.875 0.5 0.875 0.5 1 0.5 0 0.5 0.125 0.45 0.125 0.45 0.125 0.5 0.125 0.5 0.25 0.45 0.25 0.5 0.25 0.5 0.375 0.5 0.375 0.5 0.5 0.45 0.5 0.5 0.5 0.55 0.5 0.55 0.625 0.5 0.625 0.55 0.625 0.55 0.75 0.55 0.75 0.55 0.875 0.5 0.875 0.5 0.875 0.55 0.875 0.55 1 0.55 0 0.55 0.125 0.5 0.125 0.5 0.125 0.55 0.125 0.55 0.25 0.55 0.25 0.55 0.375 0.5 0.375 0.55 0.375 0.55 0.5 0.5 0.5 0.5028243 0.4309452 0.5028243 0.3162305 0.5493506 0.3162305 0.5028243 0.3162305 0.5028243 0.1837694 0.5493506 0.1837694 0.5028243 0.1837694 0.5028243 0.06905478 0.5493507 0.06905478 0.5028243 0.06905478 0.5028243 0.002824187 0.5493507 0.002824187 0.5028242 0.8647147 0.5028242 0.75 0.5493506 0.75 0.5028242 0.75 0.5028242 0.6175389 0.5493506 0.6175389 0.5028242 0.6175389 0.5028243 0.5028242 0.5493506 0.5028242 0.5028243 0.5028242 0.5028243 0.4365936 0.5493506 0.4365936 0.5549991 0.4309452 0.5549991 0.3647147 0.6015254 0.3647147 0.5549991 0.3647147 0.5549991 0.25 0.6015255 0.25 0.1837694 0.4971758 0.06905478 0.4309452 0.06905472 0.06905478 0.06905478 0.4309452 0.002824187 0.3162305 0.06905472 0.06905478 0.002824187 0.3162305 0.002824187 0.1837694 0.06905472 0.06905478 0.06905472 0.06905478 0.1837694 0.002824187 0.4971758 0.1837694 0.1837694 0.002824187 0.3162305 0.002824187 0.4971758 0.1837694 0.3162305 0.002824187 0.4309452 0.06905472 0.4971758 0.1837694 0.4971758 0.1837694 0.4971758 0.3162305 0.4309452 0.4309452 0.4309452 0.4309452 0.3162305 0.4971758 0.4971758 0.1837694 0.3162305 0.4971758 0.1837694 0.4971758 0.4971758 0.1837694 0.5549991 0.25 0.5549991 0.1175389 0.6015255 0.1175389 0.5549991 0.1175389 0.5549991 0.002824187 0.6015255 0.002824187 0.06905478 0.9309452 0.002824187 0.8162305 0.1837694 0.5028242 0.002824187 0.8162305 0.002824187 0.6837695 0.1837694 0.5028242 0.002824187 0.6837695 0.06905472 0.5690548 0.1837694 0.5028242 0.1837694 0.5028242 0.3162305 0.5028242 0.4309452 0.5690547 0.4309452 0.5690547 0.4971758 0.6837694 0.1837694 0.5028242 0.4971758 0.6837694 0.4971758 0.8162305 0.1837694 0.5028242 0.4971758 0.8162305 0.4309452 0.9309452 0.3162305 0.9971758 0.3162305 0.9971758 0.1837694 0.9971758 0.06905478 0.9309452 0.4971758 0.8162305 0.3162305 0.9971758 0.06905478 0.9309452</float_array>
          <technique_common>
            <accessor source="#tire_row_3_a800-mesh-map-0-array" count="3276" stride="2">
              <param name="S" type="float"/>
              <param name="T" type="float"/>
            </accessor>
          </technique_common>
        </source>
        <vertices id="tire_row_3_a800-mesh-vertices">
          <input semantic="POSITION" source="#tire_row_3_a800-mesh-positions"/>
        </vertices>
        <triangles material="tire_006-material" count="960">
          <input semantic="VERTEX" source="#tire_row_3_a800-mesh-vertices" offset="0"/>
          <input semantic="NORMAL" source="#tire_row_3_a800-mesh-normals" offset="1"/>
          <input semantic="TEXCOORD" source="#tire_row_3_a800-mesh-map-0" offset="2" set="0"/>
          <p>0 0 0 9 0 1 1 0 2 9 1 3 2 1 4 1 1 5 10 2 6 3 2 7 2 2 8 11 3 9 4 3 10 3 3 11 4 4 12 13 4 13 5 4 14 13 5 15 6 5 16 5 5 17 6 6 18 15 6 19 7 6 20 15 7 21 0 7 22 7 7 23 8 8 24 17 8 25 9 8 26 9 9 27 18 9 28 10 9 29 18 10 30 11 10 31 10 10 32 11 11 33 20 11 34 12 11 35 20 12 36 13 12 37 12 12 38 13 13 39 22 13 40 14 13 41 22 14 42 15 14 43 14 14 44 23 15 45 8 15 46 15 15 47 16 16 48 25 16 49 17 16 50 25 17 51 18 17 52 17 17 53 18 18 54 27 18 55 19 18 56 19 19 57 28 19 58 20 19 59 28 20 60 21 20 61 20 20 62 29 21 63 22 21 64 21 21 65 22 22 66 31 22 67 23 22 68 31 23 69 16 23 70 23 23 71 24 24 72 33 24 73 25 24 74 25 25 75 34 25 76 26 25 77 26 26 78 35 26 79 27 26 80 27 27 81 36 27 82 28 27 83 36 28 84 29 28 85 28 28 86 37 29 87 30 29 88 29 29 89 38 30 90 31 30 91 30 30 92 39 31 93 24 31 94 31 31 95 32 32 96 41 32 97 33 32 98 33 33 99 42 33 100 34 33 101 42 34 102 35 34 103 34 34 104 43 35 105 36 35 106 35 35 107 44 36 108 37 36 109 36 36 110 37 37 111 46 37 112 38 37 113 46 38 114 39 38 115 38 38 116 47 39 117 32 39 118 39 39 119 48 40 120 41 40 121 40 40 122 49 41 123 42 41 124 41 41 125 42 42 126 51 42 127 43 42 128 51 43 129 44 43 130 43 43 131 44 44 132 53 44 133 45 44 134 53 45 135 46 45 136 45 45 137 46 46 138 55 46 139 47 46 140 47 47 141 48 47 142 40 47 143 56 48 144 49 48 145 48 48 146 57 49 147 50 49 148 49 49 149 50 50 150 59 50 151 51 50 152 59 51 153 52 51 154 51 51 155 60 52 156 53 52 157 52 52 158 61 53 159 54 53 160 53 53 161 54 54 162 63 54 163 55 54 164 55 55 165 56 55 166 48 55 167 64 56 168 57 56 169 56 56 170 57 57 171 66 57 172 58 57 173 66 58 174 59 58 175 58 58 176 67 59 177 60 59 178 59 59 179 60 60 180 69 60 181 61 60 182 61 61 183 70 61 184 62 61 185 70 62 186 63 62 187 62 62 188 63 63 189 64 63 190 56 63 191 64 64 192 73 64 193 65 64 194 73 65 195 66 65 196 65 65 197 74 66 198 67 66 199 66 66 200 75 67 201 68 67 202 67 67 203 68 68 204 77 68 205 69 68 206 69 69 207 78 69 208 70 69 209 70 70 210 79 70 211 71 70 212 79 71 213 64 71 214 71 71 215 72 72 216 81 72 217 73 72 218 73 73 219 82 73 220 74 73 221 74 74 222 83 74 223 75 74 224 75 75 225 84 75 226 76 75 227 84 76 228 77 76 229 76 76 230 85 77 231 78 77 232 77 77 233 86 78 234 79 78 235 78 78 236 87 79 237 72 79 238 79 79 239 88 80 240 81 80 241 80 80 242 81 81 243 90 81 244 82 81 245 82 82 246 91 82 247 83 82 248 83 83 249 92 83 250 84 83 251 92 84 252 85 84 253 84 84 254 93 85 255 86 85 256 85 85 257 94 86 258 87 86 259 86 86 260 87 87 261 88 87 262 80 87 263 88 88 264 97 88 265 89 88 266 97 89 267 90 89 268 89 89 269 90 90 270 99 90 271 91 90 272 91 91 273 100 91 274 92 91 275 100 92 276 93 92 277 92 92 278 101 93 279 94 93 280 93 93 281 102 94 282 95 94 283 94 94 284 103 95 285 88 95 286 95 95 287 96 96 288 105 96 289 97 96 290 105 97 291 98 97 292 97 97 293 98 98 294 107 98 295 99 98 296 99 99 297 108 99 298 100 99 299 108 100 300 101 100 301 100 100 302 109 101 303 102 101 304 101 101 305 102 102 306 111 102 307 103 102 308 111 103 309 96 103 310 103 103 311 104 104 312 113 104 313 105 104 314 105 105 315 114 105 316 106 105 317 114 106 318 107 106 319 106 106 320 115 107 321 108 107 322 107 107 323 116 108 324 109 108 325 108 108 326 109 109 327 118 109 328 110 109 329 118 110 330 111 110 331 110 110 332 119 111 333 104 111 334 111 111 335 112 112 336 121 112 337 113 112 338 113 113 339 122 113 340 114 113 341 122 114 342 115 114 343 114 114 344 115 115 345 124 115 346 116 115 347 124 116 348 117 116 349 116 116 350 117 117 351 126 117 352 118 117 353 126 118 354 119 118 355 118 118 356 127 119 357 112 119 358 119 119 359 128 120 360 121 120 361 120 120 362 129 121 363 122 121 364 121 121 365 122 122 366 131 122 367 123 122 368 131 123 369 124 123 370 123 123 371 132 124 372 125 124 373 124 124 374 133 125 375 126 125 376 125 125 377 126 126 378 135 126 379 127 126 380 127 127 381 128 127 382 120 127 383 136 128 384 129 128 385 128 128 386 137 129 387 130 129 388 129 129 389 130 130 390 139 130 391 131 130 392 139 131 393 132 131 394 131 131 395 132 132 396 141 132 397 133 132 398 141 133 399 134 133 400 133 133 401 134 134 402 143 134 403 135 134 404 143 135 405 128 135 406 135 135 407 144 136 408 137 136 409 136 136 410 145 137 411 138 137 412 137 137 413 138 138 414 147 138 415 139 138 416 147 139 417 140 139 418 139 139 419 140 140 420 149 140 421 141 140 422 149 141 423 142 141 424 141 141 425 142 142 426 151 142 427 143 142 428 151 143 429 136 143 430 143 143 431 152 144 432 145 144 433 144 144 434 145 145 435 154 145 436 146 145 437 146 146 438 155 146 439 147 146 440 147 147 441 156 147 442 148 147 443 156 148 444 149 148 445 148 148 446 157 149 447 150 149 448 149 149 449 158 150 450 151 150 451 150 150 452 159 151 453 144 151 454 151 151 455 0 152 456 153 152 457 152 152 458 1 153 459 154 153 460 153 153 461 2 154 462 155 154 463 154 154 464 155 155 465 4 155 466 156 155 467 4 156 468 157 156 469 156 156 470 157 157 471 6 157 472 158 157 473 158 158 474 7 158 475 159 158 476 7 159 477 152 159 478 159 159 479 184 174 522 193 174 523 185 174 524 193 175 525 186 175 526 185 175 527 194 176 528 187 176 529 186 176 530 195 177 531 188 177 532 187 177 533 196 178 534 189 178 535 188 178 536 197 179 537 190 179 538 189 179 539 190 180 540 199 180 541 191 180 542 199 181 543 184 181 544 191 181 545 192 182 546 201 182 547 193 182 548 193 183 549 202 183 550 194 183 551 194 184 552 203 184 553 195 184 554 203 185 555 196 185 556 195 185 557 196 186 558 205 186 559 197 186 560 205 187 561 198 187 562 197 187 563 206 188 564 199 188 565 198 188 566 207 189 567 192 189 568 199 189 569 200 190 570 209 190 571 201 190 572 209 191 573 202 191 574 201 191 575 210 192 576 203 192 577 202 192 578 211 193 579 204 193 580 203 193 581 204 194 582 213 194 583 205 194 584 205 195 585 214 195 586 206 195 587 206 196 588 215 196 589 207 196 590 215 197 591 200 197 592 207 197 593 208 198 594 217 198 595 209 198 596 209 199 597 218 199 598 210 199 599 218 200 600 211 200 601 210 200 602 211 201 603 220 201 604 212 201 605 220 202 606 213 202 607 212 202 608 213 203 609 222 203 610 214 203 611 222 204 612 215 204 613 214 204 614 223 205 615 208 205 616 215 205 617 224 206 618 217 206 619 216 206 620 225 207 621 218 207 622 217 207 623 226 208 624 219 208 625 218 208 626 227 209 627 220 209 628 219 209 629 228 210 630 221 210 631 220 210 632 221 211 633 230 211 634 222 211 635 230 212 636 223 212 637 222 212 638 231 213 639 216 213 640 223 213 641 232 214 642 225 214 643 224 214 644 233 215 645 226 215 646 225 215 647 234 216 648 227 216 649 226 216 650 235 217 651 228 217 652 227 217 653 228 218 654 237 218 655 229 218 656 229 219 657 238 219 658 230 219 659 230 220 660 239 220 661 231 220 662 231 221 663 232 221 664 224 221 665 240 222 666 233 222 667 232 222 668 233 223 669 242 223 670 234 223 671 234 224 672 243 224 673 235 224 674 243 225 675 236 225 676 235 225 677 244 226 678 237 226 679 236 226 680 245 227 681 238 227 682 237 227 683 246 228 684 239 228 685 238 228 686 239 229 687 240 229 688 232 229 689 248 230 690 241 230 691 240 230 692 241 231 693 250 231 694 242 231 695 250 232 696 243 232 697 242 232 698 243 233 699 252 233 700 244 233 701 252 234 702 245 234 703 244 234 704 245 235 705 254 235 706 246 235 707 254 236 708 247 236 709 246 236 710 247 237 711 248 237 712 240 237 713 256 238 714 249 238 715 248 238 716 257 239 717 250 239 718 249 239 719 258 240 720 251 240 721 250 240 722 251 241 723 260 241 724 252 241 725 260 242 726 253 242 727 252 242 728 253 243 729 262 243 730 254 243 731 254 244 732 263 244 733 255 244 734 255 245 735 256 245 736 248 245 737 256 246 738 265 246 739 257 246 740 257 247 741 266 247 742 258 247 743 266 248 744 259 248 745 258 248 746 259 249 747 268 249 748 260 249 749 268 250 750 261 250 751 260 250 752 269 251 753 262 251 754 261 251 755 270 252 756 263 252 757 262 252 758 271 253 759 256 253 760 263 253 761 272 254 762 265 254 763 264 254 764 265 255 765 274 255 766 266 255 767 266 256 768 275 256 769 267 256 770 267 257 771 276 257 772 268 257 773 276 258 774 269 258 775 268 258 776 277 259 777 270 259 778 269 259 779 278 260 780 271 260 781 270 260 782 279 261 783 264 261 784 271 261 785 272 262 786 281 262 787 273 262 788 281 263 789 274 263 790 273 263 791 274 264 792 283 264 793 275 264 794 283 265 795 276 265 796 275 265 797 276 266 798 285 266 799 277 266 800 285 267 801 278 267 802 277 267 803 278 268 804 287 268 805 279 268 806 287 269 807 272 269 808 279 269 809 280 270 810 289 270 811 281 270 812 289 271 813 282 271 814 281 271 815 282 272 816 291 272 817 283 272 818 291 273 819 284 273 820 283 273 821 284 274 822 293 274 823 285 274 824 293 275 825 286 275 826 285 275 827 286 276 828 295 276 829 287 276 830 295 277 831 280 277 832 287 277 833 288 278 834 297 278 835 289 278 836 297 279 837 290 279 838 289 279 839 298 280 840 291 280 841 290 280 842 299 281 843 292 281 844 291 281 845 300 282 846 293 282 847 292 282 848 293 283 849 302 283 850 294 283 851 294 284 852 303 284 853 295 284 854 303 285 855 288 285 856 295 285 857 296 286 858 305 286 859 297 286 860 297 287 861 306 287 862 298 287 863 298 288 864 307 288 865 299 288 866 299 289 867 308 289 868 300 289 869 308 290 870 301 290 871 300 290 872 309 291 873 302 291 874 301 291 875 310 292 876 303 292 877 302 292 878 311 293 879 296 293 880 303 293 881 312 294 882 305 294 883 304 294 884 313 295 885 306 295 886 305 295 887 306 296 888 315 296 889 307 296 890 315 297 891 308 297 892 307 297 893 316 298 894 309 298 895 308 298 896 317 299 897 310 299 898 309 299 899 318 300 900 311 300 901 310 300 902 319 301 903 304 301 904 311 301 905 320 302 906 313 302 907 312 302 908 313 303 909 322 303 910 314 303 911 314 304 912 323 304 913 315 304 914 323 305 915 316 305 916 315 305 917 316 306 918 325 306 919 317 306 920 325 307 921 318 307 922 317 307 923 326 308 924 319 308 925 318 308 926 319 309 927 320 309 928 312 309 929 328 310 930 321 310 931 320 310 932 329 311 933 322 311 934 321 311 935 322 312 936 331 312 937 323 312 938 323 313 939 332 313 940 324 313 941 332 314 942 325 314 943 324 314 944 333 315 945 326 315 946 325 315 947 326 316 948 335 316 949 327 316 950 327 317 951 328 317 952 320 317 953 336 318 954 329 318 955 328 318 956 329 319 957 338 319 958 330 319 959 338 320 960 331 320 961 330 320 962 339 321 963 332 321 964 331 321 965 340 322 966 333 322 967 332 322 968 341 323 969 334 323 970 333 323 971 342 324 972 335 324 973 334 324 974 343 325 975 328 325 976 335 325 977 184 326 978 337 326 979 336 326 980 185 327 981 338 327 982 337 327 983 186 328 984 339 328 985 338 328 986 187 329 987 340 329 988 339 329 989 340 330 990 189 330 991 341 330 992 341 331 993 190 331 994 342 331 995 342 332 996 191 332 997 343 332 998 191 333 999 336 333 1000 343 333 1001 376 348 1044 369 348 1045 368 348 1046 369 349 1047 378 349 1048 370 349 1049 370 350 1050 379 350 1051 371 350 1052 379 351 1053 372 351 1054 371 351 1055 372 352 1056 381 352 1057 373 352 1058 381 353 1059 374 353 1060 373 353 1061 382 354 1062 375 354 1063 374 354 1064 383 355 1065 368 355 1066 375 355 1067 384 356 1068 377 356 1069 376 356 1070 385 357 1071 378 357 1072 377 357 1073 386 358 1074 379 358 1075 378 358 1076 379 359 1077 388 359 1078 380 359 1079 388 360 1080 381 360 1081 380 360 1082 381 361 1083 390 361 1084 382 361 1085 382 362 1086 391 362 1087 383 362 1088 391 363 1089 376 363 1090 383 363 1091 384 364 1092 393 364 1093 385 364 1094 385 365 1095 394 365 1096 386 365 1097 386 366 1098 395 366 1099 387 366 1100 387 367 1101 396 367 1102 388 367 1103 396 368 1104 389 368 1105 388 368 1106 397 369 1107 390 369 1108 389 369 1109 398 370 1110 391 370 1111 390 370 1112 399 371 1113 384 371 1114 391 371 1115 392 372 1116 401 372 1117 393 372 1118 393 373 1119 402 373 1120 394 373 1121 394 374 1122 403 374 1123 395 374 1124 395 375 1125 404 375 1126 396 375 1127 404 376 1128 397 376 1129 396 376 1130 405 377 1131 398 377 1132 397 377 1133 406 378 1134 399 378 1135 398 378 1136 407 379 1137 392 379 1138 399 379 1139 400 380 1140 409 380 1141 401 380 1142 401 381 1143 410 381 1144 402 381 1145 410 382 1146 403 382 1147 402 382 1148 411 383 1149 404 383 1150 403 383 1151 412 384 1152 405 384 1153 404 384 1154 405 385 1155 414 385 1156 406 385 1157 414 386 1158 407 386 1159 406 386 1160 415 387 1161 400 387 1162 407 387 1163 416 388 1164 409 388 1165 408 388 1166 417 389 1167 410 389 1168 409 389 1169 410 390 1170 419 390 1171 411 390 1172 419 391 1173 412 391 1174 411 391 1175 412 392 1176 421 392 1177 413 392 1178 421 393 1179 414 393 1180 413 393 1181 414 394 1182 423 394 1183 415 394 1184 415 395 1185 416 395 1186 408 395 1187 424 396 1188 417 396 1189 416 396 1190 425 397 1191 418 397 1192 417 397 1193 418 398 1194 427 398 1195 419 398 1196 427 399 1197 420 399 1198 419 399 1199 428 400 1200 421 400 1201 420 400 1202 429 401 1203 422 401 1204 421 401 1205 422 402 1206 431 402 1207 423 402 1208 423 403 1209 424 403 1210 416 403 1211 432 404 1212 425 404 1213 424 404 1214 425 405 1215 434 405 1216 426 405 1217 434 406 1218 427 406 1219 426 406 1220 435 407 1221 428 407 1222 427 407 1223 428 408 1224 437 408 1225 429 408 1226 429 409 1227 438 409 1228 430 409 1229 438 410 1230 431 410 1231 430 410 1232 431 411 1233 432 411 1234 424 411 1235 440 412 1236 433 412 1237 432 412 1238 441 413 1239 434 413 1240 433 413 1241 442 414 1242 435 414 1243 434 414 1244 443 415 1245 436 415 1246 435 415 1247 436 416 1248 445 416 1249 437 416 1250 437 417 1251 446 417 1252 438 417 1253 438 418 1254 447 418 1255 439 418 1256 439 419 1257 440 419 1258 432 419 1259 440 420 1260 449 420 1261 441 420 1262 441 421 1263 450 421 1264 442 421 1265 450 422 1266 443 422 1267 442 422 1268 443 423 1269 452 423 1270 444 423 1271 452 424 1272 445 424 1273 444 424 1274 445 425 1275 454 425 1276 446 425 1277 454 426 1278 447 426 1279 446 426 1280 455 427 1281 440 427 1282 447 427 1283 456 428 1284 449 428 1285 448 428 1286 449 429 1287 458 429 1288 450 429 1289 450 430 1290 459 430 1291 451 430 1292 451 431 1293 460 431 1294 452 431 1295 460 432 1296 453 432 1297 452 432 1298 461 433 1299 454 433 1300 453 433 1301 462 434 1302 455 434 1303 454 434 1304 463 435 1305 448 435 1306 455 435 1307 456 436 1308 465 436 1309 457 436 1310 465 437 1311 458 437 1312 457 437 1313 458 438 1314 467 438 1315 459 438 1316 459 439 1317 468 439 1318 460 439 1319 468 440 1320 461 440 1321 460 440 1322 469 441 1323 462 441 1324 461 441 1325 462 442 1326 471 442 1327 463 442 1328 471 443 1329 456 443 1330 463 443 1331 464 444 1332 473 444 1333 465 444 1334 473 445 1335 466 445 1336 465 445 1337 466 446 1338 475 446 1339 467 446 1340 467 447 1341 476 447 1342 468 447 1343 476 448 1344 469 448 1345 468 448 1346 477 449 1347 470 449 1348 469 449 1349 470 450 1350 479 450 1351 471 450 1352 479 451 1353 464 451 1354 471 451 1355 472 452 1356 481 452 1357 473 452 1358 473 453 1359 482 453 1360 474 453 1361 482 454 1362 475 454 1363 474 454 1364 483 455 1365 476 455 1366 475 455 1367 484 456 1368 477 456 1369 476 456 1370 477 457 1371 486 457 1372 478 457 1373 486 458 1374 479 458 1375 478 458 1376 487 459 1377 472 459 1378 479 459 1379 480 460 1380 489 460 1381 481 460 1382 481 461 1383 490 461 1384 482 461 1385 490 462 1386 483 462 1387 482 462 1388 483 463 1389 492 463 1390 484 463 1391 492 464 1392 485 464 1393 484 464 1394 485 465 1395 494 465 1396 486 465 1397 494 466 1398 487 466 1399 486 466 1400 495 467 1401 480 467 1402 487 467 1403 496 468 1404 489 468 1405 488 468 1406 497 469 1407 490 469 1408 489 469 1409 490 470 1410 499 470 1411 491 470 1412 499 471 1413 492 471 1414 491 471 1415 500 472 1416 493 472 1417 492 472 1418 501 473 1419 494 473 1420 493 473 1421 494 474 1422 503 474 1423 495 474 1424 495 475 1425 496 475 1426 488 475 1427 504 476 1428 497 476 1429 496 476 1430 505 477 1431 498 477 1432 497 477 1433 498 478 1434 507 478 1435 499 478 1436 507 479 1437 500 479 1438 499 479 1439 500 480 1440 509 480 1441 501 480 1442 509 481 1443 502 481 1444 501 481 1445 502 482 1446 511 482 1447 503 482 1448 511 483 1449 496 483 1450 503 483 1451 504 484 1452 513 484 1453 505 484 1454 505 485 1455 514 485 1456 506 485 1457 506 486 1458 515 486 1459 507 486 1460 515 487 1461 508 487 1462 507 487 1463 508 488 1464 517 488 1465 509 488 1466 517 489 1467 510 489 1468 509 489 1469 518 490 1470 511 490 1471 510 490 1472 519 491 1473 504 491 1474 511 491 1475 512 492 1476 521 492 1477 513 492 1478 521 493 1479 514 493 1480 513 493 1481 522 494 1482 515 494 1483 514 494 1484 515 495 1485 524 495 1486 516 495 1487 524 496 1488 517 496 1489 516 496 1490 517 497 1491 526 497 1492 518 497 1493 518 498 1494 527 498 1495 519 498 1496 527 499 1497 512 499 1498 519 499 1499 520 500 1500 369 500 1501 521 500 1502 521 501 1503 370 501 1504 522 501 1505 370 502 1506 523 502 1507 522 502 1508 523 503 1509 372 503 1510 524 503 1511 372 504 1512 525 504 1513 524 504 1514 525 505 1515 374 505 1516 526 505 1517 374 506 1518 527 506 1519 526 506 1520 375 507 1521 520 507 1522 527 507 1523 0 522 1566 8 522 1567 9 522 1568 9 523 1569 10 523 1570 2 523 1571 10 524 1572 11 524 1573 3 524 1574 11 525 1575 12 525 1576 4 525 1577 4 526 1578 12 526 1579 13 526 1580 13 527 1581 14 527 1582 6 527 1583 6 528 1584 14 528 1585 15 528 1586 15 529 1587 8 529 1588 0 529 1589 8 530 1590 16 530 1591 17 530 1592 9 531 1593 17 531 1594 18 531 1595 18 532 1596 19 532 1597 11 532 1598 11 533 1599 19 533 1600 20 533 1601 20 534 1602 21 534 1603 13 534 1604 13 535 1605 21 535 1606 22 535 1607 22 536 1608 23 536 1609 15 536 1610 23 537 1611 16 537 1612 8 537 1613 16 538 1614 24 538 1615 25 538 1616 25 539 1617 26 539 1618 18 539 1619 18 540 1620 26 540 1621 27 540 1622 19 541 1623 27 541 1624 28 541 1625 28 542 1626 29 542 1627 21 542 1628 29 543 1629 30 543 1630 22 543 1631 22 544 1632 30 544 1633 31 544 1634 31 545 1635 24 545 1636 16 545 1637 24 546 1638 32 546 1639 33 546 1640 25 547 1641 33 547 1642 34 547 1643 26 548 1644 34 548 1645 35 548 1646 27 549 1647 35 549 1648 36 549 1649 36 550 1650 37 550 1651 29 550 1652 37 551 1653 38 551 1654 30 551 1655 38 552 1656 39 552 1657 31 552 1658 39 553 1659 32 553 1660 24 553 1661 32 554 1662 40 554 1663 41 554 1664 33 555 1665 41 555 1666 42 555 1667 42 556 1668 43 556 1669 35 556 1670 43 557 1671 44 557 1672 36 557 1673 44 558 1674 45 558 1675 37 558 1676 37 559 1677 45 559 1678 46 559 1679 46 560 1680 47 560 1681 39 560 1682 47 561 1683 40 561 1684 32 561 1685 48 562 1686 49 562 1687 41 562 1688 49 563 1689 50 563 1690 42 563 1691 42 564 1692 50 564 1693 51 564 1694 51 565 1695 52 565 1696 44 565 1697 44 566 1698 52 566 1699 53 566 1700 53 567 1701 54 567 1702 46 567 1703 46 568 1704 54 568 1705 55 568 1706 47 569 1707 55 569 1708 48 569 1709 56 570 1710 57 570 1711 49 570 1712 57 571 1713 58 571 1714 50 571 1715 50 572 1716 58 572 1717 59 572 1718 59 573 1719 60 573 1720 52 573 1721 60 574 1722 61 574 1723 53 574 1724 61 575 1725 62 575 1726 54 575 1727 54 576 1728 62 576 1729 63 576 1730 55 577 1731 63 577 1732 56 577 1733 64 578 1734 65 578 1735 57 578 1736 57 579 1737 65 579 1738 66 579 1739 66 580 1740 67 580 1741 59 580 1742 67 581 1743 68 581 1744 60 581 1745 60 582 1746 68 582 1747 69 582 1748 61 583 1749 69 583 1750 70 583 1751 70 584 1752 71 584 1753 63 584 1754 63 585 1755 71 585 1756 64 585 1757 64 586 1758 72 586 1759 73 586 1760 73 587 1761 74 587 1762 66 587 1763 74 588 1764 75 588 1765 67 588 1766 75 589 1767 76 589 1768 68 589 1769 68 590 1770 76 590 1771 77 590 1772 69 591 1773 77 591 1774 78 591 1775 70 592 1776 78 592 1777 79 592 1778 79 593 1779 72 593 1780 64 593 1781 72 594 1782 80 594 1783 81 594 1784 73 595 1785 81 595 1786 82 595 1787 74 596 1788 82 596 1789 83 596 1790 75 597 1791 83 597 1792 84 597 1793 84 598 1794 85 598 1795 77 598 1796 85 599 1797 86 599 1798 78 599 1799 86 600 1800 87 600 1801 79 600 1802 87 601 1803 80 601 1804 72 601 1805 88 602 1806 89 602 1807 81 602 1808 81 603 1809 89 603 1810 90 603 1811 82 604 1812 90 604 1813 91 604 1814 83 605 1815 91 605 1816 92 605 1817 92 606 1818 93 606 1819 85 606 1820 93 607 1821 94 607 1822 86 607 1823 94 608 1824 95 608 1825 87 608 1826 87 609 1827 95 609 1828 88 609 1829 88 610 1830 96 610 1831 97 610 1832 97 611 1833 98 611 1834 90 611 1835 90 612 1836 98 612 1837 99 612 1838 91 613 1839 99 613 1840 100 613 1841 100 614 1842 101 614 1843 93 614 1844 101 615 1845 102 615 1846 94 615 1847 102 616 1848 103 616 1849 95 616 1850 103 617 1851 96 617 1852 88 617 1853 96 618 1854 104 618 1855 105 618 1856 105 619 1857 106 619 1858 98 619 1859 98 620 1860 106 620 1861 107 620 1862 99 621 1863 107 621 1864 108 621 1865 108 622 1866 109 622 1867 101 622 1868 109 623 1869 110 623 1870 102 623 1871 102 624 1872 110 624 1873 111 624 1874 111 625 1875 104 625 1876 96 625 1877 104 626 1878 112 626 1879 113 626 1880 105 627 1881 113 627 1882 114 627 1883 114 628 1884 115 628 1885 107 628 1886 115 629 1887 116 629 1888 108 629 1889 116 630 1890 117 630 1891 109 630 1892 109 631 1893 117 631 1894 118 631 1895 118 632 1896 119 632 1897 111 632 1898 119 633 1899 112 633 1900 104 633 1901 112 634 1902 120 634 1903 121 634 1904 113 635 1905 121 635 1906 122 635 1907 122 636 1908 123 636 1909 115 636 1910 115 637 1911 123 637 1912 124 637 1913 124 638 1914 125 638 1915 117 638 1916 117 639 1917 125 639 1918 126 639 1919 126 640 1920 127 640 1921 119 640 1922 127 641 1923 120 641 1924 112 641 1925 128 642 1926 129 642 1927 121 642 1928 129 643 1929 130 643 1930 122 643 1931 122 644 1932 130 644 1933 131 644 1934 131 645 1935 132 645 1936 124 645 1937 132 646 1938 133 646 1939 125 646 1940 133 647 1941 134 647 1942 126 647 1943 126 648 1944 134 648 1945 135 648 1946 127 649 1947 135 649 1948 128 649 1949 136 650 1950 137 650 1951 129 650 1952 137 651 1953 138 651 1954 130 651 1955 130 652 1956 138 652 1957 139 652 1958 139 653 1959 140 653 1960 132 653 1961 132 654 1962 140 654 1963 141 654 1964 141 655 1965 142 655 1966 134 655 1967 134 656 1968 142 656 1969 143 656 1970 143 657 1971 136 657 1972 128 657 1973 144 658 1974 145 658 1975 137 658 1976 145 659 1977 146 659 1978 138 659 1979 138 660 1980 146 660 1981 147 660 1982 147 661 1983 148 661 1984 140 661 1985 140 662 1986 148 662 1987 149 662 1988 149 663 1989 150 663 1990 142 663 1991 142 664 1992 150 664 1993 151 664 1994 151 665 1995 144 665 1996 136 665 1997 152 666 1998 153 666 1999 145 666 2000 145 667 2001 153 667 2002 154 667 2003 146 668 2004 154 668 2005 155 668 2006 147 669 2007 155 669 2008 156 669 2009 156 670 2010 157 670 2011 149 670 2012 157 671 2013 158 671 2014 150 671 2015 158 672 2016 159 672 2017 151 672 2018 159 673 2019 152 673 2020 144 673 2021 0 674 2022 1 674 2023 153 674 2024 1 675 2025 2 675 2026 154 675 2027 2 676 2028 3 676 2029 155 676 2030 155 677 2031 3 677 2032 4 677 2033 4 678 2034 5 678 2035 157 678 2036 157 679 2037 5 679 2038 6 679 2039 158 680 2040 6 680 2041 7 680 2042 7 681 2043 0 681 2044 152 681 2045 184 712 2136 192 712 2137 193 712 2138 193 713 2139 194 713 2140 186 713 2141 194 714 2142 195 714 2143 187 714 2144 195 715 2145 196 715 2146 188 715 2147 196 716 2148 197 716 2149 189 716 2150 197 717 2151 198 717 2152 190 717 2153 190 718 2154 198 718 2155 199 718 2156 199 719 2157 192 719 2158 184 719 2159 192 720 2160 200 720 2161 201 720 2162 193 721 2163 201 721 2164 202 721 2165 194 722 2166 202 722 2167 203 722 2168 203 723 2169 204 723 2170 196 723 2171 196 724 2172 204 724 2173 205 724 2174 205 725 2175 206 725 2176 198 725 2177 206 726 2178 207 726 2179 199 726 2180 207 727 2181 200 727 2182 192 727 2183 200 728 2184 208 728 2185 209 728 2186 209 729 2187 210 729 2188 202 729 2189 210 730 2190 211 730 2191 203 730 2192 211 731 2193 212 731 2194 204 731 2195 204 732 2196 212 732 2197 213 732 2198 205 733 2199 213 733 2200 214 733 2201 206 734 2202 214 734 2203 215 734 2204 215 735 2205 208 735 2206 200 735 2207 208 736 2208 216 736 2209 217 736 2210 209 737 2211 217 737 2212 218 737 2213 218 738 2214 219 738 2215 211 738 2216 211 739 2217 219 739 2218 220 739 2219 220 740 2220 221 740 2221 213 740 2222 213 741 2223 221 741 2224 222 741 2225 222 742 2226 223 742 2227 215 742 2228 223 743 2229 216 743 2230 208 743 2231 224 744 2232 225 744 2233 217 744 2234 225 745 2235 226 745 2236 218 745 2237 226 746 2238 227 746 2239 219 746 2240 227 747 2241 228 747 2242 220 747 2243 228 748 2244 229 748 2245 221 748 2246 221 749 2247 229 749 2248 230 749 2249 230 750 2250 231 750 2251 223 750 2252 231 751 2253 224 751 2254 216 751 2255 232 752 2256 233 752 2257 225 752 2258 233 753 2259 234 753 2260 226 753 2261 234 754 2262 235 754 2263 227 754 2264 235 755 2265 236 755 2266 228 755 2267 228 756 2268 236 756 2269 237 756 2270 229 757 2271 237 757 2272 238 757 2273 230 758 2274 238 758 2275 239 758 2276 231 759 2277 239 759 2278 232 759 2279 240 760 2280 241 760 2281 233 760 2282 233 761 2283 241 761 2284 242 761 2285 234 762 2286 242 762 2287 243 762 2288 243 763 2289 244 763 2290 236 763 2291 244 764 2292 245 764 2293 237 764 2294 245 765 2295 246 765 2296 238 765 2297 246 766 2298 247 766 2299 239 766 2300 239 767 2301 247 767 2302 240 767 2303 248 768 2304 249 768 2305 241 768 2306 241 769 2307 249 769 2308 250 769 2309 250 770 2310 251 770 2311 243 770 2312 243 771 2313 251 771 2314 252 771 2315 252 772 2316 253 772 2317 245 772 2318 245 773 2319 253 773 2320 254 773 2321 254 774 2322 255 774 2323 247 774 2324 247 775 2325 255 775 2326 248 775 2327 256 776 2328 257 776 2329 249 776 2330 257 777 2331 258 777 2332 250 777 2333 258 778 2334 259 778 2335 251 778 2336 251 779 2337 259 779 2338 260 779 2339 260 780 2340 261 780 2341 253 780 2342 253 781 2343 261 781 2344 262 781 2345 254 782 2346 262 782 2347 263 782 2348 255 783 2349 263 783 2350 256 783 2351 256 784 2352 264 784 2353 265 784 2354 257 785 2355 265 785 2356 266 785 2357 266 786 2358 267 786 2359 259 786 2360 259 787 2361 267 787 2362 268 787 2363 268 788 2364 269 788 2365 261 788 2366 269 789 2367 270 789 2368 262 789 2369 270 790 2370 271 790 2371 263 790 2372 271 791 2373 264 791 2374 256 791 2375 272 792 2376 273 792 2377 265 792 2378 265 793 2379 273 793 2380 274 793 2381 266 794 2382 274 794 2383 275 794 2384 267 795 2385 275 795 2386 276 795 2387 276 796 2388 277 796 2389 269 796 2390 277 797 2391 278 797 2392 270 797 2393 278 798 2394 279 798 2395 271 798 2396 279 799 2397 272 799 2398 264 799 2399 272 800 2400 280 800 2401 281 800 2402 281 801 2403 282 801 2404 274 801 2405 274 802 2406 282 802 2407 283 802 2408 283 803 2409 284 803 2410 276 803 2411 276 804 2412 284 804 2413 285 804 2414 285 805 2415 286 805 2416 278 805 2417 278 806 2418 286 806 2419 287 806 2420 287 807 2421 280 807 2422 272 807 2423 280 808 2424 288 808 2425 289 808 2426 289 809 2427 290 809 2428 282 809 2429 282 810 2430 290 810 2431 291 810 2432 291 811 2433 292 811 2434 284 811 2435 284 812 2436 292 812 2437 293 812 2438 293 813 2439 294 813 2440 286 813 2441 286 814 2442 294 814 2443 295 814 2444 295 815 2445 288 815 2446 280 815 2447 288 816 2448 296 816 2449 297 816 2450 297 817 2451 298 817 2452 290 817 2453 298 818 2454 299 818 2455 291 818 2456 299 819 2457 300 819 2458 292 819 2459 300 820 2460 301 820 2461 293 820 2462 293 821 2463 301 821 2464 302 821 2465 294 822 2466 302 822 2467 303 822 2468 303 823 2469 296 823 2470 288 823 2471 296 824 2472 304 824 2473 305 824 2474 297 825 2475 305 825 2476 306 825 2477 298 826 2478 306 826 2479 307 826 2480 299 827 2481 307 827 2482 308 827 2483 308 828 2484 309 828 2485 301 828 2486 309 829 2487 310 829 2488 302 829 2489 310 830 2490 311 830 2491 303 830 2492 311 831 2493 304 831 2494 296 831 2495 312 832 2496 313 832 2497 305 832 2498 313 833 2499 314 833 2500 306 833 2501 306 834 2502 314 834 2503 315 834 2504 315 835 2505 316 835 2506 308 835 2507 316 836 2508 317 836 2509 309 836 2510 317 837 2511 318 837 2512 310 837 2513 318 838 2514 319 838 2515 311 838 2516 319 839 2517 312 839 2518 304 839 2519 320 840 2520 321 840 2521 313 840 2522 313 841 2523 321 841 2524 322 841 2525 314 842 2526 322 842 2527 323 842 2528 323 843 2529 324 843 2530 316 843 2531 316 844 2532 324 844 2533 325 844 2534 325 845 2535 326 845 2536 318 845 2537 326 846 2538 327 846 2539 319 846 2540 319 847 2541 327 847 2542 320 847 2543 328 848 2544 329 848 2545 321 848 2546 329 849 2547 330 849 2548 322 849 2549 322 850 2550 330 850 2551 331 850 2552 323 851 2553 331 851 2554 332 851 2555 332 852 2556 333 852 2557 325 852 2558 333 853 2559 334 853 2560 326 853 2561 326 854 2562 334 854 2563 335 854 2564 327 855 2565 335 855 2566 328 855 2567 336 856 2568 337 856 2569 329 856 2570 329 857 2571 337 857 2572 338 857 2573 338 858 2574 339 858 2575 331 858 2576 339 859 2577 340 859 2578 332 859 2579 340 860 2580 341 860 2581 333 860 2582 341 861 2583 342 861 2584 334 861 2585 342 862 2586 343 862 2587 335 862 2588 343 863 2589 336 863 2590 328 863 2591 184 864 2592 185 864 2593 337 864 2594 185 865 2595 186 865 2596 338 865 2597 186 866 2598 187 866 2599 339 866 2600 187 867 2601 188 867 2602 340 867 2603 340 868 2604 188 868 2605 189 868 2606 341 869 2607 189 869 2608 190 869 2609 342 870 2610 190 870 2611 191 870 2612 191 871 2613 184 871 2614 336 871 2615 376 902 2706 377 902 2707 369 902 2708 369 903 2709 377 903 2710 378 903 2711 370 904 2712 378 904 2713 379 904 2714 379 905 2715 380 905 2716 372 905 2717 372 906 2718 380 906 2719 381 906 2720 381 907 2721 382 907 2722 374 907 2723 382 908 2724 383 908 2725 375 908 2726 383 909 2727 376 909 2728 368 909 2729 384 910 2730 385 910 2731 377 910 2732 385 911 2733 386 911 2734 378 911 2735 386 912 2736 387 912 2737 379 912 2738 379 913 2739 387 913 2740 388 913 2741 388 914 2742 389 914 2743 381 914 2744 381 915 2745 389 915 2746 390 915 2747 382 916 2748 390 916 2749 391 916 2750 391 917 2751 384 917 2752 376 917 2753 384 918 2754 392 918 2755 393 918 2756 385 919 2757 393 919 2758 394 919 2759 386 920 2760 394 920 2761 395 920 2762 387 921 2763 395 921 2764 396 921 2765 396 922 2766 397 922 2767 389 922 2768 397 923 2769 398 923 2770 390 923 2771 398 924 2772 399 924 2773 391 924 2774 399 925 2775 392 925 2776 384 925 2777 392 926 2778 400 926 2779 401 926 2780 393 927 2781 401 927 2782 402 927 2783 394 928 2784 402 928 2785 403 928 2786 395 929 2787 403 929 2788 404 929 2789 404 930 2790 405 930 2791 397 930 2792 405 931 2793 406 931 2794 398 931 2795 406 932 2796 407 932 2797 399 932 2798 407 933 2799 400 933 2800 392 933 2801 400 934 2802 408 934 2803 409 934 2804 401 935 2805 409 935 2806 410 935 2807 410 936 2808 411 936 2809 403 936 2810 411 937 2811 412 937 2812 404 937 2813 412 938 2814 413 938 2815 405 938 2816 405 939 2817 413 939 2818 414 939 2819 414 940 2820 415 940 2821 407 940 2822 415 941 2823 408 941 2824 400 941 2825 416 942 2826 417 942 2827 409 942 2828 417 943 2829 418 943 2830 410 943 2831 410 944 2832 418 944 2833 419 944 2834 419 945 2835 420 945 2836 412 945 2837 412 946 2838 420 946 2839 421 946 2840 421 947 2841 422 947 2842 414 947 2843 414 948 2844 422 948 2845 423 948 2846 415 949 2847 423 949 2848 416 949 2849 424 950 2850 425 950 2851 417 950 2852 425 951 2853 426 951 2854 418 951 2855 418 952 2856 426 952 2857 427 952 2858 427 953 2859 428 953 2860 420 953 2861 428 954 2862 429 954 2863 421 954 2864 429 955 2865 430 955 2866 422 955 2867 422 956 2868 430 956 2869 431 956 2870 423 957 2871 431 957 2872 424 957 2873 432 958 2874 433 958 2875 425 958 2876 425 959 2877 433 959 2878 434 959 2879 434 960 2880 435 960 2881 427 960 2882 435 961 2883 436 961 2884 428 961 2885 428 962 2886 436 962 2887 437 962 2888 429 963 2889 437 963 2890 438 963 2891 438 964 2892 439 964 2893 431 964 2894 431 965 2895 439 965 2896 432 965 2897 440 966 2898 441 966 2899 433 966 2900 441 967 2901 442 967 2902 434 967 2903 442 968 2904 443 968 2905 435 968 2906 443 969 2907 444 969 2908 436 969 2909 436 970 2910 444 970 2911 445 970 2912 437 971 2913 445 971 2914 446 971 2915 438 972 2916 446 972 2917 447 972 2918 439 973 2919 447 973 2920 440 973 2921 440 974 2922 448 974 2923 449 974 2924 441 975 2925 449 975 2926 450 975 2927 450 976 2928 451 976 2929 443 976 2930 443 977 2931 451 977 2932 452 977 2933 452 978 2934 453 978 2935 445 978 2936 445 979 2937 453 979 2938 454 979 2939 454 980 2940 455 980 2941 447 980 2942 455 981 2943 448 981 2944 440 981 2945 456 982 2946 457 982 2947 449 982 2948 449 983 2949 457 983 2950 458 983 2951 450 984 2952 458 984 2953 459 984 2954 451 985 2955 459 985 2956 460 985 2957 460 986 2958 461 986 2959 453 986 2960 461 987 2961 462 987 2962 454 987 2963 462 988 2964 463 988 2965 455 988 2966 463 989 2967 456 989 2968 448 989 2969 456 990 2970 464 990 2971 465 990 2972 465 991 2973 466 991 2974 458 991 2975 458 992 2976 466 992 2977 467 992 2978 459 993 2979 467 993 2980 468 993 2981 468 994 2982 469 994 2983 461 994 2984 469 995 2985 470 995 2986 462 995 2987 462 996 2988 470 996 2989 471 996 2990 471 997 2991 464 997 2992 456 997 2993 464 998 2994 472 998 2995 473 998 2996 473 999 2997 474 999 2998 466 999 2999 466 1000 3000 474 1000 3001 475 1000 3002 467 1001 3003 475 1001 3004 476 1001 3005 476 1002 3006 477 1002 3007 469 1002 3008 477 1003 3009 478 1003 3010 470 1003 3011 470 1004 3012 478 1004 3013 479 1004 3014 479 1005 3015 472 1005 3016 464 1005 3017 472 1006 3018 480 1006 3019 481 1006 3020 473 1007 3021 481 1007 3022 482 1007 3023 482 1008 3024 483 1008 3025 475 1008 3026 483 1009 3027 484 1009 3028 476 1009 3029 484 1010 3030 485 1010 3031 477 1010 3032 477 1011 3033 485 1011 3034 486 1011 3035 486 1012 3036 487 1012 3037 479 1012 3038 487 1013 3039 480 1013 3040 472 1013 3041 480 1014 3042 488 1014 3043 489 1014 3044 481 1015 3045 489 1015 3046 490 1015 3047 490 1016 3048 491 1016 3049 483 1016 3050 483 1017 3051 491 1017 3052 492 1017 3053 492 1018 3054 493 1018 3055 485 1018 3056 485 1019 3057 493 1019 3058 494 1019 3059 494 1020 3060 495 1020 3061 487 1020 3062 495 1021 3063 488 1021 3064 480 1021 3065 496 1022 3066 497 1022 3067 489 1022 3068 497 1023 3069 498 1023 3070 490 1023 3071 490 1024 3072 498 1024 3073 499 1024 3074 499 1025 3075 500 1025 3076 492 1025 3077 500 1026 3078 501 1026 3079 493 1026 3080 501 1027 3081 502 1027 3082 494 1027 3083 494 1028 3084 502 1028 3085 503 1028 3086 495 1029 3087 503 1029 3088 496 1029 3089 504 1030 3090 505 1030 3091 497 1030 3092 505 1031 3093 506 1031 3094 498 1031 3095 498 1032 3096 506 1032 3097 507 1032 3098 507 1033 3099 508 1033 3100 500 1033 3101 500 1034 3102 508 1034 3103 509 1034 3104 509 1035 3105 510 1035 3106 502 1035 3107 502 1036 3108 510 1036 3109 511 1036 3110 511 1037 3111 504 1037 3112 496 1037 3113 504 1038 3114 512 1038 3115 513 1038 3116 505 1039 3117 513 1039 3118 514 1039 3119 506 1040 3120 514 1040 3121 515 1040 3122 515 1041 3123 516 1041 3124 508 1041 3125 508 1042 3126 516 1042 3127 517 1042 3128 517 1043 3129 518 1043 3130 510 1043 3131 518 1044 3132 519 1044 3133 511 1044 3134 519 1045 3135 512 1045 3136 504 1045 3137 512 1046 3138 520 1046 3139 521 1046 3140 521 1047 3141 522 1047 3142 514 1047 3143 522 1048 3144 523 1048 3145 515 1048 3146 515 1049 3147 523 1049 3148 524 1049 3149 524 1050 3150 525 1050 3151 517 1050 3152 517 1051 3153 525 1051 3154 526 1051 3155 518 1052 3156 526 1052 3157 527 1052 3158 527 1053 3159 520 1053 3160 512 1053 3161 520 1054 3162 368 1054 3163 369 1054 3164 521 1055 3165 369 1055 3166 370 1055 3167 370 1056 3168 371 1056 3169 523 1056 3170 523 1057 3171 371 1057 3172 372 1057 3173 372 1058 3174 373 1058 3175 525 1058 3176 525 1059 3177 373 1059 3178 374 1059 3179 374 1060 3180 375 1060 3181 527 1060 3182 375 1061 3183 368 1061 3184 520 1061 3185</p>
        </triangles>
        <triangles material="rim_006-material" count="132">
          <input semantic="VERTEX" source="#tire_row_3_a800-mesh-vertices" offset="0"/>
          <input semantic="NORMAL" source="#tire_row_3_a800-mesh-normals" offset="1"/>
          <input semantic="TEXCOORD" source="#tire_row_3_a800-mesh-map-0" offset="2" set="0"/>
          <p>161 160 480 162 160 481 160 160 482 163 161 483 164 161 484 162 161 485 165 162 486 166 162 487 164 162 488 167 163 489 168 163 490 166 163 491 169 164 492 170 164 493 168 164 494 171 165 495 172 165 496 170 165 497 173 166 498 174 166 499 172 166 500 175 167 501 176 167 502 174 167 503 177 168 504 178 168 505 176 168 506 179 169 507 180 169 508 178 169 509 181 170 510 173 170 511 165 170 512 181 171 513 182 171 514 180 171 515 183 172 516 160 172 517 182 172 518 166 173 519 174 173 520 182 173 521 345 334 1002 346 334 1003 344 334 1004 347 335 1005 348 335 1006 346 335 1007 349 336 1008 350 336 1009 348 336 1010 351 337 1011 352 337 1012 350 337 1013 353 338 1014 354 338 1015 352 338 1016 355 339 1017 356 339 1018 354 339 1019 357 340 1020 358 340 1021 356 340 1022 359 341 1023 360 341 1024 358 341 1025 361 342 1026 362 342 1027 360 342 1028 363 343 1029 364 343 1030 362 343 1031 365 344 1032 357 344 1033 349 344 1034 365 345 1035 366 345 1036 364 345 1037 367 346 1038 344 346 1039 366 346 1040 350 347 1041 358 347 1042 366 347 1043 529 508 1524 530 508 1525 528 508 1526 531 509 1527 532 509 1528 530 509 1529 533 510 1530 534 510 1531 532 510 1532 535 511 1533 536 511 1534 534 511 1535 537 512 1536 538 512 1537 536 512 1538 539 513 1539 540 513 1540 538 513 1541 541 514 1542 542 514 1543 540 514 1544 543 515 1545 544 515 1546 542 515 1547 545 516 1548 546 516 1549 544 516 1550 547 517 1551 548 517 1552 546 517 1553 549 518 1554 541 518 1555 533 518 1556 549 519 1557 550 519 1558 548 519 1559 551 520 1560 528 520 1561 550 520 1562 534 521 1563 542 521 1564 550 521 1565 161 682 2046 163 682 2047 162 682 2048 163 683 2049 165 683 2050 164 683 2051 165 684 2052 167 684 2053 166 684 2054 167 685 2055 169 685 2056 168 685 2057 169 686 2058 171 686 2059 170 686 2060 171 687 2061 173 687 2062 172 687 2063 173 688 2064 175 688 2065 174 688 2066 175 689 2067 177 689 2068 176 689 2069 177 690 2070 179 690 2071 178 690 2072 179 691 2073 181 691 2074 180 691 2075 165 692 2076 163 692 2077 181 692 2078 163 693 2079 161 693 2080 181 693 2081 161 694 2082 183 694 2083 181 694 2084 181 695 2085 179 695 2086 173 695 2087 179 696 2088 177 696 2089 173 696 2090 177 697 2091 175 697 2092 173 697 2093 173 698 2094 171 698 2095 169 698 2096 169 699 2097 167 699 2098 173 699 2099 167 700 2100 165 700 2101 173 700 2102 181 701 2103 183 701 2104 182 701 2105 183 702 2106 161 702 2107 160 702 2108 182 703 2109 160 703 2110 166 703 2111 160 704 2112 162 704 2113 166 704 2114 162 705 2115 164 705 2116 166 705 2117 166 706 2118 168 706 2119 170 706 2120 170 707 2121 172 707 2122 166 707 2123 172 708 2124 174 708 2125 166 708 2126 174 709 2127 176 709 2128 178 709 2129 178 710 2130 180 710 2131 182 710 2132 174 711 2133 178 711 2134 182 711 2135 345 872 2616 347 872 2617 346 872 2618 347 873 2619 349 873 2620 348 873 2621 349 874 2622 351 874 2623 350 874 2624 351 875 2625 353 875 2626 352 875 2627 353 876 2628 355 876 2629 354 876 2630 355 877 2631 357 877 2632 356 877 2633 357 878 2634 359 878 2635 358 878 2636 359 879 2637 361 879 2638 360 879 2639 361 880 2640 363 880 2641 362 880 2642 363 881 2643 365 881 2644 364 881 2645 349 882 2646 347 882 2647 345 882 2648 345 883 2649 367 883 2650 365 883 2651 365 884 2652 363 884 2653 361 884 2654 361 885 2655 359 885 2656 357 885 2657 357 886 2658 355 886 2659 353 886 2660 353 887 2661 351 887 2662 349 887 2663 349 888 2664 345 888 2665 365 888 2666 365 889 2667 361 889 2668 357 889 2669 357 890 2670 353 890 2671 349 890 2672 365 891 2673 367 891 2674 366 891 2675 367 892 2676 345 892 2677 344 892 2678 366 893 2679 344 893 2680 346 893 2681 346 894 2682 348 894 2683 350 894 2684 350 895 2685 352 895 2686 354 895 2687 354 896 2688 356 896 2689 358 896 2690 358 897 2691 360 897 2692 362 897 2693 362 898 2694 364 898 2695 366 898 2696 366 899 2697 346 899 2698 350 899 2699 350 900 2700 354 900 2701 358 900 2702 358 901 2703 362 901 2704 366 901 2705 529 1062 3186 531 1062 3187 530 1062 3188 531 1063 3189 533 1063 3190 532 1063 3191 533 1064 3192 535 1064 3193 534 1064 3194 535 1065 3195 537 1065 3196 536 1065 3197 537 1066 3198 539 1066 3199 538 1066 3200 539 1067 3201 541 1067 3202 540 1067 3203 541 1068 3204 543 1068 3205 542 1068 3206 543 1069 3207 545 1069 3208 544 1069 3209 545 1070 3210 547 1070 3211 546 1070 3212 547 1071 3213 549 1071 3214 548 1071 3215 533 1072 3216 531 1072 3217 549 1072 3218 531 1073 3219 529 1073 3220 549 1073 3221 529 1074 3222 551 1074 3223 549 1074 3224 549 1075 3225 547 1075 3226 541 1075 3227 547 1076 3228 545 1076 3229 541 1076 3230 545 1077 3231 543 1077 3232 541 1077 3233 541 1078 3234 539 1078 3235 537 1078 3236 537 1079 3237 535 1079 3238 541 1079 3239 535 1080 3240 533 1080 3241 541 1080 3242 549 1081 3243 551 1081 3244 550 1081 3245 551 1082 3246 529 1082 3247 528 1082 3248 550 1083 3249 528 1083 3250 534 1083 3251 528 1084 3252 530 1084 3253 534 1084 3254 530 1085 3255 532 1085 3256 534 1085 3257 534 1086 3258 536 1086 3259 538 1086 3260 538 1087 3261 540 1087 3262 534 1087 3263 540 1088 3264 542 1088 3265 534 1088 3266 542 1089 3267 544 1089 3268 546 1089 3269 546 1090 3270 548 1090 3271 550 1090 3272 542 1091 3273 546 1091 3274 550 1091 3275</p>
        </triangles>
      </mesh>
    </geometry>
  </library_geometries>
  <library_visual_scenes>
    <visual_scene id="Scene" name="Scene">
      <node id="base00" name="base00" type="NODE">
        <matrix sid="transform">1 0 0 0 0 1 0 0 0 0 1 0 0 0 0 1</matrix>
        <node id="start01" name="start01" type="NODE">
          <matrix sid="transform">1 0 0 0 0 1 0 0 0 0 1 0 0 0 0 1</matrix>
          <node id="tire_row_3_a800" name="tire_row_3_a800" type="NODE">
            <matrix sid="transform">1 0 0 0 0 1 0 0 0 0 1 0 0 0 0 1</matrix>
            <instance_geometry url="#tire_row_3_a800-mesh" name="tire_row_3_a800">
              <bind_material>
                <technique_common>
                  <instance_material symbol="tire_006-material" target="#tire_006-material">
                    <bind_vertex_input semantic="UVMap" input_semantic="TEXCOORD" input_set="0"/>
                  </instance_material>
                  <instance_material symbol="rim_006-material" target="#rim_006-material">
                    <bind_vertex_input semantic="UVMap" input_semantic="TEXCOORD" input_set="0"/>
                  </instance_material>
                </technique_common>
              </bind_material>
            </instance_geometry>
          </node>
          <node id="tire_row_3_a200" name="tire_row_3_a200" type="NODE">
            <matrix sid="transform">1 0 0 0 0 1 0 0 0 0 1 0 0 0 0 1</matrix>
            <instance_geometry url="#tire_row_3_a200-mesh" name="tire_row_3_a200">
              <bind_material>
                <technique_common>
                  <instance_material symbol="tire_006-material" target="#tire_006-material">
                    <bind_vertex_input semantic="UVMap" input_semantic="TEXCOORD" input_set="0"/>
                  </instance_material>
                  <instance_material symbol="rim_006-material" target="#rim_006-material">
                    <bind_vertex_input semantic="UVMap" input_semantic="TEXCOORD" input_set="0"/>
                  </instance_material>
                </technique_common>
              </bind_material>
            </instance_geometry>
          </node>
          <node id="tire_row_3_a50" name="tire_row_3_a50" type="NODE">
            <matrix sid="transform">1 0 0 0 0 1 0 0 0 0 1 0 0 0 0 1</matrix>
            <instance_geometry url="#tire_row_3_a50-mesh" name="tire_row_3_a50">
              <bind_material>
                <technique_common>
                  <instance_material symbol="tire_006-material" target="#tire_006-material">
                    <bind_vertex_input semantic="UVMap" input_semantic="TEXCOORD" input_set="0"/>
                  </instance_material>
                </technique_common>
              </bind_material>
            </instance_geometry>
          </node>
          <node id="nulldetail20" name="nulldetail20" type="NODE">
            <matrix sid="transform">1 0 0 0 0 1 0 0 0 0 1 0 0 0 0 1</matrix>
          </node>
        </node>
        <node id="collision-1" name="collision-1" type="NODE">
          <matrix sid="transform">1 0 0 0 0 1 0 0 0 0 1 0 0 0 0 1</matrix>
          <node id="Colmesh_t0-1" name="Colmesh_t0-1" type="NODE">
            <matrix sid="transform">1 0 0 0 0 1 0 0 0 0 1 0 0 0 0 1</matrix>
            <instance_geometry url="#Colmesh_t0-1-mesh" name="Colmesh_t0-1">
              <bind_material>
                <technique_common>
                  <instance_material symbol="Colmesh_Material-material" target="#Colmesh_Material-material">
                    <bind_vertex_input semantic="UVMap" input_semantic="TEXCOORD" input_set="0"/>
                  </instance_material>
                </technique_common>
              </bind_material>
            </instance_geometry>
          </node>
          <node id="Colmesh_t1-1" name="Colmesh_t1-1" type="NODE">
            <matrix sid="transform">1 0 0 0 0 1 0 0 0 0 1 0 0 0 0 1</matrix>
            <instance_geometry url="#Colmesh_t1-1-mesh" name="Colmesh_t1-1">
              <bind_material>
                <technique_common>
                  <instance_material symbol="Colmesh_Material-material" target="#Colmesh_Material-material">
                    <bind_vertex_input semantic="UVMap" input_semantic="TEXCOORD" input_set="0"/>
                  </instance_material>
                </technique_common>
              </bind_material>
            </instance_geometry>
          </node>
          <node id="Colmesh_t2-1" name="Colmesh_t2-1" type="NODE">
            <matrix sid="transform">1 0 0 0 0 1 0 0 0 0 1 0 0 0 0 1</matrix>
            <instance_geometry url="#Colmesh_t2-1-mesh" name="Colmesh_t2-1">
              <bind_material>
                <technique_common>
                  <instance_material symbol="Colmesh_Material-material" target="#Colmesh_Material-material">
                    <bind_vertex_input semantic="UVMap" input_semantic="TEXCOORD" input_set="0"/>
                  </instance_material>
                </technique_common>
              </bind_material>
            </instance_geometry>
          </node>
        </node>
      </node>
    </visual_scene>
  </library_visual_scenes>
  <scene>
    <instance_visual_scene url="#Scene"/>
  </scene>
</COLLADA>