<?xml version="1.0" encoding="utf-8"?>
<COLLADA xmlns="http://www.collada.org/2005/11/COLLADASchema" version="1.4.1" xmlns:xsi="http://www.w3.org/2001/XMLSchema-instance">
  <asset>
    <contributor>
      <author>Blender User</author>
      <authoring_tool>Blender 4.2.9 LTS commit date:2025-04-14, commit time:12:24, hash:a10f621e649a</authoring_tool>
    </contributor>
    <created>2026-08-01T07:55:08</created>
    <modified>2026-08-01T07:55:08</modified>
    <unit name="meter" meter="1"/>
    <up_axis>Z_UP</up_axis>
  </asset>
  <library_effects>
    <effect id="tire_003-effect">
      <profile_COMMON>
        <newparam sid="tire_rubber_png-surface">
          <surface type="2D">
            <init_from>tire_rubber_png</init_from>
          </surface>
        </newparam>
        <newparam sid="tire_rubber_png-sampler">
          <sampler2D>
            <source>tire_rubber_png-surface</source>
          </sampler2D>
        </newparam>
        <technique sid="common">
          <lambert>
            <emission>
              <color sid="emission">0 0 0 1</color>
            </emission>
            <diffuse>
              <texture texture="tire_rubber_png-sampler" texcoord="UVMap"/>
            </diffuse>
            <index_of_refraction>
              <float sid="ior">1.5</float>
            </index_of_refraction>
          </lambert>
        </technique>
      </profile_COMMON>
    </effect>
    <effect id="rim_003-effect">
      <profile_COMMON>
        <newparam sid="tire_rim_png-surface">
          <surface type="2D">
            <init_from>tire_rim_png</init_from>
          </surface>
        </newparam>
        <newparam sid="tire_rim_png-sampler">
          <sampler2D>
            <source>tire_rim_png-surface</source>
          </sampler2D>
        </newparam>
        <technique sid="common">
          <lambert>
            <emission>
              <color sid="emission">0 0 0 1</color>
            </emission>
            <diffuse>
              <texture texture="tire_rim_png-sampler" texcoord="UVMap"/>
            </diffuse>
            <reflectivity>
              <float sid="specular">0.6</float>
            </reflectivity>
            <index_of_refraction>
              <float sid="ior">1.5</float>
            </index_of_refraction>
          </lambert>
        </technique>
      </profile_COMMON>
    </effect>
    <effect id="Colmesh_Material-effect">
      <profile_COMMON>
        <technique sid="common">
          <lambert>
            <emission>
              <color sid="emission">0 0 0 1</color>
            </emission>
            <diffuse>
              <color sid="diffuse">1 0 1 1</color>
            </diffuse>
            <transparent opaque="A_ONE">
              <color sid="alpha">0 0 0 0.15</color>
            </transparent>
            <index_of_refraction>
              <float sid="ior">1.5</float>
            </index_of_refraction>
          </lambert>
        </technique>
      </profile_COMMON>
    </effect>
  </library_effects>
  <library_images>
    <image id="tire_rim_png" name="tire_rim_png">
      <init_from>tire_rim.png</init_from>
    </image>
    <image id="tire_rubber_png" name="tire_rubber_png">
      <init_from>tire_rubber.png</init_from>
    </image>
  </library_images>
  <library_materials>
    <material id="tire_003-material" name="tire.003">
      <instance_effect url="#tire_003-effect"/>
    </material>
    <material id="rim_003-material" name="rim.003">
      <instance_effect url="#rim_003-effect"/>
    </material>
    <material id="Colmesh_Material-material" name="Colmesh_Material">
      <instance_effect url="#Colmesh_Material-effect"/>
    </material>
  </library_materials>
  <library_geometries>
    <geometry id="tire_stack_4_a50-mesh" name="tire_stack_4_a50">
      <mesh>
        <source id="tire_stack_4_a50-mesh-positions">
          <float_array id="tire_stack_4_a50-mesh-positions-array" count="24">-0.399 0 0.003215968 0.399 0 0.003215968 0.399 0 0.899184 -0.399 0 0.899184 0 -0.399 0.003215968 0 0.399 0.003215968 0 0.399 0.899184 0 -0.399 0.899184</float_array>
          <technique_common>
            <accessor source="#tire_stack_4_a50-mesh-positions-array" count="8" stride="3">
              <param name="X" type="float"/>
              <param name="Y" type="float"/>
              <param name="Z" type="float"/>
            </accessor>
          </technique_common>
        </source>
        <source id="tire_stack_4_a50-mesh-normals">
          <float_array id="tire_stack_4_a50-mesh-normals-array" count="12">0 -1 0 1 0 0 0 -1 0 1 0 0</float_array>
          <technique_common>
            <accessor source="#tire_stack_4_a50-mesh-normals-array" count="4" stride="3">
              <param name="X" type="float"/>
              <param name="Y" type="float"/>
              <param name="Z" type="float"/>
            </accessor>
          </technique_common>
        </source>
        <source id="tire_stack_4_a50-mesh-map-0">
          <float_array id="tire_stack_4_a50-mesh-map-0-array" count="24">1 0 0 1 0 0 1 0 0 1 0 0 1 0 1 1 0 1 1 0 1 1 0 1</float_array>
          <technique_common>
            <accessor source="#tire_stack_4_a50-mesh-map-0-array" count="12" stride="2">
              <param name="S" type="float"/>
              <param name="T" type="float"/>
            </accessor>
          </technique_common>
        </source>
        <vertices id="tire_stack_4_a50-mesh-vertices">
          <input semantic="POSITION" source="#tire_stack_4_a50-mesh-positions"/>
        </vertices>
        <triangles material="tire_003-material" count="4">
          <input semantic="VERTEX" source="#tire_stack_4_a50-mesh-vertices" offset="0"/>
          <input semantic="NORMAL" source="#tire_stack_4_a50-mesh-normals" offset="1"/>
          <input semantic="TEXCOORD" source="#tire_stack_4_a50-mesh-map-0" offset="2" set="0"/>
          <p>1 0 0 3 0 1 0 0 2 5 1 3 7 1 4 4 1 5 1 2 6 2 2 7 3 2 8 5 3 9 6 3 10 7 3 11</p>
        </triangles>
      </mesh>
    </geometry>
    <geometry id="tire_stack_4_a200-mesh" name="tire_stack_4_a200">
      <mesh>
        <source id="tire_stack_4_a200-mesh-positions">
          <float_array id="tire_stack_4_a200-mesh-positions-array" count="1116">0.3796096 0.06476253 0.1226695 0.3544237 0.0534237 0.1978257 0.2907207 0.1019526 0.2286209 0.2398053 0.06983697 0.1941043 0.2131951 0.07476526 0.117346 0.2500414 0.006186664 0.04497253 0.2934052 0.1011095 0.01266539 0.3572121 0.04614806 0.04327535 0.2665453 0.2756246 0.1173813 0.28847 0.2095857 0.1963675 0.1708433 0.1768266 0.04418426 0.28847 0.2095857 0.04363244 0.1651042 0.3181366 0.1978257 0.1378081 0.2704637 0.228 0.1153786 0.2171241 0.1958157 0.1010593 0.1983401 0.12 0.1328896 0.2719749 0.01235467 0.1701183 0.3171419 0.04214912 0.06631368 0.3776477 0.1226186 -0.006186664 0.2500414 0.04497253 0 0.3565685 0.1963675 -0.04745143 0.299597 0.227262 -0.0325663 0.2439512 0.1967222 -0.03482258 0.2198616 0.12 -0.04748541 0.2998114 0.01199996 0 0.3565685 0.04363244 -0.1174265 0.3614014 0.12 -0.1690021 0.3180345 0.1971758 -0.1726294 0.3161158 0.04327535 -0.2705301 0.27053 0.12 -0.2144878 0.2144877 0.228738 -0.1746824 0.1746823 0.1961112 -0.1543157 0.1595721 0.121516 -0.1773632 0.1700282 0.04464513 -0.2503218 0.1818695 0.01199996 -0.3236615 0.1579586 0.1971758 -0.3205681 0.160332 0.04217427 -0.3614014 0.1174265 0.12 -0.3102895 -0.005493581 0.2273346 -0.2419672 0.03647273 0.195372 -0.2092324 0.06798374 0.12 -0.2439512 0.0325663 0.0432778 -0.379761 -0.06014811 0.12 -0.3565685 0 0.1963675 -0.2198616 -0.03482258 0.12 -0.2996918 -0.05112832 0.0116384 -0.3573299 -0.04770183 0.0441519 -0.3205682 -0.1603319 0.1978257 -0.2209656 -0.1078391 0.1958157 -0.2171241 -0.1153786 0.04418426 -0.2690441 -0.275523 0.1226695 -0.2081941 -0.2204574 0.228 -0.1574035 -0.1574035 0.12 -0.2081942 -0.2204574 0.01199996 -0.2618654 -0.2472985 0.04327535 -0.2095857 -0.28847 0.1963675 -0.08558976 -0.2355386 0.1965591 -0.1078392 -0.2209656 0.04418426 -0.05984979 -0.377877 0.12 -0.05818796 -0.3574411 0.195837 -0.0388509 -0.3007273 0.228 -0.03482264 -0.2198616 0.12 -0.04234063 -0.2997287 0.01235467 -0.05660599 -0.3573965 0.04325699 0.03647273 -0.2419672 0.04462796 0.1174265 -0.3614014 0.12 0.1690019 -0.3180346 0.1971758 0.1419216 -0.2673729 0.2283546 0.1068981 -0.221224 0.1953548 0.1285325 -0.1857994 0.1226539 0.1378081 -0.2704638 0.01199996 0.1726292 -0.3161159 0.04327535 0.2665451 -0.2756248 0.1226186 0.174072 -0.175574 0.04327028 0.3236615 -0.1579586 0.1971758 0.2725083 -0.1347907 0.2276384 0.2165026 -0.1170443 0.1967222 0.2702704 -0.1377097 0.01126199 0.3196678 -0.1628789 0.04327076 0.3614014 -0.1174266 0.12 0.2092324 -0.0679838 0.12 0 0.22 0.13 0.11 0.1905255 0.11 0.215017 0.0694034 0.09999996 0.2209119 0.04740339 0.14 0.1905255 -0.11 0.13 0.11 -0.1905255 0.11 -0.04740339 -0.2209119 0.09999996 -0.0694034 -0.215017 0.14 -0.1905255 -0.11 0.13 -0.22 0 0.11 -0.1676136 0.1515085 0.09999996 -0.1515085 0.1676136 0.14 0.379761 -0.06014835 0.3408 0.3544237 0.0534237 0.4186257 0.2998114 0.04748541 0.4488 0.243475 0.03427898 0.4166157 0.2186381 0.03839206 0.339284 0.2444404 0.03871554 0.2632923 0.3008922 0.04765659 0.2328 0.3573299 0.04770171 0.264952 0.3410174 0.1788988 0.3434695 0.2597945 0.2490503 0.4186509 0.2175984 0.2104304 0.4484453 0.1519758 0.1986513 0.4158275 0.1779837 0.1293128 0.3408 0.1708433 0.1768266 0.2649843 0.2104305 0.2175983 0.2331547 0.2597944 0.2490503 0.2629491 0.1683269 0.3445016 0.3381814 0.1010593 0.1983401 0.3408 0.05670899 0.3580465 0.4154975 0.05112844 0.2996918 0.4491616 0.04008436 0.2413951 0.265428 0.04748547 0.2998114 0.2328 0.06245225 0.3546934 0.2636241 -0.05363148 0.3796564 0.3434186 -0.0325663 0.2439512 0.4175222 0 0.22 0.3408 -0.1690021 0.3180345 0.4179759 -0.1378082 0.2704637 0.4488 -0.1005579 0.1973561 0.3408 -0.112153 0.2201126 0.2646888 -0.1328897 0.2719749 0.2324452 -0.1657955 0.3219655 0.2649629 -0.2637127 0.2792461 0.3408 -0.1746824 0.1746823 0.4169112 -0.3240399 0.1565802 0.4186509 -0.2968004 0.09065997 0.4481346 -0.1974311 0.103573 0.3392545 -0.2219478 0.1063575 0.2640779 -0.2934052 0.1011095 0.2334654 -0.3205681 0.160332 0.2629743 -0.3774847 0.07090854 0.3408 -0.2419199 0.0383163 0.4169206 -0.3543545 -0.05612415 0.4175292 -0.2198616 -0.03482258 0.3408 -0.2367481 -0.07431757 0.2665025 -0.3565685 0 0.2644324 -0.3438224 -0.1751861 0.3408 -0.2661296 -0.1453319 0.4488 -0.2221992 -0.1053237 0.4169237 -0.2704638 -0.137808 0.2328 -0.3181366 -0.1651041 0.2629743 -0.2618654 -0.2472985 0.4175246 -0.1369869 -0.1796568 0.343454 -0.168327 -0.3445016 0.3381814 -0.1298793 -0.274003 0.4488 -0.08692872 -0.234636 0.4162926 -0.1430854 -0.1969401 0.2644324 -0.1378082 -0.2704637 0.2328 -0.169002 -0.3180345 0.2636241 -0.1101858 -0.3391168 0.4171675 -0.03427904 -0.243475 0.2649843 0 -0.38 0.3408 0.0534237 -0.3544237 0.4186257 0.1073673 -0.2898036 0.4488 0.02849066 -0.2205333 0.3408 0.09561431 -0.294271 0.2328 0.05021053 -0.3566322 0.2636241 0.1683268 -0.3445016 0.3434186 0.07522445 -0.231517 0.4171675 0.1153785 -0.2171242 0.2649843 0.2095856 -0.2884702 0.4171675 0.2021954 -0.1438394 0.4150975 0.1557623 -0.1595134 0.3392545 0.2095856 -0.2884702 0.2644324 0.3074263 -0.2233585 0.3408 0.3236615 -0.1579586 0.4179758 0.2719749 -0.1328897 0.4491547 0.2178383 -0.1109942 0.2660724 0.2673729 -0.1419218 0.2324452 0.3205681 -0.1603321 0.2629743 0.2092324 -0.0679838 0.3408 0 0.22 0.3508 0.11 0.1905255 0.3308 0.215017 0.0694034 0.3208 0.2209119 0.04740339 0.3608 0.1905255 -0.11 0.3508 0.11 -0.1905255 0.3308 -0.04740339 -0.2209119 0.3208 -0.0694034 -0.215017 0.3608 -0.1905255 -0.11 0.3508 -0.22 0 0.3308 -0.1676136 0.1515085 0.3208 -0.1515085 0.1676136 0.3608 0.379761 -0.06014835 0.5616 0.3544237 0.0534237 0.6394258 0.2998114 0.04748541 0.6696 0.243475 0.03427898 0.6374158 0.2186381 0.038392 0.560084 0.2398053 -0.06983709 0.4874957 0.299597 -0.04745155 0.452862 0.3573299 0.04770171 0.485752 0.3614014 0.1174264 0.5616 0.2158141 0.117855 0.4854763 0.2501192 0.1817222 0.4549109 0.2637126 0.2792461 0.5616 0.28847 0.2095857 0.6379676 0.1868003 0.2449866 0.6689791 0.1519758 0.1986513 0.6366276 0.1779837 0.1293128 0.5616 0.2597944 0.2490503 0.4837492 0.1625797 0.3190808 0.6403697 0.1010593 0.1983401 0.5616 0.07681447 0.2364107 0.4860098 0.1174265 0.3614014 0.5616 0.04398381 0.3008234 0.4532384 0.06505382 0.3545815 0.485752 -0.05984979 0.377877 0.5616 0 0.3565685 0.6379676 -0.08348023 0.297565 0.6696 -0.03427904 0.243475 0.6374158 0 0.22 0.5616 -0.1701185 0.3171418 0.639451 -0.104076 0.1960734 0.560084 -0.112153 0.2201126 0.4854888 -0.1916667 0.2424412 0.4536001 -0.1642772 0.322412 0.4848571 -0.2637126 0.2792461 0.5616 -0.1708434 0.1768266 0.6374158 -0.3196678 0.1628789 0.6383293 -0.2692243 0.1412359 0.6699616 -0.1960734 0.1040759 0.5631161 -0.2219478 0.1063575 0.4848779 -0.3205681 0.160332 0.4837743 -0.3774847 0.07090854 0.5616 -0.2504593 0.008615255 0.6381593 -0.3079968 -0.007125079 0.454221 -0.3572121 -0.04614818 0.6383247 -0.294271 -0.09561437 0.6696 -0.2206038 -0.03225469 0.5600546 -0.2367481 -0.07431757 0.4873026 -0.3565685 0 0.4852325 -0.3614015 -0.1174263 0.5616 -0.3181366 -0.1651041 0.4837743 -0.2637126 -0.2792462 0.5616 -0.2884701 -0.2095856 0.6379676 -0.1773632 -0.1700282 0.6369549 -0.1779838 -0.1293127 0.5616 -0.1818696 -0.2503218 0.4536001 -0.1625798 -0.3190807 0.6403697 -0.1419218 -0.2673729 0.6692454 -0.09745246 -0.1994483 0.560084 -0.1430854 -0.1969401 0.4852325 -0.1630235 -0.3233779 0.485763 -0.05984979 -0.377877 0.5616 -0.006186723 -0.2500414 0.6366276 -0.0325663 -0.2439512 0.4848778 0 -0.3565685 0.6379676 0.09065991 -0.2968005 0.6702654 0 -0.22 0.5616 0.05112838 -0.2996918 0.4532384 0.05612415 -0.3543545 0.4848708 0.1645137 -0.3470706 0.5616 0.1690019 -0.3180346 0.638776 0.1010593 -0.1983401 0.5616 0.1153785 -0.2171242 0.4857844 0.1986513 -0.1519759 0.6366276 0.2175983 -0.2104305 0.4539547 0.2095856 -0.2884702 0.4852325 0.3074263 -0.2233585 0.5616 0.3236615 -0.1579586 0.638776 0.2704637 -0.1378082 0.6696 0.1998394 -0.09884655 0.5631455 0.3205681 -0.1603321 0.4837743 0 0.22 0.5716001 0.11 0.1905255 0.5516001 0.215017 0.0694034 0.5416001 0.2209119 0.04740339 0.5816001 0.1905255 -0.11 0.5716001 0.11 -0.1905255 0.5516001 -0.04740339 -0.2209119 0.5416001 -0.0694034 -0.215017 0.5816001 -0.1905255 -0.11 0.5716001 -0.22 0 0.5516001 -0.1676136 0.1515085 0.5416001 -0.1515085 0.1676136 0.5816001 0.379761 -0.06014835 0.7824001 0.3544237 0.0534237 0.8602258 0.2997287 -0.04234069 0.8907547 0.243475 0.03427898 0.8582158 0.219801 -0.03104984 0.780884 0.2434315 0 0.7060325 0.299597 -0.04745155 0.673662 0.3565685 0 0.7060325 0.3614014 0.1174264 0.7824 0.2704637 0.1378082 0.8904 0.2092324 0.06798368 0.7824 0.2165027 0.1170442 0.7056778 0.2692243 0.1412358 0.6747616 0.3254683 0.1542742 0.7056754 0.2637126 0.2792461 0.7824001 0.28847 0.2095857 0.8587676 0.1782187 0.1697376 0.8591223 0.1285325 0.1857993 0.7797461 0.1625797 0.3190808 0.8611697 0.1419217 0.2673729 0.8900454 0.1068981 0.221224 0.7070451 0.08348023 0.2975651 0.6744 0.2095857 0.28847 0.7060325 0.1174265 0.3614014 0.7824 0.01016759 0.2500146 0.8578926 0.06505388 0.3545815 0.7065519 -0.06631362 0.3776477 0.7797815 0 0.3565685 0.8587676 -0.08348023 0.297565 0.8904 -0.03482264 0.2198616 0.7824001 -0.04441261 0.2420749 0.7056778 -0.1701185 0.3171418 0.860251 -0.1419219 0.2673728 0.6747547 -0.1642772 0.322412 0.705657 -0.2718789 0.2718788 0.7824001 -0.1746823 0.1746823 0.8585113 -0.1796568 0.1369869 0.785054 -0.1728775 0.1728774 0.7076724 -0.3196678 0.1628789 0.8591293 -0.2714387 0.138305 0.8904 -0.2704637 0.1378081 0.6744 -0.3205681 0.160332 0.7045743 -0.3614014 0.1174265 0.7824 -0.2419672 0.03647273 0.8577721 -0.2504593 0.008615255 0.7058408 -0.3774847 -0.07090842 0.7824 -0.3565685 0 0.8587676 -0.2907207 -0.1019526 0.891021 -0.2206543 -0.03494811 0.7824001 -0.2934052 -0.1011094 0.6737346 -0.3566323 -0.05021059 0.7052242 -0.3205682 -0.1603319 0.8602258 -0.2209656 -0.1078391 0.8582158 -0.2637126 -0.2792462 0.7824 -0.1543157 -0.1595721 0.780884 -0.1969402 -0.1430853 0.7060325 -0.2610476 -0.2486247 0.7065519 -0.1701185 -0.3171418 0.860251 -0.1377097 -0.2702704 0.889662 -0.1170442 -0.2165027 0.8591222 -0.1078392 -0.2209656 0.7065843 -0.08348023 -0.297565 0.6744 -0.05984973 -0.377877 0.7824 -0.03482264 -0.2198616 0.7824001 -0.1101858 -0.3391168 0.7060325 0 -0.3565685 0.8587676 0.04745143 -0.299597 0.891138 0.03330421 -0.2434298 0.8577549 0.07431757 -0.2367481 0.7081025 0.05871379 -0.3535858 0.7045743 0.1645137 -0.3470706 0.7824001 0.1690019 -0.3180346 0.8595759 0.06798374 -0.2092324 0.7824 0.1868003 -0.2449867 0.6750209 0.2175181 -0.2124032 0.8900384 0.1986513 -0.1519758 0.8574275 0.1616688 -0.1526758 0.7824001 0.2095856 -0.2884702 0.7060325 0.3074263 -0.2233585 0.7824 0.3236615 -0.1579586 0.8595759 0.2158141 -0.1178551 0.7062762 0.3205681 -0.1603321 0.7045743 0 0.22 0.7924 0.11 0.1905255 0.7724 0.215017 0.0694034 0.7624 0.2209119 0.04740339 0.8024 0.1905255 -0.11 0.7924 0.11 -0.1905255 0.7724 -0.04740339 -0.2209119 0.7624 -0.0694034 -0.215017 0.8024 -0.1905255 -0.11 0.7924 -0.22 0 0.7724 -0.1676136 0.1515085 0.7624 -0.1515085 0.1676136 0.8024</float_array>
          <technique_common>
            <accessor source="#tire_stack_4_a200-mesh-positions-array" count="372" stride="3">
              <param name="X" type="float"/>
              <param name="Y" type="float"/>
              <param name="Z" type="float"/>
            </accessor>
          </technique_common>
        </source>
        <source id="tire_stack_4_a200-mesh-normals">
          <float_array id="tire_stack_4_a200-mesh-normals-array" count="2160">0.5678408 0.2471543 0.7851572 -0.3380216 -0.1611672 -0.9272359 0.5839452 0.2472974 -0.7732089 -0.6677731 -0.5963932 -0.4454148 0.6140403 0.6699165 -0.4173328 0.4536768 0.8850321 0.1043827 -0.1566748 -0.3689693 -0.9161412 0.2008549 0.8792628 0.4319191 -0.1422806 -0.8983246 -0.4156551 0.2027708 0.8902605 -0.4078238 -0.121304 0.5493561 0.8267365 -0.173287 0.3560199 0.9182708 -0.1891601 0.3253177 -0.9264917 -0.4507703 0.4355175 0.7791859 -0.8501145 0.5045673 0.1507222 -0.8478024 0.503195 -0.1674093 -0.5438326 0.1090372 0.8320799 0.9227076 -0.09539949 -0.3735097 -0.561884 -0.1187179 0.8186528 0.9780461 0.1428001 0.1517699 0.4119334 0.0691294 -0.9085879 -0.8862849 -0.4545059 0.08901435 0.8124663 0.413972 -0.410519 -0.6757498 -0.5903018 0.4414816 -0.4222987 -0.3751501 0.8251826 0.6825362 0.7241407 0.09881615 0.2924479 0.30269 -0.9071125 0.4139722 0.8124663 -0.4105189 0.06376814 0.4190478 -0.9057221 -0.1778086 0.8860829 -0.4280667 0.4906319 -0.8576421 0.154047 -0.4317824 0.8921508 -0.1327812 -0.1882421 0.3715396 -0.9091332 -0.6825305 0.7161563 0.1458507 0.8491381 -0.5066784 0.1491361 -0.7499089 0.5227951 0.4053664 -0.3685471 0.162611 -0.9152762 0.8457068 -0.5097058 -0.1580507 -0.6914657 0.07120805 -0.7188912 0.9571594 -0.1698797 -0.2344924 -0.6256999 -0.7439845 -0.2344925 -0.3314595 0.9138644 -0.2344921 0.983357 0.1583838 0.08901435 0.783346 0.3788598 0.4927822 0.795749 0.3807849 -0.470942 -0.6193426 -0.690199 -0.3742192 0.4142221 0.7851145 0.4604511 -0.29096 -0.5489202 0.7836 0.4126937 0.7739843 -0.4802417 0.1574574 0.9860165 0.05457562 -0.1953116 -0.9112709 -0.3625447 0.08976191 -0.5901654 0.8022766 -0.128561 0.8777154 -0.4616141 -0.4307426 0.8992124 0.07666724 0.1772191 -0.3716312 0.9113088 0.4322057 -0.8881175 0.1563509 -0.4302579 0.9014427 -0.04774099 0.4943746 -0.4399273 0.749705 0.6288016 -0.6563893 0.4168472 -0.8751959 0.47794 0.07487052 -0.8740357 0.4773063 -0.09077656 0.3961684 -0.04475998 -0.9170862 -0.8848218 0.1948258 -0.4232413 -0.9880508 -0.1351513 0.07409405 0.9788079 0.1343865 0.1545165 -0.7880083 -0.3812453 0.4834201 -0.5495833 -0.2659041 0.7919932 0.7921822 0.4456493 -0.4169461 0.68947 0.7208946 0.07030016 0.7785301 0.5978854 -0.1908505 -0.4734831 -0.783737 0.401958 -0.2935241 -0.4880861 0.8219584 0.1754997 0.3996792 -0.8996979 0.2165727 0.84499 0.4889663 0.2090033 0.8745103 -0.4376635 0.20035 -0.9632298 0.1790202 -0.01381945 0.4710461 0.8820003 -0.0198329 0.9878383 0.1542146 -0.07031661 0.3993585 -0.9140943 0.3543223 -0.8293983 0.4319189 0.2491588 -0.5726793 0.7809984 -0.3968544 0.8171455 -0.4180668 0.3609731 -0.8391951 -0.4067556 0.9039804 -0.4006438 0.1493445 -0.8011284 0.4741722 -0.3651768 0.8701484 -0.1492999 -0.4696289 0.9571594 -0.1698797 -0.2344925 -0.6256999 -0.7439845 -0.2344927 -0.3314595 0.9138643 -0.2344923 0.9800133 0.101324 0.1711941 -0.851534 -0.3746404 -0.3667894 0.5525783 0.2597975 -0.7919358 0.3987796 0.4408497 0.8041308 -0.1928563 -0.8998146 -0.3913316 -0.1343547 0.6091213 0.7816138 -0.1209676 0.875377 -0.4680619 -0.4339368 0.8969157 0.08509445 0.4334157 -0.8880811 0.1531755 -0.4347866 0.8986721 -0.05787122 0.4308167 -0.5101574 0.7444035 -0.874368 0.477488 0.08651924 0.8984916 -0.4247738 0.110816 -0.8740356 0.4773064 -0.09077638 -0.8697428 0.1562082 0.4681309 0.6920067 -0.07427549 0.7180598 0.887784 -0.1693524 0.4279713 0.3862823 -0.04400712 -0.9213303 -0.8848218 0.1948258 -0.4232413 -0.9876178 -0.08433932 0.1322799 -0.5790929 -0.2452661 0.7774934 0.3452798 0.1350177 0.9287369 0.8425832 0.3636695 -0.3972378 -0.3056069 -0.1560965 -0.9392754 0.4859034 0.4294229 0.7612448 0.3459768 0.2793873 -0.8956801 -0.6269111 -0.6203145 -0.4713729 0.4217552 0.9019012 0.09325671 -0.1997006 -0.8920542 0.4054123 0.08428317 0.6910188 0.7179062 0.197381 0.9088354 -0.3675038 0.1389779 -0.6256321 0.767639 -0.06912928 0.4119334 -0.908588 0.1353796 -0.9859708 -0.09764194 -0.4318082 0.9019552 0.004299342 0.3576872 -0.8308038 -0.4264093 -0.4407534 0.5015619 0.7444273 -0.3024268 0.2661219 -0.9152689 0.9039805 -0.4006438 0.1493444 0.3553149 -0.1849109 -0.9162747 0.8701484 -0.1492999 -0.4696289 0.9571593 -0.1698797 -0.2344926 -0.6256999 -0.7439844 -0.2344928 -0.3314595 0.9138643 -0.2344925 0.9800133 0.1013243 0.1711939 -0.5918342 -0.09456676 0.8004932 0.5251165 0.2294311 0.8195207 -0.4172239 -0.4117128 0.8101956 0.6878393 0.5950781 -0.4156433 -0.1769406 -0.3563529 0.9174446 -0.4299145 -0.8986421 0.08726853 -0.08940958 -0.6760863 0.7313777 -0.1343547 0.6091213 0.7816138 -0.1194755 0.8652631 -0.4868731 -0.4552686 0.8867977 0.07950091 0.1448805 -0.3479006 0.9262693 0.1894124 -0.3777673 -0.9063194 0.436779 -0.5154859 0.7372234 -0.8524386 0.4940841 0.1709657 0.8984621 -0.4230373 -0.1174964 0.8680067 -0.2138907 0.4481241 0.8690978 -0.2002522 -0.4522918 -0.5846767 -0.1239894 0.8017355 0.9795576 0.1429886 0.1414963 0.3642954 0.1273557 -0.9225342 -0.6374611 -0.6115306 0.4686937 0.7130264 0.6832234 0.1574774 0.4147528 0.8116932 -0.4112592 -0.2796092 -0.4613106 -0.842028 -0.2028166 -0.890442 0.4074047 0.1756966 0.973608 0.145665 0.042153 0.39838 -0.9162513 0.1253881 -0.567005 0.814115 -0.09622645 0.9307056 -0.3528848 0.1353277 -0.9855923 -0.1014604 0.3624677 -0.830352 -0.4232409 0.4462051 -0.4311068 0.7842499 -0.6403826 0.7604771 -0.1076331 -0.2512159 0.2847667 -0.9250938 0.9039804 -0.400644 0.1493448 0.3264297 -0.1927641 -0.9253571 0.6007415 -0.08986759 0.7943761 -0.96748 0.2324091 0.09984272 -0.9523721 0.222741 -0.2082637 -0.4324432 0.09948182 -0.8961564 0.8852204 -0.1949233 -0.4223622 0.9571593 -0.1698797 -0.2344926 -0.6256999 -0.7439844 -0.2344928 -0.3314595 0.9138643 -0.2344925 0.8721393 0.46373 -0.1559721 0.8695222 0.470041 0.1516332 -0.9051827 -0.4204055 -0.06247872 0.3040773 0.279286 0.9107889 0.6070345 0.6844586 0.4037643 -0.3783891 -0.3297092 0.8649356 -0.7048714 -0.6459197 0.2931619 0.3116928 0.3306927 -0.8907805 -0.4699655 -0.4428865 -0.7635338 0.0646041 0.4335878 0.8987925 -0.3809829 -0.9202355 -0.08954739 0.4504607 0.8885455 -0.08701723 -0.08333343 -0.4889054 0.8683472 -0.149219 -0.9421316 0.3002027 0.1050287 0.4858248 -0.867723 -0.09126806 -0.6015139 -0.7936316 -0.2046586 0.9053935 0.3719912 -0.2102632 0.9006415 -0.3803082 -0.130401 0.5636776 -0.8156367 0.2415207 -0.4591858 0.854878 -0.50532 0.8513822 0.1407129 0.4338803 -0.8526234 0.2911721 0.4153336 -0.8877323 -0.1985684 0.287124 -0.4937961 -0.8208076 0.4672461 -0.2320329 0.8531365 -0.5054451 0.851593 -0.1389763 -0.6384764 0.6168721 0.4602354 -0.465249 0.447219 -0.7638969 -0.6436557 0.6144667 -0.4562213 -0.3426176 0.1432862 0.9284839 0.8800327 -0.4295114 0.202639 0.8820505 -0.425257 -0.2028385 -0.9176756 0.1893893 0.3492894 0.3784676 -0.1742914 -0.9090571 -0.4863278 0.07766562 -0.870318 0.9270249 -0.09584581 0.3625445 0.6325815 -0.1328537 -0.7630141 -0.9585285 0.09910297 -0.2672111 -0.4060159 -0.2212856 -0.88667 -0.8852207 -0.1949228 0.4223618 0.3925353 0.05994671 0.9177812 0.9727867 0.1754696 -0.1513158 -0.332786 -0.1551747 0.9301474 0.5907954 0.2829321 0.755586 0.8124663 0.413972 0.410519 0.5369449 0.2884473 -0.7927726 -0.8628856 -0.4465149 -0.2367551 -0.4010582 -0.8822554 0.2465311 0.2711524 0.2927905 0.9169243 0.6872792 0.711349 -0.1470708 -0.1945257 -0.4103861 0.8909226 -0.2006246 -0.4237049 -0.8833029 0.2692995 0.5681346 0.7776251 0.4087237 0.8021655 0.4352877 0.2595955 0.5395495 -0.8009347 -0.4281214 -0.8684909 -0.2498712 0.1540371 -0.9017885 0.4037947 0.1428005 0.978046 -0.1517697 0.08823513 -0.4874502 0.8686811 -0.09906876 0.5279588 0.8434718 -0.1945712 0.9033361 0.3822644 0.09257924 -0.5137223 -0.8529469 -0.09618121 0.5822865 -0.8072742 0.1614481 -0.8963533 -0.4128987 0.3550122 -0.3449744 0.8688837 0.495011 -0.8560009 -0.1490856 0.6313033 -0.6099422 0.478985 -0.3487013 0.3554769 0.8672045 0.3726566 -0.3576083 -0.8562962 -0.4323203 0.4269549 -0.7942347 -0.9157419 0.3838576 -0.1186181 0.6451789 -0.619095 -0.4477339 0.9162273 -0.1344978 0.3774094 0.4128805 -0.03553932 0.9100916 -0.5782937 0.0411058 0.8147925 -0.9436962 0.03231793 0.3292312 0.4081922 -0.03418153 -0.9122558 -0.8848673 0.01590806 -0.4655715 0.9637612 -0.09265387 -0.2501593 0.7439845 0.6257 0.2344924 0.1698797 -0.9571594 0.2344924 -0.9138643 0.3314595 0.2344923 0.06640321 0 0.9977928 -0.05750685 0.03320157 -0.9977929 0.4237399 0.2157104 0.8797236 0.9850279 0.1603555 -0.06329673 -0.4023202 -0.2196928 0.8887483 -0.8795394 -0.3976364 0.2613344 -0.8646794 -0.4582528 -0.2057519 -0.4342191 -0.229321 -0.8711289 0.4005486 0.215075 -0.890676 0.2380455 0.4681543 0.8509793 0.6892054 0.7209969 0.07182949 -0.6075971 -0.6771101 0.4151476 0.6915156 0.7188361 -0.07127994 -0.2266331 -0.4529038 -0.8622735 -0.4380443 -0.8860491 -0.1517699 0.2361983 0.4467343 -0.8629246 -0.204833 -0.9556944 0.211404 -0.08719515 -0.389516 0.9168829 -0.07958507 0.5038136 0.8601384 0.1539466 0.9844993 -0.08403259 -0.1475448 0.8623171 0.4843962 0.2089156 -0.9277598 -0.3092184 0.2041238 -0.9064804 0.3696306 0.07788699 -0.4936571 -0.8661618 -0.07775366 0.5071507 -0.8583429 -0.3155825 0.2756951 0.9079647 -0.6349815 0.6117187 0.4718037 0.6969471 -0.6713292 -0.2521547 0.3886543 -0.3701496 -0.8437637 -0.3452776 0.3413773 -0.874211 0.9803922 -0.0827105 -0.1788578 -0.6334739 0.6124035 -0.4729407 0.3552488 -0.1750981 0.918226 0.8879718 -0.4378196 0.140784 -0.8759307 0.1223765 0.4666576 -0.6291151 0.0855872 0.7725861 0.9057354 -0.1423392 0.3992279 0.5405051 0.07422566 0.8380602 -0.5914912 0.1255679 -0.7964739 -0.374814 -0.04610216 0.9259531 -0.4878137 -0.1058974 -0.8665009 0.6428174 0.06385087 -0.7633537 -0.9197331 -0.2111672 -0.3309072 0.3392703 0.3506419 0.8728951 0.7750408 0.451581 0.4420257 -0.6923955 -0.7186602 0.06415516 -0.2761099 -0.2923736 0.9155769 0.3876466 0.3876462 -0.8363376 -0.3517931 -0.3467561 -0.8694837 -0.675688 -0.6966208 -0.2411748 -0.08991765 -0.9262166 0.3661115 0.3840712 0.8953509 -0.2254687 -0.02693271 -0.4043959 0.9141873 -0.08809763 -0.5003436 -0.8613334 0.04059267 0.6094996 0.7917464 0.06623053 0.6493673 -0.7575855 -0.1901419 -0.9257323 -0.3269032 -0.5576686 0.8116918 0.1736727 -0.1713745 0.9733104 -0.1526355 0.2061062 -0.965642 -0.1582899 -0.2343547 0.3606959 0.9027603 0.697749 -0.6121839 0.3719909 0.2468452 -0.5678557 -0.7852435 0.285458 -0.3015109 0.909728 -0.3900491 0.4378556 -0.8100273 -0.4460439 0.466187 0.7640122 -0.7108694 0.6877933 -0.1469864 0.3780718 -0.3372654 -0.8621565 0.6984801 -0.6092379 -0.3754393 0.48842 -0.07366561 0.8694937 -0.7968509 0.4588711 0.3930215 0.9007369 -0.3992062 -0.1711938 0.8724879 -0.1284217 0.4714581 -0.4487506 0.09642684 0.8884395 -0.9470202 0.08813709 0.3088441 -0.9440544 0.07890975 -0.3202099 -0.4826045 0.06954216 -0.8730732 0.493501 -0.07897281 -0.8661525 0.7439845 0.6256999 0.2344926 0.1698797 -0.9571594 0.2344925 -0.9138643 0.3314595 0.2344924 0.06640321 0 0.9977928 -0.05750685 0.03320157 -0.9977929 -0.5402107 -0.1091695 -0.8344186 -0.9870081 -0.1272171 -0.09813624 0.8404445 0.5073676 0.190345 0.3772802 0.08969444 -0.9217454 0.9839887 0.101735 -0.1463432 0.3496492 0.2029461 0.9146356 -0.4385325 -0.2399592 0.8660882 -0.8795396 -0.3976363 0.2613342 0.8317839 0.5021392 -0.2366261 -0.6396316 -0.7491558 -0.1721542 0.5985877 0.6788888 0.4252091 -0.6075974 -0.6771101 0.4151473 0.227847 0.4369682 -0.8701406 -0.2593994 -0.2999992 -0.9179937 0.4812605 0.8569341 0.1845326 -0.3129829 -0.5525454 -0.7724864 0.4603078 0.8196257 -0.3410725 0.09064751 0.9753655 0.2011101 0.07689303 0.3844071 0.9199558 -0.1184186 -0.507076 0.8537277 -0.2051779 -0.9573042 0.2036433 0.2166563 -0.9220983 -0.3206163 0.09146791 0.9841927 -0.1516521 -0.2028166 0.8904421 0.4074045 0.2028061 -0.9057474 0.3721442 0.1472709 -0.5993095 -0.7868542 -0.09835129 0.3913128 -0.9149871 -0.3791433 0.3613644 0.8518604 0.1828072 -0.3745781 0.9089955 -0.6367121 0.6138637 0.4666574 0.6973076 -0.6716876 -0.250196 0.6532375 -0.6398978 0.4047365 -0.4174317 0.04275715 0.9077019 0.2902705 -0.2752426 -0.9165067 -0.4677621 0.4561124 -0.7570734 -0.6321053 0.6126972 -0.4743891 0.3639131 -0.1681938 0.9161213 0.64986 -0.3046509 -0.6963261 -0.3107658 0.1425188 -0.9397409 0.9819527 -0.08272051 -0.170077 -0.9034401 -0.2069813 -0.3754392 -0.5233864 0.1098346 -0.844987 -0.5466929 -0.1199368 -0.828699 -0.8404446 -0.5073674 0.1903451 0.8946282 0.3961398 0.2066734 -0.3013834 -0.2692148 0.9147083 0.6362618 0.3317579 -0.6964966 -0.8454355 -0.5103804 -0.157324 -0.5985879 -0.6788885 0.4252094 0.6116846 0.7098971 -0.3491244 0.6137512 0.6966957 0.3713818 -0.05562633 -0.4080556 0.9112609 -0.4539426 -0.454507 -0.7663939 -0.4331831 -0.895358 0.1033746 0.1729462 0.3662522 0.9143025 0.3827139 0.9012613 -0.2031208 0.1705322 0.4076745 -0.897062 -0.4348735 -0.898852 -0.05431497 -0.07482349 -0.5045748 -0.8601195 0.1853665 0.9068884 0.3784081 0.1328538 0.6325815 -0.7630141 0.2080344 -0.9193988 0.3338077 -0.1261051 -0.8788959 -0.460043 -0.1724604 0.9587184 -0.2260893 -0.1962754 0.9157676 0.3504933 0.2088208 -0.3822219 -0.9001668 -0.1605358 0.3353251 0.9283239 -0.2830193 0.5342154 -0.7965638 0.6588663 -0.6365725 0.4008374 0.2800056 -0.3128588 0.9075881 -0.7539797 0.6387374 -0.1533919 -0.6394129 0.6279362 0.4436747 0.6984801 -0.6092379 -0.3754393 0.4213443 -0.3743336 -0.8260408 0.4782684 -0.07575035 0.8749407 -0.5569112 0.2749412 -0.7837457 0.9007369 -0.3992062 -0.1711938 0.872488 -0.1284214 0.4714581 -0.4314035 0.1000261 0.8965967 -0.9411509 0.1358219 0.3094952 -0.8957793 0.1131133 -0.4298661 0.6127215 -0.1008229 -0.7838413 0.7439845 0.6256998 0.2344927 0.1698797 -0.9571593 0.2344927 -0.9138643 0.3314595 0.2344926 0.06640309 0 0.9977928 -0.05750674 0.03320151 -0.9977929 -0.9483011 -0.2188752 -0.2298228 0.3956172 0.06607127 0.9160358 -0.9229538 -0.1041675 0.3705475 -0.4648896 -0.1096208 -0.8785561 0.463312 0.09135925 -0.8814736 0.9712443 0.1004175 -0.215872 0.8404445 0.5073674 0.1903451 -0.7683471 -0.5178194 0.3761726 -0.3725374 -0.1855526 0.9092777 0.3153716 0.3153321 0.8950455 -0.7499091 -0.5227948 -0.4053664 0.8462818 0.5108914 -0.1509871 0.5985876 0.6788887 0.4252094 -0.385818 -0.4602628 -0.799564 -0.6825305 -0.7161561 -0.1458508 0.2524157 0.2977809 -0.9206589 0.4759591 0.8474943 -0.2349817 0.4812605 0.8569341 0.1845327 0.2416794 0.5347174 -0.8097335 0.08376294 0.9780691 0.1906951 0.0561946 0.4088265 0.9108804 -0.1294742 -0.9566712 -0.2607999 -0.1748835 -0.8740225 0.4533216 -0.0623846 0.4692329 -0.8808681 -0.04756373 -0.4050362 -0.9130626 0.08920061 0.9846346 -0.1501262 -0.2027708 0.8902603 0.407824 0.08281105 -0.6273291 -0.7743389 0.4647927 -0.8001438 0.3791275 0.448797 -0.8418323 -0.2998327 -0.3738031 0.3561544 0.8564025 -0.4573497 0.887466 -0.05688029 -0.6341331 0.6113141 0.4734661 -0.352144 0.3453773 -0.8698903 0.4242305 -0.4186832 -0.8029527 -0.9781571 0.08353185 0.1903453 -0.6295558 0.6102818 -0.4808488 0.3696029 -0.1848045 0.9106268 0.8869022 -0.4326383 0.1619527 0.3708881 -0.1649819 -0.9139053 -0.8518644 0.4937514 -0.174747 -0.3964374 0.03418725 0.917425 -0.4873101 0.08078837 -0.8694838 0.6571169 -0.05079323 0.7520755 0.6988786 -0.06512439 -0.7122693 -0.9674395 0.08261656 -0.2392392 0.8185111 0.4401922 -0.3691481 -0.8848221 -0.1948254 0.423241 0.4291734 0.06522637 0.9008638 -0.8740357 -0.4773064 0.09077584 0.8066599 0.4243892 0.4113314 -0.8563747 -0.4676618 -0.2188943 -0.6064788 -0.2971025 -0.7375051 -0.3271395 -0.3046116 0.8945343 0.3605588 0.3520293 0.8637549 0.4609526 0.4900503 -0.7398468 0.6448451 0.7362991 -0.2050328 -0.429369 -0.8874742 -0.1674269 -0.2411533 -0.2608535 -0.934773 -0.4339368 -0.8969157 0.08509469 0.4084232 0.8195938 0.4018164 -0.07729798 -0.4430885 0.8931392 0.07615685 0.5235435 0.8485884 0.2080343 -0.9193987 0.3338079 0.08671402 0.9914065 -0.09794867 -0.05681174 -0.5813764 -0.8116489 -0.08142608 -0.9093928 -0.4078904 -0.2238215 0.4078332 0.8851984 -0.09535169 0.9222495 0.3746517 -0.1413744 0.7345766 -0.6636344 0.06736314 -0.3351849 -0.9397411 0.1853536 -0.3499422 0.9182507 -0.5017656 0.8311647 0.2395762 0.6588664 -0.6365723 0.4008375 -0.4860938 0.8052054 -0.3396423 0.2187803 -0.4879872 -0.8449874 0.6984802 -0.6092378 -0.3754393 0.4183689 -0.3717867 -0.8286991 0.3533619 -0.1746909 0.9190313 -0.5449124 0.2600608 0.7971442 -0.8239905 0.3988505 0.40244 -0.8253262 0.3893753 -0.4089297 -0.5629617 0.3162099 -0.7636002 0.9007369 -0.3992063 -0.171194 0.8724877 -0.1284216 0.4714586 -0.4009894 0.09264433 0.9113861 0.5636449 -0.1191252 -0.8173822 0.7439845 0.6256998 0.2344927 0.1698797 -0.9571593 0.2344927 -0.9138643 0.3314595 0.2344926 0.06640309 0 0.9977928 -0.05750674 0.03320151 -0.9977929 0.8694992 0.3664359 -0.331204 0.8635292 0.3679247 0.3448895 0.3296352 0.3629157 0.8715692 -0.3894316 -0.3502442 0.8518639 -0.7443622 -0.6313572 0.2175155 0.2941958 0.2747108 -0.915414 0.1058974 0.4878135 0.8665009 -0.08147233 -0.4961892 0.8643834 -0.1703512 -0.9484735 0.2671675 0.06973862 0.4404891 -0.8950452 -0.08912903 0.9759759 0.1988139 -0.08376288 0.9780691 -0.1906951 0.2049344 -0.4282185 0.8801311 0.4221363 -0.8683752 0.2602414 0.4338858 -0.8661898 -0.2479079 0.1986565 -0.4213758 -0.8848605 0.5263556 -0.2344413 0.8173047 0.8100171 -0.4909964 0.3206164 0.8173666 -0.4849477 -0.3110269 -0.9712443 0.1004176 0.2158722 -0.4161535 0.08958309 -0.9048708 -0.9074886 0.1566575 -0.3897728 -0.4884876 -0.2299403 -0.8417288 -0.855285 -0.4076665 -0.3198367 -0.4293967 -0.8826058 0.1913774 -0.1941688 -0.4329885 0.8802384 -0.2542709 -0.4739057 -0.8430657 -0.445325 -0.8301794 -0.3353921 0.08942204 -0.9621797 0.2573205 0.08395892 -0.5130696 0.8542309 -0.02551001 0.4193789 0.9074528 -0.07232141 0.9854468 0.1538323 0.07718443 -0.4856842 -0.87072 0.08952087 -0.9632427 -0.2532777 0.3589571 -0.3468112 0.8665286 -0.3608312 0.360048 0.8603292 0.3383097 -0.3424388 -0.8765171 -0.7689356 0.5182636 -0.374354 0.9479134 -0.09917062 0.3026968 0.4855529 -0.07334023 0.8711255 -0.4649057 0.07033312 0.8825621 -0.9772173 0.1242619 0.1720616 0.5083532 -0.0912888 -0.8562963 0.9039961 -0.1623621 -0.3955119 0.1549193 -0.08944272 0.9838699 0.1433289 -0.2308183 0.9623823 -0.208751 0.1205224 0.9705139 0.12823 0.2395356 0.9623823 -0.241045 0 0.9705139 -0.271559 -0.008717298 0.9623823 -0.1788855 0 -0.9838699 -0.2395356 -0.12823 -0.9623823 0.008717298 0.271559 -0.9623823 0.2308183 -0.1433289 -0.9623823 0.4534711 0.2192438 0.8638844 -0.4438917 -0.2220733 0.8681265 -0.8648735 -0.480746 0.1444891 -0.8732225 -0.385483 -0.2981362 -0.4537663 -0.2312617 -0.8605895 0.4821549 0.2251393 -0.8466634 0.2308709 0.4235387 0.8759644 -0.2266385 -0.4530457 -0.8621975 0.2196263 0.4315215 -0.8749591 -0.2338113 -0.958581 0.1626492 -0.0800054 0.5045649 0.8596589 0.1365447 -0.9696871 -0.2026389 0.0747444 -0.5047885 -0.8600011 -0.076083 0.5039676 -0.8603651 -0.3482981 0.3381114 0.874282 0.6648917 -0.681771 -0.305135 0.387855 -0.3698177 -0.8442768 -0.3237742 0.2988024 -0.8977124 0.9374568 -0.155417 -0.3114809 0.544884 0.07317149 0.8353128 -0.3938634 -0.03526157 -0.9184924 -0.9804467 -0.1341112 -0.1440082 0.3252972 0.3444582 0.880642 0.3536007 0.2851296 -0.8908803 -0.3424035 -0.3424033 -0.8749399 -0.6798996 -0.6643432 -0.3104588 -0.2047028 -0.9547464 0.2157687 -0.049923 -0.4485995 0.8923375 -0.04259341 -0.4176137 -0.9076258 -0.1603876 -0.9109091 -0.3801583 -0.3988759 0.8411972 0.3650826 0.645771 -0.7371925 0.198814 0.3671641 -0.326321 0.8710368 -0.3613 0.3576343 -0.8611388 0.2690595 -0.3054643 -0.9133995 0.64266 -0.74204 -0.1906952 0.4886382 -0.07378393 0.869361 -0.5085529 0.0801683 0.8572905 -0.9654089 0.2225792 0.1358093 -0.9638339 0.1674147 -0.2073562 -0.5186848 0.09329861 -0.8498597 0.474503 -0.08225703 -0.8764021 0.1549193 -0.08944272 0.9838699 0.1433288 -0.2308182 0.9623824 -0.208751 0.1205224 0.9705139 0.1282299 0.2395354 0.9623824 -0.241045 0 0.9705139 -0.2715588 -0.008717238 0.9623823 -0.1788855 0 -0.9838699 -0.2395354 -0.1282299 -0.9623824 0.008717238 0.2715588 -0.9623823 0.2308182 -0.1433288 -0.9623824 -0.4799993 -0.07076215 -0.8744103 0.8525592 0.3635768 0.3754392 0.4568939 0.2010565 0.8665012 -0.4525287 -0.2562536 0.8541381 -0.8648736 -0.4807459 0.1444891 0.8235527 0.3948872 -0.4072161 -0.6522878 -0.7269134 -0.2147499 0.2144311 0.3583689 -0.9086204 0.4384623 0.8162491 -0.3761491 0.203515 0.9063469 0.3702929 0.07404172 0.3801856 0.9219418 -0.1111505 -0.5808945 0.8063543 -0.2303115 -0.9598267 0.1602792 0.08557671 -0.9881318 -0.1275627 0.04014796 -0.4367615 -0.898681 -0.0720036 0.5366879 -0.8407031 -0.2519028 0.3014282 0.9196119 0.67142 -0.6810494 -0.2921763 -0.5011147 0.08998858 0.8606893 0.9355847 -0.1612886 -0.3141134 -0.978157 -0.08353137 -0.1903453 -0.8522241 -0.3592775 0.3803076 0.9147924 0.3732675 0.1543574 -0.3276264 -0.3574969 0.874561 0.7811508 0.5996029 -0.1740106 -0.09233063 -0.4571096 0.8846049 -0.09055364 -0.4207499 -0.9026459 0.1341094 -0.9767205 0.1674267 -0.2017111 0.9411294 -0.2712711 0.2063265 -0.4758936 -0.8549588 0.6354846 -0.7341144 0.2392393 0.3653658 -0.3530032 0.8613342 -0.675771 0.6755078 -0.2949963 0.6425247 -0.7422471 -0.1903454 0.4884236 -0.07375276 0.8694843 -0.5086039 0.08055502 0.857224 -0.9612028 0.230681 0.1512464 0.1549191 -0.08944261 0.98387 0.1433287 -0.2308179 0.9623825 -0.2087507 0.1205223 0.9705141 0.1282298 0.2395353 0.9623825 -0.2410447 0 0.970514 -0.2715586 -0.008717298 0.9623824 -0.1788852 0 -0.98387 -0.2395353 -0.1282298 -0.9623825 0.008717298 0.2715586 -0.9623824 0.2308179 -0.1433287 -0.9623825 -0.9373282 -0.09489685 -0.3352767 -0.5496977 -0.08364033 -0.8311659 0.4435657 0.07660388 -0.8929622 0.9211095 0.1848945 -0.3425951 0.8525593 0.363577 0.375439 -0.8805623 -0.4256005 0.2085048 0.3276262 0.357497 0.874561 -0.3470422 -0.3537129 -0.8685901 0.391194 0.3400846 -0.8551665 0.3893104 0.8538187 -0.3455879 0.203515 0.9063469 0.3702929 0.09233051 0.4571095 0.884605 -0.1945712 -0.903336 -0.3822643 -0.06489467 0.4741604 -0.8780436 0.373919 -0.9163452 0.1431638 0.462475 -0.8191029 -0.3393927 -0.2528405 0.2984019 0.9203413 -0.3583757 0.3579071 -0.8622467 -0.9056493 0.2043527 0.3715366 -0.500069 0.111385 0.8587925 -0.4176919 0.04263567 -0.9075879 -0.9073574 0.1542158 -0.3910501 0.928516 0.3273532 -0.175208 -0.8467426 -0.4101799 -0.3387911 -0.3363728 -0.3225877 0.8847545 0.4202126 0.3753284 0.8261658 0.4077036 0.4608586 -0.7882811 -0.4842162 -0.8052862 -0.3421239 -0.102865 -0.4766889 0.8730329 0.09130012 0.465062 0.8805575 0.1341095 -0.9767205 0.1674271 -0.2274811 0.4545497 0.8611835 -0.4765316 0.8621752 0.1719636 0.6354847 -0.7341143 0.2392393 0.6425247 -0.7422471 -0.1903453 0.1549191 -0.08944261 0.98387 0.1433287 -0.2308179 0.9623825 -0.2087507 0.1205223 0.9705141 0.1282298 0.2395353 0.9623825 -0.2410447 0 0.970514 -0.2715586 -0.008717298 0.9623824 -0.1788852 0 -0.98387 -0.2395353 -0.1282298 -0.9623825 0.008717298 0.2715586 -0.9623824 0.2308179 -0.1433287 -0.9623825</float_array>
          <technique_common>
            <accessor source="#tire_stack_4_a200-mesh-normals-array" count="720" stride="3">
              <param name="X" type="float"/>
              <param name="Y" type="float"/>
              <param name="Z" type="float"/>
            </accessor>
          </technique_common>
        </source>
        <source id="tire_stack_4_a200-mesh-map-0">
          <float_array id="tire_stack_4_a200-mesh-map-0-array" count="4320">0.65 0.625 0.6034169 0.75 0.5737997 0.625 0.6777775 0.125 0.6033373 0.25 0.5536646 0.125 0.6033373 0.25 0.65 0.375 0.5703836 0.375 0.725 0 0.6777775 0.125 0.6033989 0 0.7215951 0.375 0.6776999 0.5 0.65 0.375 0.7723 0.5 0.7237998 0.625 0.6776999 0.5 0.8036645 0.125 0.7277 0.25 0.6777775 0.125 0.7723 0.5 0.8 0.625 0.7237998 0.625 0.825 0 0.8036645 0.125 0.725 0 0.8 0.375 0.7723 0.5 0.7215951 0.375 0.8777776 0.625 0.8249999 0.75 0.8 0.625 0.8777776 0.625 0.925 0.75 0.8249999 0.75 0.9495957 0.25 0.8796165 0.375 0.825 0.25 0.9777775 0.625 0.925 0.75 0.8777776 0.625 1 0.5 0.9777775 0.625 0.925 0.5 0.9762002 0.375 1 0.5 0.925 0.5 0.04999995 0.625 0.05246984 0.75 0 0.625 0.07499998 0 0.02893698 0.125 0 0 0.1237998 0.625 0.05246984 0.75 0.04999995 0.625 0.1222224 0.875 0.07499998 1 0.02620023 0.875 0.1277775 0.125 0.0769267 0.25 0.02893698 0.125 0.1769267 0.5 0.1237998 0.625 0.07499998 0.5 0.175 0 0.1277775 0.125 0.07499998 0 0.1769267 0.5 0.2 0.625 0.1237998 0.625 0.2 0.625 0.1796193 0.75 0.1237998 0.625 0.2440154 0.875 0.175 1 0.1222224 0.875 0.2277775 0.125 0.1796193 0.25 0.1277775 0.125 0.275 0 0.2277775 0.125 0.175 0 0.3237997 0.125 0.2777 0.25 0.2277775 0.125 0.3965883 0 0.3237997 0.125 0.275 0 0.4223001 0.5 0.3777775 0.625 0.35 0.5 0.3965883 0 0.4243029 0.125 0.3237997 0.125 0.4243029 0.125 0.375 0.25 0.3237997 0.125 0.471063 0.875 0.3965883 1 0.371595 0.875 0.5 0.5 0.4777776 0.625 0.4223001 0.5 0.471063 0.875 0.5 1 0.3965883 1 0.5536646 0.125 0.475 0.25 0.4243029 0.125 0.475 0.375 0.5 0.5 0.4223001 0.5 0.5536646 0.125 0.6033373 0.25 0.475 0.25 0.5028243 0.1149407 0.5144559 0.002824187 0.5493507 0.1378836 0.5028243 0.5487101 0.5144559 0.4365937 0.5493506 0.571653 0.5549991 0.1705233 0.5666307 0.002824187 0.6015255 0.1970155 0.6269268 0.5 0.5737997 0.625 0.525 0.5 0.6269268 0.5 0.671595 0.625 0.5737997 0.625 0.671595 0.375 0.6269268 0.5 0.571063 0.375 0.725 0 0.6777775 0.125 0.65 0 0.7277 0.5 0.775 0.625 0.671595 0.625 0.7730733 0.75 0.6963186 0.875 0.6723 0.75 0.7722225 0.375 0.7277 0.5 0.671595 0.375 0.8223 0.5 0.775 0.625 0.7277 0.5 0.8 0 0.7737998 0.125 0.725 0 0.8750001 0.75 0.821063 0.875 0.7730733 0.75 0.8756973 0.375 0.8223 0.5 0.7722225 0.375 0.9203806 0.5 0.8777776 0.625 0.8223 0.5 0.8750001 0.75 0.925 0.875 0.821063 0.875 0.925 0.875 0.875 1 0.821063 0.875 0.8756973 0.375 0.9203806 0.5 0.8223 0.5 0.9722999 0.75 0.925 0.875 0.8750001 0.75 0.925 0.875 0.9730733 1 0.875 1 1 0.5 0.9784049 0.625 0.9203806 0.5 0.9762002 0.375 1 0.5 0.9203806 0.5 0.09867286 0.125 0.0277 0.25 0 0.125 0.04999995 0.375 0.02038061 0.5 0 0.375 0.125 0.5 0.07499998 0.625 0.02038061 0.5 0.1203835 0.875 0.07499998 1 0.02499997 0.875 0.125 0.5 0.1703835 0.625 0.07499998 0.625 0.1703835 0.625 0.1296193 0.75 0.07499998 0.625 0.1965883 0 0.09867286 0.125 0.07499998 0 0.2437126 0.875 0.1965883 1 0.1203835 0.875 0.1965883 0 0.2 0.125 0.09867286 0.125 0.2276999 0.5 0.25 0.625 0.1703835 0.625 0.25 0.625 0.2296193 0.75 0.1703835 0.625 0.2777775 0.125 0.2249999 0.25 0.2 0.125 0.2437126 0.875 0.3203806 1 0.1965883 1 0.3203806 0 0.2777775 0.125 0.1965883 0 0.3723 0.5 0.3237997 0.625 0.3 0.5 0.3562484 0.75 0.35 0.875 0.2437126 0.875 0.35 0.875 0.3203806 1 0.2437126 0.875 0.3777775 0.125 0.3503902 0.25 0.2777775 0.125 0.3723 0.5 0.4 0.625 0.3237997 0.625 0.4 0.625 0.3562484 0.75 0.3237997 0.625 0.4230733 0 0.3777775 0.125 0.3203806 0 0.4 0.375 0.3723 0.5 0.3222225 0.375 0.525 0.5 0.4777776 0.625 0.45 0.5 0.5 0 0.475 0.125 0.4230733 0 0.571063 0.375 0.525 0.5 0.4762003 0.375 0.5028243 0.1149407 0.5144559 0.002824187 0.5493507 0.1378836 0.5028243 0.5487101 0.5144559 0.4365936 0.5493506 0.571653 0.5549991 0.1705233 0.5666306 0.002824187 0.6015255 0.1970155 0.6 0.5 0.5737997 0.625 0.525 0.5 0.65 0 0.6296165 0.125 0.5777 0 0.6503942 0.25 0.671595 0.375 0.571063 0.375 0.725 0.625 0.6965831 0.75 0.65 0.625 0.8 0 0.7503165 0.125 0.725 0 0.878405 0.625 0.8437516 0.75 0.8 0.625 0.875 0.375 0.825 0.5 0.7710631 0.375 0.9203806 0.5 0.878405 0.625 0.825 0.5 0.9222225 0.875 0.8777 1 0.8222225 0.875 0.875 0.375 0.9203806 0.5 0.825 0.5 0.9730733 0.75 0.9222225 0.875 0.8437516 0.75 1 0.5 0.975 0.625 0.9203806 0.5 1 0.875 0.9723001 1 0.9222225 0.875 0.9762002 0.375 1 0.5 0.9203806 0.5 0.02038061 0.5 0.07038348 0.625 0 0.625 0.1004043 0.75 0.04476916 0.875 0 0.75 0.04476916 0.875 0.07307326 1 0 1 0.09867286 0.125 0.0534169 0.25 0 0.125 0.04999995 0.375 0.02038061 0.5 0 0.375 0.1 0.5 0.07038348 0.625 0.02038061 0.5 0.15 0.625 0.1004043 0.75 0.07038348 0.625 0.1004043 0.75 0.171595 0.875 0.04476916 0.875 0.15 0 0.09867286 0.125 0.07307326 0 0.1995957 0.25 0.1262002 0.375 0.0534169 0.25 0.2222999 0.75 0.171595 0.875 0.1004043 0.75 0.2 0.125 0.1995957 0.25 0.09867286 0.125 0.2256971 0.375 0.1796193 0.5 0.1262002 0.375 0.2956325 0.875 0.2276999 1 0.171595 0.875 0.275 0.5 0.3 0.625 0.225 0.625 0.3475264 0.75 0.2956325 0.875 0.2222999 0.75 0.3 0 0.278937 0.125 0.2276999 0 0.3777775 0.625 0.3475264 0.75 0.3 0.625 0.3777775 0.125 0.3269267 0.25 0.278937 0.125 0.3249999 0.375 0.3703806 0.5 0.275 0.5 0.4456129 0.875 0.375 1 0.2956325 0.875 0.4 0.375 0.3703806 0.5 0.3249999 0.375 0.475 0.75 0.4456129 0.875 0.3475264 0.75 0.5046442 0.125 0.4277 0.25 0.3777775 0.125 0.525 0.5 0.4777776 0.625 0.45 0.5 0.525 0.25 0.4762003 0.375 0.4277 0.25 0.571063 0.375 0.525 0.5 0.4762003 0.375 0.5028243 0.1149407 0.5144558 0.002824187 0.5493507 0.1378836 0.5028243 0.5487101 0.5144558 0.4365936 0.5493506 0.571653 0.5549991 0.1705233 0.5666306 0.002824187 0.6015255 0.1970155 0.6 0.5 0.5737997 0.625 0.525 0.5 0.625 0.75 0.5722225 0.875 0.5277 0.75 0.65 0.625 0.625 0.75 0.5737997 0.625 0.7223 0.75 0.671063 0.875 0.625 0.75 0.7 0.375 0.6796193 0.5 0.6203836 0.375 0.7223 0.75 0.7937126 0.875 0.671063 0.875 0.7937126 0.875 0.7033989 1 0.671063 0.875 0.8437516 0.75 0.7937126 0.875 0.7223 0.75 0.878405 0.625 0.8437516 0.75 0.8 0.625 0.875 0.375 0.8277 0.5 0.771063 0.375 0.925 0.5 0.878405 0.625 0.8277 0.5 0.8437516 0.75 0.925 0.875 0.7937126 0.875 0.925 0.125 0.8777001 0.25 0.828937 0.125 0.975 0.75 0.925 0.875 0.8437516 0.75 1 0.5 0.975 0.625 0.925 0.5 0.9466011 0 1 0.125 0.925 0.125 0.02620023 0.875 0.07499998 1 0 1 0.07499998 0 0.04478377 0.125 0 0 0.1237998 0.625 0.1034169 0.75 0.04999995 0.625 0.1222224 0.875 0.07499998 1 0.02620023 0.875 0.15 0.125 0.1033372 0.25 0.04478377 0.125 0.1796194 0.5 0.2215949 0.625 0.1237998 0.625 0.221063 0.875 0.1777 1 0.1222224 0.875 0.275 0 0.2277775 0.125 0.1777 0 0.2562485 0.25 0.25 0.375 0.171063 0.375 0.275 0.5 0.3 0.625 0.2215949 0.625 0.321595 0.875 0.275 1 0.221063 0.875 0.3486728 0.125 0.2562485 0.25 0.2277775 0.125 0.3777775 0.625 0.325 0.75 0.3 0.625 0.35 0 0.3486728 0.125 0.275 0 0.3262002 0.375 0.3703806 0.5 0.275 0.5 0.4 0.375 0.3703806 0.5 0.3262002 0.375 0.4777776 0.625 0.4269267 0.75 0.3777775 0.625 0.4296194 0 0.4703835 0.125 0.3486728 0.125 0.4703835 0.125 0.4034169 0.25 0.3486728 0.125 0.525 0.5 0.4777776 0.625 0.45 0.5 0.525 0.25 0.4762003 0.375 0.4034169 0.25 0.5737997 0.625 0.5277 0.75 0.4777776 0.625 0.5722225 0.875 0.5277001 1 0.4456325 0.875 0.5277001 0 0.55 0.125 0.4703835 0.125 0.55 0.125 0.525 0.25 0.4703835 0.125 0.55 0.375 0.525 0.5 0.4762003 0.375 0.5028243 0.1149407 0.5144559 0.002824187 0.5493507 0.1378836 0.5028243 0.5487101 0.5144558 0.4365936 0.5493506 0.571653 0.5549991 0.1705233 0.5666307 0.002824187 0.6015255 0.1970155 0.5769267 0.5 0.65 0.375 0.6776999 0.5 0.65 0.625 0.5769267 0.5 0.6776999 0.5 0.6033989 0 0.6777775 0.125 0.5536646 0.125 0.65 0.625 0.725 0.75 0.6034169 0.75 0.6776999 0.5 0.7237998 0.625 0.65 0.625 0.6034169 0.75 0.7222225 0.875 0.5953359 0.875 0.6033989 1 0.7222225 0.875 0.725 1 0.65 0.375 0.7277 0.25 0.7215951 0.375 0.6777775 0.125 0.7277 0.25 0.6033373 0.25 0.725 0.75 0.8 0.625 0.8249999 0.75 0.725 0 0.8036645 0.125 0.6777775 0.125 0.7215951 0.375 0.7723 0.5 0.6776999 0.5 0.725 0.75 0.821063 0.875 0.7222225 0.875 0.725 1 0.821063 0.875 0.825 1 0.7277 0.25 0.8 0.375 0.7215951 0.375 0.8036645 0.125 0.825 0.25 0.7277 0.25 0.8 0.625 0.85 0.5 0.8777776 0.625 0.85 0.5 0.8 0.375 0.8796165 0.375 0.825 0.25 0.8796165 0.375 0.8 0.375 0.925 0.875 0.8249999 0.75 0.925 0.75 0.85 0.5 0.925 0.5 0.8777776 0.625 0.825 1 0.925 0.875 0.9222999 1 0.825 0 0.9284049 0.125 0.8036645 0.125 0.825 0.25 0.9284049 0.125 0.9495957 0.25 0.925 0.75 1 0.875 0.925 0.875 0.8796165 0.375 0.925 0.5 0.85 0.5 0.925 0.5 0.9777775 0.625 0.8777776 0.625 0.9495957 0.25 0.9762002 0.375 0.8796165 0.375 0.8796165 0.375 0.9762002 0.375 0.925 0.5 0.9777775 0.625 1 0.75 0.925 0.75 1 1 0.925 0.875 1 0.875 0.9284049 0.125 1 0 1 0.125 0 0.5 0.04999995 0.625 0 0.625 0.9284049 0.125 1 0.125 0.9495957 0.25 0 0.375 0.0769267 0.25 0.07106304 0.375 0.02620023 0.875 0.07499998 1 0 1 0.02893698 0.125 0.0769267 0.25 0 0.25 0 0.5 0.07106304 0.375 0.07499998 0.5 0.1703835 0.375 0.0769267 0.25 0.1796193 0.25 0.07499998 0.5 0.1237998 0.625 0.04999995 0.625 0.05246984 0.75 0.1222224 0.875 0.02620023 0.875 0.07499998 0 0.1277775 0.125 0.02893698 0.125 0.1237998 0.625 0.1796193 0.75 0.05246984 0.75 0.05246984 0.75 0.1796193 0.75 0.1222224 0.875 0.1222224 0.875 0.175 1 0.07499998 1 0.1277775 0.125 0.1796193 0.25 0.0769267 0.25 0.07499998 0.5 0.1703835 0.375 0.1769267 0.5 0.2 0.625 0.275 0.5 0.2743028 0.625 0.1796193 0.75 0.2440154 0.875 0.1222224 0.875 0.175 0 0.2277775 0.125 0.1277775 0.125 0.2 0.625 0.2796193 0.75 0.1796193 0.75 0.275 0.375 0.1796193 0.25 0.2777 0.25 0.1796193 0.75 0.2796193 0.75 0.2440154 0.875 0.2440154 0.875 0.275 1 0.175 1 0.2277775 0.125 0.2777 0.25 0.1796193 0.25 0.1769267 0.5 0.275 0.375 0.275 0.5 0.2743028 0.625 0.35 0.5 0.3777775 0.625 0.275 0 0.3237997 0.125 0.2277775 0.125 0.2796193 0.75 0.3777775 0.625 0.3777 0.75 0.371595 0.875 0.2796193 0.75 0.3777 0.75 0.275 1 0.371595 0.875 0.3965883 1 0.275 0.375 0.375 0.25 0.3796165 0.375 0.3237997 0.125 0.375 0.25 0.2777 0.25 0.35 0.5 0.275 0.375 0.3796165 0.375 0.3777775 0.625 0.4769268 0.75 0.3777 0.75 0.3796165 0.375 0.4223001 0.5 0.35 0.5 0.4223001 0.5 0.4777776 0.625 0.3777775 0.625 0.3777 0.75 0.471063 0.875 0.371595 0.875 0.3796165 0.375 0.475 0.25 0.475 0.375 0.4243029 0.125 0.475 0.25 0.375 0.25 0.4243029 0.125 0.5 0 0.5536646 0.125 0.3796165 0.375 0.475 0.375 0.4223001 0.5 0.5 0.5 0.5737997 0.625 0.4777776 0.625 0.4769268 0.75 0.5737997 0.625 0.6034169 0.75 0.5953359 0.875 0.4769268 0.75 0.6034169 0.75 0.5 1 0.5953359 0.875 0.6033989 1 0.5703836 0.375 0.475 0.25 0.6033373 0.25 0.5 0 0.6033989 0 0.5536646 0.125 0.5 0.5 0.5703836 0.375 0.5769267 0.5 0.537719 0.3162305 0.5028243 0.1149407 0.5493507 0.1378836 0.537719 0.75 0.5028243 0.5487101 0.5493506 0.571653 0.5898938 0.3647147 0.5549991 0.1705233 0.6015255 0.1970155 0.4971758 0.3162305 0.06905478 0.4309452 0.3162305 0.002824187 0.4309452 0.9309452 0.002824187 0.8162305 0.4309452 0.5690547 0.575 0.75 0.671595 0.625 0.6723 0.75 0.571063 0.375 0.6269268 0.5 0.525 0.5 0.5722225 0.875 0.6723 0.75 0.6963186 0.875 0.5722225 0.875 0.65 1 0.5777 1 0.5750001 0.125 0.65 0 0.6777775 0.125 0.5750001 0.125 0.6776999 0.25 0.5750001 0.25 0.671595 0.375 0.5750001 0.25 0.6776999 0.25 0.7730733 0.75 0.671595 0.625 0.775 0.625 0.6269268 0.5 0.7277 0.5 0.671595 0.625 0.6963186 0.875 0.725 1 0.65 1 0.671595 0.375 0.7277 0.5 0.6269268 0.5 0.6776999 0.25 0.7737998 0.125 0.775 0.25 0.725 0 0.7737998 0.125 0.6777775 0.125 0.6776999 0.25 0.7722225 0.375 0.671595 0.375 0.725 1 0.821063 0.875 0.8 1 0.7730733 0.75 0.821063 0.875 0.6963186 0.875 0.775 0.625 0.8750001 0.75 0.7730733 0.75 0.7722225 0.375 0.8223 0.5 0.7277 0.5 0.8223 0.5 0.8777776 0.625 0.775 0.625 0.875 0.125 0.8 0 0.875 0 0.821063 0.875 0.875 1 0.8 1 0.7737998 0.125 0.8723 0.25 0.775 0.25 0.7722225 0.375 0.8723 0.25 0.8756973 0.375 0.8750001 0.75 0.9784049 0.625 0.9722999 0.75 0.9203806 0.5 0.9784049 0.625 0.8777776 0.625 0.875 0.125 0.9730733 0 0.978937 0.125 0.8723 0.25 0.978937 0.125 0.9805833 0.25 0.8723 0.25 0.9762002 0.375 0.8756973 0.375 0 0.125 0.07499998 0 0.09867286 0.125 0.8756973 0.375 0.9762002 0.375 0.9203806 0.5 0.9722999 0.75 1 0.875 0.925 0.875 0.925 0.875 1 0.875 0.9730733 1 0.02038061 0.5 0.07499998 0.625 0 0.625 0 0.625 0.07499998 0.625 0.01941668 0.75 0.02499997 0.875 0.07499998 1 0 1 0.02499997 0.875 0.1296193 0.75 0.1203835 0.875 0.0277 0.25 0.04999995 0.375 0 0.375 0.07499998 0.625 0.1296193 0.75 0.01941668 0.75 0.04999995 0.375 0.125 0.25 0.1262002 0.375 0.09867286 0.125 0.125 0.25 0.0277 0.25 0.125 0.5 0.04999995 0.375 0.1262002 0.375 0.1203835 0.875 0.2296193 0.75 0.2437126 0.875 0.1203835 0.875 0.1965883 1 0.07499998 1 0.125 0.5 0.2276999 0.5 0.1703835 0.625 0.1703835 0.625 0.2296193 0.75 0.1296193 0.75 0.125 0.25 0.2 0.125 0.2249999 0.25 0.125 0.25 0.2222224 0.375 0.1262002 0.375 0.125 0.5 0.2222224 0.375 0.2276999 0.5 0.25 0.625 0.3 0.5 0.3237997 0.625 0.1965883 0 0.2777775 0.125 0.2 0.125 0.2296193 0.75 0.3237997 0.625 0.3562484 0.75 0.2249999 0.25 0.3222225 0.375 0.2222224 0.375 0.2296193 0.75 0.3562484 0.75 0.2437126 0.875 0.2777775 0.125 0.3503902 0.25 0.2249999 0.25 0.2222224 0.375 0.3 0.5 0.2276999 0.5 0.4230733 1 0.35 0.875 0.4513272 0.875 0.3203806 0 0.3777775 0.125 0.2777775 0.125 0.3222225 0.375 0.3723 0.5 0.3 0.5 0.3562484 0.75 0.4513272 0.875 0.35 0.875 0.4 0.625 0.45 0.5 0.4777776 0.625 0.3503902 0.25 0.4 0.375 0.3222225 0.375 0.4 0.625 0.4777001 0.75 0.3562484 0.75 0.3777775 0.125 0.4723 0.25 0.3503902 0.25 0.3562484 0.75 0.4777001 0.75 0.4513272 0.875 0.4230733 0 0.475 0.125 0.3777775 0.125 0.4 0.375 0.4723 0.25 0.4762003 0.375 0.45 0.5 0.4 0.375 0.4762003 0.375 0.4777001 0.75 0.5737997 0.625 0.575 0.75 0.4513272 0.875 0.5 1 0.4230733 1 0.4762003 0.375 0.525 0.5 0.45 0.5 0.525 0.5 0.5737997 0.625 0.4777776 0.625 0.4777001 0.75 0.5722225 0.875 0.4513272 0.875 0.5 1 0.5722225 0.875 0.5777 1 0.5750001 0.125 0.5 0 0.5777 0 0.5750001 0.25 0.475 0.125 0.5750001 0.125 0.4762003 0.375 0.5750001 0.25 0.571063 0.375 0.537719 0.3162305 0.5028243 0.1149407 0.5493507 0.1378836 0.537719 0.75 0.5028243 0.5487101 0.5493506 0.571653 0.5898938 0.3647147 0.5549991 0.1705233 0.6015255 0.1970155 0.4971758 0.3162305 0.06905478 0.4309452 0.3162305 0.002824187 0.4309452 0.9309452 0.002824187 0.8162305 0.4309452 0.5690547 0.525 0.25 0.6296165 0.125 0.6503942 0.25 0.5777 0 0.6296165 0.125 0.5046442 0.125 0.65 0.625 0.6 0.5 0.6796193 0.5 0.525 0.25 0.6503942 0.25 0.571063 0.375 0.571063 0.375 0.6 0.5 0.525 0.5 0.5750001 0.75 0.65 0.625 0.6965831 0.75 0.5750001 0.75 0.6963186 0.875 0.5722225 0.875 0.5722225 0.875 0.65 1 0.5777 1 0.6 0.5 0.671595 0.375 0.6796193 0.5 0.6296165 0.125 0.725 0 0.7503165 0.125 0.6796193 0.5 0.725 0.625 0.65 0.625 0.6963186 0.875 0.725 1 0.65 1 0.671595 0.375 0.7769268 0.25 0.7710631 0.375 0.6296165 0.125 0.7503165 0.125 0.6503942 0.25 0.6796193 0.5 0.75 0.5 0.725 0.625 0.7503165 0.125 0.7769268 0.25 0.6503942 0.25 0.671595 0.375 0.75 0.5 0.6796193 0.5 0.8 0.625 0.75 0.5 0.825 0.5 0.6965831 0.75 0.8 0.625 0.8437516 0.75 0.6965831 0.75 0.8222225 0.875 0.6963186 0.875 0.725 1 0.8222225 0.875 0.8 1 0.875 0.125 0.8 0 0.8777 0 0.7710631 0.375 0.825 0.5 0.75 0.5 0.825 0.5 0.878405 0.625 0.8 0.625 0.8222225 0.875 0.8777 1 0.8 1 0.7769268 0.25 0.875 0.125 0.9062587 0.25 0.875 0.375 0.7769268 0.25 0.9062587 0.25 0.9730733 0.75 0.878405 0.625 0.975 0.625 0.8437516 0.75 0.9222225 0.875 0.8222225 0.875 0.9203806 0.5 0.975 0.625 0.878405 0.625 0.875 0.125 0.9723001 0 0.978937 0.125 0.9222225 0.875 0.9723001 1 0.8777 1 0 0.75 0.07038348 0.625 0.1004043 0.75 0.875 0.125 0.978937 0.125 0.9062587 0.25 0.9062587 0.25 0.9762002 0.375 0.875 0.375 0.875 0.375 0.9762002 0.375 0.9203806 0.5 0.9730733 0.75 1 0.875 0.9222225 0.875 0.978937 0.125 1 0.25 0.9062587 0.25 0.9062587 0.25 1 0.25 0.9762002 0.375 0 0.125 0.07307326 0 0.09867286 0.125 0.1 0.5 0.04999995 0.375 0.1262002 0.375 0.0534169 0.25 0.04999995 0.375 0 0.375 0.0534169 0.25 0.1262002 0.375 0.04999995 0.375 0.15 0.625 0.1 0.5 0.1796193 0.5 0.07307326 1 0.171595 0.875 0.15 1 0.15 0.625 0.2222999 0.75 0.1004043 0.75 0.09867286 0.125 0.1995957 0.25 0.0534169 0.25 0.1262002 0.375 0.1796193 0.5 0.1 0.5 0.1796193 0.5 0.225 0.625 0.15 0.625 0.2 0.125 0.15 0 0.2276999 0 0.171595 0.875 0.2276999 1 0.15 1 0.2222999 0.75 0.3 0.625 0.3475264 0.75 0.1995957 0.25 0.2256971 0.375 0.1262002 0.375 0.1796193 0.5 0.275 0.5 0.225 0.625 0.2222999 0.75 0.2956325 0.875 0.171595 0.875 0.2276999 0 0.278937 0.125 0.2 0.125 0.2 0.125 0.278937 0.125 0.1995957 0.25 0.2256971 0.375 0.275 0.5 0.1796193 0.5 0.2256971 0.375 0.3269267 0.25 0.3249999 0.375 0.2956325 0.875 0.3 1 0.2276999 1 0.278937 0.125 0.3269267 0.25 0.1995957 0.25 0.3 0.625 0.3703806 0.5 0.3777775 0.625 0.2256971 0.375 0.3249999 0.375 0.275 0.5 0.3 0 0.3777775 0.125 0.278937 0.125 0.2956325 0.875 0.375 1 0.3 1 0.4 0.375 0.3269267 0.25 0.4277 0.25 0.3475264 0.75 0.4456129 0.875 0.2956325 0.875 0.3777775 0.125 0.4277 0.25 0.3269267 0.25 0.3777775 0.625 0.45 0.5 0.4777776 0.625 0.3777775 0.625 0.475 0.75 0.3475264 0.75 0.3777775 0.125 0.4769267 0 0.5046442 0.125 0.4456129 0.875 0.4769267 1 0.375 1 0.45 0.5 0.4 0.375 0.4762003 0.375 0.4277 0.25 0.4762003 0.375 0.4 0.375 0.4777776 0.625 0.5750001 0.75 0.475 0.75 0.5046442 0.125 0.525 0.25 0.4277 0.25 0.4762003 0.375 0.525 0.5 0.45 0.5 0.525 0.5 0.5737997 0.625 0.4777776 0.625 0.475 0.75 0.5722225 0.875 0.4456129 0.875 0.4769267 1 0.5722225 0.875 0.5777 1 0.4769267 0 0.5777 0 0.5046442 0.125 0.525 0.25 0.571063 0.375 0.4762003 0.375 0.537719 0.3162305 0.5028243 0.1149407 0.5493507 0.1378836 0.537719 0.75 0.5028243 0.5487101 0.5493506 0.571653 0.5898938 0.3647147 0.5549991 0.1705233 0.6015255 0.1970155 0.4971758 0.3162305 0.06905478 0.4309452 0.3162305 0.002824187 0.4309452 0.9309452 0.002824187 0.8162305 0.4309452 0.5690547 0.55 0.125 0.6 0 0.628937 0.125 0.5737997 0.625 0.625 0.75 0.5277 0.75 0.5722225 0.875 0.6 1 0.5277001 1 0.6269267 0.25 0.55 0.125 0.628937 0.125 0.55 0.375 0.6269267 0.25 0.6203836 0.375 0.55 0.375 0.6 0.5 0.525 0.5 0.65 0.625 0.6 0.5 0.6796193 0.5 0.6 1 0.671063 0.875 0.7033989 1 0.625 0.75 0.671063 0.875 0.5722225 0.875 0.65 0.625 0.7223 0.75 0.625 0.75 0.6 0 0.7033989 0 0.628937 0.125 0.6203836 0.375 0.6796193 0.5 0.6 0.5 0.6796193 0.5 0.725 0.625 0.65 0.625 0.6269267 0.25 0.728405 0.125 0.7562587 0.25 0.7033989 0 0.728405 0.125 0.628937 0.125 0.7 0.375 0.6269267 0.25 0.7562587 0.25 0.7 0.375 0.75 0.5 0.6796193 0.5 0.6796193 0.5 0.75 0.5 0.725 0.625 0.7562587 0.25 0.771063 0.375 0.7 0.375 0.8 0.625 0.75 0.5 0.8277 0.5 0.7223 0.75 0.8 0.625 0.8437516 0.75 0.728405 0.125 0.825 0 0.828937 0.125 0.7937126 0.875 0.825 1 0.7033989 1 0.771063 0.375 0.8777001 0.25 0.875 0.375 0.728405 0.125 0.828937 0.125 0.7562587 0.25 0.771063 0.375 0.8277 0.5 0.75 0.5 0.8277 0.5 0.878405 0.625 0.8 0.625 0.828937 0.125 0.8777001 0.25 0.7562587 0.25 0.825 1 0.925 0.875 0.9466011 1 0.825 0 0.925 0.125 0.828937 0.125 0.975 0.75 0.878405 0.625 0.975 0.625 0.875 0.375 0.925 0.5 0.8277 0.5 0.925 0.5 0.975 0.625 0.878405 0.625 0.8777001 0.25 0.9762002 0.375 0.875 0.375 0.925 0.125 0.975 0.25 0.8777001 0.25 0.04999995 0.625 0 0.5 0.07961934 0.5 0.875 0.375 0.9762002 0.375 0.925 0.5 0.975 0.75 1 0.875 0.925 0.875 0.925 0.875 1 0.875 0.9466011 1 0.925 0.125 1 0.125 0.975 0.25 0.9762002 0.375 1 0.5 0.925 0.5 0 0.75 0.04999995 0.625 0.1034169 0.75 0 0.25 0.07222247 0.375 0 0.375 0 0.75 0.1034169 0.75 0.02620023 0.875 0.04478377 0.125 0.1033372 0.25 0 0.25 0 0.5 0.07222247 0.375 0.07961934 0.5 0.15 0.125 0.07499998 0 0.1777 0 0.07961934 0.5 0.1237998 0.625 0.04999995 0.625 0.1034169 0.75 0.1222224 0.875 0.02620023 0.875 0.07961934 0.5 0.1796194 0.5 0.1237998 0.625 0.1222224 0.875 0.1777 1 0.07499998 1 0.07961934 0.5 0.171063 0.375 0.1796194 0.5 0.1033372 0.25 0.171063 0.375 0.07222247 0.375 0.1237998 0.625 0.2249999 0.75 0.1034169 0.75 0.1222224 0.875 0.2249999 0.75 0.221063 0.875 0.15 0.125 0.2562485 0.25 0.1033372 0.25 0.1777 0 0.2277775 0.125 0.15 0.125 0.1796194 0.5 0.25 0.375 0.275 0.5 0.1033372 0.25 0.2562485 0.25 0.171063 0.375 0.1796194 0.5 0.275 0.5 0.2215949 0.625 0.221063 0.875 0.275 1 0.1777 1 0.2249999 0.75 0.3 0.625 0.325 0.75 0.321595 0.875 0.2249999 0.75 0.325 0.75 0.3 0.625 0.3703806 0.5 0.3777775 0.625 0.275 0 0.3486728 0.125 0.2277775 0.125 0.2562485 0.25 0.3262002 0.375 0.25 0.375 0.25 0.375 0.3262002 0.375 0.275 0.5 0.321595 0.875 0.4269267 0.75 0.4456325 0.875 0.321595 0.875 0.35 1 0.275 1 0.3486728 0.125 0.4034169 0.25 0.2562485 0.25 0.2562485 0.25 0.4034169 0.25 0.3262002 0.375 0.3777775 0.625 0.4269267 0.75 0.325 0.75 0.35 1 0.4456325 0.875 0.4296194 1 0.3777775 0.625 0.45 0.5 0.4777776 0.625 0.35 0 0.4296194 0 0.3486728 0.125 0.4034169 0.25 0.4 0.375 0.3262002 0.375 0.45 0.5 0.4 0.375 0.4762003 0.375 0.4034169 0.25 0.4762003 0.375 0.4 0.375 0.4777776 0.625 0.5277 0.75 0.4269267 0.75 0.4269267 0.75 0.5277 0.75 0.4456325 0.875 0.4456325 0.875 0.5277001 1 0.4296194 1 0.4296194 0 0.5277001 0 0.4703835 0.125 0.4703835 0.125 0.525 0.25 0.4034169 0.25 0.4762003 0.375 0.525 0.5 0.45 0.5 0.525 0.5 0.5737997 0.625 0.4777776 0.625 0.5277 0.75 0.5722225 0.875 0.4456325 0.875 0.525 0.25 0.55 0.375 0.4762003 0.375 0.537719 0.3162305 0.5028243 0.1149407 0.5493507 0.1378836 0.537719 0.75 0.5028243 0.5487101 0.5493506 0.571653 0.5898938 0.3647147 0.5549991 0.1705233 0.6015255 0.1970155 0.4971758 0.3162305 0.06905478 0.4309452 0.3162305 0.002824187 0.4309452 0.9309452 0.002824187 0.8162305 0.4309452 0.5690547 0.5769267 0.5 0.5703836 0.375 0.65 0.375 0.65 0.625 0.5737997 0.625 0.5769267 0.5 0.65 0.625 0.7237998 0.625 0.725 0.75 0.6034169 0.75 0.725 0.75 0.7222225 0.875 0.6033989 1 0.5953359 0.875 0.7222225 0.875 0.65 0.375 0.6033373 0.25 0.7277 0.25 0.725 0.75 0.7237998 0.625 0.8 0.625 0.725 0.75 0.8249999 0.75 0.821063 0.875 0.725 1 0.7222225 0.875 0.821063 0.875 0.7277 0.25 0.825 0.25 0.8 0.375 0.8 0.625 0.7723 0.5 0.85 0.5 0.85 0.5 0.7723 0.5 0.8 0.375 0.925 0.875 0.821063 0.875 0.8249999 0.75 0.825 1 0.821063 0.875 0.925 0.875 0.825 0 0.9222999 0 0.9284049 0.125 0.825 0.25 0.8036645 0.125 0.9284049 0.125 0.925 0.75 1 0.75 1 0.875 1 1 0.9222999 1 0.925 0.875 0.9284049 0.125 0.9222999 0 1 0 0 0.5 0.07499998 0.5 0.04999995 0.625 0 0.375 0 0.25 0.0769267 0.25 0 0.5 0 0.375 0.07106304 0.375 0.1703835 0.375 0.07106304 0.375 0.0769267 0.25 0.07499998 0.5 0.07106304 0.375 0.1703835 0.375 0.2 0.625 0.1769267 0.5 0.275 0.5 0.2 0.625 0.2743028 0.625 0.2796193 0.75 0.275 0.375 0.1703835 0.375 0.1796193 0.25 0.1769267 0.5 0.1703835 0.375 0.275 0.375 0.2743028 0.625 0.275 0.5 0.35 0.5 0.2796193 0.75 0.2743028 0.625 0.3777775 0.625 0.371595 0.875 0.2440154 0.875 0.2796193 0.75 0.275 1 0.2440154 0.875 0.371595 0.875 0.275 0.375 0.2777 0.25 0.375 0.25 0.35 0.5 0.275 0.5 0.275 0.375 0.3777775 0.625 0.4777776 0.625 0.4769268 0.75 0.3777 0.75 0.4769268 0.75 0.471063 0.875 0.3796165 0.375 0.375 0.25 0.475 0.25 0.4243029 0.125 0.3965883 0 0.5 0 0.5 0.5 0.5769267 0.5 0.5737997 0.625 0.4769268 0.75 0.4777776 0.625 0.5737997 0.625 0.5953359 0.875 0.471063 0.875 0.4769268 0.75 0.5 1 0.471063 0.875 0.5953359 0.875 0.5703836 0.375 0.475 0.375 0.475 0.25 0.5 0.5 0.475 0.375 0.5703836 0.375 0.06905478 0.4309452 0.002824187 0.3162305 0.3162305 0.002824187 0.002824187 0.3162305 0.02931642 0.1378836 0.1837694 0.002824187 0.3162305 0.002824187 0.002824187 0.3162305 0.1837694 0.002824187 0.3162305 0.002824187 0.4574374 0.1149406 0.4971758 0.3162305 0.4971758 0.3162305 0.4309452 0.4309452 0.06905478 0.4309452 0.4309452 0.4309452 0.2632461 0.4971758 0.06905478 0.4309452 0.002824187 0.8162305 0.002824187 0.6837695 0.4309452 0.5690547 0.002824187 0.6837695 0.1149406 0.5425626 0.3162305 0.5028242 0.4309452 0.5690547 0.4971758 0.7367539 0.4309452 0.9309452 0.3162305 0.9971758 0.1378836 0.9706836 0.002824187 0.8162305 0.575 0.75 0.5737997 0.625 0.671595 0.625 0.5722225 0.875 0.575 0.75 0.6723 0.75 0.5722225 0.875 0.6963186 0.875 0.65 1 0.5750001 0.125 0.5777 0 0.65 0 0.5750001 0.125 0.6777775 0.125 0.6776999 0.25 0.671595 0.375 0.571063 0.375 0.5750001 0.25 0.7730733 0.75 0.6723 0.75 0.671595 0.625 0.6776999 0.25 0.6777775 0.125 0.7737998 0.125 0.6776999 0.25 0.775 0.25 0.7722225 0.375 0.725 1 0.6963186 0.875 0.821063 0.875 0.775 0.625 0.8777776 0.625 0.8750001 0.75 0.875 0.125 0.7737998 0.125 0.8 0 0.7737998 0.125 0.875 0.125 0.8723 0.25 0.7722225 0.375 0.775 0.25 0.8723 0.25 0.8750001 0.75 0.8777776 0.625 0.9784049 0.625 0.875 0.125 0.875 0 0.9730733 0 0.8723 0.25 0.875 0.125 0.978937 0.125 0.8723 0.25 0.9805833 0.25 0.9762002 0.375 0 0.125 0 0 0.07499998 0 0.02499997 0.875 0.01941668 0.75 0.1296193 0.75 0.04999995 0.375 0.0277 0.25 0.125 0.25 0.125 0.5 0.02038061 0.5 0.04999995 0.375 0.1203835 0.875 0.1296193 0.75 0.2296193 0.75 0.125 0.25 0.09867286 0.125 0.2 0.125 0.125 0.25 0.2249999 0.25 0.2222224 0.375 0.125 0.5 0.1262002 0.375 0.2222224 0.375 0.25 0.625 0.2276999 0.5 0.3 0.5 0.2296193 0.75 0.25 0.625 0.3237997 0.625 0.2249999 0.25 0.3503902 0.25 0.3222225 0.375 0.2222224 0.375 0.3222225 0.375 0.3 0.5 0.4230733 1 0.3203806 1 0.35 0.875 0.4 0.625 0.3723 0.5 0.45 0.5 0.4 0.625 0.4777776 0.625 0.4777001 0.75 0.3777775 0.125 0.475 0.125 0.4723 0.25 0.4 0.375 0.3503902 0.25 0.4723 0.25 0.45 0.5 0.3723 0.5 0.4 0.375 0.4777001 0.75 0.4777776 0.625 0.5737997 0.625 0.4777001 0.75 0.575 0.75 0.5722225 0.875 0.5 1 0.4513272 0.875 0.5722225 0.875 0.5750001 0.125 0.475 0.125 0.5 0 0.5750001 0.25 0.4723 0.25 0.475 0.125 0.4762003 0.375 0.4723 0.25 0.5750001 0.25 0.06905478 0.4309452 0.002824187 0.3162305 0.3162305 0.002824187 0.002824187 0.3162305 0.02931642 0.1378836 0.1837694 0.002824187 0.3162305 0.002824187 0.002824187 0.3162305 0.1837694 0.002824187 0.3162305 0.002824187 0.4574374 0.1149406 0.4971758 0.3162305 0.4971758 0.3162305 0.4309452 0.4309452 0.06905478 0.4309452 0.4309452 0.4309452 0.2632461 0.4971758 0.06905478 0.4309452 0.002824187 0.8162305 0.002824187 0.6837695 0.4309452 0.5690547 0.002824187 0.6837695 0.1149406 0.5425626 0.3162305 0.5028242 0.4309452 0.5690547 0.4971758 0.7367539 0.4309452 0.9309452 0.3162305 0.9971758 0.1378836 0.9706836 0.002824187 0.8162305 0.525 0.25 0.5046442 0.125 0.6296165 0.125 0.65 0.625 0.5737997 0.625 0.6 0.5 0.5750001 0.75 0.5737997 0.625 0.65 0.625 0.5750001 0.75 0.6965831 0.75 0.6963186 0.875 0.5722225 0.875 0.6963186 0.875 0.65 1 0.6 0.5 0.571063 0.375 0.671595 0.375 0.6296165 0.125 0.65 0 0.725 0 0.671595 0.375 0.6503942 0.25 0.7769268 0.25 0.671595 0.375 0.7710631 0.375 0.75 0.5 0.8 0.625 0.725 0.625 0.75 0.5 0.6965831 0.75 0.725 0.625 0.8 0.625 0.6965831 0.75 0.8437516 0.75 0.8222225 0.875 0.725 1 0.6963186 0.875 0.8222225 0.875 0.875 0.125 0.7503165 0.125 0.8 0 0.7769268 0.25 0.7503165 0.125 0.875 0.125 0.875 0.375 0.7710631 0.375 0.7769268 0.25 0.9730733 0.75 0.8437516 0.75 0.878405 0.625 0.875 0.125 0.8777 0 0.9723001 0 0 0.75 0 0.625 0.07038348 0.625 0 0.125 0 0 0.07307326 0 0.1 0.5 0.02038061 0.5 0.04999995 0.375 0.15 0.625 0.07038348 0.625 0.1 0.5 0.07307326 1 0.04476916 0.875 0.171595 0.875 0.15 0.625 0.225 0.625 0.2222999 0.75 0.2 0.125 0.09867286 0.125 0.15 0 0.2222999 0.75 0.225 0.625 0.3 0.625 0.2256971 0.375 0.1995957 0.25 0.3269267 0.25 0.3 0.625 0.275 0.5 0.3703806 0.5 0.3 0 0.375 0 0.3777775 0.125 0.4 0.375 0.3249999 0.375 0.3269267 0.25 0.3777775 0.625 0.3703806 0.5 0.45 0.5 0.3777775 0.625 0.4777776 0.625 0.475 0.75 0.3777775 0.125 0.375 0 0.4769267 0 0.45 0.5 0.3703806 0.5 0.4 0.375 0.4777776 0.625 0.5737997 0.625 0.5750001 0.75 0.475 0.75 0.5750001 0.75 0.5722225 0.875 0.4769267 1 0.4456129 0.875 0.5722225 0.875 0.06905478 0.4309452 0.002824187 0.3162305 0.3162305 0.002824187 0.002824187 0.3162305 0.02931642 0.1378836 0.1837694 0.002824187 0.3162305 0.002824187 0.002824187 0.3162305 0.1837694 0.002824187 0.3162305 0.002824187 0.4574374 0.1149406 0.4971758 0.3162305 0.4971758 0.3162305 0.4309452 0.4309452 0.06905478 0.4309452 0.4309452 0.4309452 0.2632461 0.4971758 0.06905478 0.4309452 0.002824187 0.8162305 0.002824187 0.6837695 0.4309452 0.5690547 0.002824187 0.6837695 0.1149406 0.5425626 0.3162305 0.5028242 0.4309452 0.5690547 0.4971758 0.7367539 0.4309452 0.9309452 0.3162305 0.9971758 0.1378836 0.9706836 0.002824187 0.8162305 0.55 0.125 0.5277001 0 0.6 0 0.6269267 0.25 0.525 0.25 0.55 0.125 0.55 0.375 0.525 0.25 0.6269267 0.25 0.55 0.375 0.6203836 0.375 0.6 0.5 0.65 0.625 0.5737997 0.625 0.6 0.5 0.6 1 0.5722225 0.875 0.671063 0.875 0.65 0.625 0.725 0.625 0.7223 0.75 0.6269267 0.25 0.628937 0.125 0.728405 0.125 0.7 0.375 0.6203836 0.375 0.6269267 0.25 0.7 0.375 0.771063 0.375 0.75 0.5 0.8 0.625 0.725 0.625 0.75 0.5 0.7223 0.75 0.725 0.625 0.8 0.625 0.728405 0.125 0.7033989 0 0.825 0 0.771063 0.375 0.7562587 0.25 0.8777001 0.25 0.825 1 0.7937126 0.875 0.925 0.875 0.825 0 0.9466011 0 0.925 0.125 0.975 0.75 0.8437516 0.75 0.878405 0.625 0.8777001 0.25 0.975 0.25 0.9762002 0.375 0.04999995 0.625 0 0.625 0 0.5 0 0.75 0 0.625 0.04999995 0.625 0 0.25 0.1033372 0.25 0.07222247 0.375 0 0.5 0 0.375 0.07222247 0.375 0.15 0.125 0.04478377 0.125 0.07499998 0 0.07961934 0.5 0.07222247 0.375 0.171063 0.375 0.1237998 0.625 0.2215949 0.625 0.2249999 0.75 0.1222224 0.875 0.1034169 0.75 0.2249999 0.75 0.15 0.125 0.2277775 0.125 0.2562485 0.25 0.1796194 0.5 0.171063 0.375 0.25 0.375 0.2249999 0.75 0.2215949 0.625 0.3 0.625 0.321595 0.875 0.221063 0.875 0.2249999 0.75 0.3 0.625 0.275 0.5 0.3703806 0.5 0.321595 0.875 0.325 0.75 0.4269267 0.75 0.35 1 0.321595 0.875 0.4456325 0.875 0.3777775 0.625 0.3703806 0.5 0.45 0.5 0.45 0.5 0.3703806 0.5 0.4 0.375 0.06905478 0.4309452 0.002824187 0.3162305 0.3162305 0.002824187 0.002824187 0.3162305 0.02931642 0.1378836 0.1837694 0.002824187 0.3162305 0.002824187 0.002824187 0.3162305 0.1837694 0.002824187 0.3162305 0.002824187 0.4574374 0.1149406 0.4971758 0.3162305 0.4971758 0.3162305 0.4309452 0.4309452 0.06905478 0.4309452 0.4309452 0.4309452 0.2632461 0.4971758 0.06905478 0.4309452 0.002824187 0.8162305 0.002824187 0.6837695 0.4309452 0.5690547 0.002824187 0.6837695 0.1149406 0.5425626 0.3162305 0.5028242 0.4309452 0.5690547 0.4971758 0.7367539 0.4309452 0.9309452 0.3162305 0.9971758 0.1378836 0.9706836 0.002824187 0.8162305</float_array>
          <technique_common>
            <accessor source="#tire_stack_4_a200-mesh-map-0-array" count="2160" stride="2">
              <param name="S" type="float"/>
              <param name="T" type="float"/>
            </accessor>
          </technique_common>
        </source>
        <vertices id="tire_stack_4_a200-mesh-vertices">
          <input semantic="POSITION" source="#tire_stack_4_a200-mesh-positions"/>
        </vertices>
        <triangles material="tire_003-material" count="648">
          <input semantic="VERTEX" source="#tire_stack_4_a200-mesh-vertices" offset="0"/>
          <input semantic="NORMAL" source="#tire_stack_4_a200-mesh-normals" offset="1"/>
          <input semantic="TEXCOORD" source="#tire_stack_4_a200-mesh-map-0" offset="2" set="0"/>
          <p>9 0 0 2 0 1 1 0 2 10 1 3 6 1 4 5 1 5 6 2 6 11 2 7 7 2 8 15 3 9 10 3 10 4 3 11 17 4 12 8 4 13 11 4 14 18 5 15 12 5 16 8 5 17 19 6 18 16 6 19 10 6 20 18 7 21 20 7 22 12 7 23 23 8 24 19 8 25 15 8 26 25 9 27 18 9 28 17 9 29 27 10 30 21 10 31 20 10 32 27 11 33 30 11 34 21 11 35 34 12 36 28 12 37 24 12 38 35 13 39 30 13 40 27 13 41 37 14 42 35 14 43 29 14 44 36 15 45 37 15 46 29 15 47 43 16 48 38 16 49 35 16 50 44 17 51 41 17 52 40 17 53 47 18 54 38 18 55 43 18 56 48 19 57 44 19 58 39 19 59 49 20 60 45 20 61 41 20 62 50 21 63 47 21 64 42 21 65 52 22 66 49 22 67 44 22 68 50 23 69 55 23 70 47 23 71 55 24 72 51 24 73 47 24 74 56 25 75 52 25 76 48 25 77 57 26 78 53 26 79 49 26 80 61 27 81 57 27 82 52 27 83 64 28 84 62 28 85 57 28 86 69 29 87 64 29 88 61 29 89 72 30 90 66 30 91 65 30 92 69 31 93 73 31 94 64 31 95 73 32 96 70 32 97 64 32 98 76 33 99 69 33 100 68 33 101 79 34 102 74 34 103 72 34 104 76 35 105 80 35 106 69 35 107 5 36 108 77 36 109 73 36 110 78 37 111 79 37 112 72 37 113 5 38 114 6 38 115 77 38 116 101 42 126 94 42 127 93 42 128 101 43 129 102 43 130 94 43 131 108 44 132 101 44 133 100 44 134 110 45 135 106 45 136 105 45 137 109 46 138 111 46 139 102 46 140 112 47 141 104 47 142 103 47 143 115 48 144 109 48 145 108 48 146 116 49 147 111 49 148 109 49 149 118 50 150 113 50 151 110 50 152 120 51 153 117 51 154 112 51 155 124 52 156 116 52 157 115 52 158 125 53 159 119 53 160 116 53 161 120 54 162 126 54 163 117 54 164 126 55 165 121 55 166 117 55 167 124 56 168 125 56 169 116 56 170 128 57 171 126 57 172 120 57 173 126 58 174 129 58 175 121 58 176 133 59 177 127 59 178 125 59 179 132 60 180 133 60 181 125 60 182 137 61 183 131 61 184 130 61 185 138 62 186 133 62 187 132 62 188 139 63 189 135 63 190 133 63 191 141 64 192 136 64 193 134 64 194 139 65 195 144 65 196 135 65 197 144 66 198 140 66 199 135 66 200 145 67 201 137 67 202 136 67 203 148 68 204 145 68 205 141 68 206 145 69 207 149 69 208 137 69 209 146 70 210 152 70 211 144 70 212 152 71 213 147 71 214 144 71 215 153 72 216 150 72 217 149 72 218 148 73 219 157 73 220 145 73 221 157 74 222 153 74 223 145 74 224 160 75 225 155 75 226 154 75 227 156 76 228 161 76 229 148 76 230 161 77 231 157 77 232 148 77 233 162 78 234 158 78 235 153 78 236 160 79 237 163 79 238 155 79 239 163 80 240 156 80 241 155 80 242 165 81 243 162 81 244 157 81 245 166 82 246 160 82 247 159 82 248 93 83 249 168 83 250 167 83 251 173 84 252 170 84 253 165 84 254 100 85 255 93 85 256 172 85 257 194 89 267 187 89 268 186 89 269 201 90 270 195 90 271 190 90 272 196 91 273 202 91 274 193 91 275 203 92 276 199 92 277 198 92 278 213 93 279 205 93 280 204 93 281 214 94 282 211 94 283 210 94 284 218 95 285 209 95 286 208 95 287 219 96 288 214 96 289 209 96 290 220 97 291 215 97 292 212 97 293 218 98 294 219 98 295 209 98 296 222 99 297 220 99 298 211 99 299 226 100 300 221 100 301 219 100 302 227 101 303 223 101 304 220 101 305 225 102 306 226 102 307 219 102 308 226 103 309 229 103 310 221 103 311 230 104 312 227 104 313 222 104 314 227 105 315 231 105 316 223 105 317 232 106 318 228 106 319 224 106 320 233 107 321 226 107 322 225 107 323 234 108 324 229 108 325 226 108 326 237 109 327 230 109 328 229 109 329 230 110 330 238 110 331 227 110 332 239 111 333 232 111 334 231 111 335 240 112 336 235 112 337 228 112 338 242 113 339 238 113 340 230 113 341 244 114 342 240 114 343 232 114 344 245 115 345 236 115 346 235 115 347 247 116 348 243 116 349 238 116 350 246 117 351 249 117 352 241 117 353 250 118 354 247 118 355 242 118 356 251 119 357 248 119 358 243 119 359 255 120 360 250 120 361 249 120 362 257 121 363 252 121 364 248 121 365 253 122 366 254 122 367 246 122 368 258 123 369 256 123 370 247 123 371 260 124 372 254 124 373 253 124 374 263 125 375 258 125 376 250 125 377 191 126 378 259 126 379 257 126 380 186 127 381 262 127 382 261 127 383 192 128 384 265 128 385 259 128 386 193 129 387 186 129 388 265 129 389 286 133 399 279 133 400 278 133 401 287 134 402 281 134 403 280 134 404 293 135 405 287 135 406 279 135 407 297 136 408 294 136 409 287 136 410 300 137 411 292 137 412 291 137 413 297 138 414 302 138 415 294 138 416 302 139 417 295 139 418 294 139 419 306 140 420 302 140 421 297 140 422 309 141 423 306 141 424 305 141 425 311 142 426 304 142 427 303 142 428 312 143 429 309 143 430 304 143 431 306 144 432 313 144 433 302 144 434 315 145 435 310 145 436 308 145 437 317 146 438 313 146 439 306 146 440 320 147 441 316 147 442 312 147 443 314 148 444 322 148 445 315 148 446 321 149 447 326 149 448 314 149 449 326 150 450 322 150 451 314 150 452 329 151 453 325 151 454 324 151 455 330 152 456 326 152 457 321 152 458 333 153 459 327 153 460 322 153 461 331 154 462 335 154 463 329 154 464 337 155 465 332 155 466 330 155 467 341 156 468 338 156 469 332 156 470 339 157 471 342 157 472 334 157 473 340 158 474 343 158 475 335 158 476 345 159 477 341 159 478 337 159 479 346 160 480 339 160 481 338 160 482 349 161 483 344 161 484 343 161 485 350 162 486 346 162 487 341 162 488 347 163 489 348 163 490 340 163 491 355 164 492 348 164 493 347 164 494 357 165 495 352 165 496 349 165 497 354 166 498 358 166 499 346 166 500 358 167 501 351 167 502 346 167 503 278 168 504 357 168 505 356 168 506 284 169 507 359 169 508 351 169 509 279 170 510 280 170 511 357 170 512 281 171 513 282 171 514 353 171 515 282 172 516 283 172 517 358 172 518 283 173 519 284 173 520 358 173 521 285 174 522 278 174 523 359 174 524 0 178 534 11 178 535 8 178 536 9 179 537 0 179 538 8 179 539 4 180 540 10 180 541 5 180 542 9 181 543 13 181 544 2 181 545 8 182 546 12 182 547 9 182 548 2 183 549 14 183 550 3 183 551 4 184 552 14 184 553 15 184 554 11 185 555 16 185 556 17 185 557 10 186 558 16 186 559 6 186 560 13 187 561 20 187 562 21 187 563 15 188 564 19 188 565 10 188 566 17 189 567 18 189 568 8 189 569 13 190 570 22 190 571 14 190 572 15 191 573 22 191 574 23 191 575 16 192 576 25 192 577 17 192 578 19 193 579 24 193 580 16 193 581 20 194 582 26 194 583 27 194 584 26 195 585 25 195 586 28 195 587 24 196 588 28 196 589 25 196 590 31 197 591 21 197 592 30 197 593 26 198 594 29 198 595 27 198 596 23 199 597 31 199 598 32 199 599 23 200 600 33 200 601 19 200 602 24 201 603 33 201 604 34 201 605 30 202 606 39 202 607 31 202 608 28 203 609 29 203 610 26 203 611 29 204 612 35 204 613 27 204 614 34 205 615 36 205 616 28 205 617 28 206 618 36 206 619 29 206 620 35 207 621 38 207 622 30 207 623 40 208 624 31 208 625 39 208 626 33 209 627 40 209 628 41 209 629 37 210 630 43 210 631 35 210 632 33 211 633 41 211 634 34 211 635 36 212 636 45 212 637 46 212 638 39 213 639 44 213 640 40 213 641 41 214 642 45 214 643 34 214 644 37 215 645 46 215 646 42 215 647 54 216 648 45 216 649 53 216 650 42 217 651 47 217 652 43 217 653 38 218 654 48 218 655 39 218 656 44 219 657 49 219 658 41 219 659 47 220 660 51 220 661 38 220 662 38 221 663 51 221 664 48 221 665 48 222 666 52 222 667 44 222 668 49 223 669 53 223 670 45 223 671 42 224 672 54 224 673 50 224 674 55 225 675 58 225 676 59 225 677 51 226 678 56 226 679 48 226 680 52 227 681 57 227 682 49 227 683 55 228 684 60 228 685 51 228 686 63 229 687 53 229 688 62 229 689 51 230 690 60 230 691 56 230 692 56 231 693 61 231 694 52 231 695 57 232 696 62 232 697 53 232 698 50 233 699 63 233 700 58 233 701 59 234 702 65 234 703 66 234 704 61 235 705 64 235 706 57 235 707 60 236 708 66 236 709 67 236 710 68 237 711 60 237 712 67 237 713 61 238 714 68 238 715 69 238 716 63 239 717 70 239 718 71 239 719 64 240 720 70 240 721 62 240 722 65 241 723 63 241 724 71 241 725 66 242 726 75 242 727 67 242 728 71 243 729 72 243 730 65 243 731 72 244 732 74 244 733 66 244 734 67 245 735 76 245 736 68 245 737 71 246 738 77 246 739 78 246 740 73 247 741 77 247 742 70 247 743 73 248 744 80 248 745 5 248 746 71 249 747 78 249 748 72 249 749 79 250 750 1 250 751 74 250 752 75 251 753 1 251 754 2 251 755 3 252 756 75 252 757 2 252 758 80 253 759 3 253 760 4 253 761 7 254 762 77 254 763 6 254 764 80 255 765 4 255 766 5 255 767 79 256 768 7 256 769 0 256 770 95 262 786 102 262 787 103 262 788 100 263 789 101 263 790 93 263 791 96 264 792 103 264 793 104 264 794 96 265 795 105 265 796 97 265 797 98 266 798 105 266 799 106 266 800 98 267 801 107 267 802 99 267 803 108 268 804 99 268 805 107 268 806 112 269 807 102 269 808 111 269 809 101 270 810 109 270 811 102 270 812 104 271 813 110 271 814 105 271 815 108 272 816 109 272 817 101 272 818 107 273 819 113 273 820 114 273 821 110 274 822 113 274 823 106 274 824 107 275 825 115 275 826 108 275 827 110 276 828 117 276 829 118 276 830 112 277 831 117 277 832 104 277 833 111 278 834 120 278 835 112 278 836 115 279 837 116 279 838 109 279 839 116 280 840 119 280 841 111 280 842 122 281 843 118 281 844 121 281 845 117 282 846 121 282 847 118 282 848 113 283 849 123 283 850 114 283 851 115 284 852 123 284 853 124 284 854 120 285 855 127 285 856 128 285 857 125 286 858 127 286 859 119 286 860 122 287 861 129 287 862 130 287 863 123 288 864 130 288 865 131 288 866 123 289 867 132 289 868 124 289 869 130 290 870 136 290 871 137 290 872 124 291 873 132 291 874 125 291 875 128 292 876 134 292 877 126 292 878 126 293 879 134 293 880 129 293 881 133 294 882 135 294 883 127 294 884 127 295 885 135 295 886 128 295 887 134 296 888 136 296 889 129 296 890 134 297 891 140 297 892 141 297 893 131 298 894 138 298 895 132 298 896 135 299 897 140 299 898 128 299 899 138 300 900 142 300 901 143 300 902 137 301 903 142 301 904 131 301 905 139 302 906 138 302 907 143 302 908 141 303 909 147 303 910 148 303 911 141 304 912 145 304 913 136 304 914 139 305 915 146 305 916 144 305 917 144 306 918 147 306 919 140 306 920 142 307 921 149 307 922 150 307 923 142 308 924 151 308 925 143 308 926 139 309 927 151 309 928 146 309 929 152 310 930 154 310 931 155 310 932 145 311 933 153 311 934 149 311 935 147 312 936 155 312 937 156 312 938 150 313 939 159 313 940 151 313 941 147 314 942 156 314 943 148 314 944 153 315 945 158 315 946 150 315 947 151 316 948 154 316 949 146 316 950 165 317 951 161 317 952 164 317 953 157 318 954 162 318 955 153 318 956 159 319 957 160 319 958 154 319 959 156 320 960 164 320 961 161 320 962 163 321 963 167 321 964 168 321 965 158 322 966 166 322 967 159 322 968 163 323 969 169 323 970 156 323 971 162 324 972 171 324 973 158 324 974 156 325 975 169 325 976 164 325 977 165 326 978 170 326 979 162 326 980 166 327 981 171 327 982 172 327 983 167 328 984 166 328 985 172 328 986 169 329 987 94 329 988 95 329 989 164 330 990 173 330 991 165 330 992 172 331 993 93 331 994 167 331 995 93 332 996 94 332 997 168 332 998 169 333 999 96 333 1000 164 333 1001 173 334 1002 96 334 1003 97 334 1004 98 335 1005 173 335 1006 97 335 1007 99 336 1008 170 336 1009 98 336 1010 172 337 1011 99 337 1012 100 337 1013 192 343 1029 195 343 1030 196 343 1031 190 344 1032 195 344 1033 191 344 1034 198 345 1035 194 345 1036 197 345 1037 192 346 1038 196 346 1039 193 346 1040 193 347 1041 194 347 1042 186 347 1043 188 348 1044 198 348 1045 199 348 1046 188 349 1047 200 349 1048 189 349 1049 189 350 1050 201 350 1051 190 350 1052 194 351 1053 202 351 1054 197 351 1055 195 352 1056 204 352 1057 205 352 1058 197 353 1059 203 353 1060 198 353 1061 200 354 1062 204 354 1063 201 354 1064 202 355 1065 207 355 1066 208 355 1067 195 356 1068 205 356 1069 196 356 1070 197 357 1071 206 357 1072 203 357 1073 205 358 1074 207 358 1075 196 358 1076 202 359 1077 206 359 1078 197 359 1079 210 360 1080 206 360 1081 209 360 1082 199 361 1083 210 361 1084 211 361 1085 199 362 1086 212 362 1087 200 362 1088 204 363 1089 212 363 1090 213 363 1091 216 364 1092 213 364 1093 215 364 1094 208 365 1095 209 365 1096 206 365 1097 209 366 1098 214 366 1099 210 366 1100 212 367 1101 215 367 1102 213 367 1103 207 368 1104 216 368 1105 217 368 1106 218 369 1107 207 369 1108 217 369 1109 222 370 1110 214 370 1111 221 370 1112 211 371 1113 220 371 1114 212 371 1115 219 372 1116 221 372 1117 214 372 1118 216 373 1119 223 373 1120 224 373 1121 220 374 1122 223 374 1123 215 374 1124 222 375 1125 229 375 1126 230 375 1127 216 376 1128 224 376 1129 217 376 1130 217 377 1131 225 377 1132 218 377 1133 218 378 1134 225 378 1135 219 378 1136 222 379 1137 227 379 1138 220 379 1139 224 380 1140 228 380 1141 217 380 1142 217 381 1143 228 381 1144 225 381 1145 224 382 1146 231 382 1147 232 382 1148 234 383 1149 233 383 1150 235 383 1151 228 384 1152 233 384 1153 225 384 1154 228 385 1155 235 385 1156 233 385 1157 237 386 1158 234 386 1159 236 386 1160 231 387 1161 238 387 1162 239 387 1163 237 388 1164 242 388 1165 230 388 1166 232 389 1167 240 389 1168 228 389 1169 235 390 1170 236 390 1171 234 390 1172 236 391 1173 241 391 1174 237 391 1175 244 392 1176 239 392 1177 243 392 1178 238 393 1179 243 393 1180 239 393 1181 242 394 1182 249 394 1183 250 394 1184 240 395 1185 245 395 1186 235 395 1187 236 396 1188 246 396 1189 241 396 1190 242 397 1191 247 397 1192 238 397 1193 243 398 1194 248 398 1195 244 398 1196 244 399 1197 248 399 1198 240 399 1199 245 400 1200 246 400 1201 236 400 1202 245 401 1203 252 401 1204 253 401 1205 247 402 1206 251 402 1207 243 402 1208 248 403 1209 252 403 1210 240 403 1211 249 404 1212 254 404 1213 255 404 1214 245 405 1215 253 405 1216 246 405 1217 251 406 1218 257 406 1219 248 406 1220 247 407 1221 256 407 1222 251 407 1223 260 408 1224 252 408 1225 259 408 1226 250 409 1227 258 409 1228 247 409 1229 257 410 1230 259 410 1231 252 410 1232 255 411 1233 261 411 1234 262 411 1235 255 412 1236 263 412 1237 250 412 1238 257 413 1239 264 413 1240 191 413 1241 258 414 1242 264 414 1243 256 414 1244 261 415 1245 260 415 1246 265 415 1247 259 416 1248 265 416 1249 260 416 1250 262 417 1251 188 417 1252 263 417 1253 191 418 1254 192 418 1255 259 418 1256 265 419 1257 186 419 1258 261 419 1259 186 420 1260 187 420 1261 262 420 1262 263 421 1263 189 421 1264 258 421 1265 264 422 1266 189 422 1267 190 422 1268 264 423 1269 190 423 1270 191 423 1271 192 424 1272 193 424 1273 265 424 1274 283 430 1290 288 430 1291 289 430 1292 279 431 1293 287 431 1294 280 431 1295 281 432 1296 288 432 1297 282 432 1298 290 433 1299 283 433 1300 289 433 1301 285 434 1302 290 434 1303 291 434 1304 285 435 1305 286 435 1306 278 435 1307 293 436 1308 286 436 1309 292 436 1310 288 437 1311 294 437 1312 295 437 1313 287 438 1314 294 438 1315 281 438 1316 293 439 1317 297 439 1318 287 439 1319 288 440 1320 295 440 1321 289 440 1322 291 441 1323 292 441 1324 286 441 1325 292 442 1326 296 442 1327 293 442 1328 290 443 1329 298 443 1330 299 443 1331 295 444 1332 298 444 1333 289 444 1334 300 445 1335 290 445 1336 299 445 1337 300 446 1338 301 446 1339 292 446 1340 292 447 1341 301 447 1342 296 447 1343 299 448 1344 303 448 1345 300 448 1346 305 449 1347 301 449 1348 304 449 1349 297 450 1350 305 450 1351 306 450 1352 298 451 1353 307 451 1354 308 451 1355 302 452 1356 307 452 1357 295 452 1358 303 453 1359 310 453 1360 311 453 1361 298 454 1362 308 454 1363 299 454 1364 303 455 1365 304 455 1366 301 455 1367 304 456 1368 309 456 1369 305 456 1370 308 457 1371 310 457 1372 299 457 1373 307 458 1374 313 458 1375 314 458 1376 307 459 1377 315 459 1378 308 459 1379 317 460 1380 309 460 1381 316 460 1382 311 461 1383 312 461 1384 304 461 1385 312 462 1386 316 462 1387 309 462 1388 310 463 1389 319 463 1390 311 463 1391 315 464 1392 318 464 1393 310 464 1394 324 465 1395 320 465 1396 323 465 1397 311 466 1398 319 466 1399 312 466 1400 317 467 1401 321 467 1402 313 467 1403 313 468 1404 321 468 1405 314 468 1406 315 469 1407 322 469 1408 318 469 1409 319 470 1410 320 470 1411 312 470 1412 317 471 1413 324 471 1414 325 471 1415 318 472 1416 328 472 1417 319 472 1418 317 473 1419 325 473 1420 321 473 1421 322 474 1422 327 474 1423 318 474 1424 320 475 1425 328 475 1426 323 475 1427 333 476 1428 326 476 1429 332 476 1430 323 477 1431 329 477 1432 324 477 1433 325 478 1434 330 478 1435 321 478 1436 323 479 1437 331 479 1438 329 479 1439 330 480 1440 332 480 1441 326 480 1442 323 481 1443 334 481 1444 331 481 1445 327 482 1446 334 482 1447 328 482 1448 329 483 1449 336 483 1450 325 483 1451 330 484 1452 336 484 1453 337 484 1454 333 485 1455 339 485 1456 327 485 1457 332 486 1458 338 486 1459 333 486 1460 331 487 1461 342 487 1462 340 487 1463 327 488 1464 339 488 1465 334 488 1466 331 489 1467 340 489 1468 335 489 1469 337 490 1470 341 490 1471 332 490 1472 336 491 1473 343 491 1474 344 491 1475 345 492 1476 336 492 1477 344 492 1478 343 493 1479 348 493 1480 349 493 1481 341 494 1482 346 494 1483 338 494 1484 339 495 1485 347 495 1486 342 495 1487 342 496 1488 347 496 1489 340 496 1490 345 497 1491 352 497 1492 353 497 1493 345 498 1494 350 498 1495 341 498 1496 346 499 1497 351 499 1498 339 499 1499 339 500 1500 351 500 1501 347 500 1502 349 501 1503 352 501 1504 344 501 1505 350 502 1506 353 502 1507 354 502 1508 349 503 1509 356 503 1510 357 503 1511 350 504 1512 354 504 1513 346 504 1514 351 505 1515 355 505 1516 347 505 1517 356 506 1518 355 506 1519 359 506 1520 351 507 1521 359 507 1522 355 507 1523 357 508 1524 280 508 1525 352 508 1526 352 509 1527 280 509 1528 353 509 1529 353 510 1530 282 510 1531 354 510 1532 354 511 1533 282 511 1534 358 511 1535 358 512 1536 284 512 1537 351 512 1538 359 513 1539 278 513 1540 356 513 1541 278 514 1542 279 514 1543 357 514 1544 280 515 1545 281 515 1546 353 515 1547 284 516 1548 285 516 1549 359 516 1550 0 522 1566 7 522 1567 11 522 1568 9 523 1569 1 523 1570 0 523 1571 9 524 1572 12 524 1573 13 524 1574 2 525 1575 13 525 1576 14 525 1577 4 526 1578 3 526 1579 14 526 1580 11 527 1581 6 527 1582 16 527 1583 13 528 1584 12 528 1585 20 528 1586 13 529 1587 21 529 1588 22 529 1589 15 530 1590 14 530 1591 22 530 1592 16 531 1593 24 531 1594 25 531 1595 20 532 1596 18 532 1597 26 532 1598 26 533 1599 18 533 1600 25 533 1601 31 534 1602 22 534 1603 21 534 1604 23 535 1605 22 535 1606 31 535 1607 23 536 1608 32 536 1609 33 536 1610 24 537 1611 19 537 1612 33 537 1613 30 538 1614 38 538 1615 39 538 1616 40 539 1617 32 539 1618 31 539 1619 33 540 1620 32 540 1621 40 540 1622 37 541 1623 42 541 1624 43 541 1625 36 542 1626 34 542 1627 45 542 1628 37 543 1629 36 543 1630 46 543 1631 54 544 1632 46 544 1633 45 544 1634 42 545 1635 46 545 1636 54 545 1637 55 546 1638 50 546 1639 58 546 1640 55 547 1641 59 547 1642 60 547 1643 63 548 1644 54 548 1645 53 548 1646 50 549 1647 54 549 1648 63 549 1649 59 550 1650 58 550 1651 65 550 1652 60 551 1653 59 551 1654 66 551 1655 68 552 1656 56 552 1657 60 552 1658 61 553 1659 56 553 1660 68 553 1661 63 554 1662 62 554 1663 70 554 1664 65 555 1665 58 555 1666 63 555 1667 66 556 1668 74 556 1669 75 556 1670 67 557 1671 75 557 1672 76 557 1673 71 558 1674 70 558 1675 77 558 1676 73 559 1677 69 559 1678 80 559 1679 79 560 1680 0 560 1681 1 560 1682 75 561 1683 74 561 1684 1 561 1685 3 562 1686 76 562 1687 75 562 1688 80 563 1689 76 563 1690 3 563 1691 7 564 1692 78 564 1693 77 564 1694 79 565 1695 78 565 1696 7 565 1697 95 576 1728 94 576 1729 102 576 1730 96 577 1731 95 577 1732 103 577 1733 96 578 1734 104 578 1735 105 578 1736 98 579 1737 97 579 1738 105 579 1739 98 580 1740 106 580 1741 107 580 1742 108 581 1743 100 581 1744 99 581 1745 112 582 1746 103 582 1747 102 582 1748 107 583 1749 106 583 1750 113 583 1751 107 584 1752 114 584 1753 115 584 1754 110 585 1755 104 585 1756 117 585 1757 111 586 1758 119 586 1759 120 586 1760 122 587 1761 113 587 1762 118 587 1763 113 588 1764 122 588 1765 123 588 1766 115 589 1767 114 589 1768 123 589 1769 120 590 1770 119 590 1771 127 590 1772 122 591 1773 121 591 1774 129 591 1775 123 592 1776 122 592 1777 130 592 1778 123 593 1779 131 593 1780 132 593 1781 130 594 1782 129 594 1783 136 594 1784 134 595 1785 128 595 1786 140 595 1787 138 596 1788 131 596 1789 142 596 1790 139 597 1791 133 597 1792 138 597 1793 141 598 1794 140 598 1795 147 598 1796 142 599 1797 137 599 1798 149 599 1799 142 600 1800 150 600 1801 151 600 1802 139 601 1803 143 601 1804 151 601 1805 152 602 1806 146 602 1807 154 602 1808 147 603 1809 152 603 1810 155 603 1811 150 604 1812 158 604 1813 159 604 1814 151 605 1815 159 605 1816 154 605 1817 165 606 1818 157 606 1819 161 606 1820 163 607 1821 160 607 1822 167 607 1823 163 608 1824 168 608 1825 169 608 1826 162 609 1827 170 609 1828 171 609 1829 166 610 1830 158 610 1831 171 610 1832 167 611 1833 160 611 1834 166 611 1835 169 612 1836 168 612 1837 94 612 1838 169 613 1839 95 613 1840 96 613 1841 173 614 1842 164 614 1843 96 614 1844 98 615 1845 170 615 1846 173 615 1847 99 616 1848 171 616 1849 170 616 1850 172 617 1851 171 617 1852 99 617 1853 192 628 1884 191 628 1885 195 628 1886 198 629 1887 187 629 1888 194 629 1889 188 630 1890 187 630 1891 198 630 1892 188 631 1893 199 631 1894 200 631 1895 189 632 1896 200 632 1897 201 632 1898 194 633 1899 193 633 1900 202 633 1901 195 634 1902 201 634 1903 204 634 1904 202 635 1905 196 635 1906 207 635 1907 202 636 1908 208 636 1909 206 636 1910 210 637 1911 203 637 1912 206 637 1913 199 638 1914 203 638 1915 210 638 1916 199 639 1917 211 639 1918 212 639 1919 204 640 1920 200 640 1921 212 640 1922 216 641 1923 205 641 1924 213 641 1925 207 642 1926 205 642 1927 216 642 1928 218 643 1929 208 643 1930 207 643 1931 222 644 1932 211 644 1933 214 644 1934 216 645 1935 215 645 1936 223 645 1937 222 646 1938 221 646 1939 229 646 1940 224 647 1941 223 647 1942 231 647 1943 234 648 1944 226 648 1945 233 648 1946 237 649 1947 229 649 1948 234 649 1949 231 650 1950 227 650 1951 238 650 1952 237 651 1953 241 651 1954 242 651 1955 244 652 1956 232 652 1957 239 652 1958 242 653 1959 241 653 1960 249 653 1961 245 654 1962 240 654 1963 252 654 1964 249 655 1965 246 655 1966 254 655 1967 251 656 1968 256 656 1969 257 656 1970 260 657 1971 253 657 1972 252 657 1973 255 658 1974 254 658 1975 261 658 1976 255 659 1977 262 659 1978 263 659 1979 257 660 1980 256 660 1981 264 660 1982 261 661 1983 254 661 1984 260 661 1985 262 662 1986 187 662 1987 188 662 1988 263 663 1989 188 663 1990 189 663 1991 264 664 1992 258 664 1993 189 664 1994 283 675 2025 282 675 2026 288 675 2027 290 676 2028 284 676 2029 283 676 2030 285 677 2031 284 677 2032 290 677 2033 285 678 2034 291 678 2035 286 678 2036 293 679 2037 279 679 2038 286 679 2039 288 680 2040 281 680 2041 294 680 2042 293 681 2043 296 681 2044 297 681 2045 290 682 2046 289 682 2047 298 682 2048 300 683 2049 291 683 2050 290 683 2051 300 684 2052 303 684 2053 301 684 2054 305 685 2055 296 685 2056 301 685 2057 297 686 2058 296 686 2059 305 686 2060 298 687 2061 295 687 2062 307 687 2063 303 688 2064 299 688 2065 310 688 2066 307 689 2067 302 689 2068 313 689 2069 307 690 2070 314 690 2071 315 690 2072 317 691 2073 306 691 2074 309 691 2075 310 692 2076 318 692 2077 319 692 2078 324 693 2079 316 693 2080 320 693 2081 317 694 2082 316 694 2083 324 694 2084 318 695 2085 327 695 2086 328 695 2087 320 696 2088 319 696 2089 328 696 2090 333 697 2091 322 697 2092 326 697 2093 323 698 2094 328 698 2095 334 698 2096 329 699 2097 335 699 2098 336 699 2099 330 700 2100 325 700 2101 336 700 2102 333 701 2103 338 701 2104 339 701 2105 331 702 2106 334 702 2107 342 702 2108 336 703 2109 335 703 2110 343 703 2111 345 704 2112 337 704 2113 336 704 2114 343 705 2115 340 705 2116 348 705 2117 345 706 2118 344 706 2119 352 706 2120 350 707 2121 345 707 2122 353 707 2123 349 708 2124 348 708 2125 356 708 2126 356 709 2127 348 709 2128 355 709 2129</p>
        </triangles>
        <triangles material="rim_003-material" count="72">
          <input semantic="VERTEX" source="#tire_stack_4_a200-mesh-vertices" offset="0"/>
          <input semantic="NORMAL" source="#tire_stack_4_a200-mesh-normals" offset="1"/>
          <input semantic="TEXCOORD" source="#tire_stack_4_a200-mesh-map-0" offset="2" set="0"/>
          <p>84 39 117 85 39 118 83 39 119 88 40 120 89 40 121 87 40 122 92 41 123 81 41 124 91 41 125 177 86 258 178 86 259 176 86 260 181 87 261 182 87 262 180 87 263 185 88 264 174 88 265 184 88 266 269 130 390 270 130 391 268 130 392 273 131 393 274 131 394 272 131 395 277 132 396 266 132 397 276 132 398 363 175 525 364 175 526 362 175 527 367 176 528 368 176 529 366 176 530 371 177 531 360 177 532 370 177 533 82 257 771 84 257 772 83 257 773 86 258 774 88 258 775 87 258 776 90 259 777 92 259 778 91 259 779 86 260 780 82 260 781 89 260 782 89 261 783 81 261 784 86 261 785 175 338 1014 177 338 1015 176 338 1016 179 339 1017 181 339 1018 180 339 1019 183 340 1020 185 340 1021 184 340 1022 179 341 1023 175 341 1024 182 341 1025 182 342 1026 174 342 1027 179 342 1028 267 425 1275 269 425 1276 268 425 1277 271 426 1278 273 426 1279 272 426 1280 275 427 1281 277 427 1282 276 427 1283 271 428 1284 267 428 1285 274 428 1286 274 429 1287 266 429 1288 271 429 1289 361 517 1551 363 517 1552 362 517 1553 365 518 1554 367 518 1555 366 518 1556 369 519 1557 371 519 1558 370 519 1559 365 520 1560 361 520 1561 368 520 1562 368 521 1563 360 521 1564 365 521 1565 82 566 1698 81 566 1699 89 566 1700 81 567 1701 92 567 1702 90 567 1703 89 568 1704 81 568 1705 90 568 1706 89 569 1707 88 569 1708 86 569 1709 86 570 1710 85 570 1711 82 570 1712 85 571 1713 84 571 1714 82 571 1715 81 572 1716 82 572 1717 86 572 1718 82 573 1719 83 573 1720 85 573 1721 86 574 1722 87 574 1723 89 574 1724 90 575 1725 91 575 1726 81 575 1727 175 618 1854 174 618 1855 182 618 1856 174 619 1857 185 619 1858 183 619 1859 182 620 1860 174 620 1861 183 620 1862 182 621 1863 181 621 1864 179 621 1865 179 622 1866 178 622 1867 175 622 1868 178 623 1869 177 623 1870 175 623 1871 174 624 1872 175 624 1873 179 624 1874 175 625 1875 176 625 1876 178 625 1877 179 626 1878 180 626 1879 182 626 1880 183 627 1881 184 627 1882 174 627 1883 267 665 1995 266 665 1996 274 665 1997 266 666 1998 277 666 1999 275 666 2000 274 667 2001 266 667 2002 275 667 2003 274 668 2004 273 668 2005 271 668 2006 271 669 2007 270 669 2008 267 669 2009 270 670 2010 269 670 2011 267 670 2012 266 671 2013 267 671 2014 271 671 2015 267 672 2016 268 672 2017 270 672 2018 271 673 2019 272 673 2020 274 673 2021 275 674 2022 276 674 2023 266 674 2024 361 710 2130 360 710 2131 368 710 2132 360 711 2133 371 711 2134 369 711 2135 368 712 2136 360 712 2137 369 712 2138 368 713 2139 367 713 2140 365 713 2141 365 714 2142 364 714 2143 361 714 2144 364 715 2145 363 715 2146 361 715 2147 360 716 2148 361 716 2149 365 716 2150 361 717 2151 362 717 2152 364 717 2153 365 718 2154 366 718 2155 368 718 2156 369 719 2157 370 719 2158 360 719 2159</p>
        </triangles>
      </mesh>
    </geometry>
    <geometry id="Colmesh_stack-1-mesh" name="Colmesh_stack-1">
      <mesh>
        <source id="Colmesh_stack-1-mesh-positions">
          <float_array id="Colmesh_stack-1-mesh-positions-array" count="48">0 0.38 0 0 0.38 0.8832 0.2687005 0.2687005 0 0.2687005 0.2687005 0.8832 0.38 0 0 0.38 0 0.8832 0.2687005 -0.2687005 0 0.2687005 -0.2687005 0.8832 0 -0.38 0 0 -0.38 0.8832 -0.2687005 -0.2687005 0 -0.2687005 -0.2687005 0.8832 -0.38 0 0 -0.38 0 0.8832 -0.2687005 0.2687005 0 -0.2687005 0.2687005 0.8832</float_array>
          <technique_common>
            <accessor source="#Colmesh_stack-1-mesh-positions-array" count="16" stride="3">
              <param name="X" type="float"/>
              <param name="Y" type="float"/>
              <param name="Z" type="float"/>
            </accessor>
          </technique_common>
        </source>
        <source id="Colmesh_stack-1-mesh-normals">
          <float_array id="Colmesh_stack-1-mesh-normals-array" count="84">0.3826835 0.9238796 0 0.9238796 0.3826835 0 0.9238796 -0.3826835 0 0.3826835 -0.9238796 0 -0.3826835 -0.9238796 0 -0.9238796 -0.3826835 0 0 0 1 -0.9238796 0.3826835 0 -0.3826835 0.9238796 0 0 0 -1 0.3826835 0.9238796 0 0.9238796 0.3826835 0 0.9238796 -0.3826835 0 0.3826835 -0.9238796 0 -0.3826835 -0.9238796 0 -0.9238796 -0.3826835 0 0 0 1 0 0 1 0 0 1 0 0 1 0 0 1 -0.9238796 0.3826835 0 -0.3826835 0.9238796 0 0 0 -1 0 0 -1 0 0 -1 0 0 -1 0 0 -1</float_array>
          <technique_common>
            <accessor source="#Colmesh_stack-1-mesh-normals-array" count="28" stride="3">
              <param name="X" type="float"/>
              <param name="Y" type="float"/>
              <param name="Z" type="float"/>
            </accessor>
          </technique_common>
        </source>
        <source id="Colmesh_stack-1-mesh-map-0">
          <float_array id="Colmesh_stack-1-mesh-map-0-array" count="168">1 1 0.875 0.5 1 0.5 0.875 1 0.75 0.5 0.875 0.5 0.75 1 0.625 0.5 0.75 0.5 0.625 1 0.5 0.5 0.625 0.5 0.5 1 0.375 0.5 0.5 0.5 0.375 1 0.25 0.5 0.375 0.5 0.4197056 0.08029437 0.49 0.25 0.00999999 0.25 0.25 1 0.125 0.5 0.25 0.5 0.125 1 0 0.5 0.125 0.5 0.51 0.25 0.5802944 0.4197056 0.9197056 0.08029437 1 1 0.875 1 0.875 0.5 0.875 1 0.75 1 0.75 0.5 0.75 1 0.625 1 0.625 0.5 0.625 1 0.5 1 0.5 0.5 0.5 1 0.375 1 0.375 0.5 0.375 1 0.25 1 0.25 0.5 0.49 0.25 0.4197056 0.4197056 0.25 0.49 0.25 0.49 0.08029437 0.4197056 0.49 0.25 0.08029437 0.4197056 0.00999999 0.25 0.49 0.25 0.00999999 0.25 0.08029437 0.08029437 0.25 0.00999999 0.25 0.00999999 0.4197056 0.08029437 0.00999999 0.25 0.25 1 0.125 1 0.125 0.5 0.125 1 0 1 0 0.5 0.5802944 0.4197056 0.75 0.49 0.9197056 0.4197056 0.9197056 0.4197056 0.99 0.25 0.5802944 0.4197056 0.99 0.25 0.9197056 0.08029437 0.5802944 0.4197056 0.9197056 0.08029437 0.75 0.00999999 0.5802944 0.08029437 0.5802944 0.08029437 0.51 0.25 0.9197056 0.08029437</float_array>
          <technique_common>
            <accessor source="#Colmesh_stack-1-mesh-map-0-array" count="84" stride="2">
              <param name="S" type="float"/>
              <param name="T" type="float"/>
            </accessor>
          </technique_common>
        </source>
        <vertices id="Colmesh_stack-1-mesh-vertices">
          <input semantic="POSITION" source="#Colmesh_stack-1-mesh-positions"/>
        </vertices>
        <triangles material="Colmesh_Material-material" count="28">
          <input semantic="VERTEX" source="#Colmesh_stack-1-mesh-vertices" offset="0"/>
          <input semantic="NORMAL" source="#Colmesh_stack-1-mesh-normals" offset="1"/>
          <input semantic="TEXCOORD" source="#Colmesh_stack-1-mesh-map-0" offset="2" set="0"/>
          <p>1 0 0 2 0 1 0 0 2 3 1 3 4 1 4 2 1 5 5 2 6 6 2 7 4 2 8 7 3 9 8 3 10 6 3 11 9 4 12 10 4 13 8 4 14 11 5 15 12 5 16 10 5 17 7 6 18 5 6 19 13 6 20 13 7 21 14 7 22 12 7 23 15 8 24 0 8 25 14 8 26 12 9 27 14 9 28 6 9 29 1 10 30 3 10 31 2 10 32 3 11 33 5 11 34 4 11 35 5 12 36 7 12 37 6 12 38 7 13 39 9 13 40 8 13 41 9 14 42 11 14 43 10 14 44 11 15 45 13 15 46 12 15 47 5 16 48 3 16 49 1 16 50 1 17 51 15 17 52 5 17 53 15 18 54 13 18 55 5 18 56 13 19 57 11 19 58 9 19 59 9 20 60 7 20 61 13 20 62 13 21 63 15 21 64 14 21 65 15 22 66 1 22 67 0 22 68 14 23 69 0 23 70 2 23 71 2 24 72 4 24 73 14 24 74 4 25 75 6 25 76 14 25 77 6 26 78 8 26 79 10 26 80 10 27 81 12 27 82 6 27 83</p>
        </triangles>
      </mesh>
    </geometry>
    <geometry id="tire_stack_4_a800-mesh" name="tire_stack_4_a800">
      <mesh>
        <source id="tire_stack_4_a800-mesh-positions">
          <float_array id="tire_stack_4_a800-mesh-positions-array" count="2208">0.38 0 0.12 0.3565685 0 0.1963675 0.3 0 0.228 0.2434315 0 0.1963675 0.22 0 0.12 0.2434315 0 0.04363244 0.3 0 0.01199996 0.3565685 0 0.04363244 0.3614014 0.1174264 0.12 0.3391168 0.1101857 0.1963675 0.285317 0.09270507 0.228 0.2315171 0.07522439 0.1963675 0.2092324 0.06798368 0.12 0.2315171 0.07522439 0.04363244 0.285317 0.09270507 0.01199996 0.3391168 0.1101857 0.04363244 0.3074265 0.2233583 0.12 0.28847 0.2095857 0.1963675 0.2427051 0.1763355 0.228 0.1969402 0.1430854 0.1963675 0.1779837 0.1293128 0.12 0.1969402 0.1430854 0.04363244 0.2427051 0.1763355 0.01199996 0.28847 0.2095857 0.04363244 0.2233583 0.3074265 0.12 0.2095857 0.28847 0.1963675 0.1763355 0.2427051 0.228 0.1430854 0.1969402 0.1963675 0.1293127 0.1779837 0.12 0.1430854 0.1969402 0.04363244 0.1763355 0.2427051 0.01199996 0.2095857 0.28847 0.04363244 0.1174265 0.3614014 0.12 0.1101858 0.3391168 0.1963675 0.09270513 0.285317 0.228 0.07522445 0.231517 0.1963675 0.06798374 0.2092324 0.12 0.07522445 0.231517 0.04363244 0.09270513 0.285317 0.01199996 0.1101858 0.3391168 0.04363244 0 0.38 0.12 0 0.3565685 0.1963675 0 0.3 0.228 0 0.2434315 0.1963675 0 0.22 0.12 0 0.2434315 0.04363244 0 0.3 0.01199996 0 0.3565685 0.04363244 -0.1174265 0.3614014 0.12 -0.1101858 0.3391168 0.1963675 -0.09270507 0.285317 0.228 -0.07522445 0.231517 0.1963675 -0.06798374 0.2092324 0.12 -0.07522445 0.231517 0.04363244 -0.09270507 0.285317 0.01199996 -0.1101858 0.3391168 0.04363244 -0.2233584 0.3074264 0.12 -0.2095857 0.28847 0.1963675 -0.1763356 0.2427051 0.228 -0.1430854 0.1969401 0.1963675 -0.1293128 0.1779837 0.12 -0.1430854 0.1969401 0.04363244 -0.1763356 0.2427051 0.01199996 -0.2095857 0.28847 0.04363244 -0.3074265 0.2233583 0.12 -0.2884701 0.2095856 0.1963675 -0.2427051 0.1763355 0.228 -0.1969402 0.1430853 0.1963675 -0.1779838 0.1293127 0.12 -0.1969402 0.1430853 0.04363244 -0.2427051 0.1763355 0.01199996 -0.2884701 0.2095856 0.04363244 -0.3614014 0.1174265 0.12 -0.3391168 0.1101858 0.1963675 -0.285317 0.09270507 0.228 -0.231517 0.07522445 0.1963675 -0.2092324 0.06798374 0.12 -0.231517 0.07522445 0.04363244 -0.285317 0.09270507 0.01199996 -0.3391168 0.1101858 0.04363244 -0.38 0 0.12 -0.3565685 0 0.1963675 -0.3 0 0.228 -0.2434315 0 0.1963675 -0.22 0 0.12 -0.2434315 0 0.04363244 -0.3 0 0.01199996 -0.3565685 0 0.04363244 -0.3614015 -0.1174263 0.12 -0.3391169 -0.1101856 0.1963675 -0.285317 -0.09270495 0.228 -0.2315171 -0.07522433 0.1963675 -0.2092325 -0.06798362 0.12 -0.2315171 -0.07522433 0.04363244 -0.285317 -0.09270495 0.01199996 -0.3391169 -0.1101856 0.04363244 -0.3074265 -0.2233583 0.12 -0.2884701 -0.2095856 0.1963675 -0.2427051 -0.1763355 0.228 -0.1969402 -0.1430853 0.1963675 -0.1779838 -0.1293127 0.12 -0.1969402 -0.1430853 0.04363244 -0.2427051 -0.1763355 0.01199996 -0.2884701 -0.2095856 0.04363244 -0.2233584 -0.3074264 0.12 -0.2095857 -0.28847 0.1963675 -0.1763356 -0.2427051 0.228 -0.1430854 -0.1969401 0.1963675 -0.1293128 -0.1779837 0.12 -0.1430854 -0.1969401 0.04363244 -0.1763356 -0.2427051 0.01199996 -0.2095857 -0.28847 0.04363244 -0.1174265 -0.3614014 0.12 -0.1101858 -0.3391168 0.1963675 -0.09270507 -0.285317 0.228 -0.07522445 -0.231517 0.1963675 -0.06798374 -0.2092324 0.12 -0.07522445 -0.231517 0.04363244 -0.09270507 -0.285317 0.01199996 -0.1101858 -0.3391168 0.04363244 0 -0.38 0.12 0 -0.3565685 0.1963675 0 -0.3 0.228 0 -0.2434315 0.1963675 0 -0.22 0.12 0 -0.2434315 0.04363244 0 -0.3 0.01199996 0 -0.3565685 0.04363244 0.1174265 -0.3614014 0.12 0.1101858 -0.3391168 0.1963675 0.09270513 -0.285317 0.228 0.07522445 -0.231517 0.1963675 0.06798374 -0.2092324 0.12 0.07522445 -0.231517 0.04363244 0.09270513 -0.285317 0.01199996 0.1101858 -0.3391168 0.04363244 0.2233582 -0.3074266 0.12 0.2095856 -0.2884702 0.1963675 0.1763354 -0.2427052 0.228 0.1430853 -0.1969403 0.1963675 0.1293126 -0.1779838 0.12 0.1430853 -0.1969403 0.04363244 0.1763354 -0.2427052 0.01199996 0.2095856 -0.2884702 0.04363244 0.3074263 -0.2233585 0.12 0.2884699 -0.2095859 0.1963675 0.242705 -0.1763357 0.228 0.1969401 -0.1430855 0.1963675 0.1779837 -0.1293128 0.12 0.1969401 -0.1430855 0.04363244 0.242705 -0.1763357 0.01199996 0.2884699 -0.2095859 0.04363244 0.3614014 -0.1174266 0.12 0.3391168 -0.1101858 0.1963675 0.285317 -0.09270519 0.228 0.231517 -0.07522451 0.1963675 0.2092324 -0.0679838 0.12 0.231517 -0.07522451 0.04363244 0.285317 -0.09270519 0.01199996 0.3391168 -0.1101858 0.04363244 0 0.22 0.09999996 0 0.22 0.14 0.11 0.1905255 0.09999996 0.11 0.1905255 0.14 0.1905255 0.11 0.09999996 0.1905255 0.11 0.14 0.22 0 0.09999996 0.22 0 0.14 0.1905255 -0.11 0.09999996 0.1905255 -0.11 0.14 0.11 -0.1905255 0.09999996 0.11 -0.1905255 0.14 0 -0.22 0.09999996 0 -0.22 0.14 -0.11 -0.1905255 0.09999996 -0.11 -0.1905255 0.14 -0.1905255 -0.11 0.09999996 -0.1905255 -0.11 0.14 -0.22 0 0.09999996 -0.22 0 0.14 -0.1905255 0.11 0.09999996 -0.1905255 0.11 0.14 -0.11 0.1905255 0.09999996 -0.11 0.1905255 0.14 0.38 0 0.3408 0.3565685 0 0.4171675 0.3 0 0.4488 0.2434315 0 0.4171675 0.22 0 0.3408 0.2434315 0 0.2644324 0.3 0 0.2328 0.3565685 0 0.2644324 0.3614014 0.1174264 0.3408 0.3391168 0.1101857 0.4171675 0.285317 0.09270507 0.4488 0.2315171 0.07522439 0.4171675 0.2092324 0.06798368 0.3408 0.2315171 0.07522439 0.2644324 0.285317 0.09270507 0.2328 0.3391168 0.1101857 0.2644324 0.3074265 0.2233583 0.3408 0.28847 0.2095857 0.4171675 0.2427051 0.1763355 0.4488 0.1969402 0.1430854 0.4171675 0.1779837 0.1293128 0.3408 0.1969402 0.1430854 0.2644324 0.2427051 0.1763355 0.2328 0.28847 0.2095857 0.2644324 0.2233583 0.3074265 0.3408 0.2095857 0.28847 0.4171675 0.1763355 0.2427051 0.4488 0.1430854 0.1969402 0.4171675 0.1293127 0.1779837 0.3408 0.1430854 0.1969402 0.2644324 0.1763355 0.2427051 0.2328 0.2095857 0.28847 0.2644324 0.1174265 0.3614014 0.3408 0.1101858 0.3391168 0.4171675 0.09270513 0.285317 0.4488 0.07522445 0.231517 0.4171675 0.06798374 0.2092324 0.3408 0.07522445 0.231517 0.2644324 0.09270513 0.285317 0.2328 0.1101858 0.3391168 0.2644324 0 0.38 0.3408 0 0.3565685 0.4171675 0 0.3 0.4488 0 0.2434315 0.4171675 0 0.22 0.3408 0 0.2434315 0.2644324 0 0.3 0.2328 0 0.3565685 0.2644324 -0.1174265 0.3614014 0.3408 -0.1101858 0.3391168 0.4171675 -0.09270507 0.285317 0.4488 -0.07522445 0.231517 0.4171675 -0.06798374 0.2092324 0.3408 -0.07522445 0.231517 0.2644324 -0.09270507 0.285317 0.2328 -0.1101858 0.3391168 0.2644324 -0.2233584 0.3074264 0.3408 -0.2095857 0.28847 0.4171675 -0.1763356 0.2427051 0.4488 -0.1430854 0.1969401 0.4171675 -0.1293128 0.1779837 0.3408 -0.1430854 0.1969401 0.2644324 -0.1763356 0.2427051 0.2328 -0.2095857 0.28847 0.2644324 -0.3074265 0.2233583 0.3408 -0.2884701 0.2095856 0.4171675 -0.2427051 0.1763355 0.4488 -0.1969402 0.1430853 0.4171675 -0.1779838 0.1293127 0.3408 -0.1969402 0.1430853 0.2644324 -0.2427051 0.1763355 0.2328 -0.2884701 0.2095856 0.2644324 -0.3614014 0.1174265 0.3408 -0.3391168 0.1101858 0.4171675 -0.285317 0.09270507 0.4488 -0.231517 0.07522445 0.4171675 -0.2092324 0.06798374 0.3408 -0.231517 0.07522445 0.2644324 -0.285317 0.09270507 0.2328 -0.3391168 0.1101858 0.2644324 -0.38 0 0.3408 -0.3565685 0 0.4171675 -0.3 0 0.4488 -0.2434315 0 0.4171675 -0.22 0 0.3408 -0.2434315 0 0.2644324 -0.3 0 0.2328 -0.3565685 0 0.2644324 -0.3614015 -0.1174263 0.3408 -0.3391169 -0.1101856 0.4171675 -0.285317 -0.09270495 0.4488 -0.2315171 -0.07522433 0.4171675 -0.2092325 -0.06798362 0.3408 -0.2315171 -0.07522433 0.2644324 -0.285317 -0.09270495 0.2328 -0.3391169 -0.1101856 0.2644324 -0.3074265 -0.2233583 0.3408 -0.2884701 -0.2095856 0.4171675 -0.2427051 -0.1763355 0.4488 -0.1969402 -0.1430853 0.4171675 -0.1779838 -0.1293127 0.3408 -0.1969402 -0.1430853 0.2644324 -0.2427051 -0.1763355 0.2328 -0.2884701 -0.2095856 0.2644324 -0.2233584 -0.3074264 0.3408 -0.2095857 -0.28847 0.4171675 -0.1763356 -0.2427051 0.4488 -0.1430854 -0.1969401 0.4171675 -0.1293128 -0.1779837 0.3408 -0.1430854 -0.1969401 0.2644324 -0.1763356 -0.2427051 0.2328 -0.2095857 -0.28847 0.2644324 -0.1174265 -0.3614014 0.3408 -0.1101858 -0.3391168 0.4171675 -0.09270507 -0.285317 0.4488 -0.07522445 -0.231517 0.4171675 -0.06798374 -0.2092324 0.3408 -0.07522445 -0.231517 0.2644324 -0.09270507 -0.285317 0.2328 -0.1101858 -0.3391168 0.2644324 0 -0.38 0.3408 0 -0.3565685 0.4171675 0 -0.3 0.4488 0 -0.2434315 0.4171675 0 -0.22 0.3408 0 -0.2434315 0.2644324 0 -0.3 0.2328 0 -0.3565685 0.2644324 0.1174265 -0.3614014 0.3408 0.1101858 -0.3391168 0.4171675 0.09270513 -0.285317 0.4488 0.07522445 -0.231517 0.4171675 0.06798374 -0.2092324 0.3408 0.07522445 -0.231517 0.2644324 0.09270513 -0.285317 0.2328 0.1101858 -0.3391168 0.2644324 0.2233582 -0.3074266 0.3408 0.2095856 -0.2884702 0.4171675 0.1763354 -0.2427052 0.4488 0.1430853 -0.1969403 0.4171675 0.1293126 -0.1779838 0.3408 0.1430853 -0.1969403 0.2644324 0.1763354 -0.2427052 0.2328 0.2095856 -0.2884702 0.2644324 0.3074263 -0.2233585 0.3408 0.2884699 -0.2095859 0.4171675 0.242705 -0.1763357 0.4488 0.1969401 -0.1430855 0.4171675 0.1779837 -0.1293128 0.3408 0.1969401 -0.1430855 0.2644324 0.242705 -0.1763357 0.2328 0.2884699 -0.2095859 0.2644324 0.3614014 -0.1174266 0.3408 0.3391168 -0.1101858 0.4171675 0.285317 -0.09270519 0.4488 0.231517 -0.07522451 0.4171675 0.2092324 -0.0679838 0.3408 0.231517 -0.07522451 0.2644324 0.285317 -0.09270519 0.2328 0.3391168 -0.1101858 0.2644324 0 0.22 0.3208 0 0.22 0.3608 0.11 0.1905255 0.3208 0.11 0.1905255 0.3608 0.1905255 0.11 0.3208 0.1905255 0.11 0.3608 0.22 0 0.3208 0.22 0 0.3608 0.1905255 -0.11 0.3208 0.1905255 -0.11 0.3608 0.11 -0.1905255 0.3208 0.11 -0.1905255 0.3608 0 -0.22 0.3208 0 -0.22 0.3608 -0.11 -0.1905255 0.3208 -0.11 -0.1905255 0.3608 -0.1905255 -0.11 0.3208 -0.1905255 -0.11 0.3608 -0.22 0 0.3208 -0.22 0 0.3608 -0.1905255 0.11 0.3208 -0.1905255 0.11 0.3608 -0.11 0.1905255 0.3208 -0.11 0.1905255 0.3608 0.38 0 0.5616 0.3565685 0 0.6379676 0.3 0 0.6696 0.2434315 0 0.6379676 0.22 0 0.5616 0.2434315 0 0.4852325 0.3 0 0.4536 0.3565685 0 0.4852325 0.3614014 0.1174264 0.5616 0.3391168 0.1101857 0.6379676 0.285317 0.09270507 0.6696 0.2315171 0.07522439 0.6379676 0.2092324 0.06798368 0.5616 0.2315171 0.07522439 0.4852325 0.285317 0.09270507 0.4536 0.3391168 0.1101857 0.4852325 0.3074265 0.2233583 0.5616 0.28847 0.2095857 0.6379676 0.2427051 0.1763355 0.6696 0.1969402 0.1430854 0.6379676 0.1779837 0.1293128 0.5616 0.1969402 0.1430854 0.4852325 0.2427051 0.1763355 0.4536 0.28847 0.2095857 0.4852325 0.2233583 0.3074265 0.5616 0.2095857 0.28847 0.6379676 0.1763355 0.2427051 0.6696 0.1430854 0.1969402 0.6379676 0.1293127 0.1779837 0.5616 0.1430854 0.1969402 0.4852325 0.1763355 0.2427051 0.4536 0.2095857 0.28847 0.4852325 0.1174265 0.3614014 0.5616 0.1101858 0.3391168 0.6379676 0.09270513 0.285317 0.6696 0.07522445 0.231517 0.6379676 0.06798374 0.2092324 0.5616 0.07522445 0.231517 0.4852325 0.09270513 0.285317 0.4536 0.1101858 0.3391168 0.4852325 0 0.38 0.5616 0 0.3565685 0.6379676 0 0.3 0.6696 0 0.2434315 0.6379676 0 0.22 0.5616 0 0.2434315 0.4852325 0 0.3 0.4536 0 0.3565685 0.4852325 -0.1174265 0.3614014 0.5616 -0.1101858 0.3391168 0.6379676 -0.09270507 0.285317 0.6696 -0.07522445 0.231517 0.6379676 -0.06798374 0.2092324 0.5616 -0.07522445 0.231517 0.4852325 -0.09270507 0.285317 0.4536 -0.1101858 0.3391168 0.4852325 -0.2233584 0.3074264 0.5616 -0.2095857 0.28847 0.6379676 -0.1763356 0.2427051 0.6696 -0.1430854 0.1969401 0.6379676 -0.1293128 0.1779837 0.5616 -0.1430854 0.1969401 0.4852325 -0.1763356 0.2427051 0.4536 -0.2095857 0.28847 0.4852325 -0.3074265 0.2233583 0.5616 -0.2884701 0.2095856 0.6379676 -0.2427051 0.1763355 0.6696 -0.1969402 0.1430853 0.6379676 -0.1779838 0.1293127 0.5616 -0.1969402 0.1430853 0.4852325 -0.2427051 0.1763355 0.4536 -0.2884701 0.2095856 0.4852325 -0.3614014 0.1174265 0.5616 -0.3391168 0.1101858 0.6379676 -0.285317 0.09270507 0.6696 -0.231517 0.07522445 0.6379676 -0.2092324 0.06798374 0.5616 -0.231517 0.07522445 0.4852325 -0.285317 0.09270507 0.4536 -0.3391168 0.1101858 0.4852325 -0.38 0 0.5616 -0.3565685 0 0.6379676 -0.3 0 0.6696 -0.2434315 0 0.6379676 -0.22 0 0.5616 -0.2434315 0 0.4852325 -0.3 0 0.4536 -0.3565685 0 0.4852325 -0.3614015 -0.1174263 0.5616 -0.3391169 -0.1101856 0.6379676 -0.285317 -0.09270495 0.6696 -0.2315171 -0.07522433 0.6379676 -0.2092325 -0.06798362 0.5616 -0.2315171 -0.07522433 0.4852325 -0.285317 -0.09270495 0.4536 -0.3391169 -0.1101856 0.4852325 -0.3074265 -0.2233583 0.5616 -0.2884701 -0.2095856 0.6379676 -0.2427051 -0.1763355 0.6696 -0.1969402 -0.1430853 0.6379676 -0.1779838 -0.1293127 0.5616 -0.1969402 -0.1430853 0.4852325 -0.2427051 -0.1763355 0.4536 -0.2884701 -0.2095856 0.4852325 -0.2233584 -0.3074264 0.5616 -0.2095857 -0.28847 0.6379676 -0.1763356 -0.2427051 0.6696 -0.1430854 -0.1969401 0.6379676 -0.1293128 -0.1779837 0.5616 -0.1430854 -0.1969401 0.4852325 -0.1763356 -0.2427051 0.4536 -0.2095857 -0.28847 0.4852325 -0.1174265 -0.3614014 0.5616 -0.1101858 -0.3391168 0.6379676 -0.09270507 -0.285317 0.6696 -0.07522445 -0.231517 0.6379676 -0.06798374 -0.2092324 0.5616 -0.07522445 -0.231517 0.4852325 -0.09270507 -0.285317 0.4536 -0.1101858 -0.3391168 0.4852325 0 -0.38 0.5616 0 -0.3565685 0.6379676 0 -0.3 0.6696 0 -0.2434315 0.6379676 0 -0.22 0.5616 0 -0.2434315 0.4852325 0 -0.3 0.4536 0 -0.3565685 0.4852325 0.1174265 -0.3614014 0.5616 0.1101858 -0.3391168 0.6379676 0.09270513 -0.285317 0.6696 0.07522445 -0.231517 0.6379676 0.06798374 -0.2092324 0.5616 0.07522445 -0.231517 0.4852325 0.09270513 -0.285317 0.4536 0.1101858 -0.3391168 0.4852325 0.2233582 -0.3074266 0.5616 0.2095856 -0.2884702 0.6379676 0.1763354 -0.2427052 0.6696 0.1430853 -0.1969403 0.6379676 0.1293126 -0.1779838 0.5616 0.1430853 -0.1969403 0.4852325 0.1763354 -0.2427052 0.4536 0.2095856 -0.2884702 0.4852325 0.3074263 -0.2233585 0.5616 0.2884699 -0.2095859 0.6379676 0.242705 -0.1763357 0.6696 0.1969401 -0.1430855 0.6379676 0.1779837 -0.1293128 0.5616 0.1969401 -0.1430855 0.4852325 0.242705 -0.1763357 0.4536 0.2884699 -0.2095859 0.4852325 0.3614014 -0.1174266 0.5616 0.3391168 -0.1101858 0.6379676 0.285317 -0.09270519 0.6696 0.231517 -0.07522451 0.6379676 0.2092324 -0.0679838 0.5616 0.231517 -0.07522451 0.4852325 0.285317 -0.09270519 0.4536 0.3391168 -0.1101858 0.4852325 0 0.22 0.5416001 0 0.22 0.5816 0.11 0.1905255 0.5416001 0.11 0.1905255 0.5816 0.1905255 0.11 0.5416001 0.1905255 0.11 0.5816 0.22 0 0.5416001 0.22 0 0.5816 0.1905255 -0.11 0.5416001 0.1905255 -0.11 0.5816 0.11 -0.1905255 0.5416001 0.11 -0.1905255 0.5816 0 -0.22 0.5416001 0 -0.22 0.5816 -0.11 -0.1905255 0.5416001 -0.11 -0.1905255 0.5816 -0.1905255 -0.11 0.5416001 -0.1905255 -0.11 0.5816 -0.22 0 0.5416001 -0.22 0 0.5816 -0.1905255 0.11 0.5416001 -0.1905255 0.11 0.5816 -0.11 0.1905255 0.5416001 -0.11 0.1905255 0.5816 0.38 0 0.7824 0.3565685 0 0.8587676 0.3 0 0.8904 0.2434315 0 0.8587676 0.22 0 0.7824 0.2434315 0 0.7060325 0.3 0 0.6744 0.3565685 0 0.7060325 0.3614014 0.1174264 0.7824 0.3391168 0.1101857 0.8587676 0.285317 0.09270507 0.8904 0.2315171 0.07522439 0.8587676 0.2092324 0.06798368 0.7824 0.2315171 0.07522439 0.7060325 0.285317 0.09270507 0.6744 0.3391168 0.1101857 0.7060325 0.3074265 0.2233583 0.7824 0.28847 0.2095857 0.8587676 0.2427051 0.1763355 0.8904 0.1969402 0.1430854 0.8587676 0.1779837 0.1293128 0.7824 0.1969402 0.1430854 0.7060325 0.2427051 0.1763355 0.6744 0.28847 0.2095857 0.7060325 0.2233583 0.3074265 0.7824 0.2095857 0.28847 0.8587676 0.1763355 0.2427051 0.8904 0.1430854 0.1969402 0.8587676 0.1293127 0.1779837 0.7824 0.1430854 0.1969402 0.7060325 0.1763355 0.2427051 0.6744 0.2095857 0.28847 0.7060325 0.1174265 0.3614014 0.7824 0.1101858 0.3391168 0.8587676 0.09270513 0.285317 0.8904 0.07522445 0.231517 0.8587676 0.06798374 0.2092324 0.7824 0.07522445 0.231517 0.7060325 0.09270513 0.285317 0.6744 0.1101858 0.3391168 0.7060325 0 0.38 0.7824 0 0.3565685 0.8587676 0 0.3 0.8904 0 0.2434315 0.8587676 0 0.22 0.7824 0 0.2434315 0.7060325 0 0.3 0.6744 0 0.3565685 0.7060325 -0.1174265 0.3614014 0.7824 -0.1101858 0.3391168 0.8587676 -0.09270507 0.285317 0.8904 -0.07522445 0.231517 0.8587676 -0.06798374 0.2092324 0.7824 -0.07522445 0.231517 0.7060325 -0.09270507 0.285317 0.6744 -0.1101858 0.3391168 0.7060325 -0.2233584 0.3074264 0.7824 -0.2095857 0.28847 0.8587676 -0.1763356 0.2427051 0.8904 -0.1430854 0.1969401 0.8587676 -0.1293128 0.1779837 0.7824 -0.1430854 0.1969401 0.7060325 -0.1763356 0.2427051 0.6744 -0.2095857 0.28847 0.7060325 -0.3074265 0.2233583 0.7824 -0.2884701 0.2095856 0.8587676 -0.2427051 0.1763355 0.8904 -0.1969402 0.1430853 0.8587676 -0.1779838 0.1293127 0.7824 -0.1969402 0.1430853 0.7060325 -0.2427051 0.1763355 0.6744 -0.2884701 0.2095856 0.7060325 -0.3614014 0.1174265 0.7824 -0.3391168 0.1101858 0.8587676 -0.285317 0.09270507 0.8904 -0.231517 0.07522445 0.8587676 -0.2092324 0.06798374 0.7824 -0.231517 0.07522445 0.7060325 -0.285317 0.09270507 0.6744 -0.3391168 0.1101858 0.7060325 -0.38 0 0.7824 -0.3565685 0 0.8587676 -0.3 0 0.8904 -0.2434315 0 0.8587676 -0.22 0 0.7824 -0.2434315 0 0.7060325 -0.3 0 0.6744 -0.3565685 0 0.7060325 -0.3614015 -0.1174263 0.7824 -0.3391169 -0.1101856 0.8587676 -0.285317 -0.09270495 0.8904 -0.2315171 -0.07522433 0.8587676 -0.2092325 -0.06798362 0.7824 -0.2315171 -0.07522433 0.7060325 -0.285317 -0.09270495 0.6744 -0.3391169 -0.1101856 0.7060325 -0.3074265 -0.2233583 0.7824 -0.2884701 -0.2095856 0.8587676 -0.2427051 -0.1763355 0.8904 -0.1969402 -0.1430853 0.8587676 -0.1779838 -0.1293127 0.7824 -0.1969402 -0.1430853 0.7060325 -0.2427051 -0.1763355 0.6744 -0.2884701 -0.2095856 0.7060325 -0.2233584 -0.3074264 0.7824 -0.2095857 -0.28847 0.8587676 -0.1763356 -0.2427051 0.8904 -0.1430854 -0.1969401 0.8587676 -0.1293128 -0.1779837 0.7824 -0.1430854 -0.1969401 0.7060325 -0.1763356 -0.2427051 0.6744 -0.2095857 -0.28847 0.7060325 -0.1174265 -0.3614014 0.7824 -0.1101858 -0.3391168 0.8587676 -0.09270507 -0.285317 0.8904 -0.07522445 -0.231517 0.8587676 -0.06798374 -0.2092324 0.7824 -0.07522445 -0.231517 0.7060325 -0.09270507 -0.285317 0.6744 -0.1101858 -0.3391168 0.7060325 0 -0.38 0.7824 0 -0.3565685 0.8587676 0 -0.3 0.8904 0 -0.2434315 0.8587676 0 -0.22 0.7824 0 -0.2434315 0.7060325 0 -0.3 0.6744 0 -0.3565685 0.7060325 0.1174265 -0.3614014 0.7824 0.1101858 -0.3391168 0.8587676 0.09270513 -0.285317 0.8904 0.07522445 -0.231517 0.8587676 0.06798374 -0.2092324 0.7824 0.07522445 -0.231517 0.7060325 0.09270513 -0.285317 0.6744 0.1101858 -0.3391168 0.7060325 0.2233582 -0.3074266 0.7824 0.2095856 -0.2884702 0.8587676 0.1763354 -0.2427052 0.8904 0.1430853 -0.1969403 0.8587676 0.1293126 -0.1779838 0.7824 0.1430853 -0.1969403 0.7060325 0.1763354 -0.2427052 0.6744 0.2095856 -0.2884702 0.7060325 0.3074263 -0.2233585 0.7824 0.2884699 -0.2095859 0.8587676 0.242705 -0.1763357 0.8904 0.1969401 -0.1430855 0.8587676 0.1779837 -0.1293128 0.7824 0.1969401 -0.1430855 0.7060325 0.242705 -0.1763357 0.6744 0.2884699 -0.2095859 0.7060325 0.3614014 -0.1174266 0.7824 0.3391168 -0.1101858 0.8587676 0.285317 -0.09270519 0.8904 0.231517 -0.07522451 0.8587676 0.2092324 -0.0679838 0.7824 0.231517 -0.07522451 0.7060325 0.285317 -0.09270519 0.6744 0.3391168 -0.1101858 0.7060325 0 0.22 0.7624 0 0.22 0.8024 0.11 0.1905255 0.7624 0.11 0.1905255 0.8024 0.1905255 0.11 0.7624 0.1905255 0.11 0.8024 0.22 0 0.7624 0.22 0 0.8024 0.1905255 -0.11 0.7624 0.1905255 -0.11 0.8024 0.11 -0.1905255 0.7624 0.11 -0.1905255 0.8024 0 -0.22 0.7624 0 -0.22 0.8024 -0.11 -0.1905255 0.7624 -0.11 -0.1905255 0.8024 -0.1905255 -0.11 0.7624 -0.1905255 -0.11 0.8024 -0.22 0 0.7624 -0.22 0 0.8024 -0.1905255 0.11 0.7624 -0.1905255 0.11 0.8024 -0.11 0.1905255 0.7624 -0.11 0.1905255 0.8024</float_array>
          <technique_common>
            <accessor source="#tire_stack_4_a800-mesh-positions-array" count="736" stride="3">
              <param name="X" type="float"/>
              <param name="Y" type="float"/>
              <param name="Z" type="float"/>
            </accessor>
          </technique_common>
        </source>
        <source id="tire_stack_4_a800-mesh-normals">
          <float_array id="tire_stack_4_a800-mesh-normals-array" count="4368">0.9452374 0.1497109 0.2900222 0.4866123 0.07707184 0.8702117 -0.4866122 -0.07707178 0.8702118 -0.9452375 -0.1497108 0.2900223 -0.9452374 -0.1497109 -0.2900222 -0.4866122 -0.07707172 -0.8702118 0.4866123 0.07707178 -0.8702117 0.9452374 0.1497109 -0.2900222 0.8527111 0.4344777 0.2900222 0.4389794 0.2236711 0.8702117 -0.4389792 -0.223671 0.8702118 -0.852711 -0.4344779 0.2900223 -0.852711 -0.4344779 -0.2900223 -0.4389792 -0.223671 -0.8702118 0.4389793 0.2236711 -0.8702117 0.8527111 0.4344777 -0.2900222 0.6767151 0.6767155 0.2900221 0.3483757 0.3483759 0.8702117 -0.3483759 -0.3483759 0.8702118 -0.6767152 -0.6767154 0.2900223 -0.6767151 -0.6767154 -0.2900222 -0.3483759 -0.3483759 -0.8702118 0.3483757 0.348376 -0.8702117 0.6767151 0.6767155 -0.2900221 0.4344781 0.8527109 0.2900224 0.2236711 0.4389793 0.8702117 -0.2236711 -0.4389792 0.8702117 -0.4344781 -0.8527109 0.2900223 -0.4344781 -0.8527109 -0.2900223 -0.2236711 -0.4389793 -0.8702117 0.2236711 0.4389792 -0.8702117 0.4344781 0.8527109 -0.2900224 0.1497108 0.9452373 0.2900225 0.07707184 0.4866123 0.8702117 -0.07707184 -0.4866122 0.8702117 -0.1497108 -0.9452373 0.2900223 -0.149711 -0.9452373 -0.2900224 -0.0770719 -0.4866123 -0.8702117 0.0770719 0.4866123 -0.8702117 0.149711 0.9452373 -0.2900225 -0.1497108 0.9452373 0.2900222 -0.0770719 0.4866123 0.8702117 0.07707184 -0.4866123 0.8702118 0.1497109 -0.9452374 0.2900222 0.1497108 -0.9452373 -0.2900222 0.07707184 -0.4866122 -0.8702117 -0.0770719 0.4866123 -0.8702117 -0.1497108 0.9452373 -0.2900222 -0.4344779 0.852711 0.2900224 -0.2236711 0.4389793 0.8702117 0.2236711 -0.4389793 0.8702118 0.434478 -0.852711 0.2900223 0.4344778 -0.852711 -0.2900223 0.2236711 -0.4389793 -0.8702118 -0.223671 0.4389793 -0.8702117 -0.4344779 0.8527109 -0.2900224 -0.6767155 0.676715 0.2900223 -0.348376 0.3483759 0.8702117 0.3483759 -0.3483757 0.8702118 0.6767155 -0.6767151 0.2900223 0.6767154 -0.6767151 -0.2900222 0.3483759 -0.3483758 -0.8702118 -0.348376 0.3483759 -0.8702117 -0.6767155 0.676715 -0.2900223 -0.852711 0.4344779 0.2900221 -0.4389793 0.2236709 0.8702117 0.4389793 -0.2236708 0.8702118 0.8527111 -0.4344777 0.2900223 0.8527111 -0.4344777 -0.2900223 0.4389793 -0.2236709 -0.8702118 -0.4389794 0.223671 -0.8702117 -0.852711 0.4344779 -0.2900221 -0.9452372 0.1497111 0.2900225 -0.4866123 0.0770719 0.8702117 0.4866123 -0.0770719 0.8702117 0.9452373 -0.149711 0.2900223 0.9452373 -0.1497111 -0.2900223 0.4866123 -0.07707184 -0.8702117 -0.4866123 0.07707196 -0.8702117 -0.9452372 0.1497111 -0.2900224 -0.9452375 -0.1497106 0.2900223 -0.4866123 -0.07707166 0.8702117 0.4866122 0.0770716 0.8702118 0.9452375 0.1497106 0.2900223 0.9452375 0.1497106 -0.2900223 0.4866122 0.0770716 -0.8702118 -0.4866123 -0.07707166 -0.8702117 -0.9452375 -0.1497105 -0.2900223 -0.8527112 -0.4344777 0.2900221 -0.4389793 -0.2236709 0.8702118 0.4389793 0.223671 0.8702117 0.8527112 0.4344777 0.2900223 0.8527112 0.4344777 -0.2900223 0.4389793 0.223671 -0.8702117 -0.4389793 -0.2236709 -0.8702118 -0.8527112 -0.4344777 -0.2900221 -0.6767154 -0.6767152 0.2900221 -0.348376 -0.3483759 0.8702117 0.3483759 0.3483757 0.8702118 0.6767154 0.6767151 0.2900223 0.6767154 0.676715 -0.2900223 0.3483759 0.3483757 -0.8702118 -0.348376 -0.3483759 -0.8702117 -0.6767154 -0.6767152 -0.2900221 -0.4344779 -0.8527109 0.2900224 -0.2236711 -0.4389794 0.8702117 0.223671 0.4389792 0.8702118 0.434478 0.852711 0.2900223 0.4344779 0.852711 -0.2900222 0.223671 0.4389793 -0.8702118 -0.2236711 -0.4389794 -0.8702117 -0.4344779 -0.852711 -0.2900223 -0.149711 -0.9452373 0.2900225 -0.0770719 -0.4866123 0.8702117 0.07707178 0.4866123 0.8702117 0.149711 0.9452373 0.2900223 0.149711 0.9452373 -0.2900223 0.07707178 0.4866123 -0.8702117 -0.0770719 -0.4866123 -0.8702117 -0.149711 -0.9452373 -0.2900225 0.1497108 -0.9452373 0.2900222 0.0770719 -0.4866123 0.8702117 -0.07707178 0.4866122 0.8702118 -0.1497108 0.9452373 0.2900222 -0.149711 0.9452373 -0.2900223 -0.07707178 0.4866122 -0.8702118 0.07707184 -0.4866123 -0.8702117 0.149711 -0.9452373 -0.2900222 0.4344778 -0.852711 0.2900225 0.223671 -0.4389793 0.8702118 -0.2236711 0.4389793 0.8702118 -0.434478 0.852711 0.2900223 -0.4344779 0.852711 -0.2900224 -0.2236711 0.4389793 -0.8702117 0.223671 -0.4389793 -0.8702118 0.4344778 -0.852711 -0.2900225 0.676715 -0.6767155 0.2900223 0.3483757 -0.348376 0.8702118 -0.3483756 0.348376 0.8702118 -0.676715 0.6767156 0.290022 -0.676715 0.6767156 -0.290022 -0.3483756 0.348376 -0.8702118 0.3483757 -0.3483761 -0.8702117 0.676715 -0.6767155 -0.2900223 0.8527107 -0.4344784 0.2900221 0.4389792 -0.2236713 0.8702117 -0.4389791 0.2236713 0.8702118 -0.8527108 0.4344783 0.2900223 -0.8527109 0.4344782 -0.2900222 -0.4389791 0.2236713 -0.8702117 0.4389791 -0.2236713 -0.8702117 0.8527109 -0.4344784 -0.2900221 0.9452374 -0.149711 0.2900221 0.4866123 -0.07707184 0.8702117 -0.4866122 0.07707178 0.8702118 -0.9452374 0.1497109 0.2900223 -0.9452374 0.1497109 -0.2900224 -0.4866122 0.07707178 -0.8702117 0.4866123 -0.07707184 -0.8702117 0.9452374 -0.149711 -0.2900221 0.258819 0.9659258 0 0.7071068 0.7071068 0 0.9659258 0.258819 0 0.9659258 -0.258819 0 0.7071068 -0.7071068 0 0.258819 -0.9659258 0 -0.258819 -0.9659258 0 -0.7071068 -0.7071068 0 -0.9659258 -0.258819 0 -0.9659258 0.258819 0 0 0 1 -0.7071068 0.7071068 0 -0.258819 0.9659258 0 0 0 -1 0.9452374 0.149711 0.2900223 0.4866124 0.07707184 0.8702116 -0.4866124 -0.07707178 0.8702117 -0.9452374 -0.1497108 0.2900223 -0.9452374 -0.1497108 -0.2900223 -0.4866124 -0.07707172 -0.8702117 0.4866124 0.07707184 -0.8702116 0.9452374 0.1497109 -0.2900223 0.8527111 0.4344777 0.2900222 0.4389795 0.2236712 0.8702116 -0.4389795 -0.2236711 0.8702117 -0.852711 -0.4344778 0.2900223 -0.852711 -0.4344778 -0.2900223 -0.4389795 -0.2236711 -0.8702117 0.4389795 0.2236712 -0.8702116 0.8527112 0.4344777 -0.2900222 0.6767151 0.6767155 0.2900221 0.3483759 0.3483761 0.8702117 -0.348376 -0.3483761 0.8702116 -0.6767152 -0.6767154 0.2900223 -0.6767151 -0.6767154 -0.2900223 -0.348376 -0.3483761 -0.8702116 0.3483759 0.3483761 -0.8702117 0.6767151 0.6767155 -0.2900221 0.434478 0.8527109 0.2900224 0.2236713 0.4389795 0.8702117 -0.2236712 -0.4389794 0.8702117 -0.4344781 -0.8527109 0.2900223 -0.4344781 -0.8527109 -0.2900224 -0.2236712 -0.4389794 -0.8702117 0.2236713 0.4389794 -0.8702117 0.4344781 0.8527109 -0.2900224 0.1497108 0.9452373 0.2900225 0.0770719 0.4866124 0.8702116 -0.0770719 -0.4866124 0.8702116 -0.1497108 -0.9452373 0.2900224 -0.149711 -0.9452373 -0.2900224 -0.0770719 -0.4866125 -0.8702116 0.0770719 0.4866125 -0.8702116 0.149711 0.9452373 -0.2900226 -0.1497108 0.9452373 0.2900223 -0.0770719 0.4866125 0.8702116 0.0770719 -0.4866124 0.8702116 0.1497108 -0.9452374 0.2900223 0.1497108 -0.9452373 -0.2900223 0.0770719 -0.4866124 -0.8702117 -0.0770719 0.4866125 -0.8702116 -0.149711 0.9452373 -0.2900223 -0.4344779 0.8527109 0.2900224 -0.2236711 0.4389795 0.8702116 0.2236712 -0.4389795 0.8702116 0.4344779 -0.852711 0.2900223 0.4344778 -0.852711 -0.2900223 0.2236711 -0.4389795 -0.8702116 -0.2236711 0.4389795 -0.8702116 -0.4344779 0.8527109 -0.2900225 -0.6767154 0.676715 0.2900224 -0.3483762 0.348376 0.8702116 0.3483761 -0.3483759 0.8702117 0.6767155 -0.676715 0.2900223 0.6767155 -0.676715 -0.2900223 0.3483761 -0.3483759 -0.8702116 -0.3483762 0.348376 -0.8702116 -0.6767155 0.676715 -0.2900223 -0.8527111 0.4344779 0.2900221 -0.4389796 0.223671 0.8702116 0.4389794 -0.223671 0.8702117 0.8527111 -0.4344777 0.2900223 0.852711 -0.4344777 -0.2900223 0.4389794 -0.223671 -0.8702117 -0.4389795 0.223671 -0.8702116 -0.852711 0.4344779 -0.2900221 -0.9452372 0.1497111 0.2900226 -0.4866124 0.07707196 0.8702116 0.4866124 -0.0770719 0.8702116 0.9452373 -0.149711 0.2900224 0.9452373 -0.149711 -0.2900223 0.4866124 -0.07707184 -0.8702116 -0.4866125 0.07707196 -0.8702116 -0.9452372 0.1497111 -0.2900225 -0.9452375 -0.1497106 0.2900223 -0.4866124 -0.07707172 0.8702116 0.4866124 0.0770716 0.8702117 0.9452374 0.1497106 0.2900223 0.9452374 0.1497106 -0.2900223 0.4866124 0.0770716 -0.8702117 -0.4866124 -0.07707172 -0.8702117 -0.9452375 -0.1497105 -0.2900223 -0.8527112 -0.4344776 0.2900221 -0.4389795 -0.223671 0.8702117 0.4389795 0.223671 0.8702116 0.8527112 0.4344776 0.2900223 0.8527111 0.4344776 -0.2900223 0.4389795 0.223671 -0.8702116 -0.4389795 -0.223671 -0.8702117 -0.8527112 -0.4344776 -0.2900221 -0.6767154 -0.6767151 0.2900221 -0.3483762 -0.348376 0.8702116 0.348376 0.3483759 0.8702117 0.6767155 0.676715 0.2900223 0.6767154 0.6767151 -0.2900223 0.348376 0.3483759 -0.8702117 -0.3483761 -0.348376 -0.8702117 -0.6767154 -0.6767151 -0.2900221 -0.4344779 -0.852711 0.2900224 -0.2236712 -0.4389795 0.8702116 0.2236711 0.4389794 0.8702116 0.4344779 0.852711 0.2900223 0.4344779 0.852711 -0.2900222 0.2236711 0.4389794 -0.8702116 -0.2236712 -0.4389795 -0.8702116 -0.4344779 -0.852711 -0.2900224 -0.1497108 -0.9452373 0.2900225 -0.0770719 -0.4866125 0.8702116 0.07707184 0.4866124 0.8702116 0.149711 0.9452373 0.2900223 0.149711 0.9452373 -0.2900223 0.07707184 0.4866125 -0.8702116 -0.0770719 -0.4866125 -0.8702116 -0.149711 -0.9452373 -0.2900225 0.1497108 -0.9452373 0.2900223 0.0770719 -0.4866124 0.8702116 -0.07707178 0.4866124 0.8702117 -0.1497108 0.9452374 0.2900223 -0.149711 0.9452374 -0.2900223 -0.07707178 0.4866124 -0.8702117 0.0770719 -0.4866125 -0.8702116 0.149711 -0.9452373 -0.2900223 0.4344778 -0.852711 0.2900226 0.2236711 -0.4389795 0.8702116 -0.2236711 0.4389793 0.8702116 -0.4344779 0.852711 0.2900224 -0.4344779 0.8527109 -0.2900224 -0.2236712 0.4389795 -0.8702117 0.223671 -0.4389795 -0.8702116 0.4344778 -0.852711 -0.2900226 0.676715 -0.6767155 0.2900223 0.3483759 -0.3483762 0.8702117 -0.3483757 0.3483762 0.8702117 -0.6767148 0.6767157 0.2900221 -0.676715 0.6767156 -0.290022 -0.3483757 0.3483762 -0.8702117 0.3483759 -0.3483762 -0.8702117 0.676715 -0.6767155 -0.2900223 0.8527108 -0.4344784 0.2900221 0.4389793 -0.2236714 0.8702116 -0.4389793 0.2236714 0.8702117 -0.8527109 0.4344782 0.2900222 -0.8527109 0.4344782 -0.2900223 -0.4389793 0.2236713 -0.8702116 0.4389793 -0.2236714 -0.8702116 0.8527109 -0.4344784 -0.2900221 0.9452374 -0.149711 0.2900222 0.4866124 -0.07707184 0.8702116 -0.4866123 0.07707184 0.8702117 -0.9452373 0.1497109 0.2900223 -0.9452373 0.1497111 -0.2900224 -0.4866123 0.07707184 -0.8702116 0.4866124 -0.07707184 -0.8702116 0.9452374 -0.1497109 -0.2900222 0.2588191 0.9659259 0 0.7071068 0.7071068 0 0.9659259 0.2588191 0 0.9659259 -0.2588191 0 0.7071068 -0.7071068 0 0.2588191 -0.9659259 0 -0.2588191 -0.9659259 0 -0.7071068 -0.7071068 0 -0.9659259 -0.2588191 0 -0.9659259 0.2588191 0 0 0 1 -0.7071068 0.7071068 0 -0.2588191 0.9659259 0 0 0 -1 0.9452375 0.1497109 0.2900221 0.4866118 0.07707172 0.870212 -0.4866117 -0.07707166 0.870212 -0.9452375 -0.1497108 0.2900221 -0.9452374 -0.1497108 -0.2900223 -0.4866124 -0.07707172 -0.8702117 0.4866124 0.07707184 -0.8702116 0.9452374 0.1497109 -0.2900223 0.8527112 0.4344778 0.2900221 0.4389789 0.2236709 0.8702119 -0.4389788 -0.2236708 0.8702121 -0.852711 -0.4344779 0.2900223 -0.852711 -0.4344778 -0.2900223 -0.4389795 -0.2236711 -0.8702117 0.4389795 0.2236712 -0.8702116 0.8527112 0.4344777 -0.2900222 0.6767151 0.6767156 0.290022 0.3483754 0.3483756 0.8702121 -0.3483755 -0.3483756 0.870212 -0.6767151 -0.6767154 0.2900221 -0.6767151 -0.6767154 -0.2900223 -0.348376 -0.3483761 -0.8702116 0.3483759 0.3483761 -0.8702117 0.6767151 0.6767155 -0.2900221 0.4344781 0.852711 0.2900223 0.2236709 0.4389788 0.870212 -0.2236709 -0.4389787 0.8702121 -0.4344781 -0.852711 0.2900223 -0.4344781 -0.8527109 -0.2900224 -0.2236712 -0.4389794 -0.8702117 0.2236713 0.4389794 -0.8702117 0.4344781 0.8527109 -0.2900224 0.1497108 0.9452374 0.2900224 0.07707178 0.4866118 0.870212 -0.07707178 -0.4866117 0.870212 -0.1497108 -0.9452374 0.2900223 -0.149711 -0.9452373 -0.2900224 -0.0770719 -0.4866125 -0.8702116 0.0770719 0.4866125 -0.8702116 0.149711 0.9452373 -0.2900226 -0.1497108 0.9452375 0.2900221 -0.07707178 0.4866118 0.870212 0.07707178 -0.4866117 0.870212 0.1497108 -0.9452375 0.2900221 0.1497108 -0.9452373 -0.2900223 0.0770719 -0.4866124 -0.8702117 -0.0770719 0.4866125 -0.8702116 -0.149711 0.9452373 -0.2900223 -0.434478 0.8527109 0.2900224 -0.2236708 0.4389789 0.870212 0.2236708 -0.4389788 0.870212 0.434478 -0.852711 0.2900222 0.4344778 -0.852711 -0.2900223 0.2236711 -0.4389795 -0.8702116 -0.2236711 0.4389795 -0.8702116 -0.4344779 0.8527109 -0.2900225 -0.6767156 0.6767151 0.2900223 -0.3483757 0.3483756 0.870212 0.3483756 -0.3483754 0.870212 0.6767155 -0.6767151 0.2900222 0.6767155 -0.676715 -0.2900223 0.3483761 -0.3483759 -0.8702116 -0.3483762 0.348376 -0.8702116 -0.6767155 0.676715 -0.2900223 -0.852711 0.4344779 0.290022 -0.4389789 0.2236707 0.870212 0.4389788 -0.2236706 0.8702121 0.8527112 -0.4344778 0.2900223 0.852711 -0.4344777 -0.2900223 0.4389794 -0.223671 -0.8702117 -0.4389795 0.223671 -0.8702116 -0.852711 0.4344779 -0.2900221 -0.9452373 0.1497111 0.2900224 -0.4866118 0.07707184 0.870212 0.4866118 -0.07707184 0.870212 0.9452373 -0.1497111 0.2900223 0.9452373 -0.149711 -0.2900223 0.4866124 -0.07707184 -0.8702116 -0.4866125 0.07707196 -0.8702116 -0.9452372 0.1497111 -0.2900225 -0.9452374 -0.1497105 0.2900221 -0.4866118 -0.0770716 0.870212 0.4866117 0.07707154 0.8702121 0.9452375 0.1497106 0.2900221 0.9452374 0.1497106 -0.2900223 0.4866124 0.0770716 -0.8702117 -0.4866124 -0.07707172 -0.8702117 -0.9452375 -0.1497105 -0.2900223 -0.8527112 -0.4344777 0.290022 -0.4389788 -0.2236707 0.870212 0.4389789 0.2236707 0.870212 0.8527112 0.4344777 0.2900223 0.8527111 0.4344776 -0.2900223 0.4389795 0.223671 -0.8702116 -0.4389795 -0.223671 -0.8702117 -0.8527112 -0.4344776 -0.2900221 -0.6767154 -0.6767152 0.2900221 -0.3483756 -0.3483755 0.870212 0.3483756 0.3483754 0.870212 0.6767155 0.676715 0.2900221 0.6767154 0.6767151 -0.2900223 0.348376 0.3483759 -0.8702117 -0.3483761 -0.348376 -0.8702117 -0.6767154 -0.6767151 -0.2900221 -0.4344779 -0.852711 0.2900223 -0.2236709 -0.4389789 0.870212 0.2236708 0.4389788 0.870212 0.4344779 0.852711 0.2900221 0.4344779 0.852711 -0.2900222 0.2236711 0.4389794 -0.8702116 -0.2236712 -0.4389795 -0.8702116 -0.4344779 -0.852711 -0.2900224 -0.149711 -0.9452373 0.2900224 -0.07707178 -0.4866118 0.870212 0.07707172 0.4866117 0.870212 0.149711 0.9452373 0.2900222 0.149711 0.9452373 -0.2900223 0.07707184 0.4866125 -0.8702116 -0.0770719 -0.4866125 -0.8702116 -0.149711 -0.9452373 -0.2900225 0.1497108 -0.9452375 0.2900221 0.07707178 -0.4866118 0.870212 -0.07707166 0.4866117 0.870212 -0.1497108 0.9452374 0.2900221 -0.149711 0.9452374 -0.2900223 -0.07707178 0.4866124 -0.8702117 0.0770719 -0.4866125 -0.8702116 0.149711 -0.9452373 -0.2900223 0.4344778 -0.852711 0.2900224 0.2236707 -0.4389789 0.870212 -0.2236708 0.4389787 0.870212 -0.4344779 0.852711 0.2900223 -0.4344779 0.8527109 -0.2900224 -0.2236712 0.4389795 -0.8702117 0.223671 -0.4389795 -0.8702116 0.4344778 -0.852711 -0.2900226 0.676715 -0.6767155 0.2900221 0.3483753 -0.3483757 0.870212 -0.3483752 0.3483757 0.8702121 -0.676715 0.6767156 0.2900219 -0.676715 0.6767156 -0.290022 -0.3483757 0.3483762 -0.8702117 0.3483759 -0.3483762 -0.8702117 0.676715 -0.6767155 -0.2900223 0.8527108 -0.4344785 0.290022 0.4389787 -0.2236711 0.870212 -0.4389786 0.2236711 0.8702121 -0.8527109 0.4344784 0.2900221 -0.8527109 0.4344782 -0.2900223 -0.4389793 0.2236713 -0.8702116 0.4389793 -0.2236714 -0.8702116 0.8527109 -0.4344784 -0.2900221 0.9452374 -0.149711 0.2900221 0.4866118 -0.07707172 0.870212 -0.4866117 0.07707172 0.8702121 -0.9452373 0.1497109 0.2900223 -0.9452373 0.1497111 -0.2900224 -0.4866123 0.07707184 -0.8702116 0.4866124 -0.07707184 -0.8702116 0.9452374 -0.1497109 -0.2900222 0.258819 0.9659258 0 0.7071068 0.7071068 0 0.9659258 0.258819 0 0.9659258 -0.258819 0 0.7071068 -0.7071068 0 0.258819 -0.9659258 0 -0.258819 -0.9659258 0 -0.7071068 -0.7071068 0 -0.9659258 -0.258819 0 -0.9659258 0.258819 0 0 0 1 -0.7071068 0.7071068 0 -0.258819 0.9659258 0 0 0 -1 0.9452375 0.1497109 0.2900221 0.4866118 0.07707172 0.870212 -0.4866117 -0.07707166 0.870212 -0.9452375 -0.1497108 0.2900221 -0.9452374 -0.1497109 -0.2900221 -0.4866117 -0.07707166 -0.8702121 0.4866118 0.07707172 -0.870212 0.9452375 0.1497109 -0.2900221 0.8527112 0.4344778 0.2900221 0.4389789 0.2236709 0.8702119 -0.4389788 -0.2236708 0.8702121 -0.852711 -0.4344779 0.2900223 -0.852711 -0.4344779 -0.2900222 -0.4389789 -0.2236708 -0.8702121 0.4389789 0.2236709 -0.870212 0.8527112 0.4344778 -0.2900221 0.6767151 0.6767156 0.290022 0.3483754 0.3483756 0.8702121 -0.3483755 -0.3483756 0.870212 -0.6767151 -0.6767154 0.2900221 -0.6767152 -0.6767154 -0.2900221 -0.3483755 -0.3483756 -0.870212 0.3483754 0.3483756 -0.8702121 0.6767151 0.6767156 -0.290022 0.4344781 0.852711 0.2900223 0.2236709 0.4389788 0.870212 -0.2236709 -0.4389787 0.8702121 -0.4344781 -0.852711 0.2900223 -0.4344781 -0.8527109 -0.2900223 -0.2236709 -0.4389788 -0.870212 0.2236709 0.4389788 -0.870212 0.4344781 0.8527109 -0.2900223 0.1497108 0.9452374 0.2900224 0.07707178 0.4866118 0.870212 -0.07707178 -0.4866117 0.870212 -0.1497108 -0.9452374 0.2900223 -0.149711 -0.9452373 -0.2900223 -0.07707178 -0.4866118 -0.870212 0.07707178 0.4866118 -0.870212 0.149711 0.9452373 -0.2900224 -0.1497108 0.9452375 0.2900221 -0.07707178 0.4866118 0.870212 0.07707178 -0.4866117 0.870212 0.1497108 -0.9452375 0.2900221 0.1497108 -0.9452374 -0.2900221 0.07707178 -0.4866117 -0.870212 -0.07707178 0.4866118 -0.870212 -0.1497108 0.9452375 -0.2900221 -0.434478 0.8527109 0.2900224 -0.2236708 0.4389789 0.870212 0.2236708 -0.4389788 0.870212 0.434478 -0.852711 0.2900222 0.4344779 -0.852711 -0.2900222 0.2236709 -0.4389788 -0.870212 -0.2236708 0.4389789 -0.870212 -0.434478 0.852711 -0.2900224 -0.6767156 0.6767151 0.2900223 -0.3483757 0.3483756 0.870212 0.3483756 -0.3483754 0.870212 0.6767155 -0.6767151 0.2900222 0.6767156 -0.6767151 -0.2900221 0.3483756 -0.3483754 -0.870212 -0.3483757 0.3483756 -0.870212 -0.6767156 0.6767151 -0.2900223 -0.852711 0.4344779 0.290022 -0.4389789 0.2236707 0.870212 0.4389788 -0.2236706 0.8702121 0.8527112 -0.4344778 0.2900223 0.8527112 -0.4344778 -0.2900223 0.4389788 -0.2236706 -0.8702121 -0.4389789 0.2236707 -0.870212 -0.8527112 0.4344779 -0.290022 -0.9452373 0.1497111 0.2900224 -0.4866118 0.07707184 0.870212 0.4866118 -0.07707184 0.870212 0.9452373 -0.1497111 0.2900223 0.9452373 -0.1497111 -0.2900223 0.4866118 -0.07707178 -0.870212 -0.4866118 0.07707184 -0.870212 -0.9452373 0.1497111 -0.2900224 -0.9452374 -0.1497105 0.2900221 -0.4866118 -0.0770716 0.870212 0.4866117 0.07707154 0.8702121 0.9452375 0.1497106 0.2900221 0.9452375 0.1497106 -0.2900221 0.4866117 0.07707154 -0.8702121 -0.4866118 -0.0770716 -0.870212 -0.9452375 -0.1497105 -0.2900222 -0.8527112 -0.4344777 0.290022 -0.4389788 -0.2236707 0.870212 0.4389789 0.2236707 0.870212 0.8527112 0.4344777 0.2900223 0.8527112 0.4344777 -0.2900223 0.4389789 0.2236707 -0.870212 -0.4389788 -0.2236707 -0.8702121 -0.8527112 -0.4344776 -0.290022 -0.6767154 -0.6767152 0.2900221 -0.3483756 -0.3483755 0.870212 0.3483756 0.3483754 0.870212 0.6767155 0.676715 0.2900221 0.6767155 0.6767151 -0.2900222 0.3483755 0.3483754 -0.870212 -0.3483756 -0.3483755 -0.870212 -0.6767154 -0.6767152 -0.2900221 -0.4344779 -0.852711 0.2900223 -0.2236709 -0.4389789 0.870212 0.2236708 0.4389788 0.870212 0.4344779 0.852711 0.2900221 0.4344779 0.852711 -0.2900221 0.2236708 0.4389788 -0.870212 -0.2236708 -0.4389789 -0.870212 -0.4344779 -0.8527109 -0.2900223 -0.149711 -0.9452373 0.2900224 -0.07707178 -0.4866118 0.870212 0.07707172 0.4866117 0.870212 0.149711 0.9452373 0.2900222 0.149711 0.9452373 -0.2900222 0.07707172 0.4866117 -0.870212 -0.07707178 -0.4866118 -0.870212 -0.149711 -0.9452373 -0.2900224 0.1497108 -0.9452375 0.2900221 0.07707178 -0.4866118 0.870212 -0.07707166 0.4866117 0.870212 -0.1497108 0.9452374 0.2900221 -0.149711 0.9452373 -0.2900221 -0.07707172 0.4866117 -0.870212 0.07707178 -0.4866118 -0.870212 0.149711 -0.9452374 -0.2900221 0.4344778 -0.852711 0.2900224 0.2236707 -0.4389789 0.870212 -0.2236708 0.4389787 0.870212 -0.4344779 0.852711 0.2900223 -0.4344779 0.852711 -0.2900223 -0.2236708 0.4389788 -0.870212 0.2236708 -0.4389789 -0.870212 0.4344778 -0.852711 -0.2900224 0.676715 -0.6767155 0.2900221 0.3483753 -0.3483757 0.870212 -0.3483752 0.3483757 0.8702121 -0.676715 0.6767156 0.2900219 -0.676715 0.6767157 -0.290022 -0.3483753 0.3483757 -0.8702121 0.3483754 -0.3483757 -0.870212 0.6767151 -0.6767156 -0.2900222 0.8527108 -0.4344785 0.290022 0.4389787 -0.2236711 0.870212 -0.4389786 0.2236711 0.8702121 -0.8527109 0.4344784 0.2900221 -0.8527108 0.4344782 -0.2900221 -0.4389786 0.223671 -0.870212 0.4389787 -0.2236711 -0.870212 0.8527109 -0.4344784 -0.290022 0.9452374 -0.149711 0.2900221 0.4866118 -0.07707172 0.870212 -0.4866117 0.07707172 0.8702121 -0.9452373 0.1497109 0.2900223 -0.9452373 0.1497109 -0.2900223 -0.4866117 0.07707172 -0.8702121 0.4866118 -0.07707172 -0.870212 0.9452374 -0.1497109 -0.2900221 0.258819 0.9659258 0 0.7071068 0.7071068 0 0.9659258 0.258819 0 0.9659258 -0.258819 0 0.7071068 -0.7071068 0 0.258819 -0.9659258 0 -0.258819 -0.9659258 0 -0.7071068 -0.7071068 0 -0.9659258 -0.258819 0 -0.9659258 0.258819 0 0 0 1 -0.7071068 0.7071068 0 -0.258819 0.9659258 0 0 0 -1 0.9452374 0.149711 0.2900221 0.4866123 0.07707178 0.8702117 -0.4866122 -0.07707172 0.8702117 -0.9452374 -0.1497109 0.2900223 -0.9452374 -0.1497108 -0.2900223 -0.4866123 -0.07707178 -0.8702117 0.4866123 0.07707178 -0.8702117 0.9452374 0.149711 -0.2900221 0.8527111 0.4344778 0.290022 0.4389793 0.223671 0.8702118 -0.4389793 -0.2236711 0.8702117 -0.852711 -0.4344778 0.2900223 -0.852711 -0.4344778 -0.2900223 -0.4389793 -0.2236711 -0.8702117 0.4389793 0.223671 -0.8702118 0.8527111 0.4344778 -0.290022 0.6767152 0.6767153 0.2900224 0.3483759 0.348376 0.8702117 -0.3483759 -0.3483759 0.8702117 -0.6767151 -0.6767153 0.2900223 -0.6767151 -0.6767153 -0.2900223 -0.3483759 -0.3483759 -0.8702117 0.3483759 0.348376 -0.8702117 0.6767152 0.6767153 -0.2900224 0.4344781 0.8527109 0.2900224 0.2236711 0.4389793 0.8702117 -0.2236711 -0.4389792 0.8702117 -0.4344781 -0.8527109 0.2900223 -0.4344781 -0.8527109 -0.2900223 -0.2236711 -0.4389792 -0.8702117 0.2236711 0.4389793 -0.8702117 0.4344781 0.8527109 -0.2900224 0.149711 0.9452373 0.2900222 0.0770719 0.4866123 0.8702117 -0.07707178 -0.4866122 0.8702118 -0.149711 -0.9452374 0.2900223 -0.1497108 -0.9452373 -0.2900222 -0.07707178 -0.4866122 -0.8702118 0.0770719 0.4866123 -0.8702117 0.1497108 0.9452373 -0.2900222 -0.149711 0.9452373 0.2900225 -0.0770719 0.4866123 0.8702117 0.07707178 -0.4866123 0.8702117 0.149711 -0.9452373 0.2900223 0.149711 -0.9452373 -0.2900223 0.07707178 -0.4866123 -0.8702117 -0.0770719 0.4866123 -0.8702117 -0.149711 0.9452373 -0.2900225 -0.4344779 0.8527109 0.2900224 -0.2236711 0.4389794 0.8702117 0.223671 -0.4389793 0.8702118 0.4344779 -0.852711 0.2900222 0.434478 -0.852711 -0.2900222 0.223671 -0.4389793 -0.8702118 -0.2236711 0.4389794 -0.8702117 -0.4344779 0.8527109 -0.2900224 -0.6767154 0.6767152 0.2900221 -0.348376 0.3483759 0.8702117 0.3483759 -0.3483757 0.8702118 0.6767154 -0.676715 0.2900223 0.6767154 -0.676715 -0.2900223 0.3483759 -0.3483757 -0.8702118 -0.348376 0.3483759 -0.8702117 -0.6767154 0.6767152 -0.2900221 -0.8527111 0.4344776 0.2900224 -0.4389794 0.223671 0.8702117 0.4389793 -0.223671 0.8702117 0.852711 -0.4344777 0.2900223 0.852711 -0.4344777 -0.2900223 0.4389793 -0.223671 -0.8702117 -0.4389794 0.223671 -0.8702117 -0.8527111 0.4344776 -0.2900224 -0.9452375 0.1497109 0.2900222 -0.4866123 0.0770719 0.8702117 0.4866122 -0.07707184 0.8702118 0.9452373 -0.1497109 0.2900222 0.9452373 -0.1497109 -0.2900222 0.4866122 -0.0770719 -0.8702118 -0.4866123 0.0770719 -0.8702117 -0.9452375 0.1497109 -0.2900222 -0.9452375 -0.1497105 0.2900221 -0.4866122 -0.0770716 0.8702117 0.4866123 0.07707166 0.8702118 0.9452375 0.1497105 0.2900223 0.9452375 0.1497105 -0.2900223 0.4866123 0.07707166 -0.8702118 -0.4866122 -0.0770716 -0.8702117 -0.9452375 -0.1497106 -0.2900221 -0.8527112 -0.4344777 0.290022 -0.4389794 -0.2236709 0.8702117 0.4389793 0.2236708 0.8702118 0.8527111 0.4344776 0.2900223 0.8527111 0.4344776 -0.2900223 0.4389793 0.2236708 -0.8702118 -0.4389794 -0.2236709 -0.8702117 -0.8527112 -0.4344777 -0.290022 -0.6767155 -0.676715 0.2900223 -0.348376 -0.3483759 0.8702117 0.3483759 0.3483758 0.8702118 0.6767155 0.6767151 0.2900222 0.6767155 0.6767151 -0.2900222 0.3483759 0.3483758 -0.8702118 -0.348376 -0.3483759 -0.8702117 -0.6767155 -0.676715 -0.2900223 -0.4344779 -0.8527109 0.2900224 -0.2236711 -0.4389793 0.8702117 0.2236711 0.4389793 0.8702118 0.4344779 0.852711 0.2900223 0.434478 0.852711 -0.2900223 0.2236711 0.4389793 -0.8702118 -0.2236711 -0.4389793 -0.8702117 -0.4344779 -0.8527109 -0.2900224 -0.1497108 -0.9452373 0.2900222 -0.0770719 -0.4866123 0.8702117 0.07707184 0.4866122 0.8702117 0.1497109 0.9452374 0.2900222 0.1497109 0.9452374 -0.2900222 0.07707184 0.4866122 -0.8702117 -0.0770719 -0.4866123 -0.8702117 -0.1497108 -0.9452373 -0.2900222 0.149711 -0.9452373 0.2900224 0.0770719 -0.4866123 0.8702117 -0.0770719 0.4866123 0.8702117 -0.149711 0.9452373 0.2900224 -0.1497108 0.9452373 -0.2900223 -0.0770719 0.4866123 -0.8702117 0.0770719 -0.4866123 -0.8702117 0.1497108 -0.9452373 -0.2900225 0.4344776 -0.8527112 0.2900223 0.2236709 -0.4389793 0.8702117 -0.223671 0.4389792 0.8702118 -0.4344777 0.8527112 0.290022 -0.4344777 0.8527112 -0.290022 -0.223671 0.4389792 -0.8702118 0.2236709 -0.4389793 -0.8702117 0.4344776 -0.8527112 -0.2900223 0.676715 -0.6767156 0.2900221 0.3483757 -0.3483762 0.8702117 -0.3483757 0.3483761 0.8702117 -0.6767148 0.6767158 0.2900222 -0.6767148 0.6767158 -0.2900222 -0.3483757 0.3483761 -0.8702117 0.3483757 -0.3483762 -0.8702117 0.676715 -0.6767156 -0.2900221 0.8527108 -0.4344784 0.2900222 0.4389792 -0.2236713 0.8702117 -0.438979 0.2236713 0.8702118 -0.8527109 0.4344782 0.2900223 -0.8527107 0.4344783 -0.2900223 -0.4389791 0.2236713 -0.8702118 0.4389792 -0.2236713 -0.8702117 0.8527107 -0.4344784 -0.2900221 0.9452374 -0.149711 0.2900223 0.4866123 -0.07707184 0.8702117 -0.4866122 0.07707178 0.8702118 -0.9452374 0.1497111 0.2900222 -0.9452374 0.1497111 -0.2900222 -0.4866122 0.07707178 -0.8702118 0.4866123 -0.07707184 -0.8702117 0.9452374 -0.149711 -0.2900223 0.258819 0.9659258 0 0.7071068 0.7071068 0 0.9659258 0.258819 0 0.9659258 -0.258819 0 0.7071068 -0.7071068 0 0.258819 -0.9659258 0 -0.258819 -0.9659258 0 -0.7071068 -0.7071068 0 -0.9659258 -0.258819 0 -0.9659258 0.258819 0 0 0 1 0 0 1 0 0 1 0 0 1 0 0 1 0 0 1 0 0 1 0 0 1 0 0 1 -0.7071068 0.7071068 0 -0.258819 0.9659258 0 0 0 -1 0 0 -1 0 0 -1 0 0 -1 0 0 -1 0 0 -1 0 0 -1 0 0 -1 0 0 -1 0.9452374 0.1497109 0.2900222 0.4866125 0.07707184 0.8702116 -0.4866124 -0.07707178 0.8702117 -0.9452374 -0.1497109 0.2900223 -0.9452374 -0.1497109 -0.2900223 -0.4866124 -0.07707178 -0.8702117 0.4866125 0.07707184 -0.8702116 0.9452374 0.149711 -0.2900222 0.8527111 0.4344778 0.2900221 0.4389795 0.223671 0.8702117 -0.4389794 -0.2236711 0.8702116 -0.852711 -0.4344778 0.2900223 -0.852711 -0.4344778 -0.2900223 -0.4389794 -0.2236711 -0.8702116 0.4389795 0.223671 -0.8702117 0.8527111 0.4344778 -0.2900221 0.6767152 0.6767153 0.2900224 0.348376 0.3483762 0.8702116 -0.348376 -0.348376 0.8702116 -0.6767151 -0.6767154 0.2900223 -0.6767151 -0.6767154 -0.2900223 -0.348376 -0.348376 -0.8702116 0.348376 0.3483762 -0.8702116 0.6767152 0.6767153 -0.2900224 0.4344781 0.8527108 0.2900225 0.2236713 0.4389795 0.8702116 -0.2236712 -0.4389794 0.8702116 -0.4344781 -0.8527109 0.2900223 -0.4344781 -0.8527109 -0.2900223 -0.2236712 -0.4389794 -0.8702116 0.2236713 0.4389795 -0.8702116 0.4344781 0.8527108 -0.2900225 0.149711 0.9452373 0.2900223 0.0770719 0.4866125 0.8702116 -0.07707178 -0.4866124 0.8702117 -0.149711 -0.9452374 0.2900223 -0.1497108 -0.9452373 -0.2900223 -0.07707178 -0.4866124 -0.8702117 0.0770719 0.4866124 -0.8702116 0.1497108 0.9452373 -0.2900223 -0.149711 0.9452373 0.2900225 -0.0770719 0.4866125 0.8702116 0.07707184 -0.4866124 0.8702116 0.149711 -0.9452373 0.2900224 0.149711 -0.9452373 -0.2900224 0.07707184 -0.4866124 -0.8702116 -0.0770719 0.4866125 -0.8702116 -0.1497108 0.9452373 -0.2900225 -0.4344779 0.852711 0.2900224 -0.2236712 0.4389795 0.8702116 0.2236711 -0.4389794 0.8702116 0.4344779 -0.852711 0.2900222 0.434478 -0.852711 -0.2900223 0.2236711 -0.4389794 -0.8702116 -0.2236712 0.4389795 -0.8702116 -0.4344779 0.852711 -0.2900224 -0.6767154 0.6767151 0.2900221 -0.3483761 0.348376 0.8702117 0.348376 -0.3483759 0.8702117 0.6767154 -0.6767151 0.2900223 0.6767154 -0.6767151 -0.2900223 0.348376 -0.3483759 -0.8702117 -0.3483761 0.348376 -0.8702117 -0.6767154 0.6767151 -0.2900221 -0.8527111 0.4344776 0.2900225 -0.4389796 0.223671 0.8702116 0.4389795 -0.2236711 0.8702117 0.852711 -0.4344777 0.2900223 0.852711 -0.4344777 -0.2900223 0.4389795 -0.2236711 -0.8702117 -0.4389796 0.223671 -0.8702116 -0.8527111 0.4344776 -0.2900225 -0.9452375 0.1497109 0.2900223 -0.4866124 0.07707196 0.8702116 0.4866124 -0.07707184 0.8702117 0.9452374 -0.149711 0.2900223 0.9452374 -0.149711 -0.2900223 0.4866123 -0.07707196 -0.8702117 -0.4866124 0.07707196 -0.8702116 -0.9452375 0.1497109 -0.2900223 -0.9452375 -0.1497105 0.2900221 -0.4866124 -0.0770716 0.8702117 0.4866124 0.07707172 0.8702117 0.9452374 0.1497105 0.2900223 0.9452374 0.1497105 -0.2900223 0.4866124 0.07707172 -0.8702117 -0.4866124 -0.0770716 -0.8702117 -0.9452375 -0.1497106 -0.2900221 -0.8527111 -0.4344778 0.2900221 -0.4389795 -0.223671 0.8702116 0.4389795 0.223671 0.8702117 0.8527111 0.4344776 0.2900223 0.8527111 0.4344776 -0.2900223 0.4389795 0.223671 -0.8702117 -0.4389795 -0.223671 -0.8702116 -0.8527111 -0.4344778 -0.2900221 -0.6767155 -0.676715 0.2900224 -0.3483762 -0.348376 0.8702116 0.3483761 0.3483759 0.8702116 0.6767155 0.676715 0.2900223 0.6767155 0.676715 -0.2900223 0.3483761 0.3483759 -0.8702116 -0.3483762 -0.348376 -0.8702116 -0.6767155 -0.676715 -0.2900224 -0.4344779 -0.8527109 0.2900225 -0.2236711 -0.4389795 0.8702116 0.2236712 0.4389795 0.8702116 0.4344779 0.852711 0.2900223 0.434478 0.852711 -0.2900223 0.2236712 0.4389795 -0.8702116 -0.2236711 -0.4389795 -0.8702116 -0.4344779 -0.8527109 -0.2900225 -0.149711 -0.9452373 0.2900223 -0.0770719 -0.4866125 0.8702116 0.0770719 0.4866124 0.8702117 0.1497108 0.9452374 0.2900223 0.1497108 0.9452374 -0.2900223 0.0770719 0.4866124 -0.8702117 -0.0770719 -0.4866125 -0.8702116 -0.1497108 -0.9452373 -0.2900223 0.149711 -0.9452373 0.2900225 0.0770719 -0.4866124 0.8702116 -0.0770719 0.4866124 0.8702116 -0.149711 0.9452373 0.2900224 -0.1497108 0.9452373 -0.2900224 -0.0770719 0.4866124 -0.8702116 0.0770719 -0.4866124 -0.8702116 0.1497108 -0.9452373 -0.2900225 0.4344776 -0.8527112 0.2900223 0.223671 -0.4389794 0.8702117 -0.223671 0.4389793 0.8702117 -0.4344777 0.8527112 0.2900221 -0.4344777 0.8527112 -0.2900221 -0.223671 0.4389793 -0.8702117 0.223671 -0.4389794 -0.8702117 0.4344776 -0.8527112 -0.2900223 0.676715 -0.6767156 0.2900221 0.3483759 -0.3483763 0.8702116 -0.3483758 0.3483762 0.8702116 -0.676715 0.6767156 0.2900223 -0.6767148 0.6767157 -0.2900223 -0.3483758 0.3483762 -0.8702116 0.3483759 -0.3483763 -0.8702116 0.676715 -0.6767156 -0.2900221 0.8527107 -0.4344784 0.2900221 0.4389793 -0.2236714 0.8702117 -0.4389793 0.2236713 0.8702117 -0.8527107 0.4344783 0.2900224 -0.8527107 0.4344783 -0.2900224 -0.4389792 0.2236714 -0.8702117 0.4389793 -0.2236714 -0.8702117 0.8527107 -0.4344784 -0.2900221 0.9452374 -0.149711 0.2900223 0.4866124 -0.07707184 0.8702116 -0.4866123 0.07707184 0.8702117 -0.9452374 0.1497111 0.2900223 -0.9452374 0.149711 -0.2900223 -0.4866123 0.07707184 -0.8702117 0.4866124 -0.07707184 -0.8702116 0.9452374 -0.149711 -0.2900223 0.2588191 0.9659259 0 0.7071068 0.7071068 0 0.9659259 0.2588191 0 0.9659259 -0.2588191 0 0.7071068 -0.7071068 0 0.2588191 -0.9659259 0 -0.2588191 -0.9659259 0 -0.7071068 -0.7071068 0 -0.9659259 -0.2588191 0 -0.9659259 0.2588191 0 0 0 1 0 0 1 0 0 1 0 0 1 0 0 1 0 0 1 0 0 1 0 0 1 0 0 1 -0.7071068 0.7071068 0 -0.2588191 0.9659259 0 0 0 -1 0 0 -1 0 0 -1 0 0 -1 0 0 -1 0 0 -1 0 0 -1 0 0 -1 0 0 -1 0.9452375 0.149711 0.2900221 0.4866118 0.07707172 0.870212 -0.4866117 -0.07707166 0.8702121 -0.9452374 -0.1497109 0.2900223 -0.9452374 -0.1497109 -0.2900223 -0.4866124 -0.07707178 -0.8702117 0.4866125 0.07707184 -0.8702116 0.9452374 0.149711 -0.2900222 0.8527112 0.4344779 0.290022 0.4389788 0.2236707 0.8702121 -0.4389788 -0.2236708 0.870212 -0.852711 -0.4344778 0.2900222 -0.852711 -0.4344778 -0.2900223 -0.4389794 -0.2236711 -0.8702116 0.4389795 0.223671 -0.8702117 0.8527111 0.4344778 -0.2900221 0.6767152 0.6767153 0.2900223 0.3483756 0.3483756 0.870212 -0.3483755 -0.3483756 0.870212 -0.6767152 -0.6767153 0.2900222 -0.6767151 -0.6767154 -0.2900223 -0.348376 -0.348376 -0.8702116 0.348376 0.3483762 -0.8702116 0.6767152 0.6767153 -0.2900224 0.4344781 0.8527109 0.2900224 0.2236709 0.4389788 0.870212 -0.2236709 -0.4389787 0.870212 -0.4344781 -0.8527109 0.2900223 -0.4344781 -0.8527109 -0.2900223 -0.2236712 -0.4389794 -0.8702116 0.2236713 0.4389795 -0.8702116 0.4344781 0.8527108 -0.2900225 0.149711 0.9452374 0.2900221 0.07707178 0.4866118 0.870212 -0.07707166 -0.4866117 0.870212 -0.149711 -0.9452373 0.2900221 -0.1497108 -0.9452373 -0.2900223 -0.07707178 -0.4866124 -0.8702117 0.0770719 0.4866124 -0.8702116 0.1497108 0.9452373 -0.2900223 -0.149711 0.9452373 0.2900224 -0.07707178 0.4866118 0.870212 0.07707172 -0.4866117 0.870212 0.149711 -0.9452373 0.2900223 0.149711 -0.9452373 -0.2900224 0.07707184 -0.4866124 -0.8702116 -0.0770719 0.4866125 -0.8702116 -0.1497108 0.9452373 -0.2900225 -0.4344779 0.852711 0.2900223 -0.2236708 0.4389789 0.870212 0.2236708 -0.4389788 0.870212 0.4344779 -0.8527111 0.2900221 0.434478 -0.852711 -0.2900223 0.2236711 -0.4389794 -0.8702116 -0.2236712 0.4389795 -0.8702116 -0.4344779 0.852711 -0.2900224 -0.6767154 0.6767152 0.2900221 -0.3483756 0.3483755 0.870212 0.3483756 -0.3483754 0.870212 0.6767155 -0.6767151 0.2900222 0.6767154 -0.6767151 -0.2900223 0.348376 -0.3483759 -0.8702117 -0.3483761 0.348376 -0.8702117 -0.6767154 0.6767151 -0.2900221 -0.8527111 0.4344776 0.2900224 -0.4389789 0.2236707 0.870212 0.4389789 -0.2236707 0.870212 0.8527112 -0.4344778 0.2900223 0.852711 -0.4344777 -0.2900223 0.4389795 -0.2236711 -0.8702117 -0.4389796 0.223671 -0.8702116 -0.8527111 0.4344776 -0.2900225 -0.9452375 0.1497109 0.2900221 -0.4866118 0.07707184 0.870212 0.4866117 -0.07707172 0.870212 0.9452374 -0.149711 0.2900221 0.9452374 -0.149711 -0.2900223 0.4866123 -0.07707196 -0.8702117 -0.4866124 0.07707196 -0.8702116 -0.9452375 0.1497109 -0.2900223 -0.9452375 -0.1497105 0.290022 -0.4866117 -0.07707148 0.8702121 0.4866117 0.0770716 0.870212 0.9452375 0.1497105 0.2900222 0.9452374 0.1497105 -0.2900223 0.4866124 0.07707172 -0.8702117 -0.4866124 -0.0770716 -0.8702117 -0.9452375 -0.1497106 -0.2900221 -0.8527112 -0.4344777 0.290022 -0.4389789 -0.2236707 0.870212 0.4389789 0.2236706 0.870212 0.8527112 0.4344776 0.2900222 0.8527111 0.4344776 -0.2900223 0.4389795 0.223671 -0.8702117 -0.4389795 -0.223671 -0.8702116 -0.8527111 -0.4344778 -0.2900221 -0.6767156 -0.6767151 0.2900223 -0.3483757 -0.3483756 0.870212 0.3483756 0.3483754 0.870212 0.6767155 0.6767151 0.2900221 0.6767155 0.676715 -0.2900223 0.3483761 0.3483759 -0.8702116 -0.3483762 -0.348376 -0.8702116 -0.6767155 -0.676715 -0.2900224 -0.434478 -0.852711 0.2900224 -0.2236708 -0.4389789 0.870212 0.2236708 0.4389788 0.870212 0.4344779 0.852711 0.2900222 0.434478 0.852711 -0.2900223 0.2236712 0.4389795 -0.8702116 -0.2236711 -0.4389795 -0.8702116 -0.4344779 -0.8527109 -0.2900225 -0.1497108 -0.9452375 0.2900221 -0.07707178 -0.4866118 0.870212 0.07707178 0.4866117 0.870212 0.1497108 0.9452375 0.2900221 0.1497108 0.9452374 -0.2900223 0.0770719 0.4866124 -0.8702117 -0.0770719 -0.4866125 -0.8702116 -0.1497108 -0.9452373 -0.2900223 0.149711 -0.9452374 0.2900224 0.07707178 -0.4866117 0.870212 -0.07707178 0.4866117 0.870212 -0.149711 0.9452373 0.2900223 -0.1497108 0.9452373 -0.2900224 -0.0770719 0.4866124 -0.8702116 0.0770719 -0.4866124 -0.8702116 0.1497108 -0.9452373 -0.2900225 0.4344776 -0.8527112 0.2900222 0.2236707 -0.4389788 0.8702121 -0.2236707 0.4389787 0.8702121 -0.4344777 0.8527112 0.290022 -0.4344777 0.8527112 -0.2900221 -0.223671 0.4389793 -0.8702117 0.223671 -0.4389794 -0.8702117 0.4344776 -0.8527112 -0.2900223 0.676715 -0.6767156 0.290022 0.3483754 -0.3483758 0.870212 -0.3483753 0.3483757 0.870212 -0.6767148 0.6767158 0.2900221 -0.6767148 0.6767157 -0.2900223 -0.3483758 0.3483762 -0.8702116 0.3483759 -0.3483763 -0.8702116 0.676715 -0.6767156 -0.2900221 0.8527109 -0.4344784 0.2900221 0.4389787 -0.2236711 0.870212 -0.4389786 0.223671 0.870212 -0.8527109 0.4344782 0.2900223 -0.8527107 0.4344783 -0.2900224 -0.4389792 0.2236714 -0.8702117 0.4389793 -0.2236714 -0.8702117 0.8527107 -0.4344784 -0.2900221 0.9452374 -0.1497109 0.2900221 0.4866118 -0.07707172 0.870212 -0.4866116 0.07707172 0.870212 -0.9452374 0.1497111 0.2900221 -0.9452374 0.149711 -0.2900223 -0.4866123 0.07707184 -0.8702117 0.4866124 -0.07707184 -0.8702116 0.9452374 -0.149711 -0.2900223 0.258819 0.9659258 0 0.7071068 0.7071068 0 0.9659258 0.258819 0 0.9659258 -0.258819 0 0.7071068 -0.7071068 0 0.258819 -0.9659258 0 -0.258819 -0.9659258 0 -0.7071068 -0.7071068 0 -0.9659258 -0.258819 0 -0.9659258 0.258819 0 0 0 1 0 0 1 0 0 1 0 0 1 0 0 1 0 0 1 0 0 1 0 0 1 0 0 1 -0.7071068 0.7071068 0 -0.258819 0.9659258 0 0 0 -1 0 0 -1 0 0 -1 0 0 -1 0 0 -1 0 0 -1 0 0 -1 0 0 -1 0 0 -1 0.9452375 0.149711 0.2900221 0.4866118 0.07707172 0.870212 -0.4866117 -0.07707166 0.8702121 -0.9452374 -0.1497109 0.2900223 -0.9452374 -0.1497108 -0.2900222 -0.4866117 -0.07707166 -0.870212 0.4866118 0.07707172 -0.870212 0.9452375 0.149711 -0.2900221 0.8527112 0.4344779 0.290022 0.4389788 0.2236707 0.8702121 -0.4389788 -0.2236708 0.870212 -0.852711 -0.4344778 0.2900222 -0.852711 -0.4344778 -0.2900222 -0.4389788 -0.2236708 -0.870212 0.4389788 0.2236707 -0.8702121 0.8527112 0.4344779 -0.290022 0.6767152 0.6767153 0.2900223 0.3483756 0.3483756 0.870212 -0.3483755 -0.3483756 0.870212 -0.6767152 -0.6767153 0.2900222 -0.6767152 -0.6767153 -0.2900222 -0.3483755 -0.3483756 -0.870212 0.3483756 0.3483756 -0.870212 0.6767152 0.6767153 -0.2900223 0.4344781 0.8527109 0.2900224 0.2236709 0.4389788 0.870212 -0.2236709 -0.4389787 0.870212 -0.4344781 -0.8527109 0.2900223 -0.4344781 -0.8527109 -0.2900223 -0.2236709 -0.4389787 -0.870212 0.2236709 0.4389788 -0.870212 0.4344781 0.8527109 -0.2900224 0.149711 0.9452374 0.2900221 0.07707178 0.4866118 0.870212 -0.07707166 -0.4866117 0.870212 -0.149711 -0.9452373 0.2900221 -0.1497108 -0.9452374 -0.2900221 -0.07707166 -0.4866117 -0.870212 0.07707178 0.4866118 -0.870212 0.1497108 0.9452375 -0.2900221 -0.149711 0.9452373 0.2900224 -0.07707178 0.4866118 0.870212 0.07707172 -0.4866117 0.870212 0.149711 -0.9452373 0.2900223 0.149711 -0.9452373 -0.2900223 0.07707172 -0.4866117 -0.870212 -0.07707178 0.4866118 -0.870212 -0.149711 0.9452373 -0.2900224 -0.4344779 0.852711 0.2900223 -0.2236708 0.4389789 0.870212 0.2236708 -0.4389788 0.870212 0.4344779 -0.8527111 0.2900221 0.434478 -0.852711 -0.2900221 0.2236708 -0.4389788 -0.870212 -0.2236708 0.4389789 -0.870212 -0.4344779 0.852711 -0.2900223 -0.6767154 0.6767152 0.2900221 -0.3483756 0.3483755 0.870212 0.3483756 -0.3483754 0.870212 0.6767155 -0.6767151 0.2900222 0.6767155 -0.6767151 -0.2900222 0.3483756 -0.3483754 -0.870212 -0.3483756 0.3483755 -0.870212 -0.6767154 0.6767152 -0.2900221 -0.8527111 0.4344776 0.2900224 -0.4389789 0.2236707 0.870212 0.4389789 -0.2236707 0.870212 0.8527112 -0.4344778 0.2900223 0.8527112 -0.4344778 -0.2900223 0.4389789 -0.2236707 -0.870212 -0.4389789 0.2236707 -0.870212 -0.8527111 0.4344776 -0.2900224 -0.9452375 0.1497109 0.2900221 -0.4866118 0.07707184 0.870212 0.4866117 -0.07707172 0.870212 0.9452374 -0.149711 0.2900221 0.9452374 -0.149711 -0.2900221 0.4866117 -0.07707184 -0.870212 -0.4866118 0.07707184 -0.870212 -0.9452375 0.1497109 -0.2900221 -0.9452375 -0.1497105 0.290022 -0.4866117 -0.07707148 0.8702121 0.4866117 0.0770716 0.870212 0.9452375 0.1497105 0.2900222 0.9452375 0.1497105 -0.2900222 0.4866117 0.0770716 -0.870212 -0.4866117 -0.07707148 -0.8702121 -0.9452375 -0.1497106 -0.290022 -0.8527112 -0.4344777 0.290022 -0.4389789 -0.2236707 0.870212 0.4389789 0.2236706 0.870212 0.8527112 0.4344776 0.2900222 0.8527112 0.4344776 -0.2900222 0.4389789 0.2236706 -0.870212 -0.4389789 -0.2236707 -0.870212 -0.8527112 -0.4344777 -0.290022 -0.6767156 -0.6767151 0.2900223 -0.3483757 -0.3483756 0.870212 0.3483756 0.3483754 0.870212 0.6767155 0.6767151 0.2900221 0.6767155 0.6767151 -0.2900221 0.3483756 0.3483754 -0.870212 -0.3483757 -0.3483756 -0.870212 -0.6767156 -0.6767151 -0.2900223 -0.434478 -0.852711 0.2900224 -0.2236708 -0.4389789 0.870212 0.2236708 0.4389788 0.870212 0.4344779 0.852711 0.2900222 0.434478 0.852711 -0.2900222 0.2236708 0.4389788 -0.870212 -0.2236708 -0.4389789 -0.870212 -0.434478 -0.852711 -0.2900224 -0.1497108 -0.9452375 0.2900221 -0.07707178 -0.4866118 0.870212 0.07707178 0.4866117 0.870212 0.1497108 0.9452375 0.2900221 0.1497108 0.9452375 -0.2900221 0.07707178 0.4866117 -0.870212 -0.07707178 -0.4866118 -0.870212 -0.1497108 -0.9452375 -0.2900221 0.149711 -0.9452374 0.2900224 0.07707178 -0.4866117 0.870212 -0.07707178 0.4866117 0.870212 -0.149711 0.9452373 0.2900223 -0.1497108 0.9452374 -0.2900223 -0.07707178 0.4866117 -0.870212 0.07707178 -0.4866118 -0.870212 0.1497108 -0.9452374 -0.2900224 0.4344776 -0.8527112 0.2900222 0.2236707 -0.4389788 0.8702121 -0.2236707 0.4389787 0.8702121 -0.4344777 0.8527112 0.290022 -0.4344777 0.8527112 -0.290022 -0.2236707 0.4389787 -0.8702121 0.2236707 -0.4389788 -0.8702121 0.4344776 -0.8527112 -0.2900222 0.676715 -0.6767156 0.290022 0.3483754 -0.3483758 0.870212 -0.3483753 0.3483757 0.870212 -0.6767148 0.6767158 0.2900221 -0.6767148 0.6767158 -0.2900221 -0.3483753 0.3483757 -0.870212 0.3483754 -0.3483758 -0.870212 0.676715 -0.6767156 -0.290022 0.8527109 -0.4344784 0.2900221 0.4389787 -0.2236711 0.870212 -0.4389786 0.223671 0.870212 -0.8527109 0.4344782 0.2900223 -0.8527108 0.4344784 -0.2900223 -0.4389786 0.223671 -0.8702121 0.4389787 -0.2236711 -0.870212 0.8527108 -0.4344785 -0.2900221 0.9452374 -0.1497109 0.2900221 0.4866118 -0.07707172 0.870212 -0.4866116 0.07707172 0.870212 -0.9452374 0.1497111 0.2900221 -0.9452374 0.1497111 -0.2900221 -0.4866116 0.07707172 -0.870212 0.4866118 -0.07707172 -0.870212 0.9452374 -0.149711 -0.2900221 0.258819 0.9659258 0 0.7071068 0.7071068 0 0.9659258 0.258819 0 0.9659258 -0.258819 0 0.7071068 -0.7071068 0 0.258819 -0.9659258 0 -0.258819 -0.9659258 0 -0.7071068 -0.7071068 0 -0.9659258 -0.258819 0 -0.9659258 0.258819 0 0 0 1 0 0 1 0 0 1 0 0 1 0 0 1 0 0 1 0 0 1 0 0 1 0 0 1 -0.7071068 0.7071068 0 -0.258819 0.9659258 0 0 0 -1 0 0 -1 0 0 -1 0 0 -1 0 0 -1 0 0 -1 0 0 -1 0 0 -1 0 0 -1</float_array>
          <technique_common>
            <accessor source="#tire_stack_4_a800-mesh-normals-array" count="1456" stride="3">
              <param name="X" type="float"/>
              <param name="Y" type="float"/>
              <param name="Z" type="float"/>
            </accessor>
          </technique_common>
        </source>
        <source id="tire_stack_4_a800-mesh-map-0">
          <float_array id="tire_stack_4_a800-mesh-map-0-array" count="8736">0.55 0.5 0.6 0.625 0.55 0.625 0.6 0.625 0.55 0.75 0.55 0.625 0.6 0.75 0.55 0.875 0.55 0.75 0.6 0.875 0.55 1 0.55 0.875 0.6 0 0.55 0.125 0.55 0 0.6 0.125 0.55 0.25 0.55 0.125 0.55 0.25 0.6 0.375 0.55 0.375 0.6 0.375 0.55 0.5 0.55 0.375 0.6 0.5 0.65 0.625 0.6 0.625 0.6 0.625 0.65 0.75 0.6 0.75 0.6 0.75 0.65 0.875 0.6 0.875 0.65 0.875 0.6 1 0.6 0.875 0.6 0 0.65 0.125 0.6 0.125 0.65 0.125 0.6 0.25 0.6 0.125 0.65 0.25 0.6 0.375 0.6 0.25 0.65 0.375 0.6 0.5 0.6 0.375 0.65 0.5 0.7 0.625 0.65 0.625 0.7 0.625 0.65 0.75 0.65 0.625 0.7 0.75 0.65 0.875 0.65 0.75 0.7 0.875 0.65 1 0.65 0.875 0.65 0 0.7 0.125 0.65 0.125 0.65 0.125 0.7 0.25 0.65 0.25 0.65 0.25 0.7 0.375 0.65 0.375 0.7 0.375 0.65 0.5 0.65 0.375 0.7 0.5 0.75 0.625 0.7 0.625 0.7 0.625 0.75 0.75 0.7 0.75 0.75 0.75 0.7 0.875 0.7 0.75 0.7 0.875 0.75 1 0.7 1 0.75 0 0.7 0.125 0.7 0 0.7 0.125 0.75 0.25 0.7 0.25 0.75 0.25 0.7 0.375 0.7 0.25 0.75 0.375 0.7 0.5 0.7 0.375 0.8 0.5 0.75 0.625 0.75 0.5 0.8 0.625 0.75 0.75 0.75 0.625 0.8 0.75 0.75 0.875 0.75 0.75 0.8 0.875 0.75 1 0.75 0.875 0.8 0 0.75 0.125 0.75 0 0.75 0.125 0.8 0.25 0.75 0.25 0.8 0.25 0.75 0.375 0.75 0.25 0.8 0.375 0.75 0.5 0.75 0.375 0.85 0.5 0.8 0.625 0.8 0.5 0.85 0.625 0.8 0.75 0.8 0.625 0.85 0.75 0.8 0.875 0.8 0.75 0.85 0.875 0.8 1 0.8 0.875 0.8 0 0.85 0.125 0.8 0.125 0.8 0.125 0.85 0.25 0.8 0.25 0.8 0.25 0.85 0.375 0.8 0.375 0.8 0.375 0.85 0.5 0.8 0.5 0.9 0.5 0.85 0.625 0.85 0.5 0.85 0.625 0.9 0.75 0.85 0.75 0.85 0.75 0.9 0.875 0.85 0.875 0.9 0.875 0.85 1 0.85 0.875 0.9 0 0.85 0.125 0.85 0 0.9 0.125 0.85 0.25 0.85 0.125 0.9 0.25 0.85 0.375 0.85 0.25 0.85 0.375 0.9 0.5 0.85 0.5 0.95 0.5 0.9 0.625 0.9 0.5 0.9 0.625 0.95 0.75 0.9 0.75 0.95 0.75 0.9 0.875 0.9 0.75 0.9 0.875 0.95 1 0.9 1 0.95 0 0.9 0.125 0.9 0 0.9 0.125 0.95 0.25 0.9 0.25 0.95 0.25 0.9 0.375 0.9 0.25 0.9 0.375 0.95 0.5 0.9 0.5 1 0.5 0.95 0.625 0.95 0.5 1 0.625 0.95 0.75 0.95 0.625 1 0.75 0.95 0.875 0.95 0.75 0.95 0.875 1 1 0.95 1 1 0 0.95 0.125 0.95 0 0.95 0.125 1 0.25 0.95 0.25 0.95 0.25 1 0.375 0.95 0.375 0.95 0.375 1 0.5 0.95 0.5 0 0.5 0.04999995 0.625 0 0.625 0 0.625 0.04999995 0.75 0 0.75 0.04999995 0.75 0 0.875 0 0.75 0 0.875 0.04999995 1 0 1 0.04999995 0 0 0.125 0 0 0.04999995 0.125 0 0.25 0 0.125 0.04999995 0.25 0 0.375 0 0.25 0.04999995 0.375 0 0.5 0 0.375 0.1 0.5 0.04999995 0.625 0.04999995 0.5 0.04999995 0.625 0.1 0.75 0.04999995 0.75 0.04999995 0.75 0.1 0.875 0.04999995 0.875 0.04999995 0.875 0.1 1 0.04999995 1 0.1 0 0.04999995 0.125 0.04999995 0 0.1 0.125 0.04999995 0.25 0.04999995 0.125 0.1 0.25 0.04999995 0.375 0.04999995 0.25 0.1 0.375 0.04999995 0.5 0.04999995 0.375 0.1 0.5 0.15 0.625 0.1 0.625 0.15 0.625 0.1 0.75 0.1 0.625 0.1 0.75 0.15 0.875 0.1 0.875 0.15 0.875 0.1 1 0.1 0.875 0.1 0 0.15 0.125 0.1 0.125 0.15 0.125 0.1 0.25 0.1 0.125 0.1 0.25 0.15 0.375 0.1 0.375 0.15 0.375 0.1 0.5 0.1 0.375 0.15 0.5 0.2 0.625 0.15 0.625 0.2 0.625 0.15 0.75 0.15 0.625 0.15 0.75 0.2 0.875 0.15 0.875 0.2 0.875 0.15 1 0.15 0.875 0.15 0 0.2 0.125 0.15 0.125 0.2 0.125 0.15 0.25 0.15 0.125 0.15 0.25 0.2 0.375 0.15 0.375 0.2 0.375 0.15 0.5 0.15 0.375 0.2 0.5 0.25 0.625 0.2 0.625 0.25 0.625 0.2 0.75 0.2 0.625 0.25 0.75 0.2 0.875 0.2 0.75 0.25 0.875 0.2 1 0.2 0.875 0.25 0 0.2 0.125 0.2 0 0.2 0.125 0.25 0.25 0.2 0.25 0.2 0.25 0.25 0.375 0.2 0.375 0.25 0.375 0.2 0.5 0.2 0.375 0.25 0.5 0.3 0.625 0.25 0.625 0.25 0.625 0.3 0.75 0.25 0.75 0.25 0.75 0.3 0.875 0.25 0.875 0.25 0.875 0.3 1 0.25 1 0.3 0 0.25 0.125 0.25 0 0.3 0.125 0.25 0.25 0.25 0.125 0.3 0.25 0.25 0.375 0.25 0.25 0.3 0.375 0.25 0.5 0.25 0.375 0.35 0.5 0.3 0.625 0.3 0.5 0.35 0.625 0.3 0.75 0.3 0.625 0.3 0.75 0.35 0.875 0.3 0.875 0.35 0.875 0.3 1 0.3 0.875 0.35 0 0.3 0.125 0.3 0 0.35 0.125 0.3 0.25 0.3 0.125 0.35 0.25 0.3 0.375 0.3 0.25 0.35 0.375 0.3 0.5 0.3 0.375 0.4 0.5 0.35 0.625 0.35 0.5 0.35 0.625 0.4 0.75 0.35 0.75 0.35 0.75 0.4 0.875 0.35 0.875 0.4 0.875 0.35 1 0.35 0.875 0.35 0 0.4 0.125 0.35 0.125 0.4 0.125 0.35 0.25 0.35 0.125 0.4 0.25 0.35 0.375 0.35 0.25 0.35 0.375 0.4 0.5 0.35 0.5 0.45 0.5 0.4 0.625 0.4 0.5 0.45 0.625 0.4 0.75 0.4 0.625 0.4 0.75 0.45 0.875 0.4 0.875 0.4 0.875 0.45 1 0.4 1 0.45 0 0.4 0.125 0.4 0 0.45 0.125 0.4 0.25 0.4 0.125 0.4 0.25 0.45 0.375 0.4 0.375 0.4 0.375 0.45 0.5 0.4 0.5 0.5 0.5 0.45 0.625 0.45 0.5 0.45 0.625 0.5 0.75 0.45 0.75 0.5 0.75 0.45 0.875 0.45 0.75 0.5 0.875 0.45 1 0.45 0.875 0.5 0 0.45 0.125 0.45 0 0.5 0.125 0.45 0.25 0.45 0.125 0.5 0.25 0.45 0.375 0.45 0.25 0.5 0.375 0.45 0.5 0.45 0.375 0.55 0.5 0.5 0.625 0.5 0.5 0.55 0.625 0.5 0.75 0.5 0.625 0.55 0.75 0.5 0.875 0.5 0.75 0.55 0.875 0.5 1 0.5 0.875 0.5 0 0.55 0.125 0.5 0.125 0.5 0.125 0.55 0.25 0.5 0.25 0.5 0.25 0.55 0.375 0.5 0.375 0.55 0.375 0.5 0.5 0.5 0.375 0.5028243 0.4309452 0.5493506 0.3162305 0.5493506 0.4309452 0.5028243 0.3162305 0.5493506 0.1837694 0.5493506 0.3162305 0.5028243 0.1837694 0.5493507 0.06905478 0.5493506 0.1837694 0.5028243 0.06905478 0.5493507 0.002824187 0.5493507 0.06905478 0.5028242 0.8647147 0.5493506 0.75 0.5493506 0.8647147 0.5028242 0.75 0.5493506 0.6175389 0.5493506 0.75 0.5028242 0.6175389 0.5493506 0.5028242 0.5493506 0.6175389 0.5028243 0.5028242 0.5493506 0.4365936 0.5493506 0.5028242 0.5549991 0.4309452 0.6015254 0.3647147 0.6015254 0.4309452 0.5549991 0.3647147 0.6015255 0.25 0.6015254 0.3647147 0.06905472 0.06905478 0.4971758 0.1837694 0.1837694 0.4971758 0.5549991 0.25 0.6015255 0.1175389 0.6015255 0.25 0.5549991 0.1175389 0.6015255 0.002824187 0.6015255 0.1175389 0.1837694 0.5028242 0.4971758 0.8162305 0.06905478 0.9309452 0.6 0.5 0.55 0.625 0.55 0.5 0.6 0.625 0.55 0.75 0.55 0.625 0.6 0.75 0.55 0.875 0.55 0.75 0.6 0.875 0.55 1 0.55 0.875 0.55 0 0.6 0.125 0.55 0.125 0.6 0.125 0.55 0.25 0.55 0.125 0.55 0.25 0.6 0.375 0.55 0.375 0.6 0.375 0.55 0.5 0.55 0.375 0.6 0.5 0.65 0.625 0.6 0.625 0.6 0.625 0.65 0.75 0.6 0.75 0.6 0.75 0.65 0.875 0.6 0.875 0.65 0.875 0.6 1 0.6 0.875 0.6 0 0.65 0.125 0.6 0.125 0.65 0.125 0.6 0.25 0.6 0.125 0.65 0.25 0.6 0.375 0.6 0.25 0.65 0.375 0.6 0.5 0.6 0.375 0.65 0.5 0.7 0.625 0.65 0.625 0.7 0.625 0.65 0.75 0.65 0.625 0.7 0.75 0.65 0.875 0.65 0.75 0.7 0.875 0.65 1 0.65 0.875 0.65 0 0.7 0.125 0.65 0.125 0.65 0.125 0.7 0.25 0.65 0.25 0.65 0.25 0.7 0.375 0.65 0.375 0.7 0.375 0.65 0.5 0.65 0.375 0.7 0.5 0.75 0.625 0.7 0.625 0.7 0.625 0.75 0.75 0.7 0.75 0.75 0.75 0.7 0.875 0.7 0.75 0.7 0.875 0.75 1 0.7 1 0.75 0 0.7 0.125 0.7 0 0.7 0.125 0.75 0.25 0.7 0.25 0.75 0.25 0.7 0.375 0.7 0.25 0.75 0.375 0.7 0.5 0.7 0.375 0.8 0.5 0.75 0.625 0.75 0.5 0.8 0.625 0.75 0.75 0.75 0.625 0.8 0.75 0.75 0.875 0.75 0.75 0.8 0.875 0.75 1 0.75 0.875 0.8 0 0.75 0.125 0.75 0 0.75 0.125 0.8 0.25 0.75 0.25 0.8 0.25 0.75 0.375 0.75 0.25 0.8 0.375 0.75 0.5 0.75 0.375 0.85 0.5 0.8 0.625 0.8 0.5 0.85 0.625 0.8 0.75 0.8 0.625 0.85 0.75 0.8 0.875 0.8 0.75 0.85 0.875 0.8 1 0.8 0.875 0.8 0 0.85 0.125 0.8 0.125 0.8 0.125 0.85 0.25 0.8 0.25 0.8 0.25 0.85 0.375 0.8 0.375 0.85 0.375 0.8 0.5 0.8 0.375 0.9 0.5 0.85 0.625 0.85 0.5 0.85 0.625 0.9 0.75 0.85 0.75 0.85 0.75 0.9 0.875 0.85 0.875 0.9 0.875 0.85 1 0.85 0.875 0.9 0 0.85 0.125 0.85 0 0.9 0.125 0.85 0.25 0.85 0.125 0.9 0.25 0.85 0.375 0.85 0.25 0.85 0.375 0.9 0.5 0.85 0.5 0.95 0.5 0.9 0.625 0.9 0.5 0.9 0.625 0.95 0.75 0.9 0.75 0.95 0.75 0.9 0.875 0.9 0.75 0.9 0.875 0.95 1 0.9 1 0.95 0 0.9 0.125 0.9 0 0.9 0.125 0.95 0.25 0.9 0.25 0.95 0.25 0.9 0.375 0.9 0.25 0.9 0.375 0.95 0.5 0.9 0.5 1 0.5 0.95 0.625 0.95 0.5 1 0.625 0.95 0.75 0.95 0.625 1 0.75 0.95 0.875 0.95 0.75 0.95 0.875 1 1 0.95 1 1 0 0.95 0.125 0.95 0 0.95 0.125 1 0.25 0.95 0.25 0.95 0.25 1 0.375 0.95 0.375 0.95 0.375 1 0.5 0.95 0.5 0 0.5 0.04999995 0.625 0 0.625 0 0.625 0.04999995 0.75 0 0.75 0.04999995 0.75 0 0.875 0 0.75 0 0.875 0.04999995 1 0 1 0.04999995 0 0 0.125 0 0 0.04999995 0.125 0 0.25 0 0.125 0.04999995 0.25 0 0.375 0 0.25 0.04999995 0.375 0 0.5 0 0.375 0.1 0.5 0.04999995 0.625 0.04999995 0.5 0.04999995 0.625 0.1 0.75 0.04999995 0.75 0.04999995 0.75 0.1 0.875 0.04999995 0.875 0.04999995 0.875 0.1 1 0.04999995 1 0.1 0 0.04999995 0.125 0.04999995 0 0.1 0.125 0.04999995 0.25 0.04999995 0.125 0.1 0.25 0.04999995 0.375 0.04999995 0.25 0.1 0.375 0.04999995 0.5 0.04999995 0.375 0.1 0.5 0.15 0.625 0.1 0.625 0.15 0.625 0.1 0.75 0.1 0.625 0.1 0.75 0.15 0.875 0.1 0.875 0.15 0.875 0.1 1 0.1 0.875 0.15 0 0.1 0.125 0.1 0 0.15 0.125 0.1 0.25 0.1 0.125 0.1 0.25 0.15 0.375 0.1 0.375 0.15 0.375 0.1 0.5 0.1 0.375 0.15 0.5 0.2 0.625 0.15 0.625 0.2 0.625 0.15 0.75 0.15 0.625 0.15 0.75 0.2 0.875 0.15 0.875 0.2 0.875 0.15 1 0.15 0.875 0.15 0 0.2 0.125 0.15 0.125 0.2 0.125 0.15 0.25 0.15 0.125 0.15 0.25 0.2 0.375 0.15 0.375 0.2 0.375 0.15 0.5 0.15 0.375 0.2 0.5 0.25 0.625 0.2 0.625 0.25 0.625 0.2 0.75 0.2 0.625 0.25 0.75 0.2 0.875 0.2 0.75 0.25 0.875 0.2 1 0.2 0.875 0.25 0 0.2 0.125 0.2 0 0.2 0.125 0.25 0.25 0.2 0.25 0.2 0.25 0.25 0.375 0.2 0.375 0.25 0.375 0.2 0.5 0.2 0.375 0.3 0.5 0.25 0.625 0.25 0.5 0.25 0.625 0.3 0.75 0.25 0.75 0.25 0.75 0.3 0.875 0.25 0.875 0.25 0.875 0.3 1 0.25 1 0.3 0 0.25 0.125 0.25 0 0.3 0.125 0.25 0.25 0.25 0.125 0.3 0.25 0.25 0.375 0.25 0.25 0.3 0.375 0.25 0.5 0.25 0.375 0.35 0.5 0.3 0.625 0.3 0.5 0.35 0.625 0.3 0.75 0.3 0.625 0.3 0.75 0.35 0.875 0.3 0.875 0.35 0.875 0.3 1 0.3 0.875 0.35 0 0.3 0.125 0.3 0 0.35 0.125 0.3 0.25 0.3 0.125 0.35 0.25 0.3 0.375 0.3 0.25 0.35 0.375 0.3 0.5 0.3 0.375 0.4 0.5 0.35 0.625 0.35 0.5 0.35 0.625 0.4 0.75 0.35 0.75 0.35 0.75 0.4 0.875 0.35 0.875 0.4 0.875 0.35 1 0.35 0.875 0.35 0 0.4 0.125 0.35 0.125 0.4 0.125 0.35 0.25 0.35 0.125 0.4 0.25 0.35 0.375 0.35 0.25 0.35 0.375 0.4 0.5 0.35 0.5 0.45 0.5 0.4 0.625 0.4 0.5 0.45 0.625 0.4 0.75 0.4 0.625 0.4 0.75 0.45 0.875 0.4 0.875 0.45 0.875 0.4 1 0.4 0.875 0.45 0 0.4 0.125 0.4 0 0.45 0.125 0.4 0.25 0.4 0.125 0.4 0.25 0.45 0.375 0.4 0.375 0.4 0.375 0.45 0.5 0.4 0.5 0.45 0.5 0.5 0.625 0.45 0.625 0.45 0.625 0.5 0.75 0.45 0.75 0.5 0.75 0.45 0.875 0.45 0.75 0.45 0.875 0.5 1 0.45 1 0.5 0 0.45 0.125 0.45 0 0.5 0.125 0.45 0.25 0.45 0.125 0.5 0.25 0.45 0.375 0.45 0.25 0.5 0.375 0.45 0.5 0.45 0.375 0.55 0.5 0.5 0.625 0.5 0.5 0.55 0.625 0.5 0.75 0.5 0.625 0.55 0.75 0.5 0.875 0.5 0.75 0.55 0.875 0.5 1 0.5 0.875 0.55 0 0.5 0.125 0.5 0 0.5 0.125 0.55 0.25 0.5 0.25 0.5 0.25 0.55 0.375 0.5 0.375 0.55 0.375 0.5 0.5 0.5 0.375 0.5028243 0.4309452 0.5493506 0.3162305 0.5493506 0.4309452 0.5028243 0.3162305 0.5493506 0.1837694 0.5493506 0.3162305 0.5028243 0.1837694 0.5493507 0.06905478 0.5493506 0.1837694 0.5028243 0.06905478 0.5493507 0.002824187 0.5493507 0.06905478 0.5028242 0.8647147 0.5493506 0.75 0.5493506 0.8647147 0.5028242 0.75 0.5493506 0.6175389 0.5493506 0.75 0.5028242 0.6175389 0.5493506 0.5028242 0.5493506 0.6175389 0.5028243 0.5028242 0.5493506 0.4365936 0.5493506 0.5028242 0.5549991 0.4309452 0.6015254 0.3647147 0.6015254 0.4309452 0.5549991 0.3647147 0.6015255 0.25 0.6015254 0.3647147 0.06905472 0.06905478 0.4971758 0.1837694 0.1837694 0.4971758 0.5549991 0.25 0.6015255 0.1175389 0.6015255 0.25 0.5549991 0.1175389 0.6015255 0.002824187 0.6015255 0.1175389 0.1837694 0.5028242 0.4971758 0.8162305 0.06905478 0.9309452 0.55 0.5 0.6 0.625 0.55 0.625 0.6 0.625 0.55 0.75 0.55 0.625 0.6 0.75 0.55 0.875 0.55 0.75 0.6 0.875 0.55 1 0.55 0.875 0.55 0 0.6 0.125 0.55 0.125 0.6 0.125 0.55 0.25 0.55 0.125 0.55 0.25 0.6 0.375 0.55 0.375 0.6 0.375 0.55 0.5 0.55 0.375 0.6 0.5 0.65 0.625 0.6 0.625 0.6 0.625 0.65 0.75 0.6 0.75 0.6 0.75 0.65 0.875 0.6 0.875 0.65 0.875 0.6 1 0.6 0.875 0.6 0 0.65 0.125 0.6 0.125 0.65 0.125 0.6 0.25 0.6 0.125 0.65 0.25 0.6 0.375 0.6 0.25 0.65 0.375 0.6 0.5 0.6 0.375 0.65 0.5 0.7 0.625 0.65 0.625 0.7 0.625 0.65 0.75 0.65 0.625 0.7 0.75 0.65 0.875 0.65 0.75 0.7 0.875 0.65 1 0.65 0.875 0.65 0 0.7 0.125 0.65 0.125 0.65 0.125 0.7 0.25 0.65 0.25 0.65 0.25 0.7 0.375 0.65 0.375 0.7 0.375 0.65 0.5 0.65 0.375 0.7 0.5 0.75 0.625 0.7 0.625 0.7 0.625 0.75 0.75 0.7 0.75 0.75 0.75 0.7 0.875 0.7 0.75 0.7 0.875 0.75 1 0.7 1 0.75 0 0.7 0.125 0.7 0 0.7 0.125 0.75 0.25 0.7 0.25 0.75 0.25 0.7 0.375 0.7 0.25 0.75 0.375 0.7 0.5 0.7 0.375 0.8 0.5 0.75 0.625 0.75 0.5 0.8 0.625 0.75 0.75 0.75 0.625 0.8 0.75 0.75 0.875 0.75 0.75 0.8 0.875 0.75 1 0.75 0.875 0.8 0 0.75 0.125 0.75 0 0.75 0.125 0.8 0.25 0.75 0.25 0.8 0.25 0.75 0.375 0.75 0.25 0.8 0.375 0.75 0.5 0.75 0.375 0.85 0.5 0.8 0.625 0.8 0.5 0.85 0.625 0.8 0.75 0.8 0.625 0.85 0.75 0.8 0.875 0.8 0.75 0.85 0.875 0.8 1 0.8 0.875 0.8 0 0.85 0.125 0.8 0.125 0.8 0.125 0.85 0.25 0.8 0.25 0.8 0.25 0.85 0.375 0.8 0.375 0.85 0.375 0.8 0.5 0.8 0.375 0.9 0.5 0.85 0.625 0.85 0.5 0.85 0.625 0.9 0.75 0.85 0.75 0.85 0.75 0.9 0.875 0.85 0.875 0.9 0.875 0.85 1 0.85 0.875 0.9 0 0.85 0.125 0.85 0 0.9 0.125 0.85 0.25 0.85 0.125 0.9 0.25 0.85 0.375 0.85 0.25 0.85 0.375 0.9 0.5 0.85 0.5 0.95 0.5 0.9 0.625 0.9 0.5 0.9 0.625 0.95 0.75 0.9 0.75 0.95 0.75 0.9 0.875 0.9 0.75 0.9 0.875 0.95 1 0.9 1 0.95 0 0.9 0.125 0.9 0 0.9 0.125 0.95 0.25 0.9 0.25 0.95 0.25 0.9 0.375 0.9 0.25 0.9 0.375 0.95 0.5 0.9 0.5 1 0.5 0.95 0.625 0.95 0.5 1 0.625 0.95 0.75 0.95 0.625 1 0.75 0.95 0.875 0.95 0.75 0.95 0.875 1 1 0.95 1 1 0 0.95 0.125 0.95 0 0.95 0.125 1 0.25 0.95 0.25 0.95 0.25 1 0.375 0.95 0.375 0.95 0.375 1 0.5 0.95 0.5 0 0.5 0.04999995 0.625 0 0.625 0 0.625 0.04999995 0.75 0 0.75 0.04999995 0.75 0 0.875 0 0.75 0 0.875 0.04999995 1 0 1 0.04999995 0 0 0.125 0 0 0.04999995 0.125 0 0.25 0 0.125 0.04999995 0.25 0 0.375 0 0.25 0.04999995 0.375 0 0.5 0 0.375 0.1 0.5 0.04999995 0.625 0.04999995 0.5 0.04999995 0.625 0.1 0.75 0.04999995 0.75 0.04999995 0.75 0.1 0.875 0.04999995 0.875 0.04999995 0.875 0.1 1 0.04999995 1 0.1 0 0.04999995 0.125 0.04999995 0 0.1 0.125 0.04999995 0.25 0.04999995 0.125 0.1 0.25 0.04999995 0.375 0.04999995 0.25 0.1 0.375 0.04999995 0.5 0.04999995 0.375 0.1 0.5 0.15 0.625 0.1 0.625 0.15 0.625 0.1 0.75 0.1 0.625 0.1 0.75 0.15 0.875 0.1 0.875 0.15 0.875 0.1 1 0.1 0.875 0.15 0 0.1 0.125 0.1 0 0.15 0.125 0.1 0.25 0.1 0.125 0.1 0.25 0.15 0.375 0.1 0.375 0.15 0.375 0.1 0.5 0.1 0.375 0.15 0.5 0.2 0.625 0.15 0.625 0.2 0.625 0.15 0.75 0.15 0.625 0.15 0.75 0.2 0.875 0.15 0.875 0.2 0.875 0.15 1 0.15 0.875 0.15 0 0.2 0.125 0.15 0.125 0.2 0.125 0.15 0.25 0.15 0.125 0.15 0.25 0.2 0.375 0.15 0.375 0.2 0.375 0.15 0.5 0.15 0.375 0.2 0.5 0.25 0.625 0.2 0.625 0.25 0.625 0.2 0.75 0.2 0.625 0.25 0.75 0.2 0.875 0.2 0.75 0.25 0.875 0.2 1 0.2 0.875 0.25 0 0.2 0.125 0.2 0 0.2 0.125 0.25 0.25 0.2 0.25 0.2 0.25 0.25 0.375 0.2 0.375 0.25 0.375 0.2 0.5 0.2 0.375 0.25 0.5 0.3 0.625 0.25 0.625 0.25 0.625 0.3 0.75 0.25 0.75 0.25 0.75 0.3 0.875 0.25 0.875 0.25 0.875 0.3 1 0.25 1 0.3 0 0.25 0.125 0.25 0 0.3 0.125 0.25 0.25 0.25 0.125 0.3 0.25 0.25 0.375 0.25 0.25 0.3 0.375 0.25 0.5 0.25 0.375 0.35 0.5 0.3 0.625 0.3 0.5 0.35 0.625 0.3 0.75 0.3 0.625 0.3 0.75 0.35 0.875 0.3 0.875 0.35 0.875 0.3 1 0.3 0.875 0.35 0 0.3 0.125 0.3 0 0.35 0.125 0.3 0.25 0.3 0.125 0.35 0.25 0.3 0.375 0.3 0.25 0.35 0.375 0.3 0.5 0.3 0.375 0.4 0.5 0.35 0.625 0.35 0.5 0.35 0.625 0.4 0.75 0.35 0.75 0.35 0.75 0.4 0.875 0.35 0.875 0.4 0.875 0.35 1 0.35 0.875 0.35 0 0.4 0.125 0.35 0.125 0.4 0.125 0.35 0.25 0.35 0.125 0.4 0.25 0.35 0.375 0.35 0.25 0.35 0.375 0.4 0.5 0.35 0.5 0.45 0.5 0.4 0.625 0.4 0.5 0.45 0.625 0.4 0.75 0.4 0.625 0.4 0.75 0.45 0.875 0.4 0.875 0.4 0.875 0.45 1 0.4 1 0.45 0 0.4 0.125 0.4 0 0.45 0.125 0.4 0.25 0.4 0.125 0.4 0.25 0.45 0.375 0.4 0.375 0.4 0.375 0.45 0.5 0.4 0.5 0.5 0.5 0.45 0.625 0.45 0.5 0.45 0.625 0.5 0.75 0.45 0.75 0.5 0.75 0.45 0.875 0.45 0.75 0.5 0.875 0.45 1 0.45 0.875 0.5 0 0.45 0.125 0.45 0 0.5 0.125 0.45 0.25 0.45 0.125 0.5 0.25 0.45 0.375 0.45 0.25 0.5 0.375 0.45 0.5 0.45 0.375 0.55 0.5 0.5 0.625 0.5 0.5 0.55 0.625 0.5 0.75 0.5 0.625 0.55 0.75 0.5 0.875 0.5 0.75 0.55 0.875 0.5 1 0.5 0.875 0.55 0 0.5 0.125 0.5 0 0.5 0.125 0.55 0.25 0.5 0.25 0.5 0.25 0.55 0.375 0.5 0.375 0.55 0.375 0.5 0.5 0.5 0.375 0.5028243 0.4309452 0.5493506 0.3162305 0.5493506 0.4309452 0.5028243 0.3162305 0.5493506 0.1837694 0.5493506 0.3162305 0.5028243 0.1837694 0.5493507 0.06905478 0.5493506 0.1837694 0.5028243 0.06905478 0.5493507 0.002824187 0.5493507 0.06905478 0.5028242 0.8647147 0.5493506 0.75 0.5493506 0.8647147 0.5028242 0.75 0.5493506 0.6175389 0.5493506 0.75 0.5028242 0.6175389 0.5493506 0.5028242 0.5493506 0.6175389 0.5028243 0.5028242 0.5493506 0.4365936 0.5493506 0.5028242 0.5549991 0.4309452 0.6015254 0.3647147 0.6015254 0.4309452 0.5549991 0.3647147 0.6015255 0.25 0.6015254 0.3647147 0.06905472 0.06905478 0.4971758 0.1837694 0.1837694 0.4971758 0.5549991 0.25 0.6015255 0.1175389 0.6015255 0.25 0.5549991 0.1175389 0.6015255 0.002824187 0.6015255 0.1175389 0.1837694 0.5028242 0.4971758 0.8162305 0.06905478 0.9309452 0.55 0.5 0.6 0.625 0.55 0.625 0.6 0.625 0.55 0.75 0.55 0.625 0.6 0.75 0.55 0.875 0.55 0.75 0.6 0.875 0.55 1 0.55 0.875 0.6 0 0.55 0.125 0.55 0 0.6 0.125 0.55 0.25 0.55 0.125 0.55 0.25 0.6 0.375 0.55 0.375 0.6 0.375 0.55 0.5 0.55 0.375 0.6 0.5 0.65 0.625 0.6 0.625 0.6 0.625 0.65 0.75 0.6 0.75 0.6 0.75 0.65 0.875 0.6 0.875 0.65 0.875 0.6 1 0.6 0.875 0.6 0 0.65 0.125 0.6 0.125 0.65 0.125 0.6 0.25 0.6 0.125 0.65 0.25 0.6 0.375 0.6 0.25 0.65 0.375 0.6 0.5 0.6 0.375 0.65 0.5 0.7 0.625 0.65 0.625 0.7 0.625 0.65 0.75 0.65 0.625 0.7 0.75 0.65 0.875 0.65 0.75 0.7 0.875 0.65 1 0.65 0.875 0.65 0 0.7 0.125 0.65 0.125 0.65 0.125 0.7 0.25 0.65 0.25 0.65 0.25 0.7 0.375 0.65 0.375 0.7 0.375 0.65 0.5 0.65 0.375 0.7 0.5 0.75 0.625 0.7 0.625 0.7 0.625 0.75 0.75 0.7 0.75 0.75 0.75 0.7 0.875 0.7 0.75 0.7 0.875 0.75 1 0.7 1 0.75 0 0.7 0.125 0.7 0 0.7 0.125 0.75 0.25 0.7 0.25 0.75 0.25 0.7 0.375 0.7 0.25 0.75 0.375 0.7 0.5 0.7 0.375 0.8 0.5 0.75 0.625 0.75 0.5 0.8 0.625 0.75 0.75 0.75 0.625 0.8 0.75 0.75 0.875 0.75 0.75 0.8 0.875 0.75 1 0.75 0.875 0.8 0 0.75 0.125 0.75 0 0.75 0.125 0.8 0.25 0.75 0.25 0.8 0.25 0.75 0.375 0.75 0.25 0.8 0.375 0.75 0.5 0.75 0.375 0.85 0.5 0.8 0.625 0.8 0.5 0.85 0.625 0.8 0.75 0.8 0.625 0.85 0.75 0.8 0.875 0.8 0.75 0.85 0.875 0.8 1 0.8 0.875 0.8 0 0.85 0.125 0.8 0.125 0.8 0.125 0.85 0.25 0.8 0.25 0.8 0.25 0.85 0.375 0.8 0.375 0.8 0.375 0.85 0.5 0.8 0.5 0.9 0.5 0.85 0.625 0.85 0.5 0.85 0.625 0.9 0.75 0.85 0.75 0.85 0.75 0.9 0.875 0.85 0.875 0.9 0.875 0.85 1 0.85 0.875 0.9 0 0.85 0.125 0.85 0 0.9 0.125 0.85 0.25 0.85 0.125 0.9 0.25 0.85 0.375 0.85 0.25 0.85 0.375 0.9 0.5 0.85 0.5 0.95 0.5 0.9 0.625 0.9 0.5 0.9 0.625 0.95 0.75 0.9 0.75 0.95 0.75 0.9 0.875 0.9 0.75 0.9 0.875 0.95 1 0.9 1 0.95 0 0.9 0.125 0.9 0 0.9 0.125 0.95 0.25 0.9 0.25 0.95 0.25 0.9 0.375 0.9 0.25 0.9 0.375 0.95 0.5 0.9 0.5 1 0.5 0.95 0.625 0.95 0.5 1 0.625 0.95 0.75 0.95 0.625 1 0.75 0.95 0.875 0.95 0.75 0.95 0.875 1 1 0.95 1 1 0 0.95 0.125 0.95 0 0.95 0.125 1 0.25 0.95 0.25 0.95 0.25 1 0.375 0.95 0.375 0.95 0.375 1 0.5 0.95 0.5 0 0.5 0.04999995 0.625 0 0.625 0 0.625 0.04999995 0.75 0 0.75 0.04999995 0.75 0 0.875 0 0.75 0 0.875 0.04999995 1 0 1 0.04999995 0 0 0.125 0 0 0.04999995 0.125 0 0.25 0 0.125 0.04999995 0.25 0 0.375 0 0.25 0.04999995 0.375 0 0.5 0 0.375 0.1 0.5 0.04999995 0.625 0.04999995 0.5 0.04999995 0.625 0.1 0.75 0.04999995 0.75 0.04999995 0.75 0.1 0.875 0.04999995 0.875 0.04999995 0.875 0.1 1 0.04999995 1 0.1 0 0.04999995 0.125 0.04999995 0 0.1 0.125 0.04999995 0.25 0.04999995 0.125 0.1 0.25 0.04999995 0.375 0.04999995 0.25 0.1 0.375 0.04999995 0.5 0.04999995 0.375 0.1 0.5 0.15 0.625 0.1 0.625 0.15 0.625 0.1 0.75 0.1 0.625 0.1 0.75 0.15 0.875 0.1 0.875 0.15 0.875 0.1 1 0.1 0.875 0.1 0 0.15 0.125 0.1 0.125 0.15 0.125 0.1 0.25 0.1 0.125 0.1 0.25 0.15 0.375 0.1 0.375 0.15 0.375 0.1 0.5 0.1 0.375 0.15 0.5 0.2 0.625 0.15 0.625 0.2 0.625 0.15 0.75 0.15 0.625 0.15 0.75 0.2 0.875 0.15 0.875 0.2 0.875 0.15 1 0.15 0.875 0.15 0 0.2 0.125 0.15 0.125 0.2 0.125 0.15 0.25 0.15 0.125 0.15 0.25 0.2 0.375 0.15 0.375 0.2 0.375 0.15 0.5 0.15 0.375 0.2 0.5 0.25 0.625 0.2 0.625 0.25 0.625 0.2 0.75 0.2 0.625 0.25 0.75 0.2 0.875 0.2 0.75 0.25 0.875 0.2 1 0.2 0.875 0.25 0 0.2 0.125 0.2 0 0.2 0.125 0.25 0.25 0.2 0.25 0.2 0.25 0.25 0.375 0.2 0.375 0.25 0.375 0.2 0.5 0.2 0.375 0.25 0.5 0.3 0.625 0.25 0.625 0.25 0.625 0.3 0.75 0.25 0.75 0.25 0.75 0.3 0.875 0.25 0.875 0.25 0.875 0.3 1 0.25 1 0.3 0 0.25 0.125 0.25 0 0.3 0.125 0.25 0.25 0.25 0.125 0.3 0.25 0.25 0.375 0.25 0.25 0.3 0.375 0.25 0.5 0.25 0.375 0.35 0.5 0.3 0.625 0.3 0.5 0.35 0.625 0.3 0.75 0.3 0.625 0.3 0.75 0.35 0.875 0.3 0.875 0.35 0.875 0.3 1 0.3 0.875 0.35 0 0.3 0.125 0.3 0 0.35 0.125 0.3 0.25 0.3 0.125 0.35 0.25 0.3 0.375 0.3 0.25 0.35 0.375 0.3 0.5 0.3 0.375 0.4 0.5 0.35 0.625 0.35 0.5 0.35 0.625 0.4 0.75 0.35 0.75 0.35 0.75 0.4 0.875 0.35 0.875 0.4 0.875 0.35 1 0.35 0.875 0.35 0 0.4 0.125 0.35 0.125 0.4 0.125 0.35 0.25 0.35 0.125 0.4 0.25 0.35 0.375 0.35 0.25 0.35 0.375 0.4 0.5 0.35 0.5 0.45 0.5 0.4 0.625 0.4 0.5 0.45 0.625 0.4 0.75 0.4 0.625 0.4 0.75 0.45 0.875 0.4 0.875 0.4 0.875 0.45 1 0.4 1 0.45 0 0.4 0.125 0.4 0 0.45 0.125 0.4 0.25 0.4 0.125 0.4 0.25 0.45 0.375 0.4 0.375 0.4 0.375 0.45 0.5 0.4 0.5 0.5 0.5 0.45 0.625 0.45 0.5 0.45 0.625 0.5 0.75 0.45 0.75 0.5 0.75 0.45 0.875 0.45 0.75 0.5 0.875 0.45 1 0.45 0.875 0.5 0 0.45 0.125 0.45 0 0.5 0.125 0.45 0.25 0.45 0.125 0.5 0.25 0.45 0.375 0.45 0.25 0.5 0.375 0.45 0.5 0.45 0.375 0.55 0.5 0.5 0.625 0.5 0.5 0.55 0.625 0.5 0.75 0.5 0.625 0.55 0.75 0.5 0.875 0.5 0.75 0.55 0.875 0.5 1 0.5 0.875 0.5 0 0.55 0.125 0.5 0.125 0.5 0.125 0.55 0.25 0.5 0.25 0.5 0.25 0.55 0.375 0.5 0.375 0.55 0.375 0.5 0.5 0.5 0.375 0.5028243 0.4309452 0.5493506 0.3162305 0.5493506 0.4309452 0.5028243 0.3162305 0.5493506 0.1837694 0.5493506 0.3162305 0.5028243 0.1837694 0.5493507 0.06905478 0.5493506 0.1837694 0.5028243 0.06905478 0.5493507 0.002824187 0.5493507 0.06905478 0.5028242 0.8647147 0.5493506 0.75 0.5493506 0.8647147 0.5028242 0.75 0.5493506 0.6175389 0.5493506 0.75 0.5028242 0.6175389 0.5493506 0.5028242 0.5493506 0.6175389 0.5028243 0.5028242 0.5493506 0.4365936 0.5493506 0.5028242 0.5549991 0.4309452 0.6015254 0.3647147 0.6015254 0.4309452 0.5549991 0.3647147 0.6015255 0.25 0.6015254 0.3647147 0.06905472 0.06905478 0.4971758 0.1837694 0.1837694 0.4971758 0.5549991 0.25 0.6015255 0.1175389 0.6015255 0.25 0.5549991 0.1175389 0.6015255 0.002824187 0.6015255 0.1175389 0.1837694 0.5028242 0.4971758 0.8162305 0.06905478 0.9309452 0.55 0.5 0.6 0.5 0.6 0.625 0.6 0.625 0.6 0.75 0.55 0.75 0.6 0.75 0.6 0.875 0.55 0.875 0.6 0.875 0.6 1 0.55 1 0.6 0 0.6 0.125 0.55 0.125 0.6 0.125 0.6 0.25 0.55 0.25 0.55 0.25 0.6 0.25 0.6 0.375 0.6 0.375 0.6 0.5 0.55 0.5 0.6 0.5 0.65 0.5 0.65 0.625 0.6 0.625 0.65 0.625 0.65 0.75 0.6 0.75 0.65 0.75 0.65 0.875 0.65 0.875 0.65 1 0.6 1 0.6 0 0.65 0 0.65 0.125 0.65 0.125 0.65 0.25 0.6 0.25 0.65 0.25 0.65 0.375 0.6 0.375 0.65 0.375 0.65 0.5 0.6 0.5 0.65 0.5 0.7 0.5 0.7 0.625 0.7 0.625 0.7 0.75 0.65 0.75 0.7 0.75 0.7 0.875 0.65 0.875 0.7 0.875 0.7 1 0.65 1 0.65 0 0.7 0 0.7 0.125 0.65 0.125 0.7 0.125 0.7 0.25 0.65 0.25 0.7 0.25 0.7 0.375 0.7 0.375 0.7 0.5 0.65 0.5 0.7 0.5 0.75 0.5 0.75 0.625 0.7 0.625 0.75 0.625 0.75 0.75 0.75 0.75 0.75 0.875 0.7 0.875 0.7 0.875 0.75 0.875 0.75 1 0.75 0 0.75 0.125 0.7 0.125 0.7 0.125 0.75 0.125 0.75 0.25 0.75 0.25 0.75 0.375 0.7 0.375 0.75 0.375 0.75 0.5 0.7 0.5 0.8 0.5 0.8 0.625 0.75 0.625 0.8 0.625 0.8 0.75 0.75 0.75 0.8 0.75 0.8 0.875 0.75 0.875 0.8 0.875 0.8 1 0.75 1 0.8 0 0.8 0.125 0.75 0.125 0.75 0.125 0.8 0.125 0.8 0.25 0.8 0.25 0.8 0.375 0.75 0.375 0.8 0.375 0.8 0.5 0.75 0.5 0.85 0.5 0.85 0.625 0.8 0.625 0.85 0.625 0.85 0.75 0.8 0.75 0.85 0.75 0.85 0.875 0.8 0.875 0.85 0.875 0.85 1 0.8 1 0.8 0 0.85 0 0.85 0.125 0.8 0.125 0.85 0.125 0.85 0.25 0.8 0.25 0.85 0.25 0.85 0.375 0.8 0.375 0.85 0.375 0.85 0.5 0.9 0.5 0.9 0.625 0.85 0.625 0.85 0.625 0.9 0.625 0.9 0.75 0.85 0.75 0.9 0.75 0.9 0.875 0.9 0.875 0.9 1 0.85 1 0.9 0 0.9 0.125 0.85 0.125 0.9 0.125 0.9 0.25 0.85 0.25 0.9 0.25 0.9 0.375 0.85 0.375 0.85 0.375 0.9 0.375 0.9 0.5 0.95 0.5 0.95 0.625 0.9 0.625 0.9 0.625 0.95 0.625 0.95 0.75 0.95 0.75 0.95 0.875 0.9 0.875 0.9 0.875 0.95 0.875 0.95 1 0.95 0 0.95 0.125 0.9 0.125 0.9 0.125 0.95 0.125 0.95 0.25 0.95 0.25 0.95 0.375 0.9 0.375 0.9 0.375 0.95 0.375 0.95 0.5 1 0.5 1 0.625 0.95 0.625 1 0.625 1 0.75 0.95 0.75 1 0.75 1 0.875 0.95 0.875 0.95 0.875 1 0.875 1 1 1 0 1 0.125 0.95 0.125 0.95 0.125 1 0.125 1 0.25 0.95 0.25 1 0.25 1 0.375 0.95 0.375 1 0.375 1 0.5 0 0.5 0.04999995 0.5 0.04999995 0.625 0 0.625 0.04999995 0.625 0.04999995 0.75 0.04999995 0.75 0.04999995 0.875 0 0.875 0 0.875 0.04999995 0.875 0.04999995 1 0.04999995 0 0.04999995 0.125 0 0.125 0.04999995 0.125 0.04999995 0.25 0 0.25 0.04999995 0.25 0.04999995 0.375 0 0.375 0.04999995 0.375 0.04999995 0.5 0 0.5 0.1 0.5 0.1 0.625 0.04999995 0.625 0.04999995 0.625 0.1 0.625 0.1 0.75 0.04999995 0.75 0.1 0.75 0.1 0.875 0.04999995 0.875 0.1 0.875 0.1 1 0.1 0 0.1 0.125 0.04999995 0.125 0.1 0.125 0.1 0.25 0.04999995 0.25 0.1 0.25 0.1 0.375 0.04999995 0.375 0.1 0.375 0.1 0.5 0.04999995 0.5 0.1 0.5 0.15 0.5 0.15 0.625 0.15 0.625 0.15 0.75 0.1 0.75 0.1 0.75 0.15 0.75 0.15 0.875 0.15 0.875 0.15 1 0.1 1 0.1 0 0.15 0 0.15 0.125 0.15 0.125 0.15 0.25 0.1 0.25 0.1 0.25 0.15 0.25 0.15 0.375 0.15 0.375 0.15 0.5 0.1 0.5 0.15 0.5 0.2 0.5 0.2 0.625 0.2 0.625 0.2 0.75 0.15 0.75 0.15 0.75 0.2 0.75 0.2 0.875 0.2 0.875 0.2 1 0.15 1 0.15 0 0.2 0 0.2 0.125 0.2 0.125 0.2 0.25 0.15 0.25 0.15 0.25 0.2 0.25 0.2 0.375 0.2 0.375 0.2 0.5 0.15 0.5 0.2 0.5 0.25 0.5 0.25 0.625 0.25 0.625 0.25 0.75 0.2 0.75 0.25 0.75 0.25 0.875 0.2 0.875 0.25 0.875 0.25 1 0.2 1 0.25 0 0.25 0.125 0.2 0.125 0.2 0.125 0.25 0.125 0.25 0.25 0.2 0.25 0.25 0.25 0.25 0.375 0.25 0.375 0.25 0.5 0.2 0.5 0.25 0.5 0.3 0.5 0.3 0.625 0.25 0.625 0.3 0.625 0.3 0.75 0.25 0.75 0.3 0.75 0.3 0.875 0.25 0.875 0.3 0.875 0.3 1 0.3 0 0.3 0.125 0.25 0.125 0.3 0.125 0.3 0.25 0.25 0.25 0.3 0.25 0.3 0.375 0.25 0.375 0.3 0.375 0.3 0.5 0.25 0.5 0.35 0.5 0.35 0.625 0.3 0.625 0.35 0.625 0.35 0.75 0.3 0.75 0.3 0.75 0.35 0.75 0.35 0.875 0.35 0.875 0.35 1 0.3 1 0.35 0 0.35 0.125 0.3 0.125 0.35 0.125 0.35 0.25 0.3 0.25 0.35 0.25 0.35 0.375 0.3 0.375 0.35 0.375 0.35 0.5 0.3 0.5 0.4 0.5 0.4 0.625 0.35 0.625 0.35 0.625 0.4 0.625 0.4 0.75 0.35 0.75 0.4 0.75 0.4 0.875 0.4 0.875 0.4 1 0.35 1 0.35 0 0.4 0 0.4 0.125 0.4 0.125 0.4 0.25 0.35 0.25 0.4 0.25 0.4 0.375 0.35 0.375 0.35 0.375 0.4 0.375 0.4 0.5 0.45 0.5 0.45 0.625 0.4 0.625 0.45 0.625 0.45 0.75 0.4 0.75 0.4 0.75 0.45 0.75 0.45 0.875 0.4 0.875 0.45 0.875 0.45 1 0.45 0 0.45 0.125 0.4 0.125 0.45 0.125 0.45 0.25 0.4 0.25 0.4 0.25 0.45 0.25 0.45 0.375 0.4 0.375 0.45 0.375 0.45 0.5 0.5 0.5 0.5 0.625 0.45 0.625 0.45 0.625 0.5 0.625 0.5 0.75 0.5 0.75 0.5 0.875 0.45 0.875 0.5 0.875 0.5 1 0.45 1 0.5 0 0.5 0.125 0.45 0.125 0.5 0.125 0.5 0.25 0.45 0.25 0.5 0.25 0.5 0.375 0.45 0.375 0.5 0.375 0.5 0.5 0.45 0.5 0.55 0.5 0.55 0.625 0.5 0.625 0.55 0.625 0.55 0.75 0.5 0.75 0.55 0.75 0.55 0.875 0.5 0.875 0.55 0.875 0.55 1 0.5 1 0.5 0 0.55 0 0.55 0.125 0.5 0.125 0.55 0.125 0.55 0.25 0.5 0.25 0.55 0.25 0.55 0.375 0.55 0.375 0.55 0.5 0.5 0.5 0.5028243 0.4309452 0.5028243 0.3162305 0.5493506 0.3162305 0.5028243 0.3162305 0.5028243 0.1837694 0.5493506 0.1837694 0.5028243 0.1837694 0.5028243 0.06905478 0.5493507 0.06905478 0.5028243 0.06905478 0.5028243 0.002824187 0.5493507 0.002824187 0.5028242 0.8647147 0.5028242 0.75 0.5493506 0.75 0.5028242 0.75 0.5028242 0.6175389 0.5493506 0.6175389 0.5028242 0.6175389 0.5028243 0.5028242 0.5493506 0.5028242 0.5028243 0.5028242 0.5028243 0.4365936 0.5493506 0.4365936 0.5549991 0.4309452 0.5549991 0.3647147 0.6015254 0.3647147 0.5549991 0.3647147 0.5549991 0.25 0.6015255 0.25 0.1837694 0.4971758 0.06905478 0.4309452 0.002824187 0.3162305 0.002824187 0.3162305 0.002824187 0.1837694 0.06905472 0.06905478 0.06905472 0.06905478 0.1837694 0.002824187 0.3162305 0.002824187 0.3162305 0.002824187 0.4309452 0.06905472 0.4971758 0.1837694 0.4971758 0.1837694 0.4971758 0.3162305 0.4309452 0.4309452 0.4309452 0.4309452 0.3162305 0.4971758 0.1837694 0.4971758 0.1837694 0.4971758 0.002824187 0.3162305 0.06905472 0.06905478 0.06905472 0.06905478 0.3162305 0.002824187 0.4971758 0.1837694 0.4971758 0.1837694 0.4309452 0.4309452 0.1837694 0.4971758 0.5549991 0.25 0.5549991 0.1175389 0.6015255 0.1175389 0.5549991 0.1175389 0.5549991 0.002824187 0.6015255 0.002824187 0.06905478 0.9309452 0.002824187 0.8162305 0.002824187 0.6837695 0.002824187 0.6837695 0.06905472 0.5690548 0.1837694 0.5028242 0.1837694 0.5028242 0.3162305 0.5028242 0.4309452 0.5690547 0.4309452 0.5690547 0.4971758 0.6837694 0.4971758 0.8162305 0.4971758 0.8162305 0.4309452 0.9309452 0.3162305 0.9971758 0.3162305 0.9971758 0.1837694 0.9971758 0.06905478 0.9309452 0.06905478 0.9309452 0.002824187 0.6837695 0.1837694 0.5028242 0.1837694 0.5028242 0.4309452 0.5690547 0.4971758 0.8162305 0.4971758 0.8162305 0.3162305 0.9971758 0.06905478 0.9309452 0.6 0.5 0.6 0.625 0.55 0.625 0.6 0.625 0.6 0.75 0.55 0.75 0.6 0.75 0.6 0.875 0.55 0.875 0.6 0.875 0.6 1 0.55 1 0.55 0 0.6 0 0.6 0.125 0.6 0.125 0.6 0.25 0.55 0.25 0.55 0.25 0.6 0.25 0.6 0.375 0.6 0.375 0.6 0.5 0.55 0.5 0.6 0.5 0.65 0.5 0.65 0.625 0.6 0.625 0.65 0.625 0.65 0.75 0.6 0.75 0.65 0.75 0.65 0.875 0.65 0.875 0.65 1 0.6 1 0.6 0 0.65 0 0.65 0.125 0.65 0.125 0.65 0.25 0.6 0.25 0.65 0.25 0.65 0.375 0.6 0.375 0.65 0.375 0.65 0.5 0.6 0.5 0.65 0.5 0.7 0.5 0.7 0.625 0.7 0.625 0.7 0.75 0.65 0.75 0.7 0.75 0.7 0.875 0.65 0.875 0.7 0.875 0.7 1 0.65 1 0.65 0 0.7 0 0.7 0.125 0.65 0.125 0.7 0.125 0.7 0.25 0.65 0.25 0.7 0.25 0.7 0.375 0.7 0.375 0.7 0.5 0.65 0.5 0.7 0.5 0.75 0.5 0.75 0.625 0.7 0.625 0.75 0.625 0.75 0.75 0.75 0.75 0.75 0.875 0.7 0.875 0.7 0.875 0.75 0.875 0.75 1 0.75 0 0.75 0.125 0.7 0.125 0.7 0.125 0.75 0.125 0.75 0.25 0.75 0.25 0.75 0.375 0.7 0.375 0.75 0.375 0.75 0.5 0.7 0.5 0.8 0.5 0.8 0.625 0.75 0.625 0.8 0.625 0.8 0.75 0.75 0.75 0.8 0.75 0.8 0.875 0.75 0.875 0.8 0.875 0.8 1 0.75 1 0.8 0 0.8 0.125 0.75 0.125 0.75 0.125 0.8 0.125 0.8 0.25 0.8 0.25 0.8 0.375 0.75 0.375 0.8 0.375 0.8 0.5 0.75 0.5 0.85 0.5 0.85 0.625 0.8 0.625 0.85 0.625 0.85 0.75 0.8 0.75 0.85 0.75 0.85 0.875 0.8 0.875 0.85 0.875 0.85 1 0.8 1 0.8 0 0.85 0 0.85 0.125 0.8 0.125 0.85 0.125 0.85 0.25 0.8 0.25 0.85 0.25 0.85 0.375 0.85 0.375 0.85 0.5 0.8 0.5 0.9 0.5 0.9 0.625 0.85 0.625 0.85 0.625 0.9 0.625 0.9 0.75 0.85 0.75 0.9 0.75 0.9 0.875 0.9 0.875 0.9 1 0.85 1 0.9 0 0.9 0.125 0.85 0.125 0.9 0.125 0.9 0.25 0.85 0.25 0.9 0.25 0.9 0.375 0.85 0.375 0.85 0.375 0.9 0.375 0.9 0.5 0.95 0.5 0.95 0.625 0.9 0.625 0.9 0.625 0.95 0.625 0.95 0.75 0.95 0.75 0.95 0.875 0.9 0.875 0.9 0.875 0.95 0.875 0.95 1 0.95 0 0.95 0.125 0.9 0.125 0.9 0.125 0.95 0.125 0.95 0.25 0.95 0.25 0.95 0.375 0.9 0.375 0.9 0.375 0.95 0.375 0.95 0.5 1 0.5 1 0.625 0.95 0.625 1 0.625 1 0.75 0.95 0.75 1 0.75 1 0.875 0.95 0.875 0.95 0.875 1 0.875 1 1 1 0 1 0.125 0.95 0.125 0.95 0.125 1 0.125 1 0.25 0.95 0.25 1 0.25 1 0.375 0.95 0.375 1 0.375 1 0.5 0 0.5 0.04999995 0.5 0.04999995 0.625 0 0.625 0.04999995 0.625 0.04999995 0.75 0.04999995 0.75 0.04999995 0.875 0 0.875 0 0.875 0.04999995 0.875 0.04999995 1 0.04999995 0 0.04999995 0.125 0 0.125 0.04999995 0.125 0.04999995 0.25 0 0.25 0.04999995 0.25 0.04999995 0.375 0 0.375 0.04999995 0.375 0.04999995 0.5 0 0.5 0.1 0.5 0.1 0.625 0.04999995 0.625 0.04999995 0.625 0.1 0.625 0.1 0.75 0.04999995 0.75 0.1 0.75 0.1 0.875 0.04999995 0.875 0.1 0.875 0.1 1 0.1 0 0.1 0.125 0.04999995 0.125 0.1 0.125 0.1 0.25 0.04999995 0.25 0.1 0.25 0.1 0.375 0.04999995 0.375 0.1 0.375 0.1 0.5 0.04999995 0.5 0.1 0.5 0.15 0.5 0.15 0.625 0.15 0.625 0.15 0.75 0.1 0.75 0.1 0.75 0.15 0.75 0.15 0.875 0.15 0.875 0.15 1 0.1 1 0.15 0 0.15 0.125 0.1 0.125 0.15 0.125 0.15 0.25 0.1 0.25 0.1 0.25 0.15 0.25 0.15 0.375 0.15 0.375 0.15 0.5 0.1 0.5 0.15 0.5 0.2 0.5 0.2 0.625 0.2 0.625 0.2 0.75 0.15 0.75 0.15 0.75 0.2 0.75 0.2 0.875 0.2 0.875 0.2 1 0.15 1 0.15 0 0.2 0 0.2 0.125 0.2 0.125 0.2 0.25 0.15 0.25 0.15 0.25 0.2 0.25 0.2 0.375 0.2 0.375 0.2 0.5 0.15 0.5 0.2 0.5 0.25 0.5 0.25 0.625 0.25 0.625 0.25 0.75 0.2 0.75 0.25 0.75 0.25 0.875 0.2 0.875 0.25 0.875 0.25 1 0.2 1 0.25 0 0.25 0.125 0.2 0.125 0.2 0.125 0.25 0.125 0.25 0.25 0.2 0.25 0.25 0.25 0.25 0.375 0.25 0.375 0.25 0.5 0.2 0.5 0.3 0.5 0.3 0.625 0.25 0.625 0.25 0.625 0.3 0.625 0.3 0.75 0.25 0.75 0.3 0.75 0.3 0.875 0.25 0.875 0.3 0.875 0.3 1 0.3 0 0.3 0.125 0.25 0.125 0.3 0.125 0.3 0.25 0.25 0.25 0.3 0.25 0.3 0.375 0.25 0.375 0.3 0.375 0.3 0.5 0.25 0.5 0.35 0.5 0.35 0.625 0.3 0.625 0.35 0.625 0.35 0.75 0.3 0.75 0.3 0.75 0.35 0.75 0.35 0.875 0.35 0.875 0.35 1 0.3 1 0.35 0 0.35 0.125 0.3 0.125 0.35 0.125 0.35 0.25 0.3 0.25 0.35 0.25 0.35 0.375 0.3 0.375 0.35 0.375 0.35 0.5 0.3 0.5 0.4 0.5 0.4 0.625 0.35 0.625 0.35 0.625 0.4 0.625 0.4 0.75 0.35 0.75 0.4 0.75 0.4 0.875 0.4 0.875 0.4 1 0.35 1 0.35 0 0.4 0 0.4 0.125 0.4 0.125 0.4 0.25 0.35 0.25 0.4 0.25 0.4 0.375 0.35 0.375 0.35 0.375 0.4 0.375 0.4 0.5 0.45 0.5 0.45 0.625 0.4 0.625 0.45 0.625 0.45 0.75 0.4 0.75 0.4 0.75 0.45 0.75 0.45 0.875 0.45 0.875 0.45 1 0.4 1 0.45 0 0.45 0.125 0.4 0.125 0.45 0.125 0.45 0.25 0.4 0.25 0.4 0.25 0.45 0.25 0.45 0.375 0.4 0.375 0.45 0.375 0.45 0.5 0.45 0.5 0.5 0.5 0.5 0.625 0.45 0.625 0.5 0.625 0.5 0.75 0.5 0.75 0.5 0.875 0.45 0.875 0.45 0.875 0.5 0.875 0.5 1 0.5 0 0.5 0.125 0.45 0.125 0.5 0.125 0.5 0.25 0.45 0.25 0.5 0.25 0.5 0.375 0.45 0.375 0.5 0.375 0.5 0.5 0.45 0.5 0.55 0.5 0.55 0.625 0.5 0.625 0.55 0.625 0.55 0.75 0.5 0.75 0.55 0.75 0.55 0.875 0.5 0.875 0.55 0.875 0.55 1 0.5 1 0.55 0 0.55 0.125 0.5 0.125 0.5 0.125 0.55 0.125 0.55 0.25 0.5 0.25 0.55 0.25 0.55 0.375 0.55 0.375 0.55 0.5 0.5 0.5 0.5028243 0.4309452 0.5028243 0.3162305 0.5493506 0.3162305 0.5028243 0.3162305 0.5028243 0.1837694 0.5493506 0.1837694 0.5028243 0.1837694 0.5028243 0.06905478 0.5493507 0.06905478 0.5028243 0.06905478 0.5028243 0.002824187 0.5493507 0.002824187 0.5028242 0.8647147 0.5028242 0.75 0.5493506 0.75 0.5028242 0.75 0.5028242 0.6175389 0.5493506 0.6175389 0.5028242 0.6175389 0.5028243 0.5028242 0.5493506 0.5028242 0.5028243 0.5028242 0.5028243 0.4365936 0.5493506 0.4365936 0.5549991 0.4309452 0.5549991 0.3647147 0.6015254 0.3647147 0.5549991 0.3647147 0.5549991 0.25 0.6015255 0.25 0.1837694 0.4971758 0.06905478 0.4309452 0.002824187 0.3162305 0.002824187 0.3162305 0.002824187 0.1837694 0.06905472 0.06905478 0.06905472 0.06905478 0.1837694 0.002824187 0.3162305 0.002824187 0.3162305 0.002824187 0.4309452 0.06905472 0.4971758 0.1837694 0.4971758 0.1837694 0.4971758 0.3162305 0.4309452 0.4309452 0.4309452 0.4309452 0.3162305 0.4971758 0.1837694 0.4971758 0.1837694 0.4971758 0.002824187 0.3162305 0.06905472 0.06905478 0.06905472 0.06905478 0.3162305 0.002824187 0.4971758 0.1837694 0.4971758 0.1837694 0.4309452 0.4309452 0.1837694 0.4971758 0.5549991 0.25 0.5549991 0.1175389 0.6015255 0.1175389 0.5549991 0.1175389 0.5549991 0.002824187 0.6015255 0.002824187 0.06905478 0.9309452 0.002824187 0.8162305 0.002824187 0.6837695 0.002824187 0.6837695 0.06905472 0.5690548 0.1837694 0.5028242 0.1837694 0.5028242 0.3162305 0.5028242 0.4309452 0.5690547 0.4309452 0.5690547 0.4971758 0.6837694 0.4971758 0.8162305 0.4971758 0.8162305 0.4309452 0.9309452 0.3162305 0.9971758 0.3162305 0.9971758 0.1837694 0.9971758 0.06905478 0.9309452 0.06905478 0.9309452 0.002824187 0.6837695 0.1837694 0.5028242 0.1837694 0.5028242 0.4309452 0.5690547 0.4971758 0.8162305 0.4971758 0.8162305 0.3162305 0.9971758 0.06905478 0.9309452 0.55 0.5 0.6 0.5 0.6 0.625 0.6 0.625 0.6 0.75 0.55 0.75 0.6 0.75 0.6 0.875 0.55 0.875 0.6 0.875 0.6 1 0.55 1 0.55 0 0.6 0 0.6 0.125 0.6 0.125 0.6 0.25 0.55 0.25 0.55 0.25 0.6 0.25 0.6 0.375 0.6 0.375 0.6 0.5 0.55 0.5 0.6 0.5 0.65 0.5 0.65 0.625 0.6 0.625 0.65 0.625 0.65 0.75 0.6 0.75 0.65 0.75 0.65 0.875 0.65 0.875 0.65 1 0.6 1 0.6 0 0.65 0 0.65 0.125 0.65 0.125 0.65 0.25 0.6 0.25 0.65 0.25 0.65 0.375 0.6 0.375 0.65 0.375 0.65 0.5 0.6 0.5 0.65 0.5 0.7 0.5 0.7 0.625 0.7 0.625 0.7 0.75 0.65 0.75 0.7 0.75 0.7 0.875 0.65 0.875 0.7 0.875 0.7 1 0.65 1 0.65 0 0.7 0 0.7 0.125 0.65 0.125 0.7 0.125 0.7 0.25 0.65 0.25 0.7 0.25 0.7 0.375 0.7 0.375 0.7 0.5 0.65 0.5 0.7 0.5 0.75 0.5 0.75 0.625 0.7 0.625 0.75 0.625 0.75 0.75 0.75 0.75 0.75 0.875 0.7 0.875 0.7 0.875 0.75 0.875 0.75 1 0.75 0 0.75 0.125 0.7 0.125 0.7 0.125 0.75 0.125 0.75 0.25 0.75 0.25 0.75 0.375 0.7 0.375 0.75 0.375 0.75 0.5 0.7 0.5 0.8 0.5 0.8 0.625 0.75 0.625 0.8 0.625 0.8 0.75 0.75 0.75 0.8 0.75 0.8 0.875 0.75 0.875 0.8 0.875 0.8 1 0.75 1 0.8 0 0.8 0.125 0.75 0.125 0.75 0.125 0.8 0.125 0.8 0.25 0.8 0.25 0.8 0.375 0.75 0.375 0.8 0.375 0.8 0.5 0.75 0.5 0.85 0.5 0.85 0.625 0.8 0.625 0.85 0.625 0.85 0.75 0.8 0.75 0.85 0.75 0.85 0.875 0.8 0.875 0.85 0.875 0.85 1 0.8 1 0.8 0 0.85 0 0.85 0.125 0.8 0.125 0.85 0.125 0.85 0.25 0.8 0.25 0.85 0.25 0.85 0.375 0.85 0.375 0.85 0.5 0.8 0.5 0.9 0.5 0.9 0.625 0.85 0.625 0.85 0.625 0.9 0.625 0.9 0.75 0.85 0.75 0.9 0.75 0.9 0.875 0.9 0.875 0.9 1 0.85 1 0.9 0 0.9 0.125 0.85 0.125 0.9 0.125 0.9 0.25 0.85 0.25 0.9 0.25 0.9 0.375 0.85 0.375 0.85 0.375 0.9 0.375 0.9 0.5 0.95 0.5 0.95 0.625 0.9 0.625 0.9 0.625 0.95 0.625 0.95 0.75 0.95 0.75 0.95 0.875 0.9 0.875 0.9 0.875 0.95 0.875 0.95 1 0.95 0 0.95 0.125 0.9 0.125 0.9 0.125 0.95 0.125 0.95 0.25 0.95 0.25 0.95 0.375 0.9 0.375 0.9 0.375 0.95 0.375 0.95 0.5 1 0.5 1 0.625 0.95 0.625 1 0.625 1 0.75 0.95 0.75 1 0.75 1 0.875 0.95 0.875 0.95 0.875 1 0.875 1 1 1 0 1 0.125 0.95 0.125 0.95 0.125 1 0.125 1 0.25 0.95 0.25 1 0.25 1 0.375 0.95 0.375 1 0.375 1 0.5 0 0.5 0.04999995 0.5 0.04999995 0.625 0 0.625 0.04999995 0.625 0.04999995 0.75 0.04999995 0.75 0.04999995 0.875 0 0.875 0 0.875 0.04999995 0.875 0.04999995 1 0.04999995 0 0.04999995 0.125 0 0.125 0.04999995 0.125 0.04999995 0.25 0 0.25 0.04999995 0.25 0.04999995 0.375 0 0.375 0.04999995 0.375 0.04999995 0.5 0 0.5 0.1 0.5 0.1 0.625 0.04999995 0.625 0.04999995 0.625 0.1 0.625 0.1 0.75 0.04999995 0.75 0.1 0.75 0.1 0.875 0.04999995 0.875 0.1 0.875 0.1 1 0.1 0 0.1 0.125 0.04999995 0.125 0.1 0.125 0.1 0.25 0.04999995 0.25 0.1 0.25 0.1 0.375 0.04999995 0.375 0.1 0.375 0.1 0.5 0.04999995 0.5 0.1 0.5 0.15 0.5 0.15 0.625 0.15 0.625 0.15 0.75 0.1 0.75 0.1 0.75 0.15 0.75 0.15 0.875 0.15 0.875 0.15 1 0.1 1 0.15 0 0.15 0.125 0.1 0.125 0.15 0.125 0.15 0.25 0.1 0.25 0.1 0.25 0.15 0.25 0.15 0.375 0.15 0.375 0.15 0.5 0.1 0.5 0.15 0.5 0.2 0.5 0.2 0.625 0.2 0.625 0.2 0.75 0.15 0.75 0.15 0.75 0.2 0.75 0.2 0.875 0.2 0.875 0.2 1 0.15 1 0.15 0 0.2 0 0.2 0.125 0.2 0.125 0.2 0.25 0.15 0.25 0.15 0.25 0.2 0.25 0.2 0.375 0.2 0.375 0.2 0.5 0.15 0.5 0.2 0.5 0.25 0.5 0.25 0.625 0.25 0.625 0.25 0.75 0.2 0.75 0.25 0.75 0.25 0.875 0.2 0.875 0.25 0.875 0.25 1 0.2 1 0.25 0 0.25 0.125 0.2 0.125 0.2 0.125 0.25 0.125 0.25 0.25 0.2 0.25 0.25 0.25 0.25 0.375 0.25 0.375 0.25 0.5 0.2 0.5 0.25 0.5 0.3 0.5 0.3 0.625 0.25 0.625 0.3 0.625 0.3 0.75 0.25 0.75 0.3 0.75 0.3 0.875 0.25 0.875 0.3 0.875 0.3 1 0.3 0 0.3 0.125 0.25 0.125 0.3 0.125 0.3 0.25 0.25 0.25 0.3 0.25 0.3 0.375 0.25 0.375 0.3 0.375 0.3 0.5 0.25 0.5 0.35 0.5 0.35 0.625 0.3 0.625 0.35 0.625 0.35 0.75 0.3 0.75 0.3 0.75 0.35 0.75 0.35 0.875 0.35 0.875 0.35 1 0.3 1 0.35 0 0.35 0.125 0.3 0.125 0.35 0.125 0.35 0.25 0.3 0.25 0.35 0.25 0.35 0.375 0.3 0.375 0.35 0.375 0.35 0.5 0.3 0.5 0.4 0.5 0.4 0.625 0.35 0.625 0.35 0.625 0.4 0.625 0.4 0.75 0.35 0.75 0.4 0.75 0.4 0.875 0.4 0.875 0.4 1 0.35 1 0.35 0 0.4 0 0.4 0.125 0.4 0.125 0.4 0.25 0.35 0.25 0.4 0.25 0.4 0.375 0.35 0.375 0.35 0.375 0.4 0.375 0.4 0.5 0.45 0.5 0.45 0.625 0.4 0.625 0.45 0.625 0.45 0.75 0.4 0.75 0.4 0.75 0.45 0.75 0.45 0.875 0.4 0.875 0.45 0.875 0.45 1 0.45 0 0.45 0.125 0.4 0.125 0.45 0.125 0.45 0.25 0.4 0.25 0.4 0.25 0.45 0.25 0.45 0.375 0.4 0.375 0.45 0.375 0.45 0.5 0.5 0.5 0.5 0.625 0.45 0.625 0.45 0.625 0.5 0.625 0.5 0.75 0.5 0.75 0.5 0.875 0.45 0.875 0.5 0.875 0.5 1 0.45 1 0.5 0 0.5 0.125 0.45 0.125 0.5 0.125 0.5 0.25 0.45 0.25 0.5 0.25 0.5 0.375 0.45 0.375 0.5 0.375 0.5 0.5 0.45 0.5 0.55 0.5 0.55 0.625 0.5 0.625 0.55 0.625 0.55 0.75 0.5 0.75 0.55 0.75 0.55 0.875 0.5 0.875 0.55 0.875 0.55 1 0.5 1 0.55 0 0.55 0.125 0.5 0.125 0.5 0.125 0.55 0.125 0.55 0.25 0.5 0.25 0.55 0.25 0.55 0.375 0.55 0.375 0.55 0.5 0.5 0.5 0.5028243 0.4309452 0.5028243 0.3162305 0.5493506 0.3162305 0.5028243 0.3162305 0.5028243 0.1837694 0.5493506 0.1837694 0.5028243 0.1837694 0.5028243 0.06905478 0.5493507 0.06905478 0.5028243 0.06905478 0.5028243 0.002824187 0.5493507 0.002824187 0.5028242 0.8647147 0.5028242 0.75 0.5493506 0.75 0.5028242 0.75 0.5028242 0.6175389 0.5493506 0.6175389 0.5028242 0.6175389 0.5028243 0.5028242 0.5493506 0.5028242 0.5028243 0.5028242 0.5028243 0.4365936 0.5493506 0.4365936 0.5549991 0.4309452 0.5549991 0.3647147 0.6015254 0.3647147 0.5549991 0.3647147 0.5549991 0.25 0.6015255 0.25 0.1837694 0.4971758 0.06905478 0.4309452 0.002824187 0.3162305 0.002824187 0.3162305 0.002824187 0.1837694 0.06905472 0.06905478 0.06905472 0.06905478 0.1837694 0.002824187 0.3162305 0.002824187 0.3162305 0.002824187 0.4309452 0.06905472 0.4971758 0.1837694 0.4971758 0.1837694 0.4971758 0.3162305 0.4309452 0.4309452 0.4309452 0.4309452 0.3162305 0.4971758 0.1837694 0.4971758 0.1837694 0.4971758 0.002824187 0.3162305 0.06905472 0.06905478 0.06905472 0.06905478 0.3162305 0.002824187 0.4971758 0.1837694 0.4971758 0.1837694 0.4309452 0.4309452 0.1837694 0.4971758 0.5549991 0.25 0.5549991 0.1175389 0.6015255 0.1175389 0.5549991 0.1175389 0.5549991 0.002824187 0.6015255 0.002824187 0.06905478 0.9309452 0.002824187 0.8162305 0.002824187 0.6837695 0.002824187 0.6837695 0.06905472 0.5690548 0.1837694 0.5028242 0.1837694 0.5028242 0.3162305 0.5028242 0.4309452 0.5690547 0.4309452 0.5690547 0.4971758 0.6837694 0.4971758 0.8162305 0.4971758 0.8162305 0.4309452 0.9309452 0.3162305 0.9971758 0.3162305 0.9971758 0.1837694 0.9971758 0.06905478 0.9309452 0.06905478 0.9309452 0.002824187 0.6837695 0.1837694 0.5028242 0.1837694 0.5028242 0.4309452 0.5690547 0.4971758 0.8162305 0.4971758 0.8162305 0.3162305 0.9971758 0.06905478 0.9309452 0.55 0.5 0.6 0.5 0.6 0.625 0.6 0.625 0.6 0.75 0.55 0.75 0.6 0.75 0.6 0.875 0.55 0.875 0.6 0.875 0.6 1 0.55 1 0.6 0 0.6 0.125 0.55 0.125 0.6 0.125 0.6 0.25 0.55 0.25 0.55 0.25 0.6 0.25 0.6 0.375 0.6 0.375 0.6 0.5 0.55 0.5 0.6 0.5 0.65 0.5 0.65 0.625 0.6 0.625 0.65 0.625 0.65 0.75 0.6 0.75 0.65 0.75 0.65 0.875 0.65 0.875 0.65 1 0.6 1 0.6 0 0.65 0 0.65 0.125 0.65 0.125 0.65 0.25 0.6 0.25 0.65 0.25 0.65 0.375 0.6 0.375 0.65 0.375 0.65 0.5 0.6 0.5 0.65 0.5 0.7 0.5 0.7 0.625 0.7 0.625 0.7 0.75 0.65 0.75 0.7 0.75 0.7 0.875 0.65 0.875 0.7 0.875 0.7 1 0.65 1 0.65 0 0.7 0 0.7 0.125 0.65 0.125 0.7 0.125 0.7 0.25 0.65 0.25 0.7 0.25 0.7 0.375 0.7 0.375 0.7 0.5 0.65 0.5 0.7 0.5 0.75 0.5 0.75 0.625 0.7 0.625 0.75 0.625 0.75 0.75 0.75 0.75 0.75 0.875 0.7 0.875 0.7 0.875 0.75 0.875 0.75 1 0.75 0 0.75 0.125 0.7 0.125 0.7 0.125 0.75 0.125 0.75 0.25 0.75 0.25 0.75 0.375 0.7 0.375 0.75 0.375 0.75 0.5 0.7 0.5 0.8 0.5 0.8 0.625 0.75 0.625 0.8 0.625 0.8 0.75 0.75 0.75 0.8 0.75 0.8 0.875 0.75 0.875 0.8 0.875 0.8 1 0.75 1 0.8 0 0.8 0.125 0.75 0.125 0.75 0.125 0.8 0.125 0.8 0.25 0.8 0.25 0.8 0.375 0.75 0.375 0.8 0.375 0.8 0.5 0.75 0.5 0.85 0.5 0.85 0.625 0.8 0.625 0.85 0.625 0.85 0.75 0.8 0.75 0.85 0.75 0.85 0.875 0.8 0.875 0.85 0.875 0.85 1 0.8 1 0.8 0 0.85 0 0.85 0.125 0.8 0.125 0.85 0.125 0.85 0.25 0.8 0.25 0.85 0.25 0.85 0.375 0.8 0.375 0.85 0.375 0.85 0.5 0.9 0.5 0.9 0.625 0.85 0.625 0.85 0.625 0.9 0.625 0.9 0.75 0.85 0.75 0.9 0.75 0.9 0.875 0.9 0.875 0.9 1 0.85 1 0.9 0 0.9 0.125 0.85 0.125 0.9 0.125 0.9 0.25 0.85 0.25 0.9 0.25 0.9 0.375 0.85 0.375 0.85 0.375 0.9 0.375 0.9 0.5 0.95 0.5 0.95 0.625 0.9 0.625 0.9 0.625 0.95 0.625 0.95 0.75 0.95 0.75 0.95 0.875 0.9 0.875 0.9 0.875 0.95 0.875 0.95 1 0.95 0 0.95 0.125 0.9 0.125 0.9 0.125 0.95 0.125 0.95 0.25 0.95 0.25 0.95 0.375 0.9 0.375 0.9 0.375 0.95 0.375 0.95 0.5 1 0.5 1 0.625 0.95 0.625 1 0.625 1 0.75 0.95 0.75 1 0.75 1 0.875 0.95 0.875 0.95 0.875 1 0.875 1 1 1 0 1 0.125 0.95 0.125 0.95 0.125 1 0.125 1 0.25 0.95 0.25 1 0.25 1 0.375 0.95 0.375 1 0.375 1 0.5 0 0.5 0.04999995 0.5 0.04999995 0.625 0 0.625 0.04999995 0.625 0.04999995 0.75 0.04999995 0.75 0.04999995 0.875 0 0.875 0 0.875 0.04999995 0.875 0.04999995 1 0.04999995 0 0.04999995 0.125 0 0.125 0.04999995 0.125 0.04999995 0.25 0 0.25 0.04999995 0.25 0.04999995 0.375 0 0.375 0.04999995 0.375 0.04999995 0.5 0 0.5 0.1 0.5 0.1 0.625 0.04999995 0.625 0.04999995 0.625 0.1 0.625 0.1 0.75 0.04999995 0.75 0.1 0.75 0.1 0.875 0.04999995 0.875 0.1 0.875 0.1 1 0.1 0 0.1 0.125 0.04999995 0.125 0.1 0.125 0.1 0.25 0.04999995 0.25 0.1 0.25 0.1 0.375 0.04999995 0.375 0.1 0.375 0.1 0.5 0.04999995 0.5 0.1 0.5 0.15 0.5 0.15 0.625 0.15 0.625 0.15 0.75 0.1 0.75 0.1 0.75 0.15 0.75 0.15 0.875 0.15 0.875 0.15 1 0.1 1 0.1 0 0.15 0 0.15 0.125 0.15 0.125 0.15 0.25 0.1 0.25 0.1 0.25 0.15 0.25 0.15 0.375 0.15 0.375 0.15 0.5 0.1 0.5 0.15 0.5 0.2 0.5 0.2 0.625 0.2 0.625 0.2 0.75 0.15 0.75 0.15 0.75 0.2 0.75 0.2 0.875 0.2 0.875 0.2 1 0.15 1 0.15 0 0.2 0 0.2 0.125 0.2 0.125 0.2 0.25 0.15 0.25 0.15 0.25 0.2 0.25 0.2 0.375 0.2 0.375 0.2 0.5 0.15 0.5 0.2 0.5 0.25 0.5 0.25 0.625 0.25 0.625 0.25 0.75 0.2 0.75 0.25 0.75 0.25 0.875 0.2 0.875 0.25 0.875 0.25 1 0.2 1 0.25 0 0.25 0.125 0.2 0.125 0.2 0.125 0.25 0.125 0.25 0.25 0.2 0.25 0.25 0.25 0.25 0.375 0.25 0.375 0.25 0.5 0.2 0.5 0.25 0.5 0.3 0.5 0.3 0.625 0.25 0.625 0.3 0.625 0.3 0.75 0.25 0.75 0.3 0.75 0.3 0.875 0.25 0.875 0.3 0.875 0.3 1 0.3 0 0.3 0.125 0.25 0.125 0.3 0.125 0.3 0.25 0.25 0.25 0.3 0.25 0.3 0.375 0.25 0.375 0.3 0.375 0.3 0.5 0.25 0.5 0.35 0.5 0.35 0.625 0.3 0.625 0.35 0.625 0.35 0.75 0.3 0.75 0.3 0.75 0.35 0.75 0.35 0.875 0.35 0.875 0.35 1 0.3 1 0.35 0 0.35 0.125 0.3 0.125 0.35 0.125 0.35 0.25 0.3 0.25 0.35 0.25 0.35 0.375 0.3 0.375 0.35 0.375 0.35 0.5 0.3 0.5 0.4 0.5 0.4 0.625 0.35 0.625 0.35 0.625 0.4 0.625 0.4 0.75 0.35 0.75 0.4 0.75 0.4 0.875 0.4 0.875 0.4 1 0.35 1 0.35 0 0.4 0 0.4 0.125 0.4 0.125 0.4 0.25 0.35 0.25 0.4 0.25 0.4 0.375 0.35 0.375 0.35 0.375 0.4 0.375 0.4 0.5 0.45 0.5 0.45 0.625 0.4 0.625 0.45 0.625 0.45 0.75 0.4 0.75 0.4 0.75 0.45 0.75 0.45 0.875 0.4 0.875 0.45 0.875 0.45 1 0.45 0 0.45 0.125 0.4 0.125 0.45 0.125 0.45 0.25 0.4 0.25 0.4 0.25 0.45 0.25 0.45 0.375 0.4 0.375 0.45 0.375 0.45 0.5 0.5 0.5 0.5 0.625 0.45 0.625 0.45 0.625 0.5 0.625 0.5 0.75 0.5 0.75 0.5 0.875 0.45 0.875 0.5 0.875 0.5 1 0.45 1 0.5 0 0.5 0.125 0.45 0.125 0.5 0.125 0.5 0.25 0.45 0.25 0.5 0.25 0.5 0.375 0.45 0.375 0.5 0.375 0.5 0.5 0.45 0.5 0.55 0.5 0.55 0.625 0.5 0.625 0.55 0.625 0.55 0.75 0.5 0.75 0.55 0.75 0.55 0.875 0.5 0.875 0.55 0.875 0.55 1 0.5 1 0.5 0 0.55 0 0.55 0.125 0.5 0.125 0.55 0.125 0.55 0.25 0.5 0.25 0.55 0.25 0.55 0.375 0.55 0.375 0.55 0.5 0.5 0.5 0.5028243 0.4309452 0.5028243 0.3162305 0.5493506 0.3162305 0.5028243 0.3162305 0.5028243 0.1837694 0.5493506 0.1837694 0.5028243 0.1837694 0.5028243 0.06905478 0.5493507 0.06905478 0.5028243 0.06905478 0.5028243 0.002824187 0.5493507 0.002824187 0.5028242 0.8647147 0.5028242 0.75 0.5493506 0.75 0.5028242 0.75 0.5028242 0.6175389 0.5493506 0.6175389 0.5028242 0.6175389 0.5028243 0.5028242 0.5493506 0.5028242 0.5028243 0.5028242 0.5028243 0.4365936 0.5493506 0.4365936 0.5549991 0.4309452 0.5549991 0.3647147 0.6015254 0.3647147 0.5549991 0.3647147 0.5549991 0.25 0.6015255 0.25 0.1837694 0.4971758 0.06905478 0.4309452 0.002824187 0.3162305 0.002824187 0.3162305 0.002824187 0.1837694 0.06905472 0.06905478 0.06905472 0.06905478 0.1837694 0.002824187 0.3162305 0.002824187 0.3162305 0.002824187 0.4309452 0.06905472 0.4971758 0.1837694 0.4971758 0.1837694 0.4971758 0.3162305 0.4309452 0.4309452 0.4309452 0.4309452 0.3162305 0.4971758 0.1837694 0.4971758 0.1837694 0.4971758 0.002824187 0.3162305 0.06905472 0.06905478 0.06905472 0.06905478 0.3162305 0.002824187 0.4971758 0.1837694 0.4971758 0.1837694 0.4309452 0.4309452 0.1837694 0.4971758 0.5549991 0.25 0.5549991 0.1175389 0.6015255 0.1175389 0.5549991 0.1175389 0.5549991 0.002824187 0.6015255 0.002824187 0.06905478 0.9309452 0.002824187 0.8162305 0.002824187 0.6837695 0.002824187 0.6837695 0.06905472 0.5690548 0.1837694 0.5028242 0.1837694 0.5028242 0.3162305 0.5028242 0.4309452 0.5690547 0.4309452 0.5690547 0.4971758 0.6837694 0.4971758 0.8162305 0.4971758 0.8162305 0.4309452 0.9309452 0.3162305 0.9971758 0.3162305 0.9971758 0.1837694 0.9971758 0.06905478 0.9309452 0.06905478 0.9309452 0.002824187 0.6837695 0.1837694 0.5028242 0.1837694 0.5028242 0.4309452 0.5690547 0.4971758 0.8162305 0.4971758 0.8162305 0.3162305 0.9971758 0.06905478 0.9309452</float_array>
          <technique_common>
            <accessor source="#tire_stack_4_a800-mesh-map-0-array" count="4368" stride="2">
              <param name="S" type="float"/>
              <param name="T" type="float"/>
            </accessor>
          </technique_common>
        </source>
        <vertices id="tire_stack_4_a800-mesh-vertices">
          <input semantic="POSITION" source="#tire_stack_4_a800-mesh-positions"/>
        </vertices>
        <triangles material="tire_003-material" count="1280">
          <input semantic="VERTEX" source="#tire_stack_4_a800-mesh-vertices" offset="0"/>
          <input semantic="NORMAL" source="#tire_stack_4_a800-mesh-normals" offset="1"/>
          <input semantic="TEXCOORD" source="#tire_stack_4_a800-mesh-map-0" offset="2" set="0"/>
          <p>0 0 0 9 0 1 1 0 2 9 1 3 2 1 4 1 1 5 10 2 6 3 2 7 2 2 8 11 3 9 4 3 10 3 3 11 12 4 12 5 4 13 4 4 14 13 5 15 6 5 16 5 5 17 6 6 18 15 6 19 7 6 20 15 7 21 0 7 22 7 7 23 8 8 24 17 8 25 9 8 26 9 9 27 18 9 28 10 9 29 10 10 30 19 10 31 11 10 32 19 11 33 12 11 34 11 11 35 12 12 36 21 12 37 13 12 38 21 13 39 14 13 40 13 13 41 22 14 42 15 14 43 14 14 44 23 15 45 8 15 46 15 15 47 16 16 48 25 16 49 17 16 50 25 17 51 18 17 52 17 17 53 26 18 54 19 18 55 18 18 56 27 19 57 20 19 58 19 19 59 20 20 60 29 20 61 21 20 62 21 21 63 30 21 64 22 21 65 22 22 66 31 22 67 23 22 68 31 23 69 16 23 70 23 23 71 24 24 72 33 24 73 25 24 74 25 25 75 34 25 76 26 25 77 34 26 78 27 26 79 26 26 80 27 27 81 36 27 82 28 27 83 36 28 84 29 28 85 28 28 86 29 29 87 38 29 88 30 29 89 38 30 90 31 30 91 30 30 92 39 31 93 24 31 94 31 31 95 40 32 96 33 32 97 32 32 98 41 33 99 34 33 100 33 33 101 42 34 102 35 34 103 34 34 104 43 35 105 36 35 106 35 35 107 44 36 108 37 36 109 36 36 110 37 37 111 46 37 112 38 37 113 46 38 114 39 38 115 38 38 116 47 39 117 32 39 118 39 39 119 48 40 120 41 40 121 40 40 122 49 41 123 42 41 124 41 41 125 50 42 126 43 42 127 42 42 128 51 43 129 44 43 130 43 43 131 44 44 132 53 44 133 45 44 134 45 45 135 54 45 136 46 45 137 46 46 138 55 46 139 47 46 140 47 47 141 48 47 142 40 47 143 56 48 144 49 48 145 48 48 146 49 49 147 58 49 148 50 49 149 50 50 150 59 50 151 51 50 152 59 51 153 52 51 154 51 51 155 60 52 156 53 52 157 52 52 158 61 53 159 54 53 160 53 53 161 62 54 162 55 54 163 54 54 164 55 55 165 56 55 166 48 55 167 64 56 168 57 56 169 56 56 170 57 57 171 66 57 172 58 57 173 66 58 174 59 58 175 58 58 176 59 59 177 68 59 178 60 59 179 68 60 180 61 60 181 60 60 182 61 61 183 70 61 184 62 61 185 70 62 186 63 62 187 62 62 188 63 63 189 64 63 190 56 63 191 72 64 192 65 64 193 64 64 194 73 65 195 66 65 196 65 65 197 74 66 198 67 66 199 66 66 200 67 67 201 76 67 202 68 67 203 76 68 204 69 68 205 68 68 206 69 69 207 78 69 208 70 69 209 70 70 210 79 70 211 71 70 212 71 71 213 72 71 214 64 71 215 72 72 216 81 72 217 73 72 218 73 73 219 82 73 220 74 73 221 82 74 222 75 74 223 74 74 224 75 75 225 84 75 226 76 75 227 84 76 228 77 76 229 76 76 230 85 77 231 78 77 232 77 77 233 86 78 234 79 78 235 78 78 236 87 79 237 72 79 238 79 79 239 88 80 240 81 80 241 80 80 242 81 81 243 90 81 244 82 81 245 82 82 246 91 82 247 83 82 248 83 83 249 92 83 250 84 83 251 92 84 252 85 84 253 84 84 254 93 85 255 86 85 256 85 85 257 94 86 258 87 86 259 86 86 260 95 87 261 80 87 262 87 87 263 88 88 264 97 88 265 89 88 266 97 89 267 90 89 268 89 89 269 90 90 270 99 90 271 91 90 272 99 91 273 92 91 274 91 91 275 92 92 276 101 92 277 93 92 278 101 93 279 94 93 280 93 93 281 94 94 282 103 94 283 95 94 284 103 95 285 88 95 286 95 95 287 96 96 288 105 96 289 97 96 290 105 97 291 98 97 292 97 97 293 98 98 294 107 98 295 99 98 296 107 99 297 100 99 298 99 99 299 100 100 300 109 100 301 101 100 302 109 101 303 102 101 304 101 101 305 102 102 306 111 102 307 103 102 308 111 103 309 96 103 310 103 103 311 104 104 312 113 104 313 105 104 314 113 105 315 106 105 316 105 105 317 114 106 318 107 106 319 106 106 320 115 107 321 108 107 322 107 107 323 116 108 324 109 108 325 108 108 326 109 109 327 118 109 328 110 109 329 110 110 330 119 110 331 111 110 332 119 111 333 104 111 334 111 111 335 112 112 336 121 112 337 113 112 338 113 113 339 122 113 340 114 113 341 114 114 342 123 114 343 115 114 344 115 115 345 124 115 346 116 115 347 124 116 348 117 116 349 116 116 350 125 117 351 118 117 352 117 117 353 126 118 354 119 118 355 118 118 356 127 119 357 112 119 358 119 119 359 128 120 360 121 120 361 120 120 362 129 121 363 122 121 364 121 121 365 122 122 366 131 122 367 123 122 368 131 123 369 124 123 370 123 123 371 132 124 372 125 124 373 124 124 374 133 125 375 126 125 376 125 125 377 134 126 378 127 126 379 126 126 380 135 127 381 120 127 382 127 127 383 136 128 384 129 128 385 128 128 386 129 129 387 138 129 388 130 129 389 130 130 390 139 130 391 131 130 392 139 131 393 132 131 394 131 131 395 132 132 396 141 132 397 133 132 398 141 133 399 134 133 400 133 133 401 142 134 402 135 134 403 134 134 404 135 135 405 136 135 406 128 135 407 144 136 408 137 136 409 136 136 410 145 137 411 138 137 412 137 137 413 138 138 414 147 138 415 139 138 416 139 139 417 148 139 418 140 139 419 148 140 420 141 140 421 140 140 422 149 141 423 142 141 424 141 141 425 142 142 426 151 142 427 143 142 428 143 143 429 144 143 430 136 143 431 152 144 432 145 144 433 144 144 434 145 145 435 154 145 436 146 145 437 154 146 438 147 146 439 146 146 440 155 147 441 148 147 442 147 147 443 156 148 444 149 148 445 148 148 446 157 149 447 150 149 448 149 149 449 158 150 450 151 150 451 150 150 452 159 151 453 144 151 454 151 151 455 0 152 456 153 152 457 152 152 458 1 153 459 154 153 460 153 153 461 2 154 462 155 154 463 154 154 464 3 155 465 156 155 466 155 155 467 156 156 468 5 156 469 157 156 470 157 157 471 6 157 472 158 157 473 158 158 474 7 158 475 159 158 476 7 159 477 152 159 478 159 159 479 192 174 522 185 174 523 184 174 524 193 175 525 186 175 526 185 175 527 194 176 528 187 176 529 186 176 530 195 177 531 188 177 532 187 177 533 188 178 534 197 178 535 189 178 536 197 179 537 190 179 538 189 179 539 190 180 540 199 180 541 191 180 542 199 181 543 184 181 544 191 181 545 192 182 546 201 182 547 193 182 548 193 183 549 202 183 550 194 183 551 194 184 552 203 184 553 195 184 554 203 185 555 196 185 556 195 185 557 196 186 558 205 186 559 197 186 560 205 187 561 198 187 562 197 187 563 206 188 564 199 188 565 198 188 566 207 189 567 192 189 568 199 189 569 200 190 570 209 190 571 201 190 572 209 191 573 202 191 574 201 191 575 210 192 576 203 192 577 202 192 578 211 193 579 204 193 580 203 193 581 204 194 582 213 194 583 205 194 584 205 195 585 214 195 586 206 195 587 206 196 588 215 196 589 207 196 590 215 197 591 200 197 592 207 197 593 208 198 594 217 198 595 209 198 596 209 199 597 218 199 598 210 199 599 218 200 600 211 200 601 210 200 602 211 201 603 220 201 604 212 201 605 220 202 606 213 202 607 212 202 608 213 203 609 222 203 610 214 203 611 222 204 612 215 204 613 214 204 614 223 205 615 208 205 616 215 205 617 224 206 618 217 206 619 216 206 620 225 207 621 218 207 622 217 207 623 226 208 624 219 208 625 218 208 626 227 209 627 220 209 628 219 209 629 228 210 630 221 210 631 220 210 632 221 211 633 230 211 634 222 211 635 230 212 636 223 212 637 222 212 638 231 213 639 216 213 640 223 213 641 232 214 642 225 214 643 224 214 644 233 215 645 226 215 646 225 215 647 234 216 648 227 216 649 226 216 650 235 217 651 228 217 652 227 217 653 228 218 654 237 218 655 229 218 656 229 219 657 238 219 658 230 219 659 230 220 660 239 220 661 231 220 662 239 221 663 224 221 664 231 221 665 240 222 666 233 222 667 232 222 668 233 223 669 242 223 670 234 223 671 234 224 672 243 224 673 235 224 674 243 225 675 236 225 676 235 225 677 244 226 678 237 226 679 236 226 680 245 227 681 238 227 682 237 227 683 246 228 684 239 228 685 238 228 686 239 229 687 240 229 688 232 229 689 248 230 690 241 230 691 240 230 692 241 231 693 250 231 694 242 231 695 250 232 696 243 232 697 242 232 698 243 233 699 252 233 700 244 233 701 252 234 702 245 234 703 244 234 704 245 235 705 254 235 706 246 235 707 254 236 708 247 236 709 246 236 710 247 237 711 248 237 712 240 237 713 256 238 714 249 238 715 248 238 716 257 239 717 250 239 718 249 239 719 258 240 720 251 240 721 250 240 722 251 241 723 260 241 724 252 241 725 260 242 726 253 242 727 252 242 728 253 243 729 262 243 730 254 243 731 254 244 732 263 244 733 255 244 734 255 245 735 256 245 736 248 245 737 256 246 738 265 246 739 257 246 740 257 247 741 266 247 742 258 247 743 266 248 744 259 248 745 258 248 746 259 249 747 268 249 748 260 249 749 268 250 750 261 250 751 260 250 752 269 251 753 262 251 754 261 251 755 270 252 756 263 252 757 262 252 758 271 253 759 256 253 760 263 253 761 272 254 762 265 254 763 264 254 764 265 255 765 274 255 766 266 255 767 266 256 768 275 256 769 267 256 770 267 257 771 276 257 772 268 257 773 276 258 774 269 258 775 268 258 776 277 259 777 270 259 778 269 259 779 278 260 780 271 260 781 270 260 782 279 261 783 264 261 784 271 261 785 272 262 786 281 262 787 273 262 788 281 263 789 274 263 790 273 263 791 274 264 792 283 264 793 275 264 794 283 265 795 276 265 796 275 265 797 284 266 798 277 266 799 276 266 800 285 267 801 278 267 802 277 267 803 278 268 804 287 268 805 279 268 806 287 269 807 272 269 808 279 269 809 280 270 810 289 270 811 281 270 812 289 271 813 282 271 814 281 271 815 282 272 816 291 272 817 283 272 818 291 273 819 284 273 820 283 273 821 284 274 822 293 274 823 285 274 824 293 275 825 286 275 826 285 275 827 286 276 828 295 276 829 287 276 830 295 277 831 280 277 832 287 277 833 288 278 834 297 278 835 289 278 836 297 279 837 290 279 838 289 279 839 298 280 840 291 280 841 290 280 842 299 281 843 292 281 844 291 281 845 300 282 846 293 282 847 292 282 848 293 283 849 302 283 850 294 283 851 294 284 852 303 284 853 295 284 854 303 285 855 288 285 856 295 285 857 304 286 858 297 286 859 296 286 860 297 287 861 306 287 862 298 287 863 298 288 864 307 288 865 299 288 866 299 289 867 308 289 868 300 289 869 308 290 870 301 290 871 300 290 872 309 291 873 302 291 874 301 291 875 310 292 876 303 292 877 302 292 878 311 293 879 296 293 880 303 293 881 312 294 882 305 294 883 304 294 884 313 295 885 306 295 886 305 295 887 306 296 888 315 296 889 307 296 890 315 297 891 308 297 892 307 297 893 316 298 894 309 298 895 308 298 896 317 299 897 310 299 898 309 299 899 318 300 900 311 300 901 310 300 902 319 301 903 304 301 904 311 301 905 320 302 906 313 302 907 312 302 908 313 303 909 322 303 910 314 303 911 314 304 912 323 304 913 315 304 914 323 305 915 316 305 916 315 305 917 316 306 918 325 306 919 317 306 920 325 307 921 318 307 922 317 307 923 326 308 924 319 308 925 318 308 926 319 309 927 320 309 928 312 309 929 328 310 930 321 310 931 320 310 932 329 311 933 322 311 934 321 311 935 322 312 936 331 312 937 323 312 938 331 313 939 324 313 940 323 313 941 332 314 942 325 314 943 324 314 944 333 315 945 326 315 946 325 315 947 326 316 948 335 316 949 327 316 950 327 317 951 328 317 952 320 317 953 328 318 954 337 318 955 329 318 956 329 319 957 338 319 958 330 319 959 338 320 960 331 320 961 330 320 962 331 321 963 340 321 964 332 321 965 340 322 966 333 322 967 332 322 968 341 323 969 334 323 970 333 323 971 342 324 972 335 324 973 334 324 974 343 325 975 328 325 976 335 325 977 184 326 978 337 326 979 336 326 980 185 327 981 338 327 982 337 327 983 186 328 984 339 328 985 338 328 986 187 329 987 340 329 988 339 329 989 188 330 990 341 330 991 340 330 992 341 331 993 190 331 994 342 331 995 342 332 996 191 332 997 343 332 998 191 333 999 336 333 1000 343 333 1001 368 348 1044 377 348 1045 369 348 1046 377 349 1047 370 349 1048 369 349 1049 378 350 1050 371 350 1051 370 350 1052 379 351 1053 372 351 1054 371 351 1055 372 352 1056 381 352 1057 373 352 1058 381 353 1059 374 353 1060 373 353 1061 374 354 1062 383 354 1063 375 354 1064 383 355 1065 368 355 1066 375 355 1067 376 356 1068 385 356 1069 377 356 1070 377 357 1071 386 357 1072 378 357 1073 378 358 1074 387 358 1075 379 358 1076 387 359 1077 380 359 1078 379 359 1079 380 360 1080 389 360 1081 381 360 1082 389 361 1083 382 361 1084 381 361 1085 390 362 1086 383 362 1087 382 362 1088 391 363 1089 376 363 1090 383 363 1091 384 364 1092 393 364 1093 385 364 1094 393 365 1095 386 365 1096 385 365 1097 394 366 1098 387 366 1099 386 366 1100 395 367 1101 388 367 1102 387 367 1103 388 368 1104 397 368 1105 389 368 1106 389 369 1107 398 369 1108 390 369 1109 390 370 1110 399 370 1111 391 370 1112 399 371 1113 384 371 1114 391 371 1115 392 372 1116 401 372 1117 393 372 1118 393 373 1119 402 373 1120 394 373 1121 402 374 1122 395 374 1123 394 374 1124 395 375 1125 404 375 1126 396 375 1127 404 376 1128 397 376 1129 396 376 1130 397 377 1131 406 377 1132 398 377 1133 406 378 1134 399 378 1135 398 378 1136 407 379 1137 392 379 1138 399 379 1139 408 380 1140 401 380 1141 400 380 1142 409 381 1143 402 381 1144 401 381 1145 410 382 1146 403 382 1147 402 382 1148 411 383 1149 404 383 1150 403 383 1151 412 384 1152 405 384 1153 404 384 1154 405 385 1155 414 385 1156 406 385 1157 414 386 1158 407 386 1159 406 386 1160 415 387 1161 400 387 1162 407 387 1163 416 388 1164 409 388 1165 408 388 1166 417 389 1167 410 389 1168 409 389 1169 418 390 1170 411 390 1171 410 390 1172 419 391 1173 412 391 1174 411 391 1175 412 392 1176 421 392 1177 413 392 1178 413 393 1179 422 393 1180 414 393 1181 414 394 1182 423 394 1183 415 394 1184 423 395 1185 408 395 1186 415 395 1187 424 396 1188 417 396 1189 416 396 1190 417 397 1191 426 397 1192 418 397 1193 418 398 1194 427 398 1195 419 398 1196 427 399 1197 420 399 1198 419 399 1199 428 400 1200 421 400 1201 420 400 1202 429 401 1203 422 401 1204 421 401 1205 430 402 1206 423 402 1207 422 402 1208 423 403 1209 424 403 1210 416 403 1211 432 404 1212 425 404 1213 424 404 1214 425 405 1215 434 405 1216 426 405 1217 434 406 1218 427 406 1219 426 406 1220 427 407 1221 436 407 1222 428 407 1223 436 408 1224 429 408 1225 428 408 1226 429 409 1227 438 409 1228 430 409 1229 438 410 1230 431 410 1231 430 410 1232 431 411 1233 432 411 1234 424 411 1235 440 412 1236 433 412 1237 432 412 1238 441 413 1239 434 413 1240 433 413 1241 442 414 1242 435 414 1243 434 414 1244 435 415 1245 444 415 1246 436 415 1247 444 416 1248 437 416 1249 436 416 1250 437 417 1251 446 417 1252 438 417 1253 438 418 1254 447 418 1255 439 418 1256 439 419 1257 440 419 1258 432 419 1259 440 420 1260 449 420 1261 441 420 1262 441 421 1263 450 421 1264 442 421 1265 450 422 1266 443 422 1267 442 422 1268 443 423 1269 452 423 1270 444 423 1271 452 424 1272 445 424 1273 444 424 1274 453 425 1275 446 425 1276 445 425 1277 454 426 1278 447 426 1279 446 426 1280 455 427 1281 440 427 1282 447 427 1283 456 428 1284 449 428 1285 448 428 1286 449 429 1287 458 429 1288 450 429 1289 450 430 1290 459 430 1291 451 430 1292 451 431 1293 460 431 1294 452 431 1295 460 432 1296 453 432 1297 452 432 1298 461 433 1299 454 433 1300 453 433 1301 462 434 1302 455 434 1303 454 434 1304 463 435 1305 448 435 1306 455 435 1307 456 436 1308 465 436 1309 457 436 1310 465 437 1311 458 437 1312 457 437 1313 458 438 1314 467 438 1315 459 438 1316 467 439 1317 460 439 1318 459 439 1319 468 440 1320 461 440 1321 460 440 1322 469 441 1323 462 441 1324 461 441 1325 462 442 1326 471 442 1327 463 442 1328 471 443 1329 456 443 1330 463 443 1331 464 444 1332 473 444 1333 465 444 1334 473 445 1335 466 445 1336 465 445 1337 466 446 1338 475 446 1339 467 446 1340 475 447 1341 468 447 1342 467 447 1343 468 448 1344 477 448 1345 469 448 1346 477 449 1347 470 449 1348 469 449 1349 470 450 1350 479 450 1351 471 450 1352 479 451 1353 464 451 1354 471 451 1355 472 452 1356 481 452 1357 473 452 1358 481 453 1359 474 453 1360 473 453 1361 482 454 1362 475 454 1363 474 454 1364 483 455 1365 476 455 1366 475 455 1367 484 456 1368 477 456 1369 476 456 1370 477 457 1371 486 457 1372 478 457 1373 478 458 1374 487 458 1375 479 458 1376 487 459 1377 472 459 1378 479 459 1379 480 460 1380 489 460 1381 481 460 1382 481 461 1383 490 461 1384 482 461 1385 482 462 1386 491 462 1387 483 462 1388 483 463 1389 492 463 1390 484 463 1391 492 464 1392 485 464 1393 484 464 1394 493 465 1395 486 465 1396 485 465 1397 494 466 1398 487 466 1399 486 466 1400 495 467 1401 480 467 1402 487 467 1403 496 468 1404 489 468 1405 488 468 1406 497 469 1407 490 469 1408 489 469 1409 490 470 1410 499 470 1411 491 470 1412 499 471 1413 492 471 1414 491 471 1415 500 472 1416 493 472 1417 492 472 1418 501 473 1419 494 473 1420 493 473 1421 502 474 1422 495 474 1423 494 474 1424 503 475 1425 488 475 1426 495 475 1427 504 476 1428 497 476 1429 496 476 1430 497 477 1431 506 477 1432 498 477 1433 498 478 1434 507 478 1435 499 478 1436 507 479 1437 500 479 1438 499 479 1439 500 480 1440 509 480 1441 501 480 1442 509 481 1443 502 481 1444 501 481 1445 510 482 1446 503 482 1447 502 482 1448 503 483 1449 504 483 1450 496 483 1451 512 484 1452 505 484 1453 504 484 1454 513 485 1455 506 485 1456 505 485 1457 506 486 1458 515 486 1459 507 486 1460 507 487 1461 516 487 1462 508 487 1463 516 488 1464 509 488 1465 508 488 1466 517 489 1467 510 489 1468 509 489 1469 510 490 1470 519 490 1471 511 490 1472 511 491 1473 512 491 1474 504 491 1475 520 492 1476 513 492 1477 512 492 1478 513 493 1479 522 493 1480 514 493 1481 522 494 1482 515 494 1483 514 494 1484 523 495 1485 516 495 1486 515 495 1487 524 496 1488 517 496 1489 516 496 1490 525 497 1491 518 497 1492 517 497 1493 526 498 1494 519 498 1495 518 498 1496 527 499 1497 512 499 1498 519 499 1499 368 500 1500 521 500 1501 520 500 1502 369 501 1503 522 501 1504 521 501 1505 370 502 1506 523 502 1507 522 502 1508 371 503 1509 524 503 1510 523 503 1511 372 504 1512 525 504 1513 524 504 1514 525 505 1515 374 505 1516 526 505 1517 526 506 1518 375 506 1519 527 506 1520 375 507 1521 520 507 1522 527 507 1523 552 522 1566 561 522 1567 553 522 1568 561 523 1569 554 523 1570 553 523 1571 562 524 1572 555 524 1573 554 524 1574 563 525 1575 556 525 1576 555 525 1577 564 526 1578 557 526 1579 556 526 1580 565 527 1581 558 527 1582 557 527 1583 558 528 1584 567 528 1585 559 528 1586 567 529 1587 552 529 1588 559 529 1589 560 530 1590 569 530 1591 561 530 1592 561 531 1593 570 531 1594 562 531 1595 562 532 1596 571 532 1597 563 532 1598 571 533 1599 564 533 1600 563 533 1601 564 534 1602 573 534 1603 565 534 1604 573 535 1605 566 535 1606 565 535 1607 574 536 1608 567 536 1609 566 536 1610 575 537 1611 560 537 1612 567 537 1613 568 538 1614 577 538 1615 569 538 1616 577 539 1617 570 539 1618 569 539 1619 578 540 1620 571 540 1621 570 540 1622 579 541 1623 572 541 1624 571 541 1625 572 542 1626 581 542 1627 573 542 1628 573 543 1629 582 543 1630 574 543 1631 574 544 1632 583 544 1633 575 544 1634 583 545 1635 568 545 1636 575 545 1637 576 546 1638 585 546 1639 577 546 1640 577 547 1641 586 547 1642 578 547 1643 586 548 1644 579 548 1645 578 548 1646 579 549 1647 588 549 1648 580 549 1649 588 550 1650 581 550 1651 580 550 1652 581 551 1653 590 551 1654 582 551 1655 590 552 1656 583 552 1657 582 552 1658 591 553 1659 576 553 1660 583 553 1661 592 554 1662 585 554 1663 584 554 1664 593 555 1665 586 555 1666 585 555 1667 594 556 1668 587 556 1669 586 556 1670 595 557 1671 588 557 1672 587 557 1673 596 558 1674 589 558 1675 588 558 1676 589 559 1677 598 559 1678 590 559 1679 598 560 1680 591 560 1681 590 560 1682 599 561 1683 584 561 1684 591 561 1685 600 562 1686 593 562 1687 592 562 1688 601 563 1689 594 563 1690 593 563 1691 602 564 1692 595 564 1693 594 564 1694 603 565 1695 596 565 1696 595 565 1697 596 566 1698 605 566 1699 597 566 1700 597 567 1701 606 567 1702 598 567 1703 598 568 1704 607 568 1705 599 568 1706 599 569 1707 600 569 1708 592 569 1709 608 570 1710 601 570 1711 600 570 1712 601 571 1713 610 571 1714 602 571 1715 602 572 1716 611 572 1717 603 572 1718 611 573 1719 604 573 1720 603 573 1721 612 574 1722 605 574 1723 604 574 1724 613 575 1725 606 575 1726 605 575 1727 614 576 1728 607 576 1729 606 576 1730 607 577 1731 608 577 1732 600 577 1733 616 578 1734 609 578 1735 608 578 1736 609 579 1737 618 579 1738 610 579 1739 618 580 1740 611 580 1741 610 580 1742 611 581 1743 620 581 1744 612 581 1745 620 582 1746 613 582 1747 612 582 1748 613 583 1749 622 583 1750 614 583 1751 622 584 1752 615 584 1753 614 584 1754 615 585 1755 616 585 1756 608 585 1757 624 586 1758 617 586 1759 616 586 1760 625 587 1761 618 587 1762 617 587 1763 626 588 1764 619 588 1765 618 588 1766 619 589 1767 628 589 1768 620 589 1769 628 590 1770 621 590 1771 620 590 1772 621 591 1773 630 591 1774 622 591 1775 622 592 1776 631 592 1777 623 592 1778 623 593 1779 624 593 1780 616 593 1781 624 594 1782 633 594 1783 625 594 1784 625 595 1785 634 595 1786 626 595 1787 634 596 1788 627 596 1789 626 596 1790 627 597 1791 636 597 1792 628 597 1793 636 598 1794 629 598 1795 628 598 1796 637 599 1797 630 599 1798 629 599 1799 638 600 1800 631 600 1801 630 600 1802 639 601 1803 624 601 1804 631 601 1805 640 602 1806 633 602 1807 632 602 1808 633 603 1809 642 603 1810 634 603 1811 634 604 1812 643 604 1813 635 604 1814 635 605 1815 644 605 1816 636 605 1817 644 606 1818 637 606 1819 636 606 1820 645 607 1821 638 607 1822 637 607 1823 646 608 1824 639 608 1825 638 608 1826 647 609 1827 632 609 1828 639 609 1829 640 610 1830 649 610 1831 641 610 1832 649 611 1833 642 611 1834 641 611 1835 642 612 1836 651 612 1837 643 612 1838 651 613 1839 644 613 1840 643 613 1841 644 614 1842 653 614 1843 645 614 1844 653 615 1845 646 615 1846 645 615 1847 646 616 1848 655 616 1849 647 616 1850 655 617 1851 640 617 1852 647 617 1853 648 618 1854 657 618 1855 649 618 1856 657 619 1857 650 619 1858 649 619 1859 650 620 1860 659 620 1861 651 620 1862 659 621 1863 652 621 1864 651 621 1865 652 622 1866 661 622 1867 653 622 1868 661 623 1869 654 623 1870 653 623 1871 654 624 1872 663 624 1873 655 624 1874 663 625 1875 648 625 1876 655 625 1877 656 626 1878 665 626 1879 657 626 1880 665 627 1881 658 627 1882 657 627 1883 666 628 1884 659 628 1885 658 628 1886 667 629 1887 660 629 1888 659 629 1889 668 630 1890 661 630 1891 660 630 1892 661 631 1893 670 631 1894 662 631 1895 662 632 1896 671 632 1897 663 632 1898 671 633 1899 656 633 1900 663 633 1901 664 634 1902 673 634 1903 665 634 1904 665 635 1905 674 635 1906 666 635 1907 666 636 1908 675 636 1909 667 636 1910 667 637 1911 676 637 1912 668 637 1913 676 638 1914 669 638 1915 668 638 1916 677 639 1917 670 639 1918 669 639 1919 678 640 1920 671 640 1921 670 640 1922 679 641 1923 664 641 1924 671 641 1925 680 642 1926 673 642 1927 672 642 1928 681 643 1929 674 643 1930 673 643 1931 674 644 1932 683 644 1933 675 644 1934 683 645 1935 676 645 1936 675 645 1937 684 646 1938 677 646 1939 676 646 1940 685 647 1941 678 647 1942 677 647 1943 686 648 1944 679 648 1945 678 648 1946 687 649 1947 672 649 1948 679 649 1949 688 650 1950 681 650 1951 680 650 1952 681 651 1953 690 651 1954 682 651 1955 682 652 1956 691 652 1957 683 652 1958 691 653 1959 684 653 1960 683 653 1961 684 654 1962 693 654 1963 685 654 1964 693 655 1965 686 655 1966 685 655 1967 694 656 1968 687 656 1969 686 656 1970 687 657 1971 688 657 1972 680 657 1973 696 658 1974 689 658 1975 688 658 1976 697 659 1977 690 659 1978 689 659 1979 690 660 1980 699 660 1981 691 660 1982 691 661 1983 700 661 1984 692 661 1985 700 662 1986 693 662 1987 692 662 1988 701 663 1989 694 663 1990 693 663 1991 694 664 1992 703 664 1993 695 664 1994 695 665 1995 696 665 1996 688 665 1997 704 666 1998 697 666 1999 696 666 2000 697 667 2001 706 667 2002 698 667 2003 706 668 2004 699 668 2005 698 668 2006 707 669 2007 700 669 2008 699 669 2009 708 670 2010 701 670 2011 700 670 2012 709 671 2013 702 671 2014 701 671 2015 710 672 2016 703 672 2017 702 672 2018 711 673 2019 696 673 2020 703 673 2021 552 674 2022 705 674 2023 704 674 2024 553 675 2025 706 675 2026 705 675 2027 554 676 2028 707 676 2029 706 676 2030 555 677 2031 708 677 2032 707 677 2033 708 678 2034 557 678 2035 709 678 2036 709 679 2037 558 679 2038 710 679 2039 710 680 2040 559 680 2041 711 680 2042 559 681 2043 704 681 2044 711 681 2045 0 696 2088 8 696 2089 9 696 2090 9 697 2091 10 697 2092 2 697 2093 10 698 2094 11 698 2095 3 698 2096 11 699 2097 12 699 2098 4 699 2099 12 700 2100 13 700 2101 5 700 2102 13 701 2103 14 701 2104 6 701 2105 6 702 2106 14 702 2107 15 702 2108 15 703 2109 8 703 2110 0 703 2111 8 704 2112 16 704 2113 17 704 2114 9 705 2115 17 705 2116 18 705 2117 10 706 2118 18 706 2119 19 706 2120 19 707 2121 20 707 2122 12 707 2123 12 708 2124 20 708 2125 21 708 2126 21 709 2127 22 709 2128 14 709 2129 22 710 2130 23 710 2131 15 710 2132 23 711 2133 16 711 2134 8 711 2135 16 712 2136 24 712 2137 25 712 2138 25 713 2139 26 713 2140 18 713 2141 26 714 2142 27 714 2143 19 714 2144 27 715 2145 28 715 2146 20 715 2147 20 716 2148 28 716 2149 29 716 2150 21 717 2151 29 717 2152 30 717 2153 22 718 2154 30 718 2155 31 718 2156 31 719 2157 24 719 2158 16 719 2159 24 720 2160 32 720 2161 33 720 2162 25 721 2163 33 721 2164 34 721 2165 34 722 2166 35 722 2167 27 722 2168 27 723 2169 35 723 2170 36 723 2171 36 724 2172 37 724 2173 29 724 2174 29 725 2175 37 725 2176 38 725 2177 38 726 2178 39 726 2179 31 726 2180 39 727 2181 32 727 2182 24 727 2183 40 728 2184 41 728 2185 33 728 2186 41 729 2187 42 729 2188 34 729 2189 42 730 2190 43 730 2191 35 730 2192 43 731 2193 44 731 2194 36 731 2195 44 732 2196 45 732 2197 37 732 2198 37 733 2199 45 733 2200 46 733 2201 46 734 2202 47 734 2203 39 734 2204 47 735 2205 40 735 2206 32 735 2207 48 736 2208 49 736 2209 41 736 2210 49 737 2211 50 737 2212 42 737 2213 50 738 2214 51 738 2215 43 738 2216 51 739 2217 52 739 2218 44 739 2219 44 740 2220 52 740 2221 53 740 2222 45 741 2223 53 741 2224 54 741 2225 46 742 2226 54 742 2227 55 742 2228 47 743 2229 55 743 2230 48 743 2231 56 744 2232 57 744 2233 49 744 2234 49 745 2235 57 745 2236 58 745 2237 50 746 2238 58 746 2239 59 746 2240 59 747 2241 60 747 2242 52 747 2243 60 748 2244 61 748 2245 53 748 2246 61 749 2247 62 749 2248 54 749 2249 62 750 2250 63 750 2251 55 750 2252 55 751 2253 63 751 2254 56 751 2255 64 752 2256 65 752 2257 57 752 2258 57 753 2259 65 753 2260 66 753 2261 66 754 2262 67 754 2263 59 754 2264 59 755 2265 67 755 2266 68 755 2267 68 756 2268 69 756 2269 61 756 2270 61 757 2271 69 757 2272 70 757 2273 70 758 2274 71 758 2275 63 758 2276 63 759 2277 71 759 2278 64 759 2279 72 760 2280 73 760 2281 65 760 2282 73 761 2283 74 761 2284 66 761 2285 74 762 2286 75 762 2287 67 762 2288 67 763 2289 75 763 2290 76 763 2291 76 764 2292 77 764 2293 69 764 2294 69 765 2295 77 765 2296 78 765 2297 70 766 2298 78 766 2299 79 766 2300 71 767 2301 79 767 2302 72 767 2303 72 768 2304 80 768 2305 81 768 2306 73 769 2307 81 769 2308 82 769 2309 82 770 2310 83 770 2311 75 770 2312 75 771 2313 83 771 2314 84 771 2315 84 772 2316 85 772 2317 77 772 2318 85 773 2319 86 773 2320 78 773 2321 86 774 2322 87 774 2323 79 774 2324 87 775 2325 80 775 2326 72 775 2327 88 776 2328 89 776 2329 81 776 2330 81 777 2331 89 777 2332 90 777 2333 82 778 2334 90 778 2335 91 778 2336 83 779 2337 91 779 2338 92 779 2339 92 780 2340 93 780 2341 85 780 2342 93 781 2343 94 781 2344 86 781 2345 94 782 2346 95 782 2347 87 782 2348 95 783 2349 88 783 2350 80 783 2351 88 784 2352 96 784 2353 97 784 2354 97 785 2355 98 785 2356 90 785 2357 90 786 2358 98 786 2359 99 786 2360 99 787 2361 100 787 2362 92 787 2363 92 788 2364 100 788 2365 101 788 2366 101 789 2367 102 789 2368 94 789 2369 94 790 2370 102 790 2371 103 790 2372 103 791 2373 96 791 2374 88 791 2375 96 792 2376 104 792 2377 105 792 2378 105 793 2379 106 793 2380 98 793 2381 98 794 2382 106 794 2383 107 794 2384 107 795 2385 108 795 2386 100 795 2387 100 796 2388 108 796 2389 109 796 2390 109 797 2391 110 797 2392 102 797 2393 102 798 2394 110 798 2395 111 798 2396 111 799 2397 104 799 2398 96 799 2399 104 800 2400 112 800 2401 113 800 2402 113 801 2403 114 801 2404 106 801 2405 114 802 2406 115 802 2407 107 802 2408 115 803 2409 116 803 2410 108 803 2411 116 804 2412 117 804 2413 109 804 2414 109 805 2415 117 805 2416 118 805 2417 110 806 2418 118 806 2419 119 806 2420 119 807 2421 112 807 2422 104 807 2423 112 808 2424 120 808 2425 121 808 2426 113 809 2427 121 809 2428 122 809 2429 114 810 2430 122 810 2431 123 810 2432 115 811 2433 123 811 2434 124 811 2435 124 812 2436 125 812 2437 117 812 2438 125 813 2439 126 813 2440 118 813 2441 126 814 2442 127 814 2443 119 814 2444 127 815 2445 120 815 2446 112 815 2447 128 816 2448 129 816 2449 121 816 2450 129 817 2451 130 817 2452 122 817 2453 122 818 2454 130 818 2455 131 818 2456 131 819 2457 132 819 2458 124 819 2459 132 820 2460 133 820 2461 125 820 2462 133 821 2463 134 821 2464 126 821 2465 134 822 2466 135 822 2467 127 822 2468 135 823 2469 128 823 2470 120 823 2471 136 824 2472 137 824 2473 129 824 2474 129 825 2475 137 825 2476 138 825 2477 130 826 2478 138 826 2479 139 826 2480 139 827 2481 140 827 2482 132 827 2483 132 828 2484 140 828 2485 141 828 2486 141 829 2487 142 829 2488 134 829 2489 142 830 2490 143 830 2491 135 830 2492 135 831 2493 143 831 2494 136 831 2495 144 832 2496 145 832 2497 137 832 2498 145 833 2499 146 833 2500 138 833 2501 138 834 2502 146 834 2503 147 834 2504 139 835 2505 147 835 2506 148 835 2507 148 836 2508 149 836 2509 141 836 2510 149 837 2511 150 837 2512 142 837 2513 142 838 2514 150 838 2515 151 838 2516 143 839 2517 151 839 2518 144 839 2519 152 840 2520 153 840 2521 145 840 2522 145 841 2523 153 841 2524 154 841 2525 154 842 2526 155 842 2527 147 842 2528 155 843 2529 156 843 2530 148 843 2531 156 844 2532 157 844 2533 149 844 2534 157 845 2535 158 845 2536 150 845 2537 158 846 2538 159 846 2539 151 846 2540 159 847 2541 152 847 2542 144 847 2543 0 848 2544 1 848 2545 153 848 2546 1 849 2547 2 849 2548 154 849 2549 2 850 2550 3 850 2551 155 850 2552 3 851 2553 4 851 2554 156 851 2555 156 852 2556 4 852 2557 5 852 2558 157 853 2559 5 853 2560 6 853 2561 158 854 2562 6 854 2563 7 854 2564 7 855 2565 0 855 2566 152 855 2567 192 886 2658 193 886 2659 185 886 2660 193 887 2661 194 887 2662 186 887 2663 194 888 2664 195 888 2665 187 888 2666 195 889 2667 196 889 2668 188 889 2669 188 890 2670 196 890 2671 197 890 2672 197 891 2673 198 891 2674 190 891 2675 190 892 2676 198 892 2677 199 892 2678 199 893 2679 192 893 2680 184 893 2681 192 894 2682 200 894 2683 201 894 2684 193 895 2685 201 895 2686 202 895 2687 194 896 2688 202 896 2689 203 896 2690 203 897 2691 204 897 2692 196 897 2693 196 898 2694 204 898 2695 205 898 2696 205 899 2697 206 899 2698 198 899 2699 206 900 2700 207 900 2701 199 900 2702 207 901 2703 200 901 2704 192 901 2705 200 902 2706 208 902 2707 209 902 2708 209 903 2709 210 903 2710 202 903 2711 210 904 2712 211 904 2713 203 904 2714 211 905 2715 212 905 2716 204 905 2717 204 906 2718 212 906 2719 213 906 2720 205 907 2721 213 907 2722 214 907 2723 206 908 2724 214 908 2725 215 908 2726 215 909 2727 208 909 2728 200 909 2729 208 910 2730 216 910 2731 217 910 2732 209 911 2733 217 911 2734 218 911 2735 218 912 2736 219 912 2737 211 912 2738 211 913 2739 219 913 2740 220 913 2741 220 914 2742 221 914 2743 213 914 2744 213 915 2745 221 915 2746 222 915 2747 222 916 2748 223 916 2749 215 916 2750 223 917 2751 216 917 2752 208 917 2753 224 918 2754 225 918 2755 217 918 2756 225 919 2757 226 919 2758 218 919 2759 226 920 2760 227 920 2761 219 920 2762 227 921 2763 228 921 2764 220 921 2765 228 922 2766 229 922 2767 221 922 2768 221 923 2769 229 923 2770 230 923 2771 230 924 2772 231 924 2773 223 924 2774 231 925 2775 224 925 2776 216 925 2777 232 926 2778 233 926 2779 225 926 2780 233 927 2781 234 927 2782 226 927 2783 234 928 2784 235 928 2785 227 928 2786 235 929 2787 236 929 2788 228 929 2789 228 930 2790 236 930 2791 237 930 2792 229 931 2793 237 931 2794 238 931 2795 230 932 2796 238 932 2797 239 932 2798 239 933 2799 232 933 2800 224 933 2801 240 934 2802 241 934 2803 233 934 2804 233 935 2805 241 935 2806 242 935 2807 234 936 2808 242 936 2809 243 936 2810 243 937 2811 244 937 2812 236 937 2813 244 938 2814 245 938 2815 237 938 2816 245 939 2817 246 939 2818 238 939 2819 246 940 2820 247 940 2821 239 940 2822 239 941 2823 247 941 2824 240 941 2825 248 942 2826 249 942 2827 241 942 2828 241 943 2829 249 943 2830 250 943 2831 250 944 2832 251 944 2833 243 944 2834 243 945 2835 251 945 2836 252 945 2837 252 946 2838 253 946 2839 245 946 2840 245 947 2841 253 947 2842 254 947 2843 254 948 2844 255 948 2845 247 948 2846 247 949 2847 255 949 2848 248 949 2849 256 950 2850 257 950 2851 249 950 2852 257 951 2853 258 951 2854 250 951 2855 258 952 2856 259 952 2857 251 952 2858 251 953 2859 259 953 2860 260 953 2861 260 954 2862 261 954 2863 253 954 2864 253 955 2865 261 955 2866 262 955 2867 254 956 2868 262 956 2869 263 956 2870 255 957 2871 263 957 2872 256 957 2873 256 958 2874 264 958 2875 265 958 2876 257 959 2877 265 959 2878 266 959 2879 266 960 2880 267 960 2881 259 960 2882 259 961 2883 267 961 2884 268 961 2885 268 962 2886 269 962 2887 261 962 2888 269 963 2889 270 963 2890 262 963 2891 270 964 2892 271 964 2893 263 964 2894 271 965 2895 264 965 2896 256 965 2897 272 966 2898 273 966 2899 265 966 2900 265 967 2901 273 967 2902 274 967 2903 266 968 2904 274 968 2905 275 968 2906 267 969 2907 275 969 2908 276 969 2909 276 970 2910 277 970 2911 269 970 2912 277 971 2913 278 971 2914 270 971 2915 278 972 2916 279 972 2917 271 972 2918 279 973 2919 272 973 2920 264 973 2921 272 974 2922 280 974 2923 281 974 2924 281 975 2925 282 975 2926 274 975 2927 274 976 2928 282 976 2929 283 976 2930 283 977 2931 284 977 2932 276 977 2933 284 978 2934 285 978 2935 277 978 2936 285 979 2937 286 979 2938 278 979 2939 278 980 2940 286 980 2941 287 980 2942 287 981 2943 280 981 2944 272 981 2945 280 982 2946 288 982 2947 289 982 2948 289 983 2949 290 983 2950 282 983 2951 282 984 2952 290 984 2953 291 984 2954 291 985 2955 292 985 2956 284 985 2957 284 986 2958 292 986 2959 293 986 2960 293 987 2961 294 987 2962 286 987 2963 286 988 2964 294 988 2965 295 988 2966 295 989 2967 288 989 2968 280 989 2969 288 990 2970 296 990 2971 297 990 2972 297 991 2973 298 991 2974 290 991 2975 298 992 2976 299 992 2977 291 992 2978 299 993 2979 300 993 2980 292 993 2981 300 994 2982 301 994 2983 293 994 2984 293 995 2985 301 995 2986 302 995 2987 294 996 2988 302 996 2989 303 996 2990 303 997 2991 296 997 2992 288 997 2993 304 998 2994 305 998 2995 297 998 2996 297 999 2997 305 999 2998 306 999 2999 298 1000 3000 306 1000 3001 307 1000 3002 299 1001 3003 307 1001 3004 308 1001 3005 308 1002 3006 309 1002 3007 301 1002 3008 309 1003 3009 310 1003 3010 302 1003 3011 310 1004 3012 311 1004 3013 303 1004 3014 311 1005 3015 304 1005 3016 296 1005 3017 312 1006 3018 313 1006 3019 305 1006 3020 313 1007 3021 314 1007 3022 306 1007 3023 306 1008 3024 314 1008 3025 315 1008 3026 315 1009 3027 316 1009 3028 308 1009 3029 316 1010 3030 317 1010 3031 309 1010 3032 317 1011 3033 318 1011 3034 310 1011 3035 318 1012 3036 319 1012 3037 311 1012 3038 319 1013 3039 312 1013 3040 304 1013 3041 320 1014 3042 321 1014 3043 313 1014 3044 313 1015 3045 321 1015 3046 322 1015 3047 314 1016 3048 322 1016 3049 323 1016 3050 323 1017 3051 324 1017 3052 316 1017 3053 316 1018 3054 324 1018 3055 325 1018 3056 325 1019 3057 326 1019 3058 318 1019 3059 326 1020 3060 327 1020 3061 319 1020 3062 319 1021 3063 327 1021 3064 320 1021 3065 328 1022 3066 329 1022 3067 321 1022 3068 329 1023 3069 330 1023 3070 322 1023 3071 322 1024 3072 330 1024 3073 331 1024 3074 331 1025 3075 332 1025 3076 324 1025 3077 332 1026 3078 333 1026 3079 325 1026 3080 333 1027 3081 334 1027 3082 326 1027 3083 326 1028 3084 334 1028 3085 335 1028 3086 327 1029 3087 335 1029 3088 328 1029 3089 328 1030 3090 336 1030 3091 337 1030 3092 329 1031 3093 337 1031 3094 338 1031 3095 338 1032 3096 339 1032 3097 331 1032 3098 331 1033 3099 339 1033 3100 340 1033 3101 340 1034 3102 341 1034 3103 333 1034 3104 341 1035 3105 342 1035 3106 334 1035 3107 342 1036 3108 343 1036 3109 335 1036 3110 343 1037 3111 336 1037 3112 328 1037 3113 184 1038 3114 185 1038 3115 337 1038 3116 185 1039 3117 186 1039 3118 338 1039 3119 186 1040 3120 187 1040 3121 339 1040 3122 187 1041 3123 188 1041 3124 340 1041 3125 188 1042 3126 189 1042 3127 341 1042 3128 341 1043 3129 189 1043 3130 190 1043 3131 342 1044 3132 190 1044 3133 191 1044 3134 191 1045 3135 184 1045 3136 336 1045 3137 368 1076 3228 376 1076 3229 377 1076 3230 377 1077 3231 378 1077 3232 370 1077 3233 378 1078 3234 379 1078 3235 371 1078 3236 379 1079 3237 380 1079 3238 372 1079 3239 372 1080 3240 380 1080 3241 381 1080 3242 381 1081 3243 382 1081 3244 374 1081 3245 374 1082 3246 382 1082 3247 383 1082 3248 383 1083 3249 376 1083 3250 368 1083 3251 376 1084 3252 384 1084 3253 385 1084 3254 377 1085 3255 385 1085 3256 386 1085 3257 378 1086 3258 386 1086 3259 387 1086 3260 387 1087 3261 388 1087 3262 380 1087 3263 380 1088 3264 388 1088 3265 389 1088 3266 389 1089 3267 390 1089 3268 382 1089 3269 390 1090 3270 391 1090 3271 383 1090 3272 391 1091 3273 384 1091 3274 376 1091 3275 384 1092 3276 392 1092 3277 393 1092 3278 393 1093 3279 394 1093 3280 386 1093 3281 394 1094 3282 395 1094 3283 387 1094 3284 395 1095 3285 396 1095 3286 388 1095 3287 388 1096 3288 396 1096 3289 397 1096 3290 389 1097 3291 397 1097 3292 398 1097 3293 390 1098 3294 398 1098 3295 399 1098 3296 399 1099 3297 392 1099 3298 384 1099 3299 392 1100 3300 400 1100 3301 401 1100 3302 393 1101 3303 401 1101 3304 402 1101 3305 402 1102 3306 403 1102 3307 395 1102 3308 395 1103 3309 403 1103 3310 404 1103 3311 404 1104 3312 405 1104 3313 397 1104 3314 397 1105 3315 405 1105 3316 406 1105 3317 406 1106 3318 407 1106 3319 399 1106 3320 407 1107 3321 400 1107 3322 392 1107 3323 408 1108 3324 409 1108 3325 401 1108 3326 409 1109 3327 410 1109 3328 402 1109 3329 410 1110 3330 411 1110 3331 403 1110 3332 411 1111 3333 412 1111 3334 404 1111 3335 412 1112 3336 413 1112 3337 405 1112 3338 405 1113 3339 413 1113 3340 414 1113 3341 414 1114 3342 415 1114 3343 407 1114 3344 415 1115 3345 408 1115 3346 400 1115 3347 416 1116 3348 417 1116 3349 409 1116 3350 417 1117 3351 418 1117 3352 410 1117 3353 418 1118 3354 419 1118 3355 411 1118 3356 419 1119 3357 420 1119 3358 412 1119 3359 412 1120 3360 420 1120 3361 421 1120 3362 413 1121 3363 421 1121 3364 422 1121 3365 414 1122 3366 422 1122 3367 423 1122 3368 423 1123 3369 416 1123 3370 408 1123 3371 424 1124 3372 425 1124 3373 417 1124 3374 417 1125 3375 425 1125 3376 426 1125 3377 418 1126 3378 426 1126 3379 427 1126 3380 427 1127 3381 428 1127 3382 420 1127 3383 428 1128 3384 429 1128 3385 421 1128 3386 429 1129 3387 430 1129 3388 422 1129 3389 430 1130 3390 431 1130 3391 423 1130 3392 423 1131 3393 431 1131 3394 424 1131 3395 432 1132 3396 433 1132 3397 425 1132 3398 425 1133 3399 433 1133 3400 434 1133 3401 434 1134 3402 435 1134 3403 427 1134 3404 427 1135 3405 435 1135 3406 436 1135 3407 436 1136 3408 437 1136 3409 429 1136 3410 429 1137 3411 437 1137 3412 438 1137 3413 438 1138 3414 439 1138 3415 431 1138 3416 431 1139 3417 439 1139 3418 432 1139 3419 440 1140 3420 441 1140 3421 433 1140 3422 441 1141 3423 442 1141 3424 434 1141 3425 442 1142 3426 443 1142 3427 435 1142 3428 435 1143 3429 443 1143 3430 444 1143 3431 444 1144 3432 445 1144 3433 437 1144 3434 437 1145 3435 445 1145 3436 446 1145 3437 438 1146 3438 446 1146 3439 447 1146 3440 439 1147 3441 447 1147 3442 440 1147 3443 440 1148 3444 448 1148 3445 449 1148 3446 441 1149 3447 449 1149 3448 450 1149 3449 450 1150 3450 451 1150 3451 443 1150 3452 443 1151 3453 451 1151 3454 452 1151 3455 452 1152 3456 453 1152 3457 445 1152 3458 453 1153 3459 454 1153 3460 446 1153 3461 454 1154 3462 455 1154 3463 447 1154 3464 455 1155 3465 448 1155 3466 440 1155 3467 456 1156 3468 457 1156 3469 449 1156 3470 449 1157 3471 457 1157 3472 458 1157 3473 450 1158 3474 458 1158 3475 459 1158 3476 451 1159 3477 459 1159 3478 460 1159 3479 460 1160 3480 461 1160 3481 453 1160 3482 461 1161 3483 462 1161 3484 454 1161 3485 462 1162 3486 463 1162 3487 455 1162 3488 463 1163 3489 456 1163 3490 448 1163 3491 456 1164 3492 464 1164 3493 465 1164 3494 465 1165 3495 466 1165 3496 458 1165 3497 458 1166 3498 466 1166 3499 467 1166 3500 467 1167 3501 468 1167 3502 460 1167 3503 468 1168 3504 469 1168 3505 461 1168 3506 469 1169 3507 470 1169 3508 462 1169 3509 462 1170 3510 470 1170 3511 471 1170 3512 471 1171 3513 464 1171 3514 456 1171 3515 464 1172 3516 472 1172 3517 473 1172 3518 473 1173 3519 474 1173 3520 466 1173 3521 466 1174 3522 474 1174 3523 475 1174 3524 475 1175 3525 476 1175 3526 468 1175 3527 468 1176 3528 476 1176 3529 477 1176 3530 477 1177 3531 478 1177 3532 470 1177 3533 470 1178 3534 478 1178 3535 479 1178 3536 479 1179 3537 472 1179 3538 464 1179 3539 472 1180 3540 480 1180 3541 481 1180 3542 481 1181 3543 482 1181 3544 474 1181 3545 482 1182 3546 483 1182 3547 475 1182 3548 483 1183 3549 484 1183 3550 476 1183 3551 484 1184 3552 485 1184 3553 477 1184 3554 477 1185 3555 485 1185 3556 486 1185 3557 478 1186 3558 486 1186 3559 487 1186 3560 487 1187 3561 480 1187 3562 472 1187 3563 480 1188 3564 488 1188 3565 489 1188 3566 481 1189 3567 489 1189 3568 490 1189 3569 482 1190 3570 490 1190 3571 491 1190 3572 483 1191 3573 491 1191 3574 492 1191 3575 492 1192 3576 493 1192 3577 485 1192 3578 493 1193 3579 494 1193 3580 486 1193 3581 494 1194 3582 495 1194 3583 487 1194 3584 495 1195 3585 488 1195 3586 480 1195 3587 496 1196 3588 497 1196 3589 489 1196 3590 497 1197 3591 498 1197 3592 490 1197 3593 490 1198 3594 498 1198 3595 499 1198 3596 499 1199 3597 500 1199 3598 492 1199 3599 500 1200 3600 501 1200 3601 493 1200 3602 501 1201 3603 502 1201 3604 494 1201 3605 502 1202 3606 503 1202 3607 495 1202 3608 503 1203 3609 496 1203 3610 488 1203 3611 504 1204 3612 505 1204 3613 497 1204 3614 497 1205 3615 505 1205 3616 506 1205 3617 498 1206 3618 506 1206 3619 507 1206 3620 507 1207 3621 508 1207 3622 500 1207 3623 500 1208 3624 508 1208 3625 509 1208 3626 509 1209 3627 510 1209 3628 502 1209 3629 510 1210 3630 511 1210 3631 503 1210 3632 503 1211 3633 511 1211 3634 504 1211 3635 512 1212 3636 513 1212 3637 505 1212 3638 513 1213 3639 514 1213 3640 506 1213 3641 506 1214 3642 514 1214 3643 515 1214 3644 507 1215 3645 515 1215 3646 516 1215 3647 516 1216 3648 517 1216 3649 509 1216 3650 517 1217 3651 518 1217 3652 510 1217 3653 510 1218 3654 518 1218 3655 519 1218 3656 511 1219 3657 519 1219 3658 512 1219 3659 520 1220 3660 521 1220 3661 513 1220 3662 513 1221 3663 521 1221 3664 522 1221 3665 522 1222 3666 523 1222 3667 515 1222 3668 523 1223 3669 524 1223 3670 516 1223 3671 524 1224 3672 525 1224 3673 517 1224 3674 525 1225 3675 526 1225 3676 518 1225 3677 526 1226 3678 527 1226 3679 519 1226 3680 527 1227 3681 520 1227 3682 512 1227 3683 368 1228 3684 369 1228 3685 521 1228 3686 369 1229 3687 370 1229 3688 522 1229 3689 370 1230 3690 371 1230 3691 523 1230 3692 371 1231 3693 372 1231 3694 524 1231 3695 372 1232 3696 373 1232 3697 525 1232 3698 525 1233 3699 373 1233 3700 374 1233 3701 526 1234 3702 374 1234 3703 375 1234 3704 375 1235 3705 368 1235 3706 520 1235 3707 552 1266 3798 560 1266 3799 561 1266 3800 561 1267 3801 562 1267 3802 554 1267 3803 562 1268 3804 563 1268 3805 555 1268 3806 563 1269 3807 564 1269 3808 556 1269 3809 564 1270 3810 565 1270 3811 557 1270 3812 565 1271 3813 566 1271 3814 558 1271 3815 558 1272 3816 566 1272 3817 567 1272 3818 567 1273 3819 560 1273 3820 552 1273 3821 560 1274 3822 568 1274 3823 569 1274 3824 561 1275 3825 569 1275 3826 570 1275 3827 562 1276 3828 570 1276 3829 571 1276 3830 571 1277 3831 572 1277 3832 564 1277 3833 564 1278 3834 572 1278 3835 573 1278 3836 573 1279 3837 574 1279 3838 566 1279 3839 574 1280 3840 575 1280 3841 567 1280 3842 575 1281 3843 568 1281 3844 560 1281 3845 568 1282 3846 576 1282 3847 577 1282 3848 577 1283 3849 578 1283 3850 570 1283 3851 578 1284 3852 579 1284 3853 571 1284 3854 579 1285 3855 580 1285 3856 572 1285 3857 572 1286 3858 580 1286 3859 581 1286 3860 573 1287 3861 581 1287 3862 582 1287 3863 574 1288 3864 582 1288 3865 583 1288 3866 583 1289 3867 576 1289 3868 568 1289 3869 576 1290 3870 584 1290 3871 585 1290 3872 577 1291 3873 585 1291 3874 586 1291 3875 586 1292 3876 587 1292 3877 579 1292 3878 579 1293 3879 587 1293 3880 588 1293 3881 588 1294 3882 589 1294 3883 581 1294 3884 581 1295 3885 589 1295 3886 590 1295 3887 590 1296 3888 591 1296 3889 583 1296 3890 591 1297 3891 584 1297 3892 576 1297 3893 592 1298 3894 593 1298 3895 585 1298 3896 593 1299 3897 594 1299 3898 586 1299 3899 594 1300 3900 595 1300 3901 587 1300 3902 595 1301 3903 596 1301 3904 588 1301 3905 596 1302 3906 597 1302 3907 589 1302 3908 589 1303 3909 597 1303 3910 598 1303 3911 598 1304 3912 599 1304 3913 591 1304 3914 599 1305 3915 592 1305 3916 584 1305 3917 600 1306 3918 601 1306 3919 593 1306 3920 601 1307 3921 602 1307 3922 594 1307 3923 602 1308 3924 603 1308 3925 595 1308 3926 603 1309 3927 604 1309 3928 596 1309 3929 596 1310 3930 604 1310 3931 605 1310 3932 597 1311 3933 605 1311 3934 606 1311 3935 598 1312 3936 606 1312 3937 607 1312 3938 599 1313 3939 607 1313 3940 600 1313 3941 608 1314 3942 609 1314 3943 601 1314 3944 601 1315 3945 609 1315 3946 610 1315 3947 602 1316 3948 610 1316 3949 611 1316 3950 611 1317 3951 612 1317 3952 604 1317 3953 612 1318 3954 613 1318 3955 605 1318 3956 613 1319 3957 614 1319 3958 606 1319 3959 614 1320 3960 615 1320 3961 607 1320 3962 607 1321 3963 615 1321 3964 608 1321 3965 616 1322 3966 617 1322 3967 609 1322 3968 609 1323 3969 617 1323 3970 618 1323 3971 618 1324 3972 619 1324 3973 611 1324 3974 611 1325 3975 619 1325 3976 620 1325 3977 620 1326 3978 621 1326 3979 613 1326 3980 613 1327 3981 621 1327 3982 622 1327 3983 622 1328 3984 623 1328 3985 615 1328 3986 615 1329 3987 623 1329 3988 616 1329 3989 624 1330 3990 625 1330 3991 617 1330 3992 625 1331 3993 626 1331 3994 618 1331 3995 626 1332 3996 627 1332 3997 619 1332 3998 619 1333 3999 627 1333 4000 628 1333 4001 628 1334 4002 629 1334 4003 621 1334 4004 621 1335 4005 629 1335 4006 630 1335 4007 622 1336 4008 630 1336 4009 631 1336 4010 623 1337 4011 631 1337 4012 624 1337 4013 624 1338 4014 632 1338 4015 633 1338 4016 625 1339 4017 633 1339 4018 634 1339 4019 634 1340 4020 635 1340 4021 627 1340 4022 627 1341 4023 635 1341 4024 636 1341 4025 636 1342 4026 637 1342 4027 629 1342 4028 637 1343 4029 638 1343 4030 630 1343 4031 638 1344 4032 639 1344 4033 631 1344 4034 639 1345 4035 632 1345 4036 624 1345 4037 640 1346 4038 641 1346 4039 633 1346 4040 633 1347 4041 641 1347 4042 642 1347 4043 634 1348 4044 642 1348 4045 643 1348 4046 635 1349 4047 643 1349 4048 644 1349 4049 644 1350 4050 645 1350 4051 637 1350 4052 645 1351 4053 646 1351 4054 638 1351 4055 646 1352 4056 647 1352 4057 639 1352 4058 647 1353 4059 640 1353 4060 632 1353 4061 640 1354 4062 648 1354 4063 649 1354 4064 649 1355 4065 650 1355 4066 642 1355 4067 642 1356 4068 650 1356 4069 651 1356 4070 651 1357 4071 652 1357 4072 644 1357 4073 644 1358 4074 652 1358 4075 653 1358 4076 653 1359 4077 654 1359 4078 646 1359 4079 646 1360 4080 654 1360 4081 655 1360 4082 655 1361 4083 648 1361 4084 640 1361 4085 648 1362 4086 656 1362 4087 657 1362 4088 657 1363 4089 658 1363 4090 650 1363 4091 650 1364 4092 658 1364 4093 659 1364 4094 659 1365 4095 660 1365 4096 652 1365 4097 652 1366 4098 660 1366 4099 661 1366 4100 661 1367 4101 662 1367 4102 654 1367 4103 654 1368 4104 662 1368 4105 663 1368 4106 663 1369 4107 656 1369 4108 648 1369 4109 656 1370 4110 664 1370 4111 665 1370 4112 665 1371 4113 666 1371 4114 658 1371 4115 666 1372 4116 667 1372 4117 659 1372 4118 667 1373 4119 668 1373 4120 660 1373 4121 668 1374 4122 669 1374 4123 661 1374 4124 661 1375 4125 669 1375 4126 670 1375 4127 662 1376 4128 670 1376 4129 671 1376 4130 671 1377 4131 664 1377 4132 656 1377 4133 664 1378 4134 672 1378 4135 673 1378 4136 665 1379 4137 673 1379 4138 674 1379 4139 666 1380 4140 674 1380 4141 675 1380 4142 667 1381 4143 675 1381 4144 676 1381 4145 676 1382 4146 677 1382 4147 669 1382 4148 677 1383 4149 678 1383 4150 670 1383 4151 678 1384 4152 679 1384 4153 671 1384 4154 679 1385 4155 672 1385 4156 664 1385 4157 680 1386 4158 681 1386 4159 673 1386 4160 681 1387 4161 682 1387 4162 674 1387 4163 674 1388 4164 682 1388 4165 683 1388 4166 683 1389 4167 684 1389 4168 676 1389 4169 684 1390 4170 685 1390 4171 677 1390 4172 685 1391 4173 686 1391 4174 678 1391 4175 686 1392 4176 687 1392 4177 679 1392 4178 687 1393 4179 680 1393 4180 672 1393 4181 688 1394 4182 689 1394 4183 681 1394 4184 681 1395 4185 689 1395 4186 690 1395 4187 682 1396 4188 690 1396 4189 691 1396 4190 691 1397 4191 692 1397 4192 684 1397 4193 684 1398 4194 692 1398 4195 693 1398 4196 693 1399 4197 694 1399 4198 686 1399 4199 694 1400 4200 695 1400 4201 687 1400 4202 687 1401 4203 695 1401 4204 688 1401 4205 696 1402 4206 697 1402 4207 689 1402 4208 697 1403 4209 698 1403 4210 690 1403 4211 690 1404 4212 698 1404 4213 699 1404 4214 691 1405 4215 699 1405 4216 700 1405 4217 700 1406 4218 701 1406 4219 693 1406 4220 701 1407 4221 702 1407 4222 694 1407 4223 694 1408 4224 702 1408 4225 703 1408 4226 695 1409 4227 703 1409 4228 696 1409 4229 704 1410 4230 705 1410 4231 697 1410 4232 697 1411 4233 705 1411 4234 706 1411 4235 706 1412 4236 707 1412 4237 699 1412 4238 707 1413 4239 708 1413 4240 700 1413 4241 708 1414 4242 709 1414 4243 701 1414 4244 709 1415 4245 710 1415 4246 702 1415 4247 710 1416 4248 711 1416 4249 703 1416 4250 711 1417 4251 704 1417 4252 696 1417 4253 552 1418 4254 553 1418 4255 705 1418 4256 553 1419 4257 554 1419 4258 706 1419 4259 554 1420 4260 555 1420 4261 707 1420 4262 555 1421 4263 556 1421 4264 708 1421 4265 708 1422 4266 556 1422 4267 557 1422 4268 709 1423 4269 557 1423 4270 558 1423 4271 710 1424 4272 558 1424 4273 559 1424 4274 559 1425 4275 552 1425 4276 704 1425 4277</p>
        </triangles>
        <triangles material="rim_003-material" count="176">
          <input semantic="VERTEX" source="#tire_stack_4_a800-mesh-vertices" offset="0"/>
          <input semantic="NORMAL" source="#tire_stack_4_a800-mesh-normals" offset="1"/>
          <input semantic="TEXCOORD" source="#tire_stack_4_a800-mesh-map-0" offset="2" set="0"/>
          <p>161 160 480 162 160 481 160 160 482 163 161 483 164 161 484 162 161 485 165 162 486 166 162 487 164 162 488 167 163 489 168 163 490 166 163 491 169 164 492 170 164 493 168 164 494 171 165 495 172 165 496 170 165 497 173 166 498 174 166 499 172 166 500 175 167 501 176 167 502 174 167 503 177 168 504 178 168 505 176 168 506 179 169 507 180 169 508 178 169 509 181 170 510 173 170 511 165 170 512 181 171 513 182 171 514 180 171 515 183 172 516 160 172 517 182 172 518 166 173 519 174 173 520 182 173 521 345 334 1002 346 334 1003 344 334 1004 347 335 1005 348 335 1006 346 335 1007 349 336 1008 350 336 1009 348 336 1010 351 337 1011 352 337 1012 350 337 1013 353 338 1014 354 338 1015 352 338 1016 355 339 1017 356 339 1018 354 339 1019 357 340 1020 358 340 1021 356 340 1022 359 341 1023 360 341 1024 358 341 1025 361 342 1026 362 342 1027 360 342 1028 363 343 1029 364 343 1030 362 343 1031 365 344 1032 357 344 1033 349 344 1034 365 345 1035 366 345 1036 364 345 1037 367 346 1038 344 346 1039 366 346 1040 350 347 1041 358 347 1042 366 347 1043 529 508 1524 530 508 1525 528 508 1526 531 509 1527 532 509 1528 530 509 1529 533 510 1530 534 510 1531 532 510 1532 535 511 1533 536 511 1534 534 511 1535 537 512 1536 538 512 1537 536 512 1538 539 513 1539 540 513 1540 538 513 1541 541 514 1542 542 514 1543 540 514 1544 543 515 1545 544 515 1546 542 515 1547 545 516 1548 546 516 1549 544 516 1550 547 517 1551 548 517 1552 546 517 1553 549 518 1554 541 518 1555 533 518 1556 549 519 1557 550 519 1558 548 519 1559 551 520 1560 528 520 1561 550 520 1562 534 521 1563 542 521 1564 550 521 1565 713 682 2046 714 682 2047 712 682 2048 715 683 2049 716 683 2050 714 683 2051 717 684 2052 718 684 2053 716 684 2054 719 685 2055 720 685 2056 718 685 2057 721 686 2058 722 686 2059 720 686 2060 723 687 2061 724 687 2062 722 687 2063 725 688 2064 726 688 2065 724 688 2066 727 689 2067 728 689 2068 726 689 2069 729 690 2070 730 690 2071 728 690 2072 731 691 2073 732 691 2074 730 691 2075 733 692 2076 725 692 2077 717 692 2078 733 693 2079 734 693 2080 732 693 2081 735 694 2082 712 694 2083 734 694 2084 718 695 2085 726 695 2086 734 695 2087 161 856 2568 163 856 2569 162 856 2570 163 857 2571 165 857 2572 164 857 2573 165 858 2574 167 858 2575 166 858 2576 167 859 2577 169 859 2578 168 859 2579 169 860 2580 171 860 2581 170 860 2582 171 861 2583 173 861 2584 172 861 2585 173 862 2586 175 862 2587 174 862 2588 175 863 2589 177 863 2590 176 863 2591 177 864 2592 179 864 2593 178 864 2594 179 865 2595 181 865 2596 180 865 2597 165 866 2598 163 866 2599 161 866 2600 161 867 2601 183 867 2602 181 867 2603 181 868 2604 179 868 2605 177 868 2606 177 869 2607 175 869 2608 173 869 2609 173 870 2610 171 870 2611 169 870 2612 169 871 2613 167 871 2614 165 871 2615 165 872 2616 161 872 2617 181 872 2618 181 873 2619 177 873 2620 173 873 2621 173 874 2622 169 874 2623 165 874 2624 181 875 2625 183 875 2626 182 875 2627 183 876 2628 161 876 2629 160 876 2630 182 877 2631 160 877 2632 162 877 2633 162 878 2634 164 878 2635 166 878 2636 166 879 2637 168 879 2638 170 879 2639 170 880 2640 172 880 2641 174 880 2642 174 881 2643 176 881 2644 178 881 2645 178 882 2646 180 882 2647 182 882 2648 182 883 2649 162 883 2650 166 883 2651 166 884 2652 170 884 2653 174 884 2654 174 885 2655 178 885 2656 182 885 2657 345 1046 3138 347 1046 3139 346 1046 3140 347 1047 3141 349 1047 3142 348 1047 3143 349 1048 3144 351 1048 3145 350 1048 3146 351 1049 3147 353 1049 3148 352 1049 3149 353 1050 3150 355 1050 3151 354 1050 3152 355 1051 3153 357 1051 3154 356 1051 3155 357 1052 3156 359 1052 3157 358 1052 3158 359 1053 3159 361 1053 3160 360 1053 3161 361 1054 3162 363 1054 3163 362 1054 3164 363 1055 3165 365 1055 3166 364 1055 3167 349 1056 3168 347 1056 3169 345 1056 3170 345 1057 3171 367 1057 3172 365 1057 3173 365 1058 3174 363 1058 3175 361 1058 3176 361 1059 3177 359 1059 3178 357 1059 3179 357 1060 3180 355 1060 3181 353 1060 3182 353 1061 3183 351 1061 3184 349 1061 3185 349 1062 3186 345 1062 3187 365 1062 3188 365 1063 3189 361 1063 3190 357 1063 3191 357 1064 3192 353 1064 3193 349 1064 3194 365 1065 3195 367 1065 3196 366 1065 3197 367 1066 3198 345 1066 3199 344 1066 3200 366 1067 3201 344 1067 3202 346 1067 3203 346 1068 3204 348 1068 3205 350 1068 3206 350 1069 3207 352 1069 3208 354 1069 3209 354 1070 3210 356 1070 3211 358 1070 3212 358 1071 3213 360 1071 3214 362 1071 3215 362 1072 3216 364 1072 3217 366 1072 3218 366 1073 3219 346 1073 3220 350 1073 3221 350 1074 3222 354 1074 3223 358 1074 3224 358 1075 3225 362 1075 3226 366 1075 3227 529 1236 3708 531 1236 3709 530 1236 3710 531 1237 3711 533 1237 3712 532 1237 3713 533 1238 3714 535 1238 3715 534 1238 3716 535 1239 3717 537 1239 3718 536 1239 3719 537 1240 3720 539 1240 3721 538 1240 3722 539 1241 3723 541 1241 3724 540 1241 3725 541 1242 3726 543 1242 3727 542 1242 3728 543 1243 3729 545 1243 3730 544 1243 3731 545 1244 3732 547 1244 3733 546 1244 3734 547 1245 3735 549 1245 3736 548 1245 3737 533 1246 3738 531 1246 3739 529 1246 3740 529 1247 3741 551 1247 3742 549 1247 3743 549 1248 3744 547 1248 3745 545 1248 3746 545 1249 3747 543 1249 3748 541 1249 3749 541 1250 3750 539 1250 3751 537 1250 3752 537 1251 3753 535 1251 3754 533 1251 3755 533 1252 3756 529 1252 3757 549 1252 3758 549 1253 3759 545 1253 3760 541 1253 3761 541 1254 3762 537 1254 3763 533 1254 3764 549 1255 3765 551 1255 3766 550 1255 3767 551 1256 3768 529 1256 3769 528 1256 3770 550 1257 3771 528 1257 3772 530 1257 3773 530 1258 3774 532 1258 3775 534 1258 3776 534 1259 3777 536 1259 3778 538 1259 3779 538 1260 3780 540 1260 3781 542 1260 3782 542 1261 3783 544 1261 3784 546 1261 3785 546 1262 3786 548 1262 3787 550 1262 3788 550 1263 3789 530 1263 3790 534 1263 3791 534 1264 3792 538 1264 3793 542 1264 3794 542 1265 3795 546 1265 3796 550 1265 3797 713 1426 4278 715 1426 4279 714 1426 4280 715 1427 4281 717 1427 4282 716 1427 4283 717 1428 4284 719 1428 4285 718 1428 4286 719 1429 4287 721 1429 4288 720 1429 4289 721 1430 4290 723 1430 4291 722 1430 4292 723 1431 4293 725 1431 4294 724 1431 4295 725 1432 4296 727 1432 4297 726 1432 4298 727 1433 4299 729 1433 4300 728 1433 4301 729 1434 4302 731 1434 4303 730 1434 4304 731 1435 4305 733 1435 4306 732 1435 4307 717 1436 4308 715 1436 4309 713 1436 4310 713 1437 4311 735 1437 4312 733 1437 4313 733 1438 4314 731 1438 4315 729 1438 4316 729 1439 4317 727 1439 4318 725 1439 4319 725 1440 4320 723 1440 4321 721 1440 4322 721 1441 4323 719 1441 4324 717 1441 4325 717 1442 4326 713 1442 4327 733 1442 4328 733 1443 4329 729 1443 4330 725 1443 4331 725 1444 4332 721 1444 4333 717 1444 4334 733 1445 4335 735 1445 4336 734 1445 4337 735 1446 4338 713 1446 4339 712 1446 4340 734 1447 4341 712 1447 4342 714 1447 4343 714 1448 4344 716 1448 4345 718 1448 4346 718 1449 4347 720 1449 4348 722 1449 4349 722 1450 4350 724 1450 4351 726 1450 4352 726 1451 4353 728 1451 4354 730 1451 4355 730 1452 4356 732 1452 4357 734 1452 4358 734 1453 4359 714 1453 4360 718 1453 4361 718 1454 4362 722 1454 4363 726 1454 4364 726 1455 4365 730 1455 4366 734 1455 4367</p>
        </triangles>
      </mesh>
    </geometry>
  </library_geometries>
  <library_visual_scenes>
    <visual_scene id="Scene" name="Scene">
      <node id="base00" name="base00" type="NODE">
        <matrix sid="transform">1 0 0 0 0 1 0 0 0 0 1 0 0 0 0 1</matrix>
        <node id="start01" name="start01" type="NODE">
          <matrix sid="transform">1 0 0 0 0 1 0 0 0 0 1 0 0 0 0 1</matrix>
          <node id="tire_stack_4_a800" name="tire_stack_4_a800" type="NODE">
            <matrix sid="transform">1 0 0 0 0 1 0 0 0 0 1 0 0 0 0 1</matrix>
            <instance_geometry url="#tire_stack_4_a800-mesh" name="tire_stack_4_a800">
              <bind_material>
                <technique_common>
                  <instance_material symbol="tire_003-material" target="#tire_003-material">
                    <bind_vertex_input semantic="UVMap" input_semantic="TEXCOORD" input_set="0"/>
                  </instance_material>
                  <instance_material symbol="rim_003-material" target="#rim_003-material">
                    <bind_vertex_input semantic="UVMap" input_semantic="TEXCOORD" input_set="0"/>
                  </instance_material>
                </technique_common>
              </bind_material>
            </instance_geometry>
          </node>
          <node id="tire_stack_4_a200" name="tire_stack_4_a200" type="NODE">
            <matrix sid="transform">1 0 0 0 0 1 0 0 0 0 1 0 0 0 0 1</matrix>
            <instance_geometry url="#tire_stack_4_a200-mesh" name="tire_stack_4_a200">
              <bind_material>
                <technique_common>
                  <instance_material symbol="tire_003-material" target="#tire_003-material">
                    <bind_vertex_input semantic="UVMap" input_semantic="TEXCOORD" input_set="0"/>
                  </instance_material>
                  <instance_material symbol="rim_003-material" target="#rim_003-material">
                    <bind_vertex_input semantic="UVMap" input_semantic="TEXCOORD" input_set="0"/>
                  </instance_material>
                </technique_common>
              </bind_material>
            </instance_geometry>
          </node>
          <node id="tire_stack_4_a50" name="tire_stack_4_a50" type="NODE">
            <matrix sid="transform">1 0 0 0 0 1 0 0 0 0 1 0 0 0 0 1</matrix>
            <instance_geometry url="#tire_stack_4_a50-mesh" name="tire_stack_4_a50">
              <bind_material>
                <technique_common>
                  <instance_material symbol="tire_003-material" target="#tire_003-material">
                    <bind_vertex_input semantic="UVMap" input_semantic="TEXCOORD" input_set="0"/>
                  </instance_material>
                </technique_common>
              </bind_material>
            </instance_geometry>
          </node>
          <node id="nulldetail20" name="nulldetail20" type="NODE">
            <matrix sid="transform">1 0 0 0 0 1 0 0 0 0 1 0 0 0 0 1</matrix>
          </node>
        </node>
        <node id="collision-1" name="collision-1" type="NODE">
          <matrix sid="transform">1 0 0 0 0 1 0 0 0 0 1 0 0 0 0 1</matrix>
          <node id="Colmesh_stack-1" name="Colmesh_stack-1" type="NODE">
            <matrix sid="transform">1 0 0 0 0 1 0 0 0 0 1 0 0 0 0 1</matrix>
            <instance_geometry url="#Colmesh_stack-1-mesh" name="Colmesh_stack-1">
              <bind_material>
                <technique_common>
                  <instance_material symbol="Colmesh_Material-material" target="#Colmesh_Material-material">
                    <bind_vertex_input semantic="UVMap" input_semantic="TEXCOORD" input_set="0"/>
                  </instance_material>
                </technique_common>
              </bind_material>
            </instance_geometry>
          </node>
        </node>
      </node>
    </visual_scene>
  </library_visual_scenes>
  <scene>
    <instance_visual_scene url="#Scene"/>
  </scene>
</COLLADA>