<?xml version="1.0" encoding="utf-8"?>
<COLLADA xmlns="http://www.collada.org/2005/11/COLLADASchema" version="1.4.1" xmlns:xsi="http://www.w3.org/2001/XMLSchema-instance">
  <asset>
    <contributor>
      <author>Blender User</author>
      <authoring_tool>Blender 4.2.9 LTS commit date:2025-04-14, commit time:12:24, hash:a10f621e649a</authoring_tool>
    </contributor>
    <created>2026-08-01T07:55:08</created>
    <modified>2026-08-01T07:55:08</modified>
    <unit name="meter" meter="1"/>
    <up_axis>Z_UP</up_axis>
  </asset>
  <library_effects>
    <effect id="tire_005-effect">
      <profile_COMMON>
        <newparam sid="tire_rubber_png-surface">
          <surface type="2D">
            <init_from>tire_rubber_png</init_from>
          </surface>
        </newparam>
        <newparam sid="tire_rubber_png-sampler">
          <sampler2D>
            <source>tire_rubber_png-surface</source>
          </sampler2D>
        </newparam>
        <technique sid="common">
          <lambert>
            <emission>
              <color sid="emission">0 0 0 1</color>
            </emission>
            <diffuse>
              <texture texture="tire_rubber_png-sampler" texcoord="UVMap"/>
            </diffuse>
            <index_of_refraction>
              <float sid="ior">1.5</float>
            </index_of_refraction>
          </lambert>
        </technique>
      </profile_COMMON>
    </effect>
    <effect id="rim_005-effect">
      <profile_COMMON>
        <newparam sid="tire_rim_png-surface">
          <surface type="2D">
            <init_from>tire_rim_png</init_from>
          </surface>
        </newparam>
        <newparam sid="tire_rim_png-sampler">
          <sampler2D>
            <source>tire_rim_png-surface</source>
          </sampler2D>
        </newparam>
        <technique sid="common">
          <lambert>
            <emission>
              <color sid="emission">0 0 0 1</color>
            </emission>
            <diffuse>
              <texture texture="tire_rim_png-sampler" texcoord="UVMap"/>
            </diffuse>
            <reflectivity>
              <float sid="specular">0.6</float>
            </reflectivity>
            <index_of_refraction>
              <float sid="ior">1.5</float>
            </index_of_refraction>
          </lambert>
        </technique>
      </profile_COMMON>
    </effect>
    <effect id="Colmesh_Material-effect">
      <profile_COMMON>
        <technique sid="common">
          <lambert>
            <emission>
              <color sid="emission">0 0 0 1</color>
            </emission>
            <diffuse>
              <color sid="diffuse">1 0 1 1</color>
            </diffuse>
            <transparent opaque="A_ONE">
              <color sid="alpha">0 0 0 0.15</color>
            </transparent>
            <index_of_refraction>
              <float sid="ior">1.5</float>
            </index_of_refraction>
          </lambert>
        </technique>
      </profile_COMMON>
    </effect>
  </library_effects>
  <library_images>
    <image id="tire_rim_png" name="tire_rim_png">
      <init_from>tire_rim.png</init_from>
    </image>
    <image id="tire_rubber_png" name="tire_rubber_png">
      <init_from>tire_rubber.png</init_from>
    </image>
  </library_images>
  <library_materials>
    <material id="tire_005-material" name="tire.005">
      <instance_effect url="#tire_005-effect"/>
    </material>
    <material id="rim_005-material" name="rim.005">
      <instance_effect url="#rim_005-effect"/>
    </material>
    <material id="Colmesh_Material-material" name="Colmesh_Material">
      <instance_effect url="#Colmesh_Material-effect"/>
    </material>
  </library_materials>
  <library_geometries>
    <geometry id="tire_stack_6_a50-mesh" name="tire_stack_6_a50">
      <mesh>
        <source id="tire_stack_6_a50-mesh-positions">
          <float_array id="tire_stack_6_a50-mesh-positions-array" count="24">-0.399 0 -0.00119996 0.399 0 -0.00119996 0.399 0 1.3452 -0.399 0 1.3452 0 -0.399 -0.00119996 0 0.399 -0.00119996 0 0.399 1.3452 0 -0.399 1.3452</float_array>
          <technique_common>
            <accessor source="#tire_stack_6_a50-mesh-positions-array" count="8" stride="3">
              <param name="X" type="float"/>
              <param name="Y" type="float"/>
              <param name="Z" type="float"/>
            </accessor>
          </technique_common>
        </source>
        <source id="tire_stack_6_a50-mesh-normals">
          <float_array id="tire_stack_6_a50-mesh-normals-array" count="12">0 -1 0 1 0 0 0 -1 0 1 0 0</float_array>
          <technique_common>
            <accessor source="#tire_stack_6_a50-mesh-normals-array" count="4" stride="3">
              <param name="X" type="float"/>
              <param name="Y" type="float"/>
              <param name="Z" type="float"/>
            </accessor>
          </technique_common>
        </source>
        <source id="tire_stack_6_a50-mesh-map-0">
          <float_array id="tire_stack_6_a50-mesh-map-0-array" count="24">1 0 0 1 0 0 1 0 0 1 0 0 1 0 1 1 0 1 1 0 1 1 0 1</float_array>
          <technique_common>
            <accessor source="#tire_stack_6_a50-mesh-map-0-array" count="12" stride="2">
              <param name="S" type="float"/>
              <param name="T" type="float"/>
            </accessor>
          </technique_common>
        </source>
        <vertices id="tire_stack_6_a50-mesh-vertices">
          <input semantic="POSITION" source="#tire_stack_6_a50-mesh-positions"/>
        </vertices>
        <triangles material="tire_005-material" count="4">
          <input semantic="VERTEX" source="#tire_stack_6_a50-mesh-vertices" offset="0"/>
          <input semantic="NORMAL" source="#tire_stack_6_a50-mesh-normals" offset="1"/>
          <input semantic="TEXCOORD" source="#tire_stack_6_a50-mesh-map-0" offset="2" set="0"/>
          <p>1 0 0 3 0 1 0 0 2 5 1 3 7 1 4 4 1 5 1 2 6 2 2 7 3 2 8 5 3 9 6 3 10 7 3 11</p>
        </triangles>
      </mesh>
    </geometry>
    <geometry id="tire_stack_6_a200-mesh" name="tire_stack_6_a200">
      <mesh>
        <source id="tire_stack_6_a200-mesh-positions">
          <float_array id="tire_stack_6_a200-mesh-positions-array" count="1674">0.3796096 0.06476253 0.1226695 0.3544237 0.0534237 0.1978257 0.2907207 0.1019526 0.2286209 0.2398053 0.06983697 0.1941043 0.2186381 0.03839206 0.1184839 0.2500414 0.006186664 0.04497253 0.2934052 0.1011095 0.01266539 0.3572121 0.04614806 0.04327535 0.2665453 0.2756246 0.1173813 0.28847 0.2095857 0.1963675 0.1779837 0.1293128 0.12 0.1708433 0.1768266 0.04418426 0.28847 0.2095857 0.04363244 0.1651042 0.3181366 0.1978257 0.1378081 0.2704637 0.228 0.1153786 0.2171241 0.1958157 0.1010593 0.1983401 0.12 0.1328896 0.2719749 0.01235467 0.1701183 0.3171419 0.04214912 0.06631368 0.3776477 0.1226186 -0.006186664 0.2500414 0.04497253 0 0.3565685 0.1963675 -0.04745143 0.299597 0.227262 -0.0325663 0.2439512 0.1967222 -0.03482258 0.2198616 0.12 -0.04748541 0.2998114 0.01199996 0 0.3565685 0.04363244 -0.1174265 0.3614014 0.12 -0.1690021 0.3180345 0.1971758 -0.1726294 0.3161158 0.04327535 -0.2705301 0.27053 0.12 -0.2144878 0.2144877 0.228738 -0.1746824 0.1746823 0.1961112 -0.1543157 0.1595721 0.121516 -0.1773632 0.1700282 0.04464513 -0.2503218 0.1818695 0.01199996 -0.3236615 0.1579586 0.1971758 -0.3205681 0.160332 0.04217427 -0.3614014 0.1174265 0.12 -0.3102895 -0.005493581 0.2273346 -0.2419672 0.03647273 0.195372 -0.2092324 0.06798374 0.12 -0.2439512 0.0325663 0.0432778 -0.379761 -0.06014811 0.12 -0.3565685 0 0.1963675 -0.2198616 -0.03482258 0.12 -0.2996918 -0.05112832 0.0116384 -0.3573299 -0.04770183 0.0441519 -0.3205682 -0.1603319 0.1978257 -0.2209656 -0.1078391 0.1958157 -0.2171241 -0.1153786 0.04418426 -0.2690441 -0.275523 0.1226695 -0.2081941 -0.2204574 0.228 -0.1574035 -0.1574035 0.12 -0.2081942 -0.2204574 0.01199996 -0.2618654 -0.2472985 0.04327535 -0.2095857 -0.28847 0.1963675 -0.08558976 -0.2355386 0.1965591 -0.1078392 -0.2209656 0.04418426 -0.05984979 -0.377877 0.12 -0.05818796 -0.3574411 0.195837 -0.0388509 -0.3007273 0.228 -0.03482264 -0.2198616 0.12 -0.04234063 -0.2997287 0.01235467 -0.05660599 -0.3573965 0.04325699 0.03647273 -0.2419672 0.04462796 0.1174265 -0.3614014 0.12 0.1690019 -0.3180346 0.1971758 0.1419216 -0.2673729 0.2283546 0.1068981 -0.221224 0.1953548 0.1285325 -0.1857994 0.1226539 0.1378081 -0.2704638 0.01199996 0.1726292 -0.3161159 0.04327535 0.2665451 -0.2756248 0.1226186 0.174072 -0.175574 0.04327028 0.3236615 -0.1579586 0.1971758 0.2725083 -0.1347907 0.2276384 0.2165026 -0.1170443 0.1967222 0.2702704 -0.1377097 0.01126199 0.3196678 -0.1628789 0.04327076 0.3614014 -0.1174266 0.12 0.2092324 -0.0679838 0.12 0 0.22 0.13 0.11 0.1905255 0.11 0.215017 0.0694034 0.09999996 0.2209119 0.04740339 0.14 0.1905255 -0.11 0.13 0.11 -0.1905255 0.11 -0.04740339 -0.2209119 0.09999996 -0.0694034 -0.215017 0.14 -0.1905255 -0.11 0.13 -0.22 0 0.11 -0.1676136 0.1515085 0.09999996 -0.1515085 0.1676136 0.14 0.379761 -0.06014835 0.3408 0.3544237 0.0534237 0.4186257 0.2998114 0.04748541 0.4488 0.243475 0.03427898 0.4166157 0.2186381 0.03839206 0.339284 0.2444404 0.03871554 0.2632923 0.3008922 0.04765659 0.2328 0.3573299 0.04770171 0.264952 0.3410174 0.1788988 0.3434695 0.2597945 0.2490503 0.4186509 0.2175984 0.2104304 0.4484453 0.1519758 0.1986513 0.4158275 0.1779837 0.1293128 0.3408 0.1708433 0.1768266 0.2649843 0.2104305 0.2175983 0.2331547 0.2597944 0.2490503 0.2629491 0.1683269 0.3445016 0.3381814 0.1010593 0.1983401 0.3408 0.05670899 0.3580465 0.4154975 0.05112844 0.2996918 0.4491616 0.04008436 0.2413951 0.265428 0.04748547 0.2998114 0.2328 0.06245225 0.3546934 0.2636241 -0.05363148 0.3796564 0.3434186 -0.0325663 0.2439512 0.4175222 0 0.22 0.3408 -0.1690021 0.3180345 0.4179759 -0.1378082 0.2704637 0.4488 -0.1005579 0.1973561 0.3408 -0.112153 0.2201126 0.2646888 -0.1328897 0.2719749 0.2324452 -0.1657955 0.3219655 0.2649629 -0.2637127 0.2792461 0.3408 -0.1746824 0.1746823 0.4169112 -0.3240399 0.1565802 0.4186509 -0.2968004 0.09065997 0.4481346 -0.1974311 0.103573 0.3392545 -0.2219478 0.1063575 0.2640779 -0.2934052 0.1011095 0.2334654 -0.3205681 0.160332 0.2629743 -0.3774847 0.07090854 0.3408 -0.2419199 0.0383163 0.4169206 -0.3543545 -0.05612415 0.4175292 -0.2198616 -0.03482258 0.3408 -0.2367481 -0.07431757 0.2665025 -0.3565685 0 0.2644324 -0.3438224 -0.1751861 0.3408 -0.2661296 -0.1453319 0.4488 -0.2221992 -0.1053237 0.4169237 -0.2704638 -0.137808 0.2328 -0.3181366 -0.1651041 0.2629743 -0.2618654 -0.2472985 0.4175246 -0.1779838 -0.1293127 0.3408 -0.168327 -0.3445016 0.3381814 -0.1298793 -0.274003 0.4488 -0.08692872 -0.234636 0.4162926 -0.100558 -0.1973561 0.3408 -0.1430854 -0.1969401 0.2644324 -0.1378082 -0.2704637 0.2328 -0.169002 -0.3180345 0.2636241 -0.1101858 -0.3391168 0.4171675 -0.03427904 -0.243475 0.2649843 0 -0.38 0.3408 0.0534237 -0.3544237 0.4186257 0.1073673 -0.2898036 0.4488 0.02849066 -0.2205333 0.3408 0.09561431 -0.294271 0.2328 0.05021053 -0.3566322 0.2636241 0.1683268 -0.3445016 0.3434186 0.07522445 -0.231517 0.4171675 0.1153785 -0.2171242 0.2649843 0.2095856 -0.2884702 0.4171675 0.2021954 -0.1438394 0.4150975 0.1557623 -0.1595134 0.3392545 0.2095856 -0.2884702 0.2644324 0.3074263 -0.2233585 0.3408 0.3236615 -0.1579586 0.4179758 0.2719749 -0.1328897 0.4491547 0.2178383 -0.1109942 0.2660724 0.2673729 -0.1419218 0.2324452 0.3205681 -0.1603321 0.2629743 0.2092324 -0.0679838 0.3408 0 0.22 0.3508 0.11 0.1905255 0.3308 0.215017 0.0694034 0.3208 0.2209119 0.04740339 0.3608 0.1905255 -0.11 0.3508 0.11 -0.1905255 0.3308 -0.04740339 -0.2209119 0.3208 -0.0694034 -0.215017 0.3608 -0.1905255 -0.11 0.3508 -0.22 0 0.3308 -0.1676136 0.1515085 0.3208 -0.1515085 0.1676136 0.3608 0.379761 -0.06014835 0.5616 0.3544237 0.0534237 0.6394258 0.2998114 0.04748541 0.6696 0.243475 0.03427898 0.6374158 0.2186381 0.038392 0.560084 0.2398053 -0.06983709 0.4874957 0.299597 -0.04745155 0.452862 0.3573299 0.04770171 0.485752 0.3614014 0.1174264 0.5616 0.2158141 0.117855 0.4854763 0.2501192 0.1817222 0.4549109 0.2637126 0.2792461 0.5616 0.28847 0.2095857 0.6379676 0.1868003 0.2449866 0.6689791 0.1519758 0.1986513 0.6366276 0.1779837 0.1293128 0.5616 0.2597944 0.2490503 0.4837492 0.1625797 0.3190808 0.6403697 0.1010593 0.1983401 0.5616 0.07681447 0.2364107 0.4860098 0.1174265 0.3614014 0.5616 0.04398381 0.3008234 0.4532384 0.06505382 0.3545815 0.485752 -0.05984979 0.377877 0.5616 0 0.3565685 0.6379676 -0.08348023 0.297565 0.6696 -0.03427904 0.243475 0.6374158 0 0.22 0.5616 -0.1701185 0.3171418 0.639451 -0.104076 0.1960734 0.560084 -0.112153 0.2201126 0.4854888 -0.1916667 0.2424412 0.4536001 -0.1642772 0.322412 0.4848571 -0.2637126 0.2792461 0.5616 -0.1708434 0.1768266 0.6374158 -0.3196678 0.1628789 0.6383293 -0.2692243 0.1412359 0.6699616 -0.1960734 0.1040759 0.5631161 -0.2219478 0.1063575 0.4848779 -0.3205681 0.160332 0.4837743 -0.3774847 0.07090854 0.5616 -0.2504593 0.008615255 0.6381593 -0.3079968 -0.007125079 0.454221 -0.3572121 -0.04614818 0.6383247 -0.294271 -0.09561437 0.6696 -0.2206038 -0.03225469 0.5600546 -0.2367481 -0.07431757 0.4873026 -0.3565685 0 0.4852325 -0.3614015 -0.1174263 0.5616 -0.3181366 -0.1651041 0.4837743 -0.2637126 -0.2792462 0.5616 -0.2884701 -0.2095856 0.6379676 -0.1773632 -0.1700282 0.6369549 -0.1779838 -0.1293127 0.5616 -0.1818696 -0.2503218 0.4536001 -0.1625798 -0.3190807 0.6403697 -0.1419218 -0.2673729 0.6692454 -0.09745246 -0.1994483 0.560084 -0.1430854 -0.1969401 0.4852325 -0.1630235 -0.3233779 0.485763 -0.05984979 -0.377877 0.5616 -0.006186723 -0.2500414 0.6366276 -0.0325663 -0.2439512 0.4848778 0 -0.3565685 0.6379676 0.09065991 -0.2968005 0.6702654 0 -0.22 0.5616 0.05112838 -0.2996918 0.4532384 0.05612415 -0.3543545 0.4848708 0.1645137 -0.3470706 0.5616 0.1690019 -0.3180346 0.638776 0.1010593 -0.1983401 0.5616 0.1153785 -0.2171242 0.4857844 0.1986513 -0.1519759 0.6366276 0.2175983 -0.2104305 0.4539547 0.2095856 -0.2884702 0.4852325 0.3074263 -0.2233585 0.5616 0.3236615 -0.1579586 0.638776 0.2704637 -0.1378082 0.6696 0.1998394 -0.09884655 0.5631455 0.3205681 -0.1603321 0.4837743 0 0.22 0.5716001 0.11 0.1905255 0.5516001 0.215017 0.0694034 0.5416001 0.2209119 0.04740339 0.5816001 0.1905255 -0.11 0.5716001 0.11 -0.1905255 0.5516001 -0.04740339 -0.2209119 0.5416001 -0.0694034 -0.215017 0.5816001 -0.1905255 -0.11 0.5716001 -0.22 0 0.5516001 -0.1676136 0.1515085 0.5416001 -0.1515085 0.1676136 0.5816001 0.379761 -0.06014835 0.7824001 0.3544237 0.0534237 0.8602258 0.2997287 -0.04234069 0.8907547 0.243475 0.03427898 0.8582158 0.219801 -0.03104984 0.780884 0.2434315 0 0.7060325 0.299597 -0.04745155 0.673662 0.3565685 0 0.7060325 0.3614014 0.1174264 0.7824 0.2704637 0.1378082 0.8904 0.2092324 0.06798368 0.7824 0.2165027 0.1170442 0.7056778 0.2692243 0.1412358 0.6747616 0.3254683 0.1542742 0.7056754 0.2637126 0.2792461 0.7824001 0.28847 0.2095857 0.8587676 0.1782187 0.1697376 0.8591223 0.1543157 0.1595721 0.780884 0.1625797 0.3190808 0.8611697 0.1419217 0.2673729 0.8900454 0.1068981 0.221224 0.7070451 0.08348023 0.2975651 0.6744 0.2095857 0.28847 0.7060325 0.1174265 0.3614014 0.7824 0.01016759 0.2500146 0.8578926 0.06798374 0.2092324 0.7824 0.06505388 0.3545815 0.7065519 -0.06631362 0.3776477 0.7797815 0 0.3565685 0.8587676 -0.08348023 0.297565 0.8904 -0.03482264 0.2198616 0.7824001 -0.04441261 0.2420749 0.7056778 -0.1701185 0.3171418 0.860251 -0.1419219 0.2673728 0.6747547 -0.1642772 0.322412 0.705657 -0.2718789 0.2718788 0.7824001 -0.1746823 0.1746823 0.8585113 -0.1293128 0.1779837 0.7824 -0.1728775 0.1728774 0.7076724 -0.3196678 0.1628789 0.8591293 -0.2714387 0.138305 0.8904 -0.1960734 0.1040759 0.7839161 -0.2704637 0.1378081 0.6744 -0.3205681 0.160332 0.7045743 -0.3614014 0.1174265 0.7824 -0.2419672 0.03647273 0.8577721 -0.2504593 0.008615255 0.7058408 -0.3774847 -0.07090842 0.7824 -0.3565685 0 0.8587676 -0.2907207 -0.1019526 0.891021 -0.2206543 -0.03494811 0.7824001 -0.2934052 -0.1011094 0.6737346 -0.3566323 -0.05021059 0.7052242 -0.3205682 -0.1603319 0.8602258 -0.2209656 -0.1078391 0.8582158 -0.2637126 -0.2792462 0.7824 -0.1543157 -0.1595721 0.780884 -0.1969402 -0.1430853 0.7060325 -0.2610476 -0.2486247 0.7065519 -0.1701185 -0.3171418 0.860251 -0.1377097 -0.2702704 0.889662 -0.1170442 -0.2165027 0.8591222 -0.1078392 -0.2209656 0.7065843 -0.08348023 -0.297565 0.6744 -0.05984973 -0.377877 0.7824 -0.03482264 -0.2198616 0.7824001 -0.1101858 -0.3391168 0.7060325 0 -0.3565685 0.8587676 0.04745143 -0.299597 0.891138 0.03330421 -0.2434298 0.8577549 0.07431757 -0.2367481 0.7081025 0.05871379 -0.3535858 0.7045743 0.1645137 -0.3470706 0.7824001 0.1690019 -0.3180346 0.8595759 0.06798374 -0.2092324 0.7824 0.1868003 -0.2449867 0.6750209 0.2175181 -0.2124032 0.8900384 0.1986513 -0.1519758 0.8574275 0.1616688 -0.1526758 0.7824001 0.2095856 -0.2884702 0.7060325 0.3074263 -0.2233585 0.7824 0.3236615 -0.1579586 0.8595759 0.2158141 -0.1178551 0.7062762 0.3205681 -0.1603321 0.7045743 0 0.22 0.7924 0.11 0.1905255 0.7724 0.215017 0.0694034 0.7624 0.2209119 0.04740339 0.8024 0.1905255 -0.11 0.7924 0.11 -0.1905255 0.7724 -0.04740339 -0.2209119 0.7624 -0.0694034 -0.215017 0.8024 -0.1905255 -0.11 0.7924 -0.22 0 0.7724 -0.1676136 0.1515085 0.7624 -0.1515085 0.1676136 0.8024 0.379761 -0.06014835 1.0032 0.3544237 0.05342364 1.081026 0.3007274 -0.03885102 1.1112 0.2416707 -0.04539662 1.079324 0.219801 -0.03104984 1.001684 0.2438707 0.03150558 0.9270763 0.2934052 0.1011095 0.8945347 0.3565685 0 0.9268325 0.3614014 0.1174264 1.0032 0.267373 0.1419215 1.111555 0.221224 0.1068981 1.078555 0.2092324 0.06798368 1.0032 0.3254683 0.1542742 0.9264754 0.2637126 0.2792461 1.0032 0.2618654 0.2472985 1.079925 0.1566227 0.1566226 1.0032 0.1969402 0.1430854 0.9268325 0.1378082 0.2704637 1.1112 0.1153786 0.2171241 1.079016 0.1068981 0.221224 0.9278452 0.08348023 0.2975651 0.8952001 0.1701183 0.3171419 0.9253492 0.05984985 0.377877 1.0032 0.05818808 0.357441 1.079037 0.04105228 0.2185438 1.0032 -0.08839988 0.2951242 1.110579 -0.0325663 0.2439512 1.079922 -0.04441261 0.2420749 0.9264779 -0.05021053 0.3566323 0.9260243 -0.1645138 0.3470705 1.0032 -0.1701185 0.3171418 1.081051 -0.09524482 0.2009356 1.0032 -0.1371245 0.2691219 0.8952001 -0.1430854 0.1969401 1.079568 -0.2059242 0.1419655 0.9281726 -0.2095857 0.28847 0.9268325 -0.3370974 0.1840872 1.0032 -0.3254683 0.1542741 1.079925 -0.2962059 0.09624308 1.1112 -0.2221991 0.1053239 1.079324 -0.1779838 0.1293127 1.0032 -0.2692242 0.1412359 0.8955617 -0.3254683 0.1542742 0.9264754 -0.219801 0.03104978 1.001684 -0.38 0 1.0032 -0.3543545 -0.05612415 1.079929 -0.2419199 -0.0383163 1.079321 -0.2421512 -0.04263651 0.9273844 -0.2998114 -0.04748529 0.8952001 -0.3535859 -0.05871379 0.9253744 -0.3410175 -0.1788986 1.005869 -0.2449868 -0.1868002 1.111821 -0.1983401 -0.1010592 1.0032 -0.2571738 -0.2549737 1.079037 -0.1773632 -0.1700281 1.078555 -0.1708433 -0.1768266 0.9273844 -0.1868004 -0.2449865 0.8945792 -0.2590086 -0.2502443 0.9260243 -0.168327 -0.3445016 1.000581 -0.104076 -0.1960734 1.004716 -0.04878258 -0.3565663 1.081051 -0.04745131 -0.2995971 1.110462 -0.008615195 -0.2504593 1.079759 -0.002478897 -0.2481262 0.9289026 -0.05511516 -0.3579277 0.927363 0 -0.38 1.0032 0.03494817 -0.2206543 1.0032 0.09065985 -0.2968005 0.8958655 0.1645137 -0.3470706 1.0032 0.1714415 -0.3171244 1.079048 0.1868279 -0.2478005 1.111865 0.1726292 -0.3161159 0.9264754 0.1688322 -0.1787771 1.079324 0.1616687 -0.1526758 1.0032 0.1962897 -0.1551806 0.9277075 0.3074263 -0.2233585 1.0032 0.3236615 -0.1579586 1.080376 0.2704637 -0.1378082 0.8952001 0.3205681 -0.1603321 0.9253743 0 0.22 1.0132 0.11 0.1905255 0.9932001 0.215017 0.0694034 0.9832001 0.2209119 0.04740339 1.0232 0.1905255 -0.11 1.0132 0.11 -0.1905255 0.9932001 -0.04740339 -0.2209119 0.9832001 -0.0694034 -0.215017 1.0232 -0.1905255 -0.11 1.0132 -0.22 0 0.9932001 -0.1676136 0.1515085 0.9832001 -0.1515085 0.1676136 1.0232 0.379761 -0.06014835 1.224 0.3544237 0.05342364 1.301826 0.3007274 -0.03885102 1.332 0.2416707 -0.04539662 1.300124 0.2198616 0.03482258 1.224 0.2500414 0.006186604 1.148972 0.2907206 0.1019527 1.116621 0.3565685 0 1.147632 0.3614014 0.1174264 1.224 0.2424413 0.1916666 1.332 0.221224 0.1068981 1.299355 0.3236615 0.1579586 1.146824 0.2665452 0.2756246 1.221381 0.28847 0.2095857 1.300367 0.1595721 0.1543157 1.225516 0.1708434 0.1768267 1.148184 0.1579585 0.3236615 1.301176 0.1153786 0.2171241 1.299816 0.1377097 0.2702704 1.115262 0.1714416 0.3171243 1.148152 0.06631368 0.3776477 1.226619 0.04234093 0.2997287 1.332355 0.04105228 0.2185438 1.224 0.002478957 0.2481262 1.149703 -0.06245213 0.3546934 1.301176 -0.0325663 0.2439512 1.300722 -0.09553712 0.2940326 1.117311 -0.0487827 0.3565662 1.146149 -0.1645138 0.3470705 1.224 -0.1752716 0.2533628 1.331379 -0.06798374 0.2092324 1.224 -0.2597945 0.2490503 1.301851 -0.1974533 0.1529574 1.298104 -0.1595722 0.1543157 1.222484 -0.1746824 0.1746823 1.147889 -0.2095857 0.28847 1.147632 -0.3410174 0.1788988 1.221331 -0.2968004 0.09066003 1.115334 -0.320568 0.160332 1.146174 -0.3573299 0.04770177 1.299848 -0.3114493 0 1.332 -0.2206038 0.03225475 1.225546 -0.2504593 -0.008615195 1.147441 -0.379761 -0.06014811 1.224 -0.2439512 -0.03256624 1.300722 -0.3566322 -0.05021059 1.146824 -0.3205682 -0.1603319 1.301826 -0.1951617 -0.1065768 1.224 -0.2661295 -0.1453319 1.116 -0.3074265 -0.2233583 1.224 -0.1713472 -0.2572043 1.332 -0.1773632 -0.1700281 1.299355 -0.1419655 -0.2059242 1.148972 -0.2610476 -0.2486247 1.148152 -0.1683269 -0.3445016 1.221381 -0.2095857 -0.28847 1.300367 -0.100558 -0.1973561 1.224 -0.1328896 -0.2719749 1.116355 -0.04878258 -0.3565663 1.301851 -0.008615195 -0.2504593 1.300559 -0.1101858 -0.3391168 1.147632 0 -0.38 1.224 0.05598032 -0.2980144 1.332 0 -0.22 1.224 0.04263657 -0.2421513 1.148184 0.08839976 -0.2951242 1.115379 0.05021053 -0.3566322 1.146824 0.1683268 -0.3445016 1.226619 0.1714415 -0.3171244 1.299848 0.1010593 -0.1983401 1.224 0.2204574 -0.2081943 1.332 0.1688322 -0.1787771 1.300124 0.1768266 -0.1708434 1.148184 0.2095856 -0.2884702 1.147632 0.3074263 -0.2233585 1.224 0.3236615 -0.1579586 1.301176 0.19834 -0.1010594 1.224 0.2714386 -0.138305 1.116 0.3196677 -0.1628789 1.147271 0 0.22 1.234 0.11 0.1905255 1.214 0.215017 0.0694034 1.204 0.2209119 0.04740339 1.244 0.1905255 -0.11 1.234 0.11 -0.1905255 1.214 -0.04740339 -0.2209119 1.204 -0.0694034 -0.215017 1.244 -0.1905255 -0.11 1.234 -0.22 0 1.214 -0.1676136 0.1515085 1.204 -0.1515085 0.1676136 1.244</float_array>
          <technique_common>
            <accessor source="#tire_stack_6_a200-mesh-positions-array" count="558" stride="3">
              <param name="X" type="float"/>
              <param name="Y" type="float"/>
              <param name="Z" type="float"/>
            </accessor>
          </technique_common>
        </source>
        <source id="tire_stack_6_a200-mesh-normals">
          <float_array id="tire_stack_6_a200-mesh-normals-array" count="3240">0.5678408 0.2471543 0.7851572 -0.3380216 -0.1611672 -0.9272359 0.5839452 0.2472974 -0.7732089 -0.6193427 -0.6901991 -0.374219 0.6140403 0.6699165 -0.4173328 0.4536768 0.8850321 0.1043827 -0.1566748 -0.3689693 -0.9161412 0.2008549 0.8792628 0.4319191 -0.1422806 -0.8983246 -0.4156551 0.2027708 0.8902605 -0.4078238 -0.121304 0.5493561 0.8267365 -0.173287 0.3560199 0.9182708 -0.1891601 0.3253177 -0.9264917 -0.4507703 0.4355175 0.7791859 -0.8501145 0.5045673 0.1507222 -0.8478024 0.503195 -0.1674093 -0.5438326 0.1090372 0.8320799 0.9227076 -0.09539949 -0.3735097 -0.561884 -0.1187179 0.8186528 0.9780461 0.1428001 0.1517699 0.4119334 0.0691294 -0.9085879 -0.8862849 -0.4545059 0.08901435 0.8124663 0.413972 -0.410519 -0.6757498 -0.5903018 0.4414816 -0.4222987 -0.3751501 0.8251826 0.6825362 0.7241407 0.09881615 0.2924479 0.30269 -0.9071125 0.4139722 0.8124663 -0.4105189 0.06376814 0.4190478 -0.9057221 -0.1778086 0.8860829 -0.4280667 0.4906319 -0.8576421 0.154047 -0.4317824 0.8921508 -0.1327812 -0.1882421 0.3715396 -0.9091332 -0.6825305 0.7161563 0.1458507 0.8491381 -0.5066784 0.1491361 -0.7499089 0.5227951 0.4053664 -0.3685471 0.162611 -0.9152762 0.8457068 -0.5097058 -0.1580507 -0.6914657 0.07120805 -0.7188912 0.9571594 -0.1698797 -0.2344924 -0.6256999 -0.7439845 -0.2344925 -0.3314595 0.9138644 -0.2344921 0.983357 0.1583838 0.08901435 0.783346 0.3788598 0.4927822 0.795749 0.3807849 -0.470942 -0.6193426 -0.690199 -0.3742192 0.4142221 0.7851145 0.4604511 -0.29096 -0.5489202 0.7836 0.4126937 0.7739843 -0.4802417 0.1574574 0.9860165 0.05457562 -0.1953116 -0.9112709 -0.3625447 0.08976191 -0.5901654 0.8022766 -0.128561 0.8777154 -0.4616141 -0.4307426 0.8992124 0.07666724 0.1772191 -0.3716312 0.9113088 0.4322057 -0.8881175 0.1563509 -0.4302579 0.9014427 -0.04774099 0.4943746 -0.4399273 0.749705 0.6288016 -0.6563893 0.4168472 -0.8751959 0.47794 0.07487052 -0.8740357 0.4773063 -0.09077656 0.3961684 -0.04475998 -0.9170862 -0.8848218 0.1948258 -0.4232413 -0.9880508 -0.1351513 0.07409405 0.9788079 0.1343865 0.1545165 -0.7880083 -0.3812453 0.4834201 -0.5495833 -0.2659041 0.7919932 0.8419491 0.3731507 -0.3897184 -0.4734831 -0.783737 0.401958 -0.2935241 -0.4880861 0.8219584 0.1754997 0.3996792 -0.8996979 0.1609531 0.8961693 0.413491 0.1615524 0.8995067 -0.4059416 0.20035 -0.9632298 0.1790202 -0.01381945 0.4710461 0.8820003 -0.0198329 0.9878383 0.1542146 -0.07031661 0.3993585 -0.9140943 0.3543223 -0.8293983 0.4319189 0.2491588 -0.5726793 0.7809984 -0.3968544 0.8171455 -0.4180668 0.3609731 -0.8391951 -0.4067556 0.9039804 -0.4006438 0.1493445 -0.8011284 0.4741722 -0.3651768 0.8701484 -0.1492999 -0.4696289 0.9571594 -0.1698797 -0.2344925 -0.6256999 -0.7439845 -0.2344927 -0.3314595 0.9138643 -0.2344923 0.9800133 0.101324 0.1711941 -0.851534 -0.3746404 -0.3667894 0.5525783 0.2597975 -0.7919358 0.3987796 0.4408497 0.8041308 -0.1928563 -0.8998146 -0.3913316 -0.1343547 0.6091213 0.7816138 -0.1209676 0.875377 -0.4680619 -0.4339368 0.8969157 0.08509445 0.4334157 -0.8880811 0.1531755 -0.4347866 0.8986721 -0.05787122 0.4308167 -0.5101574 0.7444035 -0.874368 0.477488 0.08651924 0.8984916 -0.4247738 0.110816 -0.8740356 0.4773064 -0.09077638 -0.8697428 0.1562082 0.4681309 0.6920067 -0.07427549 0.7180598 0.887784 -0.1693524 0.4279713 0.3862823 -0.04400712 -0.9213303 -0.8848218 0.1948258 -0.4232413 -0.9876178 -0.08433932 0.1322799 -0.5790929 -0.2452661 0.7774934 0.3452798 0.1350177 0.9287369 0.8425832 0.3636695 -0.3972378 -0.3056069 -0.1560965 -0.9392754 0.4859034 0.4294229 0.7612448 0.3459768 0.2793873 -0.8956801 -0.6269111 -0.6203145 -0.4713729 0.4217552 0.9019012 0.09325671 -0.1997006 -0.8920542 0.4054123 0.08428317 0.6910188 0.7179062 0.197381 0.9088354 -0.3675038 0.1389779 -0.6256321 0.767639 -0.06912928 0.4119334 -0.908588 0.1353796 -0.9859708 -0.09764194 -0.4318082 0.9019552 0.004299342 0.3576872 -0.8308038 -0.4264093 -0.4407534 0.5015619 0.7444273 -0.3024268 0.2661219 -0.9152689 0.9039805 -0.4006438 0.1493444 0.3553149 -0.1849109 -0.9162747 0.8701484 -0.1492999 -0.4696289 0.9571593 -0.1698797 -0.2344926 -0.6256999 -0.7439844 -0.2344928 -0.3314595 0.9138643 -0.2344925 0.9800133 0.1013243 0.1711939 -0.5918342 -0.09456676 0.8004932 0.5251165 0.2294311 0.8195207 -0.4172239 -0.4117128 0.8101956 0.6878393 0.5950781 -0.4156433 -0.1769406 -0.3563529 0.9174446 -0.4681953 -0.8026537 -0.3695136 -0.08940958 -0.6760863 0.7313777 -0.1343547 0.6091213 0.7816138 -0.1194755 0.8652631 -0.4868731 -0.4552686 0.8867977 0.07950091 0.1448805 -0.3479006 0.9262693 0.1894124 -0.3777673 -0.9063194 0.436779 -0.5154859 0.7372234 0.6890333 -0.6297587 -0.3586602 -0.8524386 0.4940841 0.1709657 0.8993393 -0.4235508 -0.1085983 0.8979986 -0.1632307 0.4086005 0.88859 -0.1523934 -0.4326478 -0.5846767 -0.1239894 0.8017355 0.9795576 0.1429886 0.1414963 0.3642954 0.1273557 -0.9225342 -0.6374611 -0.6115306 0.4686937 0.7130264 0.6832234 0.1574774 0.4147528 0.8116932 -0.4112592 -0.2796092 -0.4613106 -0.842028 -0.2028166 -0.890442 0.4074047 0.1756966 0.973608 0.145665 0.042153 0.39838 -0.9162513 0.1253881 -0.567005 0.814115 -0.09622645 0.9307056 -0.3528848 0.1353277 -0.9855923 -0.1014604 0.3624677 -0.830352 -0.4232409 0.4462051 -0.4311068 0.7842499 -0.6403826 0.7604771 -0.1076331 -0.2512159 0.2847667 -0.9250938 0.9039804 -0.400644 0.1493448 0.3264297 -0.1927641 -0.9253571 0.6007415 -0.08986759 0.7943761 -0.96748 0.2324091 0.09984272 -0.9523721 0.222741 -0.2082637 -0.4324432 0.09948182 -0.8961564 0.8852204 -0.1949233 -0.4223622 0.9571593 -0.1698797 -0.2344926 -0.6256999 -0.7439844 -0.2344928 -0.3314595 0.9138643 -0.2344925 0.9800133 0.101324 0.1711938 -0.9222786 -0.09267854 -0.3752505 0.5955353 0.1182154 -0.7945834 0.5488113 0.2665094 0.792325 -0.3752451 -0.1598238 -0.913043 -0.7118148 -0.6841897 0.1587583 0.6391007 0.6063284 -0.4731977 0.2993265 0.5597471 0.772714 -0.4312394 -0.8048703 0.4076966 -0.431634 -0.8056067 -0.4058202 -0.1753888 -0.972422 0.1537346 0.1551268 0.8733922 -0.4616511 -0.1053614 0.635142 0.7651756 0.1167801 -0.9039399 0.4114062 0.1169753 -0.9054515 -0.4080124 -0.1356101 0.9876489 -0.07848316 0.1569565 -0.3758816 0.9132785 0.3835403 -0.903128 0.1930199 0.2066268 -0.3488357 -0.9141221 -0.3574925 0.8308213 -0.4265385 0.6135743 -0.7088028 -0.3480305 0.4167994 -0.4327927 -0.7993553 -0.9633263 -0.2073703 0.1702935 0.9004592 0.1415593 -0.4112591 -0.7797695 -0.3833059 0.4950112 -0.5583156 -0.2763667 0.7822436 0.3954351 0.1885903 0.8989242 0.8880772 0.4344041 0.1503726 -0.79381 -0.3935546 -0.4636599 0.6526273 0.6410303 -0.4039279 0.4271531 0.8977921 0.1072824 0.1747733 0.3934856 -0.9025649 -0.4057936 -0.7743861 -0.4854459 -0.2060489 -0.9651392 0.1614009 0.1612692 0.8851935 0.4363767 0.1544513 0.8988416 -0.4101566 0.1382561 0.7235643 -0.6762693 -0.05943763 -0.3415712 -0.9379746 -0.1545358 0.3880694 0.9085818 -0.1589409 0.3279294 -0.9312358 0.4749051 -0.4604371 0.7499752 0.9039805 -0.4006437 0.1493446 0.600815 -0.08987826 0.7943194 -0.9637229 0.2452701 -0.1052647 0.8852205 -0.1949231 -0.422362 0.9571593 -0.1698797 -0.2344926 -0.6256999 -0.7439844 -0.2344928 -0.3314595 0.9138643 -0.2344925 0.9800133 0.101324 0.1711938 -0.9810135 -0.1309859 0.1430216 0.4942577 0.2166073 0.841897 -0.3461892 -0.1649405 -0.9235517 0.3873968 0.4374614 0.8115117 -0.7122456 -0.6845881 0.1550651 0.6332227 0.6095679 -0.4769235 0.4541289 0.8869642 0.08403271 -0.4377502 -0.7980013 0.4142085 -0.1692753 -0.3803601 -0.9092151 0.0859524 0.6104958 0.7873418 -0.1753889 -0.972422 0.1537345 -0.07543808 -0.6773911 -0.7317448 0.1606866 0.8739011 -0.4587774 -0.1317888 0.9883086 0.07666659 0.1271037 -0.6129542 0.7798281 0.07868266 -0.9213761 0.3806245 0.07785677 -0.9116951 -0.4034233 -0.1301587 0.9888108 -0.07288211 -0.2982065 0.5619831 0.7715231 0.1754189 -0.3444049 0.9222871 0.1492837 -0.3371464 -0.9295411 -0.3558407 0.8309704 -0.4276278 -0.6888354 0.721917 0.06589174 0.6764393 -0.3620011 0.641393 -0.9850277 0.1603555 0.06329727 0.9661564 -0.2408444 0.09238821 -0.6423905 -0.1063016 0.7589694 -0.9007373 -0.3992055 0.1711937 0.890162 0.4296963 0.1515675 0.3316528 0.1751686 -0.9269965 -0.4031319 -0.3587401 0.8418968 -0.2340608 -0.5350297 0.8117628 0.4270234 0.897557 0.1097375 -0.2927618 -0.4833345 -0.8250323 -0.4667856 -0.7757529 -0.4246395 -0.2060487 -0.9651392 0.161401 0.2030569 0.9017434 0.3816108 -0.1943419 0.9067475 -0.3742196 -0.3726779 0.9231303 0.09456044 -0.2032821 0.3825445 -0.9012969 0.360973 -0.8391952 -0.4067553 0.4445516 -0.4316992 0.7848628 -0.6447765 0.6447769 -0.4105191 -0.4283398 0.5029296 -0.7507241 0.9039805 -0.4006437 0.1493446 -0.8680613 0.4740445 0.147484 -0.365591 0.1552845 -0.9177309 0.600815 -0.08987826 0.7943194 -0.8983244 0.1422808 -0.4156554 0.8830268 -0.1991091 -0.424993 0.9571593 -0.1698797 -0.2344926 -0.6256999 -0.7439844 -0.2344928 -0.3314595 0.9138643 -0.2344925 -0.8925839 -0.4150828 -0.1760689 -0.8371071 -0.3808533 0.3926863 0.8721393 0.46373 -0.1559721 0.3040773 0.279286 0.9107889 0.6070345 0.6844586 0.4037643 -0.3783891 -0.3297092 0.8649356 -0.6378228 -0.7107936 0.2965715 0.3116928 0.3306927 -0.8907805 -0.4699655 -0.4428865 -0.7635338 0.0646041 0.4335878 0.8987925 -0.3809829 -0.9202355 -0.08954739 0.4504607 0.8885455 -0.08701723 -0.08333343 -0.4889054 0.8683472 -0.149219 -0.9421316 0.3002027 0.1050287 0.4858248 -0.867723 -0.09126806 -0.6015139 -0.7936316 -0.2046586 0.9053935 0.3719912 -0.2102632 0.9006415 -0.3803082 -0.130401 0.5636776 -0.8156367 0.2415207 -0.4591858 0.854878 -0.50532 0.8513822 0.1407129 0.4338803 -0.8526234 0.2911721 0.4153336 -0.8877323 -0.1985684 0.287124 -0.4937961 -0.8208076 0.4672461 -0.2320329 0.8531365 -0.5054451 0.851593 -0.1389763 -0.6384764 0.6168721 0.4602354 -0.465249 0.447219 -0.7638969 -0.6436557 0.6144667 -0.4562213 -0.3426176 0.1432862 0.9284839 0.8800327 -0.4295114 0.202639 0.8820505 -0.425257 -0.2028385 -0.9176756 0.1893893 0.3492894 0.3784676 -0.1742914 -0.9090571 -0.4863278 0.07766562 -0.870318 0.9270249 -0.09584581 0.3625445 0.6325815 -0.1328537 -0.7630141 -0.9585285 0.09910297 -0.2672111 -0.4060159 -0.2212856 -0.88667 -0.8852207 -0.1949228 0.4223618 0.3925353 0.05994671 0.9177812 0.9727867 0.1754696 -0.1513158 -0.332786 -0.1551747 0.9301474 0.5907954 0.2829321 0.755586 0.8124663 0.413972 0.410519 0.5369449 0.2884473 -0.7927726 -0.8628856 -0.4465149 -0.2367551 -0.4010582 -0.8822554 0.2465311 0.2711524 0.2927905 0.9169243 0.6872792 0.711349 -0.1470708 -0.1945257 -0.4103861 0.8909226 -0.2006246 -0.4237049 -0.8833029 0.2692995 0.5681346 0.7776251 0.4087237 0.8021655 0.4352877 0.2595955 0.5395495 -0.8009347 -0.4281214 -0.8684909 -0.2498712 0.1540371 -0.9017885 0.4037947 0.1428005 0.978046 -0.1517697 0.08823513 -0.4874502 0.8686811 -0.09906876 0.5279588 0.8434718 -0.1945712 0.9033361 0.3822644 0.09257924 -0.5137223 -0.8529469 -0.09618121 0.5822865 -0.8072742 0.1614481 -0.8963533 -0.4128987 0.3550122 -0.3449744 0.8688837 0.8695222 0.470041 0.1516332 0.495011 -0.8560009 -0.1490856 0.6313033 -0.6099422 0.478985 -0.3487013 0.3554769 0.8672045 0.3726566 -0.3576083 -0.8562962 -0.4323203 0.4269549 -0.7942347 -0.9157419 0.3838576 -0.1186181 0.6451789 -0.619095 -0.4477339 0.9162273 -0.1344978 0.3774094 0.4128805 -0.03553932 0.9100916 -0.5782937 0.0411058 0.8147925 -0.968156 0.08893954 0.2340164 0.4081922 -0.03418153 -0.9122558 -0.9049512 0.07404398 -0.4190237 0.9637612 -0.09265387 -0.2501593 0.7439845 0.6257 0.2344924 0.1698797 -0.9571594 0.2344924 -0.9138643 0.3314595 0.2344923 0.06640321 0 0.9977928 -0.05750685 0.03320157 -0.9977929 0.4237399 0.2157104 0.8797236 0.9850279 0.1603555 -0.06329673 -0.4023202 -0.2196928 0.8887483 -0.8795394 -0.3976364 0.2613344 -0.8646794 -0.4582528 -0.2057519 -0.4342191 -0.229321 -0.8711289 0.4005486 0.215075 -0.890676 0.2380455 0.4681543 0.8509793 0.6892054 0.7209969 0.07182949 -0.6075971 -0.6771101 0.4151476 0.6915156 0.7188361 -0.07127994 -0.2266331 -0.4529038 -0.8622735 -0.4380443 -0.8860491 -0.1517699 0.2361983 0.4467343 -0.8629246 -0.204833 -0.9556944 0.211404 -0.08719515 -0.389516 0.9168829 -0.07958507 0.5038136 0.8601384 0.1539466 0.9844993 -0.08403259 -0.1475448 0.8623171 0.4843962 0.2089156 -0.9277598 -0.3092184 0.2041238 -0.9064804 0.3696306 0.07788699 -0.4936571 -0.8661618 -0.07775366 0.5071507 -0.8583429 -0.3155825 0.2756951 0.9079647 -0.6349815 0.6117187 0.4718037 0.6969471 -0.6713292 -0.2521547 0.3886543 -0.3701496 -0.8437637 -0.3452776 0.3413773 -0.874211 0.9803922 -0.0827105 -0.1788578 -0.6334739 0.6124035 -0.4729407 0.3552488 -0.1750981 0.918226 0.8879718 -0.4378196 0.140784 -0.8759307 0.1223765 0.4666576 -0.6291151 0.0855872 0.7725861 0.9057354 -0.1423392 0.3992279 0.5405051 0.07422566 0.8380602 -0.5914912 0.1255679 -0.7964739 -0.374814 -0.04610216 0.9259531 -0.4878137 -0.1058974 -0.8665009 0.6428174 0.06385087 -0.7633537 -0.9197331 -0.2111672 -0.3309072 0.3392703 0.3506419 0.8728951 0.847867 0.3757734 0.3740536 -0.6923955 -0.7186602 0.06415516 -0.2761099 -0.2923736 0.9155769 0.6401528 0.7284228 0.2441405 0.6204073 0.7059547 -0.3416471 0.3876466 0.3876462 -0.8363376 -0.3517931 -0.3467561 -0.8694837 -0.675688 -0.6966208 -0.2411748 -0.08991765 -0.9262166 0.3661115 0.3853845 0.8986083 -0.2097186 -0.02693271 -0.4043959 0.9141873 -0.08809763 -0.5003436 -0.8613334 0.04059267 0.6094996 0.7917464 0.06623053 0.6493673 -0.7575855 -0.1901419 -0.9257323 -0.3269032 -0.5576686 0.8116918 0.1736727 -0.1713745 0.9733104 -0.1526355 0.2061062 -0.965642 -0.1582899 -0.2343547 0.3606959 0.9027603 0.697749 -0.6121839 0.3719909 0.2468452 -0.5678557 -0.7852435 0.285458 -0.3015109 0.909728 -0.3900491 0.4378556 -0.8100273 -0.4460439 0.466187 0.7640122 -0.7108694 0.6877933 -0.1469864 0.3780718 -0.3372654 -0.8621565 0.6984801 -0.6092379 -0.3754393 0.48842 -0.07366561 0.8694937 -0.7968509 0.4588711 0.3930215 0.9007369 -0.3992062 -0.1711938 0.8724879 -0.1284217 0.4714581 -0.4487506 0.09642684 0.8884395 -0.9470202 0.08813709 0.3088441 -0.9440544 0.07890975 -0.3202099 -0.4826045 0.06954216 -0.8730732 0.493501 -0.07897281 -0.8661525 0.7439845 0.6256999 0.2344926 0.1698797 -0.9571594 0.2344925 -0.9138643 0.3314595 0.2344924 0.06640321 0 0.9977928 -0.05750685 0.03320157 -0.9977929 -0.5402107 -0.1091695 -0.8344186 -0.9870081 -0.1272171 -0.09813624 0.8404445 0.5073676 0.190345 0.3772802 0.08969444 -0.9217454 0.9839887 0.101735 -0.1463432 0.3496492 0.2029461 0.9146356 -0.4385325 -0.2399592 0.8660882 -0.8795396 -0.3976363 0.2613342 0.8317839 0.5021392 -0.2366261 -0.6396316 -0.7491558 -0.1721542 0.5985877 0.6788888 0.4252091 -0.6075974 -0.6771101 0.4151473 0.227847 0.4369682 -0.8701406 -0.2593994 -0.2999992 -0.9179937 0.4812605 0.8569341 0.1845326 -0.3129829 -0.5525454 -0.7724864 0.4603078 0.8196257 -0.3410725 0.09064751 0.9753655 0.2011101 0.07689303 0.3844071 0.9199558 -0.1184186 -0.507076 0.8537277 -0.2051779 -0.9573042 0.2036433 0.2166563 -0.9220983 -0.3206163 0.09146791 0.9841927 -0.1516521 -0.2028166 0.8904421 0.4074045 0.2028061 -0.9057474 0.3721442 0.1472709 -0.5993095 -0.7868542 -0.09835129 0.3913128 -0.9149871 -0.3791433 0.3613644 0.8518604 0.1828072 -0.3745781 0.9089955 -0.6367121 0.6138637 0.4666574 0.6973076 -0.6716876 -0.250196 0.6532375 -0.6398978 0.4047365 -0.4174317 0.04275715 0.9077019 0.2902705 -0.2752426 -0.9165067 -0.4677621 0.4561124 -0.7570734 -0.6321053 0.6126972 -0.4743891 0.3639131 -0.1681938 0.9161213 0.64986 -0.3046509 -0.6963261 -0.3107658 0.1425188 -0.9397409 0.9819527 -0.08272051 -0.170077 -0.9034401 -0.2069813 -0.3754392 -0.5233864 0.1098346 -0.844987 -0.5466929 -0.1199368 -0.828699 -0.8404446 -0.5073674 0.1903451 0.8946282 0.3961398 0.2066734 -0.3013834 -0.2692148 0.9147083 0.6362618 0.3317579 -0.6964966 -0.8454355 -0.5103804 -0.157324 -0.5985879 -0.6788885 0.4252094 0.6116846 0.7098971 -0.3491244 0.6137512 0.6966957 0.3713818 -0.05562633 -0.4080556 0.9112609 -0.4539426 -0.454507 -0.7663939 -0.4331831 -0.895358 0.1033746 0.1729462 0.3662522 0.9143025 0.3827139 0.9012613 -0.2031208 0.1705322 0.4076745 -0.897062 -0.4348735 -0.898852 -0.05431497 -0.07482349 -0.5045748 -0.8601195 0.1853665 0.9068884 0.3784081 0.1328538 0.6325815 -0.7630141 0.2080344 -0.9193988 0.3338077 -0.1261051 -0.8788959 -0.460043 -0.1724604 0.9587184 -0.2260893 -0.1962754 0.9157676 0.3504933 0.2088208 -0.3822219 -0.9001668 -0.1605358 0.3353251 0.9283239 -0.2830193 0.5342154 -0.7965638 0.6588663 -0.6365725 0.4008374 0.2800056 -0.3128588 0.9075881 -0.7539797 0.6387374 -0.1533919 -0.6394129 0.6279362 0.4436747 0.6984801 -0.6092379 -0.3754393 0.4213443 -0.3743336 -0.8260408 0.4782684 -0.07575035 0.8749407 -0.5569112 0.2749412 -0.7837457 0.9007369 -0.3992062 -0.1711938 0.872488 -0.1284214 0.4714581 -0.4314035 0.1000261 0.8965967 -0.9411509 0.1358219 0.3094952 -0.8957793 0.1131133 -0.4298661 0.6127215 -0.1008229 -0.7838413 0.7439845 0.6256998 0.2344927 0.1698797 -0.9571593 0.2344927 -0.9138643 0.3314595 0.2344926 0.06640309 0 0.9977928 -0.05750674 0.03320151 -0.9977929 -0.9483011 -0.2188752 -0.2298228 0.3956172 0.06607127 0.9160358 -0.9229538 -0.1041675 0.3705475 -0.4648896 -0.1096208 -0.8785561 0.463312 0.09135925 -0.8814736 0.9712443 0.1004175 -0.215872 0.8404445 0.5073674 0.1903451 -0.8169454 -0.4846699 0.3125625 -0.3725374 -0.1855526 0.9092777 0.3153716 0.3153321 0.8950455 -0.7898891 -0.4799392 -0.3817507 0.8462818 0.5108914 -0.1509871 0.5985876 0.6788887 0.4252094 -0.385818 -0.4602628 -0.799564 -0.6811995 -0.7145807 -0.1591908 0.2524157 0.2977809 -0.9206589 -0.4787085 -0.840007 0.2553947 0.4812605 0.8569341 0.1845327 0.4759591 0.8474943 -0.2349817 0.2416794 0.5347174 -0.8097335 0.08376294 0.9780691 0.1906951 0.0561946 0.4088265 0.9108804 -0.131156 -0.9662992 -0.2215033 -0.09348118 -0.9041575 0.4168458 -0.0623846 0.4692329 -0.8808681 -0.04756373 -0.4050362 -0.9130626 0.08920061 0.9846346 -0.1501262 -0.2027708 0.8902603 0.407824 0.08281105 -0.6273291 -0.7743389 0.3971749 -0.8961554 0.1978828 0.4611331 -0.8621427 -0.2099197 -0.3738031 0.3561544 0.8564025 -0.4573497 0.887466 -0.05688029 -0.6341331 0.6113141 0.4734661 -0.352144 0.3453773 -0.8698903 0.6890616 -0.6145479 0.3840901 0.4242305 -0.4186832 -0.8029527 -0.9781571 0.08353185 0.1903453 -0.6295558 0.6102818 -0.4808488 0.3696029 -0.1848045 0.9106268 0.8878758 -0.4330767 0.15531 0.3708881 -0.1649819 -0.9139053 -0.8518644 0.4937514 -0.174747 -0.3964374 0.03418725 0.917425 -0.4873101 0.08078837 -0.8694838 0.6571169 -0.05079323 0.7520755 0.6988786 -0.06512439 -0.7122693 -0.9674395 0.08261656 -0.2392392 0.8185111 0.4401922 -0.3691481 -0.8848221 -0.1948254 0.423241 0.4291734 0.06522637 0.9008638 -0.8740357 -0.4773064 0.09077584 0.8066599 0.4243892 0.4113314 -0.8563747 -0.4676618 -0.2188943 -0.6064788 -0.2971025 -0.7375051 -0.3271395 -0.3046116 0.8945343 0.3605588 0.3520293 0.8637549 0.4609526 0.4900503 -0.7398468 0.6448451 0.7362991 -0.2050328 -0.429369 -0.8874742 -0.1674269 -0.2411533 -0.2608535 -0.934773 -0.4339368 -0.8969157 0.08509469 0.4084232 0.8195938 0.4018164 -0.07729798 -0.4430885 0.8931392 0.07615685 0.5235435 0.8485884 0.2080343 -0.9193987 0.3338079 0.08671402 0.9914065 -0.09794867 -0.05681174 -0.5813764 -0.8116489 -0.08142608 -0.9093928 -0.4078904 -0.2238215 0.4078332 0.8851984 -0.09535169 0.9222495 0.3746517 -0.1413744 0.7345766 -0.6636344 0.06736314 -0.3351849 -0.9397411 0.1853536 -0.3499422 0.9182507 -0.5017656 0.8311647 0.2395762 0.6588664 -0.6365723 0.4008375 -0.4860938 0.8052054 -0.3396423 0.2187803 -0.4879872 -0.8449874 0.6984802 -0.6092378 -0.3754393 0.4183689 -0.3717867 -0.8286991 0.3533619 -0.1746909 0.9190313 -0.5449124 0.2600608 0.7971442 -0.8239905 0.3988505 0.40244 -0.8253262 0.3893753 -0.4089297 -0.5629617 0.3162099 -0.7636002 0.9007369 -0.3992063 -0.171194 0.8724877 -0.1284216 0.4714586 -0.4009894 0.09264433 0.9113861 0.5636449 -0.1191252 -0.8173822 0.7439845 0.6256998 0.2344927 0.1698797 -0.9571593 0.2344927 -0.9138643 0.3314595 0.2344926 0.06640309 0 0.9977928 -0.05750674 0.03320151 -0.9977929 -0.5279603 -0.09906876 0.8434711 0.3934344 0.07079434 0.9166229 -0.9620301 -0.1065126 0.2513031 0.9712444 0.1004174 -0.2158719 0.8332431 0.5030203 0.2295137 -0.8081945 -0.4796865 -0.341647 -0.7983159 -0.4738233 0.3717301 -0.3571734 -0.3466051 0.8673477 0.8462817 0.5108916 -0.1509868 0.2844375 0.2892223 0.9140272 -0.4609521 -0.49005 -0.7398475 -0.6423659 -0.7375213 -0.2083946 0.2586199 0.2794834 -0.9246647 0.4223021 0.8728671 0.244467 -0.08333402 -0.488908 0.8683457 0.433937 0.8969156 -0.08509451 0.03861171 0.3774779 0.9252133 -0.1602653 0.9251462 0.3441215 -0.1335904 -0.9793778 -0.1515672 -0.04756373 -0.4050362 -0.9130626 0.1142936 0.650515 -0.7508444 -0.6781894 0.6444419 0.353205 0.08040398 -0.6236124 -0.7775879 -0.04823625 0.3741201 -0.9261249 0.5230046 -0.845599 -0.1069044 -0.2241091 0.514189 -0.8278797 -0.3331455 0.3116137 0.8898938 0.4063173 -0.3531109 0.8427448 0.7367594 -0.6368209 0.2272551 -0.3911936 0.340084 -0.8551669 -0.7096478 0.613725 -0.3460369 -0.9099239 0.1249349 0.3955121 0.8498323 -0.3674879 0.3778064 0.8538591 -0.3575369 -0.3782751 0.4908932 -0.07789933 -0.8677301 -0.6407149 0.08798217 0.7627212 0.4006767 -0.0550298 0.9145655 0.9781527 -0.1342968 0.1586874 0.9760372 -0.191097 -0.1040835 -0.4992725 0.0703758 -0.8635821 -0.9082413 0.121971 -0.4002758 0.4892821 0.2825631 -0.8250825 -0.3453031 -0.0604313 0.9365435 0.7256309 0.13279 0.6751493 0.9065378 0.151786 0.3938913 -0.962891 -0.2123031 -0.1666383 0.8734604 0.464152 -0.1470709 -0.4417277 -0.2210742 -0.8694843 -0.2172428 -0.3912199 0.8942888 -0.6908931 -0.7217796 0.04124277 0.643768 0.645249 0.4113592 -0.6916267 -0.7190608 -0.06785178 -0.391987 -0.79488 0.4631544 0.188526 0.408906 0.8928906 0.1665169 -0.9105331 0.3784198 0.3885136 0.9151302 -0.1076751 -0.29405 -0.5663416 -0.7699298 -0.2024435 -0.9699209 -0.1351663 0.09254276 -0.4427399 0.8918616 0.1837819 -0.9181646 -0.3509956 -0.1375396 0.6007642 0.7875057 0.1190695 -0.664224 -0.7379899 -0.4466481 0.8326095 0.3275162 -0.4590322 0.855695 -0.2389047 0.6608875 -0.6353791 0.3994009 0.3625536 -0.3504 -0.8635826 -0.4432712 0.4981752 -0.745206 0.6630899 -0.6325275 -0.4002758 -0.4806975 0.2625067 0.836672 0.3294094 -0.1766094 0.9275228 -0.8542268 0.412235 0.3167945 -0.6015655 0.05554443 -0.79689 -0.8310985 0.3923184 -0.3941593 0.9007371 -0.3992062 -0.1711934 0.8724879 -0.1284218 0.4714581 0.4799958 -0.09984993 -0.8715698 0.7439845 0.6256998 0.2344927 0.1698797 -0.9571593 0.2344927 -0.9138643 0.3314595 0.2344926 0.06640309 0 0.9977928 -0.05750674 0.03320151 -0.9977929 -0.6007493 -0.1518985 0.784874 0.3632042 0.09183561 0.9271726 0.9712444 0.1004174 -0.2158721 0.5606948 0.11261 -0.8203294 0.8405092 0.5071289 0.1906949 -0.8884521 -0.4132738 -0.1996439 -0.8116524 -0.4147336 0.4113593 0.3581925 0.3497825 -0.8656503 0.8491383 0.5066779 -0.1491366 0.6026315 0.6865747 0.406756 -0.2881143 -0.2804923 0.915595 -0.4743389 -0.4373713 -0.7640085 -0.3860906 -0.9082686 -0.1611896 0.1809313 0.3319954 0.9257661 -0.3072382 -0.5714159 0.7609788 0.03253477 0.3983953 -0.9166366 0.4507765 0.8888916 -0.08168447 0.1223827 0.8692502 0.4789848 -0.07040727 -0.4188689 0.905313 0.4971144 -0.8355317 0.2340171 -0.08255511 0.3679745 0.9261638 -0.4148715 0.7779993 0.4718038 0.4909962 -0.8100172 -0.3206164 -0.322034 0.2891772 -0.9014825 -0.2397109 0.5486081 -0.8009793 0.5373435 -0.5253589 -0.6597424 -0.70757 0.6167623 -0.3448899 -0.4193805 0.1943315 0.8867667 -0.7957491 0.3807848 0.4709419 0.9135667 -0.3773058 -0.1517764 0.8219786 -0.4008503 0.4045616 -0.9440501 0.1497257 -0.2938566 0.3437618 -0.1398447 -0.9285857 0.3854653 -0.08364284 0.9189235 -0.6523553 0.109428 -0.749972 0.5861694 0.3192932 0.7446188 -0.8701489 -0.1492995 0.4696281 0.8954553 0.1594739 0.4156056 0.8884476 0.1675726 -0.4272943 0.6867997 0.08722585 -0.721594 -0.3692398 -0.05060511 -0.9279554 -0.2946975 -0.1605251 0.9420112 -0.8691706 -0.3852152 -0.3100836 0.8761993 0.4816648 -0.0165506 -0.5540097 -0.2721555 -0.7867685 -0.6426604 -0.7420397 0.1906952 0.1888387 0.9660949 -0.1760694 0.6327958 0.6594538 0.4058204 0.6279315 0.6543857 -0.4212853 0.4268598 0.446893 -0.786179 -0.2806475 -0.2978227 -0.9124356 -0.6509186 -0.7441551 -0.1501267 -0.359237 -0.8394214 0.4078242 0.1630419 0.3558484 0.9202115 -0.06505036 -0.362358 0.9297661 0.1173501 0.6536826 0.7476149 0.0548889 0.559552 -0.8269757 -0.05215394 -0.4361367 -0.8983678 -0.1976764 -0.9539788 -0.2254958 0.1665169 -0.9105331 0.3784198 -0.2556079 0.4680639 0.8459201 0.1166611 -0.6116448 0.7824838 -0.1968379 0.9183927 0.3432342 0.2061064 -0.9656419 -0.1582904 0.1951761 -0.3574045 0.9133282 0.6608875 -0.6353791 0.3994009 -0.4641522 0.8734602 -0.1470714 0.2420787 -0.5565979 -0.7947306 0.384047 -0.3390951 -0.8587912 -0.6453516 0.6453521 0.4087078 0.6976517 -0.6125702 -0.3715371 -0.4819123 0.22843 0.8459199 0.356721 -0.1690884 0.9187814 0.3889991 -0.02883934 -0.9207866 -0.9202354 0.380983 -0.08954763 0.9007731 -0.3992222 -0.1709658 0.8724879 -0.1284218 0.4714581 -0.9014288 0.1427724 0.408708 -0.7016546 0.05814683 -0.7101407 0.7439845 0.6256998 0.2344927 0.1698797 -0.9571593 0.2344927 -0.9138643 0.3314595 0.2344926 0.06640309 0 0.9977928 -0.05750674 0.03320151 -0.9977929 -0.8941538 -0.3963396 -0.2083358 0.8694992 0.3664359 -0.331204 0.3296352 0.3629157 0.8715692 -0.3894316 -0.3502442 0.8518639 -0.7579522 -0.6416736 0.117318 0.2941958 0.2747108 -0.915414 0.1058974 0.4878135 0.8665009 -0.08147233 -0.4961892 0.8643834 -0.1703512 -0.9484735 0.2671675 0.06973862 0.4404891 -0.8950452 -0.08912903 0.9759759 0.1988139 -0.08376288 0.9780691 -0.1906951 0.2049344 -0.4282185 0.8801311 0.4221363 -0.8683752 0.2602414 0.4338858 -0.8661898 -0.2479079 0.1986565 -0.4213758 -0.8848605 0.5263556 -0.2344413 0.8173047 0.8100171 -0.4909964 0.3206164 0.8173666 -0.4849477 -0.3110269 -0.9712443 0.1004176 0.2158722 -0.4161535 0.08958309 -0.9048708 -0.9074886 0.1566575 -0.3897728 -0.4884876 -0.2299403 -0.8417288 -0.855285 -0.4076665 -0.3198367 -0.4293967 -0.8826058 0.1913774 -0.1941688 -0.4329885 0.8802384 -0.2542709 -0.4739057 -0.8430657 -0.445325 -0.8301794 -0.3353921 0.08942204 -0.9621797 0.2573205 0.08395892 -0.5130696 0.8542309 -0.02551001 0.4193789 0.9074528 -0.07232141 0.9854468 0.1538323 0.07718443 -0.4856842 -0.87072 0.08952087 -0.9632427 -0.2532777 0.3589571 -0.3468112 0.8665286 0.8635292 0.3679247 0.3448895 -0.3608312 0.360048 0.8603292 0.3383097 -0.3424388 -0.8765171 -0.7689356 0.5182636 -0.374354 0.9479134 -0.09917062 0.3026968 0.4855529 -0.07334023 0.8711255 -0.4649057 0.07033312 0.8825621 -0.9772173 0.1242619 0.1720616 0.5083532 -0.0912888 -0.8562963 0.9039961 -0.1623621 -0.3955119 0.1549193 -0.08944272 0.9838699 0.1433289 -0.2308183 0.9623823 -0.208751 0.1205224 0.9705139 0.12823 0.2395356 0.9623823 -0.241045 0 0.9705139 -0.271559 -0.008717298 0.9623823 -0.1788855 0 -0.9838699 -0.2395356 -0.12823 -0.9623823 0.008717298 0.271559 -0.9623823 0.2308183 -0.1433289 -0.9623823 0.4534711 0.2192438 0.8638844 -0.4438917 -0.2220733 0.8681265 -0.8648735 -0.480746 0.1444891 -0.8732225 -0.385483 -0.2981362 -0.4537663 -0.2312617 -0.8605895 0.4821549 0.2251393 -0.8466634 0.2308709 0.4235387 0.8759644 -0.2266385 -0.4530457 -0.8621975 0.2196263 0.4315215 -0.8749591 -0.2338113 -0.958581 0.1626492 -0.0800054 0.5045649 0.8596589 0.1365447 -0.9696871 -0.2026389 0.0747444 -0.5047885 -0.8600011 -0.076083 0.5039676 -0.8603651 -0.3482981 0.3381114 0.874282 0.6648917 -0.681771 -0.305135 0.387855 -0.3698177 -0.8442768 -0.3237742 0.2988024 -0.8977124 0.9374568 -0.155417 -0.3114809 0.544884 0.07317149 0.8353128 -0.3938634 -0.03526157 -0.9184924 -0.9804467 -0.1341112 -0.1440082 0.3252972 0.3444582 0.880642 0.6812035 0.7117539 0.1713717 0.7811508 0.5996029 -0.1740106 0.3536007 0.2851296 -0.8908803 -0.3424035 -0.3424033 -0.8749399 -0.6798996 -0.6643432 -0.3104588 -0.2047028 -0.9547464 0.2157687 -0.049923 -0.4485995 0.8923375 -0.04259341 -0.4176137 -0.9076258 -0.1603876 -0.9109091 -0.3801583 -0.3988759 0.8411972 0.3650826 0.645771 -0.7371925 0.198814 0.3671641 -0.326321 0.8710368 -0.3613 0.3576343 -0.8611388 0.2690595 -0.3054643 -0.9133995 0.64266 -0.74204 -0.1906952 0.4886382 -0.07378393 0.869361 -0.5085529 0.0801683 0.8572905 -0.9654089 0.2225792 0.1358093 -0.9638339 0.1674147 -0.2073562 -0.5186848 0.09329861 -0.8498597 0.474503 -0.08225703 -0.8764021 0.1549193 -0.08944272 0.9838699 0.1433288 -0.2308182 0.9623824 -0.208751 0.1205224 0.9705139 0.1282299 0.2395354 0.9623824 -0.241045 0 0.9705139 -0.2715588 -0.008717238 0.9623823 -0.1788855 0 -0.9838699 -0.2395354 -0.1282299 -0.9623824 0.008717238 0.2715588 -0.9623823 0.2308182 -0.1433288 -0.9623824 -0.4799993 -0.07076215 -0.8744103 0.8525592 0.3635768 0.3754392 0.4568939 0.2010565 0.8665012 -0.4525287 -0.2562536 0.8541381 -0.8648736 -0.4807459 0.1444891 0.8235527 0.3948872 -0.4072161 -0.6522878 -0.7269134 -0.2147499 0.2144311 0.3583689 -0.9086204 0.4384623 0.8162491 -0.3761491 0.203515 0.9063469 0.3702929 0.07404172 0.3801856 0.9219418 -0.1111505 -0.5808945 0.8063543 -0.2303115 -0.9598267 0.1602792 0.08557671 -0.9881318 -0.1275627 0.04014796 -0.4367615 -0.898681 -0.0720036 0.5366879 -0.8407031 -0.2519028 0.3014282 0.9196119 0.67142 -0.6810494 -0.2921763 -0.5011147 0.08998858 0.8606893 0.9355847 -0.1612886 -0.3141134 -0.978157 -0.08353137 -0.1903453 -0.8522241 -0.3592775 0.3803076 0.9147924 0.3732675 0.1543574 -0.3276264 -0.3574969 0.874561 0.7811508 0.5996029 -0.1740106 -0.09233063 -0.4571096 0.8846049 -0.09055364 -0.4207499 -0.9026459 0.1341094 -0.9767205 0.1674267 -0.2017111 0.9411294 -0.2712711 0.2063265 -0.4758936 -0.8549588 0.6354846 -0.7341144 0.2392393 0.3653658 -0.3530032 0.8613342 -0.675771 0.6755078 -0.2949963 0.6425247 -0.7422471 -0.1903454 0.4884236 -0.07375276 0.8694843 -0.5086039 0.08055502 0.857224 -0.9612028 0.230681 0.1512464 0.1549191 -0.08944261 0.98387 0.1433287 -0.2308179 0.9623825 -0.2087507 0.1205223 0.9705141 0.1282298 0.2395353 0.9623825 -0.2410447 0 0.970514 -0.2715586 -0.008717298 0.9623824 -0.1788852 0 -0.98387 -0.2395353 -0.1282298 -0.9623825 0.008717298 0.2715586 -0.9623824 0.2308179 -0.1433287 -0.9623825 -0.9373282 -0.09489685 -0.3352767 -0.5496977 -0.08364033 -0.8311659 0.4435657 0.07660388 -0.8929622 0.9211095 0.1848945 -0.3425951 0.8525593 0.363577 0.375439 -0.8805623 -0.4256005 0.2085048 0.3276262 0.357497 0.874561 -0.3470422 -0.3537129 -0.8685901 0.391194 0.3400846 -0.8551665 -0.4267833 -0.8910573 0.1545088 0.3893104 0.8538187 -0.3455879 0.203515 0.9063469 0.3702929 0.09233051 0.4571095 0.884605 -0.09915786 -0.9590588 -0.2652806 -0.06489467 0.4741604 -0.8780436 0.373919 -0.9163452 0.1431638 0.3864292 -0.8719089 -0.3007449 -0.2528405 0.2984019 0.9203413 -0.3583757 0.3579071 -0.8622467 -0.9056493 0.2043527 0.3715366 -0.500069 0.111385 0.8587925 -0.4176919 0.04263567 -0.9075879 -0.9073574 0.1542158 -0.3910501 0.928516 0.3273532 -0.175208 -0.8467426 -0.4101799 -0.3387911 -0.3363728 -0.3225877 0.8847545 0.4202126 0.3753284 0.8261658 0.4077036 0.4608586 -0.7882811 -0.4842162 -0.8052862 -0.3421239 -0.102865 -0.4766889 0.8730329 0.09130012 0.465062 0.8805575 0.1341095 -0.9767205 0.1674271 -0.2274811 0.4545497 0.8611835 -0.4765316 0.8621752 0.1719636 0.6354847 -0.7341143 0.2392393 0.6425247 -0.7422471 -0.1903453 0.1549191 -0.08944261 0.98387 0.1433287 -0.2308179 0.9623825 -0.2087507 0.1205223 0.9705141 0.1282298 0.2395353 0.9623825 -0.2410447 0 0.970514 -0.2715586 -0.008717298 0.9623824 -0.1788852 0 -0.98387 -0.2395353 -0.1282298 -0.9623825 0.008717298 0.2715586 -0.9623824 0.2308179 -0.1433287 -0.9623825 -0.4691392 -0.05853635 0.8811821 -0.9668976 -0.1287004 0.2203302 0.9211095 0.1848944 -0.342595 0.8260979 0.3966627 0.4002761 -0.8974885 -0.3779813 -0.2272546 -0.3637788 -0.3643077 0.8572892 -0.4098002 -0.4620344 -0.7865037 0.3442113 0.3222248 -0.8818672 0.4437569 0.8234521 0.3535626 -0.06364548 -0.5630647 0.8239584 -0.1315239 0.9578897 0.2552425 -0.6691157 0.7085285 0.224213 -0.2603596 0.2749332 0.9255402 0.4755709 -0.4946412 0.7274355 0.6137319 -0.7089849 0.3473811 -0.3077028 0.3153033 -0.8977209 -0.6787324 0.7187117 -0.1509164 -0.9479029 0.2209146 0.2295143 0.4570653 -0.08591634 -0.8852738 -0.4664148 0.0772826 -0.8811837 -0.9479029 0.2209146 -0.2295141 0.4571337 0.2429183 -0.8555814 -0.3770357 -0.212907 -0.9013959 -0.2243093 -0.4429054 0.8680554 0.2846125 0.4884906 0.824847 0.1841204 -0.9198562 0.3463586 0.09016305 -0.4585329 0.8840917 0.1652467 -0.9082412 -0.3844366 -0.3702074 0.9173295 0.1464686 -0.4211025 0.8990021 -0.1202824 0.6366013 -0.7354044 0.2322047 0.2684675 -0.3074294 -0.9129142 0.6370191 -0.7358871 -0.2295142 -0.484251 0.2666211 0.8333151 -0.8520667 0.4653098 0.2397273 -0.4195395 0.1038801 -0.9017736 0.4018975 -0.04113906 -0.9147601 0.1549191 -0.08944261 0.98387 0.1433287 -0.2308179 0.9623825 -0.2087507 0.1205223 0.9705141 0.1282298 0.2395353 0.9623825 -0.2410447 0 0.970514 -0.2715586 -0.008717298 0.9623824 -0.1788852 0 -0.98387 -0.2395353 -0.1282298 -0.9623825 0.008717298 0.2715586 -0.9623824 0.2308179 -0.1433287 -0.9623825 -0.4691392 -0.05853635 0.8811821 0.9176756 0.1893894 -0.3492897 0.8525591 0.363577 0.3754393 -0.865211 -0.4333366 -0.2522484 0.3284623 0.2913379 -0.8984625 -0.4500072 -0.8376994 -0.3094404 0.1011539 0.5217836 -0.8470595 0.473864 -0.8636247 0.1720619 0.3812986 -0.9168463 -0.1183395 -0.2597769 0.2661036 -0.9282806 -0.6810039 0.7170981 -0.1483373 -0.3325757 0.1810215 0.9255401 0.8527366 -0.4336792 -0.2911401 -0.9507915 0.1620476 -0.264076 0.4993206 0.2335771 0.8343385 -0.8340635 -0.4043163 -0.3753216 -0.6984804 -0.6092376 0.3754392 0.2139673 0.9501947 -0.2266005 0.08461666 0.4505176 -0.8887485 -0.04899549 -0.4303689 -0.9013224 -0.1034573 -0.9312857 -0.3492899 0.1892775 -0.9223629 0.33678 -0.1551232 0.3895194 0.9078609 0.6393174 -0.7287786 0.2452653 0.2606789 -0.3006308 -0.9174244 0.6426598 -0.7420403 -0.1906949 -0.4149594 0.2266075 0.8811683 0.5000707 -0.1113858 -0.8587913 0.1549191 -0.08944261 0.98387 0.1433287 -0.2308179 0.9623825 -0.2087507 0.1205223 0.9705141 0.1282298 0.2395353 0.9623825 -0.2410447 0 0.970514 -0.2715586 -0.008717298 0.9623824 -0.1788852 0 -0.98387 -0.2395353 -0.1282298 -0.9623825 0.008717298 0.2715586 -0.9623824 0.2308179 -0.1433287 -0.9623825</float_array>
          <technique_common>
            <accessor source="#tire_stack_6_a200-mesh-normals-array" count="1080" stride="3">
              <param name="X" type="float"/>
              <param name="Y" type="float"/>
              <param name="Z" type="float"/>
            </accessor>
          </technique_common>
        </source>
        <source id="tire_stack_6_a200-mesh-map-0">
          <float_array id="tire_stack_6_a200-mesh-map-0-array" count="6480">0.65 0.625 0.6034169 0.75 0.5737997 0.625 0.6777775 0.125 0.6033373 0.25 0.5536646 0.125 0.6033373 0.25 0.65 0.375 0.5703836 0.375 0.725 0 0.6777775 0.125 0.65 0 0.7215951 0.375 0.6776999 0.5 0.65 0.375 0.7723 0.5 0.7237998 0.625 0.6776999 0.5 0.8036645 0.125 0.7277 0.25 0.6777775 0.125 0.7723 0.5 0.8 0.625 0.7237998 0.625 0.825 0 0.8036645 0.125 0.725 0 0.8 0.375 0.7723 0.5 0.7215951 0.375 0.8777776 0.625 0.8249999 0.75 0.8 0.625 0.8777776 0.625 0.925 0.75 0.8249999 0.75 0.9495957 0.25 0.8796165 0.375 0.825 0.25 0.9777775 0.625 0.925 0.75 0.8777776 0.625 1 0.5 0.9777775 0.625 0.925 0.5 0.9762002 0.375 1 0.5 0.925 0.5 0.04999995 0.625 0.05246984 0.75 0 0.625 0.07499998 0 0.02893698 0.125 0 0 0.1237998 0.625 0.05246984 0.75 0.04999995 0.625 0.1222224 0.875 0.07499998 1 0.02620023 0.875 0.1277775 0.125 0.0769267 0.25 0.02893698 0.125 0.1769267 0.5 0.1237998 0.625 0.07499998 0.5 0.175 0 0.1277775 0.125 0.07499998 0 0.1769267 0.5 0.2 0.625 0.1237998 0.625 0.2 0.625 0.1796193 0.75 0.1237998 0.625 0.2440154 0.875 0.175 1 0.1222224 0.875 0.2277775 0.125 0.1796193 0.25 0.1277775 0.125 0.275 0 0.2277775 0.125 0.175 0 0.3237997 0.125 0.2777 0.25 0.2277775 0.125 0.3965883 0 0.3237997 0.125 0.275 0 0.4223001 0.5 0.3777775 0.625 0.35 0.5 0.3965883 0 0.4243029 0.125 0.3237997 0.125 0.4243029 0.125 0.375 0.25 0.3237997 0.125 0.471063 0.875 0.3965883 1 0.371595 0.875 0.5 0.5 0.4777776 0.625 0.4223001 0.5 0.471063 0.875 0.5 1 0.3965883 1 0.5536646 0.125 0.475 0.25 0.4243029 0.125 0.475 0.375 0.5 0.5 0.4223001 0.5 0.5536646 0.125 0.6033373 0.25 0.475 0.25 0.5028243 0.1149407 0.5144559 0.002824187 0.5493507 0.1378836 0.5028243 0.5487101 0.5144559 0.4365937 0.5493506 0.571653 0.5549991 0.1705233 0.5666307 0.002824187 0.6015255 0.1970155 0.6269268 0.5 0.5737997 0.625 0.525 0.5 0.6269268 0.5 0.671595 0.625 0.5737997 0.625 0.671595 0.375 0.6269268 0.5 0.571063 0.375 0.725 0 0.6777775 0.125 0.65 0 0.7277 0.5 0.775 0.625 0.671595 0.625 0.7730733 0.75 0.6963186 0.875 0.6723 0.75 0.7722225 0.375 0.7277 0.5 0.671595 0.375 0.8223 0.5 0.775 0.625 0.7277 0.5 0.8 0 0.7737998 0.125 0.725 0 0.8750001 0.75 0.821063 0.875 0.7730733 0.75 0.8756973 0.375 0.8223 0.5 0.7722225 0.375 0.9203806 0.5 0.8777776 0.625 0.8223 0.5 0.8750001 0.75 0.925 0.875 0.821063 0.875 0.925 0.875 0.875 1 0.821063 0.875 0.8756973 0.375 0.9203806 0.5 0.8223 0.5 0.9722999 0.75 0.925 0.875 0.8750001 0.75 0.925 0.875 0.9730733 1 0.875 1 1 0.5 0.9784049 0.625 0.9203806 0.5 0.9762002 0.375 1 0.5 0.9203806 0.5 0.09867286 0.125 0.0277 0.25 0 0.125 0.04999995 0.375 0.02038061 0.5 0 0.375 0.125 0.5 0.07499998 0.625 0.02038061 0.5 0.1203835 0.875 0.07499998 1 0.02499997 0.875 0.125 0.5 0.1703835 0.625 0.07499998 0.625 0.1703835 0.625 0.1296193 0.75 0.07499998 0.625 0.15 0 0.09867286 0.125 0.07499998 0 0.2276999 0.5 0.25 0.625 0.1703835 0.625 0.25 0.625 0.2296193 0.75 0.1703835 0.625 0.2777775 0.125 0.2249999 0.25 0.2 0.125 0.2437126 0.875 0.3203806 1 0.225 1 0.3203806 0 0.2777775 0.125 0.225 0 0.3723 0.5 0.3237997 0.625 0.3 0.5 0.3562484 0.75 0.35 0.875 0.2437126 0.875 0.35 0.875 0.3203806 1 0.2437126 0.875 0.3777775 0.125 0.3503902 0.25 0.2777775 0.125 0.3723 0.5 0.4 0.625 0.3237997 0.625 0.4 0.625 0.3562484 0.75 0.3237997 0.625 0.4230733 0 0.3777775 0.125 0.3203806 0 0.4 0.375 0.3723 0.5 0.3222225 0.375 0.525 0.5 0.4777776 0.625 0.45 0.5 0.5 0 0.475 0.125 0.4230733 0 0.571063 0.375 0.525 0.5 0.4762003 0.375 0.5028243 0.1149407 0.5144559 0.002824187 0.5493507 0.1378836 0.5028243 0.5487101 0.5144559 0.4365936 0.5493506 0.571653 0.5549991 0.1705233 0.5666306 0.002824187 0.6015255 0.1970155 0.6 0.5 0.5737997 0.625 0.525 0.5 0.65 0 0.6296165 0.125 0.5777 0 0.6503942 0.25 0.671595 0.375 0.571063 0.375 0.725 0.625 0.6965831 0.75 0.65 0.625 0.8 0 0.7503165 0.125 0.725 0 0.878405 0.625 0.8437516 0.75 0.8 0.625 0.875 0.375 0.825 0.5 0.7710631 0.375 0.9203806 0.5 0.878405 0.625 0.825 0.5 0.9222225 0.875 0.8777 1 0.8222225 0.875 0.875 0.375 0.9203806 0.5 0.825 0.5 0.9730733 0.75 0.9222225 0.875 0.8437516 0.75 1 0.5 0.975 0.625 0.9203806 0.5 1 0.875 0.9723001 1 0.9222225 0.875 0.9762002 0.375 1 0.5 0.9203806 0.5 0.02038061 0.5 0.07038348 0.625 0 0.625 0.1004043 0.75 0.04476916 0.875 0 0.75 0.04476916 0.875 0.07307326 1 0 1 0.09867286 0.125 0.0534169 0.25 0 0.125 0.04999995 0.375 0.02038061 0.5 0 0.375 0.1 0.5 0.07038348 0.625 0.02038061 0.5 0.15 0.625 0.1004043 0.75 0.07038348 0.625 0.1004043 0.75 0.171595 0.875 0.04476916 0.875 0.15 0 0.09867286 0.125 0.07307326 0 0.1995957 0.25 0.1262002 0.375 0.0534169 0.25 0.2222999 0.75 0.171595 0.875 0.1004043 0.75 0.2 0.125 0.1995957 0.25 0.09867286 0.125 0.2256971 0.375 0.1796193 0.5 0.1262002 0.375 0.2956325 0.875 0.2276999 1 0.171595 0.875 0.275 0.5 0.3 0.625 0.225 0.625 0.3475264 0.75 0.2956325 0.875 0.2222999 0.75 0.3 0 0.278937 0.125 0.2276999 0 0.3777775 0.625 0.3475264 0.75 0.3 0.625 0.3777775 0.125 0.3269267 0.25 0.278937 0.125 0.3249999 0.375 0.3703806 0.5 0.275 0.5 0.4456129 0.875 0.375 1 0.2956325 0.875 0.4 0.375 0.3703806 0.5 0.3249999 0.375 0.475 0.75 0.4456129 0.875 0.3475264 0.75 0.5046442 0.125 0.4277 0.25 0.3777775 0.125 0.525 0.5 0.4777776 0.625 0.45 0.5 0.525 0.25 0.4762003 0.375 0.4277 0.25 0.571063 0.375 0.525 0.5 0.4762003 0.375 0.5028243 0.1149407 0.5144558 0.002824187 0.5493507 0.1378836 0.5028243 0.5487101 0.5144558 0.4365936 0.5493506 0.571653 0.5549991 0.1705233 0.5666306 0.002824187 0.6015255 0.1970155 0.6 0.5 0.5737997 0.625 0.525 0.5 0.625 0.75 0.5722225 0.875 0.5277 0.75 0.65 0.625 0.625 0.75 0.5737997 0.625 0.7223 0.75 0.671063 0.875 0.625 0.75 0.7 0.375 0.6796193 0.5 0.6203836 0.375 0.7223 0.75 0.7937126 0.875 0.671063 0.875 0.75 0 0.728405 0.125 0.6776999 0 0.8437516 0.75 0.7937126 0.875 0.7223 0.75 0.878405 0.625 0.8437516 0.75 0.8 0.625 0.875 0.375 0.8277 0.5 0.771063 0.375 0.925 0.5 0.878405 0.625 0.8277 0.5 0.8437516 0.75 0.925 0.875 0.7937126 0.875 0.925 0.125 0.8777001 0.25 0.828937 0.125 0.975 0.75 0.925 0.875 0.8437516 0.75 0.9723001 0 0.925 0.125 0.9 0 1 0.5 0.975 0.625 0.925 0.5 0.9723001 0 1 0.125 0.925 0.125 0.02620023 0.875 0.07499998 1 0 1 0.07499998 0 0.04478377 0.125 0 0 0.1237998 0.625 0.1034169 0.75 0.04999995 0.625 0.1222224 0.875 0.07499998 1 0.02620023 0.875 0.15 0.125 0.1033372 0.25 0.04478377 0.125 0.1796194 0.5 0.2215949 0.625 0.1237998 0.625 0.221063 0.875 0.1777 1 0.1222224 0.875 0.275 0 0.2277775 0.125 0.1777 0 0.2562485 0.25 0.25 0.375 0.171063 0.375 0.275 0.5 0.3 0.625 0.2215949 0.625 0.321595 0.875 0.275 1 0.221063 0.875 0.3486728 0.125 0.2562485 0.25 0.2277775 0.125 0.3777775 0.625 0.325 0.75 0.3 0.625 0.35 0 0.3486728 0.125 0.275 0 0.3262002 0.375 0.3703806 0.5 0.275 0.5 0.4 0.375 0.3703806 0.5 0.3262002 0.375 0.4777776 0.625 0.4269267 0.75 0.3777775 0.625 0.4296194 0 0.4703835 0.125 0.3486728 0.125 0.4703835 0.125 0.4034169 0.25 0.3486728 0.125 0.525 0.5 0.4777776 0.625 0.45 0.5 0.525 0.25 0.4762003 0.375 0.4034169 0.25 0.5737997 0.625 0.5277 0.75 0.4777776 0.625 0.5722225 0.875 0.5277001 1 0.4456325 0.875 0.5277001 0 0.55 0.125 0.4703835 0.125 0.55 0.125 0.525 0.25 0.4703835 0.125 0.55 0.375 0.525 0.5 0.4762003 0.375 0.5028243 0.1149407 0.5144559 0.002824187 0.5493507 0.1378836 0.5028243 0.5487101 0.5144558 0.4365936 0.5493506 0.571653 0.5549991 0.1705233 0.5666307 0.002824187 0.6015255 0.1970155 0.6 0.5 0.5737997 0.625 0.525 0.5 0.6 0 0.5703835 0.125 0.5277 0 0.6033372 0.25 0.6203836 0.375 0.55 0.375 0.6703835 0.625 0.6276999 0.75 0.5737997 0.625 0.65 0.125 0.6033372 0.25 0.5703835 0.125 0.7222225 0.875 0.675 1 0.621595 0.875 0.7215951 0.375 0.6796193 0.5 0.6203836 0.375 0.7743028 0.625 0.7249999 0.75 0.6703835 0.625 0.7222225 0.875 0.7703806 1 0.675 1 0.7703806 0 0.728405 0.125 0.675 0 0.8210631 0.875 0.7703806 1 0.7222225 0.875 0.8222225 0.375 0.775 0.5 0.7215951 0.375 0.878405 0.625 0.8465831 0.75 0.7743028 0.625 0.8210631 0.875 0.8703806 1 0.7703806 1 0.8703806 0 0.8289371 0.125 0.7703806 0 0.8222225 0.375 0.8703806 0.5 0.775 0.5 0.8465831 0.75 0.9 0.875 0.8210631 0.875 0.9 0.875 0.8703806 1 0.8210631 0.875 0.9536479 0.125 0.8750001 0.25 0.8289371 0.125 0.9 0.375 0.8703806 0.5 0.8222225 0.375 0.95 0 0.9536479 0.125 0.8703806 0 0.9536479 0.125 0.9730733 0.25 0.8750001 0.25 0.1269267 0.5 0.07499998 0.625 0.04999995 0.5 0.125 0 0.0777775 0.125 0.0277 0 0.1269267 0.5 0.1743028 0.625 0.07499998 0.625 0.1743028 0.625 0.1534168 0.75 0.07499998 0.625 0.1534168 0.75 0.171595 0.875 0.07499998 0.875 0.171595 0.875 0.125 1 0.07499998 0.875 0.1722224 0.375 0.1269267 0.5 0.07620024 0.375 0.2222999 0 0.1777775 0.125 0.125 0 0.2947692 0.875 0.2222999 1 0.171595 0.875 0.298652 0.125 0.1965882 0.25 0.1777775 0.125 0.2756972 0.375 0.2276999 0.5 0.1722224 0.375 0.3 0.5 0.278405 0.625 0.2276999 0.5 0.2947692 0.875 0.325 1 0.2222999 1 0.325 0 0.298652 0.125 0.2222999 0 0.298652 0.125 0.3475301 0.25 0.1965882 0.25 0.3475301 0.25 0.2756972 0.375 0.1965882 0.25 0.4033372 0.75 0.4203835 0.875 0.2947692 0.875 0.4430117 0.125 0.3475301 0.25 0.298652 0.125 0.4777776 0.625 0.4033372 0.75 0.378937 0.625 0.525 0.5 0.4777776 0.625 0.45 0.5 0.5737997 0.625 0.5296193 0.75 0.4777776 0.625 0.5277 0 0.5703835 0.125 0.4430117 0.125 0.55 0.375 0.525 0.5 0.4762003 0.375 0.5028243 0.1149407 0.5144559 0.002824187 0.5493507 0.1378836 0.5028243 0.5487101 0.5144558 0.4365936 0.5493506 0.571653 0.5549991 0.1705233 0.5666307 0.002824187 0.6015255 0.1970155 0.6 0.5 0.5737997 0.625 0.525 0.5 0.621595 0.875 0.5750001 1 0.5203835 0.875 0.65 0.625 0.6562485 0.75 0.5737997 0.625 0.6777775 0.125 0.603417 0.25 0.5536645 0.125 0.7277776 0.625 0.6562485 0.75 0.65 0.625 0.7222225 0.875 0.6723 1 0.621595 0.875 0.721063 0.375 0.6776999 0.5 0.6222226 0.375 0.7723 0.5 0.7277776 0.625 0.6776999 0.5 0.7222225 0.875 0.7703807 1 0.6723 1 0.798652 0.125 0.7249999 0.25 0.6777775 0.125 0.8277775 0.625 0.7776999 0.75 0.7277776 0.625 0.8210631 0.875 0.7703807 1 0.7222225 0.875 0.798652 0.125 0.8503943 0.25 0.7249999 0.25 0.8215951 0.375 0.7723 0.5 0.721063 0.375 0.8703806 0.5 0.8277775 0.625 0.7723 0.5 0.8965882 0.75 0.8210631 0.875 0.7776999 0.75 0.8210631 0.875 0.85 1 0.7703807 1 0.85 0 0.798652 0.125 0.7703807 0 0.8215951 0.375 0.8703806 0.5 0.7723 0.5 0.9284049 0.625 0.8965882 0.75 0.8277775 0.625 0.8965882 0.75 0.9453358 0.875 0.8210631 0.875 0.925 0.125 0.8503943 0.25 0.798652 0.125 0.9 0.375 0.8703806 0.5 0.8215951 0.375 0.9730733 0.5 0.9284049 0.625 0.8703806 0.5 1 0.75 0.9453358 0.875 0.8965882 0.75 0.07499998 0.5 0.02893698 0.625 0 0.5 0.07106298 0.875 0.02692669 1 0 0.875 0.1237997 0.625 0.04952609 0.75 0.02893698 0.625 0.15 0.5 0.1237997 0.625 0.07499998 0.5 0.171595 0.875 0.1296193 1 0.07106298 0.875 0.2036478 0.125 0.1296194 0.25 0.05523079 0.125 0.2 0.625 0.2062484 0.75 0.1237997 0.625 0.278405 0.625 0.2062484 0.75 0.2 0.625 0.2947838 0.875 0.225 1 0.171595 0.875 0.2277 0.25 0.25 0.375 0.171063 0.375 0.25 0.375 0.2276999 0.5 0.171063 0.375 0.3 0.5 0.278405 0.625 0.2276999 0.5 0.2947838 0.875 0.3 1 0.225 1 0.375 0 0.3277775 0.125 0.3 0 0.4203835 0.875 0.375 1 0.2947838 0.875 0.4277776 0.125 0.3465831 0.25 0.3277775 0.125 0.4 0.375 0.3723 0.5 0.3222225 0.375 0.4777776 0.625 0.4296193 0.75 0.378937 0.625 0.475 0 0.4277776 0.125 0.375 0 0.4277776 0.125 0.475 0.25 0.3465831 0.25 0.525 0.5 0.4777776 0.625 0.45 0.5 0.5203835 0.875 0.475 1 0.4203835 0.875 0.5536645 0.125 0.475 0.25 0.4277776 0.125 0.5737997 0.625 0.5296193 0.75 0.4777776 0.625 0.5750001 0 0.5536645 0.125 0.475 0 0.55 0.375 0.525 0.5 0.475 0.375 0.5028243 0.1149407 0.5144559 0.002824187 0.5493507 0.1378836 0.5028243 0.5487101 0.5144558 0.4365936 0.5493506 0.571653 0.5549991 0.1705233 0.5666307 0.002824187 0.6015255 0.1970155 0.5536646 0.125 0.65 0 0.6777775 0.125 0.5953359 0.875 0.65 1 0.5777 1 0.5769267 0.5 0.65 0.375 0.6776999 0.5 0.65 0.625 0.725 0.75 0.6034169 0.75 0.6776999 0.5 0.7237998 0.625 0.65 0.625 0.6034169 0.75 0.7222225 0.875 0.5953359 0.875 0.65 1 0.7222225 0.875 0.725 1 0.65 0.375 0.7277 0.25 0.7215951 0.375 0.6777775 0.125 0.7277 0.25 0.6033373 0.25 0.725 0.75 0.8 0.625 0.8249999 0.75 0.725 0 0.8036645 0.125 0.6777775 0.125 0.7215951 0.375 0.7723 0.5 0.6776999 0.5 0.725 0.75 0.821063 0.875 0.7222225 0.875 0.725 1 0.821063 0.875 0.825 1 0.7277 0.25 0.8 0.375 0.7215951 0.375 0.8036645 0.125 0.825 0.25 0.7277 0.25 0.8 0.625 0.85 0.5 0.8777776 0.625 0.85 0.5 0.8 0.375 0.8796165 0.375 0.825 0.25 0.8796165 0.375 0.8 0.375 0.925 0.875 0.8249999 0.75 0.925 0.75 0.85 0.5 0.925 0.5 0.8777776 0.625 0.825 1 0.925 0.875 0.9222999 1 0.825 0 0.9284049 0.125 0.8036645 0.125 0.825 0.25 0.9284049 0.125 0.9495957 0.25 0.925 0.75 1 0.875 0.925 0.875 0.8796165 0.375 0.925 0.5 0.85 0.5 0.925 0.5 0.9777775 0.625 0.8777776 0.625 0.9495957 0.25 0.9762002 0.375 0.8796165 0.375 0.8796165 0.375 0.9762002 0.375 0.925 0.5 0.9777775 0.625 1 0.75 0.925 0.75 1 1 0.925 0.875 1 0.875 0.9284049 0.125 1 0 1 0.125 0 0.5 0.04999995 0.625 0 0.625 0.9284049 0.125 1 0.125 0.9495957 0.25 0 0.375 0.0769267 0.25 0.07106304 0.375 0.02620023 0.875 0.07499998 1 0 1 0.02893698 0.125 0.0769267 0.25 0 0.25 0 0.5 0.07106304 0.375 0.07499998 0.5 0.1703835 0.375 0.0769267 0.25 0.1796193 0.25 0.07499998 0.5 0.1237998 0.625 0.04999995 0.625 0.05246984 0.75 0.1222224 0.875 0.02620023 0.875 0.07499998 0 0.1277775 0.125 0.02893698 0.125 0.1237998 0.625 0.1796193 0.75 0.05246984 0.75 0.05246984 0.75 0.1796193 0.75 0.1222224 0.875 0.1222224 0.875 0.175 1 0.07499998 1 0.1277775 0.125 0.1796193 0.25 0.0769267 0.25 0.07499998 0.5 0.1703835 0.375 0.1769267 0.5 0.2 0.625 0.275 0.5 0.2743028 0.625 0.1796193 0.75 0.2440154 0.875 0.1222224 0.875 0.175 0 0.2277775 0.125 0.1277775 0.125 0.2 0.625 0.2796193 0.75 0.1796193 0.75 0.275 0.375 0.1796193 0.25 0.2777 0.25 0.1796193 0.75 0.2796193 0.75 0.2440154 0.875 0.2440154 0.875 0.275 1 0.175 1 0.2277775 0.125 0.2777 0.25 0.1796193 0.25 0.1769267 0.5 0.275 0.375 0.275 0.5 0.2743028 0.625 0.35 0.5 0.3777775 0.625 0.275 0 0.3237997 0.125 0.2277775 0.125 0.2796193 0.75 0.3777775 0.625 0.3777 0.75 0.371595 0.875 0.2796193 0.75 0.3777 0.75 0.275 1 0.371595 0.875 0.3965883 1 0.275 0.375 0.375 0.25 0.3796165 0.375 0.3237997 0.125 0.375 0.25 0.2777 0.25 0.35 0.5 0.275 0.375 0.3796165 0.375 0.3777775 0.625 0.4769268 0.75 0.3777 0.75 0.65 0.625 0.5769267 0.5 0.6776999 0.5 0.3796165 0.375 0.4223001 0.5 0.35 0.5 0.4223001 0.5 0.4777776 0.625 0.3777775 0.625 0.3777 0.75 0.471063 0.875 0.371595 0.875 0.3796165 0.375 0.475 0.25 0.475 0.375 0.4243029 0.125 0.475 0.25 0.375 0.25 0.4243029 0.125 0.5 0 0.5536646 0.125 0.3796165 0.375 0.475 0.375 0.4223001 0.5 0.5 0.5 0.5737997 0.625 0.4777776 0.625 0.4769268 0.75 0.5737997 0.625 0.6034169 0.75 0.5953359 0.875 0.4769268 0.75 0.6034169 0.75 0.5 1 0.5953359 0.875 0.5777 1 0.5703836 0.375 0.475 0.25 0.6033373 0.25 0.5 0 0.5777 0 0.5536646 0.125 0.5 0.5 0.5703836 0.375 0.5769267 0.5 0.537719 0.3162305 0.5028243 0.1149407 0.5493507 0.1378836 0.537719 0.75 0.5028243 0.5487101 0.5493506 0.571653 0.5898938 0.3647147 0.5549991 0.1705233 0.6015255 0.1970155 0.4971758 0.3162305 0.06905478 0.4309452 0.3162305 0.002824187 0.4309452 0.9309452 0.002824187 0.8162305 0.4309452 0.5690547 0.575 0.75 0.671595 0.625 0.6723 0.75 0.571063 0.375 0.6269268 0.5 0.525 0.5 0.5722225 0.875 0.6723 0.75 0.6963186 0.875 0.5722225 0.875 0.65 1 0.5777 1 0.5750001 0.125 0.65 0 0.6777775 0.125 0.5750001 0.125 0.6776999 0.25 0.5750001 0.25 0.671595 0.375 0.5750001 0.25 0.6776999 0.25 0.7730733 0.75 0.671595 0.625 0.775 0.625 0.6269268 0.5 0.7277 0.5 0.671595 0.625 0.6963186 0.875 0.725 1 0.65 1 0.671595 0.375 0.7277 0.5 0.6269268 0.5 0.6776999 0.25 0.7737998 0.125 0.775 0.25 0.725 0 0.7737998 0.125 0.6777775 0.125 0.6776999 0.25 0.7722225 0.375 0.671595 0.375 0.725 1 0.821063 0.875 0.8 1 0.7730733 0.75 0.821063 0.875 0.6963186 0.875 0.775 0.625 0.8750001 0.75 0.7730733 0.75 0.7722225 0.375 0.8223 0.5 0.7277 0.5 0.8223 0.5 0.8777776 0.625 0.775 0.625 0.875 0.125 0.8 0 0.875 0 0.821063 0.875 0.875 1 0.8 1 0.7737998 0.125 0.8723 0.25 0.775 0.25 0.7722225 0.375 0.8723 0.25 0.8756973 0.375 0.8750001 0.75 0.9784049 0.625 0.9722999 0.75 0.9203806 0.5 0.9784049 0.625 0.8777776 0.625 0.875 0.125 0.9730733 0 0.978937 0.125 0.8723 0.25 0.978937 0.125 0.9805833 0.25 0.8723 0.25 0.9762002 0.375 0.8756973 0.375 0 0.125 0.07499998 0 0.09867286 0.125 0.8756973 0.375 0.9762002 0.375 0.9203806 0.5 0.9722999 0.75 1 0.875 0.925 0.875 0.925 0.875 1 0.875 0.9730733 1 0.02038061 0.5 0.07499998 0.625 0 0.625 0 0.625 0.07499998 0.625 0.01941668 0.75 0.02499997 0.875 0.07499998 1 0 1 0.02499997 0.875 0.1296193 0.75 0.1203835 0.875 0.0277 0.25 0.04999995 0.375 0 0.375 0.07499998 0.625 0.1296193 0.75 0.01941668 0.75 0.04999995 0.375 0.125 0.25 0.1262002 0.375 0.09867286 0.125 0.125 0.25 0.0277 0.25 0.125 0.5 0.04999995 0.375 0.1262002 0.375 0.1203835 0.875 0.2296193 0.75 0.2437126 0.875 0.1203835 0.875 0.15 1 0.07499998 1 0.125 0.5 0.2276999 0.5 0.1703835 0.625 0.1703835 0.625 0.2296193 0.75 0.1296193 0.75 0.15 1 0.2437126 0.875 0.225 1 0.2 0.125 0.15 0 0.225 0 0.125 0.25 0.2 0.125 0.2249999 0.25 0.125 0.25 0.2222224 0.375 0.1262002 0.375 0.125 0.5 0.2222224 0.375 0.2276999 0.5 0.25 0.625 0.3 0.5 0.3237997 0.625 0.225 0 0.2777775 0.125 0.2 0.125 0.2296193 0.75 0.3237997 0.625 0.3562484 0.75 0.2249999 0.25 0.3222225 0.375 0.2222224 0.375 0.2296193 0.75 0.3562484 0.75 0.2437126 0.875 0.2777775 0.125 0.3503902 0.25 0.2249999 0.25 0.2222224 0.375 0.3 0.5 0.2276999 0.5 0.4230733 1 0.35 0.875 0.4513272 0.875 0.3203806 0 0.3777775 0.125 0.2777775 0.125 0.3222225 0.375 0.3723 0.5 0.3 0.5 0.3562484 0.75 0.4513272 0.875 0.35 0.875 0.4 0.625 0.45 0.5 0.4777776 0.625 0.3503902 0.25 0.4 0.375 0.3222225 0.375 0.4 0.625 0.4777001 0.75 0.3562484 0.75 0.3777775 0.125 0.4723 0.25 0.3503902 0.25 0.3562484 0.75 0.4777001 0.75 0.4513272 0.875 0.4230733 0 0.475 0.125 0.3777775 0.125 0.4 0.375 0.4723 0.25 0.4762003 0.375 0.45 0.5 0.4 0.375 0.4762003 0.375 0.4777001 0.75 0.5737997 0.625 0.575 0.75 0.4513272 0.875 0.5 1 0.4230733 1 0.4762003 0.375 0.525 0.5 0.45 0.5 0.525 0.5 0.5737997 0.625 0.4777776 0.625 0.4777001 0.75 0.5722225 0.875 0.4513272 0.875 0.5 1 0.5722225 0.875 0.5777 1 0.5750001 0.125 0.5 0 0.5777 0 0.5750001 0.25 0.475 0.125 0.5750001 0.125 0.4762003 0.375 0.5750001 0.25 0.571063 0.375 0.537719 0.3162305 0.5028243 0.1149407 0.5493507 0.1378836 0.537719 0.75 0.5028243 0.5487101 0.5493506 0.571653 0.5898938 0.3647147 0.5549991 0.1705233 0.6015255 0.1970155 0.4971758 0.3162305 0.06905478 0.4309452 0.3162305 0.002824187 0.4309452 0.9309452 0.002824187 0.8162305 0.4309452 0.5690547 0.525 0.25 0.6296165 0.125 0.6503942 0.25 0.5777 0 0.6296165 0.125 0.5046442 0.125 0.65 0.625 0.6 0.5 0.6796193 0.5 0.525 0.25 0.6503942 0.25 0.571063 0.375 0.571063 0.375 0.6 0.5 0.525 0.5 0.5750001 0.75 0.65 0.625 0.6965831 0.75 0.5750001 0.75 0.6963186 0.875 0.5722225 0.875 0.5722225 0.875 0.65 1 0.5777 1 0.6 0.5 0.671595 0.375 0.6796193 0.5 0.6296165 0.125 0.725 0 0.7503165 0.125 0.6796193 0.5 0.725 0.625 0.65 0.625 0.6963186 0.875 0.725 1 0.65 1 0.671595 0.375 0.7769268 0.25 0.7710631 0.375 0.6296165 0.125 0.7503165 0.125 0.6503942 0.25 0.6796193 0.5 0.75 0.5 0.725 0.625 0.7503165 0.125 0.7769268 0.25 0.6503942 0.25 0.671595 0.375 0.75 0.5 0.6796193 0.5 0.8 0.625 0.75 0.5 0.825 0.5 0.6965831 0.75 0.8 0.625 0.8437516 0.75 0.6965831 0.75 0.8222225 0.875 0.6963186 0.875 0.725 1 0.8222225 0.875 0.8 1 0.875 0.125 0.8 0 0.8777 0 0.7710631 0.375 0.825 0.5 0.75 0.5 0.825 0.5 0.878405 0.625 0.8 0.625 0.8222225 0.875 0.8777 1 0.8 1 0.7769268 0.25 0.875 0.125 0.9062587 0.25 0.875 0.375 0.7769268 0.25 0.9062587 0.25 0.9730733 0.75 0.878405 0.625 0.975 0.625 0.8437516 0.75 0.9222225 0.875 0.8222225 0.875 0.9203806 0.5 0.975 0.625 0.878405 0.625 0.875 0.125 0.9723001 0 0.978937 0.125 0.9222225 0.875 0.9723001 1 0.8777 1 0 0.75 0.07038348 0.625 0.1004043 0.75 0.875 0.125 0.978937 0.125 0.9062587 0.25 0.9062587 0.25 0.9762002 0.375 0.875 0.375 0.875 0.375 0.9762002 0.375 0.9203806 0.5 0.9730733 0.75 1 0.875 0.9222225 0.875 0.978937 0.125 1 0.25 0.9062587 0.25 0.9062587 0.25 1 0.25 0.9762002 0.375 0 0.125 0.07307326 0 0.09867286 0.125 0.1 0.5 0.04999995 0.375 0.1262002 0.375 0.0534169 0.25 0.04999995 0.375 0 0.375 0.0534169 0.25 0.1262002 0.375 0.04999995 0.375 0.15 0.625 0.1 0.5 0.1796193 0.5 0.07307326 1 0.171595 0.875 0.15 1 0.15 0.625 0.2222999 0.75 0.1004043 0.75 0.09867286 0.125 0.1995957 0.25 0.0534169 0.25 0.1262002 0.375 0.1796193 0.5 0.1 0.5 0.1796193 0.5 0.225 0.625 0.15 0.625 0.2 0.125 0.15 0 0.2276999 0 0.171595 0.875 0.2276999 1 0.15 1 0.2222999 0.75 0.3 0.625 0.3475264 0.75 0.1995957 0.25 0.2256971 0.375 0.1262002 0.375 0.1796193 0.5 0.275 0.5 0.225 0.625 0.2222999 0.75 0.2956325 0.875 0.171595 0.875 0.2276999 0 0.278937 0.125 0.2 0.125 0.2 0.125 0.278937 0.125 0.1995957 0.25 0.2256971 0.375 0.275 0.5 0.1796193 0.5 0.2256971 0.375 0.3269267 0.25 0.3249999 0.375 0.2956325 0.875 0.3 1 0.2276999 1 0.278937 0.125 0.3269267 0.25 0.1995957 0.25 0.3 0.625 0.3703806 0.5 0.3777775 0.625 0.2256971 0.375 0.3249999 0.375 0.275 0.5 0.3 0 0.3777775 0.125 0.278937 0.125 0.2956325 0.875 0.375 1 0.3 1 0.4 0.375 0.3269267 0.25 0.4277 0.25 0.3475264 0.75 0.4456129 0.875 0.2956325 0.875 0.3777775 0.125 0.4277 0.25 0.3269267 0.25 0.3777775 0.625 0.45 0.5 0.4777776 0.625 0.3777775 0.625 0.475 0.75 0.3475264 0.75 0.3777775 0.125 0.4769267 0 0.5046442 0.125 0.4456129 0.875 0.4769267 1 0.375 1 0.45 0.5 0.4 0.375 0.4762003 0.375 0.4277 0.25 0.4762003 0.375 0.4 0.375 0.4777776 0.625 0.5750001 0.75 0.475 0.75 0.5046442 0.125 0.525 0.25 0.4277 0.25 0.4762003 0.375 0.525 0.5 0.45 0.5 0.525 0.5 0.5737997 0.625 0.4777776 0.625 0.475 0.75 0.5722225 0.875 0.4456129 0.875 0.4769267 1 0.5722225 0.875 0.5777 1 0.4769267 0 0.5777 0 0.5046442 0.125 0.525 0.25 0.571063 0.375 0.4762003 0.375 0.537719 0.3162305 0.5028243 0.1149407 0.5493507 0.1378836 0.537719 0.75 0.5028243 0.5487101 0.5493506 0.571653 0.5898938 0.3647147 0.5549991 0.1705233 0.6015255 0.1970155 0.4971758 0.3162305 0.06905478 0.4309452 0.3162305 0.002824187 0.4309452 0.9309452 0.002824187 0.8162305 0.4309452 0.5690547 0.55 0.125 0.6 0 0.628937 0.125 0.5737997 0.625 0.625 0.75 0.5277 0.75 0.5722225 0.875 0.6 1 0.5277001 1 0.6269267 0.25 0.55 0.125 0.628937 0.125 0.55 0.375 0.6269267 0.25 0.6203836 0.375 0.55 0.375 0.6 0.5 0.525 0.5 0.65 0.625 0.6 0.5 0.6796193 0.5 0.6 1 0.671063 0.875 0.6776999 1 0.625 0.75 0.671063 0.875 0.5722225 0.875 0.65 0.625 0.7223 0.75 0.625 0.75 0.6 0 0.6776999 0 0.628937 0.125 0.6203836 0.375 0.6796193 0.5 0.6 0.5 0.6796193 0.5 0.725 0.625 0.65 0.625 0.6269267 0.25 0.728405 0.125 0.7562587 0.25 0.6776999 0 0.728405 0.125 0.628937 0.125 0.7 0.375 0.6269267 0.25 0.7562587 0.25 0.671063 0.875 0.75 1 0.6776999 1 0.6796193 0.5 0.75 0.5 0.725 0.625 0.7 0.375 0.75 0.5 0.6796193 0.5 0.7562587 0.25 0.771063 0.375 0.7 0.375 0.8 0.625 0.75 0.5 0.8277 0.5 0.7223 0.75 0.8 0.625 0.8437516 0.75 0.75 0 0.828937 0.125 0.728405 0.125 0.7937126 0.875 0.825 1 0.75 1 0.771063 0.375 0.8777001 0.25 0.875 0.375 0.728405 0.125 0.828937 0.125 0.7562587 0.25 0.771063 0.375 0.8277 0.5 0.75 0.5 0.8277 0.5 0.878405 0.625 0.8 0.625 0.828937 0.125 0.8777001 0.25 0.7562587 0.25 0.825 1 0.925 0.875 0.9 1 0.828937 0.125 0.9 0 0.925 0.125 0.975 0.75 0.878405 0.625 0.975 0.625 0.875 0.375 0.925 0.5 0.8277 0.5 0.925 0.5 0.975 0.625 0.878405 0.625 0.8777001 0.25 0.9762002 0.375 0.875 0.375 0.925 0.875 0.9723001 1 0.9 1 0.925 0.125 0.975 0.25 0.8777001 0.25 0.04999995 0.625 0 0.5 0.07961934 0.5 0.875 0.375 0.9762002 0.375 0.925 0.5 0.975 0.75 1 0.875 0.925 0.875 0.925 0.875 1 0.875 0.9723001 1 0.925 0.125 1 0.125 0.975 0.25 0.9762002 0.375 1 0.5 0.925 0.5 0 0.75 0.04999995 0.625 0.1034169 0.75 0 0.25 0.07222247 0.375 0 0.375 0 0.75 0.1034169 0.75 0.02620023 0.875 0.04478377 0.125 0.1033372 0.25 0 0.25 0 0.5 0.07222247 0.375 0.07961934 0.5 0.15 0.125 0.07499998 0 0.1777 0 0.07961934 0.5 0.1237998 0.625 0.04999995 0.625 0.1034169 0.75 0.1222224 0.875 0.02620023 0.875 0.07961934 0.5 0.1796194 0.5 0.1237998 0.625 0.1222224 0.875 0.1777 1 0.07499998 1 0.07961934 0.5 0.171063 0.375 0.1796194 0.5 0.1033372 0.25 0.171063 0.375 0.07222247 0.375 0.1237998 0.625 0.2249999 0.75 0.1034169 0.75 0.1222224 0.875 0.2249999 0.75 0.221063 0.875 0.15 0.125 0.2562485 0.25 0.1033372 0.25 0.1777 0 0.2277775 0.125 0.15 0.125 0.1796194 0.5 0.25 0.375 0.275 0.5 0.1033372 0.25 0.2562485 0.25 0.171063 0.375 0.1796194 0.5 0.275 0.5 0.2215949 0.625 0.221063 0.875 0.275 1 0.1777 1 0.2249999 0.75 0.3 0.625 0.325 0.75 0.321595 0.875 0.2249999 0.75 0.325 0.75 0.3 0.625 0.3703806 0.5 0.3777775 0.625 0.275 0 0.3486728 0.125 0.2277775 0.125 0.2562485 0.25 0.3262002 0.375 0.25 0.375 0.25 0.375 0.3262002 0.375 0.275 0.5 0.321595 0.875 0.4269267 0.75 0.4456325 0.875 0.321595 0.875 0.35 1 0.275 1 0.3486728 0.125 0.4034169 0.25 0.2562485 0.25 0.2562485 0.25 0.4034169 0.25 0.3262002 0.375 0.3777775 0.625 0.4269267 0.75 0.325 0.75 0.35 1 0.4456325 0.875 0.4296194 1 0.3777775 0.625 0.45 0.5 0.4777776 0.625 0.35 0 0.4296194 0 0.3486728 0.125 0.4034169 0.25 0.4 0.375 0.3262002 0.375 0.45 0.5 0.4 0.375 0.4762003 0.375 0.4034169 0.25 0.4762003 0.375 0.4 0.375 0.4777776 0.625 0.5277 0.75 0.4269267 0.75 0.4269267 0.75 0.5277 0.75 0.4456325 0.875 0.4456325 0.875 0.5277001 1 0.4296194 1 0.4296194 0 0.5277001 0 0.4703835 0.125 0.4703835 0.125 0.525 0.25 0.4034169 0.25 0.4762003 0.375 0.525 0.5 0.45 0.5 0.525 0.5 0.5737997 0.625 0.4777776 0.625 0.5277 0.75 0.5722225 0.875 0.4456325 0.875 0.525 0.25 0.55 0.375 0.4762003 0.375 0.537719 0.3162305 0.5028243 0.1149407 0.5493507 0.1378836 0.537719 0.75 0.5028243 0.5487101 0.5493506 0.571653 0.5898938 0.3647147 0.5549991 0.1705233 0.6015255 0.1970155 0.4971758 0.3162305 0.06905478 0.4309452 0.3162305 0.002824187 0.4309452 0.9309452 0.002824187 0.8162305 0.4309452 0.5690547 0.621595 0.875 0.5296193 0.75 0.6276999 0.75 0.5737997 0.625 0.6276999 0.75 0.5296193 0.75 0.5203835 0.875 0.6 1 0.5277 1 0.55 0.375 0.6 0.5 0.525 0.5 0.6703835 0.625 0.6 0.5 0.6796193 0.5 0.65 0.125 0.6 0 0.675 0 0.621595 0.875 0.675 1 0.6 1 0.6276999 0.75 0.7222225 0.875 0.621595 0.875 0.6203836 0.375 0.6796193 0.5 0.6 0.5 0.6703835 0.625 0.7249999 0.75 0.6276999 0.75 0.65 0.125 0.7562587 0.25 0.6033372 0.25 0.675 0 0.728405 0.125 0.65 0.125 0.7215951 0.375 0.6033372 0.25 0.7562587 0.25 0.7743028 0.625 0.6796193 0.5 0.775 0.5 0.7249999 0.75 0.8210631 0.875 0.7222225 0.875 0.7215951 0.375 0.775 0.5 0.6796193 0.5 0.7743028 0.625 0.8465831 0.75 0.7249999 0.75 0.7743028 0.625 0.8703806 0.5 0.878405 0.625 0.7703806 0 0.8289371 0.125 0.728405 0.125 0.728405 0.125 0.8289371 0.125 0.7562587 0.25 0.7562587 0.25 0.8222225 0.375 0.7215951 0.375 0.878405 0.625 0.9703806 0.5 0.9796165 0.625 0.8289371 0.125 0.8750001 0.25 0.7562587 0.25 0.7562587 0.25 0.8750001 0.25 0.8222225 0.375 0.8703806 0 0.9536479 0.125 0.8289371 0.125 0.8750001 0.25 0.9 0.375 0.8222225 0.375 0.9703806 0.75 0.878405 0.625 0.9796165 0.625 0.9 0.875 0.9703806 0.75 0.9796164 0.875 0.95 1 0.9 0.875 0.9796164 0.875 0.9 0.375 0.9730733 0.25 0.9796164 0.375 0.9703806 0.5 0.9 0.375 0.9796164 0.375 0 0.625 0.04999995 0.5 0.07499998 0.625 0.9796164 0.875 1 1 0.95 1 0.95 0 1 0 0.9536479 0.125 0 0.25 0.0777775 0.125 0.07499992 0.25 0 0.625 0.07499998 0.625 0.01830577 0.75 0.01830577 0.75 0.07499998 0.875 0 0.875 0 0.875 0.07499998 0.875 0.0277 1 0.0277 0 0.0777775 0.125 0 0.125 0 0.375 0.07499992 0.25 0.07620024 0.375 0.04999995 0.5 0 0.375 0.07620024 0.375 0.07499992 0.25 0.1777775 0.125 0.1965882 0.25 0.07499998 0.625 0.1534168 0.75 0.01830577 0.75 0.01830577 0.75 0.1534168 0.75 0.07499998 0.875 0.07499998 0.875 0.125 1 0.0277 1 0.07620024 0.375 0.1269267 0.5 0.04999995 0.5 0.125 0 0.1777775 0.125 0.0777775 0.125 0.07499992 0.25 0.1722224 0.375 0.07620024 0.375 0.1743028 0.625 0.2750001 0.75 0.1534168 0.75 0.1269267 0.5 0.2276999 0.5 0.1743028 0.625 0.171595 0.875 0.2222999 1 0.125 1 0.1722224 0.375 0.2276999 0.5 0.1269267 0.5 0.2276999 0.5 0.278405 0.625 0.1743028 0.625 0.171595 0.875 0.2750001 0.75 0.2947692 0.875 0.3 0.5 0.378937 0.625 0.278405 0.625 0.2222999 0 0.298652 0.125 0.1777775 0.125 0.1965882 0.25 0.2756972 0.375 0.1722224 0.375 0.2756972 0.375 0.3 0.5 0.2276999 0.5 0.2750001 0.75 0.378937 0.625 0.4033372 0.75 0.3 0.5 0.3796165 0.375 0.3703806 0.5 0.2750001 0.75 0.4033372 0.75 0.2947692 0.875 0.3475301 0.25 0.3796165 0.375 0.2756972 0.375 0.325 1 0.4203835 0.875 0.4296194 1 0.4430117 0.125 0.325 0 0.4296194 0 0.378937 0.625 0.45 0.5 0.4777776 0.625 0.3796165 0.375 0.475 0.25 0.4762003 0.375 0.4430117 0.125 0.475 0.25 0.3475301 0.25 0.45 0.5 0.3796165 0.375 0.4762003 0.375 0.4203835 0.875 0.5296193 0.75 0.5203835 0.875 0.4777776 0.625 0.5296193 0.75 0.4033372 0.75 0.4296194 1 0.5203835 0.875 0.5277 1 0.475 0.25 0.5703835 0.125 0.6033372 0.25 0.4296194 0 0.5277 0 0.4430117 0.125 0.4762003 0.375 0.525 0.5 0.45 0.5 0.525 0.5 0.5737997 0.625 0.4777776 0.625 0.475 0.25 0.55 0.375 0.4762003 0.375 0.537719 0.3162305 0.5028243 0.1149407 0.5493507 0.1378836 0.537719 0.75 0.5028243 0.5487101 0.5493506 0.571653 0.5898938 0.3647147 0.5549991 0.1705233 0.6015255 0.1970155 0.4971758 0.3162305 0.06905478 0.4309452 0.3162305 0.002824187 0.4309452 0.9309452 0.002824187 0.8162305 0.4309452 0.5690547 0.621595 0.875 0.5296193 0.75 0.6562485 0.75 0.5737997 0.625 0.6562485 0.75 0.5296193 0.75 0.55 0.375 0.6 0.5 0.525 0.5 0.603417 0.25 0.6222226 0.375 0.55 0.375 0.65 0.625 0.6 0.5 0.6776999 0.5 0.5750001 0 0.6777775 0.125 0.5536645 0.125 0.621595 0.875 0.6723 1 0.5750001 1 0.6222226 0.375 0.7249999 0.25 0.721063 0.375 0.6222226 0.375 0.6776999 0.5 0.6 0.5 0.6776999 0.5 0.7277776 0.625 0.65 0.625 0.6562485 0.75 0.7222225 0.875 0.621595 0.875 0.6777775 0.125 0.7249999 0.25 0.603417 0.25 0.6777775 0.125 0.7703807 0 0.798652 0.125 0.7277776 0.625 0.7776999 0.75 0.6562485 0.75 0.6562485 0.75 0.7776999 0.75 0.7222225 0.875 0.8215951 0.375 0.7249999 0.25 0.8503943 0.25 0.721063 0.375 0.7723 0.5 0.6776999 0.5 0.7723 0.5 0.8277775 0.625 0.7277776 0.625 0.7776999 0.75 0.8210631 0.875 0.7222225 0.875 0.85 1 0.9453358 0.875 0.9277 1 0.8277775 0.625 0.8965882 0.75 0.7776999 0.75 0.8703806 0.5 0.9284049 0.625 0.8277775 0.625 0.925 0.125 0.85 0 0.9277 0 0.9 0.375 0.975 0.25 0.9762002 0.375 0.8503943 0.25 0.9 0.375 0.8215951 0.375 0.925 0.125 0.975 0.25 0.8503943 0.25 0.9730733 0.5 0.9 0.375 0.9762002 0.375 1 0.75 0.9284049 0.625 1 0.625 0.9730733 0.5 1 0.625 0.9284049 0.625 0.925 0.125 1 0 1 0.125 0.9453358 0.875 1 1 0.9277 1 0 0.375 0.07499998 0.5 0 0.5 0.925 0.125 1 0.125 0.975 0.25 0.04952609 0.75 0.07106298 0.875 0 0.875 0.01831322 0.25 0.07222253 0.375 0 0.375 0.171595 0.875 0.04952609 0.75 0.2062484 0.75 0.07499998 0.5 0.1237997 0.625 0.02893698 0.625 0.07106298 0.875 0.1296193 1 0.02692669 1 0.02692669 0 0.1296193 0 0.05523079 0.125 0.05523079 0.125 0.1296194 0.25 0.01831322 0.25 0.01831322 0.25 0.1296194 0.25 0.07222253 0.375 0.1237997 0.625 0.2062484 0.75 0.04952609 0.75 0.07222253 0.375 0.15 0.5 0.07499998 0.5 0.1296193 0 0.2036478 0.125 0.05523079 0.125 0.1296194 0.25 0.171063 0.375 0.07222253 0.375 0.2 0.625 0.15 0.5 0.2276999 0.5 0.2036478 0.125 0.3 0 0.3277775 0.125 0.171595 0.875 0.225 1 0.1296193 1 0.1296193 0 0.225 0 0.2036478 0.125 0.2036478 0.125 0.2277 0.25 0.1296194 0.25 0.1296194 0.25 0.2277 0.25 0.171063 0.375 0.171063 0.375 0.2276999 0.5 0.15 0.5 0.2276999 0.5 0.278405 0.625 0.2 0.625 0.2062484 0.75 0.2947838 0.875 0.171595 0.875 0.278405 0.625 0.3296193 0.75 0.2062484 0.75 0.2062484 0.75 0.3296193 0.75 0.2947838 0.875 0.2277 0.25 0.3277775 0.125 0.3465831 0.25 0.2277 0.25 0.3222225 0.375 0.25 0.375 0.25 0.375 0.3 0.5 0.2276999 0.5 0.3 0.5 0.378937 0.625 0.278405 0.625 0.4203835 0.875 0.3296193 0.75 0.4296193 0.75 0.278405 0.625 0.378937 0.625 0.3296193 0.75 0.2947838 0.875 0.375 1 0.3 1 0.3222225 0.375 0.3723 0.5 0.3 0.5 0.378937 0.625 0.4296193 0.75 0.3296193 0.75 0.378937 0.625 0.45 0.5 0.4777776 0.625 0.375 0 0.4277776 0.125 0.3277775 0.125 0.3465831 0.25 0.4 0.375 0.3222225 0.375 0.4 0.375 0.475 0.25 0.475 0.375 0.4203835 0.875 0.475 1 0.375 1 0.45 0.5 0.4 0.375 0.475 0.375 0.5203835 0.875 0.4296193 0.75 0.5296193 0.75 0.4777776 0.625 0.5296193 0.75 0.4296193 0.75 0.55 0.375 0.475 0.25 0.603417 0.25 0.475 0 0.5536645 0.125 0.4277776 0.125 0.475 0.375 0.525 0.5 0.45 0.5 0.525 0.5 0.5737997 0.625 0.4777776 0.625 0.5203835 0.875 0.5750001 1 0.475 1 0.5536645 0.125 0.603417 0.25 0.475 0.25 0.537719 0.3162305 0.5028243 0.1149407 0.5493507 0.1378836 0.537719 0.75 0.5028243 0.5487101 0.5493506 0.571653 0.5898938 0.3647147 0.5549991 0.1705233 0.6015255 0.1970155 0.4971758 0.3162305 0.06905478 0.4309452 0.3162305 0.002824187 0.4309452 0.9309452 0.002824187 0.8162305 0.4309452 0.5690547 0.5536646 0.125 0.5777 0 0.65 0 0.5769267 0.5 0.5703836 0.375 0.65 0.375 0.65 0.625 0.7237998 0.625 0.725 0.75 0.6034169 0.75 0.725 0.75 0.7222225 0.875 0.65 1 0.5953359 0.875 0.7222225 0.875 0.65 0.375 0.6033373 0.25 0.7277 0.25 0.725 0.75 0.7237998 0.625 0.8 0.625 0.725 0.75 0.8249999 0.75 0.821063 0.875 0.725 1 0.7222225 0.875 0.821063 0.875 0.7277 0.25 0.825 0.25 0.8 0.375 0.8 0.625 0.7723 0.5 0.85 0.5 0.85 0.5 0.7723 0.5 0.8 0.375 0.925 0.875 0.821063 0.875 0.8249999 0.75 0.825 1 0.821063 0.875 0.925 0.875 0.825 0 0.9222999 0 0.9284049 0.125 0.825 0.25 0.8036645 0.125 0.9284049 0.125 0.925 0.75 1 0.75 1 0.875 1 1 0.9222999 1 0.925 0.875 0.9284049 0.125 0.9222999 0 1 0 0 0.5 0.07499998 0.5 0.04999995 0.625 0 0.375 0 0.25 0.0769267 0.25 0 0.5 0 0.375 0.07106304 0.375 0.1703835 0.375 0.07106304 0.375 0.0769267 0.25 0.07499998 0.5 0.07106304 0.375 0.1703835 0.375 0.2 0.625 0.1769267 0.5 0.275 0.5 0.2 0.625 0.2743028 0.625 0.2796193 0.75 0.275 0.375 0.1703835 0.375 0.1796193 0.25 0.1769267 0.5 0.1703835 0.375 0.275 0.375 0.2743028 0.625 0.275 0.5 0.35 0.5 0.2796193 0.75 0.2743028 0.625 0.3777775 0.625 0.371595 0.875 0.2440154 0.875 0.2796193 0.75 0.275 1 0.2440154 0.875 0.371595 0.875 0.275 0.375 0.2777 0.25 0.375 0.25 0.35 0.5 0.275 0.5 0.275 0.375 0.3777775 0.625 0.4777776 0.625 0.4769268 0.75 0.65 0.625 0.5737997 0.625 0.5769267 0.5 0.3777 0.75 0.4769268 0.75 0.471063 0.875 0.3796165 0.375 0.375 0.25 0.475 0.25 0.4243029 0.125 0.3965883 0 0.5 0 0.5 0.5 0.5769267 0.5 0.5737997 0.625 0.4769268 0.75 0.4777776 0.625 0.5737997 0.625 0.5953359 0.875 0.471063 0.875 0.4769268 0.75 0.5 1 0.471063 0.875 0.5953359 0.875 0.5703836 0.375 0.475 0.375 0.475 0.25 0.5 0.5 0.475 0.375 0.5703836 0.375 0.06905478 0.4309452 0.002824187 0.3162305 0.3162305 0.002824187 0.002824187 0.3162305 0.02931642 0.1378836 0.1837694 0.002824187 0.3162305 0.002824187 0.002824187 0.3162305 0.1837694 0.002824187 0.3162305 0.002824187 0.4574374 0.1149406 0.4971758 0.3162305 0.4971758 0.3162305 0.4309452 0.4309452 0.06905478 0.4309452 0.4309452 0.4309452 0.2632461 0.4971758 0.06905478 0.4309452 0.002824187 0.8162305 0.002824187 0.6837695 0.4309452 0.5690547 0.002824187 0.6837695 0.1149406 0.5425626 0.3162305 0.5028242 0.4309452 0.5690547 0.4971758 0.7367539 0.4309452 0.9309452 0.3162305 0.9971758 0.1378836 0.9706836 0.002824187 0.8162305 0.575 0.75 0.5737997 0.625 0.671595 0.625 0.5722225 0.875 0.575 0.75 0.6723 0.75 0.5722225 0.875 0.6963186 0.875 0.65 1 0.5750001 0.125 0.5777 0 0.65 0 0.5750001 0.125 0.6777775 0.125 0.6776999 0.25 0.671595 0.375 0.571063 0.375 0.5750001 0.25 0.7730733 0.75 0.6723 0.75 0.671595 0.625 0.6776999 0.25 0.6777775 0.125 0.7737998 0.125 0.6776999 0.25 0.775 0.25 0.7722225 0.375 0.725 1 0.6963186 0.875 0.821063 0.875 0.775 0.625 0.8777776 0.625 0.8750001 0.75 0.875 0.125 0.7737998 0.125 0.8 0 0.7737998 0.125 0.875 0.125 0.8723 0.25 0.7722225 0.375 0.775 0.25 0.8723 0.25 0.8750001 0.75 0.8777776 0.625 0.9784049 0.625 0.875 0.125 0.875 0 0.9730733 0 0.8723 0.25 0.875 0.125 0.978937 0.125 0.8723 0.25 0.9805833 0.25 0.9762002 0.375 0 0.125 0 0 0.07499998 0 0.02499997 0.875 0.01941668 0.75 0.1296193 0.75 0.04999995 0.375 0.0277 0.25 0.125 0.25 0.125 0.5 0.02038061 0.5 0.04999995 0.375 0.1203835 0.875 0.1296193 0.75 0.2296193 0.75 0.15 1 0.1203835 0.875 0.2437126 0.875 0.2 0.125 0.09867286 0.125 0.15 0 0.125 0.25 0.09867286 0.125 0.2 0.125 0.125 0.25 0.2249999 0.25 0.2222224 0.375 0.125 0.5 0.1262002 0.375 0.2222224 0.375 0.25 0.625 0.2276999 0.5 0.3 0.5 0.2296193 0.75 0.25 0.625 0.3237997 0.625 0.2249999 0.25 0.3503902 0.25 0.3222225 0.375 0.2222224 0.375 0.3222225 0.375 0.3 0.5 0.4230733 1 0.3203806 1 0.35 0.875 0.4 0.625 0.3723 0.5 0.45 0.5 0.4 0.625 0.4777776 0.625 0.4777001 0.75 0.3777775 0.125 0.475 0.125 0.4723 0.25 0.4 0.375 0.3503902 0.25 0.4723 0.25 0.45 0.5 0.3723 0.5 0.4 0.375 0.4777001 0.75 0.4777776 0.625 0.5737997 0.625 0.4777001 0.75 0.575 0.75 0.5722225 0.875 0.5 1 0.4513272 0.875 0.5722225 0.875 0.5750001 0.125 0.475 0.125 0.5 0 0.5750001 0.25 0.4723 0.25 0.475 0.125 0.4762003 0.375 0.4723 0.25 0.5750001 0.25 0.06905478 0.4309452 0.002824187 0.3162305 0.3162305 0.002824187 0.002824187 0.3162305 0.02931642 0.1378836 0.1837694 0.002824187 0.3162305 0.002824187 0.002824187 0.3162305 0.1837694 0.002824187 0.3162305 0.002824187 0.4574374 0.1149406 0.4971758 0.3162305 0.4971758 0.3162305 0.4309452 0.4309452 0.06905478 0.4309452 0.4309452 0.4309452 0.2632461 0.4971758 0.06905478 0.4309452 0.002824187 0.8162305 0.002824187 0.6837695 0.4309452 0.5690547 0.002824187 0.6837695 0.1149406 0.5425626 0.3162305 0.5028242 0.4309452 0.5690547 0.4971758 0.7367539 0.4309452 0.9309452 0.3162305 0.9971758 0.1378836 0.9706836 0.002824187 0.8162305 0.525 0.25 0.5046442 0.125 0.6296165 0.125 0.65 0.625 0.5737997 0.625 0.6 0.5 0.5750001 0.75 0.5737997 0.625 0.65 0.625 0.5750001 0.75 0.6965831 0.75 0.6963186 0.875 0.5722225 0.875 0.6963186 0.875 0.65 1 0.6 0.5 0.571063 0.375 0.671595 0.375 0.6296165 0.125 0.65 0 0.725 0 0.671595 0.375 0.6503942 0.25 0.7769268 0.25 0.671595 0.375 0.7710631 0.375 0.75 0.5 0.8 0.625 0.725 0.625 0.75 0.5 0.6965831 0.75 0.725 0.625 0.8 0.625 0.6965831 0.75 0.8437516 0.75 0.8222225 0.875 0.725 1 0.6963186 0.875 0.8222225 0.875 0.875 0.125 0.7503165 0.125 0.8 0 0.7769268 0.25 0.7503165 0.125 0.875 0.125 0.875 0.375 0.7710631 0.375 0.7769268 0.25 0.9730733 0.75 0.8437516 0.75 0.878405 0.625 0.875 0.125 0.8777 0 0.9723001 0 0 0.75 0 0.625 0.07038348 0.625 0 0.125 0 0 0.07307326 0 0.1 0.5 0.02038061 0.5 0.04999995 0.375 0.15 0.625 0.07038348 0.625 0.1 0.5 0.07307326 1 0.04476916 0.875 0.171595 0.875 0.15 0.625 0.225 0.625 0.2222999 0.75 0.2 0.125 0.09867286 0.125 0.15 0 0.2222999 0.75 0.225 0.625 0.3 0.625 0.2256971 0.375 0.1995957 0.25 0.3269267 0.25 0.3 0.625 0.275 0.5 0.3703806 0.5 0.3 0 0.375 0 0.3777775 0.125 0.4 0.375 0.3249999 0.375 0.3269267 0.25 0.3777775 0.625 0.3703806 0.5 0.45 0.5 0.3777775 0.625 0.4777776 0.625 0.475 0.75 0.3777775 0.125 0.375 0 0.4769267 0 0.45 0.5 0.3703806 0.5 0.4 0.375 0.4777776 0.625 0.5737997 0.625 0.5750001 0.75 0.475 0.75 0.5750001 0.75 0.5722225 0.875 0.4769267 1 0.4456129 0.875 0.5722225 0.875 0.06905478 0.4309452 0.002824187 0.3162305 0.3162305 0.002824187 0.002824187 0.3162305 0.02931642 0.1378836 0.1837694 0.002824187 0.3162305 0.002824187 0.002824187 0.3162305 0.1837694 0.002824187 0.3162305 0.002824187 0.4574374 0.1149406 0.4971758 0.3162305 0.4971758 0.3162305 0.4309452 0.4309452 0.06905478 0.4309452 0.4309452 0.4309452 0.2632461 0.4971758 0.06905478 0.4309452 0.002824187 0.8162305 0.002824187 0.6837695 0.4309452 0.5690547 0.002824187 0.6837695 0.1149406 0.5425626 0.3162305 0.5028242 0.4309452 0.5690547 0.4971758 0.7367539 0.4309452 0.9309452 0.3162305 0.9971758 0.1378836 0.9706836 0.002824187 0.8162305 0.55 0.125 0.5277001 0 0.6 0 0.6269267 0.25 0.525 0.25 0.55 0.125 0.55 0.375 0.525 0.25 0.6269267 0.25 0.55 0.375 0.6203836 0.375 0.6 0.5 0.65 0.625 0.5737997 0.625 0.6 0.5 0.6 1 0.5722225 0.875 0.671063 0.875 0.65 0.625 0.725 0.625 0.7223 0.75 0.6269267 0.25 0.628937 0.125 0.728405 0.125 0.7 0.375 0.6203836 0.375 0.6269267 0.25 0.671063 0.875 0.7937126 0.875 0.75 1 0.7 0.375 0.771063 0.375 0.75 0.5 0.8 0.625 0.725 0.625 0.75 0.5 0.7223 0.75 0.725 0.625 0.8 0.625 0.75 0 0.825 0 0.828937 0.125 0.771063 0.375 0.7562587 0.25 0.8777001 0.25 0.825 1 0.7937126 0.875 0.925 0.875 0.828937 0.125 0.825 0 0.9 0 0.975 0.75 0.8437516 0.75 0.878405 0.625 0.8777001 0.25 0.975 0.25 0.9762002 0.375 0.04999995 0.625 0 0.625 0 0.5 0 0.75 0 0.625 0.04999995 0.625 0 0.25 0.1033372 0.25 0.07222247 0.375 0 0.5 0 0.375 0.07222247 0.375 0.15 0.125 0.04478377 0.125 0.07499998 0 0.07961934 0.5 0.07222247 0.375 0.171063 0.375 0.1237998 0.625 0.2215949 0.625 0.2249999 0.75 0.1222224 0.875 0.1034169 0.75 0.2249999 0.75 0.15 0.125 0.2277775 0.125 0.2562485 0.25 0.1796194 0.5 0.171063 0.375 0.25 0.375 0.2249999 0.75 0.2215949 0.625 0.3 0.625 0.321595 0.875 0.221063 0.875 0.2249999 0.75 0.3 0.625 0.275 0.5 0.3703806 0.5 0.321595 0.875 0.325 0.75 0.4269267 0.75 0.35 1 0.321595 0.875 0.4456325 0.875 0.3777775 0.625 0.3703806 0.5 0.45 0.5 0.45 0.5 0.3703806 0.5 0.4 0.375 0.06905478 0.4309452 0.002824187 0.3162305 0.3162305 0.002824187 0.002824187 0.3162305 0.02931642 0.1378836 0.1837694 0.002824187 0.3162305 0.002824187 0.002824187 0.3162305 0.1837694 0.002824187 0.3162305 0.002824187 0.4574374 0.1149406 0.4971758 0.3162305 0.4971758 0.3162305 0.4309452 0.4309452 0.06905478 0.4309452 0.4309452 0.4309452 0.2632461 0.4971758 0.06905478 0.4309452 0.002824187 0.8162305 0.002824187 0.6837695 0.4309452 0.5690547 0.002824187 0.6837695 0.1149406 0.5425626 0.3162305 0.5028242 0.4309452 0.5690547 0.4971758 0.7367539 0.4309452 0.9309452 0.3162305 0.9971758 0.1378836 0.9706836 0.002824187 0.8162305 0.621595 0.875 0.5203835 0.875 0.5296193 0.75 0.5203835 0.875 0.621595 0.875 0.6 1 0.55 0.375 0.6203836 0.375 0.6 0.5 0.6703835 0.625 0.5737997 0.625 0.6 0.5 0.65 0.125 0.5703835 0.125 0.6 0 0.6276999 0.75 0.7249999 0.75 0.7222225 0.875 0.65 0.125 0.728405 0.125 0.7562587 0.25 0.7215951 0.375 0.6203836 0.375 0.6033372 0.25 0.7743028 0.625 0.6703835 0.625 0.6796193 0.5 0.7249999 0.75 0.8465831 0.75 0.8210631 0.875 0.7743028 0.625 0.775 0.5 0.8703806 0.5 0.878405 0.625 0.8703806 0.5 0.9703806 0.5 0.9703806 0.75 0.8465831 0.75 0.878405 0.625 0.9 0.875 0.8465831 0.75 0.9703806 0.75 0.95 1 0.8703806 1 0.9 0.875 0.9 0.375 0.8750001 0.25 0.9730733 0.25 0.9703806 0.5 0.8703806 0.5 0.9 0.375 0 0.625 0 0.5 0.04999995 0.5 0 0.25 0 0.125 0.0777775 0.125 0 0.375 0 0.25 0.07499992 0.25 0.04999995 0.5 0 0.5 0 0.375 0.07499992 0.25 0.0777775 0.125 0.1777775 0.125 0.07499992 0.25 0.1965882 0.25 0.1722224 0.375 0.1743028 0.625 0.278405 0.625 0.2750001 0.75 0.171595 0.875 0.1534168 0.75 0.2750001 0.75 0.3 0.5 0.3703806 0.5 0.378937 0.625 0.2750001 0.75 0.278405 0.625 0.378937 0.625 0.3 0.5 0.2756972 0.375 0.3796165 0.375 0.325 1 0.2947692 0.875 0.4203835 0.875 0.4430117 0.125 0.298652 0.125 0.325 0 0.378937 0.625 0.3703806 0.5 0.45 0.5 0.3796165 0.375 0.3475301 0.25 0.475 0.25 0.45 0.5 0.3703806 0.5 0.3796165 0.375 0.4203835 0.875 0.4033372 0.75 0.5296193 0.75 0.4296194 1 0.4203835 0.875 0.5203835 0.875 0.475 0.25 0.4430117 0.125 0.5703835 0.125 0.475 0.25 0.6033372 0.25 0.55 0.375 0.06905478 0.4309452 0.002824187 0.3162305 0.3162305 0.002824187 0.002824187 0.3162305 0.02931642 0.1378836 0.1837694 0.002824187 0.3162305 0.002824187 0.002824187 0.3162305 0.1837694 0.002824187 0.3162305 0.002824187 0.4574374 0.1149406 0.4971758 0.3162305 0.4971758 0.3162305 0.4309452 0.4309452 0.06905478 0.4309452 0.4309452 0.4309452 0.2632461 0.4971758 0.06905478 0.4309452 0.002824187 0.8162305 0.002824187 0.6837695 0.4309452 0.5690547 0.002824187 0.6837695 0.1149406 0.5425626 0.3162305 0.5028242 0.4309452 0.5690547 0.4971758 0.7367539 0.4309452 0.9309452 0.3162305 0.9971758 0.1378836 0.9706836 0.002824187 0.8162305 0.621595 0.875 0.5203835 0.875 0.5296193 0.75 0.55 0.375 0.6222226 0.375 0.6 0.5 0.65 0.625 0.5737997 0.625 0.6 0.5 0.5750001 0 0.6723 0 0.6777775 0.125 0.6222226 0.375 0.603417 0.25 0.7249999 0.25 0.6777775 0.125 0.6723 0 0.7703807 0 0.8215951 0.375 0.721063 0.375 0.7249999 0.25 0.85 1 0.8210631 0.875 0.9453358 0.875 0.925 0.125 0.798652 0.125 0.85 0 0.9 0.375 0.8503943 0.25 0.975 0.25 0.9730733 0.5 0.8703806 0.5 0.9 0.375 1 0.75 0.8965882 0.75 0.9284049 0.625 0.925 0.125 0.9277 0 1 0 0 0.375 0.07222253 0.375 0.07499998 0.5 0.171595 0.875 0.07106298 0.875 0.04952609 0.75 0.07222253 0.375 0.171063 0.375 0.15 0.5 0.2 0.625 0.1237997 0.625 0.15 0.5 0.2036478 0.125 0.225 0 0.3 0 0.2277 0.25 0.2036478 0.125 0.3277775 0.125 0.2277 0.25 0.3465831 0.25 0.3222225 0.375 0.25 0.375 0.3222225 0.375 0.3 0.5 0.3 0.5 0.3723 0.5 0.378937 0.625 0.4203835 0.875 0.2947838 0.875 0.3296193 0.75 0.378937 0.625 0.3723 0.5 0.45 0.5 0.4 0.375 0.3465831 0.25 0.475 0.25 0.45 0.5 0.3723 0.5 0.4 0.375 0.5203835 0.875 0.4203835 0.875 0.4296193 0.75 0.55 0.375 0.475 0.375 0.475 0.25 0.06905478 0.4309452 0.002824187 0.3162305 0.3162305 0.002824187 0.002824187 0.3162305 0.02931642 0.1378836 0.1837694 0.002824187 0.3162305 0.002824187 0.002824187 0.3162305 0.1837694 0.002824187 0.3162305 0.002824187 0.4574374 0.1149406 0.4971758 0.3162305 0.4971758 0.3162305 0.4309452 0.4309452 0.06905478 0.4309452 0.4309452 0.4309452 0.2632461 0.4971758 0.06905478 0.4309452 0.002824187 0.8162305 0.002824187 0.6837695 0.4309452 0.5690547 0.002824187 0.6837695 0.1149406 0.5425626 0.3162305 0.5028242 0.4309452 0.5690547 0.4971758 0.7367539 0.4309452 0.9309452 0.3162305 0.9971758 0.1378836 0.9706836 0.002824187 0.8162305</float_array>
          <technique_common>
            <accessor source="#tire_stack_6_a200-mesh-map-0-array" count="3240" stride="2">
              <param name="S" type="float"/>
              <param name="T" type="float"/>
            </accessor>
          </technique_common>
        </source>
        <vertices id="tire_stack_6_a200-mesh-vertices">
          <input semantic="POSITION" source="#tire_stack_6_a200-mesh-positions"/>
        </vertices>
        <triangles material="tire_005-material" count="972">
          <input semantic="VERTEX" source="#tire_stack_6_a200-mesh-vertices" offset="0"/>
          <input semantic="NORMAL" source="#tire_stack_6_a200-mesh-normals" offset="1"/>
          <input semantic="TEXCOORD" source="#tire_stack_6_a200-mesh-map-0" offset="2" set="0"/>
          <p>9 0 0 2 0 1 1 0 2 11 1 3 6 1 4 5 1 5 6 2 6 12 2 7 7 2 8 16 3 9 11 3 10 10 3 11 18 4 12 8 4 13 12 4 14 19 5 15 13 5 16 8 5 17 20 6 18 17 6 19 11 6 20 19 7 21 21 7 22 13 7 23 24 8 24 20 8 25 16 8 26 26 9 27 19 9 28 18 9 29 28 10 30 22 10 31 21 10 32 28 11 33 31 11 34 22 11 35 35 12 36 29 12 37 25 12 38 36 13 39 31 13 40 28 13 41 38 14 42 36 14 43 30 14 44 37 15 45 38 15 46 30 15 47 44 16 48 39 16 49 36 16 50 45 17 51 42 17 52 41 17 53 48 18 54 39 18 55 44 18 56 49 19 57 45 19 58 40 19 59 50 20 60 46 20 61 42 20 62 51 21 63 48 21 64 43 21 65 53 22 66 50 22 67 45 22 68 51 23 69 56 23 70 48 23 71 56 24 72 52 24 73 48 24 74 57 25 75 53 25 76 49 25 77 58 26 78 54 26 79 50 26 80 62 27 81 58 27 82 53 27 83 65 28 84 63 28 85 58 28 86 70 29 87 65 29 88 62 29 89 73 30 90 67 30 91 66 30 92 70 31 93 74 31 94 65 31 95 74 32 96 71 32 97 65 32 98 77 33 99 70 33 100 69 33 101 80 34 102 75 34 103 73 34 104 77 35 105 81 35 106 70 35 107 5 36 108 78 36 109 74 36 110 79 37 111 80 37 112 73 37 113 5 38 114 6 38 115 78 38 116 102 42 126 95 42 127 94 42 128 102 43 129 103 43 130 95 43 131 109 44 132 102 44 133 101 44 134 111 45 135 107 45 136 106 45 137 110 46 138 112 46 139 103 46 140 113 47 141 105 47 142 104 47 143 116 48 144 110 48 145 109 48 146 117 49 147 112 49 148 110 49 149 119 50 150 114 50 151 111 50 152 121 51 153 118 51 154 113 51 155 125 52 156 117 52 157 116 52 158 126 53 159 120 53 160 117 53 161 121 54 162 127 54 163 118 54 164 127 55 165 122 55 166 118 55 167 125 56 168 126 56 169 117 56 170 129 57 171 127 57 172 121 57 173 127 58 174 130 58 175 122 58 176 134 59 177 128 59 178 126 59 179 133 60 180 134 60 181 126 60 182 138 61 183 132 61 184 131 61 185 139 62 186 134 62 187 133 62 188 140 63 189 136 63 190 134 63 191 142 64 192 137 64 193 135 64 194 140 65 195 145 65 196 136 65 197 145 66 198 141 66 199 136 66 200 146 67 201 138 67 202 137 67 203 147 68 204 154 68 205 145 68 206 154 69 207 148 69 208 145 69 209 155 70 210 152 70 211 151 70 212 149 71 213 159 71 214 150 71 215 159 72 216 155 72 217 150 72 218 162 73 219 157 73 220 156 73 221 158 74 222 163 74 223 149 74 224 163 75 225 159 75 226 149 75 227 164 76 228 160 76 229 155 76 230 162 77 231 165 77 232 157 77 233 165 78 234 158 78 235 157 78 236 167 79 237 164 79 238 159 79 239 168 80 240 162 80 241 161 80 242 94 81 243 170 81 244 169 81 245 175 82 246 172 82 247 167 82 248 101 83 249 94 83 250 174 83 251 196 87 261 189 87 262 188 87 263 203 88 264 197 88 265 192 88 266 198 89 267 204 89 268 195 89 269 205 90 270 201 90 271 200 90 272 215 91 273 207 91 274 206 91 275 216 92 276 213 92 277 212 92 278 220 93 279 211 93 280 210 93 281 221 94 282 216 94 283 211 94 284 222 95 285 217 95 286 214 95 287 220 96 288 221 96 289 211 96 290 224 97 291 222 97 292 213 97 293 228 98 294 223 98 295 221 98 296 229 99 297 225 99 298 222 99 299 227 100 300 228 100 301 221 100 302 228 101 303 231 101 304 223 101 305 232 102 306 229 102 307 224 102 308 229 103 309 233 103 310 225 103 311 234 104 312 230 104 313 226 104 314 235 105 315 228 105 316 227 105 317 236 106 318 231 106 319 228 106 320 239 107 321 232 107 322 231 107 323 232 108 324 240 108 325 229 108 326 241 109 327 234 109 328 233 109 329 242 110 330 237 110 331 230 110 332 244 111 333 240 111 334 232 111 335 246 112 336 242 112 337 234 112 338 247 113 339 238 113 340 237 113 341 249 114 342 245 114 343 240 114 344 248 115 345 251 115 346 243 115 347 252 116 348 249 116 349 244 116 350 253 117 351 250 117 352 245 117 353 257 118 354 252 118 355 251 118 356 259 119 357 254 119 358 250 119 359 255 120 360 256 120 361 248 120 362 260 121 363 258 121 364 249 121 365 262 122 366 256 122 367 255 122 368 265 123 369 260 123 370 252 123 371 193 124 372 261 124 373 259 124 374 188 125 375 264 125 376 263 125 377 194 126 378 267 126 379 261 126 380 195 127 381 188 127 382 267 127 383 288 131 393 281 131 394 280 131 395 289 132 396 283 132 397 282 132 398 295 133 399 289 133 400 281 133 401 299 134 402 296 134 403 289 134 404 302 135 405 294 135 406 293 135 407 299 136 408 304 136 409 296 136 410 305 137 411 300 137 412 297 137 413 309 138 414 304 138 415 299 138 416 312 139 417 309 139 418 308 139 419 314 140 420 307 140 421 306 140 422 315 141 423 312 141 424 307 141 425 309 142 426 316 142 427 304 142 428 318 143 429 313 143 430 311 143 431 320 144 432 316 144 433 309 144 434 321 145 435 318 145 436 317 145 437 324 146 438 319 146 439 315 146 440 321 147 441 326 147 442 318 147 443 325 148 444 330 148 445 321 148 446 330 149 447 326 149 448 321 149 449 333 150 450 329 150 451 328 150 452 334 151 453 330 151 454 325 151 455 337 152 456 331 152 457 326 152 458 335 153 459 339 153 460 333 153 461 341 154 462 336 154 463 334 154 464 345 155 465 342 155 466 336 155 467 343 156 468 346 156 469 338 156 470 344 157 471 347 157 472 339 157 473 349 158 474 345 158 475 341 158 476 350 159 477 343 159 478 342 159 479 353 160 480 348 160 481 347 160 482 354 161 483 350 161 484 345 161 485 351 162 486 352 162 487 344 162 488 359 163 489 352 163 490 351 163 491 361 164 492 356 164 493 353 164 494 358 165 495 362 165 496 350 165 497 362 166 498 355 166 499 350 166 500 280 167 501 361 167 502 360 167 503 286 168 504 363 168 505 355 168 506 281 169 507 282 169 508 361 169 509 283 170 510 284 170 511 357 170 512 284 171 513 285 171 514 362 171 515 285 172 516 286 172 517 362 172 518 287 173 519 280 173 520 363 173 521 384 177 531 377 177 532 376 177 533 387 178 534 381 178 535 380 178 536 382 179 537 388 179 538 383 179 539 390 180 540 385 180 541 377 180 542 392 181 543 382 181 544 381 181 545 394 182 546 391 182 547 386 182 548 397 183 549 389 183 550 388 183 551 399 184 552 393 184 553 390 184 554 394 185 555 400 185 556 391 185 557 400 186 558 395 186 559 391 186 560 402 187 561 400 187 562 394 187 563 404 188 564 398 188 565 397 188 566 406 189 567 401 189 568 399 189 569 402 190 570 407 190 571 400 190 572 407 191 573 403 191 574 400 191 575 404 192 576 405 192 577 398 192 578 401 193 579 409 193 580 402 193 581 409 194 582 407 194 583 402 194 584 410 195 585 408 195 586 403 195 587 411 196 588 405 196 589 404 196 590 416 197 591 410 197 592 407 197 593 410 198 594 417 198 595 408 198 596 426 199 597 421 199 598 420 199 599 428 200 600 423 200 601 419 200 602 426 201 603 429 201 604 421 201 605 429 202 606 427 202 607 421 202 608 427 203 609 430 203 610 422 203 611 430 204 612 428 204 613 422 204 614 433 205 615 426 205 616 425 205 617 435 206 618 431 206 619 428 206 620 438 207 621 435 207 622 430 207 623 439 208 624 432 208 625 431 208 626 440 209 627 434 209 628 433 209 629 441 210 630 436 210 631 434 210 632 438 211 633 442 211 634 435 211 635 442 212 636 439 212 637 435 212 638 439 213 639 443 213 640 432 213 641 443 214 642 440 214 643 432 214 644 446 215 645 448 215 646 438 215 647 450 216 648 443 216 649 439 216 650 452 217 651 446 217 652 445 217 653 376 218 654 452 218 655 451 218 656 377 219 657 378 219 658 452 219 659 380 220 660 381 220 661 450 220 662 383 221 663 376 221 664 454 221 665 475 225 675 468 225 676 467 225 677 477 226 678 471 226 679 470 226 680 480 227 681 476 227 682 468 227 683 482 228 684 473 228 685 472 228 686 483 229 687 476 229 688 480 229 689 484 230 690 481 230 691 477 230 692 486 231 693 479 231 694 478 231 695 487 232 696 483 232 697 479 232 698 484 233 699 489 233 700 481 233 701 490 234 702 485 234 703 482 234 704 491 235 705 488 235 706 483 235 707 492 236 708 489 236 709 484 236 710 490 237 711 493 237 712 485 237 713 494 238 714 487 238 715 486 238 716 495 239 717 491 239 718 487 239 719 496 240 720 492 240 721 488 240 722 492 241 723 497 241 724 489 241 725 497 242 726 490 242 727 489 242 728 494 243 729 495 243 730 487 243 731 498 244 732 496 244 733 491 244 734 496 245 735 499 245 736 492 245 737 501 246 738 493 246 739 490 246 740 502 247 741 495 247 742 494 247 743 503 248 744 498 248 745 495 248 746 507 249 747 499 249 748 496 249 749 510 250 750 506 250 751 503 250 752 511 251 753 508 251 754 499 251 755 513 252 756 507 252 757 506 252 758 516 253 759 513 253 760 510 253 761 518 254 762 514 254 763 511 254 764 519 255 765 515 255 766 509 255 767 522 256 768 517 256 769 513 256 770 525 257 771 517 257 772 522 257 773 526 258 774 523 258 775 518 258 776 524 259 777 527 259 778 520 259 779 527 260 780 521 260 781 520 260 782 528 261 783 525 261 784 521 261 785 526 262 786 530 262 787 523 262 788 536 263 789 531 263 790 530 263 791 538 264 792 536 264 793 526 264 794 539 265 795 532 265 796 531 265 797 540 266 798 534 266 799 533 266 800 542 267 801 537 267 802 535 267 803 543 268 804 539 268 805 536 268 806 539 269 807 544 269 808 532 269 809 467 270 810 542 270 811 541 270 812 470 271 813 543 271 814 538 271 815 472 272 816 544 272 817 539 272 818 468 273 819 469 273 820 542 273 821 471 274 822 472 274 823 543 274 824 474 275 825 467 275 826 545 275 827 5 279 837 10 279 838 11 279 839 3 280 840 10 280 841 4 280 842 0 281 843 12 281 844 8 281 845 9 282 846 14 282 847 2 282 848 8 283 849 13 283 850 9 283 851 2 284 852 15 284 853 3 284 854 10 285 855 15 285 856 16 285 857 12 286 858 17 286 859 18 286 860 11 287 861 17 287 862 6 287 863 14 288 864 21 288 865 22 288 866 16 289 867 20 289 868 11 289 869 18 290 870 19 290 871 8 290 872 14 291 873 23 291 874 15 291 875 16 292 876 23 292 877 24 292 878 17 293 879 26 293 880 18 293 881 20 294 882 25 294 883 17 294 884 21 295 885 27 295 886 28 295 887 27 296 888 26 296 889 29 296 890 25 297 891 29 297 892 26 297 893 32 298 894 22 298 895 31 298 896 27 299 897 30 299 898 28 299 899 24 300 900 32 300 901 33 300 902 24 301 903 34 301 904 20 301 905 25 302 906 34 302 907 35 302 908 31 303 909 40 303 910 32 303 911 29 304 912 30 304 913 27 304 914 30 305 915 36 305 916 28 305 917 35 306 918 37 306 919 29 306 920 29 307 921 37 307 922 30 307 923 36 308 924 39 308 925 31 308 926 41 309 927 32 309 928 40 309 929 34 310 930 41 310 931 42 310 932 38 311 933 44 311 934 36 311 935 34 312 936 42 312 937 35 312 938 37 313 939 46 313 940 47 313 941 40 314 942 45 314 943 41 314 944 42 315 945 46 315 946 35 315 947 38 316 948 47 316 949 43 316 950 55 317 951 46 317 952 54 317 953 43 318 954 48 318 955 44 318 956 39 319 957 49 319 958 40 319 959 45 320 960 50 320 961 42 320 962 48 321 963 52 321 964 39 321 965 39 322 966 52 322 967 49 322 968 49 323 969 53 323 970 45 323 971 50 324 972 54 324 973 46 324 974 43 325 975 55 325 976 51 325 977 56 326 978 59 326 979 60 326 980 52 327 981 57 327 982 49 327 983 53 328 984 58 328 985 50 328 986 56 329 987 61 329 988 52 329 989 64 330 990 54 330 991 63 330 992 52 331 993 61 331 994 57 331 995 57 332 996 62 332 997 53 332 998 58 333 999 63 333 1000 54 333 1001 51 334 1002 64 334 1003 59 334 1004 60 335 1005 66 335 1006 67 335 1007 62 336 1008 65 336 1009 58 336 1010 61 337 1011 67 337 1012 68 337 1013 69 338 1014 61 338 1015 68 338 1016 62 339 1017 69 339 1018 70 339 1019 64 340 1020 71 340 1021 72 340 1022 65 341 1023 71 341 1024 63 341 1025 66 342 1026 64 342 1027 72 342 1028 67 343 1029 76 343 1030 68 343 1031 9 344 1032 0 344 1033 8 344 1034 72 345 1035 73 345 1036 66 345 1037 73 346 1038 75 346 1039 67 346 1040 68 347 1041 77 347 1042 69 347 1043 72 348 1044 78 348 1045 79 348 1046 74 349 1047 78 349 1048 71 349 1049 74 350 1050 81 350 1051 5 350 1052 72 351 1053 79 351 1054 73 351 1055 80 352 1056 1 352 1057 75 352 1058 76 353 1059 1 353 1060 2 353 1061 3 354 1062 76 354 1063 2 354 1064 81 355 1065 3 355 1066 4 355 1067 7 356 1068 78 356 1069 6 356 1070 81 357 1071 4 357 1072 5 357 1073 80 358 1074 7 358 1075 0 358 1076 96 364 1092 103 364 1093 104 364 1094 101 365 1095 102 365 1096 94 365 1097 97 366 1098 104 366 1099 105 366 1100 97 367 1101 106 367 1102 98 367 1103 99 368 1104 106 368 1105 107 368 1106 99 369 1107 108 369 1108 100 369 1109 109 370 1110 100 370 1111 108 370 1112 113 371 1113 103 371 1114 112 371 1115 102 372 1116 110 372 1117 103 372 1118 105 373 1119 111 373 1120 106 373 1121 109 374 1122 110 374 1123 102 374 1124 108 375 1125 114 375 1126 115 375 1127 111 376 1128 114 376 1129 107 376 1130 108 377 1131 116 377 1132 109 377 1133 111 378 1134 118 378 1135 119 378 1136 113 379 1137 118 379 1138 105 379 1139 112 380 1140 121 380 1141 113 380 1142 116 381 1143 117 381 1144 110 381 1145 117 382 1146 120 382 1147 112 382 1148 123 383 1149 119 383 1150 122 383 1151 118 384 1152 122 384 1153 119 384 1154 114 385 1155 124 385 1156 115 385 1157 116 386 1158 124 386 1159 125 386 1160 121 387 1161 128 387 1162 129 387 1163 126 388 1164 128 388 1165 120 388 1166 123 389 1167 130 389 1168 131 389 1169 124 390 1170 131 390 1171 132 390 1172 124 391 1173 133 391 1174 125 391 1175 131 392 1176 137 392 1177 138 392 1178 125 393 1179 133 393 1180 126 393 1181 129 394 1182 135 394 1183 127 394 1184 127 395 1185 135 395 1186 130 395 1187 134 396 1188 136 396 1189 128 396 1190 128 397 1191 136 397 1192 129 397 1193 135 398 1194 137 398 1195 130 398 1196 135 399 1197 141 399 1198 142 399 1199 132 400 1200 139 400 1201 133 400 1202 136 401 1203 141 401 1204 129 401 1205 139 402 1206 143 402 1207 144 402 1208 138 403 1209 143 403 1210 132 403 1211 140 404 1212 139 404 1213 144 404 1214 142 405 1215 148 405 1216 149 405 1217 142 406 1218 146 406 1219 137 406 1220 140 407 1221 147 407 1222 145 407 1223 145 408 1224 148 408 1225 141 408 1226 146 409 1227 149 409 1228 150 409 1229 151 410 1230 146 410 1231 150 410 1232 143 411 1233 151 411 1234 152 411 1235 143 412 1236 153 412 1237 144 412 1238 140 413 1239 153 413 1240 147 413 1241 154 414 1242 156 414 1243 157 414 1244 150 415 1245 155 415 1246 151 415 1247 148 416 1248 157 416 1249 158 416 1250 152 417 1251 161 417 1252 153 417 1253 148 418 1254 158 418 1255 149 418 1256 155 419 1257 160 419 1258 152 419 1259 153 420 1260 156 420 1261 147 420 1262 167 421 1263 163 421 1264 166 421 1265 159 422 1266 164 422 1267 155 422 1268 161 423 1269 162 423 1270 156 423 1271 158 424 1272 166 424 1273 163 424 1274 165 425 1275 169 425 1276 170 425 1277 160 426 1278 168 426 1279 161 426 1280 165 427 1281 171 427 1282 158 427 1283 164 428 1284 173 428 1285 160 428 1286 158 429 1287 171 429 1288 166 429 1289 167 430 1290 172 430 1291 164 430 1292 168 431 1293 173 431 1294 174 431 1295 169 432 1296 168 432 1297 174 432 1298 171 433 1299 95 433 1300 96 433 1301 166 434 1302 175 434 1303 167 434 1304 174 435 1305 94 435 1306 169 435 1307 94 436 1308 95 436 1309 170 436 1310 171 437 1311 97 437 1312 166 437 1313 175 438 1314 97 438 1315 98 438 1316 99 439 1317 175 439 1318 98 439 1319 100 440 1320 172 440 1321 99 440 1322 174 441 1323 100 441 1324 101 441 1325 194 447 1341 197 447 1342 198 447 1343 192 448 1344 197 448 1345 193 448 1346 200 449 1347 196 449 1348 199 449 1349 194 450 1350 198 450 1351 195 450 1352 195 451 1353 196 451 1354 188 451 1355 190 452 1356 200 452 1357 201 452 1358 190 453 1359 202 453 1360 191 453 1361 191 454 1362 203 454 1363 192 454 1364 196 455 1365 204 455 1366 199 455 1367 197 456 1368 206 456 1369 207 456 1370 199 457 1371 205 457 1372 200 457 1373 202 458 1374 206 458 1375 203 458 1376 204 459 1377 209 459 1378 210 459 1379 197 460 1380 207 460 1381 198 460 1382 199 461 1383 208 461 1384 205 461 1385 207 462 1386 209 462 1387 198 462 1388 204 463 1389 208 463 1390 199 463 1391 212 464 1392 208 464 1393 211 464 1394 201 465 1395 212 465 1396 213 465 1397 201 466 1398 214 466 1399 202 466 1400 206 467 1401 214 467 1402 215 467 1403 218 468 1404 215 468 1405 217 468 1406 210 469 1407 211 469 1408 208 469 1409 211 470 1410 216 470 1411 212 470 1412 214 471 1413 217 471 1414 215 471 1415 209 472 1416 218 472 1417 219 472 1418 220 473 1419 209 473 1420 219 473 1421 224 474 1422 216 474 1423 223 474 1424 213 475 1425 222 475 1426 214 475 1427 221 476 1428 223 476 1429 216 476 1430 218 477 1431 225 477 1432 226 477 1433 222 478 1434 225 478 1435 217 478 1436 224 479 1437 231 479 1438 232 479 1439 218 480 1440 226 480 1441 219 480 1442 219 481 1443 227 481 1444 220 481 1445 220 482 1446 227 482 1447 221 482 1448 224 483 1449 229 483 1450 222 483 1451 226 484 1452 230 484 1453 219 484 1454 219 485 1455 230 485 1456 227 485 1457 226 486 1458 233 486 1459 234 486 1460 236 487 1461 235 487 1462 237 487 1463 230 488 1464 235 488 1465 227 488 1466 230 489 1467 237 489 1468 235 489 1469 239 490 1470 236 490 1471 238 490 1472 233 491 1473 240 491 1474 241 491 1475 239 492 1476 244 492 1477 232 492 1478 234 493 1479 242 493 1480 230 493 1481 237 494 1482 238 494 1483 236 494 1484 238 495 1485 243 495 1486 239 495 1487 246 496 1488 241 496 1489 245 496 1490 240 497 1491 245 497 1492 241 497 1493 244 498 1494 251 498 1495 252 498 1496 242 499 1497 247 499 1498 237 499 1499 238 500 1500 248 500 1501 243 500 1502 244 501 1503 249 501 1504 240 501 1505 245 502 1506 250 502 1507 246 502 1508 246 503 1509 250 503 1510 242 503 1511 247 504 1512 248 504 1513 238 504 1514 247 505 1515 254 505 1516 255 505 1517 249 506 1518 253 506 1519 245 506 1520 250 507 1521 254 507 1522 242 507 1523 251 508 1524 256 508 1525 257 508 1526 247 509 1527 255 509 1528 248 509 1529 253 510 1530 259 510 1531 250 510 1532 249 511 1533 258 511 1534 253 511 1535 262 512 1536 254 512 1537 261 512 1538 252 513 1539 260 513 1540 249 513 1541 259 514 1542 261 514 1543 254 514 1544 257 515 1545 263 515 1546 264 515 1547 257 516 1548 265 516 1549 252 516 1550 259 517 1551 266 517 1552 193 517 1553 260 518 1554 266 518 1555 258 518 1556 263 519 1557 262 519 1558 267 519 1559 261 520 1560 267 520 1561 262 520 1562 264 521 1563 190 521 1564 265 521 1565 193 522 1566 194 522 1567 261 522 1568 267 523 1569 188 523 1570 263 523 1571 188 524 1572 189 524 1573 264 524 1574 265 525 1575 191 525 1576 260 525 1577 266 526 1578 191 526 1579 192 526 1580 266 527 1581 192 527 1582 193 527 1583 194 528 1584 195 528 1585 267 528 1586 285 534 1602 290 534 1603 291 534 1604 281 535 1605 289 535 1606 282 535 1607 283 536 1608 290 536 1609 284 536 1610 292 537 1611 285 537 1612 291 537 1613 287 538 1614 292 538 1615 293 538 1616 287 539 1617 288 539 1618 280 539 1619 295 540 1620 288 540 1621 294 540 1622 290 541 1623 296 541 1624 297 541 1625 289 542 1626 296 542 1627 283 542 1628 295 543 1629 299 543 1630 289 543 1631 290 544 1632 297 544 1633 291 544 1634 293 545 1635 294 545 1636 288 545 1637 294 546 1638 298 546 1639 295 546 1640 292 547 1641 300 547 1642 301 547 1643 297 548 1644 300 548 1645 291 548 1646 302 549 1647 292 549 1648 301 549 1649 296 550 1650 305 550 1651 297 550 1652 294 551 1653 303 551 1654 298 551 1655 302 552 1656 303 552 1657 294 552 1658 301 553 1659 306 553 1660 302 553 1661 308 554 1662 303 554 1663 307 554 1664 299 555 1665 308 555 1666 309 555 1667 305 556 1668 311 556 1669 300 556 1670 304 557 1671 310 557 1672 305 557 1673 306 558 1674 313 558 1675 314 558 1676 300 559 1677 311 559 1678 301 559 1679 306 560 1680 307 560 1681 303 560 1682 307 561 1683 312 561 1684 308 561 1685 311 562 1686 313 562 1687 301 562 1688 310 563 1689 316 563 1690 317 563 1691 311 564 1692 317 564 1693 318 564 1694 320 565 1695 312 565 1696 319 565 1697 314 566 1698 315 566 1699 307 566 1700 315 567 1701 319 567 1702 312 567 1703 313 568 1704 323 568 1705 314 568 1706 316 569 1707 321 569 1708 317 569 1709 318 570 1710 322 570 1711 313 570 1712 328 571 1713 324 571 1714 327 571 1715 314 572 1716 323 572 1717 315 572 1718 320 573 1719 325 573 1720 316 573 1721 316 574 1722 325 574 1723 321 574 1724 318 575 1725 326 575 1726 322 575 1727 323 576 1728 324 576 1729 315 576 1730 320 577 1731 328 577 1732 329 577 1733 322 578 1734 332 578 1735 323 578 1736 320 579 1737 329 579 1738 325 579 1739 326 580 1740 331 580 1741 322 580 1742 324 581 1743 332 581 1744 327 581 1745 337 582 1746 330 582 1747 336 582 1748 327 583 1749 333 583 1750 328 583 1751 329 584 1752 334 584 1753 325 584 1754 327 585 1755 335 585 1756 333 585 1757 334 586 1758 336 586 1759 330 586 1760 327 587 1761 338 587 1762 335 587 1763 331 588 1764 338 588 1765 332 588 1766 333 589 1767 340 589 1768 329 589 1769 334 590 1770 340 590 1771 341 590 1772 337 591 1773 343 591 1774 331 591 1775 336 592 1776 342 592 1777 337 592 1778 335 593 1779 346 593 1780 344 593 1781 331 594 1782 343 594 1783 338 594 1784 335 595 1785 344 595 1786 339 595 1787 341 596 1788 345 596 1789 336 596 1790 340 597 1791 347 597 1792 348 597 1793 349 598 1794 340 598 1795 348 598 1796 347 599 1797 352 599 1798 353 599 1799 345 600 1800 350 600 1801 342 600 1802 343 601 1803 351 601 1804 346 601 1805 346 602 1806 351 602 1807 344 602 1808 349 603 1809 356 603 1810 357 603 1811 349 604 1812 354 604 1813 345 604 1814 350 605 1815 355 605 1816 343 605 1817 343 606 1818 355 606 1819 351 606 1820 353 607 1821 356 607 1822 348 607 1823 354 608 1824 357 608 1825 358 608 1826 353 609 1827 360 609 1828 361 609 1829 354 610 1830 358 610 1831 350 610 1832 355 611 1833 359 611 1834 351 611 1835 360 612 1836 359 612 1837 363 612 1838 355 613 1839 363 613 1840 359 613 1841 361 614 1842 282 614 1843 356 614 1844 356 615 1845 282 615 1846 357 615 1847 357 616 1848 284 616 1849 358 616 1850 358 617 1851 284 617 1852 362 617 1853 362 618 1854 286 618 1855 355 618 1856 363 619 1857 280 619 1858 360 619 1859 280 620 1860 281 620 1861 361 620 1862 282 621 1863 283 621 1864 357 621 1865 286 622 1866 287 622 1867 363 622 1868 386 628 1884 378 628 1885 385 628 1886 377 629 1887 385 629 1888 378 629 1889 379 630 1890 387 630 1891 380 630 1892 383 631 1893 384 631 1894 376 631 1895 390 632 1896 384 632 1897 389 632 1898 392 633 1899 387 633 1900 391 633 1901 386 634 1902 391 634 1903 387 634 1904 385 635 1905 394 635 1906 386 635 1907 388 636 1908 389 636 1909 384 636 1910 390 637 1911 393 637 1912 385 637 1913 392 638 1914 396 638 1915 382 638 1916 391 639 1917 395 639 1918 392 639 1919 397 640 1920 382 640 1921 396 640 1922 399 641 1923 389 641 1924 398 641 1925 393 642 1926 402 642 1927 394 642 1928 397 643 1929 398 643 1930 389 643 1931 399 644 1932 401 644 1933 393 644 1934 399 645 1935 405 645 1936 406 645 1937 400 646 1938 403 646 1939 395 646 1940 395 647 1941 403 647 1942 396 647 1943 396 648 1944 404 648 1945 397 648 1946 406 649 1947 412 649 1948 413 649 1949 403 650 1950 408 650 1951 396 650 1952 396 651 1953 408 651 1954 404 651 1955 407 652 1956 410 652 1957 403 652 1958 408 653 1959 411 653 1960 404 653 1961 414 654 1962 406 654 1963 413 654 1964 409 655 1965 414 655 1966 415 655 1967 416 656 1968 409 656 1969 415 656 1970 411 657 1971 417 657 1972 418 657 1973 412 658 1974 411 658 1975 418 658 1976 413 659 1977 420 659 1978 421 659 1979 415 660 1980 419 660 1981 416 660 1982 416 661 1983 419 661 1984 410 661 1985 417 662 1986 423 662 1987 424 662 1988 413 663 1989 421 663 1990 414 663 1991 414 664 1992 422 664 1993 415 664 1994 415 665 1995 422 665 1996 419 665 1997 419 666 1998 423 666 1999 410 666 2000 418 667 2001 424 667 2002 425 667 2003 420 668 2004 418 668 2005 425 668 2006 424 669 2007 431 669 2008 432 669 2009 421 670 2010 427 670 2011 414 670 2012 414 671 2013 427 671 2014 422 671 2015 422 672 2016 428 672 2017 419 672 2018 425 673 2019 426 673 2020 420 673 2021 428 674 2022 431 674 2023 423 674 2024 424 675 2025 433 675 2026 425 675 2027 429 676 2028 437 676 2029 427 676 2030 426 677 2031 434 677 2032 429 677 2033 430 678 2034 435 678 2035 428 678 2036 433 679 2037 434 679 2038 426 679 2039 434 680 2040 436 680 2041 429 680 2042 430 681 2043 437 681 2044 438 681 2045 441 682 2046 445 682 2047 436 682 2048 435 683 2049 439 683 2050 431 683 2051 432 684 2052 440 684 2053 433 684 2054 440 685 2055 441 685 2056 434 685 2057 437 686 2058 445 686 2059 446 686 2060 441 687 2061 447 687 2062 444 687 2063 437 688 2064 446 688 2065 438 688 2066 443 689 2067 447 689 2068 440 689 2069 442 690 2070 448 690 2071 449 690 2072 450 691 2073 442 691 2074 449 691 2075 445 692 2076 451 692 2077 452 692 2078 447 693 2079 453 693 2080 454 693 2081 450 694 2082 453 694 2083 443 694 2084 451 695 2085 447 695 2086 454 695 2087 448 696 2088 378 696 2089 379 696 2090 452 697 2091 378 697 2092 446 697 2093 449 698 2094 379 698 2095 380 698 2096 453 699 2097 381 699 2098 382 699 2099 449 700 2100 380 700 2101 450 700 2102 454 701 2103 376 701 2104 451 701 2105 376 702 2106 377 702 2107 452 702 2108 453 703 2109 383 703 2110 454 703 2111 477 709 2127 469 709 2128 476 709 2129 468 710 2130 476 710 2131 469 710 2132 474 711 2133 475 711 2134 467 711 2135 473 712 2136 478 712 2137 474 712 2138 480 713 2139 475 713 2140 479 713 2141 471 714 2142 482 714 2143 472 714 2144 477 715 2145 481 715 2146 471 715 2147 478 716 2148 485 716 2149 486 716 2150 478 717 2151 479 717 2152 475 717 2153 479 718 2154 483 718 2155 480 718 2156 476 719 2157 484 719 2158 477 719 2159 482 720 2160 485 720 2161 473 720 2162 482 721 2163 489 721 2164 490 721 2165 483 722 2166 488 722 2167 476 722 2168 476 723 2169 488 723 2170 484 723 2171 494 724 2172 485 724 2173 493 724 2174 486 725 2175 487 725 2176 479 725 2177 487 726 2178 491 726 2179 483 726 2180 488 727 2181 492 727 2182 484 727 2183 497 728 2184 499 728 2185 500 728 2186 491 729 2187 496 729 2188 488 729 2189 495 730 2190 498 730 2191 491 730 2192 501 731 2193 497 731 2194 500 731 2195 502 732 2196 504 732 2197 505 732 2198 493 733 2199 502 733 2200 494 733 2201 501 734 2202 504 734 2203 493 734 2204 503 735 2205 502 735 2206 505 735 2207 507 736 2208 498 736 2209 506 736 2210 503 737 2211 506 737 2212 498 737 2213 501 738 2214 508 738 2215 509 738 2216 499 739 2217 508 739 2218 500 739 2219 505 740 2220 510 740 2221 503 740 2222 501 741 2223 509 741 2224 504 741 2225 507 742 2226 511 742 2227 499 742 2228 504 743 2229 512 743 2230 505 743 2231 518 744 2232 507 744 2233 517 744 2234 510 745 2235 513 745 2236 506 745 2237 511 746 2238 514 746 2239 508 746 2240 508 747 2241 514 747 2242 509 747 2243 509 748 2244 515 748 2245 504 748 2246 504 749 2247 515 749 2248 512 749 2249 513 750 2250 517 750 2251 507 750 2252 512 751 2253 516 751 2254 510 751 2255 514 752 2256 519 752 2257 509 752 2258 515 753 2259 520 753 2260 512 753 2261 522 754 2262 516 754 2263 521 754 2264 519 755 2265 530 755 2266 531 755 2267 518 756 2268 523 756 2269 514 756 2270 514 757 2271 523 757 2272 519 757 2273 519 758 2274 524 758 2275 515 758 2276 515 759 2277 524 759 2278 520 759 2279 520 760 2280 521 760 2281 516 760 2282 521 761 2283 525 761 2284 522 761 2285 517 762 2286 526 762 2287 518 762 2288 525 763 2289 529 763 2290 517 763 2291 517 764 2292 529 764 2293 526 764 2294 524 765 2295 531 765 2296 532 765 2297 524 766 2298 533 766 2299 527 766 2300 527 767 2301 528 767 2302 521 767 2303 528 768 2304 535 768 2305 525 768 2306 538 769 2307 529 769 2308 537 769 2309 525 770 2310 535 770 2311 529 770 2312 526 771 2313 536 771 2314 530 771 2315 533 772 2316 534 772 2317 528 772 2318 535 773 2319 537 773 2320 529 773 2321 535 774 2322 541 774 2323 542 774 2324 536 775 2325 539 775 2326 531 775 2327 532 776 2328 540 776 2329 533 776 2330 540 777 2331 544 777 2332 545 777 2333 538 778 2334 543 778 2335 536 778 2336 541 779 2337 540 779 2338 545 779 2339 470 780 2340 537 780 2341 469 780 2342 542 781 2343 469 781 2344 537 781 2345 474 782 2346 544 782 2347 473 782 2348 543 783 2349 472 783 2350 539 783 2351 545 784 2352 467 784 2353 541 784 2354 467 785 2355 468 785 2356 542 785 2357 470 786 2358 471 786 2359 543 786 2360 472 787 2361 473 787 2362 544 787 2363 5 793 2379 4 793 2380 10 793 2381 0 794 2382 7 794 2383 12 794 2384 9 795 2385 13 795 2386 14 795 2387 2 796 2388 14 796 2389 15 796 2390 10 797 2391 3 797 2392 15 797 2393 12 798 2394 6 798 2395 17 798 2396 14 799 2397 13 799 2398 21 799 2399 14 800 2400 22 800 2401 23 800 2402 16 801 2403 15 801 2404 23 801 2405 17 802 2406 25 802 2407 26 802 2408 21 803 2409 19 803 2410 27 803 2411 27 804 2412 19 804 2413 26 804 2414 32 805 2415 23 805 2416 22 805 2417 24 806 2418 23 806 2419 32 806 2420 24 807 2421 33 807 2422 34 807 2423 25 808 2424 20 808 2425 34 808 2426 31 809 2427 39 809 2428 40 809 2429 41 810 2430 33 810 2431 32 810 2432 34 811 2433 33 811 2434 41 811 2435 38 812 2436 43 812 2437 44 812 2438 37 813 2439 35 813 2440 46 813 2441 38 814 2442 37 814 2443 47 814 2444 55 815 2445 47 815 2446 46 815 2447 43 816 2448 47 816 2449 55 816 2450 56 817 2451 51 817 2452 59 817 2453 56 818 2454 60 818 2455 61 818 2456 64 819 2457 55 819 2458 54 819 2459 51 820 2460 55 820 2461 64 820 2462 60 821 2463 59 821 2464 66 821 2465 61 822 2466 60 822 2467 67 822 2468 69 823 2469 57 823 2470 61 823 2471 62 824 2472 57 824 2473 69 824 2474 64 825 2475 63 825 2476 71 825 2477 66 826 2478 59 826 2479 64 826 2480 67 827 2481 75 827 2482 76 827 2483 9 828 2484 1 828 2485 0 828 2486 68 829 2487 76 829 2488 77 829 2489 72 830 2490 71 830 2491 78 830 2492 74 831 2493 70 831 2494 81 831 2495 80 832 2496 0 832 2497 1 832 2498 76 833 2499 75 833 2500 1 833 2501 3 834 2502 77 834 2503 76 834 2504 81 835 2505 77 835 2506 3 835 2507 7 836 2508 79 836 2509 78 836 2510 80 837 2511 79 837 2512 7 837 2513 96 848 2544 95 848 2545 103 848 2546 97 849 2547 96 849 2548 104 849 2549 97 850 2550 105 850 2551 106 850 2552 99 851 2553 98 851 2554 106 851 2555 99 852 2556 107 852 2557 108 852 2558 109 853 2559 101 853 2560 100 853 2561 113 854 2562 104 854 2563 103 854 2564 108 855 2565 107 855 2566 114 855 2567 108 856 2568 115 856 2569 116 856 2570 111 857 2571 105 857 2572 118 857 2573 112 858 2574 120 858 2575 121 858 2576 123 859 2577 114 859 2578 119 859 2579 114 860 2580 123 860 2581 124 860 2582 116 861 2583 115 861 2584 124 861 2585 121 862 2586 120 862 2587 128 862 2588 123 863 2589 122 863 2590 130 863 2591 124 864 2592 123 864 2593 131 864 2594 124 865 2595 132 865 2596 133 865 2597 131 866 2598 130 866 2599 137 866 2600 135 867 2601 129 867 2602 141 867 2603 139 868 2604 132 868 2605 143 868 2606 140 869 2607 134 869 2608 139 869 2609 142 870 2610 141 870 2611 148 870 2612 146 871 2613 142 871 2614 149 871 2615 151 872 2616 138 872 2617 146 872 2618 143 873 2619 138 873 2620 151 873 2621 143 874 2622 152 874 2623 153 874 2624 140 875 2625 144 875 2626 153 875 2627 154 876 2628 147 876 2629 156 876 2630 148 877 2631 154 877 2632 157 877 2633 152 878 2634 160 878 2635 161 878 2636 153 879 2637 161 879 2638 156 879 2639 167 880 2640 159 880 2641 163 880 2642 165 881 2643 162 881 2644 169 881 2645 165 882 2646 170 882 2647 171 882 2648 164 883 2649 172 883 2650 173 883 2651 168 884 2652 160 884 2653 173 884 2654 169 885 2655 162 885 2656 168 885 2657 171 886 2658 170 886 2659 95 886 2660 171 887 2661 96 887 2662 97 887 2663 175 888 2664 166 888 2665 97 888 2666 99 889 2667 172 889 2668 175 889 2669 100 890 2670 173 890 2671 172 890 2672 174 891 2673 173 891 2674 100 891 2675 194 902 2706 193 902 2707 197 902 2708 200 903 2709 189 903 2710 196 903 2711 190 904 2712 189 904 2713 200 904 2714 190 905 2715 201 905 2716 202 905 2717 191 906 2718 202 906 2719 203 906 2720 196 907 2721 195 907 2722 204 907 2723 197 908 2724 203 908 2725 206 908 2726 204 909 2727 198 909 2728 209 909 2729 204 910 2730 210 910 2731 208 910 2732 212 911 2733 205 911 2734 208 911 2735 201 912 2736 205 912 2737 212 912 2738 201 913 2739 213 913 2740 214 913 2741 206 914 2742 202 914 2743 214 914 2744 218 915 2745 207 915 2746 215 915 2747 209 916 2748 207 916 2749 218 916 2750 220 917 2751 210 917 2752 209 917 2753 224 918 2754 213 918 2755 216 918 2756 218 919 2757 217 919 2758 225 919 2759 224 920 2760 223 920 2761 231 920 2762 226 921 2763 225 921 2764 233 921 2765 236 922 2766 228 922 2767 235 922 2768 239 923 2769 231 923 2770 236 923 2771 233 924 2772 229 924 2773 240 924 2774 239 925 2775 243 925 2776 244 925 2777 246 926 2778 234 926 2779 241 926 2780 244 927 2781 243 927 2782 251 927 2783 247 928 2784 242 928 2785 254 928 2786 251 929 2787 248 929 2788 256 929 2789 253 930 2790 258 930 2791 259 930 2792 262 931 2793 255 931 2794 254 931 2795 257 932 2796 256 932 2797 263 932 2798 257 933 2799 264 933 2800 265 933 2801 259 934 2802 258 934 2803 266 934 2804 263 935 2805 256 935 2806 262 935 2807 264 936 2808 189 936 2809 190 936 2810 265 937 2811 190 937 2812 191 937 2813 266 938 2814 260 938 2815 191 938 2816 285 949 2847 284 949 2848 290 949 2849 292 950 2850 286 950 2851 285 950 2852 287 951 2853 286 951 2854 292 951 2855 287 952 2856 293 952 2857 288 952 2858 295 953 2859 281 953 2860 288 953 2861 290 954 2862 283 954 2863 296 954 2864 295 955 2865 298 955 2866 299 955 2867 292 956 2868 291 956 2869 300 956 2870 302 957 2871 293 957 2872 292 957 2873 296 958 2874 304 958 2875 305 958 2876 302 959 2877 306 959 2878 303 959 2879 308 960 2880 298 960 2881 303 960 2882 299 961 2883 298 961 2884 308 961 2885 305 962 2886 310 962 2887 311 962 2888 306 963 2889 301 963 2890 313 963 2891 310 964 2892 304 964 2893 316 964 2894 311 965 2895 310 965 2896 317 965 2897 320 966 2898 309 966 2899 312 966 2900 313 967 2901 322 967 2902 323 967 2903 328 968 2904 319 968 2905 324 968 2906 320 969 2907 319 969 2908 328 969 2909 322 970 2910 331 970 2911 332 970 2912 324 971 2913 323 971 2914 332 971 2915 337 972 2916 326 972 2917 330 972 2918 327 973 2919 332 973 2920 338 973 2921 333 974 2922 339 974 2923 340 974 2924 334 975 2925 329 975 2926 340 975 2927 337 976 2928 342 976 2929 343 976 2930 335 977 2931 338 977 2932 346 977 2933 340 978 2934 339 978 2935 347 978 2936 349 979 2937 341 979 2938 340 979 2939 347 980 2940 344 980 2941 352 980 2942 349 981 2943 348 981 2944 356 981 2945 354 982 2946 349 982 2947 357 982 2948 353 983 2949 352 983 2950 360 983 2951 360 984 2952 352 984 2953 359 984 2954 386 995 2985 379 995 2986 378 995 2987 379 996 2988 386 996 2989 387 996 2990 383 997 2991 388 997 2992 384 997 2993 390 998 2994 377 998 2995 384 998 2996 392 999 2997 381 999 2998 387 999 2999 385 1000 3000 393 1000 3001 394 1000 3002 392 1001 3003 395 1001 3004 396 1001 3005 397 1002 3006 388 1002 3007 382 1002 3008 399 1003 3009 390 1003 3010 389 1003 3011 393 1004 3012 401 1004 3013 402 1004 3014 399 1005 3015 398 1005 3016 405 1005 3017 406 1006 3018 405 1006 3019 412 1006 3020 414 1007 3021 401 1007 3022 406 1007 3023 409 1008 3024 401 1008 3025 414 1008 3026 416 1009 3027 407 1009 3028 409 1009 3029 411 1010 3030 408 1010 3031 417 1010 3032 412 1011 3033 405 1011 3034 411 1011 3035 413 1012 3036 412 1012 3037 420 1012 3038 417 1013 3039 410 1013 3040 423 1013 3041 418 1014 3042 417 1014 3043 424 1014 3044 420 1015 3045 412 1015 3046 418 1015 3047 424 1016 3048 423 1016 3049 431 1016 3050 424 1017 3051 432 1017 3052 433 1017 3053 429 1018 3054 436 1018 3055 437 1018 3056 430 1019 3057 427 1019 3058 437 1019 3059 441 1020 3060 444 1020 3061 445 1020 3062 437 1021 3063 436 1021 3064 445 1021 3065 441 1022 3066 440 1022 3067 447 1022 3068 442 1023 3069 438 1023 3070 448 1023 3071 450 1024 3072 439 1024 3073 442 1024 3074 445 1025 3075 444 1025 3076 451 1025 3077 447 1026 3078 443 1026 3079 453 1026 3080 451 1027 3081 444 1027 3082 447 1027 3083 448 1028 3084 446 1028 3085 378 1028 3086 449 1029 3087 448 1029 3088 379 1029 3089 453 1030 3090 450 1030 3091 381 1030 3092 453 1031 3093 382 1031 3094 383 1031 3095 477 1042 3126 470 1042 3127 469 1042 3128 474 1043 3129 478 1043 3130 475 1043 3131 480 1044 3132 468 1044 3133 475 1044 3134 471 1045 3135 481 1045 3136 482 1045 3137 478 1046 3138 473 1046 3139 485 1046 3140 482 1047 3141 481 1047 3142 489 1047 3143 494 1048 3144 486 1048 3145 485 1048 3146 497 1049 3147 492 1049 3148 499 1049 3149 501 1050 3150 490 1050 3151 497 1050 3152 502 1051 3153 493 1051 3154 504 1051 3155 503 1052 3156 495 1052 3157 502 1052 3158 507 1053 3159 496 1053 3160 498 1053 3161 501 1054 3162 500 1054 3163 508 1054 3164 505 1055 3165 512 1055 3166 510 1055 3167 518 1056 3168 511 1056 3169 507 1056 3170 512 1057 3171 520 1057 3172 516 1057 3173 522 1058 3174 513 1058 3175 516 1058 3176 519 1059 3177 523 1059 3178 530 1059 3179 524 1060 3180 519 1060 3181 531 1060 3182 524 1061 3183 532 1061 3184 533 1061 3185 527 1062 3186 533 1062 3187 528 1062 3188 528 1063 3189 534 1063 3190 535 1063 3191 538 1064 3192 526 1064 3193 529 1064 3194 535 1065 3195 534 1065 3196 541 1065 3197 540 1066 3198 532 1066 3199 544 1066 3200 541 1067 3201 534 1067 3202 540 1067 3203 470 1068 3204 538 1068 3205 537 1068 3206 474 1069 3207 545 1069 3208 544 1069 3209</p>
        </triangles>
        <triangles material="rim_005-material" count="108">
          <input semantic="VERTEX" source="#tire_stack_6_a200-mesh-vertices" offset="0"/>
          <input semantic="NORMAL" source="#tire_stack_6_a200-mesh-normals" offset="1"/>
          <input semantic="TEXCOORD" source="#tire_stack_6_a200-mesh-map-0" offset="2" set="0"/>
          <p>85 39 117 86 39 118 84 39 119 89 40 120 90 40 121 88 40 122 93 41 123 82 41 124 92 41 125 179 84 252 180 84 253 178 84 254 183 85 255 184 85 256 182 85 257 187 86 258 176 86 259 186 86 260 271 128 384 272 128 385 270 128 386 275 129 387 276 129 388 274 129 389 279 130 390 268 130 391 278 130 392 367 174 522 368 174 523 366 174 524 371 175 525 372 175 526 370 175 527 375 176 528 364 176 529 374 176 530 458 222 666 459 222 667 457 222 668 462 223 669 463 223 670 461 223 671 466 224 672 455 224 673 465 224 674 549 276 828 550 276 829 548 276 830 553 277 831 554 277 832 552 277 833 557 278 834 546 278 835 556 278 836 83 359 1077 85 359 1078 84 359 1079 87 360 1080 89 360 1081 88 360 1082 91 361 1083 93 361 1084 92 361 1085 87 362 1086 83 362 1087 90 362 1088 90 363 1089 82 363 1090 87 363 1091 177 442 1326 179 442 1327 178 442 1328 181 443 1329 183 443 1330 182 443 1331 185 444 1332 187 444 1333 186 444 1334 181 445 1335 177 445 1336 184 445 1337 184 446 1338 176 446 1339 181 446 1340 269 529 1587 271 529 1588 270 529 1589 273 530 1590 275 530 1591 274 530 1592 277 531 1593 279 531 1594 278 531 1595 273 532 1596 269 532 1597 276 532 1598 276 533 1599 268 533 1600 273 533 1601 365 623 1869 367 623 1870 366 623 1871 369 624 1872 371 624 1873 370 624 1874 373 625 1875 375 625 1876 374 625 1877 369 626 1878 365 626 1879 372 626 1880 372 627 1881 364 627 1882 369 627 1883 456 704 2112 458 704 2113 457 704 2114 460 705 2115 462 705 2116 461 705 2117 464 706 2118 466 706 2119 465 706 2120 460 707 2121 456 707 2122 463 707 2123 463 708 2124 455 708 2125 460 708 2126 547 788 2364 549 788 2365 548 788 2366 551 789 2367 553 789 2368 552 789 2369 555 790 2370 557 790 2371 556 790 2372 551 791 2373 547 791 2374 554 791 2375 554 792 2376 546 792 2377 551 792 2378 83 838 2514 82 838 2515 90 838 2516 82 839 2517 93 839 2518 91 839 2519 90 840 2520 82 840 2521 91 840 2522 90 841 2523 89 841 2524 87 841 2525 87 842 2526 86 842 2527 83 842 2528 86 843 2529 85 843 2530 83 843 2531 82 844 2532 83 844 2533 87 844 2534 83 845 2535 84 845 2536 86 845 2537 87 846 2538 88 846 2539 90 846 2540 91 847 2541 92 847 2542 82 847 2543 177 892 2676 176 892 2677 184 892 2678 176 893 2679 187 893 2680 185 893 2681 184 894 2682 176 894 2683 185 894 2684 184 895 2685 183 895 2686 181 895 2687 181 896 2688 180 896 2689 177 896 2690 180 897 2691 179 897 2692 177 897 2693 176 898 2694 177 898 2695 181 898 2696 177 899 2697 178 899 2698 180 899 2699 181 900 2700 182 900 2701 184 900 2702 185 901 2703 186 901 2704 176 901 2705 269 939 2817 268 939 2818 276 939 2819 268 940 2820 279 940 2821 277 940 2822 276 941 2823 268 941 2824 277 941 2825 276 942 2826 275 942 2827 273 942 2828 273 943 2829 272 943 2830 269 943 2831 272 944 2832 271 944 2833 269 944 2834 268 945 2835 269 945 2836 273 945 2837 269 946 2838 270 946 2839 272 946 2840 273 947 2841 274 947 2842 276 947 2843 277 948 2844 278 948 2845 268 948 2846 365 985 2955 364 985 2956 372 985 2957 364 986 2958 375 986 2959 373 986 2960 372 987 2961 364 987 2962 373 987 2963 372 988 2964 371 988 2965 369 988 2966 369 989 2967 368 989 2968 365 989 2969 368 990 2970 367 990 2971 365 990 2972 364 991 2973 365 991 2974 369 991 2975 365 992 2976 366 992 2977 368 992 2978 369 993 2979 370 993 2980 372 993 2981 373 994 2982 374 994 2983 364 994 2984 456 1032 3096 455 1032 3097 463 1032 3098 455 1033 3099 466 1033 3100 464 1033 3101 463 1034 3102 455 1034 3103 464 1034 3104 463 1035 3105 462 1035 3106 460 1035 3107 460 1036 3108 459 1036 3109 456 1036 3110 459 1037 3111 458 1037 3112 456 1037 3113 455 1038 3114 456 1038 3115 460 1038 3116 456 1039 3117 457 1039 3118 459 1039 3119 460 1040 3120 461 1040 3121 463 1040 3122 464 1041 3123 465 1041 3124 455 1041 3125 547 1070 3210 546 1070 3211 554 1070 3212 546 1071 3213 557 1071 3214 555 1071 3215 554 1072 3216 546 1072 3217 555 1072 3218 554 1073 3219 553 1073 3220 551 1073 3221 551 1074 3222 550 1074 3223 547 1074 3224 550 1075 3225 549 1075 3226 547 1075 3227 546 1076 3228 547 1076 3229 551 1076 3230 547 1077 3231 548 1077 3232 550 1077 3233 551 1078 3234 552 1078 3235 554 1078 3236 555 1079 3237 556 1079 3238 546 1079 3239</p>
        </triangles>
      </mesh>
    </geometry>
    <geometry id="Colmesh_stack-1-mesh" name="Colmesh_stack-1">
      <mesh>
        <source id="Colmesh_stack-1-mesh-positions">
          <float_array id="Colmesh_stack-1-mesh-positions-array" count="48">0 0.38 0 0 0.38 1.3248 0.2687005 0.2687005 0 0.2687005 0.2687005 1.3248 0.38 0 0 0.38 0 1.3248 0.2687005 -0.2687005 0 0.2687005 -0.2687005 1.3248 0 -0.38 0 0 -0.38 1.3248 -0.2687005 -0.2687005 0 -0.2687005 -0.2687005 1.3248 -0.38 0 0 -0.38 0 1.3248 -0.2687005 0.2687005 0 -0.2687005 0.2687005 1.3248</float_array>
          <technique_common>
            <accessor source="#Colmesh_stack-1-mesh-positions-array" count="16" stride="3">
              <param name="X" type="float"/>
              <param name="Y" type="float"/>
              <param name="Z" type="float"/>
            </accessor>
          </technique_common>
        </source>
        <source id="Colmesh_stack-1-mesh-normals">
          <float_array id="Colmesh_stack-1-mesh-normals-array" count="84">0.3826834 0.9238795 0 0.9238795 0.3826834 0 0.9238795 -0.3826834 0 0.3826834 -0.9238795 0 -0.3826834 -0.9238795 0 -0.9238795 -0.3826834 0 0 0 1 -0.9238795 0.3826834 0 -0.3826834 0.9238795 0 0 0 -1 0.3826834 0.9238795 0 0.9238795 0.3826834 0 0.9238795 -0.3826834 0 0.3826834 -0.9238795 0 -0.3826834 -0.9238795 0 -0.9238795 -0.3826834 0 0 0 1 0 0 1 0 0 1 0 0 1 0 0 1 -0.9238795 0.3826834 0 -0.3826834 0.9238795 0 0 0 -1 0 0 -1 0 0 -1 0 0 -1 0 0 -1</float_array>
          <technique_common>
            <accessor source="#Colmesh_stack-1-mesh-normals-array" count="28" stride="3">
              <param name="X" type="float"/>
              <param name="Y" type="float"/>
              <param name="Z" type="float"/>
            </accessor>
          </technique_common>
        </source>
        <source id="Colmesh_stack-1-mesh-map-0">
          <float_array id="Colmesh_stack-1-mesh-map-0-array" count="168">1 1 0.875 0.5 1 0.5 0.875 1 0.75 0.5 0.875 0.5 0.75 1 0.625 0.5 0.75 0.5 0.625 1 0.5 0.5 0.625 0.5 0.5 1 0.375 0.5 0.5 0.5 0.375 1 0.25 0.5 0.375 0.5 0.4197056 0.08029437 0.49 0.25 0.00999999 0.25 0.25 1 0.125 0.5 0.25 0.5 0.125 1 0 0.5 0.125 0.5 0.51 0.25 0.5802944 0.4197056 0.9197056 0.08029437 1 1 0.875 1 0.875 0.5 0.875 1 0.75 1 0.75 0.5 0.75 1 0.625 1 0.625 0.5 0.625 1 0.5 1 0.5 0.5 0.5 1 0.375 1 0.375 0.5 0.375 1 0.25 1 0.25 0.5 0.49 0.25 0.4197056 0.4197056 0.25 0.49 0.25 0.49 0.08029437 0.4197056 0.49 0.25 0.08029437 0.4197056 0.00999999 0.25 0.49 0.25 0.00999999 0.25 0.08029437 0.08029437 0.25 0.00999999 0.25 0.00999999 0.4197056 0.08029437 0.00999999 0.25 0.25 1 0.125 1 0.125 0.5 0.125 1 0 1 0 0.5 0.5802944 0.4197056 0.75 0.49 0.9197056 0.4197056 0.9197056 0.4197056 0.99 0.25 0.5802944 0.4197056 0.99 0.25 0.9197056 0.08029437 0.5802944 0.4197056 0.9197056 0.08029437 0.75 0.00999999 0.5802944 0.08029437 0.5802944 0.08029437 0.51 0.25 0.9197056 0.08029437</float_array>
          <technique_common>
            <accessor source="#Colmesh_stack-1-mesh-map-0-array" count="84" stride="2">
              <param name="S" type="float"/>
              <param name="T" type="float"/>
            </accessor>
          </technique_common>
        </source>
        <vertices id="Colmesh_stack-1-mesh-vertices">
          <input semantic="POSITION" source="#Colmesh_stack-1-mesh-positions"/>
        </vertices>
        <triangles material="Colmesh_Material-material" count="28">
          <input semantic="VERTEX" source="#Colmesh_stack-1-mesh-vertices" offset="0"/>
          <input semantic="NORMAL" source="#Colmesh_stack-1-mesh-normals" offset="1"/>
          <input semantic="TEXCOORD" source="#Colmesh_stack-1-mesh-map-0" offset="2" set="0"/>
          <p>1 0 0 2 0 1 0 0 2 3 1 3 4 1 4 2 1 5 5 2 6 6 2 7 4 2 8 7 3 9 8 3 10 6 3 11 9 4 12 10 4 13 8 4 14 11 5 15 12 5 16 10 5 17 7 6 18 5 6 19 13 6 20 13 7 21 14 7 22 12 7 23 15 8 24 0 8 25 14 8 26 12 9 27 14 9 28 6 9 29 1 10 30 3 10 31 2 10 32 3 11 33 5 11 34 4 11 35 5 12 36 7 12 37 6 12 38 7 13 39 9 13 40 8 13 41 9 14 42 11 14 43 10 14 44 11 15 45 13 15 46 12 15 47 5 16 48 3 16 49 1 16 50 1 17 51 15 17 52 5 17 53 15 18 54 13 18 55 5 18 56 13 19 57 11 19 58 9 19 59 9 20 60 7 20 61 13 20 62 13 21 63 15 21 64 14 21 65 15 22 66 1 22 67 0 22 68 14 23 69 0 23 70 2 23 71 2 24 72 4 24 73 14 24 74 4 25 75 6 25 76 14 25 77 6 26 78 8 26 79 10 26 80 10 27 81 12 27 82 6 27 83</p>
        </triangles>
      </mesh>
    </geometry>
    <geometry id="tire_stack_6_a800-mesh" name="tire_stack_6_a800">
      <mesh>
        <source id="tire_stack_6_a800-mesh-positions">
          <float_array id="tire_stack_6_a800-mesh-positions-array" count="3312">0.38 0 0.12 0.3565685 0 0.1963675 0.3 0 0.228 0.2434315 0 0.1963675 0.22 0 0.12 0.2434315 0 0.04363244 0.3 0 0.01199996 0.3565685 0 0.04363244 0.3614014 0.1174264 0.12 0.3391168 0.1101857 0.1963675 0.285317 0.09270507 0.228 0.2315171 0.07522439 0.1963675 0.2092324 0.06798368 0.12 0.2315171 0.07522439 0.04363244 0.285317 0.09270507 0.01199996 0.3391168 0.1101857 0.04363244 0.3074265 0.2233583 0.12 0.28847 0.2095857 0.1963675 0.2427051 0.1763355 0.228 0.1969402 0.1430854 0.1963675 0.1779837 0.1293128 0.12 0.1969402 0.1430854 0.04363244 0.2427051 0.1763355 0.01199996 0.28847 0.2095857 0.04363244 0.2233583 0.3074265 0.12 0.2095857 0.28847 0.1963675 0.1763355 0.2427051 0.228 0.1430854 0.1969402 0.1963675 0.1293127 0.1779837 0.12 0.1430854 0.1969402 0.04363244 0.1763355 0.2427051 0.01199996 0.2095857 0.28847 0.04363244 0.1174265 0.3614014 0.12 0.1101858 0.3391168 0.1963675 0.09270513 0.285317 0.228 0.07522445 0.231517 0.1963675 0.06798374 0.2092324 0.12 0.07522445 0.231517 0.04363244 0.09270513 0.285317 0.01199996 0.1101858 0.3391168 0.04363244 0 0.38 0.12 0 0.3565685 0.1963675 0 0.3 0.228 0 0.2434315 0.1963675 0 0.22 0.12 0 0.2434315 0.04363244 0 0.3 0.01199996 0 0.3565685 0.04363244 -0.1174265 0.3614014 0.12 -0.1101858 0.3391168 0.1963675 -0.09270507 0.285317 0.228 -0.07522445 0.231517 0.1963675 -0.06798374 0.2092324 0.12 -0.07522445 0.231517 0.04363244 -0.09270507 0.285317 0.01199996 -0.1101858 0.3391168 0.04363244 -0.2233584 0.3074264 0.12 -0.2095857 0.28847 0.1963675 -0.1763356 0.2427051 0.228 -0.1430854 0.1969401 0.1963675 -0.1293128 0.1779837 0.12 -0.1430854 0.1969401 0.04363244 -0.1763356 0.2427051 0.01199996 -0.2095857 0.28847 0.04363244 -0.3074265 0.2233583 0.12 -0.2884701 0.2095856 0.1963675 -0.2427051 0.1763355 0.228 -0.1969402 0.1430853 0.1963675 -0.1779838 0.1293127 0.12 -0.1969402 0.1430853 0.04363244 -0.2427051 0.1763355 0.01199996 -0.2884701 0.2095856 0.04363244 -0.3614014 0.1174265 0.12 -0.3391168 0.1101858 0.1963675 -0.285317 0.09270507 0.228 -0.231517 0.07522445 0.1963675 -0.2092324 0.06798374 0.12 -0.231517 0.07522445 0.04363244 -0.285317 0.09270507 0.01199996 -0.3391168 0.1101858 0.04363244 -0.38 0 0.12 -0.3565685 0 0.1963675 -0.3 0 0.228 -0.2434315 0 0.1963675 -0.22 0 0.12 -0.2434315 0 0.04363244 -0.3 0 0.01199996 -0.3565685 0 0.04363244 -0.3614015 -0.1174263 0.12 -0.3391169 -0.1101856 0.1963675 -0.285317 -0.09270495 0.228 -0.2315171 -0.07522433 0.1963675 -0.2092325 -0.06798362 0.12 -0.2315171 -0.07522433 0.04363244 -0.285317 -0.09270495 0.01199996 -0.3391169 -0.1101856 0.04363244 -0.3074265 -0.2233583 0.12 -0.2884701 -0.2095856 0.1963675 -0.2427051 -0.1763355 0.228 -0.1969402 -0.1430853 0.1963675 -0.1779838 -0.1293127 0.12 -0.1969402 -0.1430853 0.04363244 -0.2427051 -0.1763355 0.01199996 -0.2884701 -0.2095856 0.04363244 -0.2233584 -0.3074264 0.12 -0.2095857 -0.28847 0.1963675 -0.1763356 -0.2427051 0.228 -0.1430854 -0.1969401 0.1963675 -0.1293128 -0.1779837 0.12 -0.1430854 -0.1969401 0.04363244 -0.1763356 -0.2427051 0.01199996 -0.2095857 -0.28847 0.04363244 -0.1174265 -0.3614014 0.12 -0.1101858 -0.3391168 0.1963675 -0.09270507 -0.285317 0.228 -0.07522445 -0.231517 0.1963675 -0.06798374 -0.2092324 0.12 -0.07522445 -0.231517 0.04363244 -0.09270507 -0.285317 0.01199996 -0.1101858 -0.3391168 0.04363244 0 -0.38 0.12 0 -0.3565685 0.1963675 0 -0.3 0.228 0 -0.2434315 0.1963675 0 -0.22 0.12 0 -0.2434315 0.04363244 0 -0.3 0.01199996 0 -0.3565685 0.04363244 0.1174265 -0.3614014 0.12 0.1101858 -0.3391168 0.1963675 0.09270513 -0.285317 0.228 0.07522445 -0.231517 0.1963675 0.06798374 -0.2092324 0.12 0.07522445 -0.231517 0.04363244 0.09270513 -0.285317 0.01199996 0.1101858 -0.3391168 0.04363244 0.2233582 -0.3074266 0.12 0.2095856 -0.2884702 0.1963675 0.1763354 -0.2427052 0.228 0.1430853 -0.1969403 0.1963675 0.1293126 -0.1779838 0.12 0.1430853 -0.1969403 0.04363244 0.1763354 -0.2427052 0.01199996 0.2095856 -0.2884702 0.04363244 0.3074263 -0.2233585 0.12 0.2884699 -0.2095859 0.1963675 0.242705 -0.1763357 0.228 0.1969401 -0.1430855 0.1963675 0.1779837 -0.1293128 0.12 0.1969401 -0.1430855 0.04363244 0.242705 -0.1763357 0.01199996 0.2884699 -0.2095859 0.04363244 0.3614014 -0.1174266 0.12 0.3391168 -0.1101858 0.1963675 0.285317 -0.09270519 0.228 0.231517 -0.07522451 0.1963675 0.2092324 -0.0679838 0.12 0.231517 -0.07522451 0.04363244 0.285317 -0.09270519 0.01199996 0.3391168 -0.1101858 0.04363244 0 0.22 0.09999996 0 0.22 0.14 0.11 0.1905255 0.09999996 0.11 0.1905255 0.14 0.1905255 0.11 0.09999996 0.1905255 0.11 0.14 0.22 0 0.09999996 0.22 0 0.14 0.1905255 -0.11 0.09999996 0.1905255 -0.11 0.14 0.11 -0.1905255 0.09999996 0.11 -0.1905255 0.14 0 -0.22 0.09999996 0 -0.22 0.14 -0.11 -0.1905255 0.09999996 -0.11 -0.1905255 0.14 -0.1905255 -0.11 0.09999996 -0.1905255 -0.11 0.14 -0.22 0 0.09999996 -0.22 0 0.14 -0.1905255 0.11 0.09999996 -0.1905255 0.11 0.14 -0.11 0.1905255 0.09999996 -0.11 0.1905255 0.14 0.38 0 0.3408 0.3565685 0 0.4171675 0.3 0 0.4488 0.2434315 0 0.4171675 0.22 0 0.3408 0.2434315 0 0.2644324 0.3 0 0.2328 0.3565685 0 0.2644324 0.3614014 0.1174264 0.3408 0.3391168 0.1101857 0.4171675 0.285317 0.09270507 0.4488 0.2315171 0.07522439 0.4171675 0.2092324 0.06798368 0.3408 0.2315171 0.07522439 0.2644324 0.285317 0.09270507 0.2328 0.3391168 0.1101857 0.2644324 0.3074265 0.2233583 0.3408 0.28847 0.2095857 0.4171675 0.2427051 0.1763355 0.4488 0.1969402 0.1430854 0.4171675 0.1779837 0.1293128 0.3408 0.1969402 0.1430854 0.2644324 0.2427051 0.1763355 0.2328 0.28847 0.2095857 0.2644324 0.2233583 0.3074265 0.3408 0.2095857 0.28847 0.4171675 0.1763355 0.2427051 0.4488 0.1430854 0.1969402 0.4171675 0.1293127 0.1779837 0.3408 0.1430854 0.1969402 0.2644324 0.1763355 0.2427051 0.2328 0.2095857 0.28847 0.2644324 0.1174265 0.3614014 0.3408 0.1101858 0.3391168 0.4171675 0.09270513 0.285317 0.4488 0.07522445 0.231517 0.4171675 0.06798374 0.2092324 0.3408 0.07522445 0.231517 0.2644324 0.09270513 0.285317 0.2328 0.1101858 0.3391168 0.2644324 0 0.38 0.3408 0 0.3565685 0.4171675 0 0.3 0.4488 0 0.2434315 0.4171675 0 0.22 0.3408 0 0.2434315 0.2644324 0 0.3 0.2328 0 0.3565685 0.2644324 -0.1174265 0.3614014 0.3408 -0.1101858 0.3391168 0.4171675 -0.09270507 0.285317 0.4488 -0.07522445 0.231517 0.4171675 -0.06798374 0.2092324 0.3408 -0.07522445 0.231517 0.2644324 -0.09270507 0.285317 0.2328 -0.1101858 0.3391168 0.2644324 -0.2233584 0.3074264 0.3408 -0.2095857 0.28847 0.4171675 -0.1763356 0.2427051 0.4488 -0.1430854 0.1969401 0.4171675 -0.1293128 0.1779837 0.3408 -0.1430854 0.1969401 0.2644324 -0.1763356 0.2427051 0.2328 -0.2095857 0.28847 0.2644324 -0.3074265 0.2233583 0.3408 -0.2884701 0.2095856 0.4171675 -0.2427051 0.1763355 0.4488 -0.1969402 0.1430853 0.4171675 -0.1779838 0.1293127 0.3408 -0.1969402 0.1430853 0.2644324 -0.2427051 0.1763355 0.2328 -0.2884701 0.2095856 0.2644324 -0.3614014 0.1174265 0.3408 -0.3391168 0.1101858 0.4171675 -0.285317 0.09270507 0.4488 -0.231517 0.07522445 0.4171675 -0.2092324 0.06798374 0.3408 -0.231517 0.07522445 0.2644324 -0.285317 0.09270507 0.2328 -0.3391168 0.1101858 0.2644324 -0.38 0 0.3408 -0.3565685 0 0.4171675 -0.3 0 0.4488 -0.2434315 0 0.4171675 -0.22 0 0.3408 -0.2434315 0 0.2644324 -0.3 0 0.2328 -0.3565685 0 0.2644324 -0.3614015 -0.1174263 0.3408 -0.3391169 -0.1101856 0.4171675 -0.285317 -0.09270495 0.4488 -0.2315171 -0.07522433 0.4171675 -0.2092325 -0.06798362 0.3408 -0.2315171 -0.07522433 0.2644324 -0.285317 -0.09270495 0.2328 -0.3391169 -0.1101856 0.2644324 -0.3074265 -0.2233583 0.3408 -0.2884701 -0.2095856 0.4171675 -0.2427051 -0.1763355 0.4488 -0.1969402 -0.1430853 0.4171675 -0.1779838 -0.1293127 0.3408 -0.1969402 -0.1430853 0.2644324 -0.2427051 -0.1763355 0.2328 -0.2884701 -0.2095856 0.2644324 -0.2233584 -0.3074264 0.3408 -0.2095857 -0.28847 0.4171675 -0.1763356 -0.2427051 0.4488 -0.1430854 -0.1969401 0.4171675 -0.1293128 -0.1779837 0.3408 -0.1430854 -0.1969401 0.2644324 -0.1763356 -0.2427051 0.2328 -0.2095857 -0.28847 0.2644324 -0.1174265 -0.3614014 0.3408 -0.1101858 -0.3391168 0.4171675 -0.09270507 -0.285317 0.4488 -0.07522445 -0.231517 0.4171675 -0.06798374 -0.2092324 0.3408 -0.07522445 -0.231517 0.2644324 -0.09270507 -0.285317 0.2328 -0.1101858 -0.3391168 0.2644324 0 -0.38 0.3408 0 -0.3565685 0.4171675 0 -0.3 0.4488 0 -0.2434315 0.4171675 0 -0.22 0.3408 0 -0.2434315 0.2644324 0 -0.3 0.2328 0 -0.3565685 0.2644324 0.1174265 -0.3614014 0.3408 0.1101858 -0.3391168 0.4171675 0.09270513 -0.285317 0.4488 0.07522445 -0.231517 0.4171675 0.06798374 -0.2092324 0.3408 0.07522445 -0.231517 0.2644324 0.09270513 -0.285317 0.2328 0.1101858 -0.3391168 0.2644324 0.2233582 -0.3074266 0.3408 0.2095856 -0.2884702 0.4171675 0.1763354 -0.2427052 0.4488 0.1430853 -0.1969403 0.4171675 0.1293126 -0.1779838 0.3408 0.1430853 -0.1969403 0.2644324 0.1763354 -0.2427052 0.2328 0.2095856 -0.2884702 0.2644324 0.3074263 -0.2233585 0.3408 0.2884699 -0.2095859 0.4171675 0.242705 -0.1763357 0.4488 0.1969401 -0.1430855 0.4171675 0.1779837 -0.1293128 0.3408 0.1969401 -0.1430855 0.2644324 0.242705 -0.1763357 0.2328 0.2884699 -0.2095859 0.2644324 0.3614014 -0.1174266 0.3408 0.3391168 -0.1101858 0.4171675 0.285317 -0.09270519 0.4488 0.231517 -0.07522451 0.4171675 0.2092324 -0.0679838 0.3408 0.231517 -0.07522451 0.2644324 0.285317 -0.09270519 0.2328 0.3391168 -0.1101858 0.2644324 0 0.22 0.3208 0 0.22 0.3608 0.11 0.1905255 0.3208 0.11 0.1905255 0.3608 0.1905255 0.11 0.3208 0.1905255 0.11 0.3608 0.22 0 0.3208 0.22 0 0.3608 0.1905255 -0.11 0.3208 0.1905255 -0.11 0.3608 0.11 -0.1905255 0.3208 0.11 -0.1905255 0.3608 0 -0.22 0.3208 0 -0.22 0.3608 -0.11 -0.1905255 0.3208 -0.11 -0.1905255 0.3608 -0.1905255 -0.11 0.3208 -0.1905255 -0.11 0.3608 -0.22 0 0.3208 -0.22 0 0.3608 -0.1905255 0.11 0.3208 -0.1905255 0.11 0.3608 -0.11 0.1905255 0.3208 -0.11 0.1905255 0.3608 0.38 0 0.5616 0.3565685 0 0.6379676 0.3 0 0.6696 0.2434315 0 0.6379676 0.22 0 0.5616 0.2434315 0 0.4852325 0.3 0 0.4536 0.3565685 0 0.4852325 0.3614014 0.1174264 0.5616 0.3391168 0.1101857 0.6379676 0.285317 0.09270507 0.6696 0.2315171 0.07522439 0.6379676 0.2092324 0.06798368 0.5616 0.2315171 0.07522439 0.4852325 0.285317 0.09270507 0.4536 0.3391168 0.1101857 0.4852325 0.3074265 0.2233583 0.5616 0.28847 0.2095857 0.6379676 0.2427051 0.1763355 0.6696 0.1969402 0.1430854 0.6379676 0.1779837 0.1293128 0.5616 0.1969402 0.1430854 0.4852325 0.2427051 0.1763355 0.4536 0.28847 0.2095857 0.4852325 0.2233583 0.3074265 0.5616 0.2095857 0.28847 0.6379676 0.1763355 0.2427051 0.6696 0.1430854 0.1969402 0.6379676 0.1293127 0.1779837 0.5616 0.1430854 0.1969402 0.4852325 0.1763355 0.2427051 0.4536 0.2095857 0.28847 0.4852325 0.1174265 0.3614014 0.5616 0.1101858 0.3391168 0.6379676 0.09270513 0.285317 0.6696 0.07522445 0.231517 0.6379676 0.06798374 0.2092324 0.5616 0.07522445 0.231517 0.4852325 0.09270513 0.285317 0.4536 0.1101858 0.3391168 0.4852325 0 0.38 0.5616 0 0.3565685 0.6379676 0 0.3 0.6696 0 0.2434315 0.6379676 0 0.22 0.5616 0 0.2434315 0.4852325 0 0.3 0.4536 0 0.3565685 0.4852325 -0.1174265 0.3614014 0.5616 -0.1101858 0.3391168 0.6379676 -0.09270507 0.285317 0.6696 -0.07522445 0.231517 0.6379676 -0.06798374 0.2092324 0.5616 -0.07522445 0.231517 0.4852325 -0.09270507 0.285317 0.4536 -0.1101858 0.3391168 0.4852325 -0.2233584 0.3074264 0.5616 -0.2095857 0.28847 0.6379676 -0.1763356 0.2427051 0.6696 -0.1430854 0.1969401 0.6379676 -0.1293128 0.1779837 0.5616 -0.1430854 0.1969401 0.4852325 -0.1763356 0.2427051 0.4536 -0.2095857 0.28847 0.4852325 -0.3074265 0.2233583 0.5616 -0.2884701 0.2095856 0.6379676 -0.2427051 0.1763355 0.6696 -0.1969402 0.1430853 0.6379676 -0.1779838 0.1293127 0.5616 -0.1969402 0.1430853 0.4852325 -0.2427051 0.1763355 0.4536 -0.2884701 0.2095856 0.4852325 -0.3614014 0.1174265 0.5616 -0.3391168 0.1101858 0.6379676 -0.285317 0.09270507 0.6696 -0.231517 0.07522445 0.6379676 -0.2092324 0.06798374 0.5616 -0.231517 0.07522445 0.4852325 -0.285317 0.09270507 0.4536 -0.3391168 0.1101858 0.4852325 -0.38 0 0.5616 -0.3565685 0 0.6379676 -0.3 0 0.6696 -0.2434315 0 0.6379676 -0.22 0 0.5616 -0.2434315 0 0.4852325 -0.3 0 0.4536 -0.3565685 0 0.4852325 -0.3614015 -0.1174263 0.5616 -0.3391169 -0.1101856 0.6379676 -0.285317 -0.09270495 0.6696 -0.2315171 -0.07522433 0.6379676 -0.2092325 -0.06798362 0.5616 -0.2315171 -0.07522433 0.4852325 -0.285317 -0.09270495 0.4536 -0.3391169 -0.1101856 0.4852325 -0.3074265 -0.2233583 0.5616 -0.2884701 -0.2095856 0.6379676 -0.2427051 -0.1763355 0.6696 -0.1969402 -0.1430853 0.6379676 -0.1779838 -0.1293127 0.5616 -0.1969402 -0.1430853 0.4852325 -0.2427051 -0.1763355 0.4536 -0.2884701 -0.2095856 0.4852325 -0.2233584 -0.3074264 0.5616 -0.2095857 -0.28847 0.6379676 -0.1763356 -0.2427051 0.6696 -0.1430854 -0.1969401 0.6379676 -0.1293128 -0.1779837 0.5616 -0.1430854 -0.1969401 0.4852325 -0.1763356 -0.2427051 0.4536 -0.2095857 -0.28847 0.4852325 -0.1174265 -0.3614014 0.5616 -0.1101858 -0.3391168 0.6379676 -0.09270507 -0.285317 0.6696 -0.07522445 -0.231517 0.6379676 -0.06798374 -0.2092324 0.5616 -0.07522445 -0.231517 0.4852325 -0.09270507 -0.285317 0.4536 -0.1101858 -0.3391168 0.4852325 0 -0.38 0.5616 0 -0.3565685 0.6379676 0 -0.3 0.6696 0 -0.2434315 0.6379676 0 -0.22 0.5616 0 -0.2434315 0.4852325 0 -0.3 0.4536 0 -0.3565685 0.4852325 0.1174265 -0.3614014 0.5616 0.1101858 -0.3391168 0.6379676 0.09270513 -0.285317 0.6696 0.07522445 -0.231517 0.6379676 0.06798374 -0.2092324 0.5616 0.07522445 -0.231517 0.4852325 0.09270513 -0.285317 0.4536 0.1101858 -0.3391168 0.4852325 0.2233582 -0.3074266 0.5616 0.2095856 -0.2884702 0.6379676 0.1763354 -0.2427052 0.6696 0.1430853 -0.1969403 0.6379676 0.1293126 -0.1779838 0.5616 0.1430853 -0.1969403 0.4852325 0.1763354 -0.2427052 0.4536 0.2095856 -0.2884702 0.4852325 0.3074263 -0.2233585 0.5616 0.2884699 -0.2095859 0.6379676 0.242705 -0.1763357 0.6696 0.1969401 -0.1430855 0.6379676 0.1779837 -0.1293128 0.5616 0.1969401 -0.1430855 0.4852325 0.242705 -0.1763357 0.4536 0.2884699 -0.2095859 0.4852325 0.3614014 -0.1174266 0.5616 0.3391168 -0.1101858 0.6379676 0.285317 -0.09270519 0.6696 0.231517 -0.07522451 0.6379676 0.2092324 -0.0679838 0.5616 0.231517 -0.07522451 0.4852325 0.285317 -0.09270519 0.4536 0.3391168 -0.1101858 0.4852325 0 0.22 0.5416001 0 0.22 0.5816 0.11 0.1905255 0.5416001 0.11 0.1905255 0.5816 0.1905255 0.11 0.5416001 0.1905255 0.11 0.5816 0.22 0 0.5416001 0.22 0 0.5816 0.1905255 -0.11 0.5416001 0.1905255 -0.11 0.5816 0.11 -0.1905255 0.5416001 0.11 -0.1905255 0.5816 0 -0.22 0.5416001 0 -0.22 0.5816 -0.11 -0.1905255 0.5416001 -0.11 -0.1905255 0.5816 -0.1905255 -0.11 0.5416001 -0.1905255 -0.11 0.5816 -0.22 0 0.5416001 -0.22 0 0.5816 -0.1905255 0.11 0.5416001 -0.1905255 0.11 0.5816 -0.11 0.1905255 0.5416001 -0.11 0.1905255 0.5816 0.38 0 0.7824 0.3565685 0 0.8587676 0.3 0 0.8904 0.2434315 0 0.8587676 0.22 0 0.7824 0.2434315 0 0.7060325 0.3 0 0.6744 0.3565685 0 0.7060325 0.3614014 0.1174264 0.7824 0.3391168 0.1101857 0.8587676 0.285317 0.09270507 0.8904 0.2315171 0.07522439 0.8587676 0.2092324 0.06798368 0.7824 0.2315171 0.07522439 0.7060325 0.285317 0.09270507 0.6744 0.3391168 0.1101857 0.7060325 0.3074265 0.2233583 0.7824 0.28847 0.2095857 0.8587676 0.2427051 0.1763355 0.8904 0.1969402 0.1430854 0.8587676 0.1779837 0.1293128 0.7824 0.1969402 0.1430854 0.7060325 0.2427051 0.1763355 0.6744 0.28847 0.2095857 0.7060325 0.2233583 0.3074265 0.7824 0.2095857 0.28847 0.8587676 0.1763355 0.2427051 0.8904 0.1430854 0.1969402 0.8587676 0.1293127 0.1779837 0.7824 0.1430854 0.1969402 0.7060325 0.1763355 0.2427051 0.6744 0.2095857 0.28847 0.7060325 0.1174265 0.3614014 0.7824 0.1101858 0.3391168 0.8587676 0.09270513 0.285317 0.8904 0.07522445 0.231517 0.8587676 0.06798374 0.2092324 0.7824 0.07522445 0.231517 0.7060325 0.09270513 0.285317 0.6744 0.1101858 0.3391168 0.7060325 0 0.38 0.7824 0 0.3565685 0.8587676 0 0.3 0.8904 0 0.2434315 0.8587676 0 0.22 0.7824 0 0.2434315 0.7060325 0 0.3 0.6744 0 0.3565685 0.7060325 -0.1174265 0.3614014 0.7824 -0.1101858 0.3391168 0.8587676 -0.09270507 0.285317 0.8904 -0.07522445 0.231517 0.8587676 -0.06798374 0.2092324 0.7824 -0.07522445 0.231517 0.7060325 -0.09270507 0.285317 0.6744 -0.1101858 0.3391168 0.7060325 -0.2233584 0.3074264 0.7824 -0.2095857 0.28847 0.8587676 -0.1763356 0.2427051 0.8904 -0.1430854 0.1969401 0.8587676 -0.1293128 0.1779837 0.7824 -0.1430854 0.1969401 0.7060325 -0.1763356 0.2427051 0.6744 -0.2095857 0.28847 0.7060325 -0.3074265 0.2233583 0.7824 -0.2884701 0.2095856 0.8587676 -0.2427051 0.1763355 0.8904 -0.1969402 0.1430853 0.8587676 -0.1779838 0.1293127 0.7824 -0.1969402 0.1430853 0.7060325 -0.2427051 0.1763355 0.6744 -0.2884701 0.2095856 0.7060325 -0.3614014 0.1174265 0.7824 -0.3391168 0.1101858 0.8587676 -0.285317 0.09270507 0.8904 -0.231517 0.07522445 0.8587676 -0.2092324 0.06798374 0.7824 -0.231517 0.07522445 0.7060325 -0.285317 0.09270507 0.6744 -0.3391168 0.1101858 0.7060325 -0.38 0 0.7824 -0.3565685 0 0.8587676 -0.3 0 0.8904 -0.2434315 0 0.8587676 -0.22 0 0.7824 -0.2434315 0 0.7060325 -0.3 0 0.6744 -0.3565685 0 0.7060325 -0.3614015 -0.1174263 0.7824 -0.3391169 -0.1101856 0.8587676 -0.285317 -0.09270495 0.8904 -0.2315171 -0.07522433 0.8587676 -0.2092325 -0.06798362 0.7824 -0.2315171 -0.07522433 0.7060325 -0.285317 -0.09270495 0.6744 -0.3391169 -0.1101856 0.7060325 -0.3074265 -0.2233583 0.7824 -0.2884701 -0.2095856 0.8587676 -0.2427051 -0.1763355 0.8904 -0.1969402 -0.1430853 0.8587676 -0.1779838 -0.1293127 0.7824 -0.1969402 -0.1430853 0.7060325 -0.2427051 -0.1763355 0.6744 -0.2884701 -0.2095856 0.7060325 -0.2233584 -0.3074264 0.7824 -0.2095857 -0.28847 0.8587676 -0.1763356 -0.2427051 0.8904 -0.1430854 -0.1969401 0.8587676 -0.1293128 -0.1779837 0.7824 -0.1430854 -0.1969401 0.7060325 -0.1763356 -0.2427051 0.6744 -0.2095857 -0.28847 0.7060325 -0.1174265 -0.3614014 0.7824 -0.1101858 -0.3391168 0.8587676 -0.09270507 -0.285317 0.8904 -0.07522445 -0.231517 0.8587676 -0.06798374 -0.2092324 0.7824 -0.07522445 -0.231517 0.7060325 -0.09270507 -0.285317 0.6744 -0.1101858 -0.3391168 0.7060325 0 -0.38 0.7824 0 -0.3565685 0.8587676 0 -0.3 0.8904 0 -0.2434315 0.8587676 0 -0.22 0.7824 0 -0.2434315 0.7060325 0 -0.3 0.6744 0 -0.3565685 0.7060325 0.1174265 -0.3614014 0.7824 0.1101858 -0.3391168 0.8587676 0.09270513 -0.285317 0.8904 0.07522445 -0.231517 0.8587676 0.06798374 -0.2092324 0.7824 0.07522445 -0.231517 0.7060325 0.09270513 -0.285317 0.6744 0.1101858 -0.3391168 0.7060325 0.2233582 -0.3074266 0.7824 0.2095856 -0.2884702 0.8587676 0.1763354 -0.2427052 0.8904 0.1430853 -0.1969403 0.8587676 0.1293126 -0.1779838 0.7824 0.1430853 -0.1969403 0.7060325 0.1763354 -0.2427052 0.6744 0.2095856 -0.2884702 0.7060325 0.3074263 -0.2233585 0.7824 0.2884699 -0.2095859 0.8587676 0.242705 -0.1763357 0.8904 0.1969401 -0.1430855 0.8587676 0.1779837 -0.1293128 0.7824 0.1969401 -0.1430855 0.7060325 0.242705 -0.1763357 0.6744 0.2884699 -0.2095859 0.7060325 0.3614014 -0.1174266 0.7824 0.3391168 -0.1101858 0.8587676 0.285317 -0.09270519 0.8904 0.231517 -0.07522451 0.8587676 0.2092324 -0.0679838 0.7824 0.231517 -0.07522451 0.7060325 0.285317 -0.09270519 0.6744 0.3391168 -0.1101858 0.7060325 0 0.22 0.7624 0 0.22 0.8024 0.11 0.1905255 0.7624 0.11 0.1905255 0.8024 0.1905255 0.11 0.7624 0.1905255 0.11 0.8024 0.22 0 0.7624 0.22 0 0.8024 0.1905255 -0.11 0.7624 0.1905255 -0.11 0.8024 0.11 -0.1905255 0.7624 0.11 -0.1905255 0.8024 0 -0.22 0.7624 0 -0.22 0.8024 -0.11 -0.1905255 0.7624 -0.11 -0.1905255 0.8024 -0.1905255 -0.11 0.7624 -0.1905255 -0.11 0.8024 -0.22 0 0.7624 -0.22 0 0.8024 -0.1905255 0.11 0.7624 -0.1905255 0.11 0.8024 -0.11 0.1905255 0.7624 -0.11 0.1905255 0.8024 0.38 0 1.0032 0.3565685 0 1.079568 0.3 0 1.1112 0.2434315 0 1.079568 0.22 0 1.0032 0.2434315 0 0.9268325 0.3 0 0.8952001 0.3565685 0 0.9268325 0.3614014 0.1174264 1.0032 0.3391168 0.1101857 1.079568 0.285317 0.09270507 1.1112 0.2315171 0.07522439 1.079568 0.2092324 0.06798368 1.0032 0.2315171 0.07522439 0.9268325 0.285317 0.09270507 0.8952001 0.3391168 0.1101857 0.9268325 0.3074265 0.2233583 1.0032 0.28847 0.2095857 1.079568 0.2427051 0.1763355 1.1112 0.1969402 0.1430854 1.079568 0.1779837 0.1293128 1.0032 0.1969402 0.1430854 0.9268325 0.2427051 0.1763355 0.8952001 0.28847 0.2095857 0.9268325 0.2233583 0.3074265 1.0032 0.2095857 0.28847 1.079568 0.1763355 0.2427051 1.1112 0.1430854 0.1969402 1.079568 0.1293127 0.1779837 1.0032 0.1430854 0.1969402 0.9268325 0.1763355 0.2427051 0.8952001 0.2095857 0.28847 0.9268325 0.1174265 0.3614014 1.0032 0.1101858 0.3391168 1.079568 0.09270513 0.285317 1.1112 0.07522445 0.231517 1.079568 0.06798374 0.2092324 1.0032 0.07522445 0.231517 0.9268325 0.09270513 0.285317 0.8952001 0.1101858 0.3391168 0.9268325 0 0.38 1.0032 0 0.3565685 1.079568 0 0.3 1.1112 0 0.2434315 1.079568 0 0.22 1.0032 0 0.2434315 0.9268325 0 0.3 0.8952001 0 0.3565685 0.9268325 -0.1174265 0.3614014 1.0032 -0.1101858 0.3391168 1.079568 -0.09270507 0.285317 1.1112 -0.07522445 0.231517 1.079568 -0.06798374 0.2092324 1.0032 -0.07522445 0.231517 0.9268325 -0.09270507 0.285317 0.8952001 -0.1101858 0.3391168 0.9268325 -0.2233584 0.3074264 1.0032 -0.2095857 0.28847 1.079568 -0.1763356 0.2427051 1.1112 -0.1430854 0.1969401 1.079568 -0.1293128 0.1779837 1.0032 -0.1430854 0.1969401 0.9268325 -0.1763356 0.2427051 0.8952001 -0.2095857 0.28847 0.9268325 -0.3074265 0.2233583 1.0032 -0.2884701 0.2095856 1.079568 -0.2427051 0.1763355 1.1112 -0.1969402 0.1430853 1.079568 -0.1779838 0.1293127 1.0032 -0.1969402 0.1430853 0.9268325 -0.2427051 0.1763355 0.8952001 -0.2884701 0.2095856 0.9268325 -0.3614014 0.1174265 1.0032 -0.3391168 0.1101858 1.079568 -0.285317 0.09270507 1.1112 -0.231517 0.07522445 1.079568 -0.2092324 0.06798374 1.0032 -0.231517 0.07522445 0.9268325 -0.285317 0.09270507 0.8952001 -0.3391168 0.1101858 0.9268325 -0.38 0 1.0032 -0.3565685 0 1.079568 -0.3 0 1.1112 -0.2434315 0 1.079568 -0.22 0 1.0032 -0.2434315 0 0.9268325 -0.3 0 0.8952001 -0.3565685 0 0.9268325 -0.3614015 -0.1174263 1.0032 -0.3391169 -0.1101856 1.079568 -0.285317 -0.09270495 1.1112 -0.2315171 -0.07522433 1.079568 -0.2092325 -0.06798362 1.0032 -0.2315171 -0.07522433 0.9268325 -0.285317 -0.09270495 0.8952001 -0.3391169 -0.1101856 0.9268325 -0.3074265 -0.2233583 1.0032 -0.2884701 -0.2095856 1.079568 -0.2427051 -0.1763355 1.1112 -0.1969402 -0.1430853 1.079568 -0.1779838 -0.1293127 1.0032 -0.1969402 -0.1430853 0.9268325 -0.2427051 -0.1763355 0.8952001 -0.2884701 -0.2095856 0.9268325 -0.2233584 -0.3074264 1.0032 -0.2095857 -0.28847 1.079568 -0.1763356 -0.2427051 1.1112 -0.1430854 -0.1969401 1.079568 -0.1293128 -0.1779837 1.0032 -0.1430854 -0.1969401 0.9268325 -0.1763356 -0.2427051 0.8952001 -0.2095857 -0.28847 0.9268325 -0.1174265 -0.3614014 1.0032 -0.1101858 -0.3391168 1.079568 -0.09270507 -0.285317 1.1112 -0.07522445 -0.231517 1.079568 -0.06798374 -0.2092324 1.0032 -0.07522445 -0.231517 0.9268325 -0.09270507 -0.285317 0.8952001 -0.1101858 -0.3391168 0.9268325 0 -0.38 1.0032 0 -0.3565685 1.079568 0 -0.3 1.1112 0 -0.2434315 1.079568 0 -0.22 1.0032 0 -0.2434315 0.9268325 0 -0.3 0.8952001 0 -0.3565685 0.9268325 0.1174265 -0.3614014 1.0032 0.1101858 -0.3391168 1.079568 0.09270513 -0.285317 1.1112 0.07522445 -0.231517 1.079568 0.06798374 -0.2092324 1.0032 0.07522445 -0.231517 0.9268325 0.09270513 -0.285317 0.8952001 0.1101858 -0.3391168 0.9268325 0.2233582 -0.3074266 1.0032 0.2095856 -0.2884702 1.079568 0.1763354 -0.2427052 1.1112 0.1430853 -0.1969403 1.079568 0.1293126 -0.1779838 1.0032 0.1430853 -0.1969403 0.9268325 0.1763354 -0.2427052 0.8952001 0.2095856 -0.2884702 0.9268325 0.3074263 -0.2233585 1.0032 0.2884699 -0.2095859 1.079568 0.242705 -0.1763357 1.1112 0.1969401 -0.1430855 1.079568 0.1779837 -0.1293128 1.0032 0.1969401 -0.1430855 0.9268325 0.242705 -0.1763357 0.8952001 0.2884699 -0.2095859 0.9268325 0.3614014 -0.1174266 1.0032 0.3391168 -0.1101858 1.079568 0.285317 -0.09270519 1.1112 0.231517 -0.07522451 1.079568 0.2092324 -0.0679838 1.0032 0.231517 -0.07522451 0.9268325 0.285317 -0.09270519 0.8952001 0.3391168 -0.1101858 0.9268325 0 0.22 0.9832001 0 0.22 1.0232 0.11 0.1905255 0.9832001 0.11 0.1905255 1.0232 0.1905255 0.11 0.9832001 0.1905255 0.11 1.0232 0.22 0 0.9832001 0.22 0 1.0232 0.1905255 -0.11 0.9832001 0.1905255 -0.11 1.0232 0.11 -0.1905255 0.9832001 0.11 -0.1905255 1.0232 0 -0.22 0.9832001 0 -0.22 1.0232 -0.11 -0.1905255 0.9832001 -0.11 -0.1905255 1.0232 -0.1905255 -0.11 0.9832001 -0.1905255 -0.11 1.0232 -0.22 0 0.9832001 -0.22 0 1.0232 -0.1905255 0.11 0.9832001 -0.1905255 0.11 1.0232 -0.11 0.1905255 0.9832001 -0.11 0.1905255 1.0232 0.38 0 1.224 0.3565685 0 1.300367 0.3 0 1.332 0.2434315 0 1.300367 0.22 0 1.224 0.2434315 0 1.147632 0.3 0 1.116 0.3565685 0 1.147632 0.3614014 0.1174264 1.224 0.3391168 0.1101857 1.300367 0.285317 0.09270507 1.332 0.2315171 0.07522439 1.300367 0.2092324 0.06798368 1.224 0.2315171 0.07522439 1.147632 0.285317 0.09270507 1.116 0.3391168 0.1101857 1.147632 0.3074265 0.2233583 1.224 0.28847 0.2095857 1.300367 0.2427051 0.1763355 1.332 0.1969402 0.1430854 1.300367 0.1779837 0.1293128 1.224 0.1969402 0.1430854 1.147632 0.2427051 0.1763355 1.116 0.28847 0.2095857 1.147632 0.2233583 0.3074265 1.224 0.2095857 0.28847 1.300367 0.1763355 0.2427051 1.332 0.1430854 0.1969402 1.300367 0.1293127 0.1779837 1.224 0.1430854 0.1969402 1.147632 0.1763355 0.2427051 1.116 0.2095857 0.28847 1.147632 0.1174265 0.3614014 1.224 0.1101858 0.3391168 1.300367 0.09270513 0.285317 1.332 0.07522445 0.231517 1.300367 0.06798374 0.2092324 1.224 0.07522445 0.231517 1.147632 0.09270513 0.285317 1.116 0.1101858 0.3391168 1.147632 0 0.38 1.224 0 0.3565685 1.300367 0 0.3 1.332 0 0.2434315 1.300367 0 0.22 1.224 0 0.2434315 1.147632 0 0.3 1.116 0 0.3565685 1.147632 -0.1174265 0.3614014 1.224 -0.1101858 0.3391168 1.300367 -0.09270507 0.285317 1.332 -0.07522445 0.231517 1.300367 -0.06798374 0.2092324 1.224 -0.07522445 0.231517 1.147632 -0.09270507 0.285317 1.116 -0.1101858 0.3391168 1.147632 -0.2233584 0.3074264 1.224 -0.2095857 0.28847 1.300367 -0.1763356 0.2427051 1.332 -0.1430854 0.1969401 1.300367 -0.1293128 0.1779837 1.224 -0.1430854 0.1969401 1.147632 -0.1763356 0.2427051 1.116 -0.2095857 0.28847 1.147632 -0.3074265 0.2233583 1.224 -0.2884701 0.2095856 1.300367 -0.2427051 0.1763355 1.332 -0.1969402 0.1430853 1.300367 -0.1779838 0.1293127 1.224 -0.1969402 0.1430853 1.147632 -0.2427051 0.1763355 1.116 -0.2884701 0.2095856 1.147632 -0.3614014 0.1174265 1.224 -0.3391168 0.1101858 1.300367 -0.285317 0.09270507 1.332 -0.231517 0.07522445 1.300367 -0.2092324 0.06798374 1.224 -0.231517 0.07522445 1.147632 -0.285317 0.09270507 1.116 -0.3391168 0.1101858 1.147632 -0.38 0 1.224 -0.3565685 0 1.300367 -0.3 0 1.332 -0.2434315 0 1.300367 -0.22 0 1.224 -0.2434315 0 1.147632 -0.3 0 1.116 -0.3565685 0 1.147632 -0.3614015 -0.1174263 1.224 -0.3391169 -0.1101856 1.300367 -0.285317 -0.09270495 1.332 -0.2315171 -0.07522433 1.300367 -0.2092325 -0.06798362 1.224 -0.2315171 -0.07522433 1.147632 -0.285317 -0.09270495 1.116 -0.3391169 -0.1101856 1.147632 -0.3074265 -0.2233583 1.224 -0.2884701 -0.2095856 1.300367 -0.2427051 -0.1763355 1.332 -0.1969402 -0.1430853 1.300367 -0.1779838 -0.1293127 1.224 -0.1969402 -0.1430853 1.147632 -0.2427051 -0.1763355 1.116 -0.2884701 -0.2095856 1.147632 -0.2233584 -0.3074264 1.224 -0.2095857 -0.28847 1.300367 -0.1763356 -0.2427051 1.332 -0.1430854 -0.1969401 1.300367 -0.1293128 -0.1779837 1.224 -0.1430854 -0.1969401 1.147632 -0.1763356 -0.2427051 1.116 -0.2095857 -0.28847 1.147632 -0.1174265 -0.3614014 1.224 -0.1101858 -0.3391168 1.300367 -0.09270507 -0.285317 1.332 -0.07522445 -0.231517 1.300367 -0.06798374 -0.2092324 1.224 -0.07522445 -0.231517 1.147632 -0.09270507 -0.285317 1.116 -0.1101858 -0.3391168 1.147632 0 -0.38 1.224 0 -0.3565685 1.300367 0 -0.3 1.332 0 -0.2434315 1.300367 0 -0.22 1.224 0 -0.2434315 1.147632 0 -0.3 1.116 0 -0.3565685 1.147632 0.1174265 -0.3614014 1.224 0.1101858 -0.3391168 1.300367 0.09270513 -0.285317 1.332 0.07522445 -0.231517 1.300367 0.06798374 -0.2092324 1.224 0.07522445 -0.231517 1.147632 0.09270513 -0.285317 1.116 0.1101858 -0.3391168 1.147632 0.2233582 -0.3074266 1.224 0.2095856 -0.2884702 1.300367 0.1763354 -0.2427052 1.332 0.1430853 -0.1969403 1.300367 0.1293126 -0.1779838 1.224 0.1430853 -0.1969403 1.147632 0.1763354 -0.2427052 1.116 0.2095856 -0.2884702 1.147632 0.3074263 -0.2233585 1.224 0.2884699 -0.2095859 1.300367 0.242705 -0.1763357 1.332 0.1969401 -0.1430855 1.300367 0.1779837 -0.1293128 1.224 0.1969401 -0.1430855 1.147632 0.242705 -0.1763357 1.116 0.2884699 -0.2095859 1.147632 0.3614014 -0.1174266 1.224 0.3391168 -0.1101858 1.300367 0.285317 -0.09270519 1.332 0.231517 -0.07522451 1.300367 0.2092324 -0.0679838 1.224 0.231517 -0.07522451 1.147632 0.285317 -0.09270519 1.116 0.3391168 -0.1101858 1.147632 0 0.22 1.204 0 0.22 1.244 0.11 0.1905255 1.204 0.11 0.1905255 1.244 0.1905255 0.11 1.204 0.1905255 0.11 1.244 0.22 0 1.204 0.22 0 1.244 0.1905255 -0.11 1.204 0.1905255 -0.11 1.244 0.11 -0.1905255 1.204 0.11 -0.1905255 1.244 0 -0.22 1.204 0 -0.22 1.244 -0.11 -0.1905255 1.204 -0.11 -0.1905255 1.244 -0.1905255 -0.11 1.204 -0.1905255 -0.11 1.244 -0.22 0 1.204 -0.22 0 1.244 -0.1905255 0.11 1.204 -0.1905255 0.11 1.244 -0.11 0.1905255 1.204 -0.11 0.1905255 1.244</float_array>
          <technique_common>
            <accessor source="#tire_stack_6_a800-mesh-positions-array" count="1104" stride="3">
              <param name="X" type="float"/>
              <param name="Y" type="float"/>
              <param name="Z" type="float"/>
            </accessor>
          </technique_common>
        </source>
        <source id="tire_stack_6_a800-mesh-normals">
          <float_array id="tire_stack_6_a800-mesh-normals-array" count="6552">0.9452374 0.1497109 0.2900222 0.4866123 0.07707184 0.8702117 -0.4866122 -0.07707178 0.8702118 -0.9452375 -0.1497108 0.2900223 -0.9452374 -0.1497109 -0.2900222 -0.4866122 -0.07707172 -0.8702118 0.4866123 0.07707178 -0.8702117 0.9452374 0.1497109 -0.2900222 0.8527111 0.4344777 0.2900222 0.4389794 0.2236711 0.8702117 -0.4389792 -0.223671 0.8702118 -0.852711 -0.4344779 0.2900223 -0.852711 -0.4344779 -0.2900223 -0.4389792 -0.223671 -0.8702118 0.4389793 0.2236711 -0.8702117 0.8527111 0.4344777 -0.2900222 0.6767151 0.6767155 0.2900221 0.3483757 0.3483759 0.8702117 -0.3483759 -0.3483759 0.8702118 -0.6767152 -0.6767154 0.2900223 -0.6767151 -0.6767154 -0.2900222 -0.3483759 -0.3483759 -0.8702118 0.3483757 0.348376 -0.8702117 0.6767151 0.6767155 -0.2900221 0.4344781 0.8527109 0.2900224 0.2236711 0.4389793 0.8702117 -0.2236711 -0.4389792 0.8702117 -0.4344781 -0.8527109 0.2900223 -0.4344781 -0.8527109 -0.2900223 -0.2236711 -0.4389793 -0.8702117 0.2236711 0.4389792 -0.8702117 0.4344781 0.8527109 -0.2900224 0.1497108 0.9452373 0.2900225 0.07707184 0.4866123 0.8702117 -0.07707184 -0.4866122 0.8702117 -0.1497108 -0.9452373 0.2900223 -0.149711 -0.9452373 -0.2900224 -0.0770719 -0.4866123 -0.8702117 0.0770719 0.4866123 -0.8702117 0.149711 0.9452373 -0.2900225 -0.1497108 0.9452373 0.2900222 -0.0770719 0.4866123 0.8702117 0.07707184 -0.4866123 0.8702118 0.1497109 -0.9452374 0.2900222 0.1497108 -0.9452373 -0.2900222 0.07707184 -0.4866122 -0.8702117 -0.0770719 0.4866123 -0.8702117 -0.1497108 0.9452373 -0.2900222 -0.4344779 0.852711 0.2900224 -0.2236711 0.4389793 0.8702117 0.2236711 -0.4389793 0.8702118 0.434478 -0.852711 0.2900223 0.4344778 -0.852711 -0.2900223 0.2236711 -0.4389793 -0.8702118 -0.223671 0.4389793 -0.8702117 -0.4344779 0.8527109 -0.2900224 -0.6767155 0.676715 0.2900223 -0.348376 0.3483759 0.8702117 0.3483759 -0.3483757 0.8702118 0.6767155 -0.6767151 0.2900223 0.6767154 -0.6767151 -0.2900222 0.3483759 -0.3483758 -0.8702118 -0.348376 0.3483759 -0.8702117 -0.6767155 0.676715 -0.2900223 -0.852711 0.4344779 0.2900221 -0.4389793 0.2236709 0.8702117 0.4389793 -0.2236708 0.8702118 0.8527111 -0.4344777 0.2900223 0.8527111 -0.4344777 -0.2900223 0.4389793 -0.2236709 -0.8702118 -0.4389794 0.223671 -0.8702117 -0.852711 0.4344779 -0.2900221 -0.9452372 0.1497111 0.2900225 -0.4866123 0.0770719 0.8702117 0.4866123 -0.0770719 0.8702117 0.9452373 -0.149711 0.2900223 0.9452373 -0.1497111 -0.2900223 0.4866123 -0.07707184 -0.8702117 -0.4866123 0.07707196 -0.8702117 -0.9452372 0.1497111 -0.2900224 -0.9452375 -0.1497106 0.2900223 -0.4866123 -0.07707166 0.8702117 0.4866122 0.0770716 0.8702118 0.9452375 0.1497106 0.2900223 0.9452375 0.1497106 -0.2900223 0.4866122 0.0770716 -0.8702118 -0.4866123 -0.07707166 -0.8702117 -0.9452375 -0.1497105 -0.2900223 -0.8527112 -0.4344777 0.2900221 -0.4389793 -0.2236709 0.8702118 0.4389793 0.223671 0.8702117 0.8527112 0.4344777 0.2900223 0.8527112 0.4344777 -0.2900223 0.4389793 0.223671 -0.8702117 -0.4389793 -0.2236709 -0.8702118 -0.8527112 -0.4344777 -0.2900221 -0.6767154 -0.6767152 0.2900221 -0.348376 -0.3483759 0.8702117 0.3483759 0.3483757 0.8702118 0.6767154 0.6767151 0.2900223 0.6767154 0.676715 -0.2900223 0.3483759 0.3483757 -0.8702118 -0.348376 -0.3483759 -0.8702117 -0.6767154 -0.6767152 -0.2900221 -0.4344779 -0.8527109 0.2900224 -0.2236711 -0.4389794 0.8702117 0.223671 0.4389792 0.8702118 0.434478 0.852711 0.2900223 0.4344779 0.852711 -0.2900222 0.223671 0.4389793 -0.8702118 -0.2236711 -0.4389794 -0.8702117 -0.4344779 -0.852711 -0.2900223 -0.149711 -0.9452373 0.2900225 -0.0770719 -0.4866123 0.8702117 0.07707178 0.4866123 0.8702117 0.149711 0.9452373 0.2900223 0.149711 0.9452373 -0.2900223 0.07707178 0.4866123 -0.8702117 -0.0770719 -0.4866123 -0.8702117 -0.149711 -0.9452373 -0.2900225 0.1497108 -0.9452373 0.2900222 0.0770719 -0.4866123 0.8702117 -0.07707178 0.4866122 0.8702118 -0.1497108 0.9452373 0.2900222 -0.149711 0.9452373 -0.2900223 -0.07707178 0.4866122 -0.8702118 0.07707184 -0.4866123 -0.8702117 0.149711 -0.9452373 -0.2900222 0.4344778 -0.852711 0.2900225 0.223671 -0.4389793 0.8702118 -0.2236711 0.4389793 0.8702118 -0.434478 0.852711 0.2900223 -0.4344779 0.852711 -0.2900224 -0.2236711 0.4389793 -0.8702117 0.223671 -0.4389793 -0.8702118 0.4344778 -0.852711 -0.2900225 0.676715 -0.6767155 0.2900223 0.3483757 -0.348376 0.8702118 -0.3483756 0.348376 0.8702118 -0.676715 0.6767156 0.290022 -0.676715 0.6767156 -0.290022 -0.3483756 0.348376 -0.8702118 0.3483757 -0.3483761 -0.8702117 0.676715 -0.6767155 -0.2900223 0.8527107 -0.4344784 0.2900221 0.4389792 -0.2236713 0.8702117 -0.4389791 0.2236713 0.8702118 -0.8527108 0.4344783 0.2900223 -0.8527109 0.4344782 -0.2900222 -0.4389791 0.2236713 -0.8702117 0.4389791 -0.2236713 -0.8702117 0.8527109 -0.4344784 -0.2900221 0.9452374 -0.149711 0.2900221 0.4866123 -0.07707184 0.8702117 -0.4866122 0.07707178 0.8702118 -0.9452374 0.1497109 0.2900223 -0.9452374 0.1497109 -0.2900224 -0.4866122 0.07707178 -0.8702117 0.4866123 -0.07707184 -0.8702117 0.9452374 -0.149711 -0.2900221 0.258819 0.9659258 0 0.7071068 0.7071068 0 0.9659258 0.258819 0 0.9659258 -0.258819 0 0.7071068 -0.7071068 0 0.258819 -0.9659258 0 -0.258819 -0.9659258 0 -0.7071068 -0.7071068 0 -0.9659258 -0.258819 0 -0.9659258 0.258819 0 0 0 1 -0.7071068 0.7071068 0 -0.258819 0.9659258 0 0 0 -1 0.9452374 0.149711 0.2900223 0.4866124 0.07707184 0.8702116 -0.4866124 -0.07707178 0.8702117 -0.9452374 -0.1497108 0.2900223 -0.9452374 -0.1497108 -0.2900223 -0.4866124 -0.07707172 -0.8702117 0.4866124 0.07707184 -0.8702116 0.9452374 0.1497109 -0.2900223 0.8527111 0.4344777 0.2900222 0.4389795 0.2236712 0.8702116 -0.4389795 -0.2236711 0.8702117 -0.852711 -0.4344778 0.2900223 -0.852711 -0.4344778 -0.2900223 -0.4389795 -0.2236711 -0.8702117 0.4389795 0.2236712 -0.8702116 0.8527112 0.4344777 -0.2900222 0.6767151 0.6767155 0.2900221 0.3483759 0.3483761 0.8702117 -0.348376 -0.3483761 0.8702116 -0.6767152 -0.6767154 0.2900223 -0.6767151 -0.6767154 -0.2900223 -0.348376 -0.3483761 -0.8702116 0.3483759 0.3483761 -0.8702117 0.6767151 0.6767155 -0.2900221 0.434478 0.8527109 0.2900224 0.2236713 0.4389795 0.8702117 -0.2236712 -0.4389794 0.8702117 -0.4344781 -0.8527109 0.2900223 -0.4344781 -0.8527109 -0.2900224 -0.2236712 -0.4389794 -0.8702117 0.2236713 0.4389794 -0.8702117 0.4344781 0.8527109 -0.2900224 0.1497108 0.9452373 0.2900225 0.0770719 0.4866124 0.8702116 -0.0770719 -0.4866124 0.8702116 -0.1497108 -0.9452373 0.2900224 -0.149711 -0.9452373 -0.2900224 -0.0770719 -0.4866125 -0.8702116 0.0770719 0.4866125 -0.8702116 0.149711 0.9452373 -0.2900226 -0.1497108 0.9452373 0.2900223 -0.0770719 0.4866125 0.8702116 0.0770719 -0.4866124 0.8702116 0.1497108 -0.9452374 0.2900223 0.1497108 -0.9452373 -0.2900223 0.0770719 -0.4866124 -0.8702117 -0.0770719 0.4866125 -0.8702116 -0.149711 0.9452373 -0.2900223 -0.4344779 0.8527109 0.2900224 -0.2236711 0.4389795 0.8702116 0.2236712 -0.4389795 0.8702116 0.4344779 -0.852711 0.2900223 0.4344778 -0.852711 -0.2900223 0.2236711 -0.4389795 -0.8702116 -0.2236711 0.4389795 -0.8702116 -0.4344779 0.8527109 -0.2900225 -0.6767154 0.676715 0.2900224 -0.3483762 0.348376 0.8702116 0.3483761 -0.3483759 0.8702117 0.6767155 -0.676715 0.2900223 0.6767155 -0.676715 -0.2900223 0.3483761 -0.3483759 -0.8702116 -0.3483762 0.348376 -0.8702116 -0.6767155 0.676715 -0.2900223 -0.8527111 0.4344779 0.2900221 -0.4389796 0.223671 0.8702116 0.4389794 -0.223671 0.8702117 0.8527111 -0.4344777 0.2900223 0.852711 -0.4344777 -0.2900223 0.4389794 -0.223671 -0.8702117 -0.4389795 0.223671 -0.8702116 -0.852711 0.4344779 -0.2900221 -0.9452372 0.1497111 0.2900226 -0.4866124 0.07707196 0.8702116 0.4866124 -0.0770719 0.8702116 0.9452373 -0.149711 0.2900224 0.9452373 -0.149711 -0.2900223 0.4866124 -0.07707184 -0.8702116 -0.4866125 0.07707196 -0.8702116 -0.9452372 0.1497111 -0.2900225 -0.9452375 -0.1497106 0.2900223 -0.4866124 -0.07707172 0.8702116 0.4866124 0.0770716 0.8702117 0.9452374 0.1497106 0.2900223 0.9452374 0.1497106 -0.2900223 0.4866124 0.0770716 -0.8702117 -0.4866124 -0.07707172 -0.8702117 -0.9452375 -0.1497105 -0.2900223 -0.8527112 -0.4344776 0.2900221 -0.4389795 -0.223671 0.8702117 0.4389795 0.223671 0.8702116 0.8527112 0.4344776 0.2900223 0.8527111 0.4344776 -0.2900223 0.4389795 0.223671 -0.8702116 -0.4389795 -0.223671 -0.8702117 -0.8527112 -0.4344776 -0.2900221 -0.6767154 -0.6767151 0.2900221 -0.3483762 -0.348376 0.8702116 0.348376 0.3483759 0.8702117 0.6767155 0.676715 0.2900223 0.6767154 0.6767151 -0.2900223 0.348376 0.3483759 -0.8702117 -0.3483761 -0.348376 -0.8702117 -0.6767154 -0.6767151 -0.2900221 -0.4344779 -0.852711 0.2900224 -0.2236712 -0.4389795 0.8702116 0.2236711 0.4389794 0.8702116 0.4344779 0.852711 0.2900223 0.4344779 0.852711 -0.2900222 0.2236711 0.4389794 -0.8702116 -0.2236712 -0.4389795 -0.8702116 -0.4344779 -0.852711 -0.2900224 -0.1497108 -0.9452373 0.2900225 -0.0770719 -0.4866125 0.8702116 0.07707184 0.4866124 0.8702116 0.149711 0.9452373 0.2900223 0.149711 0.9452373 -0.2900223 0.07707184 0.4866125 -0.8702116 -0.0770719 -0.4866125 -0.8702116 -0.149711 -0.9452373 -0.2900225 0.1497108 -0.9452373 0.2900223 0.0770719 -0.4866124 0.8702116 -0.07707178 0.4866124 0.8702117 -0.1497108 0.9452374 0.2900223 -0.149711 0.9452374 -0.2900223 -0.07707178 0.4866124 -0.8702117 0.0770719 -0.4866125 -0.8702116 0.149711 -0.9452373 -0.2900223 0.4344778 -0.852711 0.2900226 0.2236711 -0.4389795 0.8702116 -0.2236711 0.4389793 0.8702116 -0.4344779 0.852711 0.2900224 -0.4344779 0.8527109 -0.2900224 -0.2236712 0.4389795 -0.8702117 0.223671 -0.4389795 -0.8702116 0.4344778 -0.852711 -0.2900226 0.676715 -0.6767155 0.2900223 0.3483759 -0.3483762 0.8702117 -0.3483757 0.3483762 0.8702117 -0.6767148 0.6767157 0.2900221 -0.676715 0.6767156 -0.290022 -0.3483757 0.3483762 -0.8702117 0.3483759 -0.3483762 -0.8702117 0.676715 -0.6767155 -0.2900223 0.8527108 -0.4344784 0.2900221 0.4389793 -0.2236714 0.8702116 -0.4389793 0.2236714 0.8702117 -0.8527109 0.4344782 0.2900222 -0.8527109 0.4344782 -0.2900223 -0.4389793 0.2236713 -0.8702116 0.4389793 -0.2236714 -0.8702116 0.8527109 -0.4344784 -0.2900221 0.9452374 -0.149711 0.2900222 0.4866124 -0.07707184 0.8702116 -0.4866123 0.07707184 0.8702117 -0.9452373 0.1497109 0.2900223 -0.9452373 0.1497111 -0.2900224 -0.4866123 0.07707184 -0.8702116 0.4866124 -0.07707184 -0.8702116 0.9452374 -0.1497109 -0.2900222 0.2588191 0.9659259 0 0.7071068 0.7071068 0 0.9659259 0.2588191 0 0.9659259 -0.2588191 0 0.7071068 -0.7071068 0 0.2588191 -0.9659259 0 -0.2588191 -0.9659259 0 -0.7071068 -0.7071068 0 -0.9659259 -0.2588191 0 -0.9659259 0.2588191 0 0 0 1 -0.7071068 0.7071068 0 -0.2588191 0.9659259 0 0 0 -1 0.9452375 0.1497109 0.2900221 0.4866118 0.07707172 0.870212 -0.4866117 -0.07707166 0.870212 -0.9452375 -0.1497108 0.2900221 -0.9452374 -0.1497108 -0.2900223 -0.4866124 -0.07707172 -0.8702117 0.4866124 0.07707184 -0.8702116 0.9452374 0.1497109 -0.2900223 0.8527112 0.4344778 0.2900221 0.4389789 0.2236709 0.8702119 -0.4389788 -0.2236708 0.8702121 -0.852711 -0.4344779 0.2900223 -0.852711 -0.4344778 -0.2900223 -0.4389795 -0.2236711 -0.8702117 0.4389795 0.2236712 -0.8702116 0.8527112 0.4344777 -0.2900222 0.6767151 0.6767156 0.290022 0.3483754 0.3483756 0.8702121 -0.3483755 -0.3483756 0.870212 -0.6767151 -0.6767154 0.2900221 -0.6767151 -0.6767154 -0.2900223 -0.348376 -0.3483761 -0.8702116 0.3483759 0.3483761 -0.8702117 0.6767151 0.6767155 -0.2900221 0.4344781 0.852711 0.2900223 0.2236709 0.4389788 0.870212 -0.2236709 -0.4389787 0.8702121 -0.4344781 -0.852711 0.2900223 -0.4344781 -0.8527109 -0.2900224 -0.2236712 -0.4389794 -0.8702117 0.2236713 0.4389794 -0.8702117 0.4344781 0.8527109 -0.2900224 0.1497108 0.9452374 0.2900224 0.07707178 0.4866118 0.870212 -0.07707178 -0.4866117 0.870212 -0.1497108 -0.9452374 0.2900223 -0.149711 -0.9452373 -0.2900224 -0.0770719 -0.4866125 -0.8702116 0.0770719 0.4866125 -0.8702116 0.149711 0.9452373 -0.2900226 -0.1497108 0.9452375 0.2900221 -0.07707178 0.4866118 0.870212 0.07707178 -0.4866117 0.870212 0.1497108 -0.9452375 0.2900221 0.1497108 -0.9452373 -0.2900223 0.0770719 -0.4866124 -0.8702117 -0.0770719 0.4866125 -0.8702116 -0.149711 0.9452373 -0.2900223 -0.434478 0.8527109 0.2900224 -0.2236708 0.4389789 0.870212 0.2236708 -0.4389788 0.870212 0.434478 -0.852711 0.2900222 0.4344778 -0.852711 -0.2900223 0.2236711 -0.4389795 -0.8702116 -0.2236711 0.4389795 -0.8702116 -0.4344779 0.8527109 -0.2900225 -0.6767156 0.6767151 0.2900223 -0.3483757 0.3483756 0.870212 0.3483756 -0.3483754 0.870212 0.6767155 -0.6767151 0.2900222 0.6767155 -0.676715 -0.2900223 0.3483761 -0.3483759 -0.8702116 -0.3483762 0.348376 -0.8702116 -0.6767155 0.676715 -0.2900223 -0.852711 0.4344779 0.290022 -0.4389789 0.2236707 0.870212 0.4389788 -0.2236706 0.8702121 0.8527112 -0.4344778 0.2900223 0.852711 -0.4344777 -0.2900223 0.4389794 -0.223671 -0.8702117 -0.4389795 0.223671 -0.8702116 -0.852711 0.4344779 -0.2900221 -0.9452373 0.1497111 0.2900224 -0.4866118 0.07707184 0.870212 0.4866118 -0.07707184 0.870212 0.9452373 -0.1497111 0.2900223 0.9452373 -0.149711 -0.2900223 0.4866124 -0.07707184 -0.8702116 -0.4866125 0.07707196 -0.8702116 -0.9452372 0.1497111 -0.2900225 -0.9452374 -0.1497105 0.2900221 -0.4866118 -0.0770716 0.870212 0.4866117 0.07707154 0.8702121 0.9452375 0.1497106 0.2900221 0.9452374 0.1497106 -0.2900223 0.4866124 0.0770716 -0.8702117 -0.4866124 -0.07707172 -0.8702117 -0.9452375 -0.1497105 -0.2900223 -0.8527112 -0.4344777 0.290022 -0.4389788 -0.2236707 0.870212 0.4389789 0.2236707 0.870212 0.8527112 0.4344777 0.2900223 0.8527111 0.4344776 -0.2900223 0.4389795 0.223671 -0.8702116 -0.4389795 -0.223671 -0.8702117 -0.8527112 -0.4344776 -0.2900221 -0.6767154 -0.6767152 0.2900221 -0.3483756 -0.3483755 0.870212 0.3483756 0.3483754 0.870212 0.6767155 0.676715 0.2900221 0.6767154 0.6767151 -0.2900223 0.348376 0.3483759 -0.8702117 -0.3483761 -0.348376 -0.8702117 -0.6767154 -0.6767151 -0.2900221 -0.4344779 -0.852711 0.2900223 -0.2236709 -0.4389789 0.870212 0.2236708 0.4389788 0.870212 0.4344779 0.852711 0.2900221 0.4344779 0.852711 -0.2900222 0.2236711 0.4389794 -0.8702116 -0.2236712 -0.4389795 -0.8702116 -0.4344779 -0.852711 -0.2900224 -0.149711 -0.9452373 0.2900224 -0.07707178 -0.4866118 0.870212 0.07707172 0.4866117 0.870212 0.149711 0.9452373 0.2900222 0.149711 0.9452373 -0.2900223 0.07707184 0.4866125 -0.8702116 -0.0770719 -0.4866125 -0.8702116 -0.149711 -0.9452373 -0.2900225 0.1497108 -0.9452375 0.2900221 0.07707178 -0.4866118 0.870212 -0.07707166 0.4866117 0.870212 -0.1497108 0.9452374 0.2900221 -0.149711 0.9452374 -0.2900223 -0.07707178 0.4866124 -0.8702117 0.0770719 -0.4866125 -0.8702116 0.149711 -0.9452373 -0.2900223 0.4344778 -0.852711 0.2900224 0.2236707 -0.4389789 0.870212 -0.2236708 0.4389787 0.870212 -0.4344779 0.852711 0.2900223 -0.4344779 0.8527109 -0.2900224 -0.2236712 0.4389795 -0.8702117 0.223671 -0.4389795 -0.8702116 0.4344778 -0.852711 -0.2900226 0.676715 -0.6767155 0.2900221 0.3483753 -0.3483757 0.870212 -0.3483752 0.3483757 0.8702121 -0.676715 0.6767156 0.2900219 -0.676715 0.6767156 -0.290022 -0.3483757 0.3483762 -0.8702117 0.3483759 -0.3483762 -0.8702117 0.676715 -0.6767155 -0.2900223 0.8527108 -0.4344785 0.290022 0.4389787 -0.2236711 0.870212 -0.4389786 0.2236711 0.8702121 -0.8527109 0.4344784 0.2900221 -0.8527109 0.4344782 -0.2900223 -0.4389793 0.2236713 -0.8702116 0.4389793 -0.2236714 -0.8702116 0.8527109 -0.4344784 -0.2900221 0.9452374 -0.149711 0.2900221 0.4866118 -0.07707172 0.870212 -0.4866117 0.07707172 0.8702121 -0.9452373 0.1497109 0.2900223 -0.9452373 0.1497111 -0.2900224 -0.4866123 0.07707184 -0.8702116 0.4866124 -0.07707184 -0.8702116 0.9452374 -0.1497109 -0.2900222 0.258819 0.9659258 0 0.7071068 0.7071068 0 0.9659258 0.258819 0 0.9659258 -0.258819 0 0.7071068 -0.7071068 0 0.258819 -0.9659258 0 -0.258819 -0.9659258 0 -0.7071068 -0.7071068 0 -0.9659258 -0.258819 0 -0.9659258 0.258819 0 0 0 1 -0.7071068 0.7071068 0 -0.258819 0.9659258 0 0 0 -1 0.9452375 0.1497109 0.2900221 0.4866118 0.07707172 0.870212 -0.4866117 -0.07707166 0.870212 -0.9452375 -0.1497108 0.2900221 -0.9452374 -0.1497109 -0.2900221 -0.4866117 -0.07707166 -0.8702121 0.4866118 0.07707172 -0.870212 0.9452375 0.1497109 -0.2900221 0.8527112 0.4344778 0.2900221 0.4389789 0.2236709 0.8702119 -0.4389788 -0.2236708 0.8702121 -0.852711 -0.4344779 0.2900223 -0.852711 -0.4344779 -0.2900222 -0.4389789 -0.2236708 -0.8702121 0.4389789 0.2236709 -0.870212 0.8527112 0.4344778 -0.2900221 0.6767151 0.6767156 0.290022 0.3483754 0.3483756 0.8702121 -0.3483755 -0.3483756 0.870212 -0.6767151 -0.6767154 0.2900221 -0.6767152 -0.6767154 -0.2900221 -0.3483755 -0.3483756 -0.870212 0.3483754 0.3483756 -0.8702121 0.6767151 0.6767156 -0.290022 0.4344781 0.852711 0.2900223 0.2236709 0.4389788 0.870212 -0.2236709 -0.4389787 0.8702121 -0.4344781 -0.852711 0.2900223 -0.4344781 -0.8527109 -0.2900223 -0.2236709 -0.4389788 -0.870212 0.2236709 0.4389788 -0.870212 0.4344781 0.8527109 -0.2900223 0.1497108 0.9452374 0.2900224 0.07707178 0.4866118 0.870212 -0.07707178 -0.4866117 0.870212 -0.1497108 -0.9452374 0.2900223 -0.149711 -0.9452373 -0.2900223 -0.07707178 -0.4866118 -0.870212 0.07707178 0.4866118 -0.870212 0.149711 0.9452373 -0.2900224 -0.1497108 0.9452375 0.2900221 -0.07707178 0.4866118 0.870212 0.07707178 -0.4866117 0.870212 0.1497108 -0.9452375 0.2900221 0.1497108 -0.9452374 -0.2900221 0.07707178 -0.4866117 -0.870212 -0.07707178 0.4866118 -0.870212 -0.1497108 0.9452375 -0.2900221 -0.434478 0.8527109 0.2900224 -0.2236708 0.4389789 0.870212 0.2236708 -0.4389788 0.870212 0.434478 -0.852711 0.2900222 0.4344779 -0.852711 -0.2900222 0.2236709 -0.4389788 -0.870212 -0.2236708 0.4389789 -0.870212 -0.434478 0.852711 -0.2900224 -0.6767156 0.6767151 0.2900223 -0.3483757 0.3483756 0.870212 0.3483756 -0.3483754 0.870212 0.6767155 -0.6767151 0.2900222 0.6767156 -0.6767151 -0.2900221 0.3483756 -0.3483754 -0.870212 -0.3483757 0.3483756 -0.870212 -0.6767156 0.6767151 -0.2900223 -0.852711 0.4344779 0.290022 -0.4389789 0.2236707 0.870212 0.4389788 -0.2236706 0.8702121 0.8527112 -0.4344778 0.2900223 0.8527112 -0.4344778 -0.2900223 0.4389788 -0.2236706 -0.8702121 -0.4389789 0.2236707 -0.870212 -0.8527112 0.4344779 -0.290022 -0.9452373 0.1497111 0.2900224 -0.4866118 0.07707184 0.870212 0.4866118 -0.07707184 0.870212 0.9452373 -0.1497111 0.2900223 0.9452373 -0.1497111 -0.2900223 0.4866118 -0.07707178 -0.870212 -0.4866118 0.07707184 -0.870212 -0.9452373 0.1497111 -0.2900224 -0.9452374 -0.1497105 0.2900221 -0.4866118 -0.0770716 0.870212 0.4866117 0.07707154 0.8702121 0.9452375 0.1497106 0.2900221 0.9452375 0.1497106 -0.2900221 0.4866117 0.07707154 -0.8702121 -0.4866118 -0.0770716 -0.870212 -0.9452375 -0.1497105 -0.2900222 -0.8527112 -0.4344777 0.290022 -0.4389788 -0.2236707 0.870212 0.4389789 0.2236707 0.870212 0.8527112 0.4344777 0.2900223 0.8527112 0.4344777 -0.2900223 0.4389789 0.2236707 -0.870212 -0.4389788 -0.2236707 -0.8702121 -0.8527112 -0.4344776 -0.290022 -0.6767154 -0.6767152 0.2900221 -0.3483756 -0.3483755 0.870212 0.3483756 0.3483754 0.870212 0.6767155 0.676715 0.2900221 0.6767155 0.6767151 -0.2900222 0.3483755 0.3483754 -0.870212 -0.3483756 -0.3483755 -0.870212 -0.6767154 -0.6767152 -0.2900221 -0.4344779 -0.852711 0.2900223 -0.2236709 -0.4389789 0.870212 0.2236708 0.4389788 0.870212 0.4344779 0.852711 0.2900221 0.4344779 0.852711 -0.2900221 0.2236708 0.4389788 -0.870212 -0.2236708 -0.4389789 -0.870212 -0.4344779 -0.8527109 -0.2900223 -0.149711 -0.9452373 0.2900224 -0.07707178 -0.4866118 0.870212 0.07707172 0.4866117 0.870212 0.149711 0.9452373 0.2900222 0.149711 0.9452373 -0.2900222 0.07707172 0.4866117 -0.870212 -0.07707178 -0.4866118 -0.870212 -0.149711 -0.9452373 -0.2900224 0.1497108 -0.9452375 0.2900221 0.07707178 -0.4866118 0.870212 -0.07707166 0.4866117 0.870212 -0.1497108 0.9452374 0.2900221 -0.149711 0.9452373 -0.2900221 -0.07707172 0.4866117 -0.870212 0.07707178 -0.4866118 -0.870212 0.149711 -0.9452374 -0.2900221 0.4344778 -0.852711 0.2900224 0.2236707 -0.4389789 0.870212 -0.2236708 0.4389787 0.870212 -0.4344779 0.852711 0.2900223 -0.4344779 0.852711 -0.2900223 -0.2236708 0.4389788 -0.870212 0.2236708 -0.4389789 -0.870212 0.4344778 -0.852711 -0.2900224 0.676715 -0.6767155 0.2900221 0.3483753 -0.3483757 0.870212 -0.3483752 0.3483757 0.8702121 -0.676715 0.6767156 0.2900219 -0.676715 0.6767157 -0.290022 -0.3483753 0.3483757 -0.8702121 0.3483754 -0.3483757 -0.870212 0.6767151 -0.6767156 -0.2900222 0.8527108 -0.4344785 0.290022 0.4389787 -0.2236711 0.870212 -0.4389786 0.2236711 0.8702121 -0.8527109 0.4344784 0.2900221 -0.8527108 0.4344782 -0.2900221 -0.4389786 0.223671 -0.870212 0.4389787 -0.2236711 -0.870212 0.8527109 -0.4344784 -0.290022 0.9452374 -0.149711 0.2900221 0.4866118 -0.07707172 0.870212 -0.4866117 0.07707172 0.8702121 -0.9452373 0.1497109 0.2900223 -0.9452373 0.1497109 -0.2900223 -0.4866117 0.07707172 -0.8702121 0.4866118 -0.07707172 -0.870212 0.9452374 -0.1497109 -0.2900221 0.258819 0.9659258 0 0.7071068 0.7071068 0 0.9659258 0.258819 0 0.9659258 -0.258819 0 0.7071068 -0.7071068 0 0.258819 -0.9659258 0 -0.258819 -0.9659258 0 -0.7071068 -0.7071068 0 -0.9659258 -0.258819 0 -0.9659258 0.258819 0 0 0 1 -0.7071068 0.7071068 0 -0.258819 0.9659258 0 0 0 -1 0.9452374 0.1497109 0.2900224 0.4866132 0.07707196 0.8702112 -0.486613 -0.0770719 0.8702113 -0.9452373 -0.1497108 0.2900224 -0.9452374 -0.1497109 -0.2900221 -0.4866117 -0.07707166 -0.8702121 0.4866118 0.07707172 -0.870212 0.9452375 0.1497109 -0.2900221 0.8527111 0.4344778 0.2900223 0.4389802 0.2236715 0.8702112 -0.4389801 -0.2236714 0.8702113 -0.852711 -0.4344778 0.2900224 -0.852711 -0.4344779 -0.2900222 -0.4389789 -0.2236708 -0.8702121 0.4389789 0.2236709 -0.870212 0.8527112 0.4344778 -0.2900221 0.676715 0.6767154 0.2900222 0.3483764 0.3483766 0.8702113 -0.3483765 -0.3483766 0.8702113 -0.6767151 -0.6767154 0.2900224 -0.6767152 -0.6767154 -0.2900221 -0.3483755 -0.3483756 -0.870212 0.3483754 0.3483756 -0.8702121 0.6767151 0.6767156 -0.290022 0.434478 0.8527109 0.2900225 0.2236716 0.4389801 0.8702112 -0.2236716 -0.4389801 0.8702112 -0.4344781 -0.8527109 0.2900224 -0.4344781 -0.8527109 -0.2900223 -0.2236709 -0.4389788 -0.870212 0.2236709 0.4389788 -0.870212 0.4344781 0.8527109 -0.2900223 0.1497108 0.9452372 0.2900226 0.07707202 0.4866132 0.8702113 -0.07707202 -0.4866131 0.8702112 -0.1497108 -0.9452374 0.2900225 -0.149711 -0.9452373 -0.2900223 -0.07707178 -0.4866118 -0.870212 0.07707178 0.4866118 -0.870212 0.149711 0.9452373 -0.2900224 -0.1497108 0.9452373 0.2900223 -0.07707202 0.4866132 0.8702113 0.07707202 -0.4866131 0.8702113 0.1497108 -0.9452374 0.2900224 0.1497108 -0.9452374 -0.2900221 0.07707178 -0.4866117 -0.870212 -0.07707178 0.4866118 -0.870212 -0.1497108 0.9452375 -0.2900221 -0.4344779 0.8527109 0.2900226 -0.2236714 0.4389801 0.8702112 0.2236715 -0.4389801 0.8702113 0.4344779 -0.852711 0.2900224 0.4344779 -0.852711 -0.2900222 0.2236709 -0.4389788 -0.870212 -0.2236708 0.4389789 -0.870212 -0.434478 0.852711 -0.2900224 -0.6767154 0.676715 0.2900224 -0.3483766 0.3483765 0.8702111 0.3483766 -0.3483764 0.8702113 0.6767154 -0.676715 0.2900224 0.6767156 -0.6767151 -0.2900221 0.3483756 -0.3483754 -0.870212 -0.3483757 0.3483756 -0.870212 -0.6767156 0.6767151 -0.2900223 -0.852711 0.4344779 0.2900222 -0.4389802 0.2236713 0.8702112 0.4389801 -0.2236713 0.8702113 0.852711 -0.4344777 0.2900224 0.8527112 -0.4344778 -0.2900223 0.4389788 -0.2236706 -0.8702121 -0.4389789 0.2236707 -0.870212 -0.8527112 0.4344779 -0.290022 -0.9452373 0.1497111 0.2900227 -0.4866132 0.07707208 0.8702112 0.4866132 -0.07707208 0.8702112 0.9452373 -0.149711 0.2900224 0.9452373 -0.1497111 -0.2900223 0.4866118 -0.07707178 -0.870212 -0.4866118 0.07707184 -0.870212 -0.9452373 0.1497111 -0.2900224 -0.9452373 -0.1497105 0.2900223 -0.4866132 -0.07707178 0.8702112 0.4866131 0.07707172 0.8702113 0.9452374 0.1497105 0.2900224 0.9452375 0.1497106 -0.2900221 0.4866117 0.07707154 -0.8702121 -0.4866118 -0.0770716 -0.870212 -0.9452375 -0.1497105 -0.2900222 -0.8527111 -0.4344776 0.2900222 -0.4389801 -0.2236713 0.8702113 0.4389802 0.2236714 0.8702113 0.8527111 0.4344776 0.2900224 0.8527112 0.4344777 -0.2900223 0.4389789 0.2236707 -0.870212 -0.4389788 -0.2236707 -0.8702121 -0.8527112 -0.4344776 -0.290022 -0.6767154 -0.6767152 0.2900223 -0.3483766 -0.3483765 0.8702112 0.3483766 0.3483764 0.8702113 0.6767154 0.6767151 0.2900224 0.6767155 0.6767151 -0.2900222 0.3483755 0.3483754 -0.870212 -0.3483756 -0.3483755 -0.870212 -0.6767154 -0.6767152 -0.2900221 -0.4344779 -0.8527109 0.2900225 -0.2236715 -0.4389802 0.8702111 0.2236714 0.4389801 0.8702113 0.4344779 0.852711 0.2900224 0.4344779 0.852711 -0.2900221 0.2236708 0.4389788 -0.870212 -0.2236708 -0.4389789 -0.870212 -0.4344779 -0.8527109 -0.2900223 -0.149711 -0.9452372 0.2900226 -0.07707202 -0.4866132 0.8702112 0.0770719 0.4866132 0.8702113 0.149711 0.9452373 0.2900224 0.149711 0.9452373 -0.2900222 0.07707172 0.4866117 -0.870212 -0.07707178 -0.4866118 -0.870212 -0.149711 -0.9452373 -0.2900224 0.1497108 -0.9452373 0.2900223 0.07707202 -0.4866132 0.8702113 -0.0770719 0.486613 0.8702113 -0.1497108 0.9452374 0.2900224 -0.149711 0.9452373 -0.2900221 -0.07707172 0.4866117 -0.870212 0.07707178 -0.4866118 -0.870212 0.149711 -0.9452374 -0.2900221 0.4344778 -0.8527109 0.2900226 0.2236714 -0.4389801 0.8702113 -0.2236715 0.4389801 0.8702113 -0.4344779 0.8527109 0.2900224 -0.4344779 0.852711 -0.2900223 -0.2236708 0.4389788 -0.870212 0.2236708 -0.4389789 -0.870212 0.4344778 -0.852711 -0.2900224 0.676715 -0.6767155 0.2900224 0.3483763 -0.3483767 0.8702113 -0.3483762 0.3483767 0.8702113 -0.6767149 0.6767156 0.2900221 -0.676715 0.6767157 -0.290022 -0.3483753 0.3483757 -0.8702121 0.3483754 -0.3483757 -0.870212 0.6767151 -0.6767156 -0.2900222 0.8527107 -0.4344784 0.2900223 0.43898 -0.2236717 0.8702113 -0.4389799 0.2236717 0.8702113 -0.8527107 0.4344784 0.2900224 -0.8527108 0.4344782 -0.2900221 -0.4389786 0.223671 -0.870212 0.4389787 -0.2236711 -0.870212 0.8527109 -0.4344784 -0.290022 0.9452374 -0.149711 0.2900223 0.4866132 -0.07707196 0.8702112 -0.486613 0.07707196 0.8702113 -0.9452373 0.1497109 0.2900225 -0.9452373 0.1497109 -0.2900223 -0.4866117 0.07707172 -0.8702121 0.4866118 -0.07707172 -0.870212 0.9452374 -0.1497109 -0.2900221 0.258819 0.9659258 0 0.7071068 0.7071068 0 0.9659258 0.258819 0 0.9659258 -0.258819 0 0.7071068 -0.7071068 0 0.258819 -0.9659258 0 -0.258819 -0.9659258 0 -0.7071068 -0.7071068 0 -0.9659258 -0.258819 0 -0.9659258 0.258819 0 0 0 1 -0.7071068 0.7071068 0 -0.258819 0.9659258 0 0 0 -1 0.9452374 0.1497109 0.2900224 0.4866132 0.07707196 0.8702112 -0.486613 -0.0770719 0.8702113 -0.9452373 -0.1497108 0.2900224 -0.9452373 -0.1497109 -0.2900224 -0.486613 -0.0770719 -0.8702113 0.4866132 0.07707196 -0.8702112 0.9452374 0.1497109 -0.2900224 0.8527111 0.4344778 0.2900223 0.4389802 0.2236715 0.8702112 -0.4389801 -0.2236714 0.8702113 -0.852711 -0.4344778 0.2900224 -0.852711 -0.4344778 -0.2900224 -0.4389801 -0.2236714 -0.8702113 0.4389801 0.2236715 -0.8702112 0.8527111 0.4344778 -0.2900223 0.676715 0.6767154 0.2900222 0.3483764 0.3483766 0.8702113 -0.3483765 -0.3483766 0.8702113 -0.6767151 -0.6767154 0.2900224 -0.6767151 -0.6767153 -0.2900224 -0.3483765 -0.3483766 -0.8702113 0.3483765 0.3483766 -0.8702113 0.676715 0.6767154 -0.2900222 0.434478 0.8527109 0.2900225 0.2236716 0.4389801 0.8702112 -0.2236716 -0.4389801 0.8702112 -0.4344781 -0.8527109 0.2900224 -0.4344781 -0.8527109 -0.2900224 -0.2236716 -0.4389801 -0.8702113 0.2236716 0.4389801 -0.8702113 0.434478 0.8527109 -0.2900225 0.1497108 0.9452372 0.2900226 0.07707202 0.4866132 0.8702113 -0.07707202 -0.4866131 0.8702112 -0.1497108 -0.9452374 0.2900225 -0.149711 -0.9452373 -0.2900225 -0.07707202 -0.4866132 -0.8702112 0.07707202 0.4866132 -0.8702112 0.149711 0.9452372 -0.2900226 -0.1497108 0.9452373 0.2900223 -0.07707202 0.4866132 0.8702113 0.07707202 -0.4866131 0.8702113 0.1497108 -0.9452374 0.2900224 0.1497108 -0.9452373 -0.2900224 0.07707202 -0.486613 -0.8702113 -0.07707202 0.4866132 -0.8702113 -0.1497108 0.9452373 -0.2900223 -0.4344779 0.8527109 0.2900226 -0.2236714 0.4389801 0.8702112 0.2236715 -0.4389801 0.8702113 0.4344779 -0.852711 0.2900224 0.4344778 -0.852711 -0.2900224 0.2236715 -0.4389801 -0.8702113 -0.2236714 0.4389801 -0.8702112 -0.4344779 0.8527109 -0.2900226 -0.6767154 0.676715 0.2900224 -0.3483766 0.3483765 0.8702111 0.3483766 -0.3483764 0.8702113 0.6767154 -0.676715 0.2900224 0.6767154 -0.676715 -0.2900224 0.3483766 -0.3483765 -0.8702113 -0.3483766 0.3483765 -0.8702111 -0.6767155 0.676715 -0.2900224 -0.852711 0.4344779 0.2900222 -0.4389802 0.2236713 0.8702112 0.4389801 -0.2236713 0.8702113 0.852711 -0.4344777 0.2900224 0.852711 -0.4344778 -0.2900224 0.4389801 -0.2236713 -0.8702113 -0.4389802 0.2236713 -0.8702112 -0.852711 0.4344779 -0.2900222 -0.9452373 0.1497111 0.2900227 -0.4866132 0.07707208 0.8702112 0.4866132 -0.07707208 0.8702112 0.9452373 -0.149711 0.2900224 0.9452373 -0.149711 -0.2900224 0.4866132 -0.07707196 -0.8702112 -0.4866132 0.07707208 -0.8702112 -0.9452373 0.1497111 -0.2900226 -0.9452373 -0.1497105 0.2900223 -0.4866132 -0.07707178 0.8702112 0.4866131 0.07707172 0.8702113 0.9452374 0.1497105 0.2900224 0.9452374 0.1497106 -0.2900223 0.486613 0.07707172 -0.8702113 -0.4866132 -0.07707184 -0.8702113 -0.9452375 -0.1497105 -0.2900224 -0.8527111 -0.4344776 0.2900222 -0.4389801 -0.2236713 0.8702113 0.4389802 0.2236714 0.8702113 0.8527111 0.4344776 0.2900224 0.8527111 0.4344776 -0.2900224 0.4389802 0.2236714 -0.8702113 -0.4389801 -0.2236713 -0.8702113 -0.8527111 -0.4344777 -0.2900222 -0.6767154 -0.6767152 0.2900223 -0.3483766 -0.3483765 0.8702112 0.3483766 0.3483764 0.8702113 0.6767154 0.6767151 0.2900224 0.6767154 0.676715 -0.2900224 0.3483766 0.3483764 -0.8702113 -0.3483766 -0.3483765 -0.8702112 -0.6767154 -0.6767152 -0.2900223 -0.4344779 -0.8527109 0.2900225 -0.2236715 -0.4389802 0.8702111 0.2236714 0.4389801 0.8702113 0.4344779 0.852711 0.2900224 0.4344779 0.852711 -0.2900223 0.2236714 0.4389801 -0.8702113 -0.2236715 -0.4389801 -0.8702111 -0.4344779 -0.8527109 -0.2900225 -0.149711 -0.9452372 0.2900226 -0.07707202 -0.4866132 0.8702112 0.0770719 0.4866132 0.8702113 0.149711 0.9452373 0.2900224 0.149711 0.9452373 -0.2900224 0.07707196 0.4866132 -0.8702113 -0.07707202 -0.4866132 -0.8702112 -0.149711 -0.9452372 -0.2900226 0.1497108 -0.9452373 0.2900223 0.07707202 -0.4866132 0.8702113 -0.0770719 0.486613 0.8702113 -0.1497108 0.9452374 0.2900224 -0.149711 0.9452373 -0.2900224 -0.0770719 0.486613 -0.8702113 0.07707202 -0.4866132 -0.8702112 0.149711 -0.9452373 -0.2900224 0.4344778 -0.8527109 0.2900226 0.2236714 -0.4389801 0.8702113 -0.2236715 0.4389801 0.8702113 -0.4344779 0.8527109 0.2900224 -0.4344779 0.8527109 -0.2900224 -0.2236715 0.4389801 -0.8702112 0.2236714 -0.4389801 -0.8702113 0.4344778 -0.852711 -0.2900226 0.676715 -0.6767155 0.2900224 0.3483763 -0.3483767 0.8702113 -0.3483762 0.3483767 0.8702113 -0.6767149 0.6767156 0.2900221 -0.676715 0.6767156 -0.2900221 -0.3483762 0.3483767 -0.8702113 0.3483763 -0.3483767 -0.8702112 0.676715 -0.6767155 -0.2900224 0.8527107 -0.4344784 0.2900223 0.43898 -0.2236717 0.8702113 -0.4389799 0.2236717 0.8702113 -0.8527107 0.4344784 0.2900224 -0.8527108 0.4344782 -0.2900223 -0.4389799 0.2236717 -0.8702113 0.43898 -0.2236717 -0.8702113 0.8527107 -0.4344784 -0.2900222 0.9452374 -0.149711 0.2900223 0.4866132 -0.07707196 0.8702112 -0.486613 0.07707196 0.8702113 -0.9452373 0.1497109 0.2900225 -0.9452373 0.1497109 -0.2900225 -0.486613 0.07707196 -0.8702113 0.4866132 -0.07707196 -0.8702112 0.9452373 -0.149711 -0.2900223 0.258819 0.9659258 0 0.7071068 0.7071068 0 0.9659258 0.258819 0 0.9659258 -0.258819 0 0.7071068 -0.7071068 0 0.258819 -0.9659258 0 -0.258819 -0.9659258 0 -0.7071068 -0.7071068 0 -0.9659258 -0.258819 0 -0.9659258 0.258819 0 0 0 1 -0.7071068 0.7071068 0 -0.258819 0.9659258 0 0 0 -1 0.9452374 0.149711 0.2900221 0.4866123 0.07707178 0.8702117 -0.4866122 -0.07707172 0.8702117 -0.9452374 -0.1497109 0.2900223 -0.9452374 -0.1497108 -0.2900223 -0.4866123 -0.07707178 -0.8702117 0.4866123 0.07707178 -0.8702117 0.9452374 0.149711 -0.2900221 0.8527111 0.4344778 0.290022 0.4389793 0.223671 0.8702118 -0.4389793 -0.2236711 0.8702117 -0.852711 -0.4344778 0.2900223 -0.852711 -0.4344778 -0.2900223 -0.4389793 -0.2236711 -0.8702117 0.4389793 0.223671 -0.8702118 0.8527111 0.4344778 -0.290022 0.6767152 0.6767153 0.2900224 0.3483759 0.348376 0.8702117 -0.3483759 -0.3483759 0.8702117 -0.6767151 -0.6767153 0.2900223 -0.6767151 -0.6767153 -0.2900223 -0.3483759 -0.3483759 -0.8702117 0.3483759 0.348376 -0.8702117 0.6767152 0.6767153 -0.2900224 0.4344781 0.8527109 0.2900224 0.2236711 0.4389793 0.8702117 -0.2236711 -0.4389792 0.8702117 -0.4344781 -0.8527109 0.2900223 -0.4344781 -0.8527109 -0.2900223 -0.2236711 -0.4389792 -0.8702117 0.2236711 0.4389793 -0.8702117 0.4344781 0.8527109 -0.2900224 0.149711 0.9452373 0.2900222 0.0770719 0.4866123 0.8702117 -0.07707178 -0.4866122 0.8702118 -0.149711 -0.9452374 0.2900223 -0.1497108 -0.9452373 -0.2900222 -0.07707178 -0.4866122 -0.8702118 0.0770719 0.4866123 -0.8702117 0.1497108 0.9452373 -0.2900222 -0.149711 0.9452373 0.2900225 -0.0770719 0.4866123 0.8702117 0.07707178 -0.4866123 0.8702117 0.149711 -0.9452373 0.2900223 0.149711 -0.9452373 -0.2900223 0.07707178 -0.4866123 -0.8702117 -0.0770719 0.4866123 -0.8702117 -0.149711 0.9452373 -0.2900225 -0.4344779 0.8527109 0.2900224 -0.2236711 0.4389794 0.8702117 0.223671 -0.4389793 0.8702118 0.4344779 -0.852711 0.2900222 0.434478 -0.852711 -0.2900222 0.223671 -0.4389793 -0.8702118 -0.2236711 0.4389794 -0.8702117 -0.4344779 0.8527109 -0.2900224 -0.6767154 0.6767152 0.2900221 -0.348376 0.3483759 0.8702117 0.3483759 -0.3483757 0.8702118 0.6767154 -0.676715 0.2900223 0.6767154 -0.676715 -0.2900223 0.3483759 -0.3483757 -0.8702118 -0.348376 0.3483759 -0.8702117 -0.6767154 0.6767152 -0.2900221 -0.8527111 0.4344776 0.2900224 -0.4389794 0.223671 0.8702117 0.4389793 -0.223671 0.8702117 0.852711 -0.4344777 0.2900223 0.852711 -0.4344777 -0.2900223 0.4389793 -0.223671 -0.8702117 -0.4389794 0.223671 -0.8702117 -0.8527111 0.4344776 -0.2900224 -0.9452375 0.1497109 0.2900222 -0.4866123 0.0770719 0.8702117 0.4866122 -0.07707184 0.8702118 0.9452373 -0.1497109 0.2900222 0.9452373 -0.1497109 -0.2900222 0.4866122 -0.0770719 -0.8702118 -0.4866123 0.0770719 -0.8702117 -0.9452375 0.1497109 -0.2900222 -0.9452375 -0.1497105 0.2900221 -0.4866122 -0.0770716 0.8702117 0.4866123 0.07707166 0.8702118 0.9452375 0.1497105 0.2900223 0.9452375 0.1497105 -0.2900223 0.4866123 0.07707166 -0.8702118 -0.4866122 -0.0770716 -0.8702117 -0.9452375 -0.1497106 -0.2900221 -0.8527112 -0.4344777 0.290022 -0.4389794 -0.2236709 0.8702117 0.4389793 0.2236708 0.8702118 0.8527111 0.4344776 0.2900223 0.8527111 0.4344776 -0.2900223 0.4389793 0.2236708 -0.8702118 -0.4389794 -0.2236709 -0.8702117 -0.8527112 -0.4344777 -0.290022 -0.6767155 -0.676715 0.2900223 -0.348376 -0.3483759 0.8702117 0.3483759 0.3483758 0.8702118 0.6767155 0.6767151 0.2900222 0.6767155 0.6767151 -0.2900222 0.3483759 0.3483758 -0.8702118 -0.348376 -0.3483759 -0.8702117 -0.6767155 -0.676715 -0.2900223 -0.4344779 -0.8527109 0.2900224 -0.2236711 -0.4389793 0.8702117 0.2236711 0.4389793 0.8702118 0.4344779 0.852711 0.2900223 0.434478 0.852711 -0.2900223 0.2236711 0.4389793 -0.8702118 -0.2236711 -0.4389793 -0.8702117 -0.4344779 -0.8527109 -0.2900224 -0.1497108 -0.9452373 0.2900222 -0.0770719 -0.4866123 0.8702117 0.07707184 0.4866122 0.8702117 0.1497109 0.9452374 0.2900222 0.1497109 0.9452374 -0.2900222 0.07707184 0.4866122 -0.8702117 -0.0770719 -0.4866123 -0.8702117 -0.1497108 -0.9452373 -0.2900222 0.149711 -0.9452373 0.2900224 0.0770719 -0.4866123 0.8702117 -0.0770719 0.4866123 0.8702117 -0.149711 0.9452373 0.2900224 -0.1497108 0.9452373 -0.2900223 -0.0770719 0.4866123 -0.8702117 0.0770719 -0.4866123 -0.8702117 0.1497108 -0.9452373 -0.2900225 0.4344776 -0.8527112 0.2900223 0.2236709 -0.4389793 0.8702117 -0.223671 0.4389792 0.8702118 -0.4344777 0.8527112 0.290022 -0.4344777 0.8527112 -0.290022 -0.223671 0.4389792 -0.8702118 0.2236709 -0.4389793 -0.8702117 0.4344776 -0.8527112 -0.2900223 0.676715 -0.6767156 0.2900221 0.3483757 -0.3483762 0.8702117 -0.3483757 0.3483761 0.8702117 -0.6767148 0.6767158 0.2900222 -0.6767148 0.6767158 -0.2900222 -0.3483757 0.3483761 -0.8702117 0.3483757 -0.3483762 -0.8702117 0.676715 -0.6767156 -0.2900221 0.8527108 -0.4344784 0.2900222 0.4389792 -0.2236713 0.8702117 -0.438979 0.2236713 0.8702118 -0.8527109 0.4344782 0.2900223 -0.8527107 0.4344783 -0.2900223 -0.4389791 0.2236713 -0.8702118 0.4389792 -0.2236713 -0.8702117 0.8527107 -0.4344784 -0.2900221 0.9452374 -0.149711 0.2900223 0.4866123 -0.07707184 0.8702117 -0.4866122 0.07707178 0.8702118 -0.9452374 0.1497111 0.2900222 -0.9452374 0.1497111 -0.2900222 -0.4866122 0.07707178 -0.8702118 0.4866123 -0.07707184 -0.8702117 0.9452374 -0.149711 -0.2900223 0.258819 0.9659258 0 0.7071068 0.7071068 0 0.9659258 0.258819 0 0.9659258 -0.258819 0 0.7071068 -0.7071068 0 0.258819 -0.9659258 0 -0.258819 -0.9659258 0 -0.7071068 -0.7071068 0 -0.9659258 -0.258819 0 -0.9659258 0.258819 0 0 0 1 0 0 1 0 0 1 0 0 1 0 0 1 0 0 1 0 0 1 0 0 1 0 0 1 -0.7071068 0.7071068 0 -0.258819 0.9659258 0 0 0 -1 0 0 -1 0 0 -1 0 0 -1 0 0 -1 0 0 -1 0 0 -1 0 0 -1 0 0 -1 0.9452374 0.1497109 0.2900222 0.4866125 0.07707184 0.8702116 -0.4866124 -0.07707178 0.8702117 -0.9452374 -0.1497109 0.2900223 -0.9452374 -0.1497109 -0.2900223 -0.4866124 -0.07707178 -0.8702117 0.4866125 0.07707184 -0.8702116 0.9452374 0.149711 -0.2900222 0.8527111 0.4344778 0.2900221 0.4389795 0.223671 0.8702117 -0.4389794 -0.2236711 0.8702116 -0.852711 -0.4344778 0.2900223 -0.852711 -0.4344778 -0.2900223 -0.4389794 -0.2236711 -0.8702116 0.4389795 0.223671 -0.8702117 0.8527111 0.4344778 -0.2900221 0.6767152 0.6767153 0.2900224 0.348376 0.3483762 0.8702116 -0.348376 -0.348376 0.8702116 -0.6767151 -0.6767154 0.2900223 -0.6767151 -0.6767154 -0.2900223 -0.348376 -0.348376 -0.8702116 0.348376 0.3483762 -0.8702116 0.6767152 0.6767153 -0.2900224 0.4344781 0.8527108 0.2900225 0.2236713 0.4389795 0.8702116 -0.2236712 -0.4389794 0.8702116 -0.4344781 -0.8527109 0.2900223 -0.4344781 -0.8527109 -0.2900223 -0.2236712 -0.4389794 -0.8702116 0.2236713 0.4389795 -0.8702116 0.4344781 0.8527108 -0.2900225 0.149711 0.9452373 0.2900223 0.0770719 0.4866125 0.8702116 -0.07707178 -0.4866124 0.8702117 -0.149711 -0.9452374 0.2900223 -0.1497108 -0.9452373 -0.2900223 -0.07707178 -0.4866124 -0.8702117 0.0770719 0.4866124 -0.8702116 0.1497108 0.9452373 -0.2900223 -0.149711 0.9452373 0.2900225 -0.0770719 0.4866125 0.8702116 0.07707184 -0.4866124 0.8702116 0.149711 -0.9452373 0.2900224 0.149711 -0.9452373 -0.2900224 0.07707184 -0.4866124 -0.8702116 -0.0770719 0.4866125 -0.8702116 -0.1497108 0.9452373 -0.2900225 -0.4344779 0.852711 0.2900224 -0.2236712 0.4389795 0.8702116 0.2236711 -0.4389794 0.8702116 0.4344779 -0.852711 0.2900222 0.434478 -0.852711 -0.2900223 0.2236711 -0.4389794 -0.8702116 -0.2236712 0.4389795 -0.8702116 -0.4344779 0.852711 -0.2900224 -0.6767154 0.6767151 0.2900221 -0.3483761 0.348376 0.8702117 0.348376 -0.3483759 0.8702117 0.6767154 -0.6767151 0.2900223 0.6767154 -0.6767151 -0.2900223 0.348376 -0.3483759 -0.8702117 -0.3483761 0.348376 -0.8702117 -0.6767154 0.6767151 -0.2900221 -0.8527111 0.4344776 0.2900225 -0.4389796 0.223671 0.8702116 0.4389795 -0.2236711 0.8702117 0.852711 -0.4344777 0.2900223 0.852711 -0.4344777 -0.2900223 0.4389795 -0.2236711 -0.8702117 -0.4389796 0.223671 -0.8702116 -0.8527111 0.4344776 -0.2900225 -0.9452375 0.1497109 0.2900223 -0.4866124 0.07707196 0.8702116 0.4866124 -0.07707184 0.8702117 0.9452374 -0.149711 0.2900223 0.9452374 -0.149711 -0.2900223 0.4866123 -0.07707196 -0.8702117 -0.4866124 0.07707196 -0.8702116 -0.9452375 0.1497109 -0.2900223 -0.9452375 -0.1497105 0.2900221 -0.4866124 -0.0770716 0.8702117 0.4866124 0.07707172 0.8702117 0.9452374 0.1497105 0.2900223 0.9452374 0.1497105 -0.2900223 0.4866124 0.07707172 -0.8702117 -0.4866124 -0.0770716 -0.8702117 -0.9452375 -0.1497106 -0.2900221 -0.8527111 -0.4344778 0.2900221 -0.4389795 -0.223671 0.8702116 0.4389795 0.223671 0.8702117 0.8527111 0.4344776 0.2900223 0.8527111 0.4344776 -0.2900223 0.4389795 0.223671 -0.8702117 -0.4389795 -0.223671 -0.8702116 -0.8527111 -0.4344778 -0.2900221 -0.6767155 -0.676715 0.2900224 -0.3483762 -0.348376 0.8702116 0.3483761 0.3483759 0.8702116 0.6767155 0.676715 0.2900223 0.6767155 0.676715 -0.2900223 0.3483761 0.3483759 -0.8702116 -0.3483762 -0.348376 -0.8702116 -0.6767155 -0.676715 -0.2900224 -0.4344779 -0.8527109 0.2900225 -0.2236711 -0.4389795 0.8702116 0.2236712 0.4389795 0.8702116 0.4344779 0.852711 0.2900223 0.434478 0.852711 -0.2900223 0.2236712 0.4389795 -0.8702116 -0.2236711 -0.4389795 -0.8702116 -0.4344779 -0.8527109 -0.2900225 -0.149711 -0.9452373 0.2900223 -0.0770719 -0.4866125 0.8702116 0.0770719 0.4866124 0.8702117 0.1497108 0.9452374 0.2900223 0.1497108 0.9452374 -0.2900223 0.0770719 0.4866124 -0.8702117 -0.0770719 -0.4866125 -0.8702116 -0.1497108 -0.9452373 -0.2900223 0.149711 -0.9452373 0.2900225 0.0770719 -0.4866124 0.8702116 -0.0770719 0.4866124 0.8702116 -0.149711 0.9452373 0.2900224 -0.1497108 0.9452373 -0.2900224 -0.0770719 0.4866124 -0.8702116 0.0770719 -0.4866124 -0.8702116 0.1497108 -0.9452373 -0.2900225 0.4344776 -0.8527112 0.2900223 0.223671 -0.4389794 0.8702117 -0.223671 0.4389793 0.8702117 -0.4344777 0.8527112 0.2900221 -0.4344777 0.8527112 -0.2900221 -0.223671 0.4389793 -0.8702117 0.223671 -0.4389794 -0.8702117 0.4344776 -0.8527112 -0.2900223 0.676715 -0.6767156 0.2900221 0.3483759 -0.3483763 0.8702116 -0.3483758 0.3483762 0.8702116 -0.676715 0.6767156 0.2900223 -0.6767148 0.6767157 -0.2900223 -0.3483758 0.3483762 -0.8702116 0.3483759 -0.3483763 -0.8702116 0.676715 -0.6767156 -0.2900221 0.8527107 -0.4344784 0.2900221 0.4389793 -0.2236714 0.8702117 -0.4389793 0.2236713 0.8702117 -0.8527107 0.4344783 0.2900224 -0.8527107 0.4344783 -0.2900224 -0.4389792 0.2236714 -0.8702117 0.4389793 -0.2236714 -0.8702117 0.8527107 -0.4344784 -0.2900221 0.9452374 -0.149711 0.2900223 0.4866124 -0.07707184 0.8702116 -0.4866123 0.07707184 0.8702117 -0.9452374 0.1497111 0.2900223 -0.9452374 0.149711 -0.2900223 -0.4866123 0.07707184 -0.8702117 0.4866124 -0.07707184 -0.8702116 0.9452374 -0.149711 -0.2900223 0.2588191 0.9659259 0 0.7071068 0.7071068 0 0.9659259 0.2588191 0 0.9659259 -0.2588191 0 0.7071068 -0.7071068 0 0.2588191 -0.9659259 0 -0.2588191 -0.9659259 0 -0.7071068 -0.7071068 0 -0.9659259 -0.2588191 0 -0.9659259 0.2588191 0 0 0 1 0 0 1 0 0 1 0 0 1 0 0 1 0 0 1 0 0 1 0 0 1 0 0 1 -0.7071068 0.7071068 0 -0.2588191 0.9659259 0 0 0 -1 0 0 -1 0 0 -1 0 0 -1 0 0 -1 0 0 -1 0 0 -1 0 0 -1 0 0 -1 0.9452375 0.149711 0.2900221 0.4866118 0.07707172 0.870212 -0.4866117 -0.07707166 0.8702121 -0.9452374 -0.1497109 0.2900223 -0.9452374 -0.1497109 -0.2900223 -0.4866124 -0.07707178 -0.8702117 0.4866125 0.07707184 -0.8702116 0.9452374 0.149711 -0.2900222 0.8527112 0.4344779 0.290022 0.4389788 0.2236707 0.8702121 -0.4389788 -0.2236708 0.870212 -0.852711 -0.4344778 0.2900222 -0.852711 -0.4344778 -0.2900223 -0.4389794 -0.2236711 -0.8702116 0.4389795 0.223671 -0.8702117 0.8527111 0.4344778 -0.2900221 0.6767152 0.6767153 0.2900223 0.3483756 0.3483756 0.870212 -0.3483755 -0.3483756 0.870212 -0.6767152 -0.6767153 0.2900222 -0.6767151 -0.6767154 -0.2900223 -0.348376 -0.348376 -0.8702116 0.348376 0.3483762 -0.8702116 0.6767152 0.6767153 -0.2900224 0.4344781 0.8527109 0.2900224 0.2236709 0.4389788 0.870212 -0.2236709 -0.4389787 0.870212 -0.4344781 -0.8527109 0.2900223 -0.4344781 -0.8527109 -0.2900223 -0.2236712 -0.4389794 -0.8702116 0.2236713 0.4389795 -0.8702116 0.4344781 0.8527108 -0.2900225 0.149711 0.9452374 0.2900221 0.07707178 0.4866118 0.870212 -0.07707166 -0.4866117 0.870212 -0.149711 -0.9452373 0.2900221 -0.1497108 -0.9452373 -0.2900223 -0.07707178 -0.4866124 -0.8702117 0.0770719 0.4866124 -0.8702116 0.1497108 0.9452373 -0.2900223 -0.149711 0.9452373 0.2900224 -0.07707178 0.4866118 0.870212 0.07707172 -0.4866117 0.870212 0.149711 -0.9452373 0.2900223 0.149711 -0.9452373 -0.2900224 0.07707184 -0.4866124 -0.8702116 -0.0770719 0.4866125 -0.8702116 -0.1497108 0.9452373 -0.2900225 -0.4344779 0.852711 0.2900223 -0.2236708 0.4389789 0.870212 0.2236708 -0.4389788 0.870212 0.4344779 -0.8527111 0.2900221 0.434478 -0.852711 -0.2900223 0.2236711 -0.4389794 -0.8702116 -0.2236712 0.4389795 -0.8702116 -0.4344779 0.852711 -0.2900224 -0.6767154 0.6767152 0.2900221 -0.3483756 0.3483755 0.870212 0.3483756 -0.3483754 0.870212 0.6767155 -0.6767151 0.2900222 0.6767154 -0.6767151 -0.2900223 0.348376 -0.3483759 -0.8702117 -0.3483761 0.348376 -0.8702117 -0.6767154 0.6767151 -0.2900221 -0.8527111 0.4344776 0.2900224 -0.4389789 0.2236707 0.870212 0.4389789 -0.2236707 0.870212 0.8527112 -0.4344778 0.2900223 0.852711 -0.4344777 -0.2900223 0.4389795 -0.2236711 -0.8702117 -0.4389796 0.223671 -0.8702116 -0.8527111 0.4344776 -0.2900225 -0.9452375 0.1497109 0.2900221 -0.4866118 0.07707184 0.870212 0.4866117 -0.07707172 0.870212 0.9452374 -0.149711 0.2900221 0.9452374 -0.149711 -0.2900223 0.4866123 -0.07707196 -0.8702117 -0.4866124 0.07707196 -0.8702116 -0.9452375 0.1497109 -0.2900223 -0.9452375 -0.1497105 0.290022 -0.4866117 -0.07707148 0.8702121 0.4866117 0.0770716 0.870212 0.9452375 0.1497105 0.2900222 0.9452374 0.1497105 -0.2900223 0.4866124 0.07707172 -0.8702117 -0.4866124 -0.0770716 -0.8702117 -0.9452375 -0.1497106 -0.2900221 -0.8527112 -0.4344777 0.290022 -0.4389789 -0.2236707 0.870212 0.4389789 0.2236706 0.870212 0.8527112 0.4344776 0.2900222 0.8527111 0.4344776 -0.2900223 0.4389795 0.223671 -0.8702117 -0.4389795 -0.223671 -0.8702116 -0.8527111 -0.4344778 -0.2900221 -0.6767156 -0.6767151 0.2900223 -0.3483757 -0.3483756 0.870212 0.3483756 0.3483754 0.870212 0.6767155 0.6767151 0.2900221 0.6767155 0.676715 -0.2900223 0.3483761 0.3483759 -0.8702116 -0.3483762 -0.348376 -0.8702116 -0.6767155 -0.676715 -0.2900224 -0.434478 -0.852711 0.2900224 -0.2236708 -0.4389789 0.870212 0.2236708 0.4389788 0.870212 0.4344779 0.852711 0.2900222 0.434478 0.852711 -0.2900223 0.2236712 0.4389795 -0.8702116 -0.2236711 -0.4389795 -0.8702116 -0.4344779 -0.8527109 -0.2900225 -0.1497108 -0.9452375 0.2900221 -0.07707178 -0.4866118 0.870212 0.07707178 0.4866117 0.870212 0.1497108 0.9452375 0.2900221 0.1497108 0.9452374 -0.2900223 0.0770719 0.4866124 -0.8702117 -0.0770719 -0.4866125 -0.8702116 -0.1497108 -0.9452373 -0.2900223 0.149711 -0.9452374 0.2900224 0.07707178 -0.4866117 0.870212 -0.07707178 0.4866117 0.870212 -0.149711 0.9452373 0.2900223 -0.1497108 0.9452373 -0.2900224 -0.0770719 0.4866124 -0.8702116 0.0770719 -0.4866124 -0.8702116 0.1497108 -0.9452373 -0.2900225 0.4344776 -0.8527112 0.2900222 0.2236707 -0.4389788 0.8702121 -0.2236707 0.4389787 0.8702121 -0.4344777 0.8527112 0.290022 -0.4344777 0.8527112 -0.2900221 -0.223671 0.4389793 -0.8702117 0.223671 -0.4389794 -0.8702117 0.4344776 -0.8527112 -0.2900223 0.676715 -0.6767156 0.290022 0.3483754 -0.3483758 0.870212 -0.3483753 0.3483757 0.870212 -0.6767148 0.6767158 0.2900221 -0.6767148 0.6767157 -0.2900223 -0.3483758 0.3483762 -0.8702116 0.3483759 -0.3483763 -0.8702116 0.676715 -0.6767156 -0.2900221 0.8527109 -0.4344784 0.2900221 0.4389787 -0.2236711 0.870212 -0.4389786 0.223671 0.870212 -0.8527109 0.4344782 0.2900223 -0.8527107 0.4344783 -0.2900224 -0.4389792 0.2236714 -0.8702117 0.4389793 -0.2236714 -0.8702117 0.8527107 -0.4344784 -0.2900221 0.9452374 -0.1497109 0.2900221 0.4866118 -0.07707172 0.870212 -0.4866116 0.07707172 0.870212 -0.9452374 0.1497111 0.2900221 -0.9452374 0.149711 -0.2900223 -0.4866123 0.07707184 -0.8702117 0.4866124 -0.07707184 -0.8702116 0.9452374 -0.149711 -0.2900223 0.258819 0.9659258 0 0.7071068 0.7071068 0 0.9659258 0.258819 0 0.9659258 -0.258819 0 0.7071068 -0.7071068 0 0.258819 -0.9659258 0 -0.258819 -0.9659258 0 -0.7071068 -0.7071068 0 -0.9659258 -0.258819 0 -0.9659258 0.258819 0 0 0 1 0 0 1 0 0 1 0 0 1 0 0 1 0 0 1 0 0 1 0 0 1 0 0 1 -0.7071068 0.7071068 0 -0.258819 0.9659258 0 0 0 -1 0 0 -1 0 0 -1 0 0 -1 0 0 -1 0 0 -1 0 0 -1 0 0 -1 0 0 -1 0.9452375 0.149711 0.2900221 0.4866118 0.07707172 0.870212 -0.4866117 -0.07707166 0.8702121 -0.9452374 -0.1497109 0.2900223 -0.9452374 -0.1497108 -0.2900222 -0.4866117 -0.07707166 -0.870212 0.4866118 0.07707172 -0.870212 0.9452375 0.149711 -0.2900221 0.8527112 0.4344779 0.290022 0.4389788 0.2236707 0.8702121 -0.4389788 -0.2236708 0.870212 -0.852711 -0.4344778 0.2900222 -0.852711 -0.4344778 -0.2900222 -0.4389788 -0.2236708 -0.870212 0.4389788 0.2236707 -0.8702121 0.8527112 0.4344779 -0.290022 0.6767152 0.6767153 0.2900223 0.3483756 0.3483756 0.870212 -0.3483755 -0.3483756 0.870212 -0.6767152 -0.6767153 0.2900222 -0.6767152 -0.6767153 -0.2900222 -0.3483755 -0.3483756 -0.870212 0.3483756 0.3483756 -0.870212 0.6767152 0.6767153 -0.2900223 0.4344781 0.8527109 0.2900224 0.2236709 0.4389788 0.870212 -0.2236709 -0.4389787 0.870212 -0.4344781 -0.8527109 0.2900223 -0.4344781 -0.8527109 -0.2900223 -0.2236709 -0.4389787 -0.870212 0.2236709 0.4389788 -0.870212 0.4344781 0.8527109 -0.2900224 0.149711 0.9452374 0.2900221 0.07707178 0.4866118 0.870212 -0.07707166 -0.4866117 0.870212 -0.149711 -0.9452373 0.2900221 -0.1497108 -0.9452374 -0.2900221 -0.07707166 -0.4866117 -0.870212 0.07707178 0.4866118 -0.870212 0.1497108 0.9452375 -0.2900221 -0.149711 0.9452373 0.2900224 -0.07707178 0.4866118 0.870212 0.07707172 -0.4866117 0.870212 0.149711 -0.9452373 0.2900223 0.149711 -0.9452373 -0.2900223 0.07707172 -0.4866117 -0.870212 -0.07707178 0.4866118 -0.870212 -0.149711 0.9452373 -0.2900224 -0.4344779 0.852711 0.2900223 -0.2236708 0.4389789 0.870212 0.2236708 -0.4389788 0.870212 0.4344779 -0.8527111 0.2900221 0.434478 -0.852711 -0.2900221 0.2236708 -0.4389788 -0.870212 -0.2236708 0.4389789 -0.870212 -0.4344779 0.852711 -0.2900223 -0.6767154 0.6767152 0.2900221 -0.3483756 0.3483755 0.870212 0.3483756 -0.3483754 0.870212 0.6767155 -0.6767151 0.2900222 0.6767155 -0.6767151 -0.2900222 0.3483756 -0.3483754 -0.870212 -0.3483756 0.3483755 -0.870212 -0.6767154 0.6767152 -0.2900221 -0.8527111 0.4344776 0.2900224 -0.4389789 0.2236707 0.870212 0.4389789 -0.2236707 0.870212 0.8527112 -0.4344778 0.2900223 0.8527112 -0.4344778 -0.2900223 0.4389789 -0.2236707 -0.870212 -0.4389789 0.2236707 -0.870212 -0.8527111 0.4344776 -0.2900224 -0.9452375 0.1497109 0.2900221 -0.4866118 0.07707184 0.870212 0.4866117 -0.07707172 0.870212 0.9452374 -0.149711 0.2900221 0.9452374 -0.149711 -0.2900221 0.4866117 -0.07707184 -0.870212 -0.4866118 0.07707184 -0.870212 -0.9452375 0.1497109 -0.2900221 -0.9452375 -0.1497105 0.290022 -0.4866117 -0.07707148 0.8702121 0.4866117 0.0770716 0.870212 0.9452375 0.1497105 0.2900222 0.9452375 0.1497105 -0.2900222 0.4866117 0.0770716 -0.870212 -0.4866117 -0.07707148 -0.8702121 -0.9452375 -0.1497106 -0.290022 -0.8527112 -0.4344777 0.290022 -0.4389789 -0.2236707 0.870212 0.4389789 0.2236706 0.870212 0.8527112 0.4344776 0.2900222 0.8527112 0.4344776 -0.2900222 0.4389789 0.2236706 -0.870212 -0.4389789 -0.2236707 -0.870212 -0.8527112 -0.4344777 -0.290022 -0.6767156 -0.6767151 0.2900223 -0.3483757 -0.3483756 0.870212 0.3483756 0.3483754 0.870212 0.6767155 0.6767151 0.2900221 0.6767155 0.6767151 -0.2900221 0.3483756 0.3483754 -0.870212 -0.3483757 -0.3483756 -0.870212 -0.6767156 -0.6767151 -0.2900223 -0.434478 -0.852711 0.2900224 -0.2236708 -0.4389789 0.870212 0.2236708 0.4389788 0.870212 0.4344779 0.852711 0.2900222 0.434478 0.852711 -0.2900222 0.2236708 0.4389788 -0.870212 -0.2236708 -0.4389789 -0.870212 -0.434478 -0.852711 -0.2900224 -0.1497108 -0.9452375 0.2900221 -0.07707178 -0.4866118 0.870212 0.07707178 0.4866117 0.870212 0.1497108 0.9452375 0.2900221 0.1497108 0.9452375 -0.2900221 0.07707178 0.4866117 -0.870212 -0.07707178 -0.4866118 -0.870212 -0.1497108 -0.9452375 -0.2900221 0.149711 -0.9452374 0.2900224 0.07707178 -0.4866117 0.870212 -0.07707178 0.4866117 0.870212 -0.149711 0.9452373 0.2900223 -0.1497108 0.9452374 -0.2900223 -0.07707178 0.4866117 -0.870212 0.07707178 -0.4866118 -0.870212 0.1497108 -0.9452374 -0.2900224 0.4344776 -0.8527112 0.2900222 0.2236707 -0.4389788 0.8702121 -0.2236707 0.4389787 0.8702121 -0.4344777 0.8527112 0.290022 -0.4344777 0.8527112 -0.290022 -0.2236707 0.4389787 -0.8702121 0.2236707 -0.4389788 -0.8702121 0.4344776 -0.8527112 -0.2900222 0.676715 -0.6767156 0.290022 0.3483754 -0.3483758 0.870212 -0.3483753 0.3483757 0.870212 -0.6767148 0.6767158 0.2900221 -0.6767148 0.6767158 -0.2900221 -0.3483753 0.3483757 -0.870212 0.3483754 -0.3483758 -0.870212 0.676715 -0.6767156 -0.290022 0.8527109 -0.4344784 0.2900221 0.4389787 -0.2236711 0.870212 -0.4389786 0.223671 0.870212 -0.8527109 0.4344782 0.2900223 -0.8527108 0.4344784 -0.2900223 -0.4389786 0.223671 -0.8702121 0.4389787 -0.2236711 -0.870212 0.8527108 -0.4344785 -0.2900221 0.9452374 -0.1497109 0.2900221 0.4866118 -0.07707172 0.870212 -0.4866116 0.07707172 0.870212 -0.9452374 0.1497111 0.2900221 -0.9452374 0.1497111 -0.2900221 -0.4866116 0.07707172 -0.870212 0.4866118 -0.07707172 -0.870212 0.9452374 -0.149711 -0.2900221 0.258819 0.9659258 0 0.7071068 0.7071068 0 0.9659258 0.258819 0 0.9659258 -0.258819 0 0.7071068 -0.7071068 0 0.258819 -0.9659258 0 -0.258819 -0.9659258 0 -0.7071068 -0.7071068 0 -0.9659258 -0.258819 0 -0.9659258 0.258819 0 0 0 1 0 0 1 0 0 1 0 0 1 0 0 1 0 0 1 0 0 1 0 0 1 0 0 1 -0.7071068 0.7071068 0 -0.258819 0.9659258 0 0 0 -1 0 0 -1 0 0 -1 0 0 -1 0 0 -1 0 0 -1 0 0 -1 0 0 -1 0 0 -1 0.9452374 0.149711 0.2900223 0.4866132 0.0770719 0.8702112 -0.4866131 -0.0770719 0.8702113 -0.9452373 -0.1497109 0.2900224 -0.9452374 -0.1497108 -0.2900222 -0.4866117 -0.07707166 -0.870212 0.4866118 0.07707172 -0.870212 0.9452375 0.149711 -0.2900221 0.8527111 0.4344779 0.2900222 0.43898 0.2236713 0.8702113 -0.4389801 -0.2236714 0.8702113 -0.852711 -0.4344778 0.2900224 -0.852711 -0.4344778 -0.2900222 -0.4389788 -0.2236708 -0.870212 0.4389788 0.2236707 -0.8702121 0.8527112 0.4344779 -0.290022 0.6767151 0.6767153 0.2900225 0.3483766 0.3483766 0.8702112 -0.3483765 -0.3483766 0.8702112 -0.6767151 -0.6767154 0.2900224 -0.6767152 -0.6767153 -0.2900222 -0.3483755 -0.3483756 -0.870212 0.3483756 0.3483756 -0.870212 0.6767152 0.6767153 -0.2900223 0.4344781 0.8527109 0.2900226 0.2236716 0.4389801 0.8702112 -0.2236716 -0.4389801 0.8702113 -0.4344781 -0.8527108 0.2900224 -0.4344781 -0.8527109 -0.2900223 -0.2236709 -0.4389787 -0.870212 0.2236709 0.4389788 -0.870212 0.4344781 0.8527109 -0.2900224 0.149711 0.9452373 0.2900224 0.07707202 0.4866132 0.8702112 -0.0770719 -0.486613 0.8702113 -0.149711 -0.9452373 0.2900224 -0.1497108 -0.9452374 -0.2900221 -0.07707166 -0.4866117 -0.870212 0.07707178 0.4866118 -0.870212 0.1497108 0.9452375 -0.2900221 -0.149711 0.9452372 0.2900226 -0.07707202 0.4866132 0.8702112 0.0770719 -0.4866132 0.8702113 0.149711 -0.9452373 0.2900224 0.149711 -0.9452373 -0.2900223 0.07707172 -0.4866117 -0.870212 -0.07707178 0.4866118 -0.870212 -0.149711 0.9452373 -0.2900224 -0.4344779 0.8527109 0.2900225 -0.2236715 0.4389801 0.8702111 0.2236714 -0.4389801 0.8702113 0.4344779 -0.852711 0.2900224 0.434478 -0.852711 -0.2900221 0.2236708 -0.4389788 -0.870212 -0.2236708 0.4389789 -0.870212 -0.4344779 0.852711 -0.2900223 -0.6767154 0.6767152 0.2900223 -0.3483766 0.3483765 0.8702112 0.3483766 -0.3483764 0.8702113 0.6767154 -0.676715 0.2900224 0.6767155 -0.6767151 -0.2900222 0.3483756 -0.3483754 -0.870212 -0.3483756 0.3483755 -0.870212 -0.6767154 0.6767152 -0.2900221 -0.852711 0.4344775 0.2900226 -0.4389802 0.2236713 0.8702113 0.4389801 -0.2236714 0.8702113 0.852711 -0.4344777 0.2900224 0.8527112 -0.4344778 -0.2900223 0.4389789 -0.2236707 -0.870212 -0.4389789 0.2236707 -0.870212 -0.8527111 0.4344776 -0.2900224 -0.9452374 0.1497109 0.2900224 -0.4866132 0.07707208 0.8702113 0.486613 -0.07707196 0.8702113 0.9452374 -0.149711 0.2900224 0.9452374 -0.149711 -0.2900221 0.4866117 -0.07707184 -0.870212 -0.4866118 0.07707184 -0.870212 -0.9452375 0.1497109 -0.2900221 -0.9452375 -0.1497105 0.2900223 -0.486613 -0.07707172 0.8702113 0.4866132 0.07707178 0.8702113 0.9452374 0.1497105 0.2900224 0.9452375 0.1497105 -0.2900222 0.4866117 0.0770716 -0.870212 -0.4866117 -0.07707148 -0.8702121 -0.9452375 -0.1497106 -0.290022 -0.8527111 -0.4344777 0.2900221 -0.4389802 -0.2236713 0.8702112 0.4389801 0.2236713 0.8702113 0.8527111 0.4344776 0.2900224 0.8527112 0.4344776 -0.2900222 0.4389789 0.2236706 -0.870212 -0.4389789 -0.2236707 -0.870212 -0.8527112 -0.4344777 -0.290022 -0.6767154 -0.676715 0.2900224 -0.3483766 -0.3483765 0.8702111 0.3483766 0.3483765 0.8702113 0.6767154 0.676715 0.2900224 0.6767155 0.6767151 -0.2900221 0.3483756 0.3483754 -0.870212 -0.3483757 -0.3483756 -0.870212 -0.6767156 -0.6767151 -0.2900223 -0.4344779 -0.8527109 0.2900226 -0.2236714 -0.4389801 0.8702112 0.2236715 0.4389801 0.8702113 0.4344778 0.8527109 0.2900224 0.434478 0.852711 -0.2900222 0.2236708 0.4389788 -0.870212 -0.2236708 -0.4389789 -0.870212 -0.434478 -0.852711 -0.2900224 -0.1497108 -0.9452373 0.2900223 -0.07707202 -0.4866132 0.8702113 0.07707202 0.486613 0.8702113 0.1497108 0.9452374 0.2900224 0.1497108 0.9452375 -0.2900221 0.07707178 0.4866117 -0.870212 -0.07707178 -0.4866118 -0.870212 -0.1497108 -0.9452375 -0.2900221 0.149711 -0.9452373 0.2900226 0.07707202 -0.4866131 0.8702112 -0.07707202 0.4866131 0.8702112 -0.149711 0.9452373 0.2900225 -0.1497108 0.9452374 -0.2900223 -0.07707178 0.4866117 -0.870212 0.07707178 -0.4866118 -0.870212 0.1497108 -0.9452374 -0.2900224 0.4344776 -0.8527111 0.2900224 0.2236713 -0.4389801 0.8702113 -0.2236713 0.43898 0.8702113 -0.4344776 0.8527111 0.2900221 -0.4344777 0.8527112 -0.290022 -0.2236707 0.4389787 -0.8702121 0.2236707 -0.4389788 -0.8702121 0.4344776 -0.8527112 -0.2900222 0.6767149 -0.6767156 0.2900222 0.3483764 -0.3483768 0.8702112 -0.3483763 0.3483768 0.8702113 -0.6767147 0.6767157 0.2900223 -0.6767148 0.6767158 -0.2900221 -0.3483753 0.3483757 -0.870212 0.3483754 -0.3483758 -0.870212 0.676715 -0.6767156 -0.290022 0.8527107 -0.4344784 0.2900223 0.4389799 -0.2236717 0.8702112 -0.4389799 0.2236716 0.8702113 -0.8527108 0.4344782 0.2900225 -0.8527108 0.4344784 -0.2900223 -0.4389786 0.223671 -0.8702121 0.4389787 -0.2236711 -0.870212 0.8527108 -0.4344785 -0.2900221 0.9452374 -0.1497109 0.2900224 0.4866132 -0.07707196 0.8702113 -0.486613 0.07707196 0.8702112 -0.9452373 0.1497111 0.2900224 -0.9452374 0.1497111 -0.2900221 -0.4866116 0.07707172 -0.870212 0.4866118 -0.07707172 -0.870212 0.9452374 -0.149711 -0.2900221 0.258819 0.9659258 0 0.7071068 0.7071068 0 0.9659258 0.258819 0 0.9659258 -0.258819 0 0.7071068 -0.7071068 0 0.258819 -0.9659258 0 -0.258819 -0.9659258 0 -0.7071068 -0.7071068 0 -0.9659258 -0.258819 0 -0.9659258 0.258819 0 0 0 1 0 0 1 0 0 1 0 0 1 0 0 1 0 0 1 0 0 1 0 0 1 0 0 1 -0.7071068 0.7071068 0 -0.258819 0.9659258 0 0 0 -1 0 0 -1 0 0 -1 0 0 -1 0 0 -1 0 0 -1 0 0 -1 0 0 -1 0 0 -1 0.9452374 0.149711 0.2900223 0.4866132 0.0770719 0.8702112 -0.4866131 -0.0770719 0.8702113 -0.9452373 -0.1497109 0.2900224 -0.9452373 -0.1497108 -0.2900224 -0.4866131 -0.0770719 -0.8702113 0.4866132 0.0770719 -0.8702112 0.9452374 0.149711 -0.2900223 0.8527111 0.4344779 0.2900222 0.43898 0.2236713 0.8702113 -0.4389801 -0.2236714 0.8702113 -0.852711 -0.4344778 0.2900224 -0.852711 -0.4344778 -0.2900224 -0.4389801 -0.2236714 -0.8702113 0.43898 0.2236713 -0.8702113 0.8527111 0.4344779 -0.2900222 0.6767151 0.6767153 0.2900225 0.3483766 0.3483766 0.8702112 -0.3483765 -0.3483766 0.8702112 -0.6767151 -0.6767154 0.2900224 -0.6767151 -0.6767154 -0.2900224 -0.3483765 -0.3483766 -0.8702112 0.3483766 0.3483766 -0.8702112 0.6767151 0.6767153 -0.2900225 0.4344781 0.8527109 0.2900226 0.2236716 0.4389801 0.8702112 -0.2236716 -0.4389801 0.8702113 -0.4344781 -0.8527108 0.2900224 -0.4344781 -0.8527108 -0.2900224 -0.2236716 -0.4389801 -0.8702113 0.2236716 0.4389801 -0.8702112 0.4344781 0.8527109 -0.2900226 0.149711 0.9452373 0.2900224 0.07707202 0.4866132 0.8702112 -0.0770719 -0.486613 0.8702113 -0.149711 -0.9452373 0.2900224 -0.1497108 -0.9452374 -0.2900224 -0.0770719 -0.486613 -0.8702113 0.07707202 0.4866132 -0.8702113 0.1497108 0.9452373 -0.2900223 -0.149711 0.9452372 0.2900226 -0.07707202 0.4866132 0.8702112 0.0770719 -0.4866132 0.8702113 0.149711 -0.9452373 0.2900224 0.149711 -0.9452373 -0.2900224 0.0770719 -0.4866132 -0.8702113 -0.07707202 0.4866132 -0.8702112 -0.149711 0.9452372 -0.2900226 -0.4344779 0.8527109 0.2900225 -0.2236715 0.4389801 0.8702111 0.2236714 -0.4389801 0.8702113 0.4344779 -0.852711 0.2900224 0.4344779 -0.852711 -0.2900224 0.2236714 -0.4389801 -0.8702113 -0.2236715 0.4389801 -0.8702111 -0.4344779 0.8527109 -0.2900225 -0.6767154 0.6767152 0.2900223 -0.3483766 0.3483765 0.8702112 0.3483766 -0.3483764 0.8702113 0.6767154 -0.676715 0.2900224 0.6767154 -0.676715 -0.2900224 0.3483766 -0.3483764 -0.8702113 -0.3483766 0.3483765 -0.8702112 -0.6767154 0.6767152 -0.2900223 -0.852711 0.4344775 0.2900226 -0.4389802 0.2236713 0.8702113 0.4389801 -0.2236714 0.8702113 0.852711 -0.4344777 0.2900224 0.852711 -0.4344777 -0.2900224 0.4389801 -0.2236714 -0.8702113 -0.4389802 0.2236713 -0.8702113 -0.852711 0.4344775 -0.2900226 -0.9452374 0.1497109 0.2900224 -0.4866132 0.07707208 0.8702113 0.486613 -0.07707196 0.8702113 0.9452374 -0.149711 0.2900224 0.9452374 -0.149711 -0.2900224 0.486613 -0.07707202 -0.8702113 -0.4866132 0.07707208 -0.8702113 -0.9452374 0.1497109 -0.2900224 -0.9452375 -0.1497105 0.2900223 -0.486613 -0.07707172 0.8702113 0.4866132 0.07707178 0.8702113 0.9452374 0.1497105 0.2900224 0.9452374 0.1497105 -0.2900224 0.4866132 0.07707178 -0.8702113 -0.486613 -0.07707172 -0.8702113 -0.9452375 -0.1497106 -0.2900223 -0.8527111 -0.4344777 0.2900221 -0.4389802 -0.2236713 0.8702112 0.4389801 0.2236713 0.8702113 0.8527111 0.4344776 0.2900224 0.8527111 0.4344776 -0.2900224 0.4389801 0.2236713 -0.8702113 -0.4389802 -0.2236713 -0.8702112 -0.8527111 -0.4344777 -0.2900221 -0.6767154 -0.676715 0.2900224 -0.3483766 -0.3483765 0.8702111 0.3483766 0.3483765 0.8702113 0.6767154 0.676715 0.2900224 0.6767154 0.676715 -0.2900224 0.3483766 0.3483765 -0.8702113 -0.3483766 -0.3483765 -0.8702111 -0.6767154 -0.676715 -0.2900224 -0.4344779 -0.8527109 0.2900226 -0.2236714 -0.4389801 0.8702112 0.2236715 0.4389801 0.8702113 0.4344778 0.8527109 0.2900224 0.4344779 0.852711 -0.2900224 0.2236715 0.4389801 -0.8702113 -0.2236714 -0.4389801 -0.8702112 -0.4344779 -0.8527109 -0.2900226 -0.1497108 -0.9452373 0.2900223 -0.07707202 -0.4866132 0.8702113 0.07707202 0.486613 0.8702113 0.1497108 0.9452374 0.2900224 0.1497108 0.9452374 -0.2900224 0.07707202 0.486613 -0.8702113 -0.07707202 -0.4866132 -0.8702113 -0.1497108 -0.9452373 -0.2900223 0.149711 -0.9452373 0.2900226 0.07707202 -0.4866131 0.8702112 -0.07707202 0.4866131 0.8702112 -0.149711 0.9452373 0.2900225 -0.1497108 0.9452374 -0.2900225 -0.07707202 0.4866131 -0.8702112 0.07707202 -0.4866132 -0.8702113 0.1497108 -0.9452372 -0.2900226 0.4344776 -0.8527111 0.2900224 0.2236713 -0.4389801 0.8702113 -0.2236713 0.43898 0.8702113 -0.4344776 0.8527111 0.2900221 -0.4344776 0.8527111 -0.2900221 -0.2236713 0.43898 -0.8702113 0.2236713 -0.4389801 -0.8702113 0.4344776 -0.8527111 -0.2900224 0.6767149 -0.6767156 0.2900222 0.3483764 -0.3483768 0.8702112 -0.3483763 0.3483768 0.8702113 -0.6767147 0.6767157 0.2900223 -0.6767147 0.6767157 -0.2900223 -0.3483763 0.3483768 -0.8702113 0.3483764 -0.3483768 -0.8702112 0.6767149 -0.6767156 -0.2900222 0.8527107 -0.4344784 0.2900223 0.4389799 -0.2236717 0.8702112 -0.4389799 0.2236716 0.8702113 -0.8527108 0.4344782 0.2900225 -0.8527107 0.4344783 -0.2900225 -0.4389799 0.2236717 -0.8702113 0.4389799 -0.2236717 -0.8702112 0.8527107 -0.4344784 -0.2900223 0.9452374 -0.1497109 0.2900224 0.4866132 -0.07707196 0.8702113 -0.486613 0.07707196 0.8702112 -0.9452373 0.1497111 0.2900224 -0.9452373 0.1497111 -0.2900224 -0.486613 0.07707196 -0.8702112 0.4866132 -0.07707196 -0.8702113 0.9452374 -0.149711 -0.2900224 0.258819 0.9659258 0 0.7071068 0.7071068 0 0.9659258 0.258819 0 0.9659258 -0.258819 0 0.7071068 -0.7071068 0 0.258819 -0.9659258 0 -0.258819 -0.9659258 0 -0.7071068 -0.7071068 0 -0.9659258 -0.258819 0 -0.9659258 0.258819 0 0 0 1 0 0 1 0 0 1 0 0 1 0 0 1 0 0 1 0 0 1 0 0 1 0 0 1 -0.7071068 0.7071068 0 -0.258819 0.9659258 0 0 0 -1 0 0 -1 0 0 -1 0 0 -1 0 0 -1 0 0 -1 0 0 -1 0 0 -1 0 0 -1</float_array>
          <technique_common>
            <accessor source="#tire_stack_6_a800-mesh-normals-array" count="2184" stride="3">
              <param name="X" type="float"/>
              <param name="Y" type="float"/>
              <param name="Z" type="float"/>
            </accessor>
          </technique_common>
        </source>
        <source id="tire_stack_6_a800-mesh-map-0">
          <float_array id="tire_stack_6_a800-mesh-map-0-array" count="13104">0.55 0.5 0.6 0.625 0.55 0.625 0.6 0.625 0.55 0.75 0.55 0.625 0.6 0.75 0.55 0.875 0.55 0.75 0.6 0.875 0.55 1 0.55 0.875 0.6 0 0.55 0.125 0.55 0 0.6 0.125 0.55 0.25 0.55 0.125 0.55 0.25 0.6 0.375 0.55 0.375 0.6 0.375 0.55 0.5 0.55 0.375 0.6 0.5 0.65 0.625 0.6 0.625 0.6 0.625 0.65 0.75 0.6 0.75 0.6 0.75 0.65 0.875 0.6 0.875 0.65 0.875 0.6 1 0.6 0.875 0.6 0 0.65 0.125 0.6 0.125 0.65 0.125 0.6 0.25 0.6 0.125 0.65 0.25 0.6 0.375 0.6 0.25 0.65 0.375 0.6 0.5 0.6 0.375 0.65 0.5 0.7 0.625 0.65 0.625 0.7 0.625 0.65 0.75 0.65 0.625 0.7 0.75 0.65 0.875 0.65 0.75 0.7 0.875 0.65 1 0.65 0.875 0.65 0 0.7 0.125 0.65 0.125 0.65 0.125 0.7 0.25 0.65 0.25 0.65 0.25 0.7 0.375 0.65 0.375 0.7 0.375 0.65 0.5 0.65 0.375 0.7 0.5 0.75 0.625 0.7 0.625 0.7 0.625 0.75 0.75 0.7 0.75 0.75 0.75 0.7 0.875 0.7 0.75 0.7 0.875 0.75 1 0.7 1 0.75 0 0.7 0.125 0.7 0 0.7 0.125 0.75 0.25 0.7 0.25 0.75 0.25 0.7 0.375 0.7 0.25 0.75 0.375 0.7 0.5 0.7 0.375 0.8 0.5 0.75 0.625 0.75 0.5 0.8 0.625 0.75 0.75 0.75 0.625 0.8 0.75 0.75 0.875 0.75 0.75 0.8 0.875 0.75 1 0.75 0.875 0.8 0 0.75 0.125 0.75 0 0.75 0.125 0.8 0.25 0.75 0.25 0.8 0.25 0.75 0.375 0.75 0.25 0.8 0.375 0.75 0.5 0.75 0.375 0.85 0.5 0.8 0.625 0.8 0.5 0.85 0.625 0.8 0.75 0.8 0.625 0.85 0.75 0.8 0.875 0.8 0.75 0.85 0.875 0.8 1 0.8 0.875 0.8 0 0.85 0.125 0.8 0.125 0.8 0.125 0.85 0.25 0.8 0.25 0.8 0.25 0.85 0.375 0.8 0.375 0.8 0.375 0.85 0.5 0.8 0.5 0.9 0.5 0.85 0.625 0.85 0.5 0.85 0.625 0.9 0.75 0.85 0.75 0.85 0.75 0.9 0.875 0.85 0.875 0.9 0.875 0.85 1 0.85 0.875 0.9 0 0.85 0.125 0.85 0 0.9 0.125 0.85 0.25 0.85 0.125 0.9 0.25 0.85 0.375 0.85 0.25 0.85 0.375 0.9 0.5 0.85 0.5 0.95 0.5 0.9 0.625 0.9 0.5 0.9 0.625 0.95 0.75 0.9 0.75 0.95 0.75 0.9 0.875 0.9 0.75 0.9 0.875 0.95 1 0.9 1 0.95 0 0.9 0.125 0.9 0 0.9 0.125 0.95 0.25 0.9 0.25 0.95 0.25 0.9 0.375 0.9 0.25 0.9 0.375 0.95 0.5 0.9 0.5 1 0.5 0.95 0.625 0.95 0.5 1 0.625 0.95 0.75 0.95 0.625 1 0.75 0.95 0.875 0.95 0.75 0.95 0.875 1 1 0.95 1 1 0 0.95 0.125 0.95 0 0.95 0.125 1 0.25 0.95 0.25 0.95 0.25 1 0.375 0.95 0.375 0.95 0.375 1 0.5 0.95 0.5 0 0.5 0.04999995 0.625 0 0.625 0 0.625 0.04999995 0.75 0 0.75 0.04999995 0.75 0 0.875 0 0.75 0 0.875 0.04999995 1 0 1 0.04999995 0 0 0.125 0 0 0.04999995 0.125 0 0.25 0 0.125 0.04999995 0.25 0 0.375 0 0.25 0.04999995 0.375 0 0.5 0 0.375 0.1 0.5 0.04999995 0.625 0.04999995 0.5 0.04999995 0.625 0.1 0.75 0.04999995 0.75 0.04999995 0.75 0.1 0.875 0.04999995 0.875 0.04999995 0.875 0.1 1 0.04999995 1 0.1 0 0.04999995 0.125 0.04999995 0 0.1 0.125 0.04999995 0.25 0.04999995 0.125 0.1 0.25 0.04999995 0.375 0.04999995 0.25 0.1 0.375 0.04999995 0.5 0.04999995 0.375 0.1 0.5 0.15 0.625 0.1 0.625 0.15 0.625 0.1 0.75 0.1 0.625 0.1 0.75 0.15 0.875 0.1 0.875 0.15 0.875 0.1 1 0.1 0.875 0.1 0 0.15 0.125 0.1 0.125 0.15 0.125 0.1 0.25 0.1 0.125 0.1 0.25 0.15 0.375 0.1 0.375 0.15 0.375 0.1 0.5 0.1 0.375 0.15 0.5 0.2 0.625 0.15 0.625 0.2 0.625 0.15 0.75 0.15 0.625 0.15 0.75 0.2 0.875 0.15 0.875 0.2 0.875 0.15 1 0.15 0.875 0.15 0 0.2 0.125 0.15 0.125 0.2 0.125 0.15 0.25 0.15 0.125 0.15 0.25 0.2 0.375 0.15 0.375 0.2 0.375 0.15 0.5 0.15 0.375 0.2 0.5 0.25 0.625 0.2 0.625 0.25 0.625 0.2 0.75 0.2 0.625 0.25 0.75 0.2 0.875 0.2 0.75 0.25 0.875 0.2 1 0.2 0.875 0.25 0 0.2 0.125 0.2 0 0.2 0.125 0.25 0.25 0.2 0.25 0.2 0.25 0.25 0.375 0.2 0.375 0.25 0.375 0.2 0.5 0.2 0.375 0.25 0.5 0.3 0.625 0.25 0.625 0.25 0.625 0.3 0.75 0.25 0.75 0.25 0.75 0.3 0.875 0.25 0.875 0.25 0.875 0.3 1 0.25 1 0.3 0 0.25 0.125 0.25 0 0.3 0.125 0.25 0.25 0.25 0.125 0.3 0.25 0.25 0.375 0.25 0.25 0.3 0.375 0.25 0.5 0.25 0.375 0.35 0.5 0.3 0.625 0.3 0.5 0.35 0.625 0.3 0.75 0.3 0.625 0.3 0.75 0.35 0.875 0.3 0.875 0.35 0.875 0.3 1 0.3 0.875 0.35 0 0.3 0.125 0.3 0 0.35 0.125 0.3 0.25 0.3 0.125 0.35 0.25 0.3 0.375 0.3 0.25 0.35 0.375 0.3 0.5 0.3 0.375 0.4 0.5 0.35 0.625 0.35 0.5 0.35 0.625 0.4 0.75 0.35 0.75 0.35 0.75 0.4 0.875 0.35 0.875 0.4 0.875 0.35 1 0.35 0.875 0.35 0 0.4 0.125 0.35 0.125 0.4 0.125 0.35 0.25 0.35 0.125 0.4 0.25 0.35 0.375 0.35 0.25 0.35 0.375 0.4 0.5 0.35 0.5 0.45 0.5 0.4 0.625 0.4 0.5 0.45 0.625 0.4 0.75 0.4 0.625 0.4 0.75 0.45 0.875 0.4 0.875 0.4 0.875 0.45 1 0.4 1 0.45 0 0.4 0.125 0.4 0 0.45 0.125 0.4 0.25 0.4 0.125 0.4 0.25 0.45 0.375 0.4 0.375 0.4 0.375 0.45 0.5 0.4 0.5 0.5 0.5 0.45 0.625 0.45 0.5 0.45 0.625 0.5 0.75 0.45 0.75 0.5 0.75 0.45 0.875 0.45 0.75 0.5 0.875 0.45 1 0.45 0.875 0.5 0 0.45 0.125 0.45 0 0.5 0.125 0.45 0.25 0.45 0.125 0.5 0.25 0.45 0.375 0.45 0.25 0.5 0.375 0.45 0.5 0.45 0.375 0.55 0.5 0.5 0.625 0.5 0.5 0.55 0.625 0.5 0.75 0.5 0.625 0.55 0.75 0.5 0.875 0.5 0.75 0.55 0.875 0.5 1 0.5 0.875 0.5 0 0.55 0.125 0.5 0.125 0.5 0.125 0.55 0.25 0.5 0.25 0.5 0.25 0.55 0.375 0.5 0.375 0.55 0.375 0.5 0.5 0.5 0.375 0.5028243 0.4309452 0.5493506 0.3162305 0.5493506 0.4309452 0.5028243 0.3162305 0.5493506 0.1837694 0.5493506 0.3162305 0.5028243 0.1837694 0.5493507 0.06905478 0.5493506 0.1837694 0.5028243 0.06905478 0.5493507 0.002824187 0.5493507 0.06905478 0.5028242 0.8647147 0.5493506 0.75 0.5493506 0.8647147 0.5028242 0.75 0.5493506 0.6175389 0.5493506 0.75 0.5028242 0.6175389 0.5493506 0.5028242 0.5493506 0.6175389 0.5028243 0.5028242 0.5493506 0.4365936 0.5493506 0.5028242 0.5549991 0.4309452 0.6015254 0.3647147 0.6015254 0.4309452 0.5549991 0.3647147 0.6015255 0.25 0.6015254 0.3647147 0.06905472 0.06905478 0.4971758 0.1837694 0.1837694 0.4971758 0.5549991 0.25 0.6015255 0.1175389 0.6015255 0.25 0.5549991 0.1175389 0.6015255 0.002824187 0.6015255 0.1175389 0.1837694 0.5028242 0.4971758 0.8162305 0.06905478 0.9309452 0.6 0.5 0.55 0.625 0.55 0.5 0.6 0.625 0.55 0.75 0.55 0.625 0.6 0.75 0.55 0.875 0.55 0.75 0.6 0.875 0.55 1 0.55 0.875 0.55 0 0.6 0.125 0.55 0.125 0.6 0.125 0.55 0.25 0.55 0.125 0.55 0.25 0.6 0.375 0.55 0.375 0.6 0.375 0.55 0.5 0.55 0.375 0.6 0.5 0.65 0.625 0.6 0.625 0.6 0.625 0.65 0.75 0.6 0.75 0.6 0.75 0.65 0.875 0.6 0.875 0.65 0.875 0.6 1 0.6 0.875 0.6 0 0.65 0.125 0.6 0.125 0.65 0.125 0.6 0.25 0.6 0.125 0.65 0.25 0.6 0.375 0.6 0.25 0.65 0.375 0.6 0.5 0.6 0.375 0.65 0.5 0.7 0.625 0.65 0.625 0.7 0.625 0.65 0.75 0.65 0.625 0.7 0.75 0.65 0.875 0.65 0.75 0.7 0.875 0.65 1 0.65 0.875 0.65 0 0.7 0.125 0.65 0.125 0.65 0.125 0.7 0.25 0.65 0.25 0.65 0.25 0.7 0.375 0.65 0.375 0.7 0.375 0.65 0.5 0.65 0.375 0.7 0.5 0.75 0.625 0.7 0.625 0.7 0.625 0.75 0.75 0.7 0.75 0.75 0.75 0.7 0.875 0.7 0.75 0.7 0.875 0.75 1 0.7 1 0.75 0 0.7 0.125 0.7 0 0.7 0.125 0.75 0.25 0.7 0.25 0.75 0.25 0.7 0.375 0.7 0.25 0.75 0.375 0.7 0.5 0.7 0.375 0.8 0.5 0.75 0.625 0.75 0.5 0.8 0.625 0.75 0.75 0.75 0.625 0.8 0.75 0.75 0.875 0.75 0.75 0.8 0.875 0.75 1 0.75 0.875 0.8 0 0.75 0.125 0.75 0 0.75 0.125 0.8 0.25 0.75 0.25 0.8 0.25 0.75 0.375 0.75 0.25 0.8 0.375 0.75 0.5 0.75 0.375 0.85 0.5 0.8 0.625 0.8 0.5 0.85 0.625 0.8 0.75 0.8 0.625 0.85 0.75 0.8 0.875 0.8 0.75 0.85 0.875 0.8 1 0.8 0.875 0.8 0 0.85 0.125 0.8 0.125 0.8 0.125 0.85 0.25 0.8 0.25 0.8 0.25 0.85 0.375 0.8 0.375 0.85 0.375 0.8 0.5 0.8 0.375 0.9 0.5 0.85 0.625 0.85 0.5 0.85 0.625 0.9 0.75 0.85 0.75 0.85 0.75 0.9 0.875 0.85 0.875 0.9 0.875 0.85 1 0.85 0.875 0.9 0 0.85 0.125 0.85 0 0.9 0.125 0.85 0.25 0.85 0.125 0.9 0.25 0.85 0.375 0.85 0.25 0.85 0.375 0.9 0.5 0.85 0.5 0.95 0.5 0.9 0.625 0.9 0.5 0.9 0.625 0.95 0.75 0.9 0.75 0.95 0.75 0.9 0.875 0.9 0.75 0.9 0.875 0.95 1 0.9 1 0.95 0 0.9 0.125 0.9 0 0.9 0.125 0.95 0.25 0.9 0.25 0.95 0.25 0.9 0.375 0.9 0.25 0.9 0.375 0.95 0.5 0.9 0.5 1 0.5 0.95 0.625 0.95 0.5 1 0.625 0.95 0.75 0.95 0.625 1 0.75 0.95 0.875 0.95 0.75 0.95 0.875 1 1 0.95 1 1 0 0.95 0.125 0.95 0 0.95 0.125 1 0.25 0.95 0.25 0.95 0.25 1 0.375 0.95 0.375 0.95 0.375 1 0.5 0.95 0.5 0 0.5 0.04999995 0.625 0 0.625 0 0.625 0.04999995 0.75 0 0.75 0.04999995 0.75 0 0.875 0 0.75 0 0.875 0.04999995 1 0 1 0.04999995 0 0 0.125 0 0 0.04999995 0.125 0 0.25 0 0.125 0.04999995 0.25 0 0.375 0 0.25 0.04999995 0.375 0 0.5 0 0.375 0.1 0.5 0.04999995 0.625 0.04999995 0.5 0.04999995 0.625 0.1 0.75 0.04999995 0.75 0.04999995 0.75 0.1 0.875 0.04999995 0.875 0.04999995 0.875 0.1 1 0.04999995 1 0.1 0 0.04999995 0.125 0.04999995 0 0.1 0.125 0.04999995 0.25 0.04999995 0.125 0.1 0.25 0.04999995 0.375 0.04999995 0.25 0.1 0.375 0.04999995 0.5 0.04999995 0.375 0.1 0.5 0.15 0.625 0.1 0.625 0.15 0.625 0.1 0.75 0.1 0.625 0.1 0.75 0.15 0.875 0.1 0.875 0.15 0.875 0.1 1 0.1 0.875 0.15 0 0.1 0.125 0.1 0 0.15 0.125 0.1 0.25 0.1 0.125 0.1 0.25 0.15 0.375 0.1 0.375 0.15 0.375 0.1 0.5 0.1 0.375 0.15 0.5 0.2 0.625 0.15 0.625 0.2 0.625 0.15 0.75 0.15 0.625 0.15 0.75 0.2 0.875 0.15 0.875 0.2 0.875 0.15 1 0.15 0.875 0.15 0 0.2 0.125 0.15 0.125 0.2 0.125 0.15 0.25 0.15 0.125 0.15 0.25 0.2 0.375 0.15 0.375 0.2 0.375 0.15 0.5 0.15 0.375 0.2 0.5 0.25 0.625 0.2 0.625 0.25 0.625 0.2 0.75 0.2 0.625 0.25 0.75 0.2 0.875 0.2 0.75 0.25 0.875 0.2 1 0.2 0.875 0.25 0 0.2 0.125 0.2 0 0.2 0.125 0.25 0.25 0.2 0.25 0.2 0.25 0.25 0.375 0.2 0.375 0.25 0.375 0.2 0.5 0.2 0.375 0.3 0.5 0.25 0.625 0.25 0.5 0.25 0.625 0.3 0.75 0.25 0.75 0.25 0.75 0.3 0.875 0.25 0.875 0.25 0.875 0.3 1 0.25 1 0.3 0 0.25 0.125 0.25 0 0.3 0.125 0.25 0.25 0.25 0.125 0.3 0.25 0.25 0.375 0.25 0.25 0.3 0.375 0.25 0.5 0.25 0.375 0.35 0.5 0.3 0.625 0.3 0.5 0.35 0.625 0.3 0.75 0.3 0.625 0.3 0.75 0.35 0.875 0.3 0.875 0.35 0.875 0.3 1 0.3 0.875 0.35 0 0.3 0.125 0.3 0 0.35 0.125 0.3 0.25 0.3 0.125 0.35 0.25 0.3 0.375 0.3 0.25 0.35 0.375 0.3 0.5 0.3 0.375 0.4 0.5 0.35 0.625 0.35 0.5 0.35 0.625 0.4 0.75 0.35 0.75 0.35 0.75 0.4 0.875 0.35 0.875 0.4 0.875 0.35 1 0.35 0.875 0.35 0 0.4 0.125 0.35 0.125 0.4 0.125 0.35 0.25 0.35 0.125 0.4 0.25 0.35 0.375 0.35 0.25 0.35 0.375 0.4 0.5 0.35 0.5 0.45 0.5 0.4 0.625 0.4 0.5 0.45 0.625 0.4 0.75 0.4 0.625 0.4 0.75 0.45 0.875 0.4 0.875 0.45 0.875 0.4 1 0.4 0.875 0.45 0 0.4 0.125 0.4 0 0.45 0.125 0.4 0.25 0.4 0.125 0.4 0.25 0.45 0.375 0.4 0.375 0.4 0.375 0.45 0.5 0.4 0.5 0.45 0.5 0.5 0.625 0.45 0.625 0.45 0.625 0.5 0.75 0.45 0.75 0.5 0.75 0.45 0.875 0.45 0.75 0.45 0.875 0.5 1 0.45 1 0.5 0 0.45 0.125 0.45 0 0.5 0.125 0.45 0.25 0.45 0.125 0.5 0.25 0.45 0.375 0.45 0.25 0.5 0.375 0.45 0.5 0.45 0.375 0.55 0.5 0.5 0.625 0.5 0.5 0.55 0.625 0.5 0.75 0.5 0.625 0.55 0.75 0.5 0.875 0.5 0.75 0.55 0.875 0.5 1 0.5 0.875 0.55 0 0.5 0.125 0.5 0 0.5 0.125 0.55 0.25 0.5 0.25 0.5 0.25 0.55 0.375 0.5 0.375 0.55 0.375 0.5 0.5 0.5 0.375 0.5028243 0.4309452 0.5493506 0.3162305 0.5493506 0.4309452 0.5028243 0.3162305 0.5493506 0.1837694 0.5493506 0.3162305 0.5028243 0.1837694 0.5493507 0.06905478 0.5493506 0.1837694 0.5028243 0.06905478 0.5493507 0.002824187 0.5493507 0.06905478 0.5028242 0.8647147 0.5493506 0.75 0.5493506 0.8647147 0.5028242 0.75 0.5493506 0.6175389 0.5493506 0.75 0.5028242 0.6175389 0.5493506 0.5028242 0.5493506 0.6175389 0.5028243 0.5028242 0.5493506 0.4365936 0.5493506 0.5028242 0.5549991 0.4309452 0.6015254 0.3647147 0.6015254 0.4309452 0.5549991 0.3647147 0.6015255 0.25 0.6015254 0.3647147 0.06905472 0.06905478 0.4971758 0.1837694 0.1837694 0.4971758 0.5549991 0.25 0.6015255 0.1175389 0.6015255 0.25 0.5549991 0.1175389 0.6015255 0.002824187 0.6015255 0.1175389 0.1837694 0.5028242 0.4971758 0.8162305 0.06905478 0.9309452 0.55 0.5 0.6 0.625 0.55 0.625 0.6 0.625 0.55 0.75 0.55 0.625 0.6 0.75 0.55 0.875 0.55 0.75 0.6 0.875 0.55 1 0.55 0.875 0.55 0 0.6 0.125 0.55 0.125 0.6 0.125 0.55 0.25 0.55 0.125 0.55 0.25 0.6 0.375 0.55 0.375 0.6 0.375 0.55 0.5 0.55 0.375 0.6 0.5 0.65 0.625 0.6 0.625 0.6 0.625 0.65 0.75 0.6 0.75 0.6 0.75 0.65 0.875 0.6 0.875 0.65 0.875 0.6 1 0.6 0.875 0.6 0 0.65 0.125 0.6 0.125 0.65 0.125 0.6 0.25 0.6 0.125 0.65 0.25 0.6 0.375 0.6 0.25 0.65 0.375 0.6 0.5 0.6 0.375 0.65 0.5 0.7 0.625 0.65 0.625 0.7 0.625 0.65 0.75 0.65 0.625 0.7 0.75 0.65 0.875 0.65 0.75 0.7 0.875 0.65 1 0.65 0.875 0.65 0 0.7 0.125 0.65 0.125 0.65 0.125 0.7 0.25 0.65 0.25 0.65 0.25 0.7 0.375 0.65 0.375 0.7 0.375 0.65 0.5 0.65 0.375 0.7 0.5 0.75 0.625 0.7 0.625 0.7 0.625 0.75 0.75 0.7 0.75 0.75 0.75 0.7 0.875 0.7 0.75 0.7 0.875 0.75 1 0.7 1 0.75 0 0.7 0.125 0.7 0 0.7 0.125 0.75 0.25 0.7 0.25 0.75 0.25 0.7 0.375 0.7 0.25 0.75 0.375 0.7 0.5 0.7 0.375 0.8 0.5 0.75 0.625 0.75 0.5 0.8 0.625 0.75 0.75 0.75 0.625 0.8 0.75 0.75 0.875 0.75 0.75 0.8 0.875 0.75 1 0.75 0.875 0.8 0 0.75 0.125 0.75 0 0.75 0.125 0.8 0.25 0.75 0.25 0.8 0.25 0.75 0.375 0.75 0.25 0.8 0.375 0.75 0.5 0.75 0.375 0.85 0.5 0.8 0.625 0.8 0.5 0.85 0.625 0.8 0.75 0.8 0.625 0.85 0.75 0.8 0.875 0.8 0.75 0.85 0.875 0.8 1 0.8 0.875 0.8 0 0.85 0.125 0.8 0.125 0.8 0.125 0.85 0.25 0.8 0.25 0.8 0.25 0.85 0.375 0.8 0.375 0.85 0.375 0.8 0.5 0.8 0.375 0.9 0.5 0.85 0.625 0.85 0.5 0.85 0.625 0.9 0.75 0.85 0.75 0.85 0.75 0.9 0.875 0.85 0.875 0.9 0.875 0.85 1 0.85 0.875 0.9 0 0.85 0.125 0.85 0 0.9 0.125 0.85 0.25 0.85 0.125 0.9 0.25 0.85 0.375 0.85 0.25 0.85 0.375 0.9 0.5 0.85 0.5 0.95 0.5 0.9 0.625 0.9 0.5 0.9 0.625 0.95 0.75 0.9 0.75 0.95 0.75 0.9 0.875 0.9 0.75 0.9 0.875 0.95 1 0.9 1 0.95 0 0.9 0.125 0.9 0 0.9 0.125 0.95 0.25 0.9 0.25 0.95 0.25 0.9 0.375 0.9 0.25 0.9 0.375 0.95 0.5 0.9 0.5 1 0.5 0.95 0.625 0.95 0.5 1 0.625 0.95 0.75 0.95 0.625 1 0.75 0.95 0.875 0.95 0.75 0.95 0.875 1 1 0.95 1 1 0 0.95 0.125 0.95 0 0.95 0.125 1 0.25 0.95 0.25 0.95 0.25 1 0.375 0.95 0.375 0.95 0.375 1 0.5 0.95 0.5 0 0.5 0.04999995 0.625 0 0.625 0 0.625 0.04999995 0.75 0 0.75 0.04999995 0.75 0 0.875 0 0.75 0 0.875 0.04999995 1 0 1 0.04999995 0 0 0.125 0 0 0.04999995 0.125 0 0.25 0 0.125 0.04999995 0.25 0 0.375 0 0.25 0.04999995 0.375 0 0.5 0 0.375 0.1 0.5 0.04999995 0.625 0.04999995 0.5 0.04999995 0.625 0.1 0.75 0.04999995 0.75 0.04999995 0.75 0.1 0.875 0.04999995 0.875 0.04999995 0.875 0.1 1 0.04999995 1 0.1 0 0.04999995 0.125 0.04999995 0 0.1 0.125 0.04999995 0.25 0.04999995 0.125 0.1 0.25 0.04999995 0.375 0.04999995 0.25 0.1 0.375 0.04999995 0.5 0.04999995 0.375 0.1 0.5 0.15 0.625 0.1 0.625 0.15 0.625 0.1 0.75 0.1 0.625 0.1 0.75 0.15 0.875 0.1 0.875 0.15 0.875 0.1 1 0.1 0.875 0.15 0 0.1 0.125 0.1 0 0.15 0.125 0.1 0.25 0.1 0.125 0.1 0.25 0.15 0.375 0.1 0.375 0.15 0.375 0.1 0.5 0.1 0.375 0.15 0.5 0.2 0.625 0.15 0.625 0.2 0.625 0.15 0.75 0.15 0.625 0.15 0.75 0.2 0.875 0.15 0.875 0.2 0.875 0.15 1 0.15 0.875 0.15 0 0.2 0.125 0.15 0.125 0.2 0.125 0.15 0.25 0.15 0.125 0.15 0.25 0.2 0.375 0.15 0.375 0.2 0.375 0.15 0.5 0.15 0.375 0.2 0.5 0.25 0.625 0.2 0.625 0.25 0.625 0.2 0.75 0.2 0.625 0.25 0.75 0.2 0.875 0.2 0.75 0.25 0.875 0.2 1 0.2 0.875 0.25 0 0.2 0.125 0.2 0 0.2 0.125 0.25 0.25 0.2 0.25 0.2 0.25 0.25 0.375 0.2 0.375 0.25 0.375 0.2 0.5 0.2 0.375 0.25 0.5 0.3 0.625 0.25 0.625 0.25 0.625 0.3 0.75 0.25 0.75 0.25 0.75 0.3 0.875 0.25 0.875 0.25 0.875 0.3 1 0.25 1 0.3 0 0.25 0.125 0.25 0 0.3 0.125 0.25 0.25 0.25 0.125 0.3 0.25 0.25 0.375 0.25 0.25 0.3 0.375 0.25 0.5 0.25 0.375 0.35 0.5 0.3 0.625 0.3 0.5 0.35 0.625 0.3 0.75 0.3 0.625 0.3 0.75 0.35 0.875 0.3 0.875 0.35 0.875 0.3 1 0.3 0.875 0.35 0 0.3 0.125 0.3 0 0.35 0.125 0.3 0.25 0.3 0.125 0.35 0.25 0.3 0.375 0.3 0.25 0.35 0.375 0.3 0.5 0.3 0.375 0.4 0.5 0.35 0.625 0.35 0.5 0.35 0.625 0.4 0.75 0.35 0.75 0.35 0.75 0.4 0.875 0.35 0.875 0.4 0.875 0.35 1 0.35 0.875 0.35 0 0.4 0.125 0.35 0.125 0.4 0.125 0.35 0.25 0.35 0.125 0.4 0.25 0.35 0.375 0.35 0.25 0.35 0.375 0.4 0.5 0.35 0.5 0.45 0.5 0.4 0.625 0.4 0.5 0.45 0.625 0.4 0.75 0.4 0.625 0.4 0.75 0.45 0.875 0.4 0.875 0.4 0.875 0.45 1 0.4 1 0.45 0 0.4 0.125 0.4 0 0.45 0.125 0.4 0.25 0.4 0.125 0.4 0.25 0.45 0.375 0.4 0.375 0.4 0.375 0.45 0.5 0.4 0.5 0.5 0.5 0.45 0.625 0.45 0.5 0.45 0.625 0.5 0.75 0.45 0.75 0.5 0.75 0.45 0.875 0.45 0.75 0.5 0.875 0.45 1 0.45 0.875 0.5 0 0.45 0.125 0.45 0 0.5 0.125 0.45 0.25 0.45 0.125 0.5 0.25 0.45 0.375 0.45 0.25 0.5 0.375 0.45 0.5 0.45 0.375 0.55 0.5 0.5 0.625 0.5 0.5 0.55 0.625 0.5 0.75 0.5 0.625 0.55 0.75 0.5 0.875 0.5 0.75 0.55 0.875 0.5 1 0.5 0.875 0.55 0 0.5 0.125 0.5 0 0.5 0.125 0.55 0.25 0.5 0.25 0.5 0.25 0.55 0.375 0.5 0.375 0.55 0.375 0.5 0.5 0.5 0.375 0.5028243 0.4309452 0.5493506 0.3162305 0.5493506 0.4309452 0.5028243 0.3162305 0.5493506 0.1837694 0.5493506 0.3162305 0.5028243 0.1837694 0.5493507 0.06905478 0.5493506 0.1837694 0.5028243 0.06905478 0.5493507 0.002824187 0.5493507 0.06905478 0.5028242 0.8647147 0.5493506 0.75 0.5493506 0.8647147 0.5028242 0.75 0.5493506 0.6175389 0.5493506 0.75 0.5028242 0.6175389 0.5493506 0.5028242 0.5493506 0.6175389 0.5028243 0.5028242 0.5493506 0.4365936 0.5493506 0.5028242 0.5549991 0.4309452 0.6015254 0.3647147 0.6015254 0.4309452 0.5549991 0.3647147 0.6015255 0.25 0.6015254 0.3647147 0.06905472 0.06905478 0.4971758 0.1837694 0.1837694 0.4971758 0.5549991 0.25 0.6015255 0.1175389 0.6015255 0.25 0.5549991 0.1175389 0.6015255 0.002824187 0.6015255 0.1175389 0.1837694 0.5028242 0.4971758 0.8162305 0.06905478 0.9309452 0.55 0.5 0.6 0.625 0.55 0.625 0.6 0.625 0.55 0.75 0.55 0.625 0.6 0.75 0.55 0.875 0.55 0.75 0.6 0.875 0.55 1 0.55 0.875 0.6 0 0.55 0.125 0.55 0 0.6 0.125 0.55 0.25 0.55 0.125 0.55 0.25 0.6 0.375 0.55 0.375 0.6 0.375 0.55 0.5 0.55 0.375 0.6 0.5 0.65 0.625 0.6 0.625 0.6 0.625 0.65 0.75 0.6 0.75 0.6 0.75 0.65 0.875 0.6 0.875 0.65 0.875 0.6 1 0.6 0.875 0.6 0 0.65 0.125 0.6 0.125 0.65 0.125 0.6 0.25 0.6 0.125 0.65 0.25 0.6 0.375 0.6 0.25 0.65 0.375 0.6 0.5 0.6 0.375 0.65 0.5 0.7 0.625 0.65 0.625 0.7 0.625 0.65 0.75 0.65 0.625 0.7 0.75 0.65 0.875 0.65 0.75 0.7 0.875 0.65 1 0.65 0.875 0.65 0 0.7 0.125 0.65 0.125 0.65 0.125 0.7 0.25 0.65 0.25 0.65 0.25 0.7 0.375 0.65 0.375 0.7 0.375 0.65 0.5 0.65 0.375 0.7 0.5 0.75 0.625 0.7 0.625 0.7 0.625 0.75 0.75 0.7 0.75 0.75 0.75 0.7 0.875 0.7 0.75 0.7 0.875 0.75 1 0.7 1 0.75 0 0.7 0.125 0.7 0 0.7 0.125 0.75 0.25 0.7 0.25 0.75 0.25 0.7 0.375 0.7 0.25 0.75 0.375 0.7 0.5 0.7 0.375 0.8 0.5 0.75 0.625 0.75 0.5 0.8 0.625 0.75 0.75 0.75 0.625 0.8 0.75 0.75 0.875 0.75 0.75 0.8 0.875 0.75 1 0.75 0.875 0.8 0 0.75 0.125 0.75 0 0.75 0.125 0.8 0.25 0.75 0.25 0.8 0.25 0.75 0.375 0.75 0.25 0.8 0.375 0.75 0.5 0.75 0.375 0.85 0.5 0.8 0.625 0.8 0.5 0.85 0.625 0.8 0.75 0.8 0.625 0.85 0.75 0.8 0.875 0.8 0.75 0.85 0.875 0.8 1 0.8 0.875 0.8 0 0.85 0.125 0.8 0.125 0.8 0.125 0.85 0.25 0.8 0.25 0.8 0.25 0.85 0.375 0.8 0.375 0.8 0.375 0.85 0.5 0.8 0.5 0.9 0.5 0.85 0.625 0.85 0.5 0.85 0.625 0.9 0.75 0.85 0.75 0.85 0.75 0.9 0.875 0.85 0.875 0.9 0.875 0.85 1 0.85 0.875 0.9 0 0.85 0.125 0.85 0 0.9 0.125 0.85 0.25 0.85 0.125 0.9 0.25 0.85 0.375 0.85 0.25 0.85 0.375 0.9 0.5 0.85 0.5 0.95 0.5 0.9 0.625 0.9 0.5 0.9 0.625 0.95 0.75 0.9 0.75 0.95 0.75 0.9 0.875 0.9 0.75 0.9 0.875 0.95 1 0.9 1 0.95 0 0.9 0.125 0.9 0 0.9 0.125 0.95 0.25 0.9 0.25 0.95 0.25 0.9 0.375 0.9 0.25 0.9 0.375 0.95 0.5 0.9 0.5 1 0.5 0.95 0.625 0.95 0.5 1 0.625 0.95 0.75 0.95 0.625 1 0.75 0.95 0.875 0.95 0.75 0.95 0.875 1 1 0.95 1 1 0 0.95 0.125 0.95 0 0.95 0.125 1 0.25 0.95 0.25 0.95 0.25 1 0.375 0.95 0.375 0.95 0.375 1 0.5 0.95 0.5 0 0.5 0.04999995 0.625 0 0.625 0 0.625 0.04999995 0.75 0 0.75 0.04999995 0.75 0 0.875 0 0.75 0 0.875 0.04999995 1 0 1 0.04999995 0 0 0.125 0 0 0.04999995 0.125 0 0.25 0 0.125 0.04999995 0.25 0 0.375 0 0.25 0.04999995 0.375 0 0.5 0 0.375 0.1 0.5 0.04999995 0.625 0.04999995 0.5 0.04999995 0.625 0.1 0.75 0.04999995 0.75 0.04999995 0.75 0.1 0.875 0.04999995 0.875 0.04999995 0.875 0.1 1 0.04999995 1 0.1 0 0.04999995 0.125 0.04999995 0 0.1 0.125 0.04999995 0.25 0.04999995 0.125 0.1 0.25 0.04999995 0.375 0.04999995 0.25 0.1 0.375 0.04999995 0.5 0.04999995 0.375 0.1 0.5 0.15 0.625 0.1 0.625 0.15 0.625 0.1 0.75 0.1 0.625 0.1 0.75 0.15 0.875 0.1 0.875 0.15 0.875 0.1 1 0.1 0.875 0.1 0 0.15 0.125 0.1 0.125 0.15 0.125 0.1 0.25 0.1 0.125 0.1 0.25 0.15 0.375 0.1 0.375 0.15 0.375 0.1 0.5 0.1 0.375 0.15 0.5 0.2 0.625 0.15 0.625 0.2 0.625 0.15 0.75 0.15 0.625 0.15 0.75 0.2 0.875 0.15 0.875 0.2 0.875 0.15 1 0.15 0.875 0.15 0 0.2 0.125 0.15 0.125 0.2 0.125 0.15 0.25 0.15 0.125 0.15 0.25 0.2 0.375 0.15 0.375 0.2 0.375 0.15 0.5 0.15 0.375 0.2 0.5 0.25 0.625 0.2 0.625 0.25 0.625 0.2 0.75 0.2 0.625 0.25 0.75 0.2 0.875 0.2 0.75 0.25 0.875 0.2 1 0.2 0.875 0.25 0 0.2 0.125 0.2 0 0.2 0.125 0.25 0.25 0.2 0.25 0.2 0.25 0.25 0.375 0.2 0.375 0.25 0.375 0.2 0.5 0.2 0.375 0.25 0.5 0.3 0.625 0.25 0.625 0.25 0.625 0.3 0.75 0.25 0.75 0.25 0.75 0.3 0.875 0.25 0.875 0.25 0.875 0.3 1 0.25 1 0.3 0 0.25 0.125 0.25 0 0.3 0.125 0.25 0.25 0.25 0.125 0.3 0.25 0.25 0.375 0.25 0.25 0.3 0.375 0.25 0.5 0.25 0.375 0.35 0.5 0.3 0.625 0.3 0.5 0.35 0.625 0.3 0.75 0.3 0.625 0.3 0.75 0.35 0.875 0.3 0.875 0.35 0.875 0.3 1 0.3 0.875 0.35 0 0.3 0.125 0.3 0 0.35 0.125 0.3 0.25 0.3 0.125 0.35 0.25 0.3 0.375 0.3 0.25 0.35 0.375 0.3 0.5 0.3 0.375 0.4 0.5 0.35 0.625 0.35 0.5 0.35 0.625 0.4 0.75 0.35 0.75 0.35 0.75 0.4 0.875 0.35 0.875 0.4 0.875 0.35 1 0.35 0.875 0.35 0 0.4 0.125 0.35 0.125 0.4 0.125 0.35 0.25 0.35 0.125 0.4 0.25 0.35 0.375 0.35 0.25 0.35 0.375 0.4 0.5 0.35 0.5 0.45 0.5 0.4 0.625 0.4 0.5 0.45 0.625 0.4 0.75 0.4 0.625 0.4 0.75 0.45 0.875 0.4 0.875 0.4 0.875 0.45 1 0.4 1 0.45 0 0.4 0.125 0.4 0 0.45 0.125 0.4 0.25 0.4 0.125 0.4 0.25 0.45 0.375 0.4 0.375 0.4 0.375 0.45 0.5 0.4 0.5 0.5 0.5 0.45 0.625 0.45 0.5 0.45 0.625 0.5 0.75 0.45 0.75 0.5 0.75 0.45 0.875 0.45 0.75 0.5 0.875 0.45 1 0.45 0.875 0.5 0 0.45 0.125 0.45 0 0.5 0.125 0.45 0.25 0.45 0.125 0.5 0.25 0.45 0.375 0.45 0.25 0.5 0.375 0.45 0.5 0.45 0.375 0.55 0.5 0.5 0.625 0.5 0.5 0.55 0.625 0.5 0.75 0.5 0.625 0.55 0.75 0.5 0.875 0.5 0.75 0.55 0.875 0.5 1 0.5 0.875 0.5 0 0.55 0.125 0.5 0.125 0.5 0.125 0.55 0.25 0.5 0.25 0.5 0.25 0.55 0.375 0.5 0.375 0.55 0.375 0.5 0.5 0.5 0.375 0.5028243 0.4309452 0.5493506 0.3162305 0.5493506 0.4309452 0.5028243 0.3162305 0.5493506 0.1837694 0.5493506 0.3162305 0.5028243 0.1837694 0.5493507 0.06905478 0.5493506 0.1837694 0.5028243 0.06905478 0.5493507 0.002824187 0.5493507 0.06905478 0.5028242 0.8647147 0.5493506 0.75 0.5493506 0.8647147 0.5028242 0.75 0.5493506 0.6175389 0.5493506 0.75 0.5028242 0.6175389 0.5493506 0.5028242 0.5493506 0.6175389 0.5028243 0.5028242 0.5493506 0.4365936 0.5493506 0.5028242 0.5549991 0.4309452 0.6015254 0.3647147 0.6015254 0.4309452 0.5549991 0.3647147 0.6015255 0.25 0.6015254 0.3647147 0.06905472 0.06905478 0.4971758 0.1837694 0.1837694 0.4971758 0.5549991 0.25 0.6015255 0.1175389 0.6015255 0.25 0.5549991 0.1175389 0.6015255 0.002824187 0.6015255 0.1175389 0.1837694 0.5028242 0.4971758 0.8162305 0.06905478 0.9309452 0.55 0.5 0.6 0.625 0.55 0.625 0.6 0.625 0.55 0.75 0.55 0.625 0.6 0.75 0.55 0.875 0.55 0.75 0.6 0.875 0.55 1 0.55 0.875 0.6 0 0.55 0.125 0.55 0 0.6 0.125 0.55 0.25 0.55 0.125 0.55 0.25 0.6 0.375 0.55 0.375 0.6 0.375 0.55 0.5 0.55 0.375 0.6 0.5 0.65 0.625 0.6 0.625 0.6 0.625 0.65 0.75 0.6 0.75 0.6 0.75 0.65 0.875 0.6 0.875 0.65 0.875 0.6 1 0.6 0.875 0.6 0 0.65 0.125 0.6 0.125 0.65 0.125 0.6 0.25 0.6 0.125 0.65 0.25 0.6 0.375 0.6 0.25 0.65 0.375 0.6 0.5 0.6 0.375 0.65 0.5 0.7 0.625 0.65 0.625 0.7 0.625 0.65 0.75 0.65 0.625 0.7 0.75 0.65 0.875 0.65 0.75 0.7 0.875 0.65 1 0.65 0.875 0.65 0 0.7 0.125 0.65 0.125 0.65 0.125 0.7 0.25 0.65 0.25 0.65 0.25 0.7 0.375 0.65 0.375 0.7 0.375 0.65 0.5 0.65 0.375 0.7 0.5 0.75 0.625 0.7 0.625 0.7 0.625 0.75 0.75 0.7 0.75 0.75 0.75 0.7 0.875 0.7 0.75 0.7 0.875 0.75 1 0.7 1 0.75 0 0.7 0.125 0.7 0 0.7 0.125 0.75 0.25 0.7 0.25 0.75 0.25 0.7 0.375 0.7 0.25 0.75 0.375 0.7 0.5 0.7 0.375 0.8 0.5 0.75 0.625 0.75 0.5 0.8 0.625 0.75 0.75 0.75 0.625 0.8 0.75 0.75 0.875 0.75 0.75 0.8 0.875 0.75 1 0.75 0.875 0.8 0 0.75 0.125 0.75 0 0.75 0.125 0.8 0.25 0.75 0.25 0.8 0.25 0.75 0.375 0.75 0.25 0.8 0.375 0.75 0.5 0.75 0.375 0.85 0.5 0.8 0.625 0.8 0.5 0.85 0.625 0.8 0.75 0.8 0.625 0.85 0.75 0.8 0.875 0.8 0.75 0.85 0.875 0.8 1 0.8 0.875 0.8 0 0.85 0.125 0.8 0.125 0.8 0.125 0.85 0.25 0.8 0.25 0.8 0.25 0.85 0.375 0.8 0.375 0.8 0.375 0.85 0.5 0.8 0.5 0.9 0.5 0.85 0.625 0.85 0.5 0.85 0.625 0.9 0.75 0.85 0.75 0.85 0.75 0.9 0.875 0.85 0.875 0.9 0.875 0.85 1 0.85 0.875 0.9 0 0.85 0.125 0.85 0 0.9 0.125 0.85 0.25 0.85 0.125 0.9 0.25 0.85 0.375 0.85 0.25 0.85 0.375 0.9 0.5 0.85 0.5 0.95 0.5 0.9 0.625 0.9 0.5 0.9 0.625 0.95 0.75 0.9 0.75 0.95 0.75 0.9 0.875 0.9 0.75 0.9 0.875 0.95 1 0.9 1 0.95 0 0.9 0.125 0.9 0 0.9 0.125 0.95 0.25 0.9 0.25 0.95 0.25 0.9 0.375 0.9 0.25 0.9 0.375 0.95 0.5 0.9 0.5 1 0.5 0.95 0.625 0.95 0.5 1 0.625 0.95 0.75 0.95 0.625 1 0.75 0.95 0.875 0.95 0.75 0.95 0.875 1 1 0.95 1 1 0 0.95 0.125 0.95 0 0.95 0.125 1 0.25 0.95 0.25 0.95 0.25 1 0.375 0.95 0.375 0.95 0.375 1 0.5 0.95 0.5 0 0.5 0.04999995 0.625 0 0.625 0 0.625 0.04999995 0.75 0 0.75 0.04999995 0.75 0 0.875 0 0.75 0 0.875 0.04999995 1 0 1 0.04999995 0 0 0.125 0 0 0.04999995 0.125 0 0.25 0 0.125 0.04999995 0.25 0 0.375 0 0.25 0.04999995 0.375 0 0.5 0 0.375 0.1 0.5 0.04999995 0.625 0.04999995 0.5 0.04999995 0.625 0.1 0.75 0.04999995 0.75 0.04999995 0.75 0.1 0.875 0.04999995 0.875 0.04999995 0.875 0.1 1 0.04999995 1 0.1 0 0.04999995 0.125 0.04999995 0 0.1 0.125 0.04999995 0.25 0.04999995 0.125 0.1 0.25 0.04999995 0.375 0.04999995 0.25 0.1 0.375 0.04999995 0.5 0.04999995 0.375 0.1 0.5 0.15 0.625 0.1 0.625 0.15 0.625 0.1 0.75 0.1 0.625 0.1 0.75 0.15 0.875 0.1 0.875 0.15 0.875 0.1 1 0.1 0.875 0.1 0 0.15 0.125 0.1 0.125 0.15 0.125 0.1 0.25 0.1 0.125 0.1 0.25 0.15 0.375 0.1 0.375 0.15 0.375 0.1 0.5 0.1 0.375 0.15 0.5 0.2 0.625 0.15 0.625 0.2 0.625 0.15 0.75 0.15 0.625 0.15 0.75 0.2 0.875 0.15 0.875 0.2 0.875 0.15 1 0.15 0.875 0.15 0 0.2 0.125 0.15 0.125 0.2 0.125 0.15 0.25 0.15 0.125 0.15 0.25 0.2 0.375 0.15 0.375 0.2 0.375 0.15 0.5 0.15 0.375 0.2 0.5 0.25 0.625 0.2 0.625 0.25 0.625 0.2 0.75 0.2 0.625 0.25 0.75 0.2 0.875 0.2 0.75 0.25 0.875 0.2 1 0.2 0.875 0.25 0 0.2 0.125 0.2 0 0.2 0.125 0.25 0.25 0.2 0.25 0.2 0.25 0.25 0.375 0.2 0.375 0.25 0.375 0.2 0.5 0.2 0.375 0.25 0.5 0.3 0.625 0.25 0.625 0.25 0.625 0.3 0.75 0.25 0.75 0.25 0.75 0.3 0.875 0.25 0.875 0.25 0.875 0.3 1 0.25 1 0.3 0 0.25 0.125 0.25 0 0.3 0.125 0.25 0.25 0.25 0.125 0.3 0.25 0.25 0.375 0.25 0.25 0.3 0.375 0.25 0.5 0.25 0.375 0.35 0.5 0.3 0.625 0.3 0.5 0.35 0.625 0.3 0.75 0.3 0.625 0.3 0.75 0.35 0.875 0.3 0.875 0.35 0.875 0.3 1 0.3 0.875 0.35 0 0.3 0.125 0.3 0 0.35 0.125 0.3 0.25 0.3 0.125 0.35 0.25 0.3 0.375 0.3 0.25 0.35 0.375 0.3 0.5 0.3 0.375 0.4 0.5 0.35 0.625 0.35 0.5 0.35 0.625 0.4 0.75 0.35 0.75 0.35 0.75 0.4 0.875 0.35 0.875 0.4 0.875 0.35 1 0.35 0.875 0.35 0 0.4 0.125 0.35 0.125 0.4 0.125 0.35 0.25 0.35 0.125 0.4 0.25 0.35 0.375 0.35 0.25 0.35 0.375 0.4 0.5 0.35 0.5 0.45 0.5 0.4 0.625 0.4 0.5 0.45 0.625 0.4 0.75 0.4 0.625 0.4 0.75 0.45 0.875 0.4 0.875 0.4 0.875 0.45 1 0.4 1 0.45 0 0.4 0.125 0.4 0 0.45 0.125 0.4 0.25 0.4 0.125 0.4 0.25 0.45 0.375 0.4 0.375 0.4 0.375 0.45 0.5 0.4 0.5 0.5 0.5 0.45 0.625 0.45 0.5 0.45 0.625 0.5 0.75 0.45 0.75 0.5 0.75 0.45 0.875 0.45 0.75 0.5 0.875 0.45 1 0.45 0.875 0.5 0 0.45 0.125 0.45 0 0.5 0.125 0.45 0.25 0.45 0.125 0.5 0.25 0.45 0.375 0.45 0.25 0.5 0.375 0.45 0.5 0.45 0.375 0.55 0.5 0.5 0.625 0.5 0.5 0.55 0.625 0.5 0.75 0.5 0.625 0.55 0.75 0.5 0.875 0.5 0.75 0.55 0.875 0.5 1 0.5 0.875 0.5 0 0.55 0.125 0.5 0.125 0.5 0.125 0.55 0.25 0.5 0.25 0.5 0.25 0.55 0.375 0.5 0.375 0.55 0.375 0.5 0.5 0.5 0.375 0.5028243 0.4309452 0.5493506 0.3162305 0.5493506 0.4309452 0.5028243 0.3162305 0.5493506 0.1837694 0.5493506 0.3162305 0.5028243 0.1837694 0.5493507 0.06905478 0.5493506 0.1837694 0.5028243 0.06905478 0.5493507 0.002824187 0.5493507 0.06905478 0.5028242 0.8647147 0.5493506 0.75 0.5493506 0.8647147 0.5028242 0.75 0.5493506 0.6175389 0.5493506 0.75 0.5028242 0.6175389 0.5493506 0.5028242 0.5493506 0.6175389 0.5028243 0.5028242 0.5493506 0.4365936 0.5493506 0.5028242 0.5549991 0.4309452 0.6015254 0.3647147 0.6015254 0.4309452 0.5549991 0.3647147 0.6015255 0.25 0.6015254 0.3647147 0.06905472 0.06905478 0.4971758 0.1837694 0.1837694 0.4971758 0.5549991 0.25 0.6015255 0.1175389 0.6015255 0.25 0.5549991 0.1175389 0.6015255 0.002824187 0.6015255 0.1175389 0.1837694 0.5028242 0.4971758 0.8162305 0.06905478 0.9309452 0.55 0.5 0.6 0.625 0.55 0.625 0.6 0.625 0.55 0.75 0.55 0.625 0.6 0.75 0.55 0.875 0.55 0.75 0.6 0.875 0.55 1 0.55 0.875 0.6 0 0.55 0.125 0.55 0 0.6 0.125 0.55 0.25 0.55 0.125 0.55 0.25 0.6 0.375 0.55 0.375 0.6 0.375 0.55 0.5 0.55 0.375 0.6 0.5 0.65 0.625 0.6 0.625 0.6 0.625 0.65 0.75 0.6 0.75 0.6 0.75 0.65 0.875 0.6 0.875 0.65 0.875 0.6 1 0.6 0.875 0.6 0 0.65 0.125 0.6 0.125 0.65 0.125 0.6 0.25 0.6 0.125 0.65 0.25 0.6 0.375 0.6 0.25 0.65 0.375 0.6 0.5 0.6 0.375 0.65 0.5 0.7 0.625 0.65 0.625 0.7 0.625 0.65 0.75 0.65 0.625 0.7 0.75 0.65 0.875 0.65 0.75 0.7 0.875 0.65 1 0.65 0.875 0.65 0 0.7 0.125 0.65 0.125 0.65 0.125 0.7 0.25 0.65 0.25 0.65 0.25 0.7 0.375 0.65 0.375 0.7 0.375 0.65 0.5 0.65 0.375 0.7 0.5 0.75 0.625 0.7 0.625 0.7 0.625 0.75 0.75 0.7 0.75 0.75 0.75 0.7 0.875 0.7 0.75 0.7 0.875 0.75 1 0.7 1 0.75 0 0.7 0.125 0.7 0 0.7 0.125 0.75 0.25 0.7 0.25 0.75 0.25 0.7 0.375 0.7 0.25 0.75 0.375 0.7 0.5 0.7 0.375 0.8 0.5 0.75 0.625 0.75 0.5 0.8 0.625 0.75 0.75 0.75 0.625 0.8 0.75 0.75 0.875 0.75 0.75 0.8 0.875 0.75 1 0.75 0.875 0.8 0 0.75 0.125 0.75 0 0.75 0.125 0.8 0.25 0.75 0.25 0.8 0.25 0.75 0.375 0.75 0.25 0.8 0.375 0.75 0.5 0.75 0.375 0.85 0.5 0.8 0.625 0.8 0.5 0.85 0.625 0.8 0.75 0.8 0.625 0.85 0.75 0.8 0.875 0.8 0.75 0.85 0.875 0.8 1 0.8 0.875 0.8 0 0.85 0.125 0.8 0.125 0.8 0.125 0.85 0.25 0.8 0.25 0.8 0.25 0.85 0.375 0.8 0.375 0.8 0.375 0.85 0.5 0.8 0.5 0.9 0.5 0.85 0.625 0.85 0.5 0.85 0.625 0.9 0.75 0.85 0.75 0.85 0.75 0.9 0.875 0.85 0.875 0.9 0.875 0.85 1 0.85 0.875 0.9 0 0.85 0.125 0.85 0 0.9 0.125 0.85 0.25 0.85 0.125 0.9 0.25 0.85 0.375 0.85 0.25 0.85 0.375 0.9 0.5 0.85 0.5 0.95 0.5 0.9 0.625 0.9 0.5 0.9 0.625 0.95 0.75 0.9 0.75 0.95 0.75 0.9 0.875 0.9 0.75 0.9 0.875 0.95 1 0.9 1 0.95 0 0.9 0.125 0.9 0 0.9 0.125 0.95 0.25 0.9 0.25 0.95 0.25 0.9 0.375 0.9 0.25 0.9 0.375 0.95 0.5 0.9 0.5 1 0.5 0.95 0.625 0.95 0.5 1 0.625 0.95 0.75 0.95 0.625 1 0.75 0.95 0.875 0.95 0.75 0.95 0.875 1 1 0.95 1 1 0 0.95 0.125 0.95 0 0.95 0.125 1 0.25 0.95 0.25 0.95 0.25 1 0.375 0.95 0.375 0.95 0.375 1 0.5 0.95 0.5 0 0.5 0.04999995 0.625 0 0.625 0 0.625 0.04999995 0.75 0 0.75 0.04999995 0.75 0 0.875 0 0.75 0 0.875 0.04999995 1 0 1 0.04999995 0 0 0.125 0 0 0.04999995 0.125 0 0.25 0 0.125 0.04999995 0.25 0 0.375 0 0.25 0.04999995 0.375 0 0.5 0 0.375 0.1 0.5 0.04999995 0.625 0.04999995 0.5 0.04999995 0.625 0.1 0.75 0.04999995 0.75 0.04999995 0.75 0.1 0.875 0.04999995 0.875 0.04999995 0.875 0.1 1 0.04999995 1 0.1 0 0.04999995 0.125 0.04999995 0 0.1 0.125 0.04999995 0.25 0.04999995 0.125 0.1 0.25 0.04999995 0.375 0.04999995 0.25 0.1 0.375 0.04999995 0.5 0.04999995 0.375 0.1 0.5 0.15 0.625 0.1 0.625 0.15 0.625 0.1 0.75 0.1 0.625 0.1 0.75 0.15 0.875 0.1 0.875 0.15 0.875 0.1 1 0.1 0.875 0.1 0 0.15 0.125 0.1 0.125 0.15 0.125 0.1 0.25 0.1 0.125 0.1 0.25 0.15 0.375 0.1 0.375 0.15 0.375 0.1 0.5 0.1 0.375 0.15 0.5 0.2 0.625 0.15 0.625 0.2 0.625 0.15 0.75 0.15 0.625 0.15 0.75 0.2 0.875 0.15 0.875 0.2 0.875 0.15 1 0.15 0.875 0.15 0 0.2 0.125 0.15 0.125 0.2 0.125 0.15 0.25 0.15 0.125 0.15 0.25 0.2 0.375 0.15 0.375 0.2 0.375 0.15 0.5 0.15 0.375 0.2 0.5 0.25 0.625 0.2 0.625 0.25 0.625 0.2 0.75 0.2 0.625 0.25 0.75 0.2 0.875 0.2 0.75 0.25 0.875 0.2 1 0.2 0.875 0.25 0 0.2 0.125 0.2 0 0.2 0.125 0.25 0.25 0.2 0.25 0.2 0.25 0.25 0.375 0.2 0.375 0.25 0.375 0.2 0.5 0.2 0.375 0.25 0.5 0.3 0.625 0.25 0.625 0.25 0.625 0.3 0.75 0.25 0.75 0.25 0.75 0.3 0.875 0.25 0.875 0.25 0.875 0.3 1 0.25 1 0.3 0 0.25 0.125 0.25 0 0.3 0.125 0.25 0.25 0.25 0.125 0.3 0.25 0.25 0.375 0.25 0.25 0.3 0.375 0.25 0.5 0.25 0.375 0.35 0.5 0.3 0.625 0.3 0.5 0.35 0.625 0.3 0.75 0.3 0.625 0.3 0.75 0.35 0.875 0.3 0.875 0.35 0.875 0.3 1 0.3 0.875 0.35 0 0.3 0.125 0.3 0 0.35 0.125 0.3 0.25 0.3 0.125 0.35 0.25 0.3 0.375 0.3 0.25 0.35 0.375 0.3 0.5 0.3 0.375 0.4 0.5 0.35 0.625 0.35 0.5 0.35 0.625 0.4 0.75 0.35 0.75 0.35 0.75 0.4 0.875 0.35 0.875 0.4 0.875 0.35 1 0.35 0.875 0.35 0 0.4 0.125 0.35 0.125 0.4 0.125 0.35 0.25 0.35 0.125 0.4 0.25 0.35 0.375 0.35 0.25 0.35 0.375 0.4 0.5 0.35 0.5 0.45 0.5 0.4 0.625 0.4 0.5 0.45 0.625 0.4 0.75 0.4 0.625 0.4 0.75 0.45 0.875 0.4 0.875 0.4 0.875 0.45 1 0.4 1 0.45 0 0.4 0.125 0.4 0 0.45 0.125 0.4 0.25 0.4 0.125 0.4 0.25 0.45 0.375 0.4 0.375 0.4 0.375 0.45 0.5 0.4 0.5 0.5 0.5 0.45 0.625 0.45 0.5 0.45 0.625 0.5 0.75 0.45 0.75 0.5 0.75 0.45 0.875 0.45 0.75 0.5 0.875 0.45 1 0.45 0.875 0.5 0 0.45 0.125 0.45 0 0.5 0.125 0.45 0.25 0.45 0.125 0.5 0.25 0.45 0.375 0.45 0.25 0.5 0.375 0.45 0.5 0.45 0.375 0.55 0.5 0.5 0.625 0.5 0.5 0.55 0.625 0.5 0.75 0.5 0.625 0.55 0.75 0.5 0.875 0.5 0.75 0.55 0.875 0.5 1 0.5 0.875 0.5 0 0.55 0.125 0.5 0.125 0.5 0.125 0.55 0.25 0.5 0.25 0.5 0.25 0.55 0.375 0.5 0.375 0.55 0.375 0.5 0.5 0.5 0.375 0.5028243 0.4309452 0.5493506 0.3162305 0.5493506 0.4309452 0.5028243 0.3162305 0.5493506 0.1837694 0.5493506 0.3162305 0.5028243 0.1837694 0.5493507 0.06905478 0.5493506 0.1837694 0.5028243 0.06905478 0.5493507 0.002824187 0.5493507 0.06905478 0.5028242 0.8647147 0.5493506 0.75 0.5493506 0.8647147 0.5028242 0.75 0.5493506 0.6175389 0.5493506 0.75 0.5028242 0.6175389 0.5493506 0.5028242 0.5493506 0.6175389 0.5028243 0.5028242 0.5493506 0.4365936 0.5493506 0.5028242 0.5549991 0.4309452 0.6015254 0.3647147 0.6015254 0.4309452 0.5549991 0.3647147 0.6015255 0.25 0.6015254 0.3647147 0.06905472 0.06905478 0.4971758 0.1837694 0.1837694 0.4971758 0.5549991 0.25 0.6015255 0.1175389 0.6015255 0.25 0.5549991 0.1175389 0.6015255 0.002824187 0.6015255 0.1175389 0.1837694 0.5028242 0.4971758 0.8162305 0.06905478 0.9309452 0.55 0.5 0.6 0.5 0.6 0.625 0.6 0.625 0.6 0.75 0.55 0.75 0.6 0.75 0.6 0.875 0.55 0.875 0.6 0.875 0.6 1 0.55 1 0.6 0 0.6 0.125 0.55 0.125 0.6 0.125 0.6 0.25 0.55 0.25 0.55 0.25 0.6 0.25 0.6 0.375 0.6 0.375 0.6 0.5 0.55 0.5 0.6 0.5 0.65 0.5 0.65 0.625 0.6 0.625 0.65 0.625 0.65 0.75 0.6 0.75 0.65 0.75 0.65 0.875 0.65 0.875 0.65 1 0.6 1 0.6 0 0.65 0 0.65 0.125 0.65 0.125 0.65 0.25 0.6 0.25 0.65 0.25 0.65 0.375 0.6 0.375 0.65 0.375 0.65 0.5 0.6 0.5 0.65 0.5 0.7 0.5 0.7 0.625 0.7 0.625 0.7 0.75 0.65 0.75 0.7 0.75 0.7 0.875 0.65 0.875 0.7 0.875 0.7 1 0.65 1 0.65 0 0.7 0 0.7 0.125 0.65 0.125 0.7 0.125 0.7 0.25 0.65 0.25 0.7 0.25 0.7 0.375 0.7 0.375 0.7 0.5 0.65 0.5 0.7 0.5 0.75 0.5 0.75 0.625 0.7 0.625 0.75 0.625 0.75 0.75 0.75 0.75 0.75 0.875 0.7 0.875 0.7 0.875 0.75 0.875 0.75 1 0.75 0 0.75 0.125 0.7 0.125 0.7 0.125 0.75 0.125 0.75 0.25 0.75 0.25 0.75 0.375 0.7 0.375 0.75 0.375 0.75 0.5 0.7 0.5 0.8 0.5 0.8 0.625 0.75 0.625 0.8 0.625 0.8 0.75 0.75 0.75 0.8 0.75 0.8 0.875 0.75 0.875 0.8 0.875 0.8 1 0.75 1 0.8 0 0.8 0.125 0.75 0.125 0.75 0.125 0.8 0.125 0.8 0.25 0.8 0.25 0.8 0.375 0.75 0.375 0.8 0.375 0.8 0.5 0.75 0.5 0.85 0.5 0.85 0.625 0.8 0.625 0.85 0.625 0.85 0.75 0.8 0.75 0.85 0.75 0.85 0.875 0.8 0.875 0.85 0.875 0.85 1 0.8 1 0.8 0 0.85 0 0.85 0.125 0.8 0.125 0.85 0.125 0.85 0.25 0.8 0.25 0.85 0.25 0.85 0.375 0.8 0.375 0.85 0.375 0.85 0.5 0.9 0.5 0.9 0.625 0.85 0.625 0.85 0.625 0.9 0.625 0.9 0.75 0.85 0.75 0.9 0.75 0.9 0.875 0.9 0.875 0.9 1 0.85 1 0.9 0 0.9 0.125 0.85 0.125 0.9 0.125 0.9 0.25 0.85 0.25 0.9 0.25 0.9 0.375 0.85 0.375 0.85 0.375 0.9 0.375 0.9 0.5 0.95 0.5 0.95 0.625 0.9 0.625 0.9 0.625 0.95 0.625 0.95 0.75 0.95 0.75 0.95 0.875 0.9 0.875 0.9 0.875 0.95 0.875 0.95 1 0.95 0 0.95 0.125 0.9 0.125 0.9 0.125 0.95 0.125 0.95 0.25 0.95 0.25 0.95 0.375 0.9 0.375 0.9 0.375 0.95 0.375 0.95 0.5 1 0.5 1 0.625 0.95 0.625 1 0.625 1 0.75 0.95 0.75 1 0.75 1 0.875 0.95 0.875 0.95 0.875 1 0.875 1 1 1 0 1 0.125 0.95 0.125 0.95 0.125 1 0.125 1 0.25 0.95 0.25 1 0.25 1 0.375 0.95 0.375 1 0.375 1 0.5 0 0.5 0.04999995 0.5 0.04999995 0.625 0 0.625 0.04999995 0.625 0.04999995 0.75 0.04999995 0.75 0.04999995 0.875 0 0.875 0 0.875 0.04999995 0.875 0.04999995 1 0.04999995 0 0.04999995 0.125 0 0.125 0.04999995 0.125 0.04999995 0.25 0 0.25 0.04999995 0.25 0.04999995 0.375 0 0.375 0.04999995 0.375 0.04999995 0.5 0 0.5 0.1 0.5 0.1 0.625 0.04999995 0.625 0.04999995 0.625 0.1 0.625 0.1 0.75 0.04999995 0.75 0.1 0.75 0.1 0.875 0.04999995 0.875 0.1 0.875 0.1 1 0.1 0 0.1 0.125 0.04999995 0.125 0.1 0.125 0.1 0.25 0.04999995 0.25 0.1 0.25 0.1 0.375 0.04999995 0.375 0.1 0.375 0.1 0.5 0.04999995 0.5 0.1 0.5 0.15 0.5 0.15 0.625 0.15 0.625 0.15 0.75 0.1 0.75 0.1 0.75 0.15 0.75 0.15 0.875 0.15 0.875 0.15 1 0.1 1 0.1 0 0.15 0 0.15 0.125 0.15 0.125 0.15 0.25 0.1 0.25 0.1 0.25 0.15 0.25 0.15 0.375 0.15 0.375 0.15 0.5 0.1 0.5 0.15 0.5 0.2 0.5 0.2 0.625 0.2 0.625 0.2 0.75 0.15 0.75 0.15 0.75 0.2 0.75 0.2 0.875 0.2 0.875 0.2 1 0.15 1 0.15 0 0.2 0 0.2 0.125 0.2 0.125 0.2 0.25 0.15 0.25 0.15 0.25 0.2 0.25 0.2 0.375 0.2 0.375 0.2 0.5 0.15 0.5 0.2 0.5 0.25 0.5 0.25 0.625 0.25 0.625 0.25 0.75 0.2 0.75 0.25 0.75 0.25 0.875 0.2 0.875 0.25 0.875 0.25 1 0.2 1 0.25 0 0.25 0.125 0.2 0.125 0.2 0.125 0.25 0.125 0.25 0.25 0.2 0.25 0.25 0.25 0.25 0.375 0.25 0.375 0.25 0.5 0.2 0.5 0.25 0.5 0.3 0.5 0.3 0.625 0.25 0.625 0.3 0.625 0.3 0.75 0.25 0.75 0.3 0.75 0.3 0.875 0.25 0.875 0.3 0.875 0.3 1 0.3 0 0.3 0.125 0.25 0.125 0.3 0.125 0.3 0.25 0.25 0.25 0.3 0.25 0.3 0.375 0.25 0.375 0.3 0.375 0.3 0.5 0.25 0.5 0.35 0.5 0.35 0.625 0.3 0.625 0.35 0.625 0.35 0.75 0.3 0.75 0.3 0.75 0.35 0.75 0.35 0.875 0.35 0.875 0.35 1 0.3 1 0.35 0 0.35 0.125 0.3 0.125 0.35 0.125 0.35 0.25 0.3 0.25 0.35 0.25 0.35 0.375 0.3 0.375 0.35 0.375 0.35 0.5 0.3 0.5 0.4 0.5 0.4 0.625 0.35 0.625 0.35 0.625 0.4 0.625 0.4 0.75 0.35 0.75 0.4 0.75 0.4 0.875 0.4 0.875 0.4 1 0.35 1 0.35 0 0.4 0 0.4 0.125 0.4 0.125 0.4 0.25 0.35 0.25 0.4 0.25 0.4 0.375 0.35 0.375 0.35 0.375 0.4 0.375 0.4 0.5 0.45 0.5 0.45 0.625 0.4 0.625 0.45 0.625 0.45 0.75 0.4 0.75 0.4 0.75 0.45 0.75 0.45 0.875 0.4 0.875 0.45 0.875 0.45 1 0.45 0 0.45 0.125 0.4 0.125 0.45 0.125 0.45 0.25 0.4 0.25 0.4 0.25 0.45 0.25 0.45 0.375 0.4 0.375 0.45 0.375 0.45 0.5 0.5 0.5 0.5 0.625 0.45 0.625 0.45 0.625 0.5 0.625 0.5 0.75 0.5 0.75 0.5 0.875 0.45 0.875 0.5 0.875 0.5 1 0.45 1 0.5 0 0.5 0.125 0.45 0.125 0.5 0.125 0.5 0.25 0.45 0.25 0.5 0.25 0.5 0.375 0.45 0.375 0.5 0.375 0.5 0.5 0.45 0.5 0.55 0.5 0.55 0.625 0.5 0.625 0.55 0.625 0.55 0.75 0.5 0.75 0.55 0.75 0.55 0.875 0.5 0.875 0.55 0.875 0.55 1 0.5 1 0.5 0 0.55 0 0.55 0.125 0.5 0.125 0.55 0.125 0.55 0.25 0.5 0.25 0.55 0.25 0.55 0.375 0.55 0.375 0.55 0.5 0.5 0.5 0.5028243 0.4309452 0.5028243 0.3162305 0.5493506 0.3162305 0.5028243 0.3162305 0.5028243 0.1837694 0.5493506 0.1837694 0.5028243 0.1837694 0.5028243 0.06905478 0.5493507 0.06905478 0.5028243 0.06905478 0.5028243 0.002824187 0.5493507 0.002824187 0.5028242 0.8647147 0.5028242 0.75 0.5493506 0.75 0.5028242 0.75 0.5028242 0.6175389 0.5493506 0.6175389 0.5028242 0.6175389 0.5028243 0.5028242 0.5493506 0.5028242 0.5028243 0.5028242 0.5028243 0.4365936 0.5493506 0.4365936 0.5549991 0.4309452 0.5549991 0.3647147 0.6015254 0.3647147 0.5549991 0.3647147 0.5549991 0.25 0.6015255 0.25 0.1837694 0.4971758 0.06905478 0.4309452 0.002824187 0.3162305 0.002824187 0.3162305 0.002824187 0.1837694 0.06905472 0.06905478 0.06905472 0.06905478 0.1837694 0.002824187 0.3162305 0.002824187 0.3162305 0.002824187 0.4309452 0.06905472 0.4971758 0.1837694 0.4971758 0.1837694 0.4971758 0.3162305 0.4309452 0.4309452 0.4309452 0.4309452 0.3162305 0.4971758 0.1837694 0.4971758 0.1837694 0.4971758 0.002824187 0.3162305 0.06905472 0.06905478 0.06905472 0.06905478 0.3162305 0.002824187 0.4971758 0.1837694 0.4971758 0.1837694 0.4309452 0.4309452 0.1837694 0.4971758 0.5549991 0.25 0.5549991 0.1175389 0.6015255 0.1175389 0.5549991 0.1175389 0.5549991 0.002824187 0.6015255 0.002824187 0.06905478 0.9309452 0.002824187 0.8162305 0.002824187 0.6837695 0.002824187 0.6837695 0.06905472 0.5690548 0.1837694 0.5028242 0.1837694 0.5028242 0.3162305 0.5028242 0.4309452 0.5690547 0.4309452 0.5690547 0.4971758 0.6837694 0.4971758 0.8162305 0.4971758 0.8162305 0.4309452 0.9309452 0.3162305 0.9971758 0.3162305 0.9971758 0.1837694 0.9971758 0.06905478 0.9309452 0.06905478 0.9309452 0.002824187 0.6837695 0.1837694 0.5028242 0.1837694 0.5028242 0.4309452 0.5690547 0.4971758 0.8162305 0.4971758 0.8162305 0.3162305 0.9971758 0.06905478 0.9309452 0.6 0.5 0.6 0.625 0.55 0.625 0.6 0.625 0.6 0.75 0.55 0.75 0.6 0.75 0.6 0.875 0.55 0.875 0.6 0.875 0.6 1 0.55 1 0.55 0 0.6 0 0.6 0.125 0.6 0.125 0.6 0.25 0.55 0.25 0.55 0.25 0.6 0.25 0.6 0.375 0.6 0.375 0.6 0.5 0.55 0.5 0.6 0.5 0.65 0.5 0.65 0.625 0.6 0.625 0.65 0.625 0.65 0.75 0.6 0.75 0.65 0.75 0.65 0.875 0.65 0.875 0.65 1 0.6 1 0.6 0 0.65 0 0.65 0.125 0.65 0.125 0.65 0.25 0.6 0.25 0.65 0.25 0.65 0.375 0.6 0.375 0.65 0.375 0.65 0.5 0.6 0.5 0.65 0.5 0.7 0.5 0.7 0.625 0.7 0.625 0.7 0.75 0.65 0.75 0.7 0.75 0.7 0.875 0.65 0.875 0.7 0.875 0.7 1 0.65 1 0.65 0 0.7 0 0.7 0.125 0.65 0.125 0.7 0.125 0.7 0.25 0.65 0.25 0.7 0.25 0.7 0.375 0.7 0.375 0.7 0.5 0.65 0.5 0.7 0.5 0.75 0.5 0.75 0.625 0.7 0.625 0.75 0.625 0.75 0.75 0.75 0.75 0.75 0.875 0.7 0.875 0.7 0.875 0.75 0.875 0.75 1 0.75 0 0.75 0.125 0.7 0.125 0.7 0.125 0.75 0.125 0.75 0.25 0.75 0.25 0.75 0.375 0.7 0.375 0.75 0.375 0.75 0.5 0.7 0.5 0.8 0.5 0.8 0.625 0.75 0.625 0.8 0.625 0.8 0.75 0.75 0.75 0.8 0.75 0.8 0.875 0.75 0.875 0.8 0.875 0.8 1 0.75 1 0.8 0 0.8 0.125 0.75 0.125 0.75 0.125 0.8 0.125 0.8 0.25 0.8 0.25 0.8 0.375 0.75 0.375 0.8 0.375 0.8 0.5 0.75 0.5 0.85 0.5 0.85 0.625 0.8 0.625 0.85 0.625 0.85 0.75 0.8 0.75 0.85 0.75 0.85 0.875 0.8 0.875 0.85 0.875 0.85 1 0.8 1 0.8 0 0.85 0 0.85 0.125 0.8 0.125 0.85 0.125 0.85 0.25 0.8 0.25 0.85 0.25 0.85 0.375 0.85 0.375 0.85 0.5 0.8 0.5 0.9 0.5 0.9 0.625 0.85 0.625 0.85 0.625 0.9 0.625 0.9 0.75 0.85 0.75 0.9 0.75 0.9 0.875 0.9 0.875 0.9 1 0.85 1 0.9 0 0.9 0.125 0.85 0.125 0.9 0.125 0.9 0.25 0.85 0.25 0.9 0.25 0.9 0.375 0.85 0.375 0.85 0.375 0.9 0.375 0.9 0.5 0.95 0.5 0.95 0.625 0.9 0.625 0.9 0.625 0.95 0.625 0.95 0.75 0.95 0.75 0.95 0.875 0.9 0.875 0.9 0.875 0.95 0.875 0.95 1 0.95 0 0.95 0.125 0.9 0.125 0.9 0.125 0.95 0.125 0.95 0.25 0.95 0.25 0.95 0.375 0.9 0.375 0.9 0.375 0.95 0.375 0.95 0.5 1 0.5 1 0.625 0.95 0.625 1 0.625 1 0.75 0.95 0.75 1 0.75 1 0.875 0.95 0.875 0.95 0.875 1 0.875 1 1 1 0 1 0.125 0.95 0.125 0.95 0.125 1 0.125 1 0.25 0.95 0.25 1 0.25 1 0.375 0.95 0.375 1 0.375 1 0.5 0 0.5 0.04999995 0.5 0.04999995 0.625 0 0.625 0.04999995 0.625 0.04999995 0.75 0.04999995 0.75 0.04999995 0.875 0 0.875 0 0.875 0.04999995 0.875 0.04999995 1 0.04999995 0 0.04999995 0.125 0 0.125 0.04999995 0.125 0.04999995 0.25 0 0.25 0.04999995 0.25 0.04999995 0.375 0 0.375 0.04999995 0.375 0.04999995 0.5 0 0.5 0.1 0.5 0.1 0.625 0.04999995 0.625 0.04999995 0.625 0.1 0.625 0.1 0.75 0.04999995 0.75 0.1 0.75 0.1 0.875 0.04999995 0.875 0.1 0.875 0.1 1 0.1 0 0.1 0.125 0.04999995 0.125 0.1 0.125 0.1 0.25 0.04999995 0.25 0.1 0.25 0.1 0.375 0.04999995 0.375 0.1 0.375 0.1 0.5 0.04999995 0.5 0.1 0.5 0.15 0.5 0.15 0.625 0.15 0.625 0.15 0.75 0.1 0.75 0.1 0.75 0.15 0.75 0.15 0.875 0.15 0.875 0.15 1 0.1 1 0.15 0 0.15 0.125 0.1 0.125 0.15 0.125 0.15 0.25 0.1 0.25 0.1 0.25 0.15 0.25 0.15 0.375 0.15 0.375 0.15 0.5 0.1 0.5 0.15 0.5 0.2 0.5 0.2 0.625 0.2 0.625 0.2 0.75 0.15 0.75 0.15 0.75 0.2 0.75 0.2 0.875 0.2 0.875 0.2 1 0.15 1 0.15 0 0.2 0 0.2 0.125 0.2 0.125 0.2 0.25 0.15 0.25 0.15 0.25 0.2 0.25 0.2 0.375 0.2 0.375 0.2 0.5 0.15 0.5 0.2 0.5 0.25 0.5 0.25 0.625 0.25 0.625 0.25 0.75 0.2 0.75 0.25 0.75 0.25 0.875 0.2 0.875 0.25 0.875 0.25 1 0.2 1 0.25 0 0.25 0.125 0.2 0.125 0.2 0.125 0.25 0.125 0.25 0.25 0.2 0.25 0.25 0.25 0.25 0.375 0.25 0.375 0.25 0.5 0.2 0.5 0.3 0.5 0.3 0.625 0.25 0.625 0.25 0.625 0.3 0.625 0.3 0.75 0.25 0.75 0.3 0.75 0.3 0.875 0.25 0.875 0.3 0.875 0.3 1 0.3 0 0.3 0.125 0.25 0.125 0.3 0.125 0.3 0.25 0.25 0.25 0.3 0.25 0.3 0.375 0.25 0.375 0.3 0.375 0.3 0.5 0.25 0.5 0.35 0.5 0.35 0.625 0.3 0.625 0.35 0.625 0.35 0.75 0.3 0.75 0.3 0.75 0.35 0.75 0.35 0.875 0.35 0.875 0.35 1 0.3 1 0.35 0 0.35 0.125 0.3 0.125 0.35 0.125 0.35 0.25 0.3 0.25 0.35 0.25 0.35 0.375 0.3 0.375 0.35 0.375 0.35 0.5 0.3 0.5 0.4 0.5 0.4 0.625 0.35 0.625 0.35 0.625 0.4 0.625 0.4 0.75 0.35 0.75 0.4 0.75 0.4 0.875 0.4 0.875 0.4 1 0.35 1 0.35 0 0.4 0 0.4 0.125 0.4 0.125 0.4 0.25 0.35 0.25 0.4 0.25 0.4 0.375 0.35 0.375 0.35 0.375 0.4 0.375 0.4 0.5 0.45 0.5 0.45 0.625 0.4 0.625 0.45 0.625 0.45 0.75 0.4 0.75 0.4 0.75 0.45 0.75 0.45 0.875 0.45 0.875 0.45 1 0.4 1 0.45 0 0.45 0.125 0.4 0.125 0.45 0.125 0.45 0.25 0.4 0.25 0.4 0.25 0.45 0.25 0.45 0.375 0.4 0.375 0.45 0.375 0.45 0.5 0.45 0.5 0.5 0.5 0.5 0.625 0.45 0.625 0.5 0.625 0.5 0.75 0.5 0.75 0.5 0.875 0.45 0.875 0.45 0.875 0.5 0.875 0.5 1 0.5 0 0.5 0.125 0.45 0.125 0.5 0.125 0.5 0.25 0.45 0.25 0.5 0.25 0.5 0.375 0.45 0.375 0.5 0.375 0.5 0.5 0.45 0.5 0.55 0.5 0.55 0.625 0.5 0.625 0.55 0.625 0.55 0.75 0.5 0.75 0.55 0.75 0.55 0.875 0.5 0.875 0.55 0.875 0.55 1 0.5 1 0.55 0 0.55 0.125 0.5 0.125 0.5 0.125 0.55 0.125 0.55 0.25 0.5 0.25 0.55 0.25 0.55 0.375 0.55 0.375 0.55 0.5 0.5 0.5 0.5028243 0.4309452 0.5028243 0.3162305 0.5493506 0.3162305 0.5028243 0.3162305 0.5028243 0.1837694 0.5493506 0.1837694 0.5028243 0.1837694 0.5028243 0.06905478 0.5493507 0.06905478 0.5028243 0.06905478 0.5028243 0.002824187 0.5493507 0.002824187 0.5028242 0.8647147 0.5028242 0.75 0.5493506 0.75 0.5028242 0.75 0.5028242 0.6175389 0.5493506 0.6175389 0.5028242 0.6175389 0.5028243 0.5028242 0.5493506 0.5028242 0.5028243 0.5028242 0.5028243 0.4365936 0.5493506 0.4365936 0.5549991 0.4309452 0.5549991 0.3647147 0.6015254 0.3647147 0.5549991 0.3647147 0.5549991 0.25 0.6015255 0.25 0.1837694 0.4971758 0.06905478 0.4309452 0.002824187 0.3162305 0.002824187 0.3162305 0.002824187 0.1837694 0.06905472 0.06905478 0.06905472 0.06905478 0.1837694 0.002824187 0.3162305 0.002824187 0.3162305 0.002824187 0.4309452 0.06905472 0.4971758 0.1837694 0.4971758 0.1837694 0.4971758 0.3162305 0.4309452 0.4309452 0.4309452 0.4309452 0.3162305 0.4971758 0.1837694 0.4971758 0.1837694 0.4971758 0.002824187 0.3162305 0.06905472 0.06905478 0.06905472 0.06905478 0.3162305 0.002824187 0.4971758 0.1837694 0.4971758 0.1837694 0.4309452 0.4309452 0.1837694 0.4971758 0.5549991 0.25 0.5549991 0.1175389 0.6015255 0.1175389 0.5549991 0.1175389 0.5549991 0.002824187 0.6015255 0.002824187 0.06905478 0.9309452 0.002824187 0.8162305 0.002824187 0.6837695 0.002824187 0.6837695 0.06905472 0.5690548 0.1837694 0.5028242 0.1837694 0.5028242 0.3162305 0.5028242 0.4309452 0.5690547 0.4309452 0.5690547 0.4971758 0.6837694 0.4971758 0.8162305 0.4971758 0.8162305 0.4309452 0.9309452 0.3162305 0.9971758 0.3162305 0.9971758 0.1837694 0.9971758 0.06905478 0.9309452 0.06905478 0.9309452 0.002824187 0.6837695 0.1837694 0.5028242 0.1837694 0.5028242 0.4309452 0.5690547 0.4971758 0.8162305 0.4971758 0.8162305 0.3162305 0.9971758 0.06905478 0.9309452 0.55 0.5 0.6 0.5 0.6 0.625 0.6 0.625 0.6 0.75 0.55 0.75 0.6 0.75 0.6 0.875 0.55 0.875 0.6 0.875 0.6 1 0.55 1 0.55 0 0.6 0 0.6 0.125 0.6 0.125 0.6 0.25 0.55 0.25 0.55 0.25 0.6 0.25 0.6 0.375 0.6 0.375 0.6 0.5 0.55 0.5 0.6 0.5 0.65 0.5 0.65 0.625 0.6 0.625 0.65 0.625 0.65 0.75 0.6 0.75 0.65 0.75 0.65 0.875 0.65 0.875 0.65 1 0.6 1 0.6 0 0.65 0 0.65 0.125 0.65 0.125 0.65 0.25 0.6 0.25 0.65 0.25 0.65 0.375 0.6 0.375 0.65 0.375 0.65 0.5 0.6 0.5 0.65 0.5 0.7 0.5 0.7 0.625 0.7 0.625 0.7 0.75 0.65 0.75 0.7 0.75 0.7 0.875 0.65 0.875 0.7 0.875 0.7 1 0.65 1 0.65 0 0.7 0 0.7 0.125 0.65 0.125 0.7 0.125 0.7 0.25 0.65 0.25 0.7 0.25 0.7 0.375 0.7 0.375 0.7 0.5 0.65 0.5 0.7 0.5 0.75 0.5 0.75 0.625 0.7 0.625 0.75 0.625 0.75 0.75 0.75 0.75 0.75 0.875 0.7 0.875 0.7 0.875 0.75 0.875 0.75 1 0.75 0 0.75 0.125 0.7 0.125 0.7 0.125 0.75 0.125 0.75 0.25 0.75 0.25 0.75 0.375 0.7 0.375 0.75 0.375 0.75 0.5 0.7 0.5 0.8 0.5 0.8 0.625 0.75 0.625 0.8 0.625 0.8 0.75 0.75 0.75 0.8 0.75 0.8 0.875 0.75 0.875 0.8 0.875 0.8 1 0.75 1 0.8 0 0.8 0.125 0.75 0.125 0.75 0.125 0.8 0.125 0.8 0.25 0.8 0.25 0.8 0.375 0.75 0.375 0.8 0.375 0.8 0.5 0.75 0.5 0.85 0.5 0.85 0.625 0.8 0.625 0.85 0.625 0.85 0.75 0.8 0.75 0.85 0.75 0.85 0.875 0.8 0.875 0.85 0.875 0.85 1 0.8 1 0.8 0 0.85 0 0.85 0.125 0.8 0.125 0.85 0.125 0.85 0.25 0.8 0.25 0.85 0.25 0.85 0.375 0.85 0.375 0.85 0.5 0.8 0.5 0.9 0.5 0.9 0.625 0.85 0.625 0.85 0.625 0.9 0.625 0.9 0.75 0.85 0.75 0.9 0.75 0.9 0.875 0.9 0.875 0.9 1 0.85 1 0.9 0 0.9 0.125 0.85 0.125 0.9 0.125 0.9 0.25 0.85 0.25 0.9 0.25 0.9 0.375 0.85 0.375 0.85 0.375 0.9 0.375 0.9 0.5 0.95 0.5 0.95 0.625 0.9 0.625 0.9 0.625 0.95 0.625 0.95 0.75 0.95 0.75 0.95 0.875 0.9 0.875 0.9 0.875 0.95 0.875 0.95 1 0.95 0 0.95 0.125 0.9 0.125 0.9 0.125 0.95 0.125 0.95 0.25 0.95 0.25 0.95 0.375 0.9 0.375 0.9 0.375 0.95 0.375 0.95 0.5 1 0.5 1 0.625 0.95 0.625 1 0.625 1 0.75 0.95 0.75 1 0.75 1 0.875 0.95 0.875 0.95 0.875 1 0.875 1 1 1 0 1 0.125 0.95 0.125 0.95 0.125 1 0.125 1 0.25 0.95 0.25 1 0.25 1 0.375 0.95 0.375 1 0.375 1 0.5 0 0.5 0.04999995 0.5 0.04999995 0.625 0 0.625 0.04999995 0.625 0.04999995 0.75 0.04999995 0.75 0.04999995 0.875 0 0.875 0 0.875 0.04999995 0.875 0.04999995 1 0.04999995 0 0.04999995 0.125 0 0.125 0.04999995 0.125 0.04999995 0.25 0 0.25 0.04999995 0.25 0.04999995 0.375 0 0.375 0.04999995 0.375 0.04999995 0.5 0 0.5 0.1 0.5 0.1 0.625 0.04999995 0.625 0.04999995 0.625 0.1 0.625 0.1 0.75 0.04999995 0.75 0.1 0.75 0.1 0.875 0.04999995 0.875 0.1 0.875 0.1 1 0.1 0 0.1 0.125 0.04999995 0.125 0.1 0.125 0.1 0.25 0.04999995 0.25 0.1 0.25 0.1 0.375 0.04999995 0.375 0.1 0.375 0.1 0.5 0.04999995 0.5 0.1 0.5 0.15 0.5 0.15 0.625 0.15 0.625 0.15 0.75 0.1 0.75 0.1 0.75 0.15 0.75 0.15 0.875 0.15 0.875 0.15 1 0.1 1 0.15 0 0.15 0.125 0.1 0.125 0.15 0.125 0.15 0.25 0.1 0.25 0.1 0.25 0.15 0.25 0.15 0.375 0.15 0.375 0.15 0.5 0.1 0.5 0.15 0.5 0.2 0.5 0.2 0.625 0.2 0.625 0.2 0.75 0.15 0.75 0.15 0.75 0.2 0.75 0.2 0.875 0.2 0.875 0.2 1 0.15 1 0.15 0 0.2 0 0.2 0.125 0.2 0.125 0.2 0.25 0.15 0.25 0.15 0.25 0.2 0.25 0.2 0.375 0.2 0.375 0.2 0.5 0.15 0.5 0.2 0.5 0.25 0.5 0.25 0.625 0.25 0.625 0.25 0.75 0.2 0.75 0.25 0.75 0.25 0.875 0.2 0.875 0.25 0.875 0.25 1 0.2 1 0.25 0 0.25 0.125 0.2 0.125 0.2 0.125 0.25 0.125 0.25 0.25 0.2 0.25 0.25 0.25 0.25 0.375 0.25 0.375 0.25 0.5 0.2 0.5 0.25 0.5 0.3 0.5 0.3 0.625 0.25 0.625 0.3 0.625 0.3 0.75 0.25 0.75 0.3 0.75 0.3 0.875 0.25 0.875 0.3 0.875 0.3 1 0.3 0 0.3 0.125 0.25 0.125 0.3 0.125 0.3 0.25 0.25 0.25 0.3 0.25 0.3 0.375 0.25 0.375 0.3 0.375 0.3 0.5 0.25 0.5 0.35 0.5 0.35 0.625 0.3 0.625 0.35 0.625 0.35 0.75 0.3 0.75 0.3 0.75 0.35 0.75 0.35 0.875 0.35 0.875 0.35 1 0.3 1 0.35 0 0.35 0.125 0.3 0.125 0.35 0.125 0.35 0.25 0.3 0.25 0.35 0.25 0.35 0.375 0.3 0.375 0.35 0.375 0.35 0.5 0.3 0.5 0.4 0.5 0.4 0.625 0.35 0.625 0.35 0.625 0.4 0.625 0.4 0.75 0.35 0.75 0.4 0.75 0.4 0.875 0.4 0.875 0.4 1 0.35 1 0.35 0 0.4 0 0.4 0.125 0.4 0.125 0.4 0.25 0.35 0.25 0.4 0.25 0.4 0.375 0.35 0.375 0.35 0.375 0.4 0.375 0.4 0.5 0.45 0.5 0.45 0.625 0.4 0.625 0.45 0.625 0.45 0.75 0.4 0.75 0.4 0.75 0.45 0.75 0.45 0.875 0.4 0.875 0.45 0.875 0.45 1 0.45 0 0.45 0.125 0.4 0.125 0.45 0.125 0.45 0.25 0.4 0.25 0.4 0.25 0.45 0.25 0.45 0.375 0.4 0.375 0.45 0.375 0.45 0.5 0.5 0.5 0.5 0.625 0.45 0.625 0.45 0.625 0.5 0.625 0.5 0.75 0.5 0.75 0.5 0.875 0.45 0.875 0.5 0.875 0.5 1 0.45 1 0.5 0 0.5 0.125 0.45 0.125 0.5 0.125 0.5 0.25 0.45 0.25 0.5 0.25 0.5 0.375 0.45 0.375 0.5 0.375 0.5 0.5 0.45 0.5 0.55 0.5 0.55 0.625 0.5 0.625 0.55 0.625 0.55 0.75 0.5 0.75 0.55 0.75 0.55 0.875 0.5 0.875 0.55 0.875 0.55 1 0.5 1 0.55 0 0.55 0.125 0.5 0.125 0.5 0.125 0.55 0.125 0.55 0.25 0.5 0.25 0.55 0.25 0.55 0.375 0.55 0.375 0.55 0.5 0.5 0.5 0.5028243 0.4309452 0.5028243 0.3162305 0.5493506 0.3162305 0.5028243 0.3162305 0.5028243 0.1837694 0.5493506 0.1837694 0.5028243 0.1837694 0.5028243 0.06905478 0.5493507 0.06905478 0.5028243 0.06905478 0.5028243 0.002824187 0.5493507 0.002824187 0.5028242 0.8647147 0.5028242 0.75 0.5493506 0.75 0.5028242 0.75 0.5028242 0.6175389 0.5493506 0.6175389 0.5028242 0.6175389 0.5028243 0.5028242 0.5493506 0.5028242 0.5028243 0.5028242 0.5028243 0.4365936 0.5493506 0.4365936 0.5549991 0.4309452 0.5549991 0.3647147 0.6015254 0.3647147 0.5549991 0.3647147 0.5549991 0.25 0.6015255 0.25 0.1837694 0.4971758 0.06905478 0.4309452 0.002824187 0.3162305 0.002824187 0.3162305 0.002824187 0.1837694 0.06905472 0.06905478 0.06905472 0.06905478 0.1837694 0.002824187 0.3162305 0.002824187 0.3162305 0.002824187 0.4309452 0.06905472 0.4971758 0.1837694 0.4971758 0.1837694 0.4971758 0.3162305 0.4309452 0.4309452 0.4309452 0.4309452 0.3162305 0.4971758 0.1837694 0.4971758 0.1837694 0.4971758 0.002824187 0.3162305 0.06905472 0.06905478 0.06905472 0.06905478 0.3162305 0.002824187 0.4971758 0.1837694 0.4971758 0.1837694 0.4309452 0.4309452 0.1837694 0.4971758 0.5549991 0.25 0.5549991 0.1175389 0.6015255 0.1175389 0.5549991 0.1175389 0.5549991 0.002824187 0.6015255 0.002824187 0.06905478 0.9309452 0.002824187 0.8162305 0.002824187 0.6837695 0.002824187 0.6837695 0.06905472 0.5690548 0.1837694 0.5028242 0.1837694 0.5028242 0.3162305 0.5028242 0.4309452 0.5690547 0.4309452 0.5690547 0.4971758 0.6837694 0.4971758 0.8162305 0.4971758 0.8162305 0.4309452 0.9309452 0.3162305 0.9971758 0.3162305 0.9971758 0.1837694 0.9971758 0.06905478 0.9309452 0.06905478 0.9309452 0.002824187 0.6837695 0.1837694 0.5028242 0.1837694 0.5028242 0.4309452 0.5690547 0.4971758 0.8162305 0.4971758 0.8162305 0.3162305 0.9971758 0.06905478 0.9309452 0.55 0.5 0.6 0.5 0.6 0.625 0.6 0.625 0.6 0.75 0.55 0.75 0.6 0.75 0.6 0.875 0.55 0.875 0.6 0.875 0.6 1 0.55 1 0.6 0 0.6 0.125 0.55 0.125 0.6 0.125 0.6 0.25 0.55 0.25 0.55 0.25 0.6 0.25 0.6 0.375 0.6 0.375 0.6 0.5 0.55 0.5 0.6 0.5 0.65 0.5 0.65 0.625 0.6 0.625 0.65 0.625 0.65 0.75 0.6 0.75 0.65 0.75 0.65 0.875 0.65 0.875 0.65 1 0.6 1 0.6 0 0.65 0 0.65 0.125 0.65 0.125 0.65 0.25 0.6 0.25 0.65 0.25 0.65 0.375 0.6 0.375 0.65 0.375 0.65 0.5 0.6 0.5 0.65 0.5 0.7 0.5 0.7 0.625 0.7 0.625 0.7 0.75 0.65 0.75 0.7 0.75 0.7 0.875 0.65 0.875 0.7 0.875 0.7 1 0.65 1 0.65 0 0.7 0 0.7 0.125 0.65 0.125 0.7 0.125 0.7 0.25 0.65 0.25 0.7 0.25 0.7 0.375 0.7 0.375 0.7 0.5 0.65 0.5 0.7 0.5 0.75 0.5 0.75 0.625 0.7 0.625 0.75 0.625 0.75 0.75 0.75 0.75 0.75 0.875 0.7 0.875 0.7 0.875 0.75 0.875 0.75 1 0.75 0 0.75 0.125 0.7 0.125 0.7 0.125 0.75 0.125 0.75 0.25 0.75 0.25 0.75 0.375 0.7 0.375 0.75 0.375 0.75 0.5 0.7 0.5 0.8 0.5 0.8 0.625 0.75 0.625 0.8 0.625 0.8 0.75 0.75 0.75 0.8 0.75 0.8 0.875 0.75 0.875 0.8 0.875 0.8 1 0.75 1 0.8 0 0.8 0.125 0.75 0.125 0.75 0.125 0.8 0.125 0.8 0.25 0.8 0.25 0.8 0.375 0.75 0.375 0.8 0.375 0.8 0.5 0.75 0.5 0.85 0.5 0.85 0.625 0.8 0.625 0.85 0.625 0.85 0.75 0.8 0.75 0.85 0.75 0.85 0.875 0.8 0.875 0.85 0.875 0.85 1 0.8 1 0.8 0 0.85 0 0.85 0.125 0.8 0.125 0.85 0.125 0.85 0.25 0.8 0.25 0.85 0.25 0.85 0.375 0.8 0.375 0.85 0.375 0.85 0.5 0.9 0.5 0.9 0.625 0.85 0.625 0.85 0.625 0.9 0.625 0.9 0.75 0.85 0.75 0.9 0.75 0.9 0.875 0.9 0.875 0.9 1 0.85 1 0.9 0 0.9 0.125 0.85 0.125 0.9 0.125 0.9 0.25 0.85 0.25 0.9 0.25 0.9 0.375 0.85 0.375 0.85 0.375 0.9 0.375 0.9 0.5 0.95 0.5 0.95 0.625 0.9 0.625 0.9 0.625 0.95 0.625 0.95 0.75 0.95 0.75 0.95 0.875 0.9 0.875 0.9 0.875 0.95 0.875 0.95 1 0.95 0 0.95 0.125 0.9 0.125 0.9 0.125 0.95 0.125 0.95 0.25 0.95 0.25 0.95 0.375 0.9 0.375 0.9 0.375 0.95 0.375 0.95 0.5 1 0.5 1 0.625 0.95 0.625 1 0.625 1 0.75 0.95 0.75 1 0.75 1 0.875 0.95 0.875 0.95 0.875 1 0.875 1 1 1 0 1 0.125 0.95 0.125 0.95 0.125 1 0.125 1 0.25 0.95 0.25 1 0.25 1 0.375 0.95 0.375 1 0.375 1 0.5 0 0.5 0.04999995 0.5 0.04999995 0.625 0 0.625 0.04999995 0.625 0.04999995 0.75 0.04999995 0.75 0.04999995 0.875 0 0.875 0 0.875 0.04999995 0.875 0.04999995 1 0.04999995 0 0.04999995 0.125 0 0.125 0.04999995 0.125 0.04999995 0.25 0 0.25 0.04999995 0.25 0.04999995 0.375 0 0.375 0.04999995 0.375 0.04999995 0.5 0 0.5 0.1 0.5 0.1 0.625 0.04999995 0.625 0.04999995 0.625 0.1 0.625 0.1 0.75 0.04999995 0.75 0.1 0.75 0.1 0.875 0.04999995 0.875 0.1 0.875 0.1 1 0.1 0 0.1 0.125 0.04999995 0.125 0.1 0.125 0.1 0.25 0.04999995 0.25 0.1 0.25 0.1 0.375 0.04999995 0.375 0.1 0.375 0.1 0.5 0.04999995 0.5 0.1 0.5 0.15 0.5 0.15 0.625 0.15 0.625 0.15 0.75 0.1 0.75 0.1 0.75 0.15 0.75 0.15 0.875 0.15 0.875 0.15 1 0.1 1 0.1 0 0.15 0 0.15 0.125 0.15 0.125 0.15 0.25 0.1 0.25 0.1 0.25 0.15 0.25 0.15 0.375 0.15 0.375 0.15 0.5 0.1 0.5 0.15 0.5 0.2 0.5 0.2 0.625 0.2 0.625 0.2 0.75 0.15 0.75 0.15 0.75 0.2 0.75 0.2 0.875 0.2 0.875 0.2 1 0.15 1 0.15 0 0.2 0 0.2 0.125 0.2 0.125 0.2 0.25 0.15 0.25 0.15 0.25 0.2 0.25 0.2 0.375 0.2 0.375 0.2 0.5 0.15 0.5 0.2 0.5 0.25 0.5 0.25 0.625 0.25 0.625 0.25 0.75 0.2 0.75 0.25 0.75 0.25 0.875 0.2 0.875 0.25 0.875 0.25 1 0.2 1 0.25 0 0.25 0.125 0.2 0.125 0.2 0.125 0.25 0.125 0.25 0.25 0.2 0.25 0.25 0.25 0.25 0.375 0.25 0.375 0.25 0.5 0.2 0.5 0.25 0.5 0.3 0.5 0.3 0.625 0.25 0.625 0.3 0.625 0.3 0.75 0.25 0.75 0.3 0.75 0.3 0.875 0.25 0.875 0.3 0.875 0.3 1 0.3 0 0.3 0.125 0.25 0.125 0.3 0.125 0.3 0.25 0.25 0.25 0.3 0.25 0.3 0.375 0.25 0.375 0.3 0.375 0.3 0.5 0.25 0.5 0.35 0.5 0.35 0.625 0.3 0.625 0.35 0.625 0.35 0.75 0.3 0.75 0.3 0.75 0.35 0.75 0.35 0.875 0.35 0.875 0.35 1 0.3 1 0.35 0 0.35 0.125 0.3 0.125 0.35 0.125 0.35 0.25 0.3 0.25 0.35 0.25 0.35 0.375 0.3 0.375 0.35 0.375 0.35 0.5 0.3 0.5 0.4 0.5 0.4 0.625 0.35 0.625 0.35 0.625 0.4 0.625 0.4 0.75 0.35 0.75 0.4 0.75 0.4 0.875 0.4 0.875 0.4 1 0.35 1 0.35 0 0.4 0 0.4 0.125 0.4 0.125 0.4 0.25 0.35 0.25 0.4 0.25 0.4 0.375 0.35 0.375 0.35 0.375 0.4 0.375 0.4 0.5 0.45 0.5 0.45 0.625 0.4 0.625 0.45 0.625 0.45 0.75 0.4 0.75 0.4 0.75 0.45 0.75 0.45 0.875 0.4 0.875 0.45 0.875 0.45 1 0.45 0 0.45 0.125 0.4 0.125 0.45 0.125 0.45 0.25 0.4 0.25 0.4 0.25 0.45 0.25 0.45 0.375 0.4 0.375 0.45 0.375 0.45 0.5 0.5 0.5 0.5 0.625 0.45 0.625 0.45 0.625 0.5 0.625 0.5 0.75 0.5 0.75 0.5 0.875 0.45 0.875 0.5 0.875 0.5 1 0.45 1 0.5 0 0.5 0.125 0.45 0.125 0.5 0.125 0.5 0.25 0.45 0.25 0.5 0.25 0.5 0.375 0.45 0.375 0.5 0.375 0.5 0.5 0.45 0.5 0.55 0.5 0.55 0.625 0.5 0.625 0.55 0.625 0.55 0.75 0.5 0.75 0.55 0.75 0.55 0.875 0.5 0.875 0.55 0.875 0.55 1 0.5 1 0.5 0 0.55 0 0.55 0.125 0.5 0.125 0.55 0.125 0.55 0.25 0.5 0.25 0.55 0.25 0.55 0.375 0.55 0.375 0.55 0.5 0.5 0.5 0.5028243 0.4309452 0.5028243 0.3162305 0.5493506 0.3162305 0.5028243 0.3162305 0.5028243 0.1837694 0.5493506 0.1837694 0.5028243 0.1837694 0.5028243 0.06905478 0.5493507 0.06905478 0.5028243 0.06905478 0.5028243 0.002824187 0.5493507 0.002824187 0.5028242 0.8647147 0.5028242 0.75 0.5493506 0.75 0.5028242 0.75 0.5028242 0.6175389 0.5493506 0.6175389 0.5028242 0.6175389 0.5028243 0.5028242 0.5493506 0.5028242 0.5028243 0.5028242 0.5028243 0.4365936 0.5493506 0.4365936 0.5549991 0.4309452 0.5549991 0.3647147 0.6015254 0.3647147 0.5549991 0.3647147 0.5549991 0.25 0.6015255 0.25 0.1837694 0.4971758 0.06905478 0.4309452 0.002824187 0.3162305 0.002824187 0.3162305 0.002824187 0.1837694 0.06905472 0.06905478 0.06905472 0.06905478 0.1837694 0.002824187 0.3162305 0.002824187 0.3162305 0.002824187 0.4309452 0.06905472 0.4971758 0.1837694 0.4971758 0.1837694 0.4971758 0.3162305 0.4309452 0.4309452 0.4309452 0.4309452 0.3162305 0.4971758 0.1837694 0.4971758 0.1837694 0.4971758 0.002824187 0.3162305 0.06905472 0.06905478 0.06905472 0.06905478 0.3162305 0.002824187 0.4971758 0.1837694 0.4971758 0.1837694 0.4309452 0.4309452 0.1837694 0.4971758 0.5549991 0.25 0.5549991 0.1175389 0.6015255 0.1175389 0.5549991 0.1175389 0.5549991 0.002824187 0.6015255 0.002824187 0.06905478 0.9309452 0.002824187 0.8162305 0.002824187 0.6837695 0.002824187 0.6837695 0.06905472 0.5690548 0.1837694 0.5028242 0.1837694 0.5028242 0.3162305 0.5028242 0.4309452 0.5690547 0.4309452 0.5690547 0.4971758 0.6837694 0.4971758 0.8162305 0.4971758 0.8162305 0.4309452 0.9309452 0.3162305 0.9971758 0.3162305 0.9971758 0.1837694 0.9971758 0.06905478 0.9309452 0.06905478 0.9309452 0.002824187 0.6837695 0.1837694 0.5028242 0.1837694 0.5028242 0.4309452 0.5690547 0.4971758 0.8162305 0.4971758 0.8162305 0.3162305 0.9971758 0.06905478 0.9309452 0.55 0.5 0.6 0.5 0.6 0.625 0.6 0.625 0.6 0.75 0.55 0.75 0.6 0.75 0.6 0.875 0.55 0.875 0.6 0.875 0.6 1 0.55 1 0.6 0 0.6 0.125 0.55 0.125 0.6 0.125 0.6 0.25 0.55 0.25 0.55 0.25 0.6 0.25 0.6 0.375 0.6 0.375 0.6 0.5 0.55 0.5 0.6 0.5 0.65 0.5 0.65 0.625 0.6 0.625 0.65 0.625 0.65 0.75 0.6 0.75 0.65 0.75 0.65 0.875 0.65 0.875 0.65 1 0.6 1 0.6 0 0.65 0 0.65 0.125 0.65 0.125 0.65 0.25 0.6 0.25 0.65 0.25 0.65 0.375 0.6 0.375 0.65 0.375 0.65 0.5 0.6 0.5 0.65 0.5 0.7 0.5 0.7 0.625 0.7 0.625 0.7 0.75 0.65 0.75 0.7 0.75 0.7 0.875 0.65 0.875 0.7 0.875 0.7 1 0.65 1 0.65 0 0.7 0 0.7 0.125 0.65 0.125 0.7 0.125 0.7 0.25 0.65 0.25 0.7 0.25 0.7 0.375 0.7 0.375 0.7 0.5 0.65 0.5 0.7 0.5 0.75 0.5 0.75 0.625 0.7 0.625 0.75 0.625 0.75 0.75 0.75 0.75 0.75 0.875 0.7 0.875 0.7 0.875 0.75 0.875 0.75 1 0.75 0 0.75 0.125 0.7 0.125 0.7 0.125 0.75 0.125 0.75 0.25 0.75 0.25 0.75 0.375 0.7 0.375 0.75 0.375 0.75 0.5 0.7 0.5 0.8 0.5 0.8 0.625 0.75 0.625 0.8 0.625 0.8 0.75 0.75 0.75 0.8 0.75 0.8 0.875 0.75 0.875 0.8 0.875 0.8 1 0.75 1 0.8 0 0.8 0.125 0.75 0.125 0.75 0.125 0.8 0.125 0.8 0.25 0.8 0.25 0.8 0.375 0.75 0.375 0.8 0.375 0.8 0.5 0.75 0.5 0.85 0.5 0.85 0.625 0.8 0.625 0.85 0.625 0.85 0.75 0.8 0.75 0.85 0.75 0.85 0.875 0.8 0.875 0.85 0.875 0.85 1 0.8 1 0.8 0 0.85 0 0.85 0.125 0.8 0.125 0.85 0.125 0.85 0.25 0.8 0.25 0.85 0.25 0.85 0.375 0.8 0.375 0.85 0.375 0.85 0.5 0.9 0.5 0.9 0.625 0.85 0.625 0.85 0.625 0.9 0.625 0.9 0.75 0.85 0.75 0.9 0.75 0.9 0.875 0.9 0.875 0.9 1 0.85 1 0.9 0 0.9 0.125 0.85 0.125 0.9 0.125 0.9 0.25 0.85 0.25 0.9 0.25 0.9 0.375 0.85 0.375 0.85 0.375 0.9 0.375 0.9 0.5 0.95 0.5 0.95 0.625 0.9 0.625 0.9 0.625 0.95 0.625 0.95 0.75 0.95 0.75 0.95 0.875 0.9 0.875 0.9 0.875 0.95 0.875 0.95 1 0.95 0 0.95 0.125 0.9 0.125 0.9 0.125 0.95 0.125 0.95 0.25 0.95 0.25 0.95 0.375 0.9 0.375 0.9 0.375 0.95 0.375 0.95 0.5 1 0.5 1 0.625 0.95 0.625 1 0.625 1 0.75 0.95 0.75 1 0.75 1 0.875 0.95 0.875 0.95 0.875 1 0.875 1 1 1 0 1 0.125 0.95 0.125 0.95 0.125 1 0.125 1 0.25 0.95 0.25 1 0.25 1 0.375 0.95 0.375 1 0.375 1 0.5 0 0.5 0.04999995 0.5 0.04999995 0.625 0 0.625 0.04999995 0.625 0.04999995 0.75 0.04999995 0.75 0.04999995 0.875 0 0.875 0 0.875 0.04999995 0.875 0.04999995 1 0.04999995 0 0.04999995 0.125 0 0.125 0.04999995 0.125 0.04999995 0.25 0 0.25 0.04999995 0.25 0.04999995 0.375 0 0.375 0.04999995 0.375 0.04999995 0.5 0 0.5 0.1 0.5 0.1 0.625 0.04999995 0.625 0.04999995 0.625 0.1 0.625 0.1 0.75 0.04999995 0.75 0.1 0.75 0.1 0.875 0.04999995 0.875 0.1 0.875 0.1 1 0.1 0 0.1 0.125 0.04999995 0.125 0.1 0.125 0.1 0.25 0.04999995 0.25 0.1 0.25 0.1 0.375 0.04999995 0.375 0.1 0.375 0.1 0.5 0.04999995 0.5 0.1 0.5 0.15 0.5 0.15 0.625 0.15 0.625 0.15 0.75 0.1 0.75 0.1 0.75 0.15 0.75 0.15 0.875 0.15 0.875 0.15 1 0.1 1 0.1 0 0.15 0 0.15 0.125 0.15 0.125 0.15 0.25 0.1 0.25 0.1 0.25 0.15 0.25 0.15 0.375 0.15 0.375 0.15 0.5 0.1 0.5 0.15 0.5 0.2 0.5 0.2 0.625 0.2 0.625 0.2 0.75 0.15 0.75 0.15 0.75 0.2 0.75 0.2 0.875 0.2 0.875 0.2 1 0.15 1 0.15 0 0.2 0 0.2 0.125 0.2 0.125 0.2 0.25 0.15 0.25 0.15 0.25 0.2 0.25 0.2 0.375 0.2 0.375 0.2 0.5 0.15 0.5 0.2 0.5 0.25 0.5 0.25 0.625 0.25 0.625 0.25 0.75 0.2 0.75 0.25 0.75 0.25 0.875 0.2 0.875 0.25 0.875 0.25 1 0.2 1 0.25 0 0.25 0.125 0.2 0.125 0.2 0.125 0.25 0.125 0.25 0.25 0.2 0.25 0.25 0.25 0.25 0.375 0.25 0.375 0.25 0.5 0.2 0.5 0.25 0.5 0.3 0.5 0.3 0.625 0.25 0.625 0.3 0.625 0.3 0.75 0.25 0.75 0.3 0.75 0.3 0.875 0.25 0.875 0.3 0.875 0.3 1 0.3 0 0.3 0.125 0.25 0.125 0.3 0.125 0.3 0.25 0.25 0.25 0.3 0.25 0.3 0.375 0.25 0.375 0.3 0.375 0.3 0.5 0.25 0.5 0.35 0.5 0.35 0.625 0.3 0.625 0.35 0.625 0.35 0.75 0.3 0.75 0.3 0.75 0.35 0.75 0.35 0.875 0.35 0.875 0.35 1 0.3 1 0.35 0 0.35 0.125 0.3 0.125 0.35 0.125 0.35 0.25 0.3 0.25 0.35 0.25 0.35 0.375 0.3 0.375 0.35 0.375 0.35 0.5 0.3 0.5 0.4 0.5 0.4 0.625 0.35 0.625 0.35 0.625 0.4 0.625 0.4 0.75 0.35 0.75 0.4 0.75 0.4 0.875 0.4 0.875 0.4 1 0.35 1 0.35 0 0.4 0 0.4 0.125 0.4 0.125 0.4 0.25 0.35 0.25 0.4 0.25 0.4 0.375 0.35 0.375 0.35 0.375 0.4 0.375 0.4 0.5 0.45 0.5 0.45 0.625 0.4 0.625 0.45 0.625 0.45 0.75 0.4 0.75 0.4 0.75 0.45 0.75 0.45 0.875 0.4 0.875 0.45 0.875 0.45 1 0.45 0 0.45 0.125 0.4 0.125 0.45 0.125 0.45 0.25 0.4 0.25 0.4 0.25 0.45 0.25 0.45 0.375 0.4 0.375 0.45 0.375 0.45 0.5 0.5 0.5 0.5 0.625 0.45 0.625 0.45 0.625 0.5 0.625 0.5 0.75 0.5 0.75 0.5 0.875 0.45 0.875 0.5 0.875 0.5 1 0.45 1 0.5 0 0.5 0.125 0.45 0.125 0.5 0.125 0.5 0.25 0.45 0.25 0.5 0.25 0.5 0.375 0.45 0.375 0.5 0.375 0.5 0.5 0.45 0.5 0.55 0.5 0.55 0.625 0.5 0.625 0.55 0.625 0.55 0.75 0.5 0.75 0.55 0.75 0.55 0.875 0.5 0.875 0.55 0.875 0.55 1 0.5 1 0.5 0 0.55 0 0.55 0.125 0.5 0.125 0.55 0.125 0.55 0.25 0.5 0.25 0.55 0.25 0.55 0.375 0.55 0.375 0.55 0.5 0.5 0.5 0.5028243 0.4309452 0.5028243 0.3162305 0.5493506 0.3162305 0.5028243 0.3162305 0.5028243 0.1837694 0.5493506 0.1837694 0.5028243 0.1837694 0.5028243 0.06905478 0.5493507 0.06905478 0.5028243 0.06905478 0.5028243 0.002824187 0.5493507 0.002824187 0.5028242 0.8647147 0.5028242 0.75 0.5493506 0.75 0.5028242 0.75 0.5028242 0.6175389 0.5493506 0.6175389 0.5028242 0.6175389 0.5028243 0.5028242 0.5493506 0.5028242 0.5028243 0.5028242 0.5028243 0.4365936 0.5493506 0.4365936 0.5549991 0.4309452 0.5549991 0.3647147 0.6015254 0.3647147 0.5549991 0.3647147 0.5549991 0.25 0.6015255 0.25 0.1837694 0.4971758 0.06905478 0.4309452 0.002824187 0.3162305 0.002824187 0.3162305 0.002824187 0.1837694 0.06905472 0.06905478 0.06905472 0.06905478 0.1837694 0.002824187 0.3162305 0.002824187 0.3162305 0.002824187 0.4309452 0.06905472 0.4971758 0.1837694 0.4971758 0.1837694 0.4971758 0.3162305 0.4309452 0.4309452 0.4309452 0.4309452 0.3162305 0.4971758 0.1837694 0.4971758 0.1837694 0.4971758 0.002824187 0.3162305 0.06905472 0.06905478 0.06905472 0.06905478 0.3162305 0.002824187 0.4971758 0.1837694 0.4971758 0.1837694 0.4309452 0.4309452 0.1837694 0.4971758 0.5549991 0.25 0.5549991 0.1175389 0.6015255 0.1175389 0.5549991 0.1175389 0.5549991 0.002824187 0.6015255 0.002824187 0.06905478 0.9309452 0.002824187 0.8162305 0.002824187 0.6837695 0.002824187 0.6837695 0.06905472 0.5690548 0.1837694 0.5028242 0.1837694 0.5028242 0.3162305 0.5028242 0.4309452 0.5690547 0.4309452 0.5690547 0.4971758 0.6837694 0.4971758 0.8162305 0.4971758 0.8162305 0.4309452 0.9309452 0.3162305 0.9971758 0.3162305 0.9971758 0.1837694 0.9971758 0.06905478 0.9309452 0.06905478 0.9309452 0.002824187 0.6837695 0.1837694 0.5028242 0.1837694 0.5028242 0.4309452 0.5690547 0.4971758 0.8162305 0.4971758 0.8162305 0.3162305 0.9971758 0.06905478 0.9309452 0.55 0.5 0.6 0.5 0.6 0.625 0.6 0.625 0.6 0.75 0.55 0.75 0.6 0.75 0.6 0.875 0.55 0.875 0.6 0.875 0.6 1 0.55 1 0.6 0 0.6 0.125 0.55 0.125 0.6 0.125 0.6 0.25 0.55 0.25 0.55 0.25 0.6 0.25 0.6 0.375 0.6 0.375 0.6 0.5 0.55 0.5 0.6 0.5 0.65 0.5 0.65 0.625 0.6 0.625 0.65 0.625 0.65 0.75 0.6 0.75 0.65 0.75 0.65 0.875 0.65 0.875 0.65 1 0.6 1 0.6 0 0.65 0 0.65 0.125 0.65 0.125 0.65 0.25 0.6 0.25 0.65 0.25 0.65 0.375 0.6 0.375 0.65 0.375 0.65 0.5 0.6 0.5 0.65 0.5 0.7 0.5 0.7 0.625 0.7 0.625 0.7 0.75 0.65 0.75 0.7 0.75 0.7 0.875 0.65 0.875 0.7 0.875 0.7 1 0.65 1 0.65 0 0.7 0 0.7 0.125 0.65 0.125 0.7 0.125 0.7 0.25 0.65 0.25 0.7 0.25 0.7 0.375 0.7 0.375 0.7 0.5 0.65 0.5 0.7 0.5 0.75 0.5 0.75 0.625 0.7 0.625 0.75 0.625 0.75 0.75 0.75 0.75 0.75 0.875 0.7 0.875 0.7 0.875 0.75 0.875 0.75 1 0.75 0 0.75 0.125 0.7 0.125 0.7 0.125 0.75 0.125 0.75 0.25 0.75 0.25 0.75 0.375 0.7 0.375 0.75 0.375 0.75 0.5 0.7 0.5 0.8 0.5 0.8 0.625 0.75 0.625 0.8 0.625 0.8 0.75 0.75 0.75 0.8 0.75 0.8 0.875 0.75 0.875 0.8 0.875 0.8 1 0.75 1 0.8 0 0.8 0.125 0.75 0.125 0.75 0.125 0.8 0.125 0.8 0.25 0.8 0.25 0.8 0.375 0.75 0.375 0.8 0.375 0.8 0.5 0.75 0.5 0.85 0.5 0.85 0.625 0.8 0.625 0.85 0.625 0.85 0.75 0.8 0.75 0.85 0.75 0.85 0.875 0.8 0.875 0.85 0.875 0.85 1 0.8 1 0.8 0 0.85 0 0.85 0.125 0.8 0.125 0.85 0.125 0.85 0.25 0.8 0.25 0.85 0.25 0.85 0.375 0.8 0.375 0.85 0.375 0.85 0.5 0.9 0.5 0.9 0.625 0.85 0.625 0.85 0.625 0.9 0.625 0.9 0.75 0.85 0.75 0.9 0.75 0.9 0.875 0.9 0.875 0.9 1 0.85 1 0.9 0 0.9 0.125 0.85 0.125 0.9 0.125 0.9 0.25 0.85 0.25 0.9 0.25 0.9 0.375 0.85 0.375 0.85 0.375 0.9 0.375 0.9 0.5 0.95 0.5 0.95 0.625 0.9 0.625 0.9 0.625 0.95 0.625 0.95 0.75 0.95 0.75 0.95 0.875 0.9 0.875 0.9 0.875 0.95 0.875 0.95 1 0.95 0 0.95 0.125 0.9 0.125 0.9 0.125 0.95 0.125 0.95 0.25 0.95 0.25 0.95 0.375 0.9 0.375 0.9 0.375 0.95 0.375 0.95 0.5 1 0.5 1 0.625 0.95 0.625 1 0.625 1 0.75 0.95 0.75 1 0.75 1 0.875 0.95 0.875 0.95 0.875 1 0.875 1 1 1 0 1 0.125 0.95 0.125 0.95 0.125 1 0.125 1 0.25 0.95 0.25 1 0.25 1 0.375 0.95 0.375 1 0.375 1 0.5 0 0.5 0.04999995 0.5 0.04999995 0.625 0 0.625 0.04999995 0.625 0.04999995 0.75 0.04999995 0.75 0.04999995 0.875 0 0.875 0 0.875 0.04999995 0.875 0.04999995 1 0.04999995 0 0.04999995 0.125 0 0.125 0.04999995 0.125 0.04999995 0.25 0 0.25 0.04999995 0.25 0.04999995 0.375 0 0.375 0.04999995 0.375 0.04999995 0.5 0 0.5 0.1 0.5 0.1 0.625 0.04999995 0.625 0.04999995 0.625 0.1 0.625 0.1 0.75 0.04999995 0.75 0.1 0.75 0.1 0.875 0.04999995 0.875 0.1 0.875 0.1 1 0.1 0 0.1 0.125 0.04999995 0.125 0.1 0.125 0.1 0.25 0.04999995 0.25 0.1 0.25 0.1 0.375 0.04999995 0.375 0.1 0.375 0.1 0.5 0.04999995 0.5 0.1 0.5 0.15 0.5 0.15 0.625 0.15 0.625 0.15 0.75 0.1 0.75 0.1 0.75 0.15 0.75 0.15 0.875 0.15 0.875 0.15 1 0.1 1 0.1 0 0.15 0 0.15 0.125 0.15 0.125 0.15 0.25 0.1 0.25 0.1 0.25 0.15 0.25 0.15 0.375 0.15 0.375 0.15 0.5 0.1 0.5 0.15 0.5 0.2 0.5 0.2 0.625 0.2 0.625 0.2 0.75 0.15 0.75 0.15 0.75 0.2 0.75 0.2 0.875 0.2 0.875 0.2 1 0.15 1 0.15 0 0.2 0 0.2 0.125 0.2 0.125 0.2 0.25 0.15 0.25 0.15 0.25 0.2 0.25 0.2 0.375 0.2 0.375 0.2 0.5 0.15 0.5 0.2 0.5 0.25 0.5 0.25 0.625 0.25 0.625 0.25 0.75 0.2 0.75 0.25 0.75 0.25 0.875 0.2 0.875 0.25 0.875 0.25 1 0.2 1 0.25 0 0.25 0.125 0.2 0.125 0.2 0.125 0.25 0.125 0.25 0.25 0.2 0.25 0.25 0.25 0.25 0.375 0.25 0.375 0.25 0.5 0.2 0.5 0.25 0.5 0.3 0.5 0.3 0.625 0.25 0.625 0.3 0.625 0.3 0.75 0.25 0.75 0.3 0.75 0.3 0.875 0.25 0.875 0.3 0.875 0.3 1 0.3 0 0.3 0.125 0.25 0.125 0.3 0.125 0.3 0.25 0.25 0.25 0.3 0.25 0.3 0.375 0.25 0.375 0.3 0.375 0.3 0.5 0.25 0.5 0.35 0.5 0.35 0.625 0.3 0.625 0.35 0.625 0.35 0.75 0.3 0.75 0.3 0.75 0.35 0.75 0.35 0.875 0.35 0.875 0.35 1 0.3 1 0.35 0 0.35 0.125 0.3 0.125 0.35 0.125 0.35 0.25 0.3 0.25 0.35 0.25 0.35 0.375 0.3 0.375 0.35 0.375 0.35 0.5 0.3 0.5 0.4 0.5 0.4 0.625 0.35 0.625 0.35 0.625 0.4 0.625 0.4 0.75 0.35 0.75 0.4 0.75 0.4 0.875 0.4 0.875 0.4 1 0.35 1 0.35 0 0.4 0 0.4 0.125 0.4 0.125 0.4 0.25 0.35 0.25 0.4 0.25 0.4 0.375 0.35 0.375 0.35 0.375 0.4 0.375 0.4 0.5 0.45 0.5 0.45 0.625 0.4 0.625 0.45 0.625 0.45 0.75 0.4 0.75 0.4 0.75 0.45 0.75 0.45 0.875 0.4 0.875 0.45 0.875 0.45 1 0.45 0 0.45 0.125 0.4 0.125 0.45 0.125 0.45 0.25 0.4 0.25 0.4 0.25 0.45 0.25 0.45 0.375 0.4 0.375 0.45 0.375 0.45 0.5 0.5 0.5 0.5 0.625 0.45 0.625 0.45 0.625 0.5 0.625 0.5 0.75 0.5 0.75 0.5 0.875 0.45 0.875 0.5 0.875 0.5 1 0.45 1 0.5 0 0.5 0.125 0.45 0.125 0.5 0.125 0.5 0.25 0.45 0.25 0.5 0.25 0.5 0.375 0.45 0.375 0.5 0.375 0.5 0.5 0.45 0.5 0.55 0.5 0.55 0.625 0.5 0.625 0.55 0.625 0.55 0.75 0.5 0.75 0.55 0.75 0.55 0.875 0.5 0.875 0.55 0.875 0.55 1 0.5 1 0.5 0 0.55 0 0.55 0.125 0.5 0.125 0.55 0.125 0.55 0.25 0.5 0.25 0.55 0.25 0.55 0.375 0.55 0.375 0.55 0.5 0.5 0.5 0.5028243 0.4309452 0.5028243 0.3162305 0.5493506 0.3162305 0.5028243 0.3162305 0.5028243 0.1837694 0.5493506 0.1837694 0.5028243 0.1837694 0.5028243 0.06905478 0.5493507 0.06905478 0.5028243 0.06905478 0.5028243 0.002824187 0.5493507 0.002824187 0.5028242 0.8647147 0.5028242 0.75 0.5493506 0.75 0.5028242 0.75 0.5028242 0.6175389 0.5493506 0.6175389 0.5028242 0.6175389 0.5028243 0.5028242 0.5493506 0.5028242 0.5028243 0.5028242 0.5028243 0.4365936 0.5493506 0.4365936 0.5549991 0.4309452 0.5549991 0.3647147 0.6015254 0.3647147 0.5549991 0.3647147 0.5549991 0.25 0.6015255 0.25 0.1837694 0.4971758 0.06905478 0.4309452 0.002824187 0.3162305 0.002824187 0.3162305 0.002824187 0.1837694 0.06905472 0.06905478 0.06905472 0.06905478 0.1837694 0.002824187 0.3162305 0.002824187 0.3162305 0.002824187 0.4309452 0.06905472 0.4971758 0.1837694 0.4971758 0.1837694 0.4971758 0.3162305 0.4309452 0.4309452 0.4309452 0.4309452 0.3162305 0.4971758 0.1837694 0.4971758 0.1837694 0.4971758 0.002824187 0.3162305 0.06905472 0.06905478 0.06905472 0.06905478 0.3162305 0.002824187 0.4971758 0.1837694 0.4971758 0.1837694 0.4309452 0.4309452 0.1837694 0.4971758 0.5549991 0.25 0.5549991 0.1175389 0.6015255 0.1175389 0.5549991 0.1175389 0.5549991 0.002824187 0.6015255 0.002824187 0.06905478 0.9309452 0.002824187 0.8162305 0.002824187 0.6837695 0.002824187 0.6837695 0.06905472 0.5690548 0.1837694 0.5028242 0.1837694 0.5028242 0.3162305 0.5028242 0.4309452 0.5690547 0.4309452 0.5690547 0.4971758 0.6837694 0.4971758 0.8162305 0.4971758 0.8162305 0.4309452 0.9309452 0.3162305 0.9971758 0.3162305 0.9971758 0.1837694 0.9971758 0.06905478 0.9309452 0.06905478 0.9309452 0.002824187 0.6837695 0.1837694 0.5028242 0.1837694 0.5028242 0.4309452 0.5690547 0.4971758 0.8162305 0.4971758 0.8162305 0.3162305 0.9971758 0.06905478 0.9309452</float_array>
          <technique_common>
            <accessor source="#tire_stack_6_a800-mesh-map-0-array" count="6552" stride="2">
              <param name="S" type="float"/>
              <param name="T" type="float"/>
            </accessor>
          </technique_common>
        </source>
        <vertices id="tire_stack_6_a800-mesh-vertices">
          <input semantic="POSITION" source="#tire_stack_6_a800-mesh-positions"/>
        </vertices>
        <triangles material="tire_005-material" count="1920">
          <input semantic="VERTEX" source="#tire_stack_6_a800-mesh-vertices" offset="0"/>
          <input semantic="NORMAL" source="#tire_stack_6_a800-mesh-normals" offset="1"/>
          <input semantic="TEXCOORD" source="#tire_stack_6_a800-mesh-map-0" offset="2" set="0"/>
          <p>0 0 0 9 0 1 1 0 2 9 1 3 2 1 4 1 1 5 10 2 6 3 2 7 2 2 8 11 3 9 4 3 10 3 3 11 12 4 12 5 4 13 4 4 14 13 5 15 6 5 16 5 5 17 6 6 18 15 6 19 7 6 20 15 7 21 0 7 22 7 7 23 8 8 24 17 8 25 9 8 26 9 9 27 18 9 28 10 9 29 10 10 30 19 10 31 11 10 32 19 11 33 12 11 34 11 11 35 12 12 36 21 12 37 13 12 38 21 13 39 14 13 40 13 13 41 22 14 42 15 14 43 14 14 44 23 15 45 8 15 46 15 15 47 16 16 48 25 16 49 17 16 50 25 17 51 18 17 52 17 17 53 26 18 54 19 18 55 18 18 56 27 19 57 20 19 58 19 19 59 20 20 60 29 20 61 21 20 62 21 21 63 30 21 64 22 21 65 22 22 66 31 22 67 23 22 68 31 23 69 16 23 70 23 23 71 24 24 72 33 24 73 25 24 74 25 25 75 34 25 76 26 25 77 34 26 78 27 26 79 26 26 80 27 27 81 36 27 82 28 27 83 36 28 84 29 28 85 28 28 86 29 29 87 38 29 88 30 29 89 38 30 90 31 30 91 30 30 92 39 31 93 24 31 94 31 31 95 40 32 96 33 32 97 32 32 98 41 33 99 34 33 100 33 33 101 42 34 102 35 34 103 34 34 104 43 35 105 36 35 106 35 35 107 44 36 108 37 36 109 36 36 110 37 37 111 46 37 112 38 37 113 46 38 114 39 38 115 38 38 116 47 39 117 32 39 118 39 39 119 48 40 120 41 40 121 40 40 122 49 41 123 42 41 124 41 41 125 50 42 126 43 42 127 42 42 128 51 43 129 44 43 130 43 43 131 44 44 132 53 44 133 45 44 134 45 45 135 54 45 136 46 45 137 46 46 138 55 46 139 47 46 140 47 47 141 48 47 142 40 47 143 56 48 144 49 48 145 48 48 146 49 49 147 58 49 148 50 49 149 50 50 150 59 50 151 51 50 152 59 51 153 52 51 154 51 51 155 60 52 156 53 52 157 52 52 158 61 53 159 54 53 160 53 53 161 62 54 162 55 54 163 54 54 164 55 55 165 56 55 166 48 55 167 64 56 168 57 56 169 56 56 170 57 57 171 66 57 172 58 57 173 66 58 174 59 58 175 58 58 176 59 59 177 68 59 178 60 59 179 68 60 180 61 60 181 60 60 182 61 61 183 70 61 184 62 61 185 70 62 186 63 62 187 62 62 188 63 63 189 64 63 190 56 63 191 72 64 192 65 64 193 64 64 194 73 65 195 66 65 196 65 65 197 74 66 198 67 66 199 66 66 200 67 67 201 76 67 202 68 67 203 76 68 204 69 68 205 68 68 206 69 69 207 78 69 208 70 69 209 70 70 210 79 70 211 71 70 212 71 71 213 72 71 214 64 71 215 72 72 216 81 72 217 73 72 218 73 73 219 82 73 220 74 73 221 82 74 222 75 74 223 74 74 224 75 75 225 84 75 226 76 75 227 84 76 228 77 76 229 76 76 230 85 77 231 78 77 232 77 77 233 86 78 234 79 78 235 78 78 236 87 79 237 72 79 238 79 79 239 88 80 240 81 80 241 80 80 242 81 81 243 90 81 244 82 81 245 82 82 246 91 82 247 83 82 248 83 83 249 92 83 250 84 83 251 92 84 252 85 84 253 84 84 254 93 85 255 86 85 256 85 85 257 94 86 258 87 86 259 86 86 260 95 87 261 80 87 262 87 87 263 88 88 264 97 88 265 89 88 266 97 89 267 90 89 268 89 89 269 90 90 270 99 90 271 91 90 272 99 91 273 92 91 274 91 91 275 92 92 276 101 92 277 93 92 278 101 93 279 94 93 280 93 93 281 94 94 282 103 94 283 95 94 284 103 95 285 88 95 286 95 95 287 96 96 288 105 96 289 97 96 290 105 97 291 98 97 292 97 97 293 98 98 294 107 98 295 99 98 296 107 99 297 100 99 298 99 99 299 100 100 300 109 100 301 101 100 302 109 101 303 102 101 304 101 101 305 102 102 306 111 102 307 103 102 308 111 103 309 96 103 310 103 103 311 104 104 312 113 104 313 105 104 314 113 105 315 106 105 316 105 105 317 114 106 318 107 106 319 106 106 320 115 107 321 108 107 322 107 107 323 116 108 324 109 108 325 108 108 326 109 109 327 118 109 328 110 109 329 110 110 330 119 110 331 111 110 332 119 111 333 104 111 334 111 111 335 112 112 336 121 112 337 113 112 338 113 113 339 122 113 340 114 113 341 114 114 342 123 114 343 115 114 344 115 115 345 124 115 346 116 115 347 124 116 348 117 116 349 116 116 350 125 117 351 118 117 352 117 117 353 126 118 354 119 118 355 118 118 356 127 119 357 112 119 358 119 119 359 128 120 360 121 120 361 120 120 362 129 121 363 122 121 364 121 121 365 122 122 366 131 122 367 123 122 368 131 123 369 124 123 370 123 123 371 132 124 372 125 124 373 124 124 374 133 125 375 126 125 376 125 125 377 134 126 378 127 126 379 126 126 380 135 127 381 120 127 382 127 127 383 136 128 384 129 128 385 128 128 386 129 129 387 138 129 388 130 129 389 130 130 390 139 130 391 131 130 392 139 131 393 132 131 394 131 131 395 132 132 396 141 132 397 133 132 398 141 133 399 134 133 400 133 133 401 142 134 402 135 134 403 134 134 404 135 135 405 136 135 406 128 135 407 144 136 408 137 136 409 136 136 410 145 137 411 138 137 412 137 137 413 138 138 414 147 138 415 139 138 416 139 139 417 148 139 418 140 139 419 148 140 420 141 140 421 140 140 422 149 141 423 142 141 424 141 141 425 142 142 426 151 142 427 143 142 428 143 143 429 144 143 430 136 143 431 152 144 432 145 144 433 144 144 434 145 145 435 154 145 436 146 145 437 154 146 438 147 146 439 146 146 440 155 147 441 148 147 442 147 147 443 156 148 444 149 148 445 148 148 446 157 149 447 150 149 448 149 149 449 158 150 450 151 150 451 150 150 452 159 151 453 144 151 454 151 151 455 0 152 456 153 152 457 152 152 458 1 153 459 154 153 460 153 153 461 2 154 462 155 154 463 154 154 464 3 155 465 156 155 466 155 155 467 156 156 468 5 156 469 157 156 470 157 157 471 6 157 472 158 157 473 158 158 474 7 158 475 159 158 476 7 159 477 152 159 478 159 159 479 192 174 522 185 174 523 184 174 524 193 175 525 186 175 526 185 175 527 194 176 528 187 176 529 186 176 530 195 177 531 188 177 532 187 177 533 188 178 534 197 178 535 189 178 536 197 179 537 190 179 538 189 179 539 190 180 540 199 180 541 191 180 542 199 181 543 184 181 544 191 181 545 192 182 546 201 182 547 193 182 548 193 183 549 202 183 550 194 183 551 194 184 552 203 184 553 195 184 554 203 185 555 196 185 556 195 185 557 196 186 558 205 186 559 197 186 560 205 187 561 198 187 562 197 187 563 206 188 564 199 188 565 198 188 566 207 189 567 192 189 568 199 189 569 200 190 570 209 190 571 201 190 572 209 191 573 202 191 574 201 191 575 210 192 576 203 192 577 202 192 578 211 193 579 204 193 580 203 193 581 204 194 582 213 194 583 205 194 584 205 195 585 214 195 586 206 195 587 206 196 588 215 196 589 207 196 590 215 197 591 200 197 592 207 197 593 208 198 594 217 198 595 209 198 596 209 199 597 218 199 598 210 199 599 218 200 600 211 200 601 210 200 602 211 201 603 220 201 604 212 201 605 220 202 606 213 202 607 212 202 608 213 203 609 222 203 610 214 203 611 222 204 612 215 204 613 214 204 614 223 205 615 208 205 616 215 205 617 224 206 618 217 206 619 216 206 620 225 207 621 218 207 622 217 207 623 226 208 624 219 208 625 218 208 626 227 209 627 220 209 628 219 209 629 228 210 630 221 210 631 220 210 632 221 211 633 230 211 634 222 211 635 230 212 636 223 212 637 222 212 638 231 213 639 216 213 640 223 213 641 232 214 642 225 214 643 224 214 644 233 215 645 226 215 646 225 215 647 234 216 648 227 216 649 226 216 650 235 217 651 228 217 652 227 217 653 228 218 654 237 218 655 229 218 656 229 219 657 238 219 658 230 219 659 230 220 660 239 220 661 231 220 662 239 221 663 224 221 664 231 221 665 240 222 666 233 222 667 232 222 668 233 223 669 242 223 670 234 223 671 234 224 672 243 224 673 235 224 674 243 225 675 236 225 676 235 225 677 244 226 678 237 226 679 236 226 680 245 227 681 238 227 682 237 227 683 246 228 684 239 228 685 238 228 686 239 229 687 240 229 688 232 229 689 248 230 690 241 230 691 240 230 692 241 231 693 250 231 694 242 231 695 250 232 696 243 232 697 242 232 698 243 233 699 252 233 700 244 233 701 252 234 702 245 234 703 244 234 704 245 235 705 254 235 706 246 235 707 254 236 708 247 236 709 246 236 710 247 237 711 248 237 712 240 237 713 256 238 714 249 238 715 248 238 716 257 239 717 250 239 718 249 239 719 258 240 720 251 240 721 250 240 722 251 241 723 260 241 724 252 241 725 260 242 726 253 242 727 252 242 728 253 243 729 262 243 730 254 243 731 254 244 732 263 244 733 255 244 734 255 245 735 256 245 736 248 245 737 256 246 738 265 246 739 257 246 740 257 247 741 266 247 742 258 247 743 266 248 744 259 248 745 258 248 746 259 249 747 268 249 748 260 249 749 268 250 750 261 250 751 260 250 752 269 251 753 262 251 754 261 251 755 270 252 756 263 252 757 262 252 758 271 253 759 256 253 760 263 253 761 272 254 762 265 254 763 264 254 764 265 255 765 274 255 766 266 255 767 266 256 768 275 256 769 267 256 770 267 257 771 276 257 772 268 257 773 276 258 774 269 258 775 268 258 776 277 259 777 270 259 778 269 259 779 278 260 780 271 260 781 270 260 782 279 261 783 264 261 784 271 261 785 272 262 786 281 262 787 273 262 788 281 263 789 274 263 790 273 263 791 274 264 792 283 264 793 275 264 794 283 265 795 276 265 796 275 265 797 284 266 798 277 266 799 276 266 800 285 267 801 278 267 802 277 267 803 278 268 804 287 268 805 279 268 806 287 269 807 272 269 808 279 269 809 280 270 810 289 270 811 281 270 812 289 271 813 282 271 814 281 271 815 282 272 816 291 272 817 283 272 818 291 273 819 284 273 820 283 273 821 284 274 822 293 274 823 285 274 824 293 275 825 286 275 826 285 275 827 286 276 828 295 276 829 287 276 830 295 277 831 280 277 832 287 277 833 288 278 834 297 278 835 289 278 836 297 279 837 290 279 838 289 279 839 298 280 840 291 280 841 290 280 842 299 281 843 292 281 844 291 281 845 300 282 846 293 282 847 292 282 848 293 283 849 302 283 850 294 283 851 294 284 852 303 284 853 295 284 854 303 285 855 288 285 856 295 285 857 304 286 858 297 286 859 296 286 860 297 287 861 306 287 862 298 287 863 298 288 864 307 288 865 299 288 866 299 289 867 308 289 868 300 289 869 308 290 870 301 290 871 300 290 872 309 291 873 302 291 874 301 291 875 310 292 876 303 292 877 302 292 878 311 293 879 296 293 880 303 293 881 312 294 882 305 294 883 304 294 884 313 295 885 306 295 886 305 295 887 306 296 888 315 296 889 307 296 890 315 297 891 308 297 892 307 297 893 316 298 894 309 298 895 308 298 896 317 299 897 310 299 898 309 299 899 318 300 900 311 300 901 310 300 902 319 301 903 304 301 904 311 301 905 320 302 906 313 302 907 312 302 908 313 303 909 322 303 910 314 303 911 314 304 912 323 304 913 315 304 914 323 305 915 316 305 916 315 305 917 316 306 918 325 306 919 317 306 920 325 307 921 318 307 922 317 307 923 326 308 924 319 308 925 318 308 926 319 309 927 320 309 928 312 309 929 328 310 930 321 310 931 320 310 932 329 311 933 322 311 934 321 311 935 322 312 936 331 312 937 323 312 938 331 313 939 324 313 940 323 313 941 332 314 942 325 314 943 324 314 944 333 315 945 326 315 946 325 315 947 326 316 948 335 316 949 327 316 950 327 317 951 328 317 952 320 317 953 328 318 954 337 318 955 329 318 956 329 319 957 338 319 958 330 319 959 338 320 960 331 320 961 330 320 962 331 321 963 340 321 964 332 321 965 340 322 966 333 322 967 332 322 968 341 323 969 334 323 970 333 323 971 342 324 972 335 324 973 334 324 974 343 325 975 328 325 976 335 325 977 184 326 978 337 326 979 336 326 980 185 327 981 338 327 982 337 327 983 186 328 984 339 328 985 338 328 986 187 329 987 340 329 988 339 329 989 188 330 990 341 330 991 340 330 992 341 331 993 190 331 994 342 331 995 342 332 996 191 332 997 343 332 998 191 333 999 336 333 1000 343 333 1001 368 348 1044 377 348 1045 369 348 1046 377 349 1047 370 349 1048 369 349 1049 378 350 1050 371 350 1051 370 350 1052 379 351 1053 372 351 1054 371 351 1055 372 352 1056 381 352 1057 373 352 1058 381 353 1059 374 353 1060 373 353 1061 374 354 1062 383 354 1063 375 354 1064 383 355 1065 368 355 1066 375 355 1067 376 356 1068 385 356 1069 377 356 1070 377 357 1071 386 357 1072 378 357 1073 378 358 1074 387 358 1075 379 358 1076 387 359 1077 380 359 1078 379 359 1079 380 360 1080 389 360 1081 381 360 1082 389 361 1083 382 361 1084 381 361 1085 390 362 1086 383 362 1087 382 362 1088 391 363 1089 376 363 1090 383 363 1091 384 364 1092 393 364 1093 385 364 1094 393 365 1095 386 365 1096 385 365 1097 394 366 1098 387 366 1099 386 366 1100 395 367 1101 388 367 1102 387 367 1103 388 368 1104 397 368 1105 389 368 1106 389 369 1107 398 369 1108 390 369 1109 390 370 1110 399 370 1111 391 370 1112 399 371 1113 384 371 1114 391 371 1115 392 372 1116 401 372 1117 393 372 1118 393 373 1119 402 373 1120 394 373 1121 402 374 1122 395 374 1123 394 374 1124 395 375 1125 404 375 1126 396 375 1127 404 376 1128 397 376 1129 396 376 1130 397 377 1131 406 377 1132 398 377 1133 406 378 1134 399 378 1135 398 378 1136 407 379 1137 392 379 1138 399 379 1139 408 380 1140 401 380 1141 400 380 1142 409 381 1143 402 381 1144 401 381 1145 410 382 1146 403 382 1147 402 382 1148 411 383 1149 404 383 1150 403 383 1151 412 384 1152 405 384 1153 404 384 1154 405 385 1155 414 385 1156 406 385 1157 414 386 1158 407 386 1159 406 386 1160 415 387 1161 400 387 1162 407 387 1163 416 388 1164 409 388 1165 408 388 1166 417 389 1167 410 389 1168 409 389 1169 418 390 1170 411 390 1171 410 390 1172 419 391 1173 412 391 1174 411 391 1175 412 392 1176 421 392 1177 413 392 1178 413 393 1179 422 393 1180 414 393 1181 414 394 1182 423 394 1183 415 394 1184 423 395 1185 408 395 1186 415 395 1187 424 396 1188 417 396 1189 416 396 1190 417 397 1191 426 397 1192 418 397 1193 418 398 1194 427 398 1195 419 398 1196 427 399 1197 420 399 1198 419 399 1199 428 400 1200 421 400 1201 420 400 1202 429 401 1203 422 401 1204 421 401 1205 430 402 1206 423 402 1207 422 402 1208 423 403 1209 424 403 1210 416 403 1211 432 404 1212 425 404 1213 424 404 1214 425 405 1215 434 405 1216 426 405 1217 434 406 1218 427 406 1219 426 406 1220 427 407 1221 436 407 1222 428 407 1223 436 408 1224 429 408 1225 428 408 1226 429 409 1227 438 409 1228 430 409 1229 438 410 1230 431 410 1231 430 410 1232 431 411 1233 432 411 1234 424 411 1235 440 412 1236 433 412 1237 432 412 1238 441 413 1239 434 413 1240 433 413 1241 442 414 1242 435 414 1243 434 414 1244 435 415 1245 444 415 1246 436 415 1247 444 416 1248 437 416 1249 436 416 1250 437 417 1251 446 417 1252 438 417 1253 438 418 1254 447 418 1255 439 418 1256 439 419 1257 440 419 1258 432 419 1259 440 420 1260 449 420 1261 441 420 1262 441 421 1263 450 421 1264 442 421 1265 450 422 1266 443 422 1267 442 422 1268 443 423 1269 452 423 1270 444 423 1271 452 424 1272 445 424 1273 444 424 1274 453 425 1275 446 425 1276 445 425 1277 454 426 1278 447 426 1279 446 426 1280 455 427 1281 440 427 1282 447 427 1283 456 428 1284 449 428 1285 448 428 1286 449 429 1287 458 429 1288 450 429 1289 450 430 1290 459 430 1291 451 430 1292 451 431 1293 460 431 1294 452 431 1295 460 432 1296 453 432 1297 452 432 1298 461 433 1299 454 433 1300 453 433 1301 462 434 1302 455 434 1303 454 434 1304 463 435 1305 448 435 1306 455 435 1307 456 436 1308 465 436 1309 457 436 1310 465 437 1311 458 437 1312 457 437 1313 458 438 1314 467 438 1315 459 438 1316 467 439 1317 460 439 1318 459 439 1319 468 440 1320 461 440 1321 460 440 1322 469 441 1323 462 441 1324 461 441 1325 462 442 1326 471 442 1327 463 442 1328 471 443 1329 456 443 1330 463 443 1331 464 444 1332 473 444 1333 465 444 1334 473 445 1335 466 445 1336 465 445 1337 466 446 1338 475 446 1339 467 446 1340 475 447 1341 468 447 1342 467 447 1343 468 448 1344 477 448 1345 469 448 1346 477 449 1347 470 449 1348 469 449 1349 470 450 1350 479 450 1351 471 450 1352 479 451 1353 464 451 1354 471 451 1355 472 452 1356 481 452 1357 473 452 1358 481 453 1359 474 453 1360 473 453 1361 482 454 1362 475 454 1363 474 454 1364 483 455 1365 476 455 1366 475 455 1367 484 456 1368 477 456 1369 476 456 1370 477 457 1371 486 457 1372 478 457 1373 478 458 1374 487 458 1375 479 458 1376 487 459 1377 472 459 1378 479 459 1379 480 460 1380 489 460 1381 481 460 1382 481 461 1383 490 461 1384 482 461 1385 482 462 1386 491 462 1387 483 462 1388 483 463 1389 492 463 1390 484 463 1391 492 464 1392 485 464 1393 484 464 1394 493 465 1395 486 465 1396 485 465 1397 494 466 1398 487 466 1399 486 466 1400 495 467 1401 480 467 1402 487 467 1403 496 468 1404 489 468 1405 488 468 1406 497 469 1407 490 469 1408 489 469 1409 490 470 1410 499 470 1411 491 470 1412 499 471 1413 492 471 1414 491 471 1415 500 472 1416 493 472 1417 492 472 1418 501 473 1419 494 473 1420 493 473 1421 502 474 1422 495 474 1423 494 474 1424 503 475 1425 488 475 1426 495 475 1427 504 476 1428 497 476 1429 496 476 1430 497 477 1431 506 477 1432 498 477 1433 498 478 1434 507 478 1435 499 478 1436 507 479 1437 500 479 1438 499 479 1439 500 480 1440 509 480 1441 501 480 1442 509 481 1443 502 481 1444 501 481 1445 510 482 1446 503 482 1447 502 482 1448 503 483 1449 504 483 1450 496 483 1451 512 484 1452 505 484 1453 504 484 1454 513 485 1455 506 485 1456 505 485 1457 506 486 1458 515 486 1459 507 486 1460 507 487 1461 516 487 1462 508 487 1463 516 488 1464 509 488 1465 508 488 1466 517 489 1467 510 489 1468 509 489 1469 510 490 1470 519 490 1471 511 490 1472 511 491 1473 512 491 1474 504 491 1475 520 492 1476 513 492 1477 512 492 1478 513 493 1479 522 493 1480 514 493 1481 522 494 1482 515 494 1483 514 494 1484 523 495 1485 516 495 1486 515 495 1487 524 496 1488 517 496 1489 516 496 1490 525 497 1491 518 497 1492 517 497 1493 526 498 1494 519 498 1495 518 498 1496 527 499 1497 512 499 1498 519 499 1499 368 500 1500 521 500 1501 520 500 1502 369 501 1503 522 501 1504 521 501 1505 370 502 1506 523 502 1507 522 502 1508 371 503 1509 524 503 1510 523 503 1511 372 504 1512 525 504 1513 524 504 1514 525 505 1515 374 505 1516 526 505 1517 526 506 1518 375 506 1519 527 506 1520 375 507 1521 520 507 1522 527 507 1523 552 522 1566 561 522 1567 553 522 1568 561 523 1569 554 523 1570 553 523 1571 562 524 1572 555 524 1573 554 524 1574 563 525 1575 556 525 1576 555 525 1577 564 526 1578 557 526 1579 556 526 1580 565 527 1581 558 527 1582 557 527 1583 558 528 1584 567 528 1585 559 528 1586 567 529 1587 552 529 1588 559 529 1589 560 530 1590 569 530 1591 561 530 1592 561 531 1593 570 531 1594 562 531 1595 562 532 1596 571 532 1597 563 532 1598 571 533 1599 564 533 1600 563 533 1601 564 534 1602 573 534 1603 565 534 1604 573 535 1605 566 535 1606 565 535 1607 574 536 1608 567 536 1609 566 536 1610 575 537 1611 560 537 1612 567 537 1613 568 538 1614 577 538 1615 569 538 1616 577 539 1617 570 539 1618 569 539 1619 578 540 1620 571 540 1621 570 540 1622 579 541 1623 572 541 1624 571 541 1625 572 542 1626 581 542 1627 573 542 1628 573 543 1629 582 543 1630 574 543 1631 574 544 1632 583 544 1633 575 544 1634 583 545 1635 568 545 1636 575 545 1637 576 546 1638 585 546 1639 577 546 1640 577 547 1641 586 547 1642 578 547 1643 586 548 1644 579 548 1645 578 548 1646 579 549 1647 588 549 1648 580 549 1649 588 550 1650 581 550 1651 580 550 1652 581 551 1653 590 551 1654 582 551 1655 590 552 1656 583 552 1657 582 552 1658 591 553 1659 576 553 1660 583 553 1661 592 554 1662 585 554 1663 584 554 1664 593 555 1665 586 555 1666 585 555 1667 594 556 1668 587 556 1669 586 556 1670 595 557 1671 588 557 1672 587 557 1673 596 558 1674 589 558 1675 588 558 1676 589 559 1677 598 559 1678 590 559 1679 598 560 1680 591 560 1681 590 560 1682 599 561 1683 584 561 1684 591 561 1685 600 562 1686 593 562 1687 592 562 1688 601 563 1689 594 563 1690 593 563 1691 602 564 1692 595 564 1693 594 564 1694 603 565 1695 596 565 1696 595 565 1697 596 566 1698 605 566 1699 597 566 1700 597 567 1701 606 567 1702 598 567 1703 598 568 1704 607 568 1705 599 568 1706 599 569 1707 600 569 1708 592 569 1709 608 570 1710 601 570 1711 600 570 1712 601 571 1713 610 571 1714 602 571 1715 602 572 1716 611 572 1717 603 572 1718 611 573 1719 604 573 1720 603 573 1721 612 574 1722 605 574 1723 604 574 1724 613 575 1725 606 575 1726 605 575 1727 614 576 1728 607 576 1729 606 576 1730 607 577 1731 608 577 1732 600 577 1733 616 578 1734 609 578 1735 608 578 1736 609 579 1737 618 579 1738 610 579 1739 618 580 1740 611 580 1741 610 580 1742 611 581 1743 620 581 1744 612 581 1745 620 582 1746 613 582 1747 612 582 1748 613 583 1749 622 583 1750 614 583 1751 622 584 1752 615 584 1753 614 584 1754 615 585 1755 616 585 1756 608 585 1757 624 586 1758 617 586 1759 616 586 1760 625 587 1761 618 587 1762 617 587 1763 626 588 1764 619 588 1765 618 588 1766 619 589 1767 628 589 1768 620 589 1769 628 590 1770 621 590 1771 620 590 1772 621 591 1773 630 591 1774 622 591 1775 622 592 1776 631 592 1777 623 592 1778 623 593 1779 624 593 1780 616 593 1781 624 594 1782 633 594 1783 625 594 1784 625 595 1785 634 595 1786 626 595 1787 634 596 1788 627 596 1789 626 596 1790 627 597 1791 636 597 1792 628 597 1793 636 598 1794 629 598 1795 628 598 1796 637 599 1797 630 599 1798 629 599 1799 638 600 1800 631 600 1801 630 600 1802 639 601 1803 624 601 1804 631 601 1805 640 602 1806 633 602 1807 632 602 1808 633 603 1809 642 603 1810 634 603 1811 634 604 1812 643 604 1813 635 604 1814 635 605 1815 644 605 1816 636 605 1817 644 606 1818 637 606 1819 636 606 1820 645 607 1821 638 607 1822 637 607 1823 646 608 1824 639 608 1825 638 608 1826 647 609 1827 632 609 1828 639 609 1829 640 610 1830 649 610 1831 641 610 1832 649 611 1833 642 611 1834 641 611 1835 642 612 1836 651 612 1837 643 612 1838 651 613 1839 644 613 1840 643 613 1841 644 614 1842 653 614 1843 645 614 1844 653 615 1845 646 615 1846 645 615 1847 646 616 1848 655 616 1849 647 616 1850 655 617 1851 640 617 1852 647 617 1853 648 618 1854 657 618 1855 649 618 1856 657 619 1857 650 619 1858 649 619 1859 650 620 1860 659 620 1861 651 620 1862 659 621 1863 652 621 1864 651 621 1865 652 622 1866 661 622 1867 653 622 1868 661 623 1869 654 623 1870 653 623 1871 654 624 1872 663 624 1873 655 624 1874 663 625 1875 648 625 1876 655 625 1877 656 626 1878 665 626 1879 657 626 1880 665 627 1881 658 627 1882 657 627 1883 666 628 1884 659 628 1885 658 628 1886 667 629 1887 660 629 1888 659 629 1889 668 630 1890 661 630 1891 660 630 1892 661 631 1893 670 631 1894 662 631 1895 662 632 1896 671 632 1897 663 632 1898 671 633 1899 656 633 1900 663 633 1901 664 634 1902 673 634 1903 665 634 1904 665 635 1905 674 635 1906 666 635 1907 666 636 1908 675 636 1909 667 636 1910 667 637 1911 676 637 1912 668 637 1913 676 638 1914 669 638 1915 668 638 1916 677 639 1917 670 639 1918 669 639 1919 678 640 1920 671 640 1921 670 640 1922 679 641 1923 664 641 1924 671 641 1925 680 642 1926 673 642 1927 672 642 1928 681 643 1929 674 643 1930 673 643 1931 674 644 1932 683 644 1933 675 644 1934 683 645 1935 676 645 1936 675 645 1937 684 646 1938 677 646 1939 676 646 1940 685 647 1941 678 647 1942 677 647 1943 686 648 1944 679 648 1945 678 648 1946 687 649 1947 672 649 1948 679 649 1949 688 650 1950 681 650 1951 680 650 1952 681 651 1953 690 651 1954 682 651 1955 682 652 1956 691 652 1957 683 652 1958 691 653 1959 684 653 1960 683 653 1961 684 654 1962 693 654 1963 685 654 1964 693 655 1965 686 655 1966 685 655 1967 694 656 1968 687 656 1969 686 656 1970 687 657 1971 688 657 1972 680 657 1973 696 658 1974 689 658 1975 688 658 1976 697 659 1977 690 659 1978 689 659 1979 690 660 1980 699 660 1981 691 660 1982 691 661 1983 700 661 1984 692 661 1985 700 662 1986 693 662 1987 692 662 1988 701 663 1989 694 663 1990 693 663 1991 694 664 1992 703 664 1993 695 664 1994 695 665 1995 696 665 1996 688 665 1997 704 666 1998 697 666 1999 696 666 2000 697 667 2001 706 667 2002 698 667 2003 706 668 2004 699 668 2005 698 668 2006 707 669 2007 700 669 2008 699 669 2009 708 670 2010 701 670 2011 700 670 2012 709 671 2013 702 671 2014 701 671 2015 710 672 2016 703 672 2017 702 672 2018 711 673 2019 696 673 2020 703 673 2021 552 674 2022 705 674 2023 704 674 2024 553 675 2025 706 675 2026 705 675 2027 554 676 2028 707 676 2029 706 676 2030 555 677 2031 708 677 2032 707 677 2033 708 678 2034 557 678 2035 709 678 2036 709 679 2037 558 679 2038 710 679 2039 710 680 2040 559 680 2041 711 680 2042 559 681 2043 704 681 2044 711 681 2045 736 696 2088 745 696 2089 737 696 2090 745 697 2091 738 697 2092 737 697 2093 746 698 2094 739 698 2095 738 698 2096 747 699 2097 740 699 2098 739 699 2099 748 700 2100 741 700 2101 740 700 2102 749 701 2103 742 701 2104 741 701 2105 742 702 2106 751 702 2107 743 702 2108 751 703 2109 736 703 2110 743 703 2111 744 704 2112 753 704 2113 745 704 2114 745 705 2115 754 705 2116 746 705 2117 746 706 2118 755 706 2119 747 706 2120 755 707 2121 748 707 2122 747 707 2123 748 708 2124 757 708 2125 749 708 2126 757 709 2127 750 709 2128 749 709 2129 758 710 2130 751 710 2131 750 710 2132 759 711 2133 744 711 2134 751 711 2135 752 712 2136 761 712 2137 753 712 2138 761 713 2139 754 713 2140 753 713 2141 762 714 2142 755 714 2143 754 714 2144 763 715 2145 756 715 2146 755 715 2147 756 716 2148 765 716 2149 757 716 2150 757 717 2151 766 717 2152 758 717 2153 758 718 2154 767 718 2155 759 718 2156 767 719 2157 752 719 2158 759 719 2159 760 720 2160 769 720 2161 761 720 2162 761 721 2163 770 721 2164 762 721 2165 770 722 2166 763 722 2167 762 722 2168 763 723 2169 772 723 2170 764 723 2171 772 724 2172 765 724 2173 764 724 2174 765 725 2175 774 725 2176 766 725 2177 774 726 2178 767 726 2179 766 726 2180 775 727 2181 760 727 2182 767 727 2183 776 728 2184 769 728 2185 768 728 2186 777 729 2187 770 729 2188 769 729 2189 778 730 2190 771 730 2191 770 730 2192 779 731 2193 772 731 2194 771 731 2195 780 732 2196 773 732 2197 772 732 2198 773 733 2199 782 733 2200 774 733 2201 782 734 2202 775 734 2203 774 734 2204 783 735 2205 768 735 2206 775 735 2207 784 736 2208 777 736 2209 776 736 2210 785 737 2211 778 737 2212 777 737 2213 786 738 2214 779 738 2215 778 738 2216 787 739 2217 780 739 2218 779 739 2219 780 740 2220 789 740 2221 781 740 2222 781 741 2223 790 741 2224 782 741 2225 782 742 2226 791 742 2227 783 742 2228 783 743 2229 784 743 2230 776 743 2231 792 744 2232 785 744 2233 784 744 2234 785 745 2235 794 745 2236 786 745 2237 786 746 2238 795 746 2239 787 746 2240 795 747 2241 788 747 2242 787 747 2243 796 748 2244 789 748 2245 788 748 2246 797 749 2247 790 749 2248 789 749 2249 798 750 2250 791 750 2251 790 750 2252 791 751 2253 792 751 2254 784 751 2255 800 752 2256 793 752 2257 792 752 2258 793 753 2259 802 753 2260 794 753 2261 802 754 2262 795 754 2263 794 754 2264 795 755 2265 804 755 2266 796 755 2267 804 756 2268 797 756 2269 796 756 2270 797 757 2271 806 757 2272 798 757 2273 806 758 2274 799 758 2275 798 758 2276 799 759 2277 800 759 2278 792 759 2279 808 760 2280 801 760 2281 800 760 2282 809 761 2283 802 761 2284 801 761 2285 810 762 2286 803 762 2287 802 762 2288 803 763 2289 812 763 2290 804 763 2291 812 764 2292 805 764 2293 804 764 2294 805 765 2295 814 765 2296 806 765 2297 806 766 2298 815 766 2299 807 766 2300 807 767 2301 808 767 2302 800 767 2303 808 768 2304 817 768 2305 809 768 2306 809 769 2307 818 769 2308 810 769 2309 818 770 2310 811 770 2311 810 770 2312 811 771 2313 820 771 2314 812 771 2315 820 772 2316 813 772 2317 812 772 2318 821 773 2319 814 773 2320 813 773 2321 822 774 2322 815 774 2323 814 774 2324 823 775 2325 808 775 2326 815 775 2327 824 776 2328 817 776 2329 816 776 2330 817 777 2331 826 777 2332 818 777 2333 818 778 2334 827 778 2335 819 778 2336 819 779 2337 828 779 2338 820 779 2339 828 780 2340 821 780 2341 820 780 2342 829 781 2343 822 781 2344 821 781 2345 830 782 2346 823 782 2347 822 782 2348 831 783 2349 816 783 2350 823 783 2351 824 784 2352 833 784 2353 825 784 2354 833 785 2355 826 785 2356 825 785 2357 826 786 2358 835 786 2359 827 786 2360 835 787 2361 828 787 2362 827 787 2363 828 788 2364 837 788 2365 829 788 2366 837 789 2367 830 789 2368 829 789 2369 830 790 2370 839 790 2371 831 790 2372 839 791 2373 824 791 2374 831 791 2375 832 792 2376 841 792 2377 833 792 2378 841 793 2379 834 793 2380 833 793 2381 834 794 2382 843 794 2383 835 794 2384 843 795 2385 836 795 2386 835 795 2387 836 796 2388 845 796 2389 837 796 2390 845 797 2391 838 797 2392 837 797 2393 838 798 2394 847 798 2395 839 798 2396 847 799 2397 832 799 2398 839 799 2399 840 800 2400 849 800 2401 841 800 2402 849 801 2403 842 801 2404 841 801 2405 850 802 2406 843 802 2407 842 802 2408 851 803 2409 844 803 2410 843 803 2411 852 804 2412 845 804 2413 844 804 2414 845 805 2415 854 805 2416 846 805 2417 846 806 2418 855 806 2419 847 806 2420 855 807 2421 840 807 2422 847 807 2423 848 808 2424 857 808 2425 849 808 2426 849 809 2427 858 809 2428 850 809 2429 850 810 2430 859 810 2431 851 810 2432 851 811 2433 860 811 2434 852 811 2435 860 812 2436 853 812 2437 852 812 2438 861 813 2439 854 813 2440 853 813 2441 862 814 2442 855 814 2443 854 814 2444 863 815 2445 848 815 2446 855 815 2447 864 816 2448 857 816 2449 856 816 2450 865 817 2451 858 817 2452 857 817 2453 858 818 2454 867 818 2455 859 818 2456 867 819 2457 860 819 2458 859 819 2459 868 820 2460 861 820 2461 860 820 2462 869 821 2463 862 821 2464 861 821 2465 870 822 2466 863 822 2467 862 822 2468 871 823 2469 856 823 2470 863 823 2471 872 824 2472 865 824 2473 864 824 2474 865 825 2475 874 825 2476 866 825 2477 866 826 2478 875 826 2479 867 826 2480 875 827 2481 868 827 2482 867 827 2483 868 828 2484 877 828 2485 869 828 2486 877 829 2487 870 829 2488 869 829 2489 878 830 2490 871 830 2491 870 830 2492 871 831 2493 872 831 2494 864 831 2495 880 832 2496 873 832 2497 872 832 2498 881 833 2499 874 833 2500 873 833 2501 874 834 2502 883 834 2503 875 834 2504 875 835 2505 884 835 2506 876 835 2507 884 836 2508 877 836 2509 876 836 2510 885 837 2511 878 837 2512 877 837 2513 878 838 2514 887 838 2515 879 838 2516 879 839 2517 880 839 2518 872 839 2519 888 840 2520 881 840 2521 880 840 2522 881 841 2523 890 841 2524 882 841 2525 890 842 2526 883 842 2527 882 842 2528 891 843 2529 884 843 2530 883 843 2531 892 844 2532 885 844 2533 884 844 2534 893 845 2535 886 845 2536 885 845 2537 894 846 2538 887 846 2539 886 846 2540 895 847 2541 880 847 2542 887 847 2543 736 848 2544 889 848 2545 888 848 2546 737 849 2547 890 849 2548 889 849 2549 738 850 2550 891 850 2551 890 850 2552 739 851 2553 892 851 2554 891 851 2555 892 852 2556 741 852 2557 893 852 2558 893 853 2559 742 853 2560 894 853 2561 894 854 2562 743 854 2563 895 854 2564 743 855 2565 888 855 2566 895 855 2567 920 870 2610 929 870 2611 921 870 2612 929 871 2613 922 871 2614 921 871 2615 930 872 2616 923 872 2617 922 872 2618 931 873 2619 924 873 2620 923 873 2621 932 874 2622 925 874 2623 924 874 2624 933 875 2625 926 875 2626 925 875 2627 926 876 2628 935 876 2629 927 876 2630 935 877 2631 920 877 2632 927 877 2633 928 878 2634 937 878 2635 929 878 2636 929 879 2637 938 879 2638 930 879 2639 930 880 2640 939 880 2641 931 880 2642 939 881 2643 932 881 2644 931 881 2645 932 882 2646 941 882 2647 933 882 2648 941 883 2649 934 883 2650 933 883 2651 942 884 2652 935 884 2653 934 884 2654 943 885 2655 928 885 2656 935 885 2657 936 886 2658 945 886 2659 937 886 2660 945 887 2661 938 887 2662 937 887 2663 946 888 2664 939 888 2665 938 888 2666 947 889 2667 940 889 2668 939 889 2669 940 890 2670 949 890 2671 941 890 2672 941 891 2673 950 891 2674 942 891 2675 942 892 2676 951 892 2677 943 892 2678 951 893 2679 936 893 2680 943 893 2681 944 894 2682 953 894 2683 945 894 2684 945 895 2685 954 895 2686 946 895 2687 954 896 2688 947 896 2689 946 896 2690 947 897 2691 956 897 2692 948 897 2693 956 898 2694 949 898 2695 948 898 2696 949 899 2697 958 899 2698 950 899 2699 958 900 2700 951 900 2701 950 900 2702 959 901 2703 944 901 2704 951 901 2705 960 902 2706 953 902 2707 952 902 2708 961 903 2709 954 903 2710 953 903 2711 962 904 2712 955 904 2713 954 904 2714 963 905 2715 956 905 2716 955 905 2717 964 906 2718 957 906 2719 956 906 2720 957 907 2721 966 907 2722 958 907 2723 966 908 2724 959 908 2725 958 908 2726 967 909 2727 952 909 2728 959 909 2729 968 910 2730 961 910 2731 960 910 2732 969 911 2733 962 911 2734 961 911 2735 970 912 2736 963 912 2737 962 912 2738 971 913 2739 964 913 2740 963 913 2741 964 914 2742 973 914 2743 965 914 2744 965 915 2745 974 915 2746 966 915 2747 966 916 2748 975 916 2749 967 916 2750 967 917 2751 968 917 2752 960 917 2753 976 918 2754 969 918 2755 968 918 2756 969 919 2757 978 919 2758 970 919 2759 970 920 2760 979 920 2761 971 920 2762 979 921 2763 972 921 2764 971 921 2765 980 922 2766 973 922 2767 972 922 2768 981 923 2769 974 923 2770 973 923 2771 982 924 2772 975 924 2773 974 924 2774 975 925 2775 976 925 2776 968 925 2777 984 926 2778 977 926 2779 976 926 2780 977 927 2781 986 927 2782 978 927 2783 986 928 2784 979 928 2785 978 928 2786 979 929 2787 988 929 2788 980 929 2789 988 930 2790 981 930 2791 980 930 2792 981 931 2793 990 931 2794 982 931 2795 990 932 2796 983 932 2797 982 932 2798 983 933 2799 984 933 2800 976 933 2801 992 934 2802 985 934 2803 984 934 2804 993 935 2805 986 935 2806 985 935 2807 994 936 2808 987 936 2809 986 936 2810 987 937 2811 996 937 2812 988 937 2813 996 938 2814 989 938 2815 988 938 2816 989 939 2817 998 939 2818 990 939 2819 990 940 2820 999 940 2821 991 940 2822 991 941 2823 992 941 2824 984 941 2825 992 942 2826 1001 942 2827 993 942 2828 993 943 2829 1002 943 2830 994 943 2831 1002 944 2832 995 944 2833 994 944 2834 995 945 2835 1004 945 2836 996 945 2837 1004 946 2838 997 946 2839 996 946 2840 1005 947 2841 998 947 2842 997 947 2843 1006 948 2844 999 948 2845 998 948 2846 1007 949 2847 992 949 2848 999 949 2849 1008 950 2850 1001 950 2851 1000 950 2852 1001 951 2853 1010 951 2854 1002 951 2855 1002 952 2856 1011 952 2857 1003 952 2858 1003 953 2859 1012 953 2860 1004 953 2861 1012 954 2862 1005 954 2863 1004 954 2864 1013 955 2865 1006 955 2866 1005 955 2867 1014 956 2868 1007 956 2869 1006 956 2870 1015 957 2871 1000 957 2872 1007 957 2873 1008 958 2874 1017 958 2875 1009 958 2876 1017 959 2877 1010 959 2878 1009 959 2879 1010 960 2880 1019 960 2881 1011 960 2882 1019 961 2883 1012 961 2884 1011 961 2885 1012 962 2886 1021 962 2887 1013 962 2888 1021 963 2889 1014 963 2890 1013 963 2891 1014 964 2892 1023 964 2893 1015 964 2894 1023 965 2895 1008 965 2896 1015 965 2897 1016 966 2898 1025 966 2899 1017 966 2900 1025 967 2901 1018 967 2902 1017 967 2903 1018 968 2904 1027 968 2905 1019 968 2906 1027 969 2907 1020 969 2908 1019 969 2909 1020 970 2910 1029 970 2911 1021 970 2912 1029 971 2913 1022 971 2914 1021 971 2915 1022 972 2916 1031 972 2917 1023 972 2918 1031 973 2919 1016 973 2920 1023 973 2921 1024 974 2922 1033 974 2923 1025 974 2924 1033 975 2925 1026 975 2926 1025 975 2927 1034 976 2928 1027 976 2929 1026 976 2930 1035 977 2931 1028 977 2932 1027 977 2933 1036 978 2934 1029 978 2935 1028 978 2936 1029 979 2937 1038 979 2938 1030 979 2939 1030 980 2940 1039 980 2941 1031 980 2942 1039 981 2943 1024 981 2944 1031 981 2945 1032 982 2946 1041 982 2947 1033 982 2948 1033 983 2949 1042 983 2950 1034 983 2951 1034 984 2952 1043 984 2953 1035 984 2954 1035 985 2955 1044 985 2956 1036 985 2957 1044 986 2958 1037 986 2959 1036 986 2960 1045 987 2961 1038 987 2962 1037 987 2963 1046 988 2964 1039 988 2965 1038 988 2966 1047 989 2967 1032 989 2968 1039 989 2969 1048 990 2970 1041 990 2971 1040 990 2972 1049 991 2973 1042 991 2974 1041 991 2975 1042 992 2976 1051 992 2977 1043 992 2978 1051 993 2979 1044 993 2980 1043 993 2981 1052 994 2982 1045 994 2983 1044 994 2984 1053 995 2985 1046 995 2986 1045 995 2987 1054 996 2988 1047 996 2989 1046 996 2990 1055 997 2991 1040 997 2992 1047 997 2993 1056 998 2994 1049 998 2995 1048 998 2996 1049 999 2997 1058 999 2998 1050 999 2999 1050 1000 3000 1059 1000 3001 1051 1000 3002 1059 1001 3003 1052 1001 3004 1051 1001 3005 1052 1002 3006 1061 1002 3007 1053 1002 3008 1061 1003 3009 1054 1003 3010 1053 1003 3011 1062 1004 3012 1055 1004 3013 1054 1004 3014 1055 1005 3015 1056 1005 3016 1048 1005 3017 1064 1006 3018 1057 1006 3019 1056 1006 3020 1065 1007 3021 1058 1007 3022 1057 1007 3023 1058 1008 3024 1067 1008 3025 1059 1008 3026 1059 1009 3027 1068 1009 3028 1060 1009 3029 1068 1010 3030 1061 1010 3031 1060 1010 3032 1069 1011 3033 1062 1011 3034 1061 1011 3035 1062 1012 3036 1071 1012 3037 1063 1012 3038 1063 1013 3039 1064 1013 3040 1056 1013 3041 1072 1014 3042 1065 1014 3043 1064 1014 3044 1065 1015 3045 1074 1015 3046 1066 1015 3047 1074 1016 3048 1067 1016 3049 1066 1016 3050 1075 1017 3051 1068 1017 3052 1067 1017 3053 1076 1018 3054 1069 1018 3055 1068 1018 3056 1077 1019 3057 1070 1019 3058 1069 1019 3059 1078 1020 3060 1071 1020 3061 1070 1020 3062 1079 1021 3063 1064 1021 3064 1071 1021 3065 920 1022 3066 1073 1022 3067 1072 1022 3068 921 1023 3069 1074 1023 3070 1073 1023 3071 922 1024 3072 1075 1024 3073 1074 1024 3074 923 1025 3075 1076 1025 3076 1075 1025 3077 1076 1026 3078 925 1026 3079 1077 1026 3080 1077 1027 3081 926 1027 3082 1078 1027 3083 1078 1028 3084 927 1028 3085 1079 1028 3086 927 1029 3087 1072 1029 3088 1079 1029 3089 0 1044 3132 8 1044 3133 9 1044 3134 9 1045 3135 10 1045 3136 2 1045 3137 10 1046 3138 11 1046 3139 3 1046 3140 11 1047 3141 12 1047 3142 4 1047 3143 12 1048 3144 13 1048 3145 5 1048 3146 13 1049 3147 14 1049 3148 6 1049 3149 6 1050 3150 14 1050 3151 15 1050 3152 15 1051 3153 8 1051 3154 0 1051 3155 8 1052 3156 16 1052 3157 17 1052 3158 9 1053 3159 17 1053 3160 18 1053 3161 10 1054 3162 18 1054 3163 19 1054 3164 19 1055 3165 20 1055 3166 12 1055 3167 12 1056 3168 20 1056 3169 21 1056 3170 21 1057 3171 22 1057 3172 14 1057 3173 22 1058 3174 23 1058 3175 15 1058 3176 23 1059 3177 16 1059 3178 8 1059 3179 16 1060 3180 24 1060 3181 25 1060 3182 25 1061 3183 26 1061 3184 18 1061 3185 26 1062 3186 27 1062 3187 19 1062 3188 27 1063 3189 28 1063 3190 20 1063 3191 20 1064 3192 28 1064 3193 29 1064 3194 21 1065 3195 29 1065 3196 30 1065 3197 22 1066 3198 30 1066 3199 31 1066 3200 31 1067 3201 24 1067 3202 16 1067 3203 24 1068 3204 32 1068 3205 33 1068 3206 25 1069 3207 33 1069 3208 34 1069 3209 34 1070 3210 35 1070 3211 27 1070 3212 27 1071 3213 35 1071 3214 36 1071 3215 36 1072 3216 37 1072 3217 29 1072 3218 29 1073 3219 37 1073 3220 38 1073 3221 38 1074 3222 39 1074 3223 31 1074 3224 39 1075 3225 32 1075 3226 24 1075 3227 40 1076 3228 41 1076 3229 33 1076 3230 41 1077 3231 42 1077 3232 34 1077 3233 42 1078 3234 43 1078 3235 35 1078 3236 43 1079 3237 44 1079 3238 36 1079 3239 44 1080 3240 45 1080 3241 37 1080 3242 37 1081 3243 45 1081 3244 46 1081 3245 46 1082 3246 47 1082 3247 39 1082 3248 47 1083 3249 40 1083 3250 32 1083 3251 48 1084 3252 49 1084 3253 41 1084 3254 49 1085 3255 50 1085 3256 42 1085 3257 50 1086 3258 51 1086 3259 43 1086 3260 51 1087 3261 52 1087 3262 44 1087 3263 44 1088 3264 52 1088 3265 53 1088 3266 45 1089 3267 53 1089 3268 54 1089 3269 46 1090 3270 54 1090 3271 55 1090 3272 47 1091 3273 55 1091 3274 48 1091 3275 56 1092 3276 57 1092 3277 49 1092 3278 49 1093 3279 57 1093 3280 58 1093 3281 50 1094 3282 58 1094 3283 59 1094 3284 59 1095 3285 60 1095 3286 52 1095 3287 60 1096 3288 61 1096 3289 53 1096 3290 61 1097 3291 62 1097 3292 54 1097 3293 62 1098 3294 63 1098 3295 55 1098 3296 55 1099 3297 63 1099 3298 56 1099 3299 64 1100 3300 65 1100 3301 57 1100 3302 57 1101 3303 65 1101 3304 66 1101 3305 66 1102 3306 67 1102 3307 59 1102 3308 59 1103 3309 67 1103 3310 68 1103 3311 68 1104 3312 69 1104 3313 61 1104 3314 61 1105 3315 69 1105 3316 70 1105 3317 70 1106 3318 71 1106 3319 63 1106 3320 63 1107 3321 71 1107 3322 64 1107 3323 72 1108 3324 73 1108 3325 65 1108 3326 73 1109 3327 74 1109 3328 66 1109 3329 74 1110 3330 75 1110 3331 67 1110 3332 67 1111 3333 75 1111 3334 76 1111 3335 76 1112 3336 77 1112 3337 69 1112 3338 69 1113 3339 77 1113 3340 78 1113 3341 70 1114 3342 78 1114 3343 79 1114 3344 71 1115 3345 79 1115 3346 72 1115 3347 72 1116 3348 80 1116 3349 81 1116 3350 73 1117 3351 81 1117 3352 82 1117 3353 82 1118 3354 83 1118 3355 75 1118 3356 75 1119 3357 83 1119 3358 84 1119 3359 84 1120 3360 85 1120 3361 77 1120 3362 85 1121 3363 86 1121 3364 78 1121 3365 86 1122 3366 87 1122 3367 79 1122 3368 87 1123 3369 80 1123 3370 72 1123 3371 88 1124 3372 89 1124 3373 81 1124 3374 81 1125 3375 89 1125 3376 90 1125 3377 82 1126 3378 90 1126 3379 91 1126 3380 83 1127 3381 91 1127 3382 92 1127 3383 92 1128 3384 93 1128 3385 85 1128 3386 93 1129 3387 94 1129 3388 86 1129 3389 94 1130 3390 95 1130 3391 87 1130 3392 95 1131 3393 88 1131 3394 80 1131 3395 88 1132 3396 96 1132 3397 97 1132 3398 97 1133 3399 98 1133 3400 90 1133 3401 90 1134 3402 98 1134 3403 99 1134 3404 99 1135 3405 100 1135 3406 92 1135 3407 92 1136 3408 100 1136 3409 101 1136 3410 101 1137 3411 102 1137 3412 94 1137 3413 94 1138 3414 102 1138 3415 103 1138 3416 103 1139 3417 96 1139 3418 88 1139 3419 96 1140 3420 104 1140 3421 105 1140 3422 105 1141 3423 106 1141 3424 98 1141 3425 98 1142 3426 106 1142 3427 107 1142 3428 107 1143 3429 108 1143 3430 100 1143 3431 100 1144 3432 108 1144 3433 109 1144 3434 109 1145 3435 110 1145 3436 102 1145 3437 102 1146 3438 110 1146 3439 111 1146 3440 111 1147 3441 104 1147 3442 96 1147 3443 104 1148 3444 112 1148 3445 113 1148 3446 113 1149 3447 114 1149 3448 106 1149 3449 114 1150 3450 115 1150 3451 107 1150 3452 115 1151 3453 116 1151 3454 108 1151 3455 116 1152 3456 117 1152 3457 109 1152 3458 109 1153 3459 117 1153 3460 118 1153 3461 110 1154 3462 118 1154 3463 119 1154 3464 119 1155 3465 112 1155 3466 104 1155 3467 112 1156 3468 120 1156 3469 121 1156 3470 113 1157 3471 121 1157 3472 122 1157 3473 114 1158 3474 122 1158 3475 123 1158 3476 115 1159 3477 123 1159 3478 124 1159 3479 124 1160 3480 125 1160 3481 117 1160 3482 125 1161 3483 126 1161 3484 118 1161 3485 126 1162 3486 127 1162 3487 119 1162 3488 127 1163 3489 120 1163 3490 112 1163 3491 128 1164 3492 129 1164 3493 121 1164 3494 129 1165 3495 130 1165 3496 122 1165 3497 122 1166 3498 130 1166 3499 131 1166 3500 131 1167 3501 132 1167 3502 124 1167 3503 132 1168 3504 133 1168 3505 125 1168 3506 133 1169 3507 134 1169 3508 126 1169 3509 134 1170 3510 135 1170 3511 127 1170 3512 135 1171 3513 128 1171 3514 120 1171 3515 136 1172 3516 137 1172 3517 129 1172 3518 129 1173 3519 137 1173 3520 138 1173 3521 130 1174 3522 138 1174 3523 139 1174 3524 139 1175 3525 140 1175 3526 132 1175 3527 132 1176 3528 140 1176 3529 141 1176 3530 141 1177 3531 142 1177 3532 134 1177 3533 142 1178 3534 143 1178 3535 135 1178 3536 135 1179 3537 143 1179 3538 136 1179 3539 144 1180 3540 145 1180 3541 137 1180 3542 145 1181 3543 146 1181 3544 138 1181 3545 138 1182 3546 146 1182 3547 147 1182 3548 139 1183 3549 147 1183 3550 148 1183 3551 148 1184 3552 149 1184 3553 141 1184 3554 149 1185 3555 150 1185 3556 142 1185 3557 142 1186 3558 150 1186 3559 151 1186 3560 143 1187 3561 151 1187 3562 144 1187 3563 152 1188 3564 153 1188 3565 145 1188 3566 145 1189 3567 153 1189 3568 154 1189 3569 154 1190 3570 155 1190 3571 147 1190 3572 155 1191 3573 156 1191 3574 148 1191 3575 156 1192 3576 157 1192 3577 149 1192 3578 157 1193 3579 158 1193 3580 150 1193 3581 158 1194 3582 159 1194 3583 151 1194 3584 159 1195 3585 152 1195 3586 144 1195 3587 0 1196 3588 1 1196 3589 153 1196 3590 1 1197 3591 2 1197 3592 154 1197 3593 2 1198 3594 3 1198 3595 155 1198 3596 3 1199 3597 4 1199 3598 156 1199 3599 156 1200 3600 4 1200 3601 5 1200 3602 157 1201 3603 5 1201 3604 6 1201 3605 158 1202 3606 6 1202 3607 7 1202 3608 7 1203 3609 0 1203 3610 152 1203 3611 192 1234 3702 193 1234 3703 185 1234 3704 193 1235 3705 194 1235 3706 186 1235 3707 194 1236 3708 195 1236 3709 187 1236 3710 195 1237 3711 196 1237 3712 188 1237 3713 188 1238 3714 196 1238 3715 197 1238 3716 197 1239 3717 198 1239 3718 190 1239 3719 190 1240 3720 198 1240 3721 199 1240 3722 199 1241 3723 192 1241 3724 184 1241 3725 192 1242 3726 200 1242 3727 201 1242 3728 193 1243 3729 201 1243 3730 202 1243 3731 194 1244 3732 202 1244 3733 203 1244 3734 203 1245 3735 204 1245 3736 196 1245 3737 196 1246 3738 204 1246 3739 205 1246 3740 205 1247 3741 206 1247 3742 198 1247 3743 206 1248 3744 207 1248 3745 199 1248 3746 207 1249 3747 200 1249 3748 192 1249 3749 200 1250 3750 208 1250 3751 209 1250 3752 209 1251 3753 210 1251 3754 202 1251 3755 210 1252 3756 211 1252 3757 203 1252 3758 211 1253 3759 212 1253 3760 204 1253 3761 204 1254 3762 212 1254 3763 213 1254 3764 205 1255 3765 213 1255 3766 214 1255 3767 206 1256 3768 214 1256 3769 215 1256 3770 215 1257 3771 208 1257 3772 200 1257 3773 208 1258 3774 216 1258 3775 217 1258 3776 209 1259 3777 217 1259 3778 218 1259 3779 218 1260 3780 219 1260 3781 211 1260 3782 211 1261 3783 219 1261 3784 220 1261 3785 220 1262 3786 221 1262 3787 213 1262 3788 213 1263 3789 221 1263 3790 222 1263 3791 222 1264 3792 223 1264 3793 215 1264 3794 223 1265 3795 216 1265 3796 208 1265 3797 224 1266 3798 225 1266 3799 217 1266 3800 225 1267 3801 226 1267 3802 218 1267 3803 226 1268 3804 227 1268 3805 219 1268 3806 227 1269 3807 228 1269 3808 220 1269 3809 228 1270 3810 229 1270 3811 221 1270 3812 221 1271 3813 229 1271 3814 230 1271 3815 230 1272 3816 231 1272 3817 223 1272 3818 231 1273 3819 224 1273 3820 216 1273 3821 232 1274 3822 233 1274 3823 225 1274 3824 233 1275 3825 234 1275 3826 226 1275 3827 234 1276 3828 235 1276 3829 227 1276 3830 235 1277 3831 236 1277 3832 228 1277 3833 228 1278 3834 236 1278 3835 237 1278 3836 229 1279 3837 237 1279 3838 238 1279 3839 230 1280 3840 238 1280 3841 239 1280 3842 239 1281 3843 232 1281 3844 224 1281 3845 240 1282 3846 241 1282 3847 233 1282 3848 233 1283 3849 241 1283 3850 242 1283 3851 234 1284 3852 242 1284 3853 243 1284 3854 243 1285 3855 244 1285 3856 236 1285 3857 244 1286 3858 245 1286 3859 237 1286 3860 245 1287 3861 246 1287 3862 238 1287 3863 246 1288 3864 247 1288 3865 239 1288 3866 239 1289 3867 247 1289 3868 240 1289 3869 248 1290 3870 249 1290 3871 241 1290 3872 241 1291 3873 249 1291 3874 250 1291 3875 250 1292 3876 251 1292 3877 243 1292 3878 243 1293 3879 251 1293 3880 252 1293 3881 252 1294 3882 253 1294 3883 245 1294 3884 245 1295 3885 253 1295 3886 254 1295 3887 254 1296 3888 255 1296 3889 247 1296 3890 247 1297 3891 255 1297 3892 248 1297 3893 256 1298 3894 257 1298 3895 249 1298 3896 257 1299 3897 258 1299 3898 250 1299 3899 258 1300 3900 259 1300 3901 251 1300 3902 251 1301 3903 259 1301 3904 260 1301 3905 260 1302 3906 261 1302 3907 253 1302 3908 253 1303 3909 261 1303 3910 262 1303 3911 254 1304 3912 262 1304 3913 263 1304 3914 255 1305 3915 263 1305 3916 256 1305 3917 256 1306 3918 264 1306 3919 265 1306 3920 257 1307 3921 265 1307 3922 266 1307 3923 266 1308 3924 267 1308 3925 259 1308 3926 259 1309 3927 267 1309 3928 268 1309 3929 268 1310 3930 269 1310 3931 261 1310 3932 269 1311 3933 270 1311 3934 262 1311 3935 270 1312 3936 271 1312 3937 263 1312 3938 271 1313 3939 264 1313 3940 256 1313 3941 272 1314 3942 273 1314 3943 265 1314 3944 265 1315 3945 273 1315 3946 274 1315 3947 266 1316 3948 274 1316 3949 275 1316 3950 267 1317 3951 275 1317 3952 276 1317 3953 276 1318 3954 277 1318 3955 269 1318 3956 277 1319 3957 278 1319 3958 270 1319 3959 278 1320 3960 279 1320 3961 271 1320 3962 279 1321 3963 272 1321 3964 264 1321 3965 272 1322 3966 280 1322 3967 281 1322 3968 281 1323 3969 282 1323 3970 274 1323 3971 274 1324 3972 282 1324 3973 283 1324 3974 283 1325 3975 284 1325 3976 276 1325 3977 284 1326 3978 285 1326 3979 277 1326 3980 285 1327 3981 286 1327 3982 278 1327 3983 278 1328 3984 286 1328 3985 287 1328 3986 287 1329 3987 280 1329 3988 272 1329 3989 280 1330 3990 288 1330 3991 289 1330 3992 289 1331 3993 290 1331 3994 282 1331 3995 282 1332 3996 290 1332 3997 291 1332 3998 291 1333 3999 292 1333 4000 284 1333 4001 284 1334 4002 292 1334 4003 293 1334 4004 293 1335 4005 294 1335 4006 286 1335 4007 286 1336 4008 294 1336 4009 295 1336 4010 295 1337 4011 288 1337 4012 280 1337 4013 288 1338 4014 296 1338 4015 297 1338 4016 297 1339 4017 298 1339 4018 290 1339 4019 298 1340 4020 299 1340 4021 291 1340 4022 299 1341 4023 300 1341 4024 292 1341 4025 300 1342 4026 301 1342 4027 293 1342 4028 293 1343 4029 301 1343 4030 302 1343 4031 294 1344 4032 302 1344 4033 303 1344 4034 303 1345 4035 296 1345 4036 288 1345 4037 304 1346 4038 305 1346 4039 297 1346 4040 297 1347 4041 305 1347 4042 306 1347 4043 298 1348 4044 306 1348 4045 307 1348 4046 299 1349 4047 307 1349 4048 308 1349 4049 308 1350 4050 309 1350 4051 301 1350 4052 309 1351 4053 310 1351 4054 302 1351 4055 310 1352 4056 311 1352 4057 303 1352 4058 311 1353 4059 304 1353 4060 296 1353 4061 312 1354 4062 313 1354 4063 305 1354 4064 313 1355 4065 314 1355 4066 306 1355 4067 306 1356 4068 314 1356 4069 315 1356 4070 315 1357 4071 316 1357 4072 308 1357 4073 316 1358 4074 317 1358 4075 309 1358 4076 317 1359 4077 318 1359 4078 310 1359 4079 318 1360 4080 319 1360 4081 311 1360 4082 319 1361 4083 312 1361 4084 304 1361 4085 320 1362 4086 321 1362 4087 313 1362 4088 313 1363 4089 321 1363 4090 322 1363 4091 314 1364 4092 322 1364 4093 323 1364 4094 323 1365 4095 324 1365 4096 316 1365 4097 316 1366 4098 324 1366 4099 325 1366 4100 325 1367 4101 326 1367 4102 318 1367 4103 326 1368 4104 327 1368 4105 319 1368 4106 319 1369 4107 327 1369 4108 320 1369 4109 328 1370 4110 329 1370 4111 321 1370 4112 329 1371 4113 330 1371 4114 322 1371 4115 322 1372 4116 330 1372 4117 331 1372 4118 331 1373 4119 332 1373 4120 324 1373 4121 332 1374 4122 333 1374 4123 325 1374 4124 333 1375 4125 334 1375 4126 326 1375 4127 326 1376 4128 334 1376 4129 335 1376 4130 327 1377 4131 335 1377 4132 328 1377 4133 328 1378 4134 336 1378 4135 337 1378 4136 329 1379 4137 337 1379 4138 338 1379 4139 338 1380 4140 339 1380 4141 331 1380 4142 331 1381 4143 339 1381 4144 340 1381 4145 340 1382 4146 341 1382 4147 333 1382 4148 341 1383 4149 342 1383 4150 334 1383 4151 342 1384 4152 343 1384 4153 335 1384 4154 343 1385 4155 336 1385 4156 328 1385 4157 184 1386 4158 185 1386 4159 337 1386 4160 185 1387 4161 186 1387 4162 338 1387 4163 186 1388 4164 187 1388 4165 339 1388 4166 187 1389 4167 188 1389 4168 340 1389 4169 188 1390 4170 189 1390 4171 341 1390 4172 341 1391 4173 189 1391 4174 190 1391 4175 342 1392 4176 190 1392 4177 191 1392 4178 191 1393 4179 184 1393 4180 336 1393 4181 368 1424 4272 376 1424 4273 377 1424 4274 377 1425 4275 378 1425 4276 370 1425 4277 378 1426 4278 379 1426 4279 371 1426 4280 379 1427 4281 380 1427 4282 372 1427 4283 372 1428 4284 380 1428 4285 381 1428 4286 381 1429 4287 382 1429 4288 374 1429 4289 374 1430 4290 382 1430 4291 383 1430 4292 383 1431 4293 376 1431 4294 368 1431 4295 376 1432 4296 384 1432 4297 385 1432 4298 377 1433 4299 385 1433 4300 386 1433 4301 378 1434 4302 386 1434 4303 387 1434 4304 387 1435 4305 388 1435 4306 380 1435 4307 380 1436 4308 388 1436 4309 389 1436 4310 389 1437 4311 390 1437 4312 382 1437 4313 390 1438 4314 391 1438 4315 383 1438 4316 391 1439 4317 384 1439 4318 376 1439 4319 384 1440 4320 392 1440 4321 393 1440 4322 393 1441 4323 394 1441 4324 386 1441 4325 394 1442 4326 395 1442 4327 387 1442 4328 395 1443 4329 396 1443 4330 388 1443 4331 388 1444 4332 396 1444 4333 397 1444 4334 389 1445 4335 397 1445 4336 398 1445 4337 390 1446 4338 398 1446 4339 399 1446 4340 399 1447 4341 392 1447 4342 384 1447 4343 392 1448 4344 400 1448 4345 401 1448 4346 393 1449 4347 401 1449 4348 402 1449 4349 402 1450 4350 403 1450 4351 395 1450 4352 395 1451 4353 403 1451 4354 404 1451 4355 404 1452 4356 405 1452 4357 397 1452 4358 397 1453 4359 405 1453 4360 406 1453 4361 406 1454 4362 407 1454 4363 399 1454 4364 407 1455 4365 400 1455 4366 392 1455 4367 408 1456 4368 409 1456 4369 401 1456 4370 409 1457 4371 410 1457 4372 402 1457 4373 410 1458 4374 411 1458 4375 403 1458 4376 411 1459 4377 412 1459 4378 404 1459 4379 412 1460 4380 413 1460 4381 405 1460 4382 405 1461 4383 413 1461 4384 414 1461 4385 414 1462 4386 415 1462 4387 407 1462 4388 415 1463 4389 408 1463 4390 400 1463 4391 416 1464 4392 417 1464 4393 409 1464 4394 417 1465 4395 418 1465 4396 410 1465 4397 418 1466 4398 419 1466 4399 411 1466 4400 419 1467 4401 420 1467 4402 412 1467 4403 412 1468 4404 420 1468 4405 421 1468 4406 413 1469 4407 421 1469 4408 422 1469 4409 414 1470 4410 422 1470 4411 423 1470 4412 423 1471 4413 416 1471 4414 408 1471 4415 424 1472 4416 425 1472 4417 417 1472 4418 417 1473 4419 425 1473 4420 426 1473 4421 418 1474 4422 426 1474 4423 427 1474 4424 427 1475 4425 428 1475 4426 420 1475 4427 428 1476 4428 429 1476 4429 421 1476 4430 429 1477 4431 430 1477 4432 422 1477 4433 430 1478 4434 431 1478 4435 423 1478 4436 423 1479 4437 431 1479 4438 424 1479 4439 432 1480 4440 433 1480 4441 425 1480 4442 425 1481 4443 433 1481 4444 434 1481 4445 434 1482 4446 435 1482 4447 427 1482 4448 427 1483 4449 435 1483 4450 436 1483 4451 436 1484 4452 437 1484 4453 429 1484 4454 429 1485 4455 437 1485 4456 438 1485 4457 438 1486 4458 439 1486 4459 431 1486 4460 431 1487 4461 439 1487 4462 432 1487 4463 440 1488 4464 441 1488 4465 433 1488 4466 441 1489 4467 442 1489 4468 434 1489 4469 442 1490 4470 443 1490 4471 435 1490 4472 435 1491 4473 443 1491 4474 444 1491 4475 444 1492 4476 445 1492 4477 437 1492 4478 437 1493 4479 445 1493 4480 446 1493 4481 438 1494 4482 446 1494 4483 447 1494 4484 439 1495 4485 447 1495 4486 440 1495 4487 440 1496 4488 448 1496 4489 449 1496 4490 441 1497 4491 449 1497 4492 450 1497 4493 450 1498 4494 451 1498 4495 443 1498 4496 443 1499 4497 451 1499 4498 452 1499 4499 452 1500 4500 453 1500 4501 445 1500 4502 453 1501 4503 454 1501 4504 446 1501 4505 454 1502 4506 455 1502 4507 447 1502 4508 455 1503 4509 448 1503 4510 440 1503 4511 456 1504 4512 457 1504 4513 449 1504 4514 449 1505 4515 457 1505 4516 458 1505 4517 450 1506 4518 458 1506 4519 459 1506 4520 451 1507 4521 459 1507 4522 460 1507 4523 460 1508 4524 461 1508 4525 453 1508 4526 461 1509 4527 462 1509 4528 454 1509 4529 462 1510 4530 463 1510 4531 455 1510 4532 463 1511 4533 456 1511 4534 448 1511 4535 456 1512 4536 464 1512 4537 465 1512 4538 465 1513 4539 466 1513 4540 458 1513 4541 458 1514 4542 466 1514 4543 467 1514 4544 467 1515 4545 468 1515 4546 460 1515 4547 468 1516 4548 469 1516 4549 461 1516 4550 469 1517 4551 470 1517 4552 462 1517 4553 462 1518 4554 470 1518 4555 471 1518 4556 471 1519 4557 464 1519 4558 456 1519 4559 464 1520 4560 472 1520 4561 473 1520 4562 473 1521 4563 474 1521 4564 466 1521 4565 466 1522 4566 474 1522 4567 475 1522 4568 475 1523 4569 476 1523 4570 468 1523 4571 468 1524 4572 476 1524 4573 477 1524 4574 477 1525 4575 478 1525 4576 470 1525 4577 470 1526 4578 478 1526 4579 479 1526 4580 479 1527 4581 472 1527 4582 464 1527 4583 472 1528 4584 480 1528 4585 481 1528 4586 481 1529 4587 482 1529 4588 474 1529 4589 482 1530 4590 483 1530 4591 475 1530 4592 483 1531 4593 484 1531 4594 476 1531 4595 484 1532 4596 485 1532 4597 477 1532 4598 477 1533 4599 485 1533 4600 486 1533 4601 478 1534 4602 486 1534 4603 487 1534 4604 487 1535 4605 480 1535 4606 472 1535 4607 480 1536 4608 488 1536 4609 489 1536 4610 481 1537 4611 489 1537 4612 490 1537 4613 482 1538 4614 490 1538 4615 491 1538 4616 483 1539 4617 491 1539 4618 492 1539 4619 492 1540 4620 493 1540 4621 485 1540 4622 493 1541 4623 494 1541 4624 486 1541 4625 494 1542 4626 495 1542 4627 487 1542 4628 495 1543 4629 488 1543 4630 480 1543 4631 496 1544 4632 497 1544 4633 489 1544 4634 497 1545 4635 498 1545 4636 490 1545 4637 490 1546 4638 498 1546 4639 499 1546 4640 499 1547 4641 500 1547 4642 492 1547 4643 500 1548 4644 501 1548 4645 493 1548 4646 501 1549 4647 502 1549 4648 494 1549 4649 502 1550 4650 503 1550 4651 495 1550 4652 503 1551 4653 496 1551 4654 488 1551 4655 504 1552 4656 505 1552 4657 497 1552 4658 497 1553 4659 505 1553 4660 506 1553 4661 498 1554 4662 506 1554 4663 507 1554 4664 507 1555 4665 508 1555 4666 500 1555 4667 500 1556 4668 508 1556 4669 509 1556 4670 509 1557 4671 510 1557 4672 502 1557 4673 510 1558 4674 511 1558 4675 503 1558 4676 503 1559 4677 511 1559 4678 504 1559 4679 512 1560 4680 513 1560 4681 505 1560 4682 513 1561 4683 514 1561 4684 506 1561 4685 506 1562 4686 514 1562 4687 515 1562 4688 507 1563 4689 515 1563 4690 516 1563 4691 516 1564 4692 517 1564 4693 509 1564 4694 517 1565 4695 518 1565 4696 510 1565 4697 510 1566 4698 518 1566 4699 519 1566 4700 511 1567 4701 519 1567 4702 512 1567 4703 520 1568 4704 521 1568 4705 513 1568 4706 513 1569 4707 521 1569 4708 522 1569 4709 522 1570 4710 523 1570 4711 515 1570 4712 523 1571 4713 524 1571 4714 516 1571 4715 524 1572 4716 525 1572 4717 517 1572 4718 525 1573 4719 526 1573 4720 518 1573 4721 526 1574 4722 527 1574 4723 519 1574 4724 527 1575 4725 520 1575 4726 512 1575 4727 368 1576 4728 369 1576 4729 521 1576 4730 369 1577 4731 370 1577 4732 522 1577 4733 370 1578 4734 371 1578 4735 523 1578 4736 371 1579 4737 372 1579 4738 524 1579 4739 372 1580 4740 373 1580 4741 525 1580 4742 525 1581 4743 373 1581 4744 374 1581 4745 526 1582 4746 374 1582 4747 375 1582 4748 375 1583 4749 368 1583 4750 520 1583 4751 552 1614 4842 560 1614 4843 561 1614 4844 561 1615 4845 562 1615 4846 554 1615 4847 562 1616 4848 563 1616 4849 555 1616 4850 563 1617 4851 564 1617 4852 556 1617 4853 564 1618 4854 565 1618 4855 557 1618 4856 565 1619 4857 566 1619 4858 558 1619 4859 558 1620 4860 566 1620 4861 567 1620 4862 567 1621 4863 560 1621 4864 552 1621 4865 560 1622 4866 568 1622 4867 569 1622 4868 561 1623 4869 569 1623 4870 570 1623 4871 562 1624 4872 570 1624 4873 571 1624 4874 571 1625 4875 572 1625 4876 564 1625 4877 564 1626 4878 572 1626 4879 573 1626 4880 573 1627 4881 574 1627 4882 566 1627 4883 574 1628 4884 575 1628 4885 567 1628 4886 575 1629 4887 568 1629 4888 560 1629 4889 568 1630 4890 576 1630 4891 577 1630 4892 577 1631 4893 578 1631 4894 570 1631 4895 578 1632 4896 579 1632 4897 571 1632 4898 579 1633 4899 580 1633 4900 572 1633 4901 572 1634 4902 580 1634 4903 581 1634 4904 573 1635 4905 581 1635 4906 582 1635 4907 574 1636 4908 582 1636 4909 583 1636 4910 583 1637 4911 576 1637 4912 568 1637 4913 576 1638 4914 584 1638 4915 585 1638 4916 577 1639 4917 585 1639 4918 586 1639 4919 586 1640 4920 587 1640 4921 579 1640 4922 579 1641 4923 587 1641 4924 588 1641 4925 588 1642 4926 589 1642 4927 581 1642 4928 581 1643 4929 589 1643 4930 590 1643 4931 590 1644 4932 591 1644 4933 583 1644 4934 591 1645 4935 584 1645 4936 576 1645 4937 592 1646 4938 593 1646 4939 585 1646 4940 593 1647 4941 594 1647 4942 586 1647 4943 594 1648 4944 595 1648 4945 587 1648 4946 595 1649 4947 596 1649 4948 588 1649 4949 596 1650 4950 597 1650 4951 589 1650 4952 589 1651 4953 597 1651 4954 598 1651 4955 598 1652 4956 599 1652 4957 591 1652 4958 599 1653 4959 592 1653 4960 584 1653 4961 600 1654 4962 601 1654 4963 593 1654 4964 601 1655 4965 602 1655 4966 594 1655 4967 602 1656 4968 603 1656 4969 595 1656 4970 603 1657 4971 604 1657 4972 596 1657 4973 596 1658 4974 604 1658 4975 605 1658 4976 597 1659 4977 605 1659 4978 606 1659 4979 598 1660 4980 606 1660 4981 607 1660 4982 599 1661 4983 607 1661 4984 600 1661 4985 608 1662 4986 609 1662 4987 601 1662 4988 601 1663 4989 609 1663 4990 610 1663 4991 602 1664 4992 610 1664 4993 611 1664 4994 611 1665 4995 612 1665 4996 604 1665 4997 612 1666 4998 613 1666 4999 605 1666 5000 613 1667 5001 614 1667 5002 606 1667 5003 614 1668 5004 615 1668 5005 607 1668 5006 607 1669 5007 615 1669 5008 608 1669 5009 616 1670 5010 617 1670 5011 609 1670 5012 609 1671 5013 617 1671 5014 618 1671 5015 618 1672 5016 619 1672 5017 611 1672 5018 611 1673 5019 619 1673 5020 620 1673 5021 620 1674 5022 621 1674 5023 613 1674 5024 613 1675 5025 621 1675 5026 622 1675 5027 622 1676 5028 623 1676 5029 615 1676 5030 615 1677 5031 623 1677 5032 616 1677 5033 624 1678 5034 625 1678 5035 617 1678 5036 625 1679 5037 626 1679 5038 618 1679 5039 626 1680 5040 627 1680 5041 619 1680 5042 619 1681 5043 627 1681 5044 628 1681 5045 628 1682 5046 629 1682 5047 621 1682 5048 621 1683 5049 629 1683 5050 630 1683 5051 622 1684 5052 630 1684 5053 631 1684 5054 623 1685 5055 631 1685 5056 624 1685 5057 624 1686 5058 632 1686 5059 633 1686 5060 625 1687 5061 633 1687 5062 634 1687 5063 634 1688 5064 635 1688 5065 627 1688 5066 627 1689 5067 635 1689 5068 636 1689 5069 636 1690 5070 637 1690 5071 629 1690 5072 637 1691 5073 638 1691 5074 630 1691 5075 638 1692 5076 639 1692 5077 631 1692 5078 639 1693 5079 632 1693 5080 624 1693 5081 640 1694 5082 641 1694 5083 633 1694 5084 633 1695 5085 641 1695 5086 642 1695 5087 634 1696 5088 642 1696 5089 643 1696 5090 635 1697 5091 643 1697 5092 644 1697 5093 644 1698 5094 645 1698 5095 637 1698 5096 645 1699 5097 646 1699 5098 638 1699 5099 646 1700 5100 647 1700 5101 639 1700 5102 647 1701 5103 640 1701 5104 632 1701 5105 640 1702 5106 648 1702 5107 649 1702 5108 649 1703 5109 650 1703 5110 642 1703 5111 642 1704 5112 650 1704 5113 651 1704 5114 651 1705 5115 652 1705 5116 644 1705 5117 644 1706 5118 652 1706 5119 653 1706 5120 653 1707 5121 654 1707 5122 646 1707 5123 646 1708 5124 654 1708 5125 655 1708 5126 655 1709 5127 648 1709 5128 640 1709 5129 648 1710 5130 656 1710 5131 657 1710 5132 657 1711 5133 658 1711 5134 650 1711 5135 650 1712 5136 658 1712 5137 659 1712 5138 659 1713 5139 660 1713 5140 652 1713 5141 652 1714 5142 660 1714 5143 661 1714 5144 661 1715 5145 662 1715 5146 654 1715 5147 654 1716 5148 662 1716 5149 663 1716 5150 663 1717 5151 656 1717 5152 648 1717 5153 656 1718 5154 664 1718 5155 665 1718 5156 665 1719 5157 666 1719 5158 658 1719 5159 666 1720 5160 667 1720 5161 659 1720 5162 667 1721 5163 668 1721 5164 660 1721 5165 668 1722 5166 669 1722 5167 661 1722 5168 661 1723 5169 669 1723 5170 670 1723 5171 662 1724 5172 670 1724 5173 671 1724 5174 671 1725 5175 664 1725 5176 656 1725 5177 664 1726 5178 672 1726 5179 673 1726 5180 665 1727 5181 673 1727 5182 674 1727 5183 666 1728 5184 674 1728 5185 675 1728 5186 667 1729 5187 675 1729 5188 676 1729 5189 676 1730 5190 677 1730 5191 669 1730 5192 677 1731 5193 678 1731 5194 670 1731 5195 678 1732 5196 679 1732 5197 671 1732 5198 679 1733 5199 672 1733 5200 664 1733 5201 680 1734 5202 681 1734 5203 673 1734 5204 681 1735 5205 682 1735 5206 674 1735 5207 674 1736 5208 682 1736 5209 683 1736 5210 683 1737 5211 684 1737 5212 676 1737 5213 684 1738 5214 685 1738 5215 677 1738 5216 685 1739 5217 686 1739 5218 678 1739 5219 686 1740 5220 687 1740 5221 679 1740 5222 687 1741 5223 680 1741 5224 672 1741 5225 688 1742 5226 689 1742 5227 681 1742 5228 681 1743 5229 689 1743 5230 690 1743 5231 682 1744 5232 690 1744 5233 691 1744 5234 691 1745 5235 692 1745 5236 684 1745 5237 684 1746 5238 692 1746 5239 693 1746 5240 693 1747 5241 694 1747 5242 686 1747 5243 694 1748 5244 695 1748 5245 687 1748 5246 687 1749 5247 695 1749 5248 688 1749 5249 696 1750 5250 697 1750 5251 689 1750 5252 697 1751 5253 698 1751 5254 690 1751 5255 690 1752 5256 698 1752 5257 699 1752 5258 691 1753 5259 699 1753 5260 700 1753 5261 700 1754 5262 701 1754 5263 693 1754 5264 701 1755 5265 702 1755 5266 694 1755 5267 694 1756 5268 702 1756 5269 703 1756 5270 695 1757 5271 703 1757 5272 696 1757 5273 704 1758 5274 705 1758 5275 697 1758 5276 697 1759 5277 705 1759 5278 706 1759 5279 706 1760 5280 707 1760 5281 699 1760 5282 707 1761 5283 708 1761 5284 700 1761 5285 708 1762 5286 709 1762 5287 701 1762 5288 709 1763 5289 710 1763 5290 702 1763 5291 710 1764 5292 711 1764 5293 703 1764 5294 711 1765 5295 704 1765 5296 696 1765 5297 552 1766 5298 553 1766 5299 705 1766 5300 553 1767 5301 554 1767 5302 706 1767 5303 554 1768 5304 555 1768 5305 707 1768 5306 555 1769 5307 556 1769 5308 708 1769 5309 708 1770 5310 556 1770 5311 557 1770 5312 709 1771 5313 557 1771 5314 558 1771 5315 710 1772 5316 558 1772 5317 559 1772 5318 559 1773 5319 552 1773 5320 704 1773 5321 736 1804 5412 744 1804 5413 745 1804 5414 745 1805 5415 746 1805 5416 738 1805 5417 746 1806 5418 747 1806 5419 739 1806 5420 747 1807 5421 748 1807 5422 740 1807 5423 748 1808 5424 749 1808 5425 741 1808 5426 749 1809 5427 750 1809 5428 742 1809 5429 742 1810 5430 750 1810 5431 751 1810 5432 751 1811 5433 744 1811 5434 736 1811 5435 744 1812 5436 752 1812 5437 753 1812 5438 745 1813 5439 753 1813 5440 754 1813 5441 746 1814 5442 754 1814 5443 755 1814 5444 755 1815 5445 756 1815 5446 748 1815 5447 748 1816 5448 756 1816 5449 757 1816 5450 757 1817 5451 758 1817 5452 750 1817 5453 758 1818 5454 759 1818 5455 751 1818 5456 759 1819 5457 752 1819 5458 744 1819 5459 752 1820 5460 760 1820 5461 761 1820 5462 761 1821 5463 762 1821 5464 754 1821 5465 762 1822 5466 763 1822 5467 755 1822 5468 763 1823 5469 764 1823 5470 756 1823 5471 756 1824 5472 764 1824 5473 765 1824 5474 757 1825 5475 765 1825 5476 766 1825 5477 758 1826 5478 766 1826 5479 767 1826 5480 767 1827 5481 760 1827 5482 752 1827 5483 760 1828 5484 768 1828 5485 769 1828 5486 761 1829 5487 769 1829 5488 770 1829 5489 770 1830 5490 771 1830 5491 763 1830 5492 763 1831 5493 771 1831 5494 772 1831 5495 772 1832 5496 773 1832 5497 765 1832 5498 765 1833 5499 773 1833 5500 774 1833 5501 774 1834 5502 775 1834 5503 767 1834 5504 775 1835 5505 768 1835 5506 760 1835 5507 776 1836 5508 777 1836 5509 769 1836 5510 777 1837 5511 778 1837 5512 770 1837 5513 778 1838 5514 779 1838 5515 771 1838 5516 779 1839 5517 780 1839 5518 772 1839 5519 780 1840 5520 781 1840 5521 773 1840 5522 773 1841 5523 781 1841 5524 782 1841 5525 782 1842 5526 783 1842 5527 775 1842 5528 783 1843 5529 776 1843 5530 768 1843 5531 784 1844 5532 785 1844 5533 777 1844 5534 785 1845 5535 786 1845 5536 778 1845 5537 786 1846 5538 787 1846 5539 779 1846 5540 787 1847 5541 788 1847 5542 780 1847 5543 780 1848 5544 788 1848 5545 789 1848 5546 781 1849 5547 789 1849 5548 790 1849 5549 782 1850 5550 790 1850 5551 791 1850 5552 783 1851 5553 791 1851 5554 784 1851 5555 792 1852 5556 793 1852 5557 785 1852 5558 785 1853 5559 793 1853 5560 794 1853 5561 786 1854 5562 794 1854 5563 795 1854 5564 795 1855 5565 796 1855 5566 788 1855 5567 796 1856 5568 797 1856 5569 789 1856 5570 797 1857 5571 798 1857 5572 790 1857 5573 798 1858 5574 799 1858 5575 791 1858 5576 791 1859 5577 799 1859 5578 792 1859 5579 800 1860 5580 801 1860 5581 793 1860 5582 793 1861 5583 801 1861 5584 802 1861 5585 802 1862 5586 803 1862 5587 795 1862 5588 795 1863 5589 803 1863 5590 804 1863 5591 804 1864 5592 805 1864 5593 797 1864 5594 797 1865 5595 805 1865 5596 806 1865 5597 806 1866 5598 807 1866 5599 799 1866 5600 799 1867 5601 807 1867 5602 800 1867 5603 808 1868 5604 809 1868 5605 801 1868 5606 809 1869 5607 810 1869 5608 802 1869 5609 810 1870 5610 811 1870 5611 803 1870 5612 803 1871 5613 811 1871 5614 812 1871 5615 812 1872 5616 813 1872 5617 805 1872 5618 805 1873 5619 813 1873 5620 814 1873 5621 806 1874 5622 814 1874 5623 815 1874 5624 807 1875 5625 815 1875 5626 808 1875 5627 808 1876 5628 816 1876 5629 817 1876 5630 809 1877 5631 817 1877 5632 818 1877 5633 818 1878 5634 819 1878 5635 811 1878 5636 811 1879 5637 819 1879 5638 820 1879 5639 820 1880 5640 821 1880 5641 813 1880 5642 821 1881 5643 822 1881 5644 814 1881 5645 822 1882 5646 823 1882 5647 815 1882 5648 823 1883 5649 816 1883 5650 808 1883 5651 824 1884 5652 825 1884 5653 817 1884 5654 817 1885 5655 825 1885 5656 826 1885 5657 818 1886 5658 826 1886 5659 827 1886 5660 819 1887 5661 827 1887 5662 828 1887 5663 828 1888 5664 829 1888 5665 821 1888 5666 829 1889 5667 830 1889 5668 822 1889 5669 830 1890 5670 831 1890 5671 823 1890 5672 831 1891 5673 824 1891 5674 816 1891 5675 824 1892 5676 832 1892 5677 833 1892 5678 833 1893 5679 834 1893 5680 826 1893 5681 826 1894 5682 834 1894 5683 835 1894 5684 835 1895 5685 836 1895 5686 828 1895 5687 828 1896 5688 836 1896 5689 837 1896 5690 837 1897 5691 838 1897 5692 830 1897 5693 830 1898 5694 838 1898 5695 839 1898 5696 839 1899 5697 832 1899 5698 824 1899 5699 832 1900 5700 840 1900 5701 841 1900 5702 841 1901 5703 842 1901 5704 834 1901 5705 834 1902 5706 842 1902 5707 843 1902 5708 843 1903 5709 844 1903 5710 836 1903 5711 836 1904 5712 844 1904 5713 845 1904 5714 845 1905 5715 846 1905 5716 838 1905 5717 838 1906 5718 846 1906 5719 847 1906 5720 847 1907 5721 840 1907 5722 832 1907 5723 840 1908 5724 848 1908 5725 849 1908 5726 849 1909 5727 850 1909 5728 842 1909 5729 850 1910 5730 851 1910 5731 843 1910 5732 851 1911 5733 852 1911 5734 844 1911 5735 852 1912 5736 853 1912 5737 845 1912 5738 845 1913 5739 853 1913 5740 854 1913 5741 846 1914 5742 854 1914 5743 855 1914 5744 855 1915 5745 848 1915 5746 840 1915 5747 848 1916 5748 856 1916 5749 857 1916 5750 849 1917 5751 857 1917 5752 858 1917 5753 850 1918 5754 858 1918 5755 859 1918 5756 851 1919 5757 859 1919 5758 860 1919 5759 860 1920 5760 861 1920 5761 853 1920 5762 861 1921 5763 862 1921 5764 854 1921 5765 862 1922 5766 863 1922 5767 855 1922 5768 863 1923 5769 856 1923 5770 848 1923 5771 864 1924 5772 865 1924 5773 857 1924 5774 865 1925 5775 866 1925 5776 858 1925 5777 858 1926 5778 866 1926 5779 867 1926 5780 867 1927 5781 868 1927 5782 860 1927 5783 868 1928 5784 869 1928 5785 861 1928 5786 869 1929 5787 870 1929 5788 862 1929 5789 870 1930 5790 871 1930 5791 863 1930 5792 871 1931 5793 864 1931 5794 856 1931 5795 872 1932 5796 873 1932 5797 865 1932 5798 865 1933 5799 873 1933 5800 874 1933 5801 866 1934 5802 874 1934 5803 875 1934 5804 875 1935 5805 876 1935 5806 868 1935 5807 868 1936 5808 876 1936 5809 877 1936 5810 877 1937 5811 878 1937 5812 870 1937 5813 878 1938 5814 879 1938 5815 871 1938 5816 871 1939 5817 879 1939 5818 872 1939 5819 880 1940 5820 881 1940 5821 873 1940 5822 881 1941 5823 882 1941 5824 874 1941 5825 874 1942 5826 882 1942 5827 883 1942 5828 875 1943 5829 883 1943 5830 884 1943 5831 884 1944 5832 885 1944 5833 877 1944 5834 885 1945 5835 886 1945 5836 878 1945 5837 878 1946 5838 886 1946 5839 887 1946 5840 879 1947 5841 887 1947 5842 880 1947 5843 888 1948 5844 889 1948 5845 881 1948 5846 881 1949 5847 889 1949 5848 890 1949 5849 890 1950 5850 891 1950 5851 883 1950 5852 891 1951 5853 892 1951 5854 884 1951 5855 892 1952 5856 893 1952 5857 885 1952 5858 893 1953 5859 894 1953 5860 886 1953 5861 894 1954 5862 895 1954 5863 887 1954 5864 895 1955 5865 888 1955 5866 880 1955 5867 736 1956 5868 737 1956 5869 889 1956 5870 737 1957 5871 738 1957 5872 890 1957 5873 738 1958 5874 739 1958 5875 891 1958 5876 739 1959 5877 740 1959 5878 892 1959 5879 892 1960 5880 740 1960 5881 741 1960 5882 893 1961 5883 741 1961 5884 742 1961 5885 894 1962 5886 742 1962 5887 743 1962 5888 743 1963 5889 736 1963 5890 888 1963 5891 920 1994 5982 928 1994 5983 929 1994 5984 929 1995 5985 930 1995 5986 922 1995 5987 930 1996 5988 931 1996 5989 923 1996 5990 931 1997 5991 932 1997 5992 924 1997 5993 932 1998 5994 933 1998 5995 925 1998 5996 933 1999 5997 934 1999 5998 926 1999 5999 926 2000 6000 934 2000 6001 935 2000 6002 935 2001 6003 928 2001 6004 920 2001 6005 928 2002 6006 936 2002 6007 937 2002 6008 929 2003 6009 937 2003 6010 938 2003 6011 930 2004 6012 938 2004 6013 939 2004 6014 939 2005 6015 940 2005 6016 932 2005 6017 932 2006 6018 940 2006 6019 941 2006 6020 941 2007 6021 942 2007 6022 934 2007 6023 942 2008 6024 943 2008 6025 935 2008 6026 943 2009 6027 936 2009 6028 928 2009 6029 936 2010 6030 944 2010 6031 945 2010 6032 945 2011 6033 946 2011 6034 938 2011 6035 946 2012 6036 947 2012 6037 939 2012 6038 947 2013 6039 948 2013 6040 940 2013 6041 940 2014 6042 948 2014 6043 949 2014 6044 941 2015 6045 949 2015 6046 950 2015 6047 942 2016 6048 950 2016 6049 951 2016 6050 951 2017 6051 944 2017 6052 936 2017 6053 944 2018 6054 952 2018 6055 953 2018 6056 945 2019 6057 953 2019 6058 954 2019 6059 954 2020 6060 955 2020 6061 947 2020 6062 947 2021 6063 955 2021 6064 956 2021 6065 956 2022 6066 957 2022 6067 949 2022 6068 949 2023 6069 957 2023 6070 958 2023 6071 958 2024 6072 959 2024 6073 951 2024 6074 959 2025 6075 952 2025 6076 944 2025 6077 960 2026 6078 961 2026 6079 953 2026 6080 961 2027 6081 962 2027 6082 954 2027 6083 962 2028 6084 963 2028 6085 955 2028 6086 963 2029 6087 964 2029 6088 956 2029 6089 964 2030 6090 965 2030 6091 957 2030 6092 957 2031 6093 965 2031 6094 966 2031 6095 966 2032 6096 967 2032 6097 959 2032 6098 967 2033 6099 960 2033 6100 952 2033 6101 968 2034 6102 969 2034 6103 961 2034 6104 969 2035 6105 970 2035 6106 962 2035 6107 970 2036 6108 971 2036 6109 963 2036 6110 971 2037 6111 972 2037 6112 964 2037 6113 964 2038 6114 972 2038 6115 973 2038 6116 965 2039 6117 973 2039 6118 974 2039 6119 966 2040 6120 974 2040 6121 975 2040 6122 967 2041 6123 975 2041 6124 968 2041 6125 976 2042 6126 977 2042 6127 969 2042 6128 969 2043 6129 977 2043 6130 978 2043 6131 970 2044 6132 978 2044 6133 979 2044 6134 979 2045 6135 980 2045 6136 972 2045 6137 980 2046 6138 981 2046 6139 973 2046 6140 981 2047 6141 982 2047 6142 974 2047 6143 982 2048 6144 983 2048 6145 975 2048 6146 975 2049 6147 983 2049 6148 976 2049 6149 984 2050 6150 985 2050 6151 977 2050 6152 977 2051 6153 985 2051 6154 986 2051 6155 986 2052 6156 987 2052 6157 979 2052 6158 979 2053 6159 987 2053 6160 988 2053 6161 988 2054 6162 989 2054 6163 981 2054 6164 981 2055 6165 989 2055 6166 990 2055 6167 990 2056 6168 991 2056 6169 983 2056 6170 983 2057 6171 991 2057 6172 984 2057 6173 992 2058 6174 993 2058 6175 985 2058 6176 993 2059 6177 994 2059 6178 986 2059 6179 994 2060 6180 995 2060 6181 987 2060 6182 987 2061 6183 995 2061 6184 996 2061 6185 996 2062 6186 997 2062 6187 989 2062 6188 989 2063 6189 997 2063 6190 998 2063 6191 990 2064 6192 998 2064 6193 999 2064 6194 991 2065 6195 999 2065 6196 992 2065 6197 992 2066 6198 1000 2066 6199 1001 2066 6200 993 2067 6201 1001 2067 6202 1002 2067 6203 1002 2068 6204 1003 2068 6205 995 2068 6206 995 2069 6207 1003 2069 6208 1004 2069 6209 1004 2070 6210 1005 2070 6211 997 2070 6212 1005 2071 6213 1006 2071 6214 998 2071 6215 1006 2072 6216 1007 2072 6217 999 2072 6218 1007 2073 6219 1000 2073 6220 992 2073 6221 1008 2074 6222 1009 2074 6223 1001 2074 6224 1001 2075 6225 1009 2075 6226 1010 2075 6227 1002 2076 6228 1010 2076 6229 1011 2076 6230 1003 2077 6231 1011 2077 6232 1012 2077 6233 1012 2078 6234 1013 2078 6235 1005 2078 6236 1013 2079 6237 1014 2079 6238 1006 2079 6239 1014 2080 6240 1015 2080 6241 1007 2080 6242 1015 2081 6243 1008 2081 6244 1000 2081 6245 1008 2082 6246 1016 2082 6247 1017 2082 6248 1017 2083 6249 1018 2083 6250 1010 2083 6251 1010 2084 6252 1018 2084 6253 1019 2084 6254 1019 2085 6255 1020 2085 6256 1012 2085 6257 1012 2086 6258 1020 2086 6259 1021 2086 6260 1021 2087 6261 1022 2087 6262 1014 2087 6263 1014 2088 6264 1022 2088 6265 1023 2088 6266 1023 2089 6267 1016 2089 6268 1008 2089 6269 1016 2090 6270 1024 2090 6271 1025 2090 6272 1025 2091 6273 1026 2091 6274 1018 2091 6275 1018 2092 6276 1026 2092 6277 1027 2092 6278 1027 2093 6279 1028 2093 6280 1020 2093 6281 1020 2094 6282 1028 2094 6283 1029 2094 6284 1029 2095 6285 1030 2095 6286 1022 2095 6287 1022 2096 6288 1030 2096 6289 1031 2096 6290 1031 2097 6291 1024 2097 6292 1016 2097 6293 1024 2098 6294 1032 2098 6295 1033 2098 6296 1033 2099 6297 1034 2099 6298 1026 2099 6299 1034 2100 6300 1035 2100 6301 1027 2100 6302 1035 2101 6303 1036 2101 6304 1028 2101 6305 1036 2102 6306 1037 2102 6307 1029 2102 6308 1029 2103 6309 1037 2103 6310 1038 2103 6311 1030 2104 6312 1038 2104 6313 1039 2104 6314 1039 2105 6315 1032 2105 6316 1024 2105 6317 1032 2106 6318 1040 2106 6319 1041 2106 6320 1033 2107 6321 1041 2107 6322 1042 2107 6323 1034 2108 6324 1042 2108 6325 1043 2108 6326 1035 2109 6327 1043 2109 6328 1044 2109 6329 1044 2110 6330 1045 2110 6331 1037 2110 6332 1045 2111 6333 1046 2111 6334 1038 2111 6335 1046 2112 6336 1047 2112 6337 1039 2112 6338 1047 2113 6339 1040 2113 6340 1032 2113 6341 1048 2114 6342 1049 2114 6343 1041 2114 6344 1049 2115 6345 1050 2115 6346 1042 2115 6347 1042 2116 6348 1050 2116 6349 1051 2116 6350 1051 2117 6351 1052 2117 6352 1044 2117 6353 1052 2118 6354 1053 2118 6355 1045 2118 6356 1053 2119 6357 1054 2119 6358 1046 2119 6359 1054 2120 6360 1055 2120 6361 1047 2120 6362 1055 2121 6363 1048 2121 6364 1040 2121 6365 1056 2122 6366 1057 2122 6367 1049 2122 6368 1049 2123 6369 1057 2123 6370 1058 2123 6371 1050 2124 6372 1058 2124 6373 1059 2124 6374 1059 2125 6375 1060 2125 6376 1052 2125 6377 1052 2126 6378 1060 2126 6379 1061 2126 6380 1061 2127 6381 1062 2127 6382 1054 2127 6383 1062 2128 6384 1063 2128 6385 1055 2128 6386 1055 2129 6387 1063 2129 6388 1056 2129 6389 1064 2130 6390 1065 2130 6391 1057 2130 6392 1065 2131 6393 1066 2131 6394 1058 2131 6395 1058 2132 6396 1066 2132 6397 1067 2132 6398 1059 2133 6399 1067 2133 6400 1068 2133 6401 1068 2134 6402 1069 2134 6403 1061 2134 6404 1069 2135 6405 1070 2135 6406 1062 2135 6407 1062 2136 6408 1070 2136 6409 1071 2136 6410 1063 2137 6411 1071 2137 6412 1064 2137 6413 1072 2138 6414 1073 2138 6415 1065 2138 6416 1065 2139 6417 1073 2139 6418 1074 2139 6419 1074 2140 6420 1075 2140 6421 1067 2140 6422 1075 2141 6423 1076 2141 6424 1068 2141 6425 1076 2142 6426 1077 2142 6427 1069 2142 6428 1077 2143 6429 1078 2143 6430 1070 2143 6431 1078 2144 6432 1079 2144 6433 1071 2144 6434 1079 2145 6435 1072 2145 6436 1064 2145 6437 920 2146 6438 921 2146 6439 1073 2146 6440 921 2147 6441 922 2147 6442 1074 2147 6443 922 2148 6444 923 2148 6445 1075 2148 6446 923 2149 6447 924 2149 6448 1076 2149 6449 1076 2150 6450 924 2150 6451 925 2150 6452 1077 2151 6453 925 2151 6454 926 2151 6455 1078 2152 6456 926 2152 6457 927 2152 6458 927 2153 6459 920 2153 6460 1072 2153 6461</p>
        </triangles>
        <triangles material="rim_005-material" count="264">
          <input semantic="VERTEX" source="#tire_stack_6_a800-mesh-vertices" offset="0"/>
          <input semantic="NORMAL" source="#tire_stack_6_a800-mesh-normals" offset="1"/>
          <input semantic="TEXCOORD" source="#tire_stack_6_a800-mesh-map-0" offset="2" set="0"/>
          <p>161 160 480 162 160 481 160 160 482 163 161 483 164 161 484 162 161 485 165 162 486 166 162 487 164 162 488 167 163 489 168 163 490 166 163 491 169 164 492 170 164 493 168 164 494 171 165 495 172 165 496 170 165 497 173 166 498 174 166 499 172 166 500 175 167 501 176 167 502 174 167 503 177 168 504 178 168 505 176 168 506 179 169 507 180 169 508 178 169 509 181 170 510 173 170 511 165 170 512 181 171 513 182 171 514 180 171 515 183 172 516 160 172 517 182 172 518 166 173 519 174 173 520 182 173 521 345 334 1002 346 334 1003 344 334 1004 347 335 1005 348 335 1006 346 335 1007 349 336 1008 350 336 1009 348 336 1010 351 337 1011 352 337 1012 350 337 1013 353 338 1014 354 338 1015 352 338 1016 355 339 1017 356 339 1018 354 339 1019 357 340 1020 358 340 1021 356 340 1022 359 341 1023 360 341 1024 358 341 1025 361 342 1026 362 342 1027 360 342 1028 363 343 1029 364 343 1030 362 343 1031 365 344 1032 357 344 1033 349 344 1034 365 345 1035 366 345 1036 364 345 1037 367 346 1038 344 346 1039 366 346 1040 350 347 1041 358 347 1042 366 347 1043 529 508 1524 530 508 1525 528 508 1526 531 509 1527 532 509 1528 530 509 1529 533 510 1530 534 510 1531 532 510 1532 535 511 1533 536 511 1534 534 511 1535 537 512 1536 538 512 1537 536 512 1538 539 513 1539 540 513 1540 538 513 1541 541 514 1542 542 514 1543 540 514 1544 543 515 1545 544 515 1546 542 515 1547 545 516 1548 546 516 1549 544 516 1550 547 517 1551 548 517 1552 546 517 1553 549 518 1554 541 518 1555 533 518 1556 549 519 1557 550 519 1558 548 519 1559 551 520 1560 528 520 1561 550 520 1562 534 521 1563 542 521 1564 550 521 1565 713 682 2046 714 682 2047 712 682 2048 715 683 2049 716 683 2050 714 683 2051 717 684 2052 718 684 2053 716 684 2054 719 685 2055 720 685 2056 718 685 2057 721 686 2058 722 686 2059 720 686 2060 723 687 2061 724 687 2062 722 687 2063 725 688 2064 726 688 2065 724 688 2066 727 689 2067 728 689 2068 726 689 2069 729 690 2070 730 690 2071 728 690 2072 731 691 2073 732 691 2074 730 691 2075 733 692 2076 725 692 2077 717 692 2078 733 693 2079 734 693 2080 732 693 2081 735 694 2082 712 694 2083 734 694 2084 718 695 2085 726 695 2086 734 695 2087 897 856 2568 898 856 2569 896 856 2570 899 857 2571 900 857 2572 898 857 2573 901 858 2574 902 858 2575 900 858 2576 903 859 2577 904 859 2578 902 859 2579 905 860 2580 906 860 2581 904 860 2582 907 861 2583 908 861 2584 906 861 2585 909 862 2586 910 862 2587 908 862 2588 911 863 2589 912 863 2590 910 863 2591 913 864 2592 914 864 2593 912 864 2594 915 865 2595 916 865 2596 914 865 2597 917 866 2598 909 866 2599 901 866 2600 917 867 2601 918 867 2602 916 867 2603 919 868 2604 896 868 2605 918 868 2606 902 869 2607 910 869 2608 918 869 2609 1081 1030 3090 1082 1030 3091 1080 1030 3092 1083 1031 3093 1084 1031 3094 1082 1031 3095 1085 1032 3096 1086 1032 3097 1084 1032 3098 1087 1033 3099 1088 1033 3100 1086 1033 3101 1089 1034 3102 1090 1034 3103 1088 1034 3104 1091 1035 3105 1092 1035 3106 1090 1035 3107 1093 1036 3108 1094 1036 3109 1092 1036 3110 1095 1037 3111 1096 1037 3112 1094 1037 3113 1097 1038 3114 1098 1038 3115 1096 1038 3116 1099 1039 3117 1100 1039 3118 1098 1039 3119 1101 1040 3120 1093 1040 3121 1085 1040 3122 1101 1041 3123 1102 1041 3124 1100 1041 3125 1103 1042 3126 1080 1042 3127 1102 1042 3128 1086 1043 3129 1094 1043 3130 1102 1043 3131 161 1204 3612 163 1204 3613 162 1204 3614 163 1205 3615 165 1205 3616 164 1205 3617 165 1206 3618 167 1206 3619 166 1206 3620 167 1207 3621 169 1207 3622 168 1207 3623 169 1208 3624 171 1208 3625 170 1208 3626 171 1209 3627 173 1209 3628 172 1209 3629 173 1210 3630 175 1210 3631 174 1210 3632 175 1211 3633 177 1211 3634 176 1211 3635 177 1212 3636 179 1212 3637 178 1212 3638 179 1213 3639 181 1213 3640 180 1213 3641 165 1214 3642 163 1214 3643 161 1214 3644 161 1215 3645 183 1215 3646 181 1215 3647 181 1216 3648 179 1216 3649 177 1216 3650 177 1217 3651 175 1217 3652 173 1217 3653 173 1218 3654 171 1218 3655 169 1218 3656 169 1219 3657 167 1219 3658 165 1219 3659 165 1220 3660 161 1220 3661 181 1220 3662 181 1221 3663 177 1221 3664 173 1221 3665 173 1222 3666 169 1222 3667 165 1222 3668 181 1223 3669 183 1223 3670 182 1223 3671 183 1224 3672 161 1224 3673 160 1224 3674 182 1225 3675 160 1225 3676 162 1225 3677 162 1226 3678 164 1226 3679 166 1226 3680 166 1227 3681 168 1227 3682 170 1227 3683 170 1228 3684 172 1228 3685 174 1228 3686 174 1229 3687 176 1229 3688 178 1229 3689 178 1230 3690 180 1230 3691 182 1230 3692 182 1231 3693 162 1231 3694 166 1231 3695 166 1232 3696 170 1232 3697 174 1232 3698 174 1233 3699 178 1233 3700 182 1233 3701 345 1394 4182 347 1394 4183 346 1394 4184 347 1395 4185 349 1395 4186 348 1395 4187 349 1396 4188 351 1396 4189 350 1396 4190 351 1397 4191 353 1397 4192 352 1397 4193 353 1398 4194 355 1398 4195 354 1398 4196 355 1399 4197 357 1399 4198 356 1399 4199 357 1400 4200 359 1400 4201 358 1400 4202 359 1401 4203 361 1401 4204 360 1401 4205 361 1402 4206 363 1402 4207 362 1402 4208 363 1403 4209 365 1403 4210 364 1403 4211 349 1404 4212 347 1404 4213 345 1404 4214 345 1405 4215 367 1405 4216 365 1405 4217 365 1406 4218 363 1406 4219 361 1406 4220 361 1407 4221 359 1407 4222 357 1407 4223 357 1408 4224 355 1408 4225 353 1408 4226 353 1409 4227 351 1409 4228 349 1409 4229 349 1410 4230 345 1410 4231 365 1410 4232 365 1411 4233 361 1411 4234 357 1411 4235 357 1412 4236 353 1412 4237 349 1412 4238 365 1413 4239 367 1413 4240 366 1413 4241 367 1414 4242 345 1414 4243 344 1414 4244 366 1415 4245 344 1415 4246 346 1415 4247 346 1416 4248 348 1416 4249 350 1416 4250 350 1417 4251 352 1417 4252 354 1417 4253 354 1418 4254 356 1418 4255 358 1418 4256 358 1419 4257 360 1419 4258 362 1419 4259 362 1420 4260 364 1420 4261 366 1420 4262 366 1421 4263 346 1421 4264 350 1421 4265 350 1422 4266 354 1422 4267 358 1422 4268 358 1423 4269 362 1423 4270 366 1423 4271 529 1584 4752 531 1584 4753 530 1584 4754 531 1585 4755 533 1585 4756 532 1585 4757 533 1586 4758 535 1586 4759 534 1586 4760 535 1587 4761 537 1587 4762 536 1587 4763 537 1588 4764 539 1588 4765 538 1588 4766 539 1589 4767 541 1589 4768 540 1589 4769 541 1590 4770 543 1590 4771 542 1590 4772 543 1591 4773 545 1591 4774 544 1591 4775 545 1592 4776 547 1592 4777 546 1592 4778 547 1593 4779 549 1593 4780 548 1593 4781 533 1594 4782 531 1594 4783 529 1594 4784 529 1595 4785 551 1595 4786 549 1595 4787 549 1596 4788 547 1596 4789 545 1596 4790 545 1597 4791 543 1597 4792 541 1597 4793 541 1598 4794 539 1598 4795 537 1598 4796 537 1599 4797 535 1599 4798 533 1599 4799 533 1600 4800 529 1600 4801 549 1600 4802 549 1601 4803 545 1601 4804 541 1601 4805 541 1602 4806 537 1602 4807 533 1602 4808 549 1603 4809 551 1603 4810 550 1603 4811 551 1604 4812 529 1604 4813 528 1604 4814 550 1605 4815 528 1605 4816 530 1605 4817 530 1606 4818 532 1606 4819 534 1606 4820 534 1607 4821 536 1607 4822 538 1607 4823 538 1608 4824 540 1608 4825 542 1608 4826 542 1609 4827 544 1609 4828 546 1609 4829 546 1610 4830 548 1610 4831 550 1610 4832 550 1611 4833 530 1611 4834 534 1611 4835 534 1612 4836 538 1612 4837 542 1612 4838 542 1613 4839 546 1613 4840 550 1613 4841 713 1774 5322 715 1774 5323 714 1774 5324 715 1775 5325 717 1775 5326 716 1775 5327 717 1776 5328 719 1776 5329 718 1776 5330 719 1777 5331 721 1777 5332 720 1777 5333 721 1778 5334 723 1778 5335 722 1778 5336 723 1779 5337 725 1779 5338 724 1779 5339 725 1780 5340 727 1780 5341 726 1780 5342 727 1781 5343 729 1781 5344 728 1781 5345 729 1782 5346 731 1782 5347 730 1782 5348 731 1783 5349 733 1783 5350 732 1783 5351 717 1784 5352 715 1784 5353 713 1784 5354 713 1785 5355 735 1785 5356 733 1785 5357 733 1786 5358 731 1786 5359 729 1786 5360 729 1787 5361 727 1787 5362 725 1787 5363 725 1788 5364 723 1788 5365 721 1788 5366 721 1789 5367 719 1789 5368 717 1789 5369 717 1790 5370 713 1790 5371 733 1790 5372 733 1791 5373 729 1791 5374 725 1791 5375 725 1792 5376 721 1792 5377 717 1792 5378 733 1793 5379 735 1793 5380 734 1793 5381 735 1794 5382 713 1794 5383 712 1794 5384 734 1795 5385 712 1795 5386 714 1795 5387 714 1796 5388 716 1796 5389 718 1796 5390 718 1797 5391 720 1797 5392 722 1797 5393 722 1798 5394 724 1798 5395 726 1798 5396 726 1799 5397 728 1799 5398 730 1799 5399 730 1800 5400 732 1800 5401 734 1800 5402 734 1801 5403 714 1801 5404 718 1801 5405 718 1802 5406 722 1802 5407 726 1802 5408 726 1803 5409 730 1803 5410 734 1803 5411 897 1964 5892 899 1964 5893 898 1964 5894 899 1965 5895 901 1965 5896 900 1965 5897 901 1966 5898 903 1966 5899 902 1966 5900 903 1967 5901 905 1967 5902 904 1967 5903 905 1968 5904 907 1968 5905 906 1968 5906 907 1969 5907 909 1969 5908 908 1969 5909 909 1970 5910 911 1970 5911 910 1970 5912 911 1971 5913 913 1971 5914 912 1971 5915 913 1972 5916 915 1972 5917 914 1972 5918 915 1973 5919 917 1973 5920 916 1973 5921 901 1974 5922 899 1974 5923 897 1974 5924 897 1975 5925 919 1975 5926 917 1975 5927 917 1976 5928 915 1976 5929 913 1976 5930 913 1977 5931 911 1977 5932 909 1977 5933 909 1978 5934 907 1978 5935 905 1978 5936 905 1979 5937 903 1979 5938 901 1979 5939 901 1980 5940 897 1980 5941 917 1980 5942 917 1981 5943 913 1981 5944 909 1981 5945 909 1982 5946 905 1982 5947 901 1982 5948 917 1983 5949 919 1983 5950 918 1983 5951 919 1984 5952 897 1984 5953 896 1984 5954 918 1985 5955 896 1985 5956 898 1985 5957 898 1986 5958 900 1986 5959 902 1986 5960 902 1987 5961 904 1987 5962 906 1987 5963 906 1988 5964 908 1988 5965 910 1988 5966 910 1989 5967 912 1989 5968 914 1989 5969 914 1990 5970 916 1990 5971 918 1990 5972 918 1991 5973 898 1991 5974 902 1991 5975 902 1992 5976 906 1992 5977 910 1992 5978 910 1993 5979 914 1993 5980 918 1993 5981 1081 2154 6462 1083 2154 6463 1082 2154 6464 1083 2155 6465 1085 2155 6466 1084 2155 6467 1085 2156 6468 1087 2156 6469 1086 2156 6470 1087 2157 6471 1089 2157 6472 1088 2157 6473 1089 2158 6474 1091 2158 6475 1090 2158 6476 1091 2159 6477 1093 2159 6478 1092 2159 6479 1093 2160 6480 1095 2160 6481 1094 2160 6482 1095 2161 6483 1097 2161 6484 1096 2161 6485 1097 2162 6486 1099 2162 6487 1098 2162 6488 1099 2163 6489 1101 2163 6490 1100 2163 6491 1085 2164 6492 1083 2164 6493 1081 2164 6494 1081 2165 6495 1103 2165 6496 1101 2165 6497 1101 2166 6498 1099 2166 6499 1097 2166 6500 1097 2167 6501 1095 2167 6502 1093 2167 6503 1093 2168 6504 1091 2168 6505 1089 2168 6506 1089 2169 6507 1087 2169 6508 1085 2169 6509 1085 2170 6510 1081 2170 6511 1101 2170 6512 1101 2171 6513 1097 2171 6514 1093 2171 6515 1093 2172 6516 1089 2172 6517 1085 2172 6518 1101 2173 6519 1103 2173 6520 1102 2173 6521 1103 2174 6522 1081 2174 6523 1080 2174 6524 1102 2175 6525 1080 2175 6526 1082 2175 6527 1082 2176 6528 1084 2176 6529 1086 2176 6530 1086 2177 6531 1088 2177 6532 1090 2177 6533 1090 2178 6534 1092 2178 6535 1094 2178 6536 1094 2179 6537 1096 2179 6538 1098 2179 6539 1098 2180 6540 1100 2180 6541 1102 2180 6542 1102 2181 6543 1082 2181 6544 1086 2181 6545 1086 2182 6546 1090 2182 6547 1094 2182 6548 1094 2183 6549 1098 2183 6550 1102 2183 6551</p>
        </triangles>
      </mesh>
    </geometry>
  </library_geometries>
  <library_visual_scenes>
    <visual_scene id="Scene" name="Scene">
      <node id="base00" name="base00" type="NODE">
        <matrix sid="transform">1 0 0 0 0 1 0 0 0 0 1 0 0 0 0 1</matrix>
        <node id="start01" name="start01" type="NODE">
          <matrix sid="transform">1 0 0 0 0 1 0 0 0 0 1 0 0 0 0 1</matrix>
          <node id="tire_stack_6_a800" name="tire_stack_6_a800" type="NODE">
            <matrix sid="transform">1 0 0 0 0 1 0 0 0 0 1 0 0 0 0 1</matrix>
            <instance_geometry url="#tire_stack_6_a800-mesh" name="tire_stack_6_a800">
              <bind_material>
                <technique_common>
                  <instance_material symbol="tire_005-material" target="#tire_005-material">
                    <bind_vertex_input semantic="UVMap" input_semantic="TEXCOORD" input_set="0"/>
                  </instance_material>
                  <instance_material symbol="rim_005-material" target="#rim_005-material">
                    <bind_vertex_input semantic="UVMap" input_semantic="TEXCOORD" input_set="0"/>
                  </instance_material>
                </technique_common>
              </bind_material>
            </instance_geometry>
          </node>
          <node id="tire_stack_6_a200" name="tire_stack_6_a200" type="NODE">
            <matrix sid="transform">1 0 0 0 0 1 0 0 0 0 1 0 0 0 0 1</matrix>
            <instance_geometry url="#tire_stack_6_a200-mesh" name="tire_stack_6_a200">
              <bind_material>
                <technique_common>
                  <instance_material symbol="tire_005-material" target="#tire_005-material">
                    <bind_vertex_input semantic="UVMap" input_semantic="TEXCOORD" input_set="0"/>
                  </instance_material>
                  <instance_material symbol="rim_005-material" target="#rim_005-material">
                    <bind_vertex_input semantic="UVMap" input_semantic="TEXCOORD" input_set="0"/>
                  </instance_material>
                </technique_common>
              </bind_material>
            </instance_geometry>
          </node>
          <node id="tire_stack_6_a50" name="tire_stack_6_a50" type="NODE">
            <matrix sid="transform">1 0 0 0 0 1 0 0 0 0 1 0 0 0 0 1</matrix>
            <instance_geometry url="#tire_stack_6_a50-mesh" name="tire_stack_6_a50">
              <bind_material>
                <technique_common>
                  <instance_material symbol="tire_005-material" target="#tire_005-material">
                    <bind_vertex_input semantic="UVMap" input_semantic="TEXCOORD" input_set="0"/>
                  </instance_material>
                </technique_common>
              </bind_material>
            </instance_geometry>
          </node>
          <node id="nulldetail20" name="nulldetail20" type="NODE">
            <matrix sid="transform">1 0 0 0 0 1 0 0 0 0 1 0 0 0 0 1</matrix>
          </node>
        </node>
        <node id="collision-1" name="collision-1" type="NODE">
          <matrix sid="transform">1 0 0 0 0 1 0 0 0 0 1 0 0 0 0 1</matrix>
          <node id="Colmesh_stack-1" name="Colmesh_stack-1" type="NODE">
            <matrix sid="transform">1 0 0 0 0 1 0 0 0 0 1 0 0 0 0 1</matrix>
            <instance_geometry url="#Colmesh_stack-1-mesh" name="Colmesh_stack-1">
              <bind_material>
                <technique_common>
                  <instance_material symbol="Colmesh_Material-material" target="#Colmesh_Material-material">
                    <bind_vertex_input semantic="UVMap" input_semantic="TEXCOORD" input_set="0"/>
                  </instance_material>
                </technique_common>
              </bind_material>
            </instance_geometry>
          </node>
        </node>
      </node>
    </visual_scene>
  </library_visual_scenes>
  <scene>
    <instance_visual_scene url="#Scene"/>
  </scene>
</COLLADA>