<?xml version="1.0" encoding="utf-8"?>
<COLLADA xmlns="http://www.collada.org/2005/11/COLLADASchema" version="1.4.1" xmlns:xsi="http://www.w3.org/2001/XMLSchema-instance">
  <asset>
    <contributor>
      <author>Blender User</author>
      <authoring_tool>Blender 4.2.9 LTS commit date:2025-04-14, commit time:12:24, hash:a10f621e649a</authoring_tool>
    </contributor>
    <created>2026-08-01T07:55:08</created>
    <modified>2026-08-01T07:55:08</modified>
    <unit name="meter" meter="1"/>
    <up_axis>Z_UP</up_axis>
  </asset>
  <library_effects>
    <effect id="tire_001-effect">
      <profile_COMMON>
        <newparam sid="tire_rubber_png-surface">
          <surface type="2D">
            <init_from>tire_rubber_png</init_from>
          </surface>
        </newparam>
        <newparam sid="tire_rubber_png-sampler">
          <sampler2D>
            <source>tire_rubber_png-surface</source>
          </sampler2D>
        </newparam>
        <technique sid="common">
          <lambert>
            <emission>
              <color sid="emission">0 0 0 1</color>
            </emission>
            <diffuse>
              <texture texture="tire_rubber_png-sampler" texcoord="UVMap"/>
            </diffuse>
            <index_of_refraction>
              <float sid="ior">1.5</float>
            </index_of_refraction>
          </lambert>
        </technique>
      </profile_COMMON>
    </effect>
    <effect id="rim_001-effect">
      <profile_COMMON>
        <newparam sid="tire_rim_png-surface">
          <surface type="2D">
            <init_from>tire_rim_png</init_from>
          </surface>
        </newparam>
        <newparam sid="tire_rim_png-sampler">
          <sampler2D>
            <source>tire_rim_png-surface</source>
          </sampler2D>
        </newparam>
        <technique sid="common">
          <lambert>
            <emission>
              <color sid="emission">0 0 0 1</color>
            </emission>
            <diffuse>
              <texture texture="tire_rim_png-sampler" texcoord="UVMap"/>
            </diffuse>
            <reflectivity>
              <float sid="specular">0.6</float>
            </reflectivity>
            <index_of_refraction>
              <float sid="ior">1.5</float>
            </index_of_refraction>
          </lambert>
        </technique>
      </profile_COMMON>
    </effect>
    <effect id="Colmesh_Material-effect">
      <profile_COMMON>
        <technique sid="common">
          <lambert>
            <emission>
              <color sid="emission">0 0 0 1</color>
            </emission>
            <diffuse>
              <color sid="diffuse">1 0 1 1</color>
            </diffuse>
            <transparent opaque="A_ONE">
              <color sid="alpha">0 0 0 0.15</color>
            </transparent>
            <index_of_refraction>
              <float sid="ior">1.5</float>
            </index_of_refraction>
          </lambert>
        </technique>
      </profile_COMMON>
    </effect>
  </library_effects>
  <library_images>
    <image id="tire_rim_png" name="tire_rim_png">
      <init_from>tire_rim.png</init_from>
    </image>
    <image id="tire_rubber_png" name="tire_rubber_png">
      <init_from>tire_rubber.png</init_from>
    </image>
  </library_images>
  <library_materials>
    <material id="tire_001-material" name="tire.001">
      <instance_effect url="#tire_001-effect"/>
    </material>
    <material id="rim_001-material" name="rim.001">
      <instance_effect url="#rim_001-effect"/>
    </material>
    <material id="Colmesh_Material-material" name="Colmesh_Material">
      <instance_effect url="#Colmesh_Material-effect"/>
    </material>
  </library_materials>
  <library_geometries>
    <geometry id="tire_stack_2_a50-mesh" name="tire_stack_2_a50">
      <mesh>
        <source id="tire_stack_2_a50-mesh-positions">
          <float_array id="tire_stack_2_a50-mesh-positions-array" count="24">-0.399 0 0.007631957 0.399 0 0.007631957 0.399 0 0.453168 -0.399 0 0.453168 0 -0.399 0.007631957 0 0.399 0.007631957 0 0.399 0.453168 0 -0.399 0.453168</float_array>
          <technique_common>
            <accessor source="#tire_stack_2_a50-mesh-positions-array" count="8" stride="3">
              <param name="X" type="float"/>
              <param name="Y" type="float"/>
              <param name="Z" type="float"/>
            </accessor>
          </technique_common>
        </source>
        <source id="tire_stack_2_a50-mesh-normals">
          <float_array id="tire_stack_2_a50-mesh-normals-array" count="12">0 -1 0 1 0 0 0 -1 0 1 0 0</float_array>
          <technique_common>
            <accessor source="#tire_stack_2_a50-mesh-normals-array" count="4" stride="3">
              <param name="X" type="float"/>
              <param name="Y" type="float"/>
              <param name="Z" type="float"/>
            </accessor>
          </technique_common>
        </source>
        <source id="tire_stack_2_a50-mesh-map-0">
          <float_array id="tire_stack_2_a50-mesh-map-0-array" count="24">1 0 0 1 0 0 1 0 0 1 0 0 1 0 1 1 0 1 1 0 1 1 0 1</float_array>
          <technique_common>
            <accessor source="#tire_stack_2_a50-mesh-map-0-array" count="12" stride="2">
              <param name="S" type="float"/>
              <param name="T" type="float"/>
            </accessor>
          </technique_common>
        </source>
        <vertices id="tire_stack_2_a50-mesh-vertices">
          <input semantic="POSITION" source="#tire_stack_2_a50-mesh-positions"/>
        </vertices>
        <triangles material="tire_001-material" count="4">
          <input semantic="VERTEX" source="#tire_stack_2_a50-mesh-vertices" offset="0"/>
          <input semantic="NORMAL" source="#tire_stack_2_a50-mesh-normals" offset="1"/>
          <input semantic="TEXCOORD" source="#tire_stack_2_a50-mesh-map-0" offset="2" set="0"/>
          <p>1 0 0 3 0 1 0 0 2 5 1 3 7 1 4 4 1 5 1 2 6 2 2 7 3 2 8 5 3 9 6 3 10 7 3 11</p>
        </triangles>
      </mesh>
    </geometry>
    <geometry id="tire_stack_2_a200-mesh" name="tire_stack_2_a200">
      <mesh>
        <source id="tire_stack_2_a200-mesh-positions">
          <float_array id="tire_stack_2_a200-mesh-positions-array" count="558">0.3796096 0.06476253 0.1226695 0.3544237 0.0534237 0.1978257 0.2907207 0.1019526 0.2286209 0.2398053 0.06983697 0.1941043 0.2131951 0.07476526 0.117346 0.2500414 0.006186664 0.04497253 0.2934052 0.1011095 0.01266539 0.3572121 0.04614806 0.04327535 0.2665453 0.2756246 0.1173813 0.28847 0.2095857 0.1963675 0.1708433 0.1768266 0.04418426 0.28847 0.2095857 0.04363244 0.1651042 0.3181366 0.1978257 0.1378081 0.2704637 0.228 0.1153786 0.2171241 0.1958157 0.1010593 0.1983401 0.12 0.1328896 0.2719749 0.01235467 0.1701183 0.3171419 0.04214912 0.06631368 0.3776477 0.1226186 -0.006186664 0.2500414 0.04497253 0 0.3565685 0.1963675 -0.04745143 0.299597 0.227262 -0.0325663 0.2439512 0.1967222 -0.03482258 0.2198616 0.12 -0.04748541 0.2998114 0.01199996 0 0.3565685 0.04363244 -0.1174265 0.3614014 0.12 -0.1690021 0.3180345 0.1971758 -0.1726294 0.3161158 0.04327535 -0.2705301 0.27053 0.12 -0.2144878 0.2144877 0.228738 -0.1746824 0.1746823 0.1961112 -0.1543157 0.1595721 0.121516 -0.1773632 0.1700282 0.04464513 -0.2503218 0.1818695 0.01199996 -0.3236615 0.1579586 0.1971758 -0.3205681 0.160332 0.04217427 -0.3614014 0.1174265 0.12 -0.3102895 -0.005493581 0.2273346 -0.2419672 0.03647273 0.195372 -0.2092324 0.06798374 0.12 -0.2439512 0.0325663 0.0432778 -0.379761 -0.06014811 0.12 -0.3565685 0 0.1963675 -0.2198616 -0.03482258 0.12 -0.2996918 -0.05112832 0.0116384 -0.3573299 -0.04770183 0.0441519 -0.3205682 -0.1603319 0.1978257 -0.2209656 -0.1078391 0.1958157 -0.2171241 -0.1153786 0.04418426 -0.2690441 -0.275523 0.1226695 -0.2081941 -0.2204574 0.228 -0.1574035 -0.1574035 0.12 -0.2081942 -0.2204574 0.01199996 -0.2618654 -0.2472985 0.04327535 -0.2095857 -0.28847 0.1963675 -0.08558976 -0.2355386 0.1965591 -0.1078392 -0.2209656 0.04418426 -0.05984979 -0.377877 0.12 -0.05818796 -0.3574411 0.195837 -0.0388509 -0.3007273 0.228 -0.03482264 -0.2198616 0.12 -0.04234063 -0.2997287 0.01235467 -0.05660599 -0.3573965 0.04325699 0.03647273 -0.2419672 0.04462796 0.1174265 -0.3614014 0.12 0.1690019 -0.3180346 0.1971758 0.1419216 -0.2673729 0.2283546 0.1068981 -0.221224 0.1953548 0.1285325 -0.1857994 0.1226539 0.1378081 -0.2704638 0.01199996 0.1726292 -0.3161159 0.04327535 0.2665451 -0.2756248 0.1226186 0.174072 -0.175574 0.04327028 0.3236615 -0.1579586 0.1971758 0.2725083 -0.1347907 0.2276384 0.2165026 -0.1170443 0.1967222 0.2702704 -0.1377097 0.01126199 0.3196678 -0.1628789 0.04327076 0.3614014 -0.1174266 0.12 0.2092324 -0.0679838 0.12 0 0.22 0.13 0.11 0.1905255 0.11 0.215017 0.0694034 0.09999996 0.2209119 0.04740339 0.14 0.1905255 -0.11 0.13 0.11 -0.1905255 0.11 -0.04740339 -0.2209119 0.09999996 -0.0694034 -0.215017 0.14 -0.1905255 -0.11 0.13 -0.22 0 0.11 -0.1676136 0.1515085 0.09999996 -0.1515085 0.1676136 0.14 0.379761 -0.06014835 0.3408 0.3544237 0.0534237 0.4186257 0.2998114 0.04748541 0.4488 0.243475 0.03427898 0.4166157 0.2186381 0.03839206 0.339284 0.2444404 0.03871554 0.2632923 0.3008922 0.04765659 0.2328 0.3573299 0.04770171 0.264952 0.3410174 0.1788988 0.3434695 0.2597945 0.2490503 0.4186509 0.2175984 0.2104304 0.4484453 0.1519758 0.1986513 0.4158275 0.1779837 0.1293128 0.3408 0.1708433 0.1768266 0.2649843 0.2104305 0.2175983 0.2331547 0.2597944 0.2490503 0.2629491 0.1683269 0.3445016 0.3381814 0.1010593 0.1983401 0.3408 0.05670899 0.3580465 0.4154975 0.05112844 0.2996918 0.4491616 0.04008436 0.2413951 0.265428 0.04748547 0.2998114 0.2328 0.06245225 0.3546934 0.2636241 -0.05363148 0.3796564 0.3434186 -0.0325663 0.2439512 0.4175222 0 0.22 0.3408 -0.1690021 0.3180345 0.4179759 -0.1378082 0.2704637 0.4488 -0.1005579 0.1973561 0.3408 -0.112153 0.2201126 0.2646888 -0.1328897 0.2719749 0.2324452 -0.1657955 0.3219655 0.2649629 -0.2637127 0.2792461 0.3408 -0.1746824 0.1746823 0.4169112 -0.3240399 0.1565802 0.4186509 -0.2968004 0.09065997 0.4481346 -0.1974311 0.103573 0.3392545 -0.2219478 0.1063575 0.2640779 -0.2934052 0.1011095 0.2334654 -0.3205681 0.160332 0.2629743 -0.3774847 0.07090854 0.3408 -0.2419199 0.0383163 0.4169206 -0.3543545 -0.05612415 0.4175292 -0.2198616 -0.03482258 0.3408 -0.2367481 -0.07431757 0.2665025 -0.3565685 0 0.2644324 -0.3438224 -0.1751861 0.3408 -0.2661296 -0.1453319 0.4488 -0.2221992 -0.1053237 0.4169237 -0.2704638 -0.137808 0.2328 -0.3181366 -0.1651041 0.2629743 -0.2618654 -0.2472985 0.4175246 -0.1369869 -0.1796568 0.343454 -0.168327 -0.3445016 0.3381814 -0.1298793 -0.274003 0.4488 -0.08692872 -0.234636 0.4162926 -0.1430854 -0.1969401 0.2644324 -0.1378082 -0.2704637 0.2328 -0.169002 -0.3180345 0.2636241 -0.1101858 -0.3391168 0.4171675 -0.03427904 -0.243475 0.2649843 0 -0.38 0.3408 0.0534237 -0.3544237 0.4186257 0.1073673 -0.2898036 0.4488 0.02849066 -0.2205333 0.3408 0.09561431 -0.294271 0.2328 0.05021053 -0.3566322 0.2636241 0.1683268 -0.3445016 0.3434186 0.07522445 -0.231517 0.4171675 0.1153785 -0.2171242 0.2649843 0.2095856 -0.2884702 0.4171675 0.2021954 -0.1438394 0.4150975 0.1557623 -0.1595134 0.3392545 0.2095856 -0.2884702 0.2644324 0.3074263 -0.2233585 0.3408 0.3236615 -0.1579586 0.4179758 0.2719749 -0.1328897 0.4491547 0.2178383 -0.1109942 0.2660724 0.2673729 -0.1419218 0.2324452 0.3205681 -0.1603321 0.2629743 0.2092324 -0.0679838 0.3408 0 0.22 0.3508 0.11 0.1905255 0.3308 0.215017 0.0694034 0.3208 0.2209119 0.04740339 0.3608 0.1905255 -0.11 0.3508 0.11 -0.1905255 0.3308 -0.04740339 -0.2209119 0.3208 -0.0694034 -0.215017 0.3608 -0.1905255 -0.11 0.3508 -0.22 0 0.3308 -0.1676136 0.1515085 0.3208 -0.1515085 0.1676136 0.3608</float_array>
          <technique_common>
            <accessor source="#tire_stack_2_a200-mesh-positions-array" count="186" stride="3">
              <param name="X" type="float"/>
              <param name="Y" type="float"/>
              <param name="Z" type="float"/>
            </accessor>
          </technique_common>
        </source>
        <source id="tire_stack_2_a200-mesh-normals">
          <float_array id="tire_stack_2_a200-mesh-normals-array" count="1080">0.5678408 0.2471543 0.7851572 -0.3380216 -0.1611672 -0.9272359 0.5839452 0.2472974 -0.7732089 -0.6677731 -0.5963932 -0.4454148 0.6140403 0.6699165 -0.4173328 0.4536768 0.8850321 0.1043827 -0.1566748 -0.3689693 -0.9161412 0.2008549 0.8792628 0.4319191 -0.1422806 -0.8983246 -0.4156551 0.2027708 0.8902605 -0.4078238 -0.121304 0.5493561 0.8267365 -0.173287 0.3560199 0.9182708 -0.1891601 0.3253177 -0.9264917 -0.4507703 0.4355175 0.7791859 -0.8501145 0.5045673 0.1507222 -0.8478024 0.503195 -0.1674093 -0.5438326 0.1090372 0.8320799 0.9227076 -0.09539949 -0.3735097 -0.561884 -0.1187179 0.8186528 0.9780461 0.1428001 0.1517699 0.4119334 0.0691294 -0.9085879 -0.8862849 -0.4545059 0.08901435 0.8124663 0.413972 -0.410519 -0.6757498 -0.5903018 0.4414816 -0.4222987 -0.3751501 0.8251826 0.6825362 0.7241407 0.09881615 0.2924479 0.30269 -0.9071125 0.4139722 0.8124663 -0.4105189 0.06376814 0.4190478 -0.9057221 -0.1778086 0.8860829 -0.4280667 0.4906319 -0.8576421 0.154047 -0.4317824 0.8921508 -0.1327812 -0.1882421 0.3715396 -0.9091332 -0.6825305 0.7161563 0.1458507 0.8491381 -0.5066784 0.1491361 -0.7499089 0.5227951 0.4053664 -0.3685471 0.162611 -0.9152762 0.8457068 -0.5097058 -0.1580507 -0.6914657 0.07120805 -0.7188912 0.9571594 -0.1698797 -0.2344924 -0.6256999 -0.7439845 -0.2344925 -0.3314595 0.9138644 -0.2344921 0.983357 0.1583838 0.08901435 0.783346 0.3788598 0.4927822 0.795749 0.3807849 -0.470942 -0.6193426 -0.690199 -0.3742192 0.4142221 0.7851145 0.4604511 -0.29096 -0.5489202 0.7836 0.4126937 0.7739843 -0.4802417 0.1574574 0.9860165 0.05457562 -0.1953116 -0.9112709 -0.3625447 0.08976191 -0.5901654 0.8022766 -0.128561 0.8777154 -0.4616141 -0.4307426 0.8992124 0.07666724 0.1772191 -0.3716312 0.9113088 0.4322057 -0.8881175 0.1563509 -0.4302579 0.9014427 -0.04774099 0.4943746 -0.4399273 0.749705 0.6288016 -0.6563893 0.4168472 -0.8751959 0.47794 0.07487052 -0.8740357 0.4773063 -0.09077656 0.3961684 -0.04475998 -0.9170862 -0.8848218 0.1948258 -0.4232413 -0.9880508 -0.1351513 0.07409405 0.9788079 0.1343865 0.1545165 -0.7880083 -0.3812453 0.4834201 -0.5495833 -0.2659041 0.7919932 0.7921822 0.4456493 -0.4169461 0.68947 0.7208946 0.07030016 0.7785301 0.5978854 -0.1908505 -0.4734831 -0.783737 0.401958 -0.2935241 -0.4880861 0.8219584 0.1754997 0.3996792 -0.8996979 0.2165727 0.84499 0.4889663 0.2090033 0.8745103 -0.4376635 0.20035 -0.9632298 0.1790202 -0.01381945 0.4710461 0.8820003 -0.0198329 0.9878383 0.1542146 -0.07031661 0.3993585 -0.9140943 0.3543223 -0.8293983 0.4319189 0.2491588 -0.5726793 0.7809984 -0.3968544 0.8171455 -0.4180668 0.3609731 -0.8391951 -0.4067556 0.9039804 -0.4006438 0.1493445 -0.8011284 0.4741722 -0.3651768 0.8701484 -0.1492999 -0.4696289 0.9571594 -0.1698797 -0.2344925 -0.6256999 -0.7439845 -0.2344927 -0.3314595 0.9138643 -0.2344923 0.8721393 0.46373 -0.1559721 0.8695222 0.470041 0.1516332 -0.9051827 -0.4204055 -0.06247872 0.3040773 0.279286 0.9107889 0.6070345 0.6844586 0.4037643 -0.3783891 -0.3297092 0.8649356 -0.7048714 -0.6459197 0.2931619 0.3116928 0.3306927 -0.8907805 -0.4699655 -0.4428865 -0.7635338 0.0646041 0.4335878 0.8987925 -0.3809829 -0.9202355 -0.08954739 0.4504607 0.8885455 -0.08701723 -0.08333343 -0.4889054 0.8683472 -0.149219 -0.9421316 0.3002027 0.1050287 0.4858248 -0.867723 -0.09126806 -0.6015139 -0.7936316 -0.2046586 0.9053935 0.3719912 -0.2102632 0.9006415 -0.3803082 -0.130401 0.5636776 -0.8156367 0.2415207 -0.4591858 0.854878 -0.50532 0.8513822 0.1407129 0.4338803 -0.8526234 0.2911721 0.4153336 -0.8877323 -0.1985684 0.287124 -0.4937961 -0.8208076 0.4672461 -0.2320329 0.8531365 -0.5054451 0.851593 -0.1389763 -0.6384764 0.6168721 0.4602354 -0.465249 0.447219 -0.7638969 -0.6436557 0.6144667 -0.4562213 -0.3426176 0.1432862 0.9284839 0.8800327 -0.4295114 0.202639 0.8820505 -0.425257 -0.2028385 -0.9176756 0.1893893 0.3492894 0.3784676 -0.1742914 -0.9090571 -0.4863278 0.07766562 -0.870318 0.9270249 -0.09584581 0.3625445 0.6325815 -0.1328537 -0.7630141 -0.9585285 0.09910297 -0.2672111 -0.4060159 -0.2212856 -0.88667 -0.8852207 -0.1949228 0.4223618 0.3925353 0.05994671 0.9177812 0.9727867 0.1754696 -0.1513158 -0.332786 -0.1551747 0.9301474 0.5907954 0.2829321 0.755586 0.8124663 0.413972 0.410519 0.5369449 0.2884473 -0.7927726 -0.8628856 -0.4465149 -0.2367551 -0.4010582 -0.8822554 0.2465311 0.2711524 0.2927905 0.9169243 0.6872792 0.711349 -0.1470708 -0.1945257 -0.4103861 0.8909226 -0.2006246 -0.4237049 -0.8833029 0.2692995 0.5681346 0.7776251 0.4087237 0.8021655 0.4352877 0.2595955 0.5395495 -0.8009347 -0.4281214 -0.8684909 -0.2498712 0.1540371 -0.9017885 0.4037947 0.1428005 0.978046 -0.1517697 0.08823513 -0.4874502 0.8686811 -0.09906876 0.5279588 0.8434718 -0.1945712 0.9033361 0.3822644 0.09257924 -0.5137223 -0.8529469 -0.09618121 0.5822865 -0.8072742 0.1614481 -0.8963533 -0.4128987 0.3550122 -0.3449744 0.8688837 0.495011 -0.8560009 -0.1490856 0.6313033 -0.6099422 0.478985 -0.3487013 0.3554769 0.8672045 0.3726566 -0.3576083 -0.8562962 -0.4323203 0.4269549 -0.7942347 -0.9157419 0.3838576 -0.1186181 0.6451789 -0.619095 -0.4477339 0.9162273 -0.1344978 0.3774094 0.4128805 -0.03553932 0.9100916 -0.5782937 0.0411058 0.8147925 -0.9436962 0.03231793 0.3292312 0.4081922 -0.03418153 -0.9122558 -0.8848673 0.01590806 -0.4655715 0.9637612 -0.09265387 -0.2501593 0.7439845 0.6257 0.2344924 0.1698797 -0.9571594 0.2344924 -0.9138643 0.3314595 0.2344923 0.06640321 0 0.9977928 -0.05750685 0.03320157 -0.9977929 0.4237399 0.2157104 0.8797236 0.9850279 0.1603555 -0.06329673 -0.4023202 -0.2196928 0.8887483 -0.8795394 -0.3976364 0.2613344 -0.8646794 -0.4582528 -0.2057519 -0.4342191 -0.229321 -0.8711289 0.4005486 0.215075 -0.890676 0.2380455 0.4681543 0.8509793 0.6892054 0.7209969 0.07182949 -0.6075971 -0.6771101 0.4151476 0.6915156 0.7188361 -0.07127994 -0.2266331 -0.4529038 -0.8622735 -0.4380443 -0.8860491 -0.1517699 0.2361983 0.4467343 -0.8629246 -0.204833 -0.9556944 0.211404 -0.08719515 -0.389516 0.9168829 -0.07958507 0.5038136 0.8601384 0.1539466 0.9844993 -0.08403259 -0.1475448 0.8623171 0.4843962 0.2089156 -0.9277598 -0.3092184 0.2041238 -0.9064804 0.3696306 0.07788699 -0.4936571 -0.8661618 -0.07775366 0.5071507 -0.8583429 -0.3155825 0.2756951 0.9079647 -0.6349815 0.6117187 0.4718037 0.6969471 -0.6713292 -0.2521547 0.3886543 -0.3701496 -0.8437637 -0.3452776 0.3413773 -0.874211 0.9803922 -0.0827105 -0.1788578 -0.6334739 0.6124035 -0.4729407 0.3552488 -0.1750981 0.918226 0.8879718 -0.4378196 0.140784 -0.8759307 0.1223765 0.4666576 -0.6291151 0.0855872 0.7725861 0.9057354 -0.1423392 0.3992279 0.5405051 0.07422566 0.8380602 -0.5914912 0.1255679 -0.7964739 -0.374814 -0.04610216 0.9259531 -0.4878137 -0.1058974 -0.8665009 0.6428174 0.06385087 -0.7633537 -0.9197331 -0.2111672 -0.3309072 0.3392703 0.3506419 0.8728951 0.7750408 0.451581 0.4420257 -0.6923955 -0.7186602 0.06415516 -0.2761099 -0.2923736 0.9155769 0.3876466 0.3876462 -0.8363376 -0.3517931 -0.3467561 -0.8694837 -0.675688 -0.6966208 -0.2411748 -0.08991765 -0.9262166 0.3661115 0.3840712 0.8953509 -0.2254687 -0.02693271 -0.4043959 0.9141873 -0.08809763 -0.5003436 -0.8613334 0.04059267 0.6094996 0.7917464 0.06623053 0.6493673 -0.7575855 -0.1901419 -0.9257323 -0.3269032 -0.5576686 0.8116918 0.1736727 -0.1713745 0.9733104 -0.1526355 0.2061062 -0.965642 -0.1582899 -0.2343547 0.3606959 0.9027603 0.697749 -0.6121839 0.3719909 0.2468452 -0.5678557 -0.7852435 0.285458 -0.3015109 0.909728 -0.3900491 0.4378556 -0.8100273 -0.4460439 0.466187 0.7640122 -0.7108694 0.6877933 -0.1469864 0.3780718 -0.3372654 -0.8621565 0.6984801 -0.6092379 -0.3754393 0.48842 -0.07366561 0.8694937 -0.7968509 0.4588711 0.3930215 0.9007369 -0.3992062 -0.1711938 0.8724879 -0.1284217 0.4714581 -0.4487506 0.09642684 0.8884395 -0.9470202 0.08813709 0.3088441 -0.9440544 0.07890975 -0.3202099 -0.4826045 0.06954216 -0.8730732 0.493501 -0.07897281 -0.8661525 0.7439845 0.6256999 0.2344926 0.1698797 -0.9571594 0.2344925 -0.9138643 0.3314595 0.2344924 0.06640321 0 0.9977928 -0.05750685 0.03320157 -0.9977929 0.8694992 0.3664359 -0.331204 0.8635292 0.3679247 0.3448895 0.3296352 0.3629157 0.8715692 -0.3894316 -0.3502442 0.8518639 -0.7443622 -0.6313572 0.2175155 0.2941958 0.2747108 -0.915414 0.1058974 0.4878135 0.8665009 -0.08147233 -0.4961892 0.8643834 -0.1703512 -0.9484735 0.2671675 0.06973862 0.4404891 -0.8950452 -0.08912903 0.9759759 0.1988139 -0.08376288 0.9780691 -0.1906951 0.2049344 -0.4282185 0.8801311 0.4221363 -0.8683752 0.2602414 0.4338858 -0.8661898 -0.2479079 0.1986565 -0.4213758 -0.8848605 0.5263556 -0.2344413 0.8173047 0.8100171 -0.4909964 0.3206164 0.8173666 -0.4849477 -0.3110269 -0.9712443 0.1004176 0.2158722 -0.4161535 0.08958309 -0.9048708 -0.9074886 0.1566575 -0.3897728 -0.4884876 -0.2299403 -0.8417288 -0.855285 -0.4076665 -0.3198367 -0.4293967 -0.8826058 0.1913774 -0.1941688 -0.4329885 0.8802384 -0.2542709 -0.4739057 -0.8430657 -0.445325 -0.8301794 -0.3353921 0.08942204 -0.9621797 0.2573205 0.08395892 -0.5130696 0.8542309 -0.02551001 0.4193789 0.9074528 -0.07232141 0.9854468 0.1538323 0.07718443 -0.4856842 -0.87072 0.08952087 -0.9632427 -0.2532777 0.3589571 -0.3468112 0.8665286 -0.3608312 0.360048 0.8603292 0.3383097 -0.3424388 -0.8765171 -0.7689356 0.5182636 -0.374354 0.9479134 -0.09917062 0.3026968 0.4855529 -0.07334023 0.8711255 -0.4649057 0.07033312 0.8825621 -0.9772173 0.1242619 0.1720616 0.5083532 -0.0912888 -0.8562963 0.9039961 -0.1623621 -0.3955119 0.1549193 -0.08944272 0.9838699 0.1433289 -0.2308183 0.9623823 -0.208751 0.1205224 0.9705139 0.12823 0.2395356 0.9623823 -0.241045 0 0.9705139 -0.271559 -0.008717298 0.9623823 -0.1788855 0 -0.9838699 -0.2395356 -0.12823 -0.9623823 0.008717298 0.271559 -0.9623823 0.2308183 -0.1433289 -0.9623823 0.4534711 0.2192438 0.8638844 -0.4438917 -0.2220733 0.8681265 -0.8648735 -0.480746 0.1444891 -0.8732225 -0.385483 -0.2981362 -0.4537663 -0.2312617 -0.8605895 0.4821549 0.2251393 -0.8466634 0.2308709 0.4235387 0.8759644 -0.2266385 -0.4530457 -0.8621975 0.2196263 0.4315215 -0.8749591 -0.2338113 -0.958581 0.1626492 -0.0800054 0.5045649 0.8596589 0.1365447 -0.9696871 -0.2026389 0.0747444 -0.5047885 -0.8600011 -0.076083 0.5039676 -0.8603651 -0.3482981 0.3381114 0.874282 0.6648917 -0.681771 -0.305135 0.387855 -0.3698177 -0.8442768 -0.3237742 0.2988024 -0.8977124 0.9374568 -0.155417 -0.3114809 0.544884 0.07317149 0.8353128 -0.3938634 -0.03526157 -0.9184924 -0.9804467 -0.1341112 -0.1440082 0.3252972 0.3444582 0.880642 0.3536007 0.2851296 -0.8908803 -0.3424035 -0.3424033 -0.8749399 -0.6798996 -0.6643432 -0.3104588 -0.2047028 -0.9547464 0.2157687 -0.049923 -0.4485995 0.8923375 -0.04259341 -0.4176137 -0.9076258 -0.1603876 -0.9109091 -0.3801583 -0.3988759 0.8411972 0.3650826 0.645771 -0.7371925 0.198814 0.3671641 -0.326321 0.8710368 -0.3613 0.3576343 -0.8611388 0.2690595 -0.3054643 -0.9133995 0.64266 -0.74204 -0.1906952 0.4886382 -0.07378393 0.869361 -0.5085529 0.0801683 0.8572905 -0.9654089 0.2225792 0.1358093 -0.9638339 0.1674147 -0.2073562 -0.5186848 0.09329861 -0.8498597 0.474503 -0.08225703 -0.8764021 0.1549193 -0.08944272 0.9838699 0.1433288 -0.2308182 0.9623824 -0.208751 0.1205224 0.9705139 0.1282299 0.2395354 0.9623824 -0.241045 0 0.9705139 -0.2715588 -0.008717238 0.9623823 -0.1788855 0 -0.9838699 -0.2395354 -0.1282299 -0.9623824 0.008717238 0.2715588 -0.9623823 0.2308182 -0.1433288 -0.9623824</float_array>
          <technique_common>
            <accessor source="#tire_stack_2_a200-mesh-normals-array" count="360" stride="3">
              <param name="X" type="float"/>
              <param name="Y" type="float"/>
              <param name="Z" type="float"/>
            </accessor>
          </technique_common>
        </source>
        <source id="tire_stack_2_a200-mesh-map-0">
          <float_array id="tire_stack_2_a200-mesh-map-0-array" count="2160">0.65 0.625 0.6034169 0.75 0.5737997 0.625 0.6777775 0.125 0.6033373 0.25 0.5536646 0.125 0.6033373 0.25 0.65 0.375 0.5703836 0.375 0.725 0 0.6777775 0.125 0.6033989 0 0.7215951 0.375 0.6776999 0.5 0.65 0.375 0.7723 0.5 0.7237998 0.625 0.6776999 0.5 0.8036645 0.125 0.7277 0.25 0.6777775 0.125 0.7723 0.5 0.8 0.625 0.7237998 0.625 0.825 0 0.8036645 0.125 0.725 0 0.8 0.375 0.7723 0.5 0.7215951 0.375 0.8777776 0.625 0.8249999 0.75 0.8 0.625 0.8777776 0.625 0.925 0.75 0.8249999 0.75 0.9495957 0.25 0.8796165 0.375 0.825 0.25 0.9777775 0.625 0.925 0.75 0.8777776 0.625 1 0.5 0.9777775 0.625 0.925 0.5 0.9762002 0.375 1 0.5 0.925 0.5 0.04999995 0.625 0.05246984 0.75 0 0.625 0.07499998 0 0.02893698 0.125 0 0 0.1237998 0.625 0.05246984 0.75 0.04999995 0.625 0.1222224 0.875 0.07499998 1 0.02620023 0.875 0.1277775 0.125 0.0769267 0.25 0.02893698 0.125 0.1769267 0.5 0.1237998 0.625 0.07499998 0.5 0.175 0 0.1277775 0.125 0.07499998 0 0.1769267 0.5 0.2 0.625 0.1237998 0.625 0.2 0.625 0.1796193 0.75 0.1237998 0.625 0.2440154 0.875 0.175 1 0.1222224 0.875 0.2277775 0.125 0.1796193 0.25 0.1277775 0.125 0.275 0 0.2277775 0.125 0.175 0 0.3237997 0.125 0.2777 0.25 0.2277775 0.125 0.3965883 0 0.3237997 0.125 0.275 0 0.4223001 0.5 0.3777775 0.625 0.35 0.5 0.3965883 0 0.4243029 0.125 0.3237997 0.125 0.4243029 0.125 0.375 0.25 0.3237997 0.125 0.471063 0.875 0.3965883 1 0.371595 0.875 0.5 0.5 0.4777776 0.625 0.4223001 0.5 0.471063 0.875 0.5 1 0.3965883 1 0.5536646 0.125 0.475 0.25 0.4243029 0.125 0.475 0.375 0.5 0.5 0.4223001 0.5 0.5536646 0.125 0.6033373 0.25 0.475 0.25 0.5028243 0.1149407 0.5144559 0.002824187 0.5493507 0.1378836 0.5028243 0.5487101 0.5144559 0.4365937 0.5493506 0.571653 0.5549991 0.1705233 0.5666307 0.002824187 0.6015255 0.1970155 0.6269268 0.5 0.5737997 0.625 0.525 0.5 0.6269268 0.5 0.671595 0.625 0.5737997 0.625 0.671595 0.375 0.6269268 0.5 0.571063 0.375 0.725 0 0.6777775 0.125 0.65 0 0.7277 0.5 0.775 0.625 0.671595 0.625 0.7730733 0.75 0.6963186 0.875 0.6723 0.75 0.7722225 0.375 0.7277 0.5 0.671595 0.375 0.8223 0.5 0.775 0.625 0.7277 0.5 0.8 0 0.7737998 0.125 0.725 0 0.8750001 0.75 0.821063 0.875 0.7730733 0.75 0.8756973 0.375 0.8223 0.5 0.7722225 0.375 0.9203806 0.5 0.8777776 0.625 0.8223 0.5 0.8750001 0.75 0.925 0.875 0.821063 0.875 0.925 0.875 0.875 1 0.821063 0.875 0.8756973 0.375 0.9203806 0.5 0.8223 0.5 0.9722999 0.75 0.925 0.875 0.8750001 0.75 0.925 0.875 0.9730733 1 0.875 1 1 0.5 0.9784049 0.625 0.9203806 0.5 0.9762002 0.375 1 0.5 0.9203806 0.5 0.09867286 0.125 0.0277 0.25 0 0.125 0.04999995 0.375 0.02038061 0.5 0 0.375 0.125 0.5 0.07499998 0.625 0.02038061 0.5 0.1203835 0.875 0.07499998 1 0.02499997 0.875 0.125 0.5 0.1703835 0.625 0.07499998 0.625 0.1703835 0.625 0.1296193 0.75 0.07499998 0.625 0.1965883 0 0.09867286 0.125 0.07499998 0 0.2437126 0.875 0.1965883 1 0.1203835 0.875 0.1965883 0 0.2 0.125 0.09867286 0.125 0.2276999 0.5 0.25 0.625 0.1703835 0.625 0.25 0.625 0.2296193 0.75 0.1703835 0.625 0.2777775 0.125 0.2249999 0.25 0.2 0.125 0.2437126 0.875 0.3203806 1 0.1965883 1 0.3203806 0 0.2777775 0.125 0.1965883 0 0.3723 0.5 0.3237997 0.625 0.3 0.5 0.3562484 0.75 0.35 0.875 0.2437126 0.875 0.35 0.875 0.3203806 1 0.2437126 0.875 0.3777775 0.125 0.3503902 0.25 0.2777775 0.125 0.3723 0.5 0.4 0.625 0.3237997 0.625 0.4 0.625 0.3562484 0.75 0.3237997 0.625 0.4230733 0 0.3777775 0.125 0.3203806 0 0.4 0.375 0.3723 0.5 0.3222225 0.375 0.525 0.5 0.4777776 0.625 0.45 0.5 0.5 0 0.475 0.125 0.4230733 0 0.571063 0.375 0.525 0.5 0.4762003 0.375 0.5028243 0.1149407 0.5144559 0.002824187 0.5493507 0.1378836 0.5028243 0.5487101 0.5144559 0.4365936 0.5493506 0.571653 0.5549991 0.1705233 0.5666306 0.002824187 0.6015255 0.1970155 0.5769267 0.5 0.65 0.375 0.6776999 0.5 0.65 0.625 0.5769267 0.5 0.6776999 0.5 0.6033989 0 0.6777775 0.125 0.5536646 0.125 0.65 0.625 0.725 0.75 0.6034169 0.75 0.6776999 0.5 0.7237998 0.625 0.65 0.625 0.6034169 0.75 0.7222225 0.875 0.5953359 0.875 0.6033989 1 0.7222225 0.875 0.725 1 0.65 0.375 0.7277 0.25 0.7215951 0.375 0.6777775 0.125 0.7277 0.25 0.6033373 0.25 0.725 0.75 0.8 0.625 0.8249999 0.75 0.725 0 0.8036645 0.125 0.6777775 0.125 0.7215951 0.375 0.7723 0.5 0.6776999 0.5 0.725 0.75 0.821063 0.875 0.7222225 0.875 0.725 1 0.821063 0.875 0.825 1 0.7277 0.25 0.8 0.375 0.7215951 0.375 0.8036645 0.125 0.825 0.25 0.7277 0.25 0.8 0.625 0.85 0.5 0.8777776 0.625 0.85 0.5 0.8 0.375 0.8796165 0.375 0.825 0.25 0.8796165 0.375 0.8 0.375 0.925 0.875 0.8249999 0.75 0.925 0.75 0.85 0.5 0.925 0.5 0.8777776 0.625 0.825 1 0.925 0.875 0.9222999 1 0.825 0 0.9284049 0.125 0.8036645 0.125 0.825 0.25 0.9284049 0.125 0.9495957 0.25 0.925 0.75 1 0.875 0.925 0.875 0.8796165 0.375 0.925 0.5 0.85 0.5 0.925 0.5 0.9777775 0.625 0.8777776 0.625 0.9495957 0.25 0.9762002 0.375 0.8796165 0.375 0.8796165 0.375 0.9762002 0.375 0.925 0.5 0.9777775 0.625 1 0.75 0.925 0.75 1 1 0.925 0.875 1 0.875 0.9284049 0.125 1 0 1 0.125 0 0.5 0.04999995 0.625 0 0.625 0.9284049 0.125 1 0.125 0.9495957 0.25 0 0.375 0.0769267 0.25 0.07106304 0.375 0.02620023 0.875 0.07499998 1 0 1 0.02893698 0.125 0.0769267 0.25 0 0.25 0 0.5 0.07106304 0.375 0.07499998 0.5 0.1703835 0.375 0.0769267 0.25 0.1796193 0.25 0.07499998 0.5 0.1237998 0.625 0.04999995 0.625 0.05246984 0.75 0.1222224 0.875 0.02620023 0.875 0.07499998 0 0.1277775 0.125 0.02893698 0.125 0.1237998 0.625 0.1796193 0.75 0.05246984 0.75 0.05246984 0.75 0.1796193 0.75 0.1222224 0.875 0.1222224 0.875 0.175 1 0.07499998 1 0.1277775 0.125 0.1796193 0.25 0.0769267 0.25 0.07499998 0.5 0.1703835 0.375 0.1769267 0.5 0.2 0.625 0.275 0.5 0.2743028 0.625 0.1796193 0.75 0.2440154 0.875 0.1222224 0.875 0.175 0 0.2277775 0.125 0.1277775 0.125 0.2 0.625 0.2796193 0.75 0.1796193 0.75 0.275 0.375 0.1796193 0.25 0.2777 0.25 0.1796193 0.75 0.2796193 0.75 0.2440154 0.875 0.2440154 0.875 0.275 1 0.175 1 0.2277775 0.125 0.2777 0.25 0.1796193 0.25 0.1769267 0.5 0.275 0.375 0.275 0.5 0.2743028 0.625 0.35 0.5 0.3777775 0.625 0.275 0 0.3237997 0.125 0.2277775 0.125 0.2796193 0.75 0.3777775 0.625 0.3777 0.75 0.371595 0.875 0.2796193 0.75 0.3777 0.75 0.275 1 0.371595 0.875 0.3965883 1 0.275 0.375 0.375 0.25 0.3796165 0.375 0.3237997 0.125 0.375 0.25 0.2777 0.25 0.35 0.5 0.275 0.375 0.3796165 0.375 0.3777775 0.625 0.4769268 0.75 0.3777 0.75 0.3796165 0.375 0.4223001 0.5 0.35 0.5 0.4223001 0.5 0.4777776 0.625 0.3777775 0.625 0.3777 0.75 0.471063 0.875 0.371595 0.875 0.3796165 0.375 0.475 0.25 0.475 0.375 0.4243029 0.125 0.475 0.25 0.375 0.25 0.4243029 0.125 0.5 0 0.5536646 0.125 0.3796165 0.375 0.475 0.375 0.4223001 0.5 0.5 0.5 0.5737997 0.625 0.4777776 0.625 0.4769268 0.75 0.5737997 0.625 0.6034169 0.75 0.5953359 0.875 0.4769268 0.75 0.6034169 0.75 0.5 1 0.5953359 0.875 0.6033989 1 0.5703836 0.375 0.475 0.25 0.6033373 0.25 0.5 0 0.6033989 0 0.5536646 0.125 0.5 0.5 0.5703836 0.375 0.5769267 0.5 0.537719 0.3162305 0.5028243 0.1149407 0.5493507 0.1378836 0.537719 0.75 0.5028243 0.5487101 0.5493506 0.571653 0.5898938 0.3647147 0.5549991 0.1705233 0.6015255 0.1970155 0.4971758 0.3162305 0.06905478 0.4309452 0.3162305 0.002824187 0.4309452 0.9309452 0.002824187 0.8162305 0.4309452 0.5690547 0.575 0.75 0.671595 0.625 0.6723 0.75 0.571063 0.375 0.6269268 0.5 0.525 0.5 0.5722225 0.875 0.6723 0.75 0.6963186 0.875 0.5722225 0.875 0.65 1 0.5777 1 0.5750001 0.125 0.65 0 0.6777775 0.125 0.5750001 0.125 0.6776999 0.25 0.5750001 0.25 0.671595 0.375 0.5750001 0.25 0.6776999 0.25 0.7730733 0.75 0.671595 0.625 0.775 0.625 0.6269268 0.5 0.7277 0.5 0.671595 0.625 0.6963186 0.875 0.725 1 0.65 1 0.671595 0.375 0.7277 0.5 0.6269268 0.5 0.6776999 0.25 0.7737998 0.125 0.775 0.25 0.725 0 0.7737998 0.125 0.6777775 0.125 0.6776999 0.25 0.7722225 0.375 0.671595 0.375 0.725 1 0.821063 0.875 0.8 1 0.7730733 0.75 0.821063 0.875 0.6963186 0.875 0.775 0.625 0.8750001 0.75 0.7730733 0.75 0.7722225 0.375 0.8223 0.5 0.7277 0.5 0.8223 0.5 0.8777776 0.625 0.775 0.625 0.875 0.125 0.8 0 0.875 0 0.821063 0.875 0.875 1 0.8 1 0.7737998 0.125 0.8723 0.25 0.775 0.25 0.7722225 0.375 0.8723 0.25 0.8756973 0.375 0.8750001 0.75 0.9784049 0.625 0.9722999 0.75 0.9203806 0.5 0.9784049 0.625 0.8777776 0.625 0.875 0.125 0.9730733 0 0.978937 0.125 0.8723 0.25 0.978937 0.125 0.9805833 0.25 0.8723 0.25 0.9762002 0.375 0.8756973 0.375 0 0.125 0.07499998 0 0.09867286 0.125 0.8756973 0.375 0.9762002 0.375 0.9203806 0.5 0.9722999 0.75 1 0.875 0.925 0.875 0.925 0.875 1 0.875 0.9730733 1 0.02038061 0.5 0.07499998 0.625 0 0.625 0 0.625 0.07499998 0.625 0.01941668 0.75 0.02499997 0.875 0.07499998 1 0 1 0.02499997 0.875 0.1296193 0.75 0.1203835 0.875 0.0277 0.25 0.04999995 0.375 0 0.375 0.07499998 0.625 0.1296193 0.75 0.01941668 0.75 0.04999995 0.375 0.125 0.25 0.1262002 0.375 0.09867286 0.125 0.125 0.25 0.0277 0.25 0.125 0.5 0.04999995 0.375 0.1262002 0.375 0.1203835 0.875 0.2296193 0.75 0.2437126 0.875 0.1203835 0.875 0.1965883 1 0.07499998 1 0.125 0.5 0.2276999 0.5 0.1703835 0.625 0.1703835 0.625 0.2296193 0.75 0.1296193 0.75 0.125 0.25 0.2 0.125 0.2249999 0.25 0.125 0.25 0.2222224 0.375 0.1262002 0.375 0.125 0.5 0.2222224 0.375 0.2276999 0.5 0.25 0.625 0.3 0.5 0.3237997 0.625 0.1965883 0 0.2777775 0.125 0.2 0.125 0.2296193 0.75 0.3237997 0.625 0.3562484 0.75 0.2249999 0.25 0.3222225 0.375 0.2222224 0.375 0.2296193 0.75 0.3562484 0.75 0.2437126 0.875 0.2777775 0.125 0.3503902 0.25 0.2249999 0.25 0.2222224 0.375 0.3 0.5 0.2276999 0.5 0.4230733 1 0.35 0.875 0.4513272 0.875 0.3203806 0 0.3777775 0.125 0.2777775 0.125 0.3222225 0.375 0.3723 0.5 0.3 0.5 0.3562484 0.75 0.4513272 0.875 0.35 0.875 0.4 0.625 0.45 0.5 0.4777776 0.625 0.3503902 0.25 0.4 0.375 0.3222225 0.375 0.4 0.625 0.4777001 0.75 0.3562484 0.75 0.3777775 0.125 0.4723 0.25 0.3503902 0.25 0.3562484 0.75 0.4777001 0.75 0.4513272 0.875 0.4230733 0 0.475 0.125 0.3777775 0.125 0.4 0.375 0.4723 0.25 0.4762003 0.375 0.45 0.5 0.4 0.375 0.4762003 0.375 0.4777001 0.75 0.5737997 0.625 0.575 0.75 0.4513272 0.875 0.5 1 0.4230733 1 0.4762003 0.375 0.525 0.5 0.45 0.5 0.525 0.5 0.5737997 0.625 0.4777776 0.625 0.4777001 0.75 0.5722225 0.875 0.4513272 0.875 0.5 1 0.5722225 0.875 0.5777 1 0.5750001 0.125 0.5 0 0.5777 0 0.5750001 0.25 0.475 0.125 0.5750001 0.125 0.4762003 0.375 0.5750001 0.25 0.571063 0.375 0.537719 0.3162305 0.5028243 0.1149407 0.5493507 0.1378836 0.537719 0.75 0.5028243 0.5487101 0.5493506 0.571653 0.5898938 0.3647147 0.5549991 0.1705233 0.6015255 0.1970155 0.4971758 0.3162305 0.06905478 0.4309452 0.3162305 0.002824187 0.4309452 0.9309452 0.002824187 0.8162305 0.4309452 0.5690547 0.5769267 0.5 0.5703836 0.375 0.65 0.375 0.65 0.625 0.5737997 0.625 0.5769267 0.5 0.65 0.625 0.7237998 0.625 0.725 0.75 0.6034169 0.75 0.725 0.75 0.7222225 0.875 0.6033989 1 0.5953359 0.875 0.7222225 0.875 0.65 0.375 0.6033373 0.25 0.7277 0.25 0.725 0.75 0.7237998 0.625 0.8 0.625 0.725 0.75 0.8249999 0.75 0.821063 0.875 0.725 1 0.7222225 0.875 0.821063 0.875 0.7277 0.25 0.825 0.25 0.8 0.375 0.8 0.625 0.7723 0.5 0.85 0.5 0.85 0.5 0.7723 0.5 0.8 0.375 0.925 0.875 0.821063 0.875 0.8249999 0.75 0.825 1 0.821063 0.875 0.925 0.875 0.825 0 0.9222999 0 0.9284049 0.125 0.825 0.25 0.8036645 0.125 0.9284049 0.125 0.925 0.75 1 0.75 1 0.875 1 1 0.9222999 1 0.925 0.875 0.9284049 0.125 0.9222999 0 1 0 0 0.5 0.07499998 0.5 0.04999995 0.625 0 0.375 0 0.25 0.0769267 0.25 0 0.5 0 0.375 0.07106304 0.375 0.1703835 0.375 0.07106304 0.375 0.0769267 0.25 0.07499998 0.5 0.07106304 0.375 0.1703835 0.375 0.2 0.625 0.1769267 0.5 0.275 0.5 0.2 0.625 0.2743028 0.625 0.2796193 0.75 0.275 0.375 0.1703835 0.375 0.1796193 0.25 0.1769267 0.5 0.1703835 0.375 0.275 0.375 0.2743028 0.625 0.275 0.5 0.35 0.5 0.2796193 0.75 0.2743028 0.625 0.3777775 0.625 0.371595 0.875 0.2440154 0.875 0.2796193 0.75 0.275 1 0.2440154 0.875 0.371595 0.875 0.275 0.375 0.2777 0.25 0.375 0.25 0.35 0.5 0.275 0.5 0.275 0.375 0.3777775 0.625 0.4777776 0.625 0.4769268 0.75 0.3777 0.75 0.4769268 0.75 0.471063 0.875 0.3796165 0.375 0.375 0.25 0.475 0.25 0.4243029 0.125 0.3965883 0 0.5 0 0.5 0.5 0.5769267 0.5 0.5737997 0.625 0.4769268 0.75 0.4777776 0.625 0.5737997 0.625 0.5953359 0.875 0.471063 0.875 0.4769268 0.75 0.5 1 0.471063 0.875 0.5953359 0.875 0.5703836 0.375 0.475 0.375 0.475 0.25 0.5 0.5 0.475 0.375 0.5703836 0.375 0.06905478 0.4309452 0.002824187 0.3162305 0.3162305 0.002824187 0.002824187 0.3162305 0.02931642 0.1378836 0.1837694 0.002824187 0.3162305 0.002824187 0.002824187 0.3162305 0.1837694 0.002824187 0.3162305 0.002824187 0.4574374 0.1149406 0.4971758 0.3162305 0.4971758 0.3162305 0.4309452 0.4309452 0.06905478 0.4309452 0.4309452 0.4309452 0.2632461 0.4971758 0.06905478 0.4309452 0.002824187 0.8162305 0.002824187 0.6837695 0.4309452 0.5690547 0.002824187 0.6837695 0.1149406 0.5425626 0.3162305 0.5028242 0.4309452 0.5690547 0.4971758 0.7367539 0.4309452 0.9309452 0.3162305 0.9971758 0.1378836 0.9706836 0.002824187 0.8162305 0.575 0.75 0.5737997 0.625 0.671595 0.625 0.5722225 0.875 0.575 0.75 0.6723 0.75 0.5722225 0.875 0.6963186 0.875 0.65 1 0.5750001 0.125 0.5777 0 0.65 0 0.5750001 0.125 0.6777775 0.125 0.6776999 0.25 0.671595 0.375 0.571063 0.375 0.5750001 0.25 0.7730733 0.75 0.6723 0.75 0.671595 0.625 0.6776999 0.25 0.6777775 0.125 0.7737998 0.125 0.6776999 0.25 0.775 0.25 0.7722225 0.375 0.725 1 0.6963186 0.875 0.821063 0.875 0.775 0.625 0.8777776 0.625 0.8750001 0.75 0.875 0.125 0.7737998 0.125 0.8 0 0.7737998 0.125 0.875 0.125 0.8723 0.25 0.7722225 0.375 0.775 0.25 0.8723 0.25 0.8750001 0.75 0.8777776 0.625 0.9784049 0.625 0.875 0.125 0.875 0 0.9730733 0 0.8723 0.25 0.875 0.125 0.978937 0.125 0.8723 0.25 0.9805833 0.25 0.9762002 0.375 0 0.125 0 0 0.07499998 0 0.02499997 0.875 0.01941668 0.75 0.1296193 0.75 0.04999995 0.375 0.0277 0.25 0.125 0.25 0.125 0.5 0.02038061 0.5 0.04999995 0.375 0.1203835 0.875 0.1296193 0.75 0.2296193 0.75 0.125 0.25 0.09867286 0.125 0.2 0.125 0.125 0.25 0.2249999 0.25 0.2222224 0.375 0.125 0.5 0.1262002 0.375 0.2222224 0.375 0.25 0.625 0.2276999 0.5 0.3 0.5 0.2296193 0.75 0.25 0.625 0.3237997 0.625 0.2249999 0.25 0.3503902 0.25 0.3222225 0.375 0.2222224 0.375 0.3222225 0.375 0.3 0.5 0.4230733 1 0.3203806 1 0.35 0.875 0.4 0.625 0.3723 0.5 0.45 0.5 0.4 0.625 0.4777776 0.625 0.4777001 0.75 0.3777775 0.125 0.475 0.125 0.4723 0.25 0.4 0.375 0.3503902 0.25 0.4723 0.25 0.45 0.5 0.3723 0.5 0.4 0.375 0.4777001 0.75 0.4777776 0.625 0.5737997 0.625 0.4777001 0.75 0.575 0.75 0.5722225 0.875 0.5 1 0.4513272 0.875 0.5722225 0.875 0.5750001 0.125 0.475 0.125 0.5 0 0.5750001 0.25 0.4723 0.25 0.475 0.125 0.4762003 0.375 0.4723 0.25 0.5750001 0.25 0.06905478 0.4309452 0.002824187 0.3162305 0.3162305 0.002824187 0.002824187 0.3162305 0.02931642 0.1378836 0.1837694 0.002824187 0.3162305 0.002824187 0.002824187 0.3162305 0.1837694 0.002824187 0.3162305 0.002824187 0.4574374 0.1149406 0.4971758 0.3162305 0.4971758 0.3162305 0.4309452 0.4309452 0.06905478 0.4309452 0.4309452 0.4309452 0.2632461 0.4971758 0.06905478 0.4309452 0.002824187 0.8162305 0.002824187 0.6837695 0.4309452 0.5690547 0.002824187 0.6837695 0.1149406 0.5425626 0.3162305 0.5028242 0.4309452 0.5690547 0.4971758 0.7367539 0.4309452 0.9309452 0.3162305 0.9971758 0.1378836 0.9706836 0.002824187 0.8162305</float_array>
          <technique_common>
            <accessor source="#tire_stack_2_a200-mesh-map-0-array" count="1080" stride="2">
              <param name="S" type="float"/>
              <param name="T" type="float"/>
            </accessor>
          </technique_common>
        </source>
        <vertices id="tire_stack_2_a200-mesh-vertices">
          <input semantic="POSITION" source="#tire_stack_2_a200-mesh-positions"/>
        </vertices>
        <triangles material="tire_001-material" count="324">
          <input semantic="VERTEX" source="#tire_stack_2_a200-mesh-vertices" offset="0"/>
          <input semantic="NORMAL" source="#tire_stack_2_a200-mesh-normals" offset="1"/>
          <input semantic="TEXCOORD" source="#tire_stack_2_a200-mesh-map-0" offset="2" set="0"/>
          <p>9 0 0 2 0 1 1 0 2 10 1 3 6 1 4 5 1 5 6 2 6 11 2 7 7 2 8 15 3 9 10 3 10 4 3 11 17 4 12 8 4 13 11 4 14 18 5 15 12 5 16 8 5 17 19 6 18 16 6 19 10 6 20 18 7 21 20 7 22 12 7 23 23 8 24 19 8 25 15 8 26 25 9 27 18 9 28 17 9 29 27 10 30 21 10 31 20 10 32 27 11 33 30 11 34 21 11 35 34 12 36 28 12 37 24 12 38 35 13 39 30 13 40 27 13 41 37 14 42 35 14 43 29 14 44 36 15 45 37 15 46 29 15 47 43 16 48 38 16 49 35 16 50 44 17 51 41 17 52 40 17 53 47 18 54 38 18 55 43 18 56 48 19 57 44 19 58 39 19 59 49 20 60 45 20 61 41 20 62 50 21 63 47 21 64 42 21 65 52 22 66 49 22 67 44 22 68 50 23 69 55 23 70 47 23 71 55 24 72 51 24 73 47 24 74 56 25 75 52 25 76 48 25 77 57 26 78 53 26 79 49 26 80 61 27 81 57 27 82 52 27 83 64 28 84 62 28 85 57 28 86 69 29 87 64 29 88 61 29 89 72 30 90 66 30 91 65 30 92 69 31 93 73 31 94 64 31 95 73 32 96 70 32 97 64 32 98 76 33 99 69 33 100 68 33 101 79 34 102 74 34 103 72 34 104 76 35 105 80 35 106 69 35 107 5 36 108 77 36 109 73 36 110 78 37 111 79 37 112 72 37 113 5 38 114 6 38 115 77 38 116 101 42 126 94 42 127 93 42 128 101 43 129 102 43 130 94 43 131 108 44 132 101 44 133 100 44 134 110 45 135 106 45 136 105 45 137 109 46 138 111 46 139 102 46 140 112 47 141 104 47 142 103 47 143 115 48 144 109 48 145 108 48 146 116 49 147 111 49 148 109 49 149 118 50 150 113 50 151 110 50 152 120 51 153 117 51 154 112 51 155 124 52 156 116 52 157 115 52 158 125 53 159 119 53 160 116 53 161 120 54 162 126 54 163 117 54 164 126 55 165 121 55 166 117 55 167 124 56 168 125 56 169 116 56 170 128 57 171 126 57 172 120 57 173 126 58 174 129 58 175 121 58 176 133 59 177 127 59 178 125 59 179 132 60 180 133 60 181 125 60 182 137 61 183 131 61 184 130 61 185 138 62 186 133 62 187 132 62 188 139 63 189 135 63 190 133 63 191 141 64 192 136 64 193 134 64 194 139 65 195 144 65 196 135 65 197 144 66 198 140 66 199 135 66 200 145 67 201 137 67 202 136 67 203 148 68 204 145 68 205 141 68 206 145 69 207 149 69 208 137 69 209 146 70 210 152 70 211 144 70 212 152 71 213 147 71 214 144 71 215 153 72 216 150 72 217 149 72 218 148 73 219 157 73 220 145 73 221 157 74 222 153 74 223 145 74 224 160 75 225 155 75 226 154 75 227 156 76 228 161 76 229 148 76 230 161 77 231 157 77 232 148 77 233 162 78 234 158 78 235 153 78 236 160 79 237 163 79 238 155 79 239 163 80 240 156 80 241 155 80 242 165 81 243 162 81 244 157 81 245 166 82 246 160 82 247 159 82 248 93 83 249 168 83 250 167 83 251 173 84 252 170 84 253 165 84 254 100 85 255 93 85 256 172 85 257 0 89 267 11 89 268 8 89 269 9 90 270 0 90 271 8 90 272 4 91 273 10 91 274 5 91 275 9 92 276 13 92 277 2 92 278 8 93 279 12 93 280 9 93 281 2 94 282 14 94 283 3 94 284 4 95 285 14 95 286 15 95 287 11 96 288 16 96 289 17 96 290 10 97 291 16 97 292 6 97 293 13 98 294 20 98 295 21 98 296 15 99 297 19 99 298 10 99 299 17 100 300 18 100 301 8 100 302 13 101 303 22 101 304 14 101 305 15 102 306 22 102 307 23 102 308 16 103 309 25 103 310 17 103 311 19 104 312 24 104 313 16 104 314 20 105 315 26 105 316 27 105 317 26 106 318 25 106 319 28 106 320 24 107 321 28 107 322 25 107 323 31 108 324 21 108 325 30 108 326 26 109 327 29 109 328 27 109 329 23 110 330 31 110 331 32 110 332 23 111 333 33 111 334 19 111 335 24 112 336 33 112 337 34 112 338 30 113 339 39 113 340 31 113 341 28 114 342 29 114 343 26 114 344 29 115 345 35 115 346 27 115 347 34 116 348 36 116 349 28 116 350 28 117 351 36 117 352 29 117 353 35 118 354 38 118 355 30 118 356 40 119 357 31 119 358 39 119 359 33 120 360 40 120 361 41 120 362 37 121 363 43 121 364 35 121 365 33 122 366 41 122 367 34 122 368 36 123 369 45 123 370 46 123 371 39 124 372 44 124 373 40 124 374 41 125 375 45 125 376 34 125 377 37 126 378 46 126 379 42 126 380 54 127 381 45 127 382 53 127 383 42 128 384 47 128 385 43 128 386 38 129 387 48 129 388 39 129 389 44 130 390 49 130 391 41 130 392 47 131 393 51 131 394 38 131 395 38 132 396 51 132 397 48 132 398 48 133 399 52 133 400 44 133 401 49 134 402 53 134 403 45 134 404 42 135 405 54 135 406 50 135 407 55 136 408 58 136 409 59 136 410 51 137 411 56 137 412 48 137 413 52 138 414 57 138 415 49 138 416 55 139 417 60 139 418 51 139 419 63 140 420 53 140 421 62 140 422 51 141 423 60 141 424 56 141 425 56 142 426 61 142 427 52 142 428 57 143 429 62 143 430 53 143 431 50 144 432 63 144 433 58 144 434 59 145 435 65 145 436 66 145 437 61 146 438 64 146 439 57 146 440 60 147 441 66 147 442 67 147 443 68 148 444 60 148 445 67 148 446 61 149 447 68 149 448 69 149 449 63 150 450 70 150 451 71 150 452 64 151 453 70 151 454 62 151 455 65 152 456 63 152 457 71 152 458 66 153 459 75 153 460 67 153 461 71 154 462 72 154 463 65 154 464 72 155 465 74 155 466 66 155 467 67 156 468 76 156 469 68 156 470 71 157 471 77 157 472 78 157 473 73 158 474 77 158 475 70 158 476 73 159 477 80 159 478 5 159 479 71 160 480 78 160 481 72 160 482 79 161 483 1 161 484 74 161 485 75 162 486 1 162 487 2 162 488 3 163 489 75 163 490 2 163 491 80 164 492 3 164 493 4 164 494 7 165 495 77 165 496 6 165 497 80 166 498 4 166 499 5 166 500 79 167 501 7 167 502 0 167 503 95 173 519 102 173 520 103 173 521 100 174 522 101 174 523 93 174 524 96 175 525 103 175 526 104 175 527 96 176 528 105 176 529 97 176 530 98 177 531 105 177 532 106 177 533 98 178 534 107 178 535 99 178 536 108 179 537 99 179 538 107 179 539 112 180 540 102 180 541 111 180 542 101 181 543 109 181 544 102 181 545 104 182 546 110 182 547 105 182 548 108 183 549 109 183 550 101 183 551 107 184 552 113 184 553 114 184 554 110 185 555 113 185 556 106 185 557 107 186 558 115 186 559 108 186 560 110 187 561 117 187 562 118 187 563 112 188 564 117 188 565 104 188 566 111 189 567 120 189 568 112 189 569 115 190 570 116 190 571 109 190 572 116 191 573 119 191 574 111 191 575 122 192 576 118 192 577 121 192 578 117 193 579 121 193 580 118 193 581 113 194 582 123 194 583 114 194 584 115 195 585 123 195 586 124 195 587 120 196 588 127 196 589 128 196 590 125 197 591 127 197 592 119 197 593 122 198 594 129 198 595 130 198 596 123 199 597 130 199 598 131 199 599 123 200 600 132 200 601 124 200 602 130 201 603 136 201 604 137 201 605 124 202 606 132 202 607 125 202 608 128 203 609 134 203 610 126 203 611 126 204 612 134 204 613 129 204 614 133 205 615 135 205 616 127 205 617 127 206 618 135 206 619 128 206 620 134 207 621 136 207 622 129 207 623 134 208 624 140 208 625 141 208 626 131 209 627 138 209 628 132 209 629 135 210 630 140 210 631 128 210 632 138 211 633 142 211 634 143 211 635 137 212 636 142 212 637 131 212 638 139 213 639 138 213 640 143 213 641 141 214 642 147 214 643 148 214 644 141 215 645 145 215 646 136 215 647 139 216 648 146 216 649 144 216 650 144 217 651 147 217 652 140 217 653 142 218 654 149 218 655 150 218 656 142 219 657 151 219 658 143 219 659 139 220 660 151 220 661 146 220 662 152 221 663 154 221 664 155 221 665 145 222 666 153 222 667 149 222 668 147 223 669 155 223 670 156 223 671 150 224 672 159 224 673 151 224 674 147 225 675 156 225 676 148 225 677 153 226 678 158 226 679 150 226 680 151 227 681 154 227 682 146 227 683 165 228 684 161 228 685 164 228 686 157 229 687 162 229 688 153 229 689 159 230 690 160 230 691 154 230 692 156 231 693 164 231 694 161 231 695 163 232 696 167 232 697 168 232 698 158 233 699 166 233 700 159 233 701 163 234 702 169 234 703 156 234 704 162 235 705 171 235 706 158 235 707 156 236 708 169 236 709 164 236 710 165 237 711 170 237 712 162 237 713 166 238 714 171 238 715 172 238 716 167 239 717 166 239 718 172 239 719 169 240 720 94 240 721 95 240 722 164 241 723 173 241 724 165 241 725 172 242 726 93 242 727 167 242 728 93 243 729 94 243 730 168 243 731 169 244 732 96 244 733 164 244 734 173 245 735 96 245 736 97 245 737 98 246 738 173 246 739 97 246 740 99 247 741 170 247 742 98 247 743 172 248 744 99 248 745 100 248 746 0 254 762 7 254 763 11 254 764 9 255 765 1 255 766 0 255 767 9 256 768 12 256 769 13 256 770 2 257 771 13 257 772 14 257 773 4 258 774 3 258 775 14 258 776 11 259 777 6 259 778 16 259 779 13 260 780 12 260 781 20 260 782 13 261 783 21 261 784 22 261 785 15 262 786 14 262 787 22 262 788 16 263 789 24 263 790 25 263 791 20 264 792 18 264 793 26 264 794 26 265 795 18 265 796 25 265 797 31 266 798 22 266 799 21 266 800 23 267 801 22 267 802 31 267 803 23 268 804 32 268 805 33 268 806 24 269 807 19 269 808 33 269 809 30 270 810 38 270 811 39 270 812 40 271 813 32 271 814 31 271 815 33 272 816 32 272 817 40 272 818 37 273 819 42 273 820 43 273 821 36 274 822 34 274 823 45 274 824 37 275 825 36 275 826 46 275 827 54 276 828 46 276 829 45 276 830 42 277 831 46 277 832 54 277 833 55 278 834 50 278 835 58 278 836 55 279 837 59 279 838 60 279 839 63 280 840 54 280 841 53 280 842 50 281 843 54 281 844 63 281 845 59 282 846 58 282 847 65 282 848 60 283 849 59 283 850 66 283 851 68 284 852 56 284 853 60 284 854 61 285 855 56 285 856 68 285 857 63 286 858 62 286 859 70 286 860 65 287 861 58 287 862 63 287 863 66 288 864 74 288 865 75 288 866 67 289 867 75 289 868 76 289 869 71 290 870 70 290 871 77 290 872 73 291 873 69 291 874 80 291 875 79 292 876 0 292 877 1 292 878 75 293 879 74 293 880 1 293 881 3 294 882 76 294 883 75 294 884 80 295 885 76 295 886 3 295 887 7 296 888 78 296 889 77 296 890 79 297 891 78 297 892 7 297 893 95 308 924 94 308 925 102 308 926 96 309 927 95 309 928 103 309 929 96 310 930 104 310 931 105 310 932 98 311 933 97 311 934 105 311 935 98 312 936 106 312 937 107 312 938 108 313 939 100 313 940 99 313 941 112 314 942 103 314 943 102 314 944 107 315 945 106 315 946 113 315 947 107 316 948 114 316 949 115 316 950 110 317 951 104 317 952 117 317 953 111 318 954 119 318 955 120 318 956 122 319 957 113 319 958 118 319 959 113 320 960 122 320 961 123 320 962 115 321 963 114 321 964 123 321 965 120 322 966 119 322 967 127 322 968 122 323 969 121 323 970 129 323 971 123 324 972 122 324 973 130 324 974 123 325 975 131 325 976 132 325 977 130 326 978 129 326 979 136 326 980 134 327 981 128 327 982 140 327 983 138 328 984 131 328 985 142 328 986 139 329 987 133 329 988 138 329 989 141 330 990 140 330 991 147 330 992 142 331 993 137 331 994 149 331 995 142 332 996 150 332 997 151 332 998 139 333 999 143 333 1000 151 333 1001 152 334 1002 146 334 1003 154 334 1004 147 335 1005 152 335 1006 155 335 1007 150 336 1008 158 336 1009 159 336 1010 151 337 1011 159 337 1012 154 337 1013 165 338 1014 157 338 1015 161 338 1016 163 339 1017 160 339 1018 167 339 1019 163 340 1020 168 340 1021 169 340 1022 162 341 1023 170 341 1024 171 341 1025 166 342 1026 158 342 1027 171 342 1028 167 343 1029 160 343 1030 166 343 1031 169 344 1032 168 344 1033 94 344 1034 169 345 1035 95 345 1036 96 345 1037 173 346 1038 164 346 1039 96 346 1040 98 347 1041 170 347 1042 173 347 1043 99 348 1044 171 348 1045 170 348 1046 172 349 1047 171 349 1048 99 349 1049</p>
        </triangles>
        <triangles material="rim_001-material" count="36">
          <input semantic="VERTEX" source="#tire_stack_2_a200-mesh-vertices" offset="0"/>
          <input semantic="NORMAL" source="#tire_stack_2_a200-mesh-normals" offset="1"/>
          <input semantic="TEXCOORD" source="#tire_stack_2_a200-mesh-map-0" offset="2" set="0"/>
          <p>84 39 117 85 39 118 83 39 119 88 40 120 89 40 121 87 40 122 92 41 123 81 41 124 91 41 125 177 86 258 178 86 259 176 86 260 181 87 261 182 87 262 180 87 263 185 88 264 174 88 265 184 88 266 82 168 504 84 168 505 83 168 506 86 169 507 88 169 508 87 169 509 90 170 510 92 170 511 91 170 512 86 171 513 82 171 514 89 171 515 89 172 516 81 172 517 86 172 518 175 249 747 177 249 748 176 249 749 179 250 750 181 250 751 180 250 752 183 251 753 185 251 754 184 251 755 179 252 756 175 252 757 182 252 758 182 253 759 174 253 760 179 253 761 82 298 894 81 298 895 89 298 896 81 299 897 92 299 898 90 299 899 89 300 900 81 300 901 90 300 902 89 301 903 88 301 904 86 301 905 86 302 906 85 302 907 82 302 908 85 303 909 84 303 910 82 303 911 81 304 912 82 304 913 86 304 914 82 305 915 83 305 916 85 305 917 86 306 918 87 306 919 89 306 920 90 307 921 91 307 922 81 307 923 175 350 1050 174 350 1051 182 350 1052 174 351 1053 185 351 1054 183 351 1055 182 352 1056 174 352 1057 183 352 1058 182 353 1059 181 353 1060 179 353 1061 179 354 1062 178 354 1063 175 354 1064 178 355 1065 177 355 1066 175 355 1067 174 356 1068 175 356 1069 179 356 1070 175 357 1071 176 357 1072 178 357 1073 179 358 1074 180 358 1075 182 358 1076 183 359 1077 184 359 1078 174 359 1079</p>
        </triangles>
      </mesh>
    </geometry>
    <geometry id="Colmesh_stack-1-mesh" name="Colmesh_stack-1">
      <mesh>
        <source id="Colmesh_stack-1-mesh-positions">
          <float_array id="Colmesh_stack-1-mesh-positions-array" count="48">0 0.38 0 0 0.38 0.4416 0.2687005 0.2687005 0 0.2687005 0.2687005 0.4416 0.38 0 0 0.38 0 0.4416 0.2687005 -0.2687005 0 0.2687005 -0.2687005 0.4416 0 -0.38 0 0 -0.38 0.4416 -0.2687005 -0.2687005 0 -0.2687005 -0.2687005 0.4416 -0.38 0 0 -0.38 0 0.4416 -0.2687005 0.2687005 0 -0.2687005 0.2687005 0.4416</float_array>
          <technique_common>
            <accessor source="#Colmesh_stack-1-mesh-positions-array" count="16" stride="3">
              <param name="X" type="float"/>
              <param name="Y" type="float"/>
              <param name="Z" type="float"/>
            </accessor>
          </technique_common>
        </source>
        <source id="Colmesh_stack-1-mesh-normals">
          <float_array id="Colmesh_stack-1-mesh-normals-array" count="84">0.3826835 0.9238796 0 0.9238796 0.3826835 0 0.9238796 -0.3826835 0 0.3826835 -0.9238796 0 -0.3826835 -0.9238796 0 -0.9238796 -0.3826835 0 0 0 1 -0.9238796 0.3826835 0 -0.3826835 0.9238796 0 0 0 -1 0.3826835 0.9238796 0 0.9238796 0.3826835 0 0.9238796 -0.3826835 0 0.3826835 -0.9238796 0 -0.3826835 -0.9238796 0 -0.9238796 -0.3826835 0 0 0 1 0 0 1 0 0 1 0 0 1 0 0 1 -0.9238796 0.3826835 0 -0.3826835 0.9238796 0 0 0 -1 0 0 -1 0 0 -1 0 0 -1 0 0 -1</float_array>
          <technique_common>
            <accessor source="#Colmesh_stack-1-mesh-normals-array" count="28" stride="3">
              <param name="X" type="float"/>
              <param name="Y" type="float"/>
              <param name="Z" type="float"/>
            </accessor>
          </technique_common>
        </source>
        <source id="Colmesh_stack-1-mesh-map-0">
          <float_array id="Colmesh_stack-1-mesh-map-0-array" count="168">1 1 0.875 0.5 1 0.5 0.875 1 0.75 0.5 0.875 0.5 0.75 1 0.625 0.5 0.75 0.5 0.625 1 0.5 0.5 0.625 0.5 0.5 1 0.375 0.5 0.5 0.5 0.375 1 0.25 0.5 0.375 0.5 0.4197056 0.08029437 0.49 0.25 0.00999999 0.25 0.25 1 0.125 0.5 0.25 0.5 0.125 1 0 0.5 0.125 0.5 0.51 0.25 0.5802944 0.4197056 0.9197056 0.08029437 1 1 0.875 1 0.875 0.5 0.875 1 0.75 1 0.75 0.5 0.75 1 0.625 1 0.625 0.5 0.625 1 0.5 1 0.5 0.5 0.5 1 0.375 1 0.375 0.5 0.375 1 0.25 1 0.25 0.5 0.49 0.25 0.4197056 0.4197056 0.25 0.49 0.25 0.49 0.08029437 0.4197056 0.49 0.25 0.08029437 0.4197056 0.00999999 0.25 0.49 0.25 0.00999999 0.25 0.08029437 0.08029437 0.25 0.00999999 0.25 0.00999999 0.4197056 0.08029437 0.00999999 0.25 0.25 1 0.125 1 0.125 0.5 0.125 1 0 1 0 0.5 0.5802944 0.4197056 0.75 0.49 0.9197056 0.4197056 0.9197056 0.4197056 0.99 0.25 0.5802944 0.4197056 0.99 0.25 0.9197056 0.08029437 0.5802944 0.4197056 0.9197056 0.08029437 0.75 0.00999999 0.5802944 0.08029437 0.5802944 0.08029437 0.51 0.25 0.9197056 0.08029437</float_array>
          <technique_common>
            <accessor source="#Colmesh_stack-1-mesh-map-0-array" count="84" stride="2">
              <param name="S" type="float"/>
              <param name="T" type="float"/>
            </accessor>
          </technique_common>
        </source>
        <vertices id="Colmesh_stack-1-mesh-vertices">
          <input semantic="POSITION" source="#Colmesh_stack-1-mesh-positions"/>
        </vertices>
        <triangles material="Colmesh_Material-material" count="28">
          <input semantic="VERTEX" source="#Colmesh_stack-1-mesh-vertices" offset="0"/>
          <input semantic="NORMAL" source="#Colmesh_stack-1-mesh-normals" offset="1"/>
          <input semantic="TEXCOORD" source="#Colmesh_stack-1-mesh-map-0" offset="2" set="0"/>
          <p>1 0 0 2 0 1 0 0 2 3 1 3 4 1 4 2 1 5 5 2 6 6 2 7 4 2 8 7 3 9 8 3 10 6 3 11 9 4 12 10 4 13 8 4 14 11 5 15 12 5 16 10 5 17 7 6 18 5 6 19 13 6 20 13 7 21 14 7 22 12 7 23 15 8 24 0 8 25 14 8 26 12 9 27 14 9 28 6 9 29 1 10 30 3 10 31 2 10 32 3 11 33 5 11 34 4 11 35 5 12 36 7 12 37 6 12 38 7 13 39 9 13 40 8 13 41 9 14 42 11 14 43 10 14 44 11 15 45 13 15 46 12 15 47 5 16 48 3 16 49 1 16 50 1 17 51 15 17 52 5 17 53 15 18 54 13 18 55 5 18 56 13 19 57 11 19 58 9 19 59 9 20 60 7 20 61 13 20 62 13 21 63 15 21 64 14 21 65 15 22 66 1 22 67 0 22 68 14 23 69 0 23 70 2 23 71 2 24 72 4 24 73 14 24 74 4 25 75 6 25 76 14 25 77 6 26 78 8 26 79 10 26 80 10 27 81 12 27 82 6 27 83</p>
        </triangles>
      </mesh>
    </geometry>
    <geometry id="tire_stack_2_a800-mesh" name="tire_stack_2_a800">
      <mesh>
        <source id="tire_stack_2_a800-mesh-positions">
          <float_array id="tire_stack_2_a800-mesh-positions-array" count="1104">0.38 0 0.12 0.3565685 0 0.1963675 0.3 0 0.228 0.2434315 0 0.1963675 0.22 0 0.12 0.2434315 0 0.04363244 0.3 0 0.01199996 0.3565685 0 0.04363244 0.3614014 0.1174264 0.12 0.3391168 0.1101857 0.1963675 0.285317 0.09270507 0.228 0.2315171 0.07522439 0.1963675 0.2092324 0.06798368 0.12 0.2315171 0.07522439 0.04363244 0.285317 0.09270507 0.01199996 0.3391168 0.1101857 0.04363244 0.3074265 0.2233583 0.12 0.28847 0.2095857 0.1963675 0.2427051 0.1763355 0.228 0.1969402 0.1430854 0.1963675 0.1779837 0.1293128 0.12 0.1969402 0.1430854 0.04363244 0.2427051 0.1763355 0.01199996 0.28847 0.2095857 0.04363244 0.2233583 0.3074265 0.12 0.2095857 0.28847 0.1963675 0.1763355 0.2427051 0.228 0.1430854 0.1969402 0.1963675 0.1293127 0.1779837 0.12 0.1430854 0.1969402 0.04363244 0.1763355 0.2427051 0.01199996 0.2095857 0.28847 0.04363244 0.1174265 0.3614014 0.12 0.1101858 0.3391168 0.1963675 0.09270513 0.285317 0.228 0.07522445 0.231517 0.1963675 0.06798374 0.2092324 0.12 0.07522445 0.231517 0.04363244 0.09270513 0.285317 0.01199996 0.1101858 0.3391168 0.04363244 0 0.38 0.12 0 0.3565685 0.1963675 0 0.3 0.228 0 0.2434315 0.1963675 0 0.22 0.12 0 0.2434315 0.04363244 0 0.3 0.01199996 0 0.3565685 0.04363244 -0.1174265 0.3614014 0.12 -0.1101858 0.3391168 0.1963675 -0.09270507 0.285317 0.228 -0.07522445 0.231517 0.1963675 -0.06798374 0.2092324 0.12 -0.07522445 0.231517 0.04363244 -0.09270507 0.285317 0.01199996 -0.1101858 0.3391168 0.04363244 -0.2233584 0.3074264 0.12 -0.2095857 0.28847 0.1963675 -0.1763356 0.2427051 0.228 -0.1430854 0.1969401 0.1963675 -0.1293128 0.1779837 0.12 -0.1430854 0.1969401 0.04363244 -0.1763356 0.2427051 0.01199996 -0.2095857 0.28847 0.04363244 -0.3074265 0.2233583 0.12 -0.2884701 0.2095856 0.1963675 -0.2427051 0.1763355 0.228 -0.1969402 0.1430853 0.1963675 -0.1779838 0.1293127 0.12 -0.1969402 0.1430853 0.04363244 -0.2427051 0.1763355 0.01199996 -0.2884701 0.2095856 0.04363244 -0.3614014 0.1174265 0.12 -0.3391168 0.1101858 0.1963675 -0.285317 0.09270507 0.228 -0.231517 0.07522445 0.1963675 -0.2092324 0.06798374 0.12 -0.231517 0.07522445 0.04363244 -0.285317 0.09270507 0.01199996 -0.3391168 0.1101858 0.04363244 -0.38 0 0.12 -0.3565685 0 0.1963675 -0.3 0 0.228 -0.2434315 0 0.1963675 -0.22 0 0.12 -0.2434315 0 0.04363244 -0.3 0 0.01199996 -0.3565685 0 0.04363244 -0.3614015 -0.1174263 0.12 -0.3391169 -0.1101856 0.1963675 -0.285317 -0.09270495 0.228 -0.2315171 -0.07522433 0.1963675 -0.2092325 -0.06798362 0.12 -0.2315171 -0.07522433 0.04363244 -0.285317 -0.09270495 0.01199996 -0.3391169 -0.1101856 0.04363244 -0.3074265 -0.2233583 0.12 -0.2884701 -0.2095856 0.1963675 -0.2427051 -0.1763355 0.228 -0.1969402 -0.1430853 0.1963675 -0.1779838 -0.1293127 0.12 -0.1969402 -0.1430853 0.04363244 -0.2427051 -0.1763355 0.01199996 -0.2884701 -0.2095856 0.04363244 -0.2233584 -0.3074264 0.12 -0.2095857 -0.28847 0.1963675 -0.1763356 -0.2427051 0.228 -0.1430854 -0.1969401 0.1963675 -0.1293128 -0.1779837 0.12 -0.1430854 -0.1969401 0.04363244 -0.1763356 -0.2427051 0.01199996 -0.2095857 -0.28847 0.04363244 -0.1174265 -0.3614014 0.12 -0.1101858 -0.3391168 0.1963675 -0.09270507 -0.285317 0.228 -0.07522445 -0.231517 0.1963675 -0.06798374 -0.2092324 0.12 -0.07522445 -0.231517 0.04363244 -0.09270507 -0.285317 0.01199996 -0.1101858 -0.3391168 0.04363244 0 -0.38 0.12 0 -0.3565685 0.1963675 0 -0.3 0.228 0 -0.2434315 0.1963675 0 -0.22 0.12 0 -0.2434315 0.04363244 0 -0.3 0.01199996 0 -0.3565685 0.04363244 0.1174265 -0.3614014 0.12 0.1101858 -0.3391168 0.1963675 0.09270513 -0.285317 0.228 0.07522445 -0.231517 0.1963675 0.06798374 -0.2092324 0.12 0.07522445 -0.231517 0.04363244 0.09270513 -0.285317 0.01199996 0.1101858 -0.3391168 0.04363244 0.2233582 -0.3074266 0.12 0.2095856 -0.2884702 0.1963675 0.1763354 -0.2427052 0.228 0.1430853 -0.1969403 0.1963675 0.1293126 -0.1779838 0.12 0.1430853 -0.1969403 0.04363244 0.1763354 -0.2427052 0.01199996 0.2095856 -0.2884702 0.04363244 0.3074263 -0.2233585 0.12 0.2884699 -0.2095859 0.1963675 0.242705 -0.1763357 0.228 0.1969401 -0.1430855 0.1963675 0.1779837 -0.1293128 0.12 0.1969401 -0.1430855 0.04363244 0.242705 -0.1763357 0.01199996 0.2884699 -0.2095859 0.04363244 0.3614014 -0.1174266 0.12 0.3391168 -0.1101858 0.1963675 0.285317 -0.09270519 0.228 0.231517 -0.07522451 0.1963675 0.2092324 -0.0679838 0.12 0.231517 -0.07522451 0.04363244 0.285317 -0.09270519 0.01199996 0.3391168 -0.1101858 0.04363244 0 0.22 0.09999996 0 0.22 0.14 0.11 0.1905255 0.09999996 0.11 0.1905255 0.14 0.1905255 0.11 0.09999996 0.1905255 0.11 0.14 0.22 0 0.09999996 0.22 0 0.14 0.1905255 -0.11 0.09999996 0.1905255 -0.11 0.14 0.11 -0.1905255 0.09999996 0.11 -0.1905255 0.14 0 -0.22 0.09999996 0 -0.22 0.14 -0.11 -0.1905255 0.09999996 -0.11 -0.1905255 0.14 -0.1905255 -0.11 0.09999996 -0.1905255 -0.11 0.14 -0.22 0 0.09999996 -0.22 0 0.14 -0.1905255 0.11 0.09999996 -0.1905255 0.11 0.14 -0.11 0.1905255 0.09999996 -0.11 0.1905255 0.14 0.38 0 0.3408 0.3565685 0 0.4171675 0.3 0 0.4488 0.2434315 0 0.4171675 0.22 0 0.3408 0.2434315 0 0.2644324 0.3 0 0.2328 0.3565685 0 0.2644324 0.3614014 0.1174264 0.3408 0.3391168 0.1101857 0.4171675 0.285317 0.09270507 0.4488 0.2315171 0.07522439 0.4171675 0.2092324 0.06798368 0.3408 0.2315171 0.07522439 0.2644324 0.285317 0.09270507 0.2328 0.3391168 0.1101857 0.2644324 0.3074265 0.2233583 0.3408 0.28847 0.2095857 0.4171675 0.2427051 0.1763355 0.4488 0.1969402 0.1430854 0.4171675 0.1779837 0.1293128 0.3408 0.1969402 0.1430854 0.2644324 0.2427051 0.1763355 0.2328 0.28847 0.2095857 0.2644324 0.2233583 0.3074265 0.3408 0.2095857 0.28847 0.4171675 0.1763355 0.2427051 0.4488 0.1430854 0.1969402 0.4171675 0.1293127 0.1779837 0.3408 0.1430854 0.1969402 0.2644324 0.1763355 0.2427051 0.2328 0.2095857 0.28847 0.2644324 0.1174265 0.3614014 0.3408 0.1101858 0.3391168 0.4171675 0.09270513 0.285317 0.4488 0.07522445 0.231517 0.4171675 0.06798374 0.2092324 0.3408 0.07522445 0.231517 0.2644324 0.09270513 0.285317 0.2328 0.1101858 0.3391168 0.2644324 0 0.38 0.3408 0 0.3565685 0.4171675 0 0.3 0.4488 0 0.2434315 0.4171675 0 0.22 0.3408 0 0.2434315 0.2644324 0 0.3 0.2328 0 0.3565685 0.2644324 -0.1174265 0.3614014 0.3408 -0.1101858 0.3391168 0.4171675 -0.09270507 0.285317 0.4488 -0.07522445 0.231517 0.4171675 -0.06798374 0.2092324 0.3408 -0.07522445 0.231517 0.2644324 -0.09270507 0.285317 0.2328 -0.1101858 0.3391168 0.2644324 -0.2233584 0.3074264 0.3408 -0.2095857 0.28847 0.4171675 -0.1763356 0.2427051 0.4488 -0.1430854 0.1969401 0.4171675 -0.1293128 0.1779837 0.3408 -0.1430854 0.1969401 0.2644324 -0.1763356 0.2427051 0.2328 -0.2095857 0.28847 0.2644324 -0.3074265 0.2233583 0.3408 -0.2884701 0.2095856 0.4171675 -0.2427051 0.1763355 0.4488 -0.1969402 0.1430853 0.4171675 -0.1779838 0.1293127 0.3408 -0.1969402 0.1430853 0.2644324 -0.2427051 0.1763355 0.2328 -0.2884701 0.2095856 0.2644324 -0.3614014 0.1174265 0.3408 -0.3391168 0.1101858 0.4171675 -0.285317 0.09270507 0.4488 -0.231517 0.07522445 0.4171675 -0.2092324 0.06798374 0.3408 -0.231517 0.07522445 0.2644324 -0.285317 0.09270507 0.2328 -0.3391168 0.1101858 0.2644324 -0.38 0 0.3408 -0.3565685 0 0.4171675 -0.3 0 0.4488 -0.2434315 0 0.4171675 -0.22 0 0.3408 -0.2434315 0 0.2644324 -0.3 0 0.2328 -0.3565685 0 0.2644324 -0.3614015 -0.1174263 0.3408 -0.3391169 -0.1101856 0.4171675 -0.285317 -0.09270495 0.4488 -0.2315171 -0.07522433 0.4171675 -0.2092325 -0.06798362 0.3408 -0.2315171 -0.07522433 0.2644324 -0.285317 -0.09270495 0.2328 -0.3391169 -0.1101856 0.2644324 -0.3074265 -0.2233583 0.3408 -0.2884701 -0.2095856 0.4171675 -0.2427051 -0.1763355 0.4488 -0.1969402 -0.1430853 0.4171675 -0.1779838 -0.1293127 0.3408 -0.1969402 -0.1430853 0.2644324 -0.2427051 -0.1763355 0.2328 -0.2884701 -0.2095856 0.2644324 -0.2233584 -0.3074264 0.3408 -0.2095857 -0.28847 0.4171675 -0.1763356 -0.2427051 0.4488 -0.1430854 -0.1969401 0.4171675 -0.1293128 -0.1779837 0.3408 -0.1430854 -0.1969401 0.2644324 -0.1763356 -0.2427051 0.2328 -0.2095857 -0.28847 0.2644324 -0.1174265 -0.3614014 0.3408 -0.1101858 -0.3391168 0.4171675 -0.09270507 -0.285317 0.4488 -0.07522445 -0.231517 0.4171675 -0.06798374 -0.2092324 0.3408 -0.07522445 -0.231517 0.2644324 -0.09270507 -0.285317 0.2328 -0.1101858 -0.3391168 0.2644324 0 -0.38 0.3408 0 -0.3565685 0.4171675 0 -0.3 0.4488 0 -0.2434315 0.4171675 0 -0.22 0.3408 0 -0.2434315 0.2644324 0 -0.3 0.2328 0 -0.3565685 0.2644324 0.1174265 -0.3614014 0.3408 0.1101858 -0.3391168 0.4171675 0.09270513 -0.285317 0.4488 0.07522445 -0.231517 0.4171675 0.06798374 -0.2092324 0.3408 0.07522445 -0.231517 0.2644324 0.09270513 -0.285317 0.2328 0.1101858 -0.3391168 0.2644324 0.2233582 -0.3074266 0.3408 0.2095856 -0.2884702 0.4171675 0.1763354 -0.2427052 0.4488 0.1430853 -0.1969403 0.4171675 0.1293126 -0.1779838 0.3408 0.1430853 -0.1969403 0.2644324 0.1763354 -0.2427052 0.2328 0.2095856 -0.2884702 0.2644324 0.3074263 -0.2233585 0.3408 0.2884699 -0.2095859 0.4171675 0.242705 -0.1763357 0.4488 0.1969401 -0.1430855 0.4171675 0.1779837 -0.1293128 0.3408 0.1969401 -0.1430855 0.2644324 0.242705 -0.1763357 0.2328 0.2884699 -0.2095859 0.2644324 0.3614014 -0.1174266 0.3408 0.3391168 -0.1101858 0.4171675 0.285317 -0.09270519 0.4488 0.231517 -0.07522451 0.4171675 0.2092324 -0.0679838 0.3408 0.231517 -0.07522451 0.2644324 0.285317 -0.09270519 0.2328 0.3391168 -0.1101858 0.2644324 0 0.22 0.3208 0 0.22 0.3608 0.11 0.1905255 0.3208 0.11 0.1905255 0.3608 0.1905255 0.11 0.3208 0.1905255 0.11 0.3608 0.22 0 0.3208 0.22 0 0.3608 0.1905255 -0.11 0.3208 0.1905255 -0.11 0.3608 0.11 -0.1905255 0.3208 0.11 -0.1905255 0.3608 0 -0.22 0.3208 0 -0.22 0.3608 -0.11 -0.1905255 0.3208 -0.11 -0.1905255 0.3608 -0.1905255 -0.11 0.3208 -0.1905255 -0.11 0.3608 -0.22 0 0.3208 -0.22 0 0.3608 -0.1905255 0.11 0.3208 -0.1905255 0.11 0.3608 -0.11 0.1905255 0.3208 -0.11 0.1905255 0.3608</float_array>
          <technique_common>
            <accessor source="#tire_stack_2_a800-mesh-positions-array" count="368" stride="3">
              <param name="X" type="float"/>
              <param name="Y" type="float"/>
              <param name="Z" type="float"/>
            </accessor>
          </technique_common>
        </source>
        <source id="tire_stack_2_a800-mesh-normals">
          <float_array id="tire_stack_2_a800-mesh-normals-array" count="2184">0.9452374 0.1497109 0.2900222 0.4866123 0.07707184 0.8702117 -0.4866122 -0.07707178 0.8702118 -0.9452375 -0.1497108 0.2900223 -0.9452374 -0.1497109 -0.2900222 -0.4866122 -0.07707172 -0.8702118 0.4866123 0.07707178 -0.8702117 0.9452374 0.1497109 -0.2900222 0.8527111 0.4344777 0.2900222 0.4389794 0.2236711 0.8702117 -0.4389792 -0.223671 0.8702118 -0.852711 -0.4344779 0.2900223 -0.852711 -0.4344779 -0.2900223 -0.4389792 -0.223671 -0.8702118 0.4389793 0.2236711 -0.8702117 0.8527111 0.4344777 -0.2900222 0.6767151 0.6767155 0.2900221 0.3483757 0.3483759 0.8702117 -0.3483759 -0.3483759 0.8702118 -0.6767152 -0.6767154 0.2900223 -0.6767151 -0.6767154 -0.2900222 -0.3483759 -0.3483759 -0.8702118 0.3483757 0.348376 -0.8702117 0.6767151 0.6767155 -0.2900221 0.4344781 0.8527109 0.2900224 0.2236711 0.4389793 0.8702117 -0.2236711 -0.4389792 0.8702117 -0.4344781 -0.8527109 0.2900223 -0.4344781 -0.8527109 -0.2900223 -0.2236711 -0.4389793 -0.8702117 0.2236711 0.4389792 -0.8702117 0.4344781 0.8527109 -0.2900224 0.1497108 0.9452373 0.2900225 0.07707184 0.4866123 0.8702117 -0.07707184 -0.4866122 0.8702117 -0.1497108 -0.9452373 0.2900223 -0.149711 -0.9452373 -0.2900224 -0.0770719 -0.4866123 -0.8702117 0.0770719 0.4866123 -0.8702117 0.149711 0.9452373 -0.2900225 -0.1497108 0.9452373 0.2900222 -0.0770719 0.4866123 0.8702117 0.07707184 -0.4866123 0.8702118 0.1497109 -0.9452374 0.2900222 0.1497108 -0.9452373 -0.2900222 0.07707184 -0.4866122 -0.8702117 -0.0770719 0.4866123 -0.8702117 -0.1497108 0.9452373 -0.2900222 -0.4344779 0.852711 0.2900224 -0.2236711 0.4389793 0.8702117 0.2236711 -0.4389793 0.8702118 0.434478 -0.852711 0.2900223 0.4344778 -0.852711 -0.2900223 0.2236711 -0.4389793 -0.8702118 -0.223671 0.4389793 -0.8702117 -0.4344779 0.8527109 -0.2900224 -0.6767155 0.676715 0.2900223 -0.348376 0.3483759 0.8702117 0.3483759 -0.3483757 0.8702118 0.6767155 -0.6767151 0.2900223 0.6767154 -0.6767151 -0.2900222 0.3483759 -0.3483758 -0.8702118 -0.348376 0.3483759 -0.8702117 -0.6767155 0.676715 -0.2900223 -0.852711 0.4344779 0.2900221 -0.4389793 0.2236709 0.8702117 0.4389793 -0.2236708 0.8702118 0.8527111 -0.4344777 0.2900223 0.8527111 -0.4344777 -0.2900223 0.4389793 -0.2236709 -0.8702118 -0.4389794 0.223671 -0.8702117 -0.852711 0.4344779 -0.2900221 -0.9452372 0.1497111 0.2900225 -0.4866123 0.0770719 0.8702117 0.4866123 -0.0770719 0.8702117 0.9452373 -0.149711 0.2900223 0.9452373 -0.1497111 -0.2900223 0.4866123 -0.07707184 -0.8702117 -0.4866123 0.07707196 -0.8702117 -0.9452372 0.1497111 -0.2900224 -0.9452375 -0.1497106 0.2900223 -0.4866123 -0.07707166 0.8702117 0.4866122 0.0770716 0.8702118 0.9452375 0.1497106 0.2900223 0.9452375 0.1497106 -0.2900223 0.4866122 0.0770716 -0.8702118 -0.4866123 -0.07707166 -0.8702117 -0.9452375 -0.1497105 -0.2900223 -0.8527112 -0.4344777 0.2900221 -0.4389793 -0.2236709 0.8702118 0.4389793 0.223671 0.8702117 0.8527112 0.4344777 0.2900223 0.8527112 0.4344777 -0.2900223 0.4389793 0.223671 -0.8702117 -0.4389793 -0.2236709 -0.8702118 -0.8527112 -0.4344777 -0.2900221 -0.6767154 -0.6767152 0.2900221 -0.348376 -0.3483759 0.8702117 0.3483759 0.3483757 0.8702118 0.6767154 0.6767151 0.2900223 0.6767154 0.676715 -0.2900223 0.3483759 0.3483757 -0.8702118 -0.348376 -0.3483759 -0.8702117 -0.6767154 -0.6767152 -0.2900221 -0.4344779 -0.8527109 0.2900224 -0.2236711 -0.4389794 0.8702117 0.223671 0.4389792 0.8702118 0.434478 0.852711 0.2900223 0.4344779 0.852711 -0.2900222 0.223671 0.4389793 -0.8702118 -0.2236711 -0.4389794 -0.8702117 -0.4344779 -0.852711 -0.2900223 -0.149711 -0.9452373 0.2900225 -0.0770719 -0.4866123 0.8702117 0.07707178 0.4866123 0.8702117 0.149711 0.9452373 0.2900223 0.149711 0.9452373 -0.2900223 0.07707178 0.4866123 -0.8702117 -0.0770719 -0.4866123 -0.8702117 -0.149711 -0.9452373 -0.2900225 0.1497108 -0.9452373 0.2900222 0.0770719 -0.4866123 0.8702117 -0.07707178 0.4866122 0.8702118 -0.1497108 0.9452373 0.2900222 -0.149711 0.9452373 -0.2900223 -0.07707178 0.4866122 -0.8702118 0.07707184 -0.4866123 -0.8702117 0.149711 -0.9452373 -0.2900222 0.4344778 -0.852711 0.2900225 0.223671 -0.4389793 0.8702118 -0.2236711 0.4389793 0.8702118 -0.434478 0.852711 0.2900223 -0.4344779 0.852711 -0.2900224 -0.2236711 0.4389793 -0.8702117 0.223671 -0.4389793 -0.8702118 0.4344778 -0.852711 -0.2900225 0.676715 -0.6767155 0.2900223 0.3483757 -0.348376 0.8702118 -0.3483756 0.348376 0.8702118 -0.676715 0.6767156 0.290022 -0.676715 0.6767156 -0.290022 -0.3483756 0.348376 -0.8702118 0.3483757 -0.3483761 -0.8702117 0.676715 -0.6767155 -0.2900223 0.8527107 -0.4344784 0.2900221 0.4389792 -0.2236713 0.8702117 -0.4389791 0.2236713 0.8702118 -0.8527108 0.4344783 0.2900223 -0.8527109 0.4344782 -0.2900222 -0.4389791 0.2236713 -0.8702117 0.4389791 -0.2236713 -0.8702117 0.8527109 -0.4344784 -0.2900221 0.9452374 -0.149711 0.2900221 0.4866123 -0.07707184 0.8702117 -0.4866122 0.07707178 0.8702118 -0.9452374 0.1497109 0.2900223 -0.9452374 0.1497109 -0.2900224 -0.4866122 0.07707178 -0.8702117 0.4866123 -0.07707184 -0.8702117 0.9452374 -0.149711 -0.2900221 0.258819 0.9659258 0 0.7071068 0.7071068 0 0.9659258 0.258819 0 0.9659258 -0.258819 0 0.7071068 -0.7071068 0 0.258819 -0.9659258 0 -0.258819 -0.9659258 0 -0.7071068 -0.7071068 0 -0.9659258 -0.258819 0 -0.9659258 0.258819 0 0 0 1 -0.7071068 0.7071068 0 -0.258819 0.9659258 0 0 0 -1 0.9452374 0.149711 0.2900223 0.4866124 0.07707184 0.8702116 -0.4866124 -0.07707178 0.8702117 -0.9452374 -0.1497108 0.2900223 -0.9452374 -0.1497108 -0.2900223 -0.4866124 -0.07707172 -0.8702117 0.4866124 0.07707184 -0.8702116 0.9452374 0.1497109 -0.2900223 0.8527111 0.4344777 0.2900222 0.4389795 0.2236712 0.8702116 -0.4389795 -0.2236711 0.8702117 -0.852711 -0.4344778 0.2900223 -0.852711 -0.4344778 -0.2900223 -0.4389795 -0.2236711 -0.8702117 0.4389795 0.2236712 -0.8702116 0.8527112 0.4344777 -0.2900222 0.6767151 0.6767155 0.2900221 0.3483759 0.3483761 0.8702117 -0.348376 -0.3483761 0.8702116 -0.6767152 -0.6767154 0.2900223 -0.6767151 -0.6767154 -0.2900223 -0.348376 -0.3483761 -0.8702116 0.3483759 0.3483761 -0.8702117 0.6767151 0.6767155 -0.2900221 0.434478 0.8527109 0.2900224 0.2236713 0.4389795 0.8702117 -0.2236712 -0.4389794 0.8702117 -0.4344781 -0.8527109 0.2900223 -0.4344781 -0.8527109 -0.2900224 -0.2236712 -0.4389794 -0.8702117 0.2236713 0.4389794 -0.8702117 0.4344781 0.8527109 -0.2900224 0.1497108 0.9452373 0.2900225 0.0770719 0.4866124 0.8702116 -0.0770719 -0.4866124 0.8702116 -0.1497108 -0.9452373 0.2900224 -0.149711 -0.9452373 -0.2900224 -0.0770719 -0.4866125 -0.8702116 0.0770719 0.4866125 -0.8702116 0.149711 0.9452373 -0.2900226 -0.1497108 0.9452373 0.2900223 -0.0770719 0.4866125 0.8702116 0.0770719 -0.4866124 0.8702116 0.1497108 -0.9452374 0.2900223 0.1497108 -0.9452373 -0.2900223 0.0770719 -0.4866124 -0.8702117 -0.0770719 0.4866125 -0.8702116 -0.149711 0.9452373 -0.2900223 -0.4344779 0.8527109 0.2900224 -0.2236711 0.4389795 0.8702116 0.2236712 -0.4389795 0.8702116 0.4344779 -0.852711 0.2900223 0.4344778 -0.852711 -0.2900223 0.2236711 -0.4389795 -0.8702116 -0.2236711 0.4389795 -0.8702116 -0.4344779 0.8527109 -0.2900225 -0.6767154 0.676715 0.2900224 -0.3483762 0.348376 0.8702116 0.3483761 -0.3483759 0.8702117 0.6767155 -0.676715 0.2900223 0.6767155 -0.676715 -0.2900223 0.3483761 -0.3483759 -0.8702116 -0.3483762 0.348376 -0.8702116 -0.6767155 0.676715 -0.2900223 -0.8527111 0.4344779 0.2900221 -0.4389796 0.223671 0.8702116 0.4389794 -0.223671 0.8702117 0.8527111 -0.4344777 0.2900223 0.852711 -0.4344777 -0.2900223 0.4389794 -0.223671 -0.8702117 -0.4389795 0.223671 -0.8702116 -0.852711 0.4344779 -0.2900221 -0.9452372 0.1497111 0.2900226 -0.4866124 0.07707196 0.8702116 0.4866124 -0.0770719 0.8702116 0.9452373 -0.149711 0.2900224 0.9452373 -0.149711 -0.2900223 0.4866124 -0.07707184 -0.8702116 -0.4866125 0.07707196 -0.8702116 -0.9452372 0.1497111 -0.2900225 -0.9452375 -0.1497106 0.2900223 -0.4866124 -0.07707172 0.8702116 0.4866124 0.0770716 0.8702117 0.9452374 0.1497106 0.2900223 0.9452374 0.1497106 -0.2900223 0.4866124 0.0770716 -0.8702117 -0.4866124 -0.07707172 -0.8702117 -0.9452375 -0.1497105 -0.2900223 -0.8527112 -0.4344776 0.2900221 -0.4389795 -0.223671 0.8702117 0.4389795 0.223671 0.8702116 0.8527112 0.4344776 0.2900223 0.8527111 0.4344776 -0.2900223 0.4389795 0.223671 -0.8702116 -0.4389795 -0.223671 -0.8702117 -0.8527112 -0.4344776 -0.2900221 -0.6767154 -0.6767151 0.2900221 -0.3483762 -0.348376 0.8702116 0.348376 0.3483759 0.8702117 0.6767155 0.676715 0.2900223 0.6767154 0.6767151 -0.2900223 0.348376 0.3483759 -0.8702117 -0.3483761 -0.348376 -0.8702117 -0.6767154 -0.6767151 -0.2900221 -0.4344779 -0.852711 0.2900224 -0.2236712 -0.4389795 0.8702116 0.2236711 0.4389794 0.8702116 0.4344779 0.852711 0.2900223 0.4344779 0.852711 -0.2900222 0.2236711 0.4389794 -0.8702116 -0.2236712 -0.4389795 -0.8702116 -0.4344779 -0.852711 -0.2900224 -0.1497108 -0.9452373 0.2900225 -0.0770719 -0.4866125 0.8702116 0.07707184 0.4866124 0.8702116 0.149711 0.9452373 0.2900223 0.149711 0.9452373 -0.2900223 0.07707184 0.4866125 -0.8702116 -0.0770719 -0.4866125 -0.8702116 -0.149711 -0.9452373 -0.2900225 0.1497108 -0.9452373 0.2900223 0.0770719 -0.4866124 0.8702116 -0.07707178 0.4866124 0.8702117 -0.1497108 0.9452374 0.2900223 -0.149711 0.9452374 -0.2900223 -0.07707178 0.4866124 -0.8702117 0.0770719 -0.4866125 -0.8702116 0.149711 -0.9452373 -0.2900223 0.4344778 -0.852711 0.2900226 0.2236711 -0.4389795 0.8702116 -0.2236711 0.4389793 0.8702116 -0.4344779 0.852711 0.2900224 -0.4344779 0.8527109 -0.2900224 -0.2236712 0.4389795 -0.8702117 0.223671 -0.4389795 -0.8702116 0.4344778 -0.852711 -0.2900226 0.676715 -0.6767155 0.2900223 0.3483759 -0.3483762 0.8702117 -0.3483757 0.3483762 0.8702117 -0.6767148 0.6767157 0.2900221 -0.676715 0.6767156 -0.290022 -0.3483757 0.3483762 -0.8702117 0.3483759 -0.3483762 -0.8702117 0.676715 -0.6767155 -0.2900223 0.8527108 -0.4344784 0.2900221 0.4389793 -0.2236714 0.8702116 -0.4389793 0.2236714 0.8702117 -0.8527109 0.4344782 0.2900222 -0.8527109 0.4344782 -0.2900223 -0.4389793 0.2236713 -0.8702116 0.4389793 -0.2236714 -0.8702116 0.8527109 -0.4344784 -0.2900221 0.9452374 -0.149711 0.2900222 0.4866124 -0.07707184 0.8702116 -0.4866123 0.07707184 0.8702117 -0.9452373 0.1497109 0.2900223 -0.9452373 0.1497111 -0.2900224 -0.4866123 0.07707184 -0.8702116 0.4866124 -0.07707184 -0.8702116 0.9452374 -0.1497109 -0.2900222 0.2588191 0.9659259 0 0.7071068 0.7071068 0 0.9659259 0.2588191 0 0.9659259 -0.2588191 0 0.7071068 -0.7071068 0 0.2588191 -0.9659259 0 -0.2588191 -0.9659259 0 -0.7071068 -0.7071068 0 -0.9659259 -0.2588191 0 -0.9659259 0.2588191 0 0 0 1 -0.7071068 0.7071068 0 -0.2588191 0.9659259 0 0 0 -1 0.9452374 0.149711 0.2900221 0.4866123 0.07707178 0.8702117 -0.4866122 -0.07707172 0.8702117 -0.9452374 -0.1497109 0.2900223 -0.9452374 -0.1497108 -0.2900223 -0.4866123 -0.07707178 -0.8702117 0.4866123 0.07707178 -0.8702117 0.9452374 0.149711 -0.2900221 0.8527111 0.4344778 0.290022 0.4389793 0.223671 0.8702118 -0.4389793 -0.2236711 0.8702117 -0.852711 -0.4344778 0.2900223 -0.852711 -0.4344778 -0.2900223 -0.4389793 -0.2236711 -0.8702117 0.4389793 0.223671 -0.8702118 0.8527111 0.4344778 -0.290022 0.6767152 0.6767153 0.2900224 0.3483759 0.348376 0.8702117 -0.3483759 -0.3483759 0.8702117 -0.6767151 -0.6767153 0.2900223 -0.6767151 -0.6767153 -0.2900223 -0.3483759 -0.3483759 -0.8702117 0.3483759 0.348376 -0.8702117 0.6767152 0.6767153 -0.2900224 0.4344781 0.8527109 0.2900224 0.2236711 0.4389793 0.8702117 -0.2236711 -0.4389792 0.8702117 -0.4344781 -0.8527109 0.2900223 -0.4344781 -0.8527109 -0.2900223 -0.2236711 -0.4389792 -0.8702117 0.2236711 0.4389793 -0.8702117 0.4344781 0.8527109 -0.2900224 0.149711 0.9452373 0.2900222 0.0770719 0.4866123 0.8702117 -0.07707178 -0.4866122 0.8702118 -0.149711 -0.9452374 0.2900223 -0.1497108 -0.9452373 -0.2900222 -0.07707178 -0.4866122 -0.8702118 0.0770719 0.4866123 -0.8702117 0.1497108 0.9452373 -0.2900222 -0.149711 0.9452373 0.2900225 -0.0770719 0.4866123 0.8702117 0.07707178 -0.4866123 0.8702117 0.149711 -0.9452373 0.2900223 0.149711 -0.9452373 -0.2900223 0.07707178 -0.4866123 -0.8702117 -0.0770719 0.4866123 -0.8702117 -0.149711 0.9452373 -0.2900225 -0.4344779 0.8527109 0.2900224 -0.2236711 0.4389794 0.8702117 0.223671 -0.4389793 0.8702118 0.4344779 -0.852711 0.2900222 0.434478 -0.852711 -0.2900222 0.223671 -0.4389793 -0.8702118 -0.2236711 0.4389794 -0.8702117 -0.4344779 0.8527109 -0.2900224 -0.6767154 0.6767152 0.2900221 -0.348376 0.3483759 0.8702117 0.3483759 -0.3483757 0.8702118 0.6767154 -0.676715 0.2900223 0.6767154 -0.676715 -0.2900223 0.3483759 -0.3483757 -0.8702118 -0.348376 0.3483759 -0.8702117 -0.6767154 0.6767152 -0.2900221 -0.8527111 0.4344776 0.2900224 -0.4389794 0.223671 0.8702117 0.4389793 -0.223671 0.8702117 0.852711 -0.4344777 0.2900223 0.852711 -0.4344777 -0.2900223 0.4389793 -0.223671 -0.8702117 -0.4389794 0.223671 -0.8702117 -0.8527111 0.4344776 -0.2900224 -0.9452375 0.1497109 0.2900222 -0.4866123 0.0770719 0.8702117 0.4866122 -0.07707184 0.8702118 0.9452373 -0.1497109 0.2900222 0.9452373 -0.1497109 -0.2900222 0.4866122 -0.0770719 -0.8702118 -0.4866123 0.0770719 -0.8702117 -0.9452375 0.1497109 -0.2900222 -0.9452375 -0.1497105 0.2900221 -0.4866122 -0.0770716 0.8702117 0.4866123 0.07707166 0.8702118 0.9452375 0.1497105 0.2900223 0.9452375 0.1497105 -0.2900223 0.4866123 0.07707166 -0.8702118 -0.4866122 -0.0770716 -0.8702117 -0.9452375 -0.1497106 -0.2900221 -0.8527112 -0.4344777 0.290022 -0.4389794 -0.2236709 0.8702117 0.4389793 0.2236708 0.8702118 0.8527111 0.4344776 0.2900223 0.8527111 0.4344776 -0.2900223 0.4389793 0.2236708 -0.8702118 -0.4389794 -0.2236709 -0.8702117 -0.8527112 -0.4344777 -0.290022 -0.6767155 -0.676715 0.2900223 -0.348376 -0.3483759 0.8702117 0.3483759 0.3483758 0.8702118 0.6767155 0.6767151 0.2900222 0.6767155 0.6767151 -0.2900222 0.3483759 0.3483758 -0.8702118 -0.348376 -0.3483759 -0.8702117 -0.6767155 -0.676715 -0.2900223 -0.4344779 -0.8527109 0.2900224 -0.2236711 -0.4389793 0.8702117 0.2236711 0.4389793 0.8702118 0.4344779 0.852711 0.2900223 0.434478 0.852711 -0.2900223 0.2236711 0.4389793 -0.8702118 -0.2236711 -0.4389793 -0.8702117 -0.4344779 -0.8527109 -0.2900224 -0.1497108 -0.9452373 0.2900222 -0.0770719 -0.4866123 0.8702117 0.07707184 0.4866122 0.8702117 0.1497109 0.9452374 0.2900222 0.1497109 0.9452374 -0.2900222 0.07707184 0.4866122 -0.8702117 -0.0770719 -0.4866123 -0.8702117 -0.1497108 -0.9452373 -0.2900222 0.149711 -0.9452373 0.2900224 0.0770719 -0.4866123 0.8702117 -0.0770719 0.4866123 0.8702117 -0.149711 0.9452373 0.2900224 -0.1497108 0.9452373 -0.2900223 -0.0770719 0.4866123 -0.8702117 0.0770719 -0.4866123 -0.8702117 0.1497108 -0.9452373 -0.2900225 0.4344776 -0.8527112 0.2900223 0.2236709 -0.4389793 0.8702117 -0.223671 0.4389792 0.8702118 -0.4344777 0.8527112 0.290022 -0.4344777 0.8527112 -0.290022 -0.223671 0.4389792 -0.8702118 0.2236709 -0.4389793 -0.8702117 0.4344776 -0.8527112 -0.2900223 0.676715 -0.6767156 0.2900221 0.3483757 -0.3483762 0.8702117 -0.3483757 0.3483761 0.8702117 -0.6767148 0.6767158 0.2900222 -0.6767148 0.6767158 -0.2900222 -0.3483757 0.3483761 -0.8702117 0.3483757 -0.3483762 -0.8702117 0.676715 -0.6767156 -0.2900221 0.8527108 -0.4344784 0.2900222 0.4389792 -0.2236713 0.8702117 -0.438979 0.2236713 0.8702118 -0.8527109 0.4344782 0.2900223 -0.8527107 0.4344783 -0.2900223 -0.4389791 0.2236713 -0.8702118 0.4389792 -0.2236713 -0.8702117 0.8527107 -0.4344784 -0.2900221 0.9452374 -0.149711 0.2900223 0.4866123 -0.07707184 0.8702117 -0.4866122 0.07707178 0.8702118 -0.9452374 0.1497111 0.2900222 -0.9452374 0.1497111 -0.2900222 -0.4866122 0.07707178 -0.8702118 0.4866123 -0.07707184 -0.8702117 0.9452374 -0.149711 -0.2900223 0.258819 0.9659258 0 0.7071068 0.7071068 0 0.9659258 0.258819 0 0.9659258 -0.258819 0 0.7071068 -0.7071068 0 0.258819 -0.9659258 0 -0.258819 -0.9659258 0 -0.7071068 -0.7071068 0 -0.9659258 -0.258819 0 -0.9659258 0.258819 0 0 0 1 0 0 1 0 0 1 0 0 1 0 0 1 0 0 1 0 0 1 0 0 1 0 0 1 -0.7071068 0.7071068 0 -0.258819 0.9659258 0 0 0 -1 0 0 -1 0 0 -1 0 0 -1 0 0 -1 0 0 -1 0 0 -1 0 0 -1 0 0 -1 0.9452374 0.1497109 0.2900222 0.4866125 0.07707184 0.8702116 -0.4866124 -0.07707178 0.8702117 -0.9452374 -0.1497109 0.2900223 -0.9452374 -0.1497109 -0.2900223 -0.4866124 -0.07707178 -0.8702117 0.4866125 0.07707184 -0.8702116 0.9452374 0.149711 -0.2900222 0.8527111 0.4344778 0.2900221 0.4389795 0.223671 0.8702117 -0.4389794 -0.2236711 0.8702116 -0.852711 -0.4344778 0.2900223 -0.852711 -0.4344778 -0.2900223 -0.4389794 -0.2236711 -0.8702116 0.4389795 0.223671 -0.8702117 0.8527111 0.4344778 -0.2900221 0.6767152 0.6767153 0.2900224 0.348376 0.3483762 0.8702116 -0.348376 -0.348376 0.8702116 -0.6767151 -0.6767154 0.2900223 -0.6767151 -0.6767154 -0.2900223 -0.348376 -0.348376 -0.8702116 0.348376 0.3483762 -0.8702116 0.6767152 0.6767153 -0.2900224 0.4344781 0.8527108 0.2900225 0.2236713 0.4389795 0.8702116 -0.2236712 -0.4389794 0.8702116 -0.4344781 -0.8527109 0.2900223 -0.4344781 -0.8527109 -0.2900223 -0.2236712 -0.4389794 -0.8702116 0.2236713 0.4389795 -0.8702116 0.4344781 0.8527108 -0.2900225 0.149711 0.9452373 0.2900223 0.0770719 0.4866125 0.8702116 -0.07707178 -0.4866124 0.8702117 -0.149711 -0.9452374 0.2900223 -0.1497108 -0.9452373 -0.2900223 -0.07707178 -0.4866124 -0.8702117 0.0770719 0.4866124 -0.8702116 0.1497108 0.9452373 -0.2900223 -0.149711 0.9452373 0.2900225 -0.0770719 0.4866125 0.8702116 0.07707184 -0.4866124 0.8702116 0.149711 -0.9452373 0.2900224 0.149711 -0.9452373 -0.2900224 0.07707184 -0.4866124 -0.8702116 -0.0770719 0.4866125 -0.8702116 -0.1497108 0.9452373 -0.2900225 -0.4344779 0.852711 0.2900224 -0.2236712 0.4389795 0.8702116 0.2236711 -0.4389794 0.8702116 0.4344779 -0.852711 0.2900222 0.434478 -0.852711 -0.2900223 0.2236711 -0.4389794 -0.8702116 -0.2236712 0.4389795 -0.8702116 -0.4344779 0.852711 -0.2900224 -0.6767154 0.6767151 0.2900221 -0.3483761 0.348376 0.8702117 0.348376 -0.3483759 0.8702117 0.6767154 -0.6767151 0.2900223 0.6767154 -0.6767151 -0.2900223 0.348376 -0.3483759 -0.8702117 -0.3483761 0.348376 -0.8702117 -0.6767154 0.6767151 -0.2900221 -0.8527111 0.4344776 0.2900225 -0.4389796 0.223671 0.8702116 0.4389795 -0.2236711 0.8702117 0.852711 -0.4344777 0.2900223 0.852711 -0.4344777 -0.2900223 0.4389795 -0.2236711 -0.8702117 -0.4389796 0.223671 -0.8702116 -0.8527111 0.4344776 -0.2900225 -0.9452375 0.1497109 0.2900223 -0.4866124 0.07707196 0.8702116 0.4866124 -0.07707184 0.8702117 0.9452374 -0.149711 0.2900223 0.9452374 -0.149711 -0.2900223 0.4866123 -0.07707196 -0.8702117 -0.4866124 0.07707196 -0.8702116 -0.9452375 0.1497109 -0.2900223 -0.9452375 -0.1497105 0.2900221 -0.4866124 -0.0770716 0.8702117 0.4866124 0.07707172 0.8702117 0.9452374 0.1497105 0.2900223 0.9452374 0.1497105 -0.2900223 0.4866124 0.07707172 -0.8702117 -0.4866124 -0.0770716 -0.8702117 -0.9452375 -0.1497106 -0.2900221 -0.8527111 -0.4344778 0.2900221 -0.4389795 -0.223671 0.8702116 0.4389795 0.223671 0.8702117 0.8527111 0.4344776 0.2900223 0.8527111 0.4344776 -0.2900223 0.4389795 0.223671 -0.8702117 -0.4389795 -0.223671 -0.8702116 -0.8527111 -0.4344778 -0.2900221 -0.6767155 -0.676715 0.2900224 -0.3483762 -0.348376 0.8702116 0.3483761 0.3483759 0.8702116 0.6767155 0.676715 0.2900223 0.6767155 0.676715 -0.2900223 0.3483761 0.3483759 -0.8702116 -0.3483762 -0.348376 -0.8702116 -0.6767155 -0.676715 -0.2900224 -0.4344779 -0.8527109 0.2900225 -0.2236711 -0.4389795 0.8702116 0.2236712 0.4389795 0.8702116 0.4344779 0.852711 0.2900223 0.434478 0.852711 -0.2900223 0.2236712 0.4389795 -0.8702116 -0.2236711 -0.4389795 -0.8702116 -0.4344779 -0.8527109 -0.2900225 -0.149711 -0.9452373 0.2900223 -0.0770719 -0.4866125 0.8702116 0.0770719 0.4866124 0.8702117 0.1497108 0.9452374 0.2900223 0.1497108 0.9452374 -0.2900223 0.0770719 0.4866124 -0.8702117 -0.0770719 -0.4866125 -0.8702116 -0.1497108 -0.9452373 -0.2900223 0.149711 -0.9452373 0.2900225 0.0770719 -0.4866124 0.8702116 -0.0770719 0.4866124 0.8702116 -0.149711 0.9452373 0.2900224 -0.1497108 0.9452373 -0.2900224 -0.0770719 0.4866124 -0.8702116 0.0770719 -0.4866124 -0.8702116 0.1497108 -0.9452373 -0.2900225 0.4344776 -0.8527112 0.2900223 0.223671 -0.4389794 0.8702117 -0.223671 0.4389793 0.8702117 -0.4344777 0.8527112 0.2900221 -0.4344777 0.8527112 -0.2900221 -0.223671 0.4389793 -0.8702117 0.223671 -0.4389794 -0.8702117 0.4344776 -0.8527112 -0.2900223 0.676715 -0.6767156 0.2900221 0.3483759 -0.3483763 0.8702116 -0.3483758 0.3483762 0.8702116 -0.676715 0.6767156 0.2900223 -0.6767148 0.6767157 -0.2900223 -0.3483758 0.3483762 -0.8702116 0.3483759 -0.3483763 -0.8702116 0.676715 -0.6767156 -0.2900221 0.8527107 -0.4344784 0.2900221 0.4389793 -0.2236714 0.8702117 -0.4389793 0.2236713 0.8702117 -0.8527107 0.4344783 0.2900224 -0.8527107 0.4344783 -0.2900224 -0.4389792 0.2236714 -0.8702117 0.4389793 -0.2236714 -0.8702117 0.8527107 -0.4344784 -0.2900221 0.9452374 -0.149711 0.2900223 0.4866124 -0.07707184 0.8702116 -0.4866123 0.07707184 0.8702117 -0.9452374 0.1497111 0.2900223 -0.9452374 0.149711 -0.2900223 -0.4866123 0.07707184 -0.8702117 0.4866124 -0.07707184 -0.8702116 0.9452374 -0.149711 -0.2900223 0.2588191 0.9659259 0 0.7071068 0.7071068 0 0.9659259 0.2588191 0 0.9659259 -0.2588191 0 0.7071068 -0.7071068 0 0.2588191 -0.9659259 0 -0.2588191 -0.9659259 0 -0.7071068 -0.7071068 0 -0.9659259 -0.2588191 0 -0.9659259 0.2588191 0 0 0 1 0 0 1 0 0 1 0 0 1 0 0 1 0 0 1 0 0 1 0 0 1 0 0 1 -0.7071068 0.7071068 0 -0.2588191 0.9659259 0 0 0 -1 0 0 -1 0 0 -1 0 0 -1 0 0 -1 0 0 -1 0 0 -1 0 0 -1 0 0 -1</float_array>
          <technique_common>
            <accessor source="#tire_stack_2_a800-mesh-normals-array" count="728" stride="3">
              <param name="X" type="float"/>
              <param name="Y" type="float"/>
              <param name="Z" type="float"/>
            </accessor>
          </technique_common>
        </source>
        <source id="tire_stack_2_a800-mesh-map-0">
          <float_array id="tire_stack_2_a800-mesh-map-0-array" count="4368">0.55 0.5 0.6 0.625 0.55 0.625 0.6 0.625 0.55 0.75 0.55 0.625 0.6 0.75 0.55 0.875 0.55 0.75 0.6 0.875 0.55 1 0.55 0.875 0.6 0 0.55 0.125 0.55 0 0.6 0.125 0.55 0.25 0.55 0.125 0.55 0.25 0.6 0.375 0.55 0.375 0.6 0.375 0.55 0.5 0.55 0.375 0.6 0.5 0.65 0.625 0.6 0.625 0.6 0.625 0.65 0.75 0.6 0.75 0.6 0.75 0.65 0.875 0.6 0.875 0.65 0.875 0.6 1 0.6 0.875 0.6 0 0.65 0.125 0.6 0.125 0.65 0.125 0.6 0.25 0.6 0.125 0.65 0.25 0.6 0.375 0.6 0.25 0.65 0.375 0.6 0.5 0.6 0.375 0.65 0.5 0.7 0.625 0.65 0.625 0.7 0.625 0.65 0.75 0.65 0.625 0.7 0.75 0.65 0.875 0.65 0.75 0.7 0.875 0.65 1 0.65 0.875 0.65 0 0.7 0.125 0.65 0.125 0.65 0.125 0.7 0.25 0.65 0.25 0.65 0.25 0.7 0.375 0.65 0.375 0.7 0.375 0.65 0.5 0.65 0.375 0.7 0.5 0.75 0.625 0.7 0.625 0.7 0.625 0.75 0.75 0.7 0.75 0.75 0.75 0.7 0.875 0.7 0.75 0.7 0.875 0.75 1 0.7 1 0.75 0 0.7 0.125 0.7 0 0.7 0.125 0.75 0.25 0.7 0.25 0.75 0.25 0.7 0.375 0.7 0.25 0.75 0.375 0.7 0.5 0.7 0.375 0.8 0.5 0.75 0.625 0.75 0.5 0.8 0.625 0.75 0.75 0.75 0.625 0.8 0.75 0.75 0.875 0.75 0.75 0.8 0.875 0.75 1 0.75 0.875 0.8 0 0.75 0.125 0.75 0 0.75 0.125 0.8 0.25 0.75 0.25 0.8 0.25 0.75 0.375 0.75 0.25 0.8 0.375 0.75 0.5 0.75 0.375 0.85 0.5 0.8 0.625 0.8 0.5 0.85 0.625 0.8 0.75 0.8 0.625 0.85 0.75 0.8 0.875 0.8 0.75 0.85 0.875 0.8 1 0.8 0.875 0.8 0 0.85 0.125 0.8 0.125 0.8 0.125 0.85 0.25 0.8 0.25 0.8 0.25 0.85 0.375 0.8 0.375 0.8 0.375 0.85 0.5 0.8 0.5 0.9 0.5 0.85 0.625 0.85 0.5 0.85 0.625 0.9 0.75 0.85 0.75 0.85 0.75 0.9 0.875 0.85 0.875 0.9 0.875 0.85 1 0.85 0.875 0.9 0 0.85 0.125 0.85 0 0.9 0.125 0.85 0.25 0.85 0.125 0.9 0.25 0.85 0.375 0.85 0.25 0.85 0.375 0.9 0.5 0.85 0.5 0.95 0.5 0.9 0.625 0.9 0.5 0.9 0.625 0.95 0.75 0.9 0.75 0.95 0.75 0.9 0.875 0.9 0.75 0.9 0.875 0.95 1 0.9 1 0.95 0 0.9 0.125 0.9 0 0.9 0.125 0.95 0.25 0.9 0.25 0.95 0.25 0.9 0.375 0.9 0.25 0.9 0.375 0.95 0.5 0.9 0.5 1 0.5 0.95 0.625 0.95 0.5 1 0.625 0.95 0.75 0.95 0.625 1 0.75 0.95 0.875 0.95 0.75 0.95 0.875 1 1 0.95 1 1 0 0.95 0.125 0.95 0 0.95 0.125 1 0.25 0.95 0.25 0.95 0.25 1 0.375 0.95 0.375 0.95 0.375 1 0.5 0.95 0.5 0 0.5 0.04999995 0.625 0 0.625 0 0.625 0.04999995 0.75 0 0.75 0.04999995 0.75 0 0.875 0 0.75 0 0.875 0.04999995 1 0 1 0.04999995 0 0 0.125 0 0 0.04999995 0.125 0 0.25 0 0.125 0.04999995 0.25 0 0.375 0 0.25 0.04999995 0.375 0 0.5 0 0.375 0.1 0.5 0.04999995 0.625 0.04999995 0.5 0.04999995 0.625 0.1 0.75 0.04999995 0.75 0.04999995 0.75 0.1 0.875 0.04999995 0.875 0.04999995 0.875 0.1 1 0.04999995 1 0.1 0 0.04999995 0.125 0.04999995 0 0.1 0.125 0.04999995 0.25 0.04999995 0.125 0.1 0.25 0.04999995 0.375 0.04999995 0.25 0.1 0.375 0.04999995 0.5 0.04999995 0.375 0.1 0.5 0.15 0.625 0.1 0.625 0.15 0.625 0.1 0.75 0.1 0.625 0.1 0.75 0.15 0.875 0.1 0.875 0.15 0.875 0.1 1 0.1 0.875 0.1 0 0.15 0.125 0.1 0.125 0.15 0.125 0.1 0.25 0.1 0.125 0.1 0.25 0.15 0.375 0.1 0.375 0.15 0.375 0.1 0.5 0.1 0.375 0.15 0.5 0.2 0.625 0.15 0.625 0.2 0.625 0.15 0.75 0.15 0.625 0.15 0.75 0.2 0.875 0.15 0.875 0.2 0.875 0.15 1 0.15 0.875 0.15 0 0.2 0.125 0.15 0.125 0.2 0.125 0.15 0.25 0.15 0.125 0.15 0.25 0.2 0.375 0.15 0.375 0.2 0.375 0.15 0.5 0.15 0.375 0.2 0.5 0.25 0.625 0.2 0.625 0.25 0.625 0.2 0.75 0.2 0.625 0.25 0.75 0.2 0.875 0.2 0.75 0.25 0.875 0.2 1 0.2 0.875 0.25 0 0.2 0.125 0.2 0 0.2 0.125 0.25 0.25 0.2 0.25 0.2 0.25 0.25 0.375 0.2 0.375 0.25 0.375 0.2 0.5 0.2 0.375 0.25 0.5 0.3 0.625 0.25 0.625 0.25 0.625 0.3 0.75 0.25 0.75 0.25 0.75 0.3 0.875 0.25 0.875 0.25 0.875 0.3 1 0.25 1 0.3 0 0.25 0.125 0.25 0 0.3 0.125 0.25 0.25 0.25 0.125 0.3 0.25 0.25 0.375 0.25 0.25 0.3 0.375 0.25 0.5 0.25 0.375 0.35 0.5 0.3 0.625 0.3 0.5 0.35 0.625 0.3 0.75 0.3 0.625 0.3 0.75 0.35 0.875 0.3 0.875 0.35 0.875 0.3 1 0.3 0.875 0.35 0 0.3 0.125 0.3 0 0.35 0.125 0.3 0.25 0.3 0.125 0.35 0.25 0.3 0.375 0.3 0.25 0.35 0.375 0.3 0.5 0.3 0.375 0.4 0.5 0.35 0.625 0.35 0.5 0.35 0.625 0.4 0.75 0.35 0.75 0.35 0.75 0.4 0.875 0.35 0.875 0.4 0.875 0.35 1 0.35 0.875 0.35 0 0.4 0.125 0.35 0.125 0.4 0.125 0.35 0.25 0.35 0.125 0.4 0.25 0.35 0.375 0.35 0.25 0.35 0.375 0.4 0.5 0.35 0.5 0.45 0.5 0.4 0.625 0.4 0.5 0.45 0.625 0.4 0.75 0.4 0.625 0.4 0.75 0.45 0.875 0.4 0.875 0.4 0.875 0.45 1 0.4 1 0.45 0 0.4 0.125 0.4 0 0.45 0.125 0.4 0.25 0.4 0.125 0.4 0.25 0.45 0.375 0.4 0.375 0.4 0.375 0.45 0.5 0.4 0.5 0.5 0.5 0.45 0.625 0.45 0.5 0.45 0.625 0.5 0.75 0.45 0.75 0.5 0.75 0.45 0.875 0.45 0.75 0.5 0.875 0.45 1 0.45 0.875 0.5 0 0.45 0.125 0.45 0 0.5 0.125 0.45 0.25 0.45 0.125 0.5 0.25 0.45 0.375 0.45 0.25 0.5 0.375 0.45 0.5 0.45 0.375 0.55 0.5 0.5 0.625 0.5 0.5 0.55 0.625 0.5 0.75 0.5 0.625 0.55 0.75 0.5 0.875 0.5 0.75 0.55 0.875 0.5 1 0.5 0.875 0.5 0 0.55 0.125 0.5 0.125 0.5 0.125 0.55 0.25 0.5 0.25 0.5 0.25 0.55 0.375 0.5 0.375 0.55 0.375 0.5 0.5 0.5 0.375 0.5028243 0.4309452 0.5493506 0.3162305 0.5493506 0.4309452 0.5028243 0.3162305 0.5493506 0.1837694 0.5493506 0.3162305 0.5028243 0.1837694 0.5493507 0.06905478 0.5493506 0.1837694 0.5028243 0.06905478 0.5493507 0.002824187 0.5493507 0.06905478 0.5028242 0.8647147 0.5493506 0.75 0.5493506 0.8647147 0.5028242 0.75 0.5493506 0.6175389 0.5493506 0.75 0.5028242 0.6175389 0.5493506 0.5028242 0.5493506 0.6175389 0.5028243 0.5028242 0.5493506 0.4365936 0.5493506 0.5028242 0.5549991 0.4309452 0.6015254 0.3647147 0.6015254 0.4309452 0.5549991 0.3647147 0.6015255 0.25 0.6015254 0.3647147 0.06905472 0.06905478 0.4971758 0.1837694 0.1837694 0.4971758 0.5549991 0.25 0.6015255 0.1175389 0.6015255 0.25 0.5549991 0.1175389 0.6015255 0.002824187 0.6015255 0.1175389 0.1837694 0.5028242 0.4971758 0.8162305 0.06905478 0.9309452 0.6 0.5 0.55 0.625 0.55 0.5 0.6 0.625 0.55 0.75 0.55 0.625 0.6 0.75 0.55 0.875 0.55 0.75 0.6 0.875 0.55 1 0.55 0.875 0.55 0 0.6 0.125 0.55 0.125 0.6 0.125 0.55 0.25 0.55 0.125 0.55 0.25 0.6 0.375 0.55 0.375 0.6 0.375 0.55 0.5 0.55 0.375 0.6 0.5 0.65 0.625 0.6 0.625 0.6 0.625 0.65 0.75 0.6 0.75 0.6 0.75 0.65 0.875 0.6 0.875 0.65 0.875 0.6 1 0.6 0.875 0.6 0 0.65 0.125 0.6 0.125 0.65 0.125 0.6 0.25 0.6 0.125 0.65 0.25 0.6 0.375 0.6 0.25 0.65 0.375 0.6 0.5 0.6 0.375 0.65 0.5 0.7 0.625 0.65 0.625 0.7 0.625 0.65 0.75 0.65 0.625 0.7 0.75 0.65 0.875 0.65 0.75 0.7 0.875 0.65 1 0.65 0.875 0.65 0 0.7 0.125 0.65 0.125 0.65 0.125 0.7 0.25 0.65 0.25 0.65 0.25 0.7 0.375 0.65 0.375 0.7 0.375 0.65 0.5 0.65 0.375 0.7 0.5 0.75 0.625 0.7 0.625 0.7 0.625 0.75 0.75 0.7 0.75 0.75 0.75 0.7 0.875 0.7 0.75 0.7 0.875 0.75 1 0.7 1 0.75 0 0.7 0.125 0.7 0 0.7 0.125 0.75 0.25 0.7 0.25 0.75 0.25 0.7 0.375 0.7 0.25 0.75 0.375 0.7 0.5 0.7 0.375 0.8 0.5 0.75 0.625 0.75 0.5 0.8 0.625 0.75 0.75 0.75 0.625 0.8 0.75 0.75 0.875 0.75 0.75 0.8 0.875 0.75 1 0.75 0.875 0.8 0 0.75 0.125 0.75 0 0.75 0.125 0.8 0.25 0.75 0.25 0.8 0.25 0.75 0.375 0.75 0.25 0.8 0.375 0.75 0.5 0.75 0.375 0.85 0.5 0.8 0.625 0.8 0.5 0.85 0.625 0.8 0.75 0.8 0.625 0.85 0.75 0.8 0.875 0.8 0.75 0.85 0.875 0.8 1 0.8 0.875 0.8 0 0.85 0.125 0.8 0.125 0.8 0.125 0.85 0.25 0.8 0.25 0.8 0.25 0.85 0.375 0.8 0.375 0.85 0.375 0.8 0.5 0.8 0.375 0.9 0.5 0.85 0.625 0.85 0.5 0.85 0.625 0.9 0.75 0.85 0.75 0.85 0.75 0.9 0.875 0.85 0.875 0.9 0.875 0.85 1 0.85 0.875 0.9 0 0.85 0.125 0.85 0 0.9 0.125 0.85 0.25 0.85 0.125 0.9 0.25 0.85 0.375 0.85 0.25 0.85 0.375 0.9 0.5 0.85 0.5 0.95 0.5 0.9 0.625 0.9 0.5 0.9 0.625 0.95 0.75 0.9 0.75 0.95 0.75 0.9 0.875 0.9 0.75 0.9 0.875 0.95 1 0.9 1 0.95 0 0.9 0.125 0.9 0 0.9 0.125 0.95 0.25 0.9 0.25 0.95 0.25 0.9 0.375 0.9 0.25 0.9 0.375 0.95 0.5 0.9 0.5 1 0.5 0.95 0.625 0.95 0.5 1 0.625 0.95 0.75 0.95 0.625 1 0.75 0.95 0.875 0.95 0.75 0.95 0.875 1 1 0.95 1 1 0 0.95 0.125 0.95 0 0.95 0.125 1 0.25 0.95 0.25 0.95 0.25 1 0.375 0.95 0.375 0.95 0.375 1 0.5 0.95 0.5 0 0.5 0.04999995 0.625 0 0.625 0 0.625 0.04999995 0.75 0 0.75 0.04999995 0.75 0 0.875 0 0.75 0 0.875 0.04999995 1 0 1 0.04999995 0 0 0.125 0 0 0.04999995 0.125 0 0.25 0 0.125 0.04999995 0.25 0 0.375 0 0.25 0.04999995 0.375 0 0.5 0 0.375 0.1 0.5 0.04999995 0.625 0.04999995 0.5 0.04999995 0.625 0.1 0.75 0.04999995 0.75 0.04999995 0.75 0.1 0.875 0.04999995 0.875 0.04999995 0.875 0.1 1 0.04999995 1 0.1 0 0.04999995 0.125 0.04999995 0 0.1 0.125 0.04999995 0.25 0.04999995 0.125 0.1 0.25 0.04999995 0.375 0.04999995 0.25 0.1 0.375 0.04999995 0.5 0.04999995 0.375 0.1 0.5 0.15 0.625 0.1 0.625 0.15 0.625 0.1 0.75 0.1 0.625 0.1 0.75 0.15 0.875 0.1 0.875 0.15 0.875 0.1 1 0.1 0.875 0.15 0 0.1 0.125 0.1 0 0.15 0.125 0.1 0.25 0.1 0.125 0.1 0.25 0.15 0.375 0.1 0.375 0.15 0.375 0.1 0.5 0.1 0.375 0.15 0.5 0.2 0.625 0.15 0.625 0.2 0.625 0.15 0.75 0.15 0.625 0.15 0.75 0.2 0.875 0.15 0.875 0.2 0.875 0.15 1 0.15 0.875 0.15 0 0.2 0.125 0.15 0.125 0.2 0.125 0.15 0.25 0.15 0.125 0.15 0.25 0.2 0.375 0.15 0.375 0.2 0.375 0.15 0.5 0.15 0.375 0.2 0.5 0.25 0.625 0.2 0.625 0.25 0.625 0.2 0.75 0.2 0.625 0.25 0.75 0.2 0.875 0.2 0.75 0.25 0.875 0.2 1 0.2 0.875 0.25 0 0.2 0.125 0.2 0 0.2 0.125 0.25 0.25 0.2 0.25 0.2 0.25 0.25 0.375 0.2 0.375 0.25 0.375 0.2 0.5 0.2 0.375 0.3 0.5 0.25 0.625 0.25 0.5 0.25 0.625 0.3 0.75 0.25 0.75 0.25 0.75 0.3 0.875 0.25 0.875 0.25 0.875 0.3 1 0.25 1 0.3 0 0.25 0.125 0.25 0 0.3 0.125 0.25 0.25 0.25 0.125 0.3 0.25 0.25 0.375 0.25 0.25 0.3 0.375 0.25 0.5 0.25 0.375 0.35 0.5 0.3 0.625 0.3 0.5 0.35 0.625 0.3 0.75 0.3 0.625 0.3 0.75 0.35 0.875 0.3 0.875 0.35 0.875 0.3 1 0.3 0.875 0.35 0 0.3 0.125 0.3 0 0.35 0.125 0.3 0.25 0.3 0.125 0.35 0.25 0.3 0.375 0.3 0.25 0.35 0.375 0.3 0.5 0.3 0.375 0.4 0.5 0.35 0.625 0.35 0.5 0.35 0.625 0.4 0.75 0.35 0.75 0.35 0.75 0.4 0.875 0.35 0.875 0.4 0.875 0.35 1 0.35 0.875 0.35 0 0.4 0.125 0.35 0.125 0.4 0.125 0.35 0.25 0.35 0.125 0.4 0.25 0.35 0.375 0.35 0.25 0.35 0.375 0.4 0.5 0.35 0.5 0.45 0.5 0.4 0.625 0.4 0.5 0.45 0.625 0.4 0.75 0.4 0.625 0.4 0.75 0.45 0.875 0.4 0.875 0.45 0.875 0.4 1 0.4 0.875 0.45 0 0.4 0.125 0.4 0 0.45 0.125 0.4 0.25 0.4 0.125 0.4 0.25 0.45 0.375 0.4 0.375 0.4 0.375 0.45 0.5 0.4 0.5 0.45 0.5 0.5 0.625 0.45 0.625 0.45 0.625 0.5 0.75 0.45 0.75 0.5 0.75 0.45 0.875 0.45 0.75 0.45 0.875 0.5 1 0.45 1 0.5 0 0.45 0.125 0.45 0 0.5 0.125 0.45 0.25 0.45 0.125 0.5 0.25 0.45 0.375 0.45 0.25 0.5 0.375 0.45 0.5 0.45 0.375 0.55 0.5 0.5 0.625 0.5 0.5 0.55 0.625 0.5 0.75 0.5 0.625 0.55 0.75 0.5 0.875 0.5 0.75 0.55 0.875 0.5 1 0.5 0.875 0.55 0 0.5 0.125 0.5 0 0.5 0.125 0.55 0.25 0.5 0.25 0.5 0.25 0.55 0.375 0.5 0.375 0.55 0.375 0.5 0.5 0.5 0.375 0.5028243 0.4309452 0.5493506 0.3162305 0.5493506 0.4309452 0.5028243 0.3162305 0.5493506 0.1837694 0.5493506 0.3162305 0.5028243 0.1837694 0.5493507 0.06905478 0.5493506 0.1837694 0.5028243 0.06905478 0.5493507 0.002824187 0.5493507 0.06905478 0.5028242 0.8647147 0.5493506 0.75 0.5493506 0.8647147 0.5028242 0.75 0.5493506 0.6175389 0.5493506 0.75 0.5028242 0.6175389 0.5493506 0.5028242 0.5493506 0.6175389 0.5028243 0.5028242 0.5493506 0.4365936 0.5493506 0.5028242 0.5549991 0.4309452 0.6015254 0.3647147 0.6015254 0.4309452 0.5549991 0.3647147 0.6015255 0.25 0.6015254 0.3647147 0.06905472 0.06905478 0.4971758 0.1837694 0.1837694 0.4971758 0.5549991 0.25 0.6015255 0.1175389 0.6015255 0.25 0.5549991 0.1175389 0.6015255 0.002824187 0.6015255 0.1175389 0.1837694 0.5028242 0.4971758 0.8162305 0.06905478 0.9309452 0.55 0.5 0.6 0.5 0.6 0.625 0.6 0.625 0.6 0.75 0.55 0.75 0.6 0.75 0.6 0.875 0.55 0.875 0.6 0.875 0.6 1 0.55 1 0.6 0 0.6 0.125 0.55 0.125 0.6 0.125 0.6 0.25 0.55 0.25 0.55 0.25 0.6 0.25 0.6 0.375 0.6 0.375 0.6 0.5 0.55 0.5 0.6 0.5 0.65 0.5 0.65 0.625 0.6 0.625 0.65 0.625 0.65 0.75 0.6 0.75 0.65 0.75 0.65 0.875 0.65 0.875 0.65 1 0.6 1 0.6 0 0.65 0 0.65 0.125 0.65 0.125 0.65 0.25 0.6 0.25 0.65 0.25 0.65 0.375 0.6 0.375 0.65 0.375 0.65 0.5 0.6 0.5 0.65 0.5 0.7 0.5 0.7 0.625 0.7 0.625 0.7 0.75 0.65 0.75 0.7 0.75 0.7 0.875 0.65 0.875 0.7 0.875 0.7 1 0.65 1 0.65 0 0.7 0 0.7 0.125 0.65 0.125 0.7 0.125 0.7 0.25 0.65 0.25 0.7 0.25 0.7 0.375 0.7 0.375 0.7 0.5 0.65 0.5 0.7 0.5 0.75 0.5 0.75 0.625 0.7 0.625 0.75 0.625 0.75 0.75 0.75 0.75 0.75 0.875 0.7 0.875 0.7 0.875 0.75 0.875 0.75 1 0.75 0 0.75 0.125 0.7 0.125 0.7 0.125 0.75 0.125 0.75 0.25 0.75 0.25 0.75 0.375 0.7 0.375 0.75 0.375 0.75 0.5 0.7 0.5 0.8 0.5 0.8 0.625 0.75 0.625 0.8 0.625 0.8 0.75 0.75 0.75 0.8 0.75 0.8 0.875 0.75 0.875 0.8 0.875 0.8 1 0.75 1 0.8 0 0.8 0.125 0.75 0.125 0.75 0.125 0.8 0.125 0.8 0.25 0.8 0.25 0.8 0.375 0.75 0.375 0.8 0.375 0.8 0.5 0.75 0.5 0.85 0.5 0.85 0.625 0.8 0.625 0.85 0.625 0.85 0.75 0.8 0.75 0.85 0.75 0.85 0.875 0.8 0.875 0.85 0.875 0.85 1 0.8 1 0.8 0 0.85 0 0.85 0.125 0.8 0.125 0.85 0.125 0.85 0.25 0.8 0.25 0.85 0.25 0.85 0.375 0.8 0.375 0.85 0.375 0.85 0.5 0.9 0.5 0.9 0.625 0.85 0.625 0.85 0.625 0.9 0.625 0.9 0.75 0.85 0.75 0.9 0.75 0.9 0.875 0.9 0.875 0.9 1 0.85 1 0.9 0 0.9 0.125 0.85 0.125 0.9 0.125 0.9 0.25 0.85 0.25 0.9 0.25 0.9 0.375 0.85 0.375 0.85 0.375 0.9 0.375 0.9 0.5 0.95 0.5 0.95 0.625 0.9 0.625 0.9 0.625 0.95 0.625 0.95 0.75 0.95 0.75 0.95 0.875 0.9 0.875 0.9 0.875 0.95 0.875 0.95 1 0.95 0 0.95 0.125 0.9 0.125 0.9 0.125 0.95 0.125 0.95 0.25 0.95 0.25 0.95 0.375 0.9 0.375 0.9 0.375 0.95 0.375 0.95 0.5 1 0.5 1 0.625 0.95 0.625 1 0.625 1 0.75 0.95 0.75 1 0.75 1 0.875 0.95 0.875 0.95 0.875 1 0.875 1 1 1 0 1 0.125 0.95 0.125 0.95 0.125 1 0.125 1 0.25 0.95 0.25 1 0.25 1 0.375 0.95 0.375 1 0.375 1 0.5 0 0.5 0.04999995 0.5 0.04999995 0.625 0 0.625 0.04999995 0.625 0.04999995 0.75 0.04999995 0.75 0.04999995 0.875 0 0.875 0 0.875 0.04999995 0.875 0.04999995 1 0.04999995 0 0.04999995 0.125 0 0.125 0.04999995 0.125 0.04999995 0.25 0 0.25 0.04999995 0.25 0.04999995 0.375 0 0.375 0.04999995 0.375 0.04999995 0.5 0 0.5 0.1 0.5 0.1 0.625 0.04999995 0.625 0.04999995 0.625 0.1 0.625 0.1 0.75 0.04999995 0.75 0.1 0.75 0.1 0.875 0.04999995 0.875 0.1 0.875 0.1 1 0.1 0 0.1 0.125 0.04999995 0.125 0.1 0.125 0.1 0.25 0.04999995 0.25 0.1 0.25 0.1 0.375 0.04999995 0.375 0.1 0.375 0.1 0.5 0.04999995 0.5 0.1 0.5 0.15 0.5 0.15 0.625 0.15 0.625 0.15 0.75 0.1 0.75 0.1 0.75 0.15 0.75 0.15 0.875 0.15 0.875 0.15 1 0.1 1 0.1 0 0.15 0 0.15 0.125 0.15 0.125 0.15 0.25 0.1 0.25 0.1 0.25 0.15 0.25 0.15 0.375 0.15 0.375 0.15 0.5 0.1 0.5 0.15 0.5 0.2 0.5 0.2 0.625 0.2 0.625 0.2 0.75 0.15 0.75 0.15 0.75 0.2 0.75 0.2 0.875 0.2 0.875 0.2 1 0.15 1 0.15 0 0.2 0 0.2 0.125 0.2 0.125 0.2 0.25 0.15 0.25 0.15 0.25 0.2 0.25 0.2 0.375 0.2 0.375 0.2 0.5 0.15 0.5 0.2 0.5 0.25 0.5 0.25 0.625 0.25 0.625 0.25 0.75 0.2 0.75 0.25 0.75 0.25 0.875 0.2 0.875 0.25 0.875 0.25 1 0.2 1 0.25 0 0.25 0.125 0.2 0.125 0.2 0.125 0.25 0.125 0.25 0.25 0.2 0.25 0.25 0.25 0.25 0.375 0.25 0.375 0.25 0.5 0.2 0.5 0.25 0.5 0.3 0.5 0.3 0.625 0.25 0.625 0.3 0.625 0.3 0.75 0.25 0.75 0.3 0.75 0.3 0.875 0.25 0.875 0.3 0.875 0.3 1 0.3 0 0.3 0.125 0.25 0.125 0.3 0.125 0.3 0.25 0.25 0.25 0.3 0.25 0.3 0.375 0.25 0.375 0.3 0.375 0.3 0.5 0.25 0.5 0.35 0.5 0.35 0.625 0.3 0.625 0.35 0.625 0.35 0.75 0.3 0.75 0.3 0.75 0.35 0.75 0.35 0.875 0.35 0.875 0.35 1 0.3 1 0.35 0 0.35 0.125 0.3 0.125 0.35 0.125 0.35 0.25 0.3 0.25 0.35 0.25 0.35 0.375 0.3 0.375 0.35 0.375 0.35 0.5 0.3 0.5 0.4 0.5 0.4 0.625 0.35 0.625 0.35 0.625 0.4 0.625 0.4 0.75 0.35 0.75 0.4 0.75 0.4 0.875 0.4 0.875 0.4 1 0.35 1 0.35 0 0.4 0 0.4 0.125 0.4 0.125 0.4 0.25 0.35 0.25 0.4 0.25 0.4 0.375 0.35 0.375 0.35 0.375 0.4 0.375 0.4 0.5 0.45 0.5 0.45 0.625 0.4 0.625 0.45 0.625 0.45 0.75 0.4 0.75 0.4 0.75 0.45 0.75 0.45 0.875 0.4 0.875 0.45 0.875 0.45 1 0.45 0 0.45 0.125 0.4 0.125 0.45 0.125 0.45 0.25 0.4 0.25 0.4 0.25 0.45 0.25 0.45 0.375 0.4 0.375 0.45 0.375 0.45 0.5 0.5 0.5 0.5 0.625 0.45 0.625 0.45 0.625 0.5 0.625 0.5 0.75 0.5 0.75 0.5 0.875 0.45 0.875 0.5 0.875 0.5 1 0.45 1 0.5 0 0.5 0.125 0.45 0.125 0.5 0.125 0.5 0.25 0.45 0.25 0.5 0.25 0.5 0.375 0.45 0.375 0.5 0.375 0.5 0.5 0.45 0.5 0.55 0.5 0.55 0.625 0.5 0.625 0.55 0.625 0.55 0.75 0.5 0.75 0.55 0.75 0.55 0.875 0.5 0.875 0.55 0.875 0.55 1 0.5 1 0.5 0 0.55 0 0.55 0.125 0.5 0.125 0.55 0.125 0.55 0.25 0.5 0.25 0.55 0.25 0.55 0.375 0.55 0.375 0.55 0.5 0.5 0.5 0.5028243 0.4309452 0.5028243 0.3162305 0.5493506 0.3162305 0.5028243 0.3162305 0.5028243 0.1837694 0.5493506 0.1837694 0.5028243 0.1837694 0.5028243 0.06905478 0.5493507 0.06905478 0.5028243 0.06905478 0.5028243 0.002824187 0.5493507 0.002824187 0.5028242 0.8647147 0.5028242 0.75 0.5493506 0.75 0.5028242 0.75 0.5028242 0.6175389 0.5493506 0.6175389 0.5028242 0.6175389 0.5028243 0.5028242 0.5493506 0.5028242 0.5028243 0.5028242 0.5028243 0.4365936 0.5493506 0.4365936 0.5549991 0.4309452 0.5549991 0.3647147 0.6015254 0.3647147 0.5549991 0.3647147 0.5549991 0.25 0.6015255 0.25 0.1837694 0.4971758 0.06905478 0.4309452 0.002824187 0.3162305 0.002824187 0.3162305 0.002824187 0.1837694 0.06905472 0.06905478 0.06905472 0.06905478 0.1837694 0.002824187 0.3162305 0.002824187 0.3162305 0.002824187 0.4309452 0.06905472 0.4971758 0.1837694 0.4971758 0.1837694 0.4971758 0.3162305 0.4309452 0.4309452 0.4309452 0.4309452 0.3162305 0.4971758 0.1837694 0.4971758 0.1837694 0.4971758 0.002824187 0.3162305 0.06905472 0.06905478 0.06905472 0.06905478 0.3162305 0.002824187 0.4971758 0.1837694 0.4971758 0.1837694 0.4309452 0.4309452 0.1837694 0.4971758 0.5549991 0.25 0.5549991 0.1175389 0.6015255 0.1175389 0.5549991 0.1175389 0.5549991 0.002824187 0.6015255 0.002824187 0.06905478 0.9309452 0.002824187 0.8162305 0.002824187 0.6837695 0.002824187 0.6837695 0.06905472 0.5690548 0.1837694 0.5028242 0.1837694 0.5028242 0.3162305 0.5028242 0.4309452 0.5690547 0.4309452 0.5690547 0.4971758 0.6837694 0.4971758 0.8162305 0.4971758 0.8162305 0.4309452 0.9309452 0.3162305 0.9971758 0.3162305 0.9971758 0.1837694 0.9971758 0.06905478 0.9309452 0.06905478 0.9309452 0.002824187 0.6837695 0.1837694 0.5028242 0.1837694 0.5028242 0.4309452 0.5690547 0.4971758 0.8162305 0.4971758 0.8162305 0.3162305 0.9971758 0.06905478 0.9309452 0.6 0.5 0.6 0.625 0.55 0.625 0.6 0.625 0.6 0.75 0.55 0.75 0.6 0.75 0.6 0.875 0.55 0.875 0.6 0.875 0.6 1 0.55 1 0.55 0 0.6 0 0.6 0.125 0.6 0.125 0.6 0.25 0.55 0.25 0.55 0.25 0.6 0.25 0.6 0.375 0.6 0.375 0.6 0.5 0.55 0.5 0.6 0.5 0.65 0.5 0.65 0.625 0.6 0.625 0.65 0.625 0.65 0.75 0.6 0.75 0.65 0.75 0.65 0.875 0.65 0.875 0.65 1 0.6 1 0.6 0 0.65 0 0.65 0.125 0.65 0.125 0.65 0.25 0.6 0.25 0.65 0.25 0.65 0.375 0.6 0.375 0.65 0.375 0.65 0.5 0.6 0.5 0.65 0.5 0.7 0.5 0.7 0.625 0.7 0.625 0.7 0.75 0.65 0.75 0.7 0.75 0.7 0.875 0.65 0.875 0.7 0.875 0.7 1 0.65 1 0.65 0 0.7 0 0.7 0.125 0.65 0.125 0.7 0.125 0.7 0.25 0.65 0.25 0.7 0.25 0.7 0.375 0.7 0.375 0.7 0.5 0.65 0.5 0.7 0.5 0.75 0.5 0.75 0.625 0.7 0.625 0.75 0.625 0.75 0.75 0.75 0.75 0.75 0.875 0.7 0.875 0.7 0.875 0.75 0.875 0.75 1 0.75 0 0.75 0.125 0.7 0.125 0.7 0.125 0.75 0.125 0.75 0.25 0.75 0.25 0.75 0.375 0.7 0.375 0.75 0.375 0.75 0.5 0.7 0.5 0.8 0.5 0.8 0.625 0.75 0.625 0.8 0.625 0.8 0.75 0.75 0.75 0.8 0.75 0.8 0.875 0.75 0.875 0.8 0.875 0.8 1 0.75 1 0.8 0 0.8 0.125 0.75 0.125 0.75 0.125 0.8 0.125 0.8 0.25 0.8 0.25 0.8 0.375 0.75 0.375 0.8 0.375 0.8 0.5 0.75 0.5 0.85 0.5 0.85 0.625 0.8 0.625 0.85 0.625 0.85 0.75 0.8 0.75 0.85 0.75 0.85 0.875 0.8 0.875 0.85 0.875 0.85 1 0.8 1 0.8 0 0.85 0 0.85 0.125 0.8 0.125 0.85 0.125 0.85 0.25 0.8 0.25 0.85 0.25 0.85 0.375 0.85 0.375 0.85 0.5 0.8 0.5 0.9 0.5 0.9 0.625 0.85 0.625 0.85 0.625 0.9 0.625 0.9 0.75 0.85 0.75 0.9 0.75 0.9 0.875 0.9 0.875 0.9 1 0.85 1 0.9 0 0.9 0.125 0.85 0.125 0.9 0.125 0.9 0.25 0.85 0.25 0.9 0.25 0.9 0.375 0.85 0.375 0.85 0.375 0.9 0.375 0.9 0.5 0.95 0.5 0.95 0.625 0.9 0.625 0.9 0.625 0.95 0.625 0.95 0.75 0.95 0.75 0.95 0.875 0.9 0.875 0.9 0.875 0.95 0.875 0.95 1 0.95 0 0.95 0.125 0.9 0.125 0.9 0.125 0.95 0.125 0.95 0.25 0.95 0.25 0.95 0.375 0.9 0.375 0.9 0.375 0.95 0.375 0.95 0.5 1 0.5 1 0.625 0.95 0.625 1 0.625 1 0.75 0.95 0.75 1 0.75 1 0.875 0.95 0.875 0.95 0.875 1 0.875 1 1 1 0 1 0.125 0.95 0.125 0.95 0.125 1 0.125 1 0.25 0.95 0.25 1 0.25 1 0.375 0.95 0.375 1 0.375 1 0.5 0 0.5 0.04999995 0.5 0.04999995 0.625 0 0.625 0.04999995 0.625 0.04999995 0.75 0.04999995 0.75 0.04999995 0.875 0 0.875 0 0.875 0.04999995 0.875 0.04999995 1 0.04999995 0 0.04999995 0.125 0 0.125 0.04999995 0.125 0.04999995 0.25 0 0.25 0.04999995 0.25 0.04999995 0.375 0 0.375 0.04999995 0.375 0.04999995 0.5 0 0.5 0.1 0.5 0.1 0.625 0.04999995 0.625 0.04999995 0.625 0.1 0.625 0.1 0.75 0.04999995 0.75 0.1 0.75 0.1 0.875 0.04999995 0.875 0.1 0.875 0.1 1 0.1 0 0.1 0.125 0.04999995 0.125 0.1 0.125 0.1 0.25 0.04999995 0.25 0.1 0.25 0.1 0.375 0.04999995 0.375 0.1 0.375 0.1 0.5 0.04999995 0.5 0.1 0.5 0.15 0.5 0.15 0.625 0.15 0.625 0.15 0.75 0.1 0.75 0.1 0.75 0.15 0.75 0.15 0.875 0.15 0.875 0.15 1 0.1 1 0.15 0 0.15 0.125 0.1 0.125 0.15 0.125 0.15 0.25 0.1 0.25 0.1 0.25 0.15 0.25 0.15 0.375 0.15 0.375 0.15 0.5 0.1 0.5 0.15 0.5 0.2 0.5 0.2 0.625 0.2 0.625 0.2 0.75 0.15 0.75 0.15 0.75 0.2 0.75 0.2 0.875 0.2 0.875 0.2 1 0.15 1 0.15 0 0.2 0 0.2 0.125 0.2 0.125 0.2 0.25 0.15 0.25 0.15 0.25 0.2 0.25 0.2 0.375 0.2 0.375 0.2 0.5 0.15 0.5 0.2 0.5 0.25 0.5 0.25 0.625 0.25 0.625 0.25 0.75 0.2 0.75 0.25 0.75 0.25 0.875 0.2 0.875 0.25 0.875 0.25 1 0.2 1 0.25 0 0.25 0.125 0.2 0.125 0.2 0.125 0.25 0.125 0.25 0.25 0.2 0.25 0.25 0.25 0.25 0.375 0.25 0.375 0.25 0.5 0.2 0.5 0.3 0.5 0.3 0.625 0.25 0.625 0.25 0.625 0.3 0.625 0.3 0.75 0.25 0.75 0.3 0.75 0.3 0.875 0.25 0.875 0.3 0.875 0.3 1 0.3 0 0.3 0.125 0.25 0.125 0.3 0.125 0.3 0.25 0.25 0.25 0.3 0.25 0.3 0.375 0.25 0.375 0.3 0.375 0.3 0.5 0.25 0.5 0.35 0.5 0.35 0.625 0.3 0.625 0.35 0.625 0.35 0.75 0.3 0.75 0.3 0.75 0.35 0.75 0.35 0.875 0.35 0.875 0.35 1 0.3 1 0.35 0 0.35 0.125 0.3 0.125 0.35 0.125 0.35 0.25 0.3 0.25 0.35 0.25 0.35 0.375 0.3 0.375 0.35 0.375 0.35 0.5 0.3 0.5 0.4 0.5 0.4 0.625 0.35 0.625 0.35 0.625 0.4 0.625 0.4 0.75 0.35 0.75 0.4 0.75 0.4 0.875 0.4 0.875 0.4 1 0.35 1 0.35 0 0.4 0 0.4 0.125 0.4 0.125 0.4 0.25 0.35 0.25 0.4 0.25 0.4 0.375 0.35 0.375 0.35 0.375 0.4 0.375 0.4 0.5 0.45 0.5 0.45 0.625 0.4 0.625 0.45 0.625 0.45 0.75 0.4 0.75 0.4 0.75 0.45 0.75 0.45 0.875 0.45 0.875 0.45 1 0.4 1 0.45 0 0.45 0.125 0.4 0.125 0.45 0.125 0.45 0.25 0.4 0.25 0.4 0.25 0.45 0.25 0.45 0.375 0.4 0.375 0.45 0.375 0.45 0.5 0.45 0.5 0.5 0.5 0.5 0.625 0.45 0.625 0.5 0.625 0.5 0.75 0.5 0.75 0.5 0.875 0.45 0.875 0.45 0.875 0.5 0.875 0.5 1 0.5 0 0.5 0.125 0.45 0.125 0.5 0.125 0.5 0.25 0.45 0.25 0.5 0.25 0.5 0.375 0.45 0.375 0.5 0.375 0.5 0.5 0.45 0.5 0.55 0.5 0.55 0.625 0.5 0.625 0.55 0.625 0.55 0.75 0.5 0.75 0.55 0.75 0.55 0.875 0.5 0.875 0.55 0.875 0.55 1 0.5 1 0.55 0 0.55 0.125 0.5 0.125 0.5 0.125 0.55 0.125 0.55 0.25 0.5 0.25 0.55 0.25 0.55 0.375 0.55 0.375 0.55 0.5 0.5 0.5 0.5028243 0.4309452 0.5028243 0.3162305 0.5493506 0.3162305 0.5028243 0.3162305 0.5028243 0.1837694 0.5493506 0.1837694 0.5028243 0.1837694 0.5028243 0.06905478 0.5493507 0.06905478 0.5028243 0.06905478 0.5028243 0.002824187 0.5493507 0.002824187 0.5028242 0.8647147 0.5028242 0.75 0.5493506 0.75 0.5028242 0.75 0.5028242 0.6175389 0.5493506 0.6175389 0.5028242 0.6175389 0.5028243 0.5028242 0.5493506 0.5028242 0.5028243 0.5028242 0.5028243 0.4365936 0.5493506 0.4365936 0.5549991 0.4309452 0.5549991 0.3647147 0.6015254 0.3647147 0.5549991 0.3647147 0.5549991 0.25 0.6015255 0.25 0.1837694 0.4971758 0.06905478 0.4309452 0.002824187 0.3162305 0.002824187 0.3162305 0.002824187 0.1837694 0.06905472 0.06905478 0.06905472 0.06905478 0.1837694 0.002824187 0.3162305 0.002824187 0.3162305 0.002824187 0.4309452 0.06905472 0.4971758 0.1837694 0.4971758 0.1837694 0.4971758 0.3162305 0.4309452 0.4309452 0.4309452 0.4309452 0.3162305 0.4971758 0.1837694 0.4971758 0.1837694 0.4971758 0.002824187 0.3162305 0.06905472 0.06905478 0.06905472 0.06905478 0.3162305 0.002824187 0.4971758 0.1837694 0.4971758 0.1837694 0.4309452 0.4309452 0.1837694 0.4971758 0.5549991 0.25 0.5549991 0.1175389 0.6015255 0.1175389 0.5549991 0.1175389 0.5549991 0.002824187 0.6015255 0.002824187 0.06905478 0.9309452 0.002824187 0.8162305 0.002824187 0.6837695 0.002824187 0.6837695 0.06905472 0.5690548 0.1837694 0.5028242 0.1837694 0.5028242 0.3162305 0.5028242 0.4309452 0.5690547 0.4309452 0.5690547 0.4971758 0.6837694 0.4971758 0.8162305 0.4971758 0.8162305 0.4309452 0.9309452 0.3162305 0.9971758 0.3162305 0.9971758 0.1837694 0.9971758 0.06905478 0.9309452 0.06905478 0.9309452 0.002824187 0.6837695 0.1837694 0.5028242 0.1837694 0.5028242 0.4309452 0.5690547 0.4971758 0.8162305 0.4971758 0.8162305 0.3162305 0.9971758 0.06905478 0.9309452</float_array>
          <technique_common>
            <accessor source="#tire_stack_2_a800-mesh-map-0-array" count="2184" stride="2">
              <param name="S" type="float"/>
              <param name="T" type="float"/>
            </accessor>
          </technique_common>
        </source>
        <vertices id="tire_stack_2_a800-mesh-vertices">
          <input semantic="POSITION" source="#tire_stack_2_a800-mesh-positions"/>
        </vertices>
        <triangles material="tire_001-material" count="640">
          <input semantic="VERTEX" source="#tire_stack_2_a800-mesh-vertices" offset="0"/>
          <input semantic="NORMAL" source="#tire_stack_2_a800-mesh-normals" offset="1"/>
          <input semantic="TEXCOORD" source="#tire_stack_2_a800-mesh-map-0" offset="2" set="0"/>
          <p>0 0 0 9 0 1 1 0 2 9 1 3 2 1 4 1 1 5 10 2 6 3 2 7 2 2 8 11 3 9 4 3 10 3 3 11 12 4 12 5 4 13 4 4 14 13 5 15 6 5 16 5 5 17 6 6 18 15 6 19 7 6 20 15 7 21 0 7 22 7 7 23 8 8 24 17 8 25 9 8 26 9 9 27 18 9 28 10 9 29 10 10 30 19 10 31 11 10 32 19 11 33 12 11 34 11 11 35 12 12 36 21 12 37 13 12 38 21 13 39 14 13 40 13 13 41 22 14 42 15 14 43 14 14 44 23 15 45 8 15 46 15 15 47 16 16 48 25 16 49 17 16 50 25 17 51 18 17 52 17 17 53 26 18 54 19 18 55 18 18 56 27 19 57 20 19 58 19 19 59 20 20 60 29 20 61 21 20 62 21 21 63 30 21 64 22 21 65 22 22 66 31 22 67 23 22 68 31 23 69 16 23 70 23 23 71 24 24 72 33 24 73 25 24 74 25 25 75 34 25 76 26 25 77 34 26 78 27 26 79 26 26 80 27 27 81 36 27 82 28 27 83 36 28 84 29 28 85 28 28 86 29 29 87 38 29 88 30 29 89 38 30 90 31 30 91 30 30 92 39 31 93 24 31 94 31 31 95 40 32 96 33 32 97 32 32 98 41 33 99 34 33 100 33 33 101 42 34 102 35 34 103 34 34 104 43 35 105 36 35 106 35 35 107 44 36 108 37 36 109 36 36 110 37 37 111 46 37 112 38 37 113 46 38 114 39 38 115 38 38 116 47 39 117 32 39 118 39 39 119 48 40 120 41 40 121 40 40 122 49 41 123 42 41 124 41 41 125 50 42 126 43 42 127 42 42 128 51 43 129 44 43 130 43 43 131 44 44 132 53 44 133 45 44 134 45 45 135 54 45 136 46 45 137 46 46 138 55 46 139 47 46 140 47 47 141 48 47 142 40 47 143 56 48 144 49 48 145 48 48 146 49 49 147 58 49 148 50 49 149 50 50 150 59 50 151 51 50 152 59 51 153 52 51 154 51 51 155 60 52 156 53 52 157 52 52 158 61 53 159 54 53 160 53 53 161 62 54 162 55 54 163 54 54 164 55 55 165 56 55 166 48 55 167 64 56 168 57 56 169 56 56 170 57 57 171 66 57 172 58 57 173 66 58 174 59 58 175 58 58 176 59 59 177 68 59 178 60 59 179 68 60 180 61 60 181 60 60 182 61 61 183 70 61 184 62 61 185 70 62 186 63 62 187 62 62 188 63 63 189 64 63 190 56 63 191 72 64 192 65 64 193 64 64 194 73 65 195 66 65 196 65 65 197 74 66 198 67 66 199 66 66 200 67 67 201 76 67 202 68 67 203 76 68 204 69 68 205 68 68 206 69 69 207 78 69 208 70 69 209 70 70 210 79 70 211 71 70 212 71 71 213 72 71 214 64 71 215 72 72 216 81 72 217 73 72 218 73 73 219 82 73 220 74 73 221 82 74 222 75 74 223 74 74 224 75 75 225 84 75 226 76 75 227 84 76 228 77 76 229 76 76 230 85 77 231 78 77 232 77 77 233 86 78 234 79 78 235 78 78 236 87 79 237 72 79 238 79 79 239 88 80 240 81 80 241 80 80 242 81 81 243 90 81 244 82 81 245 82 82 246 91 82 247 83 82 248 83 83 249 92 83 250 84 83 251 92 84 252 85 84 253 84 84 254 93 85 255 86 85 256 85 85 257 94 86 258 87 86 259 86 86 260 95 87 261 80 87 262 87 87 263 88 88 264 97 88 265 89 88 266 97 89 267 90 89 268 89 89 269 90 90 270 99 90 271 91 90 272 99 91 273 92 91 274 91 91 275 92 92 276 101 92 277 93 92 278 101 93 279 94 93 280 93 93 281 94 94 282 103 94 283 95 94 284 103 95 285 88 95 286 95 95 287 96 96 288 105 96 289 97 96 290 105 97 291 98 97 292 97 97 293 98 98 294 107 98 295 99 98 296 107 99 297 100 99 298 99 99 299 100 100 300 109 100 301 101 100 302 109 101 303 102 101 304 101 101 305 102 102 306 111 102 307 103 102 308 111 103 309 96 103 310 103 103 311 104 104 312 113 104 313 105 104 314 113 105 315 106 105 316 105 105 317 114 106 318 107 106 319 106 106 320 115 107 321 108 107 322 107 107 323 116 108 324 109 108 325 108 108 326 109 109 327 118 109 328 110 109 329 110 110 330 119 110 331 111 110 332 119 111 333 104 111 334 111 111 335 112 112 336 121 112 337 113 112 338 113 113 339 122 113 340 114 113 341 114 114 342 123 114 343 115 114 344 115 115 345 124 115 346 116 115 347 124 116 348 117 116 349 116 116 350 125 117 351 118 117 352 117 117 353 126 118 354 119 118 355 118 118 356 127 119 357 112 119 358 119 119 359 128 120 360 121 120 361 120 120 362 129 121 363 122 121 364 121 121 365 122 122 366 131 122 367 123 122 368 131 123 369 124 123 370 123 123 371 132 124 372 125 124 373 124 124 374 133 125 375 126 125 376 125 125 377 134 126 378 127 126 379 126 126 380 135 127 381 120 127 382 127 127 383 136 128 384 129 128 385 128 128 386 129 129 387 138 129 388 130 129 389 130 130 390 139 130 391 131 130 392 139 131 393 132 131 394 131 131 395 132 132 396 141 132 397 133 132 398 141 133 399 134 133 400 133 133 401 142 134 402 135 134 403 134 134 404 135 135 405 136 135 406 128 135 407 144 136 408 137 136 409 136 136 410 145 137 411 138 137 412 137 137 413 138 138 414 147 138 415 139 138 416 139 139 417 148 139 418 140 139 419 148 140 420 141 140 421 140 140 422 149 141 423 142 141 424 141 141 425 142 142 426 151 142 427 143 142 428 143 143 429 144 143 430 136 143 431 152 144 432 145 144 433 144 144 434 145 145 435 154 145 436 146 145 437 154 146 438 147 146 439 146 146 440 155 147 441 148 147 442 147 147 443 156 148 444 149 148 445 148 148 446 157 149 447 150 149 448 149 149 449 158 150 450 151 150 451 150 150 452 159 151 453 144 151 454 151 151 455 0 152 456 153 152 457 152 152 458 1 153 459 154 153 460 153 153 461 2 154 462 155 154 463 154 154 464 3 155 465 156 155 466 155 155 467 156 156 468 5 156 469 157 156 470 157 157 471 6 157 472 158 157 473 158 158 474 7 158 475 159 158 476 7 159 477 152 159 478 159 159 479 192 174 522 185 174 523 184 174 524 193 175 525 186 175 526 185 175 527 194 176 528 187 176 529 186 176 530 195 177 531 188 177 532 187 177 533 188 178 534 197 178 535 189 178 536 197 179 537 190 179 538 189 179 539 190 180 540 199 180 541 191 180 542 199 181 543 184 181 544 191 181 545 192 182 546 201 182 547 193 182 548 193 183 549 202 183 550 194 183 551 194 184 552 203 184 553 195 184 554 203 185 555 196 185 556 195 185 557 196 186 558 205 186 559 197 186 560 205 187 561 198 187 562 197 187 563 206 188 564 199 188 565 198 188 566 207 189 567 192 189 568 199 189 569 200 190 570 209 190 571 201 190 572 209 191 573 202 191 574 201 191 575 210 192 576 203 192 577 202 192 578 211 193 579 204 193 580 203 193 581 204 194 582 213 194 583 205 194 584 205 195 585 214 195 586 206 195 587 206 196 588 215 196 589 207 196 590 215 197 591 200 197 592 207 197 593 208 198 594 217 198 595 209 198 596 209 199 597 218 199 598 210 199 599 218 200 600 211 200 601 210 200 602 211 201 603 220 201 604 212 201 605 220 202 606 213 202 607 212 202 608 213 203 609 222 203 610 214 203 611 222 204 612 215 204 613 214 204 614 223 205 615 208 205 616 215 205 617 224 206 618 217 206 619 216 206 620 225 207 621 218 207 622 217 207 623 226 208 624 219 208 625 218 208 626 227 209 627 220 209 628 219 209 629 228 210 630 221 210 631 220 210 632 221 211 633 230 211 634 222 211 635 230 212 636 223 212 637 222 212 638 231 213 639 216 213 640 223 213 641 232 214 642 225 214 643 224 214 644 233 215 645 226 215 646 225 215 647 234 216 648 227 216 649 226 216 650 235 217 651 228 217 652 227 217 653 228 218 654 237 218 655 229 218 656 229 219 657 238 219 658 230 219 659 230 220 660 239 220 661 231 220 662 239 221 663 224 221 664 231 221 665 240 222 666 233 222 667 232 222 668 233 223 669 242 223 670 234 223 671 234 224 672 243 224 673 235 224 674 243 225 675 236 225 676 235 225 677 244 226 678 237 226 679 236 226 680 245 227 681 238 227 682 237 227 683 246 228 684 239 228 685 238 228 686 239 229 687 240 229 688 232 229 689 248 230 690 241 230 691 240 230 692 241 231 693 250 231 694 242 231 695 250 232 696 243 232 697 242 232 698 243 233 699 252 233 700 244 233 701 252 234 702 245 234 703 244 234 704 245 235 705 254 235 706 246 235 707 254 236 708 247 236 709 246 236 710 247 237 711 248 237 712 240 237 713 256 238 714 249 238 715 248 238 716 257 239 717 250 239 718 249 239 719 258 240 720 251 240 721 250 240 722 251 241 723 260 241 724 252 241 725 260 242 726 253 242 727 252 242 728 253 243 729 262 243 730 254 243 731 254 244 732 263 244 733 255 244 734 255 245 735 256 245 736 248 245 737 256 246 738 265 246 739 257 246 740 257 247 741 266 247 742 258 247 743 266 248 744 259 248 745 258 248 746 259 249 747 268 249 748 260 249 749 268 250 750 261 250 751 260 250 752 269 251 753 262 251 754 261 251 755 270 252 756 263 252 757 262 252 758 271 253 759 256 253 760 263 253 761 272 254 762 265 254 763 264 254 764 265 255 765 274 255 766 266 255 767 266 256 768 275 256 769 267 256 770 267 257 771 276 257 772 268 257 773 276 258 774 269 258 775 268 258 776 277 259 777 270 259 778 269 259 779 278 260 780 271 260 781 270 260 782 279 261 783 264 261 784 271 261 785 272 262 786 281 262 787 273 262 788 281 263 789 274 263 790 273 263 791 274 264 792 283 264 793 275 264 794 283 265 795 276 265 796 275 265 797 284 266 798 277 266 799 276 266 800 285 267 801 278 267 802 277 267 803 278 268 804 287 268 805 279 268 806 287 269 807 272 269 808 279 269 809 280 270 810 289 270 811 281 270 812 289 271 813 282 271 814 281 271 815 282 272 816 291 272 817 283 272 818 291 273 819 284 273 820 283 273 821 284 274 822 293 274 823 285 274 824 293 275 825 286 275 826 285 275 827 286 276 828 295 276 829 287 276 830 295 277 831 280 277 832 287 277 833 288 278 834 297 278 835 289 278 836 297 279 837 290 279 838 289 279 839 298 280 840 291 280 841 290 280 842 299 281 843 292 281 844 291 281 845 300 282 846 293 282 847 292 282 848 293 283 849 302 283 850 294 283 851 294 284 852 303 284 853 295 284 854 303 285 855 288 285 856 295 285 857 304 286 858 297 286 859 296 286 860 297 287 861 306 287 862 298 287 863 298 288 864 307 288 865 299 288 866 299 289 867 308 289 868 300 289 869 308 290 870 301 290 871 300 290 872 309 291 873 302 291 874 301 291 875 310 292 876 303 292 877 302 292 878 311 293 879 296 293 880 303 293 881 312 294 882 305 294 883 304 294 884 313 295 885 306 295 886 305 295 887 306 296 888 315 296 889 307 296 890 315 297 891 308 297 892 307 297 893 316 298 894 309 298 895 308 298 896 317 299 897 310 299 898 309 299 899 318 300 900 311 300 901 310 300 902 319 301 903 304 301 904 311 301 905 320 302 906 313 302 907 312 302 908 313 303 909 322 303 910 314 303 911 314 304 912 323 304 913 315 304 914 323 305 915 316 305 916 315 305 917 316 306 918 325 306 919 317 306 920 325 307 921 318 307 922 317 307 923 326 308 924 319 308 925 318 308 926 319 309 927 320 309 928 312 309 929 328 310 930 321 310 931 320 310 932 329 311 933 322 311 934 321 311 935 322 312 936 331 312 937 323 312 938 331 313 939 324 313 940 323 313 941 332 314 942 325 314 943 324 314 944 333 315 945 326 315 946 325 315 947 326 316 948 335 316 949 327 316 950 327 317 951 328 317 952 320 317 953 328 318 954 337 318 955 329 318 956 329 319 957 338 319 958 330 319 959 338 320 960 331 320 961 330 320 962 331 321 963 340 321 964 332 321 965 340 322 966 333 322 967 332 322 968 341 323 969 334 323 970 333 323 971 342 324 972 335 324 973 334 324 974 343 325 975 328 325 976 335 325 977 184 326 978 337 326 979 336 326 980 185 327 981 338 327 982 337 327 983 186 328 984 339 328 985 338 328 986 187 329 987 340 329 988 339 329 989 188 330 990 341 330 991 340 330 992 341 331 993 190 331 994 342 331 995 342 332 996 191 332 997 343 332 998 191 333 999 336 333 1000 343 333 1001 0 348 1044 8 348 1045 9 348 1046 9 349 1047 10 349 1048 2 349 1049 10 350 1050 11 350 1051 3 350 1052 11 351 1053 12 351 1054 4 351 1055 12 352 1056 13 352 1057 5 352 1058 13 353 1059 14 353 1060 6 353 1061 6 354 1062 14 354 1063 15 354 1064 15 355 1065 8 355 1066 0 355 1067 8 356 1068 16 356 1069 17 356 1070 9 357 1071 17 357 1072 18 357 1073 10 358 1074 18 358 1075 19 358 1076 19 359 1077 20 359 1078 12 359 1079 12 360 1080 20 360 1081 21 360 1082 21 361 1083 22 361 1084 14 361 1085 22 362 1086 23 362 1087 15 362 1088 23 363 1089 16 363 1090 8 363 1091 16 364 1092 24 364 1093 25 364 1094 25 365 1095 26 365 1096 18 365 1097 26 366 1098 27 366 1099 19 366 1100 27 367 1101 28 367 1102 20 367 1103 20 368 1104 28 368 1105 29 368 1106 21 369 1107 29 369 1108 30 369 1109 22 370 1110 30 370 1111 31 370 1112 31 371 1113 24 371 1114 16 371 1115 24 372 1116 32 372 1117 33 372 1118 25 373 1119 33 373 1120 34 373 1121 34 374 1122 35 374 1123 27 374 1124 27 375 1125 35 375 1126 36 375 1127 36 376 1128 37 376 1129 29 376 1130 29 377 1131 37 377 1132 38 377 1133 38 378 1134 39 378 1135 31 378 1136 39 379 1137 32 379 1138 24 379 1139 40 380 1140 41 380 1141 33 380 1142 41 381 1143 42 381 1144 34 381 1145 42 382 1146 43 382 1147 35 382 1148 43 383 1149 44 383 1150 36 383 1151 44 384 1152 45 384 1153 37 384 1154 37 385 1155 45 385 1156 46 385 1157 46 386 1158 47 386 1159 39 386 1160 47 387 1161 40 387 1162 32 387 1163 48 388 1164 49 388 1165 41 388 1166 49 389 1167 50 389 1168 42 389 1169 50 390 1170 51 390 1171 43 390 1172 51 391 1173 52 391 1174 44 391 1175 44 392 1176 52 392 1177 53 392 1178 45 393 1179 53 393 1180 54 393 1181 46 394 1182 54 394 1183 55 394 1184 47 395 1185 55 395 1186 48 395 1187 56 396 1188 57 396 1189 49 396 1190 49 397 1191 57 397 1192 58 397 1193 50 398 1194 58 398 1195 59 398 1196 59 399 1197 60 399 1198 52 399 1199 60 400 1200 61 400 1201 53 400 1202 61 401 1203 62 401 1204 54 401 1205 62 402 1206 63 402 1207 55 402 1208 55 403 1209 63 403 1210 56 403 1211 64 404 1212 65 404 1213 57 404 1214 57 405 1215 65 405 1216 66 405 1217 66 406 1218 67 406 1219 59 406 1220 59 407 1221 67 407 1222 68 407 1223 68 408 1224 69 408 1225 61 408 1226 61 409 1227 69 409 1228 70 409 1229 70 410 1230 71 410 1231 63 410 1232 63 411 1233 71 411 1234 64 411 1235 72 412 1236 73 412 1237 65 412 1238 73 413 1239 74 413 1240 66 413 1241 74 414 1242 75 414 1243 67 414 1244 67 415 1245 75 415 1246 76 415 1247 76 416 1248 77 416 1249 69 416 1250 69 417 1251 77 417 1252 78 417 1253 70 418 1254 78 418 1255 79 418 1256 71 419 1257 79 419 1258 72 419 1259 72 420 1260 80 420 1261 81 420 1262 73 421 1263 81 421 1264 82 421 1265 82 422 1266 83 422 1267 75 422 1268 75 423 1269 83 423 1270 84 423 1271 84 424 1272 85 424 1273 77 424 1274 85 425 1275 86 425 1276 78 425 1277 86 426 1278 87 426 1279 79 426 1280 87 427 1281 80 427 1282 72 427 1283 88 428 1284 89 428 1285 81 428 1286 81 429 1287 89 429 1288 90 429 1289 82 430 1290 90 430 1291 91 430 1292 83 431 1293 91 431 1294 92 431 1295 92 432 1296 93 432 1297 85 432 1298 93 433 1299 94 433 1300 86 433 1301 94 434 1302 95 434 1303 87 434 1304 95 435 1305 88 435 1306 80 435 1307 88 436 1308 96 436 1309 97 436 1310 97 437 1311 98 437 1312 90 437 1313 90 438 1314 98 438 1315 99 438 1316 99 439 1317 100 439 1318 92 439 1319 92 440 1320 100 440 1321 101 440 1322 101 441 1323 102 441 1324 94 441 1325 94 442 1326 102 442 1327 103 442 1328 103 443 1329 96 443 1330 88 443 1331 96 444 1332 104 444 1333 105 444 1334 105 445 1335 106 445 1336 98 445 1337 98 446 1338 106 446 1339 107 446 1340 107 447 1341 108 447 1342 100 447 1343 100 448 1344 108 448 1345 109 448 1346 109 449 1347 110 449 1348 102 449 1349 102 450 1350 110 450 1351 111 450 1352 111 451 1353 104 451 1354 96 451 1355 104 452 1356 112 452 1357 113 452 1358 113 453 1359 114 453 1360 106 453 1361 114 454 1362 115 454 1363 107 454 1364 115 455 1365 116 455 1366 108 455 1367 116 456 1368 117 456 1369 109 456 1370 109 457 1371 117 457 1372 118 457 1373 110 458 1374 118 458 1375 119 458 1376 119 459 1377 112 459 1378 104 459 1379 112 460 1380 120 460 1381 121 460 1382 113 461 1383 121 461 1384 122 461 1385 114 462 1386 122 462 1387 123 462 1388 115 463 1389 123 463 1390 124 463 1391 124 464 1392 125 464 1393 117 464 1394 125 465 1395 126 465 1396 118 465 1397 126 466 1398 127 466 1399 119 466 1400 127 467 1401 120 467 1402 112 467 1403 128 468 1404 129 468 1405 121 468 1406 129 469 1407 130 469 1408 122 469 1409 122 470 1410 130 470 1411 131 470 1412 131 471 1413 132 471 1414 124 471 1415 132 472 1416 133 472 1417 125 472 1418 133 473 1419 134 473 1420 126 473 1421 134 474 1422 135 474 1423 127 474 1424 135 475 1425 128 475 1426 120 475 1427 136 476 1428 137 476 1429 129 476 1430 129 477 1431 137 477 1432 138 477 1433 130 478 1434 138 478 1435 139 478 1436 139 479 1437 140 479 1438 132 479 1439 132 480 1440 140 480 1441 141 480 1442 141 481 1443 142 481 1444 134 481 1445 142 482 1446 143 482 1447 135 482 1448 135 483 1449 143 483 1450 136 483 1451 144 484 1452 145 484 1453 137 484 1454 145 485 1455 146 485 1456 138 485 1457 138 486 1458 146 486 1459 147 486 1460 139 487 1461 147 487 1462 148 487 1463 148 488 1464 149 488 1465 141 488 1466 149 489 1467 150 489 1468 142 489 1469 142 490 1470 150 490 1471 151 490 1472 143 491 1473 151 491 1474 144 491 1475 152 492 1476 153 492 1477 145 492 1478 145 493 1479 153 493 1480 154 493 1481 154 494 1482 155 494 1483 147 494 1484 155 495 1485 156 495 1486 148 495 1487 156 496 1488 157 496 1489 149 496 1490 157 497 1491 158 497 1492 150 497 1493 158 498 1494 159 498 1495 151 498 1496 159 499 1497 152 499 1498 144 499 1499 0 500 1500 1 500 1501 153 500 1502 1 501 1503 2 501 1504 154 501 1505 2 502 1506 3 502 1507 155 502 1508 3 503 1509 4 503 1510 156 503 1511 156 504 1512 4 504 1513 5 504 1514 157 505 1515 5 505 1516 6 505 1517 158 506 1518 6 506 1519 7 506 1520 7 507 1521 0 507 1522 152 507 1523 192 538 1614 193 538 1615 185 538 1616 193 539 1617 194 539 1618 186 539 1619 194 540 1620 195 540 1621 187 540 1622 195 541 1623 196 541 1624 188 541 1625 188 542 1626 196 542 1627 197 542 1628 197 543 1629 198 543 1630 190 543 1631 190 544 1632 198 544 1633 199 544 1634 199 545 1635 192 545 1636 184 545 1637 192 546 1638 200 546 1639 201 546 1640 193 547 1641 201 547 1642 202 547 1643 194 548 1644 202 548 1645 203 548 1646 203 549 1647 204 549 1648 196 549 1649 196 550 1650 204 550 1651 205 550 1652 205 551 1653 206 551 1654 198 551 1655 206 552 1656 207 552 1657 199 552 1658 207 553 1659 200 553 1660 192 553 1661 200 554 1662 208 554 1663 209 554 1664 209 555 1665 210 555 1666 202 555 1667 210 556 1668 211 556 1669 203 556 1670 211 557 1671 212 557 1672 204 557 1673 204 558 1674 212 558 1675 213 558 1676 205 559 1677 213 559 1678 214 559 1679 206 560 1680 214 560 1681 215 560 1682 215 561 1683 208 561 1684 200 561 1685 208 562 1686 216 562 1687 217 562 1688 209 563 1689 217 563 1690 218 563 1691 218 564 1692 219 564 1693 211 564 1694 211 565 1695 219 565 1696 220 565 1697 220 566 1698 221 566 1699 213 566 1700 213 567 1701 221 567 1702 222 567 1703 222 568 1704 223 568 1705 215 568 1706 223 569 1707 216 569 1708 208 569 1709 224 570 1710 225 570 1711 217 570 1712 225 571 1713 226 571 1714 218 571 1715 226 572 1716 227 572 1717 219 572 1718 227 573 1719 228 573 1720 220 573 1721 228 574 1722 229 574 1723 221 574 1724 221 575 1725 229 575 1726 230 575 1727 230 576 1728 231 576 1729 223 576 1730 231 577 1731 224 577 1732 216 577 1733 232 578 1734 233 578 1735 225 578 1736 233 579 1737 234 579 1738 226 579 1739 234 580 1740 235 580 1741 227 580 1742 235 581 1743 236 581 1744 228 581 1745 228 582 1746 236 582 1747 237 582 1748 229 583 1749 237 583 1750 238 583 1751 230 584 1752 238 584 1753 239 584 1754 239 585 1755 232 585 1756 224 585 1757 240 586 1758 241 586 1759 233 586 1760 233 587 1761 241 587 1762 242 587 1763 234 588 1764 242 588 1765 243 588 1766 243 589 1767 244 589 1768 236 589 1769 244 590 1770 245 590 1771 237 590 1772 245 591 1773 246 591 1774 238 591 1775 246 592 1776 247 592 1777 239 592 1778 239 593 1779 247 593 1780 240 593 1781 248 594 1782 249 594 1783 241 594 1784 241 595 1785 249 595 1786 250 595 1787 250 596 1788 251 596 1789 243 596 1790 243 597 1791 251 597 1792 252 597 1793 252 598 1794 253 598 1795 245 598 1796 245 599 1797 253 599 1798 254 599 1799 254 600 1800 255 600 1801 247 600 1802 247 601 1803 255 601 1804 248 601 1805 256 602 1806 257 602 1807 249 602 1808 257 603 1809 258 603 1810 250 603 1811 258 604 1812 259 604 1813 251 604 1814 251 605 1815 259 605 1816 260 605 1817 260 606 1818 261 606 1819 253 606 1820 253 607 1821 261 607 1822 262 607 1823 254 608 1824 262 608 1825 263 608 1826 255 609 1827 263 609 1828 256 609 1829 256 610 1830 264 610 1831 265 610 1832 257 611 1833 265 611 1834 266 611 1835 266 612 1836 267 612 1837 259 612 1838 259 613 1839 267 613 1840 268 613 1841 268 614 1842 269 614 1843 261 614 1844 269 615 1845 270 615 1846 262 615 1847 270 616 1848 271 616 1849 263 616 1850 271 617 1851 264 617 1852 256 617 1853 272 618 1854 273 618 1855 265 618 1856 265 619 1857 273 619 1858 274 619 1859 266 620 1860 274 620 1861 275 620 1862 267 621 1863 275 621 1864 276 621 1865 276 622 1866 277 622 1867 269 622 1868 277 623 1869 278 623 1870 270 623 1871 278 624 1872 279 624 1873 271 624 1874 279 625 1875 272 625 1876 264 625 1877 272 626 1878 280 626 1879 281 626 1880 281 627 1881 282 627 1882 274 627 1883 274 628 1884 282 628 1885 283 628 1886 283 629 1887 284 629 1888 276 629 1889 284 630 1890 285 630 1891 277 630 1892 285 631 1893 286 631 1894 278 631 1895 278 632 1896 286 632 1897 287 632 1898 287 633 1899 280 633 1900 272 633 1901 280 634 1902 288 634 1903 289 634 1904 289 635 1905 290 635 1906 282 635 1907 282 636 1908 290 636 1909 291 636 1910 291 637 1911 292 637 1912 284 637 1913 284 638 1914 292 638 1915 293 638 1916 293 639 1917 294 639 1918 286 639 1919 286 640 1920 294 640 1921 295 640 1922 295 641 1923 288 641 1924 280 641 1925 288 642 1926 296 642 1927 297 642 1928 297 643 1929 298 643 1930 290 643 1931 298 644 1932 299 644 1933 291 644 1934 299 645 1935 300 645 1936 292 645 1937 300 646 1938 301 646 1939 293 646 1940 293 647 1941 301 647 1942 302 647 1943 294 648 1944 302 648 1945 303 648 1946 303 649 1947 296 649 1948 288 649 1949 304 650 1950 305 650 1951 297 650 1952 297 651 1953 305 651 1954 306 651 1955 298 652 1956 306 652 1957 307 652 1958 299 653 1959 307 653 1960 308 653 1961 308 654 1962 309 654 1963 301 654 1964 309 655 1965 310 655 1966 302 655 1967 310 656 1968 311 656 1969 303 656 1970 311 657 1971 304 657 1972 296 657 1973 312 658 1974 313 658 1975 305 658 1976 313 659 1977 314 659 1978 306 659 1979 306 660 1980 314 660 1981 315 660 1982 315 661 1983 316 661 1984 308 661 1985 316 662 1986 317 662 1987 309 662 1988 317 663 1989 318 663 1990 310 663 1991 318 664 1992 319 664 1993 311 664 1994 319 665 1995 312 665 1996 304 665 1997 320 666 1998 321 666 1999 313 666 2000 313 667 2001 321 667 2002 322 667 2003 314 668 2004 322 668 2005 323 668 2006 323 669 2007 324 669 2008 316 669 2009 316 670 2010 324 670 2011 325 670 2012 325 671 2013 326 671 2014 318 671 2015 326 672 2016 327 672 2017 319 672 2018 319 673 2019 327 673 2020 320 673 2021 328 674 2022 329 674 2023 321 674 2024 329 675 2025 330 675 2026 322 675 2027 322 676 2028 330 676 2029 331 676 2030 331 677 2031 332 677 2032 324 677 2033 332 678 2034 333 678 2035 325 678 2036 333 679 2037 334 679 2038 326 679 2039 326 680 2040 334 680 2041 335 680 2042 327 681 2043 335 681 2044 328 681 2045 328 682 2046 336 682 2047 337 682 2048 329 683 2049 337 683 2050 338 683 2051 338 684 2052 339 684 2053 331 684 2054 331 685 2055 339 685 2056 340 685 2057 340 686 2058 341 686 2059 333 686 2060 341 687 2061 342 687 2062 334 687 2063 342 688 2064 343 688 2065 335 688 2066 343 689 2067 336 689 2068 328 689 2069 184 690 2070 185 690 2071 337 690 2072 185 691 2073 186 691 2074 338 691 2075 186 692 2076 187 692 2077 339 692 2078 187 693 2079 188 693 2080 340 693 2081 188 694 2082 189 694 2083 341 694 2084 341 695 2085 189 695 2086 190 695 2087 342 696 2088 190 696 2089 191 696 2090 191 697 2091 184 697 2092 336 697 2093</p>
        </triangles>
        <triangles material="rim_001-material" count="88">
          <input semantic="VERTEX" source="#tire_stack_2_a800-mesh-vertices" offset="0"/>
          <input semantic="NORMAL" source="#tire_stack_2_a800-mesh-normals" offset="1"/>
          <input semantic="TEXCOORD" source="#tire_stack_2_a800-mesh-map-0" offset="2" set="0"/>
          <p>161 160 480 162 160 481 160 160 482 163 161 483 164 161 484 162 161 485 165 162 486 166 162 487 164 162 488 167 163 489 168 163 490 166 163 491 169 164 492 170 164 493 168 164 494 171 165 495 172 165 496 170 165 497 173 166 498 174 166 499 172 166 500 175 167 501 176 167 502 174 167 503 177 168 504 178 168 505 176 168 506 179 169 507 180 169 508 178 169 509 181 170 510 173 170 511 165 170 512 181 171 513 182 171 514 180 171 515 183 172 516 160 172 517 182 172 518 166 173 519 174 173 520 182 173 521 345 334 1002 346 334 1003 344 334 1004 347 335 1005 348 335 1006 346 335 1007 349 336 1008 350 336 1009 348 336 1010 351 337 1011 352 337 1012 350 337 1013 353 338 1014 354 338 1015 352 338 1016 355 339 1017 356 339 1018 354 339 1019 357 340 1020 358 340 1021 356 340 1022 359 341 1023 360 341 1024 358 341 1025 361 342 1026 362 342 1027 360 342 1028 363 343 1029 364 343 1030 362 343 1031 365 344 1032 357 344 1033 349 344 1034 365 345 1035 366 345 1036 364 345 1037 367 346 1038 344 346 1039 366 346 1040 350 347 1041 358 347 1042 366 347 1043 161 508 1524 163 508 1525 162 508 1526 163 509 1527 165 509 1528 164 509 1529 165 510 1530 167 510 1531 166 510 1532 167 511 1533 169 511 1534 168 511 1535 169 512 1536 171 512 1537 170 512 1538 171 513 1539 173 513 1540 172 513 1541 173 514 1542 175 514 1543 174 514 1544 175 515 1545 177 515 1546 176 515 1547 177 516 1548 179 516 1549 178 516 1550 179 517 1551 181 517 1552 180 517 1553 165 518 1554 163 518 1555 161 518 1556 161 519 1557 183 519 1558 181 519 1559 181 520 1560 179 520 1561 177 520 1562 177 521 1563 175 521 1564 173 521 1565 173 522 1566 171 522 1567 169 522 1568 169 523 1569 167 523 1570 165 523 1571 165 524 1572 161 524 1573 181 524 1574 181 525 1575 177 525 1576 173 525 1577 173 526 1578 169 526 1579 165 526 1580 181 527 1581 183 527 1582 182 527 1583 183 528 1584 161 528 1585 160 528 1586 182 529 1587 160 529 1588 162 529 1589 162 530 1590 164 530 1591 166 530 1592 166 531 1593 168 531 1594 170 531 1595 170 532 1596 172 532 1597 174 532 1598 174 533 1599 176 533 1600 178 533 1601 178 534 1602 180 534 1603 182 534 1604 182 535 1605 162 535 1606 166 535 1607 166 536 1608 170 536 1609 174 536 1610 174 537 1611 178 537 1612 182 537 1613 345 698 2094 347 698 2095 346 698 2096 347 699 2097 349 699 2098 348 699 2099 349 700 2100 351 700 2101 350 700 2102 351 701 2103 353 701 2104 352 701 2105 353 702 2106 355 702 2107 354 702 2108 355 703 2109 357 703 2110 356 703 2111 357 704 2112 359 704 2113 358 704 2114 359 705 2115 361 705 2116 360 705 2117 361 706 2118 363 706 2119 362 706 2120 363 707 2121 365 707 2122 364 707 2123 349 708 2124 347 708 2125 345 708 2126 345 709 2127 367 709 2128 365 709 2129 365 710 2130 363 710 2131 361 710 2132 361 711 2133 359 711 2134 357 711 2135 357 712 2136 355 712 2137 353 712 2138 353 713 2139 351 713 2140 349 713 2141 349 714 2142 345 714 2143 365 714 2144 365 715 2145 361 715 2146 357 715 2147 357 716 2148 353 716 2149 349 716 2150 365 717 2151 367 717 2152 366 717 2153 367 718 2154 345 718 2155 344 718 2156 366 719 2157 344 719 2158 346 719 2159 346 720 2160 348 720 2161 350 720 2162 350 721 2163 352 721 2164 354 721 2165 354 722 2166 356 722 2167 358 722 2168 358 723 2169 360 723 2170 362 723 2171 362 724 2172 364 724 2173 366 724 2174 366 725 2175 346 725 2176 350 725 2177 350 726 2178 354 726 2179 358 726 2180 358 727 2181 362 727 2182 366 727 2183</p>
        </triangles>
      </mesh>
    </geometry>
  </library_geometries>
  <library_visual_scenes>
    <visual_scene id="Scene" name="Scene">
      <node id="base00" name="base00" type="NODE">
        <matrix sid="transform">1 0 0 0 0 1 0 0 0 0 1 0 0 0 0 1</matrix>
        <node id="start01" name="start01" type="NODE">
          <matrix sid="transform">1 0 0 0 0 1 0 0 0 0 1 0 0 0 0 1</matrix>
          <node id="tire_stack_2_a800" name="tire_stack_2_a800" type="NODE">
            <matrix sid="transform">1 0 0 0 0 1 0 0 0 0 1 0 0 0 0 1</matrix>
            <instance_geometry url="#tire_stack_2_a800-mesh" name="tire_stack_2_a800">
              <bind_material>
                <technique_common>
                  <instance_material symbol="tire_001-material" target="#tire_001-material">
                    <bind_vertex_input semantic="UVMap" input_semantic="TEXCOORD" input_set="0"/>
                  </instance_material>
                  <instance_material symbol="rim_001-material" target="#rim_001-material">
                    <bind_vertex_input semantic="UVMap" input_semantic="TEXCOORD" input_set="0"/>
                  </instance_material>
                </technique_common>
              </bind_material>
            </instance_geometry>
          </node>
          <node id="tire_stack_2_a200" name="tire_stack_2_a200" type="NODE">
            <matrix sid="transform">1 0 0 0 0 1 0 0 0 0 1 0 0 0 0 1</matrix>
            <instance_geometry url="#tire_stack_2_a200-mesh" name="tire_stack_2_a200">
              <bind_material>
                <technique_common>
                  <instance_material symbol="tire_001-material" target="#tire_001-material">
                    <bind_vertex_input semantic="UVMap" input_semantic="TEXCOORD" input_set="0"/>
                  </instance_material>
                  <instance_material symbol="rim_001-material" target="#rim_001-material">
                    <bind_vertex_input semantic="UVMap" input_semantic="TEXCOORD" input_set="0"/>
                  </instance_material>
                </technique_common>
              </bind_material>
            </instance_geometry>
          </node>
          <node id="tire_stack_2_a50" name="tire_stack_2_a50" type="NODE">
            <matrix sid="transform">1 0 0 0 0 1 0 0 0 0 1 0 0 0 0 1</matrix>
            <instance_geometry url="#tire_stack_2_a50-mesh" name="tire_stack_2_a50">
              <bind_material>
                <technique_common>
                  <instance_material symbol="tire_001-material" target="#tire_001-material">
                    <bind_vertex_input semantic="UVMap" input_semantic="TEXCOORD" input_set="0"/>
                  </instance_material>
                </technique_common>
              </bind_material>
            </instance_geometry>
          </node>
          <node id="nulldetail20" name="nulldetail20" type="NODE">
            <matrix sid="transform">1 0 0 0 0 1 0 0 0 0 1 0 0 0 0 1</matrix>
          </node>
        </node>
        <node id="collision-1" name="collision-1" type="NODE">
          <matrix sid="transform">1 0 0 0 0 1 0 0 0 0 1 0 0 0 0 1</matrix>
          <node id="Colmesh_stack-1" name="Colmesh_stack-1" type="NODE">
            <matrix sid="transform">1 0 0 0 0 1 0 0 0 0 1 0 0 0 0 1</matrix>
            <instance_geometry url="#Colmesh_stack-1-mesh" name="Colmesh_stack-1">
              <bind_material>
                <technique_common>
                  <instance_material symbol="Colmesh_Material-material" target="#Colmesh_Material-material">
                    <bind_vertex_input semantic="UVMap" input_semantic="TEXCOORD" input_set="0"/>
                  </instance_material>
                </technique_common>
              </bind_material>
            </instance_geometry>
          </node>
        </node>
      </node>
    </visual_scene>
  </library_visual_scenes>
  <scene>
    <instance_visual_scene url="#Scene"/>
  </scene>
</COLLADA>