<?xml version="1.0" encoding="UTF-8"?>
<gpx xmlns="http://www.topografix.com/GPX/1/1" version="1.1" creator="ExpertGPS 9.25 using Lowrance Elite-7 Ti" xmlns:xsi="http://www.w3.org/2001/XMLSchema-instance" xmlns:wptx1="http://www.garmin.com/xmlschemas/WaypointExtension/v1" xmlns:gpxx="http://www.garmin.com/xmlschemas/GpxExtensions/v3" xmlns:gpxtpx="http://www.garmin.com/xmlschemas/TrackPointExtension/v2" xsi:schemaLocation="http://www.topografix.com/GPX/1/1 https://www.topografix.com/GPX/1/1/gpx.xsd http://www.topografix.com/GPX/gpx_style/0/2 https://www.topografix.com/GPX/gpx_style/0/2/gpx_style.xsd http://www.topografix.com/GPX/gpx_overlay/0/5 https://www.topografix.com/GPX/gpx_overlay/0/5/gpx_overlay.xsd http://www.topografix.com/GPX/gpx_modified/0/1 https://www.topografix.com/GPX/gpx_modified/0/1/gpx_modified.xsd http://www.topografix.com/GPX/Private/TopoGrafix/0/5 https://www.topografix.com/GPX/Private/TopoGrafix/0/5/topografix.xsd http://www.garmin.com/xmlschemas/WaypointExtension/v1 https://www8.garmin.com/xmlschemas/WaypointExtensionv1.xsd http://www.garmin.com/xmlschemas/GpxExtensions/v3 https://www8.garmin.com/xmlschemas/GpxExtensionsv3.xsd http://www.garmin.com/xmlschemas/TrackPointExtension/v2 http://www.garmin.com/xmlschemas/TrackPointExtensionv2.xsd">
<metadata>
<bounds minlat="33.95806111" minlon="-114.19831900" maxlat="34.21450600" maxlon="-113.59625200"/>
<extensions>
<time xmlns="http://www.topografix.com/GPX/gpx_modified/0/1">2026-01-11T19:08:02.068Z</time>
<pro_data_column xmlns="http://www.topografix.com/GPX/Private/TopoGrafix/0/5" list="wpt" name="Latitude (Pro Data)"/>
<pro_data_column xmlns="http://www.topografix.com/GPX/Private/TopoGrafix/0/5" list="wpt" name="Bearing (Pro Data)"/>
<pro_data_column xmlns="http://www.topografix.com/GPX/Private/TopoGrafix/0/5" list="wpt" name="Distance to Active Point (Pro Data)"/>
<pro_data_column xmlns="http://www.topografix.com/GPX/Private/TopoGrafix/0/5" list="wpt" name="Longitude (Pro Data)"/>
</extensions>
</metadata>
<wpt lat="34.13139900" lon="-114.16561200">
<ele>0.000</ele>
<time>2026-01-10T22:07:27.728Z</time>
<name>Start Line</name>
<sym>Flag, Blue</sym>
<type>icon-503-DB4436-nodesc-normal</type>
<extensions>
<label xmlns="http://www.topografix.com/GPX/gpx_overlay/0/5">
<label_text>Start Line</label_text>
</label>
<ExtendedData xmlns="http://www.topografix.com/GPX/Private/TopoGrafix/0/5">
<Data name="Bearing (Pro Data)">
<value>N/A</value>
</Data>
<Data name="Longitude (Pro Data)">
<value>W114.16561</value>
</Data>
<Data name="Distance to Active Point (Pro Data)">
<value>N/A</value>
</Data>
<Data name="Latitude (Pro Data)">
<value>N34.13140</value>
</Data>
</ExtendedData>
</extensions>
</wpt>
<wpt lat="34.12903000" lon="-114.16312500">
<ele>0.000</ele>
<time>2026-01-10T22:07:27.728Z</time>
<name>Finish Line</name>
<sym>Flag, Blue</sym>
<type>icon-503-DB4436-nodesc-normal</type>
<extensions>
<label xmlns="http://www.topografix.com/GPX/gpx_overlay/0/5">
<label_text>Finish Line</label_text>
</label>
<ExtendedData xmlns="http://www.topografix.com/GPX/Private/TopoGrafix/0/5">
<Data name="Bearing (Pro Data)">
<value>N/A</value>
</Data>
<Data name="Longitude (Pro Data)">
<value>W114.16313</value>
</Data>
<Data name="Distance to Active Point (Pro Data)">
<value>N/A</value>
</Data>
<Data name="Latitude (Pro Data)">
<value>N34.12903</value>
</Data>
</ExtendedData>
</extensions>
</wpt>
<wpt lat="34.14008178" lon="-114.15202913">
<ele>238.564</ele>
<time>2026-01-10T22:07:27.734Z</time>
<name>1</name>
<sym>Waypoint</sym>
<type>Mile Marker</type>
<extensions>
<label xmlns="http://www.topografix.com/GPX/gpx_overlay/0/5">
<label_text>1</label_text>
</label>
<ExtendedData xmlns="http://www.topografix.com/GPX/Private/TopoGrafix/0/5">
<Data name="Bearing (Pro Data)">
<value>56.16° True</value>
</Data>
<Data name="Longitude (Pro Data)">
<value>W114.15203</value>
</Data>
<Data name="Distance to Active Point (Pro Data)">
<value>1.13 mi</value>
</Data>
<Data name="Latitude (Pro Data)">
<value>N34.14008</value>
</Data>
</ExtendedData>
</extensions>
</wpt>
<wpt lat="34.15022827" lon="-114.15939223">
<ele>226.128</ele>
<time>2026-01-10T22:07:27.734Z</time>
<name>2</name>
<sym>Waypoint</sym>
<type>Mile Marker</type>
<extensions>
<label xmlns="http://www.topografix.com/GPX/gpx_overlay/0/5">
<label_text>2</label_text>
</label>
<ExtendedData xmlns="http://www.topografix.com/GPX/Private/TopoGrafix/0/5">
<Data name="Bearing (Pro Data)">
<value>21.28° True</value>
</Data>
<Data name="Longitude (Pro Data)">
<value>W114.15939</value>
</Data>
<Data name="Distance to Active Point (Pro Data)">
<value>1.43 mi</value>
</Data>
<Data name="Latitude (Pro Data)">
<value>N34.15023</value>
</Data>
</ExtendedData>
</extensions>
</wpt>
<wpt lat="34.15524070" lon="-114.17388109">
<ele>202.287</ele>
<time>2026-01-10T22:07:27.736Z</time>
<name>3</name>
<sym>Waypoint</sym>
<type>Mile Marker</type>
<extensions>
<label xmlns="http://www.topografix.com/GPX/gpx_overlay/0/5">
<label_text>3</label_text>
</label>
<ExtendedData xmlns="http://www.topografix.com/GPX/Private/TopoGrafix/0/5">
<Data name="Bearing (Pro Data)">
<value>349.43° True</value>
</Data>
<Data name="Longitude (Pro Data)">
<value>W114.17388</value>
</Data>
<Data name="Distance to Active Point (Pro Data)">
<value>1.70 mi</value>
</Data>
<Data name="Latitude (Pro Data)">
<value>N34.15524</value>
</Data>
</ExtendedData>
</extensions>
</wpt>
<wpt lat="34.15564593" lon="-114.18494881">
<ele>176.382</ele>
<time>2026-01-10T22:07:27.736Z</time>
<name>4</name>
<sym>Waypoint</sym>
<type>Mile Marker</type>
<extensions>
<label xmlns="http://www.topografix.com/GPX/gpx_overlay/0/5">
<label_text>4</label_text>
</label>
<ExtendedData xmlns="http://www.topografix.com/GPX/Private/TopoGrafix/0/5">
<Data name="Bearing (Pro Data)">
<value>330.93° True</value>
</Data>
<Data name="Longitude (Pro Data)">
<value>W114.18495</value>
</Data>
<Data name="Distance to Active Point (Pro Data)">
<value>1.95 mi</value>
</Data>
<Data name="Latitude (Pro Data)">
<value>N34.15565</value>
</Data>
</ExtendedData>
</extensions>
</wpt>
<wpt lat="34.14982111" lon="-114.19803392">
<ele>168.405</ele>
<time>2026-01-10T22:07:27.736Z</time>
<name>5</name>
<sym>Waypoint</sym>
<type>Mile Marker</type>
<extensions>
<label xmlns="http://www.topografix.com/GPX/gpx_overlay/0/5">
<label_text>5</label_text>
</label>
<ExtendedData xmlns="http://www.topografix.com/GPX/Private/TopoGrafix/0/5">
<Data name="Bearing (Pro Data)">
<value>307.50° True</value>
</Data>
<Data name="Longitude (Pro Data)">
<value>W114.19803</value>
</Data>
<Data name="Distance to Active Point (Pro Data)">
<value>2.14 mi</value>
</Data>
<Data name="Latitude (Pro Data)">
<value>N34.14982</value>
</Data>
</ExtendedData>
</extensions>
</wpt>
<wpt lat="34.14132171" lon="-114.18631219">
<ele>183.822</ele>
<time>2026-01-10T22:07:27.737Z</time>
<name>6</name>
<sym>Waypoint</sym>
<type>Mile Marker</type>
<extensions>
<label xmlns="http://www.topografix.com/GPX/gpx_overlay/0/5">
<label_text>6</label_text>
</label>
<ExtendedData xmlns="http://www.topografix.com/GPX/Private/TopoGrafix/0/5">
<Data name="Bearing (Pro Data)">
<value>304.93° True</value>
</Data>
<Data name="Longitude (Pro Data)">
<value>W114.18631</value>
</Data>
<Data name="Distance to Active Point (Pro Data)">
<value>1.25 mi</value>
</Data>
<Data name="Latitude (Pro Data)">
<value>N34.14132</value>
</Data>
</ExtendedData>
</extensions>
</wpt>
<wpt lat="34.13058448" lon="-114.17637415">
<ele>201.875</ele>
<time>2026-01-10T22:07:27.737Z</time>
<name>7</name>
<sym>Waypoint</sym>
<type>Mile Marker</type>
<extensions>
<label xmlns="http://www.topografix.com/GPX/gpx_overlay/0/5">
<label_text>7</label_text>
</label>
<ExtendedData xmlns="http://www.topografix.com/GPX/Private/TopoGrafix/0/5">
<Data name="Bearing (Pro Data)">
<value>266.92° True</value>
</Data>
<Data name="Longitude (Pro Data)">
<value>W114.17637</value>
</Data>
<Data name="Distance to Active Point (Pro Data)">
<value>0.46 mi</value>
</Data>
<Data name="Latitude (Pro Data)">
<value>N34.13058</value>
</Data>
</ExtendedData>
</extensions>
</wpt>
<wpt lat="34.12399154" lon="-114.16134625">
<ele>217.734</ele>
<time>2026-01-10T22:07:27.738Z</time>
<name>8</name>
<sym>Waypoint</sym>
<type>Mile Marker</type>
<extensions>
<label xmlns="http://www.topografix.com/GPX/gpx_overlay/0/5">
<label_text>8</label_text>
</label>
<ExtendedData xmlns="http://www.topografix.com/GPX/Private/TopoGrafix/0/5">
<Data name="Bearing (Pro Data)">
<value>139.71° True</value>
</Data>
<Data name="Longitude (Pro Data)">
<value>W114.16135</value>
</Data>
<Data name="Distance to Active Point (Pro Data)">
<value>0.63 mi</value>
</Data>
<Data name="Latitude (Pro Data)">
<value>N34.12399</value>
</Data>
</ExtendedData>
</extensions>
</wpt>
<wpt lat="34.11882535" lon="-114.14535789">
<ele>233.599</ele>
<time>2026-01-10T22:07:27.738Z</time>
<name>9</name>
<sym>Waypoint</sym>
<type>Mile Marker</type>
<extensions>
<label xmlns="http://www.topografix.com/GPX/gpx_overlay/0/5">
<label_text>9</label_text>
</label>
<ExtendedData xmlns="http://www.topografix.com/GPX/Private/TopoGrafix/0/5">
<Data name="Bearing (Pro Data)">
<value>122.26° True</value>
</Data>
<Data name="Longitude (Pro Data)">
<value>W114.14536</value>
</Data>
<Data name="Distance to Active Point (Pro Data)">
<value>1.56 mi</value>
</Data>
<Data name="Latitude (Pro Data)">
<value>N34.11883</value>
</Data>
</ExtendedData>
</extensions>
</wpt>
<wpt lat="34.11548464" lon="-114.13187321">
<ele>246.528</ele>
<time>2026-01-10T22:07:27.739Z</time>
<name>10</name>
<sym>Waypoint</sym>
<type>Mile Marker</type>
<extensions>
<label xmlns="http://www.topografix.com/GPX/gpx_overlay/0/5">
<label_text>10</label_text>
</label>
<ExtendedData xmlns="http://www.topografix.com/GPX/Private/TopoGrafix/0/5">
<Data name="Bearing (Pro Data)">
<value>116.94° True</value>
</Data>
<Data name="Longitude (Pro Data)">
<value>W114.13187</value>
</Data>
<Data name="Distance to Active Point (Pro Data)">
<value>2.35 mi</value>
</Data>
<Data name="Latitude (Pro Data)">
<value>N34.11548</value>
</Data>
</ExtendedData>
</extensions>
</wpt>
<wpt lat="34.11132131" lon="-114.11555211">
<ele>261.095</ele>
<time>2026-01-10T22:07:27.740Z</time>
<name>11</name>
<sym>Waypoint</sym>
<type>Mile Marker</type>
<extensions>
<label xmlns="http://www.topografix.com/GPX/gpx_overlay/0/5">
<label_text>11</label_text>
</label>
<ExtendedData xmlns="http://www.topografix.com/GPX/Private/TopoGrafix/0/5">
<Data name="Bearing (Pro Data)">
<value>114.03° True</value>
</Data>
<Data name="Longitude (Pro Data)">
<value>W114.11555</value>
</Data>
<Data name="Distance to Active Point (Pro Data)">
<value>3.32 mi</value>
</Data>
<Data name="Latitude (Pro Data)">
<value>N34.11132</value>
</Data>
</ExtendedData>
</extensions>
</wpt>
<wpt lat="34.11269165" lon="-114.09945341">
<ele>274.393</ele>
<time>2026-01-10T22:07:27.741Z</time>
<name>12</name>
<sym>Waypoint</sym>
<type>Mile Marker</type>
<extensions>
<label xmlns="http://www.topografix.com/GPX/gpx_overlay/0/5">
<label_text>12</label_text>
</label>
<ExtendedData xmlns="http://www.topografix.com/GPX/Private/TopoGrafix/0/5">
<Data name="Bearing (Pro Data)">
<value>107.63° True</value>
</Data>
<Data name="Longitude (Pro Data)">
<value>W114.09945</value>
</Data>
<Data name="Distance to Active Point (Pro Data)">
<value>4.15 mi</value>
</Data>
<Data name="Latitude (Pro Data)">
<value>N34.11269</value>
</Data>
</ExtendedData>
</extensions>
</wpt>
<wpt lat="34.11054384" lon="-114.08298760">
<ele>291.529</ele>
<time>2026-01-10T22:07:27.741Z</time>
<name>13</name>
<sym>Waypoint</sym>
<type>Mile Marker</type>
<extensions>
<label xmlns="http://www.topografix.com/GPX/gpx_overlay/0/5">
<label_text>13</label_text>
</label>
<ExtendedData xmlns="http://www.topografix.com/GPX/Private/TopoGrafix/0/5">
<Data name="Bearing (Pro Data)">
<value>105.99° True</value>
</Data>
<Data name="Longitude (Pro Data)">
<value>W114.08299</value>
</Data>
<Data name="Distance to Active Point (Pro Data)">
<value>5.10 mi</value>
</Data>
<Data name="Latitude (Pro Data)">
<value>N34.11054</value>
</Data>
</ExtendedData>
</extensions>
</wpt>
<wpt lat="34.10723443" lon="-114.06689619">
<ele>307.034</ele>
<time>2026-01-10T22:07:27.742Z</time>
<name>14</name>
<sym>Waypoint</sym>
<type>Mile Marker</type>
<extensions>
<label xmlns="http://www.topografix.com/GPX/gpx_overlay/0/5">
<label_text>14</label_text>
</label>
<ExtendedData xmlns="http://www.topografix.com/GPX/Private/TopoGrafix/0/5">
<Data name="Bearing (Pro Data)">
<value>105.65° True</value>
</Data>
<Data name="Longitude (Pro Data)">
<value>W114.06690</value>
</Data>
<Data name="Distance to Active Point (Pro Data)">
<value>6.05 mi</value>
</Data>
<Data name="Latitude (Pro Data)">
<value>N34.10723</value>
</Data>
</ExtendedData>
</extensions>
</wpt>
<wpt lat="34.10549494" lon="-114.05077748">
<ele>323.557</ele>
<time>2026-01-10T22:07:27.742Z</time>
<name>15</name>
<sym>Waypoint</sym>
<type>Mile Marker</type>
<extensions>
<label xmlns="http://www.topografix.com/GPX/gpx_overlay/0/5">
<label_text>15</label_text>
</label>
<ExtendedData xmlns="http://www.topografix.com/GPX/Private/TopoGrafix/0/5">
<Data name="Bearing (Pro Data)">
<value>104.54° True</value>
</Data>
<Data name="Longitude (Pro Data)">
<value>W114.05078</value>
</Data>
<Data name="Distance to Active Point (Pro Data)">
<value>6.97 mi</value>
</Data>
<Data name="Latitude (Pro Data)">
<value>N34.10549</value>
</Data>
</ExtendedData>
</extensions>
</wpt>
<wpt lat="34.10123816" lon="-114.03520114">
<ele>341.406</ele>
<time>2026-01-10T22:07:27.743Z</time>
<name>16</name>
<sym>Waypoint</sym>
<type>Mile Marker</type>
<extensions>
<label xmlns="http://www.topografix.com/GPX/gpx_overlay/0/5">
<label_text>16</label_text>
</label>
<ExtendedData xmlns="http://www.topografix.com/GPX/Private/TopoGrafix/0/5">
<Data name="Bearing (Pro Data)">
<value>104.97° True</value>
</Data>
<Data name="Longitude (Pro Data)">
<value>W114.03520</value>
</Data>
<Data name="Distance to Active Point (Pro Data)">
<value>7.91 mi</value>
</Data>
<Data name="Latitude (Pro Data)">
<value>N34.10124</value>
</Data>
</ExtendedData>
</extensions>
</wpt>
<wpt lat="34.10074820" lon="-114.01811228">
<ele>357.982</ele>
<time>2026-01-10T22:07:27.743Z</time>
<name>17</name>
<sym>Waypoint</sym>
<type>Mile Marker</type>
<extensions>
<label xmlns="http://www.topografix.com/GPX/gpx_overlay/0/5">
<label_text>17</label_text>
</label>
<ExtendedData xmlns="http://www.topografix.com/GPX/Private/TopoGrafix/0/5">
<Data name="Bearing (Pro Data)">
<value>103.53° True</value>
</Data>
<Data name="Longitude (Pro Data)">
<value>W114.01811</value>
</Data>
<Data name="Distance to Active Point (Pro Data)">
<value>8.86 mi</value>
</Data>
<Data name="Latitude (Pro Data)">
<value>N34.10075</value>
</Data>
</ExtendedData>
</extensions>
</wpt>
<wpt lat="34.10710061" lon="-114.01184608">
<ele>365.294</ele>
<time>2026-01-10T22:07:27.744Z</time>
<name>18</name>
<sym>Waypoint</sym>
<type>Mile Marker</type>
<extensions>
<label xmlns="http://www.topografix.com/GPX/gpx_overlay/0/5">
<label_text>18</label_text>
</label>
<ExtendedData xmlns="http://www.topografix.com/GPX/Private/TopoGrafix/0/5">
<Data name="Bearing (Pro Data)">
<value>100.33° True</value>
</Data>
<Data name="Longitude (Pro Data)">
<value>W114.01185</value>
</Data>
<Data name="Distance to Active Point (Pro Data)">
<value>9.13 mi</value>
</Data>
<Data name="Latitude (Pro Data)">
<value>N34.10710</value>
</Data>
</ExtendedData>
</extensions>
</wpt>
<wpt lat="34.10278013" lon="-114.00752669">
<ele>366.114</ele>
<time>2026-01-10T22:07:27.744Z</time>
<name>19</name>
<sym>Waypoint</sym>
<type>Mile Marker</type>
<extensions>
<label xmlns="http://www.topografix.com/GPX/gpx_overlay/0/5">
<label_text>19</label_text>
</label>
<ExtendedData xmlns="http://www.topografix.com/GPX/Private/TopoGrafix/0/5">
<Data name="Bearing (Pro Data)">
<value>101.84° True</value>
</Data>
<Data name="Longitude (Pro Data)">
<value>W114.00753</value>
</Data>
<Data name="Distance to Active Point (Pro Data)">
<value>9.43 mi</value>
</Data>
<Data name="Latitude (Pro Data)">
<value>N34.10278</value>
</Data>
</ExtendedData>
</extensions>
</wpt>
<wpt lat="34.10137625" lon="-113.99206827">
<ele>377.458</ele>
<time>2026-01-10T22:07:27.744Z</time>
<name>20</name>
<sym>Waypoint</sym>
<type>Mile Marker</type>
<extensions>
<label xmlns="http://www.topografix.com/GPX/gpx_overlay/0/5">
<label_text>20</label_text>
</label>
<ExtendedData xmlns="http://www.topografix.com/GPX/Private/TopoGrafix/0/5">
<Data name="Bearing (Pro Data)">
<value>101.35° True</value>
</Data>
<Data name="Longitude (Pro Data)">
<value>W113.99207</value>
</Data>
<Data name="Distance to Active Point (Pro Data)">
<value>10.31 mi</value>
</Data>
<Data name="Latitude (Pro Data)">
<value>N34.10138</value>
</Data>
</ExtendedData>
</extensions>
</wpt>
<wpt lat="34.10537539" lon="-113.97665490">
<ele>392.909</ele>
<time>2026-01-10T22:07:27.744Z</time>
<name>21</name>
<sym>Waypoint</sym>
<type>Mile Marker</type>
<extensions>
<label xmlns="http://www.topografix.com/GPX/gpx_overlay/0/5">
<label_text>21</label_text>
</label>
<ExtendedData xmlns="http://www.topografix.com/GPX/Private/TopoGrafix/0/5">
<Data name="Bearing (Pro Data)">
<value>99.05° True</value>
</Data>
<Data name="Longitude (Pro Data)">
<value>W113.97665</value>
</Data>
<Data name="Distance to Active Point (Pro Data)">
<value>11.13 mi</value>
</Data>
<Data name="Latitude (Pro Data)">
<value>N34.10538</value>
</Data>
</ExtendedData>
</extensions>
</wpt>
<wpt lat="34.10839771" lon="-113.96016352">
<ele>409.636</ele>
<time>2026-01-10T22:07:27.746Z</time>
<name>22</name>
<sym>Waypoint</sym>
<type>Mile Marker</type>
<extensions>
<label xmlns="http://www.topografix.com/GPX/gpx_overlay/0/5">
<label_text>22</label_text>
</label>
<ExtendedData xmlns="http://www.topografix.com/GPX/Private/TopoGrafix/0/5">
<Data name="Bearing (Pro Data)">
<value>97.36° True</value>
</Data>
<Data name="Longitude (Pro Data)">
<value>W113.96016</value>
</Data>
<Data name="Distance to Active Point (Pro Data)">
<value>12.04 mi</value>
</Data>
<Data name="Latitude (Pro Data)">
<value>N34.10840</value>
</Data>
</ExtendedData>
</extensions>
</wpt>
<wpt lat="34.10114513" lon="-113.94506775">
<ele>416.826</ele>
<time>2026-01-10T22:07:27.746Z</time>
<name>23</name>
<sym>Waypoint</sym>
<type>Mile Marker</type>
<extensions>
<label xmlns="http://www.topografix.com/GPX/gpx_overlay/0/5">
<label_text>23</label_text>
</label>
<ExtendedData xmlns="http://www.topografix.com/GPX/Private/TopoGrafix/0/5">
<Data name="Bearing (Pro Data)">
<value>99.05° True</value>
</Data>
<Data name="Longitude (Pro Data)">
<value>W113.94507</value>
</Data>
<Data name="Distance to Active Point (Pro Data)">
<value>12.97 mi</value>
</Data>
<Data name="Latitude (Pro Data)">
<value>N34.10115</value>
</Data>
</ExtendedData>
</extensions>
</wpt>
<wpt lat="34.09359843" lon="-113.93101330">
<ele>417.195</ele>
<time>2026-01-10T22:07:27.747Z</time>
<name>24</name>
<sym>Waypoint</sym>
<type>Mile Marker</type>
<extensions>
<label xmlns="http://www.topografix.com/GPX/gpx_overlay/0/5">
<label_text>24</label_text>
</label>
<ExtendedData xmlns="http://www.topografix.com/GPX/Private/TopoGrafix/0/5">
<Data name="Bearing (Pro Data)">
<value>100.64° True</value>
</Data>
<Data name="Longitude (Pro Data)">
<value>W113.93101</value>
</Data>
<Data name="Distance to Active Point (Pro Data)">
<value>13.85 mi</value>
</Data>
<Data name="Latitude (Pro Data)">
<value>N34.09360</value>
</Data>
</ExtendedData>
</extensions>
</wpt>
<wpt lat="34.08799162" lon="-113.91713991">
<ele>439.823</ele>
<time>2026-01-10T22:07:27.747Z</time>
<name>25</name>
<sym>Waypoint</sym>
<type>Mile Marker</type>
<extensions>
<label xmlns="http://www.topografix.com/GPX/gpx_overlay/0/5">
<label_text>25</label_text>
</label>
<ExtendedData xmlns="http://www.topografix.com/GPX/Private/TopoGrafix/0/5">
<Data name="Bearing (Pro Data)">
<value>101.54° True</value>
</Data>
<Data name="Longitude (Pro Data)">
<value>W113.91714</value>
</Data>
<Data name="Distance to Active Point (Pro Data)">
<value>14.71 mi</value>
</Data>
<Data name="Latitude (Pro Data)">
<value>N34.08799</value>
</Data>
</ExtendedData>
</extensions>
</wpt>
<wpt lat="34.08227861" lon="-113.90355077">
<ele>454.451</ele>
<time>2026-01-10T22:07:27.748Z</time>
<name>26</name>
<sym>Waypoint</sym>
<type>Mile Marker</type>
<extensions>
<label xmlns="http://www.topografix.com/GPX/gpx_overlay/0/5">
<label_text>26</label_text>
</label>
<ExtendedData xmlns="http://www.topografix.com/GPX/Private/TopoGrafix/0/5">
<Data name="Bearing (Pro Data)">
<value>102.38° True</value>
</Data>
<Data name="Longitude (Pro Data)">
<value>W113.90355</value>
</Data>
<Data name="Distance to Active Point (Pro Data)">
<value>15.55 mi</value>
</Data>
<Data name="Latitude (Pro Data)">
<value>N34.08228</value>
</Data>
</ExtendedData>
</extensions>
</wpt>
<wpt lat="34.07611025" lon="-113.88857358">
<ele>437.205</ele>
<time>2026-01-10T22:07:27.749Z</time>
<name>27</name>
<sym>Waypoint</sym>
<type>Mile Marker</type>
<extensions>
<label xmlns="http://www.topografix.com/GPX/gpx_overlay/0/5">
<label_text>27</label_text>
</label>
<ExtendedData xmlns="http://www.topografix.com/GPX/Private/TopoGrafix/0/5">
<Data name="Bearing (Pro Data)">
<value>103.17° True</value>
</Data>
<Data name="Longitude (Pro Data)">
<value>W113.88857</value>
</Data>
<Data name="Distance to Active Point (Pro Data)">
<value>16.48 mi</value>
</Data>
<Data name="Latitude (Pro Data)">
<value>N34.07611</value>
</Data>
</ExtendedData>
</extensions>
</wpt>
<wpt lat="34.06377558" lon="-113.89305488">
<ele>425.199</ele>
<time>2026-01-10T22:07:27.749Z</time>
<name>28</name>
<sym>Waypoint</sym>
<type>Mile Marker</type>
<extensions>
<label xmlns="http://www.topografix.com/GPX/gpx_overlay/0/5">
<label_text>28</label_text>
</label>
<ExtendedData xmlns="http://www.topografix.com/GPX/Private/TopoGrafix/0/5">
<Data name="Bearing (Pro Data)">
<value>106.26° True</value>
</Data>
<Data name="Longitude (Pro Data)">
<value>W113.89305</value>
</Data>
<Data name="Distance to Active Point (Pro Data)">
<value>16.45 mi</value>
</Data>
<Data name="Latitude (Pro Data)">
<value>N34.06378</value>
</Data>
</ExtendedData>
</extensions>
</wpt>
<wpt lat="34.05229211" lon="-113.90166513">
<ele>411.099</ele>
<time>2026-01-10T22:07:27.750Z</time>
<name>29</name>
<sym>Waypoint</sym>
<type>Mile Marker</type>
<extensions>
<label xmlns="http://www.topografix.com/GPX/gpx_overlay/0/5">
<label_text>29</label_text>
</label>
<ExtendedData xmlns="http://www.topografix.com/GPX/Private/TopoGrafix/0/5">
<Data name="Bearing (Pro Data)">
<value>109.44° True</value>
</Data>
<Data name="Longitude (Pro Data)">
<value>W113.90167</value>
</Data>
<Data name="Distance to Active Point (Pro Data)">
<value>16.23 mi</value>
</Data>
<Data name="Latitude (Pro Data)">
<value>N34.05229</value>
</Data>
</ExtendedData>
</extensions>
</wpt>
<wpt lat="34.04007855" lon="-113.91042985">
<ele>401.501</ele>
<time>2026-01-10T22:07:27.750Z</time>
<name>30</name>
<sym>Waypoint</sym>
<type>Mile Marker</type>
<extensions>
<label xmlns="http://www.topografix.com/GPX/gpx_overlay/0/5">
<label_text>30</label_text>
</label>
<ExtendedData xmlns="http://www.topografix.com/GPX/Private/TopoGrafix/0/5">
<Data name="Bearing (Pro Data)">
<value>112.87° True</value>
</Data>
<Data name="Longitude (Pro Data)">
<value>W113.91043</value>
</Data>
<Data name="Distance to Active Point (Pro Data)">
<value>16.07 mi</value>
</Data>
<Data name="Latitude (Pro Data)">
<value>N34.04008</value>
</Data>
</ExtendedData>
</extensions>
</wpt>
<wpt lat="34.02896518" lon="-113.92136290">
<ele>381.701</ele>
<time>2026-01-10T22:07:27.751Z</time>
<name>31</name>
<sym>Waypoint</sym>
<type>Mile Marker</type>
<extensions>
<label xmlns="http://www.topografix.com/GPX/gpx_overlay/0/5">
<label_text>31</label_text>
</label>
<ExtendedData xmlns="http://www.topografix.com/GPX/Private/TopoGrafix/0/5">
<Data name="Bearing (Pro Data)">
<value>116.31° True</value>
</Data>
<Data name="Longitude (Pro Data)">
<value>W113.92136</value>
</Data>
<Data name="Distance to Active Point (Pro Data)">
<value>15.82 mi</value>
</Data>
<Data name="Latitude (Pro Data)">
<value>N34.02897</value>
</Data>
</ExtendedData>
</extensions>
</wpt>
<wpt lat="34.01924585" lon="-113.93375015">
<ele>366.873</ele>
<time>2026-01-10T22:07:27.751Z</time>
<name>32</name>
<sym>Waypoint</sym>
<type>Mile Marker</type>
<extensions>
<label xmlns="http://www.topografix.com/GPX/gpx_overlay/0/5">
<label_text>32</label_text>
</label>
<ExtendedData xmlns="http://www.topografix.com/GPX/Private/TopoGrafix/0/5">
<Data name="Bearing (Pro Data)">
<value>119.70° True</value>
</Data>
<Data name="Longitude (Pro Data)">
<value>W113.93375</value>
</Data>
<Data name="Distance to Active Point (Pro Data)">
<value>15.51 mi</value>
</Data>
<Data name="Latitude (Pro Data)">
<value>N34.01925</value>
</Data>
</ExtendedData>
</extensions>
</wpt>
<wpt lat="34.01273564" lon="-113.94584903">
<ele>356.000</ele>
<time>2026-01-10T22:07:27.752Z</time>
<name>33</name>
<sym>Waypoint</sym>
<type>Mile Marker</type>
<extensions>
<label xmlns="http://www.topografix.com/GPX/gpx_overlay/0/5">
<label_text>33</label_text>
</label>
<ExtendedData xmlns="http://www.topografix.com/GPX/Private/TopoGrafix/0/5">
<Data name="Bearing (Pro Data)">
<value>122.48° True</value>
</Data>
<Data name="Longitude (Pro Data)">
<value>W113.94585</value>
</Data>
<Data name="Distance to Active Point (Pro Data)">
<value>15.14 mi</value>
</Data>
<Data name="Latitude (Pro Data)">
<value>N34.01274</value>
</Data>
</ExtendedData>
</extensions>
</wpt>
<wpt lat="34.00496903" lon="-113.96021303">
<ele>341.300</ele>
<time>2026-01-10T22:07:27.752Z</time>
<name>34</name>
<sym>Waypoint</sym>
<type>Mile Marker</type>
<extensions>
<label xmlns="http://www.topografix.com/GPX/gpx_overlay/0/5">
<label_text>34</label_text>
</label>
<ExtendedData xmlns="http://www.topografix.com/GPX/Private/TopoGrafix/0/5">
<Data name="Bearing (Pro Data)">
<value>125.96° True</value>
</Data>
<Data name="Longitude (Pro Data)">
<value>W113.96021</value>
</Data>
<Data name="Distance to Active Point (Pro Data)">
<value>14.77 mi</value>
</Data>
<Data name="Latitude (Pro Data)">
<value>N34.00497</value>
</Data>
</ExtendedData>
</extensions>
</wpt>
<wpt lat="33.99741326" lon="-113.97468809">
<ele>326.666</ele>
<time>2026-01-10T22:07:27.753Z</time>
<name>35</name>
<sym>Waypoint</sym>
<type>Mile Marker</type>
<extensions>
<label xmlns="http://www.topografix.com/GPX/gpx_overlay/0/5">
<label_text>35</label_text>
</label>
<ExtendedData xmlns="http://www.topografix.com/GPX/Private/TopoGrafix/0/5">
<Data name="Bearing (Pro Data)">
<value>129.57° True</value>
</Data>
<Data name="Longitude (Pro Data)">
<value>W113.97469</value>
</Data>
<Data name="Distance to Active Point (Pro Data)">
<value>14.43 mi</value>
</Data>
<Data name="Latitude (Pro Data)">
<value>N33.99741</value>
</Data>
</ExtendedData>
</extensions>
</wpt>
<wpt lat="33.98693824" lon="-113.98642815">
<ele>312.813</ele>
<time>2026-01-10T22:07:27.753Z</time>
<name>36</name>
<sym>Waypoint</sym>
<type>Mile Marker</type>
<extensions>
<label xmlns="http://www.topografix.com/GPX/gpx_overlay/0/5">
<label_text>36</label_text>
</label>
<ExtendedData xmlns="http://www.topografix.com/GPX/Private/TopoGrafix/0/5">
<Data name="Bearing (Pro Data)">
<value>133.50° True</value>
</Data>
<Data name="Longitude (Pro Data)">
<value>W113.98643</value>
</Data>
<Data name="Distance to Active Point (Pro Data)">
<value>14.41 mi</value>
</Data>
<Data name="Latitude (Pro Data)">
<value>N33.98694</value>
</Data>
</ExtendedData>
</extensions>
</wpt>
<wpt lat="33.97505893" lon="-113.99477761">
<ele>297.652</ele>
<time>2026-01-10T22:07:27.753Z</time>
<name>37</name>
<sym>Waypoint</sym>
<type>Mile Marker</type>
<extensions>
<label xmlns="http://www.topografix.com/GPX/gpx_overlay/0/5">
<label_text>37</label_text>
</label>
<ExtendedData xmlns="http://www.topografix.com/GPX/Private/TopoGrafix/0/5">
<Data name="Bearing (Pro Data)">
<value>137.11° True</value>
</Data>
<Data name="Longitude (Pro Data)">
<value>W113.99478</value>
</Data>
<Data name="Distance to Active Point (Pro Data)">
<value>14.65 mi</value>
</Data>
<Data name="Latitude (Pro Data)">
<value>N33.97506</value>
</Data>
</ExtendedData>
</extensions>
</wpt>
<wpt lat="33.96515540" lon="-113.99454264">
<ele>295.409</ele>
<time>2026-01-10T22:07:27.754Z</time>
<name>38</name>
<sym>Waypoint</sym>
<type>Mile Marker</type>
<extensions>
<label xmlns="http://www.topografix.com/GPX/gpx_overlay/0/5">
<label_text>38</label_text>
</label>
<ExtendedData xmlns="http://www.topografix.com/GPX/Private/TopoGrafix/0/5">
<Data name="Bearing (Pro Data)">
<value>138.83° True</value>
</Data>
<Data name="Longitude (Pro Data)">
<value>W113.99454</value>
</Data>
<Data name="Distance to Active Point (Pro Data)">
<value>15.17 mi</value>
</Data>
<Data name="Latitude (Pro Data)">
<value>N33.96516</value>
</Data>
</ExtendedData>
</extensions>
</wpt>
<wpt lat="33.96866211" lon="-113.97812140">
<ele>308.616</ele>
<time>2026-01-10T22:07:27.754Z</time>
<name>39</name>
<sym>Waypoint</sym>
<type>Mile Marker</type>
<extensions>
<label xmlns="http://www.topografix.com/GPX/gpx_overlay/0/5">
<label_text>39</label_text>
</label>
<ExtendedData xmlns="http://www.topografix.com/GPX/Private/TopoGrafix/0/5">
<Data name="Bearing (Pro Data)">
<value>135.64° True</value>
</Data>
<Data name="Longitude (Pro Data)">
<value>W113.97812</value>
</Data>
<Data name="Distance to Active Point (Pro Data)">
<value>15.63 mi</value>
</Data>
<Data name="Latitude (Pro Data)">
<value>N33.96866</value>
</Data>
</ExtendedData>
</extensions>
</wpt>
<wpt lat="33.97343254" lon="-113.96246416">
<ele>324.399</ele>
<time>2026-01-10T22:07:27.755Z</time>
<name>40</name>
<sym>Waypoint</sym>
<type>Mile Marker</type>
<extensions>
<label xmlns="http://www.topografix.com/GPX/gpx_overlay/0/5">
<label_text>40</label_text>
</label>
<ExtendedData xmlns="http://www.topografix.com/GPX/Private/TopoGrafix/0/5">
<Data name="Bearing (Pro Data)">
<value>132.52° True</value>
</Data>
<Data name="Longitude (Pro Data)">
<value>W113.96246</value>
</Data>
<Data name="Distance to Active Point (Pro Data)">
<value>16.05 mi</value>
</Data>
<Data name="Latitude (Pro Data)">
<value>N33.97343</value>
</Data>
</ExtendedData>
</extensions>
</wpt>
<wpt lat="33.98003451" lon="-113.94727691">
<ele>340.651</ele>
<time>2026-01-10T22:07:27.755Z</time>
<name>41</name>
<sym>Waypoint</sym>
<type>Mile Marker</type>
<extensions>
<label xmlns="http://www.topografix.com/GPX/gpx_overlay/0/5">
<label_text>41</label_text>
</label>
<ExtendedData xmlns="http://www.topografix.com/GPX/Private/TopoGrafix/0/5">
<Data name="Bearing (Pro Data)">
<value>129.28° True</value>
</Data>
<Data name="Longitude (Pro Data)">
<value>W113.94728</value>
</Data>
<Data name="Distance to Active Point (Pro Data)">
<value>16.41 mi</value>
</Data>
<Data name="Latitude (Pro Data)">
<value>N33.98003</value>
</Data>
</ExtendedData>
</extensions>
</wpt>
<wpt lat="33.98419299" lon="-113.93112768">
<ele>356.372</ele>
<time>2026-01-10T22:07:27.756Z</time>
<name>42</name>
<sym>Waypoint</sym>
<type>Mile Marker</type>
<extensions>
<label xmlns="http://www.topografix.com/GPX/gpx_overlay/0/5">
<label_text>42</label_text>
</label>
<ExtendedData xmlns="http://www.topografix.com/GPX/Private/TopoGrafix/0/5">
<Data name="Bearing (Pro Data)">
<value>126.55° True</value>
</Data>
<Data name="Longitude (Pro Data)">
<value>W113.93113</value>
</Data>
<Data name="Distance to Active Point (Pro Data)">
<value>16.96 mi</value>
</Data>
<Data name="Latitude (Pro Data)">
<value>N33.98419</value>
</Data>
</ExtendedData>
</extensions>
</wpt>
<wpt lat="33.98556102" lon="-113.91413657">
<ele>374.901</ele>
<time>2026-01-10T22:07:27.756Z</time>
<name>43</name>
<sym>Waypoint</sym>
<type>Mile Marker</type>
<extensions>
<label xmlns="http://www.topografix.com/GPX/gpx_overlay/0/5">
<label_text>43</label_text>
</label>
<ExtendedData xmlns="http://www.topografix.com/GPX/Private/TopoGrafix/0/5">
<Data name="Bearing (Pro Data)">
<value>124.41° True</value>
</Data>
<Data name="Longitude (Pro Data)">
<value>W113.91414</value>
</Data>
<Data name="Distance to Active Point (Pro Data)">
<value>17.70 mi</value>
</Data>
<Data name="Latitude (Pro Data)">
<value>N33.98556</value>
</Data>
</ExtendedData>
</extensions>
</wpt>
<wpt lat="33.99162568" lon="-113.89908858">
<ele>388.812</ele>
<time>2026-01-10T22:07:27.757Z</time>
<name>44</name>
<sym>Waypoint</sym>
<type>Mile Marker</type>
<extensions>
<label xmlns="http://www.topografix.com/GPX/gpx_overlay/0/5">
<label_text>44</label_text>
</label>
<ExtendedData xmlns="http://www.topografix.com/GPX/Private/TopoGrafix/0/5">
<Data name="Bearing (Pro Data)">
<value>121.78° True</value>
</Data>
<Data name="Longitude (Pro Data)">
<value>W113.89909</value>
</Data>
<Data name="Distance to Active Point (Pro Data)">
<value>18.19 mi</value>
</Data>
<Data name="Latitude (Pro Data)">
<value>N33.99163</value>
</Data>
</ExtendedData>
</extensions>
</wpt>
<wpt lat="33.99475673" lon="-113.88229706">
<ele>403.839</ele>
<time>2026-01-10T22:07:27.757Z</time>
<name>45</name>
<sym>Waypoint</sym>
<type>Mile Marker</type>
<extensions>
<label xmlns="http://www.topografix.com/GPX/gpx_overlay/0/5">
<label_text>45</label_text>
</label>
<ExtendedData xmlns="http://www.topografix.com/GPX/Private/TopoGrafix/0/5">
<Data name="Bearing (Pro Data)">
<value>119.68° True</value>
</Data>
<Data name="Longitude (Pro Data)">
<value>W113.88230</value>
</Data>
<Data name="Distance to Active Point (Pro Data)">
<value>18.91 mi</value>
</Data>
<Data name="Latitude (Pro Data)">
<value>N33.99476</value>
</Data>
</ExtendedData>
</extensions>
</wpt>
<wpt lat="33.99961709" lon="-113.86632910">
<ele>413.550</ele>
<time>2026-01-10T22:07:27.757Z</time>
<name>46</name>
<sym>Waypoint</sym>
<type>Mile Marker</type>
<extensions>
<label xmlns="http://www.topografix.com/GPX/gpx_overlay/0/5">
<label_text>46</label_text>
</label>
<ExtendedData xmlns="http://www.topografix.com/GPX/Private/TopoGrafix/0/5">
<Data name="Bearing (Pro Data)">
<value>117.49° True</value>
</Data>
<Data name="Longitude (Pro Data)">
<value>W113.86633</value>
</Data>
<Data name="Distance to Active Point (Pro Data)">
<value>19.55 mi</value>
</Data>
<Data name="Latitude (Pro Data)">
<value>N33.99962</value>
</Data>
</ExtendedData>
</extensions>
</wpt>
<wpt lat="33.99806674" lon="-113.85043130">
<ele>443.176</ele>
<time>2026-01-10T22:07:27.757Z</time>
<name>47</name>
<sym>Waypoint</sym>
<type>Mile Marker</type>
<extensions>
<label xmlns="http://www.topografix.com/GPX/gpx_overlay/0/5">
<label_text>47</label_text>
</label>
<ExtendedData xmlns="http://www.topografix.com/GPX/Private/TopoGrafix/0/5">
<Data name="Bearing (Pro Data)">
<value>116.57° True</value>
</Data>
<Data name="Longitude (Pro Data)">
<value>W113.85043</value>
</Data>
<Data name="Distance to Active Point (Pro Data)">
<value>20.41 mi</value>
</Data>
<Data name="Latitude (Pro Data)">
<value>N33.99807</value>
</Data>
</ExtendedData>
</extensions>
</wpt>
<wpt lat="33.99110831" lon="-113.83695235">
<ele>436.245</ele>
<time>2026-01-10T22:07:27.759Z</time>
<name>48</name>
<sym>Waypoint</sym>
<type>Mile Marker</type>
<extensions>
<label xmlns="http://www.topografix.com/GPX/gpx_overlay/0/5">
<label_text>48</label_text>
</label>
<ExtendedData xmlns="http://www.topografix.com/GPX/Private/TopoGrafix/0/5">
<Data name="Bearing (Pro Data)">
<value>116.79° True</value>
</Data>
<Data name="Longitude (Pro Data)">
<value>W113.83695</value>
</Data>
<Data name="Distance to Active Point (Pro Data)">
<value>21.32 mi</value>
</Data>
<Data name="Latitude (Pro Data)">
<value>N33.99111</value>
</Data>
</ExtendedData>
</extensions>
</wpt>
<wpt lat="33.98609828" lon="-113.82187847">
<ele>424.099</ele>
<time>2026-01-10T22:07:27.759Z</time>
<name>49</name>
<sym>Waypoint</sym>
<type>Mile Marker</type>
<extensions>
<label xmlns="http://www.topografix.com/GPX/gpx_overlay/0/5">
<label_text>49</label_text>
</label>
<ExtendedData xmlns="http://www.topografix.com/GPX/Private/TopoGrafix/0/5">
<Data name="Bearing (Pro Data)">
<value>116.57° True</value>
</Data>
<Data name="Longitude (Pro Data)">
<value>W113.82188</value>
</Data>
<Data name="Distance to Active Point (Pro Data)">
<value>22.25 mi</value>
</Data>
<Data name="Latitude (Pro Data)">
<value>N33.98610</value>
</Data>
</ExtendedData>
</extensions>
</wpt>
<wpt lat="33.98620855" lon="-113.80451398">
<ele>424.175</ele>
<time>2026-01-10T22:07:27.760Z</time>
<name>50</name>
<sym>Waypoint</sym>
<type>Mile Marker</type>
<extensions>
<label xmlns="http://www.topografix.com/GPX/gpx_overlay/0/5">
<label_text>50</label_text>
</label>
<ExtendedData xmlns="http://www.topografix.com/GPX/Private/TopoGrafix/0/5">
<Data name="Bearing (Pro Data)">
<value>115.44° True</value>
</Data>
<Data name="Longitude (Pro Data)">
<value>W113.80451</value>
</Data>
<Data name="Distance to Active Point (Pro Data)">
<value>23.14 mi</value>
</Data>
<Data name="Latitude (Pro Data)">
<value>N33.98621</value>
</Data>
</ExtendedData>
</extensions>
</wpt>
<wpt lat="33.98361821" lon="-113.78805576">
<ele>423.422</ele>
<time>2026-01-10T22:07:27.760Z</time>
<name>51</name>
<sym>Waypoint</sym>
<type>Mile Marker</type>
<extensions>
<label xmlns="http://www.topografix.com/GPX/gpx_overlay/0/5">
<label_text>51</label_text>
</label>
<ExtendedData xmlns="http://www.topografix.com/GPX/Private/TopoGrafix/0/5">
<Data name="Bearing (Pro Data)">
<value>114.85° True</value>
</Data>
<Data name="Longitude (Pro Data)">
<value>W113.78806</value>
</Data>
<Data name="Distance to Active Point (Pro Data)">
<value>24.07 mi</value>
</Data>
<Data name="Latitude (Pro Data)">
<value>N33.98362</value>
</Data>
</ExtendedData>
</extensions>
</wpt>
<wpt lat="33.97685240" lon="-113.80142692">
<ele>416.299</ele>
<time>2026-01-10T22:07:27.761Z</time>
<name>52</name>
<sym>Waypoint</sym>
<type>Mile Marker</type>
<extensions>
<label xmlns="http://www.topografix.com/GPX/gpx_overlay/0/5">
<label_text>52</label_text>
</label>
<ExtendedData xmlns="http://www.topografix.com/GPX/Private/TopoGrafix/0/5">
<Data name="Bearing (Pro Data)">
<value>116.66° True</value>
</Data>
<Data name="Longitude (Pro Data)">
<value>W113.80143</value>
</Data>
<Data name="Distance to Active Point (Pro Data)">
<value>23.58 mi</value>
</Data>
<Data name="Latitude (Pro Data)">
<value>N33.97685</value>
</Data>
</ExtendedData>
</extensions>
</wpt>
<wpt lat="33.96636153" lon="-113.81309231">
<ele>410.380</ele>
<time>2026-01-10T22:07:27.761Z</time>
<name>53</name>
<sym>Waypoint</sym>
<type>Mile Marker</type>
<extensions>
<label xmlns="http://www.topografix.com/GPX/gpx_overlay/0/5">
<label_text>53</label_text>
</label>
<ExtendedData xmlns="http://www.topografix.com/GPX/Private/TopoGrafix/0/5">
<Data name="Bearing (Pro Data)">
<value>118.99° True</value>
</Data>
<Data name="Longitude (Pro Data)">
<value>W113.81309</value>
</Data>
<Data name="Distance to Active Point (Pro Data)">
<value>23.33 mi</value>
</Data>
<Data name="Latitude (Pro Data)">
<value>N33.96636</value>
</Data>
</ExtendedData>
</extensions>
</wpt>
<wpt lat="33.95945997" lon="-113.81406774">
<ele>408.962</ele>
<time>2026-01-10T22:07:27.762Z</time>
<name>54</name>
<sym>Waypoint</sym>
<type>Mile Marker</type>
<extensions>
<label xmlns="http://www.topografix.com/GPX/gpx_overlay/0/5">
<label_text>54</label_text>
</label>
<ExtendedData xmlns="http://www.topografix.com/GPX/Private/TopoGrafix/0/5">
<Data name="Bearing (Pro Data)">
<value>120.07° True</value>
</Data>
<Data name="Longitude (Pro Data)">
<value>W113.81407</value>
</Data>
<Data name="Distance to Active Point (Pro Data)">
<value>23.52 mi</value>
</Data>
<Data name="Latitude (Pro Data)">
<value>N33.95946</value>
</Data>
</ExtendedData>
</extensions>
</wpt>
<wpt lat="33.96957138" lon="-113.80437888">
<ele>425.300</ele>
<time>2026-01-10T22:07:27.762Z</time>
<name>55</name>
<sym>Waypoint</sym>
<type>Mile Marker</type>
<extensions>
<label xmlns="http://www.topografix.com/GPX/gpx_overlay/0/5">
<label_text>55</label_text>
</label>
<ExtendedData xmlns="http://www.topografix.com/GPX/Private/TopoGrafix/0/5">
<Data name="Bearing (Pro Data)">
<value>117.93° True</value>
</Data>
<Data name="Longitude (Pro Data)">
<value>W113.80438</value>
</Data>
<Data name="Distance to Active Point (Pro Data)">
<value>23.66 mi</value>
</Data>
<Data name="Latitude (Pro Data)">
<value>N33.96957</value>
</Data>
</ExtendedData>
</extensions>
</wpt>
<wpt lat="33.97945293" lon="-113.79449132">
<ele>429.658</ele>
<time>2026-01-10T22:07:27.763Z</time>
<name>56</name>
<sym>Waypoint</sym>
<type>Mile Marker</type>
<extensions>
<label xmlns="http://www.topografix.com/GPX/gpx_overlay/0/5">
<label_text>56</label_text>
</label>
<ExtendedData xmlns="http://www.topografix.com/GPX/Private/TopoGrafix/0/5">
<Data name="Bearing (Pro Data)">
<value>115.85° True</value>
</Data>
<Data name="Longitude (Pro Data)">
<value>W113.79449</value>
</Data>
<Data name="Distance to Active Point (Pro Data)">
<value>23.86 mi</value>
</Data>
<Data name="Latitude (Pro Data)">
<value>N33.97945</value>
</Data>
</ExtendedData>
</extensions>
</wpt>
<wpt lat="33.98298004" lon="-113.77899242">
<ele>435.699</ele>
<time>2026-01-10T22:07:27.763Z</time>
<name>57</name>
<sym>Waypoint</sym>
<type>Mile Marker</type>
<extensions>
<label xmlns="http://www.topografix.com/GPX/gpx_overlay/0/5">
<label_text>57</label_text>
</label>
<ExtendedData xmlns="http://www.topografix.com/GPX/Private/TopoGrafix/0/5">
<Data name="Bearing (Pro Data)">
<value>114.43° True</value>
</Data>
<Data name="Longitude (Pro Data)">
<value>W113.77899</value>
</Data>
<Data name="Distance to Active Point (Pro Data)">
<value>24.56 mi</value>
</Data>
<Data name="Latitude (Pro Data)">
<value>N33.98298</value>
</Data>
</ExtendedData>
</extensions>
</wpt>
<wpt lat="33.98660126" lon="-113.76280698">
<ele>444.776</ele>
<time>2026-01-10T22:07:27.764Z</time>
<name>58</name>
<sym>Waypoint</sym>
<type>Mile Marker</type>
<extensions>
<label xmlns="http://www.topografix.com/GPX/gpx_overlay/0/5">
<label_text>58</label_text>
</label>
<ExtendedData xmlns="http://www.topografix.com/GPX/Private/TopoGrafix/0/5">
<Data name="Bearing (Pro Data)">
<value>113.04° True</value>
</Data>
<Data name="Longitude (Pro Data)">
<value>W113.76281</value>
</Data>
<Data name="Distance to Active Point (Pro Data)">
<value>25.31 mi</value>
</Data>
<Data name="Latitude (Pro Data)">
<value>N33.98660</value>
</Data>
</ExtendedData>
</extensions>
</wpt>
<wpt lat="33.98660788" lon="-113.74542862">
<ele>455.950</ele>
<time>2026-01-10T22:07:27.764Z</time>
<name>59</name>
<sym>Waypoint</sym>
<type>Mile Marker</type>
<extensions>
<label xmlns="http://www.topografix.com/GPX/gpx_overlay/0/5">
<label_text>59</label_text>
</label>
<ExtendedData xmlns="http://www.topografix.com/GPX/Private/TopoGrafix/0/5">
<Data name="Bearing (Pro Data)">
<value>112.17° True</value>
</Data>
<Data name="Longitude (Pro Data)">
<value>W113.74543</value>
</Data>
<Data name="Distance to Active Point (Pro Data)">
<value>26.23 mi</value>
</Data>
<Data name="Latitude (Pro Data)">
<value>N33.98661</value>
</Data>
</ExtendedData>
</extensions>
</wpt>
<wpt lat="33.98653315" lon="-113.73495974">
<ele>455.923</ele>
<time>2026-01-10T22:07:27.765Z</time>
<name>60</name>
<sym>Waypoint</sym>
<type>Mile Marker</type>
<extensions>
<label xmlns="http://www.topografix.com/GPX/gpx_overlay/0/5">
<label_text>60</label_text>
</label>
<ExtendedData xmlns="http://www.topografix.com/GPX/Private/TopoGrafix/0/5">
<Data name="Bearing (Pro Data)">
<value>111.69° True</value>
</Data>
<Data name="Longitude (Pro Data)">
<value>W113.73496</value>
</Data>
<Data name="Distance to Active Point (Pro Data)">
<value>26.78 mi</value>
</Data>
<Data name="Latitude (Pro Data)">
<value>N33.98653</value>
</Data>
</ExtendedData>
</extensions>
</wpt>
<wpt lat="33.98667265" lon="-113.71754771">
<ele>472.800</ele>
<time>2026-01-10T22:07:27.765Z</time>
<name>61</name>
<sym>Waypoint</sym>
<type>Mile Marker</type>
<extensions>
<label xmlns="http://www.topografix.com/GPX/gpx_overlay/0/5">
<label_text>61</label_text>
</label>
<ExtendedData xmlns="http://www.topografix.com/GPX/Private/TopoGrafix/0/5">
<Data name="Bearing (Pro Data)">
<value>110.90° True</value>
</Data>
<Data name="Longitude (Pro Data)">
<value>W113.71755</value>
</Data>
<Data name="Distance to Active Point (Pro Data)">
<value>27.71 mi</value>
</Data>
<Data name="Latitude (Pro Data)">
<value>N33.98667</value>
</Data>
</ExtendedData>
</extensions>
</wpt>
<wpt lat="33.98671756" lon="-113.70013226">
<ele>488.445</ele>
<time>2026-01-10T22:07:27.766Z</time>
<name>62</name>
<sym>Waypoint</sym>
<type>Mile Marker</type>
<extensions>
<label xmlns="http://www.topografix.com/GPX/gpx_overlay/0/5">
<label_text>62</label_text>
</label>
<ExtendedData xmlns="http://www.topografix.com/GPX/Private/TopoGrafix/0/5">
<Data name="Bearing (Pro Data)">
<value>110.17° True</value>
</Data>
<Data name="Longitude (Pro Data)">
<value>W113.70013</value>
</Data>
<Data name="Distance to Active Point (Pro Data)">
<value>28.64 mi</value>
</Data>
<Data name="Latitude (Pro Data)">
<value>N33.98672</value>
</Data>
</ExtendedData>
</extensions>
</wpt>
<wpt lat="33.98664039" lon="-113.68271801">
<ele>505.468</ele>
<time>2026-01-10T22:07:27.766Z</time>
<name>63</name>
<sym>Waypoint</sym>
<type>Mile Marker</type>
<extensions>
<label xmlns="http://www.topografix.com/GPX/gpx_overlay/0/5">
<label_text>63</label_text>
</label>
<ExtendedData xmlns="http://www.topografix.com/GPX/Private/TopoGrafix/0/5">
<Data name="Bearing (Pro Data)">
<value>109.51° True</value>
</Data>
<Data name="Longitude (Pro Data)">
<value>W113.68272</value>
</Data>
<Data name="Distance to Active Point (Pro Data)">
<value>29.58 mi</value>
</Data>
<Data name="Latitude (Pro Data)">
<value>N33.98664</value>
</Data>
</ExtendedData>
</extensions>
</wpt>
<wpt lat="33.98672822" lon="-113.66530278">
<ele>523.838</ele>
<time>2026-01-10T22:07:27.767Z</time>
<name>64</name>
<sym>Waypoint</sym>
<type>Mile Marker</type>
<extensions>
<label xmlns="http://www.topografix.com/GPX/gpx_overlay/0/5">
<label_text>64</label_text>
</label>
<ExtendedData xmlns="http://www.topografix.com/GPX/Private/TopoGrafix/0/5">
<Data name="Bearing (Pro Data)">
<value>108.86° True</value>
</Data>
<Data name="Longitude (Pro Data)">
<value>W113.66530</value>
</Data>
<Data name="Distance to Active Point (Pro Data)">
<value>30.53 mi</value>
</Data>
<Data name="Latitude (Pro Data)">
<value>N33.98673</value>
</Data>
</ExtendedData>
</extensions>
</wpt>
<wpt lat="33.98668539" lon="-113.64789000">
<ele>544.440</ele>
<time>2026-01-10T22:07:27.767Z</time>
<name>65</name>
<sym>Waypoint</sym>
<type>Mile Marker</type>
<extensions>
<label xmlns="http://www.topografix.com/GPX/gpx_overlay/0/5">
<label_text>65</label_text>
</label>
<ExtendedData xmlns="http://www.topografix.com/GPX/Private/TopoGrafix/0/5">
<Data name="Bearing (Pro Data)">
<value>108.27° True</value>
</Data>
<Data name="Longitude (Pro Data)">
<value>W113.64789</value>
</Data>
<Data name="Distance to Active Point (Pro Data)">
<value>31.47 mi</value>
</Data>
<Data name="Latitude (Pro Data)">
<value>N33.98669</value>
</Data>
</ExtendedData>
</extensions>
</wpt>
<wpt lat="33.98478315" lon="-113.63088612">
<ele>566.706</ele>
<time>2026-01-10T22:07:27.767Z</time>
<name>66</name>
<sym>Waypoint</sym>
<type>Mile Marker</type>
<extensions>
<label xmlns="http://www.topografix.com/GPX/gpx_overlay/0/5">
<label_text>66</label_text>
</label>
<ExtendedData xmlns="http://www.topografix.com/GPX/Private/TopoGrafix/0/5">
<Data name="Bearing (Pro Data)">
<value>107.94° True</value>
</Data>
<Data name="Longitude (Pro Data)">
<value>W113.63089</value>
</Data>
<Data name="Distance to Active Point (Pro Data)">
<value>32.44 mi</value>
</Data>
<Data name="Latitude (Pro Data)">
<value>N33.98478</value>
</Data>
</ExtendedData>
</extensions>
</wpt>
<wpt lat="33.97933110" lon="-113.61474975">
<ele>596.277</ele>
<time>2026-01-10T22:07:27.767Z</time>
<name>67</name>
<sym>Waypoint</sym>
<type>Mile Marker</type>
<extensions>
<label xmlns="http://www.topografix.com/GPX/gpx_overlay/0/5">
<label_text>67</label_text>
</label>
<ExtendedData xmlns="http://www.topografix.com/GPX/Private/TopoGrafix/0/5">
<Data name="Bearing (Pro Data)">
<value>108.06° True</value>
</Data>
<Data name="Longitude (Pro Data)">
<value>W113.61475</value>
</Data>
<Data name="Distance to Active Point (Pro Data)">
<value>33.44 mi</value>
</Data>
<Data name="Latitude (Pro Data)">
<value>N33.97933</value>
</Data>
</ExtendedData>
</extensions>
</wpt>
<wpt lat="33.97517402" lon="-113.59879607">
<ele>632.582</ele>
<time>2026-01-10T22:07:27.769Z</time>
<name>68</name>
<sym>Waypoint</sym>
<type>Mile Marker</type>
<extensions>
<label xmlns="http://www.topografix.com/GPX/gpx_overlay/0/5">
<label_text>68</label_text>
</label>
<ExtendedData xmlns="http://www.topografix.com/GPX/Private/TopoGrafix/0/5">
<Data name="Bearing (Pro Data)">
<value>108.03° True</value>
</Data>
<Data name="Longitude (Pro Data)">
<value>W113.59880</value>
</Data>
<Data name="Distance to Active Point (Pro Data)">
<value>34.40 mi</value>
</Data>
<Data name="Latitude (Pro Data)">
<value>N33.97517</value>
</Data>
</ExtendedData>
</extensions>
</wpt>
<wpt lat="33.98294992" lon="-113.60808008">
<ele>607.259</ele>
<time>2026-01-10T22:07:27.769Z</time>
<name>69</name>
<sym>Waypoint</sym>
<type>Mile Marker</type>
<extensions>
<label xmlns="http://www.topografix.com/GPX/gpx_overlay/0/5">
<label_text>69</label_text>
</label>
<ExtendedData xmlns="http://www.topografix.com/GPX/Private/TopoGrafix/0/5">
<Data name="Bearing (Pro Data)">
<value>107.45° True</value>
</Data>
<Data name="Longitude (Pro Data)">
<value>W113.60808</value>
</Data>
<Data name="Distance to Active Point (Pro Data)">
<value>33.72 mi</value>
</Data>
<Data name="Latitude (Pro Data)">
<value>N33.98295</value>
</Data>
</ExtendedData>
</extensions>
</wpt>
<wpt lat="33.99016862" lon="-113.62318065">
<ele>574.661</ele>
<time>2026-01-10T22:07:27.770Z</time>
<name>70</name>
<sym>Waypoint</sym>
<type>Mile Marker</type>
<extensions>
<label xmlns="http://www.topografix.com/GPX/gpx_overlay/0/5">
<label_text>70</label_text>
</label>
<ExtendedData xmlns="http://www.topografix.com/GPX/Private/TopoGrafix/0/5">
<Data name="Bearing (Pro Data)">
<value>107.08° True</value>
</Data>
<Data name="Longitude (Pro Data)">
<value>W113.62318</value>
</Data>
<Data name="Distance to Active Point (Pro Data)">
<value>32.75 mi</value>
</Data>
<Data name="Latitude (Pro Data)">
<value>N33.99017</value>
</Data>
</ExtendedData>
</extensions>
</wpt>
<wpt lat="33.99721244" lon="-113.63838837">
<ele>547.339</ele>
<time>2026-01-10T22:07:27.770Z</time>
<name>71</name>
<sym>Waypoint</sym>
<type>Mile Marker</type>
<extensions>
<label xmlns="http://www.topografix.com/GPX/gpx_overlay/0/5">
<label_text>71</label_text>
</label>
<ExtendedData xmlns="http://www.topografix.com/GPX/Private/TopoGrafix/0/5">
<Data name="Bearing (Pro Data)">
<value>106.72° True</value>
</Data>
<Data name="Longitude (Pro Data)">
<value>W113.63839</value>
</Data>
<Data name="Distance to Active Point (Pro Data)">
<value>31.77 mi</value>
</Data>
<Data name="Latitude (Pro Data)">
<value>N33.99721</value>
</Data>
</ExtendedData>
</extensions>
</wpt>
<wpt lat="34.00392750" lon="-113.65382502">
<ele>525.853</ele>
<time>2026-01-10T22:07:27.771Z</time>
<name>72</name>
<sym>Waypoint</sym>
<type>Mile Marker</type>
<extensions>
<label xmlns="http://www.topografix.com/GPX/gpx_overlay/0/5">
<label_text>72</label_text>
</label>
<ExtendedData xmlns="http://www.topografix.com/GPX/Private/TopoGrafix/0/5">
<Data name="Bearing (Pro Data)">
<value>106.38° True</value>
</Data>
<Data name="Longitude (Pro Data)">
<value>W113.65383</value>
</Data>
<Data name="Distance to Active Point (Pro Data)">
<value>30.79 mi</value>
</Data>
<Data name="Latitude (Pro Data)">
<value>N34.00393</value>
</Data>
</ExtendedData>
</extensions>
</wpt>
<wpt lat="34.00841728" lon="-113.66632536">
<ele>508.940</ele>
<time>2026-01-10T22:07:27.771Z</time>
<name>73</name>
<sym>Waypoint</sym>
<type>Mile Marker</type>
<extensions>
<label xmlns="http://www.topografix.com/GPX/gpx_overlay/0/5">
<label_text>73</label_text>
</label>
<ExtendedData xmlns="http://www.topografix.com/GPX/Private/TopoGrafix/0/5">
<Data name="Bearing (Pro Data)">
<value>106.20° True</value>
</Data>
<Data name="Longitude (Pro Data)">
<value>W113.66633</value>
</Data>
<Data name="Distance to Active Point (Pro Data)">
<value>30.01 mi</value>
</Data>
<Data name="Latitude (Pro Data)">
<value>N34.00842</value>
</Data>
</ExtendedData>
</extensions>
</wpt>
<wpt lat="34.01188809" lon="-113.67977313">
<ele>494.867</ele>
<time>2026-01-10T22:07:27.772Z</time>
<name>74</name>
<sym>Waypoint</sym>
<type>Mile Marker</type>
<extensions>
<label xmlns="http://www.topografix.com/GPX/gpx_overlay/0/5">
<label_text>74</label_text>
</label>
<ExtendedData xmlns="http://www.topografix.com/GPX/Private/TopoGrafix/0/5">
<Data name="Bearing (Pro Data)">
<value>106.18° True</value>
</Data>
<Data name="Longitude (Pro Data)">
<value>W113.67977</value>
</Data>
<Data name="Distance to Active Point (Pro Data)">
<value>29.20 mi</value>
</Data>
<Data name="Latitude (Pro Data)">
<value>N34.01189</value>
</Data>
</ExtendedData>
</extensions>
</wpt>
<wpt lat="34.02639645" lon="-113.67977363">
<ele>491.694</ele>
<time>2026-01-10T22:07:27.774Z</time>
<name>75</name>
<sym>Waypoint</sym>
<type>Mile Marker</type>
<extensions>
<label xmlns="http://www.topografix.com/GPX/gpx_overlay/0/5">
<label_text>75</label_text>
</label>
<ExtendedData xmlns="http://www.topografix.com/GPX/Private/TopoGrafix/0/5">
<Data name="Bearing (Pro Data)">
<value>104.28° True</value>
</Data>
<Data name="Longitude (Pro Data)">
<value>W113.67977</value>
</Data>
<Data name="Distance to Active Point (Pro Data)">
<value>28.94 mi</value>
</Data>
<Data name="Latitude (Pro Data)">
<value>N34.02640</value>
</Data>
</ExtendedData>
</extensions>
</wpt>
<wpt lat="34.04085509" lon="-113.67921871">
<ele>492.514</ele>
<time>2026-01-10T22:07:27.776Z</time>
<name>76</name>
<sym>Waypoint</sym>
<type>Mile Marker</type>
<extensions>
<label xmlns="http://www.topografix.com/GPX/gpx_overlay/0/5">
<label_text>76</label_text>
</label>
<ExtendedData xmlns="http://www.topografix.com/GPX/Private/TopoGrafix/0/5">
<Data name="Bearing (Pro Data)">
<value>102.34° True</value>
</Data>
<Data name="Longitude (Pro Data)">
<value>W113.67922</value>
</Data>
<Data name="Distance to Active Point (Pro Data)">
<value>28.73 mi</value>
</Data>
<Data name="Latitude (Pro Data)">
<value>N34.04086</value>
</Data>
</ExtendedData>
</extensions>
</wpt>
<wpt lat="34.05508041" lon="-113.67727993">
<ele>493.810</ele>
<time>2026-01-10T22:07:27.777Z</time>
<name>77</name>
<sym>Waypoint</sym>
<type>Mile Marker</type>
<extensions>
<label xmlns="http://www.topografix.com/GPX/gpx_overlay/0/5">
<label_text>77</label_text>
</label>
<ExtendedData xmlns="http://www.topografix.com/GPX/Private/TopoGrafix/0/5">
<Data name="Bearing (Pro Data)">
<value>100.38° True</value>
</Data>
<Data name="Longitude (Pro Data)">
<value>W113.67728</value>
</Data>
<Data name="Distance to Active Point (Pro Data)">
<value>28.64 mi</value>
</Data>
<Data name="Latitude (Pro Data)">
<value>N34.05508</value>
</Data>
</ExtendedData>
</extensions>
</wpt>
<wpt lat="34.05880927" lon="-113.68551253">
<ele>488.872</ele>
<time>2026-01-10T22:07:27.777Z</time>
<name>78</name>
<sym>Waypoint</sym>
<type>Mile Marker</type>
<extensions>
<label xmlns="http://www.topografix.com/GPX/gpx_overlay/0/5">
<label_text>78</label_text>
</label>
<ExtendedData xmlns="http://www.topografix.com/GPX/Private/TopoGrafix/0/5">
<Data name="Bearing (Pro Data)">
<value>100.04° True</value>
</Data>
<Data name="Longitude (Pro Data)">
<value>W113.68551</value>
</Data>
<Data name="Distance to Active Point (Pro Data)">
<value>28.13 mi</value>
</Data>
<Data name="Latitude (Pro Data)">
<value>N34.05881</value>
</Data>
</ExtendedData>
</extensions>
</wpt>
<wpt lat="34.04871045" lon="-113.69625530">
<ele>481.846</ele>
<time>2026-01-10T22:07:27.778Z</time>
<name>79</name>
<sym>Waypoint</sym>
<type>Mile Marker</type>
<extensions>
<label xmlns="http://www.topografix.com/GPX/gpx_overlay/0/5">
<label_text>79</label_text>
</label>
<ExtendedData xmlns="http://www.topografix.com/GPX/Private/TopoGrafix/0/5">
<Data name="Bearing (Pro Data)">
<value>101.69° True</value>
</Data>
<Data name="Longitude (Pro Data)">
<value>W113.69626</value>
</Data>
<Data name="Distance to Active Point (Pro Data)">
<value>27.66 mi</value>
</Data>
<Data name="Latitude (Pro Data)">
<value>N34.04871</value>
</Data>
</ExtendedData>
</extensions>
</wpt>
<wpt lat="34.04336718" lon="-113.71215774">
<ele>473.930</ele>
<time>2026-01-10T22:07:27.778Z</time>
<name>80</name>
<sym>Waypoint</sym>
<type>Mile Marker</type>
<extensions>
<label xmlns="http://www.topografix.com/GPX/gpx_overlay/0/5">
<label_text>80</label_text>
</label>
<ExtendedData xmlns="http://www.topografix.com/GPX/Private/TopoGrafix/0/5">
<Data name="Bearing (Pro Data)">
<value>102.86° True</value>
</Data>
<Data name="Longitude (Pro Data)">
<value>W113.71216</value>
</Data>
<Data name="Distance to Active Point (Pro Data)">
<value>26.85 mi</value>
</Data>
<Data name="Latitude (Pro Data)">
<value>N34.04337</value>
</Data>
</ExtendedData>
</extensions>
</wpt>
<wpt lat="34.03378239" lon="-113.72441778">
<ele>467.005</ele>
<time>2026-01-10T22:07:27.778Z</time>
<name>81</name>
<sym>Waypoint</sym>
<type>Mile Marker</type>
<extensions>
<label xmlns="http://www.topografix.com/GPX/gpx_overlay/0/5">
<label_text>81</label_text>
</label>
<ExtendedData xmlns="http://www.topografix.com/GPX/Private/TopoGrafix/0/5">
<Data name="Bearing (Pro Data)">
<value>104.61° True</value>
</Data>
<Data name="Longitude (Pro Data)">
<value>W113.72442</value>
</Data>
<Data name="Distance to Active Point (Pro Data)">
<value>26.33 mi</value>
</Data>
<Data name="Latitude (Pro Data)">
<value>N34.03378</value>
</Data>
</ExtendedData>
</extensions>
</wpt>
<wpt lat="34.02102310" lon="-113.73226073">
<ele>459.925</ele>
<time>2026-01-10T22:07:27.779Z</time>
<name>82</name>
<sym>Waypoint</sym>
<type>Mile Marker</type>
<extensions>
<label xmlns="http://www.topografix.com/GPX/gpx_overlay/0/5">
<label_text>82</label_text>
</label>
<ExtendedData xmlns="http://www.topografix.com/GPX/Private/TopoGrafix/0/5">
<Data name="Bearing (Pro Data)">
<value>106.73° True</value>
</Data>
<Data name="Longitude (Pro Data)">
<value>W113.73226</value>
</Data>
<Data name="Distance to Active Point (Pro Data)">
<value>26.14 mi</value>
</Data>
<Data name="Latitude (Pro Data)">
<value>N34.02102</value>
</Data>
</ExtendedData>
</extensions>
</wpt>
<wpt lat="34.02384995" lon="-113.74761050">
<ele>465.875</ele>
<time>2026-01-10T22:07:27.779Z</time>
<name>83</name>
<sym>Waypoint</sym>
<type>Mile Marker</type>
<extensions>
<label xmlns="http://www.topografix.com/GPX/gpx_overlay/0/5">
<label_text>83</label_text>
</label>
<ExtendedData xmlns="http://www.topografix.com/GPX/Private/TopoGrafix/0/5">
<Data name="Bearing (Pro Data)">
<value>106.89° True</value>
</Data>
<Data name="Longitude (Pro Data)">
<value>W113.74761</value>
</Data>
<Data name="Distance to Active Point (Pro Data)">
<value>25.24 mi</value>
</Data>
<Data name="Latitude (Pro Data)">
<value>N34.02385</value>
</Data>
</ExtendedData>
</extensions>
</wpt>
<wpt lat="34.02906826" lon="-113.76386195">
<ele>476.576</ele>
<time>2026-01-10T22:07:27.780Z</time>
<name>84</name>
<sym>Waypoint</sym>
<type>Mile Marker</type>
<extensions>
<label xmlns="http://www.topografix.com/GPX/gpx_overlay/0/5">
<label_text>84</label_text>
</label>
<ExtendedData xmlns="http://www.topografix.com/GPX/Private/TopoGrafix/0/5">
<Data name="Bearing (Pro Data)">
<value>106.72° True</value>
</Data>
<Data name="Longitude (Pro Data)">
<value>W113.76386</value>
</Data>
<Data name="Distance to Active Point (Pro Data)">
<value>24.24 mi</value>
</Data>
<Data name="Latitude (Pro Data)">
<value>N34.02907</value>
</Data>
</ExtendedData>
</extensions>
</wpt>
<wpt lat="34.03419630" lon="-113.77998212">
<ele>500.088</ele>
<time>2026-01-10T22:07:27.780Z</time>
<name>85</name>
<sym>Waypoint</sym>
<type>Mile Marker</type>
<extensions>
<label xmlns="http://www.topografix.com/GPX/gpx_overlay/0/5">
<label_text>85</label_text>
</label>
<ExtendedData xmlns="http://www.topografix.com/GPX/Private/TopoGrafix/0/5">
<Data name="Bearing (Pro Data)">
<value>106.55° True</value>
</Data>
<Data name="Longitude (Pro Data)">
<value>W113.77998</value>
</Data>
<Data name="Distance to Active Point (Pro Data)">
<value>23.25 mi</value>
</Data>
<Data name="Latitude (Pro Data)">
<value>N34.03420</value>
</Data>
</ExtendedData>
</extensions>
</wpt>
<wpt lat="34.03985077" lon="-113.79595431">
<ele>529.063</ele>
<time>2026-01-10T22:07:27.780Z</time>
<name>86</name>
<sym>Waypoint</sym>
<type>Mile Marker</type>
<extensions>
<label xmlns="http://www.topografix.com/GPX/gpx_overlay/0/5">
<label_text>86</label_text>
</label>
<ExtendedData xmlns="http://www.topografix.com/GPX/Private/TopoGrafix/0/5">
<Data name="Bearing (Pro Data)">
<value>106.27° True</value>
</Data>
<Data name="Longitude (Pro Data)">
<value>W113.79595</value>
</Data>
<Data name="Distance to Active Point (Pro Data)">
<value>22.26 mi</value>
</Data>
<Data name="Latitude (Pro Data)">
<value>N34.03985</value>
</Data>
</ExtendedData>
</extensions>
</wpt>
<wpt lat="34.04538232" lon="-113.81202869">
<ele>550.036</ele>
<time>2026-01-10T22:07:27.780Z</time>
<name>87</name>
<sym>Waypoint</sym>
<type>Mile Marker</type>
<extensions>
<label xmlns="http://www.topografix.com/GPX/gpx_overlay/0/5">
<label_text>87</label_text>
</label>
<ExtendedData xmlns="http://www.topografix.com/GPX/Private/TopoGrafix/0/5">
<Data name="Bearing (Pro Data)">
<value>105.99° True</value>
</Data>
<Data name="Longitude (Pro Data)">
<value>W113.81203</value>
</Data>
<Data name="Distance to Active Point (Pro Data)">
<value>21.27 mi</value>
</Data>
<Data name="Latitude (Pro Data)">
<value>N34.04538</value>
</Data>
</ExtendedData>
</extensions>
</wpt>
<wpt lat="34.05353574" lon="-113.82590862">
<ele>519.882</ele>
<time>2026-01-10T22:07:27.782Z</time>
<name>88</name>
<sym>Waypoint</sym>
<type>Mile Marker</type>
<extensions>
<label xmlns="http://www.topografix.com/GPX/gpx_overlay/0/5">
<label_text>88</label_text>
</label>
<ExtendedData xmlns="http://www.topografix.com/GPX/Private/TopoGrafix/0/5">
<Data name="Bearing (Pro Data)">
<value>105.10° True</value>
</Data>
<Data name="Longitude (Pro Data)">
<value>W113.82591</value>
</Data>
<Data name="Distance to Active Point (Pro Data)">
<value>20.35 mi</value>
</Data>
<Data name="Latitude (Pro Data)">
<value>N34.05354</value>
</Data>
</ExtendedData>
</extensions>
</wpt>
<wpt lat="34.05999315" lon="-113.84123754">
<ele>514.499</ele>
<time>2026-01-10T22:07:27.782Z</time>
<name>89</name>
<sym>Waypoint</sym>
<type>Mile Marker</type>
<extensions>
<label xmlns="http://www.topografix.com/GPX/gpx_overlay/0/5">
<label_text>89</label_text>
</label>
<ExtendedData xmlns="http://www.topografix.com/GPX/Private/TopoGrafix/0/5">
<Data name="Bearing (Pro Data)">
<value>104.52° True</value>
</Data>
<Data name="Longitude (Pro Data)">
<value>W113.84124</value>
</Data>
<Data name="Distance to Active Point (Pro Data)">
<value>19.39 mi</value>
</Data>
<Data name="Latitude (Pro Data)">
<value>N34.05999</value>
</Data>
</ExtendedData>
</extensions>
</wpt>
<wpt lat="34.06271728" lon="-113.85744706">
<ele>485.556</ele>
<time>2026-01-10T22:07:27.783Z</time>
<name>90</name>
<sym>Waypoint</sym>
<type>Mile Marker</type>
<extensions>
<label xmlns="http://www.topografix.com/GPX/gpx_overlay/0/5">
<label_text>90</label_text>
</label>
<ExtendedData xmlns="http://www.topografix.com/GPX/Private/TopoGrafix/0/5">
<Data name="Bearing (Pro Data)">
<value>104.69° True</value>
</Data>
<Data name="Longitude (Pro Data)">
<value>W113.85745</value>
</Data>
<Data name="Distance to Active Point (Pro Data)">
<value>18.44 mi</value>
</Data>
<Data name="Latitude (Pro Data)">
<value>N34.06272</value>
</Data>
</ExtendedData>
</extensions>
</wpt>
<wpt lat="34.06608532" lon="-113.87439643">
<ele>458.770</ele>
<time>2026-01-10T22:07:27.783Z</time>
<name>91</name>
<sym>Waypoint</sym>
<type>Mile Marker</type>
<extensions>
<label xmlns="http://www.topografix.com/GPX/gpx_overlay/0/5">
<label_text>91</label_text>
</label>
<ExtendedData xmlns="http://www.topografix.com/GPX/Private/TopoGrafix/0/5">
<Data name="Bearing (Pro Data)">
<value>104.77° True</value>
</Data>
<Data name="Longitude (Pro Data)">
<value>W113.87440</value>
</Data>
<Data name="Distance to Active Point (Pro Data)">
<value>17.44 mi</value>
</Data>
<Data name="Latitude (Pro Data)">
<value>N34.06609</value>
</Data>
</ExtendedData>
</extensions>
</wpt>
<wpt lat="34.07310976" lon="-113.88292287">
<ele>444.429</ele>
<time>2026-01-10T22:07:27.784Z</time>
<name>92</name>
<sym>Waypoint</sym>
<type>Mile Marker</type>
<extensions>
<label xmlns="http://www.topografix.com/GPX/gpx_overlay/0/5">
<label_text>92</label_text>
</label>
<ExtendedData xmlns="http://www.topografix.com/GPX/Private/TopoGrafix/0/5">
<Data name="Bearing (Pro Data)">
<value>103.60° True</value>
</Data>
<Data name="Longitude (Pro Data)">
<value>W113.88292</value>
</Data>
<Data name="Distance to Active Point (Pro Data)">
<value>16.85 mi</value>
</Data>
<Data name="Latitude (Pro Data)">
<value>N34.07311</value>
</Data>
</ExtendedData>
</extensions>
</wpt>
<wpt lat="34.08389944" lon="-113.88644036">
<ele>454.469</ele>
<time>2026-01-10T22:07:27.784Z</time>
<name>93</name>
<sym>Waypoint</sym>
<type>Mile Marker</type>
<extensions>
<label xmlns="http://www.topografix.com/GPX/gpx_overlay/0/5">
<label_text>93</label_text>
</label>
<ExtendedData xmlns="http://www.topografix.com/GPX/Private/TopoGrafix/0/5">
<Data name="Bearing (Pro Data)">
<value>101.26° True</value>
</Data>
<Data name="Longitude (Pro Data)">
<value>W113.88644</value>
</Data>
<Data name="Distance to Active Point (Pro Data)">
<value>16.49 mi</value>
</Data>
<Data name="Latitude (Pro Data)">
<value>N34.08390</value>
</Data>
</ExtendedData>
</extensions>
</wpt>
<wpt lat="34.09629210" lon="-113.89508425">
<ele>477.701</ele>
<time>2026-01-10T22:07:27.785Z</time>
<name>94</name>
<sym>Waypoint</sym>
<type>Mile Marker</type>
<extensions>
<label xmlns="http://www.topografix.com/GPX/gpx_overlay/0/5">
<label_text>94</label_text>
</label>
<ExtendedData xmlns="http://www.topografix.com/GPX/Private/TopoGrafix/0/5">
<Data name="Bearing (Pro Data)">
<value>98.59° True</value>
</Data>
<Data name="Longitude (Pro Data)">
<value>W113.89508</value>
</Data>
<Data name="Distance to Active Point (Pro Data)">
<value>15.85 mi</value>
</Data>
<Data name="Latitude (Pro Data)">
<value>N34.09629</value>
</Data>
</ExtendedData>
</extensions>
</wpt>
<wpt lat="34.10717870" lon="-113.90512598">
<ele>477.789</ele>
<time>2026-01-10T22:07:27.785Z</time>
<name>95</name>
<sym>Waypoint</sym>
<type>Mile Marker</type>
<extensions>
<label xmlns="http://www.topografix.com/GPX/gpx_overlay/0/5">
<label_text>95</label_text>
</label>
<ExtendedData xmlns="http://www.topografix.com/GPX/Private/TopoGrafix/0/5">
<Data name="Bearing (Pro Data)">
<value>96.12° True</value>
</Data>
<Data name="Longitude (Pro Data)">
<value>W113.90513</value>
</Data>
<Data name="Distance to Active Point (Pro Data)">
<value>15.18 mi</value>
</Data>
<Data name="Latitude (Pro Data)">
<value>N34.10718</value>
</Data>
</ExtendedData>
</extensions>
</wpt>
<wpt lat="34.11836463" lon="-113.91519808">
<ele>464.799</ele>
<time>2026-01-10T22:07:27.786Z</time>
<name>96</name>
<sym>Waypoint</sym>
<type>Mile Marker</type>
<extensions>
<label xmlns="http://www.topografix.com/GPX/gpx_overlay/0/5">
<label_text>96</label_text>
</label>
<ExtendedData xmlns="http://www.topografix.com/GPX/Private/TopoGrafix/0/5">
<Data name="Bearing (Pro Data)">
<value>93.35° True</value>
</Data>
<Data name="Longitude (Pro Data)">
<value>W113.91520</value>
</Data>
<Data name="Distance to Active Point (Pro Data)">
<value>14.54 mi</value>
</Data>
<Data name="Latitude (Pro Data)">
<value>N34.11836</value>
</Data>
</ExtendedData>
</extensions>
</wpt>
<wpt lat="34.12970851" lon="-113.92509150">
<ele>448.800</ele>
<time>2026-01-10T22:07:27.786Z</time>
<name>97</name>
<sym>Waypoint</sym>
<type>Mile Marker</type>
<extensions>
<label xmlns="http://www.topografix.com/GPX/gpx_overlay/0/5">
<label_text>97</label_text>
</label>
<ExtendedData xmlns="http://www.topografix.com/GPX/Private/TopoGrafix/0/5">
<Data name="Bearing (Pro Data)">
<value>90.28° True</value>
</Data>
<Data name="Longitude (Pro Data)">
<value>W113.92509</value>
</Data>
<Data name="Distance to Active Point (Pro Data)">
<value>13.95 mi</value>
</Data>
<Data name="Latitude (Pro Data)">
<value>N34.12971</value>
</Data>
</ExtendedData>
</extensions>
</wpt>
<wpt lat="34.14297399" lon="-113.93012819">
<ele>466.347</ele>
<time>2026-01-10T22:07:27.787Z</time>
<name>98</name>
<sym>Waypoint</sym>
<type>Mile Marker</type>
<extensions>
<label xmlns="http://www.topografix.com/GPX/gpx_overlay/0/5">
<label_text>98</label_text>
</label>
<ExtendedData xmlns="http://www.topografix.com/GPX/Private/TopoGrafix/0/5">
<Data name="Bearing (Pro Data)">
<value>86.46° True</value>
</Data>
<Data name="Longitude (Pro Data)">
<value>W113.93013</value>
</Data>
<Data name="Distance to Active Point (Pro Data)">
<value>13.68 mi</value>
</Data>
<Data name="Latitude (Pro Data)">
<value>N34.14297</value>
</Data>
</ExtendedData>
</extensions>
</wpt>
<wpt lat="34.15675555" lon="-113.93407223">
<ele>481.941</ele>
<time>2026-01-10T22:07:27.787Z</time>
<name>99</name>
<sym>Waypoint</sym>
<type>Mile Marker</type>
<extensions>
<label xmlns="http://www.topografix.com/GPX/gpx_overlay/0/5">
<label_text>99</label_text>
</label>
<ExtendedData xmlns="http://www.topografix.com/GPX/Private/TopoGrafix/0/5">
<Data name="Bearing (Pro Data)">
<value>82.39° True</value>
</Data>
<Data name="Longitude (Pro Data)">
<value>W113.93407</value>
</Data>
<Data name="Distance to Active Point (Pro Data)">
<value>13.55 mi</value>
</Data>
<Data name="Latitude (Pro Data)">
<value>N34.15676</value>
</Data>
</ExtendedData>
</extensions>
</wpt>
<wpt lat="34.16769385" lon="-113.94340773">
<ele>505.983</ele>
<time>2026-01-10T22:07:27.788Z</time>
<name>100</name>
<sym>Waypoint</sym>
<type>Mile Marker</type>
<extensions>
<label xmlns="http://www.topografix.com/GPX/gpx_overlay/0/5">
<label_text>100</label_text>
</label>
<ExtendedData xmlns="http://www.topografix.com/GPX/Private/TopoGrafix/0/5">
<Data name="Bearing (Pro Data)">
<value>78.82° True</value>
</Data>
<Data name="Longitude (Pro Data)">
<value>W113.94341</value>
</Data>
<Data name="Distance to Active Point (Pro Data)">
<value>13.14 mi</value>
</Data>
<Data name="Latitude (Pro Data)">
<value>N34.16769</value>
</Data>
</ExtendedData>
</extensions>
</wpt>
<wpt lat="34.18020010" lon="-113.94898738">
<ele>468.237</ele>
<time>2026-01-10T22:07:27.788Z</time>
<name>101</name>
<sym>Waypoint</sym>
<type>Mile Marker</type>
<extensions>
<label xmlns="http://www.topografix.com/GPX/gpx_overlay/0/5">
<label_text>101</label_text>
</label>
<ExtendedData xmlns="http://www.topografix.com/GPX/Private/TopoGrafix/0/5">
<Data name="Bearing (Pro Data)">
<value>74.83° True</value>
</Data>
<Data name="Longitude (Pro Data)">
<value>W113.94899</value>
</Data>
<Data name="Distance to Active Point (Pro Data)">
<value>13.02 mi</value>
</Data>
<Data name="Latitude (Pro Data)">
<value>N34.18020</value>
</Data>
</ExtendedData>
</extensions>
</wpt>
<wpt lat="34.18874200" lon="-113.95936286">
<ele>420.490</ele>
<time>2026-01-10T22:07:27.789Z</time>
<name>102</name>
<sym>Waypoint</sym>
<type>Mile Marker</type>
<extensions>
<label xmlns="http://www.topografix.com/GPX/gpx_overlay/0/5">
<label_text>102</label_text>
</label>
<ExtendedData xmlns="http://www.topografix.com/GPX/Private/TopoGrafix/0/5">
<Data name="Bearing (Pro Data)">
<value>71.54° True</value>
</Data>
<Data name="Longitude (Pro Data)">
<value>W113.95936</value>
</Data>
<Data name="Distance to Active Point (Pro Data)">
<value>12.62 mi</value>
</Data>
<Data name="Latitude (Pro Data)">
<value>N34.18874</value>
</Data>
</ExtendedData>
</extensions>
</wpt>
<wpt lat="34.19746771" lon="-113.97179924">
<ele>366.921</ele>
<time>2026-01-10T22:07:27.789Z</time>
<name>103</name>
<sym>Waypoint</sym>
<type>Mile Marker</type>
<extensions>
<label xmlns="http://www.topografix.com/GPX/gpx_overlay/0/5">
<label_text>103</label_text>
</label>
<ExtendedData xmlns="http://www.topografix.com/GPX/Private/TopoGrafix/0/5">
<Data name="Bearing (Pro Data)">
<value>67.80° True</value>
</Data>
<Data name="Longitude (Pro Data)">
<value>W113.97180</value>
</Data>
<Data name="Distance to Active Point (Pro Data)">
<value>12.16 mi</value>
</Data>
<Data name="Latitude (Pro Data)">
<value>N34.19747</value>
</Data>
</ExtendedData>
</extensions>
</wpt>
<wpt lat="34.20593785" lon="-113.98538379">
<ele>317.205</ele>
<time>2026-01-10T22:07:27.790Z</time>
<name>104</name>
<sym>Waypoint</sym>
<type>Mile Marker</type>
<extensions>
<label xmlns="http://www.topografix.com/GPX/gpx_overlay/0/5">
<label_text>104</label_text>
</label>
<ExtendedData xmlns="http://www.topografix.com/GPX/Private/TopoGrafix/0/5">
<Data name="Bearing (Pro Data)">
<value>63.71° True</value>
</Data>
<Data name="Longitude (Pro Data)">
<value>W113.98538</value>
</Data>
<Data name="Distance to Active Point (Pro Data)">
<value>11.69 mi</value>
</Data>
<Data name="Latitude (Pro Data)">
<value>N34.20594</value>
</Data>
</ExtendedData>
</extensions>
</wpt>
<wpt lat="34.21446360" lon="-113.99860508">
<ele>262.408</ele>
<time>2026-01-10T22:07:27.790Z</time>
<name>105</name>
<sym>Waypoint</sym>
<type>Mile Marker</type>
<extensions>
<label xmlns="http://www.topografix.com/GPX/gpx_overlay/0/5">
<label_text>105</label_text>
</label>
<ExtendedData xmlns="http://www.topografix.com/GPX/Private/TopoGrafix/0/5">
<Data name="Bearing (Pro Data)">
<value>59.34° True</value>
</Data>
<Data name="Longitude (Pro Data)">
<value>W113.99861</value>
</Data>
<Data name="Distance to Active Point (Pro Data)">
<value>11.30 mi</value>
</Data>
<Data name="Latitude (Pro Data)">
<value>N34.21446</value>
</Data>
</ExtendedData>
</extensions>
</wpt>
<wpt lat="34.20626436" lon="-114.01079888">
<ele>305.858</ele>
<time>2026-01-10T22:07:27.790Z</time>
<name>106</name>
<sym>Waypoint</sym>
<type>Mile Marker</type>
<extensions>
<label xmlns="http://www.topografix.com/GPX/gpx_overlay/0/5">
<label_text>106</label_text>
</label>
<ExtendedData xmlns="http://www.topografix.com/GPX/Private/TopoGrafix/0/5">
<Data name="Bearing (Pro Data)">
<value>60.06° True</value>
</Data>
<Data name="Longitude (Pro Data)">
<value>W114.01080</value>
</Data>
<Data name="Distance to Active Point (Pro Data)">
<value>10.42 mi</value>
</Data>
<Data name="Latitude (Pro Data)">
<value>N34.20626</value>
</Data>
</ExtendedData>
</extensions>
</wpt>
<wpt lat="34.19522737" lon="-114.02174710">
<ele>338.426</ele>
<time>2026-01-10T22:07:27.790Z</time>
<name>107</name>
<sym>Waypoint</sym>
<type>Mile Marker</type>
<extensions>
<label xmlns="http://www.topografix.com/GPX/gpx_overlay/0/5">
<label_text>107</label_text>
</label>
<ExtendedData xmlns="http://www.topografix.com/GPX/Private/TopoGrafix/0/5">
<Data name="Bearing (Pro Data)">
<value>62.16° True</value>
</Data>
<Data name="Longitude (Pro Data)">
<value>W114.02175</value>
</Data>
<Data name="Distance to Active Point (Pro Data)">
<value>9.50 mi</value>
</Data>
<Data name="Latitude (Pro Data)">
<value>N34.19523</value>
</Data>
</ExtendedData>
</extensions>
</wpt>
<wpt lat="34.18940917" lon="-114.03735717">
<ele>349.008</ele>
<time>2026-01-10T22:07:27.792Z</time>
<name>108</name>
<sym>Waypoint</sym>
<type>Mile Marker</type>
<extensions>
<label xmlns="http://www.topografix.com/GPX/gpx_overlay/0/5">
<label_text>108</label_text>
</label>
<ExtendedData xmlns="http://www.topografix.com/GPX/Private/TopoGrafix/0/5">
<Data name="Bearing (Pro Data)">
<value>61.74° True</value>
</Data>
<Data name="Longitude (Pro Data)">
<value>W114.03736</value>
</Data>
<Data name="Distance to Active Point (Pro Data)">
<value>8.52 mi</value>
</Data>
<Data name="Latitude (Pro Data)">
<value>N34.18941</value>
</Data>
</ExtendedData>
</extensions>
</wpt>
<wpt lat="34.18008534" lon="-114.05024862">
<ele>370.231</ele>
<time>2026-01-10T22:07:27.792Z</time>
<name>109</name>
<sym>Waypoint</sym>
<type>Mile Marker</type>
<extensions>
<label xmlns="http://www.topografix.com/GPX/gpx_overlay/0/5">
<label_text>109</label_text>
</label>
<ExtendedData xmlns="http://www.topografix.com/GPX/Private/TopoGrafix/0/5">
<Data name="Bearing (Pro Data)">
<value>63.39° True</value>
</Data>
<Data name="Longitude (Pro Data)">
<value>W114.05025</value>
</Data>
<Data name="Distance to Active Point (Pro Data)">
<value>7.57 mi</value>
</Data>
<Data name="Latitude (Pro Data)">
<value>N34.18009</value>
</Data>
</ExtendedData>
</extensions>
</wpt>
<wpt lat="34.16796241" lon="-114.05038826">
<ele>370.201</ele>
<time>2026-01-10T22:07:27.793Z</time>
<name>110</name>
<sym>Waypoint</sym>
<type>Mile Marker</type>
<extensions>
<label xmlns="http://www.topografix.com/GPX/gpx_overlay/0/5">
<label_text>110</label_text>
</label>
<ExtendedData xmlns="http://www.topografix.com/GPX/Private/TopoGrafix/0/5">
<Data name="Bearing (Pro Data)">
<value>69.30° True</value>
</Data>
<Data name="Longitude (Pro Data)">
<value>W114.05039</value>
</Data>
<Data name="Distance to Active Point (Pro Data)">
<value>7.23 mi</value>
</Data>
<Data name="Latitude (Pro Data)">
<value>N34.16796</value>
</Data>
</ExtendedData>
</extensions>
</wpt>
<wpt lat="34.15777296" lon="-114.04763099">
<ele>355.055</ele>
<time>2026-01-10T22:07:27.793Z</time>
<name>111</name>
<sym>Waypoint</sym>
<type>Mile Marker</type>
<extensions>
<label xmlns="http://www.topografix.com/GPX/gpx_overlay/0/5">
<label_text>111</label_text>
</label>
<ExtendedData xmlns="http://www.topografix.com/GPX/Private/TopoGrafix/0/5">
<Data name="Bearing (Pro Data)">
<value>75.01° True</value>
</Data>
<Data name="Longitude (Pro Data)">
<value>W114.04763</value>
</Data>
<Data name="Distance to Active Point (Pro Data)">
<value>7.17 mi</value>
</Data>
<Data name="Latitude (Pro Data)">
<value>N34.15777</value>
</Data>
</ExtendedData>
</extensions>
</wpt>
<wpt lat="34.14608993" lon="-114.04190997">
<ele>366.153</ele>
<time>2026-01-10T22:07:27.794Z</time>
<name>112</name>
<sym>Waypoint</sym>
<type>Mile Marker</type>
<extensions>
<label xmlns="http://www.topografix.com/GPX/gpx_overlay/0/5">
<label_text>112</label_text>
</label>
<ExtendedData xmlns="http://www.topografix.com/GPX/Private/TopoGrafix/0/5">
<Data name="Bearing (Pro Data)">
<value>81.77° True</value>
</Data>
<Data name="Longitude (Pro Data)">
<value>W114.04191</value>
</Data>
<Data name="Distance to Active Point (Pro Data)">
<value>7.33 mi</value>
</Data>
<Data name="Latitude (Pro Data)">
<value>N34.14609</value>
</Data>
</ExtendedData>
</extensions>
</wpt>
<wpt lat="34.13424895" lon="-114.04358295">
<ele>345.156</ele>
<time>2026-01-10T22:07:27.794Z</time>
<name>113</name>
<sym>Waypoint</sym>
<type>Mile Marker</type>
<extensions>
<label xmlns="http://www.topografix.com/GPX/gpx_overlay/0/5">
<label_text>113</label_text>
</label>
<ExtendedData xmlns="http://www.topografix.com/GPX/Private/TopoGrafix/0/5">
<Data name="Bearing (Pro Data)">
<value>88.14° True</value>
</Data>
<Data name="Longitude (Pro Data)">
<value>W114.04358</value>
</Data>
<Data name="Distance to Active Point (Pro Data)">
<value>7.16 mi</value>
</Data>
<Data name="Latitude (Pro Data)">
<value>N34.13425</value>
</Data>
</ExtendedData>
</extensions>
</wpt>
<wpt lat="34.13031962" lon="-114.02925252">
<ele>360.691</ele>
<time>2026-01-10T22:07:27.795Z</time>
<name>114</name>
<sym>Waypoint</sym>
<type>Mile Marker</type>
<extensions>
<label xmlns="http://www.topografix.com/GPX/gpx_overlay/0/5">
<label_text>114</label_text>
</label>
<ExtendedData xmlns="http://www.topografix.com/GPX/Private/TopoGrafix/0/5">
<Data name="Bearing (Pro Data)">
<value>90.27° True</value>
</Data>
<Data name="Longitude (Pro Data)">
<value>W114.02925</value>
</Data>
<Data name="Distance to Active Point (Pro Data)">
<value>7.98 mi</value>
</Data>
<Data name="Latitude (Pro Data)">
<value>N34.13032</value>
</Data>
</ExtendedData>
</extensions>
</wpt>
<wpt lat="34.11819131" lon="-114.02041273">
<ele>363.349</ele>
<time>2026-01-10T22:07:27.795Z</time>
<name>115</name>
<sym>Waypoint</sym>
<type>Mile Marker</type>
<extensions>
<label xmlns="http://www.topografix.com/GPX/gpx_overlay/0/5">
<label_text>115</label_text>
</label>
<ExtendedData xmlns="http://www.topografix.com/GPX/Private/TopoGrafix/0/5">
<Data name="Bearing (Pro Data)">
<value>95.87° True</value>
</Data>
<Data name="Longitude (Pro Data)">
<value>W114.02041</value>
</Data>
<Data name="Distance to Active Point (Pro Data)">
<value>8.53 mi</value>
</Data>
<Data name="Latitude (Pro Data)">
<value>N34.11819</value>
</Data>
</ExtendedData>
</extensions>
</wpt>
<wpt lat="34.11374679" lon="-114.02853478">
<ele>347.978</ele>
<time>2026-01-10T22:07:27.795Z</time>
<name>116</name>
<sym>Waypoint</sym>
<type>Mile Marker</type>
<extensions>
<label xmlns="http://www.topografix.com/GPX/gpx_overlay/0/5">
<label_text>116</label_text>
</label>
<ExtendedData xmlns="http://www.topografix.com/GPX/Private/TopoGrafix/0/5">
<Data name="Bearing (Pro Data)">
<value>98.37° True</value>
</Data>
<Data name="Longitude (Pro Data)">
<value>W114.02853</value>
</Data>
<Data name="Distance to Active Point (Pro Data)">
<value>8.11 mi</value>
</Data>
<Data name="Latitude (Pro Data)">
<value>N34.11375</value>
</Data>
</ExtendedData>
</extensions>
</wpt>
<wpt lat="34.11562663" lon="-114.04494372">
<ele>329.571</ele>
<time>2026-01-10T22:07:27.796Z</time>
<name>117</name>
<sym>Waypoint</sym>
<type>Mile Marker</type>
<extensions>
<label xmlns="http://www.topografix.com/GPX/gpx_overlay/0/5">
<label_text>117</label_text>
</label>
<ExtendedData xmlns="http://www.topografix.com/GPX/Private/TopoGrafix/0/5">
<Data name="Bearing (Pro Data)">
<value>98.45° True</value>
</Data>
<Data name="Longitude (Pro Data)">
<value>W114.04494</value>
</Data>
<Data name="Distance to Active Point (Pro Data)">
<value>7.16 mi</value>
</Data>
<Data name="Latitude (Pro Data)">
<value>N34.11563</value>
</Data>
</ExtendedData>
</extensions>
</wpt>
<wpt lat="34.11987045" lon="-114.06076518">
<ele>310.893</ele>
<time>2026-01-10T22:07:27.796Z</time>
<name>118</name>
<sym>Waypoint</sym>
<type>Mile Marker</type>
<extensions>
<label xmlns="http://www.topografix.com/GPX/gpx_overlay/0/5">
<label_text>118</label_text>
</label>
<ExtendedData xmlns="http://www.topografix.com/GPX/Private/TopoGrafix/0/5">
<Data name="Bearing (Pro Data)">
<value>97.02° True</value>
</Data>
<Data name="Longitude (Pro Data)">
<value>W114.06077</value>
</Data>
<Data name="Distance to Active Point (Pro Data)">
<value>6.22 mi</value>
</Data>
<Data name="Latitude (Pro Data)">
<value>N34.11987</value>
</Data>
</ExtendedData>
</extensions>
</wpt>
<wpt lat="34.11802137" lon="-114.07665657">
<ele>293.099</ele>
<time>2026-01-10T22:07:27.797Z</time>
<name>119</name>
<sym>Waypoint</sym>
<type>Mile Marker</type>
<extensions>
<label xmlns="http://www.topografix.com/GPX/gpx_overlay/0/5">
<label_text>119</label_text>
</label>
<ExtendedData xmlns="http://www.topografix.com/GPX/Private/TopoGrafix/0/5">
<Data name="Bearing (Pro Data)">
<value>99.58° True</value>
</Data>
<Data name="Longitude (Pro Data)">
<value>W114.07666</value>
</Data>
<Data name="Distance to Active Point (Pro Data)">
<value>5.34 mi</value>
</Data>
<Data name="Latitude (Pro Data)">
<value>N34.11802</value>
</Data>
</ExtendedData>
</extensions>
</wpt>
<wpt lat="34.11717541" lon="-114.09244202">
<ele>279.974</ele>
<time>2026-01-10T22:07:27.797Z</time>
<name>120</name>
<sym>Waypoint</sym>
<type>Mile Marker</type>
<extensions>
<label xmlns="http://www.topografix.com/GPX/gpx_overlay/0/5">
<label_text>120</label_text>
</label>
<ExtendedData xmlns="http://www.topografix.com/GPX/Private/TopoGrafix/0/5">
<Data name="Bearing (Pro Data)">
<value>102.27° True</value>
</Data>
<Data name="Longitude (Pro Data)">
<value>W114.09244</value>
</Data>
<Data name="Distance to Active Point (Pro Data)">
<value>4.46 mi</value>
</Data>
<Data name="Latitude (Pro Data)">
<value>N34.11718</value>
</Data>
</ExtendedData>
</extensions>
</wpt>
<wpt lat="34.11897190" lon="-114.10628443">
<ele>277.975</ele>
<time>2026-01-10T22:07:27.798Z</time>
<name>121</name>
<sym>Waypoint</sym>
<type>Mile Marker</type>
<extensions>
<label xmlns="http://www.topografix.com/GPX/gpx_overlay/0/5">
<label_text>121</label_text>
</label>
<ExtendedData xmlns="http://www.topografix.com/GPX/Private/TopoGrafix/0/5">
<Data name="Bearing (Pro Data)">
<value>103.02° True</value>
</Data>
<Data name="Longitude (Pro Data)">
<value>W114.10628</value>
</Data>
<Data name="Distance to Active Point (Pro Data)">
<value>3.66 mi</value>
</Data>
<Data name="Latitude (Pro Data)">
<value>N34.11897</value>
</Data>
</ExtendedData>
</extensions>
</wpt>
<wpt lat="34.12168631" lon="-114.12254532">
<ele>258.294</ele>
<time>2026-01-10T22:07:27.798Z</time>
<name>122</name>
<sym>Waypoint</sym>
<type>Mile Marker</type>
<extensions>
<label xmlns="http://www.topografix.com/GPX/gpx_overlay/0/5">
<label_text>122</label_text>
</label>
<ExtendedData xmlns="http://www.topografix.com/GPX/Private/TopoGrafix/0/5">
<Data name="Bearing (Pro Data)">
<value>103.62° True</value>
</Data>
<Data name="Longitude (Pro Data)">
<value>W114.12255</value>
</Data>
<Data name="Distance to Active Point (Pro Data)">
<value>2.71 mi</value>
</Data>
<Data name="Latitude (Pro Data)">
<value>N34.12169</value>
</Data>
</ExtendedData>
</extensions>
</wpt>
<wpt lat="34.12855242" lon="-114.13313975">
<ele>264.164</ele>
<time>2026-01-10T22:07:27.799Z</time>
<name>123</name>
<sym>Waypoint</sym>
<type>Mile Marker</type>
<extensions>
<label xmlns="http://www.topografix.com/GPX/gpx_overlay/0/5">
<label_text>123</label_text>
</label>
<ExtendedData xmlns="http://www.topografix.com/GPX/Private/TopoGrafix/0/5">
<Data name="Bearing (Pro Data)">
<value>94.64° True</value>
</Data>
<Data name="Longitude (Pro Data)">
<value>W114.13314</value>
</Data>
<Data name="Distance to Active Point (Pro Data)">
<value>2.03 mi</value>
</Data>
<Data name="Latitude (Pro Data)">
<value>N34.12855</value>
</Data>
</ExtendedData>
</extensions>
</wpt>
<wpt lat="34.13761419" lon="-114.14570937">
<ele>241.100</ele>
<time>2026-01-10T22:07:27.799Z</time>
<name>124</name>
<sym>Waypoint</sym>
<type>Mile Marker</type>
<extensions>
<label xmlns="http://www.topografix.com/GPX/gpx_overlay/0/5">
<label_text>124</label_text>
</label>
<ExtendedData xmlns="http://www.topografix.com/GPX/Private/TopoGrafix/0/5">
<Data name="Bearing (Pro Data)">
<value>70.54° True</value>
</Data>
<Data name="Longitude (Pro Data)">
<value>W114.14571</value>
</Data>
<Data name="Distance to Active Point (Pro Data)">
<value>1.38 mi</value>
</Data>
<Data name="Latitude (Pro Data)">
<value>N34.13761</value>
</Data>
</ExtendedData>
</extensions>
</wpt>
<wpt lat="34.13159385" lon="-114.15736820">
<ele>222.602</ele>
<time>2026-01-10T22:07:27.800Z</time>
<name>125</name>
<sym>Waypoint</sym>
<type>Mile Marker</type>
<extensions>
<label xmlns="http://www.topografix.com/GPX/gpx_overlay/0/5">
<label_text>125</label_text>
</label>
<ExtendedData xmlns="http://www.topografix.com/GPX/Private/TopoGrafix/0/5">
<Data name="Bearing (Pro Data)">
<value>85.93° True</value>
</Data>
<Data name="Longitude (Pro Data)">
<value>W114.15737</value>
</Data>
<Data name="Distance to Active Point (Pro Data)">
<value>0.64 mi</value>
</Data>
<Data name="Latitude (Pro Data)">
<value>N34.13159</value>
</Data>
</ExtendedData>
</extensions>
</wpt>
<wpt lat="34.13160826" lon="-114.17147140">
<ele>0.000</ele>
<time>2026-01-10T22:07:27.800Z</time>
<name>126</name>
<sym>Waypoint</sym>
<type>Mile Marker</type>
<extensions>
<label xmlns="http://www.topografix.com/GPX/gpx_overlay/0/5">
<label_text>126</label_text>
</label>
<ExtendedData xmlns="http://www.topografix.com/GPX/Private/TopoGrafix/0/5">
<Data name="Bearing (Pro Data)">
<value>284.80° True</value>
</Data>
<Data name="Longitude (Pro Data)">
<value>W114.17147</value>
</Data>
<Data name="Distance to Active Point (Pro Data)">
<value>952 ft</value>
</Data>
<Data name="Latitude (Pro Data)">
<value>N34.13161</value>
</Data>
</ExtendedData>
</extensions>
</wpt>
<wpt lat="34.01795000" lon="-113.93891000">
<ele>0.000</ele>
<time>2026-01-10T22:07:27.801Z</time>
<name>CAP Canal Pit 1</name>
<desc>Location: 34.01795, -113.93891&lt;br&gt;
Elevation: 0.0 ft&lt;br&gt;
Time Created: 12/22/25, 12:22:06 PM PST&lt;br&gt;</desc>
<sym>Small Circle, Red</sym>
<type>2026 Parker 400 C/T/UTV - Racer File  Stop sh_ylw-pushpin165</type>
<extensions>
<label xmlns="http://www.topografix.com/GPX/gpx_overlay/0/5">
<label_text>CAP Canal Pit 1</label_text>
</label>
<time xmlns="http://www.topografix.com/GPX/gpx_modified/0/1">2026-01-10T22:07:57.492Z</time>
</extensions>
</wpt>
<wpt lat="33.95990000" lon="-113.81225000">
<ele>0.000</ele>
<time>2026-01-10T22:07:27.801Z</time>
<name>Graham Well Pit 2</name>
<desc>Location: 33.95990, -113.81225&lt;br&gt;
Elevation: 0.0 ft&lt;br&gt;
Time Created: 12/22/25, 12:22:06 PM PST&lt;br&gt;</desc>
<sym>Small Circle, Red</sym>
<type>2026 Parker 400 C/T/UTV - Racer File  Stop sh_ylw-pushpin165</type>
<extensions>
<label xmlns="http://www.topografix.com/GPX/gpx_overlay/0/5">
<label_text>Graham Well Pit 2</label_text>
</label>
<time xmlns="http://www.topografix.com/GPX/gpx_modified/0/1">2026-01-10T22:07:57.492Z</time>
</extensions>
</wpt>
<wpt lat="34.06933000" lon="-113.88392000">
<ele>0.000</ele>
<time>2026-01-10T22:07:27.801Z</time>
<name>Midway Pit 3</name>
<desc>Location: 34.06933, -113.88392&lt;br&gt;
Elevation: 0.0 ft&lt;br&gt;
Time Created: 12/22/25, 12:22:06 PM PST&lt;br&gt;</desc>
<sym>Small Circle, Red</sym>
<type>2026 Parker 400 C/T/UTV - Racer File  Stop sh_ylw-pushpin165</type>
<extensions>
<label xmlns="http://www.topografix.com/GPX/gpx_overlay/0/5">
<label_text>Midway Pit 3</label_text>
</label>
<time xmlns="http://www.topografix.com/GPX/gpx_modified/0/1">2026-01-10T22:07:57.492Z</time>
</extensions>
</wpt>
<wpt lat="34.13094000" lon="-114.16843000">
<ele>0.000</ele>
<time>2026-01-10T22:07:27.801Z</time>
<name>Main Pit</name>
<desc>Location: 34.13094, -114.16843&lt;br&gt;
Elevation: 0.0 ft&lt;br&gt;
Time Created: 12/22/25, 12:25:55 PM PST&lt;br&gt;</desc>
<sym>Small Circle, Red</sym>
<type>2026 Parker 400 C/T/UTV - Racer File  Stop sh_ylw-pushpin165</type>
<extensions>
<label xmlns="http://www.topografix.com/GPX/gpx_overlay/0/5">
<label_text>Main Pit</label_text>
</label>
<time xmlns="http://www.topografix.com/GPX/gpx_modified/0/1">2026-01-10T22:07:57.492Z</time>
</extensions>
</wpt>
<wpt lat="34.01867386" lon="-113.93389766">
<ele>0.000</ele>
<time>2026-01-10T22:07:27.802Z</time>
<name>Pit Ahead</name>
<desc>Location: 34.01854, -113.93406&lt;br&gt;
Elevation: 0.0 ft&lt;br&gt;
Time Created: 12/27/25, 3:27:32 PM PST&lt;br&gt;</desc>
<sym>Small Circle, Red</sym>
<type>2026 Parker 400 C/T/UTV - Racer File  Stop sh_ylw-pushpin165</type>
<extensions>
<label xmlns="http://www.topografix.com/GPX/gpx_overlay/0/5">
<label_text>Pit Ahead</label_text>
</label>
<time xmlns="http://www.topografix.com/GPX/gpx_modified/0/1">2026-01-10T22:07:57.492Z</time>
</extensions>
</wpt>
<wpt lat="33.95991682" lon="-113.81947923">
<ele>0.000</ele>
<time>2026-01-10T22:07:27.802Z</time>
<name>Pit Ahead</name>
<desc>Location: 33.96011, -113.81956&lt;br&gt;
Elevation: 0.0 ft&lt;br&gt;
Time Created: 12/27/25, 4:06:53 PM PST&lt;br&gt;</desc>
<sym>Small Circle, Red</sym>
<type>2026 Parker 400 C/T/UTV - Racer File  Stop sh_ylw-pushpin165</type>
<extensions>
<label xmlns="http://www.topografix.com/GPX/gpx_overlay/0/5">
<label_text>Pit Ahead</label_text>
</label>
<time xmlns="http://www.topografix.com/GPX/gpx_modified/0/1">2026-01-10T22:07:57.492Z</time>
</extensions>
</wpt>
<wpt lat="34.06493305" lon="-113.86844381">
<ele>0.000</ele>
<time>2026-01-10T22:07:27.802Z</time>
<name>Pit Ahead</name>
<desc>Location: 34.06483, -113.86860&lt;br&gt;
Elevation: 0.0 ft&lt;br&gt;
Time Created: 12/28/25, 10:31:51 AM PST&lt;br&gt;</desc>
<sym>Small Circle, Red</sym>
<type>2026 Parker 400 C/T/UTV - Racer File  Stop sh_ylw-pushpin165</type>
<extensions>
<label xmlns="http://www.topografix.com/GPX/gpx_overlay/0/5">
<label_text>Pit Ahead</label_text>
</label>
<time xmlns="http://www.topografix.com/GPX/gpx_modified/0/1">2026-01-10T22:07:57.492Z</time>
</extensions>
</wpt>
<wpt lat="34.12957000" lon="-114.15929000">
<ele>0.000</ele>
<time>2026-01-10T22:07:27.802Z</time>
<name>Pit Ahead</name>
<desc>Location: 34.12957, -114.15929&lt;br&gt;
Elevation: 0.0 ft&lt;br&gt;
Time Created: 12/28/25, 12:02:42 PM PST&lt;br&gt;</desc>
<sym>Small Circle, Red</sym>
<type>2026 Parker 400 C/T/UTV - Racer File  Stop sh_ylw-pushpin165</type>
<extensions>
<label xmlns="http://www.topografix.com/GPX/gpx_overlay/0/5">
<label_text>Pit Ahead</label_text>
</label>
<time xmlns="http://www.topografix.com/GPX/gpx_modified/0/1">2026-01-10T22:07:57.492Z</time>
</extensions>
</wpt>
<wpt lat="34.10148019" lon="-114.00707719">
<ele>0.000</ele>
<time>2026-01-10T22:07:27.802Z</time>
<name>Triple Danger Hole</name>
<sym>Small Circle, Red</sym>
<type>2026 Parker 400 C/T/UTV - Racer File  Stop sh_ylw-pushpin165</type>
<extensions>
<label xmlns="http://www.topografix.com/GPX/gpx_overlay/0/5">
<label_text>Triple Danger Hole</label_text>
</label>
<time xmlns="http://www.topografix.com/GPX/gpx_modified/0/1">2026-01-10T22:07:57.492Z</time>
</extensions>
</wpt>
<wpt lat="33.96640000" lon="-113.99758000">
<ele>0.000</ele>
<time>2026-01-10T22:07:27.802Z</time>
<name>Triple Danger Wash Out</name>
<desc>Location: 33.96640, -113.99758&lt;br&gt;
Elevation: 0.0 ft&lt;br&gt;
Time Created: 12/27/25, 3:40:08 PM PST&lt;br&gt;</desc>
<sym>Small Circle, Red</sym>
<type>2026 Parker 400 C/T/UTV - Racer File  Stop sh_ylw-pushpin165</type>
<extensions>
<label xmlns="http://www.topografix.com/GPX/gpx_overlay/0/5">
<label_text>Triple Danger Wash Out</label_text>
</label>
<time xmlns="http://www.topografix.com/GPX/gpx_modified/0/1">2026-01-10T22:07:57.492Z</time>
</extensions>
</wpt>
<wpt lat="34.09713000" lon="-113.93631000">
<ele>0.000</ele>
<time>2026-01-10T22:07:27.802Z</time>
<name>Single Danger</name>
<desc>Location: 34.09713, -113.93631&lt;br&gt;
Elevation: 0.0 ft&lt;br&gt;
Time Created: 12/27/25, 2:51:07 PM PST&lt;br&gt;</desc>
<sym>Small Circle, Red</sym>
<type>2026 Parker 400 C/T/UTV - Racer File  Stop sh_ylw-pushpin165</type>
<extensions>
<label xmlns="http://www.topografix.com/GPX/gpx_overlay/0/5">
<label_text>Single Danger</label_text>
</label>
<time xmlns="http://www.topografix.com/GPX/gpx_modified/0/1">2026-01-10T22:07:57.492Z</time>
</extensions>
</wpt>
<wpt lat="34.09062000" lon="-113.92261000">
<ele>0.000</ele>
<time>2026-01-10T22:07:27.803Z</time>
<name>Single Danger</name>
<desc>Location: 34.09062, -113.92261&lt;br&gt;
Elevation: 0.0 ft&lt;br&gt;
Time Created: 12/27/25, 2:55:03 PM PST&lt;br&gt;</desc>
<sym>Small Circle, Red</sym>
<type>2026 Parker 400 C/T/UTV - Racer File  Stop sh_ylw-pushpin165</type>
<extensions>
<label xmlns="http://www.topografix.com/GPX/gpx_overlay/0/5">
<label_text>Single Danger</label_text>
</label>
<time xmlns="http://www.topografix.com/GPX/gpx_modified/0/1">2026-01-10T22:07:57.492Z</time>
</extensions>
</wpt>
<wpt lat="34.00261000" lon="-113.96518000">
<ele>0.000</ele>
<time>2026-01-10T22:07:27.803Z</time>
<name>Single Danger</name>
<desc>Location: 34.00261, -113.96518&lt;br&gt;
Elevation: 0.0 ft&lt;br&gt;
Time Created: 12/27/25, 3:32:58 PM PST&lt;br&gt;</desc>
<sym>Small Circle, Red</sym>
<type>2026 Parker 400 C/T/UTV - Racer File  Stop sh_ylw-pushpin165</type>
<extensions>
<label xmlns="http://www.topografix.com/GPX/gpx_overlay/0/5">
<label_text>Single Danger</label_text>
</label>
<time xmlns="http://www.topografix.com/GPX/gpx_modified/0/1">2026-01-10T22:07:57.492Z</time>
</extensions>
</wpt>
<wpt lat="33.99850121" lon="-113.97114711">
<ele>0.000</ele>
<time>2026-01-10T22:07:27.803Z</time>
<name>Single Danger</name>
<desc>Location: 33.99828, -113.97114&lt;br&gt;
Elevation: 0.0 ft&lt;br&gt;
Time Created: 12/27/25, 3:33:56 PM PST&lt;br&gt;</desc>
<sym>Small Circle, Red</sym>
<type>2026 Parker 400 C/T/UTV - Racer File  Stop sh_ylw-pushpin165</type>
<extensions>
<label xmlns="http://www.topografix.com/GPX/gpx_overlay/0/5">
<label_text>Single Danger</label_text>
</label>
<time xmlns="http://www.topografix.com/GPX/gpx_modified/0/1">2026-01-10T22:07:57.492Z</time>
</extensions>
</wpt>
<wpt lat="33.99635546" lon="-113.97627158">
<ele>0.000</ele>
<time>2026-01-10T22:07:27.803Z</time>
<name>Single Danger</name>
<desc>Location: 33.99712, -113.97643&lt;br&gt;
Elevation: 0.0 ft&lt;br&gt;
Time Created: 12/27/25, 3:34:37 PM PST&lt;br&gt;</desc>
<sym>Small Circle, Red</sym>
<type>2026 Parker 400 C/T/UTV - Racer File  Stop sh_ylw-pushpin165</type>
<extensions>
<label xmlns="http://www.topografix.com/GPX/gpx_overlay/0/5">
<label_text>Single Danger</label_text>
</label>
<time xmlns="http://www.topografix.com/GPX/gpx_modified/0/1">2026-01-10T22:07:57.492Z</time>
</extensions>
</wpt>
<wpt lat="33.97629000" lon="-113.59757000">
<ele>0.000</ele>
<time>2026-01-10T22:07:27.803Z</time>
<name>Single Danger</name>
<desc>Location: 33.97629, -113.59757&lt;br&gt;
Elevation: 0.0 ft&lt;br&gt;
Time Created: 12/28/25, 9:49:39 AM PST&lt;br&gt;</desc>
<sym>Small Circle, Red</sym>
<type>2026 Parker 400 C/T/UTV - Racer File  Stop sh_ylw-pushpin165</type>
<extensions>
<label xmlns="http://www.topografix.com/GPX/gpx_overlay/0/5">
<label_text>Single Danger</label_text>
</label>
<time xmlns="http://www.topografix.com/GPX/gpx_modified/0/1">2026-01-10T22:07:57.492Z</time>
</extensions>
</wpt>
<wpt lat="33.98016000" lon="-113.60164000">
<ele>0.000</ele>
<time>2026-01-10T22:07:27.804Z</time>
<name>Single Danger</name>
<desc>Location: 33.98016, -113.60164&lt;br&gt;
Elevation: 0.0 ft&lt;br&gt;
Time Created: 12/28/25, 9:51:18 AM PST&lt;br&gt;</desc>
<sym>Small Circle, Red</sym>
<type>2026 Parker 400 C/T/UTV - Racer File  Stop sh_ylw-pushpin165</type>
<extensions>
<label xmlns="http://www.topografix.com/GPX/gpx_overlay/0/5">
<label_text>Single Danger</label_text>
</label>
<time xmlns="http://www.topografix.com/GPX/gpx_modified/0/1">2026-01-10T22:07:57.492Z</time>
</extensions>
</wpt>
<wpt lat="34.09027951" lon="-113.89033084">
<ele>0.000</ele>
<time>2026-01-10T22:07:27.804Z</time>
<name>Single Danger</name>
<desc>Location: 34.09019, -113.89043&lt;br&gt;
Elevation: 0.0 ft&lt;br&gt;
Time Created: 12/28/25, 10:42:12 AM PST&lt;br&gt;</desc>
<sym>Small Circle, Red</sym>
<type>2026 Parker 400 C/T/UTV - Racer File  Stop sh_ylw-pushpin165</type>
<extensions>
<label xmlns="http://www.topografix.com/GPX/gpx_overlay/0/5">
<label_text>Single Danger</label_text>
</label>
<time xmlns="http://www.topografix.com/GPX/gpx_modified/0/1">2026-01-10T22:07:57.492Z</time>
</extensions>
</wpt>
<wpt lat="34.09456853" lon="-113.89295172">
<ele>0.000</ele>
<time>2026-01-10T22:07:27.804Z</time>
<name>Single Danger</name>
<desc>Location: 34.09457, -113.89284&lt;br&gt;
Elevation: 0.0 ft&lt;br&gt;
Time Created: 12/28/25, 10:43:19 AM PST&lt;br&gt;</desc>
<sym>Small Circle, Red</sym>
<type>2026 Parker 400 C/T/UTV - Racer File  Stop sh_ylw-pushpin165</type>
<extensions>
<label xmlns="http://www.topografix.com/GPX/gpx_overlay/0/5">
<label_text>Single Danger</label_text>
</label>
<time xmlns="http://www.topografix.com/GPX/gpx_modified/0/1">2026-01-10T22:07:57.492Z</time>
</extensions>
</wpt>
<wpt lat="34.12871000" lon="-114.02777000">
<ele>0.000</ele>
<time>2026-01-10T22:07:27.804Z</time>
<name>Single Danger</name>
<desc>Location: 34.12871, -114.02777&lt;br&gt;
Elevation: 0.0 ft&lt;br&gt;
Time Created: 12/28/25, 11:24:15 AM PST&lt;br&gt;</desc>
<sym>Small Circle, Red</sym>
<type>2026 Parker 400 C/T/UTV - Racer File  Stop sh_ylw-pushpin165</type>
<extensions>
<label xmlns="http://www.topografix.com/GPX/gpx_overlay/0/5">
<label_text>Single Danger</label_text>
</label>
<time xmlns="http://www.topografix.com/GPX/gpx_modified/0/1">2026-01-10T22:07:57.492Z</time>
</extensions>
</wpt>
<wpt lat="34.11744000" lon="-114.09146000">
<ele>0.000</ele>
<time>2026-01-10T22:07:27.804Z</time>
<name>Single Danger</name>
<desc>Location: 34.11744, -114.09146&lt;br&gt;
Elevation: 0.0 ft&lt;br&gt;
Time Created: 12/28/25, 11:49:09 AM PST&lt;br&gt;</desc>
<sym>Small Circle, Red</sym>
<type>2026 Parker 400 C/T/UTV - Racer File  Stop sh_ylw-pushpin165</type>
<extensions>
<label xmlns="http://www.topografix.com/GPX/gpx_overlay/0/5">
<label_text>Single Danger</label_text>
</label>
<time xmlns="http://www.topografix.com/GPX/gpx_modified/0/1">2026-01-10T22:07:57.492Z</time>
</extensions>
</wpt>
<wpt lat="34.13690955" lon="-114.15092037">
<ele>0.000</ele>
<time>2026-01-10T22:07:27.805Z</time>
<name>SIngle Danger</name>
<desc>Location: 34.13678, -114.15092&lt;br&gt;
Elevation: 0.0 ft&lt;br&gt;
Time Created: 12/28/25, 12:00:23 PM PST&lt;br&gt;</desc>
<sym>Small Circle, Red</sym>
<type>2026 Parker 400 C/T/UTV - Racer File  Stop sh_ylw-pushpin165</type>
<extensions>
<label xmlns="http://www.topografix.com/GPX/gpx_overlay/0/5">
<label_text>SIngle Danger</label_text>
</label>
<time xmlns="http://www.topografix.com/GPX/gpx_modified/0/1">2026-01-10T22:07:57.492Z</time>
</extensions>
</wpt>
<wpt lat="34.13642000" lon="-114.18391000">
<ele>0.000</ele>
<time>2026-01-10T22:07:27.805Z</time>
<name>Single Danger Down</name>
<desc>Location: 34.13642, -114.18391&lt;br&gt;
Elevation: 0.0 ft&lt;br&gt;
Time Created: 12/27/25, 1:44:42 PM PST&lt;br&gt;</desc>
<sym>Small Circle, Red</sym>
<type>2026 Parker 400 C/T/UTV - Racer File  Stop sh_ylw-pushpin165</type>
<extensions>
<label xmlns="http://www.topografix.com/GPX/gpx_overlay/0/5">
<label_text>Single Danger Down</label_text>
</label>
<time xmlns="http://www.topografix.com/GPX/gpx_modified/0/1">2026-01-10T22:07:57.492Z</time>
</extensions>
</wpt>
<wpt lat="34.13557000" lon="-114.04439000">
<ele>0.000</ele>
<time>2026-01-10T22:07:27.805Z</time>
<name>Single Danger Gout</name>
<desc>Location: 34.13557, -114.04439&lt;br&gt;
Elevation: 0.0 ft&lt;br&gt;
Time Created: 12/28/25, 11:20:27 AM PST&lt;br&gt;</desc>
<sym>Small Circle, Red</sym>
<type>2026 Parker 400 C/T/UTV - Racer File  Stop sh_ylw-pushpin165</type>
<extensions>
<label xmlns="http://www.topografix.com/GPX/gpx_overlay/0/5">
<label_text>Single Danger Gout</label_text>
</label>
<time xmlns="http://www.topografix.com/GPX/gpx_modified/0/1">2026-01-10T22:07:57.492Z</time>
</extensions>
</wpt>
<wpt lat="34.06978354" lon="-113.88801239">
<ele>0.000</ele>
<time>2026-01-10T22:07:27.805Z</time>
<name>Danger Ahead</name>
<desc>Location: 34.06980, -113.88806&lt;br&gt;
Elevation: 0.0 ft&lt;br&gt;
Time Created: 12/27/25, 3:17:37 PM PST&lt;br&gt;</desc>
<sym>Small Circle, Red</sym>
<type>2026 Parker 400 C/T/UTV - Racer File  Stop sh_ylw-pushpin165</type>
<extensions>
<label xmlns="http://www.topografix.com/GPX/gpx_overlay/0/5">
<label_text>Danger Ahead</label_text>
</label>
<time xmlns="http://www.topografix.com/GPX/gpx_modified/0/1">2026-01-10T22:07:57.492Z</time>
</extensions>
</wpt>
<wpt lat="34.06838263" lon="-113.88928137">
<ele>0.000</ele>
<time>2026-01-10T22:07:27.805Z</time>
<name>Danger Ahead</name>
<desc>Location: 34.06843, -113.88973&lt;br&gt;
Elevation: 0.0 ft&lt;br&gt;
Time Created: 12/27/25, 3:18:22 PM PST&lt;br&gt;</desc>
<sym>Small Circle, Red</sym>
<type>2026 Parker 400 C/T/UTV - Racer File  Stop sh_ylw-pushpin165</type>
<extensions>
<label xmlns="http://www.topografix.com/GPX/gpx_overlay/0/5">
<label_text>Danger Ahead</label_text>
</label>
<time xmlns="http://www.topografix.com/GPX/gpx_modified/0/1">2026-01-10T22:07:57.492Z</time>
</extensions>
</wpt>
<wpt lat="34.02612373" lon="-113.92498149">
<ele>0.000</ele>
<time>2026-01-10T22:07:27.805Z</time>
<name>Danger Ahead</name>
<desc>Location: 34.02580, -113.92545&lt;br&gt;
Elevation: 0.0 ft&lt;br&gt;
Time Created: 12/27/25, 3:24:55 PM PST&lt;br&gt;</desc>
<sym>Small Circle, Red</sym>
<type>2026 Parker 400 C/T/UTV - Racer File  Stop sh_ylw-pushpin165</type>
<extensions>
<label xmlns="http://www.topografix.com/GPX/gpx_overlay/0/5">
<label_text>Danger Ahead</label_text>
</label>
<time xmlns="http://www.topografix.com/GPX/gpx_modified/0/1">2026-01-10T22:07:57.492Z</time>
</extensions>
</wpt>
<wpt lat="33.96771369" lon="-113.99779682">
<ele>0.000</ele>
<time>2026-01-10T22:07:27.806Z</time>
<name>Danger Ahead</name>
<desc>Location: 33.96724, -113.99777&lt;br&gt;
Elevation: 0.0 ft&lt;br&gt;
Time Created: 12/27/25, 3:39:45 PM PST&lt;br&gt;</desc>
<sym>Small Circle, Red</sym>
<type>2026 Parker 400 C/T/UTV - Racer File  Stop sh_ylw-pushpin165</type>
<extensions>
<label xmlns="http://www.topografix.com/GPX/gpx_overlay/0/5">
<label_text>Danger Ahead</label_text>
</label>
<time xmlns="http://www.topografix.com/GPX/gpx_modified/0/1">2026-01-10T22:07:57.492Z</time>
</extensions>
</wpt>
<wpt lat="33.98389738" lon="-113.92883963">
<ele>0.000</ele>
<time>2026-01-10T22:07:27.806Z</time>
<name>Danger Ahead</name>
<desc>Location: 33.98394, -113.92826&lt;br&gt;
Elevation: 0.0 ft&lt;br&gt;
Time Created: 12/27/25, 3:50:15 PM PST&lt;br&gt;</desc>
<sym>Small Circle, Red</sym>
<type>2026 Parker 400 C/T/UTV - Racer File  Stop sh_ylw-pushpin165</type>
<extensions>
<label xmlns="http://www.topografix.com/GPX/gpx_overlay/0/5">
<label_text>Danger Ahead</label_text>
</label>
<time xmlns="http://www.topografix.com/GPX/gpx_modified/0/1">2026-01-10T22:07:57.492Z</time>
</extensions>
</wpt>
<wpt lat="33.98657608" lon="-113.73921083">
<ele>0.000</ele>
<time>2026-01-10T22:07:27.806Z</time>
<name>Danger Ahead</name>
<desc>Location: 33.98663, -113.73622&lt;br&gt;
Elevation: 0.0 ft&lt;br&gt;
Time Created: 12/28/25, 9:37:54 AM PST&lt;br&gt;</desc>
<sym>Small Circle, Red</sym>
<type>2026 Parker 400 C/T/UTV - Racer File  Stop sh_ylw-pushpin165</type>
<extensions>
<label xmlns="http://www.topografix.com/GPX/gpx_overlay/0/5">
<label_text>Danger Ahead</label_text>
</label>
<time xmlns="http://www.topografix.com/GPX/gpx_modified/0/1">2026-01-10T22:07:57.492Z</time>
</extensions>
</wpt>
<wpt lat="34.16319848" lon="-113.94160033">
<ele>0.000</ele>
<time>2026-01-10T22:07:27.806Z</time>
<name>Danger Ahead</name>
<desc>Location: 34.16311, -113.94140&lt;br&gt;
Elevation: 0.0 ft&lt;br&gt;
Time Created: 12/28/25, 10:52:34 AM PST&lt;br&gt;</desc>
<sym>Small Circle, Red</sym>
<type>2026 Parker 400 C/T/UTV - Racer File  Stop sh_ylw-pushpin165</type>
<extensions>
<label xmlns="http://www.topografix.com/GPX/gpx_overlay/0/5">
<label_text>Danger Ahead</label_text>
</label>
<time xmlns="http://www.topografix.com/GPX/gpx_modified/0/1">2026-01-10T22:07:57.492Z</time>
</extensions>
</wpt>
<wpt lat="34.16131000" lon="-114.04937000">
<ele>0.000</ele>
<time>2026-01-10T22:07:27.806Z</time>
<name>Danger Ahead</name>
<desc>Location: 34.16131, -114.04937&lt;br&gt;
Elevation: 0.0 ft&lt;br&gt;
Time Created: 12/28/25, 11:13:50 AM PST&lt;br&gt;</desc>
<sym>Small Circle, Red</sym>
<type>2026 Parker 400 C/T/UTV - Racer File  Stop sh_ylw-pushpin165</type>
<extensions>
<label xmlns="http://www.topografix.com/GPX/gpx_overlay/0/5">
<label_text>Danger Ahead</label_text>
</label>
<time xmlns="http://www.topografix.com/GPX/gpx_modified/0/1">2026-01-10T22:07:57.492Z</time>
</extensions>
</wpt>
<wpt lat="34.13443335" lon="-114.04380565">
<ele>0.000</ele>
<time>2026-01-10T22:07:27.807Z</time>
<name>Danger Ahead</name>
<desc>Location: 34.13429, -114.04368&lt;br&gt;
Elevation: 0.0 ft&lt;br&gt;
Time Created: 12/28/25, 11:21:12 AM PST&lt;br&gt;</desc>
<sym>Small Circle, Red</sym>
<type>2026 Parker 400 C/T/UTV - Racer File  Stop sh_ylw-pushpin165</type>
<extensions>
<label xmlns="http://www.topografix.com/GPX/gpx_overlay/0/5">
<label_text>Danger Ahead</label_text>
</label>
<time xmlns="http://www.topografix.com/GPX/gpx_modified/0/1">2026-01-10T22:07:57.492Z</time>
</extensions>
</wpt>
<wpt lat="34.15739679" lon="-114.04723670">
<ele>0.000</ele>
<time>2026-01-10T22:07:27.807Z</time>
<name>Danger Ahead</name>
<sym>Small Circle, Red</sym>
<type>2026 Parker 400 C/T/UTV - Racer File  Stop sh_ylw-pushpin165</type>
<extensions>
<label xmlns="http://www.topografix.com/GPX/gpx_overlay/0/5">
<label_text>Danger Ahead</label_text>
</label>
<time xmlns="http://www.topografix.com/GPX/gpx_modified/0/1">2026-01-10T22:07:57.492Z</time>
</extensions>
</wpt>
<wpt lat="34.11590122" lon="-114.01860148">
<ele>0.000</ele>
<time>2026-01-10T22:07:27.807Z</time>
<name>Danger Ahead</name>
<sym>Small Circle, Red</sym>
<type>2026 Parker 400 C/T/UTV - Racer File  Stop sh_ylw-pushpin165</type>
<extensions>
<label xmlns="http://www.topografix.com/GPX/gpx_overlay/0/5">
<label_text>Danger Ahead</label_text>
</label>
<time xmlns="http://www.topografix.com/GPX/gpx_modified/0/1">2026-01-10T22:07:57.492Z</time>
</extensions>
</wpt>
<wpt lat="33.98411000" lon="-113.92561000">
<ele>0.000</ele>
<time>2026-01-10T22:07:27.807Z</time>
<name>Danger Bridge Crossing</name>
<desc>Location: 33.98411, -113.92561&lt;br&gt;
Elevation: 0.0 ft&lt;br&gt;
Time Created: 12/27/25, 3:50:48 PM PST&lt;br&gt;</desc>
<sym>Small Circle, Red</sym>
<type>2026 Parker 400 C/T/UTV - Racer File  Stop sh_ylw-pushpin165</type>
<extensions>
<label xmlns="http://www.topografix.com/GPX/gpx_overlay/0/5">
<label_text>Danger Bridge Crossing</label_text>
</label>
<time xmlns="http://www.topografix.com/GPX/gpx_modified/0/1">2026-01-10T22:07:57.492Z</time>
</extensions>
</wpt>
<wpt lat="33.98649314" lon="-113.73211763">
<ele>0.000</ele>
<time>2026-01-10T22:07:27.807Z</time>
<name>Danger Fence</name>
<desc>Location: 33.98632, -113.73231&lt;br&gt;
Elevation: 0.0 ft&lt;br&gt;
Time Created: 12/28/25, 9:38:32 AM PST&lt;br&gt;</desc>
<sym>Small Circle, Red</sym>
<type>2026 Parker 400 C/T/UTV - Racer File  Stop sh_ylw-pushpin165</type>
<extensions>
<label xmlns="http://www.topografix.com/GPX/gpx_overlay/0/5">
<label_text>Danger Fence</label_text>
</label>
<time xmlns="http://www.topografix.com/GPX/gpx_modified/0/1">2026-01-10T22:07:57.492Z</time>
</extensions>
</wpt>
<wpt lat="34.01973000" lon="-113.73375000">
<ele>0.000</ele>
<time>2026-01-10T22:07:27.807Z</time>
<name>Danger Fence</name>
<desc>Location: 34.01973, -113.73375&lt;br&gt;
Elevation: 0.0 ft&lt;br&gt;
Time Created: 12/28/25, 10:21:01 AM PST&lt;br&gt;</desc>
<sym>Small Circle, Red</sym>
<type>2026 Parker 400 C/T/UTV - Racer File  Stop sh_ylw-pushpin165</type>
<extensions>
<label xmlns="http://www.topografix.com/GPX/gpx_overlay/0/5">
<label_text>Danger Fence</label_text>
</label>
<time xmlns="http://www.topografix.com/GPX/gpx_modified/0/1">2026-01-10T22:07:57.492Z</time>
</extensions>
</wpt>
<wpt lat="34.16441774" lon="-113.94179836">
<ele>0.000</ele>
<time>2026-01-10T22:07:27.808Z</time>
<name>Danger Left Turn</name>
<sym>Small Circle, Red</sym>
<type>2026 Parker 400 C/T/UTV - Racer File  Stop sh_ylw-pushpin165</type>
<extensions>
<label xmlns="http://www.topografix.com/GPX/gpx_overlay/0/5">
<label_text>Danger Left Turn</label_text>
</label>
<time xmlns="http://www.topografix.com/GPX/gpx_modified/0/1">2026-01-10T22:07:57.492Z</time>
</extensions>
</wpt>
<wpt lat="34.10821000" lon="-113.95994000">
<ele>0.000</ele>
<time>2026-01-10T22:07:27.808Z</time>
<name>Danger Poles</name>
<desc>Location: 34.10821, -113.95994&lt;br&gt;
Elevation: 0.0 ft&lt;br&gt;
Time Created: 12/27/25, 2:47:27 PM PST&lt;br&gt;</desc>
<sym>Small Circle, Red</sym>
<type>2026 Parker 400 C/T/UTV - Racer File  Stop sh_ylw-pushpin165</type>
<extensions>
<label xmlns="http://www.topografix.com/GPX/gpx_overlay/0/5">
<label_text>Danger Poles</label_text>
</label>
<time xmlns="http://www.topografix.com/GPX/gpx_modified/0/1">2026-01-10T22:07:57.492Z</time>
</extensions>
</wpt>
<wpt lat="33.98640097" lon="-113.64118217">
<ele>0.000</ele>
<time>2026-01-10T22:07:27.808Z</time>
<name>Danger Poles</name>
<desc>Location: 33.98621, -113.64107&lt;br&gt;
Elevation: 0.0 ft&lt;br&gt;
Time Created: 12/28/25, 9:44:13 AM PST&lt;br&gt;</desc>
<sym>Small Circle, Red</sym>
<type>2026 Parker 400 C/T/UTV - Racer File  Stop sh_ylw-pushpin165</type>
<extensions>
<label xmlns="http://www.topografix.com/GPX/gpx_overlay/0/5">
<label_text>Danger Poles</label_text>
</label>
<time xmlns="http://www.topografix.com/GPX/gpx_modified/0/1">2026-01-10T22:07:57.492Z</time>
</extensions>
</wpt>
<wpt lat="34.15762000" lon="-114.18202000">
<ele>0.000</ele>
<time>2026-01-10T22:07:27.808Z</time>
<name>Danger Ricks Right</name>
<desc>Location: 34.15762, -114.18202&lt;br&gt;
Elevation: 0.0 ft&lt;br&gt;
Time Created: 12/27/25, 1:28:29 PM PST&lt;br&gt;</desc>
<sym>Small Circle, Red</sym>
<type>2026 Parker 400 C/T/UTV - Racer File  Stop sh_ylw-pushpin165</type>
<extensions>
<label xmlns="http://www.topografix.com/GPX/gpx_overlay/0/5">
<label_text>Danger Ricks Right</label_text>
</label>
<time xmlns="http://www.topografix.com/GPX/gpx_modified/0/1">2026-01-10T22:07:57.492Z</time>
</extensions>
</wpt>
<wpt lat="34.14227078" lon="-114.15013977">
<ele>0.000</ele>
<time>2026-01-10T22:07:27.808Z</time>
<name>Danger Rocks</name>
<desc>Location: 34.14231, -114.15011&lt;br&gt;
Elevation: 0.0 ft&lt;br&gt;
Time Created: 12/27/25, 1:20:57 PM PST&lt;br&gt;</desc>
<sym>Small Circle, Red</sym>
<type>2026 Parker 400 C/T/UTV - Racer File  Stop sh_ylw-pushpin165</type>
<extensions>
<label xmlns="http://www.topografix.com/GPX/gpx_overlay/0/5">
<label_text>Danger Rocks</label_text>
</label>
<time xmlns="http://www.topografix.com/GPX/gpx_modified/0/1">2026-01-10T22:07:57.492Z</time>
</extensions>
</wpt>
<wpt lat="34.15102723" lon="-114.16024040">
<ele>0.000</ele>
<time>2026-01-10T22:07:27.809Z</time>
<name>Danger Rocks</name>
<desc>Location: 34.15110, -114.16037&lt;br&gt;
Elevation: 0.0 ft&lt;br&gt;
Time Created: 12/27/25, 1:23:36 PM PST&lt;br&gt;</desc>
<sym>Small Circle, Red</sym>
<type>2026 Parker 400 C/T/UTV - Racer File  Stop sh_ylw-pushpin165</type>
<extensions>
<label xmlns="http://www.topografix.com/GPX/gpx_overlay/0/5">
<label_text>Danger Rocks</label_text>
</label>
<time xmlns="http://www.topografix.com/GPX/gpx_modified/0/1">2026-01-10T22:07:57.492Z</time>
</extensions>
</wpt>
<wpt lat="34.15606000" lon="-114.17443000">
<ele>0.000</ele>
<time>2026-01-10T22:07:27.809Z</time>
<name>Danger Rocks</name>
<desc>Location: 34.15606, -114.17443&lt;br&gt;
Elevation: 0.0 ft&lt;br&gt;
Time Created: 12/27/25, 1:26:21 PM PST&lt;br&gt;</desc>
<sym>Small Circle, Red</sym>
<type>2026 Parker 400 C/T/UTV - Racer File  Stop sh_ylw-pushpin165</type>
<extensions>
<label xmlns="http://www.topografix.com/GPX/gpx_overlay/0/5">
<label_text>Danger Rocks</label_text>
</label>
<time xmlns="http://www.topografix.com/GPX/gpx_modified/0/1">2026-01-10T22:07:57.492Z</time>
</extensions>
</wpt>
<wpt lat="34.12452000" lon="-114.16209000">
<ele>0.000</ele>
<time>2026-01-10T22:07:27.809Z</time>
<name>Danger Rocks</name>
<desc>Location: 34.12452, -114.16209&lt;br&gt;
Elevation: 0.0 ft&lt;br&gt;
Time Created: 12/27/25, 2:03:14 PM PST&lt;br&gt;</desc>
<sym>Small Circle, Red</sym>
<type>2026 Parker 400 C/T/UTV - Racer File  Stop sh_ylw-pushpin165</type>
<extensions>
<label xmlns="http://www.topografix.com/GPX/gpx_overlay/0/5">
<label_text>Danger Rocks</label_text>
</label>
<time xmlns="http://www.topografix.com/GPX/gpx_modified/0/1">2026-01-10T22:07:57.492Z</time>
</extensions>
</wpt>
<wpt lat="34.11680000" lon="-114.13672000">
<ele>0.000</ele>
<time>2026-01-10T22:07:27.809Z</time>
<name>Danger Rocks</name>
<desc>Location: 34.11680, -114.13672&lt;br&gt;
Elevation: 0.0 ft&lt;br&gt;
Time Created: 12/27/25, 2:08:32 PM PST&lt;br&gt;</desc>
<sym>Small Circle, Red</sym>
<type>2026 Parker 400 C/T/UTV - Racer File  Stop sh_ylw-pushpin165</type>
<extensions>
<label xmlns="http://www.topografix.com/GPX/gpx_overlay/0/5">
<label_text>Danger Rocks</label_text>
</label>
<time xmlns="http://www.topografix.com/GPX/gpx_modified/0/1">2026-01-10T22:07:57.492Z</time>
</extensions>
</wpt>
<wpt lat="33.97459000" lon="-113.59943000">
<ele>0.000</ele>
<time>2026-01-10T22:07:27.809Z</time>
<name>Danger Rocks</name>
<desc>Location: 33.97459, -113.59943&lt;br&gt;
Elevation: 0.0 ft&lt;br&gt;
Time Created: 12/28/25, 9:49:03 AM PST&lt;br&gt;</desc>
<sym>Small Circle, Red</sym>
<type>2026 Parker 400 C/T/UTV - Racer File  Stop sh_ylw-pushpin165</type>
<extensions>
<label xmlns="http://www.topografix.com/GPX/gpx_overlay/0/5">
<label_text>Danger Rocks</label_text>
</label>
<time xmlns="http://www.topografix.com/GPX/gpx_modified/0/1">2026-01-10T22:07:57.492Z</time>
</extensions>
</wpt>
<wpt lat="34.21128000" lon="-114.00382000">
<ele>0.000</ele>
<time>2026-01-10T22:07:27.809Z</time>
<name>Danger Rocks</name>
<desc>Location: 34.21128, -114.00382&lt;br&gt;
Elevation: 0.0 ft&lt;br&gt;
Time Created: 12/28/25, 11:04:32 AM PST&lt;br&gt;</desc>
<sym>Small Circle, Red</sym>
<type>2026 Parker 400 C/T/UTV - Racer File  Stop sh_ylw-pushpin165</type>
<extensions>
<label xmlns="http://www.topografix.com/GPX/gpx_overlay/0/5">
<label_text>Danger Rocks</label_text>
</label>
<time xmlns="http://www.topografix.com/GPX/gpx_modified/0/1">2026-01-10T22:07:57.492Z</time>
</extensions>
</wpt>
<wpt lat="34.11817000" lon="-114.08889000">
<ele>0.000</ele>
<time>2026-01-10T22:07:27.810Z</time>
<name>Danger Rocks</name>
<desc>Location: 34.11817, -114.08889&lt;br&gt;
Elevation: 0.0 ft&lt;br&gt;
Time Created: 12/28/25, 11:48:16 AM PST&lt;br&gt;</desc>
<sym>Small Circle, Red</sym>
<type>2026 Parker 400 C/T/UTV - Racer File  Stop sh_ylw-pushpin165</type>
<extensions>
<label xmlns="http://www.topografix.com/GPX/gpx_overlay/0/5">
<label_text>Danger Rocks</label_text>
</label>
<time xmlns="http://www.topografix.com/GPX/gpx_modified/0/1">2026-01-10T22:07:57.492Z</time>
</extensions>
</wpt>
<wpt lat="34.11830414" lon="-114.09713472">
<ele>0.000</ele>
<time>2026-01-10T22:07:27.810Z</time>
<name>Danger Rocks</name>
<sym>Small Circle, Red</sym>
<type>2026 Parker 400 C/T/UTV - Racer File  Stop sh_ylw-pushpin165</type>
<extensions>
<label xmlns="http://www.topografix.com/GPX/gpx_overlay/0/5">
<label_text>Danger Rocks</label_text>
</label>
<time xmlns="http://www.topografix.com/GPX/gpx_modified/0/1">2026-01-10T22:07:57.492Z</time>
</extensions>
</wpt>
<wpt lat="34.12369623" lon="-114.13224409">
<ele>0.000</ele>
<time>2026-01-10T22:07:27.810Z</time>
<name>Danger Rocks</name>
<sym>Small Circle, Red</sym>
<type>2026 Parker 400 C/T/UTV - Racer File  Stop sh_ylw-pushpin165</type>
<extensions>
<label xmlns="http://www.topografix.com/GPX/gpx_overlay/0/5">
<label_text>Danger Rocks</label_text>
</label>
<time xmlns="http://www.topografix.com/GPX/gpx_modified/0/1">2026-01-10T22:07:57.492Z</time>
</extensions>
</wpt>
<wpt lat="34.15636000" lon="-114.18213000">
<ele>0.000</ele>
<time>2026-01-10T22:07:27.810Z</time>
<name>Danger Rocks Left</name>
<desc>Location: 34.15636, -114.18213&lt;br&gt;
Elevation: 0.0 ft&lt;br&gt;
Time Created: 12/27/25, 1:29:35 PM PST&lt;br&gt;</desc>
<sym>Small Circle, Red</sym>
<type>2026 Parker 400 C/T/UTV - Racer File  Stop sh_ylw-pushpin165</type>
<extensions>
<label xmlns="http://www.topografix.com/GPX/gpx_overlay/0/5">
<label_text>Danger Rocks Left</label_text>
</label>
<time xmlns="http://www.topografix.com/GPX/gpx_modified/0/1">2026-01-10T22:07:57.492Z</time>
</extensions>
</wpt>
<wpt lat="34.15356000" lon="-114.18744000">
<ele>0.000</ele>
<time>2026-01-10T22:07:27.810Z</time>
<name>Danger Rocks Left</name>
<desc>Location: 34.15356, -114.18744&lt;br&gt;
Elevation: 0.0 ft&lt;br&gt;
Time Created: 12/27/25, 1:31:25 PM PST&lt;br&gt;</desc>
<sym>Small Circle, Red</sym>
<type>2026 Parker 400 C/T/UTV - Racer File  Stop sh_ylw-pushpin165</type>
<extensions>
<label xmlns="http://www.topografix.com/GPX/gpx_overlay/0/5">
<label_text>Danger Rocks Left</label_text>
</label>
<time xmlns="http://www.topografix.com/GPX/gpx_modified/0/1">2026-01-10T22:07:57.492Z</time>
</extensions>
</wpt>
<wpt lat="34.11411000" lon="-114.12457000">
<ele>0.000</ele>
<time>2026-01-10T22:07:27.810Z</time>
<name>Danger Rocks Left</name>
<desc>Location: 34.11411, -114.12457&lt;br&gt;
Elevation: 0.0 ft&lt;br&gt;
Time Created: 12/27/25, 2:12:22 PM PST&lt;br&gt;</desc>
<sym>Small Circle, Red</sym>
<type>2026 Parker 400 C/T/UTV - Racer File  Stop sh_ylw-pushpin165</type>
<extensions>
<label xmlns="http://www.topografix.com/GPX/gpx_overlay/0/5">
<label_text>Danger Rocks Left</label_text>
</label>
<time xmlns="http://www.topografix.com/GPX/gpx_modified/0/1">2026-01-10T22:07:57.492Z</time>
</extensions>
</wpt>
<wpt lat="34.15918000" lon="-114.18199000">
<ele>0.000</ele>
<time>2026-01-10T22:07:27.811Z</time>
<name>Danger Rocks Right</name>
<desc>Location: 34.15918, -114.18199&lt;br&gt;
Elevation: 0.0 ft&lt;br&gt;
Time Created: 12/27/25, 1:27:55 PM PST&lt;br&gt;</desc>
<sym>Small Circle, Red</sym>
<type>2026 Parker 400 C/T/UTV - Racer File  Stop sh_ylw-pushpin165</type>
<extensions>
<label xmlns="http://www.topografix.com/GPX/gpx_overlay/0/5">
<label_text>Danger Rocks Right</label_text>
</label>
<time xmlns="http://www.topografix.com/GPX/gpx_modified/0/1">2026-01-10T22:07:57.492Z</time>
</extensions>
</wpt>
<wpt lat="34.15549000" lon="-114.18534000">
<ele>0.000</ele>
<time>2026-01-10T22:07:27.811Z</time>
<name>Danger Rocks Right</name>
<desc>Location: 34.15549, -114.18534&lt;br&gt;
Elevation: 0.0 ft&lt;br&gt;
Time Created: 12/27/25, 1:30:30 PM PST&lt;br&gt;</desc>
<sym>Small Circle, Red</sym>
<type>2026 Parker 400 C/T/UTV - Racer File  Stop sh_ylw-pushpin165</type>
<extensions>
<label xmlns="http://www.topografix.com/GPX/gpx_overlay/0/5">
<label_text>Danger Rocks Right</label_text>
</label>
<time xmlns="http://www.topografix.com/GPX/gpx_modified/0/1">2026-01-10T22:07:57.492Z</time>
</extensions>
</wpt>
<wpt lat="34.15332000" lon="-114.19005000">
<ele>0.000</ele>
<time>2026-01-10T22:07:27.811Z</time>
<name>Danger Rocks Right</name>
<desc>Location: 34.15332, -114.19005&lt;br&gt;
Elevation: 0.0 ft&lt;br&gt;
Time Created: 12/27/25, 1:32:04 PM PST&lt;br&gt;</desc>
<sym>Small Circle, Red</sym>
<type>2026 Parker 400 C/T/UTV - Racer File  Stop sh_ylw-pushpin165</type>
<extensions>
<label xmlns="http://www.topografix.com/GPX/gpx_overlay/0/5">
<label_text>Danger Rocks Right</label_text>
</label>
<time xmlns="http://www.topografix.com/GPX/gpx_modified/0/1">2026-01-10T22:07:57.492Z</time>
</extensions>
</wpt>
<wpt lat="34.18295000" lon="-113.94998000">
<ele>0.000</ele>
<time>2026-01-10T22:07:27.811Z</time>
<name>Danger Rocks Right</name>
<desc>Location: 34.18295, -113.94998&lt;br&gt;
Elevation: 0.0 ft&lt;br&gt;
Time Created: 12/28/25, 10:56:06 AM PST&lt;br&gt;</desc>
<sym>Small Circle, Red</sym>
<type>2026 Parker 400 C/T/UTV - Racer File  Stop sh_ylw-pushpin165</type>
<extensions>
<label xmlns="http://www.topografix.com/GPX/gpx_overlay/0/5">
<label_text>Danger Rocks Right</label_text>
</label>
<time xmlns="http://www.topografix.com/GPX/gpx_modified/0/1">2026-01-10T22:07:57.492Z</time>
</extensions>
</wpt>
<wpt lat="34.10783000" lon="-113.95906000">
<ele>0.000</ele>
<time>2026-01-10T22:07:27.811Z</time>
<name>Danger Rollers Ahead</name>
<desc>Location: 34.10783, -113.95906&lt;br&gt;
Elevation: 0.0 ft&lt;br&gt;
Time Created: 12/27/25, 2:50:43 PM PST&lt;br&gt;</desc>
<sym>Small Circle, Red</sym>
<type>2026 Parker 400 C/T/UTV - Racer File  Stop sh_ylw-pushpin165</type>
<extensions>
<label xmlns="http://www.topografix.com/GPX/gpx_overlay/0/5">
<label_text>Danger Rollers Ahead</label_text>
</label>
<time xmlns="http://www.topografix.com/GPX/gpx_modified/0/1">2026-01-10T22:07:57.492Z</time>
</extensions>
</wpt>
<wpt lat="34.15633000" lon="-114.04627000">
<ele>0.000</ele>
<time>2026-01-10T22:07:27.812Z</time>
<name>Double Danger Down</name>
<desc>Location: 34.15633, -114.04627&lt;br&gt;
Elevation: 0.0 ft&lt;br&gt;
Time Created: 12/28/25, 11:15:21 AM PST&lt;br&gt;</desc>
<sym>Small Circle, Red</sym>
<type>2026 Parker 400 C/T/UTV - Racer File  Stop sh_ylw-pushpin165</type>
<extensions>
<label xmlns="http://www.topografix.com/GPX/gpx_overlay/0/5">
<label_text>Double Danger Down</label_text>
</label>
<time xmlns="http://www.topografix.com/GPX/gpx_modified/0/1">2026-01-10T22:07:57.492Z</time>
</extensions>
</wpt>
<wpt lat="33.99042603" lon="-113.98293659">
<ele>0.000</ele>
<time>2026-01-10T22:07:27.812Z</time>
<name>Double Danger Gout</name>
<desc>Location: 33.99097, -113.98311&lt;br&gt;
Elevation: 0.0 ft&lt;br&gt;
Time Created: 12/27/25, 3:35:39 PM PST&lt;br&gt;</desc>
<sym>Small Circle, Red</sym>
<type>2026 Parker 400 C/T/UTV - Racer File  Stop sh_ylw-pushpin165</type>
<extensions>
<label xmlns="http://www.topografix.com/GPX/gpx_overlay/0/5">
<label_text>Double Danger Gout</label_text>
</label>
<time xmlns="http://www.topografix.com/GPX/gpx_modified/0/1">2026-01-10T22:07:57.492Z</time>
</extensions>
</wpt>
<wpt lat="34.16067150" lon="-114.04886648">
<ele>0.000</ele>
<time>2026-01-10T22:07:27.812Z</time>
<name>Double Danger Gout</name>
<desc>Location: 34.16056, -114.04883&lt;br&gt;
Elevation: 0.0 ft&lt;br&gt;
Time Created: 12/28/25, 11:14:18 AM PST&lt;br&gt;</desc>
<sym>Small Circle, Red</sym>
<type>2026 Parker 400 C/T/UTV - Racer File  Stop sh_ylw-pushpin165</type>
<extensions>
<label xmlns="http://www.topografix.com/GPX/gpx_overlay/0/5">
<label_text>Double Danger Gout</label_text>
</label>
<time xmlns="http://www.topografix.com/GPX/gpx_modified/0/1">2026-01-10T22:07:57.492Z</time>
</extensions>
</wpt>
<wpt lat="34.13417239" lon="-114.04335988">
<ele>0.000</ele>
<time>2026-01-10T22:07:27.812Z</time>
<name>Double Danger Gout</name>
<desc>Location: 34.13413, -114.04338&lt;br&gt;
Elevation: 0.0 ft&lt;br&gt;
Time Created: 12/28/25, 11:21:30 AM PST&lt;br&gt;</desc>
<sym>Small Circle, Red</sym>
<type>2026 Parker 400 C/T/UTV - Racer File  Stop sh_ylw-pushpin165</type>
<extensions>
<label xmlns="http://www.topografix.com/GPX/gpx_overlay/0/5">
<label_text>Double Danger Gout</label_text>
</label>
<time xmlns="http://www.topografix.com/GPX/gpx_modified/0/1">2026-01-10T22:07:57.492Z</time>
</extensions>
</wpt>
<wpt lat="34.11385000" lon="-114.01825000">
<ele>0.000</ele>
<time>2026-01-10T22:07:27.812Z</time>
<name>Double Danger Gout</name>
<desc>Location: 34.11385, -114.01825&lt;br&gt;
Elevation: 0.0 ft&lt;br&gt;
Time Created: 12/28/25, 11:27:07 AM PST&lt;br&gt;</desc>
<sym>Small Circle, Red</sym>
<type>2026 Parker 400 C/T/UTV - Racer File  Stop sh_ylw-pushpin165</type>
<extensions>
<label xmlns="http://www.topografix.com/GPX/gpx_overlay/0/5">
<label_text>Double Danger Gout</label_text>
</label>
<time xmlns="http://www.topografix.com/GPX/gpx_modified/0/1">2026-01-10T22:07:57.492Z</time>
</extensions>
</wpt>
<wpt lat="34.08722898" lon="-113.88865628">
<ele>0.000</ele>
<time>2026-01-10T22:07:27.812Z</time>
<name>Double Danger Roller</name>
<desc>Location: 34.08711, -113.88836&lt;br&gt;
Elevation: 0.0 ft&lt;br&gt;
Time Created: 12/28/25, 10:41:28 AM PST&lt;br&gt;</desc>
<sym>Small Circle, Red</sym>
<type>2026 Parker 400 C/T/UTV - Racer File  Stop sh_ylw-pushpin165</type>
<extensions>
<label xmlns="http://www.topografix.com/GPX/gpx_overlay/0/5">
<label_text>Double Danger Roller</label_text>
</label>
<time xmlns="http://www.topografix.com/GPX/gpx_modified/0/1">2026-01-10T22:07:57.492Z</time>
</extensions>
</wpt>
<wpt lat="34.06920515" lon="-113.88842321">
<ele>0.000</ele>
<time>2026-01-10T22:07:27.813Z</time>
<name>Double Danger Wash Out</name>
<desc>Location: 34.06942, -113.88851&lt;br&gt;
Elevation: 0.0 ft&lt;br&gt;
Time Created: 12/27/25, 3:17:53 PM PST&lt;br&gt;</desc>
<sym>Small Circle, Red</sym>
<type>2026 Parker 400 C/T/UTV - Racer File  Stop sh_ylw-pushpin165</type>
<extensions>
<label xmlns="http://www.topografix.com/GPX/gpx_overlay/0/5">
<label_text>Double Danger Wash Out</label_text>
</label>
<time xmlns="http://www.topografix.com/GPX/gpx_modified/0/1">2026-01-10T22:07:57.492Z</time>
</extensions>
</wpt>
<wpt lat="34.06785638" lon="-113.88971989">
<ele>0.000</ele>
<time>2026-01-10T22:07:27.813Z</time>
<name>Double Danger Wash Out</name>
<desc>Location: 34.06807, -113.89006&lt;br&gt;
Elevation: 0.0 ft&lt;br&gt;
Time Created: 12/27/25, 3:18:38 PM PST&lt;br&gt;</desc>
<sym>Small Circle, Red</sym>
<type>2026 Parker 400 C/T/UTV - Racer File  Stop sh_ylw-pushpin165</type>
<extensions>
<label xmlns="http://www.topografix.com/GPX/gpx_overlay/0/5">
<label_text>Double Danger Wash Out</label_text>
</label>
<time xmlns="http://www.topografix.com/GPX/gpx_modified/0/1">2026-01-10T22:07:57.492Z</time>
</extensions>
</wpt>
<wpt lat="34.02496000" lon="-113.92628000">
<ele>0.000</ele>
<time>2026-01-10T22:07:27.813Z</time>
<name>Double Danger Wash Out</name>
<desc>Location: 34.02496, -113.92628&lt;br&gt;
Elevation: 0.0 ft&lt;br&gt;
Time Created: 12/27/25, 3:25:16 PM PST&lt;br&gt;</desc>
<sym>Small Circle, Red</sym>
<type>2026 Parker 400 C/T/UTV - Racer File  Stop sh_ylw-pushpin165</type>
<extensions>
<label xmlns="http://www.topografix.com/GPX/gpx_overlay/0/5">
<label_text>Double Danger Wash Out</label_text>
</label>
<time xmlns="http://www.topografix.com/GPX/gpx_modified/0/1">2026-01-10T22:07:57.492Z</time>
</extensions>
</wpt>
<wpt lat="34.00400805" lon="-113.96265578">
<ele>0.000</ele>
<time>2026-01-10T22:07:27.813Z</time>
<name>Danger Ahead</name>
<sym>Small Circle, Red</sym>
<type>2026 Parker 400 C/T/UTV - Racer File  Stop sh_ylw-pushpin165</type>
<extensions>
<label xmlns="http://www.topografix.com/GPX/gpx_overlay/0/5">
<label_text>Danger Ahead</label_text>
</label>
<time xmlns="http://www.topografix.com/GPX/gpx_modified/0/1">2026-01-10T22:07:57.492Z</time>
</extensions>
</wpt>
<wpt lat="34.05018107" lon="-113.69253064">
<ele>0.000</ele>
<time>2026-01-10T22:07:27.813Z</time>
<name>Danger Ahead</name>
<sym>Small Circle, Red</sym>
<type>2026 Parker 400 C/T/UTV - Racer File  Stop sh_ylw-pushpin165</type>
<extensions>
<label xmlns="http://www.topografix.com/GPX/gpx_overlay/0/5">
<label_text>Danger Ahead</label_text>
</label>
<time xmlns="http://www.topografix.com/GPX/gpx_modified/0/1">2026-01-10T22:07:57.492Z</time>
</extensions>
</wpt>
<wpt lat="34.02991031" lon="-113.76608423">
<ele>0.000</ele>
<time>2026-01-10T22:07:27.813Z</time>
<name>Danger Ahead</name>
<sym>Small Circle, Red</sym>
<type>2026 Parker 400 C/T/UTV - Racer File  Stop sh_ylw-pushpin165</type>
<extensions>
<label xmlns="http://www.topografix.com/GPX/gpx_overlay/0/5">
<label_text>Danger Ahead</label_text>
</label>
<time xmlns="http://www.topografix.com/GPX/gpx_modified/0/1">2026-01-10T22:07:57.492Z</time>
</extensions>
</wpt>
<wpt lat="34.03210608" lon="-113.77221443">
<ele>0.000</ele>
<time>2026-01-10T22:07:27.813Z</time>
<name>Danger Left Turn</name>
<sym>Small Circle, Red</sym>
<type>2026 Parker 400 C/T/UTV - Racer File  Stop sh_ylw-pushpin165</type>
<extensions>
<label xmlns="http://www.topografix.com/GPX/gpx_overlay/0/5">
<label_text>Danger Left Turn</label_text>
</label>
<time xmlns="http://www.topografix.com/GPX/gpx_modified/0/1">2026-01-10T22:07:57.492Z</time>
</extensions>
</wpt>
<wpt lat="34.04911417" lon="-113.69443554">
<ele>0.000</ele>
<time>2026-01-10T22:07:27.813Z</time>
<name>Danger Right Turn</name>
<sym>Small Circle, Red</sym>
<type>2026 Parker 400 C/T/UTV - Racer File  Stop sh_ylw-pushpin165</type>
<extensions>
<label xmlns="http://www.topografix.com/GPX/gpx_overlay/0/5">
<label_text>Danger Right Turn</label_text>
</label>
<time xmlns="http://www.topografix.com/GPX/gpx_modified/0/1">2026-01-10T22:07:57.492Z</time>
</extensions>
</wpt>
<wpt lat="34.08450549" lon="-113.88673746">
<ele>0.000</ele>
<time>2026-01-10T22:07:27.813Z</time>
<name>Dangers Ahead</name>
<sym>Small Circle, Red</sym>
<type>2026 Parker 400 C/T/UTV - Racer File  Stop sh_ylw-pushpin165</type>
<extensions>
<label xmlns="http://www.topografix.com/GPX/gpx_overlay/0/5">
<label_text>Dangers Ahead</label_text>
</label>
<time xmlns="http://www.topografix.com/GPX/gpx_modified/0/1">2026-01-10T22:07:57.492Z</time>
</extensions>
</wpt>
<wpt lat="34.07030438" lon="-113.88747835">
<ele>0.000</ele>
<time>2026-01-10T22:07:27.813Z</time>
<name>25 MPH</name>
<sym>Small Circle, Red</sym>
<type>2026 Parker 400 C/T/UTV - Racer File  Stop sh_ylw-pushpin165</type>
<extensions>
<label xmlns="http://www.topografix.com/GPX/gpx_overlay/0/5">
<label_text>25 MPH</label_text>
</label>
<time xmlns="http://www.topografix.com/GPX/gpx_modified/0/1">2026-01-10T22:07:57.492Z</time>
</extensions>
</wpt>
<wpt lat="34.06926787" lon="-113.88180455">
<ele>0.000</ele>
<time>2026-01-10T22:07:27.813Z</time>
<name>25 MPH</name>
<sym>Small Circle, Red</sym>
<type>2026 Parker 400 C/T/UTV - Racer File  Stop sh_ylw-pushpin165</type>
<extensions>
<label xmlns="http://www.topografix.com/GPX/gpx_overlay/0/5">
<label_text>25 MPH</label_text>
</label>
<time xmlns="http://www.topografix.com/GPX/gpx_modified/0/1">2026-01-10T22:07:57.492Z</time>
</extensions>
</wpt>
<wpt lat="34.06927583" lon="-113.88266201">
<ele>0.000</ele>
<time>2026-01-10T22:07:27.815Z</time>
<name>25 MPH</name>
<sym>Small Circle, Red</sym>
<type>2026 Parker 400 C/T/UTV - Racer File  Stop sh_ylw-pushpin165</type>
<extensions>
<label xmlns="http://www.topografix.com/GPX/gpx_overlay/0/5">
<label_text>25 MPH</label_text>
</label>
<time xmlns="http://www.topografix.com/GPX/gpx_modified/0/1">2026-01-10T22:07:57.492Z</time>
</extensions>
</wpt>
<wpt lat="34.06973845" lon="-113.88427936">
<ele>0.000</ele>
<time>2026-01-10T22:07:27.815Z</time>
<name>25 MPH</name>
<sym>Small Circle, Red</sym>
<type>2026 Parker 400 C/T/UTV - Racer File  Stop sh_ylw-pushpin165</type>
<extensions>
<label xmlns="http://www.topografix.com/GPX/gpx_overlay/0/5">
<label_text>25 MPH</label_text>
</label>
<time xmlns="http://www.topografix.com/GPX/gpx_modified/0/1">2026-01-10T22:07:57.492Z</time>
</extensions>
</wpt>
<wpt lat="34.07006770" lon="-113.88551619">
<ele>0.000</ele>
<time>2026-01-10T22:07:27.815Z</time>
<name>25 MPH</name>
<sym>Small Circle, Red</sym>
<type>2026 Parker 400 C/T/UTV - Racer File  Stop sh_ylw-pushpin165</type>
<extensions>
<label xmlns="http://www.topografix.com/GPX/gpx_overlay/0/5">
<label_text>25 MPH</label_text>
</label>
<time xmlns="http://www.topografix.com/GPX/gpx_modified/0/1">2026-01-10T22:07:57.492Z</time>
</extensions>
</wpt>
<wpt lat="34.01738000" lon="-113.93662000">
<ele>0.000</ele>
<time>2026-01-10T22:07:27.815Z</time>
<name>25 MPH</name>
<desc>Location: 34.01738, -113.93662&lt;br&gt;
Elevation: 0.0 ft&lt;br&gt;
Time Created: 12/27/25, 3:29:17 PM PST&lt;br&gt;</desc>
<sym>Small Circle, Red</sym>
<type>2026 Parker 400 C/T/UTV - Racer File  Stop sh_ylw-pushpin165</type>
<extensions>
<label xmlns="http://www.topografix.com/GPX/gpx_overlay/0/5">
<label_text>25 MPH</label_text>
</label>
<time xmlns="http://www.topografix.com/GPX/gpx_modified/0/1">2026-01-10T22:07:57.492Z</time>
</extensions>
</wpt>
<wpt lat="33.95929000" lon="-113.81450000">
<ele>0.000</ele>
<time>2026-01-10T22:07:27.815Z</time>
<name>25 MPH</name>
<desc>Location: 33.95929, -113.81450&lt;br&gt;
Elevation: 0.0 ft&lt;br&gt;
Time Created: 12/27/25, 4:09:09 PM PST&lt;br&gt;</desc>
<sym>Small Circle, Red</sym>
<type>2026 Parker 400 C/T/UTV - Racer File  Stop sh_ylw-pushpin165</type>
<extensions>
<label xmlns="http://www.topografix.com/GPX/gpx_overlay/0/5">
<label_text>25 MPH</label_text>
</label>
<time xmlns="http://www.topografix.com/GPX/gpx_modified/0/1">2026-01-10T22:07:57.492Z</time>
</extensions>
</wpt>
<wpt lat="33.95845000" lon="-113.81650000">
<ele>0.000</ele>
<time>2026-01-10T22:07:27.815Z</time>
<name>25 MPH</name>
<desc>Location: 33.95845, -113.81650&lt;br&gt;
Elevation: 0.0 ft&lt;br&gt;
Time Created: 12/27/25, 4:09:53 PM PST&lt;br&gt;</desc>
<sym>Small Circle, Red</sym>
<type>2026 Parker 400 C/T/UTV - Racer File  Stop sh_ylw-pushpin165</type>
<extensions>
<label xmlns="http://www.topografix.com/GPX/gpx_overlay/0/5">
<label_text>25 MPH</label_text>
</label>
<time xmlns="http://www.topografix.com/GPX/gpx_modified/0/1">2026-01-10T22:07:57.492Z</time>
</extensions>
</wpt>
<wpt lat="33.96033000" lon="-113.81182000">
<ele>0.000</ele>
<time>2026-01-10T22:07:27.815Z</time>
<name>25 MPH</name>
<desc>Location: 33.96033, -113.81182&lt;br&gt;
Elevation: 0.0 ft&lt;br&gt;
Time Created: 12/27/25, 4:10:30 PM PST&lt;br&gt;</desc>
<sym>Small Circle, Red</sym>
<type>2026 Parker 400 C/T/UTV - Racer File  Stop sh_ylw-pushpin165</type>
<extensions>
<label xmlns="http://www.topografix.com/GPX/gpx_overlay/0/5">
<label_text>25 MPH</label_text>
</label>
<time xmlns="http://www.topografix.com/GPX/gpx_modified/0/1">2026-01-10T22:07:57.492Z</time>
</extensions>
</wpt>
<wpt lat="34.01746228" lon="-113.93858918">
<ele>0.000</ele>
<time>2026-01-10T22:07:27.815Z</time>
<name>25 MPH</name>
<sym>Small Circle, Red</sym>
<type>2026 Parker 400 C/T/UTV - Racer File  Stop sh_ylw-pushpin165</type>
<extensions>
<label xmlns="http://www.topografix.com/GPX/gpx_overlay/0/5">
<label_text>25 MPH</label_text>
</label>
<time xmlns="http://www.topografix.com/GPX/gpx_modified/0/1">2026-01-10T22:07:57.492Z</time>
</extensions>
</wpt>
<wpt lat="34.01784911" lon="-113.94121624">
<ele>0.000</ele>
<time>2026-01-10T22:07:27.815Z</time>
<name>25 MPH</name>
<sym>Small Circle, Red</sym>
<type>2026 Parker 400 C/T/UTV - Racer File  Stop sh_ylw-pushpin165</type>
<extensions>
<label xmlns="http://www.topografix.com/GPX/gpx_overlay/0/5">
<label_text>25 MPH</label_text>
</label>
<time xmlns="http://www.topografix.com/GPX/gpx_modified/0/1">2026-01-10T22:07:57.492Z</time>
</extensions>
</wpt>
<wpt lat="34.13035162" lon="-114.16147652">
<ele>0.000</ele>
<time>2026-01-10T22:07:27.815Z</time>
<name>25 MPH</name>
<sym>Small Circle, Red</sym>
<type>2026 Parker 400 C/T/UTV - Racer File  Stop sh_ylw-pushpin165</type>
<extensions>
<label xmlns="http://www.topografix.com/GPX/gpx_overlay/0/5">
<label_text>25 MPH</label_text>
</label>
<time xmlns="http://www.topografix.com/GPX/gpx_modified/0/1">2026-01-10T22:07:57.492Z</time>
</extensions>
</wpt>
<wpt lat="34.12929694" lon="-114.16242836">
<ele>0.000</ele>
<time>2026-01-10T22:07:27.815Z</time>
<name>25 MPH</name>
<sym>Small Circle, Red</sym>
<type>2026 Parker 400 C/T/UTV - Racer File  Stop sh_ylw-pushpin165</type>
<extensions>
<label xmlns="http://www.topografix.com/GPX/gpx_overlay/0/5">
<label_text>25 MPH</label_text>
</label>
<time xmlns="http://www.topografix.com/GPX/gpx_modified/0/1">2026-01-10T22:07:57.492Z</time>
</extensions>
</wpt>
<wpt lat="34.12871087" lon="-114.16450360">
<ele>0.000</ele>
<time>2026-01-10T22:07:27.815Z</time>
<name>25 MPH</name>
<sym>Small Circle, Red</sym>
<type>2026 Parker 400 C/T/UTV - Racer File  Stop sh_ylw-pushpin165</type>
<extensions>
<label xmlns="http://www.topografix.com/GPX/gpx_overlay/0/5">
<label_text>25 MPH</label_text>
</label>
<time xmlns="http://www.topografix.com/GPX/gpx_modified/0/1">2026-01-10T22:07:57.492Z</time>
</extensions>
</wpt>
<wpt lat="34.13003505" lon="-114.16761614">
<ele>0.000</ele>
<time>2026-01-10T22:07:27.816Z</time>
<name>25 MPH</name>
<sym>Small Circle, Red</sym>
<type>2026 Parker 400 C/T/UTV - Racer File  Stop sh_ylw-pushpin165</type>
<extensions>
<label xmlns="http://www.topografix.com/GPX/gpx_overlay/0/5">
<label_text>25 MPH</label_text>
</label>
<time xmlns="http://www.topografix.com/GPX/gpx_modified/0/1">2026-01-10T22:07:57.492Z</time>
</extensions>
</wpt>
<wpt lat="34.13168488" lon="-114.17047015">
<ele>0.000</ele>
<time>2026-01-10T22:07:27.816Z</time>
<name>25 MPH</name>
<sym>Small Circle, Red</sym>
<type>2026 Parker 400 C/T/UTV - Racer File  Stop sh_ylw-pushpin165</type>
<extensions>
<label xmlns="http://www.topografix.com/GPX/gpx_overlay/0/5">
<label_text>25 MPH</label_text>
</label>
<time xmlns="http://www.topografix.com/GPX/gpx_modified/0/1">2026-01-10T22:07:57.492Z</time>
</extensions>
</wpt>
<wpt lat="34.13148854" lon="-114.16731895">
<ele>0.000</ele>
<time>2026-01-10T22:07:27.816Z</time>
<name>25 MPH</name>
<sym>Small Circle, Red</sym>
<type>2026 Parker 400 C/T/UTV - Racer File  Stop sh_ylw-pushpin165</type>
<extensions>
<label xmlns="http://www.topografix.com/GPX/gpx_overlay/0/5">
<label_text>25 MPH</label_text>
</label>
<time xmlns="http://www.topografix.com/GPX/gpx_modified/0/1">2026-01-10T22:07:57.492Z</time>
</extensions>
</wpt>
<wpt lat="34.13314438" lon="-114.16539831">
<ele>0.000</ele>
<time>2026-01-10T22:07:27.816Z</time>
<name>25 MPH SZ Ends</name>
<desc>Location: 34.13311, -114.16532&lt;br&gt;
Elevation: 0.0 ft&lt;br&gt;
Time Created: 12/27/25, 1:14:15 PM PST&lt;br&gt;</desc>
<sym>Small Circle, Red</sym>
<type>2026 Parker 400 C/T/UTV - Racer File  Stop sh_ylw-pushpin165</type>
<extensions>
<label xmlns="http://www.topografix.com/GPX/gpx_overlay/0/5">
<label_text>25 MPH SZ Ends</label_text>
</label>
<time xmlns="http://www.topografix.com/GPX/gpx_modified/0/1">2026-01-10T22:07:57.492Z</time>
</extensions>
</wpt>
<wpt lat="34.07092000" lon="-113.88531000">
<ele>0.000</ele>
<time>2026-01-10T22:07:27.816Z</time>
<name>25 MPH SZ Ends</name>
<desc>Location: 34.07092, -113.88531&lt;br&gt;
Elevation: 0.0 ft&lt;br&gt;
Time Created: 12/27/25, 3:12:49 PM PST&lt;br&gt;</desc>
<sym>Small Circle, Red</sym>
<type>2026 Parker 400 C/T/UTV - Racer File  Stop sh_ylw-pushpin165</type>
<extensions>
<label xmlns="http://www.topografix.com/GPX/gpx_overlay/0/5">
<label_text>25 MPH SZ Ends</label_text>
</label>
<time xmlns="http://www.topografix.com/GPX/gpx_modified/0/1">2026-01-10T22:07:57.492Z</time>
</extensions>
</wpt>
<wpt lat="33.96118000" lon="-113.80925000">
<ele>0.000</ele>
<time>2026-01-10T22:07:27.816Z</time>
<name>25 MPH SZ Ends</name>
<desc>Location: 33.96118, -113.80925&lt;br&gt;
Elevation: 0.0 ft&lt;br&gt;
Time Created: 12/27/25, 4:10:59 PM PST&lt;br&gt;</desc>
<sym>Small Circle, Red</sym>
<type>2026 Parker 400 C/T/UTV - Racer File  Stop sh_ylw-pushpin165</type>
<extensions>
<label xmlns="http://www.topografix.com/GPX/gpx_overlay/0/5">
<label_text>25 MPH SZ Ends</label_text>
</label>
<time xmlns="http://www.topografix.com/GPX/gpx_modified/0/1">2026-01-10T22:07:57.492Z</time>
</extensions>
</wpt>
<wpt lat="34.06896068" lon="-113.88862636">
<ele>0.000</ele>
<time>2026-01-10T22:07:27.816Z</time>
<name>25 MPH SZ Ends</name>
<sym>Small Circle, Red</sym>
<type>2026 Parker 400 C/T/UTV - Racer File  Stop sh_ylw-pushpin165</type>
<extensions>
<label xmlns="http://www.topografix.com/GPX/gpx_overlay/0/5">
<label_text>25 MPH SZ Ends</label_text>
</label>
<time xmlns="http://www.topografix.com/GPX/gpx_modified/0/1">2026-01-10T22:07:57.492Z</time>
</extensions>
</wpt>
<wpt lat="34.01678937" lon="-113.94273935">
<ele>0.000</ele>
<time>2026-01-10T22:07:27.816Z</time>
<name>25 MPH SZ Ends</name>
<sym>Small Circle, Red</sym>
<type>2026 Parker 400 C/T/UTV - Racer File  Stop sh_ylw-pushpin165</type>
<extensions>
<label xmlns="http://www.topografix.com/GPX/gpx_overlay/0/5">
<label_text>25 MPH SZ Ends</label_text>
</label>
<time xmlns="http://www.topografix.com/GPX/gpx_modified/0/1">2026-01-10T22:07:57.492Z</time>
</extensions>
</wpt>
<wpt lat="34.07139825" lon="-113.88701913">
<ele>0.000</ele>
<time>2026-01-10T22:07:27.816Z</time>
<name>Speed Zone Ahead</name>
<sym>Small Circle, Red</sym>
<type>2026 Parker 400 C/T/UTV - Racer File  Stop sh_ylw-pushpin165</type>
<extensions>
<label xmlns="http://www.topografix.com/GPX/gpx_overlay/0/5">
<label_text>Speed Zone Ahead</label_text>
</label>
<time xmlns="http://www.topografix.com/GPX/gpx_modified/0/1">2026-01-10T22:07:57.492Z</time>
</extensions>
</wpt>
<wpt lat="34.07335289" lon="-113.88741595">
<ele>0.000</ele>
<time>2026-01-10T22:07:27.816Z</time>
<name>Speed Zone Ahead</name>
<desc>Location: 34.07175, -113.88711&lt;br&gt;
Elevation: 0.0 ft&lt;br&gt;
Time Created: 12/27/25, 3:07:03 PM PST&lt;br&gt;</desc>
<sym>Small Circle, Red</sym>
<type>2026 Parker 400 C/T/UTV - Racer File  Stop sh_ylw-pushpin165</type>
<extensions>
<label xmlns="http://www.topografix.com/GPX/gpx_overlay/0/5">
<label_text>Speed Zone Ahead</label_text>
</label>
<time xmlns="http://www.topografix.com/GPX/gpx_modified/0/1">2026-01-10T22:07:57.492Z</time>
</extensions>
</wpt>
<wpt lat="34.01782932" lon="-113.93450094">
<ele>0.000</ele>
<time>2026-01-10T22:07:27.816Z</time>
<name>Speed Zone Ahead</name>
<desc>Location: 34.01750, -113.93558&lt;br&gt;
Elevation: 0.0 ft&lt;br&gt;
Time Created: 12/27/25, 3:28:20 PM PST&lt;br&gt;</desc>
<sym>Small Circle, Red</sym>
<type>2026 Parker 400 C/T/UTV - Racer File  Stop sh_ylw-pushpin165</type>
<extensions>
<label xmlns="http://www.topografix.com/GPX/gpx_overlay/0/5">
<label_text>Speed Zone Ahead</label_text>
</label>
<time xmlns="http://www.topografix.com/GPX/gpx_modified/0/1">2026-01-10T22:07:57.492Z</time>
</extensions>
</wpt>
<wpt lat="33.95929773" lon="-113.81884536">
<ele>0.000</ele>
<time>2026-01-10T22:07:27.816Z</time>
<name>Speed Zone Ahead</name>
<desc>Location: 33.95868, -113.81856&lt;br&gt;
Elevation: 0.0 ft&lt;br&gt;
Time Created: 12/27/25, 4:07:38 PM PST&lt;br&gt;</desc>
<sym>Small Circle, Red</sym>
<type>2026 Parker 400 C/T/UTV - Racer File  Stop sh_ylw-pushpin165</type>
<extensions>
<label xmlns="http://www.topografix.com/GPX/gpx_overlay/0/5">
<label_text>Speed Zone Ahead</label_text>
</label>
<time xmlns="http://www.topografix.com/GPX/gpx_modified/0/1">2026-01-10T22:07:57.492Z</time>
</extensions>
</wpt>
<wpt lat="34.06619589" lon="-113.87494194">
<ele>0.000</ele>
<time>2026-01-10T22:07:27.817Z</time>
<name>Speed Zone Ahead</name>
<desc>Location: 34.06800, -113.87888&lt;br&gt;
Elevation: 0.0 ft&lt;br&gt;
Time Created: 12/28/25, 10:33:04 AM PST&lt;br&gt;</desc>
<sym>Small Circle, Red</sym>
<type>2026 Parker 400 C/T/UTV - Racer File  Stop sh_ylw-pushpin165</type>
<extensions>
<label xmlns="http://www.topografix.com/GPX/gpx_overlay/0/5">
<label_text>Speed Zone Ahead</label_text>
</label>
<time xmlns="http://www.topografix.com/GPX/gpx_modified/0/1">2026-01-10T22:07:57.492Z</time>
</extensions>
</wpt>
<wpt lat="34.12986000" lon="-114.15998000">
<ele>0.000</ele>
<time>2026-01-10T22:07:27.817Z</time>
<name>Speed Zone Ahead</name>
<desc>Location: 34.12986, -114.15998&lt;br&gt;
Elevation: 0.0 ft&lt;br&gt;
Time Created: 12/28/25, 12:03:06 PM PST&lt;br&gt;</desc>
<sym>Small Circle, Red</sym>
<type>2026 Parker 400 C/T/UTV - Racer File  Stop sh_ylw-pushpin165</type>
<extensions>
<label xmlns="http://www.topografix.com/GPX/gpx_overlay/0/5">
<label_text>Speed Zone Ahead</label_text>
</label>
<time xmlns="http://www.topografix.com/GPX/gpx_modified/0/1">2026-01-10T22:07:57.492Z</time>
</extensions>
</wpt>
<wpt lat="34.07228759" lon="-113.88718927">
<ele>0.000</ele>
<time>2026-01-10T22:07:27.817Z</time>
<name>Stop Ahead</name>
<desc>Location: 34.07310, -113.88740&lt;br&gt;
Elevation: 0.0 ft&lt;br&gt;
Time Created: 12/27/25, 3:06:24 PM PST&lt;br&gt;</desc>
<sym>Small Circle, Red</sym>
<type>2026 Parker 400 C/T/UTV - Racer File  Stop sh_ylw-pushpin165</type>
<extensions>
<label xmlns="http://www.topografix.com/GPX/gpx_overlay/0/5">
<label_text>Stop Ahead</label_text>
</label>
<time xmlns="http://www.topografix.com/GPX/gpx_modified/0/1">2026-01-10T22:07:57.492Z</time>
</extensions>
</wpt>
<wpt lat="34.01752118" lon="-113.93532443">
<ele>0.000</ele>
<time>2026-01-10T22:07:27.817Z</time>
<name>Stop Ahead</name>
<desc>Location: 34.01770, -113.93469&lt;br&gt;
Elevation: 0.0 ft&lt;br&gt;
Time Created: 12/27/25, 3:27:57 PM PST&lt;br&gt;</desc>
<sym>Small Circle, Red</sym>
<type>2026 Parker 400 C/T/UTV - Racer File  Stop sh_ylw-pushpin165</type>
<extensions>
<label xmlns="http://www.topografix.com/GPX/gpx_overlay/0/5">
<label_text>Stop Ahead</label_text>
</label>
<time xmlns="http://www.topografix.com/GPX/gpx_modified/0/1">2026-01-10T22:07:57.492Z</time>
</extensions>
</wpt>
<wpt lat="33.95842922" lon="-113.81832662">
<ele>0.000</ele>
<time>2026-01-10T22:07:27.817Z</time>
<name>Stop Ahead</name>
<desc>Location: 33.95946, -113.81905&lt;br&gt;
Elevation: 0.0 ft&lt;br&gt;
Time Created: 12/27/25, 4:07:14 PM PST&lt;br&gt;</desc>
<sym>Small Circle, Red</sym>
<type>2026 Parker 400 C/T/UTV - Racer File  Stop sh_ylw-pushpin165</type>
<extensions>
<label xmlns="http://www.topografix.com/GPX/gpx_overlay/0/5">
<label_text>Stop Ahead</label_text>
</label>
<time xmlns="http://www.topografix.com/GPX/gpx_modified/0/1">2026-01-10T22:07:57.492Z</time>
</extensions>
</wpt>
<wpt lat="34.06803978" lon="-113.87906916">
<ele>0.000</ele>
<time>2026-01-10T22:07:27.817Z</time>
<name>Stop Ahead</name>
<desc>Location: 34.06593, -113.87457&lt;br&gt;
Elevation: 0.0 ft&lt;br&gt;
Time Created: 12/28/25, 10:32:30 AM PST&lt;br&gt;</desc>
<sym>Small Circle, Red</sym>
<type>2026 Parker 400 C/T/UTV - Racer File  Stop sh_ylw-pushpin165</type>
<extensions>
<label xmlns="http://www.topografix.com/GPX/gpx_overlay/0/5">
<label_text>Stop Ahead</label_text>
</label>
<time xmlns="http://www.topografix.com/GPX/gpx_modified/0/1">2026-01-10T22:07:57.492Z</time>
</extensions>
</wpt>
<wpt lat="34.13023000" lon="-114.16061000">
<ele>0.000</ele>
<time>2026-01-10T22:07:27.817Z</time>
<name>Stop Ahead</name>
<desc>Location: 34.13023, -114.16061&lt;br&gt;
Elevation: 0.0 ft&lt;br&gt;
Time Created: 12/28/25, 12:03:32 PM PST&lt;br&gt;</desc>
<sym>Small Circle, Red</sym>
<type>2026 Parker 400 C/T/UTV - Racer File  Stop sh_ylw-pushpin165</type>
<extensions>
<label xmlns="http://www.topografix.com/GPX/gpx_overlay/0/5">
<label_text>Stop Ahead</label_text>
</label>
<time xmlns="http://www.topografix.com/GPX/gpx_modified/0/1">2026-01-10T22:07:57.492Z</time>
</extensions>
</wpt>
<wpt lat="34.14683848" lon="-114.19700063">
<ele>0.000</ele>
<time>2026-01-10T22:07:27.817Z</time>
<name>Stop Ahead</name>
<cmt>Location 34.14648, -114.19650brElevation 0.0</cmt>
<desc>Location: 34.14648, -114.19650&lt;br&gt;
Elevation: 0.0 ft&lt;br&gt;
Time Created: 12/27/25, 1:36:08 PM PST&lt;br&gt;</desc>
<sym>Small Circle, Red</sym>
<type>2026 Parker 400 C/T/UTV - Racer File  Stop sh_ylw-pushpin165</type>
<extensions>
<label xmlns="http://www.topografix.com/GPX/gpx_overlay/0/5">
<label_text>Paved Road Crossing Ahead</label_text>
</label>
<time xmlns="http://www.topografix.com/GPX/gpx_modified/0/1">2026-01-11T16:06:06.211Z</time>
<color_index xmlns="http://www.topografix.com/GPX/Private/TopoGrafix/0/5">0</color_index>
</extensions>
</wpt>
<wpt lat="34.13038000" lon="-114.16107000">
<ele>0.000</ele>
<time>2026-01-10T22:07:27.818Z</time>
<name>Stop Check, 25 MPH SZ Begins</name>
<desc>Location: 34.13038, -114.16107&lt;br&gt;
Elevation: 0.0 ft&lt;br&gt;
Time Created: 12/27/25, 1:06:35 PM PST&lt;br&gt;</desc>
<sym>Small Circle, Red</sym>
<type>2026 Parker 400 C/T/UTV - Racer File  Stop sh_ylw-pushpin165</type>
<extensions>
<label xmlns="http://www.topografix.com/GPX/gpx_overlay/0/5">
<label_text>Stop Check, 25 MPH SZ Begins</label_text>
</label>
<time xmlns="http://www.topografix.com/GPX/gpx_modified/0/1">2026-01-10T22:07:57.492Z</time>
</extensions>
</wpt>
<wpt lat="34.07101947" lon="-113.88701277">
<ele>0.000</ele>
<time>2026-01-10T22:07:27.818Z</time>
<name>Stop Check, 25 MPH SZ Begins</name>
<desc>Location: 34.07098, -113.88705&lt;br&gt;
Elevation: 0.0 ft&lt;br&gt;
Time Created: 12/27/25, 3:07:31 PM PST&lt;br&gt;</desc>
<sym>Small Circle, Red</sym>
<type>2026 Parker 400 C/T/UTV - Racer File  Stop sh_ylw-pushpin165</type>
<extensions>
<label xmlns="http://www.topografix.com/GPX/gpx_overlay/0/5">
<label_text>Stop Check, 25 MPH SZ Begins</label_text>
</label>
<time xmlns="http://www.topografix.com/GPX/gpx_modified/0/1">2026-01-10T22:07:57.492Z</time>
</extensions>
</wpt>
<wpt lat="34.01741000" lon="-113.93618000">
<ele>0.000</ele>
<time>2026-01-10T22:07:27.818Z</time>
<name>Stop Check, 25 MPH SZ Begins</name>
<desc>Location: 34.01741, -113.93618&lt;br&gt;
Elevation: 0.0 ft&lt;br&gt;
Time Created: 12/27/25, 3:28:45 PM PST&lt;br&gt;</desc>
<sym>Small Circle, Red</sym>
<type>2026 Parker 400 C/T/UTV - Racer File  Stop sh_ylw-pushpin165</type>
<extensions>
<label xmlns="http://www.topografix.com/GPX/gpx_overlay/0/5">
<label_text>Stop Check, 25 MPH SZ Begins</label_text>
</label>
<time xmlns="http://www.topografix.com/GPX/gpx_modified/0/1">2026-01-10T22:07:57.492Z</time>
</extensions>
</wpt>
<wpt lat="33.95809000" lon="-113.81750000">
<ele>0.000</ele>
<time>2026-01-10T22:07:27.818Z</time>
<name>Stop Check, 25 MPH SZ Begins</name>
<desc>Location: 33.95809, -113.81750&lt;br&gt;
Elevation: 0.0 ft&lt;br&gt;
Time Created: 12/27/25, 4:09:28 PM PST&lt;br&gt;</desc>
<sym>Small Circle, Red</sym>
<type>2026 Parker 400 C/T/UTV - Racer File  Stop sh_ylw-pushpin165</type>
<extensions>
<label xmlns="http://www.topografix.com/GPX/gpx_overlay/0/5">
<label_text>Stop Check, 25 MPH SZ Begins</label_text>
</label>
<time xmlns="http://www.topografix.com/GPX/gpx_modified/0/1">2026-01-10T22:07:57.492Z</time>
</extensions>
</wpt>
<wpt lat="34.06922000" lon="-113.88152000">
<ele>0.000</ele>
<time>2026-01-10T22:07:27.818Z</time>
<name>Stop Check, 25 MPH SZ Begins</name>
<desc>Location: 34.06922, -113.88152&lt;br&gt;
Elevation: 0.0 ft&lt;br&gt;
Time Created: 12/28/25, 10:33:45 AM PST&lt;br&gt;</desc>
<sym>Small Circle, Red</sym>
<type>2026 Parker 400 C/T/UTV - Racer File  Stop sh_ylw-pushpin165</type>
<extensions>
<label xmlns="http://www.topografix.com/GPX/gpx_overlay/0/5">
<label_text>Stop Check, 25 MPH SZ Begins</label_text>
</label>
<time xmlns="http://www.topografix.com/GPX/gpx_modified/0/1">2026-01-10T22:07:57.492Z</time>
</extensions>
</wpt>
<wpt lat="34.11930771" lon="-114.08193898">
<ele>0.000</ele>
<time>2026-01-10T22:07:27.818Z</time>
<name>Stop Ahead</name>
<cmt>Location 34.11885, -114.08161brElevation 0.0</cmt>
<desc>Location: 34.11885, -114.08161&lt;br&gt;
Elevation: 0.0 ft&lt;br&gt;
Time Created: 12/28/25, 11:35:02 AM PST&lt;br&gt;</desc>
<sym>Small Circle, Red</sym>
<type>2026 Parker 400 C/T/UTV - Racer File  Stop sh_ylw-pushpin165</type>
<extensions>
<label xmlns="http://www.topografix.com/GPX/gpx_overlay/0/5">
<label_text>Paved Road Crossing Ahead</label_text>
</label>
<time xmlns="http://www.topografix.com/GPX/gpx_modified/0/1">2026-01-11T16:04:24.440Z</time>
<color_index xmlns="http://www.topografix.com/GPX/Private/TopoGrafix/0/5">0</color_index>
</extensions>
</wpt>
<wpt lat="34.14587000" lon="-114.19598000">
<ele>0.000</ele>
<time>2026-01-10T22:07:27.818Z</time>
<name>Stop Sign -Paved Road Crossing</name>
<cmt>Location 34.14587, -114.19598brElevation 0.0</cmt>
<desc>Location: 34.14587, -114.19598&lt;br&gt;
Elevation: 0.0 ft&lt;br&gt;
Time Created: 12/27/25, 1:36:31 PM PST&lt;br&gt;</desc>
<sym>Small Circle, Red</sym>
<type>2026 Parker 400 C/T/UTV - Racer File  Stop sh_ylw-pushpin165</type>
<extensions>
<label xmlns="http://www.topografix.com/GPX/gpx_overlay/0/5">
<label_text>Paved Road Crossing</label_text>
</label>
<time xmlns="http://www.topografix.com/GPX/gpx_modified/0/1">2026-01-11T16:05:49.609Z</time>
<color_index xmlns="http://www.topografix.com/GPX/Private/TopoGrafix/0/5">0</color_index>
</extensions>
</wpt>
<wpt lat="34.14581000" lon="-114.19594000">
<ele>0.000</ele>
<time>2026-01-10T22:07:27.818Z</time>
<name>Paved Road X 1</name>
<desc>Location: 34.14581, -114.19594&lt;br&gt;
Elevation: 0.0 ft&lt;br&gt;
Time Created: 12/22/25, 12:25:55 PM PST&lt;br&gt;</desc>
<sym>Small Circle, Red</sym>
<type>2026 Parker 400 C/T/UTV - Racer File  Stop sh_ylw-pushpin165</type>
<extensions>
<label xmlns="http://www.topografix.com/GPX/gpx_overlay/0/5">
<label_text>Paved Road X 1</label_text>
</label>
<time xmlns="http://www.topografix.com/GPX/gpx_modified/0/1">2026-01-10T22:07:57.492Z</time>
</extensions>
</wpt>
<wpt lat="34.11963871" lon="-114.08380730">
<ele>0.000</ele>
<time>2026-01-10T22:07:27.819Z</time>
<name>Stop Sign - Paved Road Crossing</name>
<cmt>Location 34.11964, -114.08393brElevation 0.0</cmt>
<desc>Location: 34.11964, -114.08393&lt;br&gt;
Elevation: 0.0 ft&lt;br&gt;
Time Created: 12/22/25, 12:22:06 PM PST&lt;br&gt;</desc>
<sym>Small Circle, Red</sym>
<type>2026 Parker 400 C/T/UTV - Racer File  Stop sh_ylw-pushpin165</type>
<extensions>
<label xmlns="http://www.topografix.com/GPX/gpx_overlay/0/5">
<label_text>Paved Road Crossing</label_text>
</label>
<time xmlns="http://www.topografix.com/GPX/gpx_modified/0/1">2026-01-11T16:04:54.238Z</time>
<color_index xmlns="http://www.topografix.com/GPX/Private/TopoGrafix/0/5">0</color_index>
</extensions>
</wpt>
<wpt lat="34.11964000" lon="-114.08393000">
<ele>0.000</ele>
<time>2026-01-10T22:07:27.819Z</time>
<name>Paved Road X 2</name>
<desc>Location: 34.11964, -114.08393&lt;br&gt;
Elevation: 0.0 ft&lt;br&gt;
Time Created: 12/22/25, 12:25:55 PM PST&lt;br&gt;</desc>
<sym>Small Circle, Red</sym>
<type>2026 Parker 400 C/T/UTV - Racer File  Stop sh_ylw-pushpin165</type>
<extensions>
<label xmlns="http://www.topografix.com/GPX/gpx_overlay/0/5">
<label_text>Paved Road X 2</label_text>
</label>
<time xmlns="http://www.topografix.com/GPX/gpx_modified/0/1">2026-01-10T22:07:57.492Z</time>
</extensions>
</wpt>
<wpt lat="34.11066000" lon="-114.01395000">
<ele>0.000</ele>
<time>2026-01-10T22:07:27.819Z</time>
<name>Canal X 1</name>
<desc>Location: 34.11066, -114.01395&lt;br&gt;
Elevation: 0.0 ft&lt;br&gt;
Time Created: 12/22/25, 12:25:55 PM PST&lt;br&gt;</desc>
<sym>Small Circle, Red</sym>
<type>2026 Parker 400 C/T/UTV - Racer File  Stop sh_ylw-pushpin165</type>
<extensions>
<label xmlns="http://www.topografix.com/GPX/gpx_overlay/0/5">
<label_text>Canal X 1</label_text>
</label>
<time xmlns="http://www.topografix.com/GPX/gpx_modified/0/1">2026-01-10T22:07:57.492Z</time>
</extensions>
</wpt>
<wpt lat="34.01743000" lon="-113.94251000">
<ele>0.000</ele>
<time>2026-01-10T22:07:27.819Z</time>
<name>Canal X 2</name>
<desc>Location: 34.01743, -113.94251&lt;br&gt;
Elevation: 0.0 ft&lt;br&gt;
Time Created: 12/22/25, 12:22:06 PM PST&lt;br&gt;</desc>
<sym>Small Circle, Red</sym>
<type>2026 Parker 400 C/T/UTV - Racer File  Stop sh_ylw-pushpin165</type>
<extensions>
<label xmlns="http://www.topografix.com/GPX/gpx_overlay/0/5">
<label_text>Canal X 2</label_text>
</label>
<time xmlns="http://www.topografix.com/GPX/gpx_modified/0/1">2026-01-10T22:07:57.492Z</time>
</extensions>
</wpt>
<wpt lat="34.17856000" lon="-114.05185000">
<ele>0.000</ele>
<time>2026-01-10T22:07:27.819Z</time>
<name>Canal X 4</name>
<desc>Location: 34.17856, -114.05185&lt;br&gt;
Elevation: 0.0 ft&lt;br&gt;
Time Created: 12/22/25, 12:25:55 PM PST&lt;br&gt;</desc>
<sym>Small Circle, Red</sym>
<type>2026 Parker 400 C/T/UTV - Racer File  Stop sh_ylw-pushpin165</type>
<extensions>
<label xmlns="http://www.topografix.com/GPX/gpx_overlay/0/5">
<label_text>Canal X 4</label_text>
</label>
<time xmlns="http://www.topografix.com/GPX/gpx_modified/0/1">2026-01-10T22:07:57.492Z</time>
</extensions>
</wpt>
<wpt lat="34.14200200" lon="-114.18676600">
<ele>0.000</ele>
<time>2026-01-10T22:07:27.819Z</time>
<name>VCP6</name>
<sym>Small Circle, Red</sym>
<type>2026 Parker 400 C/T/UTV - Racer File  Stop sh_ylw-pushpin165</type>
<extensions>
<label xmlns="http://www.topografix.com/GPX/gpx_overlay/0/5">
<label_text>VCP6</label_text>
</label>
<time xmlns="http://www.topografix.com/GPX/gpx_modified/0/1">2026-01-10T22:07:57.492Z</time>
</extensions>
</wpt>
<wpt lat="34.13109000" lon="-114.17817400">
<ele>0.000</ele>
<time>2026-01-10T22:07:27.819Z</time>
<name>VCP7</name>
<sym>Small Circle, Red</sym>
<type>2026 Parker 400 C/T/UTV - Racer File  Stop sh_ylw-pushpin165</type>
<extensions>
<label xmlns="http://www.topografix.com/GPX/gpx_overlay/0/5">
<label_text>VCP7</label_text>
</label>
<time xmlns="http://www.topografix.com/GPX/gpx_modified/0/1">2026-01-10T22:07:57.492Z</time>
</extensions>
</wpt>
<wpt lat="34.11324900" lon="-114.12101300">
<ele>0.000</ele>
<time>2026-01-10T22:07:27.820Z</time>
<name>VCP10</name>
<sym>Small Circle, Red</sym>
<type>2026 Parker 400 C/T/UTV - Racer File  Stop sh_ylw-pushpin165</type>
<extensions>
<label xmlns="http://www.topografix.com/GPX/gpx_overlay/0/5">
<label_text>VCP10</label_text>
</label>
<time xmlns="http://www.topografix.com/GPX/gpx_modified/0/1">2026-01-10T22:07:57.492Z</time>
</extensions>
</wpt>
<wpt lat="34.12513100" lon="-114.16286100">
<ele>0.000</ele>
<time>2026-01-10T22:07:27.820Z</time>
<name>VCP8</name>
<sym>Small Circle, Red</sym>
<type>2026 Parker 400 C/T/UTV - Racer File  Stop sh_ylw-pushpin165</type>
<extensions>
<label xmlns="http://www.topografix.com/GPX/gpx_overlay/0/5">
<label_text>VCP8</label_text>
</label>
<time xmlns="http://www.topografix.com/GPX/gpx_modified/0/1">2026-01-10T22:07:57.492Z</time>
</extensions>
</wpt>
<wpt lat="34.11638300" lon="-114.13386600">
<ele>0.000</ele>
<time>2026-01-10T22:07:27.820Z</time>
<name>VCP9</name>
<sym>Small Circle, Red</sym>
<type>2026 Parker 400 C/T/UTV - Racer File  Stop sh_ylw-pushpin165</type>
<extensions>
<label xmlns="http://www.topografix.com/GPX/gpx_overlay/0/5">
<label_text>VCP9</label_text>
</label>
<time xmlns="http://www.topografix.com/GPX/gpx_modified/0/1">2026-01-10T22:07:57.492Z</time>
</extensions>
</wpt>
<wpt lat="34.11310800" lon="-114.11048100">
<ele>0.000</ele>
<time>2026-01-10T22:07:27.820Z</time>
<name>VCP11</name>
<sym>Small Circle, Red</sym>
<type>2026 Parker 400 C/T/UTV - Racer File  Stop sh_ylw-pushpin165</type>
<extensions>
<label xmlns="http://www.topografix.com/GPX/gpx_overlay/0/5">
<label_text>VCP11</label_text>
</label>
<time xmlns="http://www.topografix.com/GPX/gpx_modified/0/1">2026-01-10T22:07:57.492Z</time>
</extensions>
</wpt>
<wpt lat="34.10992700" lon="-114.07168700">
<ele>0.000</ele>
<time>2026-01-10T22:07:27.820Z</time>
<name>VCP12</name>
<sym>Small Circle, Red</sym>
<type>2026 Parker 400 C/T/UTV - Racer File  Stop sh_ylw-pushpin165</type>
<extensions>
<label xmlns="http://www.topografix.com/GPX/gpx_overlay/0/5">
<label_text>VCP12</label_text>
</label>
<time xmlns="http://www.topografix.com/GPX/gpx_modified/0/1">2026-01-10T22:07:57.492Z</time>
</extensions>
</wpt>
<wpt lat="34.09101600" lon="-113.92567400">
<ele>0.000</ele>
<time>2026-01-10T22:07:27.820Z</time>
<name>VCP14</name>
<sym>Small Circle, Red</sym>
<type>2026 Parker 400 C/T/UTV - Racer File  Stop sh_ylw-pushpin165</type>
<extensions>
<label xmlns="http://www.topografix.com/GPX/gpx_overlay/0/5">
<label_text>VCP14</label_text>
</label>
<time xmlns="http://www.topografix.com/GPX/gpx_modified/0/1">2026-01-10T22:07:57.492Z</time>
</extensions>
</wpt>
<wpt lat="34.08619200" lon="-113.91058500">
<ele>0.000</ele>
<time>2026-01-10T22:07:27.820Z</time>
<name>VCP15</name>
<sym>Small Circle, Red</sym>
<type>2026 Parker 400 C/T/UTV - Racer File  Stop sh_ylw-pushpin165</type>
<extensions>
<label xmlns="http://www.topografix.com/GPX/gpx_overlay/0/5">
<label_text>VCP15</label_text>
</label>
<time xmlns="http://www.topografix.com/GPX/gpx_modified/0/1">2026-01-10T22:07:57.492Z</time>
</extensions>
</wpt>
<wpt lat="34.08042200" lon="-113.89681800">
<ele>0.000</ele>
<time>2026-01-10T22:07:27.820Z</time>
<name>VCP16</name>
<sym>Small Circle, Red</sym>
<type>2026 Parker 400 C/T/UTV - Racer File  Stop sh_ylw-pushpin165</type>
<extensions>
<label xmlns="http://www.topografix.com/GPX/gpx_overlay/0/5">
<label_text>VCP16</label_text>
</label>
<time xmlns="http://www.topografix.com/GPX/gpx_modified/0/1">2026-01-10T22:07:57.492Z</time>
</extensions>
</wpt>
<wpt lat="33.98618600" lon="-113.83011500">
<ele>0.000</ele>
<time>2026-01-10T22:07:27.820Z</time>
<name>VCP17</name>
<sym>Small Circle, Red</sym>
<type>2026 Parker 400 C/T/UTV - Racer File  Stop sh_ylw-pushpin165</type>
<extensions>
<label xmlns="http://www.topografix.com/GPX/gpx_overlay/0/5">
<label_text>VCP17</label_text>
</label>
<time xmlns="http://www.topografix.com/GPX/gpx_modified/0/1">2026-01-10T22:07:57.492Z</time>
</extensions>
</wpt>
<wpt lat="33.98609200" lon="-113.82114400">
<ele>0.000</ele>
<time>2026-01-10T22:07:27.820Z</time>
<name>VCP18</name>
<sym>Small Circle, Red</sym>
<type>2026 Parker 400 C/T/UTV - Racer File  Stop sh_ylw-pushpin165</type>
<extensions>
<label xmlns="http://www.topografix.com/GPX/gpx_overlay/0/5">
<label_text>VCP18</label_text>
</label>
<time xmlns="http://www.topografix.com/GPX/gpx_modified/0/1">2026-01-10T22:07:57.492Z</time>
</extensions>
</wpt>
<wpt lat="33.98060600" lon="-113.79249200">
<ele>0.000</ele>
<time>2026-01-10T22:07:27.820Z</time>
<name>VCP19</name>
<sym>Small Circle, Red</sym>
<type>2026 Parker 400 C/T/UTV - Racer File  Stop sh_ylw-pushpin165</type>
<extensions>
<label xmlns="http://www.topografix.com/GPX/gpx_overlay/0/5">
<label_text>VCP19</label_text>
</label>
<time xmlns="http://www.topografix.com/GPX/gpx_modified/0/1">2026-01-10T22:07:57.492Z</time>
</extensions>
</wpt>
<wpt lat="33.97908600" lon="-113.79782300">
<ele>0.000</ele>
<time>2026-01-10T22:07:27.821Z</time>
<name>VCP20</name>
<sym>Small Circle, Red</sym>
<type>2026 Parker 400 C/T/UTV - Racer File  Stop sh_ylw-pushpin165</type>
<extensions>
<label xmlns="http://www.topografix.com/GPX/gpx_overlay/0/5">
<label_text>VCP20</label_text>
</label>
<time xmlns="http://www.topografix.com/GPX/gpx_modified/0/1">2026-01-10T22:07:57.492Z</time>
</extensions>
</wpt>
<wpt lat="33.95942700" lon="-113.81897600">
<ele>0.000</ele>
<time>2026-01-10T22:07:27.821Z</time>
<name>VCP21</name>
<sym>Small Circle, Red</sym>
<type>2026 Parker 400 C/T/UTV - Racer File  Stop sh_ylw-pushpin165</type>
<extensions>
<label xmlns="http://www.topografix.com/GPX/gpx_overlay/0/5">
<label_text>VCP21</label_text>
</label>
<time xmlns="http://www.topografix.com/GPX/gpx_modified/0/1">2026-01-10T22:07:57.492Z</time>
</extensions>
</wpt>
<wpt lat="33.97936400" lon="-113.79495900">
<ele>0.000</ele>
<time>2026-01-10T22:07:27.821Z</time>
<name>VCP22</name>
<sym>Small Circle, Red</sym>
<type>2026 Parker 400 C/T/UTV - Racer File  Stop sh_ylw-pushpin165</type>
<extensions>
<label xmlns="http://www.topografix.com/GPX/gpx_overlay/0/5">
<label_text>VCP22</label_text>
</label>
<time xmlns="http://www.topografix.com/GPX/gpx_modified/0/1">2026-01-10T22:07:57.492Z</time>
</extensions>
</wpt>
<wpt lat="33.98091500" lon="-113.78773400">
<ele>0.000</ele>
<time>2026-01-10T22:07:27.821Z</time>
<name>VCP23</name>
<sym>Small Circle, Red</sym>
<type>2026 Parker 400 C/T/UTV - Racer File  Stop sh_ylw-pushpin165</type>
<extensions>
<label xmlns="http://www.topografix.com/GPX/gpx_overlay/0/5">
<label_text>VCP23</label_text>
</label>
<time xmlns="http://www.topografix.com/GPX/gpx_modified/0/1">2026-01-10T22:07:57.492Z</time>
</extensions>
</wpt>
<wpt lat="33.98663700" lon="-113.76975400">
<ele>0.000</ele>
<time>2026-01-10T22:07:27.821Z</time>
<name>VCP24</name>
<sym>Small Circle, Red</sym>
<type>2026 Parker 400 C/T/UTV - Racer File  Stop sh_ylw-pushpin165</type>
<extensions>
<label xmlns="http://www.topografix.com/GPX/gpx_overlay/0/5">
<label_text>VCP24</label_text>
</label>
<time xmlns="http://www.topografix.com/GPX/gpx_modified/0/1">2026-01-10T22:07:57.492Z</time>
</extensions>
</wpt>
<wpt lat="33.98657300" lon="-113.72603400">
<ele>0.000</ele>
<time>2026-01-10T22:07:27.821Z</time>
<name>VCP25</name>
<sym>Small Circle, Red</sym>
<type>2026 Parker 400 C/T/UTV - Racer File  Stop sh_ylw-pushpin165</type>
<extensions>
<label xmlns="http://www.topografix.com/GPX/gpx_overlay/0/5">
<label_text>VCP25</label_text>
</label>
<time xmlns="http://www.topografix.com/GPX/gpx_modified/0/1">2026-01-10T22:07:57.492Z</time>
</extensions>
</wpt>
<wpt lat="33.98673900" lon="-113.64874200">
<ele>0.000</ele>
<time>2026-01-10T22:07:27.821Z</time>
<name>VCP26</name>
<sym>Small Circle, Red</sym>
<type>2026 Parker 400 C/T/UTV - Racer File  Stop sh_ylw-pushpin165</type>
<extensions>
<label xmlns="http://www.topografix.com/GPX/gpx_overlay/0/5">
<label_text>VCP26</label_text>
</label>
<time xmlns="http://www.topografix.com/GPX/gpx_modified/0/1">2026-01-10T22:07:57.492Z</time>
</extensions>
</wpt>
<wpt lat="33.97937400" lon="-113.61486700">
<ele>0.000</ele>
<time>2026-01-10T22:07:27.821Z</time>
<name>VCP27</name>
<sym>Small Circle, Red</sym>
<type>2026 Parker 400 C/T/UTV - Racer File  Stop sh_ylw-pushpin165</type>
<extensions>
<label xmlns="http://www.topografix.com/GPX/gpx_overlay/0/5">
<label_text>VCP27</label_text>
</label>
<time xmlns="http://www.topografix.com/GPX/gpx_modified/0/1">2026-01-10T22:07:57.492Z</time>
</extensions>
</wpt>
<wpt lat="33.97455800" lon="-113.59953600">
<ele>0.000</ele>
<time>2026-01-10T22:07:27.821Z</time>
<name>VCP28</name>
<sym>Small Circle, Red</sym>
<type>2026 Parker 400 C/T/UTV - Racer File  Stop sh_ylw-pushpin165</type>
<extensions>
<label xmlns="http://www.topografix.com/GPX/gpx_overlay/0/5">
<label_text>VCP28</label_text>
</label>
<time xmlns="http://www.topografix.com/GPX/gpx_modified/0/1">2026-01-10T22:07:57.492Z</time>
</extensions>
</wpt>
<wpt lat="33.97764500" lon="-113.59626400">
<ele>0.000</ele>
<time>2026-01-10T22:07:27.821Z</time>
<name>VCP29</name>
<sym>Small Circle, Red</sym>
<type>2026 Parker 400 C/T/UTV - Racer File  Stop sh_ylw-pushpin165</type>
<extensions>
<label xmlns="http://www.topografix.com/GPX/gpx_overlay/0/5">
<label_text>VCP29</label_text>
</label>
<time xmlns="http://www.topografix.com/GPX/gpx_modified/0/1">2026-01-10T22:07:57.492Z</time>
</extensions>
</wpt>
<wpt lat="34.00861100" lon="-113.67968900">
<ele>0.000</ele>
<time>2026-01-10T22:07:27.821Z</time>
<name>VCP30</name>
<sym>Small Circle, Red</sym>
<type>2026 Parker 400 C/T/UTV - Racer File  Stop sh_ylw-pushpin165</type>
<extensions>
<label xmlns="http://www.topografix.com/GPX/gpx_overlay/0/5">
<label_text>VCP30</label_text>
</label>
<time xmlns="http://www.topografix.com/GPX/gpx_modified/0/1">2026-01-10T22:07:57.492Z</time>
</extensions>
</wpt>
<wpt lat="34.07366300" lon="-113.88254960">
<ele>0.000</ele>
<time>2026-01-10T22:07:27.821Z</time>
<name>VCP32</name>
<sym>Small Circle, Red</sym>
<type>2026 Parker 400 C/T/UTV - Racer File  Stop sh_ylw-pushpin165</type>
<extensions>
<label xmlns="http://www.topografix.com/GPX/gpx_overlay/0/5">
<label_text>VCP32</label_text>
</label>
<time xmlns="http://www.topografix.com/GPX/gpx_modified/0/1">2026-01-10T22:07:57.492Z</time>
</extensions>
</wpt>
<wpt lat="34.16809900" lon="-114.05035300">
<ele>0.000</ele>
<time>2026-01-10T22:07:27.821Z</time>
<name>VCP34</name>
<sym>Small Circle, Red</sym>
<type>2026 Parker 400 C/T/UTV - Racer File  Stop sh_ylw-pushpin165</type>
<extensions>
<label xmlns="http://www.topografix.com/GPX/gpx_overlay/0/5">
<label_text>VCP34</label_text>
</label>
<time xmlns="http://www.topografix.com/GPX/gpx_modified/0/1">2026-01-10T22:07:57.492Z</time>
</extensions>
</wpt>
<wpt lat="34.14787000" lon="-114.04154400">
<ele>0.000</ele>
<time>2026-01-10T22:07:27.822Z</time>
<name>VCP35</name>
<sym>Small Circle, Red</sym>
<type>2026 Parker 400 C/T/UTV - Racer File  Stop sh_ylw-pushpin165</type>
<extensions>
<label xmlns="http://www.topografix.com/GPX/gpx_overlay/0/5">
<label_text>VCP35</label_text>
</label>
<time xmlns="http://www.topografix.com/GPX/gpx_modified/0/1">2026-01-10T22:07:57.492Z</time>
</extensions>
</wpt>
<wpt lat="34.11210300" lon="-114.02103200">
<ele>0.000</ele>
<time>2026-01-10T22:07:27.822Z</time>
<name>VCP36</name>
<sym>Small Circle, Red</sym>
<type>2026 Parker 400 C/T/UTV - Racer File  Stop sh_ylw-pushpin165</type>
<extensions>
<label xmlns="http://www.topografix.com/GPX/gpx_overlay/0/5">
<label_text>VCP36</label_text>
</label>
<time xmlns="http://www.topografix.com/GPX/gpx_modified/0/1">2026-01-10T22:07:57.492Z</time>
</extensions>
</wpt>
<wpt lat="34.11856800" lon="-114.07184400">
<ele>0.000</ele>
<time>2026-01-10T22:07:27.822Z</time>
<name>VCP37</name>
<sym>Small Circle, Red</sym>
<type>2026 Parker 400 C/T/UTV - Racer File  Stop sh_ylw-pushpin165</type>
<extensions>
<label xmlns="http://www.topografix.com/GPX/gpx_overlay/0/5">
<label_text>VCP37</label_text>
</label>
<time xmlns="http://www.topografix.com/GPX/gpx_modified/0/1">2026-01-10T22:07:57.492Z</time>
</extensions>
</wpt>
<wpt lat="34.12008000" lon="-114.10091200">
<ele>0.000</ele>
<time>2026-01-10T22:07:27.822Z</time>
<name>VCP38</name>
<sym>Small Circle, Red</sym>
<type>2026 Parker 400 C/T/UTV - Racer File  Stop sh_ylw-pushpin165</type>
<extensions>
<label xmlns="http://www.topografix.com/GPX/gpx_overlay/0/5">
<label_text>VCP38</label_text>
</label>
<time xmlns="http://www.topografix.com/GPX/gpx_modified/0/1">2026-01-10T22:07:57.492Z</time>
</extensions>
</wpt>
<wpt lat="34.13973200" lon="-114.14772700">
<ele>0.000</ele>
<time>2026-01-10T22:07:27.822Z</time>
<name>VCP39</name>
<sym>Small Circle, Red</sym>
<type>2026 Parker 400 C/T/UTV - Racer File  Stop sh_ylw-pushpin165</type>
<extensions>
<label xmlns="http://www.topografix.com/GPX/gpx_overlay/0/5">
<label_text>VCP39</label_text>
</label>
<time xmlns="http://www.topografix.com/GPX/gpx_modified/0/1">2026-01-10T22:07:57.492Z</time>
</extensions>
</wpt>
<wpt lat="34.12960400" lon="-114.15907700">
<ele>0.000</ele>
<time>2026-01-10T22:07:27.822Z</time>
<name>VCP40</name>
<sym>Small Circle, Red</sym>
<type>2026 Parker 400 C/T/UTV - Racer File  Stop sh_ylw-pushpin165</type>
<extensions>
<label xmlns="http://www.topografix.com/GPX/gpx_overlay/0/5">
<label_text>VCP40</label_text>
</label>
<time xmlns="http://www.topografix.com/GPX/gpx_modified/0/1">2026-01-10T22:07:57.492Z</time>
</extensions>
</wpt>
<wpt lat="34.14188800" lon="-114.14988600">
<ele>0.000</ele>
<time>2026-01-10T22:07:27.822Z</time>
<name>VCP1</name>
<sym>Small Circle, Red</sym>
<type>2026 Parker 400 C/T/UTV - Racer File  Stop sh_ylw-pushpin165</type>
<extensions>
<label xmlns="http://www.topografix.com/GPX/gpx_overlay/0/5">
<label_text>VCP1</label_text>
</label>
<time xmlns="http://www.topografix.com/GPX/gpx_modified/0/1">2026-01-10T22:07:57.492Z</time>
</extensions>
</wpt>
<wpt lat="34.15467100" lon="-114.17327000">
<ele>0.000</ele>
<time>2026-01-10T22:07:27.822Z</time>
<name>VCP2</name>
<sym>Small Circle, Red</sym>
<type>2026 Parker 400 C/T/UTV - Racer File  Stop sh_ylw-pushpin165</type>
<extensions>
<label xmlns="http://www.topografix.com/GPX/gpx_overlay/0/5">
<label_text>VCP2</label_text>
</label>
<time xmlns="http://www.topografix.com/GPX/gpx_modified/0/1">2026-01-10T22:07:57.492Z</time>
</extensions>
</wpt>
<wpt lat="34.15998600" lon="-114.18045900">
<ele>0.000</ele>
<time>2026-01-10T22:07:27.822Z</time>
<name>VCP3</name>
<sym>Small Circle, Red</sym>
<type>2026 Parker 400 C/T/UTV - Racer File  Stop sh_ylw-pushpin165</type>
<extensions>
<label xmlns="http://www.topografix.com/GPX/gpx_overlay/0/5">
<label_text>VCP3</label_text>
</label>
<time xmlns="http://www.topografix.com/GPX/gpx_modified/0/1">2026-01-10T22:07:57.492Z</time>
</extensions>
</wpt>
<wpt lat="34.15646600" lon="-114.18208700">
<ele>0.000</ele>
<time>2026-01-10T22:07:27.822Z</time>
<name>VCP4</name>
<sym>Small Circle, Red</sym>
<type>2026 Parker 400 C/T/UTV - Racer File  Stop sh_ylw-pushpin165</type>
<extensions>
<label xmlns="http://www.topografix.com/GPX/gpx_overlay/0/5">
<label_text>VCP4</label_text>
</label>
<time xmlns="http://www.topografix.com/GPX/gpx_modified/0/1">2026-01-10T22:07:57.492Z</time>
</extensions>
</wpt>
<wpt lat="34.12177800" lon="-114.15326200">
<ele>0.000</ele>
<time>2026-01-10T22:07:27.822Z</time>
<name>VCP8.5</name>
<sym>Small Circle, Red</sym>
<type>2026 Parker 400 C/T/UTV - Racer File  Stop sh_ylw-pushpin165</type>
<extensions>
<label xmlns="http://www.topografix.com/GPX/gpx_overlay/0/5">
<label_text>VCP8.5</label_text>
</label>
<time xmlns="http://www.topografix.com/GPX/gpx_modified/0/1">2026-01-10T22:07:57.492Z</time>
</extensions>
</wpt>
<wpt lat="34.15076100" lon="-114.19829400">
<ele>0.000</ele>
<time>2026-01-10T22:07:27.822Z</time>
<name>VCP5</name>
<sym>Small Circle, Red</sym>
<type>2026 Parker 400 C/T/UTV - Racer File  Stop sh_ylw-pushpin165</type>
<extensions>
<label xmlns="http://www.topografix.com/GPX/gpx_overlay/0/5">
<label_text>VCP5</label_text>
</label>
<time xmlns="http://www.topografix.com/GPX/gpx_modified/0/1">2026-01-10T22:07:57.492Z</time>
</extensions>
</wpt>
<wpt lat="34.10184800" lon="-114.00872500">
<ele>0.000</ele>
<time>2026-01-10T22:07:27.822Z</time>
<name>VCP13</name>
<sym>Small Circle, Red</sym>
<type>2026 Parker 400 C/T/UTV - Racer File  Stop sh_ylw-pushpin165</type>
<extensions>
<label xmlns="http://www.topografix.com/GPX/gpx_overlay/0/5">
<label_text>VCP13</label_text>
</label>
<time xmlns="http://www.topografix.com/GPX/gpx_modified/0/1">2026-01-10T22:07:57.492Z</time>
</extensions>
</wpt>
<wpt lat="34.10073100" lon="-114.00632800">
<ele>0.000</ele>
<time>2026-01-10T22:07:27.823Z</time>
<name>VCP13.5</name>
<sym>Small Circle, Red</sym>
<type>2026 Parker 400 C/T/UTV - Racer File  Stop sh_ylw-pushpin165</type>
<extensions>
<label xmlns="http://www.topografix.com/GPX/gpx_overlay/0/5">
<label_text>VCP13.5</label_text>
</label>
<time xmlns="http://www.topografix.com/GPX/gpx_modified/0/1">2026-01-10T22:07:57.492Z</time>
</extensions>
</wpt>
<wpt lat="34.06182790" lon="-113.67950980">
<ele>0.000</ele>
<time>2026-01-10T22:07:27.823Z</time>
<name>VCP31</name>
<sym>Small Circle, Red</sym>
<type>2026 Parker 400 C/T/UTV - Racer File  Stop sh_ylw-pushpin165</type>
<extensions>
<label xmlns="http://www.topografix.com/GPX/gpx_overlay/0/5">
<label_text>VCP31</label_text>
</label>
<time xmlns="http://www.topografix.com/GPX/gpx_modified/0/1">2026-01-10T22:07:57.492Z</time>
</extensions>
</wpt>
<wpt lat="34.07633000" lon="-113.88735400">
<ele>0.000</ele>
<time>2026-01-10T22:07:27.823Z</time>
<name>VCP33</name>
<sym>Small Circle, Red</sym>
<type>2026 Parker 400 C/T/UTV - Racer File  Stop sh_ylw-pushpin165</type>
<extensions>
<label xmlns="http://www.topografix.com/GPX/gpx_overlay/0/5">
<label_text>VCP33</label_text>
</label>
<time xmlns="http://www.topografix.com/GPX/gpx_modified/0/1">2026-01-10T22:07:57.492Z</time>
</extensions>
</wpt>
<wpt lat="34.10253548" lon="-114.00744779">
<time>2026-01-11T19:07:23.792Z</time>
<name>Danger Ahead</name>
<sym>circle,blue</sym>
<type>2026 Parker 400 C/T/UTV - Racer File  Stop sh_ylw-pushpin165</type>
<extensions>
<label xmlns="http://www.topografix.com/GPX/gpx_overlay/0/5">
<label_text>Danger Ahead</label_text>
</label>
<color_index xmlns="http://www.topografix.com/GPX/Private/TopoGrafix/0/5">0</color_index>
</extensions>
</wpt>
<trk>
<name>P400 Car/Truck/UTV</name>
<type>line-9C27B0-5000-nodesc-normal</type>
<extensions>
<time xmlns="http://www.topografix.com/GPX/gpx_modified/0/1">2026-01-11T19:08:02.068Z</time>
<label xmlns="http://www.topografix.com/GPX/gpx_overlay/0/5">
<label_text>P400 Car/Truck/UTV</label_text>
</label>
<line xmlns="http://www.topografix.com/GPX/gpx_style/0/2">
<color>000000</color>
<opacity>1.00</opacity>
<width>0.7917</width>
<pattern>Solid</pattern>
<extensions>
<cased xmlns="http://www.topografix.com/GPX/Private/TopoGrafix/0/5">true</cased>
</extensions>
</line>
</extensions>
<trkseg>
<trkpt lat="34.13139100" lon="-114.16560100">
<ele>0.000</ele>
</trkpt>
<trkpt lat="34.13145400" lon="-114.16554100">
<ele>0.000</ele>
</trkpt>
<trkpt lat="34.13163500" lon="-114.16534300">
<ele>0.000</ele>
</trkpt>
<trkpt lat="34.13181000" lon="-114.16510300">
<ele>0.000</ele>
</trkpt>
<trkpt lat="34.13198200" lon="-114.16482000">
<ele>0.000</ele>
</trkpt>
<trkpt lat="34.13204900" lon="-114.16465100">
<ele>0.000</ele>
</trkpt>
<trkpt lat="34.13210600" lon="-114.16444500">
<ele>0.000</ele>
</trkpt>
<trkpt lat="34.13220300" lon="-114.16402900">
<ele>0.000</ele>
</trkpt>
<trkpt lat="34.13233500" lon="-114.16360200">
<ele>0.000</ele>
</trkpt>
<trkpt lat="34.13239400" lon="-114.16345800">
<ele>0.000</ele>
</trkpt>
<trkpt lat="34.13246100" lon="-114.16331600">
<ele>0.000</ele>
</trkpt>
<trkpt lat="34.13285700" lon="-114.16252700">
<ele>0.000</ele>
</trkpt>
<trkpt lat="34.13294300" lon="-114.16235200">
<ele>0.000</ele>
</trkpt>
<trkpt lat="34.13302900" lon="-114.16222900">
<ele>0.000</ele>
</trkpt>
<trkpt lat="34.13333200" lon="-114.16199200">
<ele>0.000</ele>
</trkpt>
<trkpt lat="34.13357000" lon="-114.16173600">
<ele>0.000</ele>
</trkpt>
<trkpt lat="34.13381870" lon="-114.16155862">
<ele>0.000</ele>
</trkpt>
<trkpt lat="34.13399494" lon="-114.16144416">
<ele>0.000</ele>
</trkpt>
<trkpt lat="34.13414651" lon="-114.16132547">
<ele>0.000</ele>
</trkpt>
<trkpt lat="34.13420200" lon="-114.16123400">
<ele>0.000</ele>
</trkpt>
<trkpt lat="34.13428000" lon="-114.16118300">
<ele>0.000</ele>
</trkpt>
<trkpt lat="34.13443100" lon="-114.16111900">
<ele>0.000</ele>
</trkpt>
<trkpt lat="34.13460000" lon="-114.16101300">
<ele>0.000</ele>
</trkpt>
<trkpt lat="34.13468000" lon="-114.16094700">
<ele>0.000</ele>
</trkpt>
<trkpt lat="34.13485700" lon="-114.16075900">
<ele>0.000</ele>
</trkpt>
<trkpt lat="34.13503000" lon="-114.16050300">
<ele>0.000</ele>
</trkpt>
<trkpt lat="34.13511000" lon="-114.16035500">
<ele>0.000</ele>
</trkpt>
<trkpt lat="34.13539700" lon="-114.15970000">
<ele>0.000</ele>
</trkpt>
<trkpt lat="34.13563600" lon="-114.15922100">
<ele>0.000</ele>
</trkpt>
<trkpt lat="34.13599800" lon="-114.15854300">
<ele>0.000</ele>
</trkpt>
<trkpt lat="34.13633600" lon="-114.15784200">
<ele>0.000</ele>
</trkpt>
<trkpt lat="34.13693100" lon="-114.15672900">
<ele>0.000</ele>
</trkpt>
<trkpt lat="34.13711200" lon="-114.15641400">
<ele>0.000</ele>
</trkpt>
<trkpt lat="34.13727900" lon="-114.15617500">
<ele>0.000</ele>
</trkpt>
<trkpt lat="34.13747200" lon="-114.15593400">
<ele>0.000</ele>
</trkpt>
<trkpt lat="34.13785700" lon="-114.15549900">
<ele>0.000</ele>
</trkpt>
<trkpt lat="34.13921400" lon="-114.15377500">
<ele>0.000</ele>
</trkpt>
<trkpt lat="34.13936600" lon="-114.15351400">
<ele>0.000</ele>
</trkpt>
<trkpt lat="34.13975600" lon="-114.15273200">
<ele>0.000</ele>
</trkpt>
<trkpt lat="34.14013700" lon="-114.15191000">
<ele>0.000</ele>
</trkpt>
<trkpt lat="34.14039200" lon="-114.15148300">
<ele>0.000</ele>
</trkpt>
<trkpt lat="34.14055200" lon="-114.15123500">
<ele>0.000</ele>
</trkpt>
<trkpt lat="34.14065800" lon="-114.15109900">
<ele>0.000</ele>
</trkpt>
<trkpt lat="34.14087400" lon="-114.15086100">
<ele>0.000</ele>
</trkpt>
<trkpt lat="34.14129200" lon="-114.15043700">
<ele>0.000</ele>
</trkpt>
<trkpt lat="34.14154800" lon="-114.15016200">
<ele>0.000</ele>
</trkpt>
<trkpt lat="34.14167900" lon="-114.14999100">
<ele>0.000</ele>
</trkpt>
<trkpt lat="34.14174800" lon="-114.14993000">
<ele>0.000</ele>
</trkpt>
<trkpt lat="34.14184200" lon="-114.14987300">
<ele>0.000</ele>
</trkpt>
<trkpt lat="34.14189700" lon="-114.14986400">
<ele>0.000</ele>
</trkpt>
<trkpt lat="34.14199300" lon="-114.14990200">
<ele>0.000</ele>
</trkpt>
<trkpt lat="34.14221300" lon="-114.15011500">
<ele>0.000</ele>
</trkpt>
<trkpt lat="34.14248700" lon="-114.15034900">
<ele>0.000</ele>
</trkpt>
<trkpt lat="34.14293500" lon="-114.15077100">
<ele>0.000</ele>
</trkpt>
<trkpt lat="34.14372300" lon="-114.15141100">
<ele>0.000</ele>
</trkpt>
<trkpt lat="34.14389400" lon="-114.15157100">
<ele>0.000</ele>
</trkpt>
<trkpt lat="34.14397600" lon="-114.15166400">
<ele>0.000</ele>
</trkpt>
<trkpt lat="34.14460200" lon="-114.15252800">
<ele>0.000</ele>
</trkpt>
<trkpt lat="34.14514500" lon="-114.15319900">
<ele>0.000</ele>
</trkpt>
<trkpt lat="34.14533800" lon="-114.15347700">
<ele>0.000</ele>
</trkpt>
<trkpt lat="34.14590300" lon="-114.15456300">
<ele>0.000</ele>
</trkpt>
<trkpt lat="34.14595900" lon="-114.15469300">
<ele>0.000</ele>
</trkpt>
<trkpt lat="34.14600800" lon="-114.15482900">
<ele>0.000</ele>
</trkpt>
<trkpt lat="34.14604300" lon="-114.15496900">
<ele>0.000</ele>
</trkpt>
<trkpt lat="34.14607600" lon="-114.15520300">
<ele>0.000</ele>
</trkpt>
<trkpt lat="34.14611700" lon="-114.15541000">
<ele>0.000</ele>
</trkpt>
<trkpt lat="34.14623100" lon="-114.15588100">
<ele>0.000</ele>
</trkpt>
<trkpt lat="34.14631700" lon="-114.15614000">
<ele>0.000</ele>
</trkpt>
<trkpt lat="34.14644000" lon="-114.15638400">
<ele>0.000</ele>
</trkpt>
<trkpt lat="34.14650700" lon="-114.15649500">
<ele>0.000</ele>
</trkpt>
<trkpt lat="34.14674500" lon="-114.15676400">
<ele>0.000</ele>
</trkpt>
<trkpt lat="34.14717000" lon="-114.15717400">
<ele>0.000</ele>
</trkpt>
<trkpt lat="34.14743300" lon="-114.15745100">
<ele>0.000</ele>
</trkpt>
<trkpt lat="34.14807900" lon="-114.15821700">
<ele>0.000</ele>
</trkpt>
<trkpt lat="34.14825200" lon="-114.15840000">
<ele>0.000</ele>
</trkpt>
<trkpt lat="34.14857600" lon="-114.15868300">
<ele>0.000</ele>
</trkpt>
<trkpt lat="34.14873500" lon="-114.15875400">
<ele>0.000</ele>
</trkpt>
<trkpt lat="34.14913400" lon="-114.15884100">
<ele>0.000</ele>
</trkpt>
<trkpt lat="34.14945900" lon="-114.15901700">
<ele>0.000</ele>
</trkpt>
<trkpt lat="34.14969500" lon="-114.15912700">
<ele>0.000</ele>
</trkpt>
<trkpt lat="34.15001200" lon="-114.15929500">
<ele>0.000</ele>
</trkpt>
<trkpt lat="34.15025000" lon="-114.15940200">
<ele>0.000</ele>
</trkpt>
<trkpt lat="34.15034000" lon="-114.15943600">
<ele>0.000</ele>
</trkpt>
<trkpt lat="34.15068900" lon="-114.15948000">
<ele>0.000</ele>
</trkpt>
<trkpt lat="34.15077100" lon="-114.15950300">
<ele>0.000</ele>
</trkpt>
<trkpt lat="34.15081300" lon="-114.15953100">
<ele>0.000</ele>
</trkpt>
<trkpt lat="34.15084700" lon="-114.15958900">
<ele>0.000</ele>
</trkpt>
<trkpt lat="34.15087300" lon="-114.15966600">
<ele>0.000</ele>
</trkpt>
<trkpt lat="34.15097800" lon="-114.16010800">
<ele>0.000</ele>
</trkpt>
<trkpt lat="34.15106300" lon="-114.16040100">
<ele>0.000</ele>
</trkpt>
<trkpt lat="34.15111400" lon="-114.16050500">
<ele>0.000</ele>
</trkpt>
<trkpt lat="34.15121300" lon="-114.16066700">
<ele>0.000</ele>
</trkpt>
<trkpt lat="34.15136600" lon="-114.16082500">
<ele>0.000</ele>
</trkpt>
<trkpt lat="34.15142700" lon="-114.16091000">
<ele>0.000</ele>
</trkpt>
<trkpt lat="34.15159600" lon="-114.16119500">
<ele>0.000</ele>
</trkpt>
<trkpt lat="34.15165600" lon="-114.16127300">
<ele>0.000</ele>
</trkpt>
<trkpt lat="34.15172300" lon="-114.16135200">
<ele>0.000</ele>
</trkpt>
<trkpt lat="34.15198200" lon="-114.16158400">
<ele>0.000</ele>
</trkpt>
<trkpt lat="34.15205700" lon="-114.16166900">
<ele>0.000</ele>
</trkpt>
<trkpt lat="34.15211500" lon="-114.16177800">
<ele>0.000</ele>
</trkpt>
<trkpt lat="34.15238600" lon="-114.16258200">
<ele>0.000</ele>
</trkpt>
<trkpt lat="34.15250600" lon="-114.16310200">
<ele>0.000</ele>
</trkpt>
<trkpt lat="34.15252800" lon="-114.16326700">
<ele>0.000</ele>
</trkpt>
<trkpt lat="34.15255700" lon="-114.16363500">
<ele>0.000</ele>
</trkpt>
<trkpt lat="34.15256200" lon="-114.16397700">
<ele>0.000</ele>
</trkpt>
<trkpt lat="34.15259300" lon="-114.16453600">
<ele>0.000</ele>
</trkpt>
<trkpt lat="34.15258400" lon="-114.16506800">
<ele>0.000</ele>
</trkpt>
<trkpt lat="34.15253069" lon="-114.16545565">
<ele>0.000</ele>
</trkpt>
<trkpt lat="34.15251700" lon="-114.16559200">
<ele>0.000</ele>
</trkpt>
<trkpt lat="34.15250900" lon="-114.16581600">
<ele>0.000</ele>
</trkpt>
<trkpt lat="34.15254200" lon="-114.16606700">
<ele>0.000</ele>
</trkpt>
<trkpt lat="34.15257100" lon="-114.16648700">
<ele>0.000</ele>
</trkpt>
<trkpt lat="34.15258500" lon="-114.16656800">
<ele>0.000</ele>
</trkpt>
<trkpt lat="34.15268700" lon="-114.16682000">
<ele>0.000</ele>
</trkpt>
<trkpt lat="34.15288800" lon="-114.16743900">
<ele>0.000</ele>
</trkpt>
<trkpt lat="34.15290277" lon="-114.16764671">
<ele>0.000</ele>
</trkpt>
<trkpt lat="34.15289848" lon="-114.16770518">
<ele>0.000</ele>
</trkpt>
<trkpt lat="34.15289600" lon="-114.16775900">
<ele>0.000</ele>
</trkpt>
<trkpt lat="34.15288700" lon="-114.16785900">
<ele>0.000</ele>
</trkpt>
<trkpt lat="34.15269800" lon="-114.16841100">
<ele>0.000</ele>
</trkpt>
<trkpt lat="34.15260800" lon="-114.16855900">
<ele>0.000</ele>
</trkpt>
<trkpt lat="34.15249600" lon="-114.16869900">
<ele>0.000</ele>
</trkpt>
<trkpt lat="34.15243200" lon="-114.16881500">
<ele>0.000</ele>
</trkpt>
<trkpt lat="34.15240300" lon="-114.16888900">
<ele>0.000</ele>
</trkpt>
<trkpt lat="34.15240000" lon="-114.16897100">
<ele>0.000</ele>
</trkpt>
<trkpt lat="34.15242200" lon="-114.16904700">
<ele>0.000</ele>
</trkpt>
<trkpt lat="34.15253000" lon="-114.16919900">
<ele>0.000</ele>
</trkpt>
<trkpt lat="34.15260500" lon="-114.16935600">
<ele>0.000</ele>
</trkpt>
<trkpt lat="34.15267700" lon="-114.16956500">
<ele>0.000</ele>
</trkpt>
<trkpt lat="34.15273000" lon="-114.16995400">
<ele>0.000</ele>
</trkpt>
<trkpt lat="34.15275300" lon="-114.17039800">
<ele>0.000</ele>
</trkpt>
<trkpt lat="34.15280500" lon="-114.17096400">
<ele>0.000</ele>
</trkpt>
<trkpt lat="34.15286900" lon="-114.17119600">
<ele>0.000</ele>
</trkpt>
<trkpt lat="34.15303800" lon="-114.17151900">
<ele>0.000</ele>
</trkpt>
<trkpt lat="34.15309200" lon="-114.17159000">
<ele>0.000</ele>
</trkpt>
<trkpt lat="34.15329900" lon="-114.17177900">
<ele>0.000</ele>
</trkpt>
<trkpt lat="34.15341900" lon="-114.17192400">
<ele>0.000</ele>
</trkpt>
<trkpt lat="34.15356200" lon="-114.17217900">
<ele>0.000</ele>
</trkpt>
<trkpt lat="34.15368400" lon="-114.17245900">
<ele>0.000</ele>
</trkpt>
<trkpt lat="34.15384200" lon="-114.17277900">
<ele>0.000</ele>
</trkpt>
<trkpt lat="34.15391300" lon="-114.17286600">
<ele>0.000</ele>
</trkpt>
<trkpt lat="34.15398500" lon="-114.17292400">
<ele>0.000</ele>
</trkpt>
<trkpt lat="34.15405700" lon="-114.17296200">
<ele>0.000</ele>
</trkpt>
<trkpt lat="34.15420300" lon="-114.17299300">
<ele>0.000</ele>
</trkpt>
<trkpt lat="34.15427500" lon="-114.17302300">
<ele>0.000</ele>
</trkpt>
<trkpt lat="34.15460800" lon="-114.17321000">
<ele>0.000</ele>
</trkpt>
<trkpt lat="34.15474000" lon="-114.17331800">
<ele>0.000</ele>
</trkpt>
<trkpt lat="34.15493100" lon="-114.17350900">
<ele>0.000</ele>
</trkpt>
<trkpt lat="34.15533800" lon="-114.17399800">
<ele>0.000</ele>
</trkpt>
<trkpt lat="34.15550000" lon="-114.17415100">
<ele>0.000</ele>
</trkpt>
<trkpt lat="34.15576900" lon="-114.17432400">
<ele>0.000</ele>
</trkpt>
<trkpt lat="34.15586000" lon="-114.17436100">
<ele>0.000</ele>
</trkpt>
<trkpt lat="34.15604700" lon="-114.17439500">
<ele>0.000</ele>
</trkpt>
<trkpt lat="34.15625600" lon="-114.17446400">
<ele>0.000</ele>
</trkpt>
<trkpt lat="34.15639200" lon="-114.17453500">
<ele>0.000</ele>
</trkpt>
<trkpt lat="34.15648100" lon="-114.17459800">
<ele>0.000</ele>
</trkpt>
<trkpt lat="34.15669100" lon="-114.17479600">
<ele>0.000</ele>
</trkpt>
<trkpt lat="34.15750400" lon="-114.17564100">
<ele>0.000</ele>
</trkpt>
<trkpt lat="34.15818900" lon="-114.17641500">
<ele>0.000</ele>
</trkpt>
<trkpt lat="34.15858500" lon="-114.17698800">
<ele>0.000</ele>
</trkpt>
<trkpt lat="34.15931800" lon="-114.17785500">
<ele>0.000</ele>
</trkpt>
<trkpt lat="34.15947600" lon="-114.17809900">
<ele>0.000</ele>
</trkpt>
<trkpt lat="34.15963300" lon="-114.17858000">
<ele>0.000</ele>
</trkpt>
<trkpt lat="34.15970600" lon="-114.17892800">
<ele>0.000</ele>
</trkpt>
<trkpt lat="34.15978600" lon="-114.17924800">
<ele>0.000</ele>
</trkpt>
<trkpt lat="34.15982200" lon="-114.17938700">
<ele>0.000</ele>
</trkpt>
<trkpt lat="34.15987300" lon="-114.17953400">
<ele>0.000</ele>
</trkpt>
<trkpt lat="34.16000900" lon="-114.18027900">
<ele>0.000</ele>
</trkpt>
<trkpt lat="34.16001300" lon="-114.18043400">
<ele>0.000</ele>
</trkpt>
<trkpt lat="34.15998700" lon="-114.18059300">
<ele>0.000</ele>
</trkpt>
<trkpt lat="34.15993300" lon="-114.18075700">
<ele>0.000</ele>
</trkpt>
<trkpt lat="34.15986500" lon="-114.18092400">
<ele>0.000</ele>
</trkpt>
<trkpt lat="34.15950500" lon="-114.18161400">
<ele>0.000</ele>
</trkpt>
<trkpt lat="34.15945000" lon="-114.18170900">
<ele>0.000</ele>
</trkpt>
<trkpt lat="34.15938000" lon="-114.18180000">
<ele>0.000</ele>
</trkpt>
<trkpt lat="34.15921100" lon="-114.18197000">
<ele>0.000</ele>
</trkpt>
<trkpt lat="34.15904800" lon="-114.18203700">
<ele>0.000</ele>
</trkpt>
<trkpt lat="34.15889000" lon="-114.18207700">
<ele>0.000</ele>
</trkpt>
<trkpt lat="34.15863700" lon="-114.18208700">
<ele>0.000</ele>
</trkpt>
<trkpt lat="34.15813600" lon="-114.18207100">
<ele>0.000</ele>
</trkpt>
<trkpt lat="34.15789900" lon="-114.18208900">
<ele>0.000</ele>
</trkpt>
<trkpt lat="34.15771400" lon="-114.18205400">
<ele>0.000</ele>
</trkpt>
<trkpt lat="34.15763000" lon="-114.18201300">
<ele>0.000</ele>
</trkpt>
<trkpt lat="34.15743400" lon="-114.18194800">
<ele>0.000</ele>
</trkpt>
<trkpt lat="34.15730800" lon="-114.18193600">
<ele>0.000</ele>
</trkpt>
<trkpt lat="34.15681400" lon="-114.18197200">
<ele>0.000</ele>
</trkpt>
<trkpt lat="34.15668800" lon="-114.18199800">
<ele>0.000</ele>
</trkpt>
<trkpt lat="34.15645000" lon="-114.18208200">
<ele>0.000</ele>
</trkpt>
<trkpt lat="34.15640000" lon="-114.18211300">
<ele>0.000</ele>
</trkpt>
<trkpt lat="34.15640000" lon="-114.18210600">
<ele>0.000</ele>
</trkpt>
<trkpt lat="34.15635700" lon="-114.18214600">
<ele>0.000</ele>
</trkpt>
<trkpt lat="34.15631900" lon="-114.18220000">
<ele>0.000</ele>
</trkpt>
<trkpt lat="34.15629300" lon="-114.18226000">
<ele>0.000</ele>
</trkpt>
<trkpt lat="34.15623400" lon="-114.18244500">
<ele>0.000</ele>
</trkpt>
<trkpt lat="34.15618100" lon="-114.18270400">
<ele>0.000</ele>
</trkpt>
<trkpt lat="34.15597400" lon="-114.18337700">
<ele>0.000</ele>
</trkpt>
<trkpt lat="34.15582800" lon="-114.18401500">
<ele>0.000</ele>
</trkpt>
<trkpt lat="34.15563400" lon="-114.18501000">
<ele>0.000</ele>
</trkpt>
<trkpt lat="34.15555300" lon="-114.18524800">
<ele>0.000</ele>
</trkpt>
<trkpt lat="34.15551800" lon="-114.18531000">
<ele>0.000</ele>
</trkpt>
<trkpt lat="34.15548500" lon="-114.18534500">
<ele>0.000</ele>
</trkpt>
<trkpt lat="34.15537300" lon="-114.18543900">
<ele>0.000</ele>
</trkpt>
<trkpt lat="34.15500000" lon="-114.18567400">
<ele>0.000</ele>
</trkpt>
<trkpt lat="34.15464300" lon="-114.18594900">
<ele>0.000</ele>
</trkpt>
<trkpt lat="34.15439700" lon="-114.18616500">
<ele>0.000</ele>
</trkpt>
<trkpt lat="34.15414400" lon="-114.18641600">
<ele>0.000</ele>
</trkpt>
<trkpt lat="34.15389500" lon="-114.18669300">
<ele>0.000</ele>
</trkpt>
<trkpt lat="34.15373300" lon="-114.18690200">
<ele>0.000</ele>
</trkpt>
<trkpt lat="34.15359600" lon="-114.18713000">
<ele>0.000</ele>
</trkpt>
<trkpt lat="34.15355000" lon="-114.18726300">
<ele>0.000</ele>
</trkpt>
<trkpt lat="34.15354400" lon="-114.18734900">
<ele>0.000</ele>
</trkpt>
<trkpt lat="34.15355900" lon="-114.18744500">
<ele>0.000</ele>
</trkpt>
<trkpt lat="34.15366200" lon="-114.18782700">
<ele>0.000</ele>
</trkpt>
<trkpt lat="34.15373600" lon="-114.18834000">
<ele>0.000</ele>
</trkpt>
<trkpt lat="34.15374300" lon="-114.18849500">
<ele>0.000</ele>
</trkpt>
<trkpt lat="34.15372800" lon="-114.18883700">
<ele>0.000</ele>
</trkpt>
<trkpt lat="34.15371000" lon="-114.18902200">
<ele>0.000</ele>
</trkpt>
<trkpt lat="34.15367900" lon="-114.18920800">
<ele>0.000</ele>
</trkpt>
<trkpt lat="34.15357700" lon="-114.18958600">
<ele>0.000</ele>
</trkpt>
<trkpt lat="34.15351700" lon="-114.18973800">
<ele>0.000</ele>
</trkpt>
<trkpt lat="34.15346100" lon="-114.18982800">
<ele>0.000</ele>
</trkpt>
<trkpt lat="34.15338716" lon="-114.18996004">
<ele>0.000</ele>
</trkpt>
<trkpt lat="34.15334421" lon="-114.19000612">
<ele>0.000</ele>
</trkpt>
<trkpt lat="34.15332300" lon="-114.19002800">
<ele>0.000</ele>
</trkpt>
<trkpt lat="34.15297900" lon="-114.19039200">
<ele>0.000</ele>
</trkpt>
<trkpt lat="34.15263100" lon="-114.19087700">
<ele>0.000</ele>
</trkpt>
<trkpt lat="34.15250800" lon="-114.19107600">
<ele>0.000</ele>
</trkpt>
<trkpt lat="34.15230100" lon="-114.19150300">
<ele>0.000</ele>
</trkpt>
<trkpt lat="34.15223100" lon="-114.19171500">
<ele>0.000</ele>
</trkpt>
<trkpt lat="34.15218200" lon="-114.19200100">
<ele>0.000</ele>
</trkpt>
<trkpt lat="34.15217400" lon="-114.19270400">
<ele>0.000</ele>
</trkpt>
<trkpt lat="34.15216300" lon="-114.19287900">
<ele>0.000</ele>
</trkpt>
<trkpt lat="34.15203800" lon="-114.19361300">
<ele>0.000</ele>
</trkpt>
<trkpt lat="34.15193500" lon="-114.19435100">
<ele>0.000</ele>
</trkpt>
<trkpt lat="34.15186900" lon="-114.19520300">
<ele>0.000</ele>
</trkpt>
<trkpt lat="34.15184900" lon="-114.19584300">
<ele>0.000</ele>
</trkpt>
<trkpt lat="34.15190000" lon="-114.19722900">
<ele>0.000</ele>
</trkpt>
<trkpt lat="34.15190000" lon="-114.19760400">
<ele>0.000</ele>
</trkpt>
<trkpt lat="34.15187200" lon="-114.19778200">
<ele>0.000</ele>
</trkpt>
<trkpt lat="34.15180600" lon="-114.19788700">
<ele>0.000</ele>
</trkpt>
<trkpt lat="34.15180964" lon="-114.19788614">
<ele>0.000</ele>
</trkpt>
<trkpt lat="34.15119800" lon="-114.19827400">
<ele>0.000</ele>
</trkpt>
<trkpt lat="34.15114300" lon="-114.19829800">
<ele>0.000</ele>
</trkpt>
<trkpt lat="34.15104000" lon="-114.19831900">
<ele>0.000</ele>
</trkpt>
<trkpt lat="34.15093400" lon="-114.19830900">
<ele>0.000</ele>
</trkpt>
<trkpt lat="34.15024100" lon="-114.19812700">
<ele>0.000</ele>
</trkpt>
<trkpt lat="34.14924400" lon="-114.19790600">
<ele>0.000</ele>
</trkpt>
<trkpt lat="34.14803900" lon="-114.19768600">
<ele>0.000</ele>
</trkpt>
<trkpt lat="34.14777300" lon="-114.19761600">
<ele>0.000</ele>
</trkpt>
<trkpt lat="34.14764100" lon="-114.19755800">
<ele>0.000</ele>
</trkpt>
<trkpt lat="34.14736500" lon="-114.19740600">
<ele>0.000</ele>
</trkpt>
<trkpt lat="34.14693800" lon="-114.19710800">
<ele>0.000</ele>
</trkpt>
<trkpt lat="34.14684000" lon="-114.19700900">
<ele>0.000</ele>
</trkpt>
<trkpt lat="34.14651000" lon="-114.19651700">
<ele>0.000</ele>
</trkpt>
<trkpt lat="34.14646500" lon="-114.19646700">
<ele>0.000</ele>
</trkpt>
<trkpt lat="34.14625900" lon="-114.19626400">
<ele>0.000</ele>
</trkpt>
<trkpt lat="34.14592800" lon="-114.19600700">
<ele>0.000</ele>
</trkpt>
<trkpt lat="34.14579400" lon="-114.19589100">
<ele>0.000</ele>
</trkpt>
<trkpt lat="34.14542300" lon="-114.19549700">
<ele>0.000</ele>
</trkpt>
<trkpt lat="34.14481000" lon="-114.19479400">
<ele>0.000</ele>
</trkpt>
<trkpt lat="34.14460000" lon="-114.19449400">
<ele>0.000</ele>
</trkpt>
<trkpt lat="34.14428200" lon="-114.19398800">
<ele>0.000</ele>
</trkpt>
<trkpt lat="34.14416400" lon="-114.19383200">
<ele>0.000</ele>
</trkpt>
<trkpt lat="34.14405700" lon="-114.19362400">
<ele>0.000</ele>
</trkpt>
<trkpt lat="34.14401200" lon="-114.19346900">
<ele>0.000</ele>
</trkpt>
<trkpt lat="34.14399500" lon="-114.19336300">
<ele>0.000</ele>
</trkpt>
<trkpt lat="34.14395800" lon="-114.19276400">
<ele>0.000</ele>
</trkpt>
<trkpt lat="34.14399100" lon="-114.19251500">
<ele>0.000</ele>
</trkpt>
<trkpt lat="34.14413800" lon="-114.19195400">
<ele>0.000</ele>
</trkpt>
<trkpt lat="34.14414300" lon="-114.19174300">
<ele>0.000</ele>
</trkpt>
<trkpt lat="34.14407900" lon="-114.19136900">
<ele>0.000</ele>
</trkpt>
<trkpt lat="34.14391000" lon="-114.19052000">
<ele>0.000</ele>
</trkpt>
<trkpt lat="34.14388600" lon="-114.19032000">
<ele>0.000</ele>
</trkpt>
<trkpt lat="34.14386200" lon="-114.18994400">
<ele>0.000</ele>
</trkpt>
<trkpt lat="34.14381500" lon="-114.18963900">
<ele>0.000</ele>
</trkpt>
<trkpt lat="34.14377500" lon="-114.18899200">
<ele>0.000</ele>
</trkpt>
<trkpt lat="34.14376600" lon="-114.18892513">
<ele>0.000</ele>
</trkpt>
<trkpt lat="34.14375800" lon="-114.18889100">
<ele>0.000</ele>
</trkpt>
<trkpt lat="34.14365600" lon="-114.18848700">
<ele>0.000</ele>
</trkpt>
<trkpt lat="34.14357800" lon="-114.18830900">
<ele>0.000</ele>
</trkpt>
<trkpt lat="34.14342700" lon="-114.18805100">
<ele>0.000</ele>
</trkpt>
<trkpt lat="34.14323400" lon="-114.18776000">
<ele>0.000</ele>
</trkpt>
<trkpt lat="34.14304500" lon="-114.18749800">
<ele>0.000</ele>
</trkpt>
<trkpt lat="34.14295900" lon="-114.18739700">
<ele>0.000</ele>
</trkpt>
<trkpt lat="34.14273800" lon="-114.18721000">
<ele>0.000</ele>
</trkpt>
<trkpt lat="34.14247300" lon="-114.18702300">
<ele>0.000</ele>
</trkpt>
<trkpt lat="34.14216300" lon="-114.18684000">
<ele>0.000</ele>
</trkpt>
<trkpt lat="34.14185315" lon="-114.18664748">
<ele>0.000</ele>
</trkpt>
<trkpt lat="34.14169800" lon="-114.18654500">
<ele>0.000</ele>
</trkpt>
<trkpt lat="34.14098200" lon="-114.18610200">
<ele>0.000</ele>
</trkpt>
<trkpt lat="34.14087200" lon="-114.18604300">
<ele>0.000</ele>
</trkpt>
<trkpt lat="34.14074600" lon="-114.18599700">
<ele>0.000</ele>
</trkpt>
<trkpt lat="34.14061400" lon="-114.18598900">
<ele>0.000</ele>
</trkpt>
<trkpt lat="34.14049000" lon="-114.18602400">
<ele>0.000</ele>
</trkpt>
<trkpt lat="34.14036500" lon="-114.18607400">
<ele>0.000</ele>
</trkpt>
<trkpt lat="34.14023000" lon="-114.18609100">
<ele>0.000</ele>
</trkpt>
<trkpt lat="34.13990800" lon="-114.18604200">
<ele>0.000</ele>
</trkpt>
<trkpt lat="34.13983100" lon="-114.18601200">
<ele>0.000</ele>
</trkpt>
<trkpt lat="34.13976500" lon="-114.18594000">
<ele>0.000</ele>
</trkpt>
<trkpt lat="34.13951600" lon="-114.18575900">
<ele>0.000</ele>
</trkpt>
<trkpt lat="34.13932300" lon="-114.18569900">
<ele>0.000</ele>
</trkpt>
<trkpt lat="34.13902700" lon="-114.18564500">
<ele>0.000</ele>
</trkpt>
<trkpt lat="34.13882300" lon="-114.18558000">
<ele>0.000</ele>
</trkpt>
<trkpt lat="34.13873100" lon="-114.18552400">
<ele>0.000</ele>
</trkpt>
<trkpt lat="34.13842800" lon="-114.18528800">
<ele>0.000</ele>
</trkpt>
<trkpt lat="34.13787800" lon="-114.18493600">
<ele>0.000</ele>
</trkpt>
<trkpt lat="34.13702517" lon="-114.18449160">
<ele>0.000</ele>
</trkpt>
<trkpt lat="34.13681619" lon="-114.18432708">
<ele>0.000</ele>
</trkpt>
<trkpt lat="34.13658113" lon="-114.18409525">
<ele>0.000</ele>
</trkpt>
<trkpt lat="34.13641065" lon="-114.18391709">
<ele>0.000</ele>
</trkpt>
<trkpt lat="34.13617946" lon="-114.18369792">
<ele>0.000</ele>
</trkpt>
<trkpt lat="34.13594295" lon="-114.18349583">
<ele>0.000</ele>
</trkpt>
<trkpt lat="34.13581369" lon="-114.18339830">
<ele>0.000</ele>
</trkpt>
<trkpt lat="34.13562723" lon="-114.18327329">
<ele>0.000</ele>
</trkpt>
<trkpt lat="34.13538498" lon="-114.18315483">
<ele>0.000</ele>
</trkpt>
<trkpt lat="34.13510464" lon="-114.18300643">
<ele>0.000</ele>
</trkpt>
<trkpt lat="34.13470476" lon="-114.18283872">
<ele>0.000</ele>
</trkpt>
<trkpt lat="34.13432614" lon="-114.18266180">
<ele>0.000</ele>
</trkpt>
<trkpt lat="34.13393194" lon="-114.18246728">
<ele>0.000</ele>
</trkpt>
<trkpt lat="34.13358335" lon="-114.18224023">
<ele>0.000</ele>
</trkpt>
<trkpt lat="34.13326616" lon="-114.18194643">
<ele>0.000</ele>
</trkpt>
<trkpt lat="34.13293588" lon="-114.18159607">
<ele>0.000</ele>
</trkpt>
<trkpt lat="34.13249265" lon="-114.18109009">
<ele>0.000</ele>
</trkpt>
<trkpt lat="34.13214882" lon="-114.18060341">
<ele>0.000</ele>
</trkpt>
<trkpt lat="34.13188264" lon="-114.18020009">
<ele>0.000</ele>
</trkpt>
<trkpt lat="34.13166349" lon="-114.17988410">
<ele>0.000</ele>
</trkpt>
<trkpt lat="34.13151197" lon="-114.17964301">
<ele>0.000</ele>
</trkpt>
<trkpt lat="34.13145818" lon="-114.17952263">
<ele>0.000</ele>
</trkpt>
<trkpt lat="34.13144600" lon="-114.17945400">
<ele>0.000</ele>
</trkpt>
<trkpt lat="34.13119900" lon="-114.17850100">
<ele>0.000</ele>
</trkpt>
<trkpt lat="34.13080200" lon="-114.17688700">
<ele>0.000</ele>
</trkpt>
<trkpt lat="34.13057000" lon="-114.17634000">
<ele>0.000</ele>
</trkpt>
<trkpt lat="34.13028000" lon="-114.17553300">
<ele>0.000</ele>
</trkpt>
<trkpt lat="34.13022460" lon="-114.17541782">
<ele>0.000</ele>
</trkpt>
<trkpt lat="34.13021700" lon="-114.17539800">
<ele>0.000</ele>
</trkpt>
<trkpt lat="34.13002800" lon="-114.17488500">
<ele>0.000</ele>
</trkpt>
<trkpt lat="34.12985200" lon="-114.17436600">
<ele>0.000</ele>
</trkpt>
<trkpt lat="34.12979400" lon="-114.17416800">
<ele>0.000</ele>
</trkpt>
<trkpt lat="34.12943200" lon="-114.17254100">
<ele>0.000</ele>
</trkpt>
<trkpt lat="34.12920900" lon="-114.17169800">
<ele>0.000</ele>
</trkpt>
<trkpt lat="34.12887100" lon="-114.17058200">
<ele>0.000</ele>
</trkpt>
<trkpt lat="34.12869600" lon="-114.16996200">
<ele>0.000</ele>
</trkpt>
<trkpt lat="34.12851000" lon="-114.16913800">
<ele>0.000</ele>
</trkpt>
<trkpt lat="34.12841900" lon="-114.16868400">
<ele>0.000</ele>
</trkpt>
<trkpt lat="34.12832800" lon="-114.16801500">
<ele>0.000</ele>
</trkpt>
<trkpt lat="34.12825000" lon="-114.16778500">
<ele>0.000</ele>
</trkpt>
<trkpt lat="34.12819300" lon="-114.16756400">
<ele>0.000</ele>
</trkpt>
<trkpt lat="34.12812400" lon="-114.16734800">
<ele>0.000</ele>
</trkpt>
<trkpt lat="34.12805200" lon="-114.16717800">
<ele>0.000</ele>
</trkpt>
<trkpt lat="34.12797800" lon="-114.16703400">
<ele>0.000</ele>
</trkpt>
<trkpt lat="34.12786500" lon="-114.16674500">
<ele>0.000</ele>
</trkpt>
<trkpt lat="34.12765300" lon="-114.16603000">
<ele>0.000</ele>
</trkpt>
<trkpt lat="34.12759700" lon="-114.16586400">
<ele>0.000</ele>
</trkpt>
<trkpt lat="34.12753000" lon="-114.16570500">
<ele>0.000</ele>
</trkpt>
<trkpt lat="34.12745100" lon="-114.16554600">
<ele>0.000</ele>
</trkpt>
<trkpt lat="34.12735800" lon="-114.16539100">
<ele>0.000</ele>
</trkpt>
<trkpt lat="34.12691700" lon="-114.16471900">
<ele>0.000</ele>
</trkpt>
<trkpt lat="34.12651500" lon="-114.16422200">
<ele>0.000</ele>
</trkpt>
<trkpt lat="34.12611600" lon="-114.16379200">
<ele>0.000</ele>
</trkpt>
<trkpt lat="34.12585600" lon="-114.16353700">
<ele>0.000</ele>
</trkpt>
<trkpt lat="34.12528300" lon="-114.16303000">
<ele>0.000</ele>
</trkpt>
<trkpt lat="34.12500500" lon="-114.16274200">
<ele>0.000</ele>
</trkpt>
<trkpt lat="34.12480200" lon="-114.16247000">
<ele>0.000</ele>
</trkpt>
<trkpt lat="34.12462900" lon="-114.16219700">
<ele>0.000</ele>
</trkpt>
<trkpt lat="34.12423600" lon="-114.16165600">
<ele>0.000</ele>
</trkpt>
<trkpt lat="34.12340100" lon="-114.16059800">
<ele>0.000</ele>
</trkpt>
<trkpt lat="34.12331500" lon="-114.16042900">
<ele>0.000</ele>
</trkpt>
<trkpt lat="34.12323100" lon="-114.16020500">
<ele>0.000</ele>
</trkpt>
<trkpt lat="34.12317600" lon="-114.15999700">
<ele>0.000</ele>
</trkpt>
<trkpt lat="34.12311700" lon="-114.15971300">
<ele>0.000</ele>
</trkpt>
<trkpt lat="34.12303000" lon="-114.15919700">
<ele>0.000</ele>
</trkpt>
<trkpt lat="34.12294600" lon="-114.15882900">
<ele>0.000</ele>
</trkpt>
<trkpt lat="34.12289600" lon="-114.15864000">
<ele>0.000</ele>
</trkpt>
<trkpt lat="34.12265500" lon="-114.15786600">
<ele>0.000</ele>
</trkpt>
<trkpt lat="34.12248500" lon="-114.15724300">
<ele>0.000</ele>
</trkpt>
<trkpt lat="34.12235100" lon="-114.15663700">
<ele>0.000</ele>
</trkpt>
<trkpt lat="34.12223600" lon="-114.15579200">
<ele>0.000</ele>
</trkpt>
<trkpt lat="34.12219400" lon="-114.15534300">
<ele>0.000</ele>
</trkpt>
<trkpt lat="34.12214000" lon="-114.15490500">
<ele>0.000</ele>
</trkpt>
<trkpt lat="34.12199300" lon="-114.15403900">
<ele>0.000</ele>
</trkpt>
<trkpt lat="34.12187500" lon="-114.15346800">
<ele>0.000</ele>
</trkpt>
<trkpt lat="34.12182000" lon="-114.15330200">
<ele>0.000</ele>
</trkpt>
<trkpt lat="34.12175400" lon="-114.15314300">
<ele>0.000</ele>
</trkpt>
<trkpt lat="34.12167700" lon="-114.15299600">
<ele>0.000</ele>
</trkpt>
<trkpt lat="34.12149600" lon="-114.15269500">
<ele>0.000</ele>
</trkpt>
<trkpt lat="34.12117300" lon="-114.15222800">
<ele>0.000</ele>
</trkpt>
<trkpt lat="34.12103300" lon="-114.15195200">
<ele>0.000</ele>
</trkpt>
<trkpt lat="34.12093400" lon="-114.15165200">
<ele>0.000</ele>
</trkpt>
<trkpt lat="34.12087200" lon="-114.15133700">
<ele>0.000</ele>
</trkpt>
<trkpt lat="34.12081200" lon="-114.15083200">
<ele>0.000</ele>
</trkpt>
<trkpt lat="34.12072100" lon="-114.15028000">
<ele>0.000</ele>
</trkpt>
<trkpt lat="34.12068000" lon="-114.15011300">
<ele>0.000</ele>
</trkpt>
<trkpt lat="34.12062500" lon="-114.14995100">
<ele>0.000</ele>
</trkpt>
<trkpt lat="34.12049200" lon="-114.14962600">
<ele>0.000</ele>
</trkpt>
<trkpt lat="34.12040800" lon="-114.14913900">
<ele>0.000</ele>
</trkpt>
<trkpt lat="34.12036200" lon="-114.14901400">
<ele>0.000</ele>
</trkpt>
<trkpt lat="34.12029600" lon="-114.14890700">
<ele>0.000</ele>
</trkpt>
<trkpt lat="34.12012100" lon="-114.14867000">
<ele>0.000</ele>
</trkpt>
<trkpt lat="34.12003600" lon="-114.14853400">
<ele>0.000</ele>
</trkpt>
<trkpt lat="34.11971800" lon="-114.14788200">
<ele>0.000</ele>
</trkpt>
<trkpt lat="34.11955500" lon="-114.14752300">
<ele>0.000</ele>
</trkpt>
<trkpt lat="34.11940000" lon="-114.14713300">
<ele>0.000</ele>
</trkpt>
<trkpt lat="34.11925800" lon="-114.14672300">
<ele>0.000</ele>
</trkpt>
<trkpt lat="34.11893600" lon="-114.14566500">
<ele>0.000</ele>
</trkpt>
<trkpt lat="34.11886400" lon="-114.14545700">
<ele>0.000</ele>
</trkpt>
<trkpt lat="34.11878600" lon="-114.14525700">
<ele>0.000</ele>
</trkpt>
<trkpt lat="34.11860000" lon="-114.14486600">
<ele>0.000</ele>
</trkpt>
<trkpt lat="34.11852900" lon="-114.14467700">
<ele>0.000</ele>
</trkpt>
<trkpt lat="34.11835200" lon="-114.14427200">
<ele>0.000</ele>
</trkpt>
<trkpt lat="34.11820400" lon="-114.14386100">
<ele>0.000</ele>
</trkpt>
<trkpt lat="34.11801600" lon="-114.14324100">
<ele>0.000</ele>
</trkpt>
<trkpt lat="34.11788300" lon="-114.14263500">
<ele>0.000</ele>
</trkpt>
<trkpt lat="34.11782947" lon="-114.14235794">
<ele>0.000</ele>
</trkpt>
<trkpt lat="34.11776400" lon="-114.14188800">
<ele>0.000</ele>
</trkpt>
<trkpt lat="34.11772200" lon="-114.14157700">
<ele>0.000</ele>
</trkpt>
<trkpt lat="34.11764700" lon="-114.14080000">
<ele>0.000</ele>
</trkpt>
<trkpt lat="34.11764600" lon="-114.14065400">
<ele>0.000</ele>
</trkpt>
<trkpt lat="34.11765900" lon="-114.14050300">
<ele>0.000</ele>
</trkpt>
<trkpt lat="34.11777400" lon="-114.14001300">
<ele>0.000</ele>
</trkpt>
<trkpt lat="34.11779500" lon="-114.13981700">
<ele>0.000</ele>
</trkpt>
<trkpt lat="34.11777900" lon="-114.13978700">
<ele>0.000</ele>
</trkpt>
<trkpt lat="34.11773900" lon="-114.13961600">
<ele>0.000</ele>
</trkpt>
<trkpt lat="34.11766700" lon="-114.13945500">
<ele>0.000</ele>
</trkpt>
<trkpt lat="34.11740200" lon="-114.13901200">
<ele>0.000</ele>
</trkpt>
<trkpt lat="34.11725500" lon="-114.13872700">
<ele>0.000</ele>
</trkpt>
<trkpt lat="34.11718000" lon="-114.13855700">
<ele>0.000</ele>
</trkpt>
<trkpt lat="34.11704200" lon="-114.13818700">
<ele>0.000</ele>
</trkpt>
<trkpt lat="34.11686900" lon="-114.13758100">
<ele>0.000</ele>
</trkpt>
<trkpt lat="34.11680600" lon="-114.13740000">
<ele>0.000</ele>
</trkpt>
<trkpt lat="34.11676700" lon="-114.13723700">
<ele>0.000</ele>
</trkpt>
<trkpt lat="34.11674800" lon="-114.13706400">
<ele>0.000</ele>
</trkpt>
<trkpt lat="34.11677500" lon="-114.13626300">
<ele>0.000</ele>
</trkpt>
<trkpt lat="34.11677300" lon="-114.13623500">
<ele>0.000</ele>
</trkpt>
<trkpt lat="34.11675100" lon="-114.13595700">
<ele>0.000</ele>
</trkpt>
<trkpt lat="34.11670700" lon="-114.13563600">
<ele>0.000</ele>
</trkpt>
<trkpt lat="34.11663600" lon="-114.13530400">
<ele>0.000</ele>
</trkpt>
<trkpt lat="34.11650900" lon="-114.13435700">
<ele>0.000</ele>
</trkpt>
<trkpt lat="34.11643500" lon="-114.13396700">
<ele>0.000</ele>
</trkpt>
<trkpt lat="34.11638600" lon="-114.13377400">
<ele>0.000</ele>
</trkpt>
<trkpt lat="34.11616800" lon="-114.13303600">
<ele>0.000</ele>
</trkpt>
<trkpt lat="34.11603500" lon="-114.13266300">
<ele>0.000</ele>
</trkpt>
<trkpt lat="34.11597200" lon="-114.13253100">
<ele>0.000</ele>
</trkpt>
<trkpt lat="34.11585400" lon="-114.13236300">
<ele>0.000</ele>
</trkpt>
<trkpt lat="34.11556800" lon="-114.13203200">
<ele>0.000</ele>
</trkpt>
<trkpt lat="34.11550100" lon="-114.13191100">
<ele>0.000</ele>
</trkpt>
<trkpt lat="34.11544300" lon="-114.13177700">
<ele>0.000</ele>
</trkpt>
<trkpt lat="34.11469610" lon="-114.12762654">
<ele>0.000</ele>
</trkpt>
<trkpt lat="34.11464629" lon="-114.12722046">
<ele>0.000</ele>
</trkpt>
<trkpt lat="34.11461316" lon="-114.12699867">
<ele>0.000</ele>
</trkpt>
<trkpt lat="34.11456537" lon="-114.12674831">
<ele>0.000</ele>
</trkpt>
<trkpt lat="34.11449768" lon="-114.12647375">
<ele>0.000</ele>
</trkpt>
<trkpt lat="34.11445737" lon="-114.12631730">
<ele>0.000</ele>
</trkpt>
<trkpt lat="34.11442912" lon="-114.12604971">
<ele>0.000</ele>
</trkpt>
<trkpt lat="34.11441317" lon="-114.12575224">
<ele>0.000</ele>
</trkpt>
<trkpt lat="34.11439405" lon="-114.12555067">
<ele>0.000</ele>
</trkpt>
<trkpt lat="34.11433000" lon="-114.12518300">
<ele>0.000</ele>
</trkpt>
<trkpt lat="34.11426300" lon="-114.12492700">
<ele>0.000</ele>
</trkpt>
<trkpt lat="34.11404400" lon="-114.12441400">
<ele>0.000</ele>
</trkpt>
<trkpt lat="34.11394500" lon="-114.12412800">
<ele>0.000</ele>
</trkpt>
<trkpt lat="34.11387700" lon="-114.12385900">
<ele>0.000</ele>
</trkpt>
<trkpt lat="34.11377800" lon="-114.12338500">
<ele>0.000</ele>
</trkpt>
<trkpt lat="34.11357500" lon="-114.12273900">
<ele>0.000</ele>
</trkpt>
<trkpt lat="34.11336600" lon="-114.12132600">
<ele>0.000</ele>
</trkpt>
<trkpt lat="34.11332700" lon="-114.12116400">
<ele>0.000</ele>
</trkpt>
<trkpt lat="34.11315200" lon="-114.12068300">
<ele>0.000</ele>
</trkpt>
<trkpt lat="34.11308200" lon="-114.12053300">
<ele>0.000</ele>
</trkpt>
<trkpt lat="34.11300800" lon="-114.12041300">
<ele>0.000</ele>
</trkpt>
<trkpt lat="34.11281100" lon="-114.12020100">
<ele>0.000</ele>
</trkpt>
<trkpt lat="34.11258000" lon="-114.11998600">
<ele>0.000</ele>
</trkpt>
<trkpt lat="34.11233300" lon="-114.11978200">
<ele>0.000</ele>
</trkpt>
<trkpt lat="34.11222400" lon="-114.11966800">
<ele>0.000</ele>
</trkpt>
<trkpt lat="34.11204300" lon="-114.11938900">
<ele>0.000</ele>
</trkpt>
<trkpt lat="34.11189500" lon="-114.11907500">
<ele>0.000</ele>
</trkpt>
<trkpt lat="34.11172900" lon="-114.11856800">
<ele>0.000</ele>
</trkpt>
<trkpt lat="34.11163100" lon="-114.11821700">
<ele>0.000</ele>
</trkpt>
<trkpt lat="34.11156500" lon="-114.11786400">
<ele>0.000</ele>
</trkpt>
<trkpt lat="34.11146200" lon="-114.11680600">
<ele>0.000</ele>
</trkpt>
<trkpt lat="34.11133900" lon="-114.11618400">
<ele>0.000</ele>
</trkpt>
<trkpt lat="34.11134500" lon="-114.11571400">
<ele>0.000</ele>
</trkpt>
<trkpt lat="34.11132100" lon="-114.11555000">
<ele>0.000</ele>
</trkpt>
<trkpt lat="34.11121500" lon="-114.11502400">
<ele>0.000</ele>
</trkpt>
<trkpt lat="34.11118800" lon="-114.11484700">
<ele>0.000</ele>
</trkpt>
<trkpt lat="34.11115500" lon="-114.11449200">
<ele>0.000</ele>
</trkpt>
<trkpt lat="34.11115800" lon="-114.11415900">
<ele>0.000</ele>
</trkpt>
<trkpt lat="34.11118383" lon="-114.11368372">
<ele>0.000</ele>
</trkpt>
<trkpt lat="34.11122258" lon="-114.11330966">
<ele>0.000</ele>
</trkpt>
<trkpt lat="34.11125062" lon="-114.11301820">
<ele>0.000</ele>
</trkpt>
<trkpt lat="34.11129700" lon="-114.11280700">
<ele>0.000</ele>
</trkpt>
<trkpt lat="34.11135263" lon="-114.11258811">
<ele>0.000</ele>
</trkpt>
<trkpt lat="34.11141100" lon="-114.11245800">
<ele>0.000</ele>
</trkpt>
<trkpt lat="34.11154700" lon="-114.11221900">
<ele>0.000</ele>
</trkpt>
<trkpt lat="34.11174600" lon="-114.11194600">
<ele>0.000</ele>
</trkpt>
<trkpt lat="34.11188800" lon="-114.11178100">
<ele>0.000</ele>
</trkpt>
<trkpt lat="34.11206200" lon="-114.11160200">
<ele>0.000</ele>
</trkpt>
<trkpt lat="34.11275200" lon="-114.11103600">
<ele>0.000</ele>
</trkpt>
<trkpt lat="34.11290900" lon="-114.11088400">
<ele>0.000</ele>
</trkpt>
<trkpt lat="34.11298000" lon="-114.11079500">
<ele>0.000</ele>
</trkpt>
<trkpt lat="34.11309300" lon="-114.11062000">
<ele>0.000</ele>
</trkpt>
<trkpt lat="34.11327600" lon="-114.11017600">
<ele>0.000</ele>
</trkpt>
<trkpt lat="34.11336500" lon="-114.10991600">
<ele>0.000</ele>
</trkpt>
<trkpt lat="34.11354100" lon="-114.10902200">
<ele>0.000</ele>
</trkpt>
<trkpt lat="34.11358200" lon="-114.10872900">
<ele>0.000</ele>
</trkpt>
<trkpt lat="34.11358700" lon="-114.10858000">
<ele>0.000</ele>
</trkpt>
<trkpt lat="34.11352500" lon="-114.10737300">
<ele>0.000</ele>
</trkpt>
<trkpt lat="34.11349800" lon="-114.10632500">
<ele>0.000</ele>
</trkpt>
<trkpt lat="34.11350000" lon="-114.10588500">
<ele>0.000</ele>
</trkpt>
<trkpt lat="34.11349055" lon="-114.10573402">
<ele>0.000</ele>
</trkpt>
<trkpt lat="34.11348773" lon="-114.10547225">
<ele>0.000</ele>
</trkpt>
<trkpt lat="34.11349010" lon="-114.10530945">
<ele>0.000</ele>
</trkpt>
<trkpt lat="34.11350309" lon="-114.10518354">
<ele>0.000</ele>
</trkpt>
<trkpt lat="34.11350373" lon="-114.10506309">
<ele>0.000</ele>
</trkpt>
<trkpt lat="34.11350179" lon="-114.10498758">
<ele>0.000</ele>
</trkpt>
<trkpt lat="34.11349500" lon="-114.10480700">
<ele>0.000</ele>
</trkpt>
<trkpt lat="34.11351094" lon="-114.10448806">
<ele>0.000</ele>
</trkpt>
<trkpt lat="34.11349144" lon="-114.10413055">
<ele>0.000</ele>
</trkpt>
<trkpt lat="34.11345454" lon="-114.10391937">
<ele>0.000</ele>
</trkpt>
<trkpt lat="34.11333347" lon="-114.10361251">
<ele>0.000</ele>
</trkpt>
<trkpt lat="34.11321743" lon="-114.10333773">
<ele>0.000</ele>
</trkpt>
<trkpt lat="34.11304505" lon="-114.10307677">
<ele>0.000</ele>
</trkpt>
<trkpt lat="34.11292694" lon="-114.10289186">
<ele>0.000</ele>
</trkpt>
<trkpt lat="34.11276600" lon="-114.10246700">
<ele>0.000</ele>
</trkpt>
<trkpt lat="34.11271500" lon="-114.10231200">
<ele>0.000</ele>
</trkpt>
<trkpt lat="34.11267700" lon="-114.10214400">
<ele>0.000</ele>
</trkpt>
<trkpt lat="34.11263300" lon="-114.10178700">
<ele>0.000</ele>
</trkpt>
<trkpt lat="34.11262900" lon="-114.10142600">
<ele>0.000</ele>
</trkpt>
<trkpt lat="34.11264100" lon="-114.10066400">
<ele>0.000</ele>
</trkpt>
<trkpt lat="34.11267400" lon="-114.10007200">
<ele>0.000</ele>
</trkpt>
<trkpt lat="34.11268500" lon="-114.09955700">
<ele>0.000</ele>
</trkpt>
<trkpt lat="34.11271333" lon="-114.09911588">
<ele>0.000</ele>
</trkpt>
<trkpt lat="34.11271938" lon="-114.09872742">
<ele>0.000</ele>
</trkpt>
<trkpt lat="34.11272861" lon="-114.09854520">
<ele>0.000</ele>
</trkpt>
<trkpt lat="34.11271594" lon="-114.09823211">
<ele>0.000</ele>
</trkpt>
<trkpt lat="34.11270174" lon="-114.09796433">
<ele>0.000</ele>
</trkpt>
<trkpt lat="34.11271261" lon="-114.09771619">
<ele>0.000</ele>
</trkpt>
<trkpt lat="34.11274163" lon="-114.09750198">
<ele>0.000</ele>
</trkpt>
<trkpt lat="34.11283577" lon="-114.09715905">
<ele>0.000</ele>
</trkpt>
<trkpt lat="34.11295638" lon="-114.09675321">
<ele>0.000</ele>
</trkpt>
<trkpt lat="34.11301271" lon="-114.09655139">
<ele>0.000</ele>
</trkpt>
<trkpt lat="34.11309171" lon="-114.09630135">
<ele>0.000</ele>
</trkpt>
<trkpt lat="34.11316234" lon="-114.09604879">
<ele>0.000</ele>
</trkpt>
<trkpt lat="34.11320184" lon="-114.09585313">
<ele>0.000</ele>
</trkpt>
<trkpt lat="34.11323520" lon="-114.09554558">
<ele>0.000</ele>
</trkpt>
<trkpt lat="34.11324167" lon="-114.09537231">
<ele>0.000</ele>
</trkpt>
<trkpt lat="34.11319300" lon="-114.09497600">
<ele>0.000</ele>
</trkpt>
<trkpt lat="34.11313000" lon="-114.09463300">
<ele>0.000</ele>
</trkpt>
<trkpt lat="34.11287300" lon="-114.09387700">
<ele>0.000</ele>
</trkpt>
<trkpt lat="34.11275300" lon="-114.09347600">
<ele>0.000</ele>
</trkpt>
<trkpt lat="34.11242000" lon="-114.09208500">
<ele>0.000</ele>
</trkpt>
<trkpt lat="34.11227500" lon="-114.09161500">
<ele>0.000</ele>
</trkpt>
<trkpt lat="34.11206000" lon="-114.09123200">
<ele>0.000</ele>
</trkpt>
<trkpt lat="34.11181200" lon="-114.09087300">
<ele>0.000</ele>
</trkpt>
<trkpt lat="34.11132800" lon="-114.08985100">
<ele>0.000</ele>
</trkpt>
<trkpt lat="34.11129100" lon="-114.08974700">
<ele>0.000</ele>
</trkpt>
<trkpt lat="34.11125300" lon="-114.08954700">
<ele>0.000</ele>
</trkpt>
<trkpt lat="34.11125100" lon="-114.08935100">
<ele>0.000</ele>
</trkpt>
<trkpt lat="34.11126200" lon="-114.08926300">
<ele>0.000</ele>
</trkpt>
<trkpt lat="34.11131500" lon="-114.08904900">
<ele>0.000</ele>
</trkpt>
<trkpt lat="34.11148600" lon="-114.08852100">
<ele>0.000</ele>
</trkpt>
<trkpt lat="34.11152000" lon="-114.08836800">
<ele>0.000</ele>
</trkpt>
<trkpt lat="34.11163000" lon="-114.08771900">
<ele>0.000</ele>
</trkpt>
<trkpt lat="34.11167500" lon="-114.08736800">
<ele>0.000</ele>
</trkpt>
<trkpt lat="34.11171300" lon="-114.08686500">
<ele>0.000</ele>
</trkpt>
<trkpt lat="34.11170600" lon="-114.08672700">
<ele>0.000</ele>
</trkpt>
<trkpt lat="34.11167900" lon="-114.08658600">
<ele>0.000</ele>
</trkpt>
<trkpt lat="34.11152000" lon="-114.08614100">
<ele>0.000</ele>
</trkpt>
<trkpt lat="34.11147300" lon="-114.08598400">
<ele>0.000</ele>
</trkpt>
<trkpt lat="34.11138800" lon="-114.08550800">
<ele>0.000</ele>
</trkpt>
<trkpt lat="34.11130400" lon="-114.08519000">
<ele>0.000</ele>
</trkpt>
<trkpt lat="34.11112900" lon="-114.08472800">
<ele>0.000</ele>
</trkpt>
<trkpt lat="34.11084600" lon="-114.08384200">
<ele>0.000</ele>
</trkpt>
<trkpt lat="34.11058700" lon="-114.08310000">
<ele>0.000</ele>
</trkpt>
<trkpt lat="34.11045300" lon="-114.08275100">
<ele>0.000</ele>
</trkpt>
<trkpt lat="34.11023100" lon="-114.08221200">
<ele>0.000</ele>
</trkpt>
<trkpt lat="34.10993500" lon="-114.08156500">
<ele>0.000</ele>
</trkpt>
<trkpt lat="34.10992592" lon="-114.08148020">
<ele>0.000</ele>
</trkpt>
<trkpt lat="34.10992400" lon="-114.08134100">
<ele>0.000</ele>
</trkpt>
<trkpt lat="34.10991300" lon="-114.08114900">
<ele>0.000</ele>
</trkpt>
<trkpt lat="34.10992400" lon="-114.08092100">
<ele>0.000</ele>
</trkpt>
<trkpt lat="34.10997500" lon="-114.08070400">
<ele>0.000</ele>
</trkpt>
<trkpt lat="34.11008600" lon="-114.08032000">
<ele>0.000</ele>
</trkpt>
<trkpt lat="34.11013600" lon="-114.08005200">
<ele>0.000</ele>
</trkpt>
<trkpt lat="34.11014100" lon="-114.07959400">
<ele>0.000</ele>
</trkpt>
<trkpt lat="34.11012600" lon="-114.07943800">
<ele>0.000</ele>
</trkpt>
<trkpt lat="34.11011800" lon="-114.07911000">
<ele>0.000</ele>
</trkpt>
<trkpt lat="34.11016100" lon="-114.07876700">
<ele>0.000</ele>
</trkpt>
<trkpt lat="34.11026000" lon="-114.07824900">
<ele>0.000</ele>
</trkpt>
<trkpt lat="34.11033300" lon="-114.07772200">
<ele>0.000</ele>
</trkpt>
<trkpt lat="34.11036500" lon="-114.07742100">
<ele>0.000</ele>
</trkpt>
<trkpt lat="34.11039500" lon="-114.07672000">
<ele>0.000</ele>
</trkpt>
<trkpt lat="34.11040800" lon="-114.07555500">
<ele>0.000</ele>
</trkpt>
<trkpt lat="34.11043900" lon="-114.07497000">
<ele>0.000</ele>
</trkpt>
<trkpt lat="34.11044100" lon="-114.07477700">
<ele>0.000</ele>
</trkpt>
<trkpt lat="34.11040500" lon="-114.07441000">
<ele>0.000</ele>
</trkpt>
<trkpt lat="34.11030700" lon="-114.07386900">
<ele>0.000</ele>
</trkpt>
<trkpt lat="34.11017000" lon="-114.07288100">
<ele>0.000</ele>
</trkpt>
<trkpt lat="34.11001100" lon="-114.07192500">
<ele>0.000</ele>
</trkpt>
<trkpt lat="34.10997500" lon="-114.07177700">
<ele>0.000</ele>
</trkpt>
<trkpt lat="34.10992300" lon="-114.07163300">
<ele>0.000</ele>
</trkpt>
<trkpt lat="34.10985500" lon="-114.07150500">
<ele>0.000</ele>
</trkpt>
<trkpt lat="34.10969100" lon="-114.07130400">
<ele>0.000</ele>
</trkpt>
<trkpt lat="34.10947700" lon="-114.07113200">
<ele>0.000</ele>
</trkpt>
<trkpt lat="34.10937900" lon="-114.07102200">
<ele>0.000</ele>
</trkpt>
<trkpt lat="34.10929800" lon="-114.07089500">
<ele>0.000</ele>
</trkpt>
<trkpt lat="34.10916000" lon="-114.07061200">
<ele>0.000</ele>
</trkpt>
<trkpt lat="34.10881800" lon="-114.07003200">
<ele>0.000</ele>
</trkpt>
<trkpt lat="34.10840400" lon="-114.06921900">
<ele>0.000</ele>
</trkpt>
<trkpt lat="34.10795600" lon="-114.06837900">
<ele>0.000</ele>
</trkpt>
<trkpt lat="34.10759600" lon="-114.06766700">
<ele>0.000</ele>
</trkpt>
<trkpt lat="34.10735600" lon="-114.06711800">
<ele>0.000</ele>
</trkpt>
<trkpt lat="34.10712800" lon="-114.06670200">
<ele>0.000</ele>
</trkpt>
<trkpt lat="34.10700900" lon="-114.06653600">
<ele>0.000</ele>
</trkpt>
<trkpt lat="34.10659700" lon="-114.06615800">
<ele>0.000</ele>
</trkpt>
<trkpt lat="34.10644300" lon="-114.06596100">
<ele>0.000</ele>
</trkpt>
<trkpt lat="34.10574000" lon="-114.06489400">
<ele>0.000</ele>
</trkpt>
<trkpt lat="34.10553500" lon="-114.06450800">
<ele>0.000</ele>
</trkpt>
<trkpt lat="34.10531100" lon="-114.06391700">
<ele>0.000</ele>
</trkpt>
<trkpt lat="34.10515900" lon="-114.06346500">
<ele>0.000</ele>
</trkpt>
<trkpt lat="34.10510800" lon="-114.06310800">
<ele>0.000</ele>
</trkpt>
<trkpt lat="34.10505300" lon="-114.06210700">
<ele>0.000</ele>
</trkpt>
<trkpt lat="34.10504900" lon="-114.06146800">
<ele>0.000</ele>
</trkpt>
<trkpt lat="34.10503800" lon="-114.06126300">
<ele>0.000</ele>
</trkpt>
<trkpt lat="34.10504300" lon="-114.06107300">
<ele>0.000</ele>
</trkpt>
<trkpt lat="34.10512400" lon="-114.06092800">
<ele>0.000</ele>
</trkpt>
<trkpt lat="34.10516400" lon="-114.06075900">
<ele>0.000</ele>
</trkpt>
<trkpt lat="34.10533100" lon="-114.06022500">
<ele>0.000</ele>
</trkpt>
<trkpt lat="34.10536600" lon="-114.06004200">
<ele>0.000</ele>
</trkpt>
<trkpt lat="34.10542000" lon="-114.05952000">
<ele>0.000</ele>
</trkpt>
<trkpt lat="34.10542900" lon="-114.05936500">
<ele>0.000</ele>
</trkpt>
<trkpt lat="34.10542500" lon="-114.05900600">
<ele>0.000</ele>
</trkpt>
<trkpt lat="34.10546600" lon="-114.05842200">
<ele>0.000</ele>
</trkpt>
<trkpt lat="34.10564900" lon="-114.05734800">
<ele>0.000</ele>
</trkpt>
<trkpt lat="34.10569300" lon="-114.05715000">
<ele>0.000</ele>
</trkpt>
<trkpt lat="34.10581800" lon="-114.05675300">
<ele>0.000</ele>
</trkpt>
<trkpt lat="34.10625500" lon="-114.05569700">
<ele>0.000</ele>
</trkpt>
<trkpt lat="34.10629900" lon="-114.05554900">
<ele>0.000</ele>
</trkpt>
<trkpt lat="34.10628300" lon="-114.05550200">
<ele>0.000</ele>
</trkpt>
<trkpt lat="34.10625000" lon="-114.05490100">
<ele>0.000</ele>
</trkpt>
<trkpt lat="34.10626000" lon="-114.05447100">
<ele>0.000</ele>
</trkpt>
<trkpt lat="34.10624900" lon="-114.05413800">
<ele>0.000</ele>
</trkpt>
<trkpt lat="34.10624700" lon="-114.05335000">
<ele>0.000</ele>
</trkpt>
<trkpt lat="34.10617100" lon="-114.05292000">
<ele>0.000</ele>
</trkpt>
<trkpt lat="34.10602600" lon="-114.05225300">
<ele>0.000</ele>
</trkpt>
<trkpt lat="34.10597500" lon="-114.05208300">
<ele>0.000</ele>
</trkpt>
<trkpt lat="34.10574000" lon="-114.05136700">
<ele>0.000</ele>
</trkpt>
<trkpt lat="34.10545400" lon="-114.05067900">
<ele>0.000</ele>
</trkpt>
<trkpt lat="34.10532400" lon="-114.05032200">
<ele>0.000</ele>
</trkpt>
<trkpt lat="34.10528700" lon="-114.05017400">
<ele>0.000</ele>
</trkpt>
<trkpt lat="34.10535100" lon="-114.04985200">
<ele>0.000</ele>
</trkpt>
<trkpt lat="34.10538500" lon="-114.04975500">
<ele>0.000</ele>
</trkpt>
<trkpt lat="34.10552200" lon="-114.04944900">
<ele>0.000</ele>
</trkpt>
<trkpt lat="34.10555900" lon="-114.04921400">
<ele>0.000</ele>
</trkpt>
<trkpt lat="34.10556000" lon="-114.04901000">
<ele>0.000</ele>
</trkpt>
<trkpt lat="34.10550100" lon="-114.04862700">
<ele>0.000</ele>
</trkpt>
<trkpt lat="34.10541300" lon="-114.04834100">
<ele>0.000</ele>
</trkpt>
<trkpt lat="34.10523800" lon="-114.04789000">
<ele>0.000</ele>
</trkpt>
<trkpt lat="34.10508700" lon="-114.04757300">
<ele>0.000</ele>
</trkpt>
<trkpt lat="34.10490100" lon="-114.04727500">
<ele>0.000</ele>
</trkpt>
<trkpt lat="34.10469600" lon="-114.04697600">
<ele>0.000</ele>
</trkpt>
<trkpt lat="34.10440200" lon="-114.04650100">
<ele>0.000</ele>
</trkpt>
<trkpt lat="34.10413400" lon="-114.04598800">
<ele>0.000</ele>
</trkpt>
<trkpt lat="34.10407000" lon="-114.04582500">
<ele>0.000</ele>
</trkpt>
<trkpt lat="34.10402700" lon="-114.04566800">
<ele>0.000</ele>
</trkpt>
<trkpt lat="34.10399700" lon="-114.04550400">
<ele>0.000</ele>
</trkpt>
<trkpt lat="34.10398100" lon="-114.04534000">
<ele>0.000</ele>
</trkpt>
<trkpt lat="34.10398800" lon="-114.04517900">
<ele>0.000</ele>
</trkpt>
<trkpt lat="34.10401300" lon="-114.04503000">
<ele>0.000</ele>
</trkpt>
<trkpt lat="34.10411600" lon="-114.04475000">
<ele>0.000</ele>
</trkpt>
<trkpt lat="34.10415300" lon="-114.04461400">
<ele>0.000</ele>
</trkpt>
<trkpt lat="34.10417300" lon="-114.04449600">
<ele>0.000</ele>
</trkpt>
<trkpt lat="34.10419000" lon="-114.04420400">
<ele>0.000</ele>
</trkpt>
<trkpt lat="34.10418900" lon="-114.04333900">
<ele>0.000</ele>
</trkpt>
<trkpt lat="34.10417400" lon="-114.04320400">
<ele>0.000</ele>
</trkpt>
<trkpt lat="34.10414500" lon="-114.04308300">
<ele>0.000</ele>
</trkpt>
<trkpt lat="34.10404500" lon="-114.04280300">
<ele>0.000</ele>
</trkpt>
<trkpt lat="34.10395600" lon="-114.04248300">
<ele>0.000</ele>
</trkpt>
<trkpt lat="34.10390000" lon="-114.04213900">
<ele>0.000</ele>
</trkpt>
<trkpt lat="34.10388400" lon="-114.04177700">
<ele>0.000</ele>
</trkpt>
<trkpt lat="34.10389600" lon="-114.04104800">
<ele>0.000</ele>
</trkpt>
<trkpt lat="34.10388400" lon="-114.04073100">
<ele>0.000</ele>
</trkpt>
<trkpt lat="34.10383500" lon="-114.04044900">
<ele>0.000</ele>
</trkpt>
<trkpt lat="34.10373000" lon="-114.04016400">
<ele>0.000</ele>
</trkpt>
<trkpt lat="34.10360600" lon="-114.03986500">
<ele>0.000</ele>
</trkpt>
<trkpt lat="34.10337400" lon="-114.03943200">
<ele>0.000</ele>
</trkpt>
<trkpt lat="34.10328600" lon="-114.03930000">
<ele>0.000</ele>
</trkpt>
<trkpt lat="34.10307300" lon="-114.03905400">
<ele>0.000</ele>
</trkpt>
<trkpt lat="34.10275200" lon="-114.03865500">
<ele>0.000</ele>
</trkpt>
<trkpt lat="34.10251600" lon="-114.03845100">
<ele>0.000</ele>
</trkpt>
<trkpt lat="34.10215700" lon="-114.03817600">
<ele>0.000</ele>
</trkpt>
<trkpt lat="34.10194600" lon="-114.03798500">
<ele>0.000</ele>
</trkpt>
<trkpt lat="34.10185000" lon="-114.03787000">
<ele>0.000</ele>
</trkpt>
<trkpt lat="34.10176700" lon="-114.03774000">
<ele>0.000</ele>
</trkpt>
<trkpt lat="34.10170200" lon="-114.03759600">
<ele>0.000</ele>
</trkpt>
<trkpt lat="34.10165100" lon="-114.03744000">
<ele>0.000</ele>
</trkpt>
<trkpt lat="34.10161900" lon="-114.03727500">
<ele>0.000</ele>
</trkpt>
<trkpt lat="34.10158300" lon="-114.03694200">
<ele>0.000</ele>
</trkpt>
<trkpt lat="34.10152700" lon="-114.03661800">
<ele>0.000</ele>
</trkpt>
<trkpt lat="34.10136500" lon="-114.03593900">
<ele>0.000</ele>
</trkpt>
<trkpt lat="34.10129100" lon="-114.03558000">
<ele>0.000</ele>
</trkpt>
<trkpt lat="34.10110900" lon="-114.03427500">
<ele>0.000</ele>
</trkpt>
<trkpt lat="34.10085500" lon="-114.03289400">
<ele>0.000</ele>
</trkpt>
<trkpt lat="34.10079300" lon="-114.03248000">
<ele>0.000</ele>
</trkpt>
<trkpt lat="34.10074800" lon="-114.03207500">
<ele>0.000</ele>
</trkpt>
<trkpt lat="34.10066402" lon="-114.03158377">
<ele>0.000</ele>
</trkpt>
<trkpt lat="34.10064600" lon="-114.03123900">
<ele>0.000</ele>
</trkpt>
<trkpt lat="34.10069300" lon="-114.03048300">
<ele>0.000</ele>
</trkpt>
<trkpt lat="34.10072400" lon="-114.02938700">
<ele>0.000</ele>
</trkpt>
<trkpt lat="34.10070000" lon="-114.02801100">
<ele>0.000</ele>
</trkpt>
<trkpt lat="34.10056400" lon="-114.02719100">
<ele>0.000</ele>
</trkpt>
<trkpt lat="34.10056000" lon="-114.02701500">
<ele>0.000</ele>
</trkpt>
<trkpt lat="34.10060200" lon="-114.02666500">
<ele>0.000</ele>
</trkpt>
<trkpt lat="34.10060200" lon="-114.02633100">
<ele>0.000</ele>
</trkpt>
<trkpt lat="34.10051300" lon="-114.02568000">
<ele>0.000</ele>
</trkpt>
<trkpt lat="34.10049600" lon="-114.02535300">
<ele>0.000</ele>
</trkpt>
<trkpt lat="34.10049900" lon="-114.02519000">
<ele>0.000</ele>
</trkpt>
<trkpt lat="34.10048200" lon="-114.02473800">
<ele>0.000</ele>
</trkpt>
<trkpt lat="34.10044000" lon="-114.02444100">
<ele>0.000</ele>
</trkpt>
<trkpt lat="34.10036600" lon="-114.02413200">
<ele>0.000</ele>
</trkpt>
<trkpt lat="34.10027400" lon="-114.02381200">
<ele>0.000</ele>
</trkpt>
<trkpt lat="34.10020000" lon="-114.02349400">
<ele>0.000</ele>
</trkpt>
<trkpt lat="34.10017600" lon="-114.02317400">
<ele>0.000</ele>
</trkpt>
<trkpt lat="34.10017800" lon="-114.02271500">
<ele>0.000</ele>
</trkpt>
<trkpt lat="34.10001500" lon="-114.02189300">
<ele>0.000</ele>
</trkpt>
<trkpt lat="34.09996800" lon="-114.02154500">
<ele>0.000</ele>
</trkpt>
<trkpt lat="34.09995400" lon="-114.02120200">
<ele>0.000</ele>
</trkpt>
<trkpt lat="34.09997100" lon="-114.02087100">
<ele>0.000</ele>
</trkpt>
<trkpt lat="34.10000700" lon="-114.02052900">
<ele>0.000</ele>
</trkpt>
<trkpt lat="34.10006700" lon="-114.02017800">
<ele>0.000</ele>
</trkpt>
<trkpt lat="34.10014400" lon="-114.01981700">
<ele>0.000</ele>
</trkpt>
<trkpt lat="34.10029200" lon="-114.01927600">
<ele>0.000</ele>
</trkpt>
<trkpt lat="34.10053100" lon="-114.01860800">
<ele>0.000</ele>
</trkpt>
<trkpt lat="34.10074300" lon="-114.01812600">
<ele>0.000</ele>
</trkpt>
<trkpt lat="34.10080400" lon="-114.01796500">
<ele>0.000</ele>
</trkpt>
<trkpt lat="34.10094600" lon="-114.01744000">
<ele>0.000</ele>
</trkpt>
<trkpt lat="34.10118900" lon="-114.01664500">
<ele>0.000</ele>
</trkpt>
<trkpt lat="34.10121500" lon="-114.01649600">
<ele>0.000</ele>
</trkpt>
<trkpt lat="34.10124600" lon="-114.01620400">
<ele>0.000</ele>
</trkpt>
<trkpt lat="34.10127500" lon="-114.01607200">
<ele>0.000</ele>
</trkpt>
<trkpt lat="34.10132300" lon="-114.01595500">
<ele>0.000</ele>
</trkpt>
<trkpt lat="34.10145400" lon="-114.01571900">
<ele>0.000</ele>
</trkpt>
<trkpt lat="34.10151100" lon="-114.01559300">
<ele>0.000</ele>
</trkpt>
<trkpt lat="34.10154800" lon="-114.01545700">
<ele>0.000</ele>
</trkpt>
<trkpt lat="34.10156700" lon="-114.01532300">
<ele>0.000</ele>
</trkpt>
<trkpt lat="34.10157700" lon="-114.01503800">
<ele>0.000</ele>
</trkpt>
<trkpt lat="34.10157500" lon="-114.01438000">
<ele>0.000</ele>
</trkpt>
<trkpt lat="34.10153100" lon="-114.01326300">
<ele>0.000</ele>
</trkpt>
<trkpt lat="34.10152200" lon="-114.01254400">
<ele>0.000</ele>
</trkpt>
<trkpt lat="34.10150300" lon="-114.01238500">
<ele>0.000</ele>
</trkpt>
<trkpt lat="34.10147200" lon="-114.01223900">
<ele>0.000</ele>
</trkpt>
<trkpt lat="34.10128400" lon="-114.01152600">
<ele>0.000</ele>
</trkpt>
<trkpt lat="34.10122300" lon="-114.01123600">
<ele>0.000</ele>
</trkpt>
<trkpt lat="34.10117100" lon="-114.01092900">
<ele>0.000</ele>
</trkpt>
<trkpt lat="34.10111600" lon="-114.01051300">
<ele>0.000</ele>
</trkpt>
<trkpt lat="34.10108100" lon="-114.01006900">
<ele>0.000</ele>
</trkpt>
<trkpt lat="34.10108300" lon="-114.00977100">
<ele>0.000</ele>
</trkpt>
<trkpt lat="34.10111400" lon="-114.00948600">
<ele>0.000</ele>
</trkpt>
<trkpt lat="34.10118600" lon="-114.00922400">
<ele>0.000</ele>
</trkpt>
<trkpt lat="34.10126500" lon="-114.00884000">
<ele>0.000</ele>
</trkpt>
<trkpt lat="34.10133300" lon="-114.00869300">
<ele>0.000</ele>
</trkpt>
<trkpt lat="34.10138100" lon="-114.00864900">
<ele>0.000</ele>
</trkpt>
<trkpt lat="34.10145200" lon="-114.00862200">
<ele>0.000</ele>
</trkpt>
<trkpt lat="34.10154100" lon="-114.00861500">
<ele>0.000</ele>
</trkpt>
<trkpt lat="34.10164100" lon="-114.00863600">
<ele>0.000</ele>
</trkpt>
<trkpt lat="34.10175300" lon="-114.00867600">
<ele>0.000</ele>
</trkpt>
<trkpt lat="34.10199900" lon="-114.00878000">
<ele>0.000</ele>
</trkpt>
<trkpt lat="34.10299600" lon="-114.00929800">
<ele>0.000</ele>
</trkpt>
<trkpt lat="34.10573300" lon="-114.01080600">
<ele>0.000</ele>
</trkpt>
<trkpt lat="34.10956200" lon="-114.01371800">
<ele>0.000</ele>
</trkpt>
<trkpt lat="34.10988600" lon="-114.01397500">
<ele>0.000</ele>
</trkpt>
<trkpt lat="34.11022900" lon="-114.01432500">
<ele>0.000</ele>
</trkpt>
<trkpt lat="34.11030400" lon="-114.01437200">
<ele>0.000</ele>
</trkpt>
<trkpt lat="34.11038700" lon="-114.01435800">
<ele>0.000</ele>
</trkpt>
<trkpt lat="34.11043655" lon="-114.01429385">
<ele>0.000</ele>
</trkpt>
<trkpt lat="34.11046300" lon="-114.01423100">
<ele>0.000</ele>
</trkpt>
<trkpt lat="34.11085800" lon="-114.01350700">
<ele>0.000</ele>
</trkpt>
<trkpt lat="34.11086100" lon="-114.01343400">
<ele>0.000</ele>
</trkpt>
<trkpt lat="34.11085629" lon="-114.01326535">
<ele>0.000</ele>
</trkpt>
<trkpt lat="34.11083292" lon="-114.01308405">
<ele>0.000</ele>
</trkpt>
<trkpt lat="34.11076826" lon="-114.01294025">
<ele>0.000</ele>
</trkpt>
<trkpt lat="34.11061113" lon="-114.01277896">
<ele>0.000</ele>
</trkpt>
<trkpt lat="34.11031152" lon="-114.01255486">
<ele>0.000</ele>
</trkpt>
<trkpt lat="34.10999522" lon="-114.01233159">
<ele>0.000</ele>
</trkpt>
<trkpt lat="34.10955086" lon="-114.01195736">
<ele>0.000</ele>
</trkpt>
<trkpt lat="34.10886811" lon="-114.01144871">
<ele>0.000</ele>
</trkpt>
<trkpt lat="34.10842872" lon="-114.01109496">
<ele>0.000</ele>
</trkpt>
<trkpt lat="34.10797346" lon="-114.01077903">
<ele>0.000</ele>
</trkpt>
<trkpt lat="34.10726460" lon="-114.01020442">
<ele>0.000</ele>
</trkpt>
<trkpt lat="34.10655737" lon="-114.00967848">
<ele>0.000</ele>
</trkpt>
<trkpt lat="34.10589686" lon="-114.00917512">
<ele>0.000</ele>
</trkpt>
<trkpt lat="34.10571282" lon="-114.00902929">
<ele>0.000</ele>
</trkpt>
<trkpt lat="34.10539978" lon="-114.00880144">
<ele>0.000</ele>
</trkpt>
<trkpt lat="34.10518284" lon="-114.00863412">
<ele>0.000</ele>
</trkpt>
<trkpt lat="34.10465841" lon="-114.00821979">
<ele>0.000</ele>
</trkpt>
<trkpt lat="34.10443904" lon="-114.00810111">
<ele>0.000</ele>
</trkpt>
<trkpt lat="34.10387388" lon="-114.00790749">
<ele>0.000</ele>
</trkpt>
<trkpt lat="34.10346371" lon="-114.00776333">
<ele>0.000</ele>
</trkpt>
<trkpt lat="34.10310933" lon="-114.00763078">
<ele>0.000</ele>
</trkpt>
<trkpt lat="34.10257908" lon="-114.00746311">
<ele>0.000</ele>
</trkpt>
<trkpt lat="34.10224068" lon="-114.00734421">
<ele>0.000</ele>
</trkpt>
<trkpt lat="34.10200794" lon="-114.00725884">
<ele>0.000</ele>
</trkpt>
<trkpt lat="34.10195658" lon="-114.00722914">
<ele>0.000</ele>
</trkpt>
<trkpt lat="34.10190951" lon="-114.00718084">
<ele>0.000</ele>
</trkpt>
<trkpt lat="34.10183972" lon="-114.00708854">
<ele>0.000</ele>
</trkpt>
<trkpt lat="34.10177462" lon="-114.00702039">
<ele>0.000</ele>
</trkpt>
<trkpt lat="34.10165694" lon="-114.00691035">
<ele>0.000</ele>
</trkpt>
<trkpt lat="34.10151669" lon="-114.00681563">
<ele>0.000</ele>
</trkpt>
<trkpt lat="34.10134596" lon="-114.00672984">
<ele>0.000</ele>
</trkpt>
<trkpt lat="34.10115680" lon="-114.00663775">
<ele>0.000</ele>
</trkpt>
<trkpt lat="34.10101370" lon="-114.00659289">
<ele>0.000</ele>
</trkpt>
<trkpt lat="34.10085720" lon="-114.00650998">
<ele>0.000</ele>
</trkpt>
<trkpt lat="34.10075162" lon="-114.00638881">
<ele>0.000</ele>
</trkpt>
<trkpt lat="34.10070383" lon="-114.00628190">
<ele>0.000</ele>
</trkpt>
<trkpt lat="34.10068470" lon="-114.00618371">
<ele>0.000</ele>
</trkpt>
<trkpt lat="34.10061800" lon="-114.00587800">
<ele>0.000</ele>
</trkpt>
<trkpt lat="34.10054600" lon="-114.00544400">
<ele>0.000</ele>
</trkpt>
<trkpt lat="34.10046200" lon="-114.00503000">
<ele>0.000</ele>
</trkpt>
<trkpt lat="34.10025500" lon="-114.00411200">
<ele>0.000</ele>
</trkpt>
<trkpt lat="34.10020800" lon="-114.00386800">
<ele>0.000</ele>
</trkpt>
<trkpt lat="34.10017700" lon="-114.00362500">
<ele>0.000</ele>
</trkpt>
<trkpt lat="34.10016700" lon="-114.00342200">
<ele>0.000</ele>
</trkpt>
<trkpt lat="34.10018400" lon="-114.00298900">
<ele>0.000</ele>
</trkpt>
<trkpt lat="34.10023100" lon="-114.00265100">
<ele>0.000</ele>
</trkpt>
<trkpt lat="34.10028900" lon="-114.00236300">
<ele>0.000</ele>
</trkpt>
<trkpt lat="34.10035700" lon="-114.00215300">
<ele>0.000</ele>
</trkpt>
<trkpt lat="34.10048900" lon="-114.00183300">
<ele>0.000</ele>
</trkpt>
<trkpt lat="34.10077600" lon="-114.00121400">
<ele>0.000</ele>
</trkpt>
<trkpt lat="34.10084000" lon="-114.00104700">
<ele>0.000</ele>
</trkpt>
<trkpt lat="34.10104600" lon="-114.00026400">
<ele>0.000</ele>
</trkpt>
<trkpt lat="34.10111900" lon="-113.99987600">
<ele>0.000</ele>
</trkpt>
<trkpt lat="34.10113000" lon="-113.99969600">
<ele>0.000</ele>
</trkpt>
<trkpt lat="34.10112300" lon="-113.99951100">
<ele>0.000</ele>
</trkpt>
<trkpt lat="34.10109900" lon="-113.99932600">
<ele>0.000</ele>
</trkpt>
<trkpt lat="34.10102800" lon="-113.99894300">
<ele>0.000</ele>
</trkpt>
<trkpt lat="34.10100200" lon="-113.99875000">
<ele>0.000</ele>
</trkpt>
<trkpt lat="34.10099200" lon="-113.99855900">
<ele>0.000</ele>
</trkpt>
<trkpt lat="34.10099400" lon="-113.99836600">
<ele>0.000</ele>
</trkpt>
<trkpt lat="34.10100900" lon="-113.99817700">
<ele>0.000</ele>
</trkpt>
<trkpt lat="34.10106300" lon="-113.99780000">
<ele>0.000</ele>
</trkpt>
<trkpt lat="34.10112900" lon="-113.99699100">
<ele>0.000</ele>
</trkpt>
<trkpt lat="34.10114100" lon="-113.99656800">
<ele>0.000</ele>
</trkpt>
<trkpt lat="34.10115700" lon="-113.99636300">
<ele>0.000</ele>
</trkpt>
<trkpt lat="34.10115800" lon="-113.99614600">
<ele>0.000</ele>
</trkpt>
<trkpt lat="34.10113200" lon="-113.99549200">
<ele>0.000</ele>
</trkpt>
<trkpt lat="34.10106100" lon="-113.99457200">
<ele>0.000</ele>
</trkpt>
<trkpt lat="34.10104400" lon="-113.99413200">
<ele>0.000</ele>
</trkpt>
<trkpt lat="34.10108700" lon="-113.99370400">
<ele>0.000</ele>
</trkpt>
<trkpt lat="34.10114800" lon="-113.99329200">
<ele>0.000</ele>
</trkpt>
<trkpt lat="34.10138600" lon="-113.99201600">
<ele>0.000</ele>
</trkpt>
<trkpt lat="34.10151100" lon="-113.99114200">
<ele>0.000</ele>
</trkpt>
<trkpt lat="34.10154700" lon="-113.99077900">
<ele>0.000</ele>
</trkpt>
<trkpt lat="34.10157700" lon="-113.99059600">
<ele>0.000</ele>
</trkpt>
<trkpt lat="34.10161800" lon="-113.99041600">
<ele>0.000</ele>
</trkpt>
<trkpt lat="34.10166900" lon="-113.99026000">
<ele>0.000</ele>
</trkpt>
<trkpt lat="34.10182700" lon="-113.98997200">
<ele>0.000</ele>
</trkpt>
<trkpt lat="34.10192000" lon="-113.98983200">
<ele>0.000</ele>
</trkpt>
<trkpt lat="34.10217300" lon="-113.98933700">
<ele>0.000</ele>
</trkpt>
<trkpt lat="34.10240000" lon="-113.98892800">
<ele>0.000</ele>
</trkpt>
<trkpt lat="34.10259000" lon="-113.98865500">
<ele>0.000</ele>
</trkpt>
<trkpt lat="34.10281800" lon="-113.98836400">
<ele>0.000</ele>
</trkpt>
<trkpt lat="34.10327500" lon="-113.98773700">
<ele>0.000</ele>
</trkpt>
<trkpt lat="34.10350400" lon="-113.98739700">
<ele>0.000</ele>
</trkpt>
<trkpt lat="34.10448500" lon="-113.98576400">
<ele>0.000</ele>
</trkpt>
<trkpt lat="34.10459300" lon="-113.98554300">
<ele>0.000</ele>
</trkpt>
<trkpt lat="34.10462800" lon="-113.98544900">
<ele>0.000</ele>
</trkpt>
<trkpt lat="34.10467000" lon="-113.98524500">
<ele>0.000</ele>
</trkpt>
<trkpt lat="34.10466200" lon="-113.98513900">
<ele>0.000</ele>
</trkpt>
<trkpt lat="34.10463000" lon="-113.98503200">
<ele>0.000</ele>
</trkpt>
<trkpt lat="34.10444400" lon="-113.98471200">
<ele>0.000</ele>
</trkpt>
<trkpt lat="34.10438100" lon="-113.98457900">
<ele>0.000</ele>
</trkpt>
<trkpt lat="34.10432500" lon="-113.98442800">
<ele>0.000</ele>
</trkpt>
<trkpt lat="34.10427900" lon="-113.98426300">
<ele>0.000</ele>
</trkpt>
<trkpt lat="34.10420800" lon="-113.98389800">
<ele>0.000</ele>
</trkpt>
<trkpt lat="34.10415600" lon="-113.98350800">
<ele>0.000</ele>
</trkpt>
<trkpt lat="34.10414200" lon="-113.98330900">
<ele>0.000</ele>
</trkpt>
<trkpt lat="34.10414000" lon="-113.98312800">
<ele>0.000</ele>
</trkpt>
<trkpt lat="34.10417700" lon="-113.98259400">
<ele>0.000</ele>
</trkpt>
<trkpt lat="34.10417200" lon="-113.98242900">
<ele>0.000</ele>
</trkpt>
<trkpt lat="34.10412300" lon="-113.98209000">
<ele>0.000</ele>
</trkpt>
<trkpt lat="34.10410700" lon="-113.98190900">
<ele>0.000</ele>
</trkpt>
<trkpt lat="34.10412400" lon="-113.98174500">
<ele>0.000</ele>
</trkpt>
<trkpt lat="34.10415500" lon="-113.98165100">
<ele>0.000</ele>
</trkpt>
<trkpt lat="34.10421200" lon="-113.98155500">
<ele>0.000</ele>
</trkpt>
<trkpt lat="34.10428500" lon="-113.98145700">
<ele>0.000</ele>
</trkpt>
<trkpt lat="34.10437300" lon="-113.98136000">
<ele>0.000</ele>
</trkpt>
<trkpt lat="34.10466000" lon="-113.98106500">
<ele>0.000</ele>
</trkpt>
<trkpt lat="34.10474200" lon="-113.98095100">
<ele>0.000</ele>
</trkpt>
<trkpt lat="34.10480900" lon="-113.98081900">
<ele>0.000</ele>
</trkpt>
<trkpt lat="34.10492800" lon="-113.98051700">
<ele>0.000</ele>
</trkpt>
<trkpt lat="34.10523700" lon="-113.97985700">
<ele>0.000</ele>
</trkpt>
<trkpt lat="34.10553800" lon="-113.97913200">
<ele>0.000</ele>
</trkpt>
<trkpt lat="34.10565700" lon="-113.97876700">
<ele>0.000</ele>
</trkpt>
<trkpt lat="34.10569700" lon="-113.97859900">
<ele>0.000</ele>
</trkpt>
<trkpt lat="34.10572600" lon="-113.97842400">
<ele>0.000</ele>
</trkpt>
<trkpt lat="34.10572900" lon="-113.97826400">
<ele>0.000</ele>
</trkpt>
<trkpt lat="34.10569300" lon="-113.97775700">
<ele>0.000</ele>
</trkpt>
<trkpt lat="34.10567200" lon="-113.97758000">
<ele>0.000</ele>
</trkpt>
<trkpt lat="34.10563200" lon="-113.97740400">
<ele>0.000</ele>
</trkpt>
<trkpt lat="34.10549900" lon="-113.97705300">
<ele>0.000</ele>
</trkpt>
<trkpt lat="34.10537900" lon="-113.97667400">
<ele>0.000</ele>
</trkpt>
<trkpt lat="34.10534100" lon="-113.97647300">
<ele>0.000</ele>
</trkpt>
<trkpt lat="34.10532300" lon="-113.97626500">
<ele>0.000</ele>
</trkpt>
<trkpt lat="34.10532400" lon="-113.97605000">
<ele>0.000</ele>
</trkpt>
<trkpt lat="34.10533900" lon="-113.97583700">
<ele>0.000</ele>
</trkpt>
<trkpt lat="34.10539400" lon="-113.97541400">
<ele>0.000</ele>
</trkpt>
<trkpt lat="34.10544100" lon="-113.97521000">
<ele>0.000</ele>
</trkpt>
<trkpt lat="34.10557200" lon="-113.97474600">
<ele>0.000</ele>
</trkpt>
<trkpt lat="34.10557800" lon="-113.97468000">
<ele>0.000</ele>
</trkpt>
<trkpt lat="34.10556600" lon="-113.97445100">
<ele>0.000</ele>
</trkpt>
<trkpt lat="34.10552700" lon="-113.97409100">
<ele>0.000</ele>
</trkpt>
<trkpt lat="34.10551800" lon="-113.97377500">
<ele>0.000</ele>
</trkpt>
<trkpt lat="34.10555400" lon="-113.97302500">
<ele>0.000</ele>
</trkpt>
<trkpt lat="34.10557600" lon="-113.97282600">
<ele>0.000</ele>
</trkpt>
<trkpt lat="34.10561700" lon="-113.97263000">
<ele>0.000</ele>
</trkpt>
<trkpt lat="34.10566900" lon="-113.97244000">
<ele>0.000</ele>
</trkpt>
<trkpt lat="34.10591600" lon="-113.97171900">
<ele>0.000</ele>
</trkpt>
<trkpt lat="34.10599200" lon="-113.97156100">
<ele>0.000</ele>
</trkpt>
<trkpt lat="34.10643900" lon="-113.97076800">
<ele>0.000</ele>
</trkpt>
<trkpt lat="34.10667200" lon="-113.97039700">
<ele>0.000</ele>
</trkpt>
<trkpt lat="34.10679800" lon="-113.97015900">
<ele>0.000</ele>
</trkpt>
<trkpt lat="34.10701200" lon="-113.96969400">
<ele>0.000</ele>
</trkpt>
<trkpt lat="34.10707500" lon="-113.96953400">
<ele>0.000</ele>
</trkpt>
<trkpt lat="34.10726100" lon="-113.96897200">
<ele>0.000</ele>
</trkpt>
<trkpt lat="34.10736600" lon="-113.96853500">
<ele>0.000</ele>
</trkpt>
<trkpt lat="34.10745500" lon="-113.96806100">
<ele>0.000</ele>
</trkpt>
<trkpt lat="34.10761000" lon="-113.96741400">
<ele>0.000</ele>
</trkpt>
<trkpt lat="34.10784400" lon="-113.96654300">
<ele>0.000</ele>
</trkpt>
<trkpt lat="34.10817500" lon="-113.96544100">
<ele>0.000</ele>
</trkpt>
<trkpt lat="34.10850100" lon="-113.96404800">
<ele>0.000</ele>
</trkpt>
<trkpt lat="34.10858200" lon="-113.96363500">
<ele>0.000</ele>
</trkpt>
<trkpt lat="34.10869100" lon="-113.96298600">
<ele>0.000</ele>
</trkpt>
<trkpt lat="34.10878600" lon="-113.96206700">
<ele>0.000</ele>
</trkpt>
<trkpt lat="34.10880300" lon="-113.96161400">
<ele>0.000</ele>
</trkpt>
<trkpt lat="34.10879800" lon="-113.96128400">
<ele>0.000</ele>
</trkpt>
<trkpt lat="34.10876700" lon="-113.96102200">
<ele>0.000</ele>
</trkpt>
<trkpt lat="34.10869100" lon="-113.96077400">
<ele>0.000</ele>
</trkpt>
<trkpt lat="34.10800400" lon="-113.95934400">
<ele>0.000</ele>
</trkpt>
<trkpt lat="34.10766400" lon="-113.95860900">
<ele>0.000</ele>
</trkpt>
<trkpt lat="34.10706100" lon="-113.95737100">
<ele>0.000</ele>
</trkpt>
<trkpt lat="34.10670500" lon="-113.95656200">
<ele>0.000</ele>
</trkpt>
<trkpt lat="34.10649000" lon="-113.95611700">
<ele>0.000</ele>
</trkpt>
<trkpt lat="34.10627200" lon="-113.95569400">
<ele>0.000</ele>
</trkpt>
<trkpt lat="34.10604100" lon="-113.95527800">
<ele>0.000</ele>
</trkpt>
<trkpt lat="34.10572900" lon="-113.95477900">
<ele>0.000</ele>
</trkpt>
<trkpt lat="34.10553100" lon="-113.95438500">
<ele>0.000</ele>
</trkpt>
<trkpt lat="34.10475500" lon="-113.95277400">
<ele>0.000</ele>
</trkpt>
<trkpt lat="34.10459600" lon="-113.95241200">
<ele>0.000</ele>
</trkpt>
<trkpt lat="34.10428700" lon="-113.95176100">
<ele>0.000</ele>
</trkpt>
<trkpt lat="34.10387900" lon="-113.95086400">
<ele>0.000</ele>
</trkpt>
<trkpt lat="34.10334800" lon="-113.94977200">
<ele>0.000</ele>
</trkpt>
<trkpt lat="34.10309800" lon="-113.94922100">
<ele>0.000</ele>
</trkpt>
<trkpt lat="34.10287400" lon="-113.94878300">
<ele>0.000</ele>
</trkpt>
<trkpt lat="34.10157200" lon="-113.94598700">
<ele>0.000</ele>
</trkpt>
<trkpt lat="34.10136500" lon="-113.94557400">
<ele>0.000</ele>
</trkpt>
<trkpt lat="34.10116800" lon="-113.94513100">
<ele>0.000</ele>
</trkpt>
<trkpt lat="34.10067300" lon="-113.94376200">
<ele>0.000</ele>
</trkpt>
<trkpt lat="34.10059100" lon="-113.94355800">
<ele>0.000</ele>
</trkpt>
<trkpt lat="34.10004400" lon="-113.94241600">
<ele>0.000</ele>
</trkpt>
<trkpt lat="34.09978500" lon="-113.94183400">
<ele>0.000</ele>
</trkpt>
<trkpt lat="34.09853600" lon="-113.93919200">
<ele>0.000</ele>
</trkpt>
<trkpt lat="34.09808900" lon="-113.93827500">
<ele>0.000</ele>
</trkpt>
<trkpt lat="34.09767400" lon="-113.93737500">
<ele>0.000</ele>
</trkpt>
<trkpt lat="34.09745100" lon="-113.93686600">
<ele>0.000</ele>
</trkpt>
<trkpt lat="34.09733000" lon="-113.93664500">
<ele>0.000</ele>
</trkpt>
<trkpt lat="34.09724900" lon="-113.93645600">
<ele>0.000</ele>
</trkpt>
<trkpt lat="34.09715200" lon="-113.93628700">
<ele>0.000</ele>
</trkpt>
<trkpt lat="34.09713800" lon="-113.93623600">
<ele>0.000</ele>
</trkpt>
<trkpt lat="34.09691500" lon="-113.93577200">
<ele>0.000</ele>
</trkpt>
<trkpt lat="34.09670600" lon="-113.93529800">
<ele>0.000</ele>
</trkpt>
<trkpt lat="34.09648000" lon="-113.93483800">
<ele>0.000</ele>
</trkpt>
<trkpt lat="34.09631000" lon="-113.93460100">
<ele>0.000</ele>
</trkpt>
<trkpt lat="34.09624500" lon="-113.93453000">
<ele>0.000</ele>
</trkpt>
<trkpt lat="34.09605900" lon="-113.93438200">
<ele>0.000</ele>
</trkpt>
<trkpt lat="34.09581300" lon="-113.93424100">
<ele>0.000</ele>
</trkpt>
<trkpt lat="34.09536400" lon="-113.93404600">
<ele>0.000</ele>
</trkpt>
<trkpt lat="34.09506800" lon="-113.93386300">
<ele>0.000</ele>
</trkpt>
<trkpt lat="34.09491800" lon="-113.93375800">
<ele>0.000</ele>
</trkpt>
<trkpt lat="34.09429300" lon="-113.93325400">
<ele>0.000</ele>
</trkpt>
<trkpt lat="34.09379100" lon="-113.93288900">
<ele>0.000</ele>
</trkpt>
<trkpt lat="34.09368600" lon="-113.93276400">
<ele>0.000</ele>
</trkpt>
<trkpt lat="34.09364200" lon="-113.93269300">
<ele>0.000</ele>
</trkpt>
<trkpt lat="34.09360800" lon="-113.93259900">
<ele>0.000</ele>
</trkpt>
<trkpt lat="34.09358300" lon="-113.93237000">
<ele>0.000</ele>
</trkpt>
<trkpt lat="34.09360000" lon="-113.93087500">
<ele>0.000</ele>
</trkpt>
<trkpt lat="34.09364000" lon="-113.93073000">
<ele>0.000</ele>
</trkpt>
<trkpt lat="34.09372200" lon="-113.92975800">
<ele>0.000</ele>
</trkpt>
<trkpt lat="34.09370600" lon="-113.92942200">
<ele>0.000</ele>
</trkpt>
<trkpt lat="34.09363600" lon="-113.92910300">
<ele>0.000</ele>
</trkpt>
<trkpt lat="34.09358100" lon="-113.92894600">
<ele>0.000</ele>
</trkpt>
<trkpt lat="34.09329800" lon="-113.92838900">
<ele>0.000</ele>
</trkpt>
<trkpt lat="34.09293500" lon="-113.92758400">
<ele>0.000</ele>
</trkpt>
<trkpt lat="34.09286600" lon="-113.92745300">
<ele>0.000</ele>
</trkpt>
<trkpt lat="34.09276300" lon="-113.92729400">
<ele>0.000</ele>
</trkpt>
<trkpt lat="34.09266500" lon="-113.92716600">
<ele>0.000</ele>
</trkpt>
<trkpt lat="34.09261400" lon="-113.92710800">
<ele>0.000</ele>
</trkpt>
<trkpt lat="34.09245500" lon="-113.92696400">
<ele>0.000</ele>
</trkpt>
<trkpt lat="34.09222500" lon="-113.92679700">
<ele>0.000</ele>
</trkpt>
<trkpt lat="34.09160000" lon="-113.92644000">
<ele>0.000</ele>
</trkpt>
<trkpt lat="34.09115700" lon="-113.92617200">
<ele>0.000</ele>
</trkpt>
<trkpt lat="34.09111600" lon="-113.92613900">
<ele>0.000</ele>
</trkpt>
<trkpt lat="34.09106800" lon="-113.92607800">
<ele>0.000</ele>
</trkpt>
<trkpt lat="34.09102400" lon="-113.92599300">
<ele>0.000</ele>
</trkpt>
<trkpt lat="34.09100400" lon="-113.92587700">
<ele>0.000</ele>
</trkpt>
<trkpt lat="34.09103100" lon="-113.92574600">
<ele>0.000</ele>
</trkpt>
<trkpt lat="34.09107400" lon="-113.92560700">
<ele>0.000</ele>
</trkpt>
<trkpt lat="34.09110400" lon="-113.92546100">
<ele>0.000</ele>
</trkpt>
<trkpt lat="34.09112200" lon="-113.92530300">
<ele>0.000</ele>
</trkpt>
<trkpt lat="34.09116200" lon="-113.92516000">
<ele>0.000</ele>
</trkpt>
<trkpt lat="34.09142900" lon="-113.92467700">
<ele>0.000</ele>
</trkpt>
<trkpt lat="34.09143600" lon="-113.92444800">
<ele>0.000</ele>
</trkpt>
<trkpt lat="34.09141700" lon="-113.92435000">
<ele>0.000</ele>
</trkpt>
<trkpt lat="34.09136800" lon="-113.92423400">
<ele>0.000</ele>
</trkpt>
<trkpt lat="34.09114900" lon="-113.92384900">
<ele>0.000</ele>
</trkpt>
<trkpt lat="34.09063200" lon="-113.92282300">
<ele>0.000</ele>
</trkpt>
<trkpt lat="34.09041700" lon="-113.92227400">
<ele>0.000</ele>
</trkpt>
<trkpt lat="34.09056200" lon="-113.92265400">
<ele>0.000</ele>
</trkpt>
<trkpt lat="34.09037400" lon="-113.92217700">
<ele>0.000</ele>
</trkpt>
<trkpt lat="34.09023700" lon="-113.92189600">
<ele>0.000</ele>
</trkpt>
<trkpt lat="34.09000700" lon="-113.92136900">
<ele>0.000</ele>
</trkpt>
<trkpt lat="34.08961500" lon="-113.92054400">
<ele>0.000</ele>
</trkpt>
<trkpt lat="34.08928700" lon="-113.91990000">
<ele>0.000</ele>
</trkpt>
<trkpt lat="34.08917700" lon="-113.91963900">
<ele>0.000</ele>
</trkpt>
<trkpt lat="34.08885200" lon="-113.91898100">
<ele>0.000</ele>
</trkpt>
<trkpt lat="34.08857500" lon="-113.91838800">
<ele>0.000</ele>
</trkpt>
<trkpt lat="34.08840100" lon="-113.91796700">
<ele>0.000</ele>
</trkpt>
<trkpt lat="34.08802400" lon="-113.91720800">
<ele>0.000</ele>
</trkpt>
<trkpt lat="34.08767400" lon="-113.91647200">
<ele>0.000</ele>
</trkpt>
<trkpt lat="34.08726200" lon="-113.91555000">
<ele>0.000</ele>
</trkpt>
<trkpt lat="34.08712000" lon="-113.91532900">
<ele>0.000</ele>
</trkpt>
<trkpt lat="34.08705100" lon="-113.91524900">
<ele>0.000</ele>
</trkpt>
<trkpt lat="34.08687100" lon="-113.91506900">
<ele>0.000</ele>
</trkpt>
<trkpt lat="34.08671700" lon="-113.91493100">
<ele>0.000</ele>
</trkpt>
<trkpt lat="34.08663400" lon="-113.91484000">
<ele>0.000</ele>
</trkpt>
<trkpt lat="34.08659000" lon="-113.91477800">
<ele>0.000</ele>
</trkpt>
<trkpt lat="34.08654800" lon="-113.91468300">
<ele>0.000</ele>
</trkpt>
<trkpt lat="34.08652200" lon="-113.91456100">
<ele>0.000</ele>
</trkpt>
<trkpt lat="34.08652300" lon="-113.91442200">
<ele>0.000</ele>
</trkpt>
<trkpt lat="34.08659300" lon="-113.91390400">
<ele>0.000</ele>
</trkpt>
<trkpt lat="34.08660300" lon="-113.91371300">
<ele>0.000</ele>
</trkpt>
<trkpt lat="34.08660500" lon="-113.91330400">
<ele>0.000</ele>
</trkpt>
<trkpt lat="34.08656900" lon="-113.91278200">
<ele>0.000</ele>
</trkpt>
<trkpt lat="34.08659000" lon="-113.91263500">
<ele>0.000</ele>
</trkpt>
<trkpt lat="34.08663700" lon="-113.91246200">
<ele>0.000</ele>
</trkpt>
<trkpt lat="34.08678000" lon="-113.91209900">
<ele>0.000</ele>
</trkpt>
<trkpt lat="34.08681500" lon="-113.91194000">
<ele>0.000</ele>
</trkpt>
<trkpt lat="34.08681000" lon="-113.91178700">
<ele>0.000</ele>
</trkpt>
<trkpt lat="34.08678900" lon="-113.91163100">
<ele>0.000</ele>
</trkpt>
<trkpt lat="34.08674400" lon="-113.91149200">
<ele>0.000</ele>
</trkpt>
<trkpt lat="34.08651100" lon="-113.91103700">
<ele>0.000</ele>
</trkpt>
<trkpt lat="34.08641400" lon="-113.91087500">
<ele>0.000</ele>
</trkpt>
<trkpt lat="34.08618200" lon="-113.91056300">
<ele>0.000</ele>
</trkpt>
<trkpt lat="34.08594400" lon="-113.91028100">
<ele>0.000</ele>
</trkpt>
<trkpt lat="34.08584700" lon="-113.91013200">
<ele>0.000</ele>
</trkpt>
<trkpt lat="34.08562800" lon="-113.90984400">
<ele>0.000</ele>
</trkpt>
<trkpt lat="34.08550800" lon="-113.90972400">
<ele>0.000</ele>
</trkpt>
<trkpt lat="34.08524300" lon="-113.90951700">
<ele>0.000</ele>
</trkpt>
<trkpt lat="34.08487100" lon="-113.90929100">
<ele>0.000</ele>
</trkpt>
<trkpt lat="34.08459800" lon="-113.90915800">
<ele>0.000</ele>
</trkpt>
<trkpt lat="34.08410200" lon="-113.90901300">
<ele>0.000</ele>
</trkpt>
<trkpt lat="34.08375300" lon="-113.90889500">
<ele>0.000</ele>
</trkpt>
<trkpt lat="34.08359300" lon="-113.90882300">
<ele>0.000</ele>
</trkpt>
<trkpt lat="34.08333900" lon="-113.90869000">
<ele>0.000</ele>
</trkpt>
<trkpt lat="34.08323000" lon="-113.90861100">
<ele>0.000</ele>
</trkpt>
<trkpt lat="34.08312900" lon="-113.90851100">
<ele>0.000</ele>
</trkpt>
<trkpt lat="34.08307800" lon="-113.90843800">
<ele>0.000</ele>
</trkpt>
<trkpt lat="34.08301500" lon="-113.90830300">
<ele>0.000</ele>
</trkpt>
<trkpt lat="34.08300400" lon="-113.90820700">
<ele>0.000</ele>
</trkpt>
<trkpt lat="34.08302800" lon="-113.90795800">
<ele>0.000</ele>
</trkpt>
<trkpt lat="34.08311500" lon="-113.90749100">
<ele>0.000</ele>
</trkpt>
<trkpt lat="34.08313200" lon="-113.90731000">
<ele>0.000</ele>
</trkpt>
<trkpt lat="34.08313800" lon="-113.90692400">
<ele>0.000</ele>
</trkpt>
<trkpt lat="34.08316100" lon="-113.90678700">
<ele>0.000</ele>
</trkpt>
<trkpt lat="34.08320700" lon="-113.90665300">
<ele>0.000</ele>
</trkpt>
<trkpt lat="34.08334100" lon="-113.90636900">
<ele>0.000</ele>
</trkpt>
<trkpt lat="34.08342700" lon="-113.90606200">
<ele>0.000</ele>
</trkpt>
<trkpt lat="34.08346400" lon="-113.90589300">
<ele>0.000</ele>
</trkpt>
<trkpt lat="34.08348400" lon="-113.90571500">
<ele>0.000</ele>
</trkpt>
<trkpt lat="34.08348100" lon="-113.90552600">
<ele>0.000</ele>
</trkpt>
<trkpt lat="34.08345600" lon="-113.90533200">
<ele>0.000</ele>
</trkpt>
<trkpt lat="34.08337900" lon="-113.90499200">
<ele>0.000</ele>
</trkpt>
<trkpt lat="34.08332200" lon="-113.90485900">
<ele>0.000</ele>
</trkpt>
<trkpt lat="34.08323100" lon="-113.90475300">
<ele>0.000</ele>
</trkpt>
<trkpt lat="34.08297700" lon="-113.90460200">
<ele>0.000</ele>
</trkpt>
<trkpt lat="34.08287400" lon="-113.90450900">
<ele>0.000</ele>
</trkpt>
<trkpt lat="34.08271200" lon="-113.90427200">
<ele>0.000</ele>
</trkpt>
<trkpt lat="34.08242200" lon="-113.90380700">
<ele>0.000</ele>
</trkpt>
<trkpt lat="34.08223900" lon="-113.90348000">
<ele>0.000</ele>
</trkpt>
<trkpt lat="34.08197300" lon="-113.90280700">
<ele>0.000</ele>
</trkpt>
<trkpt lat="34.08172100" lon="-113.90222500">
<ele>0.000</ele>
</trkpt>
<trkpt lat="34.08163300" lon="-113.90204500">
<ele>0.000</ele>
</trkpt>
<trkpt lat="34.08151800" lon="-113.90185200">
<ele>0.000</ele>
</trkpt>
<trkpt lat="34.08140000" lon="-113.90169200">
<ele>0.000</ele>
</trkpt>
<trkpt lat="34.08127600" lon="-113.90157500">
<ele>0.000</ele>
</trkpt>
<trkpt lat="34.08113300" lon="-113.90145900">
<ele>0.000</ele>
</trkpt>
<trkpt lat="34.08100100" lon="-113.90131700">
<ele>0.000</ele>
</trkpt>
<trkpt lat="34.08092000" lon="-113.90118300">
<ele>0.000</ele>
</trkpt>
<trkpt lat="34.08080200" lon="-113.90086900">
<ele>0.000</ele>
</trkpt>
<trkpt lat="34.08075300" lon="-113.90072100">
<ele>0.000</ele>
</trkpt>
<trkpt lat="34.08072500" lon="-113.90055000">
<ele>0.000</ele>
</trkpt>
<trkpt lat="34.08073000" lon="-113.90037300">
<ele>0.000</ele>
</trkpt>
<trkpt lat="34.08078900" lon="-113.90000700">
<ele>0.000</ele>
</trkpt>
<trkpt lat="34.08094400" lon="-113.89940800">
<ele>0.000</ele>
</trkpt>
<trkpt lat="34.08100700" lon="-113.89910100">
<ele>0.000</ele>
</trkpt>
<trkpt lat="34.08104800" lon="-113.89876400">
<ele>0.000</ele>
</trkpt>
<trkpt lat="34.08104700" lon="-113.89860600">
<ele>0.000</ele>
</trkpt>
<trkpt lat="34.08100800" lon="-113.89828800">
<ele>0.000</ele>
</trkpt>
<trkpt lat="34.08093200" lon="-113.89796500">
<ele>0.000</ele>
</trkpt>
<trkpt lat="34.08080000" lon="-113.89753000">
<ele>0.000</ele>
</trkpt>
<trkpt lat="34.08066400" lon="-113.89722000">
<ele>0.000</ele>
</trkpt>
<trkpt lat="34.08057300" lon="-113.89704400">
<ele>0.000</ele>
</trkpt>
<trkpt lat="34.08038800" lon="-113.89674000">
<ele>0.000</ele>
</trkpt>
<trkpt lat="34.08013200" lon="-113.89639700">
<ele>0.000</ele>
</trkpt>
<trkpt lat="34.07988400" lon="-113.89603100">
<ele>0.000</ele>
</trkpt>
<trkpt lat="34.07976200" lon="-113.89582700">
<ele>0.000</ele>
</trkpt>
<trkpt lat="34.07959100" lon="-113.89547400">
<ele>0.000</ele>
</trkpt>
<trkpt lat="34.07945700" lon="-113.89510000">
<ele>0.000</ele>
</trkpt>
<trkpt lat="34.07938800" lon="-113.89487700">
<ele>0.000</ele>
</trkpt>
<trkpt lat="34.07927800" lon="-113.89464300">
<ele>0.000</ele>
</trkpt>
<trkpt lat="34.07912200" lon="-113.89443400">
<ele>0.000</ele>
</trkpt>
<trkpt lat="34.07870900" lon="-113.89399500">
<ele>0.000</ele>
</trkpt>
<trkpt lat="34.07819700" lon="-113.89353100">
<ele>0.000</ele>
</trkpt>
<trkpt lat="34.07810900" lon="-113.89343000">
<ele>0.000</ele>
</trkpt>
<trkpt lat="34.07803000" lon="-113.89331400">
<ele>0.000</ele>
</trkpt>
<trkpt lat="34.07795900" lon="-113.89318200">
<ele>0.000</ele>
</trkpt>
<trkpt lat="34.07698800" lon="-113.89075300">
<ele>0.000</ele>
</trkpt>
<trkpt lat="34.07671700" lon="-113.89010900">
<ele>0.000</ele>
</trkpt>
<trkpt lat="34.07659700" lon="-113.88978500">
<ele>0.000</ele>
</trkpt>
<trkpt lat="34.07610600" lon="-113.88856300">
<ele>0.000</ele>
</trkpt>
<trkpt lat="34.07584800" lon="-113.88785000">
<ele>0.000</ele>
</trkpt>
<trkpt lat="34.07577300" lon="-113.88773300">
<ele>0.000</ele>
</trkpt>
<trkpt lat="34.07572100" lon="-113.88768800">
<ele>0.000</ele>
</trkpt>
<trkpt lat="34.07565800" lon="-113.88766700">
<ele>0.000</ele>
</trkpt>
<trkpt lat="34.07558400" lon="-113.88768800">
<ele>0.000</ele>
</trkpt>
<trkpt lat="34.07525900" lon="-113.88773500">
<ele>0.000</ele>
</trkpt>
<trkpt lat="34.07510242" lon="-113.88773290">
<ele>0.000</ele>
</trkpt>
<trkpt lat="34.07496700" lon="-113.88772500">
<ele>0.000</ele>
</trkpt>
<trkpt lat="34.07463900" lon="-113.88768300">
<ele>0.000</ele>
</trkpt>
<trkpt lat="34.07421931" lon="-113.88760036">
<ele>0.000</ele>
</trkpt>
<trkpt lat="34.07354350" lon="-113.88750188">
<ele>0.000</ele>
</trkpt>
<trkpt lat="34.07232600" lon="-113.88721600">
<ele>0.000</ele>
</trkpt>
<trkpt lat="34.07221100" lon="-113.88717000">
<ele>0.000</ele>
</trkpt>
<trkpt lat="34.07201900" lon="-113.88713000">
<ele>0.000</ele>
</trkpt>
<trkpt lat="34.07195900" lon="-113.88713300">
<ele>0.000</ele>
</trkpt>
<trkpt lat="34.07161700" lon="-113.88706400">
<ele>0.000</ele>
</trkpt>
<trkpt lat="34.07138200" lon="-113.88703100">
<ele>0.000</ele>
</trkpt>
<trkpt lat="34.07118600" lon="-113.88701600">
<ele>0.000</ele>
</trkpt>
<trkpt lat="34.07100669" lon="-113.88702915">
<ele>0.000</ele>
</trkpt>
<trkpt lat="34.07081400" lon="-113.88708400">
<ele>0.000</ele>
</trkpt>
<trkpt lat="34.07063000" lon="-113.88722000">
<ele>0.000</ele>
</trkpt>
<trkpt lat="34.07038700" lon="-113.88746000">
<ele>0.000</ele>
</trkpt>
<trkpt lat="34.07016600" lon="-113.88770300">
<ele>0.000</ele>
</trkpt>
<trkpt lat="34.07003100" lon="-113.88783500">
<ele>0.000</ele>
</trkpt>
<trkpt lat="34.06995687" lon="-113.88789074">
<ele>0.000</ele>
</trkpt>
<trkpt lat="34.06988037" lon="-113.88794632">
<ele>0.000</ele>
</trkpt>
<trkpt lat="34.06979726" lon="-113.88798971">
<ele>0.000</ele>
</trkpt>
<trkpt lat="34.06971496" lon="-113.88804887">
<ele>0.000</ele>
</trkpt>
<trkpt lat="34.06928593" lon="-113.88836778">
<ele>0.000</ele>
</trkpt>
<trkpt lat="34.06909584" lon="-113.88853157">
<ele>0.000</ele>
</trkpt>
<trkpt lat="34.06868831" lon="-113.88895538">
<ele>0.000</ele>
</trkpt>
<trkpt lat="34.06840475" lon="-113.88924936">
<ele>0.000</ele>
</trkpt>
<trkpt lat="34.06824374" lon="-113.88939694">
<ele>0.000</ele>
</trkpt>
<trkpt lat="34.06808892" lon="-113.88948800">
<ele>0.000</ele>
</trkpt>
<trkpt lat="34.06779446" lon="-113.88976940">
<ele>0.000</ele>
</trkpt>
<trkpt lat="34.06735928" lon="-113.89023799">
<ele>0.000</ele>
</trkpt>
<trkpt lat="34.06687624" lon="-113.89073436">
<ele>0.000</ele>
</trkpt>
<trkpt lat="34.06670651" lon="-113.89089247">
<ele>0.000</ele>
</trkpt>
<trkpt lat="34.06657313" lon="-113.89106120">
<ele>0.000</ele>
</trkpt>
<trkpt lat="34.06638234" lon="-113.89127494">
<ele>0.000</ele>
</trkpt>
<trkpt lat="34.06616009" lon="-113.89154021">
<ele>0.000</ele>
</trkpt>
<trkpt lat="34.06581341" lon="-113.89188594">
<ele>0.000</ele>
</trkpt>
<trkpt lat="34.06549703" lon="-113.89216353">
<ele>0.000</ele>
</trkpt>
<trkpt lat="34.06510151" lon="-113.89242497">
<ele>0.000</ele>
</trkpt>
<trkpt lat="34.06489640" lon="-113.89255087">
<ele>0.000</ele>
</trkpt>
<trkpt lat="34.06467208" lon="-113.89265831">
<ele>0.000</ele>
</trkpt>
<trkpt lat="34.06434527" lon="-113.89280938">
<ele>0.000</ele>
</trkpt>
<trkpt lat="34.06407121" lon="-113.89293232">
<ele>0.000</ele>
</trkpt>
<trkpt lat="34.06385558" lon="-113.89301843">
<ele>0.000</ele>
</trkpt>
<trkpt lat="34.06366115" lon="-113.89310703">
<ele>0.000</ele>
</trkpt>
<trkpt lat="34.06342550" lon="-113.89312767">
<ele>0.000</ele>
</trkpt>
<trkpt lat="34.06322200" lon="-113.89309700">
<ele>0.000</ele>
</trkpt>
<trkpt lat="34.06294400" lon="-113.89302700">
<ele>0.000</ele>
</trkpt>
<trkpt lat="34.06282000" lon="-113.89300600">
<ele>0.000</ele>
</trkpt>
<trkpt lat="34.06270386" lon="-113.89301996">
<ele>0.000</ele>
</trkpt>
<trkpt lat="34.06264068" lon="-113.89306367">
<ele>0.000</ele>
</trkpt>
<trkpt lat="34.06245100" lon="-113.89316400">
<ele>0.000</ele>
</trkpt>
<trkpt lat="34.06235300" lon="-113.89318300">
<ele>0.000</ele>
</trkpt>
<trkpt lat="34.06224300" lon="-113.89316100">
<ele>0.000</ele>
</trkpt>
<trkpt lat="34.06213200" lon="-113.89315900">
<ele>0.000</ele>
</trkpt>
<trkpt lat="34.06176800" lon="-113.89324500">
<ele>0.000</ele>
</trkpt>
<trkpt lat="34.06163700" lon="-113.89329000">
<ele>0.000</ele>
</trkpt>
<trkpt lat="34.06134000" lon="-113.89342000">
<ele>0.000</ele>
</trkpt>
<trkpt lat="34.06099700" lon="-113.89360500">
<ele>0.000</ele>
</trkpt>
<trkpt lat="34.06065600" lon="-113.89383600">
<ele>0.000</ele>
</trkpt>
<trkpt lat="34.06015700" lon="-113.89424200">
<ele>0.000</ele>
</trkpt>
<trkpt lat="34.05938400" lon="-113.89475600">
<ele>0.000</ele>
</trkpt>
<trkpt lat="34.05919800" lon="-113.89486000">
<ele>0.000</ele>
</trkpt>
<trkpt lat="34.05900700" lon="-113.89494100">
<ele>0.000</ele>
</trkpt>
<trkpt lat="34.05880700" lon="-113.89500900">
<ele>0.000</ele>
</trkpt>
<trkpt lat="34.05839400" lon="-113.89512700">
<ele>0.000</ele>
</trkpt>
<trkpt lat="34.05762400" lon="-113.89537500">
<ele>0.000</ele>
</trkpt>
<trkpt lat="34.05749000" lon="-113.89539200">
<ele>0.000</ele>
</trkpt>
<trkpt lat="34.05726200" lon="-113.89538300">
<ele>0.000</ele>
</trkpt>
<trkpt lat="34.05715000" lon="-113.89541700">
<ele>0.000</ele>
</trkpt>
<trkpt lat="34.05699100" lon="-113.89544800">
<ele>0.000</ele>
</trkpt>
<trkpt lat="34.05684500" lon="-113.89550200">
<ele>0.000</ele>
</trkpt>
<trkpt lat="34.05669900" lon="-113.89553200">
<ele>0.000</ele>
</trkpt>
<trkpt lat="34.05621900" lon="-113.89574800">
<ele>0.000</ele>
</trkpt>
<trkpt lat="34.05590600" lon="-113.89595000">
<ele>0.000</ele>
</trkpt>
<trkpt lat="34.05576900" lon="-113.89605800">
<ele>0.000</ele>
</trkpt>
<trkpt lat="34.05561800" lon="-113.89615600">
<ele>0.000</ele>
</trkpt>
<trkpt lat="34.05545000" lon="-113.89629200">
<ele>0.000</ele>
</trkpt>
<trkpt lat="34.05517600" lon="-113.89661100">
<ele>0.000</ele>
</trkpt>
<trkpt lat="34.05505300" lon="-113.89679300">
<ele>0.000</ele>
</trkpt>
<trkpt lat="34.05471400" lon="-113.89738600">
<ele>0.000</ele>
</trkpt>
<trkpt lat="34.05454500" lon="-113.89779200">
<ele>0.000</ele>
</trkpt>
<trkpt lat="34.05435700" lon="-113.89832500">
<ele>0.000</ele>
</trkpt>
<trkpt lat="34.05429400" lon="-113.89843400">
<ele>0.000</ele>
</trkpt>
<trkpt lat="34.05412000" lon="-113.89862800">
<ele>0.000</ele>
</trkpt>
<trkpt lat="34.05386800" lon="-113.89877700">
<ele>0.000</ele>
</trkpt>
<trkpt lat="34.05375500" lon="-113.89889600">
<ele>0.000</ele>
</trkpt>
<trkpt lat="34.05354600" lon="-113.89921300">
<ele>0.000</ele>
</trkpt>
<trkpt lat="34.05347100" lon="-113.89936600">
<ele>0.000</ele>
</trkpt>
<trkpt lat="34.05334400" lon="-113.89958200">
<ele>0.000</ele>
</trkpt>
<trkpt lat="34.05306100" lon="-113.90016200">
<ele>0.000</ele>
</trkpt>
<trkpt lat="34.05279100" lon="-113.90086200">
<ele>0.000</ele>
</trkpt>
<trkpt lat="34.05270500" lon="-113.90104500">
<ele>0.000</ele>
</trkpt>
<trkpt lat="34.05260300" lon="-113.90120800">
<ele>0.000</ele>
</trkpt>
<trkpt lat="34.05236300" lon="-113.90155100">
<ele>0.000</ele>
</trkpt>
<trkpt lat="34.05208100" lon="-113.90200500">
<ele>0.000</ele>
</trkpt>
<trkpt lat="34.05185700" lon="-113.90233000">
<ele>0.000</ele>
</trkpt>
<trkpt lat="34.05138427" lon="-113.90288159">
<ele>0.000</ele>
</trkpt>
<trkpt lat="34.05061735" lon="-113.90361343">
<ele>0.000</ele>
</trkpt>
<trkpt lat="34.04992587" lon="-113.90423618">
<ele>0.000</ele>
</trkpt>
<trkpt lat="34.04943053" lon="-113.90471643">
<ele>0.000</ele>
</trkpt>
<trkpt lat="34.04920631" lon="-113.90492602">
<ele>0.000</ele>
</trkpt>
<trkpt lat="34.04903344" lon="-113.90506066">
<ele>0.000</ele>
</trkpt>
<trkpt lat="34.04883158" lon="-113.90517180">
<ele>0.000</ele>
</trkpt>
<trkpt lat="34.04791743" lon="-113.90558175">
<ele>0.000</ele>
</trkpt>
<trkpt lat="34.04758826" lon="-113.90573171">
<ele>0.000</ele>
</trkpt>
<trkpt lat="34.04709043" lon="-113.90591518">
<ele>0.000</ele>
</trkpt>
<trkpt lat="34.04679034" lon="-113.90603654">
<ele>0.000</ele>
</trkpt>
<trkpt lat="34.04626263" lon="-113.90629654">
<ele>0.000</ele>
</trkpt>
<trkpt lat="34.04582644" lon="-113.90645883">
<ele>0.000</ele>
</trkpt>
<trkpt lat="34.04535888" lon="-113.90663784">
<ele>0.000</ele>
</trkpt>
<trkpt lat="34.04508029" lon="-113.90678273">
<ele>0.000</ele>
</trkpt>
<trkpt lat="34.04475782" lon="-113.90690067">
<ele>0.000</ele>
</trkpt>
<trkpt lat="34.04453785" lon="-113.90690234">
<ele>0.000</ele>
</trkpt>
<trkpt lat="34.04432408" lon="-113.90692934">
<ele>0.000</ele>
</trkpt>
<trkpt lat="34.04390008" lon="-113.90710783">
<ele>0.000</ele>
</trkpt>
<trkpt lat="34.04341502" lon="-113.90736053">
<ele>0.000</ele>
</trkpt>
<trkpt lat="34.04306925" lon="-113.90757485">
<ele>0.000</ele>
</trkpt>
<trkpt lat="34.04264843" lon="-113.90787774">
<ele>0.000</ele>
</trkpt>
<trkpt lat="34.04224780" lon="-113.90824370">
<ele>0.000</ele>
</trkpt>
<trkpt lat="34.04200480" lon="-113.90849559">
<ele>0.000</ele>
</trkpt>
<trkpt lat="34.04147366" lon="-113.90898183">
<ele>0.000</ele>
</trkpt>
<trkpt lat="34.04109715" lon="-113.90932950">
<ele>0.000</ele>
</trkpt>
<trkpt lat="34.04070508" lon="-113.90974092">
<ele>0.000</ele>
</trkpt>
<trkpt lat="34.04018714" lon="-113.91031588">
<ele>0.000</ele>
</trkpt>
<trkpt lat="34.03970490" lon="-113.91082201">
<ele>0.000</ele>
</trkpt>
<trkpt lat="34.03910451" lon="-113.91151764">
<ele>0.000</ele>
</trkpt>
<trkpt lat="34.03872239" lon="-113.91196046">
<ele>0.000</ele>
</trkpt>
<trkpt lat="34.03821955" lon="-113.91247962">
<ele>0.000</ele>
</trkpt>
<trkpt lat="34.03779616" lon="-113.91288076">
<ele>0.000</ele>
</trkpt>
<trkpt lat="34.03749582" lon="-113.91318057">
<ele>0.000</ele>
</trkpt>
<trkpt lat="34.03726592" lon="-113.91339037">
<ele>0.000</ele>
</trkpt>
<trkpt lat="34.03674521" lon="-113.91386831">
<ele>0.000</ele>
</trkpt>
<trkpt lat="34.03633966" lon="-113.91426805">
<ele>0.000</ele>
</trkpt>
<trkpt lat="34.03586066" lon="-113.91471004">
<ele>0.000</ele>
</trkpt>
<trkpt lat="34.03554583" lon="-113.91506292">
<ele>0.000</ele>
</trkpt>
<trkpt lat="34.03511413" lon="-113.91554233">
<ele>0.000</ele>
</trkpt>
<trkpt lat="34.03464588" lon="-113.91598245">
<ele>0.000</ele>
</trkpt>
<trkpt lat="34.03421358" lon="-113.91632765">
<ele>0.000</ele>
</trkpt>
<trkpt lat="34.03373658" lon="-113.91663502">
<ele>0.000</ele>
</trkpt>
<trkpt lat="34.03374153" lon="-113.91663585">
<ele>0.000</ele>
</trkpt>
<trkpt lat="34.03309674" lon="-113.91700049">
<ele>0.000</ele>
</trkpt>
<trkpt lat="34.03280874" lon="-113.91720620">
<ele>0.000</ele>
</trkpt>
<trkpt lat="34.03263736" lon="-113.91749237">
<ele>0.000</ele>
</trkpt>
<trkpt lat="34.03249775" lon="-113.91773732">
<ele>0.000</ele>
</trkpt>
<trkpt lat="34.03230837" lon="-113.91806850">
<ele>0.000</ele>
</trkpt>
<trkpt lat="34.03219200" lon="-113.91824206">
<ele>0.000</ele>
</trkpt>
<trkpt lat="34.03149005" lon="-113.91881283">
<ele>0.000</ele>
</trkpt>
<trkpt lat="34.03115050" lon="-113.91917607">
<ele>0.000</ele>
</trkpt>
<trkpt lat="34.03082039" lon="-113.91933604">
<ele>0.000</ele>
</trkpt>
<trkpt lat="34.03051654" lon="-113.91955483">
<ele>0.000</ele>
</trkpt>
<trkpt lat="34.03004715" lon="-113.91994116">
<ele>0.000</ele>
</trkpt>
<trkpt lat="34.02957456" lon="-113.92044073">
<ele>0.000</ele>
</trkpt>
<trkpt lat="34.02940309" lon="-113.92063332">
<ele>0.000</ele>
</trkpt>
<trkpt lat="34.02928355" lon="-113.92084602">
<ele>0.000</ele>
</trkpt>
<trkpt lat="34.02880508" lon="-113.92162282">
<ele>0.000</ele>
</trkpt>
<trkpt lat="34.02829362" lon="-113.92258302">
<ele>0.000</ele>
</trkpt>
<trkpt lat="34.02793494" lon="-113.92323323">
<ele>0.000</ele>
</trkpt>
<trkpt lat="34.02764834" lon="-113.92356284">
<ele>0.000</ele>
</trkpt>
<trkpt lat="34.02722977" lon="-113.92398077">
<ele>0.000</ele>
</trkpt>
<trkpt lat="34.02616841" lon="-113.92496751">
<ele>0.000</ele>
</trkpt>
<trkpt lat="34.02575300" lon="-113.92545200">
<ele>0.000</ele>
</trkpt>
<trkpt lat="34.02518400" lon="-113.92603300">
<ele>0.000</ele>
</trkpt>
<trkpt lat="34.02477900" lon="-113.92642600">
<ele>0.000</ele>
</trkpt>
<trkpt lat="34.02455700" lon="-113.92667700">
<ele>0.000</ele>
</trkpt>
<trkpt lat="34.02435400" lon="-113.92693900">
<ele>0.000</ele>
</trkpt>
<trkpt lat="34.02407000" lon="-113.92739300">
<ele>0.000</ele>
</trkpt>
<trkpt lat="34.02396300" lon="-113.92753700">
<ele>0.000</ele>
</trkpt>
<trkpt lat="34.02383900" lon="-113.92768200">
<ele>0.000</ele>
</trkpt>
<trkpt lat="34.02344700" lon="-113.92808000">
<ele>0.000</ele>
</trkpt>
<trkpt lat="34.02335100" lon="-113.92819900">
<ele>0.000</ele>
</trkpt>
<trkpt lat="34.02305900" lon="-113.92861900">
<ele>0.000</ele>
</trkpt>
<trkpt lat="34.02296000" lon="-113.92879400">
<ele>0.000</ele>
</trkpt>
<trkpt lat="34.02231500" lon="-113.93016700">
<ele>0.000</ele>
</trkpt>
<trkpt lat="34.02169400" lon="-113.93115600">
<ele>0.000</ele>
</trkpt>
<trkpt lat="34.02162600" lon="-113.93129900">
<ele>0.000</ele>
</trkpt>
<trkpt lat="34.02135900" lon="-113.93196200">
<ele>0.000</ele>
</trkpt>
<trkpt lat="34.02108300" lon="-113.93234900">
<ele>0.000</ele>
</trkpt>
<trkpt lat="34.02069700" lon="-113.93295100">
<ele>0.000</ele>
</trkpt>
<trkpt lat="34.02060600" lon="-113.93311800">
<ele>0.000</ele>
</trkpt>
<trkpt lat="34.02038400" lon="-113.93334400">
<ele>0.000</ele>
</trkpt>
<trkpt lat="34.01981000" lon="-113.93367500">
<ele>0.000</ele>
</trkpt>
<trkpt lat="34.01967500" lon="-113.93373200">
<ele>0.000</ele>
</trkpt>
<trkpt lat="34.01953700" lon="-113.93375300">
<ele>0.000</ele>
</trkpt>
<trkpt lat="34.01923100" lon="-113.93375000">
<ele>0.000</ele>
</trkpt>
<trkpt lat="34.01905100" lon="-113.93377700">
<ele>0.000</ele>
</trkpt>
<trkpt lat="34.01890600" lon="-113.93382500">
<ele>0.000</ele>
</trkpt>
<trkpt lat="34.01871800" lon="-113.93394200">
<ele>0.000</ele>
</trkpt>
<trkpt lat="34.01859800" lon="-113.93398600">
<ele>0.000</ele>
</trkpt>
<trkpt lat="34.01847600" lon="-113.93404600">
<ele>0.000</ele>
</trkpt>
<trkpt lat="34.01831733" lon="-113.93413086">
<ele>0.000</ele>
</trkpt>
<trkpt lat="34.01823100" lon="-113.93418500">
<ele>0.000</ele>
</trkpt>
<trkpt lat="34.01799500" lon="-113.93434100">
<ele>0.000</ele>
</trkpt>
<trkpt lat="34.01788600" lon="-113.93442600">
<ele>0.000</ele>
</trkpt>
<trkpt lat="34.01776600" lon="-113.93459200">
<ele>0.000</ele>
</trkpt>
<trkpt lat="34.01764100" lon="-113.93483400">
<ele>0.000</ele>
</trkpt>
<trkpt lat="34.01760200" lon="-113.93493000">
<ele>0.000</ele>
</trkpt>
<trkpt lat="34.01750400" lon="-113.93530600">
<ele>0.000</ele>
</trkpt>
<trkpt lat="34.01747100" lon="-113.93548900">
<ele>0.000</ele>
</trkpt>
<trkpt lat="34.01744600" lon="-113.93574100">
<ele>0.000</ele>
</trkpt>
<trkpt lat="34.01734600" lon="-113.93687600">
<ele>0.000</ele>
</trkpt>
<trkpt lat="34.01731700" lon="-113.93738200">
<ele>0.000</ele>
</trkpt>
<trkpt lat="34.01732000" lon="-113.93759000">
<ele>0.000</ele>
</trkpt>
<trkpt lat="34.01733700" lon="-113.93781200">
<ele>0.000</ele>
</trkpt>
<trkpt lat="34.01770800" lon="-113.94034700">
<ele>0.000</ele>
</trkpt>
<trkpt lat="34.01774600" lon="-113.94057100">
<ele>0.000</ele>
</trkpt>
<trkpt lat="34.01779400" lon="-113.94077400">
<ele>0.000</ele>
</trkpt>
<trkpt lat="34.01781900" lon="-113.94098300">
<ele>0.000</ele>
</trkpt>
<trkpt lat="34.01784800" lon="-113.94167200">
<ele>0.000</ele>
</trkpt>
<trkpt lat="34.01783300" lon="-113.94193900">
<ele>0.000</ele>
</trkpt>
<trkpt lat="34.01780427" lon="-113.94203758">
<ele>0.000</ele>
</trkpt>
<trkpt lat="34.01775800" lon="-113.94216600">
<ele>0.000</ele>
</trkpt>
<trkpt lat="34.01713816" lon="-113.94275327">
<ele>0.000</ele>
</trkpt>
<trkpt lat="34.01700138" lon="-113.94279269">
<ele>0.000</ele>
</trkpt>
<trkpt lat="34.01668506" lon="-113.94273948">
<ele>0.000</ele>
</trkpt>
<trkpt lat="34.01637700" lon="-113.94263400">
<ele>0.000</ele>
</trkpt>
<trkpt lat="34.01619900" lon="-113.94256200">
<ele>0.000</ele>
</trkpt>
<trkpt lat="34.01603700" lon="-113.94252600">
<ele>0.000</ele>
</trkpt>
<trkpt lat="34.01588300" lon="-113.94252100">
<ele>0.000</ele>
</trkpt>
<trkpt lat="34.01574300" lon="-113.94254800">
<ele>0.000</ele>
</trkpt>
<trkpt lat="34.01559700" lon="-113.94260200">
<ele>0.000</ele>
</trkpt>
<trkpt lat="34.01543800" lon="-113.94268400">
<ele>0.000</ele>
</trkpt>
<trkpt lat="34.01493300" lon="-113.94298800">
<ele>0.000</ele>
</trkpt>
<trkpt lat="34.01464600" lon="-113.94314900">
<ele>0.000</ele>
</trkpt>
<trkpt lat="34.01438000" lon="-113.94333400">
<ele>0.000</ele>
</trkpt>
<trkpt lat="34.01426400" lon="-113.94345800">
<ele>0.000</ele>
</trkpt>
<trkpt lat="34.01417100" lon="-113.94360000">
<ele>0.000</ele>
</trkpt>
<trkpt lat="34.01384939" lon="-113.94405876">
<ele>0.000</ele>
</trkpt>
<trkpt lat="34.01373124" lon="-113.94429250">
<ele>0.000</ele>
</trkpt>
<trkpt lat="34.01332516" lon="-113.94491120">
<ele>0.000</ele>
</trkpt>
<trkpt lat="34.01261789" lon="-113.94603636">
<ele>0.000</ele>
</trkpt>
<trkpt lat="34.01192755" lon="-113.94733942">
<ele>0.000</ele>
</trkpt>
<trkpt lat="34.01117799" lon="-113.94878038">
<ele>0.000</ele>
</trkpt>
<trkpt lat="34.01039699" lon="-113.95014074">
<ele>0.000</ele>
</trkpt>
<trkpt lat="34.00977969" lon="-113.95113322">
<ele>0.000</ele>
</trkpt>
<trkpt lat="34.00951964" lon="-113.95140325">
<ele>0.000</ele>
</trkpt>
<trkpt lat="34.00910759" lon="-113.95186956">
<ele>0.000</ele>
</trkpt>
<trkpt lat="34.00876921" lon="-113.95235409">
<ele>0.000</ele>
</trkpt>
<trkpt lat="34.00848404" lon="-113.95282779">
<ele>0.000</ele>
</trkpt>
<trkpt lat="34.00825383" lon="-113.95330700">
<ele>0.000</ele>
</trkpt>
<trkpt lat="34.00806752" lon="-113.95381348">
<ele>0.000</ele>
</trkpt>
<trkpt lat="34.00791381" lon="-113.95411393">
<ele>0.000</ele>
</trkpt>
<trkpt lat="34.00770940" lon="-113.95437238">
<ele>0.000</ele>
</trkpt>
<trkpt lat="34.00742237" lon="-113.95477126">
<ele>0.000</ele>
</trkpt>
<trkpt lat="34.00710029" lon="-113.95513751">
<ele>0.000</ele>
</trkpt>
<trkpt lat="34.00678369" lon="-113.95543224">
<ele>0.000</ele>
</trkpt>
<trkpt lat="34.00659820" lon="-113.95564309">
<ele>0.000</ele>
</trkpt>
<trkpt lat="34.00620201" lon="-113.95655558">
<ele>0.000</ele>
</trkpt>
<trkpt lat="34.00583275" lon="-113.95735265">
<ele>0.000</ele>
</trkpt>
<trkpt lat="34.00551241" lon="-113.95802914">
<ele>0.000</ele>
</trkpt>
<trkpt lat="34.00551922" lon="-113.95801931">
<ele>0.000</ele>
</trkpt>
<trkpt lat="34.00552605" lon="-113.95800548">
<ele>0.000</ele>
</trkpt>
<trkpt lat="34.00530979" lon="-113.95843280">
<ele>0.000</ele>
</trkpt>
<trkpt lat="34.00517483" lon="-113.95891305">
<ele>0.000</ele>
</trkpt>
<trkpt lat="34.00509430" lon="-113.95939690">
<ele>0.000</ele>
</trkpt>
<trkpt lat="34.00506516" lon="-113.95965486">
<ele>0.000</ele>
</trkpt>
<trkpt lat="34.00503652" lon="-113.95987510">
<ele>0.000</ele>
</trkpt>
<trkpt lat="34.00499211" lon="-113.96012597">
<ele>0.000</ele>
</trkpt>
<trkpt lat="34.00484663" lon="-113.96067465">
<ele>0.000</ele>
</trkpt>
<trkpt lat="34.00460723" lon="-113.96139329">
<ele>0.000</ele>
</trkpt>
<trkpt lat="34.00422900" lon="-113.96224700">
<ele>0.000</ele>
</trkpt>
<trkpt lat="34.00413600" lon="-113.96242600">
<ele>0.000</ele>
</trkpt>
<trkpt lat="34.00383800" lon="-113.96293000">
<ele>0.000</ele>
</trkpt>
<trkpt lat="34.00372300" lon="-113.96309600">
<ele>0.000</ele>
</trkpt>
<trkpt lat="34.00362200" lon="-113.96326400">
<ele>0.000</ele>
</trkpt>
<trkpt lat="34.00266700" lon="-113.96494800">
<ele>0.000</ele>
</trkpt>
<trkpt lat="34.00247700" lon="-113.96530400">
<ele>0.000</ele>
</trkpt>
<trkpt lat="34.00240900" lon="-113.96540900">
<ele>0.000</ele>
</trkpt>
<trkpt lat="34.00222600" lon="-113.96573600">
<ele>0.000</ele>
</trkpt>
<trkpt lat="34.00150700" lon="-113.96686700">
<ele>0.000</ele>
</trkpt>
<trkpt lat="34.00135500" lon="-113.96708100">
<ele>0.000</ele>
</trkpt>
<trkpt lat="34.00109700" lon="-113.96738600">
<ele>0.000</ele>
</trkpt>
<trkpt lat="34.00037700" lon="-113.96805300">
<ele>0.000</ele>
</trkpt>
<trkpt lat="34.00024300" lon="-113.96818500">
<ele>0.000</ele>
</trkpt>
<trkpt lat="34.00011300" lon="-113.96833200">
<ele>0.000</ele>
</trkpt>
<trkpt lat="33.99985000" lon="-113.96864500">
<ele>0.000</ele>
</trkpt>
<trkpt lat="33.99910400" lon="-113.96957900">
<ele>0.000</ele>
</trkpt>
<trkpt lat="33.99890600" lon="-113.96985200">
<ele>0.000</ele>
</trkpt>
<trkpt lat="33.99881900" lon="-113.96999500">
<ele>0.000</ele>
</trkpt>
<trkpt lat="33.99868700" lon="-113.97028100">
<ele>0.000</ele>
</trkpt>
<trkpt lat="33.99857400" lon="-113.97060200">
<ele>0.000</ele>
</trkpt>
<trkpt lat="33.99846600" lon="-113.97103200">
<ele>0.000</ele>
</trkpt>
<trkpt lat="33.99840300" lon="-113.97135400">
<ele>0.000</ele>
</trkpt>
<trkpt lat="33.99829900" lon="-113.97207500">
<ele>0.000</ele>
</trkpt>
<trkpt lat="33.99819500" lon="-113.97260700">
<ele>0.000</ele>
</trkpt>
<trkpt lat="33.99809106" lon="-113.97304119">
<ele>0.000</ele>
</trkpt>
<trkpt lat="33.99778865" lon="-113.97380884">
<ele>0.000</ele>
</trkpt>
<trkpt lat="33.99758514" lon="-113.97424687">
<ele>0.000</ele>
</trkpt>
<trkpt lat="33.99749962" lon="-113.97450844">
<ele>0.000</ele>
</trkpt>
<trkpt lat="33.99742591" lon="-113.97466175">
<ele>0.000</ele>
</trkpt>
<trkpt lat="33.99732999" lon="-113.97486155">
<ele>0.000</ele>
</trkpt>
<trkpt lat="33.99713215" lon="-113.97527840">
<ele>0.000</ele>
</trkpt>
<trkpt lat="33.99683821" lon="-113.97568621">
<ele>0.000</ele>
</trkpt>
<trkpt lat="33.99671544" lon="-113.97586438">
<ele>0.000</ele>
</trkpt>
<trkpt lat="33.99652884" lon="-113.97609167">
<ele>0.000</ele>
</trkpt>
<trkpt lat="33.99610004" lon="-113.97667905">
<ele>0.000</ele>
</trkpt>
<trkpt lat="33.99569248" lon="-113.97724824">
<ele>0.000</ele>
</trkpt>
<trkpt lat="33.99505290" lon="-113.97790874">
<ele>0.000</ele>
</trkpt>
<trkpt lat="33.99446698" lon="-113.97849991">
<ele>0.000</ele>
</trkpt>
<trkpt lat="33.99395943" lon="-113.97900230">
<ele>0.000</ele>
</trkpt>
<trkpt lat="33.99322632" lon="-113.97980216">
<ele>0.000</ele>
</trkpt>
<trkpt lat="33.99239315" lon="-113.98066148">
<ele>0.000</ele>
</trkpt>
<trkpt lat="33.99182619" lon="-113.98125717">
<ele>0.000</ele>
</trkpt>
<trkpt lat="33.99156488" lon="-113.98153648">
<ele>0.000</ele>
</trkpt>
<trkpt lat="33.99140337" lon="-113.98169343">
<ele>0.000</ele>
</trkpt>
<trkpt lat="33.99122362" lon="-113.98187949">
<ele>0.000</ele>
</trkpt>
<trkpt lat="33.99092701" lon="-113.98216916">
<ele>0.000</ele>
</trkpt>
<trkpt lat="33.99043900" lon="-113.98276600">
<ele>0.000</ele>
</trkpt>
<trkpt lat="33.99032200" lon="-113.98294100">
<ele>0.000</ele>
</trkpt>
<trkpt lat="33.99022500" lon="-113.98312600">
<ele>0.000</ele>
</trkpt>
<trkpt lat="33.98998200" lon="-113.98377900">
<ele>0.000</ele>
</trkpt>
<trkpt lat="33.98990500" lon="-113.98393100">
<ele>0.000</ele>
</trkpt>
<trkpt lat="33.98981700" lon="-113.98405800">
<ele>0.000</ele>
</trkpt>
<trkpt lat="33.98971700" lon="-113.98417300">
<ele>0.000</ele>
</trkpt>
<trkpt lat="33.98947500" lon="-113.98434600">
<ele>0.000</ele>
</trkpt>
<trkpt lat="33.98891400" lon="-113.98462100">
<ele>0.000</ele>
</trkpt>
<trkpt lat="33.98847600" lon="-113.98488700">
<ele>0.000</ele>
</trkpt>
<trkpt lat="33.98804800" lon="-113.98524500">
<ele>0.000</ele>
</trkpt>
<trkpt lat="33.98775100" lon="-113.98551800">
<ele>0.000</ele>
</trkpt>
<trkpt lat="33.98746900" lon="-113.98579800">
<ele>0.000</ele>
</trkpt>
<trkpt lat="33.98698900" lon="-113.98637500">
<ele>0.000</ele>
</trkpt>
<trkpt lat="33.98688300" lon="-113.98648600">
<ele>0.000</ele>
</trkpt>
<trkpt lat="33.98677800" lon="-113.98657600">
<ele>0.000</ele>
</trkpt>
<trkpt lat="33.98653500" lon="-113.98674800">
<ele>0.000</ele>
</trkpt>
<trkpt lat="33.98625100" lon="-113.98691500">
<ele>0.000</ele>
</trkpt>
<trkpt lat="33.98587200" lon="-113.98715700">
<ele>0.000</ele>
</trkpt>
<trkpt lat="33.98467700" lon="-113.98786800">
<ele>0.000</ele>
</trkpt>
<trkpt lat="33.98450700" lon="-113.98793900">
<ele>0.000</ele>
</trkpt>
<trkpt lat="33.98395100" lon="-113.98811400">
<ele>0.000</ele>
</trkpt>
<trkpt lat="33.98338100" lon="-113.98831100">
<ele>0.000</ele>
</trkpt>
<trkpt lat="33.98321200" lon="-113.98833400">
<ele>0.000</ele>
</trkpt>
<trkpt lat="33.98208600" lon="-113.98827800">
<ele>0.000</ele>
</trkpt>
<trkpt lat="33.98190400" lon="-113.98830200">
<ele>0.000</ele>
</trkpt>
<trkpt lat="33.98172300" lon="-113.98833900">
<ele>0.000</ele>
</trkpt>
<trkpt lat="33.98153900" lon="-113.98835400">
<ele>0.000</ele>
</trkpt>
<trkpt lat="33.98126000" lon="-113.98835200">
<ele>0.000</ele>
</trkpt>
<trkpt lat="33.98097300" lon="-113.98839400">
<ele>0.000</ele>
</trkpt>
<trkpt lat="33.98082400" lon="-113.98843700">
<ele>0.000</ele>
</trkpt>
<trkpt lat="33.98067700" lon="-113.98849300">
<ele>0.000</ele>
</trkpt>
<trkpt lat="33.98052600" lon="-113.98857400">
<ele>0.000</ele>
</trkpt>
<trkpt lat="33.97969900" lon="-113.98907200">
<ele>0.000</ele>
</trkpt>
<trkpt lat="33.97952400" lon="-113.98917000">
<ele>0.000</ele>
</trkpt>
<trkpt lat="33.97916100" lon="-113.98934500">
<ele>0.000</ele>
</trkpt>
<trkpt lat="33.97901400" lon="-113.98943300">
<ele>0.000</ele>
</trkpt>
<trkpt lat="33.97888200" lon="-113.98953200">
<ele>0.000</ele>
</trkpt>
<trkpt lat="33.97875800" lon="-113.98964600">
<ele>0.000</ele>
</trkpt>
<trkpt lat="33.97865500" lon="-113.98978400">
<ele>0.000</ele>
</trkpt>
<trkpt lat="33.97837100" lon="-113.99029300">
<ele>0.000</ele>
</trkpt>
<trkpt lat="33.97814100" lon="-113.99068100">
<ele>0.000</ele>
</trkpt>
<trkpt lat="33.97760600" lon="-113.99148600">
<ele>0.000</ele>
</trkpt>
<trkpt lat="33.97706900" lon="-113.99239500">
<ele>0.000</ele>
</trkpt>
<trkpt lat="33.97691600" lon="-113.99260500">
<ele>0.000</ele>
</trkpt>
<trkpt lat="33.97675400" lon="-113.99280500">
<ele>0.000</ele>
</trkpt>
<trkpt lat="33.97658000" lon="-113.99299400">
<ele>0.000</ele>
</trkpt>
<trkpt lat="33.97621100" lon="-113.99334100">
<ele>0.000</ele>
</trkpt>
<trkpt lat="33.97605500" lon="-113.99350200">
<ele>0.000</ele>
</trkpt>
<trkpt lat="33.97592200" lon="-113.99366300">
<ele>0.000</ele>
</trkpt>
<trkpt lat="33.97569000" lon="-113.99402300">
<ele>0.000</ele>
</trkpt>
<trkpt lat="33.97549100" lon="-113.99442600">
<ele>0.000</ele>
</trkpt>
<trkpt lat="33.97539200" lon="-113.99458200">
<ele>0.000</ele>
</trkpt>
<trkpt lat="33.97529000" lon="-113.99468400">
<ele>0.000</ele>
</trkpt>
<trkpt lat="33.97520600" lon="-113.99473900">
<ele>0.000</ele>
</trkpt>
<trkpt lat="33.97470700" lon="-113.99487000">
<ele>0.000</ele>
</trkpt>
<trkpt lat="33.97454700" lon="-113.99492700">
<ele>0.000</ele>
</trkpt>
<trkpt lat="33.97439500" lon="-113.99499600">
<ele>0.000</ele>
</trkpt>
<trkpt lat="33.97426100" lon="-113.99507000">
<ele>0.000</ele>
</trkpt>
<trkpt lat="33.97400100" lon="-113.99527600">
<ele>0.000</ele>
</trkpt>
<trkpt lat="33.97355000" lon="-113.99560200">
<ele>0.000</ele>
</trkpt>
<trkpt lat="33.97344500" lon="-113.99570800">
<ele>0.000</ele>
</trkpt>
<trkpt lat="33.97336300" lon="-113.99583900">
<ele>0.000</ele>
</trkpt>
<trkpt lat="33.97328000" lon="-113.99600600">
<ele>0.000</ele>
</trkpt>
<trkpt lat="33.97318200" lon="-113.99617500">
<ele>0.000</ele>
</trkpt>
<trkpt lat="33.97309000" lon="-113.99626300">
<ele>0.000</ele>
</trkpt>
<trkpt lat="33.97298300" lon="-113.99633100">
<ele>0.000</ele>
</trkpt>
<trkpt lat="33.97286600" lon="-113.99642600">
<ele>0.000</ele>
</trkpt>
<trkpt lat="33.97275800" lon="-113.99655000">
<ele>0.000</ele>
</trkpt>
<trkpt lat="33.97260300" lon="-113.99685700">
<ele>0.000</ele>
</trkpt>
<trkpt lat="33.97236900" lon="-113.99716600">
<ele>0.000</ele>
</trkpt>
<trkpt lat="33.97206200" lon="-113.99743800">
<ele>0.000</ele>
</trkpt>
<trkpt lat="33.97191900" lon="-113.99759200">
<ele>0.000</ele>
</trkpt>
<trkpt lat="33.97168400" lon="-113.99795200">
<ele>0.000</ele>
</trkpt>
<trkpt lat="33.97155200" lon="-113.99812500">
<ele>0.000</ele>
</trkpt>
<trkpt lat="33.97141600" lon="-113.99825500">
<ele>0.000</ele>
</trkpt>
<trkpt lat="33.97126400" lon="-113.99837300">
<ele>0.000</ele>
</trkpt>
<trkpt lat="33.97092000" lon="-113.99860800">
<ele>0.000</ele>
</trkpt>
<trkpt lat="33.97058300" lon="-113.99878700">
<ele>0.000</ele>
</trkpt>
<trkpt lat="33.97045600" lon="-113.99881900">
<ele>0.000</ele>
</trkpt>
<trkpt lat="33.97031600" lon="-113.99881300">
<ele>0.000</ele>
</trkpt>
<trkpt lat="33.96978100" lon="-113.99885400">
<ele>0.000</ele>
</trkpt>
<trkpt lat="33.96960000" lon="-113.99884200">
<ele>0.000</ele>
</trkpt>
<trkpt lat="33.96924100" lon="-113.99876300">
<ele>0.000</ele>
</trkpt>
<trkpt lat="33.96914600" lon="-113.99870200">
<ele>0.000</ele>
</trkpt>
<trkpt lat="33.96893000" lon="-113.99851500">
<ele>0.000</ele>
</trkpt>
<trkpt lat="33.96879800" lon="-113.99841600">
<ele>0.000</ele>
</trkpt>
<trkpt lat="33.96854800" lon="-113.99824500">
<ele>0.000</ele>
</trkpt>
<trkpt lat="33.96834500" lon="-113.99812400">
<ele>0.000</ele>
</trkpt>
<trkpt lat="33.96803600" lon="-113.99796300">
<ele>0.000</ele>
</trkpt>
<trkpt lat="33.96764200" lon="-113.99779600">
<ele>0.000</ele>
</trkpt>
<trkpt lat="33.96757900" lon="-113.99777300">
<ele>0.000</ele>
</trkpt>
<trkpt lat="33.96732800" lon="-113.99771900">
<ele>0.000</ele>
</trkpt>
<trkpt lat="33.96645600" lon="-113.99761900">
<ele>0.000</ele>
</trkpt>
<trkpt lat="33.96642514" lon="-113.99762193">
<ele>0.000</ele>
</trkpt>
<trkpt lat="33.96622211" lon="-113.99761243">
<ele>0.000</ele>
</trkpt>
<trkpt lat="33.96614800" lon="-113.99761600">
<ele>0.000</ele>
</trkpt>
<trkpt lat="33.96551000" lon="-113.99764700">
<ele>0.000</ele>
</trkpt>
<trkpt lat="33.96518552" lon="-113.99763345">
<ele>0.000</ele>
</trkpt>
<trkpt lat="33.96488845" lon="-113.99763650">
<ele>0.000</ele>
</trkpt>
<trkpt lat="33.96469226" lon="-113.99754774">
<ele>0.000</ele>
</trkpt>
<trkpt lat="33.96461251" lon="-113.99742773">
<ele>0.000</ele>
</trkpt>
<trkpt lat="33.96454425" lon="-113.99723138">
<ele>0.000</ele>
</trkpt>
<trkpt lat="33.96452316" lon="-113.99706416">
<ele>0.000</ele>
</trkpt>
<trkpt lat="33.96452561" lon="-113.99690848">
<ele>0.000</ele>
</trkpt>
<trkpt lat="33.96456119" lon="-113.99665525">
<ele>0.000</ele>
</trkpt>
<trkpt lat="33.96460513" lon="-113.99650044">
<ele>0.000</ele>
</trkpt>
<trkpt lat="33.96463072" lon="-113.99639097">
<ele>0.000</ele>
</trkpt>
<trkpt lat="33.96466100" lon="-113.99621200">
<ele>0.000</ele>
</trkpt>
<trkpt lat="33.96470900" lon="-113.99608200">
<ele>0.000</ele>
</trkpt>
<trkpt lat="33.96499300" lon="-113.99498400">
<ele>0.000</ele>
</trkpt>
<trkpt lat="33.96504400" lon="-113.99482900">
<ele>0.000</ele>
</trkpt>
<trkpt lat="33.96509723" lon="-113.99463893">
<ele>0.000</ele>
</trkpt>
<trkpt lat="33.96541800" lon="-113.99410800">
<ele>0.000</ele>
</trkpt>
<trkpt lat="33.96548800" lon="-113.99398700">
<ele>0.000</ele>
</trkpt>
<trkpt lat="33.96555400" lon="-113.99384200">
<ele>0.000</ele>
</trkpt>
<trkpt lat="33.96558500" lon="-113.99366900">
<ele>0.000</ele>
</trkpt>
<trkpt lat="33.96560600" lon="-113.99302100">
<ele>0.000</ele>
</trkpt>
<trkpt lat="33.96564000" lon="-113.99277500">
<ele>0.000</ele>
</trkpt>
<trkpt lat="33.96579000" lon="-113.99200800">
<ele>0.000</ele>
</trkpt>
<trkpt lat="33.96581600" lon="-113.99173600">
<ele>0.000</ele>
</trkpt>
<trkpt lat="33.96582100" lon="-113.99092600">
<ele>0.000</ele>
</trkpt>
<trkpt lat="33.96583900" lon="-113.99068400">
<ele>0.000</ele>
</trkpt>
<trkpt lat="33.96585000" lon="-113.99020600">
<ele>0.000</ele>
</trkpt>
<trkpt lat="33.96587700" lon="-113.98996400">
<ele>0.000</ele>
</trkpt>
<trkpt lat="33.96598000" lon="-113.98948100">
<ele>0.000</ele>
</trkpt>
<trkpt lat="33.96614700" lon="-113.98883200">
<ele>0.000</ele>
</trkpt>
<trkpt lat="33.96619200" lon="-113.98860300">
<ele>0.000</ele>
</trkpt>
<trkpt lat="33.96622100" lon="-113.98835600">
<ele>0.000</ele>
</trkpt>
<trkpt lat="33.96622500" lon="-113.98809900">
<ele>0.000</ele>
</trkpt>
<trkpt lat="33.96621000" lon="-113.98783600">
<ele>0.000</ele>
</trkpt>
<trkpt lat="33.96617800" lon="-113.98756800">
<ele>0.000</ele>
</trkpt>
<trkpt lat="33.96613300" lon="-113.98670600">
<ele>0.000</ele>
</trkpt>
<trkpt lat="33.96613500" lon="-113.98640400">
<ele>0.000</ele>
</trkpt>
<trkpt lat="33.96610400" lon="-113.98579100">
<ele>0.000</ele>
</trkpt>
<trkpt lat="33.96611600" lon="-113.98547700">
<ele>0.000</ele>
</trkpt>
<trkpt lat="33.96617700" lon="-113.98483800">
<ele>0.000</ele>
</trkpt>
<trkpt lat="33.96622700" lon="-113.98451800">
<ele>0.000</ele>
</trkpt>
<trkpt lat="33.96630400" lon="-113.98386700">
<ele>0.000</ele>
</trkpt>
<trkpt lat="33.96635900" lon="-113.98354200">
<ele>0.000</ele>
</trkpt>
<trkpt lat="33.96642700" lon="-113.98321700">
<ele>0.000</ele>
</trkpt>
<trkpt lat="33.96658300" lon="-113.98257100">
<ele>0.000</ele>
</trkpt>
<trkpt lat="33.96678300" lon="-113.98194000">
<ele>0.000</ele>
</trkpt>
<trkpt lat="33.96702300" lon="-113.98132600">
<ele>0.000</ele>
</trkpt>
<trkpt lat="33.96741100" lon="-113.98042600">
<ele>0.000</ele>
</trkpt>
<trkpt lat="33.96790600" lon="-113.97932000">
<ele>0.000</ele>
</trkpt>
<trkpt lat="33.96811000" lon="-113.97888900">
<ele>0.000</ele>
</trkpt>
<trkpt lat="33.96827400" lon="-113.97859200">
<ele>0.000</ele>
</trkpt>
<trkpt lat="33.96837800" lon="-113.97844100">
<ele>0.000</ele>
</trkpt>
<trkpt lat="33.96850200" lon="-113.97828200">
<ele>0.000</ele>
</trkpt>
<trkpt lat="33.96865600" lon="-113.97812900">
<ele>0.000</ele>
</trkpt>
<trkpt lat="33.96912100" lon="-113.97755100">
<ele>0.000</ele>
</trkpt>
<trkpt lat="33.96942500" lon="-113.97715400">
<ele>0.000</ele>
</trkpt>
<trkpt lat="33.96954700" lon="-113.97696200">
<ele>0.000</ele>
</trkpt>
<trkpt lat="33.96965300" lon="-113.97676400">
<ele>0.000</ele>
</trkpt>
<trkpt lat="33.96974200" lon="-113.97655300">
<ele>0.000</ele>
</trkpt>
<trkpt lat="33.96981300" lon="-113.97632600">
<ele>0.000</ele>
</trkpt>
<trkpt lat="33.96987300" lon="-113.97608600">
<ele>0.000</ele>
</trkpt>
<trkpt lat="33.96996300" lon="-113.97557200">
<ele>0.000</ele>
</trkpt>
<trkpt lat="33.97002500" lon="-113.97503500">
<ele>0.000</ele>
</trkpt>
<trkpt lat="33.97004400" lon="-113.97475900">
<ele>0.000</ele>
</trkpt>
<trkpt lat="33.97005900" lon="-113.97421000">
<ele>0.000</ele>
</trkpt>
<trkpt lat="33.97009900" lon="-113.97373500">
<ele>0.000</ele>
</trkpt>
<trkpt lat="33.97014200" lon="-113.97349800">
<ele>0.000</ele>
</trkpt>
<trkpt lat="33.97023200" lon="-113.97326200">
<ele>0.000</ele>
</trkpt>
<trkpt lat="33.97036200" lon="-113.97304800">
<ele>0.000</ele>
</trkpt>
<trkpt lat="33.97098500" lon="-113.97226900">
<ele>0.000</ele>
</trkpt>
<trkpt lat="33.97111600" lon="-113.97208200">
<ele>0.000</ele>
</trkpt>
<trkpt lat="33.97128000" lon="-113.97161200">
<ele>0.000</ele>
</trkpt>
<trkpt lat="33.97134200" lon="-113.97137400">
<ele>0.000</ele>
</trkpt>
<trkpt lat="33.97138500" lon="-113.97113700">
<ele>0.000</ele>
</trkpt>
<trkpt lat="33.97142400" lon="-113.97089900">
<ele>0.000</ele>
</trkpt>
<trkpt lat="33.97143700" lon="-113.97035400">
<ele>0.000</ele>
</trkpt>
<trkpt lat="33.97147300" lon="-113.97009100">
<ele>0.000</ele>
</trkpt>
<trkpt lat="33.97154100" lon="-113.96983600">
<ele>0.000</ele>
</trkpt>
<trkpt lat="33.97191100" lon="-113.96882500">
<ele>0.000</ele>
</trkpt>
<trkpt lat="33.97214700" lon="-113.96803100">
<ele>0.000</ele>
</trkpt>
<trkpt lat="33.97224800" lon="-113.96780200">
<ele>0.000</ele>
</trkpt>
<trkpt lat="33.97236800" lon="-113.96758100">
<ele>0.000</ele>
</trkpt>
<trkpt lat="33.97251400" lon="-113.96737100">
<ele>0.000</ele>
</trkpt>
<trkpt lat="33.97299700" lon="-113.96676400">
<ele>0.000</ele>
</trkpt>
<trkpt lat="33.97314200" lon="-113.96655300">
<ele>0.000</ele>
</trkpt>
<trkpt lat="33.97326700" lon="-113.96634000">
<ele>0.000</ele>
</trkpt>
<trkpt lat="33.97336200" lon="-113.96610500">
<ele>0.000</ele>
</trkpt>
<trkpt lat="33.97343000" lon="-113.96585600">
<ele>0.000</ele>
</trkpt>
<trkpt lat="33.97347700" lon="-113.96560000">
<ele>0.000</ele>
</trkpt>
<trkpt lat="33.97349900" lon="-113.96533800">
<ele>0.000</ele>
</trkpt>
<trkpt lat="33.97348900" lon="-113.96479200">
<ele>0.000</ele>
</trkpt>
<trkpt lat="33.97347300" lon="-113.96452000">
<ele>0.000</ele>
</trkpt>
<trkpt lat="33.97343900" lon="-113.96425200">
<ele>0.000</ele>
</trkpt>
<trkpt lat="33.97332800" lon="-113.96372200">
<ele>0.000</ele>
</trkpt>
<trkpt lat="33.97329300" lon="-113.96345600">
<ele>0.000</ele>
</trkpt>
<trkpt lat="33.97328500" lon="-113.96318800">
<ele>0.000</ele>
</trkpt>
<trkpt lat="33.97330700" lon="-113.96292100">
<ele>0.000</ele>
</trkpt>
<trkpt lat="33.97336400" lon="-113.96266100">
<ele>0.000</ele>
</trkpt>
<trkpt lat="33.97345000" lon="-113.96241400">
<ele>0.000</ele>
</trkpt>
<trkpt lat="33.97355300" lon="-113.96217700">
<ele>0.000</ele>
</trkpt>
<trkpt lat="33.97401200" lon="-113.96122300">
<ele>0.000</ele>
</trkpt>
<trkpt lat="33.97434000" lon="-113.96046700">
<ele>0.000</ele>
</trkpt>
<trkpt lat="33.97453400" lon="-113.95994400">
<ele>0.000</ele>
</trkpt>
<trkpt lat="33.97470100" lon="-113.95940700">
<ele>0.000</ele>
</trkpt>
<trkpt lat="33.97483800" lon="-113.95885800">
<ele>0.000</ele>
</trkpt>
<trkpt lat="33.97498400" lon="-113.95808600">
<ele>0.000</ele>
</trkpt>
<trkpt lat="33.97525400" lon="-113.95704400">
<ele>0.000</ele>
</trkpt>
<trkpt lat="33.97536500" lon="-113.95657500">
<ele>0.000</ele>
</trkpt>
<trkpt lat="33.97544600" lon="-113.95613900">
<ele>0.000</ele>
</trkpt>
<trkpt lat="33.97551000" lon="-113.95572400">
<ele>0.000</ele>
</trkpt>
<trkpt lat="33.97552400" lon="-113.95551000">
<ele>0.000</ele>
</trkpt>
<trkpt lat="33.97555700" lon="-113.95529100">
<ele>0.000</ele>
</trkpt>
<trkpt lat="33.97559600" lon="-113.95506700">
<ele>0.000</ele>
</trkpt>
<trkpt lat="33.97565100" lon="-113.95482800">
<ele>0.000</ele>
</trkpt>
<trkpt lat="33.97580200" lon="-113.95434500">
<ele>0.000</ele>
</trkpt>
<trkpt lat="33.97589800" lon="-113.95410200">
<ele>0.000</ele>
</trkpt>
<trkpt lat="33.97604500" lon="-113.95358500">
<ele>0.000</ele>
</trkpt>
<trkpt lat="33.97613900" lon="-113.95333300">
<ele>0.000</ele>
</trkpt>
<trkpt lat="33.97626200" lon="-113.95309000">
<ele>0.000</ele>
</trkpt>
<trkpt lat="33.97640600" lon="-113.95286300">
<ele>0.000</ele>
</trkpt>
<trkpt lat="33.97688800" lon="-113.95220500">
<ele>0.000</ele>
</trkpt>
<trkpt lat="33.97802300" lon="-113.95058400">
<ele>0.000</ele>
</trkpt>
<trkpt lat="33.97846100" lon="-113.94984100">
<ele>0.000</ele>
</trkpt>
<trkpt lat="33.97909200" lon="-113.94888200">
<ele>0.000</ele>
</trkpt>
<trkpt lat="33.97954700" lon="-113.94816200">
<ele>0.000</ele>
</trkpt>
<trkpt lat="33.98006200" lon="-113.94722700">
<ele>0.000</ele>
</trkpt>
<trkpt lat="33.98015800" lon="-113.94703300">
<ele>0.000</ele>
</trkpt>
<trkpt lat="33.98024000" lon="-113.94682100">
<ele>0.000</ele>
</trkpt>
<trkpt lat="33.98028500" lon="-113.94658800">
<ele>0.000</ele>
</trkpt>
<trkpt lat="33.98031700" lon="-113.94633000">
<ele>0.000</ele>
</trkpt>
<trkpt lat="33.98035100" lon="-113.94578800">
<ele>0.000</ele>
</trkpt>
<trkpt lat="33.98039000" lon="-113.94551400">
<ele>0.000</ele>
</trkpt>
<trkpt lat="33.98041100" lon="-113.94523300">
<ele>0.000</ele>
</trkpt>
<trkpt lat="33.98046100" lon="-113.94495500">
<ele>0.000</ele>
</trkpt>
<trkpt lat="33.98074200" lon="-113.94379800">
<ele>0.000</ele>
</trkpt>
<trkpt lat="33.98091000" lon="-113.94321100">
<ele>0.000</ele>
</trkpt>
<trkpt lat="33.98112100" lon="-113.94263500">
<ele>0.000</ele>
</trkpt>
<trkpt lat="33.98158200" lon="-113.94155500">
<ele>0.000</ele>
</trkpt>
<trkpt lat="33.98167200" lon="-113.94129900">
<ele>0.000</ele>
</trkpt>
<trkpt lat="33.98178200" lon="-113.94104300">
<ele>0.000</ele>
</trkpt>
<trkpt lat="33.98191100" lon="-113.94078800">
<ele>0.000</ele>
</trkpt>
<trkpt lat="33.98206200" lon="-113.94054700">
<ele>0.000</ele>
</trkpt>
<trkpt lat="33.98238700" lon="-113.94015300">
<ele>0.000</ele>
</trkpt>
<trkpt lat="33.98250600" lon="-113.93999500">
<ele>0.000</ele>
</trkpt>
<trkpt lat="33.98259600" lon="-113.93984500">
<ele>0.000</ele>
</trkpt>
<trkpt lat="33.98268100" lon="-113.93967200">
<ele>0.000</ele>
</trkpt>
<trkpt lat="33.98276100" lon="-113.93946800">
<ele>0.000</ele>
</trkpt>
<trkpt lat="33.98296900" lon="-113.93872400">
<ele>0.000</ele>
</trkpt>
<trkpt lat="33.98312800" lon="-113.93848800">
<ele>0.000</ele>
</trkpt>
<trkpt lat="33.98359100" lon="-113.93740500">
<ele>0.000</ele>
</trkpt>
<trkpt lat="33.98412300" lon="-113.93597500">
<ele>0.000</ele>
</trkpt>
<trkpt lat="33.98430800" lon="-113.93541600">
<ele>0.000</ele>
</trkpt>
<trkpt lat="33.98441300" lon="-113.93489400">
<ele>0.000</ele>
</trkpt>
<trkpt lat="33.98443800" lon="-113.93465400">
<ele>0.000</ele>
</trkpt>
<trkpt lat="33.98444700" lon="-113.93442500">
<ele>0.000</ele>
</trkpt>
<trkpt lat="33.98442700" lon="-113.93398500">
<ele>0.000</ele>
</trkpt>
<trkpt lat="33.98436800" lon="-113.93323300">
<ele>0.000</ele>
</trkpt>
<trkpt lat="33.98429800" lon="-113.93269500">
<ele>0.000</ele>
</trkpt>
<trkpt lat="33.98426300" lon="-113.93214300">
<ele>0.000</ele>
</trkpt>
<trkpt lat="33.98424500" lon="-113.93159400">
<ele>0.000</ele>
</trkpt>
<trkpt lat="33.98422700" lon="-113.93133100">
<ele>0.000</ele>
</trkpt>
<trkpt lat="33.98418200" lon="-113.93106200">
<ele>0.000</ele>
</trkpt>
<trkpt lat="33.98411300" lon="-113.93079400">
<ele>0.000</ele>
</trkpt>
<trkpt lat="33.98395400" lon="-113.93027800">
<ele>0.000</ele>
</trkpt>
<trkpt lat="33.98390800" lon="-113.93002900">
<ele>0.000</ele>
</trkpt>
<trkpt lat="33.98388800" lon="-113.92976500">
<ele>0.000</ele>
</trkpt>
<trkpt lat="33.98389400" lon="-113.92948800">
<ele>0.000</ele>
</trkpt>
<trkpt lat="33.98394132" lon="-113.92867394">
<ele>0.000</ele>
</trkpt>
<trkpt lat="33.98401300" lon="-113.92792900">
<ele>0.000</ele>
</trkpt>
<trkpt lat="33.98400800" lon="-113.92749000">
<ele>0.000</ele>
</trkpt>
<trkpt lat="33.98400698" lon="-113.92723650">
<ele>0.000</ele>
</trkpt>
<trkpt lat="33.98400575" lon="-113.92661333">
<ele>0.000</ele>
</trkpt>
<trkpt lat="33.98401652" lon="-113.92613426">
<ele>0.000</ele>
</trkpt>
<trkpt lat="33.98404839" lon="-113.92566648">
<ele>0.000</ele>
</trkpt>
<trkpt lat="33.98410303" lon="-113.92515698">
<ele>0.000</ele>
</trkpt>
<trkpt lat="33.98411300" lon="-113.92502300">
<ele>0.000</ele>
</trkpt>
<trkpt lat="33.98413115" lon="-113.92480051">
<ele>0.000</ele>
</trkpt>
<trkpt lat="33.98416300" lon="-113.92442600">
<ele>0.000</ele>
</trkpt>
<trkpt lat="33.98421500" lon="-113.92418400">
<ele>0.000</ele>
</trkpt>
<trkpt lat="33.98447800" lon="-113.92341300">
<ele>0.000</ele>
</trkpt>
<trkpt lat="33.98465500" lon="-113.92294100">
<ele>0.000</ele>
</trkpt>
<trkpt lat="33.98472100" lon="-113.92272600">
<ele>0.000</ele>
</trkpt>
<trkpt lat="33.98476300" lon="-113.92250800">
<ele>0.000</ele>
</trkpt>
<trkpt lat="33.98478500" lon="-113.92228100">
<ele>0.000</ele>
</trkpt>
<trkpt lat="33.98479100" lon="-113.92203900">
<ele>0.000</ele>
</trkpt>
<trkpt lat="33.98478300" lon="-113.92178100">
<ele>0.000</ele>
</trkpt>
<trkpt lat="33.98463900" lon="-113.92037800">
<ele>0.000</ele>
</trkpt>
<trkpt lat="33.98452500" lon="-113.91890200">
<ele>0.000</ele>
</trkpt>
<trkpt lat="33.98451500" lon="-113.91863000">
<ele>0.000</ele>
</trkpt>
<trkpt lat="33.98452500" lon="-113.91835100">
<ele>0.000</ele>
</trkpt>
<trkpt lat="33.98455000" lon="-113.91807300">
<ele>0.000</ele>
</trkpt>
<trkpt lat="33.98460000" lon="-113.91779200">
<ele>0.000</ele>
</trkpt>
<trkpt lat="33.98467500" lon="-113.91751100">
<ele>0.000</ele>
</trkpt>
<trkpt lat="33.98485500" lon="-113.91695300">
<ele>0.000</ele>
</trkpt>
<trkpt lat="33.98493700" lon="-113.91666900">
<ele>0.000</ele>
</trkpt>
<trkpt lat="33.98500700" lon="-113.91637600">
<ele>0.000</ele>
</trkpt>
<trkpt lat="33.98522200" lon="-113.91515100">
<ele>0.000</ele>
</trkpt>
<trkpt lat="33.98529500" lon="-113.91484600">
<ele>0.000</ele>
</trkpt>
<trkpt lat="33.98539200" lon="-113.91455000">
<ele>0.000</ele>
</trkpt>
<trkpt lat="33.98585600" lon="-113.91341500">
<ele>0.000</ele>
</trkpt>
<trkpt lat="33.98652000" lon="-113.91164300">
<ele>0.000</ele>
</trkpt>
<trkpt lat="33.98666400" lon="-113.91136900">
<ele>0.000</ele>
</trkpt>
<trkpt lat="33.98697500" lon="-113.91086000">
<ele>0.000</ele>
</trkpt>
<trkpt lat="33.98710200" lon="-113.91061200">
<ele>0.000</ele>
</trkpt>
<trkpt lat="33.98755800" lon="-113.90953600">
<ele>0.000</ele>
</trkpt>
<trkpt lat="33.98795500" lon="-113.90873600">
<ele>0.000</ele>
</trkpt>
<trkpt lat="33.98818500" lon="-113.90822900">
<ele>0.000</ele>
</trkpt>
<trkpt lat="33.98828100" lon="-113.90797900">
<ele>0.000</ele>
</trkpt>
<trkpt lat="33.98844700" lon="-113.90749000">
<ele>0.000</ele>
</trkpt>
<trkpt lat="33.98854000" lon="-113.90728400">
<ele>0.000</ele>
</trkpt>
<trkpt lat="33.98866000" lon="-113.90708800">
<ele>0.000</ele>
</trkpt>
<trkpt lat="33.98880700" lon="-113.90692600">
<ele>0.000</ele>
</trkpt>
<trkpt lat="33.98911500" lon="-113.90669500">
<ele>0.000</ele>
</trkpt>
<trkpt lat="33.98951400" lon="-113.90669500">
<ele>0.000</ele>
</trkpt>
<trkpt lat="33.98968500" lon="-113.90666500">
<ele>0.000</ele>
</trkpt>
<trkpt lat="33.98978900" lon="-113.90658700">
<ele>0.000</ele>
</trkpt>
<trkpt lat="33.98987900" lon="-113.90647700">
<ele>0.000</ele>
</trkpt>
<trkpt lat="33.98994700" lon="-113.90632600">
<ele>0.000</ele>
</trkpt>
<trkpt lat="33.99002600" lon="-113.90594600">
<ele>0.000</ele>
</trkpt>
<trkpt lat="33.99005900" lon="-113.90572800">
<ele>0.000</ele>
</trkpt>
<trkpt lat="33.99034600" lon="-113.90323400">
<ele>0.000</ele>
</trkpt>
<trkpt lat="33.99041000" lon="-113.90294300">
<ele>0.000</ele>
</trkpt>
<trkpt lat="33.99065900" lon="-113.90207600">
<ele>0.000</ele>
</trkpt>
<trkpt lat="33.99073100" lon="-113.90178900">
<ele>0.000</ele>
</trkpt>
<trkpt lat="33.99087400" lon="-113.90102200">
<ele>0.000</ele>
</trkpt>
<trkpt lat="33.99094600" lon="-113.90079200">
<ele>0.000</ele>
</trkpt>
<trkpt lat="33.99113300" lon="-113.90037100">
<ele>0.000</ele>
</trkpt>
<trkpt lat="33.99126300" lon="-113.90018900">
<ele>0.000</ele>
</trkpt>
<trkpt lat="33.99137900" lon="-113.89998500">
<ele>0.000</ele>
</trkpt>
<trkpt lat="33.99147000" lon="-113.89975300">
<ele>0.000</ele>
</trkpt>
<trkpt lat="33.99154800" lon="-113.89950200">
<ele>0.000</ele>
</trkpt>
<trkpt lat="33.99160600" lon="-113.89923800">
<ele>0.000</ele>
</trkpt>
<trkpt lat="33.99167700" lon="-113.89869900">
<ele>0.000</ele>
</trkpt>
<trkpt lat="33.99169100" lon="-113.89842000">
<ele>0.000</ele>
</trkpt>
<trkpt lat="33.99187800" lon="-113.89604100">
<ele>0.000</ele>
</trkpt>
<trkpt lat="33.99194000" lon="-113.89512100">
<ele>0.000</ele>
</trkpt>
<trkpt lat="33.99199800" lon="-113.89450600">
<ele>0.000</ele>
</trkpt>
<trkpt lat="33.99203900" lon="-113.89419900">
<ele>0.000</ele>
</trkpt>
<trkpt lat="33.99224200" lon="-113.89296900">
<ele>0.000</ele>
</trkpt>
<trkpt lat="33.99237300" lon="-113.89205100">
<ele>0.000</ele>
</trkpt>
<trkpt lat="33.99242500" lon="-113.89176700">
<ele>0.000</ele>
</trkpt>
<trkpt lat="33.99249000" lon="-113.89148800">
<ele>0.000</ele>
</trkpt>
<trkpt lat="33.99289100" lon="-113.89007900">
<ele>0.000</ele>
</trkpt>
<trkpt lat="33.99297300" lon="-113.88982400">
<ele>0.000</ele>
</trkpt>
<trkpt lat="33.99318200" lon="-113.88934600">
<ele>0.000</ele>
</trkpt>
<trkpt lat="33.99344100" lon="-113.88897300">
<ele>0.000</ele>
</trkpt>
<trkpt lat="33.99352100" lon="-113.88881500">
<ele>0.000</ele>
</trkpt>
<trkpt lat="33.99356100" lon="-113.88867200">
<ele>0.000</ele>
</trkpt>
<trkpt lat="33.99352500" lon="-113.88792500">
<ele>0.000</ele>
</trkpt>
<trkpt lat="33.99355900" lon="-113.88697600">
<ele>0.000</ele>
</trkpt>
<trkpt lat="33.99357400" lon="-113.88671600">
<ele>0.000</ele>
</trkpt>
<trkpt lat="33.99360500" lon="-113.88644400">
<ele>0.000</ele>
</trkpt>
<trkpt lat="33.99366300" lon="-113.88616900">
<ele>0.000</ele>
</trkpt>
<trkpt lat="33.99373700" lon="-113.88589600">
<ele>0.000</ele>
</trkpt>
<trkpt lat="33.99399300" lon="-113.88511200">
<ele>0.000</ele>
</trkpt>
<trkpt lat="33.99406800" lon="-113.88484800">
<ele>0.000</ele>
</trkpt>
<trkpt lat="33.99420200" lon="-113.88430600">
<ele>0.000</ele>
</trkpt>
<trkpt lat="33.99437600" lon="-113.88345400">
<ele>0.000</ele>
</trkpt>
<trkpt lat="33.99445100" lon="-113.88317600">
<ele>0.000</ele>
</trkpt>
<trkpt lat="33.99472200" lon="-113.88237400">
<ele>0.000</ele>
</trkpt>
<trkpt lat="33.99511700" lon="-113.88149900">
<ele>0.000</ele>
</trkpt>
<trkpt lat="33.99522800" lon="-113.88121300">
<ele>0.000</ele>
</trkpt>
<trkpt lat="33.99525400" lon="-113.88105700">
<ele>0.000</ele>
</trkpt>
<trkpt lat="33.99522000" lon="-113.88074200">
<ele>0.000</ele>
</trkpt>
<trkpt lat="33.99521600" lon="-113.88057800">
<ele>0.000</ele>
</trkpt>
<trkpt lat="33.99518600" lon="-113.88041300">
<ele>0.000</ele>
</trkpt>
<trkpt lat="33.99517300" lon="-113.88023000">
<ele>0.000</ele>
</trkpt>
<trkpt lat="33.99517400" lon="-113.88002900">
<ele>0.000</ele>
</trkpt>
<trkpt lat="33.99519400" lon="-113.87980600">
<ele>0.000</ele>
</trkpt>
<trkpt lat="33.99531700" lon="-113.87905100">
<ele>0.000</ele>
</trkpt>
<trkpt lat="33.99533900" lon="-113.87877400">
<ele>0.000</ele>
</trkpt>
<trkpt lat="33.99541600" lon="-113.87821200">
<ele>0.000</ele>
</trkpt>
<trkpt lat="33.99548300" lon="-113.87794500">
<ele>0.000</ele>
</trkpt>
<trkpt lat="33.99557100" lon="-113.87767500">
<ele>0.000</ele>
</trkpt>
<trkpt lat="33.99590200" lon="-113.87691300">
<ele>0.000</ele>
</trkpt>
<trkpt lat="33.99601200" lon="-113.87670200">
<ele>0.000</ele>
</trkpt>
<trkpt lat="33.99621700" lon="-113.87635200">
<ele>0.000</ele>
</trkpt>
<trkpt lat="33.99628300" lon="-113.87616400">
<ele>0.000</ele>
</trkpt>
<trkpt lat="33.99639200" lon="-113.87571300">
<ele>0.000</ele>
</trkpt>
<trkpt lat="33.99646900" lon="-113.87520600">
<ele>0.000</ele>
</trkpt>
<trkpt lat="33.99646900" lon="-113.87495000">
<ele>0.000</ele>
</trkpt>
<trkpt lat="33.99642300" lon="-113.87441700">
<ele>0.000</ele>
</trkpt>
<trkpt lat="33.99644000" lon="-113.87416500">
<ele>0.000</ele>
</trkpt>
<trkpt lat="33.99648100" lon="-113.87391100">
<ele>0.000</ele>
</trkpt>
<trkpt lat="33.99668500" lon="-113.87310700">
<ele>0.000</ele>
</trkpt>
<trkpt lat="33.99678800" lon="-113.87252500">
<ele>0.000</ele>
</trkpt>
<trkpt lat="33.99686400" lon="-113.87223400">
<ele>0.000</ele>
</trkpt>
<trkpt lat="33.99695500" lon="-113.87194200">
<ele>0.000</ele>
</trkpt>
<trkpt lat="33.99740300" lon="-113.87064900">
<ele>0.000</ele>
</trkpt>
<trkpt lat="33.99744800" lon="-113.87038500">
<ele>0.000</ele>
</trkpt>
<trkpt lat="33.99753200" lon="-113.87013600">
<ele>0.000</ele>
</trkpt>
<trkpt lat="33.99782000" lon="-113.86955800">
<ele>0.000</ele>
</trkpt>
<trkpt lat="33.99823500" lon="-113.86865000">
<ele>0.000</ele>
</trkpt>
<trkpt lat="33.99835600" lon="-113.86840600">
<ele>0.000</ele>
</trkpt>
<trkpt lat="33.99848500" lon="-113.86817300">
<ele>0.000</ele>
</trkpt>
<trkpt lat="33.99862000" lon="-113.86796600">
<ele>0.000</ele>
</trkpt>
<trkpt lat="33.99890500" lon="-113.86759700">
<ele>0.000</ele>
</trkpt>
<trkpt lat="33.99904300" lon="-113.86738900">
<ele>0.000</ele>
</trkpt>
<trkpt lat="33.99931500" lon="-113.86693900">
<ele>0.000</ele>
</trkpt>
<trkpt lat="33.99956400" lon="-113.86647400">
<ele>0.000</ele>
</trkpt>
<trkpt lat="33.99964900" lon="-113.86624200">
<ele>0.000</ele>
</trkpt>
<trkpt lat="33.99977400" lon="-113.86575800">
<ele>0.000</ele>
</trkpt>
<trkpt lat="33.99987300" lon="-113.86551300">
<ele>0.000</ele>
</trkpt>
<trkpt lat="34.00013900" lon="-113.86508200">
<ele>0.000</ele>
</trkpt>
<trkpt lat="34.00023400" lon="-113.86489800">
<ele>0.000</ele>
</trkpt>
<trkpt lat="34.00025800" lon="-113.86466800">
<ele>0.000</ele>
</trkpt>
<trkpt lat="34.00026700" lon="-113.86443900">
<ele>0.000</ele>
</trkpt>
<trkpt lat="34.00024000" lon="-113.86420800">
<ele>0.000</ele>
</trkpt>
<trkpt lat="34.00016000" lon="-113.86372100">
<ele>0.000</ele>
</trkpt>
<trkpt lat="34.00009200" lon="-113.86346600">
<ele>0.000</ele>
</trkpt>
<trkpt lat="33.99990300" lon="-113.86293800">
<ele>0.000</ele>
</trkpt>
<trkpt lat="33.99971000" lon="-113.86235800">
<ele>0.000</ele>
</trkpt>
<trkpt lat="33.99945800" lon="-113.86150600">
<ele>0.000</ele>
</trkpt>
<trkpt lat="33.99943500" lon="-113.86118400">
<ele>0.000</ele>
</trkpt>
<trkpt lat="33.99933400" lon="-113.86089700">
<ele>0.000</ele>
</trkpt>
<trkpt lat="33.99911100" lon="-113.86032600">
<ele>0.000</ele>
</trkpt>
<trkpt lat="33.99865100" lon="-113.85926900">
<ele>0.000</ele>
</trkpt>
<trkpt lat="33.99856000" lon="-113.85900200">
<ele>0.000</ele>
</trkpt>
<trkpt lat="33.99848500" lon="-113.85872500">
<ele>0.000</ele>
</trkpt>
<trkpt lat="33.99842800" lon="-113.85844600">
<ele>0.000</ele>
</trkpt>
<trkpt lat="33.99838700" lon="-113.85815400">
<ele>0.000</ele>
</trkpt>
<trkpt lat="33.99831400" lon="-113.85721000">
<ele>0.000</ele>
</trkpt>
<trkpt lat="33.99825200" lon="-113.85665200">
<ele>0.000</ele>
</trkpt>
<trkpt lat="33.99820300" lon="-113.85643900">
<ele>0.000</ele>
</trkpt>
<trkpt lat="33.99813000" lon="-113.85621300">
<ele>0.000</ele>
</trkpt>
<trkpt lat="33.99793000" lon="-113.85576900">
<ele>0.000</ele>
</trkpt>
<trkpt lat="33.99784400" lon="-113.85552700">
<ele>0.000</ele>
</trkpt>
<trkpt lat="33.99777700" lon="-113.85529900">
<ele>0.000</ele>
</trkpt>
<trkpt lat="33.99760400" lon="-113.85459300">
<ele>0.000</ele>
</trkpt>
<trkpt lat="33.99748900" lon="-113.85405200">
<ele>0.000</ele>
</trkpt>
<trkpt lat="33.99744100" lon="-113.85377800">
<ele>0.000</ele>
</trkpt>
<trkpt lat="33.99741600" lon="-113.85353200">
<ele>0.000</ele>
</trkpt>
<trkpt lat="33.99741100" lon="-113.85330400">
<ele>0.000</ele>
</trkpt>
<trkpt lat="33.99742600" lon="-113.85304900">
<ele>0.000</ele>
</trkpt>
<trkpt lat="33.99754200" lon="-113.85195200">
<ele>0.000</ele>
</trkpt>
<trkpt lat="33.99759000" lon="-113.85167400">
<ele>0.000</ele>
</trkpt>
<trkpt lat="33.99768900" lon="-113.85133300">
<ele>0.000</ele>
</trkpt>
<trkpt lat="33.99775000" lon="-113.85109300">
<ele>0.000</ele>
</trkpt>
<trkpt lat="33.99785600" lon="-113.85085200">
<ele>0.000</ele>
</trkpt>
<trkpt lat="33.99790400" lon="-113.85069600">
<ele>0.000</ele>
</trkpt>
<trkpt lat="33.99815300" lon="-113.85029100">
<ele>0.000</ele>
</trkpt>
<trkpt lat="33.99820800" lon="-113.85017400">
<ele>0.000</ele>
</trkpt>
<trkpt lat="33.99827800" lon="-113.84996000">
<ele>0.000</ele>
</trkpt>
<trkpt lat="33.99835800" lon="-113.84946500">
<ele>0.000</ele>
</trkpt>
<trkpt lat="33.99854700" lon="-113.84799400">
<ele>0.000</ele>
</trkpt>
<trkpt lat="33.99857300" lon="-113.84750800">
<ele>0.000</ele>
</trkpt>
<trkpt lat="33.99856700" lon="-113.84726600">
<ele>0.000</ele>
</trkpt>
<trkpt lat="33.99854500" lon="-113.84707200">
<ele>0.000</ele>
</trkpt>
<trkpt lat="33.99847700" lon="-113.84676900">
<ele>0.000</ele>
</trkpt>
<trkpt lat="33.99839900" lon="-113.84661900">
<ele>0.000</ele>
</trkpt>
<trkpt lat="33.99830400" lon="-113.84650000">
<ele>0.000</ele>
</trkpt>
<trkpt lat="33.99804400" lon="-113.84632600">
<ele>0.000</ele>
</trkpt>
<trkpt lat="33.99735700" lon="-113.84598700">
<ele>0.000</ele>
</trkpt>
<trkpt lat="33.99692100" lon="-113.84582500">
<ele>0.000</ele>
</trkpt>
<trkpt lat="33.99656800" lon="-113.84570600">
<ele>0.000</ele>
</trkpt>
<trkpt lat="33.99638200" lon="-113.84562200">
<ele>0.000</ele>
</trkpt>
<trkpt lat="33.99614100" lon="-113.84547600">
<ele>0.000</ele>
</trkpt>
<trkpt lat="33.99577300" lon="-113.84517700">
<ele>0.000</ele>
</trkpt>
<trkpt lat="33.99559100" lon="-113.84489500">
<ele>0.000</ele>
</trkpt>
<trkpt lat="33.99548400" lon="-113.84471000">
<ele>0.000</ele>
</trkpt>
<trkpt lat="33.99527500" lon="-113.84431300">
<ele>0.000</ele>
</trkpt>
<trkpt lat="33.99502700" lon="-113.84395100">
<ele>0.000</ele>
</trkpt>
<trkpt lat="33.99487600" lon="-113.84377500">
<ele>0.000</ele>
</trkpt>
<trkpt lat="33.99472700" lon="-113.84357900">
<ele>0.000</ele>
</trkpt>
<trkpt lat="33.99459100" lon="-113.84336300">
<ele>0.000</ele>
</trkpt>
<trkpt lat="33.99446400" lon="-113.84313200">
<ele>0.000</ele>
</trkpt>
<trkpt lat="33.99370700" lon="-113.84151100">
<ele>0.000</ele>
</trkpt>
<trkpt lat="33.99300400" lon="-113.84015600">
<ele>0.000</ele>
</trkpt>
<trkpt lat="33.99242500" lon="-113.83912600">
<ele>0.000</ele>
</trkpt>
<trkpt lat="33.99226300" lon="-113.83888300">
<ele>0.000</ele>
</trkpt>
<trkpt lat="33.99211600" lon="-113.83862600">
<ele>0.000</ele>
</trkpt>
<trkpt lat="33.99198300" lon="-113.83835600">
<ele>0.000</ele>
</trkpt>
<trkpt lat="33.99153600" lon="-113.83759100">
<ele>0.000</ele>
</trkpt>
<trkpt lat="33.99121400" lon="-113.83710600">
<ele>0.000</ele>
</trkpt>
<trkpt lat="33.99059700" lon="-113.83620900">
<ele>0.000</ele>
</trkpt>
<trkpt lat="33.99048200" lon="-113.83599100">
<ele>0.000</ele>
</trkpt>
<trkpt lat="33.99027900" lon="-113.83550600">
<ele>0.000</ele>
</trkpt>
<trkpt lat="33.99016600" lon="-113.83527000">
<ele>0.000</ele>
</trkpt>
<trkpt lat="33.99004600" lon="-113.83505900">
<ele>0.000</ele>
</trkpt>
<trkpt lat="33.98991400" lon="-113.83486200">
<ele>0.000</ele>
</trkpt>
<trkpt lat="33.98975900" lon="-113.83468800">
<ele>0.000</ele>
</trkpt>
<trkpt lat="33.98961400" lon="-113.83449800">
<ele>0.000</ele>
</trkpt>
<trkpt lat="33.98912700" lon="-113.83395500">
<ele>0.000</ele>
</trkpt>
<trkpt lat="33.98880600" lon="-113.83356100">
<ele>0.000</ele>
</trkpt>
<trkpt lat="33.98862700" lon="-113.83337700">
<ele>0.000</ele>
</trkpt>
<trkpt lat="33.98829200" lon="-113.83297800">
<ele>0.000</ele>
</trkpt>
<trkpt lat="33.98816600" lon="-113.83274800">
<ele>0.000</ele>
</trkpt>
<trkpt lat="33.98774000" lon="-113.83213900">
<ele>0.000</ele>
</trkpt>
<trkpt lat="33.98743700" lon="-113.83173200">
<ele>0.000</ele>
</trkpt>
<trkpt lat="33.98728600" lon="-113.83155700">
<ele>0.000</ele>
</trkpt>
<trkpt lat="33.98715600" lon="-113.83142700">
<ele>0.000</ele>
</trkpt>
<trkpt lat="33.98704900" lon="-113.83133600">
<ele>0.000</ele>
</trkpt>
<trkpt lat="33.98650200" lon="-113.83093000">
<ele>0.000</ele>
</trkpt>
<trkpt lat="33.98642100" lon="-113.83083300">
<ele>0.000</ele>
</trkpt>
<trkpt lat="33.98629200" lon="-113.83055600">
<ele>0.000</ele>
</trkpt>
<trkpt lat="33.98623100" lon="-113.83039700">
<ele>0.000</ele>
</trkpt>
<trkpt lat="33.98618700" lon="-113.83022500">
<ele>0.000</ele>
</trkpt>
<trkpt lat="33.98618500" lon="-113.83004300">
<ele>0.000</ele>
</trkpt>
<trkpt lat="33.98621100" lon="-113.82964300">
<ele>0.000</ele>
</trkpt>
<trkpt lat="33.98621000" lon="-113.82941700">
<ele>0.000</ele>
</trkpt>
<trkpt lat="33.98614300" lon="-113.82785400">
<ele>0.000</ele>
</trkpt>
<trkpt lat="33.98611400" lon="-113.82678100">
<ele>0.000</ele>
</trkpt>
<trkpt lat="33.98611400" lon="-113.82587300">
<ele>0.000</ele>
</trkpt>
<trkpt lat="33.98609100" lon="-113.82359400">
<ele>0.000</ele>
</trkpt>
<trkpt lat="33.98610100" lon="-113.82123700">
<ele>0.000</ele>
</trkpt>
<trkpt lat="33.98608000" lon="-113.82005500">
<ele>0.000</ele>
</trkpt>
<trkpt lat="33.98610600" lon="-113.81946200">
<ele>0.000</ele>
</trkpt>
<trkpt lat="33.98610900" lon="-113.81916400">
<ele>0.000</ele>
</trkpt>
<trkpt lat="33.98608300" lon="-113.81783100">
<ele>0.000</ele>
</trkpt>
<trkpt lat="33.98609300" lon="-113.81748800">
<ele>0.000</ele>
</trkpt>
<trkpt lat="33.98610900" lon="-113.81728400">
<ele>0.000</ele>
</trkpt>
<trkpt lat="33.98622100" lon="-113.81655600">
<ele>0.000</ele>
</trkpt>
<trkpt lat="33.98622800" lon="-113.81641000">
<ele>0.000</ele>
</trkpt>
<trkpt lat="33.98621300" lon="-113.81627100">
<ele>0.000</ele>
</trkpt>
<trkpt lat="33.98615000" lon="-113.81597700">
<ele>0.000</ele>
</trkpt>
<trkpt lat="33.98609200" lon="-113.81561400">
<ele>0.000</ele>
</trkpt>
<trkpt lat="33.98607900" lon="-113.81499100">
<ele>0.000</ele>
</trkpt>
<trkpt lat="33.98608100" lon="-113.81476100">
<ele>0.000</ele>
</trkpt>
<trkpt lat="33.98612600" lon="-113.81404000">
<ele>0.000</ele>
</trkpt>
<trkpt lat="33.98612700" lon="-113.81353700">
<ele>0.000</ele>
</trkpt>
<trkpt lat="33.98609900" lon="-113.81226400">
<ele>0.000</ele>
</trkpt>
<trkpt lat="33.98611400" lon="-113.81134000">
<ele>0.000</ele>
</trkpt>
<trkpt lat="33.98608600" lon="-113.81000100">
<ele>0.000</ele>
</trkpt>
<trkpt lat="33.98610400" lon="-113.80966700">
<ele>0.000</ele>
</trkpt>
<trkpt lat="33.98608700" lon="-113.80883100">
<ele>0.000</ele>
</trkpt>
<trkpt lat="33.98609500" lon="-113.80860000">
<ele>0.000</ele>
</trkpt>
<trkpt lat="33.98621100" lon="-113.80793000">
<ele>0.000</ele>
</trkpt>
<trkpt lat="33.98622700" lon="-113.80770400">
<ele>0.000</ele>
</trkpt>
<trkpt lat="33.98621500" lon="-113.80723100">
<ele>0.000</ele>
</trkpt>
<trkpt lat="33.98621400" lon="-113.80644700">
<ele>0.000</ele>
</trkpt>
<trkpt lat="33.98622800" lon="-113.80561200">
<ele>0.000</ele>
</trkpt>
<trkpt lat="33.98620200" lon="-113.80414400">
<ele>0.000</ele>
</trkpt>
<trkpt lat="33.98620300" lon="-113.80260100">
<ele>0.000</ele>
</trkpt>
<trkpt lat="33.98622400" lon="-113.80104800">
<ele>0.000</ele>
</trkpt>
<trkpt lat="33.98620900" lon="-113.80049400">
<ele>0.000</ele>
</trkpt>
<trkpt lat="33.98621200" lon="-113.79935800">
<ele>0.000</ele>
</trkpt>
<trkpt lat="33.98619200" lon="-113.79762000">
<ele>0.000</ele>
</trkpt>
<trkpt lat="33.98616600" lon="-113.79680900">
<ele>0.000</ele>
</trkpt>
<trkpt lat="33.98610900" lon="-113.79601000">
<ele>0.000</ele>
</trkpt>
<trkpt lat="33.98610600" lon="-113.79577200">
<ele>0.000</ele>
</trkpt>
<trkpt lat="33.98611500" lon="-113.79556900">
<ele>0.000</ele>
</trkpt>
<trkpt lat="33.98614300" lon="-113.79537700">
<ele>0.000</ele>
</trkpt>
<trkpt lat="33.98618900" lon="-113.79517900">
<ele>0.000</ele>
</trkpt>
<trkpt lat="33.98632200" lon="-113.79476400">
<ele>0.000</ele>
</trkpt>
<trkpt lat="33.98636900" lon="-113.79457800">
<ele>0.000</ele>
</trkpt>
<trkpt lat="33.98639200" lon="-113.79441400">
<ele>0.000</ele>
</trkpt>
<trkpt lat="33.98638500" lon="-113.79426300">
<ele>0.000</ele>
</trkpt>
<trkpt lat="33.98633100" lon="-113.79411500">
<ele>0.000</ele>
</trkpt>
<trkpt lat="33.98612900" lon="-113.79385900">
<ele>0.000</ele>
</trkpt>
<trkpt lat="33.98604600" lon="-113.79371600">
<ele>0.000</ele>
</trkpt>
<trkpt lat="33.98599200" lon="-113.79355200">
<ele>0.000</ele>
</trkpt>
<trkpt lat="33.98584100" lon="-113.79261700">
<ele>0.000</ele>
</trkpt>
<trkpt lat="33.98578700" lon="-113.79241300">
<ele>0.000</ele>
</trkpt>
<trkpt lat="33.98571200" lon="-113.79219900">
<ele>0.000</ele>
</trkpt>
<trkpt lat="33.98540100" lon="-113.79154300">
<ele>0.000</ele>
</trkpt>
<trkpt lat="33.98494100" lon="-113.79063800">
<ele>0.000</ele>
</trkpt>
<trkpt lat="33.98423100" lon="-113.78929000">
<ele>0.000</ele>
</trkpt>
<trkpt lat="33.98373700" lon="-113.78832200">
<ele>0.000</ele>
</trkpt>
<trkpt lat="33.98356700" lon="-113.78794100">
<ele>0.000</ele>
</trkpt>
<trkpt lat="33.98354200" lon="-113.78789600">
<ele>0.000</ele>
</trkpt>
<trkpt lat="33.98343800" lon="-113.78777500">
<ele>0.000</ele>
</trkpt>
<trkpt lat="33.98327900" lon="-113.78770100">
<ele>0.000</ele>
</trkpt>
<trkpt lat="33.98317700" lon="-113.78768900">
<ele>0.000</ele>
</trkpt>
<trkpt lat="33.98306200" lon="-113.78770600">
<ele>0.000</ele>
</trkpt>
<trkpt lat="33.98277300" lon="-113.78777600">
<ele>0.000</ele>
</trkpt>
<trkpt lat="33.98233400" lon="-113.78784400">
<ele>0.000</ele>
</trkpt>
<trkpt lat="33.98225000" lon="-113.78786500">
<ele>0.000</ele>
</trkpt>
<trkpt lat="33.98218500" lon="-113.78792300">
<ele>0.000</ele>
</trkpt>
<trkpt lat="33.98215200" lon="-113.78801500">
<ele>0.000</ele>
</trkpt>
<trkpt lat="33.98209700" lon="-113.78858600">
<ele>0.000</ele>
</trkpt>
<trkpt lat="33.98202200" lon="-113.78912200">
<ele>0.000</ele>
</trkpt>
<trkpt lat="33.98198400" lon="-113.78925500">
<ele>0.000</ele>
</trkpt>
<trkpt lat="33.98192700" lon="-113.78937600">
<ele>0.000</ele>
</trkpt>
<trkpt lat="33.98185400" lon="-113.78945200">
<ele>0.000</ele>
</trkpt>
<trkpt lat="33.98176600" lon="-113.78951900">
<ele>0.000</ele>
</trkpt>
<trkpt lat="33.98131900" lon="-113.78993800">
<ele>0.000</ele>
</trkpt>
<trkpt lat="33.98111700" lon="-113.79024000">
<ele>0.000</ele>
</trkpt>
<trkpt lat="33.98079000" lon="-113.79076500">
<ele>0.000</ele>
</trkpt>
<trkpt lat="33.98072800" lon="-113.79089300">
<ele>0.000</ele>
</trkpt>
<trkpt lat="33.98068900" lon="-113.79101900">
<ele>0.000</ele>
</trkpt>
<trkpt lat="33.98068700" lon="-113.79114300">
<ele>0.000</ele>
</trkpt>
<trkpt lat="33.98077800" lon="-113.79162700">
<ele>0.000</ele>
</trkpt>
<trkpt lat="33.98079000" lon="-113.79178700">
<ele>0.000</ele>
</trkpt>
<trkpt lat="33.98077400" lon="-113.79192400">
<ele>0.000</ele>
</trkpt>
<trkpt lat="33.98074800" lon="-113.79204000">
<ele>0.000</ele>
</trkpt>
<trkpt lat="33.98052100" lon="-113.79279500">
<ele>0.000</ele>
</trkpt>
<trkpt lat="33.98024700" lon="-113.79376500">
<ele>0.000</ele>
</trkpt>
<trkpt lat="33.98006000" lon="-113.79407100">
<ele>0.000</ele>
</trkpt>
<trkpt lat="33.98000100" lon="-113.79420700">
<ele>0.000</ele>
</trkpt>
<trkpt lat="33.97997400" lon="-113.79433700">
<ele>0.000</ele>
</trkpt>
<trkpt lat="33.97994800" lon="-113.79523100">
<ele>0.000</ele>
</trkpt>
<trkpt lat="33.97991300" lon="-113.79539100">
<ele>0.000</ele>
</trkpt>
<trkpt lat="33.97985800" lon="-113.79556000">
<ele>0.000</ele>
</trkpt>
<trkpt lat="33.97966400" lon="-113.79611700">
<ele>0.000</ele>
</trkpt>
<trkpt lat="33.97958200" lon="-113.79631200">
<ele>0.000</ele>
</trkpt>
<trkpt lat="33.97944700" lon="-113.79674900">
<ele>0.000</ele>
</trkpt>
<trkpt lat="33.97939700" lon="-113.79695500">
<ele>0.000</ele>
</trkpt>
<trkpt lat="33.97933100" lon="-113.79737300">
<ele>0.000</ele>
</trkpt>
<trkpt lat="33.97929500" lon="-113.79751200">
<ele>0.000</ele>
</trkpt>
<trkpt lat="33.97923300" lon="-113.79765200">
<ele>0.000</ele>
</trkpt>
<trkpt lat="33.97915200" lon="-113.79779400">
<ele>0.000</ele>
</trkpt>
<trkpt lat="33.97895200" lon="-113.79809600">
<ele>0.000</ele>
</trkpt>
<trkpt lat="33.97874500" lon="-113.79846800">
<ele>0.000</ele>
</trkpt>
<trkpt lat="33.97850500" lon="-113.79886000">
<ele>0.000</ele>
</trkpt>
<trkpt lat="33.97784000" lon="-113.79973000">
<ele>0.000</ele>
</trkpt>
<trkpt lat="33.97763000" lon="-113.80005100">
<ele>0.000</ele>
</trkpt>
<trkpt lat="33.97743200" lon="-113.80053400">
<ele>0.000</ele>
</trkpt>
<trkpt lat="33.97735500" lon="-113.80068800">
<ele>0.000</ele>
</trkpt>
<trkpt lat="33.97725000" lon="-113.80082700">
<ele>0.000</ele>
</trkpt>
<trkpt lat="33.97704800" lon="-113.80115700">
<ele>0.000</ele>
</trkpt>
<trkpt lat="33.97693100" lon="-113.80132500">
<ele>0.000</ele>
</trkpt>
<trkpt lat="33.97668500" lon="-113.80164400">
<ele>0.000</ele>
</trkpt>
<trkpt lat="33.97655700" lon="-113.80177700">
<ele>0.000</ele>
</trkpt>
<trkpt lat="33.97628300" lon="-113.80200700">
<ele>0.000</ele>
</trkpt>
<trkpt lat="33.97583700" lon="-113.80243800">
<ele>0.000</ele>
</trkpt>
<trkpt lat="33.97549900" lon="-113.80274100">
<ele>0.000</ele>
</trkpt>
<trkpt lat="33.97513500" lon="-113.80299000">
<ele>0.000</ele>
</trkpt>
<trkpt lat="33.97495700" lon="-113.80312700">
<ele>0.000</ele>
</trkpt>
<trkpt lat="33.97479300" lon="-113.80328900">
<ele>0.000</ele>
</trkpt>
<trkpt lat="33.97447400" lon="-113.80364800">
<ele>0.000</ele>
</trkpt>
<trkpt lat="33.97430000" lon="-113.80380100">
<ele>0.000</ele>
</trkpt>
<trkpt lat="33.97412600" lon="-113.80394400">
<ele>0.000</ele>
</trkpt>
<trkpt lat="33.97336000" lon="-113.80442600">
<ele>0.000</ele>
</trkpt>
<trkpt lat="33.97299500" lon="-113.80469000">
<ele>0.000</ele>
</trkpt>
<trkpt lat="33.97283100" lon="-113.80483500">
<ele>0.000</ele>
</trkpt>
<trkpt lat="33.97254100" lon="-113.80514200">
<ele>0.000</ele>
</trkpt>
<trkpt lat="33.97242000" lon="-113.80531000">
<ele>0.000</ele>
</trkpt>
<trkpt lat="33.97195200" lon="-113.80609400">
<ele>0.000</ele>
</trkpt>
<trkpt lat="33.97172900" lon="-113.80644200">
<ele>0.000</ele>
</trkpt>
<trkpt lat="33.97149500" lon="-113.80678000">
<ele>0.000</ele>
</trkpt>
<trkpt lat="33.97116500" lon="-113.80719100">
<ele>0.000</ele>
</trkpt>
<trkpt lat="33.97101100" lon="-113.80740800">
<ele>0.000</ele>
</trkpt>
<trkpt lat="33.97079200" lon="-113.80776800">
<ele>0.000</ele>
</trkpt>
<trkpt lat="33.97043300" lon="-113.80851000">
<ele>0.000</ele>
</trkpt>
<trkpt lat="33.97026500" lon="-113.80880800">
<ele>0.000</ele>
</trkpt>
<trkpt lat="33.96979500" lon="-113.80949800">
<ele>0.000</ele>
</trkpt>
<trkpt lat="33.96966300" lon="-113.80966300">
<ele>0.000</ele>
</trkpt>
<trkpt lat="33.96938100" lon="-113.80996000">
<ele>0.000</ele>
</trkpt>
<trkpt lat="33.96923300" lon="-113.81007600">
<ele>0.000</ele>
</trkpt>
<trkpt lat="33.96871600" lon="-113.81042000">
<ele>0.000</ele>
</trkpt>
<trkpt lat="33.96855600" lon="-113.81054300">
<ele>0.000</ele>
</trkpt>
<trkpt lat="33.96842200" lon="-113.81067900">
<ele>0.000</ele>
</trkpt>
<trkpt lat="33.96830700" lon="-113.81081900">
<ele>0.000</ele>
</trkpt>
<trkpt lat="33.96821000" lon="-113.81098200">
<ele>0.000</ele>
</trkpt>
<trkpt lat="33.96809900" lon="-113.81113300">
<ele>0.000</ele>
</trkpt>
<trkpt lat="33.96798900" lon="-113.81124100">
<ele>0.000</ele>
</trkpt>
<trkpt lat="33.96757000" lon="-113.81152100">
<ele>0.000</ele>
</trkpt>
<trkpt lat="33.96741900" lon="-113.81164500">
<ele>0.000</ele>
</trkpt>
<trkpt lat="33.96714600" lon="-113.81191300">
<ele>0.000</ele>
</trkpt>
<trkpt lat="33.96705100" lon="-113.81204500">
<ele>0.000</ele>
</trkpt>
<trkpt lat="33.96686500" lon="-113.81236800">
<ele>0.000</ele>
</trkpt>
<trkpt lat="33.96664300" lon="-113.81271800">
<ele>0.000</ele>
</trkpt>
<trkpt lat="33.96626100" lon="-113.81322600">
<ele>0.000</ele>
</trkpt>
<trkpt lat="33.96595700" lon="-113.81374300">
<ele>0.000</ele>
</trkpt>
<trkpt lat="33.96584600" lon="-113.81387500">
<ele>0.000</ele>
</trkpt>
<trkpt lat="33.96558200" lon="-113.81409300">
<ele>0.000</ele>
</trkpt>
<trkpt lat="33.96545200" lon="-113.81423100">
<ele>0.000</ele>
</trkpt>
<trkpt lat="33.96518500" lon="-113.81455500">
<ele>0.000</ele>
</trkpt>
<trkpt lat="33.96489100" lon="-113.81486500">
<ele>0.000</ele>
</trkpt>
<trkpt lat="33.96456500" lon="-113.81512800">
<ele>0.000</ele>
</trkpt>
<trkpt lat="33.96443200" lon="-113.81525700">
<ele>0.000</ele>
</trkpt>
<trkpt lat="33.96431400" lon="-113.81538800">
<ele>0.000</ele>
</trkpt>
<trkpt lat="33.96421200" lon="-113.81554000">
<ele>0.000</ele>
</trkpt>
<trkpt lat="33.96395900" lon="-113.81602400">
<ele>0.000</ele>
</trkpt>
<trkpt lat="33.96389100" lon="-113.81619600">
<ele>0.000</ele>
</trkpt>
<trkpt lat="33.96384100" lon="-113.81637100">
<ele>0.000</ele>
</trkpt>
<trkpt lat="33.96378100" lon="-113.81652800">
<ele>0.000</ele>
</trkpt>
<trkpt lat="33.96370000" lon="-113.81667400">
<ele>0.000</ele>
</trkpt>
<trkpt lat="33.96360500" lon="-113.81681300">
<ele>0.000</ele>
</trkpt>
<trkpt lat="33.96338200" lon="-113.81707300">
<ele>0.000</ele>
</trkpt>
<trkpt lat="33.96326300" lon="-113.81718600">
<ele>0.000</ele>
</trkpt>
<trkpt lat="33.96298400" lon="-113.81737600">
<ele>0.000</ele>
</trkpt>
<trkpt lat="33.96266900" lon="-113.81761900">
<ele>0.000</ele>
</trkpt>
<trkpt lat="33.96212800" lon="-113.81797900">
<ele>0.000</ele>
</trkpt>
<trkpt lat="33.96180000" lon="-113.81823900">
<ele>0.000</ele>
</trkpt>
<trkpt lat="33.96168300" lon="-113.81836400">
<ele>0.000</ele>
</trkpt>
<trkpt lat="33.96132700" lon="-113.81883000">
<ele>0.000</ele>
</trkpt>
<trkpt lat="33.96121500" lon="-113.81895100">
<ele>0.000</ele>
</trkpt>
<trkpt lat="33.96109400" lon="-113.81904700">
<ele>0.000</ele>
</trkpt>
<trkpt lat="33.96095500" lon="-113.81912500">
<ele>0.000</ele>
</trkpt>
<trkpt lat="33.96080500" lon="-113.81919400">
<ele>0.000</ele>
</trkpt>
<trkpt lat="33.96065000" lon="-113.81928700">
<ele>0.000</ele>
</trkpt>
<trkpt lat="33.96050100" lon="-113.81939800">
<ele>0.000</ele>
</trkpt>
<trkpt lat="33.96031400" lon="-113.81959800">
<ele>0.000</ele>
</trkpt>
<trkpt lat="33.96021400" lon="-113.81961900">
<ele>0.000</ele>
</trkpt>
<trkpt lat="33.96016800" lon="-113.81961800">
<ele>0.000</ele>
</trkpt>
<trkpt lat="33.96013000" lon="-113.81959600">
<ele>0.000</ele>
</trkpt>
<trkpt lat="33.96009900" lon="-113.81955800">
<ele>0.000</ele>
</trkpt>
<trkpt lat="33.95953600" lon="-113.81906000">
<ele>0.000</ele>
</trkpt>
<trkpt lat="33.95934000" lon="-113.81890700">
<ele>0.000</ele>
</trkpt>
<trkpt lat="33.95904400" lon="-113.81872600">
<ele>0.000</ele>
</trkpt>
<trkpt lat="33.95864100" lon="-113.81851200">
<ele>0.000</ele>
</trkpt>
<trkpt lat="33.95838800" lon="-113.81834500">
<ele>0.000</ele>
</trkpt>
<trkpt lat="33.95830100" lon="-113.81827100">
<ele>0.000</ele>
</trkpt>
<trkpt lat="33.95820185" lon="-113.81817757">
<ele>0.000</ele>
</trkpt>
<trkpt lat="33.95810788" lon="-113.81800184">
<ele>0.000</ele>
</trkpt>
<trkpt lat="33.95806111" lon="-113.81785549">
<ele>0.000</ele>
</trkpt>
<trkpt lat="33.95806439" lon="-113.81767950">
<ele>0.000</ele>
</trkpt>
<trkpt lat="33.95815628" lon="-113.81740032">
<ele>0.000</ele>
</trkpt>
<trkpt lat="33.95855500" lon="-113.81645700">
<ele>0.000</ele>
</trkpt>
<trkpt lat="33.95921000" lon="-113.81480900">
<ele>0.000</ele>
</trkpt>
<trkpt lat="33.95931400" lon="-113.81448300">
<ele>0.000</ele>
</trkpt>
<trkpt lat="33.95961700" lon="-113.81362100">
<ele>0.000</ele>
</trkpt>
<trkpt lat="33.95999500" lon="-113.81264400">
<ele>0.000</ele>
</trkpt>
<trkpt lat="33.96117624" lon="-113.80943612">
<ele>0.000</ele>
</trkpt>
<trkpt lat="33.96121300" lon="-113.80927700">
<ele>0.000</ele>
</trkpt>
<trkpt lat="33.96174100" lon="-113.80782200">
<ele>0.000</ele>
</trkpt>
<trkpt lat="33.96192300" lon="-113.80740800">
<ele>0.000</ele>
</trkpt>
<trkpt lat="33.96202200" lon="-113.80720700">
<ele>0.000</ele>
</trkpt>
<trkpt lat="33.96213100" lon="-113.80701900">
<ele>0.000</ele>
</trkpt>
<trkpt lat="33.96224500" lon="-113.80684700">
<ele>0.000</ele>
</trkpt>
<trkpt lat="33.96248800" lon="-113.80657500">
<ele>0.000</ele>
</trkpt>
<trkpt lat="33.96274400" lon="-113.80636300">
<ele>0.000</ele>
</trkpt>
<trkpt lat="33.96311400" lon="-113.80601100">
<ele>0.000</ele>
</trkpt>
<trkpt lat="33.96322000" lon="-113.80589800">
<ele>0.000</ele>
</trkpt>
<trkpt lat="33.96339500" lon="-113.80558800">
<ele>0.000</ele>
</trkpt>
<trkpt lat="33.96348600" lon="-113.80551800">
<ele>0.000</ele>
</trkpt>
<trkpt lat="33.96359700" lon="-113.80547300">
<ele>0.000</ele>
</trkpt>
<trkpt lat="33.96371200" lon="-113.80545400">
<ele>0.000</ele>
</trkpt>
<trkpt lat="33.96388400" lon="-113.80548400">
<ele>0.000</ele>
</trkpt>
<trkpt lat="33.96418400" lon="-113.80550500">
<ele>0.000</ele>
</trkpt>
<trkpt lat="33.96443900" lon="-113.80549900">
<ele>0.000</ele>
</trkpt>
<trkpt lat="33.96457400" lon="-113.80547300">
<ele>0.000</ele>
</trkpt>
<trkpt lat="33.96470400" lon="-113.80543300">
<ele>0.000</ele>
</trkpt>
<trkpt lat="33.96483500" lon="-113.80537000">
<ele>0.000</ele>
</trkpt>
<trkpt lat="33.96510800" lon="-113.80526800">
<ele>0.000</ele>
</trkpt>
<trkpt lat="33.96540800" lon="-113.80518800">
<ele>0.000</ele>
</trkpt>
<trkpt lat="33.96603700" lon="-113.80506600">
<ele>0.000</ele>
</trkpt>
<trkpt lat="33.96636800" lon="-113.80498100">
<ele>0.000</ele>
</trkpt>
<trkpt lat="33.96705300" lon="-113.80487300">
<ele>0.000</ele>
</trkpt>
<trkpt lat="33.96798200" lon="-113.80465200">
<ele>0.000</ele>
</trkpt>
<trkpt lat="33.96811200" lon="-113.80460900">
<ele>0.000</ele>
</trkpt>
<trkpt lat="33.96839500" lon="-113.80456900">
<ele>0.000</ele>
</trkpt>
<trkpt lat="33.96868000" lon="-113.80451400">
<ele>0.000</ele>
</trkpt>
<trkpt lat="33.96910400" lon="-113.80446400">
<ele>0.000</ele>
</trkpt>
<trkpt lat="33.96924300" lon="-113.80443100">
<ele>0.000</ele>
</trkpt>
<trkpt lat="33.96968400" lon="-113.80436100">
<ele>0.000</ele>
</trkpt>
<trkpt lat="33.97014800" lon="-113.80426300">
<ele>0.000</ele>
</trkpt>
<trkpt lat="33.97030500" lon="-113.80421400">
<ele>0.000</ele>
</trkpt>
<trkpt lat="33.97094100" lon="-113.80392100">
<ele>0.000</ele>
</trkpt>
<trkpt lat="33.97109600" lon="-113.80383500">
<ele>0.000</ele>
</trkpt>
<trkpt lat="33.97136600" lon="-113.80365800">
<ele>0.000</ele>
</trkpt>
<trkpt lat="33.97149100" lon="-113.80356300">
<ele>0.000</ele>
</trkpt>
<trkpt lat="33.97169100" lon="-113.80335000">
<ele>0.000</ele>
</trkpt>
<trkpt lat="33.97175000" lon="-113.80323600">
<ele>0.000</ele>
</trkpt>
<trkpt lat="33.97181200" lon="-113.80296500">
<ele>0.000</ele>
</trkpt>
<trkpt lat="33.97221500" lon="-113.80164300">
<ele>0.000</ele>
</trkpt>
<trkpt lat="33.97233600" lon="-113.80130300">
<ele>0.000</ele>
</trkpt>
<trkpt lat="33.97240400" lon="-113.80119800">
<ele>0.000</ele>
</trkpt>
<trkpt lat="33.97249000" lon="-113.80112800">
<ele>0.000</ele>
</trkpt>
<trkpt lat="33.97258900" lon="-113.80112000">
<ele>0.000</ele>
</trkpt>
<trkpt lat="33.97280100" lon="-113.80115600">
<ele>0.000</ele>
</trkpt>
<trkpt lat="33.97316500" lon="-113.80130400">
<ele>0.000</ele>
</trkpt>
<trkpt lat="33.97341100" lon="-113.80138500">
<ele>0.000</ele>
</trkpt>
<trkpt lat="33.97352400" lon="-113.80137900">
<ele>0.000</ele>
</trkpt>
<trkpt lat="33.97386600" lon="-113.80121300">
<ele>0.000</ele>
</trkpt>
<trkpt lat="33.97423000" lon="-113.80110700">
<ele>0.000</ele>
</trkpt>
<trkpt lat="33.97435700" lon="-113.80108300">
<ele>0.000</ele>
</trkpt>
<trkpt lat="33.97461000" lon="-113.80105000">
<ele>0.000</ele>
</trkpt>
<trkpt lat="33.97473300" lon="-113.80104600">
<ele>0.000</ele>
</trkpt>
<trkpt lat="33.97498600" lon="-113.80106900">
<ele>0.000</ele>
</trkpt>
<trkpt lat="33.97523000" lon="-113.80105400">
<ele>0.000</ele>
</trkpt>
<trkpt lat="33.97535800" lon="-113.80102100">
<ele>0.000</ele>
</trkpt>
<trkpt lat="33.97573400" lon="-113.80085700">
<ele>0.000</ele>
</trkpt>
<trkpt lat="33.97581700" lon="-113.80082400">
<ele>0.000</ele>
</trkpt>
<trkpt lat="33.97587200" lon="-113.80081300">
<ele>0.000</ele>
</trkpt>
<trkpt lat="33.97610000" lon="-113.80070300">
<ele>0.000</ele>
</trkpt>
<trkpt lat="33.97673700" lon="-113.80027600">
<ele>0.000</ele>
</trkpt>
<trkpt lat="33.97689500" lon="-113.80013400">
<ele>0.000</ele>
</trkpt>
<trkpt lat="33.97704000" lon="-113.79997400">
<ele>0.000</ele>
</trkpt>
<trkpt lat="33.97714800" lon="-113.79980100">
<ele>0.000</ele>
</trkpt>
<trkpt lat="33.97724900" lon="-113.79961300">
<ele>0.000</ele>
</trkpt>
<trkpt lat="33.97744200" lon="-113.79918700">
<ele>0.000</ele>
</trkpt>
<trkpt lat="33.97754400" lon="-113.79898800">
<ele>0.000</ele>
</trkpt>
<trkpt lat="33.97765600" lon="-113.79884000">
<ele>0.000</ele>
</trkpt>
<trkpt lat="33.97780000" lon="-113.79870600">
<ele>0.000</ele>
</trkpt>
<trkpt lat="33.97793700" lon="-113.79854400">
<ele>0.000</ele>
</trkpt>
<trkpt lat="33.97829100" lon="-113.79809800">
<ele>0.000</ele>
</trkpt>
<trkpt lat="33.97834900" lon="-113.79800800">
<ele>0.000</ele>
</trkpt>
<trkpt lat="33.97837900" lon="-113.79777200">
<ele>0.000</ele>
</trkpt>
<trkpt lat="33.97844800" lon="-113.79756500">
<ele>0.000</ele>
</trkpt>
<trkpt lat="33.97859300" lon="-113.79734900">
<ele>0.000</ele>
</trkpt>
<trkpt lat="33.97864100" lon="-113.79724900">
<ele>0.000</ele>
</trkpt>
<trkpt lat="33.97867500" lon="-113.79716300">
<ele>0.000</ele>
</trkpt>
<trkpt lat="33.97871000" lon="-113.79698800">
<ele>0.000</ele>
</trkpt>
<trkpt lat="33.97873600" lon="-113.79690900">
<ele>0.000</ele>
</trkpt>
<trkpt lat="33.97900500" lon="-113.79645300">
<ele>0.000</ele>
</trkpt>
<trkpt lat="33.97904500" lon="-113.79631800">
<ele>0.000</ele>
</trkpt>
<trkpt lat="33.97910300" lon="-113.79597000">
<ele>0.000</ele>
</trkpt>
<trkpt lat="33.97924100" lon="-113.79539200">
<ele>0.000</ele>
</trkpt>
<trkpt lat="33.97933000" lon="-113.79493300">
<ele>0.000</ele>
</trkpt>
<trkpt lat="33.97950200" lon="-113.79431500">
<ele>0.000</ele>
</trkpt>
<trkpt lat="33.97962400" lon="-113.79357600">
<ele>0.000</ele>
</trkpt>
<trkpt lat="33.97963500" lon="-113.79316900">
<ele>0.000</ele>
</trkpt>
<trkpt lat="33.97965800" lon="-113.79298800">
<ele>0.000</ele>
</trkpt>
<trkpt lat="33.97976000" lon="-113.79246500">
<ele>0.000</ele>
</trkpt>
<trkpt lat="33.97982300" lon="-113.79231000">
<ele>0.000</ele>
</trkpt>
<trkpt lat="33.98003200" lon="-113.79171300">
<ele>0.000</ele>
</trkpt>
<trkpt lat="33.98013700" lon="-113.79132700">
<ele>0.000</ele>
</trkpt>
<trkpt lat="33.98018300" lon="-113.79111000">
<ele>0.000</ele>
</trkpt>
<trkpt lat="33.98025500" lon="-113.79064200">
<ele>0.000</ele>
</trkpt>
<trkpt lat="33.98030800" lon="-113.79042800">
<ele>0.000</ele>
</trkpt>
<trkpt lat="33.98048700" lon="-113.78998400">
<ele>0.000</ele>
</trkpt>
<trkpt lat="33.98075400" lon="-113.78926900">
<ele>0.000</ele>
</trkpt>
<trkpt lat="33.98081000" lon="-113.78909700">
<ele>0.000</ele>
</trkpt>
<trkpt lat="33.98084900" lon="-113.78893500">
<ele>0.000</ele>
</trkpt>
<trkpt lat="33.98087500" lon="-113.78876200">
<ele>0.000</ele>
</trkpt>
<trkpt lat="33.98089000" lon="-113.78857800">
<ele>0.000</ele>
</trkpt>
<trkpt lat="33.98087900" lon="-113.78838700">
<ele>0.000</ele>
</trkpt>
<trkpt lat="33.98088400" lon="-113.78817900">
<ele>0.000</ele>
</trkpt>
<trkpt lat="33.98091100" lon="-113.78779100">
<ele>0.000</ele>
</trkpt>
<trkpt lat="33.98092700" lon="-113.78724100">
<ele>0.000</ele>
</trkpt>
<trkpt lat="33.98096100" lon="-113.78687200">
<ele>0.000</ele>
</trkpt>
<trkpt lat="33.98093700" lon="-113.78673300">
<ele>0.000</ele>
</trkpt>
<trkpt lat="33.98088400" lon="-113.78658800">
<ele>0.000</ele>
</trkpt>
<trkpt lat="33.98066700" lon="-113.78612300">
<ele>0.000</ele>
</trkpt>
<trkpt lat="33.98035000" lon="-113.78565900">
<ele>0.000</ele>
</trkpt>
<trkpt lat="33.98028500" lon="-113.78554800">
<ele>0.000</ele>
</trkpt>
<trkpt lat="33.98025500" lon="-113.78542200">
<ele>0.000</ele>
</trkpt>
<trkpt lat="33.98026400" lon="-113.78526000">
<ele>0.000</ele>
</trkpt>
<trkpt lat="33.98032200" lon="-113.78490600">
<ele>0.000</ele>
</trkpt>
<trkpt lat="33.98041200" lon="-113.78447600">
<ele>0.000</ele>
</trkpt>
<trkpt lat="33.98044400" lon="-113.78423900">
<ele>0.000</ele>
</trkpt>
<trkpt lat="33.98047400" lon="-113.78347000">
<ele>0.000</ele>
</trkpt>
<trkpt lat="33.98045400" lon="-113.78313100">
<ele>0.000</ele>
</trkpt>
<trkpt lat="33.98050600" lon="-113.78274800">
<ele>0.000</ele>
</trkpt>
<trkpt lat="33.98057700" lon="-113.78254400">
<ele>0.000</ele>
</trkpt>
<trkpt lat="33.98078200" lon="-113.78211800">
<ele>0.000</ele>
</trkpt>
<trkpt lat="33.98116100" lon="-113.78111300">
<ele>0.000</ele>
</trkpt>
<trkpt lat="33.98127400" lon="-113.78086200">
<ele>0.000</ele>
</trkpt>
<trkpt lat="33.98138000" lon="-113.78065400">
<ele>0.000</ele>
</trkpt>
<trkpt lat="33.98148200" lon="-113.78050500">
<ele>0.000</ele>
</trkpt>
<trkpt lat="33.98158800" lon="-113.78038900">
<ele>0.000</ele>
</trkpt>
<trkpt lat="33.98184100" lon="-113.78022300">
<ele>0.000</ele>
</trkpt>
<trkpt lat="33.98199000" lon="-113.78015800">
<ele>0.000</ele>
</trkpt>
<trkpt lat="33.98227700" lon="-113.78010100">
<ele>0.000</ele>
</trkpt>
<trkpt lat="33.98241900" lon="-113.78005000">
<ele>0.000</ele>
</trkpt>
<trkpt lat="33.98252800" lon="-113.77999400">
<ele>0.000</ele>
</trkpt>
<trkpt lat="33.98262300" lon="-113.77993200">
<ele>0.000</ele>
</trkpt>
<trkpt lat="33.98268500" lon="-113.77984000">
<ele>0.000</ele>
</trkpt>
<trkpt lat="33.98271100" lon="-113.77971900">
<ele>0.000</ele>
</trkpt>
<trkpt lat="33.98271700" lon="-113.77959500">
<ele>0.000</ele>
</trkpt>
<trkpt lat="33.98276700" lon="-113.77945400">
<ele>0.000</ele>
</trkpt>
<trkpt lat="33.98301300" lon="-113.77892100">
<ele>0.000</ele>
</trkpt>
<trkpt lat="33.98330400" lon="-113.77824600">
<ele>0.000</ele>
</trkpt>
<trkpt lat="33.98341300" lon="-113.77804800">
<ele>0.000</ele>
</trkpt>
<trkpt lat="33.98354600" lon="-113.77790200">
<ele>0.000</ele>
</trkpt>
<trkpt lat="33.98380400" lon="-113.77750800">
<ele>0.000</ele>
</trkpt>
<trkpt lat="33.98440400" lon="-113.77637300">
<ele>0.000</ele>
</trkpt>
<trkpt lat="33.98481900" lon="-113.77566100">
<ele>0.000</ele>
</trkpt>
<trkpt lat="33.98495400" lon="-113.77540800">
<ele>0.000</ele>
</trkpt>
<trkpt lat="33.98532000" lon="-113.77461300">
<ele>0.000</ele>
</trkpt>
<trkpt lat="33.98583100" lon="-113.77369100">
<ele>0.000</ele>
</trkpt>
<trkpt lat="33.98594900" lon="-113.77344500">
<ele>0.000</ele>
</trkpt>
<trkpt lat="33.98645600" lon="-113.77232400">
<ele>0.000</ele>
</trkpt>
<trkpt lat="33.98649400" lon="-113.77216700">
<ele>0.000</ele>
</trkpt>
<trkpt lat="33.98653700" lon="-113.77179200">
<ele>0.000</ele>
</trkpt>
<trkpt lat="33.98659900" lon="-113.77088300">
<ele>0.000</ele>
</trkpt>
<trkpt lat="33.98663800" lon="-113.76948400">
<ele>0.000</ele>
</trkpt>
<trkpt lat="33.98666300" lon="-113.76732400">
<ele>0.000</ele>
</trkpt>
<trkpt lat="33.98660800" lon="-113.76376600">
<ele>0.000</ele>
</trkpt>
<trkpt lat="33.98660100" lon="-113.76277000">
<ele>0.000</ele>
</trkpt>
<trkpt lat="33.98662000" lon="-113.76016200">
<ele>0.000</ele>
</trkpt>
<trkpt lat="33.98656400" lon="-113.75841800">
<ele>0.000</ele>
</trkpt>
<trkpt lat="33.98655900" lon="-113.75755000">
<ele>0.000</ele>
</trkpt>
<trkpt lat="33.98656600" lon="-113.75696900">
<ele>0.000</ele>
</trkpt>
<trkpt lat="33.98654400" lon="-113.75580100">
<ele>0.000</ele>
</trkpt>
<trkpt lat="33.98650100" lon="-113.75478800">
<ele>0.000</ele>
</trkpt>
<trkpt lat="33.98649000" lon="-113.75427700">
<ele>0.000</ele>
</trkpt>
<trkpt lat="33.98650700" lon="-113.75402000">
<ele>0.000</ele>
</trkpt>
<trkpt lat="33.98653800" lon="-113.75376200">
<ele>0.000</ele>
</trkpt>
<trkpt lat="33.98662900" lon="-113.75326800">
<ele>0.000</ele>
</trkpt>
<trkpt lat="33.98665200" lon="-113.75304200">
<ele>0.000</ele>
</trkpt>
<trkpt lat="33.98664100" lon="-113.75282600">
<ele>0.000</ele>
</trkpt>
<trkpt lat="33.98655700" lon="-113.75236200">
<ele>0.000</ele>
</trkpt>
<trkpt lat="33.98649000" lon="-113.75158200">
<ele>0.000</ele>
</trkpt>
<trkpt lat="33.98648000" lon="-113.75131900">
<ele>0.000</ele>
</trkpt>
<trkpt lat="33.98648000" lon="-113.75077700">
<ele>0.000</ele>
</trkpt>
<trkpt lat="33.98656900" lon="-113.74855600">
<ele>0.000</ele>
</trkpt>
<trkpt lat="33.98661600" lon="-113.74477500">
<ele>0.000</ele>
</trkpt>
<trkpt lat="33.98661200" lon="-113.74210500">
<ele>0.000</ele>
</trkpt>
<trkpt lat="33.98658000" lon="-113.73824600">
<ele>0.000</ele>
</trkpt>
<trkpt lat="33.98650200" lon="-113.73294400">
<ele>0.000</ele>
</trkpt>
<trkpt lat="33.98650200" lon="-113.73288300">
<ele>0.000</ele>
</trkpt>
<trkpt lat="33.98646700" lon="-113.73197000">
<ele>0.000</ele>
</trkpt>
<trkpt lat="33.98649100" lon="-113.73014400">
<ele>0.000</ele>
</trkpt>
<trkpt lat="33.98648000" lon="-113.72904200">
<ele>0.000</ele>
</trkpt>
<trkpt lat="33.98655200" lon="-113.72699600">
<ele>0.000</ele>
</trkpt>
<trkpt lat="33.98659700" lon="-113.72338500">
<ele>0.000</ele>
</trkpt>
<trkpt lat="33.98662400" lon="-113.72217700">
<ele>0.000</ele>
</trkpt>
<trkpt lat="33.98662200" lon="-113.72187600">
<ele>0.000</ele>
</trkpt>
<trkpt lat="33.98666000" lon="-113.72037000">
<ele>0.000</ele>
</trkpt>
<trkpt lat="33.98666000" lon="-113.71855500">
<ele>0.000</ele>
</trkpt>
<trkpt lat="33.98667900" lon="-113.71704200">
<ele>0.000</ele>
</trkpt>
<trkpt lat="33.98664500" lon="-113.71309800">
<ele>0.000</ele>
</trkpt>
<trkpt lat="33.98664400" lon="-113.71099200">
<ele>0.000</ele>
</trkpt>
<trkpt lat="33.98661700" lon="-113.70950800">
<ele>0.000</ele>
</trkpt>
<trkpt lat="33.98662500" lon="-113.70861800">
<ele>0.000</ele>
</trkpt>
<trkpt lat="33.98661900" lon="-113.70832100">
<ele>0.000</ele>
</trkpt>
<trkpt lat="33.98665700" lon="-113.70597000">
<ele>0.000</ele>
</trkpt>
<trkpt lat="33.98666500" lon="-113.70450200">
<ele>0.000</ele>
</trkpt>
<trkpt lat="33.98668400" lon="-113.70361800">
<ele>0.000</ele>
</trkpt>
<trkpt lat="33.98668200" lon="-113.70302600">
<ele>0.000</ele>
</trkpt>
<trkpt lat="33.98672200" lon="-113.69977100">
<ele>0.000</ele>
</trkpt>
<trkpt lat="33.98672000" lon="-113.69917800">
<ele>0.000</ele>
</trkpt>
<trkpt lat="33.98667900" lon="-113.69741000">
<ele>0.000</ele>
</trkpt>
<trkpt lat="33.98669600" lon="-113.69479500">
<ele>0.000</ele>
</trkpt>
<trkpt lat="33.98668300" lon="-113.69216800">
<ele>0.000</ele>
</trkpt>
<trkpt lat="33.98664100" lon="-113.68926500">
<ele>0.000</ele>
</trkpt>
<trkpt lat="33.98659100" lon="-113.68692800">
<ele>0.000</ele>
</trkpt>
<trkpt lat="33.98660300" lon="-113.68605400">
<ele>0.000</ele>
</trkpt>
<trkpt lat="33.98659400" lon="-113.68518700">
<ele>0.000</ele>
</trkpt>
<trkpt lat="33.98660700" lon="-113.68432100">
<ele>0.000</ele>
</trkpt>
<trkpt lat="33.98663400" lon="-113.68345700">
<ele>0.000</ele>
</trkpt>
<trkpt lat="33.98664400" lon="-113.68230100">
<ele>0.000</ele>
</trkpt>
<trkpt lat="33.98663200" lon="-113.67774800">
<ele>0.000</ele>
</trkpt>
<trkpt lat="33.98668200" lon="-113.67540700">
<ele>0.000</ele>
</trkpt>
<trkpt lat="33.98668300" lon="-113.67481700">
<ele>0.000</ele>
</trkpt>
<trkpt lat="33.98664500" lon="-113.67126300">
<ele>0.000</ele>
</trkpt>
<trkpt lat="33.98667400" lon="-113.66890000">
<ele>0.000</ele>
</trkpt>
<trkpt lat="33.98671700" lon="-113.66681800">
<ele>0.000</ele>
</trkpt>
<trkpt lat="33.98673700" lon="-113.66411800">
<ele>0.000</ele>
</trkpt>
<trkpt lat="33.98676400" lon="-113.66263900">
<ele>0.000</ele>
</trkpt>
<trkpt lat="33.98676500" lon="-113.66175300">
<ele>0.000</ele>
</trkpt>
<trkpt lat="33.98678200" lon="-113.66087200">
<ele>0.000</ele>
</trkpt>
<trkpt lat="33.98678200" lon="-113.66028700">
<ele>0.000</ele>
</trkpt>
<trkpt lat="33.98677200" lon="-113.65999500">
<ele>0.000</ele>
</trkpt>
<trkpt lat="33.98679000" lon="-113.65882800">
<ele>0.000</ele>
</trkpt>
<trkpt lat="33.98679800" lon="-113.65735500">
<ele>0.000</ele>
</trkpt>
<trkpt lat="33.98678800" lon="-113.65588500">
<ele>0.000</ele>
</trkpt>
<trkpt lat="33.98675200" lon="-113.65382000">
<ele>0.000</ele>
</trkpt>
<trkpt lat="33.98676200" lon="-113.65323300">
<ele>0.000</ele>
</trkpt>
<trkpt lat="33.98674100" lon="-113.65114700">
<ele>0.000</ele>
</trkpt>
<trkpt lat="33.98675900" lon="-113.64964700">
<ele>0.000</ele>
</trkpt>
<trkpt lat="33.98674600" lon="-113.64904700">
<ele>0.000</ele>
</trkpt>
<trkpt lat="33.98664500" lon="-113.64711900">
<ele>0.000</ele>
</trkpt>
<trkpt lat="33.98660900" lon="-113.64577900">
<ele>0.000</ele>
</trkpt>
<trkpt lat="33.98655600" lon="-113.64476100">
<ele>0.000</ele>
</trkpt>
<trkpt lat="33.98647500" lon="-113.64366700">
<ele>0.000</ele>
</trkpt>
<trkpt lat="33.98634900" lon="-113.64262100">
<ele>0.000</ele>
</trkpt>
<trkpt lat="33.98631800" lon="-113.64213200">
<ele>0.000</ele>
</trkpt>
<trkpt lat="33.98632300" lon="-113.64184200">
<ele>0.000</ele>
</trkpt>
<trkpt lat="33.98638900" lon="-113.64099300">
<ele>0.000</ele>
</trkpt>
<trkpt lat="33.98632200" lon="-113.64004700">
<ele>0.000</ele>
</trkpt>
<trkpt lat="33.98631400" lon="-113.63970800">
<ele>0.000</ele>
</trkpt>
<trkpt lat="33.98633000" lon="-113.63938800">
<ele>0.000</ele>
</trkpt>
<trkpt lat="33.98639300" lon="-113.63870400">
<ele>0.000</ele>
</trkpt>
<trkpt lat="33.98641500" lon="-113.63828800">
<ele>0.000</ele>
</trkpt>
<trkpt lat="33.98639700" lon="-113.63776800">
<ele>0.000</ele>
</trkpt>
<trkpt lat="33.98627100" lon="-113.63637700">
<ele>0.000</ele>
</trkpt>
<trkpt lat="33.98626600" lon="-113.63622300">
<ele>0.000</ele>
</trkpt>
<trkpt lat="33.98628000" lon="-113.63593800">
<ele>0.000</ele>
</trkpt>
<trkpt lat="33.98631100" lon="-113.63563200">
<ele>0.000</ele>
</trkpt>
<trkpt lat="33.98633100" lon="-113.63554000">
<ele>0.000</ele>
</trkpt>
<trkpt lat="33.98632193" lon="-113.63544676">
<ele>0.000</ele>
</trkpt>
<trkpt lat="33.98627200" lon="-113.63528500">
<ele>0.000</ele>
</trkpt>
<trkpt lat="33.98619500" lon="-113.63504500">
<ele>0.000</ele>
</trkpt>
<trkpt lat="33.98584800" lon="-113.63410900">
<ele>0.000</ele>
</trkpt>
<trkpt lat="33.98574800" lon="-113.63387700">
<ele>0.000</ele>
</trkpt>
<trkpt lat="33.98566100" lon="-113.63362600">
<ele>0.000</ele>
</trkpt>
<trkpt lat="33.98558300" lon="-113.63336300">
<ele>0.000</ele>
</trkpt>
<trkpt lat="33.98552200" lon="-113.63308400">
<ele>0.000</ele>
</trkpt>
<trkpt lat="33.98534200" lon="-113.63253400">
<ele>0.000</ele>
</trkpt>
<trkpt lat="33.98464000" lon="-113.63046400">
<ele>0.000</ele>
</trkpt>
<trkpt lat="33.98433200" lon="-113.62952800">
<ele>0.000</ele>
</trkpt>
<trkpt lat="33.98379500" lon="-113.62797900">
<ele>0.000</ele>
</trkpt>
<trkpt lat="33.98338800" lon="-113.62674200">
<ele>0.000</ele>
</trkpt>
<trkpt lat="33.98327000" lon="-113.62644100">
<ele>0.000</ele>
</trkpt>
<trkpt lat="33.98297900" lon="-113.62558700">
<ele>0.000</ele>
</trkpt>
<trkpt lat="33.98290400" lon="-113.62531300">
<ele>0.000</ele>
</trkpt>
<trkpt lat="33.98280700" lon="-113.62504700">
<ele>0.000</ele>
</trkpt>
<trkpt lat="33.98235300" lon="-113.62366500">
<ele>0.000</ele>
</trkpt>
<trkpt lat="33.98159100" lon="-113.62146000">
<ele>0.000</ele>
</trkpt>
<trkpt lat="33.98148100" lon="-113.62118600">
<ele>0.000</ele>
</trkpt>
<trkpt lat="33.98131300" lon="-113.62061400">
<ele>0.000</ele>
</trkpt>
<trkpt lat="33.98022500" lon="-113.61734100">
<ele>0.000</ele>
</trkpt>
<trkpt lat="33.97993500" lon="-113.61653700">
<ele>0.000</ele>
</trkpt>
<trkpt lat="33.97967300" lon="-113.61573100">
<ele>0.000</ele>
</trkpt>
<trkpt lat="33.97919600" lon="-113.61436200">
<ele>0.000</ele>
</trkpt>
<trkpt lat="33.97864700" lon="-113.61271600">
<ele>0.000</ele>
</trkpt>
<trkpt lat="33.97825900" lon="-113.61163000">
<ele>0.000</ele>
</trkpt>
<trkpt lat="33.97770800" lon="-113.60991000">
<ele>0.000</ele>
</trkpt>
<trkpt lat="33.97754400" lon="-113.60947700">
<ele>0.000</ele>
</trkpt>
<trkpt lat="33.97724700" lon="-113.60856500">
<ele>0.000</ele>
</trkpt>
<trkpt lat="33.97660000" lon="-113.60672100">
<ele>0.000</ele>
</trkpt>
<trkpt lat="33.97646300" lon="-113.60626600">
<ele>0.000</ele>
</trkpt>
<trkpt lat="33.97607700" lon="-113.60511800">
<ele>0.000</ele>
</trkpt>
<trkpt lat="33.97581800" lon="-113.60440800">
<ele>0.000</ele>
</trkpt>
<trkpt lat="33.97559700" lon="-113.60375600">
<ele>0.000</ele>
</trkpt>
<trkpt lat="33.97555200" lon="-113.60357300">
<ele>0.000</ele>
</trkpt>
<trkpt lat="33.97553100" lon="-113.60338900">
<ele>0.000</ele>
</trkpt>
<trkpt lat="33.97550700" lon="-113.60281900">
<ele>0.000</ele>
</trkpt>
<trkpt lat="33.97547700" lon="-113.60263500">
<ele>0.000</ele>
</trkpt>
<trkpt lat="33.97538900" lon="-113.60233200">
<ele>0.000</ele>
</trkpt>
<trkpt lat="33.97513000" lon="-113.60166200">
<ele>0.000</ele>
</trkpt>
<trkpt lat="33.97503000" lon="-113.60134700">
<ele>0.000</ele>
</trkpt>
<trkpt lat="33.97474900" lon="-113.60026800">
<ele>0.000</ele>
</trkpt>
<trkpt lat="33.97451400" lon="-113.59962300">
<ele>0.000</ele>
</trkpt>
<trkpt lat="33.97450900" lon="-113.59956200">
<ele>0.000</ele>
</trkpt>
<trkpt lat="33.97452900" lon="-113.59950900">
<ele>0.000</ele>
</trkpt>
<trkpt lat="33.97478500" lon="-113.59922600">
<ele>0.000</ele>
</trkpt>
<trkpt lat="33.97483300" lon="-113.59914600">
<ele>0.000</ele>
</trkpt>
<trkpt lat="33.97489800" lon="-113.59906400">
<ele>0.000</ele>
</trkpt>
<trkpt lat="33.97504100" lon="-113.59893300">
<ele>0.000</ele>
</trkpt>
<trkpt lat="33.97524500" lon="-113.59872300">
<ele>0.000</ele>
</trkpt>
<trkpt lat="33.97577600" lon="-113.59813100">
<ele>0.000</ele>
</trkpt>
<trkpt lat="33.97587200" lon="-113.59802000">
<ele>0.000</ele>
</trkpt>
<trkpt lat="33.97596300" lon="-113.59789500">
<ele>0.000</ele>
</trkpt>
<trkpt lat="33.97630400" lon="-113.59754300">
<ele>0.000</ele>
</trkpt>
<trkpt lat="33.97661200" lon="-113.59724200">
<ele>0.000</ele>
</trkpt>
<trkpt lat="33.97737400" lon="-113.59639100">
<ele>0.000</ele>
</trkpt>
<trkpt lat="33.97749400" lon="-113.59629000">
<ele>0.000</ele>
</trkpt>
<trkpt lat="33.97755000" lon="-113.59626400">
<ele>0.000</ele>
</trkpt>
<trkpt lat="33.97762000" lon="-113.59625200">
<ele>0.000</ele>
</trkpt>
<trkpt lat="33.97769200" lon="-113.59626700">
<ele>0.000</ele>
</trkpt>
<trkpt lat="33.97775300" lon="-113.59632100">
<ele>0.000</ele>
</trkpt>
<trkpt lat="33.97786700" lon="-113.59647900">
<ele>0.000</ele>
</trkpt>
<trkpt lat="33.97796300" lon="-113.59666700">
<ele>0.000</ele>
</trkpt>
<trkpt lat="33.97822700" lon="-113.59732400">
<ele>0.000</ele>
</trkpt>
<trkpt lat="33.97848900" lon="-113.59789100">
<ele>0.000</ele>
</trkpt>
<trkpt lat="33.97872900" lon="-113.59850500">
<ele>0.000</ele>
</trkpt>
<trkpt lat="33.97902600" lon="-113.59916900">
<ele>0.000</ele>
</trkpt>
<trkpt lat="33.97944200" lon="-113.60019600">
<ele>0.000</ele>
</trkpt>
<trkpt lat="33.97967700" lon="-113.60072700">
<ele>0.000</ele>
</trkpt>
<trkpt lat="33.98002900" lon="-113.60143400">
<ele>0.000</ele>
</trkpt>
<trkpt lat="33.98011300" lon="-113.60164800">
<ele>0.000</ele>
</trkpt>
<trkpt lat="33.98031200" lon="-113.60223400">
<ele>0.000</ele>
</trkpt>
<trkpt lat="33.98037700" lon="-113.60237500">
<ele>0.000</ele>
</trkpt>
<trkpt lat="33.98043500" lon="-113.60253400">
<ele>0.000</ele>
</trkpt>
<trkpt lat="33.98058100" lon="-113.60286700">
<ele>0.000</ele>
</trkpt>
<trkpt lat="33.98105600" lon="-113.60403900">
<ele>0.000</ele>
</trkpt>
<trkpt lat="33.98173300" lon="-113.60557900">
<ele>0.000</ele>
</trkpt>
<trkpt lat="33.98228500" lon="-113.60661300">
<ele>0.000</ele>
</trkpt>
<trkpt lat="33.98255700" lon="-113.60715800">
<ele>0.000</ele>
</trkpt>
<trkpt lat="33.98330100" lon="-113.60890400">
<ele>0.000</ele>
</trkpt>
<trkpt lat="33.98378000" lon="-113.60988500">
<ele>0.000</ele>
</trkpt>
<trkpt lat="33.98489500" lon="-113.61203500">
<ele>0.000</ele>
</trkpt>
<trkpt lat="33.98514300" lon="-113.61253500">
<ele>0.000</ele>
</trkpt>
<trkpt lat="33.98544100" lon="-113.61319400">
<ele>0.000</ele>
</trkpt>
<trkpt lat="33.98595700" lon="-113.61417300">
<ele>0.000</ele>
</trkpt>
<trkpt lat="33.98618100" lon="-113.61466600">
<ele>0.000</ele>
</trkpt>
<trkpt lat="33.98704600" lon="-113.61647200">
<ele>0.000</ele>
</trkpt>
<trkpt lat="33.98764200" lon="-113.61776700">
<ele>0.000</ele>
</trkpt>
<trkpt lat="33.98810400" lon="-113.61873400">
<ele>0.000</ele>
</trkpt>
<trkpt lat="33.98875800" lon="-113.62019500">
<ele>0.000</ele>
</trkpt>
<trkpt lat="33.98899870" lon="-113.62065689">
<ele>0.000</ele>
</trkpt>
<trkpt lat="33.98922388" lon="-113.62110097">
<ele>0.000</ele>
</trkpt>
<trkpt lat="33.98931100" lon="-113.62131800">
<ele>0.000</ele>
</trkpt>
<trkpt lat="33.98951800" lon="-113.62174000">
<ele>0.000</ele>
</trkpt>
<trkpt lat="33.98995100" lon="-113.62268500">
<ele>0.000</ele>
</trkpt>
<trkpt lat="33.99049500" lon="-113.62392400">
<ele>0.000</ele>
</trkpt>
<trkpt lat="33.99125400" lon="-113.62559900">
<ele>0.000</ele>
</trkpt>
<trkpt lat="33.99136100" lon="-113.62580700">
<ele>0.000</ele>
</trkpt>
<trkpt lat="33.99289800" lon="-113.62913300">
<ele>0.000</ele>
</trkpt>
<trkpt lat="33.99329800" lon="-113.63004400">
<ele>0.000</ele>
</trkpt>
<trkpt lat="33.99358700" lon="-113.63060800">
<ele>0.000</ele>
</trkpt>
<trkpt lat="33.99423600" lon="-113.63211900">
<ele>0.000</ele>
</trkpt>
<trkpt lat="33.99447900" lon="-113.63260700">
<ele>0.000</ele>
</trkpt>
<trkpt lat="33.99469600" lon="-113.63307500">
<ele>0.000</ele>
</trkpt>
<trkpt lat="33.99492100" lon="-113.63362200">
<ele>0.000</ele>
</trkpt>
<trkpt lat="33.99500800" lon="-113.63377600">
<ele>0.000</ele>
</trkpt>
<trkpt lat="33.99531600" lon="-113.63423000">
<ele>0.000</ele>
</trkpt>
<trkpt lat="33.99541000" lon="-113.63440200">
<ele>0.000</ele>
</trkpt>
<trkpt lat="33.99583400" lon="-113.63542300">
<ele>0.000</ele>
</trkpt>
<trkpt lat="33.99602200" lon="-113.63584200">
<ele>0.000</ele>
</trkpt>
<trkpt lat="33.99625800" lon="-113.63643800">
<ele>0.000</ele>
</trkpt>
<trkpt lat="33.99644500" lon="-113.63686800">
<ele>0.000</ele>
</trkpt>
<trkpt lat="33.99665900" lon="-113.63731600">
<ele>0.000</ele>
</trkpt>
<trkpt lat="33.99701700" lon="-113.63799300">
<ele>0.000</ele>
</trkpt>
<trkpt lat="33.99736500" lon="-113.63869700">
<ele>0.000</ele>
</trkpt>
<trkpt lat="33.99747300" lon="-113.63894100">
<ele>0.000</ele>
</trkpt>
<trkpt lat="33.99767800" lon="-113.63945100">
<ele>0.000</ele>
</trkpt>
<trkpt lat="33.99797200" lon="-113.64024700">
<ele>0.000</ele>
</trkpt>
<trkpt lat="33.99831700" lon="-113.64104100">
<ele>0.000</ele>
</trkpt>
<trkpt lat="33.99865200" lon="-113.64185200">
<ele>0.000</ele>
</trkpt>
<trkpt lat="33.99925300" lon="-113.64318500">
<ele>0.000</ele>
</trkpt>
<trkpt lat="33.99962700" lon="-113.64397700">
<ele>0.000</ele>
</trkpt>
<trkpt lat="34.00022800" lon="-113.64530400">
<ele>0.000</ele>
</trkpt>
<trkpt lat="34.00068500" lon="-113.64639600">
<ele>0.000</ele>
</trkpt>
<trkpt lat="34.00139300" lon="-113.64802100">
<ele>0.000</ele>
</trkpt>
<trkpt lat="34.00201300" lon="-113.64936500">
<ele>0.000</ele>
</trkpt>
<trkpt lat="34.00237600" lon="-113.65018500">
<ele>0.000</ele>
</trkpt>
<trkpt lat="34.00295200" lon="-113.65153700">
<ele>0.000</ele>
</trkpt>
<trkpt lat="34.00318900" lon="-113.65206100">
<ele>0.000</ele>
</trkpt>
<trkpt lat="34.00340600" lon="-113.65259400">
<ele>0.000</ele>
</trkpt>
<trkpt lat="34.00408000" lon="-113.65418500">
<ele>0.000</ele>
</trkpt>
<trkpt lat="34.00474000" lon="-113.65580100">
<ele>0.000</ele>
</trkpt>
<trkpt lat="34.00485800" lon="-113.65606500">
<ele>0.000</ele>
</trkpt>
<trkpt lat="34.00538600" lon="-113.65739900">
<ele>0.000</ele>
</trkpt>
<trkpt lat="34.00572100" lon="-113.65820200">
<ele>0.000</ele>
</trkpt>
<trkpt lat="34.00636500" lon="-113.65983100">
<ele>0.000</ele>
</trkpt>
<trkpt lat="34.00762200" lon="-113.66285100">
<ele>0.000</ele>
</trkpt>
<trkpt lat="34.00802300" lon="-113.66389000">
<ele>0.000</ele>
</trkpt>
<trkpt lat="34.00806832" lon="-113.66398591">
<ele>0.000</ele>
</trkpt>
<trkpt lat="34.00835300" lon="-113.66466200">
<ele>0.000</ele>
</trkpt>
<trkpt lat="34.00846900" lon="-113.66496400">
<ele>0.000</ele>
</trkpt>
<trkpt lat="34.00849300" lon="-113.66510800">
<ele>0.000</ele>
</trkpt>
<trkpt lat="34.00846500" lon="-113.66524800">
<ele>0.000</ele>
</trkpt>
<trkpt lat="34.00844400" lon="-113.66556600">
<ele>0.000</ele>
</trkpt>
<trkpt lat="34.00842600" lon="-113.66617900">
<ele>0.000</ele>
</trkpt>
<trkpt lat="34.00839700" lon="-113.66666600">
<ele>0.000</ele>
</trkpt>
<trkpt lat="34.00841400" lon="-113.66714500">
<ele>0.000</ele>
</trkpt>
<trkpt lat="34.00843700" lon="-113.66738900">
<ele>0.000</ele>
</trkpt>
<trkpt lat="34.00845100" lon="-113.66789500">
<ele>0.000</ele>
</trkpt>
<trkpt lat="34.00843600" lon="-113.66947600">
<ele>0.000</ele>
</trkpt>
<trkpt lat="34.00845800" lon="-113.67120600">
<ele>0.000</ele>
</trkpt>
<trkpt lat="34.00843300" lon="-113.67195300">
<ele>0.000</ele>
</trkpt>
<trkpt lat="34.00843600" lon="-113.67214800">
<ele>0.000</ele>
</trkpt>
<trkpt lat="34.00840800" lon="-113.67336700">
<ele>0.000</ele>
</trkpt>
<trkpt lat="34.00840800" lon="-113.67483300">
<ele>0.000</ele>
</trkpt>
<trkpt lat="34.00841800" lon="-113.67513800">
<ele>0.000</ele>
</trkpt>
<trkpt lat="34.00839900" lon="-113.67599200">
<ele>0.000</ele>
</trkpt>
<trkpt lat="34.00839300" lon="-113.67762400">
<ele>0.000</ele>
</trkpt>
<trkpt lat="34.00840600" lon="-113.67851500">
<ele>0.000</ele>
</trkpt>
<trkpt lat="34.00837900" lon="-113.67909900">
<ele>0.000</ele>
</trkpt>
<trkpt lat="34.00843400" lon="-113.67942900">
<ele>0.000</ele>
</trkpt>
<trkpt lat="34.00847400" lon="-113.67952900">
<ele>0.000</ele>
</trkpt>
<trkpt lat="34.00853700" lon="-113.67962500">
<ele>0.000</ele>
</trkpt>
<trkpt lat="34.00862100" lon="-113.67970000">
<ele>0.000</ele>
</trkpt>
<trkpt lat="34.00872900" lon="-113.67976200">
<ele>0.000</ele>
</trkpt>
<trkpt lat="34.00884800" lon="-113.67980500">
<ele>0.000</ele>
</trkpt>
<trkpt lat="34.00898000" lon="-113.67981600">
<ele>0.000</ele>
</trkpt>
<trkpt lat="34.00912200" lon="-113.67981100">
<ele>0.000</ele>
</trkpt>
<trkpt lat="34.00945600" lon="-113.67977200">
<ele>0.000</ele>
</trkpt>
<trkpt lat="34.00982000" lon="-113.67978100">
<ele>0.000</ele>
</trkpt>
<trkpt lat="34.01001100" lon="-113.67976800">
<ele>0.000</ele>
</trkpt>
<trkpt lat="34.01092500" lon="-113.67976400">
<ele>0.000</ele>
</trkpt>
<trkpt lat="34.01119900" lon="-113.67977800">
<ele>0.000</ele>
</trkpt>
<trkpt lat="34.01275400" lon="-113.67976700">
<ele>0.000</ele>
</trkpt>
<trkpt lat="34.01320300" lon="-113.67977900">
<ele>0.000</ele>
</trkpt>
<trkpt lat="34.01442000" lon="-113.67976400">
<ele>0.000</ele>
</trkpt>
<trkpt lat="34.01888300" lon="-113.67977700">
<ele>0.000</ele>
</trkpt>
<trkpt lat="34.02118300" lon="-113.67976000">
<ele>0.000</ele>
</trkpt>
<trkpt lat="34.02268700" lon="-113.67977900">
<ele>0.000</ele>
</trkpt>
<trkpt lat="34.02683500" lon="-113.67977300">
<ele>0.000</ele>
</trkpt>
<trkpt lat="34.02793700" lon="-113.67979800">
<ele>0.000</ele>
</trkpt>
<trkpt lat="34.02810400" lon="-113.67978100">
<ele>0.000</ele>
</trkpt>
<trkpt lat="34.02828600" lon="-113.67977700">
<ele>0.000</ele>
</trkpt>
<trkpt lat="34.02994800" lon="-113.67977800">
<ele>0.000</ele>
</trkpt>
<trkpt lat="34.03038700" lon="-113.67976100">
<ele>0.000</ele>
</trkpt>
<trkpt lat="34.03082400" lon="-113.67971900">
<ele>0.000</ele>
</trkpt>
<trkpt lat="34.03196600" lon="-113.67951600">
<ele>0.000</ele>
</trkpt>
<trkpt lat="34.03219900" lon="-113.67949600">
<ele>0.000</ele>
</trkpt>
<trkpt lat="34.03266700" lon="-113.67950400">
<ele>0.000</ele>
</trkpt>
<trkpt lat="34.03338400" lon="-113.67947500">
<ele>0.000</ele>
</trkpt>
<trkpt lat="34.03410500" lon="-113.67948400">
<ele>0.000</ele>
</trkpt>
<trkpt lat="34.03482200" lon="-113.67942300">
<ele>0.000</ele>
</trkpt>
<trkpt lat="34.03505800" lon="-113.67942500">
<ele>0.000</ele>
</trkpt>
<trkpt lat="34.03576100" lon="-113.67947500">
<ele>0.000</ele>
</trkpt>
<trkpt lat="34.03622700" lon="-113.67946500">
<ele>0.000</ele>
</trkpt>
<trkpt lat="34.03646000" lon="-113.67943900">
<ele>0.000</ele>
</trkpt>
<trkpt lat="34.03692100" lon="-113.67935200">
<ele>0.000</ele>
</trkpt>
<trkpt lat="34.03738800" lon="-113.67928100">
<ele>0.000</ele>
</trkpt>
<trkpt lat="34.03762100" lon="-113.67925400">
<ele>0.000</ele>
</trkpt>
<trkpt lat="34.03808500" lon="-113.67922400">
<ele>0.000</ele>
</trkpt>
<trkpt lat="34.03831500" lon="-113.67923200">
<ele>0.000</ele>
</trkpt>
<trkpt lat="34.03898300" lon="-113.67937000">
<ele>0.000</ele>
</trkpt>
<trkpt lat="34.03918500" lon="-113.67939600">
<ele>0.000</ele>
</trkpt>
<trkpt lat="34.03937500" lon="-113.67939500">
<ele>0.000</ele>
</trkpt>
<trkpt lat="34.04018300" lon="-113.67927700">
<ele>0.000</ele>
</trkpt>
<trkpt lat="34.04082700" lon="-113.67922300">
<ele>0.000</ele>
</trkpt>
<trkpt lat="34.04123300" lon="-113.67916100">
<ele>0.000</ele>
</trkpt>
<trkpt lat="34.04162000" lon="-113.67902200">
<ele>0.000</ele>
</trkpt>
<trkpt lat="34.04181900" lon="-113.67896100">
<ele>0.000</ele>
</trkpt>
<trkpt lat="34.04224300" lon="-113.67886700">
<ele>0.000</ele>
</trkpt>
<trkpt lat="34.04245700" lon="-113.67883500">
<ele>0.000</ele>
</trkpt>
<trkpt lat="34.04267200" lon="-113.67883000">
<ele>0.000</ele>
</trkpt>
<trkpt lat="34.04288600" lon="-113.67884500">
<ele>0.000</ele>
</trkpt>
<trkpt lat="34.04354700" lon="-113.67895700">
<ele>0.000</ele>
</trkpt>
<trkpt lat="34.04377600" lon="-113.67897100">
<ele>0.000</ele>
</trkpt>
<trkpt lat="34.04469900" lon="-113.67898700">
<ele>0.000</ele>
</trkpt>
<trkpt lat="34.04493200" lon="-113.67897800">
<ele>0.000</ele>
</trkpt>
<trkpt lat="34.04563900" lon="-113.67889700">
<ele>0.000</ele>
</trkpt>
<trkpt lat="34.04608300" lon="-113.67886600">
<ele>0.000</ele>
</trkpt>
<trkpt lat="34.04628600" lon="-113.67883700">
<ele>0.000</ele>
</trkpt>
<trkpt lat="34.04649300" lon="-113.67879800">
<ele>0.000</ele>
</trkpt>
<trkpt lat="34.04670200" lon="-113.67874300">
<ele>0.000</ele>
</trkpt>
<trkpt lat="34.04691100" lon="-113.67866800">
<ele>0.000</ele>
</trkpt>
<trkpt lat="34.04732600" lon="-113.67849500">
<ele>0.000</ele>
</trkpt>
<trkpt lat="34.04753300" lon="-113.67839800">
<ele>0.000</ele>
</trkpt>
<trkpt lat="34.04793800" lon="-113.67817800">
<ele>0.000</ele>
</trkpt>
<trkpt lat="34.04813700" lon="-113.67806000">
<ele>0.000</ele>
</trkpt>
<trkpt lat="34.04851500" lon="-113.67780500">
<ele>0.000</ele>
</trkpt>
<trkpt lat="34.04869900" lon="-113.67771200">
<ele>0.000</ele>
</trkpt>
<trkpt lat="34.04888900" lon="-113.67764800">
<ele>0.000</ele>
</trkpt>
<trkpt lat="34.04952300" lon="-113.67752600">
<ele>0.000</ele>
</trkpt>
<trkpt lat="34.04974200" lon="-113.67747700">
<ele>0.000</ele>
</trkpt>
<trkpt lat="34.05018100" lon="-113.67735900">
<ele>0.000</ele>
</trkpt>
<trkpt lat="34.05040400" lon="-113.67731100">
<ele>0.000</ele>
</trkpt>
<trkpt lat="34.05062800" lon="-113.67728300">
<ele>0.000</ele>
</trkpt>
<trkpt lat="34.05108500" lon="-113.67728400">
<ele>0.000</ele>
</trkpt>
<trkpt lat="34.05131500" lon="-113.67730000">
<ele>0.000</ele>
</trkpt>
<trkpt lat="34.05178200" lon="-113.67735300">
<ele>0.000</ele>
</trkpt>
<trkpt lat="34.05225100" lon="-113.67742300">
<ele>0.000</ele>
</trkpt>
<trkpt lat="34.05249000" lon="-113.67744200">
<ele>0.000</ele>
</trkpt>
<trkpt lat="34.05273100" lon="-113.67744600">
<ele>0.000</ele>
</trkpt>
<trkpt lat="34.05297100" lon="-113.67743700">
<ele>0.000</ele>
</trkpt>
<trkpt lat="34.05419500" lon="-113.67735900">
<ele>0.000</ele>
</trkpt>
<trkpt lat="34.05515800" lon="-113.67727300">
<ele>0.000</ele>
</trkpt>
<trkpt lat="34.05537400" lon="-113.67723000">
<ele>0.000</ele>
</trkpt>
<trkpt lat="34.05579200" lon="-113.67709400">
<ele>0.000</ele>
</trkpt>
<trkpt lat="34.05600600" lon="-113.67705600">
<ele>0.000</ele>
</trkpt>
<trkpt lat="34.05622300" lon="-113.67706300">
<ele>0.000</ele>
</trkpt>
<trkpt lat="34.05689600" lon="-113.67716000">
<ele>0.000</ele>
</trkpt>
<trkpt lat="34.05711300" lon="-113.67717900">
<ele>0.000</ele>
</trkpt>
<trkpt lat="34.05731900" lon="-113.67717000">
<ele>0.000</ele>
</trkpt>
<trkpt lat="34.05773500" lon="-113.67711000">
<ele>0.000</ele>
</trkpt>
<trkpt lat="34.05794700" lon="-113.67709100">
<ele>0.000</ele>
</trkpt>
<trkpt lat="34.05856900" lon="-113.67707300">
<ele>0.000</ele>
</trkpt>
<trkpt lat="34.05875300" lon="-113.67705400">
<ele>0.000</ele>
</trkpt>
<trkpt lat="34.05930600" lon="-113.67691100">
<ele>0.000</ele>
</trkpt>
<trkpt lat="34.05964000" lon="-113.67686600">
<ele>0.000</ele>
</trkpt>
<trkpt lat="34.05982700" lon="-113.67686100">
<ele>0.000</ele>
</trkpt>
<trkpt lat="34.05994300" lon="-113.67686500">
<ele>0.000</ele>
</trkpt>
<trkpt lat="34.06042900" lon="-113.67692400">
<ele>0.000</ele>
</trkpt>
<trkpt lat="34.06074300" lon="-113.67694300">
<ele>0.000</ele>
</trkpt>
<trkpt lat="34.06095600" lon="-113.67697700">
<ele>0.000</ele>
</trkpt>
<trkpt lat="34.06103900" lon="-113.67700400">
<ele>0.000</ele>
</trkpt>
<trkpt lat="34.06110100" lon="-113.67704300">
<ele>0.000</ele>
</trkpt>
<trkpt lat="34.06117500" lon="-113.67711100">
<ele>0.000</ele>
</trkpt>
<trkpt lat="34.06124900" lon="-113.67720700">
<ele>0.000</ele>
</trkpt>
<trkpt lat="34.06131500" lon="-113.67732200">
<ele>0.000</ele>
</trkpt>
<trkpt lat="34.06136800" lon="-113.67744800">
<ele>0.000</ele>
</trkpt>
<trkpt lat="34.06137900" lon="-113.67758900">
<ele>0.000</ele>
</trkpt>
<trkpt lat="34.06136400" lon="-113.67766700">
<ele>0.000</ele>
</trkpt>
<trkpt lat="34.06137000" lon="-113.67773700">
<ele>0.000</ele>
</trkpt>
<trkpt lat="34.06144800" lon="-113.67806600">
<ele>0.000</ele>
</trkpt>
<trkpt lat="34.06169300" lon="-113.67865900">
<ele>0.000</ele>
</trkpt>
<trkpt lat="34.06176500" lon="-113.67893900">
<ele>0.000</ele>
</trkpt>
<trkpt lat="34.06180700" lon="-113.67925100">
<ele>0.000</ele>
</trkpt>
<trkpt lat="34.06181800" lon="-113.67948300">
<ele>0.000</ele>
</trkpt>
<trkpt lat="34.06179800" lon="-113.67972500">
<ele>0.000</ele>
</trkpt>
<trkpt lat="34.06173700" lon="-113.68002500">
<ele>0.000</ele>
</trkpt>
<trkpt lat="34.06157000" lon="-113.68063800">
<ele>0.000</ele>
</trkpt>
<trkpt lat="34.06152100" lon="-113.68086900">
<ele>0.000</ele>
</trkpt>
<trkpt lat="34.06148700" lon="-113.68110400">
<ele>0.000</ele>
</trkpt>
<trkpt lat="34.06143500" lon="-113.68131000">
<ele>0.000</ele>
</trkpt>
<trkpt lat="34.06125100" lon="-113.68193700">
<ele>0.000</ele>
</trkpt>
<trkpt lat="34.06124200" lon="-113.68201800">
<ele>0.000</ele>
</trkpt>
<trkpt lat="34.06118100" lon="-113.68226300">
<ele>0.000</ele>
</trkpt>
<trkpt lat="34.06108700" lon="-113.68239300">
<ele>0.000</ele>
</trkpt>
<trkpt lat="34.06100700" lon="-113.68246300">
<ele>0.000</ele>
</trkpt>
<trkpt lat="34.06059200" lon="-113.68267900">
<ele>0.000</ele>
</trkpt>
<trkpt lat="34.06023900" lon="-113.68288800">
<ele>0.000</ele>
</trkpt>
<trkpt lat="34.06009400" lon="-113.68299500">
<ele>0.000</ele>
</trkpt>
<trkpt lat="34.05967800" lon="-113.68339800">
<ele>0.000</ele>
</trkpt>
<trkpt lat="34.05955000" lon="-113.68349700">
<ele>0.000</ele>
</trkpt>
<trkpt lat="34.05935000" lon="-113.68376500">
<ele>0.000</ele>
</trkpt>
<trkpt lat="34.05927600" lon="-113.68393700">
<ele>0.000</ele>
</trkpt>
<trkpt lat="34.05903600" lon="-113.68458000">
<ele>0.000</ele>
</trkpt>
<trkpt lat="34.05888700" lon="-113.68504500">
<ele>0.000</ele>
</trkpt>
<trkpt lat="34.05883500" lon="-113.68524900">
<ele>0.000</ele>
</trkpt>
<trkpt lat="34.05881100" lon="-113.68545300">
<ele>0.000</ele>
</trkpt>
<trkpt lat="34.05880500" lon="-113.68566000">
<ele>0.000</ele>
</trkpt>
<trkpt lat="34.05882900" lon="-113.68587500">
<ele>0.000</ele>
</trkpt>
<trkpt lat="34.05883100" lon="-113.68606400">
<ele>0.000</ele>
</trkpt>
<trkpt lat="34.05880000" lon="-113.68619300">
<ele>0.000</ele>
</trkpt>
<trkpt lat="34.05874200" lon="-113.68633200">
<ele>0.000</ele>
</trkpt>
<trkpt lat="34.05865900" lon="-113.68646500">
<ele>0.000</ele>
</trkpt>
<trkpt lat="34.05843600" lon="-113.68675800">
<ele>0.000</ele>
</trkpt>
<trkpt lat="34.05833500" lon="-113.68695000">
<ele>0.000</ele>
</trkpt>
<trkpt lat="34.05821200" lon="-113.68713800">
<ele>0.000</ele>
</trkpt>
<trkpt lat="34.05807000" lon="-113.68730600">
<ele>0.000</ele>
</trkpt>
<trkpt lat="34.05791900" lon="-113.68745900">
<ele>0.000</ele>
</trkpt>
<trkpt lat="34.05758100" lon="-113.68771300">
<ele>0.000</ele>
</trkpt>
<trkpt lat="34.05739900" lon="-113.68783600">
<ele>0.000</ele>
</trkpt>
<trkpt lat="34.05701400" lon="-113.68806500">
<ele>0.000</ele>
</trkpt>
<trkpt lat="34.05616600" lon="-113.68851600">
<ele>0.000</ele>
</trkpt>
<trkpt lat="34.05594800" lon="-113.68861600">
<ele>0.000</ele>
</trkpt>
<trkpt lat="34.05525900" lon="-113.68882500">
<ele>0.000</ele>
</trkpt>
<trkpt lat="34.05479600" lon="-113.68899300">
<ele>0.000</ele>
</trkpt>
<trkpt lat="34.05441300" lon="-113.68911300">
<ele>0.000</ele>
</trkpt>
<trkpt lat="34.05426000" lon="-113.68917600">
<ele>0.000</ele>
</trkpt>
<trkpt lat="34.05339800" lon="-113.68979900">
<ele>0.000</ele>
</trkpt>
<trkpt lat="34.05299900" lon="-113.69006300">
<ele>0.000</ele>
</trkpt>
<trkpt lat="34.05244200" lon="-113.69039300">
<ele>0.000</ele>
</trkpt>
<trkpt lat="34.05229900" lon="-113.69049200">
<ele>0.000</ele>
</trkpt>
<trkpt lat="34.05216200" lon="-113.69061700">
<ele>0.000</ele>
</trkpt>
<trkpt lat="34.05203000" lon="-113.69076400">
<ele>0.000</ele>
</trkpt>
<trkpt lat="34.05176600" lon="-113.69110200">
<ele>0.000</ele>
</trkpt>
<trkpt lat="34.05161700" lon="-113.69126600">
<ele>0.000</ele>
</trkpt>
<trkpt lat="34.05145700" lon="-113.69142200">
<ele>0.000</ele>
</trkpt>
<trkpt lat="34.05058200" lon="-113.69220400">
<ele>0.000</ele>
</trkpt>
<trkpt lat="34.05008900" lon="-113.69272800">
<ele>0.000</ele>
</trkpt>
<trkpt lat="34.04982500" lon="-113.69307000">
<ele>0.000</ele>
</trkpt>
<trkpt lat="34.04933100" lon="-113.69386200">
<ele>0.000</ele>
</trkpt>
<trkpt lat="34.04928284" lon="-113.69397770">
<ele>0.000</ele>
</trkpt>
<trkpt lat="34.04925184" lon="-113.69406096">
<ele>0.000</ele>
</trkpt>
<trkpt lat="34.04924100" lon="-113.69407900">
<ele>0.000</ele>
</trkpt>
<trkpt lat="34.04916900" lon="-113.69428200">
<ele>0.000</ele>
</trkpt>
<trkpt lat="34.04913700" lon="-113.69451700">
<ele>0.000</ele>
</trkpt>
<trkpt lat="34.04915800" lon="-113.69464400">
<ele>0.000</ele>
</trkpt>
<trkpt lat="34.04919800" lon="-113.69477300">
<ele>0.000</ele>
</trkpt>
<trkpt lat="34.04926400" lon="-113.69492000">
<ele>0.000</ele>
</trkpt>
<trkpt lat="34.04930400" lon="-113.69506100">
<ele>0.000</ele>
</trkpt>
<trkpt lat="34.04929900" lon="-113.69519500">
<ele>0.000</ele>
</trkpt>
<trkpt lat="34.04926000" lon="-113.69533900">
<ele>0.000</ele>
</trkpt>
<trkpt lat="34.04891900" lon="-113.69596600">
<ele>0.000</ele>
</trkpt>
<trkpt lat="34.04868400" lon="-113.69629200">
<ele>0.000</ele>
</trkpt>
<trkpt lat="34.04845400" lon="-113.69663700">
<ele>0.000</ele>
</trkpt>
<trkpt lat="34.04834100" lon="-113.69682900">
<ele>0.000</ele>
</trkpt>
<trkpt lat="34.04793000" lon="-113.69766100">
<ele>0.000</ele>
</trkpt>
<trkpt lat="34.04773600" lon="-113.69808200">
<ele>0.000</ele>
</trkpt>
<trkpt lat="34.04736500" lon="-113.69900300">
<ele>0.000</ele>
</trkpt>
<trkpt lat="34.04728200" lon="-113.69923800">
<ele>0.000</ele>
</trkpt>
<trkpt lat="34.04708200" lon="-113.69995400">
<ele>0.000</ele>
</trkpt>
<trkpt lat="34.04692700" lon="-113.70040800">
<ele>0.000</ele>
</trkpt>
<trkpt lat="34.04672300" lon="-113.70082900">
<ele>0.000</ele>
</trkpt>
<trkpt lat="34.04648700" lon="-113.70149800">
<ele>0.000</ele>
</trkpt>
<trkpt lat="34.04632200" lon="-113.70191500">
<ele>0.000</ele>
</trkpt>
<trkpt lat="34.04604300" lon="-113.70249800">
<ele>0.000</ele>
</trkpt>
<trkpt lat="34.04594800" lon="-113.70284600">
<ele>0.000</ele>
</trkpt>
<trkpt lat="34.04582600" lon="-113.70320100">
<ele>0.000</ele>
</trkpt>
<trkpt lat="34.04578100" lon="-113.70338200">
<ele>0.000</ele>
</trkpt>
<trkpt lat="34.04574700" lon="-113.70376200">
<ele>0.000</ele>
</trkpt>
<trkpt lat="34.04570800" lon="-113.70395500">
<ele>0.000</ele>
</trkpt>
<trkpt lat="34.04565500" lon="-113.70413900">
<ele>0.000</ele>
</trkpt>
<trkpt lat="34.04535200" lon="-113.70484400">
<ele>0.000</ele>
</trkpt>
<trkpt lat="34.04529700" lon="-113.70500300">
<ele>0.000</ele>
</trkpt>
<trkpt lat="34.04521800" lon="-113.70514900">
<ele>0.000</ele>
</trkpt>
<trkpt lat="34.04517400" lon="-113.70528200">
<ele>0.000</ele>
</trkpt>
<trkpt lat="34.04491900" lon="-113.70592000">
<ele>0.000</ele>
</trkpt>
<trkpt lat="34.04476700" lon="-113.70633200">
<ele>0.000</ele>
</trkpt>
<trkpt lat="34.04459000" lon="-113.70676200">
<ele>0.000</ele>
</trkpt>
<trkpt lat="34.04447700" lon="-113.70696700">
<ele>0.000</ele>
</trkpt>
<trkpt lat="34.04422300" lon="-113.70738400">
<ele>0.000</ele>
</trkpt>
<trkpt lat="34.04400700" lon="-113.70782500">
<ele>0.000</ele>
</trkpt>
<trkpt lat="34.04393500" lon="-113.70802100">
<ele>0.000</ele>
</trkpt>
<trkpt lat="34.04387700" lon="-113.70821300">
<ele>0.000</ele>
</trkpt>
<trkpt lat="34.04384400" lon="-113.70841400">
<ele>0.000</ele>
</trkpt>
<trkpt lat="34.04383300" lon="-113.70863000">
<ele>0.000</ele>
</trkpt>
<trkpt lat="34.04380100" lon="-113.70885200">
<ele>0.000</ele>
</trkpt>
<trkpt lat="34.04368800" lon="-113.70930500">
<ele>0.000</ele>
</trkpt>
<trkpt lat="34.04347000" lon="-113.70998700">
<ele>0.000</ele>
</trkpt>
<trkpt lat="34.04343800" lon="-113.71018000">
<ele>0.000</ele>
</trkpt>
<trkpt lat="34.04342800" lon="-113.71036500">
<ele>0.000</ele>
</trkpt>
<trkpt lat="34.04344100" lon="-113.71054500">
<ele>0.000</ele>
</trkpt>
<trkpt lat="34.04350700" lon="-113.71093300">
<ele>0.000</ele>
</trkpt>
<trkpt lat="34.04352600" lon="-113.71112900">
<ele>0.000</ele>
</trkpt>
<trkpt lat="34.04351600" lon="-113.71131400">
<ele>0.000</ele>
</trkpt>
<trkpt lat="34.04338400" lon="-113.71208600">
<ele>0.000</ele>
</trkpt>
<trkpt lat="34.04333500" lon="-113.71229500">
<ele>0.000</ele>
</trkpt>
<trkpt lat="34.04327600" lon="-113.71247500">
<ele>0.000</ele>
</trkpt>
<trkpt lat="34.04319600" lon="-113.71262300">
<ele>0.000</ele>
</trkpt>
<trkpt lat="34.04252500" lon="-113.71361900">
<ele>0.000</ele>
</trkpt>
<trkpt lat="34.04242600" lon="-113.71378500">
<ele>0.000</ele>
</trkpt>
<trkpt lat="34.04235600" lon="-113.71394300">
<ele>0.000</ele>
</trkpt>
<trkpt lat="34.04230600" lon="-113.71410300">
<ele>0.000</ele>
</trkpt>
<trkpt lat="34.04223200" lon="-113.71424800">
<ele>0.000</ele>
</trkpt>
<trkpt lat="34.04188500" lon="-113.71467800">
<ele>0.000</ele>
</trkpt>
<trkpt lat="34.04176300" lon="-113.71484900">
<ele>0.000</ele>
</trkpt>
<trkpt lat="34.04151900" lon="-113.71523900">
<ele>0.000</ele>
</trkpt>
<trkpt lat="34.04138400" lon="-113.71543500">
<ele>0.000</ele>
</trkpt>
<trkpt lat="34.04123500" lon="-113.71561900">
<ele>0.000</ele>
</trkpt>
<trkpt lat="34.04091000" lon="-113.71597200">
<ele>0.000</ele>
</trkpt>
<trkpt lat="34.04058500" lon="-113.71636000">
<ele>0.000</ele>
</trkpt>
<trkpt lat="34.04025900" lon="-113.71672000">
<ele>0.000</ele>
</trkpt>
<trkpt lat="34.04010400" lon="-113.71685400">
<ele>0.000</ele>
</trkpt>
<trkpt lat="34.03978300" lon="-113.71708100">
<ele>0.000</ele>
</trkpt>
<trkpt lat="34.03942400" lon="-113.71728200">
<ele>0.000</ele>
</trkpt>
<trkpt lat="34.03924200" lon="-113.71739200">
<ele>0.000</ele>
</trkpt>
<trkpt lat="34.03906600" lon="-113.71751300">
<ele>0.000</ele>
</trkpt>
<trkpt lat="34.03890400" lon="-113.71764300">
<ele>0.000</ele>
</trkpt>
<trkpt lat="34.03842000" lon="-113.71808700">
<ele>0.000</ele>
</trkpt>
<trkpt lat="34.03808200" lon="-113.71837300">
<ele>0.000</ele>
</trkpt>
<trkpt lat="34.03761300" lon="-113.71869100">
<ele>0.000</ele>
</trkpt>
<trkpt lat="34.03700600" lon="-113.71926500">
<ele>0.000</ele>
</trkpt>
<trkpt lat="34.03675100" lon="-113.71957500">
<ele>0.000</ele>
</trkpt>
<trkpt lat="34.03642500" lon="-113.72008200">
<ele>0.000</ele>
</trkpt>
<trkpt lat="34.03635000" lon="-113.72025200">
<ele>0.000</ele>
</trkpt>
<trkpt lat="34.03629100" lon="-113.72044100">
<ele>0.000</ele>
</trkpt>
<trkpt lat="34.03621100" lon="-113.72063900">
<ele>0.000</ele>
</trkpt>
<trkpt lat="34.03611200" lon="-113.72081900">
<ele>0.000</ele>
</trkpt>
<trkpt lat="34.03582100" lon="-113.72128200">
<ele>0.000</ele>
</trkpt>
<trkpt lat="34.03573700" lon="-113.72134500">
<ele>0.000</ele>
</trkpt>
<trkpt lat="34.03564400" lon="-113.72138200">
<ele>0.000</ele>
</trkpt>
<trkpt lat="34.03545100" lon="-113.72141300">
<ele>0.000</ele>
</trkpt>
<trkpt lat="34.03522500" lon="-113.72148100">
<ele>0.000</ele>
</trkpt>
<trkpt lat="34.03510400" lon="-113.72153600">
<ele>0.000</ele>
</trkpt>
<trkpt lat="34.03499200" lon="-113.72160900">
<ele>0.000</ele>
</trkpt>
<trkpt lat="34.03464200" lon="-113.72198000">
<ele>0.000</ele>
</trkpt>
<trkpt lat="34.03451700" lon="-113.72213100">
<ele>0.000</ele>
</trkpt>
<trkpt lat="34.03440200" lon="-113.72229500">
<ele>0.000</ele>
</trkpt>
<trkpt lat="34.03431200" lon="-113.72246200">
<ele>0.000</ele>
</trkpt>
<trkpt lat="34.03406300" lon="-113.72328300">
<ele>0.000</ele>
</trkpt>
<trkpt lat="34.03400500" lon="-113.72352800">
<ele>0.000</ele>
</trkpt>
<trkpt lat="34.03392500" lon="-113.72403000">
<ele>0.000</ele>
</trkpt>
<trkpt lat="34.03388100" lon="-113.72421100">
<ele>0.000</ele>
</trkpt>
<trkpt lat="34.03382600" lon="-113.72435000">
<ele>0.000</ele>
</trkpt>
<trkpt lat="34.03374300" lon="-113.72447900">
<ele>0.000</ele>
</trkpt>
<trkpt lat="34.03363300" lon="-113.72460100">
<ele>0.000</ele>
</trkpt>
<trkpt lat="34.03336700" lon="-113.72484000">
<ele>0.000</ele>
</trkpt>
<trkpt lat="34.03294000" lon="-113.72510600">
<ele>0.000</ele>
</trkpt>
<trkpt lat="34.03282800" lon="-113.72514100">
<ele>0.000</ele>
</trkpt>
<trkpt lat="34.03255400" lon="-113.72515500">
<ele>0.000</ele>
</trkpt>
<trkpt lat="34.03239400" lon="-113.72518000">
<ele>0.000</ele>
</trkpt>
<trkpt lat="34.03223700" lon="-113.72522600">
<ele>0.000</ele>
</trkpt>
<trkpt lat="34.03208000" lon="-113.72529200">
<ele>0.000</ele>
</trkpt>
<trkpt lat="34.03174300" lon="-113.72547000">
<ele>0.000</ele>
</trkpt>
<trkpt lat="34.03156600" lon="-113.72555300">
<ele>0.000</ele>
</trkpt>
<trkpt lat="34.03138400" lon="-113.72561700">
<ele>0.000</ele>
</trkpt>
<trkpt lat="34.03077500" lon="-113.72579100">
<ele>0.000</ele>
</trkpt>
<trkpt lat="34.03036300" lon="-113.72593900">
<ele>0.000</ele>
</trkpt>
<trkpt lat="34.03006200" lon="-113.72610600">
<ele>0.000</ele>
</trkpt>
<trkpt lat="34.02992700" lon="-113.72622100">
<ele>0.000</ele>
</trkpt>
<trkpt lat="34.02978600" lon="-113.72636300">
<ele>0.000</ele>
</trkpt>
<trkpt lat="34.02963100" lon="-113.72650000">
<ele>0.000</ele>
</trkpt>
<trkpt lat="34.02946100" lon="-113.72662900">
<ele>0.000</ele>
</trkpt>
<trkpt lat="34.02908900" lon="-113.72687300">
<ele>0.000</ele>
</trkpt>
<trkpt lat="34.02889400" lon="-113.72698100">
<ele>0.000</ele>
</trkpt>
<trkpt lat="34.02851500" lon="-113.72715900">
<ele>0.000</ele>
</trkpt>
<trkpt lat="34.02835900" lon="-113.72722100">
<ele>0.000</ele>
</trkpt>
<trkpt lat="34.02805000" lon="-113.72727800">
<ele>0.000</ele>
</trkpt>
<trkpt lat="34.02793600" lon="-113.72733700">
<ele>0.000</ele>
</trkpt>
<trkpt lat="34.02782400" lon="-113.72743600">
<ele>0.000</ele>
</trkpt>
<trkpt lat="34.02771700" lon="-113.72755400">
<ele>0.000</ele>
</trkpt>
<trkpt lat="34.02759300" lon="-113.72765400">
<ele>0.000</ele>
</trkpt>
<trkpt lat="34.02745700" lon="-113.72774800">
<ele>0.000</ele>
</trkpt>
<trkpt lat="34.02713400" lon="-113.72793200">
<ele>0.000</ele>
</trkpt>
<trkpt lat="34.02677500" lon="-113.72817600">
<ele>0.000</ele>
</trkpt>
<trkpt lat="34.02619600" lon="-113.72859800">
<ele>0.000</ele>
</trkpt>
<trkpt lat="34.02602900" lon="-113.72873000">
<ele>0.000</ele>
</trkpt>
<trkpt lat="34.02587600" lon="-113.72890100">
<ele>0.000</ele>
</trkpt>
<trkpt lat="34.02534000" lon="-113.72942800">
<ele>0.000</ele>
</trkpt>
<trkpt lat="34.02480400" lon="-113.72991100">
<ele>0.000</ele>
</trkpt>
<trkpt lat="34.02424200" lon="-113.73035100">
<ele>0.000</ele>
</trkpt>
<trkpt lat="34.02387000" lon="-113.73058800">
<ele>0.000</ele>
</trkpt>
<trkpt lat="34.02355200" lon="-113.73084700">
<ele>0.000</ele>
</trkpt>
<trkpt lat="34.02339200" lon="-113.73095000">
<ele>0.000</ele>
</trkpt>
<trkpt lat="34.02285800" lon="-113.73120300">
<ele>0.000</ele>
</trkpt>
<trkpt lat="34.02228100" lon="-113.73154300">
<ele>0.000</ele>
</trkpt>
<trkpt lat="34.02208500" lon="-113.73166800">
<ele>0.000</ele>
</trkpt>
<trkpt lat="34.02148300" lon="-113.73201200">
<ele>0.000</ele>
</trkpt>
<trkpt lat="34.02087100" lon="-113.73234300">
<ele>0.000</ele>
</trkpt>
<trkpt lat="34.02058100" lon="-113.73248800">
<ele>0.000</ele>
</trkpt>
<trkpt lat="34.02044700" lon="-113.73253000">
<ele>0.000</ele>
</trkpt>
<trkpt lat="34.02016026" lon="-113.73263436">
<ele>0.000</ele>
</trkpt>
<trkpt lat="34.02003600" lon="-113.73272400">
<ele>0.000</ele>
</trkpt>
<trkpt lat="34.01988000" lon="-113.73289800">
<ele>0.000</ele>
</trkpt>
<trkpt lat="34.01965400" lon="-113.73311900">
<ele>0.000</ele>
</trkpt>
<trkpt lat="34.01961800" lon="-113.73316300">
<ele>0.000</ele>
</trkpt>
<trkpt lat="34.01958783" lon="-113.73324236">
<ele>0.000</ele>
</trkpt>
<trkpt lat="34.01958864" lon="-113.73332380">
<ele>0.000</ele>
</trkpt>
<trkpt lat="34.01964588" lon="-113.73344599">
<ele>0.000</ele>
</trkpt>
<trkpt lat="34.01966832" lon="-113.73349617">
<ele>0.000</ele>
</trkpt>
<trkpt lat="34.01969800" lon="-113.73354200">
<ele>0.000</ele>
</trkpt>
<trkpt lat="34.01979800" lon="-113.73389100">
<ele>0.000</ele>
</trkpt>
<trkpt lat="34.01982100" lon="-113.73404300">
<ele>0.000</ele>
</trkpt>
<trkpt lat="34.01983200" lon="-113.73436900">
<ele>0.000</ele>
</trkpt>
<trkpt lat="34.01977600" lon="-113.73505200">
<ele>0.000</ele>
</trkpt>
<trkpt lat="34.01976200" lon="-113.73546200">
<ele>0.000</ele>
</trkpt>
<trkpt lat="34.01979500" lon="-113.73564700">
<ele>0.000</ele>
</trkpt>
<trkpt lat="34.02030000" lon="-113.73702900">
<ele>0.000</ele>
</trkpt>
<trkpt lat="34.02088500" lon="-113.73873200">
<ele>0.000</ele>
</trkpt>
<trkpt lat="34.02104100" lon="-113.73915000">
<ele>0.000</ele>
</trkpt>
<trkpt lat="34.02110100" lon="-113.73938800">
<ele>0.000</ele>
</trkpt>
<trkpt lat="34.02150300" lon="-113.74050300">
<ele>0.000</ele>
</trkpt>
<trkpt lat="34.02213300" lon="-113.74234200">
<ele>0.000</ele>
</trkpt>
<trkpt lat="34.02260100" lon="-113.74373300">
<ele>0.000</ele>
</trkpt>
<trkpt lat="34.02360500" lon="-113.74682800">
<ele>0.000</ele>
</trkpt>
<trkpt lat="34.02511100" lon="-113.75163900">
<ele>0.000</ele>
</trkpt>
<trkpt lat="34.02562400" lon="-113.75334600">
<ele>0.000</ele>
</trkpt>
<trkpt lat="34.02567400" lon="-113.75364800">
<ele>0.000</ele>
</trkpt>
<trkpt lat="34.02700200" lon="-113.75787900">
<ele>0.000</ele>
</trkpt>
<trkpt lat="34.02805100" lon="-113.76094400">
<ele>0.000</ele>
</trkpt>
<trkpt lat="34.02904800" lon="-113.76380500">
<ele>0.000</ele>
</trkpt>
<trkpt lat="34.03047400" lon="-113.76781400">
<ele>0.000</ele>
</trkpt>
<trkpt lat="34.03065400" lon="-113.76838300">
<ele>0.000</ele>
</trkpt>
<trkpt lat="34.03080500" lon="-113.76898000">
<ele>0.000</ele>
</trkpt>
<trkpt lat="34.03089400" lon="-113.76927100">
<ele>0.000</ele>
</trkpt>
<trkpt lat="34.03152500" lon="-113.77098800">
<ele>0.000</ele>
</trkpt>
<trkpt lat="34.03196000" lon="-113.77209800">
<ele>0.000</ele>
</trkpt>
<trkpt lat="34.03215100" lon="-113.77265100">
<ele>0.000</ele>
</trkpt>
<trkpt lat="34.03221100" lon="-113.77272400">
<ele>0.000</ele>
</trkpt>
<trkpt lat="34.03226200" lon="-113.77299100">
<ele>0.000</ele>
</trkpt>
<trkpt lat="34.03226400" lon="-113.77311200">
<ele>0.000</ele>
</trkpt>
<trkpt lat="34.03217800" lon="-113.77373000">
<ele>0.000</ele>
</trkpt>
<trkpt lat="34.03216500" lon="-113.77389600">
<ele>0.000</ele>
</trkpt>
<trkpt lat="34.03218000" lon="-113.77408500">
<ele>0.000</ele>
</trkpt>
<trkpt lat="34.03221900" lon="-113.77428700">
<ele>0.000</ele>
</trkpt>
<trkpt lat="34.03237500" lon="-113.77469600">
<ele>0.000</ele>
</trkpt>
<trkpt lat="34.03268400" lon="-113.77542300">
<ele>0.000</ele>
</trkpt>
<trkpt lat="34.03287100" lon="-113.77596100">
<ele>0.000</ele>
</trkpt>
<trkpt lat="34.03303500" lon="-113.77652300">
<ele>0.000</ele>
</trkpt>
<trkpt lat="34.03322800" lon="-113.77741800">
<ele>0.000</ele>
</trkpt>
<trkpt lat="34.03337800" lon="-113.77801900">
<ele>0.000</ele>
</trkpt>
<trkpt lat="34.03346600" lon="-113.77831000">
<ele>0.000</ele>
</trkpt>
<trkpt lat="34.03357000" lon="-113.77860100">
<ele>0.000</ele>
</trkpt>
<trkpt lat="34.03381400" lon="-113.77916200">
<ele>0.000</ele>
</trkpt>
<trkpt lat="34.03407900" lon="-113.77972100">
<ele>0.000</ele>
</trkpt>
<trkpt lat="34.03446400" lon="-113.78057800">
<ele>0.000</ele>
</trkpt>
<trkpt lat="34.03487800" lon="-113.78143200">
<ele>0.000</ele>
</trkpt>
<trkpt lat="34.03541600" lon="-113.78258400">
<ele>0.000</ele>
</trkpt>
<trkpt lat="34.03593400" lon="-113.78373800">
<ele>0.000</ele>
</trkpt>
<trkpt lat="34.03617900" lon="-113.78431900">
<ele>0.000</ele>
</trkpt>
<trkpt lat="34.03697300" lon="-113.78636500">
<ele>0.000</ele>
</trkpt>
<trkpt lat="34.03701700" lon="-113.78669500">
<ele>0.000</ele>
</trkpt>
<trkpt lat="34.03719800" lon="-113.78730100">
<ele>0.000</ele>
</trkpt>
<trkpt lat="34.03762100" lon="-113.78883100">
<ele>0.000</ele>
</trkpt>
<trkpt lat="34.03888700" lon="-113.79316500">
<ele>0.000</ele>
</trkpt>
<trkpt lat="34.03930900" lon="-113.79473100">
<ele>0.000</ele>
</trkpt>
<trkpt lat="34.03940500" lon="-113.79503400">
<ele>0.000</ele>
</trkpt>
<trkpt lat="34.03951400" lon="-113.79532800">
<ele>0.000</ele>
</trkpt>
<trkpt lat="34.03964800" lon="-113.79560800">
<ele>0.000</ele>
</trkpt>
<trkpt lat="34.03979800" lon="-113.79587000">
<ele>0.000</ele>
</trkpt>
<trkpt lat="34.04005900" lon="-113.79628700">
<ele>0.000</ele>
</trkpt>
<trkpt lat="34.04017600" lon="-113.79651600">
<ele>0.000</ele>
</trkpt>
<trkpt lat="34.04054300" lon="-113.79761100">
<ele>0.000</ele>
</trkpt>
<trkpt lat="34.04161000" lon="-113.80095700">
<ele>0.000</ele>
</trkpt>
<trkpt lat="34.04232500" lon="-113.80313300">
<ele>0.000</ele>
</trkpt>
<trkpt lat="34.04269600" lon="-113.80433100">
<ele>0.000</ele>
</trkpt>
<trkpt lat="34.04331400" lon="-113.80618900">
<ele>0.000</ele>
</trkpt>
<trkpt lat="34.04355900" lon="-113.80682200">
<ele>0.000</ele>
</trkpt>
<trkpt lat="34.04363500" lon="-113.80691800">
<ele>0.000</ele>
</trkpt>
<trkpt lat="34.04435700" lon="-113.80883700">
<ele>0.000</ele>
</trkpt>
<trkpt lat="34.04444300" lon="-113.80909400">
<ele>0.000</ele>
</trkpt>
<trkpt lat="34.04460500" lon="-113.80964000">
<ele>0.000</ele>
</trkpt>
<trkpt lat="34.04489800" lon="-113.81071000">
<ele>0.000</ele>
</trkpt>
<trkpt lat="34.04498700" lon="-113.81096900">
<ele>0.000</ele>
</trkpt>
<trkpt lat="34.04510200" lon="-113.81122900">
<ele>0.000</ele>
</trkpt>
<trkpt lat="34.04520700" lon="-113.81151500">
<ele>0.000</ele>
</trkpt>
<trkpt lat="34.04540700" lon="-113.81210100">
<ele>0.000</ele>
</trkpt>
<trkpt lat="34.04612900" lon="-113.81412300">
<ele>0.000</ele>
</trkpt>
<trkpt lat="34.04624100" lon="-113.81435900">
<ele>0.000</ele>
</trkpt>
<trkpt lat="34.04638200" lon="-113.81458500">
<ele>0.000</ele>
</trkpt>
<trkpt lat="34.04669100" lon="-113.81504000">
<ele>0.000</ele>
</trkpt>
<trkpt lat="34.04685900" lon="-113.81524700">
<ele>0.000</ele>
</trkpt>
<trkpt lat="34.04701900" lon="-113.81542400">
<ele>0.000</ele>
</trkpt>
<trkpt lat="34.04718300" lon="-113.81557400">
<ele>0.000</ele>
</trkpt>
<trkpt lat="34.04736600" lon="-113.81570200">
<ele>0.000</ele>
</trkpt>
<trkpt lat="34.04775500" lon="-113.81589100">
<ele>0.000</ele>
</trkpt>
<trkpt lat="34.04801200" lon="-113.81603600">
<ele>0.000</ele>
</trkpt>
<trkpt lat="34.04812500" lon="-113.81614900">
<ele>0.000</ele>
</trkpt>
<trkpt lat="34.04867600" lon="-113.81696400">
<ele>0.000</ele>
</trkpt>
<trkpt lat="34.04888500" lon="-113.81733300">
<ele>0.000</ele>
</trkpt>
<trkpt lat="34.04903300" lon="-113.81763000">
<ele>0.000</ele>
</trkpt>
<trkpt lat="34.04912500" lon="-113.81778100">
<ele>0.000</ele>
</trkpt>
<trkpt lat="34.04938400" lon="-113.81807700">
<ele>0.000</ele>
</trkpt>
<trkpt lat="34.04951500" lon="-113.81824900">
<ele>0.000</ele>
</trkpt>
<trkpt lat="34.04962600" lon="-113.81841900">
<ele>0.000</ele>
</trkpt>
<trkpt lat="34.04971600" lon="-113.81860600">
<ele>0.000</ele>
</trkpt>
<trkpt lat="34.04978400" lon="-113.81880500">
<ele>0.000</ele>
</trkpt>
<trkpt lat="34.04983300" lon="-113.81902100">
<ele>0.000</ele>
</trkpt>
<trkpt lat="34.04985200" lon="-113.81923900">
<ele>0.000</ele>
</trkpt>
<trkpt lat="34.04988700" lon="-113.81947000">
<ele>0.000</ele>
</trkpt>
<trkpt lat="34.04994800" lon="-113.81973600">
<ele>0.000</ele>
</trkpt>
<trkpt lat="34.05010000" lon="-113.82018300">
<ele>0.000</ele>
</trkpt>
<trkpt lat="34.05022400" lon="-113.82063900">
<ele>0.000</ele>
</trkpt>
<trkpt lat="34.05030600" lon="-113.82085200">
<ele>0.000</ele>
</trkpt>
<trkpt lat="34.05040800" lon="-113.82107900">
<ele>0.000</ele>
</trkpt>
<trkpt lat="34.05052500" lon="-113.82131400">
<ele>0.000</ele>
</trkpt>
<trkpt lat="34.05065100" lon="-113.82153800">
<ele>0.000</ele>
</trkpt>
<trkpt lat="34.05100800" lon="-113.82208900">
<ele>0.000</ele>
</trkpt>
<trkpt lat="34.05110600" lon="-113.82227000">
<ele>0.000</ele>
</trkpt>
<trkpt lat="34.05125900" lon="-113.82240300">
<ele>0.000</ele>
</trkpt>
<trkpt lat="34.05191400" lon="-113.82312200">
<ele>0.000</ele>
</trkpt>
<trkpt lat="34.05242100" lon="-113.82372200">
<ele>0.000</ele>
</trkpt>
<trkpt lat="34.05270400" lon="-113.82410000">
<ele>0.000</ele>
</trkpt>
<trkpt lat="34.05295200" lon="-113.82453200">
<ele>0.000</ele>
</trkpt>
<trkpt lat="34.05319300" lon="-113.82499800">
<ele>0.000</ele>
</trkpt>
<trkpt lat="34.05330200" lon="-113.82525200">
<ele>0.000</ele>
</trkpt>
<trkpt lat="34.05349900" lon="-113.82579800">
<ele>0.000</ele>
</trkpt>
<trkpt lat="34.05376900" lon="-113.82661100">
<ele>0.000</ele>
</trkpt>
<trkpt lat="34.05384000" lon="-113.82685700">
<ele>0.000</ele>
</trkpt>
<trkpt lat="34.05403700" lon="-113.82766500">
<ele>0.000</ele>
</trkpt>
<trkpt lat="34.05426600" lon="-113.82850900">
<ele>0.000</ele>
</trkpt>
<trkpt lat="34.05434500" lon="-113.82876800">
<ele>0.000</ele>
</trkpt>
<trkpt lat="34.05442600" lon="-113.82898500">
<ele>0.000</ele>
</trkpt>
<trkpt lat="34.05451100" lon="-113.82916700">
<ele>0.000</ele>
</trkpt>
<trkpt lat="34.05487900" lon="-113.82967100">
<ele>0.000</ele>
</trkpt>
<trkpt lat="34.05497800" lon="-113.82987200">
<ele>0.000</ele>
</trkpt>
<trkpt lat="34.05504700" lon="-113.83010100">
<ele>0.000</ele>
</trkpt>
<trkpt lat="34.05516600" lon="-113.83062200">
<ele>0.000</ele>
</trkpt>
<trkpt lat="34.05545600" lon="-113.83198100">
<ele>0.000</ele>
</trkpt>
<trkpt lat="34.05554000" lon="-113.83220200">
<ele>0.000</ele>
</trkpt>
<trkpt lat="34.05565400" lon="-113.83243000">
<ele>0.000</ele>
</trkpt>
<trkpt lat="34.05592800" lon="-113.83289900">
<ele>0.000</ele>
</trkpt>
<trkpt lat="34.05610500" lon="-113.83312900">
<ele>0.000</ele>
</trkpt>
<trkpt lat="34.05687400" lon="-113.83449100">
<ele>0.000</ele>
</trkpt>
<trkpt lat="34.05731500" lon="-113.83534500">
<ele>0.000</ele>
</trkpt>
<trkpt lat="34.05876800" lon="-113.83794400">
<ele>0.000</ele>
</trkpt>
<trkpt lat="34.05905900" lon="-113.83835000">
<ele>0.000</ele>
</trkpt>
<trkpt lat="34.05917200" lon="-113.83853100">
<ele>0.000</ele>
</trkpt>
<trkpt lat="34.05927800" lon="-113.83874000">
<ele>0.000</ele>
</trkpt>
<trkpt lat="34.05949400" lon="-113.83922300">
<ele>0.000</ele>
</trkpt>
<trkpt lat="34.05973400" lon="-113.83972700">
<ele>0.000</ele>
</trkpt>
<trkpt lat="34.05984200" lon="-113.83999100">
<ele>0.000</ele>
</trkpt>
<trkpt lat="34.05991100" lon="-113.84026200">
<ele>0.000</ele>
</trkpt>
<trkpt lat="34.05995100" lon="-113.84050600">
<ele>0.000</ele>
</trkpt>
<trkpt lat="34.05999600" lon="-113.84128700">
<ele>0.000</ele>
</trkpt>
<trkpt lat="34.05999600" lon="-113.84245400">
<ele>0.000</ele>
</trkpt>
<trkpt lat="34.05997100" lon="-113.84303600">
<ele>0.000</ele>
</trkpt>
<trkpt lat="34.05990600" lon="-113.84352900">
<ele>0.000</ele>
</trkpt>
<trkpt lat="34.05985700" lon="-113.84373500">
<ele>0.000</ele>
</trkpt>
<trkpt lat="34.05977200" lon="-113.84393100">
<ele>0.000</ele>
</trkpt>
<trkpt lat="34.05955200" lon="-113.84430400">
<ele>0.000</ele>
</trkpt>
<trkpt lat="34.05922500" lon="-113.84497500">
<ele>0.000</ele>
</trkpt>
<trkpt lat="34.05914800" lon="-113.84519000">
<ele>0.000</ele>
</trkpt>
<trkpt lat="34.05911500" lon="-113.84538500">
<ele>0.000</ele>
</trkpt>
<trkpt lat="34.05910400" lon="-113.84557400">
<ele>0.000</ele>
</trkpt>
<trkpt lat="34.05910500" lon="-113.84577300">
<ele>0.000</ele>
</trkpt>
<trkpt lat="34.05912500" lon="-113.84621600">
<ele>0.000</ele>
</trkpt>
<trkpt lat="34.05917200" lon="-113.84671600">
<ele>0.000</ele>
</trkpt>
<trkpt lat="34.05924400" lon="-113.84727100">
<ele>0.000</ele>
</trkpt>
<trkpt lat="34.05930100" lon="-113.84754200">
<ele>0.000</ele>
</trkpt>
<trkpt lat="34.05937700" lon="-113.84778900">
<ele>0.000</ele>
</trkpt>
<trkpt lat="34.05947000" lon="-113.84803500">
<ele>0.000</ele>
</trkpt>
<trkpt lat="34.05970400" lon="-113.84856300">
<ele>0.000</ele>
</trkpt>
<trkpt lat="34.06005300" lon="-113.84942700">
<ele>0.000</ele>
</trkpt>
<trkpt lat="34.06059600" lon="-113.85081500">
<ele>0.000</ele>
</trkpt>
<trkpt lat="34.06090000" lon="-113.85163900">
<ele>0.000</ele>
</trkpt>
<trkpt lat="34.06099500" lon="-113.85193000">
<ele>0.000</ele>
</trkpt>
<trkpt lat="34.06112700" lon="-113.85220400">
<ele>0.000</ele>
</trkpt>
<trkpt lat="34.06141400" lon="-113.85274600">
<ele>0.000</ele>
</trkpt>
<trkpt lat="34.06197200" lon="-113.85374600">
<ele>0.000</ele>
</trkpt>
<trkpt lat="34.06209000" lon="-113.85398500">
<ele>0.000</ele>
</trkpt>
<trkpt lat="34.06218000" lon="-113.85422100">
<ele>0.000</ele>
</trkpt>
<trkpt lat="34.06225500" lon="-113.85446900">
<ele>0.000</ele>
</trkpt>
<trkpt lat="34.06238400" lon="-113.85496400">
<ele>0.000</ele>
</trkpt>
<trkpt lat="34.06243200" lon="-113.85519900">
<ele>0.000</ele>
</trkpt>
<trkpt lat="34.06245500" lon="-113.85544300">
<ele>0.000</ele>
</trkpt>
<trkpt lat="34.06247000" lon="-113.85622800">
<ele>0.000</ele>
</trkpt>
<trkpt lat="34.06249100" lon="-113.85649500">
<ele>0.000</ele>
</trkpt>
<trkpt lat="34.06253700" lon="-113.85674300">
<ele>0.000</ele>
</trkpt>
<trkpt lat="34.06273800" lon="-113.85752800">
<ele>0.000</ele>
</trkpt>
<trkpt lat="34.06321700" lon="-113.85959900">
<ele>0.000</ele>
</trkpt>
<trkpt lat="34.06368700" lon="-113.86183400">
<ele>0.000</ele>
</trkpt>
<trkpt lat="34.06418900" lon="-113.86454900">
<ele>0.000</ele>
</trkpt>
<trkpt lat="34.06433200" lon="-113.86545900">
<ele>0.000</ele>
</trkpt>
<trkpt lat="34.06454400" lon="-113.86671400">
<ele>0.000</ele>
</trkpt>
<trkpt lat="34.06480197" lon="-113.86793069">
<ele>0.000</ele>
</trkpt>
<trkpt lat="34.06488773" lon="-113.86839031">
<ele>0.000</ele>
</trkpt>
<trkpt lat="34.06493700" lon="-113.86857800">
<ele>0.000</ele>
</trkpt>
<trkpt lat="34.06519500" lon="-113.86987000">
<ele>0.000</ele>
</trkpt>
<trkpt lat="34.06565300" lon="-113.87252000">
<ele>0.000</ele>
</trkpt>
<trkpt lat="34.06571100" lon="-113.87280200">
<ele>0.000</ele>
</trkpt>
<trkpt lat="34.06604300" lon="-113.87418700">
<ele>0.000</ele>
</trkpt>
<trkpt lat="34.06637400" lon="-113.87582500">
<ele>0.000</ele>
</trkpt>
<trkpt lat="34.06642600" lon="-113.87600100">
<ele>0.000</ele>
</trkpt>
<trkpt lat="34.06650700" lon="-113.87618200">
<ele>0.000</ele>
</trkpt>
<trkpt lat="34.06721800" lon="-113.87756400">
<ele>0.000</ele>
</trkpt>
<trkpt lat="34.06840900" lon="-113.87993400">
<ele>0.000</ele>
</trkpt>
<trkpt lat="34.06907200" lon="-113.88119600">
<ele>0.000</ele>
</trkpt>
<trkpt lat="34.06922300" lon="-113.88153300">
<ele>0.000</ele>
</trkpt>
<trkpt lat="34.06926459" lon="-113.88166092">
<ele>0.000</ele>
</trkpt>
<trkpt lat="34.06926465" lon="-113.88180263">
<ele>0.000</ele>
</trkpt>
<trkpt lat="34.06925333" lon="-113.88188220">
<ele>0.000</ele>
</trkpt>
<trkpt lat="34.06923094" lon="-113.88197925">
<ele>0.000</ele>
</trkpt>
<trkpt lat="34.06921640" lon="-113.88207732">
<ele>0.000</ele>
</trkpt>
<trkpt lat="34.06921262" lon="-113.88216907">
<ele>0.000</ele>
</trkpt>
<trkpt lat="34.06921917" lon="-113.88237183">
<ele>0.000</ele>
</trkpt>
<trkpt lat="34.06925717" lon="-113.88261621">
<ele>0.000</ele>
</trkpt>
<trkpt lat="34.06930274" lon="-113.88283376">
<ele>0.000</ele>
</trkpt>
<trkpt lat="34.06935097" lon="-113.88314107">
<ele>0.000</ele>
</trkpt>
<trkpt lat="34.06940528" lon="-113.88341024">
<ele>0.000</ele>
</trkpt>
<trkpt lat="34.06945159" lon="-113.88358227">
<ele>0.000</ele>
</trkpt>
<trkpt lat="34.06952282" lon="-113.88380086">
<ele>0.000</ele>
</trkpt>
<trkpt lat="34.06958695" lon="-113.88395443">
<ele>0.000</ele>
</trkpt>
<trkpt lat="34.06966670" lon="-113.88412460">
<ele>0.000</ele>
</trkpt>
<trkpt lat="34.06969661" lon="-113.88417316">
<ele>0.000</ele>
</trkpt>
<trkpt lat="34.06975881" lon="-113.88434878">
<ele>0.000</ele>
</trkpt>
<trkpt lat="34.06982345" lon="-113.88455753">
<ele>0.000</ele>
</trkpt>
<trkpt lat="34.06987798" lon="-113.88477151">
<ele>0.000</ele>
</trkpt>
<trkpt lat="34.06994415" lon="-113.88503604">
<ele>0.000</ele>
</trkpt>
<trkpt lat="34.07001636" lon="-113.88533739">
<ele>0.000</ele>
</trkpt>
<trkpt lat="34.07006486" lon="-113.88554849">
<ele>0.000</ele>
</trkpt>
<trkpt lat="34.07008919" lon="-113.88567742">
<ele>0.000</ele>
</trkpt>
<trkpt lat="34.07011592" lon="-113.88582321">
<ele>0.000</ele>
</trkpt>
<trkpt lat="34.07013948" lon="-113.88591692">
<ele>0.000</ele>
</trkpt>
<trkpt lat="34.07017932" lon="-113.88593118">
<ele>0.000</ele>
</trkpt>
<trkpt lat="34.07023649" lon="-113.88590491">
<ele>0.000</ele>
</trkpt>
<trkpt lat="34.07033294" lon="-113.88581249">
<ele>0.000</ele>
</trkpt>
<trkpt lat="34.07045468" lon="-113.88569272">
<ele>0.000</ele>
</trkpt>
<trkpt lat="34.07047500" lon="-113.88567000">
<ele>0.000</ele>
</trkpt>
<trkpt lat="34.07083500" lon="-113.88536600">
<ele>0.000</ele>
</trkpt>
<trkpt lat="34.07112200" lon="-113.88510900">
<ele>0.000</ele>
</trkpt>
<trkpt lat="34.07136800" lon="-113.88486500">
<ele>0.000</ele>
</trkpt>
<trkpt lat="34.07163600" lon="-113.88458000">
<ele>0.000</ele>
</trkpt>
<trkpt lat="34.07177500" lon="-113.88441300">
<ele>0.000</ele>
</trkpt>
<trkpt lat="34.07204600" lon="-113.88404400">
<ele>0.000</ele>
</trkpt>
<trkpt lat="34.07216500" lon="-113.88383000">
<ele>0.000</ele>
</trkpt>
<trkpt lat="34.07258800" lon="-113.88336900">
<ele>0.000</ele>
</trkpt>
<trkpt lat="34.07274800" lon="-113.88322000">
<ele>0.000</ele>
</trkpt>
<trkpt lat="34.07276000" lon="-113.88318500">
<ele>0.000</ele>
</trkpt>
<trkpt lat="34.07286100" lon="-113.88309000">
<ele>0.000</ele>
</trkpt>
<trkpt lat="34.07295000" lon="-113.88304500">
<ele>0.000</ele>
</trkpt>
<trkpt lat="34.07344957" lon="-113.88266310">
<ele>0.000</ele>
</trkpt>
<trkpt lat="34.07359437" lon="-113.88254670">
<ele>0.000</ele>
</trkpt>
<trkpt lat="34.07371013" lon="-113.88254143">
<ele>0.000</ele>
</trkpt>
<trkpt lat="34.07378700" lon="-113.88269700">
<ele>0.000</ele>
</trkpt>
<trkpt lat="34.07399400" lon="-113.88333500">
<ele>0.000</ele>
</trkpt>
<trkpt lat="34.07420000" lon="-113.88382400">
<ele>0.000</ele>
</trkpt>
<trkpt lat="34.07480700" lon="-113.88539900">
<ele>0.000</ele>
</trkpt>
<trkpt lat="34.07543148" lon="-113.88682162">
<ele>0.000</ele>
</trkpt>
<trkpt lat="34.07548635" lon="-113.88696704">
<ele>0.000</ele>
</trkpt>
<trkpt lat="34.07550292" lon="-113.88702388">
<ele>0.000</ele>
</trkpt>
<trkpt lat="34.07553000" lon="-113.88706700">
<ele>0.000</ele>
</trkpt>
<trkpt lat="34.07564500" lon="-113.88720800">
<ele>0.000</ele>
</trkpt>
<trkpt lat="34.07572300" lon="-113.88728400">
<ele>0.000</ele>
</trkpt>
<trkpt lat="34.07587326" lon="-113.88736501">
<ele>0.000</ele>
</trkpt>
<trkpt lat="34.07603348" lon="-113.88741477">
<ele>0.000</ele>
</trkpt>
<trkpt lat="34.07617889" lon="-113.88741020">
<ele>0.000</ele>
</trkpt>
<trkpt lat="34.07625000" lon="-113.88740500">
<ele>0.000</ele>
</trkpt>
<trkpt lat="34.07647803" lon="-113.88727555">
<ele>0.000</ele>
</trkpt>
<trkpt lat="34.07689605" lon="-113.88687423">
<ele>0.000</ele>
</trkpt>
<trkpt lat="34.07700600" lon="-113.88673400">
<ele>0.000</ele>
</trkpt>
<trkpt lat="34.07730000" lon="-113.88643800">
<ele>0.000</ele>
</trkpt>
<trkpt lat="34.07754900" lon="-113.88616800">
<ele>0.000</ele>
</trkpt>
<trkpt lat="34.07793900" lon="-113.88579200">
<ele>0.000</ele>
</trkpt>
<trkpt lat="34.07814600" lon="-113.88556600">
<ele>0.000</ele>
</trkpt>
<trkpt lat="34.07837800" lon="-113.88533500">
<ele>0.000</ele>
</trkpt>
<trkpt lat="34.07847600" lon="-113.88525200">
<ele>0.000</ele>
</trkpt>
<trkpt lat="34.07858400" lon="-113.88512900">
<ele>0.000</ele>
</trkpt>
<trkpt lat="34.07874000" lon="-113.88504000">
<ele>0.000</ele>
</trkpt>
<trkpt lat="34.07889800" lon="-113.88492000">
<ele>0.000</ele>
</trkpt>
<trkpt lat="34.07907800" lon="-113.88482900">
<ele>0.000</ele>
</trkpt>
<trkpt lat="34.07927100" lon="-113.88475900">
<ele>0.000</ele>
</trkpt>
<trkpt lat="34.07947400" lon="-113.88471700">
<ele>0.000</ele>
</trkpt>
<trkpt lat="34.07968700" lon="-113.88469300">
<ele>0.000</ele>
</trkpt>
<trkpt lat="34.08061900" lon="-113.88464700">
<ele>0.000</ele>
</trkpt>
<trkpt lat="34.08086500" lon="-113.88467300">
<ele>0.000</ele>
</trkpt>
<trkpt lat="34.08109500" lon="-113.88467700">
<ele>0.000</ele>
</trkpt>
<trkpt lat="34.08130900" lon="-113.88470100">
<ele>0.000</ele>
</trkpt>
<trkpt lat="34.08151500" lon="-113.88474000">
<ele>0.000</ele>
</trkpt>
<trkpt lat="34.08171500" lon="-113.88481600">
<ele>0.000</ele>
</trkpt>
<trkpt lat="34.08191400" lon="-113.88491900">
<ele>0.000</ele>
</trkpt>
<trkpt lat="34.08211000" lon="-113.88504200">
<ele>0.000</ele>
</trkpt>
<trkpt lat="34.08244800" lon="-113.88531200">
<ele>0.000</ele>
</trkpt>
<trkpt lat="34.08289900" lon="-113.88576300">
<ele>0.000</ele>
</trkpt>
<trkpt lat="34.08327800" lon="-113.88606600">
<ele>0.000</ele>
</trkpt>
<trkpt lat="34.08347600" lon="-113.88620700">
<ele>0.000</ele>
</trkpt>
<trkpt lat="34.08410200" lon="-113.88655200">
<ele>0.000</ele>
</trkpt>
<trkpt lat="34.08454200" lon="-113.88681600">
<ele>0.000</ele>
</trkpt>
<trkpt lat="34.08498600" lon="-113.88711100">
<ele>0.000</ele>
</trkpt>
<trkpt lat="34.08542900" lon="-113.88742100">
<ele>0.000</ele>
</trkpt>
<trkpt lat="34.08715900" lon="-113.88868000">
<ele>0.000</ele>
</trkpt>
<trkpt lat="34.08761400" lon="-113.88899400">
<ele>0.000</ele>
</trkpt>
<trkpt lat="34.08767598" lon="-113.88903545">
<ele>0.000</ele>
</trkpt>
<trkpt lat="34.08774200" lon="-113.88907900">
<ele>0.000</ele>
</trkpt>
<trkpt lat="34.08821800" lon="-113.88936600">
<ele>0.000</ele>
</trkpt>
<trkpt lat="34.08979300" lon="-113.89015900">
<ele>0.000</ele>
</trkpt>
<trkpt lat="34.09033500" lon="-113.89041000">
<ele>0.000</ele>
</trkpt>
<trkpt lat="34.09054900" lon="-113.89053200">
<ele>0.000</ele>
</trkpt>
<trkpt lat="34.09083500" lon="-113.89066700">
<ele>0.000</ele>
</trkpt>
<trkpt lat="34.09130600" lon="-113.89084900">
<ele>0.000</ele>
</trkpt>
<trkpt lat="34.09153500" lon="-113.89091700">
<ele>0.000</ele>
</trkpt>
<trkpt lat="34.09161900" lon="-113.89095600">
<ele>0.000</ele>
</trkpt>
<trkpt lat="34.09171800" lon="-113.89101600">
<ele>0.000</ele>
</trkpt>
<trkpt lat="34.09195400" lon="-113.89118400">
<ele>0.000</ele>
</trkpt>
<trkpt lat="34.09224800" lon="-113.89141500">
<ele>0.000</ele>
</trkpt>
<trkpt lat="34.09285700" lon="-113.89195000">
<ele>0.000</ele>
</trkpt>
<trkpt lat="34.09297400" lon="-113.89202700">
<ele>0.000</ele>
</trkpt>
<trkpt lat="34.09309000" lon="-113.89207600">
<ele>0.000</ele>
</trkpt>
<trkpt lat="34.09318800" lon="-113.89215700">
<ele>0.000</ele>
</trkpt>
<trkpt lat="34.09333200" lon="-113.89221700">
<ele>0.000</ele>
</trkpt>
<trkpt lat="34.09365700" lon="-113.89231500">
<ele>0.000</ele>
</trkpt>
<trkpt lat="34.09380100" lon="-113.89239600">
<ele>0.000</ele>
</trkpt>
<trkpt lat="34.09427800" lon="-113.89277200">
<ele>0.000</ele>
</trkpt>
<trkpt lat="34.09509400" lon="-113.89345600">
<ele>0.000</ele>
</trkpt>
<trkpt lat="34.09516646" lon="-113.89351097">
<ele>0.000</ele>
</trkpt>
<trkpt lat="34.09523200" lon="-113.89358200">
<ele>0.000</ele>
</trkpt>
<trkpt lat="34.09535100" lon="-113.89371100">
<ele>0.000</ele>
</trkpt>
<trkpt lat="34.09546500" lon="-113.89385700">
<ele>0.000</ele>
</trkpt>
<trkpt lat="34.09580700" lon="-113.89442400">
<ele>0.000</ele>
</trkpt>
<trkpt lat="34.09592600" lon="-113.89460400">
<ele>0.000</ele>
</trkpt>
<trkpt lat="34.09621200" lon="-113.89496000">
<ele>0.000</ele>
</trkpt>
<trkpt lat="34.09633900" lon="-113.89515700">
<ele>0.000</ele>
</trkpt>
<trkpt lat="34.09653700" lon="-113.89549200">
<ele>0.000</ele>
</trkpt>
<trkpt lat="34.09685700" lon="-113.89608800">
<ele>0.000</ele>
</trkpt>
<trkpt lat="34.09709600" lon="-113.89651100">
<ele>0.000</ele>
</trkpt>
<trkpt lat="34.09718600" lon="-113.89668900">
<ele>0.000</ele>
</trkpt>
<trkpt lat="34.09725200" lon="-113.89687500">
<ele>0.000</ele>
</trkpt>
<trkpt lat="34.09727900" lon="-113.89706700">
<ele>0.000</ele>
</trkpt>
<trkpt lat="34.09725700" lon="-113.89744900">
<ele>0.000</ele>
</trkpt>
<trkpt lat="34.09728900" lon="-113.89763400">
<ele>0.000</ele>
</trkpt>
<trkpt lat="34.09744800" lon="-113.89801100">
<ele>0.000</ele>
</trkpt>
<trkpt lat="34.09764900" lon="-113.89863200">
<ele>0.000</ele>
</trkpt>
<trkpt lat="34.09768300" lon="-113.89881600">
<ele>0.000</ele>
</trkpt>
<trkpt lat="34.09777700" lon="-113.89895500">
<ele>0.000</ele>
</trkpt>
<trkpt lat="34.09791100" lon="-113.89903300">
<ele>0.000</ele>
</trkpt>
<trkpt lat="34.09805900" lon="-113.89908900">
<ele>0.000</ele>
</trkpt>
<trkpt lat="34.09818900" lon="-113.89915700">
<ele>0.000</ele>
</trkpt>
<trkpt lat="34.09842000" lon="-113.89943600">
<ele>0.000</ele>
</trkpt>
<trkpt lat="34.09873800" lon="-113.89973700">
<ele>0.000</ele>
</trkpt>
<trkpt lat="34.09892500" lon="-113.89986900">
<ele>0.000</ele>
</trkpt>
<trkpt lat="34.09912700" lon="-113.89997600">
<ele>0.000</ele>
</trkpt>
<trkpt lat="34.09934100" lon="-113.90007100">
<ele>0.000</ele>
</trkpt>
<trkpt lat="34.09953200" lon="-113.90017900">
<ele>0.000</ele>
</trkpt>
<trkpt lat="34.09971600" lon="-113.90032100">
<ele>0.000</ele>
</trkpt>
<trkpt lat="34.10009100" lon="-113.90065400">
<ele>0.000</ele>
</trkpt>
<trkpt lat="34.10050000" lon="-113.90099000">
<ele>0.000</ele>
</trkpt>
<trkpt lat="34.10067700" lon="-113.90115000">
<ele>0.000</ele>
</trkpt>
<trkpt lat="34.10081000" lon="-113.90131300">
<ele>0.000</ele>
</trkpt>
<trkpt lat="34.10105900" lon="-113.90168000">
<ele>0.000</ele>
</trkpt>
<trkpt lat="34.10120300" lon="-113.90187500">
<ele>0.000</ele>
</trkpt>
<trkpt lat="34.10135800" lon="-113.90203700">
<ele>0.000</ele>
</trkpt>
<trkpt lat="34.10153400" lon="-113.90216900">
<ele>0.000</ele>
</trkpt>
<trkpt lat="34.10191300" lon="-113.90238500">
<ele>0.000</ele>
</trkpt>
<trkpt lat="34.10230000" lon="-113.90263000">
<ele>0.000</ele>
</trkpt>
<trkpt lat="34.10249500" lon="-113.90272200">
<ele>0.000</ele>
</trkpt>
<trkpt lat="34.10290900" lon="-113.90288400">
<ele>0.000</ele>
</trkpt>
<trkpt lat="34.10311000" lon="-113.90299000">
<ele>0.000</ele>
</trkpt>
<trkpt lat="34.10347600" lon="-113.90324100">
<ele>0.000</ele>
</trkpt>
<trkpt lat="34.10366300" lon="-113.90334900">
<ele>0.000</ele>
</trkpt>
<trkpt lat="34.10449100" lon="-113.90371200">
<ele>0.000</ele>
</trkpt>
<trkpt lat="34.10470800" lon="-113.90379700">
<ele>0.000</ele>
</trkpt>
<trkpt lat="34.10492500" lon="-113.90384600">
<ele>0.000</ele>
</trkpt>
<trkpt lat="34.10512000" lon="-113.90387800">
<ele>0.000</ele>
</trkpt>
<trkpt lat="34.10529800" lon="-113.90393200">
<ele>0.000</ele>
</trkpt>
<trkpt lat="34.10545900" lon="-113.90403200">
<ele>0.000</ele>
</trkpt>
<trkpt lat="34.10581900" lon="-113.90429900">
<ele>0.000</ele>
</trkpt>
<trkpt lat="34.10600900" lon="-113.90445200">
<ele>0.000</ele>
</trkpt>
<trkpt lat="34.10634700" lon="-113.90476500">
<ele>0.000</ele>
</trkpt>
<trkpt lat="34.10650300" lon="-113.90488600">
<ele>0.000</ele>
</trkpt>
<trkpt lat="34.10668200" lon="-113.90498400">
<ele>0.000</ele>
</trkpt>
<trkpt lat="34.10709300" lon="-113.90509700">
<ele>0.000</ele>
</trkpt>
<trkpt lat="34.10730000" lon="-113.90516700">
<ele>0.000</ele>
</trkpt>
<trkpt lat="34.10748200" lon="-113.90525800">
<ele>0.000</ele>
</trkpt>
<trkpt lat="34.10784100" lon="-113.90546700">
<ele>0.000</ele>
</trkpt>
<trkpt lat="34.10804200" lon="-113.90554900">
<ele>0.000</ele>
</trkpt>
<trkpt lat="34.10825500" lon="-113.90559500">
<ele>0.000</ele>
</trkpt>
<trkpt lat="34.10848100" lon="-113.90561600">
<ele>0.000</ele>
</trkpt>
<trkpt lat="34.10907200" lon="-113.90558300">
<ele>0.000</ele>
</trkpt>
<trkpt lat="34.10920200" lon="-113.90560900">
<ele>0.000</ele>
</trkpt>
<trkpt lat="34.10933800" lon="-113.90567900">
<ele>0.000</ele>
</trkpt>
<trkpt lat="34.10949500" lon="-113.90578100">
<ele>0.000</ele>
</trkpt>
<trkpt lat="34.11003400" lon="-113.90617700">
<ele>0.000</ele>
</trkpt>
<trkpt lat="34.11020300" lon="-113.90634100">
<ele>0.000</ele>
</trkpt>
<trkpt lat="34.11109900" lon="-113.90734600">
<ele>0.000</ele>
</trkpt>
<trkpt lat="34.11147500" lon="-113.90775300">
<ele>0.000</ele>
</trkpt>
<trkpt lat="34.11166100" lon="-113.90790200">
<ele>0.000</ele>
</trkpt>
<trkpt lat="34.11228400" lon="-113.90825900">
<ele>0.000</ele>
</trkpt>
<trkpt lat="34.11248700" lon="-113.90841400">
<ele>0.000</ele>
</trkpt>
<trkpt lat="34.11267600" lon="-113.90860700">
<ele>0.000</ele>
</trkpt>
<trkpt lat="34.11300600" lon="-113.90901000">
<ele>0.000</ele>
</trkpt>
<trkpt lat="34.11315600" lon="-113.90916100">
<ele>0.000</ele>
</trkpt>
<trkpt lat="34.11332200" lon="-113.90928600">
<ele>0.000</ele>
</trkpt>
<trkpt lat="34.11368400" lon="-113.90949000">
<ele>0.000</ele>
</trkpt>
<trkpt lat="34.11386700" lon="-113.90960900">
<ele>0.000</ele>
</trkpt>
<trkpt lat="34.11404600" lon="-113.90976300">
<ele>0.000</ele>
</trkpt>
<trkpt lat="34.11422500" lon="-113.90994600">
<ele>0.000</ele>
</trkpt>
<trkpt lat="34.11504100" lon="-113.91094000">
<ele>0.000</ele>
</trkpt>
<trkpt lat="34.11516900" lon="-113.91112900">
<ele>0.000</ele>
</trkpt>
<trkpt lat="34.11525900" lon="-113.91133700">
<ele>0.000</ele>
</trkpt>
<trkpt lat="34.11542500" lon="-113.91181900">
<ele>0.000</ele>
</trkpt>
<trkpt lat="34.11552300" lon="-113.91207000">
<ele>0.000</ele>
</trkpt>
<trkpt lat="34.11564200" lon="-113.91231800">
<ele>0.000</ele>
</trkpt>
<trkpt lat="34.11577900" lon="-113.91255700">
<ele>0.000</ele>
</trkpt>
<trkpt lat="34.11593200" lon="-113.91278200">
<ele>0.000</ele>
</trkpt>
<trkpt lat="34.11609100" lon="-113.91298700">
<ele>0.000</ele>
</trkpt>
<trkpt lat="34.11624000" lon="-113.91316100">
<ele>0.000</ele>
</trkpt>
<trkpt lat="34.11640600" lon="-113.91331100">
<ele>0.000</ele>
</trkpt>
<trkpt lat="34.11659800" lon="-113.91344200">
<ele>0.000</ele>
</trkpt>
<trkpt lat="34.11724800" lon="-113.91377100">
<ele>0.000</ele>
</trkpt>
<trkpt lat="34.11742800" lon="-113.91388100">
<ele>0.000</ele>
</trkpt>
<trkpt lat="34.11758000" lon="-113.91400500">
<ele>0.000</ele>
</trkpt>
<trkpt lat="34.11770900" lon="-113.91415600">
<ele>0.000</ele>
</trkpt>
<trkpt lat="34.11783200" lon="-113.91434500">
<ele>0.000</ele>
</trkpt>
<trkpt lat="34.11806600" lon="-113.91477500">
<ele>0.000</ele>
</trkpt>
<trkpt lat="34.11820500" lon="-113.91498900">
<ele>0.000</ele>
</trkpt>
<trkpt lat="34.11836200" lon="-113.91519500">
<ele>0.000</ele>
</trkpt>
<trkpt lat="34.11853700" lon="-113.91540000">
<ele>0.000</ele>
</trkpt>
<trkpt lat="34.11890800" lon="-113.91582000">
<ele>0.000</ele>
</trkpt>
<trkpt lat="34.11912400" lon="-113.91601100">
<ele>0.000</ele>
</trkpt>
<trkpt lat="34.12133500" lon="-113.91856200">
<ele>0.000</ele>
</trkpt>
<trkpt lat="34.12206100" lon="-113.91943300">
<ele>0.000</ele>
</trkpt>
<trkpt lat="34.12239700" lon="-113.91981200">
<ele>0.000</ele>
</trkpt>
<trkpt lat="34.12256400" lon="-113.91997900">
<ele>0.000</ele>
</trkpt>
<trkpt lat="34.12331100" lon="-113.92066400">
<ele>0.000</ele>
</trkpt>
<trkpt lat="34.12360400" lon="-113.92096900">
<ele>0.000</ele>
</trkpt>
<trkpt lat="34.12379800" lon="-113.92120900">
<ele>0.000</ele>
</trkpt>
<trkpt lat="34.12398200" lon="-113.92147000">
<ele>0.000</ele>
</trkpt>
<trkpt lat="34.12408600" lon="-113.92162900">
<ele>0.000</ele>
</trkpt>
<trkpt lat="34.12444500" lon="-113.92223500">
<ele>0.000</ele>
</trkpt>
<trkpt lat="34.12453600" lon="-113.92234700">
<ele>0.000</ele>
</trkpt>
<trkpt lat="34.12462200" lon="-113.92242600">
<ele>0.000</ele>
</trkpt>
<trkpt lat="34.12472200" lon="-113.92248700">
<ele>0.000</ele>
</trkpt>
<trkpt lat="34.12486700" lon="-113.92252100">
<ele>0.000</ele>
</trkpt>
<trkpt lat="34.12505100" lon="-113.92254600">
<ele>0.000</ele>
</trkpt>
<trkpt lat="34.12547500" lon="-113.92258300">
<ele>0.000</ele>
</trkpt>
<trkpt lat="34.12574600" lon="-113.92263800">
<ele>0.000</ele>
</trkpt>
<trkpt lat="34.12590400" lon="-113.92270700">
<ele>0.000</ele>
</trkpt>
<trkpt lat="34.12605300" lon="-113.92281300">
<ele>0.000</ele>
</trkpt>
<trkpt lat="34.12664600" lon="-113.92340700">
<ele>0.000</ele>
</trkpt>
<trkpt lat="34.12677800" lon="-113.92356900">
<ele>0.000</ele>
</trkpt>
<trkpt lat="34.12689600" lon="-113.92375500">
<ele>0.000</ele>
</trkpt>
<trkpt lat="34.12700300" lon="-113.92396100">
<ele>0.000</ele>
</trkpt>
<trkpt lat="34.12712500" lon="-113.92414800">
<ele>0.000</ele>
</trkpt>
<trkpt lat="34.12724900" lon="-113.92430500">
<ele>0.000</ele>
</trkpt>
<trkpt lat="34.12750500" lon="-113.92453500">
<ele>0.000</ele>
</trkpt>
<trkpt lat="34.12764900" lon="-113.92462700">
<ele>0.000</ele>
</trkpt>
<trkpt lat="34.12780700" lon="-113.92471200">
<ele>0.000</ele>
</trkpt>
<trkpt lat="34.12795100" lon="-113.92476600">
<ele>0.000</ele>
</trkpt>
<trkpt lat="34.12867200" lon="-113.92487500">
<ele>0.000</ele>
</trkpt>
<trkpt lat="34.12910500" lon="-113.92496100">
<ele>0.000</ele>
</trkpt>
<trkpt lat="34.12933000" lon="-113.92502600">
<ele>0.000</ele>
</trkpt>
<trkpt lat="34.12955100" lon="-113.92507200">
<ele>0.000</ele>
</trkpt>
<trkpt lat="34.12976100" lon="-113.92509800">
<ele>0.000</ele>
</trkpt>
<trkpt lat="34.13009900" lon="-113.92525200">
<ele>0.000</ele>
</trkpt>
<trkpt lat="34.13025700" lon="-113.92536800">
<ele>0.000</ele>
</trkpt>
<trkpt lat="34.13041600" lon="-113.92552600">
<ele>0.000</ele>
</trkpt>
<trkpt lat="34.13059600" lon="-113.92567200">
<ele>0.000</ele>
</trkpt>
<trkpt lat="34.13085100" lon="-113.92590400">
<ele>0.000</ele>
</trkpt>
<trkpt lat="34.13093000" lon="-113.92595800">
<ele>0.000</ele>
</trkpt>
<trkpt lat="34.13107700" lon="-113.92601200">
<ele>0.000</ele>
</trkpt>
<trkpt lat="34.13116100" lon="-113.92601600">
<ele>0.000</ele>
</trkpt>
<trkpt lat="34.13192900" lon="-113.92590700">
<ele>0.000</ele>
</trkpt>
<trkpt lat="34.13256100" lon="-113.92584500">
<ele>0.000</ele>
</trkpt>
<trkpt lat="34.13274700" lon="-113.92580400">
<ele>0.000</ele>
</trkpt>
<trkpt lat="34.13332500" lon="-113.92562300">
<ele>0.000</ele>
</trkpt>
<trkpt lat="34.13371900" lon="-113.92544400">
<ele>0.000</ele>
</trkpt>
<trkpt lat="34.13388500" lon="-113.92542600">
<ele>0.000</ele>
</trkpt>
<trkpt lat="34.13404900" lon="-113.92542900">
<ele>0.000</ele>
</trkpt>
<trkpt lat="34.13422400" lon="-113.92545300">
<ele>0.000</ele>
</trkpt>
<trkpt lat="34.13439600" lon="-113.92552300">
<ele>0.000</ele>
</trkpt>
<trkpt lat="34.13456000" lon="-113.92564000">
<ele>0.000</ele>
</trkpt>
<trkpt lat="34.13513900" lon="-113.92598600">
<ele>0.000</ele>
</trkpt>
<trkpt lat="34.13573000" lon="-113.92629800">
<ele>0.000</ele>
</trkpt>
<trkpt lat="34.13692600" lon="-113.92698600">
<ele>0.000</ele>
</trkpt>
<trkpt lat="34.13715900" lon="-113.92713000">
<ele>0.000</ele>
</trkpt>
<trkpt lat="34.13742600" lon="-113.92731200">
<ele>0.000</ele>
</trkpt>
<trkpt lat="34.13777000" lon="-113.92757800">
<ele>0.000</ele>
</trkpt>
<trkpt lat="34.13801200" lon="-113.92772900">
<ele>0.000</ele>
</trkpt>
<trkpt lat="34.13817600" lon="-113.92779600">
<ele>0.000</ele>
</trkpt>
<trkpt lat="34.13835700" lon="-113.92785100">
<ele>0.000</ele>
</trkpt>
<trkpt lat="34.13855600" lon="-113.92788900">
<ele>0.000</ele>
</trkpt>
<trkpt lat="34.13877200" lon="-113.92791700">
<ele>0.000</ele>
</trkpt>
<trkpt lat="34.13899600" lon="-113.92796800">
<ele>0.000</ele>
</trkpt>
<trkpt lat="34.13947100" lon="-113.92811100">
<ele>0.000</ele>
</trkpt>
<trkpt lat="34.13971500" lon="-113.92820900">
<ele>0.000</ele>
</trkpt>
<trkpt lat="34.13995700" lon="-113.92833000">
<ele>0.000</ele>
</trkpt>
<trkpt lat="34.14019600" lon="-113.92847200">
<ele>0.000</ele>
</trkpt>
<trkpt lat="34.14060600" lon="-113.92874900">
<ele>0.000</ele>
</trkpt>
<trkpt lat="34.14081200" lon="-113.92887000">
<ele>0.000</ele>
</trkpt>
<trkpt lat="34.14103900" lon="-113.92894700">
<ele>0.000</ele>
</trkpt>
<trkpt lat="34.14152600" lon="-113.92901100">
<ele>0.000</ele>
</trkpt>
<trkpt lat="34.14173500" lon="-113.92904900">
<ele>0.000</ele>
</trkpt>
<trkpt lat="34.14190800" lon="-113.92912600">
<ele>0.000</ele>
</trkpt>
<trkpt lat="34.14206800" lon="-113.92924600">
<ele>0.000</ele>
</trkpt>
<trkpt lat="34.14222400" lon="-113.92940900">
<ele>0.000</ele>
</trkpt>
<trkpt lat="34.14237000" lon="-113.92958400">
<ele>0.000</ele>
</trkpt>
<trkpt lat="34.14250400" lon="-113.92977900">
<ele>0.000</ele>
</trkpt>
<trkpt lat="34.14266100" lon="-113.92995000">
<ele>0.000</ele>
</trkpt>
<trkpt lat="34.14284800" lon="-113.93008000">
<ele>0.000</ele>
</trkpt>
<trkpt lat="34.14306500" lon="-113.93016300">
<ele>0.000</ele>
</trkpt>
<trkpt lat="34.14329800" lon="-113.93020300">
<ele>0.000</ele>
</trkpt>
<trkpt lat="34.14353700" lon="-113.93020900">
<ele>0.000</ele>
</trkpt>
<trkpt lat="34.14377900" lon="-113.93019100">
<ele>0.000</ele>
</trkpt>
<trkpt lat="34.14402500" lon="-113.93019200">
<ele>0.000</ele>
</trkpt>
<trkpt lat="34.14426600" lon="-113.93024100">
<ele>0.000</ele>
</trkpt>
<trkpt lat="34.14447000" lon="-113.93033300">
<ele>0.000</ele>
</trkpt>
<trkpt lat="34.14618700" lon="-113.93165700">
<ele>0.000</ele>
</trkpt>
<trkpt lat="34.14639800" lon="-113.93179400">
<ele>0.000</ele>
</trkpt>
<trkpt lat="34.14662900" lon="-113.93192500">
<ele>0.000</ele>
</trkpt>
<trkpt lat="34.14687500" lon="-113.93204000">
<ele>0.000</ele>
</trkpt>
<trkpt lat="34.14713300" lon="-113.93212600">
<ele>0.000</ele>
</trkpt>
<trkpt lat="34.14739800" lon="-113.93218700">
<ele>0.000</ele>
</trkpt>
<trkpt lat="34.14878500" lon="-113.93238900">
<ele>0.000</ele>
</trkpt>
<trkpt lat="34.14960000" lon="-113.93252400">
<ele>0.000</ele>
</trkpt>
<trkpt lat="34.14986800" lon="-113.93258500">
<ele>0.000</ele>
</trkpt>
<trkpt lat="34.15116500" lon="-113.93299200">
<ele>0.000</ele>
</trkpt>
<trkpt lat="34.15165500" lon="-113.93312700">
<ele>0.000</ele>
</trkpt>
<trkpt lat="34.15256800" lon="-113.93333000">
<ele>0.000</ele>
</trkpt>
<trkpt lat="34.15266400" lon="-113.93334200">
<ele>0.000</ele>
</trkpt>
<trkpt lat="34.15285500" lon="-113.93332800">
<ele>0.000</ele>
</trkpt>
<trkpt lat="34.15291200" lon="-113.93328200">
<ele>0.000</ele>
</trkpt>
<trkpt lat="34.15349800" lon="-113.93315400">
<ele>0.000</ele>
</trkpt>
<trkpt lat="34.15381300" lon="-113.93304600">
<ele>0.000</ele>
</trkpt>
<trkpt lat="34.15394900" lon="-113.93304000">
<ele>0.000</ele>
</trkpt>
<trkpt lat="34.15409700" lon="-113.93308000">
<ele>0.000</ele>
</trkpt>
<trkpt lat="34.15424900" lon="-113.93314200">
<ele>0.000</ele>
</trkpt>
<trkpt lat="34.15456300" lon="-113.93332000">
<ele>0.000</ele>
</trkpt>
<trkpt lat="34.15491000" lon="-113.93354400">
<ele>0.000</ele>
</trkpt>
<trkpt lat="34.15528400" lon="-113.93376200">
<ele>0.000</ele>
</trkpt>
<trkpt lat="34.15546700" lon="-113.93381900">
<ele>0.000</ele>
</trkpt>
<trkpt lat="34.15565600" lon="-113.93383500">
<ele>0.000</ele>
</trkpt>
<trkpt lat="34.15585400" lon="-113.93388200">
<ele>0.000</ele>
</trkpt>
<trkpt lat="34.15605900" lon="-113.93388300">
<ele>0.000</ele>
</trkpt>
<trkpt lat="34.15624200" lon="-113.93389600">
<ele>0.000</ele>
</trkpt>
<trkpt lat="34.15656900" lon="-113.93399900">
<ele>0.000</ele>
</trkpt>
<trkpt lat="34.15694600" lon="-113.93414700">
<ele>0.000</ele>
</trkpt>
<trkpt lat="34.15714000" lon="-113.93425400">
<ele>0.000</ele>
</trkpt>
<trkpt lat="34.15751200" lon="-113.93457400">
<ele>0.000</ele>
</trkpt>
<trkpt lat="34.15768800" lon="-113.93470400">
<ele>0.000</ele>
</trkpt>
<trkpt lat="34.15786300" lon="-113.93479400">
<ele>0.000</ele>
</trkpt>
<trkpt lat="34.15806300" lon="-113.93485500">
<ele>0.000</ele>
</trkpt>
<trkpt lat="34.15826500" lon="-113.93493500">
<ele>0.000</ele>
</trkpt>
<trkpt lat="34.15844600" lon="-113.93507600">
<ele>0.000</ele>
</trkpt>
<trkpt lat="34.15892600" lon="-113.93561800">
<ele>0.000</ele>
</trkpt>
<trkpt lat="34.15912600" lon="-113.93576400">
<ele>0.000</ele>
</trkpt>
<trkpt lat="34.15932500" lon="-113.93587900">
<ele>0.000</ele>
</trkpt>
<trkpt lat="34.15990900" lon="-113.93605800">
<ele>0.000</ele>
</trkpt>
<trkpt lat="34.16050600" lon="-113.93620900">
<ele>0.000</ele>
</trkpt>
<trkpt lat="34.16089400" lon="-113.93634700">
<ele>0.000</ele>
</trkpt>
<trkpt lat="34.16113700" lon="-113.93651800">
<ele>0.000</ele>
</trkpt>
<trkpt lat="34.16125100" lon="-113.93665100">
<ele>0.000</ele>
</trkpt>
<trkpt lat="34.16134000" lon="-113.93682100">
<ele>0.000</ele>
</trkpt>
<trkpt lat="34.16140800" lon="-113.93699400">
<ele>0.000</ele>
</trkpt>
<trkpt lat="34.16169000" lon="-113.93785600">
<ele>0.000</ele>
</trkpt>
<trkpt lat="34.16190100" lon="-113.93864600">
<ele>0.000</ele>
</trkpt>
<trkpt lat="34.16223400" lon="-113.93977700">
<ele>0.000</ele>
</trkpt>
<trkpt lat="34.16234063" lon="-113.94006981">
<ele>0.000</ele>
</trkpt>
<trkpt lat="34.16244666" lon="-113.94032821">
<ele>0.000</ele>
</trkpt>
<trkpt lat="34.16257970" lon="-113.94062177">
<ele>0.000</ele>
</trkpt>
<trkpt lat="34.16271500" lon="-113.94087992">
<ele>0.000</ele>
</trkpt>
<trkpt lat="34.16281201" lon="-113.94109828">
<ele>0.000</ele>
</trkpt>
<trkpt lat="34.16291764" lon="-113.94128758">
<ele>0.000</ele>
</trkpt>
<trkpt lat="34.16310782" lon="-113.94147266">
<ele>0.000</ele>
</trkpt>
<trkpt lat="34.16319741" lon="-113.94154538">
<ele>0.000</ele>
</trkpt>
<trkpt lat="34.16333463" lon="-113.94160543">
<ele>0.000</ele>
</trkpt>
<trkpt lat="34.16358300" lon="-113.94168400">
<ele>0.000</ele>
</trkpt>
<trkpt lat="34.16372202" lon="-113.94173891">
<ele>0.000</ele>
</trkpt>
<trkpt lat="34.16390900" lon="-113.94177200">
<ele>0.000</ele>
</trkpt>
<trkpt lat="34.16425800" lon="-113.94179200">
<ele>0.000</ele>
</trkpt>
<trkpt lat="34.16434500" lon="-113.94180600">
<ele>0.000</ele>
</trkpt>
<trkpt lat="34.16442500" lon="-113.94184200">
<ele>0.000</ele>
</trkpt>
<trkpt lat="34.16451700" lon="-113.94191900">
<ele>0.000</ele>
</trkpt>
<trkpt lat="34.16462600" lon="-113.94205600">
<ele>0.000</ele>
</trkpt>
<trkpt lat="34.16473500" lon="-113.94223100">
<ele>0.000</ele>
</trkpt>
<trkpt lat="34.16497400" lon="-113.94244500">
<ele>0.000</ele>
</trkpt>
<trkpt lat="34.16510500" lon="-113.94253100">
<ele>0.000</ele>
</trkpt>
<trkpt lat="34.16523500" lon="-113.94260200">
<ele>0.000</ele>
</trkpt>
<trkpt lat="34.16536800" lon="-113.94264800">
<ele>0.000</ele>
</trkpt>
<trkpt lat="34.16550800" lon="-113.94267100">
<ele>0.000</ele>
</trkpt>
<trkpt lat="34.16582700" lon="-113.94269600">
<ele>0.000</ele>
</trkpt>
<trkpt lat="34.16599100" lon="-113.94275100">
<ele>0.000</ele>
</trkpt>
<trkpt lat="34.16630800" lon="-113.94289500">
<ele>0.000</ele>
</trkpt>
<trkpt lat="34.16646300" lon="-113.94294800">
<ele>0.000</ele>
</trkpt>
<trkpt lat="34.16698200" lon="-113.94308300">
<ele>0.000</ele>
</trkpt>
<trkpt lat="34.16712400" lon="-113.94315700">
<ele>0.000</ele>
</trkpt>
<trkpt lat="34.16727600" lon="-113.94325600">
<ele>0.000</ele>
</trkpt>
<trkpt lat="34.16764200" lon="-113.94339100">
<ele>0.000</ele>
</trkpt>
<trkpt lat="34.16783100" lon="-113.94345200">
<ele>0.000</ele>
</trkpt>
<trkpt lat="34.16799900" lon="-113.94348400">
<ele>0.000</ele>
</trkpt>
<trkpt lat="34.16836400" lon="-113.94353200">
<ele>0.000</ele>
</trkpt>
<trkpt lat="34.16866600" lon="-113.94365600">
<ele>0.000</ele>
</trkpt>
<trkpt lat="34.16914800" lon="-113.94390200">
<ele>0.000</ele>
</trkpt>
<trkpt lat="34.16963100" lon="-113.94424800">
<ele>0.000</ele>
</trkpt>
<trkpt lat="34.16980800" lon="-113.94438600">
<ele>0.000</ele>
</trkpt>
<trkpt lat="34.16996400" lon="-113.94454000">
<ele>0.000</ele>
</trkpt>
<trkpt lat="34.17008000" lon="-113.94471600">
<ele>0.000</ele>
</trkpt>
<trkpt lat="34.17018000" lon="-113.94490600">
<ele>0.000</ele>
</trkpt>
<trkpt lat="34.17038200" lon="-113.94533800">
<ele>0.000</ele>
</trkpt>
<trkpt lat="34.17049700" lon="-113.94554300">
<ele>0.000</ele>
</trkpt>
<trkpt lat="34.17085400" lon="-113.94604000">
<ele>0.000</ele>
</trkpt>
<trkpt lat="34.17101600" lon="-113.94630500">
<ele>0.000</ele>
</trkpt>
<trkpt lat="34.17115800" lon="-113.94647300">
<ele>0.000</ele>
</trkpt>
<trkpt lat="34.17137800" lon="-113.94665600">
<ele>0.000</ele>
</trkpt>
<trkpt lat="34.17146300" lon="-113.94679100">
<ele>0.000</ele>
</trkpt>
<trkpt lat="34.17150100" lon="-113.94692100">
<ele>0.000</ele>
</trkpt>
<trkpt lat="34.17165000" lon="-113.94711900">
<ele>0.000</ele>
</trkpt>
<trkpt lat="34.17171600" lon="-113.94719200">
<ele>0.000</ele>
</trkpt>
<trkpt lat="34.17187100" lon="-113.94728400">
<ele>0.000</ele>
</trkpt>
<trkpt lat="34.17196300" lon="-113.94730000">
<ele>0.000</ele>
</trkpt>
<trkpt lat="34.17217200" lon="-113.94729900">
<ele>0.000</ele>
</trkpt>
<trkpt lat="34.17234500" lon="-113.94724900">
<ele>0.000</ele>
</trkpt>
<trkpt lat="34.17262400" lon="-113.94722900">
<ele>0.000</ele>
</trkpt>
<trkpt lat="34.17300941" lon="-113.94715943">
<ele>0.000</ele>
</trkpt>
<trkpt lat="34.17327100" lon="-113.94728200">
<ele>0.000</ele>
</trkpt>
<trkpt lat="34.17339500" lon="-113.94734100">
<ele>0.000</ele>
</trkpt>
<trkpt lat="34.17349500" lon="-113.94737700">
<ele>0.000</ele>
</trkpt>
<trkpt lat="34.17360500" lon="-113.94739000">
<ele>0.000</ele>
</trkpt>
<trkpt lat="34.17371100" lon="-113.94737000">
<ele>0.000</ele>
</trkpt>
<trkpt lat="34.17379300" lon="-113.94730800">
<ele>0.000</ele>
</trkpt>
<trkpt lat="34.17387000" lon="-113.94723000">
<ele>0.000</ele>
</trkpt>
<trkpt lat="34.17396800" lon="-113.94718000">
<ele>0.000</ele>
</trkpt>
<trkpt lat="34.17405700" lon="-113.94716700">
<ele>0.000</ele>
</trkpt>
<trkpt lat="34.17413900" lon="-113.94719600">
<ele>0.000</ele>
</trkpt>
<trkpt lat="34.17421300" lon="-113.94724800">
<ele>0.000</ele>
</trkpt>
<trkpt lat="34.17445300" lon="-113.94751400">
<ele>0.000</ele>
</trkpt>
<trkpt lat="34.17455300" lon="-113.94757300">
<ele>0.000</ele>
</trkpt>
<trkpt lat="34.17462600" lon="-113.94758800">
<ele>0.000</ele>
</trkpt>
<trkpt lat="34.17469100" lon="-113.94757200">
<ele>0.000</ele>
</trkpt>
<trkpt lat="34.17476000" lon="-113.94754000">
<ele>0.000</ele>
</trkpt>
<trkpt lat="34.17479700" lon="-113.94742400">
<ele>0.000</ele>
</trkpt>
<trkpt lat="34.17486900" lon="-113.94733700">
<ele>0.000</ele>
</trkpt>
<trkpt lat="34.17495400" lon="-113.94728000">
<ele>0.000</ele>
</trkpt>
<trkpt lat="34.17504400" lon="-113.94727600">
<ele>0.000</ele>
</trkpt>
<trkpt lat="34.17514500" lon="-113.94730400">
<ele>0.000</ele>
</trkpt>
<trkpt lat="34.17523500" lon="-113.94737900">
<ele>0.000</ele>
</trkpt>
<trkpt lat="34.17534700" lon="-113.94743200">
<ele>0.000</ele>
</trkpt>
<trkpt lat="34.17546000" lon="-113.94751400">
<ele>0.000</ele>
</trkpt>
<trkpt lat="34.17560000" lon="-113.94754100">
<ele>0.000</ele>
</trkpt>
<trkpt lat="34.17574800" lon="-113.94760200">
<ele>0.000</ele>
</trkpt>
<trkpt lat="34.17588500" lon="-113.94769400">
<ele>0.000</ele>
</trkpt>
<trkpt lat="34.17600400" lon="-113.94769100">
<ele>0.000</ele>
</trkpt>
<trkpt lat="34.17608900" lon="-113.94766300">
<ele>0.000</ele>
</trkpt>
<trkpt lat="34.17626500" lon="-113.94756100">
<ele>0.000</ele>
</trkpt>
<trkpt lat="34.17637800" lon="-113.94755500">
<ele>0.000</ele>
</trkpt>
<trkpt lat="34.17657100" lon="-113.94766600">
<ele>0.000</ele>
</trkpt>
<trkpt lat="34.17707800" lon="-113.94803100">
<ele>0.000</ele>
</trkpt>
<trkpt lat="34.17723500" lon="-113.94811800">
<ele>0.000</ele>
</trkpt>
<trkpt lat="34.17741000" lon="-113.94818800">
<ele>0.000</ele>
</trkpt>
<trkpt lat="34.17780000" lon="-113.94828000">
<ele>0.000</ele>
</trkpt>
<trkpt lat="34.17800000" lon="-113.94835000">
<ele>0.000</ele>
</trkpt>
<trkpt lat="34.17815700" lon="-113.94843800">
<ele>0.000</ele>
</trkpt>
<trkpt lat="34.17829600" lon="-113.94849200">
<ele>0.000</ele>
</trkpt>
<trkpt lat="34.17843700" lon="-113.94856200">
<ele>0.000</ele>
</trkpt>
<trkpt lat="34.17859700" lon="-113.94861300">
<ele>0.000</ele>
</trkpt>
<trkpt lat="34.17914900" lon="-113.94875800">
<ele>0.000</ele>
</trkpt>
<trkpt lat="34.17954800" lon="-113.94889200">
<ele>0.000</ele>
</trkpt>
<trkpt lat="34.17974200" lon="-113.94893600">
<ele>0.000</ele>
</trkpt>
<trkpt lat="34.18012200" lon="-113.94898900">
<ele>0.000</ele>
</trkpt>
<trkpt lat="34.18031500" lon="-113.94898500">
<ele>0.000</ele>
</trkpt>
<trkpt lat="34.18050000" lon="-113.94896500">
<ele>0.000</ele>
</trkpt>
<trkpt lat="34.18065000" lon="-113.94898700">
<ele>0.000</ele>
</trkpt>
<trkpt lat="34.18075600" lon="-113.94895900">
<ele>0.000</ele>
</trkpt>
<trkpt lat="34.18083200" lon="-113.94898100">
<ele>0.000</ele>
</trkpt>
<trkpt lat="34.18103800" lon="-113.94906100">
<ele>0.000</ele>
</trkpt>
<trkpt lat="34.18139500" lon="-113.94924000">
<ele>0.000</ele>
</trkpt>
<trkpt lat="34.18246000" lon="-113.94971500">
<ele>0.000</ele>
</trkpt>
<trkpt lat="34.18267500" lon="-113.94983100">
<ele>0.000</ele>
</trkpt>
<trkpt lat="34.18283100" lon="-113.94996100">
<ele>0.000</ele>
</trkpt>
<trkpt lat="34.18297000" lon="-113.95012600">
<ele>0.000</ele>
</trkpt>
<trkpt lat="34.18314900" lon="-113.95041900">
<ele>0.000</ele>
</trkpt>
<trkpt lat="34.18348200" lon="-113.95101800">
<ele>0.000</ele>
</trkpt>
<trkpt lat="34.18357500" lon="-113.95115600">
<ele>0.000</ele>
</trkpt>
<trkpt lat="34.18367000" lon="-113.95127200">
<ele>0.000</ele>
</trkpt>
<trkpt lat="34.18378400" lon="-113.95136500">
<ele>0.000</ele>
</trkpt>
<trkpt lat="34.18391000" lon="-113.95144800">
<ele>0.000</ele>
</trkpt>
<trkpt lat="34.18405200" lon="-113.95151500">
<ele>0.000</ele>
</trkpt>
<trkpt lat="34.18455600" lon="-113.95167600">
<ele>0.000</ele>
</trkpt>
<trkpt lat="34.18486400" lon="-113.95178600">
<ele>0.000</ele>
</trkpt>
<trkpt lat="34.18498800" lon="-113.95181000">
<ele>0.000</ele>
</trkpt>
<trkpt lat="34.18509000" lon="-113.95187600">
<ele>0.000</ele>
</trkpt>
<trkpt lat="34.18519500" lon="-113.95196600">
<ele>0.000</ele>
</trkpt>
<trkpt lat="34.18528100" lon="-113.95208700">
<ele>0.000</ele>
</trkpt>
<trkpt lat="34.18555900" lon="-113.95254200">
<ele>0.000</ele>
</trkpt>
<trkpt lat="34.18565800" lon="-113.95267300">
<ele>0.000</ele>
</trkpt>
<trkpt lat="34.18573400" lon="-113.95274700">
<ele>0.000</ele>
</trkpt>
<trkpt lat="34.18588200" lon="-113.95283600">
<ele>0.000</ele>
</trkpt>
<trkpt lat="34.18591400" lon="-113.95282900">
<ele>0.000</ele>
</trkpt>
<trkpt lat="34.18589200" lon="-113.95280800">
<ele>0.000</ele>
</trkpt>
<trkpt lat="34.18609100" lon="-113.95289500">
<ele>0.000</ele>
</trkpt>
<trkpt lat="34.18618900" lon="-113.95295900">
<ele>0.000</ele>
</trkpt>
<trkpt lat="34.18639900" lon="-113.95316400">
<ele>0.000</ele>
</trkpt>
<trkpt lat="34.18664100" lon="-113.95346300">
<ele>0.000</ele>
</trkpt>
<trkpt lat="34.18702400" lon="-113.95397500">
<ele>0.000</ele>
</trkpt>
<trkpt lat="34.18713800" lon="-113.95415300">
<ele>0.000</ele>
</trkpt>
<trkpt lat="34.18729600" lon="-113.95446000">
<ele>0.000</ele>
</trkpt>
<trkpt lat="34.18734700" lon="-113.95461300">
<ele>0.000</ele>
</trkpt>
<trkpt lat="34.18740800" lon="-113.95493800">
<ele>0.000</ele>
</trkpt>
<trkpt lat="34.18742400" lon="-113.95508700">
<ele>0.000</ele>
</trkpt>
<trkpt lat="34.18742000" lon="-113.95521000">
<ele>0.000</ele>
</trkpt>
<trkpt lat="34.18739600" lon="-113.95533100">
<ele>0.000</ele>
</trkpt>
<trkpt lat="34.18734700" lon="-113.95544200">
<ele>0.000</ele>
</trkpt>
<trkpt lat="34.18712500" lon="-113.95579100">
<ele>0.000</ele>
</trkpt>
<trkpt lat="34.18692200" lon="-113.95602200">
<ele>0.000</ele>
</trkpt>
<trkpt lat="34.18684400" lon="-113.95613100">
<ele>0.000</ele>
</trkpt>
<trkpt lat="34.18674900" lon="-113.95638000">
<ele>0.000</ele>
</trkpt>
<trkpt lat="34.18669100" lon="-113.95668200">
<ele>0.000</ele>
</trkpt>
<trkpt lat="34.18668900" lon="-113.95685400">
<ele>0.000</ele>
</trkpt>
<trkpt lat="34.18670500" lon="-113.95703300">
<ele>0.000</ele>
</trkpt>
<trkpt lat="34.18678000" lon="-113.95757000">
<ele>0.000</ele>
</trkpt>
<trkpt lat="34.18680500" lon="-113.95800700">
<ele>0.000</ele>
</trkpt>
<trkpt lat="34.18682500" lon="-113.95816300">
<ele>0.000</ele>
</trkpt>
<trkpt lat="34.18685700" lon="-113.95830800">
<ele>0.000</ele>
</trkpt>
<trkpt lat="34.18690800" lon="-113.95842700">
<ele>0.000</ele>
</trkpt>
<trkpt lat="34.18695900" lon="-113.95848700">
<ele>0.000</ele>
</trkpt>
<trkpt lat="34.18701900" lon="-113.95852400">
<ele>0.000</ele>
</trkpt>
<trkpt lat="34.18709700" lon="-113.95856000">
<ele>0.000</ele>
</trkpt>
<trkpt lat="34.18719500" lon="-113.95858800">
<ele>0.000</ele>
</trkpt>
<trkpt lat="34.18743300" lon="-113.95860500">
<ele>0.000</ele>
</trkpt>
<trkpt lat="34.18756300" lon="-113.95863200">
<ele>0.000</ele>
</trkpt>
<trkpt lat="34.18769300" lon="-113.95867700">
<ele>0.000</ele>
</trkpt>
<trkpt lat="34.18796600" lon="-113.95883200">
<ele>0.000</ele>
</trkpt>
<trkpt lat="34.18828500" lon="-113.95899400">
<ele>0.000</ele>
</trkpt>
<trkpt lat="34.18852800" lon="-113.95914100">
<ele>0.000</ele>
</trkpt>
<trkpt lat="34.18862300" lon="-113.95922100">
<ele>0.000</ele>
</trkpt>
<trkpt lat="34.18882600" lon="-113.95946300">
<ele>0.000</ele>
</trkpt>
<trkpt lat="34.18893000" lon="-113.95960900">
<ele>0.000</ele>
</trkpt>
<trkpt lat="34.18902300" lon="-113.95976900">
<ele>0.000</ele>
</trkpt>
<trkpt lat="34.18909300" lon="-113.95993100">
<ele>0.000</ele>
</trkpt>
<trkpt lat="34.18914500" lon="-113.96009300">
<ele>0.000</ele>
</trkpt>
<trkpt lat="34.18920900" lon="-113.96045000">
<ele>0.000</ele>
</trkpt>
<trkpt lat="34.18925500" lon="-113.96063200">
<ele>0.000</ele>
</trkpt>
<trkpt lat="34.18928900" lon="-113.96082200">
<ele>0.000</ele>
</trkpt>
<trkpt lat="34.18930300" lon="-113.96103400">
<ele>0.000</ele>
</trkpt>
<trkpt lat="34.18931400" lon="-113.96126000">
<ele>0.000</ele>
</trkpt>
<trkpt lat="34.18930500" lon="-113.96147100">
<ele>0.000</ele>
</trkpt>
<trkpt lat="34.18928100" lon="-113.96166600">
<ele>0.000</ele>
</trkpt>
<trkpt lat="34.18919100" lon="-113.96208100">
<ele>0.000</ele>
</trkpt>
<trkpt lat="34.18915300" lon="-113.96230600">
<ele>0.000</ele>
</trkpt>
<trkpt lat="34.18909000" lon="-113.96274600">
<ele>0.000</ele>
</trkpt>
<trkpt lat="34.18907800" lon="-113.96289900">
<ele>0.000</ele>
</trkpt>
<trkpt lat="34.18909900" lon="-113.96303000">
<ele>0.000</ele>
</trkpt>
<trkpt lat="34.18914800" lon="-113.96316900">
<ele>0.000</ele>
</trkpt>
<trkpt lat="34.18921000" lon="-113.96330600">
<ele>0.000</ele>
</trkpt>
<trkpt lat="34.18929600" lon="-113.96341600">
<ele>0.000</ele>
</trkpt>
<trkpt lat="34.18940300" lon="-113.96351300">
<ele>0.000</ele>
</trkpt>
<trkpt lat="34.18965800" lon="-113.96366300">
<ele>0.000</ele>
</trkpt>
<trkpt lat="34.18979800" lon="-113.96376000">
<ele>0.000</ele>
</trkpt>
<trkpt lat="34.18991700" lon="-113.96387200">
<ele>0.000</ele>
</trkpt>
<trkpt lat="34.19015300" lon="-113.96412600">
<ele>0.000</ele>
</trkpt>
<trkpt lat="34.19030500" lon="-113.96424400">
<ele>0.000</ele>
</trkpt>
<trkpt lat="34.19064400" lon="-113.96461600">
<ele>0.000</ele>
</trkpt>
<trkpt lat="34.19086700" lon="-113.96483700">
<ele>0.000</ele>
</trkpt>
<trkpt lat="34.19099500" lon="-113.96493400">
<ele>0.000</ele>
</trkpt>
<trkpt lat="34.19142400" lon="-113.96520900">
<ele>0.000</ele>
</trkpt>
<trkpt lat="34.19151600" lon="-113.96529200">
<ele>0.000</ele>
</trkpt>
<trkpt lat="34.19158600" lon="-113.96540500">
<ele>0.000</ele>
</trkpt>
<trkpt lat="34.19163800" lon="-113.96554800">
<ele>0.000</ele>
</trkpt>
<trkpt lat="34.19164800" lon="-113.96571800">
<ele>0.000</ele>
</trkpt>
<trkpt lat="34.19176200" lon="-113.96603700">
<ele>0.000</ele>
</trkpt>
<trkpt lat="34.19183600" lon="-113.96621000">
<ele>0.000</ele>
</trkpt>
<trkpt lat="34.19192100" lon="-113.96635800">
<ele>0.000</ele>
</trkpt>
<trkpt lat="34.19210400" lon="-113.96663300">
<ele>0.000</ele>
</trkpt>
<trkpt lat="34.19238100" lon="-113.96686700">
<ele>0.000</ele>
</trkpt>
<trkpt lat="34.19253700" lon="-113.96697800">
<ele>0.000</ele>
</trkpt>
<trkpt lat="34.19269000" lon="-113.96710600">
<ele>0.000</ele>
</trkpt>
<trkpt lat="34.19307500" lon="-113.96745800">
<ele>0.000</ele>
</trkpt>
<trkpt lat="34.19387400" lon="-113.96830300">
<ele>0.000</ele>
</trkpt>
<trkpt lat="34.19419600" lon="-113.96866700">
<ele>0.000</ele>
</trkpt>
<trkpt lat="34.19468000" lon="-113.96909500">
<ele>0.000</ele>
</trkpt>
<trkpt lat="34.19499300" lon="-113.96933000">
<ele>0.000</ele>
</trkpt>
<trkpt lat="34.19522500" lon="-113.96947900">
<ele>0.000</ele>
</trkpt>
<trkpt lat="34.19535000" lon="-113.96957700">
<ele>0.000</ele>
</trkpt>
<trkpt lat="34.19606000" lon="-113.97029800">
<ele>0.000</ele>
</trkpt>
<trkpt lat="34.19637300" lon="-113.97068900">
<ele>0.000</ele>
</trkpt>
<trkpt lat="34.19669100" lon="-113.97105000">
<ele>0.000</ele>
</trkpt>
<trkpt lat="34.19701700" lon="-113.97129400">
<ele>0.000</ele>
</trkpt>
<trkpt lat="34.19717800" lon="-113.97143100">
<ele>0.000</ele>
</trkpt>
<trkpt lat="34.19730400" lon="-113.97156100">
<ele>0.000</ele>
</trkpt>
<trkpt lat="34.19739900" lon="-113.97168500">
<ele>0.000</ele>
</trkpt>
<trkpt lat="34.19748200" lon="-113.97182300">
<ele>0.000</ele>
</trkpt>
<trkpt lat="34.19755400" lon="-113.97199900">
<ele>0.000</ele>
</trkpt>
<trkpt lat="34.19765100" lon="-113.97217900">
<ele>0.000</ele>
</trkpt>
<trkpt lat="34.19774400" lon="-113.97239100">
<ele>0.000</ele>
</trkpt>
<trkpt lat="34.19782500" lon="-113.97260800">
<ele>0.000</ele>
</trkpt>
<trkpt lat="34.19799800" lon="-113.97286200">
<ele>0.000</ele>
</trkpt>
<trkpt lat="34.19808300" lon="-113.97294800">
<ele>0.000</ele>
</trkpt>
<trkpt lat="34.19818300" lon="-113.97301700">
<ele>0.000</ele>
</trkpt>
<trkpt lat="34.19847000" lon="-113.97318600">
<ele>0.000</ele>
</trkpt>
<trkpt lat="34.19862900" lon="-113.97329900">
<ele>0.000</ele>
</trkpt>
<trkpt lat="34.19878100" lon="-113.97343100">
<ele>0.000</ele>
</trkpt>
<trkpt lat="34.19923500" lon="-113.97392400">
<ele>0.000</ele>
</trkpt>
<trkpt lat="34.19941600" lon="-113.97407600">
<ele>0.000</ele>
</trkpt>
<trkpt lat="34.19955500" lon="-113.97422200">
<ele>0.000</ele>
</trkpt>
<trkpt lat="34.19966300" lon="-113.97436500">
<ele>0.000</ele>
</trkpt>
<trkpt lat="34.19974600" lon="-113.97452000">
<ele>0.000</ele>
</trkpt>
<trkpt lat="34.19986000" lon="-113.97467400">
<ele>0.000</ele>
</trkpt>
<trkpt lat="34.19996400" lon="-113.97485500">
<ele>0.000</ele>
</trkpt>
<trkpt lat="34.20029200" lon="-113.97536000">
<ele>0.000</ele>
</trkpt>
<trkpt lat="34.20035500" lon="-113.97550600">
<ele>0.000</ele>
</trkpt>
<trkpt lat="34.20050600" lon="-113.97608700">
<ele>0.000</ele>
</trkpt>
<trkpt lat="34.20058200" lon="-113.97629100">
<ele>0.000</ele>
</trkpt>
<trkpt lat="34.20091300" lon="-113.97696600">
<ele>0.000</ele>
</trkpt>
<trkpt lat="34.20102500" lon="-113.97722000">
<ele>0.000</ele>
</trkpt>
<trkpt lat="34.20112200" lon="-113.97748700">
<ele>0.000</ele>
</trkpt>
<trkpt lat="34.20120000" lon="-113.97777100">
<ele>0.000</ele>
</trkpt>
<trkpt lat="34.20138400" lon="-113.97834000">
<ele>0.000</ele>
</trkpt>
<trkpt lat="34.20169800" lon="-113.97922800">
<ele>0.000</ele>
</trkpt>
<trkpt lat="34.20177300" lon="-113.97941100">
<ele>0.000</ele>
</trkpt>
<trkpt lat="34.20186300" lon="-113.97957100">
<ele>0.000</ele>
</trkpt>
<trkpt lat="34.20197000" lon="-113.97972600">
<ele>0.000</ele>
</trkpt>
<trkpt lat="34.20209100" lon="-113.97987600">
<ele>0.000</ele>
</trkpt>
<trkpt lat="34.20250900" lon="-113.98031900">
<ele>0.000</ele>
</trkpt>
<trkpt lat="34.20263000" lon="-113.98050200">
<ele>0.000</ele>
</trkpt>
<trkpt lat="34.20279200" lon="-113.98087800">
<ele>0.000</ele>
</trkpt>
<trkpt lat="34.20285700" lon="-113.98107900">
<ele>0.000</ele>
</trkpt>
<trkpt lat="34.20293900" lon="-113.98128900">
<ele>0.000</ele>
</trkpt>
<trkpt lat="34.20317800" lon="-113.98223400">
<ele>0.000</ele>
</trkpt>
<trkpt lat="34.20323100" lon="-113.98241200">
<ele>0.000</ele>
</trkpt>
<trkpt lat="34.20329700" lon="-113.98255500">
<ele>0.000</ele>
</trkpt>
<trkpt lat="34.20338500" lon="-113.98268000">
<ele>0.000</ele>
</trkpt>
<trkpt lat="34.20362100" lon="-113.98294300">
<ele>0.000</ele>
</trkpt>
<trkpt lat="34.20374800" lon="-113.98310500">
<ele>0.000</ele>
</trkpt>
<trkpt lat="34.20420900" lon="-113.98357600">
<ele>0.000</ele>
</trkpt>
<trkpt lat="34.20440000" lon="-113.98370100">
<ele>0.000</ele>
</trkpt>
<trkpt lat="34.20458500" lon="-113.98384200">
<ele>0.000</ele>
</trkpt>
<trkpt lat="34.20491500" lon="-113.98412700">
<ele>0.000</ele>
</trkpt>
<trkpt lat="34.20505400" lon="-113.98425500">
<ele>0.000</ele>
</trkpt>
<trkpt lat="34.20518900" lon="-113.98439700">
<ele>0.000</ele>
</trkpt>
<trkpt lat="34.20531500" lon="-113.98455600">
<ele>0.000</ele>
</trkpt>
<trkpt lat="34.20543400" lon="-113.98472800">
<ele>0.000</ele>
</trkpt>
<trkpt lat="34.20554100" lon="-113.98492900">
<ele>0.000</ele>
</trkpt>
<trkpt lat="34.20582400" lon="-113.98525900">
<ele>0.000</ele>
</trkpt>
<trkpt lat="34.20626100" lon="-113.98573800">
<ele>0.000</ele>
</trkpt>
<trkpt lat="34.20636500" lon="-113.98588700">
<ele>0.000</ele>
</trkpt>
<trkpt lat="34.20645400" lon="-113.98604900">
<ele>0.000</ele>
</trkpt>
<trkpt lat="34.20660900" lon="-113.98644200">
<ele>0.000</ele>
</trkpt>
<trkpt lat="34.20685400" lon="-113.98713400">
<ele>0.000</ele>
</trkpt>
<trkpt lat="34.20715800" lon="-113.98807800">
<ele>0.000</ele>
</trkpt>
<trkpt lat="34.20723500" lon="-113.98824700">
<ele>0.000</ele>
</trkpt>
<trkpt lat="34.20733300" lon="-113.98840100">
<ele>0.000</ele>
</trkpt>
<trkpt lat="34.20758600" lon="-113.98872400">
<ele>0.000</ele>
</trkpt>
<trkpt lat="34.20773000" lon="-113.98887100">
<ele>0.000</ele>
</trkpt>
<trkpt lat="34.20788800" lon="-113.98899500">
<ele>0.000</ele>
</trkpt>
<trkpt lat="34.20823500" lon="-113.98919700">
<ele>0.000</ele>
</trkpt>
<trkpt lat="34.20856400" lon="-113.98941600">
<ele>0.000</ele>
</trkpt>
<trkpt lat="34.20876700" lon="-113.98958800">
<ele>0.000</ele>
</trkpt>
<trkpt lat="34.20922400" lon="-113.99004300">
<ele>0.000</ele>
</trkpt>
<trkpt lat="34.20954300" lon="-113.99038800">
<ele>0.000</ele>
</trkpt>
<trkpt lat="34.21002100" lon="-113.99096400">
<ele>0.000</ele>
</trkpt>
<trkpt lat="34.21097800" lon="-113.99203800">
<ele>0.000</ele>
</trkpt>
<trkpt lat="34.21115000" lon="-113.99220900">
<ele>0.000</ele>
</trkpt>
<trkpt lat="34.21194300" lon="-113.99312800">
<ele>0.000</ele>
</trkpt>
<trkpt lat="34.21227800" lon="-113.99349800">
<ele>0.000</ele>
</trkpt>
<trkpt lat="34.21275900" lon="-113.99406000">
<ele>0.000</ele>
</trkpt>
<trkpt lat="34.21375400" lon="-113.99526700">
<ele>0.000</ele>
</trkpt>
<trkpt lat="34.21398400" lon="-113.99560400">
<ele>0.000</ele>
</trkpt>
<trkpt lat="34.21414500" lon="-113.99587100">
<ele>0.000</ele>
</trkpt>
<trkpt lat="34.21432400" lon="-113.99624800">
<ele>0.000</ele>
</trkpt>
<trkpt lat="34.21440500" lon="-113.99660000">
<ele>0.000</ele>
</trkpt>
<trkpt lat="34.21443200" lon="-113.99715600">
<ele>0.000</ele>
</trkpt>
<trkpt lat="34.21450600" lon="-113.99784900">
<ele>0.000</ele>
</trkpt>
<trkpt lat="34.21450500" lon="-113.99805200">
<ele>0.000</ele>
</trkpt>
<trkpt lat="34.21445900" lon="-113.99844400">
<ele>0.000</ele>
</trkpt>
<trkpt lat="34.21447000" lon="-113.99882900">
<ele>0.000</ele>
</trkpt>
<trkpt lat="34.21446300" lon="-113.99891300">
<ele>0.000</ele>
</trkpt>
<trkpt lat="34.21437600" lon="-113.99905800">
<ele>0.000</ele>
</trkpt>
<trkpt lat="34.21418100" lon="-113.99942600">
<ele>0.000</ele>
</trkpt>
<trkpt lat="34.21413100" lon="-113.99949500">
<ele>0.000</ele>
</trkpt>
<trkpt lat="34.21409100" lon="-113.99952700">
<ele>0.000</ele>
</trkpt>
<trkpt lat="34.21388800" lon="-113.99962200">
<ele>0.000</ele>
</trkpt>
<trkpt lat="34.21367800" lon="-113.99973800">
<ele>0.000</ele>
</trkpt>
<trkpt lat="34.21358200" lon="-113.99981200">
<ele>0.000</ele>
</trkpt>
<trkpt lat="34.21351500" lon="-113.99989900">
<ele>0.000</ele>
</trkpt>
<trkpt lat="34.21346700" lon="-114.00002300">
<ele>0.000</ele>
</trkpt>
<trkpt lat="34.21340500" lon="-114.00035100">
<ele>0.000</ele>
</trkpt>
<trkpt lat="34.21335700" lon="-114.00053500">
<ele>0.000</ele>
</trkpt>
<trkpt lat="34.21328500" lon="-114.00072000">
<ele>0.000</ele>
</trkpt>
<trkpt lat="34.21318800" lon="-114.00090100">
<ele>0.000</ele>
</trkpt>
<trkpt lat="34.21272900" lon="-114.00152600">
<ele>0.000</ele>
</trkpt>
<trkpt lat="34.21247300" lon="-114.00174800">
<ele>0.000</ele>
</trkpt>
<trkpt lat="34.21237300" lon="-114.00188600">
<ele>0.000</ele>
</trkpt>
<trkpt lat="34.21231200" lon="-114.00203900">
<ele>0.000</ele>
</trkpt>
<trkpt lat="34.21221500" lon="-114.00240000">
<ele>0.000</ele>
</trkpt>
<trkpt lat="34.21213900" lon="-114.00262500">
<ele>0.000</ele>
</trkpt>
<trkpt lat="34.21212200" lon="-114.00271500">
<ele>0.000</ele>
</trkpt>
<trkpt lat="34.21213300" lon="-114.00281500">
<ele>0.000</ele>
</trkpt>
<trkpt lat="34.21218800" lon="-114.00307600">
<ele>0.000</ele>
</trkpt>
<trkpt lat="34.21218800" lon="-114.00319700">
<ele>0.000</ele>
</trkpt>
<trkpt lat="34.21215100" lon="-114.00328000">
<ele>0.000</ele>
</trkpt>
<trkpt lat="34.21209000" lon="-114.00336400">
<ele>0.000</ele>
</trkpt>
<trkpt lat="34.21165200" lon="-114.00374200">
<ele>0.000</ele>
</trkpt>
<trkpt lat="34.21153200" lon="-114.00382900">
<ele>0.000</ele>
</trkpt>
<trkpt lat="34.21133500" lon="-114.00390700">
<ele>0.000</ele>
</trkpt>
<trkpt lat="34.21125700" lon="-114.00397000">
<ele>0.000</ele>
</trkpt>
<trkpt lat="34.21119100" lon="-114.00403900">
<ele>0.000</ele>
</trkpt>
<trkpt lat="34.21109200" lon="-114.00418800">
<ele>0.000</ele>
</trkpt>
<trkpt lat="34.21084800" lon="-114.00445100">
<ele>0.000</ele>
</trkpt>
<trkpt lat="34.21067100" lon="-114.00448800">
<ele>0.000</ele>
</trkpt>
<trkpt lat="34.21044600" lon="-114.00444800">
<ele>0.000</ele>
</trkpt>
<trkpt lat="34.21035100" lon="-114.00446400">
<ele>0.000</ele>
</trkpt>
<trkpt lat="34.21028700" lon="-114.00451900">
<ele>0.000</ele>
</trkpt>
<trkpt lat="34.21022100" lon="-114.00470200">
<ele>0.000</ele>
</trkpt>
<trkpt lat="34.21011100" lon="-114.00513700">
<ele>0.000</ele>
</trkpt>
<trkpt lat="34.21005700" lon="-114.00530500">
<ele>0.000</ele>
</trkpt>
<trkpt lat="34.20997300" lon="-114.00546400">
<ele>0.000</ele>
</trkpt>
<trkpt lat="34.20990900" lon="-114.00563000">
<ele>0.000</ele>
</trkpt>
<trkpt lat="34.20989200" lon="-114.00579100">
<ele>0.000</ele>
</trkpt>
<trkpt lat="34.20989600" lon="-114.00596400">
<ele>0.000</ele>
</trkpt>
<trkpt lat="34.21000400" lon="-114.00658000">
<ele>0.000</ele>
</trkpt>
<trkpt lat="34.21001800" lon="-114.00679000">
<ele>0.000</ele>
</trkpt>
<trkpt lat="34.21001100" lon="-114.00699600">
<ele>0.000</ele>
</trkpt>
<trkpt lat="34.21005500" lon="-114.00735300">
<ele>0.000</ele>
</trkpt>
<trkpt lat="34.20992700" lon="-114.00809900">
<ele>0.000</ele>
</trkpt>
<trkpt lat="34.20986000" lon="-114.00827100">
<ele>0.000</ele>
</trkpt>
<trkpt lat="34.20976500" lon="-114.00839800">
<ele>0.000</ele>
</trkpt>
<trkpt lat="34.20936500" lon="-114.00871900">
<ele>0.000</ele>
</trkpt>
<trkpt lat="34.20920300" lon="-114.00882500">
<ele>0.000</ele>
</trkpt>
<trkpt lat="34.20904200" lon="-114.00894900">
<ele>0.000</ele>
</trkpt>
<trkpt lat="34.20886800" lon="-114.00905500">
<ele>0.000</ele>
</trkpt>
<trkpt lat="34.20871700" lon="-114.00912200">
<ele>0.000</ele>
</trkpt>
<trkpt lat="34.20850500" lon="-114.00919300">
<ele>0.000</ele>
</trkpt>
<trkpt lat="34.20809600" lon="-114.00943100">
<ele>0.000</ele>
</trkpt>
<trkpt lat="34.20771000" lon="-114.00970300">
<ele>0.000</ele>
</trkpt>
<trkpt lat="34.20731600" lon="-114.01014100">
<ele>0.000</ele>
</trkpt>
<trkpt lat="34.20716200" lon="-114.01029100">
<ele>0.000</ele>
</trkpt>
<trkpt lat="34.20700700" lon="-114.01040300">
<ele>0.000</ele>
</trkpt>
<trkpt lat="34.20628000" lon="-114.01079200">
<ele>0.000</ele>
</trkpt>
<trkpt lat="34.20550300" lon="-114.01113400">
<ele>0.000</ele>
</trkpt>
<trkpt lat="34.20529400" lon="-114.01123900">
<ele>0.000</ele>
</trkpt>
<trkpt lat="34.20509800" lon="-114.01135300">
<ele>0.000</ele>
</trkpt>
<trkpt lat="34.20474800" lon="-114.01159300">
<ele>0.000</ele>
</trkpt>
<trkpt lat="34.20445600" lon="-114.01177700">
<ele>0.000</ele>
</trkpt>
<trkpt lat="34.20430900" lon="-114.01187900">
<ele>0.000</ele>
</trkpt>
<trkpt lat="34.20416500" lon="-114.01200600">
<ele>0.000</ele>
</trkpt>
<trkpt lat="34.20389800" lon="-114.01233400">
<ele>0.000</ele>
</trkpt>
<trkpt lat="34.20264400" lon="-114.01376000">
<ele>0.000</ele>
</trkpt>
<trkpt lat="34.20165800" lon="-114.01491100">
<ele>0.000</ele>
</trkpt>
<trkpt lat="34.20097200" lon="-114.01564700">
<ele>0.000</ele>
</trkpt>
<trkpt lat="34.20031700" lon="-114.01636800">
<ele>0.000</ele>
</trkpt>
<trkpt lat="34.20000400" lon="-114.01673500">
<ele>0.000</ele>
</trkpt>
<trkpt lat="34.19987200" lon="-114.01691900">
<ele>0.000</ele>
</trkpt>
<trkpt lat="34.19974900" lon="-114.01712100">
<ele>0.000</ele>
</trkpt>
<trkpt lat="34.19937900" lon="-114.01778500">
<ele>0.000</ele>
</trkpt>
<trkpt lat="34.19869500" lon="-114.01892100">
<ele>0.000</ele>
</trkpt>
<trkpt lat="34.19858500" lon="-114.01909800">
<ele>0.000</ele>
</trkpt>
<trkpt lat="34.19848200" lon="-114.01923700">
<ele>0.000</ele>
</trkpt>
<trkpt lat="34.19836000" lon="-114.01936500">
<ele>0.000</ele>
</trkpt>
<trkpt lat="34.19821400" lon="-114.01949100">
<ele>0.000</ele>
</trkpt>
<trkpt lat="34.19673500" lon="-114.02051600">
<ele>0.000</ele>
</trkpt>
<trkpt lat="34.19582000" lon="-114.02124000">
<ele>0.000</ele>
</trkpt>
<trkpt lat="34.19426800" lon="-114.02256800">
<ele>0.000</ele>
</trkpt>
<trkpt lat="34.19392500" lon="-114.02288400">
<ele>0.000</ele>
</trkpt>
<trkpt lat="34.19378300" lon="-114.02303800">
<ele>0.000</ele>
</trkpt>
<trkpt lat="34.19366100" lon="-114.02320700">
<ele>0.000</ele>
</trkpt>
<trkpt lat="34.19354300" lon="-114.02339700">
<ele>0.000</ele>
</trkpt>
<trkpt lat="34.19343500" lon="-114.02360200">
<ele>0.000</ele>
</trkpt>
<trkpt lat="34.19324600" lon="-114.02404900">
<ele>0.000</ele>
</trkpt>
<trkpt lat="34.19310300" lon="-114.02453100">
<ele>0.000</ele>
</trkpt>
<trkpt lat="34.19281700" lon="-114.02555800">
<ele>0.000</ele>
</trkpt>
<trkpt lat="34.19187700" lon="-114.02879300">
<ele>0.000</ele>
</trkpt>
<trkpt lat="34.19129900" lon="-114.03070800">
<ele>0.000</ele>
</trkpt>
<trkpt lat="34.19087200" lon="-114.03220800">
<ele>0.000</ele>
</trkpt>
<trkpt lat="34.19065800" lon="-114.03288800">
<ele>0.000</ele>
</trkpt>
<trkpt lat="34.19037000" lon="-114.03398300">
<ele>0.000</ele>
</trkpt>
<trkpt lat="34.18963300" lon="-114.03654600">
<ele>0.000</ele>
</trkpt>
<trkpt lat="34.18913300" lon="-114.03835800">
<ele>0.000</ele>
</trkpt>
<trkpt lat="34.18897500" lon="-114.03896500">
<ele>0.000</ele>
</trkpt>
<trkpt lat="34.18880600" lon="-114.03955700">
<ele>0.000</ele>
</trkpt>
<trkpt lat="34.18847900" lon="-114.04056700">
<ele>0.000</ele>
</trkpt>
<trkpt lat="34.18838000" lon="-114.04078700">
<ele>0.000</ele>
</trkpt>
<trkpt lat="34.18825600" lon="-114.04099100">
<ele>0.000</ele>
</trkpt>
<trkpt lat="34.18782400" lon="-114.04158900">
<ele>0.000</ele>
</trkpt>
<trkpt lat="34.18652300" lon="-114.04347600">
<ele>0.000</ele>
</trkpt>
<trkpt lat="34.18598200" lon="-114.04421700">
<ele>0.000</ele>
</trkpt>
<trkpt lat="34.18575700" lon="-114.04447600">
<ele>0.000</ele>
</trkpt>
<trkpt lat="34.18546700" lon="-114.04478800">
<ele>0.000</ele>
</trkpt>
<trkpt lat="34.18478600" lon="-114.04557000">
<ele>0.000</ele>
</trkpt>
<trkpt lat="34.18459700" lon="-114.04576000">
<ele>0.000</ele>
</trkpt>
<trkpt lat="34.18398100" lon="-114.04644600">
<ele>0.000</ele>
</trkpt>
<trkpt lat="34.18362000" lon="-114.04681200">
<ele>0.000</ele>
</trkpt>
<trkpt lat="34.18323300" lon="-114.04724200">
<ele>0.000</ele>
</trkpt>
<trkpt lat="34.18279100" lon="-114.04765500">
<ele>0.000</ele>
</trkpt>
<trkpt lat="34.18185600" lon="-114.04843800">
<ele>0.000</ele>
</trkpt>
<trkpt lat="34.18021200" lon="-114.05010700">
<ele>0.000</ele>
</trkpt>
<trkpt lat="34.18006800" lon="-114.05026800">
<ele>0.000</ele>
</trkpt>
<trkpt lat="34.17977000" lon="-114.05055400">
<ele>0.000</ele>
</trkpt>
<trkpt lat="34.17965400" lon="-114.05069700">
<ele>0.000</ele>
</trkpt>
<trkpt lat="34.17904900" lon="-114.05132100">
<ele>0.000</ele>
</trkpt>
<trkpt lat="34.17844240" lon="-114.05192258">
<ele>0.000</ele>
</trkpt>
<trkpt lat="34.17836470" lon="-114.05200530">
<ele>0.000</ele>
</trkpt>
<trkpt lat="34.17824266" lon="-114.05211900">
<ele>0.000</ele>
</trkpt>
<trkpt lat="34.17812513" lon="-114.05215027">
<ele>0.000</ele>
</trkpt>
<trkpt lat="34.17786053" lon="-114.05225144">
<ele>0.000</ele>
</trkpt>
<trkpt lat="34.17755571" lon="-114.05234601">
<ele>0.000</ele>
</trkpt>
<trkpt lat="34.17707824" lon="-114.05250109">
<ele>0.000</ele>
</trkpt>
<trkpt lat="34.17656720" lon="-114.05268196">
<ele>0.000</ele>
</trkpt>
<trkpt lat="34.17611400" lon="-114.05287500">
<ele>0.000</ele>
</trkpt>
<trkpt lat="34.17483200" lon="-114.05335200">
<ele>0.000</ele>
</trkpt>
<trkpt lat="34.17398800" lon="-114.05368700">
<ele>0.000</ele>
</trkpt>
<trkpt lat="34.17361500" lon="-114.05378900">
<ele>0.000</ele>
</trkpt>
<trkpt lat="34.17325500" lon="-114.05383500">
<ele>0.000</ele>
</trkpt>
<trkpt lat="34.17307800" lon="-114.05382900">
<ele>0.000</ele>
</trkpt>
<trkpt lat="34.17278000" lon="-114.05377100">
<ele>0.000</ele>
</trkpt>
<trkpt lat="34.17180500" lon="-114.05345300">
<ele>0.000</ele>
</trkpt>
<trkpt lat="34.17155600" lon="-114.05328100">
<ele>0.000</ele>
</trkpt>
<trkpt lat="34.17142600" lon="-114.05321500">
<ele>0.000</ele>
</trkpt>
<trkpt lat="34.17131700" lon="-114.05320800">
<ele>0.000</ele>
</trkpt>
<trkpt lat="34.17120900" lon="-114.05323400">
<ele>0.000</ele>
</trkpt>
<trkpt lat="34.17112200" lon="-114.05329800">
<ele>0.000</ele>
</trkpt>
<trkpt lat="34.17092500" lon="-114.05347700">
<ele>0.000</ele>
</trkpt>
<trkpt lat="34.17083800" lon="-114.05351500">
<ele>0.000</ele>
</trkpt>
<trkpt lat="34.17075300" lon="-114.05348600">
<ele>0.000</ele>
</trkpt>
<trkpt lat="34.17067300" lon="-114.05340200">
<ele>0.000</ele>
</trkpt>
<trkpt lat="34.17048900" lon="-114.05312900">
<ele>0.000</ele>
</trkpt>
<trkpt lat="34.17041800" lon="-114.05296500">
<ele>0.000</ele>
</trkpt>
<trkpt lat="34.17036500" lon="-114.05280600">
<ele>0.000</ele>
</trkpt>
<trkpt lat="34.17033300" lon="-114.05264000">
<ele>0.000</ele>
</trkpt>
<trkpt lat="34.17029300" lon="-114.05250800">
<ele>0.000</ele>
</trkpt>
<trkpt lat="34.17021800" lon="-114.05243400">
<ele>0.000</ele>
</trkpt>
<trkpt lat="34.17010300" lon="-114.05239100">
<ele>0.000</ele>
</trkpt>
<trkpt lat="34.16985900" lon="-114.05235500">
<ele>0.000</ele>
</trkpt>
<trkpt lat="34.16975300" lon="-114.05232900">
<ele>0.000</ele>
</trkpt>
<trkpt lat="34.16949500" lon="-114.05217700">
<ele>0.000</ele>
</trkpt>
<trkpt lat="34.16931800" lon="-114.05209900">
<ele>0.000</ele>
</trkpt>
<trkpt lat="34.16911300" lon="-114.05205400">
<ele>0.000</ele>
</trkpt>
<trkpt lat="34.16891800" lon="-114.05202700">
<ele>0.000</ele>
</trkpt>
<trkpt lat="34.16877800" lon="-114.05199700">
<ele>0.000</ele>
</trkpt>
<trkpt lat="34.16869200" lon="-114.05195000">
<ele>0.000</ele>
</trkpt>
<trkpt lat="34.16864300" lon="-114.05186900">
<ele>0.000</ele>
</trkpt>
<trkpt lat="34.16860400" lon="-114.05177200">
<ele>0.000</ele>
</trkpt>
<trkpt lat="34.16848800" lon="-114.05132100">
<ele>0.000</ele>
</trkpt>
<trkpt lat="34.16841500" lon="-114.05115200">
<ele>0.000</ele>
</trkpt>
<trkpt lat="34.16815100" lon="-114.05044000">
<ele>0.000</ele>
</trkpt>
<trkpt lat="34.16810300" lon="-114.05036800">
<ele>0.000</ele>
</trkpt>
<trkpt lat="34.16805200" lon="-114.05036100">
<ele>0.000</ele>
</trkpt>
<trkpt lat="34.16798200" lon="-114.05037700">
<ele>0.000</ele>
</trkpt>
<trkpt lat="34.16790200" lon="-114.05042300">
<ele>0.000</ele>
</trkpt>
<trkpt lat="34.16738400" lon="-114.05090400">
<ele>0.000</ele>
</trkpt>
<trkpt lat="34.16730900" lon="-114.05095600">
<ele>0.000</ele>
</trkpt>
<trkpt lat="34.16719800" lon="-114.05100000">
<ele>0.000</ele>
</trkpt>
<trkpt lat="34.16705300" lon="-114.05102100">
<ele>0.000</ele>
</trkpt>
<trkpt lat="34.16692800" lon="-114.05100500">
<ele>0.000</ele>
</trkpt>
<trkpt lat="34.16663000" lon="-114.05091100">
<ele>0.000</ele>
</trkpt>
<trkpt lat="34.16633200" lon="-114.05085600">
<ele>0.000</ele>
</trkpt>
<trkpt lat="34.16620300" lon="-114.05087500">
<ele>0.000</ele>
</trkpt>
<trkpt lat="34.16606900" lon="-114.05092700">
<ele>0.000</ele>
</trkpt>
<trkpt lat="34.16593100" lon="-114.05100500">
<ele>0.000</ele>
</trkpt>
<trkpt lat="34.16528000" lon="-114.05147600">
<ele>0.000</ele>
</trkpt>
<trkpt lat="34.16481400" lon="-114.05173600">
<ele>0.000</ele>
</trkpt>
<trkpt lat="34.16459500" lon="-114.05183700">
<ele>0.000</ele>
</trkpt>
<trkpt lat="34.16447100" lon="-114.05184600">
<ele>0.000</ele>
</trkpt>
<trkpt lat="34.16433800" lon="-114.05180900">
<ele>0.000</ele>
</trkpt>
<trkpt lat="34.16421000" lon="-114.05172100">
<ele>0.000</ele>
</trkpt>
<trkpt lat="34.16408400" lon="-114.05167500">
<ele>0.000</ele>
</trkpt>
<trkpt lat="34.16396200" lon="-114.05155500">
<ele>0.000</ele>
</trkpt>
<trkpt lat="34.16384400" lon="-114.05140500">
<ele>0.000</ele>
</trkpt>
<trkpt lat="34.16374700" lon="-114.05122900">
<ele>0.000</ele>
</trkpt>
<trkpt lat="34.16361000" lon="-114.05090200">
<ele>0.000</ele>
</trkpt>
<trkpt lat="34.16352100" lon="-114.05061200">
<ele>0.000</ele>
</trkpt>
<trkpt lat="34.16349200" lon="-114.05041500">
<ele>0.000</ele>
</trkpt>
<trkpt lat="34.16348500" lon="-114.05023600">
<ele>0.000</ele>
</trkpt>
<trkpt lat="34.16350200" lon="-114.05005300">
<ele>0.000</ele>
</trkpt>
<trkpt lat="34.16355200" lon="-114.04986700">
<ele>0.000</ele>
</trkpt>
<trkpt lat="34.16362100" lon="-114.04967000">
<ele>0.000</ele>
</trkpt>
<trkpt lat="34.16371000" lon="-114.04946400">
<ele>0.000</ele>
</trkpt>
<trkpt lat="34.16377000" lon="-114.04926400">
<ele>0.000</ele>
</trkpt>
<trkpt lat="34.16380900" lon="-114.04909100">
<ele>0.000</ele>
</trkpt>
<trkpt lat="34.16382100" lon="-114.04888800">
<ele>0.000</ele>
</trkpt>
<trkpt lat="34.16380000" lon="-114.04873600">
<ele>0.000</ele>
</trkpt>
<trkpt lat="34.16375100" lon="-114.04867400">
<ele>0.000</ele>
</trkpt>
<trkpt lat="34.16370100" lon="-114.04846100">
<ele>0.000</ele>
</trkpt>
<trkpt lat="34.16363600" lon="-114.04840100">
<ele>0.000</ele>
</trkpt>
<trkpt lat="34.16355000" lon="-114.04840300">
<ele>0.000</ele>
</trkpt>
<trkpt lat="34.16346800" lon="-114.04844700">
<ele>0.000</ele>
</trkpt>
<trkpt lat="34.16338400" lon="-114.04851100">
<ele>0.000</ele>
</trkpt>
<trkpt lat="34.16317800" lon="-114.04868800">
<ele>0.000</ele>
</trkpt>
<trkpt lat="34.16305900" lon="-114.04880500">
<ele>0.000</ele>
</trkpt>
<trkpt lat="34.16267200" lon="-114.04922000">
<ele>0.000</ele>
</trkpt>
<trkpt lat="34.16236700" lon="-114.04948100">
<ele>0.000</ele>
</trkpt>
<trkpt lat="34.16222200" lon="-114.04956200">
<ele>0.000</ele>
</trkpt>
<trkpt lat="34.16205500" lon="-114.04963000">
<ele>0.000</ele>
</trkpt>
<trkpt lat="34.16190500" lon="-114.04966400">
<ele>0.000</ele>
</trkpt>
<trkpt lat="34.16175924" lon="-114.04965225">
<ele>0.000</ele>
</trkpt>
<trkpt lat="34.16162260" lon="-114.04959892">
<ele>0.000</ele>
</trkpt>
<trkpt lat="34.16152636" lon="-114.04953266">
<ele>0.000</ele>
</trkpt>
<trkpt lat="34.16144336" lon="-114.04945535">
<ele>0.000</ele>
</trkpt>
<trkpt lat="34.16133504" lon="-114.04934405">
<ele>0.000</ele>
</trkpt>
<trkpt lat="34.16119241" lon="-114.04922001">
<ele>0.000</ele>
</trkpt>
<trkpt lat="34.16111700" lon="-114.04916100">
<ele>0.000</ele>
</trkpt>
<trkpt lat="34.16101500" lon="-114.04909000">
<ele>0.000</ele>
</trkpt>
<trkpt lat="34.16066300" lon="-114.04888100">
<ele>0.000</ele>
</trkpt>
<trkpt lat="34.16044200" lon="-114.04873700">
<ele>0.000</ele>
</trkpt>
<trkpt lat="34.16037100" lon="-114.04871800">
<ele>0.000</ele>
</trkpt>
<trkpt lat="34.16027800" lon="-114.04874000">
<ele>0.000</ele>
</trkpt>
<trkpt lat="34.16017700" lon="-114.04880400">
<ele>0.000</ele>
</trkpt>
<trkpt lat="34.16008100" lon="-114.04889600">
<ele>0.000</ele>
</trkpt>
<trkpt lat="34.15999000" lon="-114.04901000">
<ele>0.000</ele>
</trkpt>
<trkpt lat="34.15975700" lon="-114.04936400">
<ele>0.000</ele>
</trkpt>
<trkpt lat="34.15968300" lon="-114.04943200">
<ele>0.000</ele>
</trkpt>
<trkpt lat="34.15959500" lon="-114.04942500">
<ele>0.000</ele>
</trkpt>
<trkpt lat="34.15949600" lon="-114.04937900">
<ele>0.000</ele>
</trkpt>
<trkpt lat="34.15925000" lon="-114.04921000">
<ele>0.000</ele>
</trkpt>
<trkpt lat="34.15910100" lon="-114.04910300">
<ele>0.000</ele>
</trkpt>
<trkpt lat="34.15895700" lon="-114.04897500">
<ele>0.000</ele>
</trkpt>
<trkpt lat="34.15882200" lon="-114.04883400">
<ele>0.000</ele>
</trkpt>
<trkpt lat="34.15844300" lon="-114.04834900">
<ele>0.000</ele>
</trkpt>
<trkpt lat="34.15814900" lon="-114.04801400">
<ele>0.000</ele>
</trkpt>
<trkpt lat="34.15781900" lon="-114.04767600">
<ele>0.000</ele>
</trkpt>
<trkpt lat="34.15674600" lon="-114.04662700">
<ele>0.000</ele>
</trkpt>
<trkpt lat="34.15658600" lon="-114.04648900">
<ele>0.000</ele>
</trkpt>
<trkpt lat="34.15622400" lon="-114.04623500">
<ele>0.000</ele>
</trkpt>
<trkpt lat="34.15612200" lon="-114.04619300">
<ele>0.000</ele>
</trkpt>
<trkpt lat="34.15603600" lon="-114.04618600">
<ele>0.000</ele>
</trkpt>
<trkpt lat="34.15593300" lon="-114.04620300">
<ele>0.000</ele>
</trkpt>
<trkpt lat="34.15582700" lon="-114.04625500">
<ele>0.000</ele>
</trkpt>
<trkpt lat="34.15562300" lon="-114.04640100">
<ele>0.000</ele>
</trkpt>
<trkpt lat="34.15534200" lon="-114.04670900">
<ele>0.000</ele>
</trkpt>
<trkpt lat="34.15524400" lon="-114.04672500">
<ele>0.000</ele>
</trkpt>
<trkpt lat="34.15516000" lon="-114.04665700">
<ele>0.000</ele>
</trkpt>
<trkpt lat="34.15509200" lon="-114.04653800">
<ele>0.000</ele>
</trkpt>
<trkpt lat="34.15488600" lon="-114.04631200">
<ele>0.000</ele>
</trkpt>
<trkpt lat="34.15462500" lon="-114.04607300">
<ele>0.000</ele>
</trkpt>
<trkpt lat="34.15451400" lon="-114.04598700">
<ele>0.000</ele>
</trkpt>
<trkpt lat="34.15439400" lon="-114.04592300">
<ele>0.000</ele>
</trkpt>
<trkpt lat="34.15426300" lon="-114.04588700">
<ele>0.000</ele>
</trkpt>
<trkpt lat="34.15415400" lon="-114.04590200">
<ele>0.000</ele>
</trkpt>
<trkpt lat="34.15403400" lon="-114.04594500">
<ele>0.000</ele>
</trkpt>
<trkpt lat="34.15388700" lon="-114.04596900">
<ele>0.000</ele>
</trkpt>
<trkpt lat="34.15358500" lon="-114.04605700">
<ele>0.000</ele>
</trkpt>
<trkpt lat="34.15345900" lon="-114.04613000">
<ele>0.000</ele>
</trkpt>
<trkpt lat="34.15331700" lon="-114.04619700">
<ele>0.000</ele>
</trkpt>
<trkpt lat="34.15318300" lon="-114.04630000">
<ele>0.000</ele>
</trkpt>
<trkpt lat="34.15305600" lon="-114.04633600">
<ele>0.000</ele>
</trkpt>
<trkpt lat="34.15294400" lon="-114.04632500">
<ele>0.000</ele>
</trkpt>
<trkpt lat="34.15282900" lon="-114.04626600">
<ele>0.000</ele>
</trkpt>
<trkpt lat="34.15271400" lon="-114.04617600">
<ele>0.000</ele>
</trkpt>
<trkpt lat="34.15259800" lon="-114.04607000">
<ele>0.000</ele>
</trkpt>
<trkpt lat="34.15220900" lon="-114.04562600">
<ele>0.000</ele>
</trkpt>
<trkpt lat="34.15206800" lon="-114.04550100">
<ele>0.000</ele>
</trkpt>
<trkpt lat="34.15190300" lon="-114.04539300">
<ele>0.000</ele>
</trkpt>
<trkpt lat="34.15174500" lon="-114.04532800">
<ele>0.000</ele>
</trkpt>
<trkpt lat="34.15158100" lon="-114.04530600">
<ele>0.000</ele>
</trkpt>
<trkpt lat="34.15141600" lon="-114.04530600">
<ele>0.000</ele>
</trkpt>
<trkpt lat="34.15125600" lon="-114.04527800">
<ele>0.000</ele>
</trkpt>
<trkpt lat="34.15113700" lon="-114.04520700">
<ele>0.000</ele>
</trkpt>
<trkpt lat="34.15102700" lon="-114.04509300">
<ele>0.000</ele>
</trkpt>
<trkpt lat="34.15095200" lon="-114.04494000">
<ele>0.000</ele>
</trkpt>
<trkpt lat="34.15071400" lon="-114.04410600">
<ele>0.000</ele>
</trkpt>
<trkpt lat="34.15062200" lon="-114.04390200">
<ele>0.000</ele>
</trkpt>
<trkpt lat="34.15054100" lon="-114.04376500">
<ele>0.000</ele>
</trkpt>
<trkpt lat="34.15032100" lon="-114.04353100">
<ele>0.000</ele>
</trkpt>
<trkpt lat="34.15016700" lon="-114.04341500">
<ele>0.000</ele>
</trkpt>
<trkpt lat="34.14999600" lon="-114.04331900">
<ele>0.000</ele>
</trkpt>
<trkpt lat="34.14963600" lon="-114.04316800">
<ele>0.000</ele>
</trkpt>
<trkpt lat="34.14949600" lon="-114.04309800">
<ele>0.000</ele>
</trkpt>
<trkpt lat="34.14938800" lon="-114.04302800">
<ele>0.000</ele>
</trkpt>
<trkpt lat="34.14930800" lon="-114.04292700">
<ele>0.000</ele>
</trkpt>
<trkpt lat="34.14925600" lon="-114.04279700">
<ele>0.000</ele>
</trkpt>
<trkpt lat="34.14921400" lon="-114.04262900">
<ele>0.000</ele>
</trkpt>
<trkpt lat="34.14915100" lon="-114.04244200">
<ele>0.000</ele>
</trkpt>
<trkpt lat="34.14898400" lon="-114.04206200">
<ele>0.000</ele>
</trkpt>
<trkpt lat="34.14891400" lon="-114.04196300">
<ele>0.000</ele>
</trkpt>
<trkpt lat="34.14883800" lon="-114.04190000">
<ele>0.000</ele>
</trkpt>
<trkpt lat="34.14873100" lon="-114.04184100">
<ele>0.000</ele>
</trkpt>
<trkpt lat="34.14825700" lon="-114.04169200">
<ele>0.000</ele>
</trkpt>
<trkpt lat="34.14808100" lon="-114.04161900">
<ele>0.000</ele>
</trkpt>
<trkpt lat="34.14789000" lon="-114.04155400">
<ele>0.000</ele>
</trkpt>
<trkpt lat="34.14762400" lon="-114.04152000">
<ele>0.000</ele>
</trkpt>
<trkpt lat="34.14702000" lon="-114.04141800">
<ele>0.000</ele>
</trkpt>
<trkpt lat="34.14681000" lon="-114.04140100">
<ele>0.000</ele>
</trkpt>
<trkpt lat="34.14670000" lon="-114.04140800">
<ele>0.000</ele>
</trkpt>
<trkpt lat="34.14657400" lon="-114.04145200">
<ele>0.000</ele>
</trkpt>
<trkpt lat="34.14644900" lon="-114.04152500">
<ele>0.000</ele>
</trkpt>
<trkpt lat="34.14632900" lon="-114.04164200">
<ele>0.000</ele>
</trkpt>
<trkpt lat="34.14620200" lon="-114.04179100">
<ele>0.000</ele>
</trkpt>
<trkpt lat="34.14592600" lon="-114.04208400">
<ele>0.000</ele>
</trkpt>
<trkpt lat="34.14581100" lon="-114.04218000">
<ele>0.000</ele>
</trkpt>
<trkpt lat="34.14568700" lon="-114.04223000">
<ele>0.000</ele>
</trkpt>
<trkpt lat="34.14554500" lon="-114.04225200">
<ele>0.000</ele>
</trkpt>
<trkpt lat="34.14501800" lon="-114.04221600">
<ele>0.000</ele>
</trkpt>
<trkpt lat="34.14483800" lon="-114.04223200">
<ele>0.000</ele>
</trkpt>
<trkpt lat="34.14402300" lon="-114.04243600">
<ele>0.000</ele>
</trkpt>
<trkpt lat="34.14360000" lon="-114.04260800">
<ele>0.000</ele>
</trkpt>
<trkpt lat="34.14349000" lon="-114.04268700">
<ele>0.000</ele>
</trkpt>
<trkpt lat="34.14317700" lon="-114.04306100">
<ele>0.000</ele>
</trkpt>
<trkpt lat="34.14274400" lon="-114.04351000">
<ele>0.000</ele>
</trkpt>
<trkpt lat="34.14203400" lon="-114.04418800">
<ele>0.000</ele>
</trkpt>
<trkpt lat="34.14189000" lon="-114.04429000">
<ele>0.000</ele>
</trkpt>
<trkpt lat="34.14123800" lon="-114.04464300">
<ele>0.000</ele>
</trkpt>
<trkpt lat="34.14108800" lon="-114.04474900">
<ele>0.000</ele>
</trkpt>
<trkpt lat="34.14085600" lon="-114.04498400">
<ele>0.000</ele>
</trkpt>
<trkpt lat="34.14054700" lon="-114.04521200">
<ele>0.000</ele>
</trkpt>
<trkpt lat="34.14042100" lon="-114.04532500">
<ele>0.000</ele>
</trkpt>
<trkpt lat="34.14032800" lon="-114.04545100">
<ele>0.000</ele>
</trkpt>
<trkpt lat="34.14021500" lon="-114.04553600">
<ele>0.000</ele>
</trkpt>
<trkpt lat="34.14007900" lon="-114.04561400">
<ele>0.000</ele>
</trkpt>
<trkpt lat="34.14000200" lon="-114.04563900">
<ele>0.000</ele>
</trkpt>
<trkpt lat="34.13994200" lon="-114.04567300">
<ele>0.000</ele>
</trkpt>
<trkpt lat="34.13983400" lon="-114.04576200">
<ele>0.000</ele>
</trkpt>
<trkpt lat="34.13975000" lon="-114.04586800">
<ele>0.000</ele>
</trkpt>
<trkpt lat="34.13963600" lon="-114.04592300">
<ele>0.000</ele>
</trkpt>
<trkpt lat="34.13956300" lon="-114.04598500">
<ele>0.000</ele>
</trkpt>
<trkpt lat="34.13908400" lon="-114.04645400">
<ele>0.000</ele>
</trkpt>
<trkpt lat="34.13880600" lon="-114.04669300">
<ele>0.000</ele>
</trkpt>
<trkpt lat="34.13867700" lon="-114.04682200">
<ele>0.000</ele>
</trkpt>
<trkpt lat="34.13855200" lon="-114.04692700">
<ele>0.000</ele>
</trkpt>
<trkpt lat="34.13843200" lon="-114.04697800">
<ele>0.000</ele>
</trkpt>
<trkpt lat="34.13827900" lon="-114.04698000">
<ele>0.000</ele>
</trkpt>
<trkpt lat="34.13815700" lon="-114.04699900">
<ele>0.000</ele>
</trkpt>
<trkpt lat="34.13789000" lon="-114.04702000">
<ele>0.000</ele>
</trkpt>
<trkpt lat="34.13768300" lon="-114.04699400">
<ele>0.000</ele>
</trkpt>
<trkpt lat="34.13742100" lon="-114.04687100">
<ele>0.000</ele>
</trkpt>
<trkpt lat="34.13728400" lon="-114.04681800">
<ele>0.000</ele>
</trkpt>
<trkpt lat="34.13696900" lon="-114.04674500">
<ele>0.000</ele>
</trkpt>
<trkpt lat="34.13685800" lon="-114.04670900">
<ele>0.000</ele>
</trkpt>
<trkpt lat="34.13663600" lon="-114.04659100">
<ele>0.000</ele>
</trkpt>
<trkpt lat="34.13643800" lon="-114.04642100">
<ele>0.000</ele>
</trkpt>
<trkpt lat="34.13633700" lon="-114.04629500">
<ele>0.000</ele>
</trkpt>
<trkpt lat="34.13615100" lon="-114.04596500">
<ele>0.000</ele>
</trkpt>
<trkpt lat="34.13596500" lon="-114.04557000">
<ele>0.000</ele>
</trkpt>
<trkpt lat="34.13586900" lon="-114.04538700">
<ele>0.000</ele>
</trkpt>
<trkpt lat="34.13572000" lon="-114.04499100">
<ele>0.000</ele>
</trkpt>
<trkpt lat="34.13561200" lon="-114.04462300">
<ele>0.000</ele>
</trkpt>
<trkpt lat="34.13555700" lon="-114.04448000">
<ele>0.000</ele>
</trkpt>
<trkpt lat="34.13549700" lon="-114.04436600">
<ele>0.000</ele>
</trkpt>
<trkpt lat="34.13544500" lon="-114.04431200">
<ele>0.000</ele>
</trkpt>
<trkpt lat="34.13541500" lon="-114.04430600">
<ele>0.000</ele>
</trkpt>
<trkpt lat="34.13534500" lon="-114.04424400">
<ele>0.000</ele>
</trkpt>
<trkpt lat="34.13529900" lon="-114.04422000">
<ele>0.000</ele>
</trkpt>
<trkpt lat="34.13491800" lon="-114.04415700">
<ele>0.000</ele>
</trkpt>
<trkpt lat="34.13481300" lon="-114.04411300">
<ele>0.000</ele>
</trkpt>
<trkpt lat="34.13472100" lon="-114.04405700">
<ele>0.000</ele>
</trkpt>
<trkpt lat="34.13451000" lon="-114.04390200">
<ele>0.000</ele>
</trkpt>
<trkpt lat="34.13434576" lon="-114.04374197">
<ele>0.000</ele>
</trkpt>
<trkpt lat="34.13426700" lon="-114.04361300">
<ele>0.000</ele>
</trkpt>
<trkpt lat="34.13387103" lon="-114.04295385">
<ele>0.000</ele>
</trkpt>
<trkpt lat="34.13375300" lon="-114.04283000">
<ele>0.000</ele>
</trkpt>
<trkpt lat="34.13351600" lon="-114.04265900">
<ele>0.000</ele>
</trkpt>
<trkpt lat="34.13343900" lon="-114.04258300">
<ele>0.000</ele>
</trkpt>
<trkpt lat="34.13332600" lon="-114.04228200">
<ele>0.000</ele>
</trkpt>
<trkpt lat="34.13311900" lon="-114.04181300">
<ele>0.000</ele>
</trkpt>
<trkpt lat="34.13296100" lon="-114.04139100">
<ele>0.000</ele>
</trkpt>
<trkpt lat="34.13289900" lon="-114.04125700">
<ele>0.000</ele>
</trkpt>
<trkpt lat="34.13268600" lon="-114.04092000">
<ele>0.000</ele>
</trkpt>
<trkpt lat="34.13258300" lon="-114.04078100">
<ele>0.000</ele>
</trkpt>
<trkpt lat="34.13221600" lon="-114.04033100">
<ele>0.000</ele>
</trkpt>
<trkpt lat="34.13172200" lon="-114.03968800">
<ele>0.000</ele>
</trkpt>
<trkpt lat="34.13152000" lon="-114.03950700">
<ele>0.000</ele>
</trkpt>
<trkpt lat="34.13131100" lon="-114.03927700">
<ele>0.000</ele>
</trkpt>
<trkpt lat="34.13109100" lon="-114.03897200">
<ele>0.000</ele>
</trkpt>
<trkpt lat="34.13090400" lon="-114.03873300">
<ele>0.000</ele>
</trkpt>
<trkpt lat="34.13084100" lon="-114.03859900">
<ele>0.000</ele>
</trkpt>
<trkpt lat="34.13081400" lon="-114.03844600">
<ele>0.000</ele>
</trkpt>
<trkpt lat="34.13079900" lon="-114.03827100">
<ele>0.000</ele>
</trkpt>
<trkpt lat="34.13076800" lon="-114.03748200">
<ele>0.000</ele>
</trkpt>
<trkpt lat="34.13079700" lon="-114.03732500">
<ele>0.000</ele>
</trkpt>
<trkpt lat="34.13085700" lon="-114.03716200">
<ele>0.000</ele>
</trkpt>
<trkpt lat="34.13178600" lon="-114.03542700">
<ele>0.000</ele>
</trkpt>
<trkpt lat="34.13211100" lon="-114.03477600">
<ele>0.000</ele>
</trkpt>
<trkpt lat="34.13220400" lon="-114.03454800">
<ele>0.000</ele>
</trkpt>
<trkpt lat="34.13232100" lon="-114.03408000">
<ele>0.000</ele>
</trkpt>
<trkpt lat="34.13234800" lon="-114.03387900">
<ele>0.000</ele>
</trkpt>
<trkpt lat="34.13235200" lon="-114.03369200">
<ele>0.000</ele>
</trkpt>
<trkpt lat="34.13230800" lon="-114.03269300">
<ele>0.000</ele>
</trkpt>
<trkpt lat="34.13225300" lon="-114.03227400">
<ele>0.000</ele>
</trkpt>
<trkpt lat="34.13224900" lon="-114.03212800">
<ele>0.000</ele>
</trkpt>
<trkpt lat="34.13223100" lon="-114.03202500">
<ele>0.000</ele>
</trkpt>
<trkpt lat="34.13224500" lon="-114.03191600">
<ele>0.000</ele>
</trkpt>
<trkpt lat="34.13220200" lon="-114.03139600">
<ele>0.000</ele>
</trkpt>
<trkpt lat="34.13216800" lon="-114.03124800">
<ele>0.000</ele>
</trkpt>
<trkpt lat="34.13212900" lon="-114.03113300">
<ele>0.000</ele>
</trkpt>
<trkpt lat="34.13208200" lon="-114.03104400">
<ele>0.000</ele>
</trkpt>
<trkpt lat="34.13198600" lon="-114.03081600">
<ele>0.000</ele>
</trkpt>
<trkpt lat="34.13191200" lon="-114.03076200">
<ele>0.000</ele>
</trkpt>
<trkpt lat="34.13186600" lon="-114.03070300">
<ele>0.000</ele>
</trkpt>
<trkpt lat="34.13160600" lon="-114.03045000">
<ele>0.000</ele>
</trkpt>
<trkpt lat="34.13018800" lon="-114.02913000">
<ele>0.000</ele>
</trkpt>
<trkpt lat="34.12970800" lon="-114.02867000">
<ele>0.000</ele>
</trkpt>
<trkpt lat="34.12954000" lon="-114.02852400">
<ele>0.000</ele>
</trkpt>
<trkpt lat="34.12940300" lon="-114.02838500">
<ele>0.000</ele>
</trkpt>
<trkpt lat="34.12876800" lon="-114.02780300">
<ele>0.000</ele>
</trkpt>
<trkpt lat="34.12864708" lon="-114.02768989">
<ele>0.000</ele>
</trkpt>
<trkpt lat="34.12857000" lon="-114.02761300">
<ele>0.000</ele>
</trkpt>
<trkpt lat="34.12849998" lon="-114.02755336">
<ele>0.000</ele>
</trkpt>
<trkpt lat="34.12842124" lon="-114.02747691">
<ele>0.000</ele>
</trkpt>
<trkpt lat="34.12832900" lon="-114.02739000">
<ele>0.000</ele>
</trkpt>
<trkpt lat="34.12821200" lon="-114.02728200">
<ele>0.000</ele>
</trkpt>
<trkpt lat="34.12816920" lon="-114.02724158">
<ele>0.000</ele>
</trkpt>
<trkpt lat="34.12807200" lon="-114.02716100">
<ele>0.000</ele>
</trkpt>
<trkpt lat="34.12723300" lon="-114.02636100">
<ele>0.000</ele>
</trkpt>
<trkpt lat="34.12694100" lon="-114.02610600">
<ele>0.000</ele>
</trkpt>
<trkpt lat="34.12684800" lon="-114.02604700">
<ele>0.000</ele>
</trkpt>
<trkpt lat="34.12675400" lon="-114.02602000">
<ele>0.000</ele>
</trkpt>
<trkpt lat="34.12660300" lon="-114.02604300">
<ele>0.000</ele>
</trkpt>
<trkpt lat="34.12638400" lon="-114.02610400">
<ele>0.000</ele>
</trkpt>
<trkpt lat="34.12629700" lon="-114.02611400">
<ele>0.000</ele>
</trkpt>
<trkpt lat="34.12621700" lon="-114.02614500">
<ele>0.000</ele>
</trkpt>
<trkpt lat="34.12612500" lon="-114.02616100">
<ele>0.000</ele>
</trkpt>
<trkpt lat="34.12602800" lon="-114.02614900">
<ele>0.000</ele>
</trkpt>
<trkpt lat="34.12594400" lon="-114.02612600">
<ele>0.000</ele>
</trkpt>
<trkpt lat="34.12583300" lon="-114.02597200">
<ele>0.000</ele>
</trkpt>
<trkpt lat="34.12568900" lon="-114.02557100">
<ele>0.000</ele>
</trkpt>
<trkpt lat="34.12556800" lon="-114.02537500">
<ele>0.000</ele>
</trkpt>
<trkpt lat="34.12547700" lon="-114.02526900">
<ele>0.000</ele>
</trkpt>
<trkpt lat="34.12521900" lon="-114.02505700">
<ele>0.000</ele>
</trkpt>
<trkpt lat="34.12494000" lon="-114.02485900">
<ele>0.000</ele>
</trkpt>
<trkpt lat="34.12479000" lon="-114.02476900">
<ele>0.000</ele>
</trkpt>
<trkpt lat="34.12452800" lon="-114.02464700">
<ele>0.000</ele>
</trkpt>
<trkpt lat="34.12441500" lon="-114.02454300">
<ele>0.000</ele>
</trkpt>
<trkpt lat="34.12428000" lon="-114.02444400">
<ele>0.000</ele>
</trkpt>
<trkpt lat="34.12397600" lon="-114.02425200">
<ele>0.000</ele>
</trkpt>
<trkpt lat="34.12353000" lon="-114.02397900">
<ele>0.000</ele>
</trkpt>
<trkpt lat="34.12323400" lon="-114.02381900">
<ele>0.000</ele>
</trkpt>
<trkpt lat="34.12307900" lon="-114.02370100">
<ele>0.000</ele>
</trkpt>
<trkpt lat="34.12245900" lon="-114.02331900">
<ele>0.000</ele>
</trkpt>
<trkpt lat="34.12230700" lon="-114.02323500">
<ele>0.000</ele>
</trkpt>
<trkpt lat="34.12170200" lon="-114.02283800">
<ele>0.000</ele>
</trkpt>
<trkpt lat="34.12119100" lon="-114.02254000">
<ele>0.000</ele>
</trkpt>
<trkpt lat="34.12100100" lon="-114.02240800">
<ele>0.000</ele>
</trkpt>
<trkpt lat="34.11986500" lon="-114.02170100">
<ele>0.000</ele>
</trkpt>
<trkpt lat="34.11970700" lon="-114.02158800">
<ele>0.000</ele>
</trkpt>
<trkpt lat="34.11939800" lon="-114.02133000">
<ele>0.000</ele>
</trkpt>
<trkpt lat="34.11900700" lon="-114.02103900">
<ele>0.000</ele>
</trkpt>
<trkpt lat="34.11857200" lon="-114.02069400">
<ele>0.000</ele>
</trkpt>
<trkpt lat="34.11814700" lon="-114.02038000">
<ele>0.000</ele>
</trkpt>
<trkpt lat="34.11661300" lon="-114.01918800">
<ele>0.000</ele>
</trkpt>
<trkpt lat="34.11590300" lon="-114.01865700">
<ele>0.000</ele>
</trkpt>
<trkpt lat="34.11539600" lon="-114.01834900">
<ele>0.000</ele>
</trkpt>
<trkpt lat="34.11507300" lon="-114.01819500">
<ele>0.000</ele>
</trkpt>
<trkpt lat="34.11490000" lon="-114.01812300">
<ele>0.000</ele>
</trkpt>
<trkpt lat="34.11474600" lon="-114.01806800">
<ele>0.000</ele>
</trkpt>
<trkpt lat="34.11460700" lon="-114.01803600">
<ele>0.000</ele>
</trkpt>
<trkpt lat="34.11446300" lon="-114.01803200">
<ele>0.000</ele>
</trkpt>
<trkpt lat="34.11432600" lon="-114.01806600">
<ele>0.000</ele>
</trkpt>
<trkpt lat="34.11419000" lon="-114.01811600">
<ele>0.000</ele>
</trkpt>
<trkpt lat="34.11389100" lon="-114.01827000">
<ele>0.000</ele>
</trkpt>
<trkpt lat="34.11366800" lon="-114.01840900">
<ele>0.000</ele>
</trkpt>
<trkpt lat="34.11355700" lon="-114.01849000">
<ele>0.000</ele>
</trkpt>
<trkpt lat="34.11349200" lon="-114.01855700">
<ele>0.000</ele>
</trkpt>
<trkpt lat="34.11333400" lon="-114.01875500">
<ele>0.000</ele>
</trkpt>
<trkpt lat="34.11254200" lon="-114.02009300">
<ele>0.000</ele>
</trkpt>
<trkpt lat="34.11240200" lon="-114.02036300">
<ele>0.000</ele>
</trkpt>
<trkpt lat="34.11223700" lon="-114.02071500">
<ele>0.000</ele>
</trkpt>
<trkpt lat="34.11215400" lon="-114.02093800">
<ele>0.000</ele>
</trkpt>
<trkpt lat="34.11208800" lon="-114.02121700">
<ele>0.000</ele>
</trkpt>
<trkpt lat="34.11208000" lon="-114.02129500">
<ele>0.000</ele>
</trkpt>
<trkpt lat="34.11210100" lon="-114.02140000">
<ele>0.000</ele>
</trkpt>
<trkpt lat="34.11217500" lon="-114.02149900">
<ele>0.000</ele>
</trkpt>
<trkpt lat="34.11240200" lon="-114.02196000">
<ele>0.000</ele>
</trkpt>
<trkpt lat="34.11275200" lon="-114.02280100">
<ele>0.000</ele>
</trkpt>
<trkpt lat="34.11283300" lon="-114.02303000">
<ele>0.000</ele>
</trkpt>
<trkpt lat="34.11287800" lon="-114.02324600">
<ele>0.000</ele>
</trkpt>
<trkpt lat="34.11290100" lon="-114.02422400">
<ele>0.000</ele>
</trkpt>
<trkpt lat="34.11295400" lon="-114.02532300">
<ele>0.000</ele>
</trkpt>
<trkpt lat="34.11297900" lon="-114.02557700">
<ele>0.000</ele>
</trkpt>
<trkpt lat="34.11302800" lon="-114.02584200">
<ele>0.000</ele>
</trkpt>
<trkpt lat="34.11309200" lon="-114.02611400">
<ele>0.000</ele>
</trkpt>
<trkpt lat="34.11311500" lon="-114.02636700">
<ele>0.000</ele>
</trkpt>
<trkpt lat="34.11310600" lon="-114.02659600">
<ele>0.000</ele>
</trkpt>
<trkpt lat="34.11306200" lon="-114.02681000">
<ele>0.000</ele>
</trkpt>
<trkpt lat="34.11303500" lon="-114.02703500">
<ele>0.000</ele>
</trkpt>
<trkpt lat="34.11305400" lon="-114.02722800">
<ele>0.000</ele>
</trkpt>
<trkpt lat="34.11309800" lon="-114.02738400">
<ele>0.000</ele>
</trkpt>
<trkpt lat="34.11323700" lon="-114.02769300">
<ele>0.000</ele>
</trkpt>
<trkpt lat="34.11331200" lon="-114.02782400">
<ele>0.000</ele>
</trkpt>
<trkpt lat="34.11353900" lon="-114.02810200">
<ele>0.000</ele>
</trkpt>
<trkpt lat="34.11365900" lon="-114.02826600">
<ele>0.000</ele>
</trkpt>
<trkpt lat="34.11374100" lon="-114.02846500">
<ele>0.000</ele>
</trkpt>
<trkpt lat="34.11379300" lon="-114.02909200">
<ele>0.000</ele>
</trkpt>
<trkpt lat="34.11379100" lon="-114.02956800">
<ele>0.000</ele>
</trkpt>
<trkpt lat="34.11377900" lon="-114.03038900">
<ele>0.000</ele>
</trkpt>
<trkpt lat="34.11370500" lon="-114.03121400">
<ele>0.000</ele>
</trkpt>
<trkpt lat="34.11371400" lon="-114.03143400">
<ele>0.000</ele>
</trkpt>
<trkpt lat="34.11374200" lon="-114.03165700">
<ele>0.000</ele>
</trkpt>
<trkpt lat="34.11389300" lon="-114.03235800">
<ele>0.000</ele>
</trkpt>
<trkpt lat="34.11394600" lon="-114.03284000">
<ele>0.000</ele>
</trkpt>
<trkpt lat="34.11395600" lon="-114.03309200">
<ele>0.000</ele>
</trkpt>
<trkpt lat="34.11396500" lon="-114.03419000">
<ele>0.000</ele>
</trkpt>
<trkpt lat="34.11399000" lon="-114.03447300">
<ele>0.000</ele>
</trkpt>
<trkpt lat="34.11409600" lon="-114.03520300">
<ele>0.000</ele>
</trkpt>
<trkpt lat="34.11412700" lon="-114.03572100">
<ele>0.000</ele>
</trkpt>
<trkpt lat="34.11417000" lon="-114.03593700">
<ele>0.000</ele>
</trkpt>
<trkpt lat="34.11436300" lon="-114.03659300">
<ele>0.000</ele>
</trkpt>
<trkpt lat="34.11440800" lon="-114.03682700">
<ele>0.000</ele>
</trkpt>
<trkpt lat="34.11440800" lon="-114.03707600">
<ele>0.000</ele>
</trkpt>
<trkpt lat="34.11437000" lon="-114.03732100">
<ele>0.000</ele>
</trkpt>
<trkpt lat="34.11424300" lon="-114.03783900">
<ele>0.000</ele>
</trkpt>
<trkpt lat="34.11418700" lon="-114.03811400">
<ele>0.000</ele>
</trkpt>
<trkpt lat="34.11414900" lon="-114.03839900">
<ele>0.000</ele>
</trkpt>
<trkpt lat="34.11413300" lon="-114.03868500">
<ele>0.000</ele>
</trkpt>
<trkpt lat="34.11413600" lon="-114.03896300">
<ele>0.000</ele>
</trkpt>
<trkpt lat="34.11415400" lon="-114.03922200">
<ele>0.000</ele>
</trkpt>
<trkpt lat="34.11419800" lon="-114.03947700">
<ele>0.000</ele>
</trkpt>
<trkpt lat="34.11437800" lon="-114.04025600">
<ele>0.000</ele>
</trkpt>
<trkpt lat="34.11441500" lon="-114.04052600">
<ele>0.000</ele>
</trkpt>
<trkpt lat="34.11442600" lon="-114.04077700">
<ele>0.000</ele>
</trkpt>
<trkpt lat="34.11441800" lon="-114.04102400">
<ele>0.000</ele>
</trkpt>
<trkpt lat="34.11437700" lon="-114.04128200">
<ele>0.000</ele>
</trkpt>
<trkpt lat="34.11431700" lon="-114.04154400">
<ele>0.000</ele>
</trkpt>
<trkpt lat="34.11417400" lon="-114.04206800">
<ele>0.000</ele>
</trkpt>
<trkpt lat="34.11414300" lon="-114.04229800">
<ele>0.000</ele>
</trkpt>
<trkpt lat="34.11413700" lon="-114.04250900">
<ele>0.000</ele>
</trkpt>
<trkpt lat="34.11416900" lon="-114.04271900">
<ele>0.000</ele>
</trkpt>
<trkpt lat="34.11422800" lon="-114.04291500">
<ele>0.000</ele>
</trkpt>
<trkpt lat="34.11431600" lon="-114.04308200">
<ele>0.000</ele>
</trkpt>
<trkpt lat="34.11442900" lon="-114.04322600">
<ele>0.000</ele>
</trkpt>
<trkpt lat="34.11456400" lon="-114.04332900">
<ele>0.000</ele>
</trkpt>
<trkpt lat="34.11471800" lon="-114.04342100">
<ele>0.000</ele>
</trkpt>
<trkpt lat="34.11489300" lon="-114.04350700">
<ele>0.000</ele>
</trkpt>
<trkpt lat="34.11507400" lon="-114.04362600">
<ele>0.000</ele>
</trkpt>
<trkpt lat="34.11521100" lon="-114.04374900">
<ele>0.000</ele>
</trkpt>
<trkpt lat="34.11532600" lon="-114.04389300">
<ele>0.000</ele>
</trkpt>
<trkpt lat="34.11543200" lon="-114.04406600">
<ele>0.000</ele>
</trkpt>
<trkpt lat="34.11552900" lon="-114.04427100">
<ele>0.000</ele>
</trkpt>
<trkpt lat="34.11560400" lon="-114.04449400">
<ele>0.000</ele>
</trkpt>
<trkpt lat="34.11563400" lon="-114.04471700">
<ele>0.000</ele>
</trkpt>
<trkpt lat="34.11562600" lon="-114.04492800">
<ele>0.000</ele>
</trkpt>
<trkpt lat="34.11564500" lon="-114.04540100">
<ele>0.000</ele>
</trkpt>
<trkpt lat="34.11568200" lon="-114.04562900">
<ele>0.000</ele>
</trkpt>
<trkpt lat="34.11571300" lon="-114.04596300">
<ele>0.000</ele>
</trkpt>
<trkpt lat="34.11571000" lon="-114.04635500">
<ele>0.000</ele>
</trkpt>
<trkpt lat="34.11569400" lon="-114.04657600">
<ele>0.000</ele>
</trkpt>
<trkpt lat="34.11564700" lon="-114.04685500">
<ele>0.000</ele>
</trkpt>
<trkpt lat="34.11545000" lon="-114.04757800">
<ele>0.000</ele>
</trkpt>
<trkpt lat="34.11539500" lon="-114.04795100">
<ele>0.000</ele>
</trkpt>
<trkpt lat="34.11537100" lon="-114.04818400">
<ele>0.000</ele>
</trkpt>
<trkpt lat="34.11537900" lon="-114.04843900">
<ele>0.000</ele>
</trkpt>
<trkpt lat="34.11532900" lon="-114.04957200">
<ele>0.000</ele>
</trkpt>
<trkpt lat="34.11533700" lon="-114.05003200">
<ele>0.000</ele>
</trkpt>
<trkpt lat="34.11536100" lon="-114.05025000">
<ele>0.000</ele>
</trkpt>
<trkpt lat="34.11545200" lon="-114.05070900">
<ele>0.000</ele>
</trkpt>
<trkpt lat="34.11558100" lon="-114.05117700">
<ele>0.000</ele>
</trkpt>
<trkpt lat="34.11565800" lon="-114.05138400">
<ele>0.000</ele>
</trkpt>
<trkpt lat="34.11580800" lon="-114.05169400">
<ele>0.000</ele>
</trkpt>
<trkpt lat="34.11601700" lon="-114.05203000">
<ele>0.000</ele>
</trkpt>
<trkpt lat="34.11613700" lon="-114.05218900">
<ele>0.000</ele>
</trkpt>
<trkpt lat="34.11693200" lon="-114.05311100">
<ele>0.000</ele>
</trkpt>
<trkpt lat="34.11706600" lon="-114.05328600">
<ele>0.000</ele>
</trkpt>
<trkpt lat="34.11719400" lon="-114.05348600">
<ele>0.000</ele>
</trkpt>
<trkpt lat="34.11729800" lon="-114.05371400">
<ele>0.000</ele>
</trkpt>
<trkpt lat="34.11738800" lon="-114.05394600">
<ele>0.000</ele>
</trkpt>
<trkpt lat="34.11753800" lon="-114.05442000">
<ele>0.000</ele>
</trkpt>
<trkpt lat="34.11760800" lon="-114.05467700">
<ele>0.000</ele>
</trkpt>
<trkpt lat="34.11767200" lon="-114.05494200">
<ele>0.000</ele>
</trkpt>
<trkpt lat="34.11772200" lon="-114.05521300">
<ele>0.000</ele>
</trkpt>
<trkpt lat="34.11784300" lon="-114.05601300">
<ele>0.000</ele>
</trkpt>
<trkpt lat="34.11788900" lon="-114.05623700">
<ele>0.000</ele>
</trkpt>
<trkpt lat="34.11796300" lon="-114.05644300">
<ele>0.000</ele>
</trkpt>
<trkpt lat="34.11804900" lon="-114.05664900">
<ele>0.000</ele>
</trkpt>
<trkpt lat="34.11816200" lon="-114.05685200">
<ele>0.000</ele>
</trkpt>
<trkpt lat="34.11841300" lon="-114.05726400">
<ele>0.000</ele>
</trkpt>
<trkpt lat="34.11868600" lon="-114.05768500">
<ele>0.000</ele>
</trkpt>
<trkpt lat="34.11880700" lon="-114.05789700">
<ele>0.000</ele>
</trkpt>
<trkpt lat="34.11889600" lon="-114.05811200">
<ele>0.000</ele>
</trkpt>
<trkpt lat="34.11896500" lon="-114.05833800">
<ele>0.000</ele>
</trkpt>
<trkpt lat="34.11916600" lon="-114.05931900">
<ele>0.000</ele>
</trkpt>
<trkpt lat="34.11922700" lon="-114.05951400">
<ele>0.000</ele>
</trkpt>
<trkpt lat="34.11929900" lon="-114.05968200">
<ele>0.000</ele>
</trkpt>
<trkpt lat="34.11938200" lon="-114.05981900">
<ele>0.000</ele>
</trkpt>
<trkpt lat="34.11956200" lon="-114.06006400">
<ele>0.000</ele>
</trkpt>
<trkpt lat="34.11963900" lon="-114.06019700">
<ele>0.000</ele>
</trkpt>
<trkpt lat="34.11974700" lon="-114.06042800">
<ele>0.000</ele>
</trkpt>
<trkpt lat="34.11998900" lon="-114.06108900">
<ele>0.000</ele>
</trkpt>
<trkpt lat="34.12016300" lon="-114.06149900">
<ele>0.000</ele>
</trkpt>
<trkpt lat="34.12056400" lon="-114.06230600">
<ele>0.000</ele>
</trkpt>
<trkpt lat="34.12083355" lon="-114.06278759">
<ele>0.000</ele>
</trkpt>
<trkpt lat="34.12096478" lon="-114.06306084">
<ele>0.000</ele>
</trkpt>
<trkpt lat="34.12108928" lon="-114.06328671">
<ele>0.000</ele>
</trkpt>
<trkpt lat="34.12114137" lon="-114.06356792">
<ele>0.000</ele>
</trkpt>
<trkpt lat="34.12096500" lon="-114.06466900">
<ele>0.000</ele>
</trkpt>
<trkpt lat="34.12074568" lon="-114.06560615">
<ele>0.000</ele>
</trkpt>
<trkpt lat="34.12063035" lon="-114.06623591">
<ele>0.000</ele>
</trkpt>
<trkpt lat="34.12050360" lon="-114.06707495">
<ele>0.000</ele>
</trkpt>
<trkpt lat="34.12037153" lon="-114.06756078">
<ele>0.000</ele>
</trkpt>
<trkpt lat="34.12023441" lon="-114.06774832">
<ele>0.000</ele>
</trkpt>
<trkpt lat="34.12016490" lon="-114.06811213">
<ele>0.000</ele>
</trkpt>
<trkpt lat="34.12016162" lon="-114.06836599">
<ele>0.000</ele>
</trkpt>
<trkpt lat="34.12012355" lon="-114.06884826">
<ele>0.000</ele>
</trkpt>
<trkpt lat="34.12007057" lon="-114.06913702">
<ele>0.000</ele>
</trkpt>
<trkpt lat="34.11989187" lon="-114.06967873">
<ele>0.000</ele>
</trkpt>
<trkpt lat="34.11960703" lon="-114.07026901">
<ele>0.000</ele>
</trkpt>
<trkpt lat="34.11941800" lon="-114.07047400">
<ele>0.000</ele>
</trkpt>
<trkpt lat="34.11903700" lon="-114.07084800">
<ele>0.000</ele>
</trkpt>
<trkpt lat="34.11890700" lon="-114.07099200">
<ele>0.000</ele>
</trkpt>
<trkpt lat="34.11878800" lon="-114.07115700">
<ele>0.000</ele>
</trkpt>
<trkpt lat="34.11869000" lon="-114.07131400">
<ele>0.000</ele>
</trkpt>
<trkpt lat="34.11861900" lon="-114.07146700">
<ele>0.000</ele>
</trkpt>
<trkpt lat="34.11856800" lon="-114.07163000">
<ele>0.000</ele>
</trkpt>
<trkpt lat="34.11850700" lon="-114.07195800">
<ele>0.000</ele>
</trkpt>
<trkpt lat="34.11851100" lon="-114.07210500">
<ele>0.000</ele>
</trkpt>
<trkpt lat="34.11858100" lon="-114.07243900">
<ele>0.000</ele>
</trkpt>
<trkpt lat="34.11868500" lon="-114.07281700">
<ele>0.000</ele>
</trkpt>
<trkpt lat="34.11871600" lon="-114.07299800">
<ele>0.000</ele>
</trkpt>
<trkpt lat="34.11872900" lon="-114.07417700">
<ele>0.000</ele>
</trkpt>
<trkpt lat="34.11870800" lon="-114.07434000">
<ele>0.000</ele>
</trkpt>
<trkpt lat="34.11865800" lon="-114.07447700">
<ele>0.000</ele>
</trkpt>
<trkpt lat="34.11858400" lon="-114.07462100">
<ele>0.000</ele>
</trkpt>
<trkpt lat="34.11827000" lon="-114.07509800">
<ele>0.000</ele>
</trkpt>
<trkpt lat="34.11808200" lon="-114.07547700">
<ele>0.000</ele>
</trkpt>
<trkpt lat="34.11802800" lon="-114.07564600">
<ele>0.000</ele>
</trkpt>
<trkpt lat="34.11794800" lon="-114.07602400">
<ele>0.000</ele>
</trkpt>
<trkpt lat="34.11794800" lon="-114.07617500">
<ele>0.000</ele>
</trkpt>
<trkpt lat="34.11796700" lon="-114.07632900">
<ele>0.000</ele>
</trkpt>
<trkpt lat="34.11800300" lon="-114.07650000">
<ele>0.000</ele>
</trkpt>
<trkpt lat="34.11802600" lon="-114.07669600">
<ele>0.000</ele>
</trkpt>
<trkpt lat="34.11804200" lon="-114.07712400">
<ele>0.000</ele>
</trkpt>
<trkpt lat="34.11807000" lon="-114.07728900">
<ele>0.000</ele>
</trkpt>
<trkpt lat="34.11813100" lon="-114.07740500">
<ele>0.000</ele>
</trkpt>
<trkpt lat="34.11831500" lon="-114.07765500">
<ele>0.000</ele>
</trkpt>
<trkpt lat="34.11838800" lon="-114.07779700">
<ele>0.000</ele>
</trkpt>
<trkpt lat="34.11842600" lon="-114.07795000">
<ele>0.000</ele>
</trkpt>
<trkpt lat="34.11846500" lon="-114.07832400">
<ele>0.000</ele>
</trkpt>
<trkpt lat="34.11850200" lon="-114.07853100">
<ele>0.000</ele>
</trkpt>
<trkpt lat="34.11864100" lon="-114.07913000">
<ele>0.000</ele>
</trkpt>
<trkpt lat="34.11862700" lon="-114.07941400">
<ele>0.000</ele>
</trkpt>
<trkpt lat="34.11846000" lon="-114.07987500">
<ele>0.000</ele>
</trkpt>
<trkpt lat="34.11841900" lon="-114.08007000">
<ele>0.000</ele>
</trkpt>
<trkpt lat="34.11841700" lon="-114.08024700">
<ele>0.000</ele>
</trkpt>
<trkpt lat="34.11843700" lon="-114.08057700">
<ele>0.000</ele>
</trkpt>
<trkpt lat="34.11843700" lon="-114.08082100">
<ele>0.000</ele>
</trkpt>
<trkpt lat="34.11842000" lon="-114.08109200">
<ele>0.000</ele>
</trkpt>
<trkpt lat="34.11842800" lon="-114.08118800">
<ele>0.000</ele>
</trkpt>
<trkpt lat="34.11845900" lon="-114.08128900">
<ele>0.000</ele>
</trkpt>
<trkpt lat="34.11854300" lon="-114.08142800">
<ele>0.000</ele>
</trkpt>
<trkpt lat="34.11861500" lon="-114.08150700">
<ele>0.000</ele>
</trkpt>
<trkpt lat="34.11876700" lon="-114.08162700">
<ele>0.000</ele>
</trkpt>
<trkpt lat="34.11906100" lon="-114.08180700">
<ele>0.000</ele>
</trkpt>
<trkpt lat="34.11933600" lon="-114.08201200">
<ele>0.000</ele>
</trkpt>
<trkpt lat="34.11946700" lon="-114.08218200">
<ele>0.000</ele>
</trkpt>
<trkpt lat="34.11952000" lon="-114.08227600">
<ele>0.000</ele>
</trkpt>
<trkpt lat="34.11954600" lon="-114.08236700">
<ele>0.000</ele>
</trkpt>
<trkpt lat="34.11955700" lon="-114.08247500">
<ele>0.000</ele>
</trkpt>
<trkpt lat="34.11952600" lon="-114.08272600">
<ele>0.000</ele>
</trkpt>
<trkpt lat="34.11953009" lon="-114.08305212">
<ele>0.000</ele>
</trkpt>
<trkpt lat="34.11956821" lon="-114.08316648">
<ele>0.000</ele>
</trkpt>
<trkpt lat="34.11958678" lon="-114.08335061">
<ele>0.000</ele>
</trkpt>
<trkpt lat="34.11963060" lon="-114.08377596">
<ele>0.000</ele>
</trkpt>
<trkpt lat="34.11963510" lon="-114.08386666">
<ele>0.000</ele>
</trkpt>
<trkpt lat="34.11965485" lon="-114.08397573">
<ele>0.000</ele>
</trkpt>
<trkpt lat="34.11971855" lon="-114.08436483">
<ele>0.000</ele>
</trkpt>
<trkpt lat="34.11971500" lon="-114.08464300">
<ele>0.000</ele>
</trkpt>
<trkpt lat="34.11969700" lon="-114.08474700">
<ele>0.000</ele>
</trkpt>
<trkpt lat="34.11961800" lon="-114.08497800">
<ele>0.000</ele>
</trkpt>
<trkpt lat="34.11940100" lon="-114.08552000">
<ele>0.000</ele>
</trkpt>
<trkpt lat="34.11936000" lon="-114.08565400">
<ele>0.000</ele>
</trkpt>
<trkpt lat="34.11913700" lon="-114.08644500">
<ele>0.000</ele>
</trkpt>
<trkpt lat="34.11884500" lon="-114.08756800">
<ele>0.000</ele>
</trkpt>
<trkpt lat="34.11872800" lon="-114.08773800">
<ele>0.000</ele>
</trkpt>
<trkpt lat="34.11843300" lon="-114.08846200">
<ele>0.000</ele>
</trkpt>
<trkpt lat="34.11819500" lon="-114.08901400">
<ele>0.000</ele>
</trkpt>
<trkpt lat="34.11816840" lon="-114.08908309">
<ele>0.000</ele>
</trkpt>
<trkpt lat="34.11802300" lon="-114.08946600">
<ele>0.000</ele>
</trkpt>
<trkpt lat="34.11772600" lon="-114.09030700">
<ele>0.000</ele>
</trkpt>
<trkpt lat="34.11762800" lon="-114.09064500">
<ele>0.000</ele>
</trkpt>
<trkpt lat="34.11752000" lon="-114.09108100">
<ele>0.000</ele>
</trkpt>
<trkpt lat="34.11741708" lon="-114.09142497">
<ele>0.000</ele>
</trkpt>
<trkpt lat="34.11739858" lon="-114.09150252">
<ele>0.000</ele>
</trkpt>
<trkpt lat="34.11736700" lon="-114.09160500">
<ele>0.000</ele>
</trkpt>
<trkpt lat="34.11729700" lon="-114.09183600">
<ele>0.000</ele>
</trkpt>
<trkpt lat="34.11723800" lon="-114.09209200">
<ele>0.000</ele>
</trkpt>
<trkpt lat="34.11718000" lon="-114.09241000">
<ele>0.000</ele>
</trkpt>
<trkpt lat="34.11713100" lon="-114.09275200">
<ele>0.000</ele>
</trkpt>
<trkpt lat="34.11694100" lon="-114.09368000">
<ele>0.000</ele>
</trkpt>
<trkpt lat="34.11693600" lon="-114.09396100">
<ele>0.000</ele>
</trkpt>
<trkpt lat="34.11696800" lon="-114.09425600">
<ele>0.000</ele>
</trkpt>
<trkpt lat="34.11698600" lon="-114.09454500">
<ele>0.000</ele>
</trkpt>
<trkpt lat="34.11700100" lon="-114.09526000">
<ele>0.000</ele>
</trkpt>
<trkpt lat="34.11702000" lon="-114.09542200">
<ele>0.000</ele>
</trkpt>
<trkpt lat="34.11707800" lon="-114.09570000">
<ele>0.000</ele>
</trkpt>
<trkpt lat="34.11710900" lon="-114.09579000">
<ele>0.000</ele>
</trkpt>
<trkpt lat="34.11716100" lon="-114.09586900">
<ele>0.000</ele>
</trkpt>
<trkpt lat="34.11732500" lon="-114.09602000">
<ele>0.000</ele>
</trkpt>
<trkpt lat="34.11742900" lon="-114.09608200">
<ele>0.000</ele>
</trkpt>
<trkpt lat="34.11753500" lon="-114.09616100">
<ele>0.000</ele>
</trkpt>
<trkpt lat="34.11762200" lon="-114.09626300">
<ele>0.000</ele>
</trkpt>
<trkpt lat="34.11778300" lon="-114.09649900">
<ele>0.000</ele>
</trkpt>
<trkpt lat="34.11787800" lon="-114.09661500">
<ele>0.000</ele>
</trkpt>
<trkpt lat="34.11806300" lon="-114.09675500">
<ele>0.000</ele>
</trkpt>
<trkpt lat="34.11814000" lon="-114.09685600">
<ele>0.000</ele>
</trkpt>
<trkpt lat="34.11819600" lon="-114.09696500">
<ele>0.000</ele>
</trkpt>
<trkpt lat="34.11824400" lon="-114.09708900">
<ele>0.000</ele>
</trkpt>
<trkpt lat="34.11836500" lon="-114.09748000">
<ele>0.000</ele>
</trkpt>
<trkpt lat="34.11843700" lon="-114.09786800">
<ele>0.000</ele>
</trkpt>
<trkpt lat="34.11856300" lon="-114.09831500">
<ele>0.000</ele>
</trkpt>
<trkpt lat="34.11853900" lon="-114.09860400">
<ele>0.000</ele>
</trkpt>
<trkpt lat="34.11856800" lon="-114.09886900">
<ele>0.000</ele>
</trkpt>
<trkpt lat="34.11860600" lon="-114.09894100">
<ele>0.000</ele>
</trkpt>
<trkpt lat="34.11866000" lon="-114.09898300">
<ele>0.000</ele>
</trkpt>
<trkpt lat="34.11881500" lon="-114.09902400">
<ele>0.000</ele>
</trkpt>
<trkpt lat="34.11899900" lon="-114.09909400">
<ele>0.000</ele>
</trkpt>
<trkpt lat="34.11909200" lon="-114.09909700">
<ele>0.000</ele>
</trkpt>
<trkpt lat="34.11922400" lon="-114.09906800">
<ele>0.000</ele>
</trkpt>
<trkpt lat="34.11932500" lon="-114.09908700">
<ele>0.000</ele>
</trkpt>
<trkpt lat="34.11937800" lon="-114.09908300">
<ele>0.000</ele>
</trkpt>
<trkpt lat="34.11957800" lon="-114.09930200">
<ele>0.000</ele>
</trkpt>
<trkpt lat="34.11971700" lon="-114.09951000">
<ele>0.000</ele>
</trkpt>
<trkpt lat="34.11977900" lon="-114.09956300">
<ele>0.000</ele>
</trkpt>
<trkpt lat="34.11984600" lon="-114.09959400">
<ele>0.000</ele>
</trkpt>
<trkpt lat="34.12002000" lon="-114.09960600">
<ele>0.000</ele>
</trkpt>
<trkpt lat="34.12015500" lon="-114.09957000">
<ele>0.000</ele>
</trkpt>
<trkpt lat="34.12021500" lon="-114.09957500">
<ele>0.000</ele>
</trkpt>
<trkpt lat="34.12035000" lon="-114.09962000">
<ele>0.000</ele>
</trkpt>
<trkpt lat="34.12039500" lon="-114.09964600">
<ele>0.000</ele>
</trkpt>
<trkpt lat="34.12042900" lon="-114.09967900">
<ele>0.000</ele>
</trkpt>
<trkpt lat="34.12046600" lon="-114.09973000">
<ele>0.000</ele>
</trkpt>
<trkpt lat="34.12051900" lon="-114.09984300">
<ele>0.000</ele>
</trkpt>
<trkpt lat="34.12052900" lon="-114.09992200">
<ele>0.000</ele>
</trkpt>
<trkpt lat="34.12052500" lon="-114.10011100">
<ele>0.000</ele>
</trkpt>
<trkpt lat="34.12048200" lon="-114.10033700">
<ele>0.000</ele>
</trkpt>
<trkpt lat="34.12043900" lon="-114.10044000">
<ele>0.000</ele>
</trkpt>
<trkpt lat="34.12030700" lon="-114.10063400">
<ele>0.000</ele>
</trkpt>
<trkpt lat="34.12013300" lon="-114.10079300">
<ele>0.000</ele>
</trkpt>
<trkpt lat="34.12004500" lon="-114.10089800">
<ele>0.000</ele>
</trkpt>
<trkpt lat="34.11952000" lon="-114.10145400">
<ele>0.000</ele>
</trkpt>
<trkpt lat="34.11934400" lon="-114.10160500">
<ele>0.000</ele>
</trkpt>
<trkpt lat="34.11913300" lon="-114.10173500">
<ele>0.000</ele>
</trkpt>
<trkpt lat="34.11906100" lon="-114.10180800">
<ele>0.000</ele>
</trkpt>
<trkpt lat="34.11891700" lon="-114.10200200">
<ele>0.000</ele>
</trkpt>
<trkpt lat="34.11877900" lon="-114.10224300">
<ele>0.000</ele>
</trkpt>
<trkpt lat="34.11872900" lon="-114.10239300">
<ele>0.000</ele>
</trkpt>
<trkpt lat="34.11869000" lon="-114.10255200">
<ele>0.000</ele>
</trkpt>
<trkpt lat="34.11867200" lon="-114.10270800">
<ele>0.000</ele>
</trkpt>
<trkpt lat="34.11866200" lon="-114.10304800">
<ele>0.000</ele>
</trkpt>
<trkpt lat="34.11867300" lon="-114.10322700">
<ele>0.000</ele>
</trkpt>
<trkpt lat="34.11873500" lon="-114.10376800">
<ele>0.000</ele>
</trkpt>
<trkpt lat="34.11877900" lon="-114.10402800">
<ele>0.000</ele>
</trkpt>
<trkpt lat="34.11884400" lon="-114.10420400">
<ele>0.000</ele>
</trkpt>
<trkpt lat="34.11905600" lon="-114.10456200">
<ele>0.000</ele>
</trkpt>
<trkpt lat="34.11911200" lon="-114.10469600">
<ele>0.000</ele>
</trkpt>
<trkpt lat="34.11913900" lon="-114.10481700">
<ele>0.000</ele>
</trkpt>
<trkpt lat="34.11914200" lon="-114.10494000">
<ele>0.000</ele>
</trkpt>
<trkpt lat="34.11907800" lon="-114.10554000">
<ele>0.000</ele>
</trkpt>
<trkpt lat="34.11906000" lon="-114.10581900">
<ele>0.000</ele>
</trkpt>
<trkpt lat="34.11896100" lon="-114.10634200">
<ele>0.000</ele>
</trkpt>
<trkpt lat="34.11892700" lon="-114.10684100">
<ele>0.000</ele>
</trkpt>
<trkpt lat="34.11889400" lon="-114.10693200">
<ele>0.000</ele>
</trkpt>
<trkpt lat="34.11883200" lon="-114.10701800">
<ele>0.000</ele>
</trkpt>
<trkpt lat="34.11865900" lon="-114.10718900">
<ele>0.000</ele>
</trkpt>
<trkpt lat="34.11860300" lon="-114.10726500">
<ele>0.000</ele>
</trkpt>
<trkpt lat="34.11859000" lon="-114.10735100">
<ele>0.000</ele>
</trkpt>
<trkpt lat="34.11862400" lon="-114.10765700">
<ele>0.000</ele>
</trkpt>
<trkpt lat="34.11862300" lon="-114.10777300">
<ele>0.000</ele>
</trkpt>
<trkpt lat="34.11856800" lon="-114.10836300">
<ele>0.000</ele>
</trkpt>
<trkpt lat="34.11855600" lon="-114.10863100">
<ele>0.000</ele>
</trkpt>
<trkpt lat="34.11857500" lon="-114.10927800">
<ele>0.000</ele>
</trkpt>
<trkpt lat="34.11857200" lon="-114.10975500">
<ele>0.000</ele>
</trkpt>
<trkpt lat="34.11859800" lon="-114.11020300">
<ele>0.000</ele>
</trkpt>
<trkpt lat="34.11867900" lon="-114.11059100">
<ele>0.000</ele>
</trkpt>
<trkpt lat="34.11870300" lon="-114.11067900">
<ele>0.000</ele>
</trkpt>
<trkpt lat="34.11892200" lon="-114.11118100">
<ele>0.000</ele>
</trkpt>
<trkpt lat="34.11898200" lon="-114.11141900">
<ele>0.000</ele>
</trkpt>
<trkpt lat="34.11901000" lon="-114.11217300">
<ele>0.000</ele>
</trkpt>
<trkpt lat="34.11907800" lon="-114.11256700">
<ele>0.000</ele>
</trkpt>
<trkpt lat="34.11914900" lon="-114.11290400">
<ele>0.000</ele>
</trkpt>
<trkpt lat="34.11922300" lon="-114.11354200">
<ele>0.000</ele>
</trkpt>
<trkpt lat="34.11922600" lon="-114.11367600">
<ele>0.000</ele>
</trkpt>
<trkpt lat="34.11913100" lon="-114.11408400">
<ele>0.000</ele>
</trkpt>
<trkpt lat="34.11912700" lon="-114.11416900">
<ele>0.000</ele>
</trkpt>
<trkpt lat="34.11914000" lon="-114.11425900">
<ele>0.000</ele>
</trkpt>
<trkpt lat="34.11921100" lon="-114.11449700">
<ele>0.000</ele>
</trkpt>
<trkpt lat="34.11926600" lon="-114.11462200">
<ele>0.000</ele>
</trkpt>
<trkpt lat="34.11938200" lon="-114.11483000">
<ele>0.000</ele>
</trkpt>
<trkpt lat="34.11958900" lon="-114.11510400">
<ele>0.000</ele>
</trkpt>
<trkpt lat="34.11986300" lon="-114.11543000">
<ele>0.000</ele>
</trkpt>
<trkpt lat="34.11994900" lon="-114.11556100">
<ele>0.000</ele>
</trkpt>
<trkpt lat="34.12001200" lon="-114.11571200">
<ele>0.000</ele>
</trkpt>
<trkpt lat="34.12010100" lon="-114.11603600">
<ele>0.000</ele>
</trkpt>
<trkpt lat="34.12012200" lon="-114.11617600">
<ele>0.000</ele>
</trkpt>
<trkpt lat="34.12012300" lon="-114.11669600">
<ele>0.000</ele>
</trkpt>
<trkpt lat="34.12010800" lon="-114.11683200">
<ele>0.000</ele>
</trkpt>
<trkpt lat="34.12005200" lon="-114.11707500">
<ele>0.000</ele>
</trkpt>
<trkpt lat="34.12004600" lon="-114.11721600">
<ele>0.000</ele>
</trkpt>
<trkpt lat="34.12006100" lon="-114.11734200">
<ele>0.000</ele>
</trkpt>
<trkpt lat="34.12009600" lon="-114.11745800">
<ele>0.000</ele>
</trkpt>
<trkpt lat="34.12015400" lon="-114.11758100">
<ele>0.000</ele>
</trkpt>
<trkpt lat="34.12038200" lon="-114.11796800">
<ele>0.000</ele>
</trkpt>
<trkpt lat="34.12046100" lon="-114.11813000">
<ele>0.000</ele>
</trkpt>
<trkpt lat="34.12065200" lon="-114.11871300">
<ele>0.000</ele>
</trkpt>
<trkpt lat="34.12080300" lon="-114.11924800">
<ele>0.000</ele>
</trkpt>
<trkpt lat="34.12091200" lon="-114.11972200">
<ele>0.000</ele>
</trkpt>
<trkpt lat="34.12100000" lon="-114.12005600">
<ele>0.000</ele>
</trkpt>
<trkpt lat="34.12106600" lon="-114.12041100">
<ele>0.000</ele>
</trkpt>
<trkpt lat="34.12116800" lon="-114.12083400">
<ele>0.000</ele>
</trkpt>
<trkpt lat="34.12122000" lon="-114.12109800">
<ele>0.000</ele>
</trkpt>
<trkpt lat="34.12122800" lon="-114.12121500">
<ele>0.000</ele>
</trkpt>
<trkpt lat="34.12121800" lon="-114.12134700">
<ele>0.000</ele>
</trkpt>
<trkpt lat="34.12117800" lon="-114.12163100">
<ele>0.000</ele>
</trkpt>
<trkpt lat="34.12119000" lon="-114.12173100">
<ele>0.000</ele>
</trkpt>
<trkpt lat="34.12132600" lon="-114.12200000">
<ele>0.000</ele>
</trkpt>
<trkpt lat="34.12177200" lon="-114.12267500">
<ele>0.000</ele>
</trkpt>
<trkpt lat="34.12179200" lon="-114.12274100">
<ele>0.000</ele>
</trkpt>
<trkpt lat="34.12178400" lon="-114.12282500">
<ele>0.000</ele>
</trkpt>
<trkpt lat="34.12174700" lon="-114.12292300">
<ele>0.000</ele>
</trkpt>
<trkpt lat="34.12164500" lon="-114.12313000">
<ele>0.000</ele>
</trkpt>
<trkpt lat="34.12159600" lon="-114.12331200">
<ele>0.000</ele>
</trkpt>
<trkpt lat="34.12154200" lon="-114.12366000">
<ele>0.000</ele>
</trkpt>
<trkpt lat="34.12153600" lon="-114.12390700">
<ele>0.000</ele>
</trkpt>
<trkpt lat="34.12154700" lon="-114.12403600">
<ele>0.000</ele>
</trkpt>
<trkpt lat="34.12157500" lon="-114.12415900">
<ele>0.000</ele>
</trkpt>
<trkpt lat="34.12160600" lon="-114.12426500">
<ele>0.000</ele>
</trkpt>
<trkpt lat="34.12164500" lon="-114.12434400">
<ele>0.000</ele>
</trkpt>
<trkpt lat="34.12169400" lon="-114.12440800">
<ele>0.000</ele>
</trkpt>
<trkpt lat="34.12176300" lon="-114.12446700">
<ele>0.000</ele>
</trkpt>
<trkpt lat="34.12184300" lon="-114.12451900">
<ele>0.000</ele>
</trkpt>
<trkpt lat="34.12191700" lon="-114.12455300">
<ele>0.000</ele>
</trkpt>
<trkpt lat="34.12196700" lon="-114.12459300">
<ele>0.000</ele>
</trkpt>
<trkpt lat="34.12199100" lon="-114.12466300">
<ele>0.000</ele>
</trkpt>
<trkpt lat="34.12199300" lon="-114.12475400">
<ele>0.000</ele>
</trkpt>
<trkpt lat="34.12196500" lon="-114.12484700">
<ele>0.000</ele>
</trkpt>
<trkpt lat="34.12191100" lon="-114.12493100">
<ele>0.000</ele>
</trkpt>
<trkpt lat="34.12177100" lon="-114.12510700">
<ele>0.000</ele>
</trkpt>
<trkpt lat="34.12171000" lon="-114.12521000">
<ele>0.000</ele>
</trkpt>
<trkpt lat="34.12167900" lon="-114.12532200">
<ele>0.000</ele>
</trkpt>
<trkpt lat="34.12167100" lon="-114.12544200">
<ele>0.000</ele>
</trkpt>
<trkpt lat="34.12167600" lon="-114.12555400">
<ele>0.000</ele>
</trkpt>
<trkpt lat="34.12170400" lon="-114.12564800">
<ele>0.000</ele>
</trkpt>
<trkpt lat="34.12176300" lon="-114.12572800">
<ele>0.000</ele>
</trkpt>
<trkpt lat="34.12183500" lon="-114.12580900">
<ele>0.000</ele>
</trkpt>
<trkpt lat="34.12201600" lon="-114.12596900">
<ele>0.000</ele>
</trkpt>
<trkpt lat="34.12207900" lon="-114.12605700">
<ele>0.000</ele>
</trkpt>
<trkpt lat="34.12208300" lon="-114.12614000">
<ele>0.000</ele>
</trkpt>
<trkpt lat="34.12205100" lon="-114.12622400">
<ele>0.000</ele>
</trkpt>
<trkpt lat="34.12199100" lon="-114.12630300">
<ele>0.000</ele>
</trkpt>
<trkpt lat="34.12190400" lon="-114.12635900">
<ele>0.000</ele>
</trkpt>
<trkpt lat="34.12171500" lon="-114.12642800">
<ele>0.000</ele>
</trkpt>
<trkpt lat="34.12166700" lon="-114.12647900">
<ele>0.000</ele>
</trkpt>
<trkpt lat="34.12164100" lon="-114.12655900">
<ele>0.000</ele>
</trkpt>
<trkpt lat="34.12165100" lon="-114.12676700">
<ele>0.000</ele>
</trkpt>
<trkpt lat="34.12167700" lon="-114.12687900">
<ele>0.000</ele>
</trkpt>
<trkpt lat="34.12170700" lon="-114.12708800">
<ele>0.000</ele>
</trkpt>
<trkpt lat="34.12174700" lon="-114.12765800">
<ele>0.000</ele>
</trkpt>
<trkpt lat="34.12183000" lon="-114.12805700">
<ele>0.000</ele>
</trkpt>
<trkpt lat="34.12190300" lon="-114.12831700">
<ele>0.000</ele>
</trkpt>
<trkpt lat="34.12219600" lon="-114.12898500">
<ele>0.000</ele>
</trkpt>
<trkpt lat="34.12237300" lon="-114.12944000">
<ele>0.000</ele>
</trkpt>
<trkpt lat="34.12277400" lon="-114.13065600">
<ele>0.000</ele>
</trkpt>
<trkpt lat="34.12294600" lon="-114.13105600">
<ele>0.000</ele>
</trkpt>
<trkpt lat="34.12335800" lon="-114.13182000">
<ele>0.000</ele>
</trkpt>
<trkpt lat="34.12347000" lon="-114.13199600">
<ele>0.000</ele>
</trkpt>
<trkpt lat="34.12376800" lon="-114.13240500">
<ele>0.000</ele>
</trkpt>
<trkpt lat="34.12386700" lon="-114.13252200">
<ele>0.000</ele>
</trkpt>
<trkpt lat="34.12403100" lon="-114.13267600">
<ele>0.000</ele>
</trkpt>
<trkpt lat="34.12417700" lon="-114.13276800">
<ele>0.000</ele>
</trkpt>
<trkpt lat="34.12433200" lon="-114.13281500">
<ele>0.000</ele>
</trkpt>
<trkpt lat="34.12455600" lon="-114.13283500">
<ele>0.000</ele>
</trkpt>
<trkpt lat="34.12493300" lon="-114.13281800">
<ele>0.000</ele>
</trkpt>
<trkpt lat="34.12515000" lon="-114.13285100">
<ele>0.000</ele>
</trkpt>
<trkpt lat="34.12533700" lon="-114.13285700">
<ele>0.000</ele>
</trkpt>
<trkpt lat="34.12542700" lon="-114.13285100">
<ele>0.000</ele>
</trkpt>
<trkpt lat="34.12579300" lon="-114.13278900">
<ele>0.000</ele>
</trkpt>
<trkpt lat="34.12600300" lon="-114.13276700">
<ele>0.000</ele>
</trkpt>
<trkpt lat="34.12642700" lon="-114.13280000">
<ele>0.000</ele>
</trkpt>
<trkpt lat="34.12668900" lon="-114.13280500">
<ele>0.000</ele>
</trkpt>
<trkpt lat="34.12711500" lon="-114.13279700">
<ele>0.000</ele>
</trkpt>
<trkpt lat="34.12754400" lon="-114.13276600">
<ele>0.000</ele>
</trkpt>
<trkpt lat="34.12783300" lon="-114.13279100">
<ele>0.000</ele>
</trkpt>
<trkpt lat="34.12795000" lon="-114.13282600">
<ele>0.000</ele>
</trkpt>
<trkpt lat="34.12819300" lon="-114.13292600">
<ele>0.000</ele>
</trkpt>
<trkpt lat="34.12845200" lon="-114.13307100">
<ele>0.000</ele>
</trkpt>
<trkpt lat="34.12858200" lon="-114.13316000">
<ele>0.000</ele>
</trkpt>
<trkpt lat="34.12907900" lon="-114.13355800">
<ele>0.000</ele>
</trkpt>
<trkpt lat="34.12919000" lon="-114.13362800">
<ele>0.000</ele>
</trkpt>
<trkpt lat="34.12953500" lon="-114.13377300">
<ele>0.000</ele>
</trkpt>
<trkpt lat="34.12964100" lon="-114.13382800">
<ele>0.000</ele>
</trkpt>
<trkpt lat="34.12972900" lon="-114.13389600">
<ele>0.000</ele>
</trkpt>
<trkpt lat="34.12980900" lon="-114.13399000">
<ele>0.000</ele>
</trkpt>
<trkpt lat="34.12988000" lon="-114.13410800">
<ele>0.000</ele>
</trkpt>
<trkpt lat="34.12993900" lon="-114.13424000">
<ele>0.000</ele>
</trkpt>
<trkpt lat="34.13004800" lon="-114.13453400">
<ele>0.000</ele>
</trkpt>
<trkpt lat="34.13011500" lon="-114.13468000">
<ele>0.000</ele>
</trkpt>
<trkpt lat="34.13018500" lon="-114.13478800">
<ele>0.000</ele>
</trkpt>
<trkpt lat="34.13026400" lon="-114.13486200">
<ele>0.000</ele>
</trkpt>
<trkpt lat="34.13036700" lon="-114.13490400">
<ele>0.000</ele>
</trkpt>
<trkpt lat="34.13059600" lon="-114.13491200">
<ele>0.000</ele>
</trkpt>
<trkpt lat="34.13069900" lon="-114.13492700">
<ele>0.000</ele>
</trkpt>
<trkpt lat="34.13079800" lon="-114.13497100">
<ele>0.000</ele>
</trkpt>
<trkpt lat="34.13091600" lon="-114.13499700">
<ele>0.000</ele>
</trkpt>
<trkpt lat="34.13115300" lon="-114.13509200">
<ele>0.000</ele>
</trkpt>
<trkpt lat="34.13160600" lon="-114.13543500">
<ele>0.000</ele>
</trkpt>
<trkpt lat="34.13173900" lon="-114.13552100">
<ele>0.000</ele>
</trkpt>
<trkpt lat="34.13193500" lon="-114.13568000">
<ele>0.000</ele>
</trkpt>
<trkpt lat="34.13200800" lon="-114.13577500">
<ele>0.000</ele>
</trkpt>
<trkpt lat="34.13207000" lon="-114.13589800">
<ele>0.000</ele>
</trkpt>
<trkpt lat="34.13217100" lon="-114.13620300">
<ele>0.000</ele>
</trkpt>
<trkpt lat="34.13223900" lon="-114.13634300">
<ele>0.000</ele>
</trkpt>
<trkpt lat="34.13238100" lon="-114.13654700">
<ele>0.000</ele>
</trkpt>
<trkpt lat="34.13261300" lon="-114.13696300">
<ele>0.000</ele>
</trkpt>
<trkpt lat="34.13267200" lon="-114.13709100">
<ele>0.000</ele>
</trkpt>
<trkpt lat="34.13278100" lon="-114.13737900">
<ele>0.000</ele>
</trkpt>
<trkpt lat="34.13283200" lon="-114.13755000">
<ele>0.000</ele>
</trkpt>
<trkpt lat="34.13295700" lon="-114.13810200">
<ele>0.000</ele>
</trkpt>
<trkpt lat="34.13300700" lon="-114.13827800">
<ele>0.000</ele>
</trkpt>
<trkpt lat="34.13306700" lon="-114.13842000">
<ele>0.000</ele>
</trkpt>
<trkpt lat="34.13323300" lon="-114.13868500">
<ele>0.000</ele>
</trkpt>
<trkpt lat="34.13350500" lon="-114.13917500">
<ele>0.000</ele>
</trkpt>
<trkpt lat="34.13359400" lon="-114.13931300">
<ele>0.000</ele>
</trkpt>
<trkpt lat="34.13368100" lon="-114.13942500">
<ele>0.000</ele>
</trkpt>
<trkpt lat="34.13410400" lon="-114.13984900">
<ele>0.000</ele>
</trkpt>
<trkpt lat="34.13459200" lon="-114.14038100">
<ele>0.000</ele>
</trkpt>
<trkpt lat="34.13478200" lon="-114.14064100">
<ele>0.000</ele>
</trkpt>
<trkpt lat="34.13496500" lon="-114.14098800">
<ele>0.000</ele>
</trkpt>
<trkpt lat="34.13502500" lon="-114.14118300">
<ele>0.000</ele>
</trkpt>
<trkpt lat="34.13516700" lon="-114.14175100">
<ele>0.000</ele>
</trkpt>
<trkpt lat="34.13536100" lon="-114.14236700">
<ele>0.000</ele>
</trkpt>
<trkpt lat="34.13545500" lon="-114.14271000">
<ele>0.000</ele>
</trkpt>
<trkpt lat="34.13555200" lon="-114.14298800">
<ele>0.000</ele>
</trkpt>
<trkpt lat="34.13561600" lon="-114.14312600">
<ele>0.000</ele>
</trkpt>
<trkpt lat="34.13569400" lon="-114.14325300">
<ele>0.000</ele>
</trkpt>
<trkpt lat="34.13580400" lon="-114.14337300">
<ele>0.000</ele>
</trkpt>
<trkpt lat="34.13593300" lon="-114.14348300">
<ele>0.000</ele>
</trkpt>
<trkpt lat="34.13605800" lon="-114.14357200">
<ele>0.000</ele>
</trkpt>
<trkpt lat="34.13618900" lon="-114.14363600">
<ele>0.000</ele>
</trkpt>
<trkpt lat="34.13634000" lon="-114.14372800">
<ele>0.000</ele>
</trkpt>
<trkpt lat="34.13649100" lon="-114.14383800">
<ele>0.000</ele>
</trkpt>
<trkpt lat="34.13662200" lon="-114.14395000">
<ele>0.000</ele>
</trkpt>
<trkpt lat="34.13671600" lon="-114.14405800">
<ele>0.000</ele>
</trkpt>
<trkpt lat="34.13695700" lon="-114.14443500">
<ele>0.000</ele>
</trkpt>
<trkpt lat="34.13703900" lon="-114.14458100">
<ele>0.000</ele>
</trkpt>
<trkpt lat="34.13751800" lon="-114.14550500">
<ele>0.000</ele>
</trkpt>
<trkpt lat="34.13787900" lon="-114.14627200">
<ele>0.000</ele>
</trkpt>
<trkpt lat="34.13797800" lon="-114.14639700">
<ele>0.000</ele>
</trkpt>
<trkpt lat="34.13822500" lon="-114.14662100">
<ele>0.000</ele>
</trkpt>
<trkpt lat="34.13837200" lon="-114.14672500">
<ele>0.000</ele>
</trkpt>
<trkpt lat="34.13852200" lon="-114.14681100">
<ele>0.000</ele>
</trkpt>
<trkpt lat="34.13880200" lon="-114.14691600">
<ele>0.000</ele>
</trkpt>
<trkpt lat="34.13890600" lon="-114.14696400">
<ele>0.000</ele>
</trkpt>
<trkpt lat="34.13957100" lon="-114.14742800">
<ele>0.000</ele>
</trkpt>
<trkpt lat="34.13967600" lon="-114.14753000">
<ele>0.000</ele>
</trkpt>
<trkpt lat="34.13970800" lon="-114.14759500">
<ele>0.000</ele>
</trkpt>
<trkpt lat="34.13971800" lon="-114.14767300">
<ele>0.000</ele>
</trkpt>
<trkpt lat="34.13968100" lon="-114.14781400">
<ele>0.000</ele>
</trkpt>
<trkpt lat="34.13964500" lon="-114.14789500">
<ele>0.000</ele>
</trkpt>
<trkpt lat="34.13951700" lon="-114.14804600">
<ele>0.000</ele>
</trkpt>
<trkpt lat="34.13943200" lon="-114.14811900">
<ele>0.000</ele>
</trkpt>
<trkpt lat="34.13902400" lon="-114.14841400">
<ele>0.000</ele>
</trkpt>
<trkpt lat="34.13880300" lon="-114.14858900">
<ele>0.000</ele>
</trkpt>
<trkpt lat="34.13858400" lon="-114.14877500">
<ele>0.000</ele>
</trkpt>
<trkpt lat="34.13847900" lon="-114.14888400">
<ele>0.000</ele>
</trkpt>
<trkpt lat="34.13827900" lon="-114.14912200">
<ele>0.000</ele>
</trkpt>
<trkpt lat="34.13819000" lon="-114.14924600">
<ele>0.000</ele>
</trkpt>
<trkpt lat="34.13772900" lon="-114.14994800">
<ele>0.000</ele>
</trkpt>
<trkpt lat="34.13740700" lon="-114.15035000">
<ele>0.000</ele>
</trkpt>
<trkpt lat="34.13713000" lon="-114.15062200">
<ele>0.000</ele>
</trkpt>
<trkpt lat="34.13684600" lon="-114.15093200">
<ele>0.000</ele>
</trkpt>
<trkpt lat="34.13662900" lon="-114.15108800">
<ele>0.000</ele>
</trkpt>
<trkpt lat="34.13656800" lon="-114.15114600">
<ele>0.000</ele>
</trkpt>
<trkpt lat="34.13650600" lon="-114.15122700">
<ele>0.000</ele>
</trkpt>
<trkpt lat="34.13639800" lon="-114.15142800">
<ele>0.000</ele>
</trkpt>
<trkpt lat="34.13633600" lon="-114.15168600">
<ele>0.000</ele>
</trkpt>
<trkpt lat="34.13624800" lon="-114.15197200">
<ele>0.000</ele>
</trkpt>
<trkpt lat="34.13620100" lon="-114.15211000">
<ele>0.000</ele>
</trkpt>
<trkpt lat="34.13614200" lon="-114.15223300">
<ele>0.000</ele>
</trkpt>
<trkpt lat="34.13604800" lon="-114.15234400">
<ele>0.000</ele>
</trkpt>
<trkpt lat="34.13593100" lon="-114.15244300">
<ele>0.000</ele>
</trkpt>
<trkpt lat="34.13565700" lon="-114.15264900">
<ele>0.000</ele>
</trkpt>
<trkpt lat="34.13528200" lon="-114.15298500">
<ele>0.000</ele>
</trkpt>
<trkpt lat="34.13490100" lon="-114.15334600">
<ele>0.000</ele>
</trkpt>
<trkpt lat="34.13481000" lon="-114.15344900">
<ele>0.000</ele>
</trkpt>
<trkpt lat="34.13460800" lon="-114.15383000">
<ele>0.000</ele>
</trkpt>
<trkpt lat="34.13436000" lon="-114.15426600">
<ele>0.000</ele>
</trkpt>
<trkpt lat="34.13418100" lon="-114.15462900">
<ele>0.000</ele>
</trkpt>
<trkpt lat="34.13366600" lon="-114.15576000">
<ele>0.000</ele>
</trkpt>
<trkpt lat="34.13356100" lon="-114.15594000">
<ele>0.000</ele>
</trkpt>
<trkpt lat="34.13345700" lon="-114.15608200">
<ele>0.000</ele>
</trkpt>
<trkpt lat="34.13333800" lon="-114.15619300">
<ele>0.000</ele>
</trkpt>
<trkpt lat="34.13320900" lon="-114.15629600">
<ele>0.000</ele>
</trkpt>
<trkpt lat="34.13291600" lon="-114.15644400">
<ele>0.000</ele>
</trkpt>
<trkpt lat="34.13257700" lon="-114.15665900">
<ele>0.000</ele>
</trkpt>
<trkpt lat="34.13223900" lon="-114.15689300">
<ele>0.000</ele>
</trkpt>
<trkpt lat="34.13030300" lon="-114.15831900">
<ele>0.000</ele>
</trkpt>
<trkpt lat="34.12994300" lon="-114.15855000">
<ele>0.000</ele>
</trkpt>
<trkpt lat="34.12972100" lon="-114.15871600">
<ele>0.000</ele>
</trkpt>
<trkpt lat="34.12962800" lon="-114.15883500">
<ele>0.000</ele>
</trkpt>
<trkpt lat="34.12958300" lon="-114.15892200">
<ele>0.000</ele>
</trkpt>
<trkpt lat="34.12955200" lon="-114.15902800">
<ele>0.000</ele>
</trkpt>
<trkpt lat="34.12954200" lon="-114.15914300">
<ele>0.000</ele>
</trkpt>
<trkpt lat="34.12955900" lon="-114.15928500">
<ele>0.000</ele>
</trkpt>
<trkpt lat="34.12960600" lon="-114.15947700">
<ele>0.000</ele>
</trkpt>
<trkpt lat="34.12968500" lon="-114.15964800">
<ele>0.000</ele>
</trkpt>
<trkpt lat="34.13006900" lon="-114.16030800">
<ele>0.000</ele>
</trkpt>
<trkpt lat="34.13025941" lon="-114.16064647">
<ele>0.000</ele>
</trkpt>
<trkpt lat="34.13033570" lon="-114.16087388">
<ele>0.000</ele>
</trkpt>
<trkpt lat="34.13036090" lon="-114.16099942">
<ele>0.000</ele>
</trkpt>
<trkpt lat="34.13035000" lon="-114.16125500">
<ele>0.000</ele>
</trkpt>
<trkpt lat="34.13036200" lon="-114.16141500">
<ele>0.000</ele>
</trkpt>
<trkpt lat="34.13033200" lon="-114.16151600">
<ele>0.000</ele>
</trkpt>
<trkpt lat="34.13028500" lon="-114.16162000">
<ele>0.000</ele>
</trkpt>
<trkpt lat="34.13021900" lon="-114.16172300">
<ele>0.000</ele>
</trkpt>
<trkpt lat="34.13003700" lon="-114.16188900">
<ele>0.000</ele>
</trkpt>
<trkpt lat="34.12983800" lon="-114.16199200">
<ele>0.000</ele>
</trkpt>
<trkpt lat="34.12975200" lon="-114.16202400">
<ele>0.000</ele>
</trkpt>
<trkpt lat="34.12940300" lon="-114.16221200">
<ele>0.000</ele>
</trkpt>
<trkpt lat="34.12934300" lon="-114.16227200">
<ele>0.000</ele>
</trkpt>
<trkpt lat="34.12930300" lon="-114.16234200">
<ele>0.000</ele>
</trkpt>
<trkpt lat="34.12927100" lon="-114.16241100">
<ele>0.000</ele>
</trkpt>
<trkpt lat="34.12922300" lon="-114.16255700">
<ele>0.000</ele>
</trkpt>
<trkpt lat="34.12919900" lon="-114.16264000">
<ele>0.000</ele>
</trkpt>
<trkpt lat="34.12908900" lon="-114.16297900">
<ele>0.000</ele>
</trkpt>
<trkpt lat="34.12906300" lon="-114.16304200">
<ele>0.000</ele>
</trkpt>
<trkpt lat="34.12904700" lon="-114.16307500">
<ele>0.000</ele>
</trkpt>
<trkpt lat="34.12903000" lon="-114.16312500">
<ele>0.000</ele>
</trkpt>
<trkpt lat="34.12902300" lon="-114.16313400">
<ele>0.000</ele>
</trkpt>
<trkpt lat="34.12891400" lon="-114.16333800">
<ele>0.000</ele>
</trkpt>
<trkpt lat="34.12888600" lon="-114.16340800">
<ele>0.000</ele>
</trkpt>
<trkpt lat="34.12886000" lon="-114.16348100">
<ele>0.000</ele>
</trkpt>
<trkpt lat="34.12877100" lon="-114.16370000">
<ele>0.000</ele>
</trkpt>
<trkpt lat="34.12869200" lon="-114.16398500">
<ele>0.000</ele>
</trkpt>
<trkpt lat="34.12866100" lon="-114.16427400">
<ele>0.000</ele>
</trkpt>
<trkpt lat="34.12869400" lon="-114.16455400">
<ele>0.000</ele>
</trkpt>
<trkpt lat="34.12872100" lon="-114.16467900">
<ele>0.000</ele>
</trkpt>
<trkpt lat="34.12882100" lon="-114.16488800">
<ele>0.000</ele>
</trkpt>
<trkpt lat="34.12884700" lon="-114.16495800">
<ele>0.000</ele>
</trkpt>
<trkpt lat="34.12888400" lon="-114.16510100">
<ele>0.000</ele>
</trkpt>
<trkpt lat="34.12889500" lon="-114.16513200">
<ele>0.000</ele>
</trkpt>
<trkpt lat="34.12896900" lon="-114.16536200">
<ele>0.000</ele>
</trkpt>
<trkpt lat="34.12898000" lon="-114.16540100">
<ele>0.000</ele>
</trkpt>
<trkpt lat="34.12899800" lon="-114.16545000">
<ele>0.000</ele>
</trkpt>
<trkpt lat="34.12929400" lon="-114.16619100">
<ele>0.000</ele>
</trkpt>
<trkpt lat="34.12956900" lon="-114.16670900">
<ele>0.000</ele>
</trkpt>
<trkpt lat="34.12995600" lon="-114.16734800">
<ele>0.000</ele>
</trkpt>
<trkpt lat="34.13051300" lon="-114.16882200">
<ele>0.000</ele>
</trkpt>
<trkpt lat="34.13151300" lon="-114.17121200">
<ele>0.000</ele>
</trkpt>
<trkpt lat="34.13156900" lon="-114.17137900">
<ele>0.000</ele>
</trkpt>
<trkpt lat="34.13173300" lon="-114.17176500">
<ele>0.000</ele>
</trkpt>
<trkpt lat="34.13179300" lon="-114.17183900">
<ele>0.000</ele>
</trkpt>
<trkpt lat="34.13186600" lon="-114.17186300">
<ele>0.000</ele>
</trkpt>
<trkpt lat="34.13192900" lon="-114.17185100">
<ele>0.000</ele>
</trkpt>
<trkpt lat="34.13197900" lon="-114.17178400">
<ele>0.000</ele>
</trkpt>
<trkpt lat="34.13199900" lon="-114.17168900">
<ele>0.000</ele>
</trkpt>
<trkpt lat="34.13199100" lon="-114.17157400">
<ele>0.000</ele>
</trkpt>
<trkpt lat="34.13194600" lon="-114.17146500">
<ele>0.000</ele>
</trkpt>
<trkpt lat="34.13189400" lon="-114.17134900">
<ele>0.000</ele>
</trkpt>
<trkpt lat="34.13167200" lon="-114.17050300">
<ele>0.000</ele>
</trkpt>
<trkpt lat="34.13151800" lon="-114.16983600">
<ele>0.000</ele>
</trkpt>
<trkpt lat="34.13147500" lon="-114.16942000">
<ele>0.000</ele>
</trkpt>
<trkpt lat="34.13150200" lon="-114.16914400">
<ele>0.000</ele>
</trkpt>
<trkpt lat="34.13149600" lon="-114.16901100">
<ele>0.000</ele>
</trkpt>
<trkpt lat="34.13145100" lon="-114.16872900">
<ele>0.000</ele>
</trkpt>
<trkpt lat="34.13142900" lon="-114.16861800">
<ele>0.000</ele>
</trkpt>
<trkpt lat="34.13141500" lon="-114.16855600">
<ele>0.000</ele>
</trkpt>
<trkpt lat="34.13141400" lon="-114.16847600">
<ele>0.000</ele>
</trkpt>
<trkpt lat="34.13135900" lon="-114.16780800">
<ele>0.000</ele>
</trkpt>
<trkpt lat="34.13136800" lon="-114.16747400">
<ele>0.000</ele>
</trkpt>
<trkpt lat="34.13139000" lon="-114.16736900">
<ele>0.000</ele>
</trkpt>
<trkpt lat="34.13142300" lon="-114.16728200">
<ele>0.000</ele>
</trkpt>
<trkpt lat="34.13145900" lon="-114.16719600">
<ele>0.000</ele>
</trkpt>
<trkpt lat="34.13158600" lon="-114.16673500">
<ele>0.000</ele>
</trkpt>
<trkpt lat="34.13160100" lon="-114.16668800">
<ele>0.000</ele>
</trkpt>
<trkpt lat="34.13171100" lon="-114.16631200">
<ele>0.000</ele>
</trkpt>
<trkpt lat="34.13175600" lon="-114.16624500">
<ele>0.000</ele>
</trkpt>
<trkpt lat="34.13178700" lon="-114.16621300">
<ele>0.000</ele>
</trkpt>
<trkpt lat="34.13186600" lon="-114.16614600">
<ele>0.000</ele>
</trkpt>
<trkpt lat="34.13196400" lon="-114.16609300">
<ele>0.000</ele>
</trkpt>
<trkpt lat="34.13224700" lon="-114.16591900">
<ele>0.000</ele>
</trkpt>
<trkpt lat="34.13238300" lon="-114.16585200">
<ele>0.000</ele>
</trkpt>
<trkpt lat="34.13253000" lon="-114.16582800">
<ele>0.000</ele>
</trkpt>
<trkpt lat="34.13267800" lon="-114.16581800">
<ele>0.000</ele>
</trkpt>
<trkpt lat="34.13281800" lon="-114.16577000">
<ele>0.000</ele>
</trkpt>
<trkpt lat="34.13293200" lon="-114.16566500">
<ele>0.000</ele>
</trkpt>
<trkpt lat="34.13301200" lon="-114.16553400">
<ele>0.000</ele>
</trkpt>
<trkpt lat="34.13317500" lon="-114.16523200">
<ele>0.000</ele>
</trkpt>
<trkpt lat="34.13326500" lon="-114.16509000">
<ele>0.000</ele>
</trkpt>
<trkpt lat="34.13335900" lon="-114.16495600">
<ele>0.000</ele>
</trkpt>
<trkpt lat="34.13353900" lon="-114.16466800">
<ele>0.000</ele>
</trkpt>
<trkpt lat="34.13359200" lon="-114.16450000">
<ele>0.000</ele>
</trkpt>
<trkpt lat="34.13356100" lon="-114.16412100">
<ele>0.000</ele>
</trkpt>
<trkpt lat="34.13354000" lon="-114.16393800">
<ele>0.000</ele>
</trkpt>
<trkpt lat="34.13350600" lon="-114.16375400">
<ele>0.000</ele>
</trkpt>
<trkpt lat="34.13345100" lon="-114.16359200">
<ele>0.000</ele>
</trkpt>
<trkpt lat="34.13330100" lon="-114.16327600">
<ele>0.000</ele>
</trkpt>
<trkpt lat="34.13324900" lon="-114.16310500">
<ele>0.000</ele>
</trkpt>
<trkpt lat="34.13322700" lon="-114.16292600">
<ele>0.000</ele>
</trkpt>
<trkpt lat="34.13321900" lon="-114.16274500">
<ele>0.000</ele>
</trkpt>
<trkpt lat="34.13322900" lon="-114.16256200">
<ele>0.000</ele>
</trkpt>
<trkpt lat="34.13327100" lon="-114.16239500">
<ele>0.000</ele>
</trkpt>
<trkpt lat="34.13337100" lon="-114.16209200">
<ele>0.000</ele>
</trkpt>
<trkpt lat="34.13339052" lon="-114.16204917">
<ele>0.000</ele>
</trkpt>
</trkseg>
</trk>
<extensions>
<polyline xmlns="http://www.topografix.com/GPX/gpx_overlay/0/5">
<type> 2026 Parker 400 C/T/UTV - Racer File S/F line-9C27B0-5000-nodesc-normal</type>
<label>
<label_text>Start 1st Lap</label_text>
</label>
<line xmlns="http://www.topografix.com/GPX/gpx_style/0/2">
<color>9c27b0</color>
<opacity>1.00</opacity>
<width>1.6667</width>
<pattern>Solid</pattern>
<extensions>
<cased xmlns="http://www.topografix.com/GPX/Private/TopoGrafix/0/5">true</cased>
</extensions>
</line>
<extensions>
</extensions>
<points>
<pt lat="34.13139100" lon="-114.16560100">
<ele>0.00</ele>
</pt>
<pt lat="34.13145400" lon="-114.16554100">
<ele>0.00</ele>
</pt>
<pt lat="34.13163500" lon="-114.16534300">
<ele>0.00</ele>
</pt>
<pt lat="34.13181000" lon="-114.16510300">
<ele>0.00</ele>
</pt>
<pt lat="34.13198200" lon="-114.16482000">
<ele>0.00</ele>
</pt>
<pt lat="34.13204900" lon="-114.16465100">
<ele>0.00</ele>
</pt>
<pt lat="34.13210600" lon="-114.16444500">
<ele>0.00</ele>
</pt>
<pt lat="34.13220300" lon="-114.16402900">
<ele>0.00</ele>
</pt>
<pt lat="34.13233500" lon="-114.16360200">
<ele>0.00</ele>
</pt>
<pt lat="34.13239400" lon="-114.16345800">
<ele>0.00</ele>
</pt>
<pt lat="34.13246100" lon="-114.16331600">
<ele>0.00</ele>
</pt>
<pt lat="34.13285700" lon="-114.16252700">
<ele>0.00</ele>
</pt>
<pt lat="34.13294300" lon="-114.16235200">
<ele>0.00</ele>
</pt>
<pt lat="34.13302900" lon="-114.16222900">
<ele>0.00</ele>
</pt>
<pt lat="34.13333200" lon="-114.16199200">
<ele>0.00</ele>
</pt>
<pt lat="34.13357000" lon="-114.16173600">
<ele>0.00</ele>
</pt>
</points>
</polyline>
</extensions>
</gpx>
