<?xml version="1.0" encoding="UTF-8"?>
<kml xmlns="http://www.opengis.net/kml/2.2" xmlns:gx="http://www.google.com/kml/ext/2.2" xmlns:kml="http://www.opengis.net/kml/2.2" xmlns:atom="http://www.w3.org/2005/Atom">
<Document>
	<name>2026 Parker 400 CTUTV - Final Racer File.kml</name>
	<StyleMap id="Line_line-9C27B0-5000-nodesc-normal_ff9c27b0_03">
		<Pair>
			<key>normal</key>
			<styleUrl>#Line_line-9C27B0-5000-nodesc-normal_ff9c27b0_032</styleUrl>
		</Pair>
		<Pair>
			<key>highlight</key>
			<styleUrl>#Line_line-9C27B0-5000-nodesc-normal_ff9c27b0_033</styleUrl>
		</Pair>
	</StyleMap>
	<Style id="Line_line-9C27B0-5000-nodesc-normal_ff9c27b0_032">
		<BalloonStyle>
			<text><![CDATA[<style>td{font-size:1.5em; } table{border-collapse:collapse; border:1px;}</style><b><font color="#eb6b0b" size="+5">$[name]</font></b><br /><br /><font size="+3">$[description]</font><br /><br /><table width="1000px" border="1px"><tr style="background-color:FFFFFF"><td width="20%">Type</td><td>$[Type]</td></tr><tr style="background-color:D8E6E6"><td width="20%">Name on GPS</td><td>$[Name on GPS]</td></tr><tr style="background-color:FFFFFF"><td width="20%">Total Distance</td><td>$[Total Distance]</td></tr><tr style="background-color:D8E6E6"><td width="20%">Number of Trackpoints</td><td>$[Number of Trackpoints]</td></tr></table></body>]]></text>
		</BalloonStyle>
		<LineStyle>
			<color>ff000000</color>
			<width>4</width>
		</LineStyle>
		<PolyStyle>
			<fill>0</fill>
		</PolyStyle>
	</Style>
	<Style id="Line_line-9C27B0-5000-nodesc-normal_ff9c27b0_033">
		<BalloonStyle>
			<text><![CDATA[<style>td{font-size:1.5em; } table{border-collapse:collapse; border:1px;}</style><b><font color="#eb6b0b" size="+5">$[name]</font></b><br /><br /><font size="+3">$[description]</font><br /><br /><table width="1000px" border="1px"><tr style="background-color:FFFFFF"><td width="20%">Type</td><td>$[Type]</td></tr><tr style="background-color:D8E6E6"><td width="20%">Name on GPS</td><td>$[Name on GPS]</td></tr><tr style="background-color:FFFFFF"><td width="20%">Total Distance</td><td>$[Total Distance]</td></tr><tr style="background-color:D8E6E6"><td width="20%">Number of Trackpoints</td><td>$[Number of Trackpoints]</td></tr></table></body>]]></text>
		</BalloonStyle>
		<LineStyle>
			<color>ff000000</color>
			<width>4</width>
		</LineStyle>
		<PolyStyle>
			<fill>0</fill>
		</PolyStyle>
	</Style>
	<Style id="Point_Mile_Marker_-1_03">
		<IconStyle>
			<Icon>
			</Icon>
		</IconStyle>
		<LabelStyle>
			<scale>0.8</scale>
		</LabelStyle>
		<BalloonStyle>
			<text><![CDATA[<style>td{font-size:1.5em; } table{border-collapse:collapse; border:1px;}</style><b><font color="#eb6b0b" size="+5">$[name]</font></b><br /><br /><font size="+3">$[description]</font><br /><br /><table width="1000px" border="1px"><tr style="background-color:FFFFFF"><td width="20%">Type</td><td>$[Type]</td></tr><tr style="background-color:D8E6E6"><td width="20%">Symbol</td><td>$[Symbol]</td></tr><tr style="background-color:FFFFFF"><td width="20%">Name on GPS</td><td>$[Name on GPS]</td></tr><tr style="background-color:D8E6E6"><td width="20%">Comment</td><td>$[Comment]</td></tr><tr style="background-color:FFFFFF"><td width="20%">Latitude</td><td>$[Latitude]</td></tr><tr style="background-color:D8E6E6"><td width="20%">Longitude</td><td>$[Longitude]</td></tr><tr style="background-color:FFFFFF"><td width="20%">Elevation</td><td>$[Elevation]</td></tr><tr style="background-color:D8E6E6"><td width="20%">Distance to Active Point</td><td>$[Distance to Active Point]</td></tr><tr style="background-color:FFFFFF"><td width="20%">Bearing</td><td>$[Bearing]</td></tr></table></body>]]></text>
		</BalloonStyle>
	</Style>
	<StyleMap id="Point_Mile_Marker_-1_0311">
		<Pair>
			<key>normal</key>
			<styleUrl>#Point_Mile_Marker_-1_0315</styleUrl>
		</Pair>
		<Pair>
			<key>highlight</key>
			<styleUrl>#Point_Mile_Marker_-1_03</styleUrl>
		</Pair>
	</StyleMap>
	<Style id="Point_Mile_Marker_-1_0315">
		<IconStyle>
			<Icon>
			</Icon>
		</IconStyle>
		<LabelStyle>
			<scale>0.8</scale>
		</LabelStyle>
		<BalloonStyle>
			<text><![CDATA[<style>td{font-size:1.5em; } table{border-collapse:collapse; border:1px;}</style><b><font color="#eb6b0b" size="+5">$[name]</font></b><br /><br /><font size="+3">$[description]</font><br /><br /><table width="1000px" border="1px"><tr style="background-color:FFFFFF"><td width="20%">Type</td><td>$[Type]</td></tr><tr style="background-color:D8E6E6"><td width="20%">Symbol</td><td>$[Symbol]</td></tr><tr style="background-color:FFFFFF"><td width="20%">Name on GPS</td><td>$[Name on GPS]</td></tr><tr style="background-color:D8E6E6"><td width="20%">Comment</td><td>$[Comment]</td></tr><tr style="background-color:FFFFFF"><td width="20%">Latitude</td><td>$[Latitude]</td></tr><tr style="background-color:D8E6E6"><td width="20%">Longitude</td><td>$[Longitude]</td></tr><tr style="background-color:FFFFFF"><td width="20%">Elevation</td><td>$[Elevation]</td></tr><tr style="background-color:D8E6E6"><td width="20%">Distance to Active Point</td><td>$[Distance to Active Point]</td></tr><tr style="background-color:FFFFFF"><td width="20%">Bearing</td><td>$[Bearing]</td></tr></table></body>]]></text>
		</BalloonStyle>
	</Style>
	<Style id="Point_icon-503-DB4436-nodesc-normal_-1_0311">
		<IconStyle>
			<scale>0.8</scale>
			<Icon>
				<href>http://maps.google.com/mapfiles/kml/shapes/square.png</href>
			</Icon>
		</IconStyle>
		<LabelStyle>
			<scale>0.8</scale>
		</LabelStyle>
		<BalloonStyle>
			<text><![CDATA[<style>td{font-size:1.5em; } table{border-collapse:collapse; border:1px;}</style><b><font color="#eb6b0b" size="+5">$[name]</font></b><br /><br /><font size="+3">$[description]</font><br /><br /><table width="1000px" border="1px"><tr style="background-color:FFFFFF"><td width="20%">Type</td><td>$[Type]</td></tr><tr style="background-color:D8E6E6"><td width="20%">Symbol</td><td>$[Symbol]</td></tr><tr style="background-color:FFFFFF"><td width="20%">Name on GPS</td><td>$[Name on GPS]</td></tr><tr style="background-color:D8E6E6"><td width="20%">Comment</td><td>$[Comment]</td></tr><tr style="background-color:FFFFFF"><td width="20%">Latitude</td><td>$[Latitude]</td></tr><tr style="background-color:D8E6E6"><td width="20%">Longitude</td><td>$[Longitude]</td></tr><tr style="background-color:FFFFFF"><td width="20%">Elevation</td><td>$[Elevation]</td></tr><tr style="background-color:D8E6E6"><td width="20%">Distance to Active Point</td><td>$[Distance to Active Point]</td></tr><tr style="background-color:FFFFFF"><td width="20%">Bearing</td><td>$[Bearing]</td></tr></table></body>]]></text>
		</BalloonStyle>
	</Style>
	<Style id="Point_icon-503-DB4436-nodesc-normal_-1_0319">
		<IconStyle>
			<scale>0.8</scale>
			<Icon>
				<href>http://maps.google.com/mapfiles/kml/shapes/square.png</href>
			</Icon>
		</IconStyle>
		<LabelStyle>
			<scale>0.8</scale>
		</LabelStyle>
		<BalloonStyle>
			<text><![CDATA[<style>td{font-size:1.5em; } table{border-collapse:collapse; border:1px;}</style><b><font color="#eb6b0b" size="+5">$[name]</font></b><br /><br /><font size="+3">$[description]</font><br /><br /><table width="1000px" border="1px"><tr style="background-color:FFFFFF"><td width="20%">Type</td><td>$[Type]</td></tr><tr style="background-color:D8E6E6"><td width="20%">Symbol</td><td>$[Symbol]</td></tr><tr style="background-color:FFFFFF"><td width="20%">Name on GPS</td><td>$[Name on GPS]</td></tr><tr style="background-color:D8E6E6"><td width="20%">Comment</td><td>$[Comment]</td></tr><tr style="background-color:FFFFFF"><td width="20%">Latitude</td><td>$[Latitude]</td></tr><tr style="background-color:D8E6E6"><td width="20%">Longitude</td><td>$[Longitude]</td></tr><tr style="background-color:FFFFFF"><td width="20%">Elevation</td><td>$[Elevation]</td></tr><tr style="background-color:D8E6E6"><td width="20%">Distance to Active Point</td><td>$[Distance to Active Point]</td></tr><tr style="background-color:FFFFFF"><td width="20%">Bearing</td><td>$[Bearing]</td></tr></table></body>]]></text>
		</BalloonStyle>
	</Style>
	<StyleMap id="Point_icon-503-DB4436-nodesc-normal_-1_035">
		<Pair>
			<key>normal</key>
			<styleUrl>#Point_icon-503-DB4436-nodesc-normal_-1_0311</styleUrl>
		</Pair>
		<Pair>
			<key>highlight</key>
			<styleUrl>#Point_icon-503-DB4436-nodesc-normal_-1_0319</styleUrl>
		</Pair>
	</StyleMap>
	<StyleMap id="icon-503-DB4436-nodesc">
		<Pair>
			<key>normal</key>
			<styleUrl>#icon-503-DB4436-nodesc-normal</styleUrl>
		</Pair>
		<Pair>
			<key>highlight</key>
			<styleUrl>#icon-503-DB4436-nodesc-highlight</styleUrl>
		</Pair>
	</StyleMap>
	<Style id="icon-503-DB4436-nodesc-highlight">
		<IconStyle>
			<color>ff3644db</color>
			<scale>1.1</scale>
			<Icon>
				<href>https://www.gstatic.com/mapspro/images/stock/503-wht-blank_maps.png</href>
			</Icon>
			<hotSpot x="16" y="32" xunits="pixels" yunits="insetPixels"/>
		</IconStyle>
		<LabelStyle>
			<scale>1.1</scale>
		</LabelStyle>
		<BalloonStyle>
			<text><![CDATA[<h3>$[name]</h3>]]></text>
		</BalloonStyle>
	</Style>
	<Style id="icon-503-DB4436-nodesc-normal">
		<IconStyle>
			<color>ff3644db</color>
			<scale>1.1</scale>
			<Icon>
				<href>https://www.gstatic.com/mapspro/images/stock/503-wht-blank_maps.png</href>
			</Icon>
			<hotSpot x="16" y="32" xunits="pixels" yunits="insetPixels"/>
		</IconStyle>
		<LabelStyle>
			<scale>0</scale>
		</LabelStyle>
		<BalloonStyle>
			<text><![CDATA[<h3>$[name]</h3>]]></text>
		</BalloonStyle>
	</Style>
	<Style id="line-9C27B0-5000-nodesc-highlight">
		<BalloonStyle>
			<text><![CDATA[<h3>$[name]</h3>]]></text>
		</BalloonStyle>
		<LineStyle>
			<color>ffb0279c</color>
			<width>7.5</width>
		</LineStyle>
	</Style>
	<Style id="line-9C27B0-5000-nodesc-normal">
		<BalloonStyle>
			<text><![CDATA[<h3>$[name]</h3>]]></text>
		</BalloonStyle>
		<LineStyle>
			<color>ffb0279c</color>
			<width>5</width>
		</LineStyle>
	</Style>
	<StyleMap id="line-9C27B0-5000-nodesc0">
		<Pair>
			<key>normal</key>
			<styleUrl>#line-9C27B0-5000-nodesc-normal</styleUrl>
		</Pair>
		<Pair>
			<key>highlight</key>
			<styleUrl>#line-9C27B0-5000-nodesc-highlight</styleUrl>
		</Pair>
	</StyleMap>
	<StyleMap id="msn_red-circle2">
		<Pair>
			<key>normal</key>
			<styleUrl>#sn_red-circle1</styleUrl>
		</Pair>
		<Pair>
			<key>highlight</key>
			<styleUrl>#sh_red-circle2</styleUrl>
		</Pair>
	</StyleMap>
	<Style id="sh_red-circle2">
		<IconStyle>
			<scale>0.945453</scale>
			<Icon>
				<href>http://maps.google.com/mapfiles/kml/paddle/red-circle.png</href>
			</Icon>
			<hotSpot x="32" y="1" xunits="pixels" yunits="pixels"/>
		</IconStyle>
		<LabelStyle>
			<scale>0.8</scale>
		</LabelStyle>
		<ListStyle>
			<ItemIcon>
				<href>http://maps.google.com/mapfiles/kml/paddle/red-circle-lv.png</href>
			</ItemIcon>
		</ListStyle>
	</Style>
	<StyleMap id="sh_ylw-pushpin1020">
		<Pair>
			<key>normal</key>
			<styleUrl>#sh_ylw-pushpin329</styleUrl>
		</Pair>
		<Pair>
			<key>highlight</key>
			<styleUrl>#sh_ylw-pushpin1910</styleUrl>
		</Pair>
	</StyleMap>
	<StyleMap id="sh_ylw-pushpin1180">
		<Pair>
			<key>normal</key>
			<styleUrl>#sh_ylw-pushpin165</styleUrl>
		</Pair>
		<Pair>
			<key>highlight</key>
			<styleUrl>#sh_ylw-pushpin1480</styleUrl>
		</Pair>
	</StyleMap>
	<StyleMap id="sh_ylw-pushpin1340">
		<Pair>
			<key>normal</key>
			<styleUrl>#sh_ylw-pushpin6300</styleUrl>
		</Pair>
		<Pair>
			<key>highlight</key>
			<styleUrl>#sh_ylw-pushpin1842</styleUrl>
		</Pair>
	</StyleMap>
	<Style id="sh_ylw-pushpin1480">
		<IconStyle>
			<scale>0.8</scale>
			<Icon>
				<href>http://maps.google.com/mapfiles/kml/paddle/red-circle.png</href>
			</Icon>
			<hotSpot x="32" y="1" xunits="pixels" yunits="pixels"/>
		</IconStyle>
		<LabelStyle>
			<scale>0.8</scale>
		</LabelStyle>
		<ListStyle>
			<ItemIcon>
				<href>http://maps.google.com/mapfiles/kml/paddle/red-circle-lv.png</href>
			</ItemIcon>
		</ListStyle>
	</Style>
	<Style id="sh_ylw-pushpin165">
		<IconStyle>
			<scale>0.8</scale>
			<Icon>
				<href>http://maps.google.com/mapfiles/kml/paddle/red-circle.png</href>
			</Icon>
			<hotSpot x="32" y="1" xunits="pixels" yunits="pixels"/>
		</IconStyle>
		<LabelStyle>
			<scale>0.8</scale>
		</LabelStyle>
		<ListStyle>
			<ItemIcon>
				<href>http://maps.google.com/mapfiles/kml/paddle/red-circle-lv.png</href>
			</ItemIcon>
		</ListStyle>
	</Style>
	<StyleMap id="sh_ylw-pushpin178">
		<Pair>
			<key>normal</key>
			<styleUrl>#sh_ylw-pushpin2170</styleUrl>
		</Pair>
		<Pair>
			<key>highlight</key>
			<styleUrl>#sh_ylw-pushpin2940</styleUrl>
		</Pair>
	</StyleMap>
	<Style id="sh_ylw-pushpin1842">
		<IconStyle>
			<scale>0.8</scale>
			<Icon>
				<href>http://maps.google.com/mapfiles/kml/paddle/red-circle.png</href>
			</Icon>
			<hotSpot x="32" y="1" xunits="pixels" yunits="pixels"/>
		</IconStyle>
		<LabelStyle>
			<scale>0.8</scale>
		</LabelStyle>
		<ListStyle>
			<ItemIcon>
				<href>http://maps.google.com/mapfiles/kml/paddle/red-circle-lv.png</href>
			</ItemIcon>
		</ListStyle>
	</Style>
	<Style id="sh_ylw-pushpin1910">
		<IconStyle>
			<scale>0.933333</scale>
			<Icon>
				<href>http://maps.google.com/mapfiles/kml/shapes/gas_stations.png</href>
			</Icon>
			<hotSpot x="0.5" y="0" xunits="fraction" yunits="fraction"/>
		</IconStyle>
		<LabelStyle>
			<scale>0.8</scale>
		</LabelStyle>
	</Style>
	<Style id="sh_ylw-pushpin206">
		<IconStyle>
			<scale>0.8</scale>
			<Icon>
				<href>http://maps.google.com/mapfiles/kml/paddle/red-circle.png</href>
			</Icon>
			<hotSpot x="32" y="1" xunits="pixels" yunits="pixels"/>
		</IconStyle>
		<LabelStyle>
			<scale>0.8</scale>
		</LabelStyle>
		<ListStyle>
			<ItemIcon>
				<href>http://maps.google.com/mapfiles/kml/paddle/red-circle-lv.png</href>
			</ItemIcon>
		</ListStyle>
	</Style>
	<Style id="sh_ylw-pushpin2170">
		<IconStyle>
			<scale>0.8</scale>
			<Icon>
				<href>http://maps.google.com/mapfiles/kml/shapes/caution.png</href>
			</Icon>
			<hotSpot x="0.5" y="0" xunits="fraction" yunits="fraction"/>
		</IconStyle>
		<LabelStyle>
			<scale>0.8</scale>
		</LabelStyle>
	</Style>
	<Style id="sh_ylw-pushpin2940">
		<IconStyle>
			<scale>0.933333</scale>
			<Icon>
				<href>http://maps.google.com/mapfiles/kml/shapes/caution.png</href>
			</Icon>
			<hotSpot x="0.5" y="0" xunits="fraction" yunits="fraction"/>
		</IconStyle>
		<LabelStyle>
			<scale>0.8</scale>
		</LabelStyle>
	</Style>
	<Style id="sh_ylw-pushpin329">
		<IconStyle>
			<scale>0.8</scale>
			<Icon>
				<href>http://maps.google.com/mapfiles/kml/shapes/gas_stations.png</href>
			</Icon>
			<hotSpot x="0.5" y="0" xunits="fraction" yunits="fraction"/>
		</IconStyle>
		<LabelStyle>
			<scale>0.8</scale>
		</LabelStyle>
	</Style>
	<StyleMap id="sh_ylw-pushpin336">
		<Pair>
			<key>normal</key>
			<styleUrl>#sh_ylw-pushpin46</styleUrl>
		</Pair>
		<Pair>
			<key>highlight</key>
			<styleUrl>#sh_ylw-pushpin206</styleUrl>
		</Pair>
	</StyleMap>
	<Style id="sh_ylw-pushpin46">
		<IconStyle>
			<scale>0.8</scale>
			<Icon>
				<href>http://maps.google.com/mapfiles/kml/paddle/red-circle.png</href>
			</Icon>
			<hotSpot x="32" y="1" xunits="pixels" yunits="pixels"/>
		</IconStyle>
		<LabelStyle>
			<scale>0.8</scale>
		</LabelStyle>
		<ListStyle>
			<ItemIcon>
				<href>http://maps.google.com/mapfiles/kml/paddle/red-circle-lv.png</href>
			</ItemIcon>
		</ListStyle>
	</Style>
	<Style id="sh_ylw-pushpin6300">
		<IconStyle>
			<scale>0.8</scale>
			<Icon>
				<href>http://maps.google.com/mapfiles/kml/paddle/red-circle.png</href>
			</Icon>
			<hotSpot x="32" y="1" xunits="pixels" yunits="pixels"/>
		</IconStyle>
		<LabelStyle>
			<scale>0.8</scale>
		</LabelStyle>
		<ListStyle>
			<ItemIcon>
				<href>http://maps.google.com/mapfiles/kml/paddle/red-circle-lv.png</href>
			</ItemIcon>
		</ListStyle>
	</Style>
	<Style id="sn_red-circle1">
		<IconStyle>
			<scale>0.8</scale>
			<Icon>
				<href>http://maps.google.com/mapfiles/kml/paddle/red-circle.png</href>
			</Icon>
			<hotSpot x="32" y="1" xunits="pixels" yunits="pixels"/>
		</IconStyle>
		<LabelStyle>
			<scale>0.8</scale>
		</LabelStyle>
		<ListStyle>
			<ItemIcon>
				<href>http://maps.google.com/mapfiles/kml/paddle/red-circle-lv.png</href>
			</ItemIcon>
		</ListStyle>
	</Style>
	<Folder>
		<name>2026 Parker 400 C/T/UTV - Racer File</name>
		<Folder>
			<name>S/F</name>
			<Placemark>
				<name>Start 1st Lap</name>
				<styleUrl>#line-9C27B0-5000-nodesc0</styleUrl>
				<LineString>
					<tessellate>1</tessellate>
					<coordinates>
						-114.165601,34.131391,0 -114.165541,34.131454,0 -114.165343,34.131635,0 -114.165103,34.13181,0 -114.16482,34.131982,0 -114.164651,34.132049,0 -114.164445,34.132106,0 -114.164029,34.132203,0 -114.163602,34.132335,0 -114.163458,34.132394,0 -114.163316,34.132461,0 -114.162527,34.132857,0 -114.162352,34.132943,0 -114.162229,34.133029,0 -114.161992,34.133332,0 -114.161736,34.13357,0 
					</coordinates>
				</LineString>
			</Placemark>
			<Placemark>
				<name>Start Line</name>
				<LookAt>
					<longitude>-114.165612</longitude>
					<latitude>34.131399</latitude>
					<altitude>0</altitude>
					<heading>0</heading>
					<tilt>0</tilt>
					<range>200</range>
				</LookAt>
				<styleUrl>#Point_icon-503-DB4436-nodesc-normal_-1_035</styleUrl>
				<ExtendedData>
					<Data name="Type">
						<value>icon-503-DB4436-nodesc-normal</value>
					</Data>
					<Data name="Symbol">
						<value>Flag, Blue</value>
					</Data>
					<Data name="Name on GPS">
						<value>Start Line</value>
					</Data>
					<Data name="Comment">
					</Data>
					<Data name="Latitude">
						<value>N34.13140</value>
					</Data>
					<Data name="Longitude">
						<value>W114.16561</value>
					</Data>
					<Data name="Elevation">
						<value>0.00 ft</value>
					</Data>
					<Data name="Distance to Active Point">
						<value>N/A</value>
					</Data>
					<Data name="Bearing">
						<value>N/A</value>
					</Data>
				</ExtendedData>
				<Point>
					<coordinates>-114.165612,34.131399,0</coordinates>
				</Point>
			</Placemark>
			<Placemark>
				<name>Finish Line</name>
				<LookAt>
					<longitude>-114.163125</longitude>
					<latitude>34.12903</latitude>
					<altitude>0</altitude>
					<heading>0</heading>
					<tilt>0</tilt>
					<range>200</range>
				</LookAt>
				<styleUrl>#Point_icon-503-DB4436-nodesc-normal_-1_035</styleUrl>
				<ExtendedData>
					<Data name="Type">
						<value>icon-503-DB4436-nodesc-normal</value>
					</Data>
					<Data name="Symbol">
						<value>Flag, Blue</value>
					</Data>
					<Data name="Name on GPS">
						<value>Finish Line</value>
					</Data>
					<Data name="Comment">
					</Data>
					<Data name="Latitude">
						<value>N34.12903</value>
					</Data>
					<Data name="Longitude">
						<value>W114.16313</value>
					</Data>
					<Data name="Elevation">
						<value>0.00 ft</value>
					</Data>
					<Data name="Distance to Active Point">
						<value>N/A</value>
					</Data>
					<Data name="Bearing">
						<value>N/A</value>
					</Data>
				</ExtendedData>
				<Point>
					<coordinates>-114.163125,34.12903,0</coordinates>
				</Point>
			</Placemark>
		</Folder>
		<Folder>
			<name>Course</name>
			<open>1</open>
			<Placemark>
				<name>P400 Car/Truck/UTV</name>
				<LookAt>
					<longitude>-113.8972855</longitude>
					<latitude>34.08628355</latitude>
					<altitude>0</altitude>
					<heading>0</heading>
					<tilt>0</tilt>
					<range>62423</range>
				</LookAt>
				<styleUrl>#Line_line-9C27B0-5000-nodesc-normal_ff9c27b0_03</styleUrl>
				<ExtendedData>
					<Data name="Type">
						<value>line-9C27B0-5000-nodesc-normal</value>
					</Data>
					<Data name="Name on GPS">
					</Data>
					<Data name="Total Distance">
						<value>126.69 mi</value>
					</Data>
					<Data name="Number of Trackpoints">
						<value>4878</value>
					</Data>
				</ExtendedData>
				<MultiGeometry>
					<LineString>
						<coordinates>
							-114.165601,34.131391,0 -114.165541,34.131454,0 -114.165343,34.131635,0 -114.165103,34.13181,0 -114.16482,34.131982,0 -114.164651,34.132049,0 -114.164445,34.132106,0 -114.164029,34.132203,0 -114.163602,34.132335,0 -114.163458,34.132394,0 -114.163316,34.132461,0 -114.162527,34.132857,0 -114.162352,34.132943,0 -114.162229,34.133029,0 -114.161992,34.133332,0 -114.161736,34.13357,0 -114.16155862,34.1338187,0 -114.16144416,34.13399494,0 -114.16132547,34.13414651,0 -114.161234,34.134202,0 -114.161183,34.13428,0 -114.161119,34.134431,0 -114.161013,34.1346,0 -114.160947,34.13468,0 -114.160759,34.134857,0 -114.160503,34.13503,0 -114.160355,34.13511,0 -114.1597,34.135397,0 -114.159221,34.135636,0 -114.158543,34.135998,0 -114.157842,34.136336,0 -114.156729,34.136931,0 -114.156414,34.137112,0 -114.156175,34.137279,0 -114.155934,34.137472,0 -114.155499,34.137857,0 -114.153775,34.139214,0 -114.153514,34.139366,0 -114.152732,34.139756,0 -114.15191,34.140137,0 -114.151483,34.140392,0 -114.151235,34.140552,0 -114.151099,34.140658,0 -114.150861,34.140874,0 -114.150437,34.141292,0 -114.150162,34.141548,0 -114.149991,34.141679,0 -114.14993,34.141748,0 -114.149873,34.141842,0 -114.149864,34.141897,0 -114.149902,34.141993,0 -114.150115,34.142213,0 -114.150349,34.142487,0 -114.150771,34.142935,0 -114.151411,34.143723,0 -114.151571,34.143894,0 -114.151664,34.143976,0 -114.152528,34.144602,0 -114.153199,34.145145,0 -114.153477,34.145338,0 -114.154563,34.145903,0 -114.154693,34.145959,0 -114.154829,34.146008,0 -114.154969,34.146043,0 -114.155203,34.146076,0 -114.15541,34.146117,0 -114.155881,34.146231,0 -114.15614,34.146317,0 -114.156384,34.14644,0 -114.156495,34.146507,0 -114.156764,34.146745,0 -114.157174,34.14717,0 -114.157451,34.147433,0 -114.158217,34.148079,0 -114.1584,34.148252,0 -114.158683,34.148576,0 -114.158754,34.148735,0 -114.158841,34.149134,0 -114.159017,34.149459,0 -114.159127,34.149695,0 -114.159295,34.150012,0 -114.159402,34.15025,0 -114.159436,34.15034,0 -114.15948,34.150689,0 -114.159503,34.150771,0 -114.159531,34.150813,0 -114.159589,34.150847,0 -114.159666,34.150873,0 -114.160108,34.150978,0 -114.160401,34.151063,0 -114.160505,34.151114,0 -114.160667,34.151213,0 -114.160825,34.151366,0 -114.16091,34.151427,0 -114.161195,34.151596,0 -114.161273,34.151656,0 -114.161352,34.151723,0 -114.161584,34.151982,0 -114.161669,34.152057,0 -114.161778,34.152115,0 -114.162582,34.152386,0 -114.163102,34.152506,0 -114.163267,34.152528,0 -114.163635,34.152557,0 -114.163977,34.152562,0 -114.164536,34.152593,0 -114.165068,34.152584,0 -114.16545565,34.15253069,0 -114.165592,34.152517,0 -114.165816,34.152509,0 -114.166067,34.152542,0 -114.166487,34.152571,0 -114.166568,34.152585,0 -114.16682,34.152687,0 -114.167439,34.152888,0 -114.16764671,34.15290277,0 -114.16770518,34.15289848,0 -114.167759,34.152896,0 -114.167859,34.152887,0 -114.168411,34.152698,0 -114.168559,34.152608,0 -114.168699,34.152496,0 -114.168815,34.152432,0 -114.168889,34.152403,0 -114.168971,34.1524,0 -114.169047,34.152422,0 -114.169199,34.15253,0 -114.169356,34.152605,0 -114.169565,34.152677,0 -114.169954,34.15273,0 -114.170398,34.152753,0 -114.170964,34.152805,0 -114.171196,34.152869,0 -114.171519,34.153038,0 -114.17159,34.153092,0 -114.171779,34.153299,0 -114.171924,34.153419,0 -114.172179,34.153562,0 -114.172459,34.153684,0 -114.172779,34.153842,0 -114.172866,34.153913,0 -114.172924,34.153985,0 -114.172962,34.154057,0 -114.172993,34.154203,0 -114.173023,34.154275,0 -114.17321,34.154608,0 -114.173318,34.15474,0 -114.173509,34.154931,0 -114.173998,34.155338,0 -114.174151,34.1555,0 -114.174324,34.155769,0 -114.174361,34.15586,0 -114.174395,34.156047,0 -114.174464,34.156256,0 -114.174535,34.156392,0 -114.174598,34.156481,0 -114.174796,34.156691,0 -114.175641,34.157504,0 -114.176415,34.158189,0 -114.176988,34.158585,0 -114.177855,34.159318,0 -114.178099,34.159476,0 -114.17858,34.159633,0 -114.178928,34.159706,0 -114.179248,34.159786,0 -114.179387,34.159822,0 -114.179534,34.159873,0 -114.180279,34.160009,0 -114.180434,34.160013,0 -114.180593,34.159987,0 -114.180757,34.159933,0 -114.180924,34.159865,0 -114.181614,34.159505,0 -114.181709,34.15945,0 -114.1818,34.15938,0 -114.18197,34.159211,0 -114.182037,34.159048,0 -114.182077,34.15889,0 -114.182087,34.158637,0 -114.182071,34.158136,0 -114.182089,34.157899,0 -114.182054,34.157714,0 -114.182013,34.15763,0 -114.181948,34.157434,0 -114.181936,34.157308,0 -114.181972,34.156814,0 -114.181998,34.156688,0 -114.182082,34.15645,0 -114.182113,34.1564,0 -114.1821264058368,34.15638434846024,0 -114.182146,34.156357,0 -114.1822,34.156319,0 -114.18226,34.156293,0 -114.182445,34.156234,0 -114.182704,34.156181,0 -114.183377,34.155974,0 -114.184015,34.155828,0 -114.18501,34.155634,0 -114.185248,34.155553,0 -114.18531,34.155518,0 -114.185345,34.155485,0 -114.185439,34.155373,0 -114.185674,34.155,0 -114.185949,34.154643,0 -114.186165,34.154397,0 -114.186416,34.154144,0 -114.186693,34.153895,0 -114.186902,34.153733,0 -114.18713,34.153596,0 -114.187263,34.15355,0 -114.187349,34.153544,0 -114.187445,34.153559,0 -114.187827,34.153662,0 -114.18834,34.153736,0 -114.188495,34.153743,0 -114.188837,34.153728,0 -114.189022,34.15371,0 -114.189208,34.153679,0 -114.189586,34.153577,0 -114.189738,34.153517,0 -114.189828,34.153461,0 -114.1899600425696,34.15338715829684,0 -114.1900061184358,34.15334420806642,0 -114.190028,34.153323,0 -114.190392,34.152979,0 -114.190877,34.152631,0 -114.191076,34.152508,0 -114.191503,34.152301,0 -114.191715,34.152231,0 -114.192001,34.152182,0 -114.192704,34.152174,0 -114.192879,34.152163,0 -114.193613,34.152038,0 -114.194351,34.151935,0 -114.195203,34.151869,0 -114.195843,34.151849,0 -114.197229,34.1519,0 -114.197604,34.1519,0 -114.197782,34.151872,0 -114.197887,34.151806,0 -114.19788614,34.15180964,0 -114.198274,34.151198,0 -114.198298,34.151143,0 -114.198319,34.15104,0 -114.198309,34.150934,0 -114.198127,34.150241,0 -114.197906,34.149244,0 -114.197686,34.148039,0 -114.197616,34.147773,0 -114.197558,34.147641,0 -114.197406,34.147365,0 -114.197108,34.146938,0 -114.197009,34.14684,0 -114.196517,34.14651,0 -114.196467,34.146465,0 -114.196264,34.146259,0 -114.196007,34.145928,0 -114.195891,34.145794,0 -114.195497,34.145423,0 -114.194794,34.14481,0 -114.194494,34.1446,0 -114.193988,34.144282,0 -114.193832,34.144164,0 -114.193624,34.144057,0 -114.193469,34.144012,0 -114.193363,34.143995,0 -114.192764,34.143958,0 -114.192515,34.143991,0 -114.191954,34.144138,0 -114.191743,34.144143,0 -114.191369,34.144079,0 -114.19052,34.14391,0 -114.19032,34.143886,0 -114.189944,34.143862,0 -114.189639,34.143815,0 -114.188992,34.143775,0 -114.18892513,34.143766,0 -114.188891,34.143758,0 -114.188487,34.143656,0 -114.188309,34.143578,0 -114.188051,34.143427,0 -114.18776,34.143234,0 -114.187498,34.143045,0 -114.187397,34.142959,0 -114.18721,34.142738,0 -114.187023,34.142473,0 -114.18684,34.142163,0 -114.18664748,34.14185315,0 -114.186545,34.141698,0 -114.186102,34.140982,0 -114.186043,34.140872,0 -114.185997,34.140746,0 -114.185989,34.140614,0 -114.186024,34.14049,0 -114.186074,34.140365,0 -114.186091,34.14023,0 -114.186042,34.139908,0 -114.186012,34.139831,0 -114.18594,34.139765,0 -114.185759,34.139516,0 -114.185699,34.139323,0 -114.185645,34.139027,0 -114.18558,34.138823,0 -114.185524,34.138731,0 -114.185288,34.138428,0 -114.184936,34.137878,0 -114.1844916,34.13702517,0 -114.18432708,34.13681619,0 -114.18409525,34.13658113,0 -114.18391709,34.13641065,0 -114.18369792,34.13617946,0 -114.18349583,34.13594295,0 -114.1833983,34.13581369,0 -114.18327329,34.13562723,0 -114.18315483,34.13538498,0 -114.18300643,34.13510464,0 -114.18283872,34.13470476,0 -114.1826618,34.13432614,0 -114.18246728,34.13393194,0 -114.18224023,34.13358335,0 -114.18194643,34.13326616,0 -114.18159607,34.13293588,0 -114.18109009,34.13249265,0 -114.18060341,34.13214882,0 -114.18020009,34.13188264,0 -114.1798841,34.13166349,0 -114.17964301,34.13151197,0 -114.17952263,34.13145818,0 -114.179454,34.131446,0 -114.178501,34.131199,0 -114.176887,34.130802,0 -114.17634,34.13057,0 -114.175533,34.13028,0 -114.1754178201394,34.13022459937333,0 -114.175398,34.130217,0 -114.174885,34.130028,0 -114.174366,34.129852,0 -114.174168,34.129794,0 -114.172541,34.129432,0 -114.171698,34.129209,0 -114.170582,34.128871,0 -114.169962,34.128696,0 -114.169138,34.12851,0 -114.168684,34.128419,0 -114.168015,34.128328,0 -114.167785,34.12825,0 -114.167564,34.128193,0 -114.167348,34.128124,0 -114.167178,34.128052,0 -114.167034,34.127978,0 -114.166745,34.127865,0 -114.16603,34.127653,0 -114.165864,34.127597,0 -114.165705,34.12753,0 -114.165546,34.127451,0 -114.165391,34.127358,0 -114.164719,34.126917,0 -114.164222,34.126515,0 -114.163792,34.126116,0 -114.163537,34.125856,0 -114.16303,34.125283,0 -114.162742,34.125005,0 -114.16247,34.124802,0 -114.162197,34.124629,0 -114.161656,34.124236,0 -114.160598,34.123401,0 -114.160429,34.123315,0 -114.160205,34.123231,0 -114.159997,34.123176,0 -114.159713,34.123117,0 -114.159197,34.12303,0 -114.158829,34.122946,0 -114.15864,34.122896,0 -114.157866,34.122655,0 -114.157243,34.122485,0 -114.156637,34.122351,0 -114.155792,34.122236,0 -114.155343,34.122194,0 -114.154905,34.12214,0 -114.154039,34.121993,0 -114.153468,34.121875,0 -114.153302,34.12182,0 -114.153143,34.121754,0 -114.152996,34.121677,0 -114.152695,34.121496,0 -114.152228,34.121173,0 -114.151952,34.121033,0 -114.151652,34.120934,0 -114.151337,34.120872,0 -114.150832,34.120812,0 -114.15028,34.120721,0 -114.150113,34.12068,0 -114.149951,34.120625,0 -114.149626,34.120492,0 -114.149139,34.120408,0 -114.149014,34.120362,0 -114.148907,34.120296,0 -114.14867,34.120121,0 -114.148534,34.120036,0 -114.147882,34.119718,0 -114.147523,34.119555,0 -114.147133,34.1194,0 -114.146723,34.119258,0 -114.145665,34.118936,0 -114.145457,34.118864,0 -114.145257,34.118786,0 -114.144866,34.1186,0 -114.144677,34.118529,0 -114.144272,34.118352,0 -114.143861,34.118204,0 -114.143241,34.118016,0 -114.142635,34.117883,0 -114.1423579382043,34.11782947471381,0 -114.141888,34.117764,0 -114.141577,34.117722,0 -114.1408,34.117647,0 -114.140654,34.117646,0 -114.140503,34.117659,0 -114.140013,34.117774,0 -114.139817,34.117795,0 -114.139787,34.117779,0 -114.139616,34.117739,0 -114.139455,34.117667,0 -114.139012,34.117402,0 -114.138727,34.117255,0 -114.138557,34.11718,0 -114.138187,34.117042,0 -114.137581,34.116869,0 -114.1374,34.116806,0 -114.137237,34.116767,0 -114.137064,34.116748,0 -114.136263,34.116775,0 -114.136235,34.116773,0 -114.135957,34.116751,0 -114.135636,34.116707,0 -114.135304,34.116636,0 -114.134357,34.116509,0 -114.133967,34.116435,0 -114.133774,34.116386,0 -114.133036,34.116168,0 -114.132663,34.116035,0 -114.132531,34.115972,0 -114.132363,34.115854,0 -114.132032,34.115568,0 -114.131911,34.115501,0 -114.131777,34.115443,0 -114.12762654,34.1146961,0 -114.12722046,34.11464629,0 -114.12699867,34.11461316,0 -114.12674831,34.11456537,0 -114.12647375,34.11449768,0 -114.1263173,34.11445737,0 -114.12604971,34.11442912,0 -114.12575224,34.11441317,0 -114.12555067,34.11439405,0 -114.125183,34.11433,0 -114.124927,34.114263,0 -114.124414,34.114044,0 -114.124128,34.113945,0 -114.123859,34.113877,0 -114.123385,34.113778,0 -114.122739,34.113575,0 -114.121326,34.113366,0 -114.121164,34.113327,0 -114.120683,34.113152,0 -114.120533,34.113082,0 -114.120413,34.113008,0 -114.120201,34.112811,0 -114.119986,34.11258,0 -114.119782,34.112333,0 -114.119668,34.112224,0 -114.119389,34.112043,0 -114.119075,34.111895,0 -114.118568,34.111729,0 -114.118217,34.111631,0 -114.117864,34.111565,0 -114.116806,34.111462,0 -114.116184,34.111339,0 -114.115714,34.111345,0 -114.11555,34.111321,0 -114.115024,34.111215,0 -114.114847,34.111188,0 -114.114492,34.111155,0 -114.114159,34.111158,0 -114.11368372,34.11118383,0 -114.11330966,34.11122258,0 -114.1130182,34.11125062,0 -114.112807,34.111297,0 -114.11258811,34.11135263,0 -114.112458,34.111411,0 -114.112219,34.111547,0 -114.111946,34.111746,0 -114.111781,34.111888,0 -114.111602,34.112062,0 -114.111036,34.112752,0 -114.110884,34.112909,0 -114.110795,34.11298,0 -114.11062,34.113093,0 -114.110176,34.113276,0 -114.109916,34.113365,0 -114.109022,34.113541,0 -114.108729,34.113582,0 -114.10858,34.113587,0 -114.107373,34.113525,0 -114.106325,34.113498,0 -114.105885,34.1135,0 -114.10573402,34.11349055,0 -114.10547225,34.11348773,0 -114.10530945,34.1134901,0 -114.10518354,34.11350309,0 -114.10506309,34.11350373,0 -114.10498758,34.11350179,0 -114.104807,34.113495,0 -114.10448806,34.11351094,0 -114.10413055,34.11349144,0 -114.10391937,34.11345454,0 -114.10361251,34.11333347,0 -114.10333773,34.11321743,0 -114.10307677,34.11304505,0 -114.10289186,34.11292694,0 -114.102467,34.112766,0 -114.102312,34.112715,0 -114.102144,34.112677,0 -114.101787,34.112633,0 -114.101426,34.112629,0 -114.100664,34.112641,0 -114.100072,34.112674,0 -114.099557,34.112685,0 -114.09911588,34.11271333,0 -114.09872742,34.11271938,0 -114.0985452,34.11272861,0 -114.09823211,34.11271594,0 -114.09796433,34.11270174,0 -114.09771619,34.11271261,0 -114.09750198,34.11274163,0 -114.09715905,34.11283577,0 -114.09675321,34.11295638,0 -114.09655139,34.11301271,0 -114.09630135,34.11309171,0 -114.09604879,34.11316234,0 -114.09585313,34.11320184,0 -114.09554558,34.1132352,0 -114.09537231,34.11324167,0 -114.094976,34.113193,0 -114.094633,34.11313,0 -114.093877,34.112873,0 -114.093476,34.112753,0 -114.092085,34.11242,0 -114.091615,34.112275,0 -114.091232,34.11206,0 -114.090873,34.111812,0 -114.089851,34.111328,0 -114.089747,34.111291,0 -114.089547,34.111253,0 -114.089351,34.111251,0 -114.089263,34.111262,0 -114.089049,34.111315,0 -114.088521,34.111486,0 -114.088368,34.11152,0 -114.087719,34.11163,0 -114.087368,34.111675,0 -114.086865,34.111713,0 -114.086727,34.111706,0 -114.086586,34.111679,0 -114.086141,34.11152,0 -114.085984,34.111473,0 -114.085508,34.111388,0 -114.08519,34.111304,0 -114.084728,34.111129,0 -114.083842,34.110846,0 -114.0831,34.110587,0 -114.082751,34.110453,0 -114.082212,34.110231,0 -114.081565,34.109935,0 -114.0814802,34.10992592,0 -114.081341,34.109924,0 -114.081149,34.109913,0 -114.080921,34.109924,0 -114.080704,34.109975,0 -114.08032,34.110086,0 -114.080052,34.110136,0 -114.079594,34.110141,0 -114.079438,34.110126,0 -114.07911,34.110118,0 -114.078767,34.110161,0 -114.078249,34.11026,0 -114.077722,34.110333,0 -114.077421,34.110365,0 -114.07672,34.110395,0 -114.075555,34.110408,0 -114.07497,34.110439,0 -114.074777,34.110441,0 -114.07441,34.110405,0 -114.073869,34.110307,0 -114.072881,34.11017,0 -114.071925,34.110011,0 -114.071777,34.109975,0 -114.071633,34.109923,0 -114.071505,34.109855,0 -114.071304,34.109691,0 -114.071132,34.109477,0 -114.071022,34.109379,0 -114.070895,34.109298,0 -114.070612,34.10916,0 -114.070032,34.108818,0 -114.069219,34.108404,0 -114.068379,34.107956,0 -114.067667,34.107596,0 -114.067118,34.107356,0 -114.066702,34.107128,0 -114.066536,34.107009,0 -114.066158,34.106597,0 -114.065961,34.106443,0 -114.064894,34.10574,0 -114.064508,34.105535,0 -114.063917,34.105311,0 -114.063465,34.105159,0 -114.063108,34.105108,0 -114.062107,34.105053,0 -114.061468,34.105049,0 -114.061263,34.105038,0 -114.061073,34.105043,0 -114.060928,34.105124,0 -114.060759,34.105164,0 -114.060225,34.105331,0 -114.060042,34.105366,0 -114.05952,34.10542,0 -114.059365,34.105429,0 -114.059006,34.105425,0 -114.058422,34.105466,0 -114.057348,34.105649,0 -114.05715,34.105693,0 -114.056753,34.105818,0 -114.055697,34.106255,0 -114.055549,34.106299,0 -114.055502,34.106283,0 -114.054901,34.10625,0 -114.054471,34.10626,0 -114.054138,34.106249,0 -114.05335,34.106247,0 -114.05292,34.106171,0 -114.052253,34.106026,0 -114.052083,34.105975,0 -114.051367,34.10574,0 -114.050679,34.105454,0 -114.050322,34.105324,0 -114.050174,34.105287,0 -114.049852,34.105351,0 -114.049755,34.105385,0 -114.049449,34.105522,0 -114.049214,34.105559,0 -114.04901,34.10556,0 -114.048627,34.105501,0 -114.048341,34.105413,0 -114.04789,34.105238,0 -114.047573,34.105087,0 -114.047275,34.104901,0 -114.046976,34.104696,0 -114.046501,34.104402,0 -114.045988,34.104134,0 -114.045825,34.10407,0 -114.045668,34.104027,0 -114.045504,34.103997,0 -114.04534,34.103981,0 -114.045179,34.103988,0 -114.04503,34.104013,0 -114.04475,34.104116,0 -114.044614,34.104153,0 -114.044496,34.104173,0 -114.044204,34.10419,0 -114.043339,34.104189,0 -114.043204,34.104174,0 -114.043083,34.104145,0 -114.042803,34.104045,0 -114.042483,34.103956,0 -114.042139,34.1039,0 -114.041777,34.103884,0 -114.041048,34.103896,0 -114.040731,34.103884,0 -114.040449,34.103835,0 -114.040164,34.10373,0 -114.039865,34.103606,0 -114.039432,34.103374,0 -114.0393,34.103286,0 -114.039054,34.103073,0 -114.038655,34.102752,0 -114.038451,34.102516,0 -114.038176,34.102157,0 -114.037985,34.101946,0 -114.03787,34.10185,0 -114.03774,34.101767,0 -114.037596,34.101702,0 -114.03744,34.101651,0 -114.037275,34.101619,0 -114.036942,34.101583,0 -114.036618,34.101527,0 -114.035939,34.101365,0 -114.03558,34.101291,0 -114.034275,34.101109,0 -114.032894,34.100855,0 -114.03248,34.100793,0 -114.032075,34.100748,0 -114.03158377,34.10066402,0 -114.031239,34.100646,0 -114.030483,34.100693,0 -114.029387,34.100724,0 -114.028011,34.1007,0 -114.027191,34.100564,0 -114.027015,34.10056,0 -114.026665,34.100602,0 -114.026331,34.100602,0 -114.02568,34.100513,0 -114.025353,34.100496,0 -114.02519,34.100499,0 -114.024738,34.100482,0 -114.024441,34.10044,0 -114.024132,34.100366,0 -114.023812,34.100274,0 -114.023494,34.1002,0 -114.023174,34.100176,0 -114.022715,34.100178,0 -114.021893,34.100015,0 -114.021545,34.099968,0 -114.021202,34.099954,0 -114.020871,34.099971,0 -114.020529,34.100007,0 -114.020178,34.100067,0 -114.019817,34.100144,0 -114.019276,34.100292,0 -114.018608,34.100531,0 -114.018126,34.100743,0 -114.017965,34.100804,0 -114.01744,34.100946,0 -114.016645,34.101189,0 -114.016496,34.101215,0 -114.016204,34.101246,0 -114.016072,34.101275,0 -114.015955,34.101323,0 -114.015719,34.101454,0 -114.015593,34.101511,0 -114.015457,34.101548,0 -114.015323,34.101567,0 -114.015038,34.101577,0 -114.01438,34.101575,0 -114.013263,34.101531,0 -114.012544,34.101522,0 -114.012385,34.101503,0 -114.012239,34.101472,0 -114.011526,34.101284,0 -114.011236,34.101223,0 -114.010929,34.101171,0 -114.010513,34.101116,0 -114.010069,34.101081,0 -114.009771,34.101083,0 -114.009486,34.101114,0 -114.009224,34.101186,0 -114.00884,34.101265,0 -114.008693,34.101333,0 -114.008649,34.101381,0 -114.008622,34.101452,0 -114.008615,34.101541,0 -114.008636,34.101641,0 -114.008676,34.101753,0 -114.00878,34.101999,0 -114.009298,34.102996,0 -114.010806,34.105733,0 -114.013718,34.109562,0 -114.013975,34.109886,0 -114.014325,34.110229,0 -114.014372,34.110304,0 -114.014358,34.110387,0 -114.0142938531286,34.11043655316473,0 -114.014231,34.110463,0 -114.013507,34.110858,0 -114.013434,34.110861,0 -114.01326535,34.11085629,0 -114.01308405,34.11083292,0 -114.01294025,34.11076826,0 -114.01277896,34.11061113,0 -114.01255486,34.11031152,0 -114.01233159,34.10999522,0 -114.01195736,34.10955086,0 -114.01144871,34.10886811,0 -114.01109496,34.10842872,0 -114.01077903,34.10797346,0 -114.01020442,34.1072646,0 -114.00967848,34.10655737,0 -114.00917512,34.10589686,0 -114.00902929,34.10571282,0 -114.00880144,34.10539978,0 -114.00863412,34.10518284,0 -114.00821979,34.10465841,0 -114.00810111,34.10443904,0 -114.00790749,34.10387388,0 -114.00776333,34.10346371,0 -114.00763078,34.10310933,0 -114.00746311,34.10257908,0 -114.00734421,34.10224068,0 -114.00725884,34.10200794,0 -114.00722914,34.10195658,0 -114.00718084,34.10190951,0 -114.00708854,34.10183972,0 -114.00702039,34.10177462,0 -114.00691035,34.10165694,0 -114.00681563,34.10151669,0 -114.00672984,34.10134596,0 -114.00663775,34.1011568,0 -114.00659289,34.1010137,0 -114.00650998,34.1008572,0 -114.00638881,34.10075162,0 -114.0062819,34.10070383,0 -114.00618371,34.1006847,0 -114.005878,34.100618,0 -114.005444,34.100546,0 -114.00503,34.100462,0 -114.004112,34.100255,0 -114.003868,34.100208,0 -114.003625,34.100177,0 -114.003422,34.100167,0 -114.002989,34.100184,0 -114.002651,34.100231,0 -114.002363,34.100289,0 -114.002153,34.100357,0 -114.001833,34.100489,0 -114.001214,34.100776,0 -114.001047,34.10084,0 -114.000264,34.101046,0 -113.999876,34.101119,0 -113.999696,34.10113,0 -113.999511,34.101123,0 -113.999326,34.101099,0 -113.998943,34.101028,0 -113.99875,34.101002,0 -113.998559,34.100992,0 -113.998366,34.100994,0 -113.998177,34.101009,0 -113.9978,34.101063,0 -113.996991,34.101129,0 -113.996568,34.101141,0 -113.996363,34.101157,0 -113.996146,34.101158,0 -113.995492,34.101132,0 -113.994572,34.101061,0 -113.994132,34.101044,0 -113.993704,34.101087,0 -113.993292,34.101148,0 -113.992016,34.101386,0 -113.991142,34.101511,0 -113.990779,34.101547,0 -113.990596,34.101577,0 -113.990416,34.101618,0 -113.99026,34.101669,0 -113.989972,34.101827,0 -113.989832,34.10192,0 -113.989337,34.102173,0 -113.988928,34.1024,0 -113.988655,34.10259,0 -113.988364,34.102818,0 -113.987737,34.103275,0 -113.987397,34.103504,0 -113.985764,34.104485,0 -113.985543,34.104593,0 -113.985449,34.104628,0 -113.985245,34.10467,0 -113.985139,34.104662,0 -113.985032,34.10463,0 -113.984712,34.104444,0 -113.984579,34.104381,0 -113.984428,34.104325,0 -113.984263,34.104279,0 -113.983898,34.104208,0 -113.983508,34.104156,0 -113.983309,34.104142,0 -113.983128,34.10414,0 -113.982594,34.104177,0 -113.982429,34.104172,0 -113.98209,34.104123,0 -113.981909,34.104107,0 -113.981745,34.104124,0 -113.981651,34.104155,0 -113.981555,34.104212,0 -113.981457,34.104285,0 -113.98136,34.104373,0 -113.981065,34.10466,0 -113.980951,34.104742,0 -113.980819,34.104809,0 -113.980517,34.104928,0 -113.979857,34.105237,0 -113.979132,34.105538,0 -113.978767,34.105657,0 -113.978599,34.105697,0 -113.978424,34.105726,0 -113.978264,34.105729,0 -113.977757,34.105693,0 -113.97758,34.105672,0 -113.977404,34.105632,0 -113.977053,34.105499,0 -113.976674,34.105379,0 -113.976473,34.105341,0 -113.976265,34.105323,0 -113.97605,34.105324,0 -113.975837,34.105339,0 -113.975414,34.105394,0 -113.97521,34.105441,0 -113.974746,34.105572,0 -113.97468,34.105578,0 -113.974451,34.105566,0 -113.974091,34.105527,0 -113.973775,34.105518,0 -113.973025,34.105554,0 -113.972826,34.105576,0 -113.97263,34.105617,0 -113.97244,34.105669,0 -113.971719,34.105916,0 -113.971561,34.105992,0 -113.970768,34.106439,0 -113.970397,34.106672,0 -113.970159,34.106798,0 -113.969694,34.107012,0 -113.969534,34.107075,0 -113.968972,34.107261,0 -113.968535,34.107366,0 -113.968061,34.107455,0 -113.967414,34.10761,0 -113.966543,34.107844,0 -113.965441,34.108175,0 -113.964048,34.108501,0 -113.963635,34.108582,0 -113.962986,34.108691,0 -113.962067,34.108786,0 -113.961614,34.108803,0 -113.961284,34.108798,0 -113.961022,34.108767,0 -113.960774,34.108691,0 -113.959344,34.108004,0 -113.958609,34.107664,0 -113.957371,34.107061,0 -113.956562,34.106705,0 -113.956117,34.10649,0 -113.955694,34.106272,0 -113.955278,34.106041,0 -113.954779,34.105729,0 -113.954385,34.105531,0 -113.952774,34.104755,0 -113.952412,34.104596,0 -113.951761,34.104287,0 -113.950864,34.103879,0 -113.949772,34.103348,0 -113.949221,34.103098,0 -113.948783,34.102874,0 -113.945987,34.101572,0 -113.945574,34.101365,0 -113.945131,34.101168,0 -113.943762,34.100673,0 -113.943558,34.100591,0 -113.942416,34.100044,0 -113.941834,34.099785,0 -113.939192,34.098536,0 -113.938275,34.098089,0 -113.937375,34.097674,0 -113.936866,34.097451,0 -113.936645,34.09733,0 -113.936456,34.097249,0 -113.936287,34.097152,0 -113.936236,34.097138,0 -113.935772,34.096915,0 -113.935298,34.096706,0 -113.934838,34.09648,0 -113.934601,34.09631,0 -113.93453,34.096245,0 -113.934382,34.096059,0 -113.934241,34.095813,0 -113.934046,34.095364,0 -113.933863,34.095068,0 -113.933758,34.094918,0 -113.933254,34.094293,0 -113.932889,34.093791,0 -113.932764,34.093686,0 -113.932693,34.093642,0 -113.932599,34.093608,0 -113.93237,34.093583,0 -113.930875,34.0936,0 -113.93073,34.09364,0 -113.929758,34.093722,0 -113.929422,34.093706,0 -113.929103,34.093636,0 -113.928946,34.093581,0 -113.928389,34.093298,0 -113.927584,34.092935,0 -113.927453,34.092866,0 -113.927294,34.092763,0 -113.927166,34.092665,0 -113.927108,34.092614,0 -113.926964,34.092455,0 -113.926797,34.092225,0 -113.92644,34.0916,0 -113.926172,34.091157,0 -113.926139,34.091116,0 -113.926078,34.091068,0 -113.925993,34.091024,0 -113.925877,34.091004,0 -113.925746,34.091031,0 -113.925607,34.091074,0 -113.925461,34.091104,0 -113.925303,34.091122,0 -113.92516,34.091162,0 -113.924677,34.091429,0 -113.924448,34.091436,0 -113.92435,34.091417,0 -113.924234,34.091368,0 -113.923849,34.091149,0 -113.922823,34.090632,0 -113.922274,34.090417,0 -113.922654,34.090562,0 -113.922177,34.090374,0 -113.921896,34.090237,0 -113.921369,34.090007,0 -113.920544,34.089615,0 -113.9199,34.089287,0 -113.919639,34.089177,0 -113.918981,34.088852,0 -113.918388,34.088575,0 -113.917967,34.088401,0 -113.917208,34.088024,0 -113.916472,34.087674,0 -113.91555,34.087262,0 -113.915329,34.08712,0 -113.915249,34.087051,0 -113.915069,34.086871,0 -113.914931,34.086717,0 -113.91484,34.086634,0 -113.914778,34.08659,0 -113.914683,34.086548,0 -113.914561,34.086522,0 -113.914422,34.086523,0 -113.913904,34.086593,0 -113.913713,34.086603,0 -113.913304,34.086605,0 -113.912782,34.086569,0 -113.912635,34.08659,0 -113.912462,34.086637,0 -113.912099,34.08678,0 -113.91194,34.086815,0 -113.911787,34.08681,0 -113.911631,34.086789,0 -113.911492,34.086744,0 -113.911037,34.086511,0 -113.910875,34.086414,0 -113.910563,34.086182,0 -113.910281,34.085944,0 -113.910132,34.085847,0 -113.909844,34.085628,0 -113.909724,34.085508,0 -113.909517,34.085243,0 -113.909291,34.084871,0 -113.909158,34.084598,0 -113.909013,34.084102,0 -113.908895,34.083753,0 -113.908823,34.083593,0 -113.90869,34.083339,0 -113.908611,34.08323,0 -113.908511,34.083129,0 -113.908438,34.083078,0 -113.908303,34.083015,0 -113.908207,34.083004,0 -113.907958,34.083028,0 -113.907491,34.083115,0 -113.90731,34.083132,0 -113.906924,34.083138,0 -113.906787,34.083161,0 -113.906653,34.083207,0 -113.906369,34.083341,0 -113.906062,34.083427,0 -113.905893,34.083464,0 -113.905715,34.083484,0 -113.905526,34.083481,0 -113.905332,34.083456,0 -113.904992,34.083379,0 -113.904859,34.083322,0 -113.904753,34.083231,0 -113.904602,34.082977,0 -113.904509,34.082874,0 -113.904272,34.082712,0 -113.903807,34.082422,0 -113.90348,34.082239,0 -113.902807,34.081973,0 -113.902225,34.081721,0 -113.902045,34.081633,0 -113.901852,34.081518,0 -113.901692,34.0814,0 -113.901575,34.081276,0 -113.901459,34.081133,0 -113.901317,34.081001,0 -113.901183,34.08092,0 -113.900869,34.080802,0 -113.900721,34.080753,0 -113.90055,34.080725,0 -113.900373,34.08073,0 -113.900007,34.080789,0 -113.899408,34.080944,0 -113.899101,34.081007,0 -113.898764,34.081048,0 -113.898606,34.081047,0 -113.898288,34.081008,0 -113.897965,34.080932,0 -113.89753,34.0808,0 -113.89722,34.080664,0 -113.897044,34.080573,0 -113.89674,34.080388,0 -113.896397,34.080132,0 -113.896031,34.079884,0 -113.895827,34.079762,0 -113.895474,34.079591,0 -113.8951,34.079457,0 -113.894877,34.079388,0 -113.894643,34.079278,0 -113.894434,34.079122,0 -113.893995,34.078709,0 -113.893531,34.078197,0 -113.89343,34.078109,0 -113.893314,34.07803,0 -113.893182,34.077959,0 -113.890753,34.076988,0 -113.890109,34.076717,0 -113.889785,34.076597,0 -113.888563,34.076106,0 -113.88785,34.075848,0 -113.887733,34.075773,0 -113.887688,34.075721,0 -113.887667,34.075658,0 -113.887688,34.075584,0 -113.887735,34.075259,0 -113.8877329,34.07510242,0 -113.887725,34.074967,0 -113.887683,34.074639,0 -113.88760036,34.07421931,0 -113.88750188,34.0735435,0 -113.887216,34.072326,0 -113.88717,34.072211,0 -113.88713,34.072019,0 -113.887133,34.071959,0 -113.887064,34.071617,0 -113.887031,34.071382,0 -113.887016,34.071186,0 -113.88702915,34.07100669,0 -113.887084,34.070814,0 -113.88722,34.07063,0 -113.88746,34.070387,0 -113.887703,34.070166,0 -113.887835,34.070031,0 -113.88789074,34.06995687,0 -113.88794632,34.06988037,0 -113.88798971,34.06979726,0 -113.88804887,34.06971496,0 -113.88836778,34.06928593,0 -113.88853157,34.06909584,0 -113.88895538,34.06868831,0 -113.88924936,34.06840475,0 -113.88939694,34.06824374,0 -113.889488,34.06808892,0 -113.8897694,34.06779446,0 -113.89023799,34.06735928,0 -113.89073436,34.06687624,0 -113.89089247,34.06670651,0 -113.8910612,34.06657313,0 -113.89127494,34.06638234,0 -113.89154021,34.06616009,0 -113.89188594,34.06581341,0 -113.89216353,34.06549703,0 -113.89242497,34.06510151,0 -113.89255087,34.0648964,0 -113.89265831,34.06467208,0 -113.89280938,34.06434527,0 -113.89293232,34.06407121,0 -113.89301843,34.06385558,0 -113.89310703,34.06366115,0 -113.89312767,34.0634255,0 -113.893097,34.063222,0 -113.893027,34.062944,0 -113.893006,34.06282,0 -113.89301996,34.06270386,0 -113.89306367,34.06264068,0 -113.893164,34.062451,0 -113.893183,34.062353,0 -113.893161,34.062243,0 -113.893159,34.062132,0 -113.893245,34.061768,0 -113.89329,34.061637,0 -113.89342,34.06134,0 -113.893605,34.060997,0 -113.893836,34.060656,0 -113.894242,34.060157,0 -113.894756,34.059384,0 -113.89486,34.059198,0 -113.894941,34.059007,0 -113.895009,34.058807,0 -113.895127,34.058394,0 -113.895375,34.057624,0 -113.895392,34.05749,0 -113.895383,34.057262,0 -113.895417,34.05715,0 -113.895448,34.056991,0 -113.895502,34.056845,0 -113.895532,34.056699,0 -113.895748,34.056219,0 -113.89595,34.055906,0 -113.896058,34.055769,0 -113.896156,34.055618,0 -113.896292,34.05545,0 -113.896611,34.055176,0 -113.896793,34.055053,0 -113.897386,34.054714,0 -113.897792,34.054545,0 -113.898325,34.054357,0 -113.898434,34.054294,0 -113.898628,34.05412,0 -113.898777,34.053868,0 -113.898896,34.053755,0 -113.899213,34.053546,0 -113.899366,34.053471,0 -113.899582,34.053344,0 -113.900162,34.053061,0 -113.900862,34.052791,0 -113.901045,34.052705,0 -113.901208,34.052603,0 -113.901551,34.052363,0 -113.902005,34.052081,0 -113.90233,34.051857,0 -113.90288159,34.05138427,0 -113.90361343,34.05061735,0 -113.90423618,34.04992587,0 -113.90471643,34.04943053,0 -113.90492602,34.04920631,0 -113.90506066,34.04903344,0 -113.9051718,34.04883158,0 -113.90558175,34.04791743,0 -113.90573171,34.04758826,0 -113.90591518,34.04709043,0 -113.90603654,34.04679034,0 -113.90629654,34.04626263,0 -113.90645883,34.04582644,0 -113.90663784,34.04535888,0 -113.90678273,34.04508029,0 -113.90690067,34.04475782,0 -113.90690234,34.04453785,0 -113.90692934,34.04432408,0 -113.90710783,34.04390008,0 -113.90736053,34.04341502,0 -113.90757485,34.04306925,0 -113.90787774,34.04264843,0 -113.9082437,34.0422478,0 -113.90849559,34.0420048,0 -113.90898183,34.04147366,0 -113.9093295,34.04109715,0 -113.90974092,34.04070508,0 -113.91031588,34.04018714,0 -113.91082201,34.0397049,0 -113.91151764,34.03910451,0 -113.91196046,34.03872239,0 -113.91247962,34.03821955,0 -113.91288076,34.03779616,0 -113.91318057,34.03749582,0 -113.91339037,34.03726592,0 -113.91386831,34.03674521,0 -113.91426805,34.03633966,0 -113.91471004,34.03586066,0 -113.91506292,34.03554583,0 -113.91554233,34.03511413,0 -113.91598245,34.03464588,0 -113.91632765,34.03421358,0 -113.91663502,34.03373658,0 -113.91663585,34.03374153,0 -113.91700049,34.03309674,0 -113.9172062,34.03280874,0 -113.91749237,34.03263736,0 -113.91773732,34.03249775,0 -113.9180685,34.03230837,0 -113.91824206,34.032192,0 -113.91881283,34.03149005,0 -113.91917607,34.0311505,0 -113.91933604,34.03082039,0 -113.91955483,34.03051654,0 -113.91994116,34.03004715,0 -113.92044073,34.02957456,0 -113.92063332,34.02940309,0 -113.92084602,34.02928355,0 -113.92162282,34.02880508,0 -113.92258302,34.02829362,0 -113.92323323,34.02793494,0 -113.92356284,34.02764834,0 -113.92398077,34.02722977,0 -113.92496751,34.02616841,0 -113.925452,34.025753,0 -113.926033,34.025184,0 -113.926426,34.024779,0 -113.926677,34.024557,0 -113.926939,34.024354,0 -113.927393,34.02407,0 -113.927537,34.023963,0 -113.927682,34.023839,0 -113.92808,34.023447,0 -113.928199,34.023351,0 -113.928619,34.023059,0 -113.928794,34.02296,0 -113.930167,34.022315,0 -113.931156,34.021694,0 -113.931299,34.021626,0 -113.931962,34.021359,0 -113.932349,34.021083,0 -113.932951,34.020697,0 -113.933118,34.020606,0 -113.933344,34.020384,0 -113.933675,34.01981,0 -113.933732,34.019675,0 -113.933753,34.019537,0 -113.93375,34.019231,0 -113.933777,34.019051,0 -113.933825,34.018906,0 -113.933942,34.018718,0 -113.933986,34.018598,0 -113.934046,34.018476,0 -113.93413086,34.01831733,0 -113.934185,34.018231,0 -113.934341,34.017995,0 -113.934426,34.017886,0 -113.934592,34.017766,0 -113.934834,34.017641,0 -113.93493,34.017602,0 -113.935306,34.017504,0 -113.935489,34.017471,0 -113.935741,34.017446,0 -113.936876,34.017346,0 -113.937382,34.017317,0 -113.93759,34.01732,0 -113.937812,34.017337,0 -113.940347,34.017708,0 -113.940571,34.017746,0 -113.940774,34.017794,0 -113.940983,34.017819,0 -113.941672,34.017848,0 -113.941939,34.017833,0 -113.94203758,34.01780427,0 -113.942166,34.017758,0 -113.94275327,34.01713816,0 -113.94279269,34.01700138,0 -113.94273948,34.01668506,0 -113.942634,34.016377,0 -113.942562,34.016199,0 -113.942526,34.016037,0 -113.942521,34.015883,0 -113.942548,34.015743,0 -113.942602,34.015597,0 -113.942684,34.015438,0 -113.942988,34.014933,0 -113.943149,34.014646,0 -113.943334,34.01438,0 -113.943458,34.014264,0 -113.9436,34.014171,0 -113.94405876,34.01384939,0 -113.9442925,34.01373124,0 -113.9449112,34.01332516,0 -113.94603636,34.01261789,0 -113.94733942,34.01192755,0 -113.94878038,34.01117799,0 -113.95014074,34.01039699,0 -113.95113322,34.00977969,0 -113.95140325,34.00951964,0 -113.95186956,34.00910759,0 -113.95235409,34.00876921,0 -113.95282779,34.00848404,0 -113.953307,34.00825383,0 -113.95381348,34.00806752,0 -113.95411393,34.00791381,0 -113.95437238,34.0077094,0 -113.95477126,34.00742237,0 -113.95513751,34.00710029,0 -113.95543224,34.00678369,0 -113.95564309,34.0065982,0 -113.95655558,34.00620201,0 -113.95735265,34.00583275,0 -113.95802914,34.00551241,0 -113.95801931,34.00551922,0 -113.95800548,34.00552605,0 -113.9584328,34.00530979,0 -113.95891305,34.00517483,0 -113.9593969,34.0050943,0 -113.95965486,34.00506516,0 -113.9598751,34.00503652,0 -113.96012597,34.00499211,0 -113.96067465,34.00484663,0 -113.96139329,34.00460723,0 -113.962247,34.004229,0 -113.962426,34.004136,0 -113.96293,34.003838,0 -113.963096,34.003723,0 -113.963264,34.003622,0 -113.964948,34.002667,0 -113.965304,34.002477,0 -113.965409,34.002409,0 -113.965736,34.002226,0 -113.966867,34.001507,0 -113.967081,34.001355,0 -113.967386,34.001097,0 -113.968053,34.000377,0 -113.968185,34.000243,0 -113.968332,34.000113,0 -113.968645,33.99985,0 -113.969579,33.999104,0 -113.969852,33.998906,0 -113.969995,33.998819,0 -113.970281,33.998687,0 -113.970602,33.998574,0 -113.971032,33.998466,0 -113.971354,33.998403,0 -113.972075,33.998299,0 -113.972607,33.998195,0 -113.97304119,33.99809106,0 -113.97380884,33.99778865,0 -113.97424687,33.99758514,0 -113.97450844,33.99749962,0 -113.97466175,33.99742591,0 -113.97486155,33.99732999,0 -113.9752784,33.99713215,0 -113.97568621,33.99683821,0 -113.97586438,33.99671544,0 -113.97609167,33.99652884,0 -113.97667905,33.99610004,0 -113.97724824,33.99569248,0 -113.97790874,33.9950529,0 -113.97849991,33.99446698,0 -113.9790023,33.99395943,0 -113.97980216,33.99322632,0 -113.98066148,33.99239315,0 -113.98125717,33.99182619,0 -113.98153648,33.99156488,0 -113.98169343,33.99140337,0 -113.98187949,33.99122362,0 -113.98216916,33.99092701,0 -113.982766,33.990439,0 -113.982941,33.990322,0 -113.983126,33.990225,0 -113.983779,33.989982,0 -113.983931,33.989905,0 -113.984058,33.989817,0 -113.984173,33.989717,0 -113.984346,33.989475,0 -113.984621,33.988914,0 -113.984887,33.988476,0 -113.985245,33.988048,0 -113.985518,33.987751,0 -113.985798,33.987469,0 -113.986375,33.986989,0 -113.986486,33.986883,0 -113.986576,33.986778,0 -113.986748,33.986535,0 -113.986915,33.986251,0 -113.987157,33.985872,0 -113.987868,33.984677,0 -113.987939,33.984507,0 -113.988114,33.983951,0 -113.988311,33.983381,0 -113.988334,33.983212,0 -113.988278,33.982086,0 -113.988302,33.981904,0 -113.988339,33.981723,0 -113.988354,33.981539,0 -113.988352,33.98126,0 -113.988394,33.980973,0 -113.988437,33.980824,0 -113.988493,33.980677,0 -113.988574,33.980526,0 -113.989072,33.979699,0 -113.98917,33.979524,0 -113.989345,33.979161,0 -113.989433,33.979014,0 -113.989532,33.978882,0 -113.989646,33.978758,0 -113.989784,33.978655,0 -113.990293,33.978371,0 -113.990681,33.978141,0 -113.991486,33.977606,0 -113.992395,33.977069,0 -113.992605,33.976916,0 -113.992805,33.976754,0 -113.992994,33.97658,0 -113.993341,33.976211,0 -113.993502,33.976055,0 -113.993663,33.975922,0 -113.994023,33.97569,0 -113.994426,33.975491,0 -113.994582,33.975392,0 -113.994684,33.97529,0 -113.994739,33.975206,0 -113.99487,33.974707,0 -113.994927,33.974547,0 -113.994996,33.974395,0 -113.99507,33.974261,0 -113.995276,33.974001,0 -113.995602,33.97355,0 -113.995708,33.973445,0 -113.995839,33.973363,0 -113.996006,33.97328,0 -113.996175,33.973182,0 -113.996263,33.97309,0 -113.996331,33.972983,0 -113.996426,33.972866,0 -113.99655,33.972758,0 -113.996857,33.972603,0 -113.997166,33.972369,0 -113.997438,33.972062,0 -113.997592,33.971919,0 -113.997952,33.971684,0 -113.998125,33.971552,0 -113.998255,33.971416,0 -113.998373,33.971264,0 -113.998608,33.97092,0 -113.998787,33.970583,0 -113.998819,33.970456,0 -113.998813,33.970316,0 -113.998854,33.969781,0 -113.998842,33.9696,0 -113.998763,33.969241,0 -113.998702,33.969146,0 -113.998515,33.96893,0 -113.998416,33.968798,0 -113.998245,33.968548,0 -113.998124,33.968345,0 -113.997963,33.968036,0 -113.997796,33.967642,0 -113.997773,33.967579,0 -113.997719,33.967328,0 -113.997619,33.966456,0 -113.99762193,33.96642514,0 -113.99761243,33.96622211,0 -113.997616,33.966148,0 -113.997647,33.96551,0 -113.99763345,33.96518552,0 -113.9976365,33.96488845,0 -113.99754774,33.96469226,0 -113.99742773,33.96461251,0 -113.99723138,33.96454425,0 -113.99706416,33.96452316,0 -113.99690848,33.96452561,0 -113.99665525,33.96456119,0 -113.99650044,33.96460513,0 -113.99639097,33.96463072,0 -113.996212,33.964661,0 -113.996082,33.964709,0 -113.994984,33.964993,0 -113.994829,33.965044,0 -113.99463893,33.96509723,0 -113.994108,33.965418,0 -113.993987,33.965488,0 -113.993842,33.965554,0 -113.993669,33.965585,0 -113.993021,33.965606,0 -113.992775,33.96564,0 -113.992008,33.96579,0 -113.991736,33.965816,0 -113.990926,33.965821,0 -113.990684,33.965839,0 -113.990206,33.96585,0 -113.989964,33.965877,0 -113.989481,33.96598,0 -113.988832,33.966147,0 -113.988603,33.966192,0 -113.988356,33.966221,0 -113.988099,33.966225,0 -113.987836,33.96621,0 -113.987568,33.966178,0 -113.986706,33.966133,0 -113.986404,33.966135,0 -113.985791,33.966104,0 -113.985477,33.966116,0 -113.984838,33.966177,0 -113.984518,33.966227,0 -113.983867,33.966304,0 -113.983542,33.966359,0 -113.983217,33.966427,0 -113.982571,33.966583,0 -113.98194,33.966783,0 -113.981326,33.967023,0 -113.980426,33.967411,0 -113.97932,33.967906,0 -113.978889,33.96811,0 -113.978592,33.968274,0 -113.978441,33.968378,0 -113.978282,33.968502,0 -113.978129,33.968656,0 -113.977551,33.969121,0 -113.977154,33.969425,0 -113.976962,33.969547,0 -113.976764,33.969653,0 -113.976553,33.969742,0 -113.976326,33.969813,0 -113.976086,33.969873,0 -113.975572,33.969963,0 -113.975035,33.970025,0 -113.974759,33.970044,0 -113.97421,33.970059,0 -113.973735,33.970099,0 -113.973498,33.970142,0 -113.973262,33.970232,0 -113.973048,33.970362,0 -113.972269,33.970985,0 -113.972082,33.971116,0 -113.971612,33.97128,0 -113.971374,33.971342,0 -113.971137,33.971385,0 -113.970899,33.971424,0 -113.970354,33.971437,0 -113.970091,33.971473,0 -113.969836,33.971541,0 -113.968825,33.971911,0 -113.968031,33.972147,0 -113.967802,33.972248,0 -113.967581,33.972368,0 -113.967371,33.972514,0 -113.966764,33.972997,0 -113.966553,33.973142,0 -113.96634,33.973267,0 -113.966105,33.973362,0 -113.965856,33.97343,0 -113.9656,33.973477,0 -113.965338,33.973499,0 -113.964792,33.973489,0 -113.96452,33.973473,0 -113.964252,33.973439,0 -113.963722,33.973328,0 -113.963456,33.973293,0 -113.963188,33.973285,0 -113.962921,33.973307,0 -113.962661,33.973364,0 -113.962414,33.97345,0 -113.962177,33.973553,0 -113.961223,33.974012,0 -113.960467,33.97434,0 -113.959944,33.974534,0 -113.959407,33.974701,0 -113.958858,33.974838,0 -113.958086,33.974984,0 -113.957044,33.975254,0 -113.956575,33.975365,0 -113.956139,33.975446,0 -113.955724,33.97551,0 -113.95551,33.975524,0 -113.955291,33.975557,0 -113.955067,33.975596,0 -113.954828,33.975651,0 -113.954345,33.975802,0 -113.954102,33.975898,0 -113.953585,33.976045,0 -113.953333,33.976139,0 -113.95309,33.976262,0 -113.952863,33.976406,0 -113.952205,33.976888,0 -113.950584,33.978023,0 -113.949841,33.978461,0 -113.948882,33.979092,0 -113.948162,33.979547,0 -113.947227,33.980062,0 -113.947033,33.980158,0 -113.946821,33.98024,0 -113.946588,33.980285,0 -113.94633,33.980317,0 -113.945788,33.980351,0 -113.945514,33.98039,0 -113.945233,33.980411,0 -113.944955,33.980461,0 -113.943798,33.980742,0 -113.943211,33.98091,0 -113.942635,33.981121,0 -113.941555,33.981582,0 -113.941299,33.981672,0 -113.941043,33.981782,0 -113.940788,33.981911,0 -113.940547,33.982062,0 -113.940153,33.982387,0 -113.939995,33.982506,0 -113.939845,33.982596,0 -113.939672,33.982681,0 -113.939468,33.982761,0 -113.938724,33.982969,0 -113.938488,33.983128,0 -113.937405,33.983591,0 -113.935975,33.984123,0 -113.935416,33.984308,0 -113.934894,33.984413,0 -113.934654,33.984438,0 -113.934425,33.984447,0 -113.933985,33.984427,0 -113.933233,33.984368,0 -113.932695,33.984298,0 -113.932143,33.984263,0 -113.931594,33.984245,0 -113.931331,33.984227,0 -113.931062,33.984182,0 -113.930794,33.984113,0 -113.930278,33.983954,0 -113.930029,33.983908,0 -113.929765,33.983888,0 -113.929488,33.983894,0 -113.92867394,33.98394132,0 -113.927929,33.984013,0 -113.92749,33.984008,0 -113.9272365,33.98400698,0 -113.92661333,33.98400575,0 -113.92613426,33.98401652,0 -113.92566648,33.98404839,0 -113.92515698,33.98410303,0 -113.925023,33.984113,0 -113.92480051,33.98413115,0 -113.924426,33.984163,0 -113.924184,33.984215,0 -113.923413,33.984478,0 -113.922941,33.984655,0 -113.922726,33.984721,0 -113.922508,33.984763,0 -113.922281,33.984785,0 -113.922039,33.984791,0 -113.921781,33.984783,0 -113.920378,33.984639,0 -113.918902,33.984525,0 -113.91863,33.984515,0 -113.918351,33.984525,0 -113.918073,33.98455,0 -113.917792,33.9846,0 -113.917511,33.984675,0 -113.916953,33.984855,0 -113.916669,33.984937,0 -113.916376,33.985007,0 -113.915151,33.985222,0 -113.914846,33.985295,0 -113.91455,33.985392,0 -113.913415,33.985856,0 -113.911643,33.98652,0 -113.911369,33.986664,0 -113.91086,33.986975,0 -113.910612,33.987102,0 -113.909536,33.987558,0 -113.908736,33.987955,0 -113.908229,33.988185,0 -113.907979,33.988281,0 -113.90749,33.988447,0 -113.907284,33.98854,0 -113.907088,33.98866,0 -113.906926,33.988807,0 -113.906695,33.989115,0 -113.906695,33.989514,0 -113.906665,33.989685,0 -113.906587,33.989789,0 -113.906477,33.989879,0 -113.906326,33.989947,0 -113.905946,33.990026,0 -113.905728,33.990059,0 -113.903234,33.990346,0 -113.902943,33.99041,0 -113.902076,33.990659,0 -113.901789,33.990731,0 -113.901022,33.990874,0 -113.900792,33.990946,0 -113.900371,33.991133,0 -113.900189,33.991263,0 -113.899985,33.991379,0 -113.899753,33.99147,0 -113.899502,33.991548,0 -113.899238,33.991606,0 -113.898699,33.991677,0 -113.89842,33.991691,0 -113.896041,33.991878,0 -113.895121,33.99194,0 -113.894506,33.991998,0 -113.894199,33.992039,0 -113.892969,33.992242,0 -113.892051,33.992373,0 -113.891767,33.992425,0 -113.891488,33.99249,0 -113.890079,33.992891,0 -113.889824,33.992973,0 -113.889346,33.993182,0 -113.888973,33.993441,0 -113.888815,33.993521,0 -113.888672,33.993561,0 -113.887925,33.993525,0 -113.886976,33.993559,0 -113.886716,33.993574,0 -113.886444,33.993605,0 -113.886169,33.993663,0 -113.885896,33.993737,0 -113.885112,33.993993,0 -113.884848,33.994068,0 -113.884306,33.994202,0 -113.883454,33.994376,0 -113.883176,33.994451,0 -113.882374,33.994722,0 -113.881499,33.995117,0 -113.881213,33.995228,0 -113.881057,33.995254,0 -113.880742,33.99522,0 -113.880578,33.995216,0 -113.880413,33.995186,0 -113.88023,33.995173,0 -113.880029,33.995174,0 -113.879806,33.995194,0 -113.879051,33.995317,0 -113.878774,33.995339,0 -113.878212,33.995416,0 -113.877945,33.995483,0 -113.877675,33.995571,0 -113.876913,33.995902,0 -113.876702,33.996012,0 -113.876352,33.996217,0 -113.876164,33.996283,0 -113.875713,33.996392,0 -113.875206,33.996469,0 -113.87495,33.996469,0 -113.874417,33.996423,0 -113.874165,33.99644,0 -113.873911,33.996481,0 -113.873107,33.996685,0 -113.872525,33.996788,0 -113.872234,33.996864,0 -113.871942,33.996955,0 -113.870649,33.997403,0 -113.870385,33.997448,0 -113.870136,33.997532,0 -113.869558,33.99782,0 -113.86865,33.998235,0 -113.868406,33.998356,0 -113.868173,33.998485,0 -113.867966,33.99862,0 -113.867597,33.998905,0 -113.867389,33.999043,0 -113.866939,33.999315,0 -113.866474,33.999564,0 -113.866242,33.999649,0 -113.865758,33.999774,0 -113.865513,33.999873,0 -113.865082,34.000139,0 -113.864898,34.000234,0 -113.864668,34.000258,0 -113.864439,34.000267,0 -113.864208,34.00024,0 -113.863721,34.00016,0 -113.863466,34.000092,0 -113.862938,33.999903,0 -113.862358,33.99971,0 -113.861506,33.999458,0 -113.861184,33.999435,0 -113.860897,33.999334,0 -113.860326,33.999111,0 -113.859269,33.998651,0 -113.859002,33.99856,0 -113.858725,33.998485,0 -113.858446,33.998428,0 -113.858154,33.998387,0 -113.85721,33.998314,0 -113.856652,33.998252,0 -113.856439,33.998203,0 -113.856213,33.99813,0 -113.855769,33.99793,0 -113.855527,33.997844,0 -113.855299,33.997777,0 -113.854593,33.997604,0 -113.854052,33.997489,0 -113.853778,33.997441,0 -113.853532,33.997416,0 -113.853304,33.997411,0 -113.853049,33.997426,0 -113.851952,33.997542,0 -113.851674,33.99759,0 -113.851333,33.997689,0 -113.851093,33.99775,0 -113.850852,33.997856,0 -113.850696,33.997904,0 -113.850291,33.998153,0 -113.850174,33.998208,0 -113.84996,33.998278,0 -113.849465,33.998358,0 -113.847994,33.998547,0 -113.847508,33.998573,0 -113.847266,33.998567,0 -113.847072,33.998545,0 -113.846769,33.998477,0 -113.846619,33.998399,0 -113.8465,33.998304,0 -113.846326,33.998044,0 -113.845987,33.997357,0 -113.845825,33.996921,0 -113.845706,33.996568,0 -113.845622,33.996382,0 -113.845476,33.996141,0 -113.845177,33.995773,0 -113.844895,33.995591,0 -113.84471,33.995484,0 -113.844313,33.995275,0 -113.843951,33.995027,0 -113.843775,33.994876,0 -113.843579,33.994727,0 -113.843363,33.994591,0 -113.843132,33.994464,0 -113.841511,33.993707,0 -113.840156,33.993004,0 -113.839126,33.992425,0 -113.838883,33.992263,0 -113.838626,33.992116,0 -113.838356,33.991983,0 -113.837591,33.991536,0 -113.837106,33.991214,0 -113.836209,33.990597,0 -113.835991,33.990482,0 -113.835506,33.990279,0 -113.83527,33.990166,0 -113.835059,33.990046,0 -113.834862,33.989914,0 -113.834688,33.989759,0 -113.834498,33.989614,0 -113.833955,33.989127,0 -113.833561,33.988806,0 -113.833377,33.988627,0 -113.832978,33.988292,0 -113.832748,33.988166,0 -113.832139,33.98774,0 -113.831732,33.987437,0 -113.831557,33.987286,0 -113.831427,33.987156,0 -113.831336,33.987049,0 -113.83093,33.986502,0 -113.830833,33.986421,0 -113.830556,33.986292,0 -113.830397,33.986231,0 -113.830225,33.986187,0 -113.830043,33.986185,0 -113.829643,33.986211,0 -113.829417,33.98621,0 -113.827854,33.986143,0 -113.826781,33.986114,0 -113.825873,33.986114,0 -113.823594,33.986091,0 -113.821237,33.986101,0 -113.820055,33.98608,0 -113.819462,33.986106,0 -113.819164,33.986109,0 -113.817831,33.986083,0 -113.817488,33.986093,0 -113.817284,33.986109,0 -113.816556,33.986221,0 -113.81641,33.986228,0 -113.816271,33.986213,0 -113.815977,33.98615,0 -113.815614,33.986092,0 -113.814991,33.986079,0 -113.814761,33.986081,0 -113.81404,33.986126,0 -113.813537,33.986127,0 -113.812264,33.986099,0 -113.81134,33.986114,0 -113.810001,33.986086,0 -113.809667,33.986104,0 -113.808831,33.986087,0 -113.8086,33.986095,0 -113.80793,33.986211,0 -113.807704,33.986227,0 -113.807231,33.986215,0 -113.806447,33.986214,0 -113.805612,33.986228,0 -113.804144,33.986202,0 -113.802601,33.986203,0 -113.801048,33.986224,0 -113.800494,33.986209,0 -113.799358,33.986212,0 -113.79762,33.986192,0 -113.796809,33.986166,0 -113.79601,33.986109,0 -113.795772,33.986106,0 -113.795569,33.986115,0 -113.795377,33.986143,0 -113.795179,33.986189,0 -113.794764,33.986322,0 -113.794578,33.986369,0 -113.794414,33.986392,0 -113.794263,33.986385,0 -113.794115,33.986331,0 -113.793859,33.986129,0 -113.793716,33.986046,0 -113.793552,33.985992,0 -113.792617,33.985841,0 -113.792413,33.985787,0 -113.792199,33.985712,0 -113.791543,33.985401,0 -113.790638,33.984941,0 -113.78929,33.984231,0 -113.788322,33.983737,0 -113.787941,33.983567,0 -113.787896,33.983542,0 -113.787775,33.983438,0 -113.787701,33.983279,0 -113.787689,33.983177,0 -113.787706,33.983062,0 -113.787776,33.982773,0 -113.787844,33.982334,0 -113.787865,33.98225,0 -113.787923,33.982185,0 -113.788015,33.982152,0 -113.788586,33.982097,0 -113.789122,33.982022,0 -113.789255,33.981984,0 -113.789376,33.981927,0 -113.789452,33.981854,0 -113.789519,33.981766,0 -113.789938,33.981319,0 -113.79024,33.981117,0 -113.790765,33.98079,0 -113.790893,33.980728,0 -113.791019,33.980689,0 -113.791143,33.980687,0 -113.791627,33.980778,0 -113.791787,33.98079,0 -113.791924,33.980774,0 -113.79204,33.980748,0 -113.792795,33.980521,0 -113.793765,33.980247,0 -113.794071,33.98006,0 -113.794207,33.980001,0 -113.794337,33.979974,0 -113.795231,33.979948,0 -113.795391,33.979913,0 -113.79556,33.979858,0 -113.796117,33.979664,0 -113.796312,33.979582,0 -113.796749,33.979447,0 -113.796955,33.979397,0 -113.797373,33.979331,0 -113.797512,33.979295,0 -113.797652,33.979233,0 -113.797794,33.979152,0 -113.798096,33.978952,0 -113.798468,33.978745,0 -113.79886,33.978505,0 -113.79973,33.97784,0 -113.800051,33.97763,0 -113.800534,33.977432,0 -113.800688,33.977355,0 -113.800827,33.97725,0 -113.801157,33.977048,0 -113.801325,33.976931,0 -113.801644,33.976685,0 -113.801777,33.976557,0 -113.802007,33.976283,0 -113.802438,33.975837,0 -113.802741,33.975499,0 -113.80299,33.975135,0 -113.803127,33.974957,0 -113.803289,33.974793,0 -113.803648,33.974474,0 -113.803801,33.9743,0 -113.803944,33.974126,0 -113.804426,33.97336,0 -113.80469,33.972995,0 -113.804835,33.972831,0 -113.805142,33.972541,0 -113.80531,33.97242,0 -113.806094,33.971952,0 -113.806442,33.971729,0 -113.80678,33.971495,0 -113.807191,33.971165,0 -113.807408,33.971011,0 -113.807768,33.970792,0 -113.80851,33.970433,0 -113.808808,33.970265,0 -113.809498,33.969795,0 -113.809663,33.969663,0 -113.80996,33.969381,0 -113.810076,33.969233,0 -113.81042,33.968716,0 -113.810543,33.968556,0 -113.810679,33.968422,0 -113.810819,33.968307,0 -113.810982,33.96821,0 -113.811133,33.968099,0 -113.811241,33.967989,0 -113.811521,33.96757,0 -113.811645,33.967419,0 -113.811913,33.967146,0 -113.812045,33.967051,0 -113.812368,33.966865,0 -113.812718,33.966643,0 -113.813226,33.966261,0 -113.813743,33.965957,0 -113.813875,33.965846,0 -113.814093,33.965582,0 -113.814231,33.965452,0 -113.814555,33.965185,0 -113.814865,33.964891,0 -113.815128,33.964565,0 -113.815257,33.964432,0 -113.815388,33.964314,0 -113.81554,33.964212,0 -113.816024,33.963959,0 -113.816196,33.963891,0 -113.816371,33.963841,0 -113.816528,33.963781,0 -113.816674,33.9637,0 -113.816813,33.963605,0 -113.817073,33.963382,0 -113.817186,33.963263,0 -113.817376,33.962984,0 -113.817619,33.962669,0 -113.817979,33.962128,0 -113.818239,33.9618,0 -113.818364,33.961683,0 -113.81883,33.961327,0 -113.818951,33.961215,0 -113.819047,33.961094,0 -113.819125,33.960955,0 -113.819194,33.960805,0 -113.819287,33.96065,0 -113.819398,33.960501,0 -113.819598,33.960314,0 -113.819619,33.960214,0 -113.819618,33.960168,0 -113.819596,33.96013,0 -113.819558,33.960099,0 -113.81906,33.959536,0 -113.818907,33.95934,0 -113.818726,33.959044,0 -113.818512,33.958641,0 -113.818345,33.958388,0 -113.818271,33.958301,0 -113.81817757,33.95820185,0 -113.81800184,33.95810788,0 -113.81785549,33.95806111,0 -113.8176795,33.95806439,0 -113.81740032,33.95815628,0 -113.816457,33.958555,0 -113.814809,33.95921,0 -113.814483,33.959314,0 -113.813621,33.959617,0 -113.812644,33.959995,0 -113.80943612,33.96117624,0 -113.809277,33.961213,0 -113.807822,33.961741,0 -113.807408,33.961923,0 -113.807207,33.962022,0 -113.807019,33.962131,0 -113.806847,33.962245,0 -113.806575,33.962488,0 -113.806363,33.962744,0 -113.806011,33.963114,0 -113.805898,33.96322,0 -113.805588,33.963395,0 -113.805518,33.963486,0 -113.805473,33.963597,0 -113.805454,33.963712,0 -113.805484,33.963884,0 -113.805505,33.964184,0 -113.805499,33.964439,0 -113.805473,33.964574,0 -113.805433,33.964704,0 -113.80537,33.964835,0 -113.805268,33.965108,0 -113.805188,33.965408,0 -113.805066,33.966037,0 -113.804981,33.966368,0 -113.804873,33.967053,0 -113.804652,33.967982,0 -113.804609,33.968112,0 -113.804569,33.968395,0 -113.804514,33.96868,0 -113.804464,33.969104,0 -113.804431,33.969243,0 -113.804361,33.969684,0 -113.804263,33.970148,0 -113.804214,33.970305,0 -113.803921,33.970941,0 -113.803835,33.971096,0 -113.803658,33.971366,0 -113.803563,33.971491,0 -113.80335,33.971691,0 -113.803236,33.97175,0 -113.802965,33.971812,0 -113.801643,33.972215,0 -113.801303,33.972336,0 -113.801198,33.972404,0 -113.801128,33.97249,0 -113.80112,33.972589,0 -113.801156,33.972801,0 -113.801304,33.973165,0 -113.801385,33.973411,0 -113.801379,33.973524,0 -113.801213,33.973866,0 -113.801107,33.97423,0 -113.801083,33.974357,0 -113.80105,33.97461,0 -113.801046,33.974733,0 -113.801069,33.974986,0 -113.801054,33.97523,0 -113.801021,33.975358,0 -113.800857,33.975734,0 -113.800824,33.975817,0 -113.800813,33.975872,0 -113.800703,33.9761,0 -113.800276,33.976737,0 -113.800134,33.976895,0 -113.799974,33.97704,0 -113.799801,33.977148,0 -113.799613,33.977249,0 -113.799187,33.977442,0 -113.798988,33.977544,0 -113.79884,33.977656,0 -113.798706,33.9778,0 -113.798544,33.977937,0 -113.798098,33.978291,0 -113.798008,33.978349,0 -113.797772,33.978379,0 -113.797565,33.978448,0 -113.797349,33.978593,0 -113.797249,33.978641,0 -113.797163,33.978675,0 -113.796988,33.97871,0 -113.796909,33.978736,0 -113.796453,33.979005,0 -113.796318,33.979045,0 -113.79597,33.979103,0 -113.795392,33.979241,0 -113.794933,33.97933,0 -113.794315,33.979502,0 -113.793576,33.979624,0 -113.793169,33.979635,0 -113.792988,33.979658,0 -113.792465,33.97976,0 -113.79231,33.979823,0 -113.791713,33.980032,0 -113.791327,33.980137,0 -113.79111,33.980183,0 -113.790642,33.980255,0 -113.790428,33.980308,0 -113.789984,33.980487,0 -113.789269,33.980754,0 -113.789097,33.98081,0 -113.788935,33.980849,0 -113.788762,33.980875,0 -113.788578,33.98089,0 -113.788387,33.980879,0 -113.788179,33.980884,0 -113.787791,33.980911,0 -113.787241,33.980927,0 -113.786872,33.980961,0 -113.786733,33.980937,0 -113.786588,33.980884,0 -113.786123,33.980667,0 -113.785659,33.98035,0 -113.785548,33.980285,0 -113.785422,33.980255,0 -113.78526,33.980264,0 -113.784906,33.980322,0 -113.784476,33.980412,0 -113.784239,33.980444,0 -113.78347,33.980474,0 -113.783131,33.980454,0 -113.782748,33.980506,0 -113.782544,33.980577,0 -113.782118,33.980782,0 -113.781113,33.981161,0 -113.780862,33.981274,0 -113.780654,33.98138,0 -113.780505,33.981482,0 -113.780389,33.981588,0 -113.780223,33.981841,0 -113.780158,33.98199,0 -113.780101,33.982277,0 -113.78005,33.982419,0 -113.779994,33.982528,0 -113.779932,33.982623,0 -113.77984,33.982685,0 -113.779719,33.982711,0 -113.779595,33.982717,0 -113.779454,33.982767,0 -113.778921,33.983013,0 -113.778246,33.983304,0 -113.778048,33.983413,0 -113.777902,33.983546,0 -113.777508,33.983804,0 -113.776373,33.984404,0 -113.775661,33.984819,0 -113.775408,33.984954,0 -113.774613,33.98532,0 -113.773691,33.985831,0 -113.773445,33.985949,0 -113.772324,33.986456,0 -113.772167,33.986494,0 -113.771792,33.986537,0 -113.770883,33.986599,0 -113.769484,33.986638,0 -113.767324,33.986663,0 -113.763766,33.986608,0 -113.76277,33.986601,0 -113.760162,33.98662,0 -113.758418,33.986564,0 -113.75755,33.986559,0 -113.756969,33.986566,0 -113.755801,33.986544,0 -113.754788,33.986501,0 -113.754277,33.98649,0 -113.75402,33.986507,0 -113.753762,33.986538,0 -113.753268,33.986629,0 -113.753042,33.986652,0 -113.752826,33.986641,0 -113.752362,33.986557,0 -113.751582,33.98649,0 -113.751319,33.98648,0 -113.750777,33.98648,0 -113.748556,33.986569,0 -113.744775,33.986616,0 -113.742105,33.986612,0 -113.738246,33.98658,0 -113.732944,33.986502,0 -113.732883,33.986502,0 -113.73197,33.986467,0 -113.730144,33.986491,0 -113.729042,33.98648,0 -113.726996,33.986552,0 -113.723385,33.986597,0 -113.722177,33.986624,0 -113.721876,33.986622,0 -113.72037,33.98666,0 -113.718555,33.98666,0 -113.717042,33.986679,0 -113.713098,33.986645,0 -113.710992,33.986644,0 -113.709508,33.986617,0 -113.708618,33.986625,0 -113.708321,33.986619,0 -113.70597,33.986657,0 -113.704502,33.986665,0 -113.703618,33.986684,0 -113.703026,33.986682,0 -113.699771,33.986722,0 -113.699178,33.98672,0 -113.69741,33.986679,0 -113.694795,33.986696,0 -113.692168,33.986683,0 -113.689265,33.986641,0 -113.686928,33.986591,0 -113.686054,33.986603,0 -113.685187,33.986594,0 -113.684321,33.986607,0 -113.683457,33.986634,0 -113.682301,33.986644,0 -113.677748,33.986632,0 -113.675407,33.986682,0 -113.674817,33.986683,0 -113.671263,33.986645,0 -113.6689,33.986674,0 -113.666818,33.986717,0 -113.664118,33.986737,0 -113.662639,33.986764,0 -113.661753,33.986765,0 -113.660872,33.986782,0 -113.660287,33.986782,0 -113.659995,33.986772,0 -113.658828,33.98679,0 -113.657355,33.986798,0 -113.655885,33.986788,0 -113.65382,33.986752,0 -113.653233,33.986762,0 -113.651147,33.986741,0 -113.649647,33.986759,0 -113.649047,33.986746,0 -113.647119,33.986645,0 -113.645779,33.986609,0 -113.644761,33.986556,0 -113.643667,33.986475,0 -113.642621,33.986349,0 -113.642132,33.986318,0 -113.641842,33.986323,0 -113.640993,33.986389,0 -113.640047,33.986322,0 -113.639708,33.986314,0 -113.639388,33.98633,0 -113.638704,33.986393,0 -113.638288,33.986415,0 -113.637768,33.986397,0 -113.636377,33.986271,0 -113.636223,33.986266,0 -113.635938,33.98628,0 -113.635632,33.986311,0 -113.63554,33.986331,0 -113.63544676,33.98632193,0 -113.635285,33.986272,0 -113.635045,33.986195,0 -113.634109,33.985848,0 -113.633877,33.985748,0 -113.633626,33.985661,0 -113.633363,33.985583,0 -113.633084,33.985522,0 -113.632534,33.985342,0 -113.630464,33.98464,0 -113.629528,33.984332,0 -113.627979,33.983795,0 -113.626742,33.983388,0 -113.626441,33.98327,0 -113.625587,33.982979,0 -113.625313,33.982904,0 -113.625047,33.982807,0 -113.623665,33.982353,0 -113.62146,33.981591,0 -113.621186,33.981481,0 -113.620614,33.981313,0 -113.617341,33.980225,0 -113.616537,33.979935,0 -113.615731,33.979673,0 -113.614362,33.979196,0 -113.612716,33.978647,0 -113.61163,33.978259,0 -113.60991,33.977708,0 -113.609477,33.977544,0 -113.608565,33.977247,0 -113.606721,33.9766,0 -113.606266,33.976463,0 -113.605118,33.976077,0 -113.604408,33.975818,0 -113.603756,33.975597,0 -113.603573,33.975552,0 -113.603389,33.975531,0 -113.602819,33.975507,0 -113.602635,33.975477,0 -113.602332,33.975389,0 -113.601662,33.97513,0 -113.601347,33.97503,0 -113.600268,33.974749,0 -113.599623,33.974514,0 -113.599562,33.974509,0 -113.599509,33.974529,0 -113.599226,33.974785,0 -113.599146,33.974833,0 -113.599064,33.974898,0 -113.598933,33.975041,0 -113.598723,33.975245,0 -113.598131,33.975776,0 -113.59802,33.975872,0 -113.597895,33.975963,0 -113.597543,33.976304,0 -113.597242,33.976612,0 -113.596391,33.977374,0 -113.59629,33.977494,0 -113.596264,33.97755,0 -113.596252,33.97762,0 -113.596267,33.977692,0 -113.596321,33.977753,0 -113.596479,33.977867,0 -113.596667,33.977963,0 -113.597324,33.978227,0 -113.597891,33.978489,0 -113.598505,33.978729,0 -113.599169,33.979026,0 -113.600196,33.979442,0 -113.600727,33.979677,0 -113.601434,33.980029,0 -113.601648,33.980113,0 -113.602234,33.980312,0 -113.602375,33.980377,0 -113.602534,33.980435,0 -113.602867,33.980581,0 -113.604039,33.981056,0 -113.605579,33.981733,0 -113.606613,33.982285,0 -113.607158,33.982557,0 -113.608904,33.983301,0 -113.609885,33.98378,0 -113.612035,33.984895,0 -113.612535,33.985143,0 -113.613194,33.985441,0 -113.614173,33.985957,0 -113.614666,33.986181,0 -113.616472,33.987046,0 -113.617767,33.987642,0 -113.618734,33.988104,0 -113.620195,33.988758,0 -113.62065689,33.9889987,0 -113.62110097,33.98922388,0 -113.621318,33.989311,0 -113.62174,33.989518,0 -113.622685,33.989951,0 -113.623924,33.990495,0 -113.625599,33.991254,0 -113.625807,33.991361,0 -113.629133,33.992898,0 -113.630044,33.993298,0 -113.630608,33.993587,0 -113.632119,33.994236,0 -113.632607,33.994479,0 -113.633075,33.994696,0 -113.633622,33.994921,0 -113.633776,33.995008,0 -113.63423,33.995316,0 -113.634402,33.99541,0 -113.635423,33.995834,0 -113.635842,33.996022,0 -113.636438,33.996258,0 -113.636868,33.996445,0 -113.637316,33.996659,0 -113.637993,33.997017,0 -113.638697,33.997365,0 -113.638941,33.997473,0 -113.639451,33.997678,0 -113.640247,33.997972,0 -113.641041,33.998317,0 -113.641852,33.998652,0 -113.643185,33.999253,0 -113.643977,33.999627,0 -113.645304,34.000228,0 -113.646396,34.000685,0 -113.648021,34.001393,0 -113.649365,34.002013,0 -113.650185,34.002376,0 -113.651537,34.002952,0 -113.652061,34.003189,0 -113.652594,34.003406,0 -113.654185,34.00408,0 -113.655801,34.00474,0 -113.656065,34.004858,0 -113.657399,34.005386,0 -113.658202,34.005721,0 -113.659831,34.006365,0 -113.662851,34.007622,0 -113.66389,34.008023,0 -113.6639859111414,34.00806832134464,0 -113.664662,34.008353,0 -113.664964,34.008469,0 -113.665108,34.008493,0 -113.665248,34.008465,0 -113.665566,34.008444,0 -113.666179,34.008426,0 -113.666666,34.008397,0 -113.667145,34.008414,0 -113.667389,34.008437,0 -113.667895,34.008451,0 -113.669476,34.008436,0 -113.671206,34.008458,0 -113.671953,34.008433,0 -113.672148,34.008436,0 -113.673367,34.008408,0 -113.674833,34.008408,0 -113.675138,34.008418,0 -113.675992,34.008399,0 -113.677624,34.008393,0 -113.678515,34.008406,0 -113.679099,34.008379,0 -113.679429,34.008434,0 -113.679529,34.008474,0 -113.679625,34.008537,0 -113.6797,34.008621,0 -113.679762,34.008729,0 -113.679805,34.008848,0 -113.679816,34.00898,0 -113.679811,34.009122,0 -113.679772,34.009456,0 -113.679781,34.00982,0 -113.679768,34.010011,0 -113.679764,34.010925,0 -113.679778,34.011199,0 -113.679767,34.012754,0 -113.679779,34.013203,0 -113.679764,34.01442,0 -113.679777,34.018883,0 -113.67976,34.021183,0 -113.679779,34.022687,0 -113.679773,34.026835,0 -113.679798,34.027937,0 -113.679781,34.028104,0 -113.679777,34.028286,0 -113.679778,34.029948,0 -113.679761,34.030387,0 -113.679719,34.030824,0 -113.679516,34.031966,0 -113.679496,34.032199,0 -113.679504,34.032667,0 -113.679475,34.033384,0 -113.679484,34.034105,0 -113.679423,34.034822,0 -113.679425,34.035058,0 -113.679475,34.035761,0 -113.679465,34.036227,0 -113.679439,34.03646,0 -113.679352,34.036921,0 -113.679281,34.037388,0 -113.679254,34.037621,0 -113.679224,34.038085,0 -113.679232,34.038315,0 -113.67937,34.038983,0 -113.679396,34.039185,0 -113.679395,34.039375,0 -113.679277,34.040183,0 -113.679223,34.040827,0 -113.679161,34.041233,0 -113.679022,34.04162,0 -113.678961,34.041819,0 -113.678867,34.042243,0 -113.678835,34.042457,0 -113.67883,34.042672,0 -113.678845,34.042886,0 -113.678957,34.043547,0 -113.678971,34.043776,0 -113.678987,34.044699,0 -113.678978,34.044932,0 -113.678897,34.045639,0 -113.678866,34.046083,0 -113.678837,34.046286,0 -113.678798,34.046493,0 -113.678743,34.046702,0 -113.678668,34.046911,0 -113.678495,34.047326,0 -113.678398,34.047533,0 -113.678178,34.047938,0 -113.67806,34.048137,0 -113.677805,34.048515,0 -113.677712,34.048699,0 -113.677648,34.048889,0 -113.677526,34.049523,0 -113.677477,34.049742,0 -113.677359,34.050181,0 -113.677311,34.050404,0 -113.677283,34.050628,0 -113.677284,34.051085,0 -113.6773,34.051315,0 -113.677353,34.051782,0 -113.677423,34.052251,0 -113.677442,34.05249,0 -113.677446,34.052731,0 -113.677437,34.052971,0 -113.677359,34.054195,0 -113.677273,34.055158,0 -113.67723,34.055374,0 -113.677094,34.055792,0 -113.677056,34.056006,0 -113.677063,34.056223,0 -113.67716,34.056896,0 -113.677179,34.057113,0 -113.67717,34.057319,0 -113.67711,34.057735,0 -113.677091,34.057947,0 -113.677073,34.058569,0 -113.677054,34.058753,0 -113.676911,34.059306,0 -113.676866,34.05964,0 -113.676861,34.059827,0 -113.676865,34.059943,0 -113.676924,34.060429,0 -113.676943,34.060743,0 -113.676977,34.060956,0 -113.677004,34.061039,0 -113.677043,34.061101,0 -113.677111,34.061175,0 -113.677207,34.061249,0 -113.677322,34.061315,0 -113.677448,34.061368,0 -113.677589,34.061379,0 -113.677667,34.061364,0 -113.677737,34.06137,0 -113.678066,34.061448,0 -113.678659,34.061693,0 -113.678939,34.061765,0 -113.679251,34.061807,0 -113.679483,34.061818,0 -113.679725,34.061798,0 -113.680025,34.061737,0 -113.680638,34.06157,0 -113.680869,34.061521,0 -113.681104,34.061487,0 -113.68131,34.061435,0 -113.681937,34.061251,0 -113.682018,34.061242,0 -113.682263,34.061181,0 -113.682393,34.061087,0 -113.682463,34.061007,0 -113.682679,34.060592,0 -113.682888,34.060239,0 -113.682995,34.060094,0 -113.683398,34.059678,0 -113.683497,34.05955,0 -113.683765,34.05935,0 -113.683937,34.059276,0 -113.68458,34.059036,0 -113.685045,34.058887,0 -113.685249,34.058835,0 -113.685453,34.058811,0 -113.68566,34.058805,0 -113.685875,34.058829,0 -113.686064,34.058831,0 -113.686193,34.0588,0 -113.686332,34.058742,0 -113.686465,34.058659,0 -113.686758,34.058436,0 -113.68695,34.058335,0 -113.687138,34.058212,0 -113.687306,34.05807,0 -113.687459,34.057919,0 -113.687713,34.057581,0 -113.687836,34.057399,0 -113.688065,34.057014,0 -113.688516,34.056166,0 -113.688616,34.055948,0 -113.688825,34.055259,0 -113.688993,34.054796,0 -113.689113,34.054413,0 -113.689176,34.05426,0 -113.689799,34.053398,0 -113.690063,34.052999,0 -113.690393,34.052442,0 -113.690492,34.052299,0 -113.690617,34.052162,0 -113.690764,34.05203,0 -113.691102,34.051766,0 -113.691266,34.051617,0 -113.691422,34.051457,0 -113.692204,34.050582,0 -113.692728,34.050089,0 -113.69307,34.049825,0 -113.693862,34.049331,0 -113.6939777,34.04928284,0 -113.69406096,34.04925184,0 -113.694079,34.049241,0 -113.694282,34.049169,0 -113.694517,34.049137,0 -113.694644,34.049158,0 -113.694773,34.049198,0 -113.69492,34.049264,0 -113.695061,34.049304,0 -113.695195,34.049299,0 -113.695339,34.04926,0 -113.695966,34.048919,0 -113.696292,34.048684,0 -113.696637,34.048454,0 -113.696829,34.048341,0 -113.697661,34.04793,0 -113.698082,34.047736,0 -113.699003,34.047365,0 -113.699238,34.047282,0 -113.699954,34.047082,0 -113.700408,34.046927,0 -113.700829,34.046723,0 -113.701498,34.046487,0 -113.701915,34.046322,0 -113.702498,34.046043,0 -113.702846,34.045948,0 -113.703201,34.045826,0 -113.703382,34.045781,0 -113.703762,34.045747,0 -113.703955,34.045708,0 -113.704139,34.045655,0 -113.704844,34.045352,0 -113.705003,34.045297,0 -113.705149,34.045218,0 -113.705282,34.045174,0 -113.70592,34.044919,0 -113.706332,34.044767,0 -113.706762,34.04459,0 -113.706967,34.044477,0 -113.707384,34.044223,0 -113.707825,34.044007,0 -113.708021,34.043935,0 -113.708213,34.043877,0 -113.708414,34.043844,0 -113.70863,34.043833,0 -113.708852,34.043801,0 -113.709305,34.043688,0 -113.709987,34.04347,0 -113.71018,34.043438,0 -113.710365,34.043428,0 -113.710545,34.043441,0 -113.710933,34.043507,0 -113.711129,34.043526,0 -113.711314,34.043516,0 -113.712086,34.043384,0 -113.712295,34.043335,0 -113.712475,34.043276,0 -113.712623,34.043196,0 -113.713619,34.042525,0 -113.713785,34.042426,0 -113.713943,34.042356,0 -113.714103,34.042306,0 -113.714248,34.042232,0 -113.714678,34.041885,0 -113.714849,34.041763,0 -113.715239,34.041519,0 -113.715435,34.041384,0 -113.715619,34.041235,0 -113.715972,34.04091,0 -113.71636,34.040585,0 -113.71672,34.040259,0 -113.716854,34.040104,0 -113.717081,34.039783,0 -113.717282,34.039424,0 -113.717392,34.039242,0 -113.717513,34.039066,0 -113.717643,34.038904,0 -113.718087,34.03842,0 -113.718373,34.038082,0 -113.718691,34.037613,0 -113.719265,34.037006,0 -113.719575,34.036751,0 -113.720082,34.036425,0 -113.720252,34.03635,0 -113.720441,34.036291,0 -113.720639,34.036211,0 -113.720819,34.036112,0 -113.721282,34.035821,0 -113.721345,34.035737,0 -113.721382,34.035644,0 -113.721413,34.035451,0 -113.721481,34.035225,0 -113.721536,34.035104,0 -113.721609,34.034992,0 -113.72198,34.034642,0 -113.722131,34.034517,0 -113.722295,34.034402,0 -113.722462,34.034312,0 -113.723283,34.034063,0 -113.723528,34.034005,0 -113.72403,34.033925,0 -113.724211,34.033881,0 -113.72435,34.033826,0 -113.724479,34.033743,0 -113.724601,34.033633,0 -113.72484,34.033367,0 -113.725106,34.03294,0 -113.725141,34.032828,0 -113.725155,34.032554,0 -113.72518,34.032394,0 -113.725226,34.032237,0 -113.725292,34.03208,0 -113.72547,34.031743,0 -113.725553,34.031566,0 -113.725617,34.031384,0 -113.725791,34.030775,0 -113.725939,34.030363,0 -113.726106,34.030062,0 -113.726221,34.029927,0 -113.726363,34.029786,0 -113.7265,34.029631,0 -113.726629,34.029461,0 -113.726873,34.029089,0 -113.726981,34.028894,0 -113.727159,34.028515,0 -113.727221,34.028359,0 -113.727278,34.02805,0 -113.727337,34.027936,0 -113.727436,34.027824,0 -113.727554,34.027717,0 -113.727654,34.027593,0 -113.727748,34.027457,0 -113.727932,34.027134,0 -113.728176,34.026775,0 -113.728598,34.026196,0 -113.72873,34.026029,0 -113.728901,34.025876,0 -113.729428,34.02534,0 -113.729911,34.024804,0 -113.730351,34.024242,0 -113.730588,34.02387,0 -113.730847,34.023552,0 -113.73095,34.023392,0 -113.731203,34.022858,0 -113.731543,34.022281,0 -113.731668,34.022085,0 -113.732012,34.021483,0 -113.732343,34.020871,0 -113.732488,34.020581,0 -113.73253,34.020447,0 -113.73263436,34.02016026,0 -113.732724,34.020036,0 -113.732898,34.01988,0 -113.733119,34.019654,0 -113.733163,34.019618,0 -113.73324236,34.01958783,0 -113.7333238,34.01958864,0 -113.73344599,34.01964588,0 -113.73349617,34.01966832,0 -113.733542,34.019698,0 -113.733891,34.019798,0 -113.734043,34.019821,0 -113.734369,34.019832,0 -113.735052,34.019776,0 -113.735462,34.019762,0 -113.735647,34.019795,0 -113.737029,34.0203,0 -113.738732,34.020885,0 -113.73915,34.021041,0 -113.739388,34.021101,0 -113.740503,34.021503,0 -113.742342,34.022133,0 -113.743733,34.022601,0 -113.746828,34.023605,0 -113.751639,34.025111,0 -113.753346,34.025624,0 -113.753648,34.025674,0 -113.757879,34.027002,0 -113.760944,34.028051,0 -113.763805,34.029048,0 -113.767814,34.030474,0 -113.768383,34.030654,0 -113.76898,34.030805,0 -113.769271,34.030894,0 -113.770988,34.031525,0 -113.772098,34.03196,0 -113.772651,34.032151,0 -113.772724,34.032211,0 -113.772991,34.032262,0 -113.773112,34.032264,0 -113.77373,34.032178,0 -113.773896,34.032165,0 -113.774085,34.03218,0 -113.774287,34.032219,0 -113.774696,34.032375,0 -113.775423,34.032684,0 -113.775961,34.032871,0 -113.776523,34.033035,0 -113.777418,34.033228,0 -113.778019,34.033378,0 -113.77831,34.033466,0 -113.778601,34.03357,0 -113.779162,34.033814,0 -113.779721,34.034079,0 -113.780578,34.034464,0 -113.781432,34.034878,0 -113.782584,34.035416,0 -113.783738,34.035934,0 -113.784319,34.036179,0 -113.786365,34.036973,0 -113.786695,34.037017,0 -113.787301,34.037198,0 -113.788831,34.037621,0 -113.793165,34.038887,0 -113.794731,34.039309,0 -113.795034,34.039405,0 -113.795328,34.039514,0 -113.795608,34.039648,0 -113.79587,34.039798,0 -113.796287,34.040059,0 -113.796516,34.040176,0 -113.797611,34.040543,0 -113.800957,34.04161,0 -113.803133,34.042325,0 -113.804331,34.042696,0 -113.806189,34.043314,0 -113.806822,34.043559,0 -113.806918,34.043635,0 -113.808837,34.044357,0 -113.809094,34.044443,0 -113.80964,34.044605,0 -113.81071,34.044898,0 -113.810969,34.044987,0 -113.811229,34.045102,0 -113.811515,34.045207,0 -113.812101,34.045407,0 -113.814123,34.046129,0 -113.814359,34.046241,0 -113.814585,34.046382,0 -113.81504,34.046691,0 -113.815247,34.046859,0 -113.815424,34.047019,0 -113.815574,34.047183,0 -113.815702,34.047366,0 -113.815891,34.047755,0 -113.816036,34.048012,0 -113.816149,34.048125,0 -113.816964,34.048676,0 -113.817333,34.048885,0 -113.81763,34.049033,0 -113.817781,34.049125,0 -113.818077,34.049384,0 -113.818249,34.049515,0 -113.818419,34.049626,0 -113.818606,34.049716,0 -113.818805,34.049784,0 -113.819021,34.049833,0 -113.819239,34.049852,0 -113.81947,34.049887,0 -113.819736,34.049948,0 -113.820183,34.0501,0 -113.820639,34.050224,0 -113.820852,34.050306,0 -113.821079,34.050408,0 -113.821314,34.050525,0 -113.821538,34.050651,0 -113.822089,34.051008,0 -113.82227,34.051106,0 -113.822403,34.051259,0 -113.823122,34.051914,0 -113.823722,34.052421,0 -113.8241,34.052704,0 -113.824532,34.052952,0 -113.824998,34.053193,0 -113.825252,34.053302,0 -113.825798,34.053499,0 -113.826611,34.053769,0 -113.826857,34.05384,0 -113.827665,34.054037,0 -113.828509,34.054266,0 -113.828768,34.054345,0 -113.828985,34.054426,0 -113.829167,34.054511,0 -113.829671,34.054879,0 -113.829872,34.054978,0 -113.830101,34.055047,0 -113.830622,34.055166,0 -113.831981,34.055456,0 -113.832202,34.05554,0 -113.83243,34.055654,0 -113.832899,34.055928,0 -113.833129,34.056105,0 -113.834491,34.056874,0 -113.835345,34.057315,0 -113.837944,34.058768,0 -113.83835,34.059059,0 -113.838531,34.059172,0 -113.83874,34.059278,0 -113.839223,34.059494,0 -113.839727,34.059734,0 -113.839991,34.059842,0 -113.840262,34.059911,0 -113.840506,34.059951,0 -113.841287,34.059996,0 -113.842454,34.059996,0 -113.843036,34.059971,0 -113.843529,34.059906,0 -113.843735,34.059857,0 -113.843931,34.059772,0 -113.844304,34.059552,0 -113.844975,34.059225,0 -113.84519,34.059148,0 -113.845385,34.059115,0 -113.845574,34.059104,0 -113.845773,34.059105,0 -113.846216,34.059125,0 -113.846716,34.059172,0 -113.847271,34.059244,0 -113.847542,34.059301,0 -113.847789,34.059377,0 -113.848035,34.05947,0 -113.848563,34.059704,0 -113.849427,34.060053,0 -113.850815,34.060596,0 -113.851639,34.0609,0 -113.85193,34.060995,0 -113.852204,34.061127,0 -113.852746,34.061414,0 -113.853746,34.061972,0 -113.853985,34.06209,0 -113.854221,34.06218,0 -113.854469,34.062255,0 -113.854964,34.062384,0 -113.855199,34.062432,0 -113.855443,34.062455,0 -113.856228,34.06247,0 -113.856495,34.062491,0 -113.856743,34.062537,0 -113.857528,34.062738,0 -113.859599,34.063217,0 -113.861834,34.063687,0 -113.864549,34.064189,0 -113.865459,34.064332,0 -113.866714,34.064544,0 -113.86793069,34.06480197,0 -113.86839031,34.06488773,0 -113.868578,34.064937,0 -113.86987,34.065195,0 -113.87252,34.065653,0 -113.872802,34.065711,0 -113.874187,34.066043,0 -113.875825,34.066374,0 -113.876001,34.066426,0 -113.876182,34.066507,0 -113.877564,34.067218,0 -113.879934,34.068409,0 -113.881196,34.069072,0 -113.881533,34.069223,0 -113.88166092,34.06926459,0 -113.88180263,34.06926465,0 -113.8818822,34.06925333,0 -113.88197925,34.06923094,0 -113.88207732,34.0692164,0 -113.88216907,34.06921262,0 -113.88237183,34.06921917,0 -113.88261621,34.06925717,0 -113.88283376,34.06930274,0 -113.88314107,34.06935097,0 -113.88341024,34.06940528,0 -113.88358227,34.06945159,0 -113.88380086,34.06952282,0 -113.88395443,34.06958695,0 -113.8841246,34.0696667,0 -113.88417316,34.06969661,0 -113.88434878,34.06975881,0 -113.88455753,34.06982345,0 -113.88477151,34.06987798,0 -113.88503604,34.06994415,0 -113.88533739,34.07001636,0 -113.88554849,34.07006486,0 -113.88567742,34.07008919,0 -113.88582321,34.07011592,0 -113.88591692,34.07013948,0 -113.88593118,34.07017932,0 -113.88590491,34.07023649,0 -113.88581249,34.07033294,0 -113.88569272,34.07045468,0 -113.88567,34.070475,0 -113.885366,34.070835,0 -113.885109,34.071122,0 -113.884865,34.071368,0 -113.88458,34.071636,0 -113.884413,34.071775,0 -113.884044,34.072046,0 -113.88383,34.072165,0 -113.883369,34.072588,0 -113.88322,34.072748,0 -113.883185,34.07276,0 -113.88309,34.072861,0 -113.883045,34.07295,0 -113.8826631,34.07344957,0 -113.8825467,34.07359437,0 -113.88254143,34.07371013,0 -113.882697,34.073787,0 -113.883335,34.073994,0 -113.883824,34.0742,0 -113.885399,34.074807,0 -113.88682162,34.07543148,0 -113.88696704,34.07548635,0 -113.88702388,34.07550292,0 -113.887067,34.07553,0 -113.887208,34.075645,0 -113.887284,34.075723,0 -113.88736501,34.07587326,0 -113.88741477,34.07603348,0 -113.8874102,34.07617889,0 -113.887405,34.07625,0 -113.88727555,34.07647803,0 -113.88687423,34.07689605,0 -113.886734,34.077006,0 -113.886438,34.0773,0 -113.886168,34.077549,0 -113.885792,34.077939,0 -113.885566,34.078146,0 -113.885335,34.078378,0 -113.885252,34.078476,0 -113.885129,34.078584,0 -113.88504,34.07874,0 -113.88492,34.078898,0 -113.884829,34.079078,0 -113.884759,34.079271,0 -113.884717,34.079474,0 -113.884693,34.079687,0 -113.884647,34.080619,0 -113.884673,34.080865,0 -113.884677,34.081095,0 -113.884701,34.081309,0 -113.88474,34.081515,0 -113.884816,34.081715,0 -113.884919,34.081914,0 -113.885042,34.08211,0 -113.885312,34.082448,0 -113.885763,34.082899,0 -113.886066,34.083278,0 -113.886207,34.083476,0 -113.886552,34.084102,0 -113.886816,34.084542,0 -113.887111,34.084986,0 -113.887421,34.085429,0 -113.88868,34.087159,0 -113.888994,34.087614,0 -113.88903545,34.08767598,0 -113.889079,34.087742,0 -113.889366,34.088218,0 -113.890159,34.089793,0 -113.89041,34.090335,0 -113.890532,34.090549,0 -113.890667,34.090835,0 -113.890849,34.091306,0 -113.890917,34.091535,0 -113.890956,34.091619,0 -113.891016,34.091718,0 -113.891184,34.091954,0 -113.891415,34.092248,0 -113.89195,34.092857,0 -113.892027,34.092974,0 -113.892076,34.09309,0 -113.892157,34.093188,0 -113.892217,34.093332,0 -113.892315,34.093657,0 -113.892396,34.093801,0 -113.892772,34.094278,0 -113.893456,34.095094,0 -113.89351097,34.09516646,0 -113.893582,34.095232,0 -113.893711,34.095351,0 -113.893857,34.095465,0 -113.894424,34.095807,0 -113.894604,34.095926,0 -113.89496,34.096212,0 -113.895157,34.096339,0 -113.895492,34.096537,0 -113.896088,34.096857,0 -113.896511,34.097096,0 -113.896689,34.097186,0 -113.896875,34.097252,0 -113.897067,34.097279,0 -113.897449,34.097257,0 -113.897634,34.097289,0 -113.898011,34.097448,0 -113.898632,34.097649,0 -113.898816,34.097683,0 -113.898955,34.097777,0 -113.899033,34.097911,0 -113.899089,34.098059,0 -113.899157,34.098189,0 -113.899436,34.09842,0 -113.899737,34.098738,0 -113.899869,34.098925,0 -113.899976,34.099127,0 -113.900071,34.099341,0 -113.900179,34.099532,0 -113.900321,34.099716,0 -113.900654,34.100091,0 -113.90099,34.1005,0 -113.90115,34.100677,0 -113.901313,34.10081,0 -113.90168,34.101059,0 -113.901875,34.101203,0 -113.902037,34.101358,0 -113.902169,34.101534,0 -113.902385,34.101913,0 -113.90263,34.1023,0 -113.902722,34.102495,0 -113.902884,34.102909,0 -113.90299,34.10311,0 -113.903241,34.103476,0 -113.903349,34.103663,0 -113.903712,34.104491,0 -113.903797,34.104708,0 -113.903846,34.104925,0 -113.903878,34.10512,0 -113.903932,34.105298,0 -113.904032,34.105459,0 -113.904299,34.105819,0 -113.904452,34.106009,0 -113.904765,34.106347,0 -113.904886,34.106503,0 -113.904984,34.106682,0 -113.905097,34.107093,0 -113.905167,34.1073,0 -113.905258,34.107482,0 -113.905467,34.107841,0 -113.905549,34.108042,0 -113.905595,34.108255,0 -113.905616,34.108481,0 -113.905583,34.109072,0 -113.905609,34.109202,0 -113.905679,34.109338,0 -113.905781,34.109495,0 -113.906177,34.110034,0 -113.906341,34.110203,0 -113.907346,34.111099,0 -113.907753,34.111475,0 -113.907902,34.111661,0 -113.908259,34.112284,0 -113.908414,34.112487,0 -113.908607,34.112676,0 -113.90901,34.113006,0 -113.909161,34.113156,0 -113.909286,34.113322,0 -113.90949,34.113684,0 -113.909609,34.113867,0 -113.909763,34.114046,0 -113.909946,34.114225,0 -113.91094,34.115041,0 -113.911129,34.115169,0 -113.911337,34.115259,0 -113.911819,34.115425,0 -113.91207,34.115523,0 -113.912318,34.115642,0 -113.912557,34.115779,0 -113.912782,34.115932,0 -113.912987,34.116091,0 -113.913161,34.11624,0 -113.913311,34.116406,0 -113.913442,34.116598,0 -113.913771,34.117248,0 -113.913881,34.117428,0 -113.914005,34.11758,0 -113.914156,34.117709,0 -113.914345,34.117832,0 -113.914775,34.118066,0 -113.914989,34.118205,0 -113.915195,34.118362,0 -113.9154,34.118537,0 -113.91582,34.118908,0 -113.916011,34.119124,0 -113.918562,34.121335,0 -113.919433,34.122061,0 -113.919812,34.122397,0 -113.919979,34.122564,0 -113.920664,34.123311,0 -113.920969,34.123604,0 -113.921209,34.123798,0 -113.92147,34.123982,0 -113.921629,34.124086,0 -113.922235,34.124445,0 -113.922347,34.124536,0 -113.922426,34.124622,0 -113.922487,34.124722,0 -113.922521,34.124867,0 -113.922546,34.125051,0 -113.922583,34.125475,0 -113.922638,34.125746,0 -113.922707,34.125904,0 -113.922813,34.126053,0 -113.923407,34.126646,0 -113.923569,34.126778,0 -113.923755,34.126896,0 -113.923961,34.127003,0 -113.924148,34.127125,0 -113.924305,34.127249,0 -113.924535,34.127505,0 -113.924627,34.127649,0 -113.924712,34.127807,0 -113.924766,34.127951,0 -113.924875,34.128672,0 -113.924961,34.129105,0 -113.925026,34.12933,0 -113.925072,34.129551,0 -113.925098,34.129761,0 -113.925252,34.130099,0 -113.925368,34.130257,0 -113.925526,34.130416,0 -113.925672,34.130596,0 -113.925904,34.130851,0 -113.925958,34.13093,0 -113.926012,34.131077,0 -113.926016,34.131161,0 -113.925907,34.131929,0 -113.925845,34.132561,0 -113.925804,34.132747,0 -113.925623,34.133325,0 -113.925444,34.133719,0 -113.925426,34.133885,0 -113.925429,34.134049,0 -113.925453,34.134224,0 -113.925523,34.134396,0 -113.92564,34.13456,0 -113.925986,34.135139,0 -113.926298,34.13573,0 -113.926986,34.136926,0 -113.92713,34.137159,0 -113.927312,34.137426,0 -113.927578,34.13777,0 -113.927729,34.138012,0 -113.927796,34.138176,0 -113.927851,34.138357,0 -113.927889,34.138556,0 -113.927917,34.138772,0 -113.927968,34.138996,0 -113.928111,34.139471,0 -113.928209,34.139715,0 -113.92833,34.139957,0 -113.928472,34.140196,0 -113.928749,34.140606,0 -113.92887,34.140812,0 -113.928947,34.141039,0 -113.929011,34.141526,0 -113.929049,34.141735,0 -113.929126,34.141908,0 -113.929246,34.142068,0 -113.929409,34.142224,0 -113.929584,34.14237,0 -113.929779,34.142504,0 -113.92995,34.142661,0 -113.93008,34.142848,0 -113.930163,34.143065,0 -113.930203,34.143298,0 -113.930209,34.143537,0 -113.930191,34.143779,0 -113.930192,34.144025,0 -113.930241,34.144266,0 -113.930333,34.14447,0 -113.931657,34.146187,0 -113.931794,34.146398,0 -113.931925,34.146629,0 -113.93204,34.146875,0 -113.932126,34.147133,0 -113.932187,34.147398,0 -113.932389,34.148785,0 -113.932524,34.1496,0 -113.932585,34.149868,0 -113.932992,34.151165,0 -113.933127,34.151655,0 -113.93333,34.152568,0 -113.933342,34.152664,0 -113.933328,34.152855,0 -113.933282,34.152912,0 -113.933154,34.153498,0 -113.933046,34.153813,0 -113.93304,34.153949,0 -113.93308,34.154097,0 -113.933142,34.154249,0 -113.93332,34.154563,0 -113.933544,34.15491,0 -113.933762,34.155284,0 -113.933819,34.155467,0 -113.933835,34.155656,0 -113.933882,34.155854,0 -113.933883,34.156059,0 -113.933896,34.156242,0 -113.933999,34.156569,0 -113.934147,34.156946,0 -113.934254,34.15714,0 -113.934574,34.157512,0 -113.934704,34.157688,0 -113.934794,34.157863,0 -113.934855,34.158063,0 -113.934935,34.158265,0 -113.935076,34.158446,0 -113.935618,34.158926,0 -113.935764,34.159126,0 -113.935879,34.159325,0 -113.936058,34.159909,0 -113.936209,34.160506,0 -113.936347,34.160894,0 -113.936518,34.161137,0 -113.936651,34.161251,0 -113.936821,34.16134,0 -113.936994,34.161408,0 -113.937856,34.16169,0 -113.938646,34.161901,0 -113.939777,34.162234,0 -113.94006981,34.16234063,0 -113.94032821,34.16244666,0 -113.94062177,34.1625797,0 -113.94087992,34.162715,0 -113.94109828,34.16281201,0 -113.94128758,34.16291764,0 -113.94147266,34.16310782,0 -113.94154538,34.16319741,0 -113.94160543,34.16333463,0 -113.941684,34.163583,0 -113.94173891,34.16372202,0 -113.941772,34.163909,0 -113.941792,34.164258,0 -113.941806,34.164345,0 -113.941842,34.164425,0 -113.941919,34.164517,0 -113.942056,34.164626,0 -113.942231,34.164735,0 -113.942445,34.164974,0 -113.942531,34.165105,0 -113.942602,34.165235,0 -113.942648,34.165368,0 -113.942671,34.165508,0 -113.942696,34.165827,0 -113.942751,34.165991,0 -113.942895,34.166308,0 -113.942948,34.166463,0 -113.943083,34.166982,0 -113.943157,34.167124,0 -113.943256,34.167276,0 -113.943391,34.167642,0 -113.943452,34.167831,0 -113.943484,34.167999,0 -113.943532,34.168364,0 -113.943656,34.168666,0 -113.943902,34.169148,0 -113.944248,34.169631,0 -113.944386,34.169808,0 -113.94454,34.169964,0 -113.944716,34.17008,0 -113.944906,34.17018,0 -113.945338,34.170382,0 -113.945543,34.170497,0 -113.94604,34.170854,0 -113.946305,34.171016,0 -113.946473,34.171158,0 -113.946656,34.171378,0 -113.946791,34.171463,0 -113.946921,34.171501,0 -113.947119,34.17165,0 -113.947192,34.171716,0 -113.947284,34.171871,0 -113.9473,34.171963,0 -113.947299,34.172172,0 -113.947249,34.172345,0 -113.947229,34.172624,0 -113.9471594283377,34.17300940605106,0 -113.947282,34.173271,0 -113.947341,34.173395,0 -113.947377,34.173495,0 -113.94739,34.173605,0 -113.94737,34.173711,0 -113.947308,34.173793,0 -113.94723,34.17387,0 -113.94718,34.173968,0 -113.947167,34.174057,0 -113.947196,34.174139,0 -113.947248,34.174213,0 -113.947514,34.174453,0 -113.947573,34.174553,0 -113.947588,34.174626,0 -113.947572,34.174691,0 -113.94754,34.17476,0 -113.947424,34.174797,0 -113.947337,34.174869,0 -113.94728,34.174954,0 -113.947276,34.175044,0 -113.947304,34.175145,0 -113.947379,34.175235,0 -113.947432,34.175347,0 -113.947514,34.17546,0 -113.947541,34.1756,0 -113.947602,34.175748,0 -113.947694,34.175885,0 -113.947691,34.176004,0 -113.947663,34.176089,0 -113.947561,34.176265,0 -113.947555,34.176378,0 -113.947666,34.176571,0 -113.948031,34.177078,0 -113.948118,34.177235,0 -113.948188,34.17741,0 -113.94828,34.1778,0 -113.94835,34.178,0 -113.948438,34.178157,0 -113.948492,34.178296,0 -113.948562,34.178437,0 -113.948613,34.178597,0 -113.948758,34.179149,0 -113.948892,34.179548,0 -113.948936,34.179742,0 -113.948989,34.180122,0 -113.948985,34.180315,0 -113.948965,34.1805,0 -113.948987,34.18065,0 -113.948959,34.180756,0 -113.948981,34.180832,0 -113.949061,34.181038,0 -113.94924,34.181395,0 -113.949715,34.18246,0 -113.949831,34.182675,0 -113.949961,34.182831,0 -113.950126,34.18297,0 -113.950419,34.183149,0 -113.951018,34.183482,0 -113.951156,34.183575,0 -113.951272,34.18367,0 -113.951365,34.183784,0 -113.951448,34.18391,0 -113.951515,34.184052,0 -113.951676,34.184556,0 -113.951786,34.184864,0 -113.95181,34.184988,0 -113.951876,34.18509,0 -113.951966,34.185195,0 -113.952087,34.185281,0 -113.952542,34.185559,0 -113.952673,34.185658,0 -113.952747,34.185734,0 -113.952836,34.185882,0 -113.952829,34.185914,0 -113.952808,34.185892,0 -113.952895,34.186091,0 -113.952959,34.186189,0 -113.953164,34.186399,0 -113.953463,34.186641,0 -113.953975,34.187024,0 -113.954153,34.187138,0 -113.95446,34.187296,0 -113.954613,34.187347,0 -113.954938,34.187408,0 -113.955087,34.187424,0 -113.95521,34.18742,0 -113.955331,34.187396,0 -113.955442,34.187347,0 -113.955791,34.187125,0 -113.956022,34.186922,0 -113.956131,34.186844,0 -113.95638,34.186749,0 -113.956682,34.186691,0 -113.956854,34.186689,0 -113.957033,34.186705,0 -113.95757,34.18678,0 -113.958007,34.186805,0 -113.958163,34.186825,0 -113.958308,34.186857,0 -113.958427,34.186908,0 -113.958487,34.186959,0 -113.958524,34.187019,0 -113.95856,34.187097,0 -113.958588,34.187195,0 -113.958605,34.187433,0 -113.958632,34.187563,0 -113.958677,34.187693,0 -113.958832,34.187966,0 -113.958994,34.188285,0 -113.959141,34.188528,0 -113.959221,34.188623,0 -113.959463,34.188826,0 -113.959609,34.18893,0 -113.959769,34.189023,0 -113.959931,34.189093,0 -113.960093,34.189145,0 -113.96045,34.189209,0 -113.960632,34.189255,0 -113.960822,34.189289,0 -113.961034,34.189303,0 -113.96126,34.189314,0 -113.961471,34.189305,0 -113.961666,34.189281,0 -113.962081,34.189191,0 -113.962306,34.189153,0 -113.962746,34.18909,0 -113.962899,34.189078,0 -113.96303,34.189099,0 -113.963169,34.189148,0 -113.963306,34.18921,0 -113.963416,34.189296,0 -113.963513,34.189403,0 -113.963663,34.189658,0 -113.96376,34.189798,0 -113.963872,34.189917,0 -113.964126,34.190153,0 -113.964244,34.190305,0 -113.964616,34.190644,0 -113.964837,34.190867,0 -113.964934,34.190995,0 -113.965209,34.191424,0 -113.965292,34.191516,0 -113.965405,34.191586,0 -113.965548,34.191638,0 -113.965718,34.191648,0 -113.966037,34.191762,0 -113.96621,34.191836,0 -113.966358,34.191921,0 -113.966633,34.192104,0 -113.966867,34.192381,0 -113.966978,34.192537,0 -113.967106,34.19269,0 -113.967458,34.193075,0 -113.968303,34.193874,0 -113.968667,34.194196,0 -113.969095,34.19468,0 -113.96933,34.194993,0 -113.969479,34.195225,0 -113.969577,34.19535,0 -113.970298,34.19606,0 -113.970689,34.196373,0 -113.97105,34.196691,0 -113.971294,34.197017,0 -113.971431,34.197178,0 -113.971561,34.197304,0 -113.971685,34.197399,0 -113.971823,34.197482,0 -113.971999,34.197554,0 -113.972179,34.197651,0 -113.972391,34.197744,0 -113.972608,34.197825,0 -113.972862,34.197998,0 -113.972948,34.198083,0 -113.973017,34.198183,0 -113.973186,34.19847,0 -113.973299,34.198629,0 -113.973431,34.198781,0 -113.973924,34.199235,0 -113.974076,34.199416,0 -113.974222,34.199555,0 -113.974365,34.199663,0 -113.97452,34.199746,0 -113.974674,34.19986,0 -113.974855,34.199964,0 -113.97536,34.200292,0 -113.975506,34.200355,0 -113.976087,34.200506,0 -113.976291,34.200582,0 -113.976966,34.200913,0 -113.97722,34.201025,0 -113.977487,34.201122,0 -113.977771,34.2012,0 -113.97834,34.201384,0 -113.979228,34.201698,0 -113.979411,34.201773,0 -113.979571,34.201863,0 -113.979726,34.20197,0 -113.979876,34.202091,0 -113.980319,34.202509,0 -113.980502,34.20263,0 -113.980878,34.202792,0 -113.981079,34.202857,0 -113.981289,34.202939,0 -113.982234,34.203178,0 -113.982412,34.203231,0 -113.982555,34.203297,0 -113.98268,34.203385,0 -113.982943,34.203621,0 -113.983105,34.203748,0 -113.983576,34.204209,0 -113.983701,34.2044,0 -113.983842,34.204585,0 -113.984127,34.204915,0 -113.984255,34.205054,0 -113.984397,34.205189,0 -113.984556,34.205315,0 -113.984728,34.205434,0 -113.984929,34.205541,0 -113.985259,34.205824,0 -113.985738,34.206261,0 -113.985887,34.206365,0 -113.986049,34.206454,0 -113.986442,34.206609,0 -113.987134,34.206854,0 -113.988078,34.207158,0 -113.988247,34.207235,0 -113.988401,34.207333,0 -113.988724,34.207586,0 -113.988871,34.20773,0 -113.988995,34.207888,0 -113.989197,34.208235,0 -113.989416,34.208564,0 -113.989588,34.208767,0 -113.990043,34.209224,0 -113.990388,34.209543,0 -113.990964,34.210021,0 -113.992038,34.210978,0 -113.992209,34.21115,0 -113.993128,34.211943,0 -113.993498,34.212278,0 -113.99406,34.212759,0 -113.995267,34.213754,0 -113.995604,34.213984,0 -113.995871,34.214145,0 -113.996248,34.214324,0 -113.9966,34.214405,0 -113.997156,34.214432,0 -113.997849,34.214506,0 -113.998052,34.214505,0 -113.998444,34.214459,0 -113.998829,34.21447,0 -113.998913,34.214463,0 -113.999058,34.214376,0 -113.999426,34.214181,0 -113.999495,34.214131,0 -113.999527,34.214091,0 -113.999622,34.213888,0 -113.999738,34.213678,0 -113.999812,34.213582,0 -113.999899,34.213515,0 -114.000023,34.213467,0 -114.000351,34.213405,0 -114.000535,34.213357,0 -114.00072,34.213285,0 -114.000901,34.213188,0 -114.001526,34.212729,0 -114.001748,34.212473,0 -114.001886,34.212373,0 -114.002039,34.212312,0 -114.0024,34.212215,0 -114.002625,34.212139,0 -114.002715,34.212122,0 -114.002815,34.212133,0 -114.003076,34.212188,0 -114.003197,34.212188,0 -114.00328,34.212151,0 -114.003364,34.21209,0 -114.003742,34.211652,0 -114.003829,34.211532,0 -114.003907,34.211335,0 -114.00397,34.211257,0 -114.004039,34.211191,0 -114.004188,34.211092,0 -114.004451,34.210848,0 -114.004488,34.210671,0 -114.004448,34.210446,0 -114.004464,34.210351,0 -114.004519,34.210287,0 -114.004702,34.210221,0 -114.005137,34.210111,0 -114.005305,34.210057,0 -114.005464,34.209973,0 -114.00563,34.209909,0 -114.005791,34.209892,0 -114.005964,34.209896,0 -114.00658,34.210004,0 -114.00679,34.210018,0 -114.006996,34.210011,0 -114.007353,34.210055,0 -114.008099,34.209927,0 -114.008271,34.20986,0 -114.008398,34.209765,0 -114.008719,34.209365,0 -114.008825,34.209203,0 -114.008949,34.209042,0 -114.009055,34.208868,0 -114.009122,34.208717,0 -114.009193,34.208505,0 -114.009431,34.208096,0 -114.009703,34.20771,0 -114.010141,34.207316,0 -114.010291,34.207162,0 -114.010403,34.207007,0 -114.010792,34.20628,0 -114.011134,34.205503,0 -114.011239,34.205294,0 -114.011353,34.205098,0 -114.011593,34.204748,0 -114.011777,34.204456,0 -114.011879,34.204309,0 -114.012006,34.204165,0 -114.012334,34.203898,0 -114.01376,34.202644,0 -114.014911,34.201658,0 -114.015647,34.200972,0 -114.016368,34.200317,0 -114.016735,34.200004,0 -114.016919,34.199872,0 -114.017121,34.199749,0 -114.017785,34.199379,0 -114.018921,34.198695,0 -114.019098,34.198585,0 -114.019237,34.198482,0 -114.019365,34.19836,0 -114.019491,34.198214,0 -114.020516,34.196735,0 -114.02124,34.19582,0 -114.022568,34.194268,0 -114.022884,34.193925,0 -114.023038,34.193783,0 -114.023207,34.193661,0 -114.023397,34.193543,0 -114.023602,34.193435,0 -114.024049,34.193246,0 -114.024531,34.193103,0 -114.025558,34.192817,0 -114.028793,34.191877,0 -114.030708,34.191299,0 -114.032208,34.190872,0 -114.032888,34.190658,0 -114.033983,34.19037,0 -114.036546,34.189633,0 -114.038358,34.189133,0 -114.038965,34.188975,0 -114.039557,34.188806,0 -114.040567,34.188479,0 -114.040787,34.18838,0 -114.040991,34.188256,0 -114.041589,34.187824,0 -114.043476,34.186523,0 -114.044217,34.185982,0 -114.044476,34.185757,0 -114.044788,34.185467,0 -114.04557,34.184786,0 -114.04576,34.184597,0 -114.046446,34.183981,0 -114.046812,34.18362,0 -114.047242,34.183233,0 -114.047655,34.182791,0 -114.048438,34.181856,0 -114.050107,34.180212,0 -114.050268,34.180068,0 -114.050554,34.17977,0 -114.050697,34.179654,0 -114.051321,34.179049,0 -114.05192258,34.1784424,0 -114.0520053,34.1783647,0 -114.052119,34.17824266,0 -114.05215027,34.17812513,0 -114.05225144,34.17786053,0 -114.05234601,34.17755571,0 -114.05250109,34.17707824,0 -114.05268196,34.1765672,0 -114.052875,34.176114,0 -114.053352,34.174832,0 -114.053687,34.173988,0 -114.053789,34.173615,0 -114.053835,34.173255,0 -114.053829,34.173078,0 -114.053771,34.17278,0 -114.053453,34.171805,0 -114.053281,34.171556,0 -114.053215,34.171426,0 -114.053208,34.171317,0 -114.053234,34.171209,0 -114.053298,34.171122,0 -114.053477,34.170925,0 -114.053515,34.170838,0 -114.053486,34.170753,0 -114.053402,34.170673,0 -114.053129,34.170489,0 -114.052965,34.170418,0 -114.052806,34.170365,0 -114.05264,34.170333,0 -114.052508,34.170293,0 -114.052434,34.170218,0 -114.052391,34.170103,0 -114.052355,34.169859,0 -114.052329,34.169753,0 -114.052177,34.169495,0 -114.052099,34.169318,0 -114.052054,34.169113,0 -114.052027,34.168918,0 -114.051997,34.168778,0 -114.05195,34.168692,0 -114.051869,34.168643,0 -114.051772,34.168604,0 -114.051321,34.168488,0 -114.051152,34.168415,0 -114.05044,34.168151,0 -114.050368,34.168103,0 -114.050361,34.168052,0 -114.050377,34.167982,0 -114.050423,34.167902,0 -114.050904,34.167384,0 -114.050956,34.167309,0 -114.051,34.167198,0 -114.051021,34.167053,0 -114.051005,34.166928,0 -114.050911,34.16663,0 -114.050856,34.166332,0 -114.050875,34.166203,0 -114.050927,34.166069,0 -114.051005,34.165931,0 -114.051476,34.16528,0 -114.051736,34.164814,0 -114.051837,34.164595,0 -114.051846,34.164471,0 -114.051809,34.164338,0 -114.051721,34.16421,0 -114.051675,34.164084,0 -114.051555,34.163962,0 -114.051405,34.163844,0 -114.051229,34.163747,0 -114.050902,34.16361,0 -114.050612,34.163521,0 -114.050415,34.163492,0 -114.050236,34.163485,0 -114.050053,34.163502,0 -114.049867,34.163552,0 -114.04967,34.163621,0 -114.049464,34.16371,0 -114.049264,34.16377,0 -114.049091,34.163809,0 -114.048888,34.163821,0 -114.048736,34.1638,0 -114.048674,34.163751,0 -114.048461,34.163701,0 -114.048401,34.163636,0 -114.048403,34.16355,0 -114.048447,34.163468,0 -114.048511,34.163384,0 -114.048688,34.163178,0 -114.048805,34.163059,0 -114.04922,34.162672,0 -114.049481,34.162367,0 -114.049562,34.162222,0 -114.04963,34.162055,0 -114.049664,34.161905,0 -114.04965225,34.16175924,0 -114.04959892,34.1616226,0 -114.04953266,34.16152636,0 -114.04945535,34.16144336,0 -114.04934405,34.16133504,0 -114.04922001,34.16119241,0 -114.049161,34.161117,0 -114.04909,34.161015,0 -114.048881,34.160663,0 -114.048737,34.160442,0 -114.048718,34.160371,0 -114.04874,34.160278,0 -114.048804,34.160177,0 -114.048896,34.160081,0 -114.04901,34.15999,0 -114.049364,34.159757,0 -114.049432,34.159683,0 -114.049425,34.159595,0 -114.049379,34.159496,0 -114.04921,34.15925,0 -114.049103,34.159101,0 -114.048975,34.158957,0 -114.048834,34.158822,0 -114.048349,34.158443,0 -114.048014,34.158149,0 -114.047676,34.157819,0 -114.046627,34.156746,0 -114.046489,34.156586,0 -114.046235,34.156224,0 -114.046193,34.156122,0 -114.046186,34.156036,0 -114.046203,34.155933,0 -114.046255,34.155827,0 -114.046401,34.155623,0 -114.046709,34.155342,0 -114.046725,34.155244,0 -114.046657,34.15516,0 -114.046538,34.155092,0 -114.046312,34.154886,0 -114.046073,34.154625,0 -114.045987,34.154514,0 -114.045923,34.154394,0 -114.045887,34.154263,0 -114.045902,34.154154,0 -114.045945,34.154034,0 -114.045969,34.153887,0 -114.046057,34.153585,0 -114.04613,34.153459,0 -114.046197,34.153317,0 -114.0463,34.153183,0 -114.046336,34.153056,0 -114.046325,34.152944,0 -114.046266,34.152829,0 -114.046176,34.152714,0 -114.04607,34.152598,0 -114.045626,34.152209,0 -114.045501,34.152068,0 -114.045393,34.151903,0 -114.045328,34.151745,0 -114.045306,34.151581,0 -114.045306,34.151416,0 -114.045278,34.151256,0 -114.045207,34.151137,0 -114.045093,34.151027,0 -114.04494,34.150952,0 -114.044106,34.150714,0 -114.043902,34.150622,0 -114.043765,34.150541,0 -114.043531,34.150321,0 -114.043415,34.150167,0 -114.043319,34.149996,0 -114.043168,34.149636,0 -114.043098,34.149496,0 -114.043028,34.149388,0 -114.042927,34.149308,0 -114.042797,34.149256,0 -114.042629,34.149214,0 -114.042442,34.149151,0 -114.042062,34.148984,0 -114.041963,34.148914,0 -114.0419,34.148838,0 -114.041841,34.148731,0 -114.041692,34.148257,0 -114.041619,34.148081,0 -114.041554,34.14789,0 -114.04152,34.147624,0 -114.041418,34.14702,0 -114.041401,34.14681,0 -114.041408,34.1467,0 -114.041452,34.146574,0 -114.041525,34.146449,0 -114.041642,34.146329,0 -114.041791,34.146202,0 -114.042084,34.145926,0 -114.04218,34.145811,0 -114.04223,34.145687,0 -114.042252,34.145545,0 -114.042216,34.145018,0 -114.042232,34.144838,0 -114.042436,34.144023,0 -114.042608,34.1436,0 -114.042687,34.14349,0 -114.043061,34.143177,0 -114.04351,34.142744,0 -114.044188,34.142034,0 -114.04429,34.14189,0 -114.044643,34.141238,0 -114.044749,34.141088,0 -114.044984,34.140856,0 -114.045212,34.140547,0 -114.045325,34.140421,0 -114.045451,34.140328,0 -114.045536,34.140215,0 -114.045614,34.140079,0 -114.045639,34.140002,0 -114.045673,34.139942,0 -114.045762,34.139834,0 -114.045868,34.13975,0 -114.045923,34.139636,0 -114.045985,34.139563,0 -114.046454,34.139084,0 -114.046693,34.138806,0 -114.046822,34.138677,0 -114.046927,34.138552,0 -114.046978,34.138432,0 -114.04698,34.138279,0 -114.046999,34.138157,0 -114.04702,34.13789,0 -114.046994,34.137683,0 -114.046871,34.137421,0 -114.046818,34.137284,0 -114.046745,34.136969,0 -114.046709,34.136858,0 -114.046591,34.136636,0 -114.046421,34.136438,0 -114.046295,34.136337,0 -114.045965,34.136151,0 -114.04557,34.135965,0 -114.045387,34.135869,0 -114.044991,34.13572,0 -114.044623,34.135612,0 -114.04448,34.135557,0 -114.044366,34.135497,0 -114.044312,34.135445,0 -114.044306,34.135415,0 -114.044244,34.135345,0 -114.04422,34.135299,0 -114.044157,34.134918,0 -114.044113,34.134813,0 -114.044057,34.134721,0 -114.043902,34.13451,0 -114.04374197,34.13434576,0 -114.043613,34.134267,0 -114.04295385,34.13387103,0 -114.04283,34.133753,0 -114.042659,34.133516,0 -114.042583,34.133439,0 -114.042282,34.133326,0 -114.041813,34.133119,0 -114.041391,34.132961,0 -114.041257,34.132899,0 -114.04092,34.132686,0 -114.040781,34.132583,0 -114.040331,34.132216,0 -114.039688,34.131722,0 -114.039507,34.13152,0 -114.039277,34.131311,0 -114.038972,34.131091,0 -114.038733,34.130904,0 -114.038599,34.130841,0 -114.038446,34.130814,0 -114.038271,34.130799,0 -114.037482,34.130768,0 -114.037325,34.130797,0 -114.037162,34.130857,0 -114.035427,34.131786,0 -114.034776,34.132111,0 -114.034548,34.132204,0 -114.03408,34.132321,0 -114.033879,34.132348,0 -114.033692,34.132352,0 -114.032693,34.132308,0 -114.032274,34.132253,0 -114.032128,34.132249,0 -114.032025,34.132231,0 -114.031916,34.132245,0 -114.031396,34.132202,0 -114.031248,34.132168,0 -114.031133,34.132129,0 -114.031044,34.132082,0 -114.030816,34.131986,0 -114.030762,34.131912,0 -114.030703,34.131866,0 -114.03045,34.131606,0 -114.02913,34.130188,0 -114.02867,34.129708,0 -114.028524,34.12954,0 -114.028385,34.129403,0 -114.027803,34.128768,0 -114.02768989,34.12864708,0 -114.027613,34.12857,0 -114.02755336,34.12849998,0 -114.02747691,34.12842124,0 -114.02739,34.128329,0 -114.027282,34.128212,0 -114.02724158,34.1281692,0 -114.027161,34.128072,0 -114.026361,34.127233,0 -114.026106,34.126941,0 -114.026047,34.126848,0 -114.02602,34.126754,0 -114.026043,34.126603,0 -114.026104,34.126384,0 -114.026114,34.126297,0 -114.026145,34.126217,0 -114.026161,34.126125,0 -114.026149,34.126028,0 -114.026126,34.125944,0 -114.025972,34.125833,0 -114.025571,34.125689,0 -114.025375,34.125568,0 -114.025269,34.125477,0 -114.025057,34.125219,0 -114.024859,34.12494,0 -114.024769,34.12479,0 -114.024647,34.124528,0 -114.024543,34.124415,0 -114.024444,34.12428,0 -114.024252,34.123976,0 -114.023979,34.12353,0 -114.023819,34.123234,0 -114.023701,34.123079,0 -114.023319,34.122459,0 -114.023235,34.122307,0 -114.022838,34.121702,0 -114.02254,34.121191,0 -114.022408,34.121001,0 -114.021701,34.119865,0 -114.021588,34.119707,0 -114.02133,34.119398,0 -114.021039,34.119007,0 -114.020694,34.118572,0 -114.02038,34.118147,0 -114.019188,34.116613,0 -114.018657,34.115903,0 -114.018349,34.115396,0 -114.018195,34.115073,0 -114.018123,34.1149,0 -114.018068,34.114746,0 -114.018036,34.114607,0 -114.018032,34.114463,0 -114.018066,34.114326,0 -114.018116,34.11419,0 -114.01827,34.113891,0 -114.018409,34.113668,0 -114.01849,34.113557,0 -114.018557,34.113492,0 -114.018755,34.113334,0 -114.020093,34.112542,0 -114.020363,34.112402,0 -114.020715,34.112237,0 -114.020938,34.112154,0 -114.021217,34.112088,0 -114.021295,34.11208,0 -114.0214,34.112101,0 -114.021499,34.112175,0 -114.02196,34.112402,0 -114.022801,34.112752,0 -114.02303,34.112833,0 -114.023246,34.112878,0 -114.024224,34.112901,0 -114.025323,34.112954,0 -114.025577,34.112979,0 -114.025842,34.113028,0 -114.026114,34.113092,0 -114.026367,34.113115,0 -114.026596,34.113106,0 -114.02681,34.113062,0 -114.027035,34.113035,0 -114.027228,34.113054,0 -114.027384,34.113098,0 -114.027693,34.113237,0 -114.027824,34.113312,0 -114.028102,34.113539,0 -114.028266,34.113659,0 -114.028465,34.113741,0 -114.029092,34.113793,0 -114.029568,34.113791,0 -114.030389,34.113779,0 -114.031214,34.113705,0 -114.031434,34.113714,0 -114.031657,34.113742,0 -114.032358,34.113893,0 -114.03284,34.113946,0 -114.033092,34.113956,0 -114.03419,34.113965,0 -114.034473,34.11399,0 -114.035203,34.114096,0 -114.035721,34.114127,0 -114.035937,34.11417,0 -114.036593,34.114363,0 -114.036827,34.114408,0 -114.037076,34.114408,0 -114.037321,34.11437,0 -114.037839,34.114243,0 -114.038114,34.114187,0 -114.038399,34.114149,0 -114.038685,34.114133,0 -114.038963,34.114136,0 -114.039222,34.114154,0 -114.039477,34.114198,0 -114.040256,34.114378,0 -114.040526,34.114415,0 -114.040777,34.114426,0 -114.041024,34.114418,0 -114.041282,34.114377,0 -114.041544,34.114317,0 -114.042068,34.114174,0 -114.042298,34.114143,0 -114.042509,34.114137,0 -114.042719,34.114169,0 -114.042915,34.114228,0 -114.043082,34.114316,0 -114.043226,34.114429,0 -114.043329,34.114564,0 -114.043421,34.114718,0 -114.043507,34.114893,0 -114.043626,34.115074,0 -114.043749,34.115211,0 -114.043893,34.115326,0 -114.044066,34.115432,0 -114.044271,34.115529,0 -114.044494,34.115604,0 -114.044717,34.115634,0 -114.044928,34.115626,0 -114.045401,34.115645,0 -114.045629,34.115682,0 -114.045963,34.115713,0 -114.046355,34.11571,0 -114.046576,34.115694,0 -114.046855,34.115647,0 -114.047578,34.11545,0 -114.047951,34.115395,0 -114.048184,34.115371,0 -114.048439,34.115379,0 -114.049572,34.115329,0 -114.050032,34.115337,0 -114.05025,34.115361,0 -114.050709,34.115452,0 -114.051177,34.115581,0 -114.051384,34.115658,0 -114.051694,34.115808,0 -114.05203,34.116017,0 -114.052189,34.116137,0 -114.053111,34.116932,0 -114.053286,34.117066,0 -114.053486,34.117194,0 -114.053714,34.117298,0 -114.053946,34.117388,0 -114.05442,34.117538,0 -114.054677,34.117608,0 -114.054942,34.117672,0 -114.055213,34.117722,0 -114.056013,34.117843,0 -114.056237,34.117889,0 -114.056443,34.117963,0 -114.056649,34.118049,0 -114.056852,34.118162,0 -114.057264,34.118413,0 -114.057685,34.118686,0 -114.057897,34.118807,0 -114.058112,34.118896,0 -114.058338,34.118965,0 -114.059319,34.119166,0 -114.059514,34.119227,0 -114.059682,34.119299,0 -114.059819,34.119382,0 -114.060064,34.119562,0 -114.060197,34.119639,0 -114.060428,34.119747,0 -114.061089,34.119989,0 -114.061499,34.120163,0 -114.062306,34.120564,0 -114.06278759,34.12083355,0 -114.06306084,34.12096478,0 -114.06328671,34.12108928,0 -114.06356792,34.12114137,0 -114.064669,34.120965,0 -114.06560615,34.12074568,0 -114.06623591,34.12063035,0 -114.06707495,34.1205036,0 -114.06756078,34.12037153,0 -114.06774832,34.12023441,0 -114.06811213,34.1201649,0 -114.06836599,34.12016162,0 -114.06884826,34.12012355,0 -114.06913702,34.12007057,0 -114.06967873,34.11989187,0 -114.07026901,34.11960703,0 -114.070474,34.119418,0 -114.070848,34.119037,0 -114.070992,34.118907,0 -114.071157,34.118788,0 -114.071314,34.11869,0 -114.071467,34.118619,0 -114.07163,34.118568,0 -114.071958,34.118507,0 -114.072105,34.118511,0 -114.072439,34.118581,0 -114.072817,34.118685,0 -114.072998,34.118716,0 -114.074177,34.118729,0 -114.07434,34.118708,0 -114.074477,34.118658,0 -114.074621,34.118584,0 -114.075098,34.11827,0 -114.075477,34.118082,0 -114.075646,34.118028,0 -114.076024,34.117948,0 -114.076175,34.117948,0 -114.076329,34.117967,0 -114.0765,34.118003,0 -114.076696,34.118026,0 -114.077124,34.118042,0 -114.077289,34.11807,0 -114.077405,34.118131,0 -114.077655,34.118315,0 -114.077797,34.118388,0 -114.07795,34.118426,0 -114.078324,34.118465,0 -114.078531,34.118502,0 -114.07913,34.118641,0 -114.079414,34.118627,0 -114.079875,34.11846,0 -114.08007,34.118419,0 -114.080247,34.118417,0 -114.080577,34.118437,0 -114.080821,34.118437,0 -114.081092,34.11842,0 -114.081188,34.118428,0 -114.081289,34.118459,0 -114.081428,34.118543,0 -114.081507,34.118615,0 -114.081627,34.118767,0 -114.081807,34.119061,0 -114.082012,34.119336,0 -114.082182,34.119467,0 -114.082276,34.11952,0 -114.082367,34.119546,0 -114.082475,34.119557,0 -114.082726,34.119526,0 -114.08305212,34.11953009,0 -114.08316648,34.11956821,0 -114.08335061,34.11958678,0 -114.08377596,34.1196306,0 -114.08386666,34.1196351,0 -114.08397573,34.11965485,0 -114.08436483,34.11971855,0 -114.084643,34.119715,0 -114.084747,34.119697,0 -114.084978,34.119618,0 -114.08552,34.119401,0 -114.085654,34.11936,0 -114.086445,34.119137,0 -114.087568,34.118845,0 -114.087738,34.118728,0 -114.088462,34.118433,0 -114.089014,34.118195,0 -114.0890830856573,34.11816839886761,0 -114.089466,34.118023,0 -114.090307,34.117726,0 -114.090645,34.117628,0 -114.091081,34.11752,0 -114.091424966595,34.11741708493403,0 -114.0915025185849,34.11739858077244,0 -114.091605,34.117367,0 -114.091836,34.117297,0 -114.092092,34.117238,0 -114.09241,34.11718,0 -114.092752,34.117131,0 -114.09368,34.116941,0 -114.093961,34.116936,0 -114.094256,34.116968,0 -114.094545,34.116986,0 -114.09526,34.117001,0 -114.095422,34.11702,0 -114.0957,34.117078,0 -114.09579,34.117109,0 -114.095869,34.117161,0 -114.09602,34.117325,0 -114.096082,34.117429,0 -114.096161,34.117535,0 -114.096263,34.117622,0 -114.096499,34.117783,0 -114.096615,34.117878,0 -114.096755,34.118063,0 -114.096856,34.11814,0 -114.096965,34.118196,0 -114.097089,34.118244,0 -114.09748,34.118365,0 -114.097868,34.118437,0 -114.098315,34.118563,0 -114.098604,34.118539,0 -114.098869,34.118568,0 -114.098941,34.118606,0 -114.098983,34.11866,0 -114.099024,34.118815,0 -114.099094,34.118999,0 -114.099097,34.119092,0 -114.099068,34.119224,0 -114.099087,34.119325,0 -114.099083,34.119378,0 -114.099302,34.119578,0 -114.09951,34.119717,0 -114.099563,34.119779,0 -114.099594,34.119846,0 -114.099606,34.12002,0 -114.09957,34.120155,0 -114.099575,34.120215,0 -114.09962,34.12035,0 -114.099646,34.120395,0 -114.099679,34.120429,0 -114.09973,34.120466,0 -114.099843,34.120519,0 -114.099922,34.120529,0 -114.100111,34.120525,0 -114.100337,34.120482,0 -114.10044,34.120439,0 -114.100634,34.120307,0 -114.100793,34.120133,0 -114.100898,34.120045,0 -114.101454,34.11952,0 -114.101605,34.119344,0 -114.101735,34.119133,0 -114.101808,34.119061,0 -114.102002,34.118917,0 -114.102243,34.118779,0 -114.102393,34.118729,0 -114.102552,34.11869,0 -114.102708,34.118672,0 -114.103048,34.118662,0 -114.103227,34.118673,0 -114.103768,34.118735,0 -114.104028,34.118779,0 -114.104204,34.118844,0 -114.104562,34.119056,0 -114.104696,34.119112,0 -114.104817,34.119139,0 -114.10494,34.119142,0 -114.10554,34.119078,0 -114.105819,34.11906,0 -114.106342,34.118961,0 -114.106841,34.118927,0 -114.106932,34.118894,0 -114.107018,34.118832,0 -114.107189,34.118659,0 -114.107265,34.118603,0 -114.107351,34.11859,0 -114.107657,34.118624,0 -114.107773,34.118623,0 -114.108363,34.118568,0 -114.108631,34.118556,0 -114.109278,34.118575,0 -114.109755,34.118572,0 -114.110203,34.118598,0 -114.110591,34.118679,0 -114.110679,34.118703,0 -114.111181,34.118922,0 -114.111419,34.118982,0 -114.112173,34.11901,0 -114.112567,34.119078,0 -114.112904,34.119149,0 -114.113542,34.119223,0 -114.113676,34.119226,0 -114.114084,34.119131,0 -114.114169,34.119127,0 -114.114259,34.11914,0 -114.114497,34.119211,0 -114.114622,34.119266,0 -114.11483,34.119382,0 -114.115104,34.119589,0 -114.11543,34.119863,0 -114.115561,34.119949,0 -114.115712,34.120012,0 -114.116036,34.120101,0 -114.116176,34.120122,0 -114.116696,34.120123,0 -114.116832,34.120108,0 -114.117075,34.120052,0 -114.117216,34.120046,0 -114.117342,34.120061,0 -114.117458,34.120096,0 -114.117581,34.120154,0 -114.117968,34.120382,0 -114.11813,34.120461,0 -114.118713,34.120652,0 -114.119248,34.120803,0 -114.119722,34.120912,0 -114.120056,34.121,0 -114.120411,34.121066,0 -114.120834,34.121168,0 -114.121098,34.12122,0 -114.121215,34.121228,0 -114.121347,34.121218,0 -114.121631,34.121178,0 -114.121731,34.12119,0 -114.122,34.121326,0 -114.122675,34.121772,0 -114.122741,34.121792,0 -114.122825,34.121784,0 -114.122923,34.121747,0 -114.12313,34.121645,0 -114.123312,34.121596,0 -114.12366,34.121542,0 -114.123907,34.121536,0 -114.124036,34.121547,0 -114.124159,34.121575,0 -114.124265,34.121606,0 -114.124344,34.121645,0 -114.124408,34.121694,0 -114.124467,34.121763,0 -114.124519,34.121843,0 -114.124553,34.121917,0 -114.124593,34.121967,0 -114.124663,34.121991,0 -114.124754,34.121993,0 -114.124847,34.121965,0 -114.124931,34.121911,0 -114.125107,34.121771,0 -114.12521,34.12171,0 -114.125322,34.121679,0 -114.125442,34.121671,0 -114.125554,34.121676,0 -114.125648,34.121704,0 -114.125728,34.121763,0 -114.125809,34.121835,0 -114.125969,34.122016,0 -114.126057,34.122079,0 -114.12614,34.122083,0 -114.126224,34.122051,0 -114.126303,34.121991,0 -114.126359,34.121904,0 -114.126428,34.121715,0 -114.126479,34.121667,0 -114.126559,34.121641,0 -114.126767,34.121651,0 -114.126879,34.121677,0 -114.127088,34.121707,0 -114.127658,34.121747,0 -114.128057,34.12183,0 -114.128317,34.121903,0 -114.128985,34.122196,0 -114.12944,34.122373,0 -114.130656,34.122774,0 -114.131056,34.122946,0 -114.13182,34.123358,0 -114.131996,34.12347,0 -114.132405,34.123768,0 -114.132522,34.123867,0 -114.132676,34.124031,0 -114.132768,34.124177,0 -114.132815,34.124332,0 -114.132835,34.124556,0 -114.132818,34.124933,0 -114.132851,34.12515,0 -114.132857,34.125337,0 -114.132851,34.125427,0 -114.132789,34.125793,0 -114.132767,34.126003,0 -114.1328,34.126427,0 -114.132805,34.126689,0 -114.132797,34.127115,0 -114.132766,34.127544,0 -114.132791,34.127833,0 -114.132826,34.12795,0 -114.132926,34.128193,0 -114.133071,34.128452,0 -114.13316,34.128582,0 -114.133558,34.129079,0 -114.133628,34.12919,0 -114.133773,34.129535,0 -114.133828,34.129641,0 -114.133896,34.129729,0 -114.13399,34.129809,0 -114.134108,34.12988,0 -114.13424,34.129939,0 -114.134534,34.130048,0 -114.13468,34.130115,0 -114.134788,34.130185,0 -114.134862,34.130264,0 -114.134904,34.130367,0 -114.134912,34.130596,0 -114.134927,34.130699,0 -114.134971,34.130798,0 -114.134997,34.130916,0 -114.135092,34.131153,0 -114.135435,34.131606,0 -114.135521,34.131739,0 -114.13568,34.131935,0 -114.135775,34.132008,0 -114.135898,34.13207,0 -114.136203,34.132171,0 -114.136343,34.132239,0 -114.136547,34.132381,0 -114.136963,34.132613,0 -114.137091,34.132672,0 -114.137379,34.132781,0 -114.13755,34.132832,0 -114.138102,34.132957,0 -114.138278,34.133007,0 -114.13842,34.133067,0 -114.138685,34.133233,0 -114.139175,34.133505,0 -114.139313,34.133594,0 -114.139425,34.133681,0 -114.139849,34.134104,0 -114.140381,34.134592,0 -114.140641,34.134782,0 -114.140988,34.134965,0 -114.141183,34.135025,0 -114.141751,34.135167,0 -114.142367,34.135361,0 -114.14271,34.135455,0 -114.142988,34.135552,0 -114.143126,34.135616,0 -114.143253,34.135694,0 -114.143373,34.135804,0 -114.143483,34.135933,0 -114.143572,34.136058,0 -114.143636,34.136189,0 -114.143728,34.13634,0 -114.143838,34.136491,0 -114.14395,34.136622,0 -114.144058,34.136716,0 -114.144435,34.136957,0 -114.144581,34.137039,0 -114.145505,34.137518,0 -114.146272,34.137879,0 -114.146397,34.137978,0 -114.146621,34.138225,0 -114.146725,34.138372,0 -114.146811,34.138522,0 -114.146916,34.138802,0 -114.146964,34.138906,0 -114.147428,34.139571,0 -114.14753,34.139676,0 -114.147595,34.139708,0 -114.147673,34.139718,0 -114.147814,34.139681,0 -114.147895,34.139645,0 -114.148046,34.139517,0 -114.148119,34.139432,0 -114.148414,34.139024,0 -114.148589,34.138803,0 -114.148775,34.138584,0 -114.148884,34.138479,0 -114.149122,34.138279,0 -114.149246,34.13819,0 -114.149948,34.137729,0 -114.15035,34.137407,0 -114.150622,34.13713,0 -114.150932,34.136846,0 -114.151088,34.136629,0 -114.151146,34.136568,0 -114.151227,34.136506,0 -114.151428,34.136398,0 -114.151686,34.136336,0 -114.151972,34.136248,0 -114.15211,34.136201,0 -114.152233,34.136142,0 -114.152344,34.136048,0 -114.152443,34.135931,0 -114.152649,34.135657,0 -114.152985,34.135282,0 -114.153346,34.134901,0 -114.153449,34.13481,0 -114.15383,34.134608,0 -114.154266,34.13436,0 -114.154629,34.134181,0 -114.15576,34.133666,0 -114.15594,34.133561,0 -114.156082,34.133457,0 -114.156193,34.133338,0 -114.156296,34.133209,0 -114.156444,34.132916,0 -114.156659,34.132577,0 -114.156893,34.132239,0 -114.158319,34.130303,0 -114.15855,34.129943,0 -114.158716,34.129721,0 -114.158835,34.129628,0 -114.158922,34.129583,0 -114.159028,34.129552,0 -114.159143,34.129542,0 -114.159285,34.129559,0 -114.159477,34.129606,0 -114.159648,34.129685,0 -114.160308,34.130069,0 -114.16064647,34.13025941,0 -114.16087388,34.1303357,0 -114.16099942,34.1303609,0 -114.161255,34.13035,0 -114.161415,34.130362,0 -114.161516,34.130332,0 -114.16162,34.130285,0 -114.161723,34.130219,0 -114.161889,34.130037,0 -114.161992,34.129838,0 -114.162024,34.129752,0 -114.162212,34.129403,0 -114.162272,34.129343,0 -114.162342,34.129303,0 -114.162411,34.129271,0 -114.162557,34.129223,0 -114.16264,34.129199,0 -114.162979,34.129089,0 -114.163042,34.129063,0 -114.163075,34.129047,0 -114.163125,34.12903,0 
						</coordinates>
					</LineString>
					<LineString>
						<coordinates>
							-114.163134,34.129023,0 -114.163338,34.128914,0 -114.163408,34.128886,0 -114.163481,34.12886,0 -114.1637,34.128771,0 -114.163985,34.128692,0 -114.164274,34.128661,0 -114.164554,34.128694,0 -114.164679,34.128721,0 -114.164888,34.128821,0 -114.164958,34.128847,0 -114.165101,34.128884,0 -114.165132,34.128895,0 -114.165362,34.128969,0 -114.165401,34.12898,0 -114.16545,34.128998,0 -114.166191,34.129294,0 -114.166709,34.129569,0 -114.167348,34.129956,0 -114.168822,34.130513,0 -114.171212,34.131513,0 -114.171379,34.131569,0 -114.171765,34.131733,0 -114.171839,34.131793,0 -114.171863,34.131866,0 -114.171851,34.131929,0 -114.171784,34.131979,0 -114.171689,34.131999,0 -114.171574,34.131991,0 -114.171465,34.131946,0 -114.171349,34.131894,0 -114.170503,34.131672,0 -114.169836,34.131518,0 -114.16942,34.131475,0 -114.169144,34.131502,0 -114.169011,34.131496,0 -114.168729,34.131451,0 -114.168618,34.131429,0 -114.168556,34.131415,0 -114.168476,34.131414,0 -114.167808,34.131359,0 -114.167474,34.131368,0 -114.167369,34.13139,0 -114.167282,34.131423,0 -114.167196,34.131459,0 -114.166735,34.131586,0 -114.166688,34.131601,0 -114.166312,34.131711,0 -114.166245,34.131756,0 -114.166213,34.131787,0 -114.166146,34.131866,0 -114.166093,34.131964,0 -114.165919,34.132247,0 -114.165852,34.132383,0 -114.165828,34.13253,0 -114.165818,34.132678,0 -114.16577,34.132818,0 -114.165665,34.132932,0 -114.165534,34.133012,0 -114.165232,34.133175,0 -114.16509,34.133265,0 -114.164956,34.133359,0 -114.164668,34.133539,0 -114.1645,34.133592,0 -114.164121,34.133561,0 -114.163938,34.13354,0 -114.163754,34.133506,0 -114.163592,34.133451,0 -114.163276,34.133301,0 -114.163105,34.133249,0 -114.162926,34.133227,0 -114.162745,34.133219,0 -114.162562,34.133229,0 -114.162395,34.133271,0 -114.162092,34.133371,0 -114.16204917,34.13339052,0 
						</coordinates>
					</LineString>
				</MultiGeometry>
			</Placemark>
			<Folder>
				<name>Mile Marker</name>
				<Placemark>
					<name>1</name>
					<LookAt>
						<longitude>-114.15202913</longitude>
						<latitude>34.14008178</latitude>
						<altitude>0</altitude>
						<heading>0</heading>
						<tilt>0</tilt>
						<range>200</range>
					</LookAt>
					<styleUrl>#Point_Mile_Marker_-1_0311</styleUrl>
					<ExtendedData>
						<Data name="Type">
							<value>Mile Marker</value>
						</Data>
						<Data name="Symbol">
							<value>Waypoint</value>
						</Data>
						<Data name="Name on GPS">
						</Data>
						<Data name="Comment">
						</Data>
						<Data name="Latitude">
							<value>N34.14008</value>
						</Data>
						<Data name="Longitude">
							<value>W114.15203</value>
						</Data>
						<Data name="Elevation">
							<value>782.69 ft</value>
						</Data>
						<Data name="Distance to Active Point">
							<value>1.13 mi</value>
						</Data>
						<Data name="Bearing">
							<value>56.16° True</value>
						</Data>
					</ExtendedData>
					<Point>
						<coordinates>-114.15202913,34.14008178,0</coordinates>
					</Point>
				</Placemark>
				<Placemark>
					<name>2</name>
					<LookAt>
						<longitude>-114.15939223</longitude>
						<latitude>34.15022827</latitude>
						<altitude>0</altitude>
						<heading>0</heading>
						<tilt>0</tilt>
						<range>200</range>
					</LookAt>
					<styleUrl>#Point_Mile_Marker_-1_0311</styleUrl>
					<ExtendedData>
						<Data name="Type">
							<value>Mile Marker</value>
						</Data>
						<Data name="Symbol">
							<value>Waypoint</value>
						</Data>
						<Data name="Name on GPS">
						</Data>
						<Data name="Comment">
						</Data>
						<Data name="Latitude">
							<value>N34.15023</value>
						</Data>
						<Data name="Longitude">
							<value>W114.15939</value>
						</Data>
						<Data name="Elevation">
							<value>741.89 ft</value>
						</Data>
						<Data name="Distance to Active Point">
							<value>1.43 mi</value>
						</Data>
						<Data name="Bearing">
							<value>21.28° True</value>
						</Data>
					</ExtendedData>
					<Point>
						<coordinates>-114.15939223,34.15022827,0</coordinates>
					</Point>
				</Placemark>
				<Placemark>
					<name>3</name>
					<LookAt>
						<longitude>-114.17388109</longitude>
						<latitude>34.1552407</latitude>
						<altitude>0</altitude>
						<heading>0</heading>
						<tilt>0</tilt>
						<range>200</range>
					</LookAt>
					<styleUrl>#Point_Mile_Marker_-1_0311</styleUrl>
					<ExtendedData>
						<Data name="Type">
							<value>Mile Marker</value>
						</Data>
						<Data name="Symbol">
							<value>Waypoint</value>
						</Data>
						<Data name="Name on GPS">
						</Data>
						<Data name="Comment">
						</Data>
						<Data name="Latitude">
							<value>N34.15524</value>
						</Data>
						<Data name="Longitude">
							<value>W114.17388</value>
						</Data>
						<Data name="Elevation">
							<value>663.67 ft</value>
						</Data>
						<Data name="Distance to Active Point">
							<value>1.70 mi</value>
						</Data>
						<Data name="Bearing">
							<value>349.43° True</value>
						</Data>
					</ExtendedData>
					<Point>
						<coordinates>-114.17388109,34.1552407,0</coordinates>
					</Point>
				</Placemark>
				<Placemark>
					<name>4</name>
					<LookAt>
						<longitude>-114.18494881</longitude>
						<latitude>34.15564593</latitude>
						<altitude>0</altitude>
						<heading>0</heading>
						<tilt>0</tilt>
						<range>200</range>
					</LookAt>
					<styleUrl>#Point_Mile_Marker_-1_0311</styleUrl>
					<ExtendedData>
						<Data name="Type">
							<value>Mile Marker</value>
						</Data>
						<Data name="Symbol">
							<value>Waypoint</value>
						</Data>
						<Data name="Name on GPS">
						</Data>
						<Data name="Comment">
						</Data>
						<Data name="Latitude">
							<value>N34.15565</value>
						</Data>
						<Data name="Longitude">
							<value>W114.18495</value>
						</Data>
						<Data name="Elevation">
							<value>578.68 ft</value>
						</Data>
						<Data name="Distance to Active Point">
							<value>1.95 mi</value>
						</Data>
						<Data name="Bearing">
							<value>330.93° True</value>
						</Data>
					</ExtendedData>
					<Point>
						<coordinates>-114.18494881,34.15564593,0</coordinates>
					</Point>
				</Placemark>
				<Placemark>
					<name>5</name>
					<LookAt>
						<longitude>-114.19803392</longitude>
						<latitude>34.14982111</latitude>
						<altitude>0</altitude>
						<heading>0</heading>
						<tilt>0</tilt>
						<range>200</range>
					</LookAt>
					<styleUrl>#Point_Mile_Marker_-1_0311</styleUrl>
					<ExtendedData>
						<Data name="Type">
							<value>Mile Marker</value>
						</Data>
						<Data name="Symbol">
							<value>Waypoint</value>
						</Data>
						<Data name="Name on GPS">
						</Data>
						<Data name="Comment">
						</Data>
						<Data name="Latitude">
							<value>N34.14982</value>
						</Data>
						<Data name="Longitude">
							<value>W114.19803</value>
						</Data>
						<Data name="Elevation">
							<value>552.51 ft</value>
						</Data>
						<Data name="Distance to Active Point">
							<value>2.14 mi</value>
						</Data>
						<Data name="Bearing">
							<value>307.50° True</value>
						</Data>
					</ExtendedData>
					<Point>
						<coordinates>-114.19803392,34.14982111,0</coordinates>
					</Point>
				</Placemark>
				<Placemark>
					<name>6</name>
					<LookAt>
						<longitude>-114.18631219</longitude>
						<latitude>34.14132171</latitude>
						<altitude>0</altitude>
						<heading>0</heading>
						<tilt>0</tilt>
						<range>200</range>
					</LookAt>
					<styleUrl>#Point_Mile_Marker_-1_0311</styleUrl>
					<ExtendedData>
						<Data name="Type">
							<value>Mile Marker</value>
						</Data>
						<Data name="Symbol">
							<value>Waypoint</value>
						</Data>
						<Data name="Name on GPS">
						</Data>
						<Data name="Comment">
						</Data>
						<Data name="Latitude">
							<value>N34.14132</value>
						</Data>
						<Data name="Longitude">
							<value>W114.18631</value>
						</Data>
						<Data name="Elevation">
							<value>603.09 ft</value>
						</Data>
						<Data name="Distance to Active Point">
							<value>1.25 mi</value>
						</Data>
						<Data name="Bearing">
							<value>304.93° True</value>
						</Data>
					</ExtendedData>
					<Point>
						<coordinates>-114.18631219,34.14132171,0</coordinates>
					</Point>
				</Placemark>
				<Placemark>
					<name>7</name>
					<LookAt>
						<longitude>-114.17637415</longitude>
						<latitude>34.13058448</latitude>
						<altitude>0</altitude>
						<heading>0</heading>
						<tilt>0</tilt>
						<range>200</range>
					</LookAt>
					<styleUrl>#Point_Mile_Marker_-1_0311</styleUrl>
					<ExtendedData>
						<Data name="Type">
							<value>Mile Marker</value>
						</Data>
						<Data name="Symbol">
							<value>Waypoint</value>
						</Data>
						<Data name="Name on GPS">
						</Data>
						<Data name="Comment">
						</Data>
						<Data name="Latitude">
							<value>N34.13058</value>
						</Data>
						<Data name="Longitude">
							<value>W114.17637</value>
						</Data>
						<Data name="Elevation">
							<value>662.32 ft</value>
						</Data>
						<Data name="Distance to Active Point">
							<value>0.46 mi</value>
						</Data>
						<Data name="Bearing">
							<value>266.92° True</value>
						</Data>
					</ExtendedData>
					<Point>
						<coordinates>-114.17637415,34.13058448,0</coordinates>
					</Point>
				</Placemark>
				<Placemark>
					<name>8</name>
					<LookAt>
						<longitude>-114.16134625</longitude>
						<latitude>34.12399154</latitude>
						<altitude>0</altitude>
						<heading>0</heading>
						<tilt>0</tilt>
						<range>200</range>
					</LookAt>
					<styleUrl>#Point_Mile_Marker_-1_0311</styleUrl>
					<ExtendedData>
						<Data name="Type">
							<value>Mile Marker</value>
						</Data>
						<Data name="Symbol">
							<value>Waypoint</value>
						</Data>
						<Data name="Name on GPS">
						</Data>
						<Data name="Comment">
						</Data>
						<Data name="Latitude">
							<value>N34.12399</value>
						</Data>
						<Data name="Longitude">
							<value>W114.16135</value>
						</Data>
						<Data name="Elevation">
							<value>714.35 ft</value>
						</Data>
						<Data name="Distance to Active Point">
							<value>0.63 mi</value>
						</Data>
						<Data name="Bearing">
							<value>139.71° True</value>
						</Data>
					</ExtendedData>
					<Point>
						<coordinates>-114.16134625,34.12399154,0</coordinates>
					</Point>
				</Placemark>
				<Placemark>
					<name>9</name>
					<LookAt>
						<longitude>-114.14535789</longitude>
						<latitude>34.11882535</latitude>
						<altitude>0</altitude>
						<heading>0</heading>
						<tilt>0</tilt>
						<range>200</range>
					</LookAt>
					<styleUrl>#Point_Mile_Marker_-1_0311</styleUrl>
					<ExtendedData>
						<Data name="Type">
							<value>Mile Marker</value>
						</Data>
						<Data name="Symbol">
							<value>Waypoint</value>
						</Data>
						<Data name="Name on GPS">
						</Data>
						<Data name="Comment">
						</Data>
						<Data name="Latitude">
							<value>N34.11883</value>
						</Data>
						<Data name="Longitude">
							<value>W114.14536</value>
						</Data>
						<Data name="Elevation">
							<value>766.40 ft</value>
						</Data>
						<Data name="Distance to Active Point">
							<value>1.56 mi</value>
						</Data>
						<Data name="Bearing">
							<value>122.26° True</value>
						</Data>
					</ExtendedData>
					<Point>
						<coordinates>-114.14535789,34.11882535,0</coordinates>
					</Point>
				</Placemark>
				<Placemark>
					<name>10</name>
					<LookAt>
						<longitude>-114.13187321</longitude>
						<latitude>34.11548464</latitude>
						<altitude>0</altitude>
						<heading>0</heading>
						<tilt>0</tilt>
						<range>200</range>
					</LookAt>
					<styleUrl>#Point_Mile_Marker_-1_0311</styleUrl>
					<ExtendedData>
						<Data name="Type">
							<value>Mile Marker</value>
						</Data>
						<Data name="Symbol">
							<value>Waypoint</value>
						</Data>
						<Data name="Name on GPS">
						</Data>
						<Data name="Comment">
						</Data>
						<Data name="Latitude">
							<value>N34.11548</value>
						</Data>
						<Data name="Longitude">
							<value>W114.13187</value>
						</Data>
						<Data name="Elevation">
							<value>808.82 ft</value>
						</Data>
						<Data name="Distance to Active Point">
							<value>2.35 mi</value>
						</Data>
						<Data name="Bearing">
							<value>116.94° True</value>
						</Data>
					</ExtendedData>
					<Point>
						<coordinates>-114.13187321,34.11548464,0</coordinates>
					</Point>
				</Placemark>
				<Placemark>
					<name>11</name>
					<LookAt>
						<longitude>-114.11555211</longitude>
						<latitude>34.11132131</latitude>
						<altitude>0</altitude>
						<heading>0</heading>
						<tilt>0</tilt>
						<range>200</range>
					</LookAt>
					<styleUrl>#Point_Mile_Marker_-1_0311</styleUrl>
					<ExtendedData>
						<Data name="Type">
							<value>Mile Marker</value>
						</Data>
						<Data name="Symbol">
							<value>Waypoint</value>
						</Data>
						<Data name="Name on GPS">
						</Data>
						<Data name="Comment">
						</Data>
						<Data name="Latitude">
							<value>N34.11132</value>
						</Data>
						<Data name="Longitude">
							<value>W114.11555</value>
						</Data>
						<Data name="Elevation">
							<value>856.61 ft</value>
						</Data>
						<Data name="Distance to Active Point">
							<value>3.32 mi</value>
						</Data>
						<Data name="Bearing">
							<value>114.03° True</value>
						</Data>
					</ExtendedData>
					<Point>
						<coordinates>-114.11555211,34.11132131,0</coordinates>
					</Point>
				</Placemark>
				<Placemark>
					<name>12</name>
					<LookAt>
						<longitude>-114.09945341</longitude>
						<latitude>34.11269165</latitude>
						<altitude>0</altitude>
						<heading>0</heading>
						<tilt>0</tilt>
						<range>200</range>
					</LookAt>
					<styleUrl>#Point_Mile_Marker_-1_0311</styleUrl>
					<ExtendedData>
						<Data name="Type">
							<value>Mile Marker</value>
						</Data>
						<Data name="Symbol">
							<value>Waypoint</value>
						</Data>
						<Data name="Name on GPS">
						</Data>
						<Data name="Comment">
						</Data>
						<Data name="Latitude">
							<value>N34.11269</value>
						</Data>
						<Data name="Longitude">
							<value>W114.09945</value>
						</Data>
						<Data name="Elevation">
							<value>900.24 ft</value>
						</Data>
						<Data name="Distance to Active Point">
							<value>4.15 mi</value>
						</Data>
						<Data name="Bearing">
							<value>107.63° True</value>
						</Data>
					</ExtendedData>
					<Point>
						<coordinates>-114.09945341,34.11269165,0</coordinates>
					</Point>
				</Placemark>
				<Placemark>
					<name>13</name>
					<LookAt>
						<longitude>-114.0829876</longitude>
						<latitude>34.11054384</latitude>
						<altitude>0</altitude>
						<heading>0</heading>
						<tilt>0</tilt>
						<range>200</range>
					</LookAt>
					<styleUrl>#Point_Mile_Marker_-1_0311</styleUrl>
					<ExtendedData>
						<Data name="Type">
							<value>Mile Marker</value>
						</Data>
						<Data name="Symbol">
							<value>Waypoint</value>
						</Data>
						<Data name="Name on GPS">
						</Data>
						<Data name="Comment">
						</Data>
						<Data name="Latitude">
							<value>N34.11054</value>
						</Data>
						<Data name="Longitude">
							<value>W114.08299</value>
						</Data>
						<Data name="Elevation">
							<value>956.46 ft</value>
						</Data>
						<Data name="Distance to Active Point">
							<value>5.10 mi</value>
						</Data>
						<Data name="Bearing">
							<value>105.99° True</value>
						</Data>
					</ExtendedData>
					<Point>
						<coordinates>-114.0829876,34.11054384,0</coordinates>
					</Point>
				</Placemark>
				<Placemark>
					<name>14</name>
					<LookAt>
						<longitude>-114.06689619</longitude>
						<latitude>34.10723443</latitude>
						<altitude>0</altitude>
						<heading>0</heading>
						<tilt>0</tilt>
						<range>200</range>
					</LookAt>
					<styleUrl>#Point_Mile_Marker_-1_0311</styleUrl>
					<ExtendedData>
						<Data name="Type">
							<value>Mile Marker</value>
						</Data>
						<Data name="Symbol">
							<value>Waypoint</value>
						</Data>
						<Data name="Name on GPS">
						</Data>
						<Data name="Comment">
						</Data>
						<Data name="Latitude">
							<value>N34.10723</value>
						</Data>
						<Data name="Longitude">
							<value>W114.06690</value>
						</Data>
						<Data name="Elevation">
							<value>1007.33 ft</value>
						</Data>
						<Data name="Distance to Active Point">
							<value>6.05 mi</value>
						</Data>
						<Data name="Bearing">
							<value>105.65° True</value>
						</Data>
					</ExtendedData>
					<Point>
						<coordinates>-114.06689619,34.10723443,0</coordinates>
					</Point>
				</Placemark>
				<Placemark>
					<name>15</name>
					<LookAt>
						<longitude>-114.05077748</longitude>
						<latitude>34.10549494</latitude>
						<altitude>0</altitude>
						<heading>0</heading>
						<tilt>0</tilt>
						<range>200</range>
					</LookAt>
					<styleUrl>#Point_Mile_Marker_-1_0311</styleUrl>
					<ExtendedData>
						<Data name="Type">
							<value>Mile Marker</value>
						</Data>
						<Data name="Symbol">
							<value>Waypoint</value>
						</Data>
						<Data name="Name on GPS">
						</Data>
						<Data name="Comment">
						</Data>
						<Data name="Latitude">
							<value>N34.10549</value>
						</Data>
						<Data name="Longitude">
							<value>W114.05078</value>
						</Data>
						<Data name="Elevation">
							<value>1061.54 ft</value>
						</Data>
						<Data name="Distance to Active Point">
							<value>6.97 mi</value>
						</Data>
						<Data name="Bearing">
							<value>104.54° True</value>
						</Data>
					</ExtendedData>
					<Point>
						<coordinates>-114.05077748,34.10549494,0</coordinates>
					</Point>
				</Placemark>
				<Placemark>
					<name>16</name>
					<LookAt>
						<longitude>-114.03520114</longitude>
						<latitude>34.10123816</latitude>
						<altitude>0</altitude>
						<heading>0</heading>
						<tilt>0</tilt>
						<range>200</range>
					</LookAt>
					<styleUrl>#Point_Mile_Marker_-1_0311</styleUrl>
					<ExtendedData>
						<Data name="Type">
							<value>Mile Marker</value>
						</Data>
						<Data name="Symbol">
							<value>Waypoint</value>
						</Data>
						<Data name="Name on GPS">
						</Data>
						<Data name="Comment">
						</Data>
						<Data name="Latitude">
							<value>N34.10124</value>
						</Data>
						<Data name="Longitude">
							<value>W114.03520</value>
						</Data>
						<Data name="Elevation">
							<value>1120.10 ft</value>
						</Data>
						<Data name="Distance to Active Point">
							<value>7.91 mi</value>
						</Data>
						<Data name="Bearing">
							<value>104.97° True</value>
						</Data>
					</ExtendedData>
					<Point>
						<coordinates>-114.03520114,34.10123816,0</coordinates>
					</Point>
				</Placemark>
				<Placemark>
					<name>17</name>
					<LookAt>
						<longitude>-114.01811228</longitude>
						<latitude>34.1007482</latitude>
						<altitude>0</altitude>
						<heading>0</heading>
						<tilt>0</tilt>
						<range>200</range>
					</LookAt>
					<styleUrl>#Point_Mile_Marker_-1_0311</styleUrl>
					<ExtendedData>
						<Data name="Type">
							<value>Mile Marker</value>
						</Data>
						<Data name="Symbol">
							<value>Waypoint</value>
						</Data>
						<Data name="Name on GPS">
						</Data>
						<Data name="Comment">
						</Data>
						<Data name="Latitude">
							<value>N34.10075</value>
						</Data>
						<Data name="Longitude">
							<value>W114.01811</value>
						</Data>
						<Data name="Elevation">
							<value>1174.48 ft</value>
						</Data>
						<Data name="Distance to Active Point">
							<value>8.86 mi</value>
						</Data>
						<Data name="Bearing">
							<value>103.53° True</value>
						</Data>
					</ExtendedData>
					<Point>
						<coordinates>-114.01811228,34.1007482,0</coordinates>
					</Point>
				</Placemark>
				<Placemark>
					<name>18</name>
					<LookAt>
						<longitude>-114.01184608</longitude>
						<latitude>34.10710061</latitude>
						<altitude>0</altitude>
						<heading>0</heading>
						<tilt>0</tilt>
						<range>200</range>
					</LookAt>
					<styleUrl>#Point_Mile_Marker_-1_0311</styleUrl>
					<ExtendedData>
						<Data name="Type">
							<value>Mile Marker</value>
						</Data>
						<Data name="Symbol">
							<value>Waypoint</value>
						</Data>
						<Data name="Name on GPS">
						</Data>
						<Data name="Comment">
						</Data>
						<Data name="Latitude">
							<value>N34.10710</value>
						</Data>
						<Data name="Longitude">
							<value>W114.01185</value>
						</Data>
						<Data name="Elevation">
							<value>1198.47 ft</value>
						</Data>
						<Data name="Distance to Active Point">
							<value>9.13 mi</value>
						</Data>
						<Data name="Bearing">
							<value>100.33° True</value>
						</Data>
					</ExtendedData>
					<Point>
						<coordinates>-114.01184608,34.10710061,0</coordinates>
					</Point>
				</Placemark>
				<Placemark>
					<name>19</name>
					<LookAt>
						<longitude>-114.00752669</longitude>
						<latitude>34.10278013</latitude>
						<altitude>0</altitude>
						<heading>0</heading>
						<tilt>0</tilt>
						<range>200</range>
					</LookAt>
					<styleUrl>#Point_Mile_Marker_-1_0311</styleUrl>
					<ExtendedData>
						<Data name="Type">
							<value>Mile Marker</value>
						</Data>
						<Data name="Symbol">
							<value>Waypoint</value>
						</Data>
						<Data name="Name on GPS">
						</Data>
						<Data name="Comment">
						</Data>
						<Data name="Latitude">
							<value>N34.10278</value>
						</Data>
						<Data name="Longitude">
							<value>W114.00753</value>
						</Data>
						<Data name="Elevation">
							<value>1201.16 ft</value>
						</Data>
						<Data name="Distance to Active Point">
							<value>9.43 mi</value>
						</Data>
						<Data name="Bearing">
							<value>101.84° True</value>
						</Data>
					</ExtendedData>
					<Point>
						<coordinates>-114.00752669,34.10278013,0</coordinates>
					</Point>
				</Placemark>
				<Placemark>
					<name>20</name>
					<LookAt>
						<longitude>-113.99206827</longitude>
						<latitude>34.10137625</latitude>
						<altitude>0</altitude>
						<heading>0</heading>
						<tilt>0</tilt>
						<range>200</range>
					</LookAt>
					<styleUrl>#Point_Mile_Marker_-1_0311</styleUrl>
					<ExtendedData>
						<Data name="Type">
							<value>Mile Marker</value>
						</Data>
						<Data name="Symbol">
							<value>Waypoint</value>
						</Data>
						<Data name="Name on GPS">
						</Data>
						<Data name="Comment">
						</Data>
						<Data name="Latitude">
							<value>N34.10138</value>
						</Data>
						<Data name="Longitude">
							<value>W113.99207</value>
						</Data>
						<Data name="Elevation">
							<value>1238.38 ft</value>
						</Data>
						<Data name="Distance to Active Point">
							<value>10.31 mi</value>
						</Data>
						<Data name="Bearing">
							<value>101.35° True</value>
						</Data>
					</ExtendedData>
					<Point>
						<coordinates>-113.99206827,34.10137625,0</coordinates>
					</Point>
				</Placemark>
				<Placemark>
					<name>21</name>
					<LookAt>
						<longitude>-113.9766549</longitude>
						<latitude>34.10537539</latitude>
						<altitude>0</altitude>
						<heading>0</heading>
						<tilt>0</tilt>
						<range>200</range>
					</LookAt>
					<styleUrl>#Point_Mile_Marker_-1_0311</styleUrl>
					<ExtendedData>
						<Data name="Type">
							<value>Mile Marker</value>
						</Data>
						<Data name="Symbol">
							<value>Waypoint</value>
						</Data>
						<Data name="Name on GPS">
						</Data>
						<Data name="Comment">
						</Data>
						<Data name="Latitude">
							<value>N34.10538</value>
						</Data>
						<Data name="Longitude">
							<value>W113.97665</value>
						</Data>
						<Data name="Elevation">
							<value>1289.07 ft</value>
						</Data>
						<Data name="Distance to Active Point">
							<value>11.13 mi</value>
						</Data>
						<Data name="Bearing">
							<value>99.05° True</value>
						</Data>
					</ExtendedData>
					<Point>
						<coordinates>-113.9766549,34.10537539,0</coordinates>
					</Point>
				</Placemark>
				<Placemark>
					<name>22</name>
					<LookAt>
						<longitude>-113.96016352</longitude>
						<latitude>34.10839771</latitude>
						<altitude>0</altitude>
						<heading>0</heading>
						<tilt>0</tilt>
						<range>200</range>
					</LookAt>
					<styleUrl>#Point_Mile_Marker_-1_0311</styleUrl>
					<ExtendedData>
						<Data name="Type">
							<value>Mile Marker</value>
						</Data>
						<Data name="Symbol">
							<value>Waypoint</value>
						</Data>
						<Data name="Name on GPS">
						</Data>
						<Data name="Comment">
						</Data>
						<Data name="Latitude">
							<value>N34.10840</value>
						</Data>
						<Data name="Longitude">
							<value>W113.96016</value>
						</Data>
						<Data name="Elevation">
							<value>1343.95 ft</value>
						</Data>
						<Data name="Distance to Active Point">
							<value>12.04 mi</value>
						</Data>
						<Data name="Bearing">
							<value>97.36° True</value>
						</Data>
					</ExtendedData>
					<Point>
						<coordinates>-113.96016352,34.10839771,0</coordinates>
					</Point>
				</Placemark>
				<Placemark>
					<name>23</name>
					<LookAt>
						<longitude>-113.94506775</longitude>
						<latitude>34.10114513</latitude>
						<altitude>0</altitude>
						<heading>0</heading>
						<tilt>0</tilt>
						<range>200</range>
					</LookAt>
					<styleUrl>#Point_Mile_Marker_-1_0311</styleUrl>
					<ExtendedData>
						<Data name="Type">
							<value>Mile Marker</value>
						</Data>
						<Data name="Symbol">
							<value>Waypoint</value>
						</Data>
						<Data name="Name on GPS">
						</Data>
						<Data name="Comment">
						</Data>
						<Data name="Latitude">
							<value>N34.10115</value>
						</Data>
						<Data name="Longitude">
							<value>W113.94507</value>
						</Data>
						<Data name="Elevation">
							<value>1367.54 ft</value>
						</Data>
						<Data name="Distance to Active Point">
							<value>12.97 mi</value>
						</Data>
						<Data name="Bearing">
							<value>99.05° True</value>
						</Data>
					</ExtendedData>
					<Point>
						<coordinates>-113.94506775,34.10114513,0</coordinates>
					</Point>
				</Placemark>
				<Placemark>
					<name>24</name>
					<LookAt>
						<longitude>-113.9310133</longitude>
						<latitude>34.09359843</latitude>
						<altitude>0</altitude>
						<heading>0</heading>
						<tilt>0</tilt>
						<range>200</range>
					</LookAt>
					<styleUrl>#Point_Mile_Marker_-1_0311</styleUrl>
					<ExtendedData>
						<Data name="Type">
							<value>Mile Marker</value>
						</Data>
						<Data name="Symbol">
							<value>Waypoint</value>
						</Data>
						<Data name="Name on GPS">
						</Data>
						<Data name="Comment">
						</Data>
						<Data name="Latitude">
							<value>N34.09360</value>
						</Data>
						<Data name="Longitude">
							<value>W113.93101</value>
						</Data>
						<Data name="Elevation">
							<value>1368.75 ft</value>
						</Data>
						<Data name="Distance to Active Point">
							<value>13.85 mi</value>
						</Data>
						<Data name="Bearing">
							<value>100.64° True</value>
						</Data>
					</ExtendedData>
					<Point>
						<coordinates>-113.9310133,34.09359843,0</coordinates>
					</Point>
				</Placemark>
				<Placemark>
					<name>25</name>
					<LookAt>
						<longitude>-113.91713991</longitude>
						<latitude>34.08799162</latitude>
						<altitude>0</altitude>
						<heading>0</heading>
						<tilt>0</tilt>
						<range>200</range>
					</LookAt>
					<styleUrl>#Point_Mile_Marker_-1_0311</styleUrl>
					<ExtendedData>
						<Data name="Type">
							<value>Mile Marker</value>
						</Data>
						<Data name="Symbol">
							<value>Waypoint</value>
						</Data>
						<Data name="Name on GPS">
						</Data>
						<Data name="Comment">
						</Data>
						<Data name="Latitude">
							<value>N34.08799</value>
						</Data>
						<Data name="Longitude">
							<value>W113.91714</value>
						</Data>
						<Data name="Elevation">
							<value>1442.99 ft</value>
						</Data>
						<Data name="Distance to Active Point">
							<value>14.71 mi</value>
						</Data>
						<Data name="Bearing">
							<value>101.54° True</value>
						</Data>
					</ExtendedData>
					<Point>
						<coordinates>-113.91713991,34.08799162,0</coordinates>
					</Point>
				</Placemark>
				<Placemark>
					<name>26</name>
					<LookAt>
						<longitude>-113.90355077</longitude>
						<latitude>34.08227861</latitude>
						<altitude>0</altitude>
						<heading>0</heading>
						<tilt>0</tilt>
						<range>200</range>
					</LookAt>
					<styleUrl>#Point_Mile_Marker_-1_0311</styleUrl>
					<ExtendedData>
						<Data name="Type">
							<value>Mile Marker</value>
						</Data>
						<Data name="Symbol">
							<value>Waypoint</value>
						</Data>
						<Data name="Name on GPS">
						</Data>
						<Data name="Comment">
						</Data>
						<Data name="Latitude">
							<value>N34.08228</value>
						</Data>
						<Data name="Longitude">
							<value>W113.90355</value>
						</Data>
						<Data name="Elevation">
							<value>1490.98 ft</value>
						</Data>
						<Data name="Distance to Active Point">
							<value>15.55 mi</value>
						</Data>
						<Data name="Bearing">
							<value>102.38° True</value>
						</Data>
					</ExtendedData>
					<Point>
						<coordinates>-113.90355077,34.08227861,0</coordinates>
					</Point>
				</Placemark>
				<Placemark>
					<name>27</name>
					<LookAt>
						<longitude>-113.88857358</longitude>
						<latitude>34.07611025</latitude>
						<altitude>0</altitude>
						<heading>0</heading>
						<tilt>0</tilt>
						<range>200</range>
					</LookAt>
					<styleUrl>#Point_Mile_Marker_-1_0311</styleUrl>
					<ExtendedData>
						<Data name="Type">
							<value>Mile Marker</value>
						</Data>
						<Data name="Symbol">
							<value>Waypoint</value>
						</Data>
						<Data name="Name on GPS">
						</Data>
						<Data name="Comment">
						</Data>
						<Data name="Latitude">
							<value>N34.07611</value>
						</Data>
						<Data name="Longitude">
							<value>W113.88857</value>
						</Data>
						<Data name="Elevation">
							<value>1434.40 ft</value>
						</Data>
						<Data name="Distance to Active Point">
							<value>16.48 mi</value>
						</Data>
						<Data name="Bearing">
							<value>103.17° True</value>
						</Data>
					</ExtendedData>
					<Point>
						<coordinates>-113.88857358,34.07611025,0</coordinates>
					</Point>
				</Placemark>
				<Placemark>
					<name>28</name>
					<LookAt>
						<longitude>-113.89305488</longitude>
						<latitude>34.06377558</latitude>
						<altitude>0</altitude>
						<heading>0</heading>
						<tilt>0</tilt>
						<range>200</range>
					</LookAt>
					<styleUrl>#Point_Mile_Marker_-1_0311</styleUrl>
					<ExtendedData>
						<Data name="Type">
							<value>Mile Marker</value>
						</Data>
						<Data name="Symbol">
							<value>Waypoint</value>
						</Data>
						<Data name="Name on GPS">
						</Data>
						<Data name="Comment">
						</Data>
						<Data name="Latitude">
							<value>N34.06378</value>
						</Data>
						<Data name="Longitude">
							<value>W113.89305</value>
						</Data>
						<Data name="Elevation">
							<value>1395.01 ft</value>
						</Data>
						<Data name="Distance to Active Point">
							<value>16.45 mi</value>
						</Data>
						<Data name="Bearing">
							<value>106.26° True</value>
						</Data>
					</ExtendedData>
					<Point>
						<coordinates>-113.89305488,34.06377558,0</coordinates>
					</Point>
				</Placemark>
				<Placemark>
					<name>29</name>
					<LookAt>
						<longitude>-113.90166513</longitude>
						<latitude>34.05229211</latitude>
						<altitude>0</altitude>
						<heading>0</heading>
						<tilt>0</tilt>
						<range>200</range>
					</LookAt>
					<styleUrl>#Point_Mile_Marker_-1_0311</styleUrl>
					<ExtendedData>
						<Data name="Type">
							<value>Mile Marker</value>
						</Data>
						<Data name="Symbol">
							<value>Waypoint</value>
						</Data>
						<Data name="Name on GPS">
						</Data>
						<Data name="Comment">
						</Data>
						<Data name="Latitude">
							<value>N34.05229</value>
						</Data>
						<Data name="Longitude">
							<value>W113.90167</value>
						</Data>
						<Data name="Elevation">
							<value>1348.75 ft</value>
						</Data>
						<Data name="Distance to Active Point">
							<value>16.23 mi</value>
						</Data>
						<Data name="Bearing">
							<value>109.44° True</value>
						</Data>
					</ExtendedData>
					<Point>
						<coordinates>-113.90166513,34.05229211,0</coordinates>
					</Point>
				</Placemark>
				<Placemark>
					<name>30</name>
					<LookAt>
						<longitude>-113.91042985</longitude>
						<latitude>34.04007855</latitude>
						<altitude>0</altitude>
						<heading>0</heading>
						<tilt>0</tilt>
						<range>200</range>
					</LookAt>
					<styleUrl>#Point_Mile_Marker_-1_0311</styleUrl>
					<ExtendedData>
						<Data name="Type">
							<value>Mile Marker</value>
						</Data>
						<Data name="Symbol">
							<value>Waypoint</value>
						</Data>
						<Data name="Name on GPS">
						</Data>
						<Data name="Comment">
						</Data>
						<Data name="Latitude">
							<value>N34.04008</value>
						</Data>
						<Data name="Longitude">
							<value>W113.91043</value>
						</Data>
						<Data name="Elevation">
							<value>1317.26 ft</value>
						</Data>
						<Data name="Distance to Active Point">
							<value>16.07 mi</value>
						</Data>
						<Data name="Bearing">
							<value>112.87° True</value>
						</Data>
					</ExtendedData>
					<Point>
						<coordinates>-113.91042985,34.04007855,0</coordinates>
					</Point>
				</Placemark>
				<Placemark>
					<name>31</name>
					<LookAt>
						<longitude>-113.9213629</longitude>
						<latitude>34.02896518</latitude>
						<altitude>0</altitude>
						<heading>0</heading>
						<tilt>0</tilt>
						<range>200</range>
					</LookAt>
					<styleUrl>#Point_Mile_Marker_-1_0311</styleUrl>
					<ExtendedData>
						<Data name="Type">
							<value>Mile Marker</value>
						</Data>
						<Data name="Symbol">
							<value>Waypoint</value>
						</Data>
						<Data name="Name on GPS">
						</Data>
						<Data name="Comment">
						</Data>
						<Data name="Latitude">
							<value>N34.02897</value>
						</Data>
						<Data name="Longitude">
							<value>W113.92136</value>
						</Data>
						<Data name="Elevation">
							<value>1252.30 ft</value>
						</Data>
						<Data name="Distance to Active Point">
							<value>15.82 mi</value>
						</Data>
						<Data name="Bearing">
							<value>116.31° True</value>
						</Data>
					</ExtendedData>
					<Point>
						<coordinates>-113.9213629,34.02896518,0</coordinates>
					</Point>
				</Placemark>
				<Placemark>
					<name>32</name>
					<LookAt>
						<longitude>-113.93375015</longitude>
						<latitude>34.01924585</latitude>
						<altitude>0</altitude>
						<heading>0</heading>
						<tilt>0</tilt>
						<range>200</range>
					</LookAt>
					<styleUrl>#Point_Mile_Marker_-1_0311</styleUrl>
					<ExtendedData>
						<Data name="Type">
							<value>Mile Marker</value>
						</Data>
						<Data name="Symbol">
							<value>Waypoint</value>
						</Data>
						<Data name="Name on GPS">
						</Data>
						<Data name="Comment">
						</Data>
						<Data name="Latitude">
							<value>N34.01925</value>
						</Data>
						<Data name="Longitude">
							<value>W113.93375</value>
						</Data>
						<Data name="Elevation">
							<value>1203.65 ft</value>
						</Data>
						<Data name="Distance to Active Point">
							<value>15.51 mi</value>
						</Data>
						<Data name="Bearing">
							<value>119.70° True</value>
						</Data>
					</ExtendedData>
					<Point>
						<coordinates>-113.93375015,34.01924585,0</coordinates>
					</Point>
				</Placemark>
				<Placemark>
					<name>33</name>
					<LookAt>
						<longitude>-113.94584903</longitude>
						<latitude>34.01273564</latitude>
						<altitude>0</altitude>
						<heading>0</heading>
						<tilt>0</tilt>
						<range>200</range>
					</LookAt>
					<styleUrl>#Point_Mile_Marker_-1_0311</styleUrl>
					<ExtendedData>
						<Data name="Type">
							<value>Mile Marker</value>
						</Data>
						<Data name="Symbol">
							<value>Waypoint</value>
						</Data>
						<Data name="Name on GPS">
						</Data>
						<Data name="Comment">
						</Data>
						<Data name="Latitude">
							<value>N34.01274</value>
						</Data>
						<Data name="Longitude">
							<value>W113.94585</value>
						</Data>
						<Data name="Elevation">
							<value>1167.98 ft</value>
						</Data>
						<Data name="Distance to Active Point">
							<value>15.14 mi</value>
						</Data>
						<Data name="Bearing">
							<value>122.48° True</value>
						</Data>
					</ExtendedData>
					<Point>
						<coordinates>-113.94584903,34.01273564,0</coordinates>
					</Point>
				</Placemark>
				<Placemark>
					<name>34</name>
					<LookAt>
						<longitude>-113.96021303</longitude>
						<latitude>34.00496903</latitude>
						<altitude>0</altitude>
						<heading>0</heading>
						<tilt>0</tilt>
						<range>200</range>
					</LookAt>
					<styleUrl>#Point_Mile_Marker_-1_0311</styleUrl>
					<ExtendedData>
						<Data name="Type">
							<value>Mile Marker</value>
						</Data>
						<Data name="Symbol">
							<value>Waypoint</value>
						</Data>
						<Data name="Name on GPS">
						</Data>
						<Data name="Comment">
						</Data>
						<Data name="Latitude">
							<value>N34.00497</value>
						</Data>
						<Data name="Longitude">
							<value>W113.96021</value>
						</Data>
						<Data name="Elevation">
							<value>1119.75 ft</value>
						</Data>
						<Data name="Distance to Active Point">
							<value>14.77 mi</value>
						</Data>
						<Data name="Bearing">
							<value>125.96° True</value>
						</Data>
					</ExtendedData>
					<Point>
						<coordinates>-113.96021303,34.00496903,0</coordinates>
					</Point>
				</Placemark>
				<Placemark>
					<name>35</name>
					<LookAt>
						<longitude>-113.97468809</longitude>
						<latitude>33.99741326</latitude>
						<altitude>0</altitude>
						<heading>0</heading>
						<tilt>0</tilt>
						<range>200</range>
					</LookAt>
					<styleUrl>#Point_Mile_Marker_-1_0311</styleUrl>
					<ExtendedData>
						<Data name="Type">
							<value>Mile Marker</value>
						</Data>
						<Data name="Symbol">
							<value>Waypoint</value>
						</Data>
						<Data name="Name on GPS">
						</Data>
						<Data name="Comment">
						</Data>
						<Data name="Latitude">
							<value>N33.99741</value>
						</Data>
						<Data name="Longitude">
							<value>W113.97469</value>
						</Data>
						<Data name="Elevation">
							<value>1071.74 ft</value>
						</Data>
						<Data name="Distance to Active Point">
							<value>14.43 mi</value>
						</Data>
						<Data name="Bearing">
							<value>129.57° True</value>
						</Data>
					</ExtendedData>
					<Point>
						<coordinates>-113.97468809,33.99741326,0</coordinates>
					</Point>
				</Placemark>
				<Placemark>
					<name>36</name>
					<LookAt>
						<longitude>-113.98642815</longitude>
						<latitude>33.98693824</latitude>
						<altitude>0</altitude>
						<heading>0</heading>
						<tilt>0</tilt>
						<range>200</range>
					</LookAt>
					<styleUrl>#Point_Mile_Marker_-1_0311</styleUrl>
					<ExtendedData>
						<Data name="Type">
							<value>Mile Marker</value>
						</Data>
						<Data name="Symbol">
							<value>Waypoint</value>
						</Data>
						<Data name="Name on GPS">
						</Data>
						<Data name="Comment">
						</Data>
						<Data name="Latitude">
							<value>N33.98694</value>
						</Data>
						<Data name="Longitude">
							<value>W113.98643</value>
						</Data>
						<Data name="Elevation">
							<value>1026.29 ft</value>
						</Data>
						<Data name="Distance to Active Point">
							<value>14.41 mi</value>
						</Data>
						<Data name="Bearing">
							<value>133.50° True</value>
						</Data>
					</ExtendedData>
					<Point>
						<coordinates>-113.98642815,33.98693824,0</coordinates>
					</Point>
				</Placemark>
				<Placemark>
					<name>37</name>
					<LookAt>
						<longitude>-113.99477761</longitude>
						<latitude>33.97505893</latitude>
						<altitude>0</altitude>
						<heading>0</heading>
						<tilt>0</tilt>
						<range>200</range>
					</LookAt>
					<styleUrl>#Point_Mile_Marker_-1_0311</styleUrl>
					<ExtendedData>
						<Data name="Type">
							<value>Mile Marker</value>
						</Data>
						<Data name="Symbol">
							<value>Waypoint</value>
						</Data>
						<Data name="Name on GPS">
						</Data>
						<Data name="Comment">
						</Data>
						<Data name="Latitude">
							<value>N33.97506</value>
						</Data>
						<Data name="Longitude">
							<value>W113.99478</value>
						</Data>
						<Data name="Elevation">
							<value>976.55 ft</value>
						</Data>
						<Data name="Distance to Active Point">
							<value>14.65 mi</value>
						</Data>
						<Data name="Bearing">
							<value>137.11° True</value>
						</Data>
					</ExtendedData>
					<Point>
						<coordinates>-113.99477761,33.97505893,0</coordinates>
					</Point>
				</Placemark>
				<Placemark>
					<name>38</name>
					<LookAt>
						<longitude>-113.99454264</longitude>
						<latitude>33.9651554</latitude>
						<altitude>0</altitude>
						<heading>0</heading>
						<tilt>0</tilt>
						<range>200</range>
					</LookAt>
					<styleUrl>#Point_Mile_Marker_-1_0311</styleUrl>
					<ExtendedData>
						<Data name="Type">
							<value>Mile Marker</value>
						</Data>
						<Data name="Symbol">
							<value>Waypoint</value>
						</Data>
						<Data name="Name on GPS">
						</Data>
						<Data name="Comment">
						</Data>
						<Data name="Latitude">
							<value>N33.96516</value>
						</Data>
						<Data name="Longitude">
							<value>W113.99454</value>
						</Data>
						<Data name="Elevation">
							<value>969.19 ft</value>
						</Data>
						<Data name="Distance to Active Point">
							<value>15.17 mi</value>
						</Data>
						<Data name="Bearing">
							<value>138.83° True</value>
						</Data>
					</ExtendedData>
					<Point>
						<coordinates>-113.99454264,33.9651554,0</coordinates>
					</Point>
				</Placemark>
				<Placemark>
					<name>39</name>
					<LookAt>
						<longitude>-113.9781214</longitude>
						<latitude>33.96866211</latitude>
						<altitude>0</altitude>
						<heading>0</heading>
						<tilt>0</tilt>
						<range>200</range>
					</LookAt>
					<styleUrl>#Point_Mile_Marker_-1_0311</styleUrl>
					<ExtendedData>
						<Data name="Type">
							<value>Mile Marker</value>
						</Data>
						<Data name="Symbol">
							<value>Waypoint</value>
						</Data>
						<Data name="Name on GPS">
						</Data>
						<Data name="Comment">
						</Data>
						<Data name="Latitude">
							<value>N33.96866</value>
						</Data>
						<Data name="Longitude">
							<value>W113.97812</value>
						</Data>
						<Data name="Elevation">
							<value>1012.52 ft</value>
						</Data>
						<Data name="Distance to Active Point">
							<value>15.63 mi</value>
						</Data>
						<Data name="Bearing">
							<value>135.64° True</value>
						</Data>
					</ExtendedData>
					<Point>
						<coordinates>-113.9781214,33.96866211,0</coordinates>
					</Point>
				</Placemark>
				<Placemark>
					<name>40</name>
					<LookAt>
						<longitude>-113.96246416</longitude>
						<latitude>33.97343254</latitude>
						<altitude>0</altitude>
						<heading>0</heading>
						<tilt>0</tilt>
						<range>200</range>
					</LookAt>
					<styleUrl>#Point_Mile_Marker_-1_0311</styleUrl>
					<ExtendedData>
						<Data name="Type">
							<value>Mile Marker</value>
						</Data>
						<Data name="Symbol">
							<value>Waypoint</value>
						</Data>
						<Data name="Name on GPS">
						</Data>
						<Data name="Comment">
						</Data>
						<Data name="Latitude">
							<value>N33.97343</value>
						</Data>
						<Data name="Longitude">
							<value>W113.96246</value>
						</Data>
						<Data name="Elevation">
							<value>1064.30 ft</value>
						</Data>
						<Data name="Distance to Active Point">
							<value>16.05 mi</value>
						</Data>
						<Data name="Bearing">
							<value>132.52° True</value>
						</Data>
					</ExtendedData>
					<Point>
						<coordinates>-113.96246416,33.97343254,0</coordinates>
					</Point>
				</Placemark>
				<Placemark>
					<name>41</name>
					<LookAt>
						<longitude>-113.94727691</longitude>
						<latitude>33.98003451</latitude>
						<altitude>0</altitude>
						<heading>0</heading>
						<tilt>0</tilt>
						<range>200</range>
					</LookAt>
					<styleUrl>#Point_Mile_Marker_-1_0311</styleUrl>
					<ExtendedData>
						<Data name="Type">
							<value>Mile Marker</value>
						</Data>
						<Data name="Symbol">
							<value>Waypoint</value>
						</Data>
						<Data name="Name on GPS">
						</Data>
						<Data name="Comment">
						</Data>
						<Data name="Latitude">
							<value>N33.98003</value>
						</Data>
						<Data name="Longitude">
							<value>W113.94728</value>
						</Data>
						<Data name="Elevation">
							<value>1117.62 ft</value>
						</Data>
						<Data name="Distance to Active Point">
							<value>16.41 mi</value>
						</Data>
						<Data name="Bearing">
							<value>129.28° True</value>
						</Data>
					</ExtendedData>
					<Point>
						<coordinates>-113.94727691,33.98003451,0</coordinates>
					</Point>
				</Placemark>
				<Placemark>
					<name>42</name>
					<LookAt>
						<longitude>-113.93112768</longitude>
						<latitude>33.98419299</latitude>
						<altitude>0</altitude>
						<heading>0</heading>
						<tilt>0</tilt>
						<range>200</range>
					</LookAt>
					<styleUrl>#Point_Mile_Marker_-1_0311</styleUrl>
					<ExtendedData>
						<Data name="Type">
							<value>Mile Marker</value>
						</Data>
						<Data name="Symbol">
							<value>Waypoint</value>
						</Data>
						<Data name="Name on GPS">
						</Data>
						<Data name="Comment">
						</Data>
						<Data name="Latitude">
							<value>N33.98419</value>
						</Data>
						<Data name="Longitude">
							<value>W113.93113</value>
						</Data>
						<Data name="Elevation">
							<value>1169.20 ft</value>
						</Data>
						<Data name="Distance to Active Point">
							<value>16.96 mi</value>
						</Data>
						<Data name="Bearing">
							<value>126.55° True</value>
						</Data>
					</ExtendedData>
					<Point>
						<coordinates>-113.93112768,33.98419299,0</coordinates>
					</Point>
				</Placemark>
				<Placemark>
					<name>43</name>
					<LookAt>
						<longitude>-113.91413657</longitude>
						<latitude>33.98556102</latitude>
						<altitude>0</altitude>
						<heading>0</heading>
						<tilt>0</tilt>
						<range>200</range>
					</LookAt>
					<styleUrl>#Point_Mile_Marker_-1_0311</styleUrl>
					<ExtendedData>
						<Data name="Type">
							<value>Mile Marker</value>
						</Data>
						<Data name="Symbol">
							<value>Waypoint</value>
						</Data>
						<Data name="Name on GPS">
						</Data>
						<Data name="Comment">
						</Data>
						<Data name="Latitude">
							<value>N33.98556</value>
						</Data>
						<Data name="Longitude">
							<value>W113.91414</value>
						</Data>
						<Data name="Elevation">
							<value>1229.99 ft</value>
						</Data>
						<Data name="Distance to Active Point">
							<value>17.70 mi</value>
						</Data>
						<Data name="Bearing">
							<value>124.41° True</value>
						</Data>
					</ExtendedData>
					<Point>
						<coordinates>-113.91413657,33.98556102,0</coordinates>
					</Point>
				</Placemark>
				<Placemark>
					<name>44</name>
					<LookAt>
						<longitude>-113.89908858</longitude>
						<latitude>33.99162568</latitude>
						<altitude>0</altitude>
						<heading>0</heading>
						<tilt>0</tilt>
						<range>200</range>
					</LookAt>
					<styleUrl>#Point_Mile_Marker_-1_0311</styleUrl>
					<ExtendedData>
						<Data name="Type">
							<value>Mile Marker</value>
						</Data>
						<Data name="Symbol">
							<value>Waypoint</value>
						</Data>
						<Data name="Name on GPS">
						</Data>
						<Data name="Comment">
						</Data>
						<Data name="Latitude">
							<value>N33.99163</value>
						</Data>
						<Data name="Longitude">
							<value>W113.89909</value>
						</Data>
						<Data name="Elevation">
							<value>1275.63 ft</value>
						</Data>
						<Data name="Distance to Active Point">
							<value>18.19 mi</value>
						</Data>
						<Data name="Bearing">
							<value>121.78° True</value>
						</Data>
					</ExtendedData>
					<Point>
						<coordinates>-113.89908858,33.99162568,0</coordinates>
					</Point>
				</Placemark>
				<Placemark>
					<name>45</name>
					<LookAt>
						<longitude>-113.88229706</longitude>
						<latitude>33.99475673</latitude>
						<altitude>0</altitude>
						<heading>0</heading>
						<tilt>0</tilt>
						<range>200</range>
					</LookAt>
					<styleUrl>#Point_Mile_Marker_-1_0311</styleUrl>
					<ExtendedData>
						<Data name="Type">
							<value>Mile Marker</value>
						</Data>
						<Data name="Symbol">
							<value>Waypoint</value>
						</Data>
						<Data name="Name on GPS">
						</Data>
						<Data name="Comment">
						</Data>
						<Data name="Latitude">
							<value>N33.99476</value>
						</Data>
						<Data name="Longitude">
							<value>W113.88230</value>
						</Data>
						<Data name="Elevation">
							<value>1324.93 ft</value>
						</Data>
						<Data name="Distance to Active Point">
							<value>18.91 mi</value>
						</Data>
						<Data name="Bearing">
							<value>119.68° True</value>
						</Data>
					</ExtendedData>
					<Point>
						<coordinates>-113.88229706,33.99475673,0</coordinates>
					</Point>
				</Placemark>
				<Placemark>
					<name>46</name>
					<LookAt>
						<longitude>-113.8663291</longitude>
						<latitude>33.99961709</latitude>
						<altitude>0</altitude>
						<heading>0</heading>
						<tilt>0</tilt>
						<range>200</range>
					</LookAt>
					<styleUrl>#Point_Mile_Marker_-1_0311</styleUrl>
					<ExtendedData>
						<Data name="Type">
							<value>Mile Marker</value>
						</Data>
						<Data name="Symbol">
							<value>Waypoint</value>
						</Data>
						<Data name="Name on GPS">
						</Data>
						<Data name="Comment">
						</Data>
						<Data name="Latitude">
							<value>N33.99962</value>
						</Data>
						<Data name="Longitude">
							<value>W113.86633</value>
						</Data>
						<Data name="Elevation">
							<value>1356.79 ft</value>
						</Data>
						<Data name="Distance to Active Point">
							<value>19.55 mi</value>
						</Data>
						<Data name="Bearing">
							<value>117.49° True</value>
						</Data>
					</ExtendedData>
					<Point>
						<coordinates>-113.8663291,33.99961709,0</coordinates>
					</Point>
				</Placemark>
				<Placemark>
					<name>47</name>
					<LookAt>
						<longitude>-113.8504313</longitude>
						<latitude>33.99806674</latitude>
						<altitude>0</altitude>
						<heading>0</heading>
						<tilt>0</tilt>
						<range>200</range>
					</LookAt>
					<styleUrl>#Point_Mile_Marker_-1_0311</styleUrl>
					<ExtendedData>
						<Data name="Type">
							<value>Mile Marker</value>
						</Data>
						<Data name="Symbol">
							<value>Waypoint</value>
						</Data>
						<Data name="Name on GPS">
						</Data>
						<Data name="Comment">
						</Data>
						<Data name="Latitude">
							<value>N33.99807</value>
						</Data>
						<Data name="Longitude">
							<value>W113.85043</value>
						</Data>
						<Data name="Elevation">
							<value>1453.99 ft</value>
						</Data>
						<Data name="Distance to Active Point">
							<value>20.41 mi</value>
						</Data>
						<Data name="Bearing">
							<value>116.57° True</value>
						</Data>
					</ExtendedData>
					<Point>
						<coordinates>-113.8504313,33.99806674,0</coordinates>
					</Point>
				</Placemark>
				<Placemark>
					<name>48</name>
					<LookAt>
						<longitude>-113.83695235</longitude>
						<latitude>33.99110831</latitude>
						<altitude>0</altitude>
						<heading>0</heading>
						<tilt>0</tilt>
						<range>200</range>
					</LookAt>
					<styleUrl>#Point_Mile_Marker_-1_0311</styleUrl>
					<ExtendedData>
						<Data name="Type">
							<value>Mile Marker</value>
						</Data>
						<Data name="Symbol">
							<value>Waypoint</value>
						</Data>
						<Data name="Name on GPS">
						</Data>
						<Data name="Comment">
						</Data>
						<Data name="Latitude">
							<value>N33.99111</value>
						</Data>
						<Data name="Longitude">
							<value>W113.83695</value>
						</Data>
						<Data name="Elevation">
							<value>1431.25 ft</value>
						</Data>
						<Data name="Distance to Active Point">
							<value>21.32 mi</value>
						</Data>
						<Data name="Bearing">
							<value>116.79° True</value>
						</Data>
					</ExtendedData>
					<Point>
						<coordinates>-113.83695235,33.99110831,0</coordinates>
					</Point>
				</Placemark>
				<Placemark>
					<name>49</name>
					<LookAt>
						<longitude>-113.82187847</longitude>
						<latitude>33.98609828</latitude>
						<altitude>0</altitude>
						<heading>0</heading>
						<tilt>0</tilt>
						<range>200</range>
					</LookAt>
					<styleUrl>#Point_Mile_Marker_-1_0311</styleUrl>
					<ExtendedData>
						<Data name="Type">
							<value>Mile Marker</value>
						</Data>
						<Data name="Symbol">
							<value>Waypoint</value>
						</Data>
						<Data name="Name on GPS">
						</Data>
						<Data name="Comment">
						</Data>
						<Data name="Latitude">
							<value>N33.98610</value>
						</Data>
						<Data name="Longitude">
							<value>W113.82188</value>
						</Data>
						<Data name="Elevation">
							<value>1391.40 ft</value>
						</Data>
						<Data name="Distance to Active Point">
							<value>22.25 mi</value>
						</Data>
						<Data name="Bearing">
							<value>116.57° True</value>
						</Data>
					</ExtendedData>
					<Point>
						<coordinates>-113.82187847,33.98609828,0</coordinates>
					</Point>
				</Placemark>
				<Placemark>
					<name>50</name>
					<LookAt>
						<longitude>-113.80451398</longitude>
						<latitude>33.98620855</latitude>
						<altitude>0</altitude>
						<heading>0</heading>
						<tilt>0</tilt>
						<range>200</range>
					</LookAt>
					<styleUrl>#Point_Mile_Marker_-1_0311</styleUrl>
					<ExtendedData>
						<Data name="Type">
							<value>Mile Marker</value>
						</Data>
						<Data name="Symbol">
							<value>Waypoint</value>
						</Data>
						<Data name="Name on GPS">
						</Data>
						<Data name="Comment">
						</Data>
						<Data name="Latitude">
							<value>N33.98621</value>
						</Data>
						<Data name="Longitude">
							<value>W113.80451</value>
						</Data>
						<Data name="Elevation">
							<value>1391.65 ft</value>
						</Data>
						<Data name="Distance to Active Point">
							<value>23.14 mi</value>
						</Data>
						<Data name="Bearing">
							<value>115.44° True</value>
						</Data>
					</ExtendedData>
					<Point>
						<coordinates>-113.80451398,33.98620855,0</coordinates>
					</Point>
				</Placemark>
				<Placemark>
					<name>51</name>
					<LookAt>
						<longitude>-113.78805576</longitude>
						<latitude>33.98361821</latitude>
						<altitude>0</altitude>
						<heading>0</heading>
						<tilt>0</tilt>
						<range>200</range>
					</LookAt>
					<styleUrl>#Point_Mile_Marker_-1_0311</styleUrl>
					<ExtendedData>
						<Data name="Type">
							<value>Mile Marker</value>
						</Data>
						<Data name="Symbol">
							<value>Waypoint</value>
						</Data>
						<Data name="Name on GPS">
						</Data>
						<Data name="Comment">
						</Data>
						<Data name="Latitude">
							<value>N33.98362</value>
						</Data>
						<Data name="Longitude">
							<value>W113.78806</value>
						</Data>
						<Data name="Elevation">
							<value>1389.18 ft</value>
						</Data>
						<Data name="Distance to Active Point">
							<value>24.07 mi</value>
						</Data>
						<Data name="Bearing">
							<value>114.85° True</value>
						</Data>
					</ExtendedData>
					<Point>
						<coordinates>-113.78805576,33.98361821,0</coordinates>
					</Point>
				</Placemark>
				<Placemark>
					<name>52</name>
					<LookAt>
						<longitude>-113.80142692</longitude>
						<latitude>33.9768524</latitude>
						<altitude>0</altitude>
						<heading>0</heading>
						<tilt>0</tilt>
						<range>200</range>
					</LookAt>
					<styleUrl>#Point_Mile_Marker_-1_0311</styleUrl>
					<ExtendedData>
						<Data name="Type">
							<value>Mile Marker</value>
						</Data>
						<Data name="Symbol">
							<value>Waypoint</value>
						</Data>
						<Data name="Name on GPS">
						</Data>
						<Data name="Comment">
						</Data>
						<Data name="Latitude">
							<value>N33.97685</value>
						</Data>
						<Data name="Longitude">
							<value>W113.80143</value>
						</Data>
						<Data name="Elevation">
							<value>1365.81 ft</value>
						</Data>
						<Data name="Distance to Active Point">
							<value>23.58 mi</value>
						</Data>
						<Data name="Bearing">
							<value>116.66° True</value>
						</Data>
					</ExtendedData>
					<Point>
						<coordinates>-113.80142692,33.9768524,0</coordinates>
					</Point>
				</Placemark>
				<Placemark>
					<name>53</name>
					<LookAt>
						<longitude>-113.81309231</longitude>
						<latitude>33.96636153</latitude>
						<altitude>0</altitude>
						<heading>0</heading>
						<tilt>0</tilt>
						<range>200</range>
					</LookAt>
					<styleUrl>#Point_Mile_Marker_-1_0311</styleUrl>
					<ExtendedData>
						<Data name="Type">
							<value>Mile Marker</value>
						</Data>
						<Data name="Symbol">
							<value>Waypoint</value>
						</Data>
						<Data name="Name on GPS">
						</Data>
						<Data name="Comment">
						</Data>
						<Data name="Latitude">
							<value>N33.96636</value>
						</Data>
						<Data name="Longitude">
							<value>W113.81309</value>
						</Data>
						<Data name="Elevation">
							<value>1346.39 ft</value>
						</Data>
						<Data name="Distance to Active Point">
							<value>23.33 mi</value>
						</Data>
						<Data name="Bearing">
							<value>118.99° True</value>
						</Data>
					</ExtendedData>
					<Point>
						<coordinates>-113.81309231,33.96636153,0</coordinates>
					</Point>
				</Placemark>
				<Placemark>
					<name>54</name>
					<LookAt>
						<longitude>-113.81406774</longitude>
						<latitude>33.95945997</latitude>
						<altitude>0</altitude>
						<heading>0</heading>
						<tilt>0</tilt>
						<range>200</range>
					</LookAt>
					<styleUrl>#Point_Mile_Marker_-1_0311</styleUrl>
					<ExtendedData>
						<Data name="Type">
							<value>Mile Marker</value>
						</Data>
						<Data name="Symbol">
							<value>Waypoint</value>
						</Data>
						<Data name="Name on GPS">
						</Data>
						<Data name="Comment">
						</Data>
						<Data name="Latitude">
							<value>N33.95946</value>
						</Data>
						<Data name="Longitude">
							<value>W113.81407</value>
						</Data>
						<Data name="Elevation">
							<value>1341.74 ft</value>
						</Data>
						<Data name="Distance to Active Point">
							<value>23.52 mi</value>
						</Data>
						<Data name="Bearing">
							<value>120.07° True</value>
						</Data>
					</ExtendedData>
					<Point>
						<coordinates>-113.81406774,33.95945997,0</coordinates>
					</Point>
				</Placemark>
				<Placemark>
					<name>55</name>
					<LookAt>
						<longitude>-113.80437888</longitude>
						<latitude>33.96957138</latitude>
						<altitude>0</altitude>
						<heading>0</heading>
						<tilt>0</tilt>
						<range>200</range>
					</LookAt>
					<styleUrl>#Point_Mile_Marker_-1_0311</styleUrl>
					<ExtendedData>
						<Data name="Type">
							<value>Mile Marker</value>
						</Data>
						<Data name="Symbol">
							<value>Waypoint</value>
						</Data>
						<Data name="Name on GPS">
						</Data>
						<Data name="Comment">
						</Data>
						<Data name="Latitude">
							<value>N33.96957</value>
						</Data>
						<Data name="Longitude">
							<value>W113.80438</value>
						</Data>
						<Data name="Elevation">
							<value>1395.34 ft</value>
						</Data>
						<Data name="Distance to Active Point">
							<value>23.66 mi</value>
						</Data>
						<Data name="Bearing">
							<value>117.93° True</value>
						</Data>
					</ExtendedData>
					<Point>
						<coordinates>-113.80437888,33.96957138,0</coordinates>
					</Point>
				</Placemark>
				<Placemark>
					<name>56</name>
					<LookAt>
						<longitude>-113.79449132</longitude>
						<latitude>33.97945293</latitude>
						<altitude>0</altitude>
						<heading>0</heading>
						<tilt>0</tilt>
						<range>200</range>
					</LookAt>
					<styleUrl>#Point_Mile_Marker_-1_0311</styleUrl>
					<ExtendedData>
						<Data name="Type">
							<value>Mile Marker</value>
						</Data>
						<Data name="Symbol">
							<value>Waypoint</value>
						</Data>
						<Data name="Name on GPS">
						</Data>
						<Data name="Comment">
						</Data>
						<Data name="Latitude">
							<value>N33.97945</value>
						</Data>
						<Data name="Longitude">
							<value>W113.79449</value>
						</Data>
						<Data name="Elevation">
							<value>1409.64 ft</value>
						</Data>
						<Data name="Distance to Active Point">
							<value>23.86 mi</value>
						</Data>
						<Data name="Bearing">
							<value>115.85° True</value>
						</Data>
					</ExtendedData>
					<Point>
						<coordinates>-113.79449132,33.97945293,0</coordinates>
					</Point>
				</Placemark>
				<Placemark>
					<name>57</name>
					<LookAt>
						<longitude>-113.77899242</longitude>
						<latitude>33.98298004</latitude>
						<altitude>0</altitude>
						<heading>0</heading>
						<tilt>0</tilt>
						<range>200</range>
					</LookAt>
					<styleUrl>#Point_Mile_Marker_-1_0311</styleUrl>
					<ExtendedData>
						<Data name="Type">
							<value>Mile Marker</value>
						</Data>
						<Data name="Symbol">
							<value>Waypoint</value>
						</Data>
						<Data name="Name on GPS">
						</Data>
						<Data name="Comment">
						</Data>
						<Data name="Latitude">
							<value>N33.98298</value>
						</Data>
						<Data name="Longitude">
							<value>W113.77899</value>
						</Data>
						<Data name="Elevation">
							<value>1429.46 ft</value>
						</Data>
						<Data name="Distance to Active Point">
							<value>24.56 mi</value>
						</Data>
						<Data name="Bearing">
							<value>114.43° True</value>
						</Data>
					</ExtendedData>
					<Point>
						<coordinates>-113.77899242,33.98298004,0</coordinates>
					</Point>
				</Placemark>
				<Placemark>
					<name>58</name>
					<LookAt>
						<longitude>-113.76280698</longitude>
						<latitude>33.98660126</latitude>
						<altitude>0</altitude>
						<heading>0</heading>
						<tilt>0</tilt>
						<range>200</range>
					</LookAt>
					<styleUrl>#Point_Mile_Marker_-1_0311</styleUrl>
					<ExtendedData>
						<Data name="Type">
							<value>Mile Marker</value>
						</Data>
						<Data name="Symbol">
							<value>Waypoint</value>
						</Data>
						<Data name="Name on GPS">
						</Data>
						<Data name="Comment">
						</Data>
						<Data name="Latitude">
							<value>N33.98660</value>
						</Data>
						<Data name="Longitude">
							<value>W113.76281</value>
						</Data>
						<Data name="Elevation">
							<value>1459.24 ft</value>
						</Data>
						<Data name="Distance to Active Point">
							<value>25.31 mi</value>
						</Data>
						<Data name="Bearing">
							<value>113.04° True</value>
						</Data>
					</ExtendedData>
					<Point>
						<coordinates>-113.76280698,33.98660126,0</coordinates>
					</Point>
				</Placemark>
				<Placemark>
					<name>59</name>
					<LookAt>
						<longitude>-113.74542862</longitude>
						<latitude>33.98660788</latitude>
						<altitude>0</altitude>
						<heading>0</heading>
						<tilt>0</tilt>
						<range>200</range>
					</LookAt>
					<styleUrl>#Point_Mile_Marker_-1_0311</styleUrl>
					<ExtendedData>
						<Data name="Type">
							<value>Mile Marker</value>
						</Data>
						<Data name="Symbol">
							<value>Waypoint</value>
						</Data>
						<Data name="Name on GPS">
						</Data>
						<Data name="Comment">
						</Data>
						<Data name="Latitude">
							<value>N33.98661</value>
						</Data>
						<Data name="Longitude">
							<value>W113.74543</value>
						</Data>
						<Data name="Elevation">
							<value>1495.90 ft</value>
						</Data>
						<Data name="Distance to Active Point">
							<value>26.23 mi</value>
						</Data>
						<Data name="Bearing">
							<value>112.17° True</value>
						</Data>
					</ExtendedData>
					<Point>
						<coordinates>-113.74542862,33.98660788,0</coordinates>
					</Point>
				</Placemark>
				<Placemark>
					<name>60</name>
					<LookAt>
						<longitude>-113.73495974</longitude>
						<latitude>33.98653315</latitude>
						<altitude>0</altitude>
						<heading>0</heading>
						<tilt>0</tilt>
						<range>200</range>
					</LookAt>
					<styleUrl>#Point_Mile_Marker_-1_0311</styleUrl>
					<ExtendedData>
						<Data name="Type">
							<value>Mile Marker</value>
						</Data>
						<Data name="Symbol">
							<value>Waypoint</value>
						</Data>
						<Data name="Name on GPS">
						</Data>
						<Data name="Comment">
						</Data>
						<Data name="Latitude">
							<value>N33.98653</value>
						</Data>
						<Data name="Longitude">
							<value>W113.73496</value>
						</Data>
						<Data name="Elevation">
							<value>1495.81 ft</value>
						</Data>
						<Data name="Distance to Active Point">
							<value>26.78 mi</value>
						</Data>
						<Data name="Bearing">
							<value>111.69° True</value>
						</Data>
					</ExtendedData>
					<Point>
						<coordinates>-113.73495974,33.98653315,0</coordinates>
					</Point>
				</Placemark>
				<Placemark>
					<name>61</name>
					<LookAt>
						<longitude>-113.71754771</longitude>
						<latitude>33.98667265</latitude>
						<altitude>0</altitude>
						<heading>0</heading>
						<tilt>0</tilt>
						<range>200</range>
					</LookAt>
					<styleUrl>#Point_Mile_Marker_-1_0311</styleUrl>
					<ExtendedData>
						<Data name="Type">
							<value>Mile Marker</value>
						</Data>
						<Data name="Symbol">
							<value>Waypoint</value>
						</Data>
						<Data name="Name on GPS">
						</Data>
						<Data name="Comment">
						</Data>
						<Data name="Latitude">
							<value>N33.98667</value>
						</Data>
						<Data name="Longitude">
							<value>W113.71755</value>
						</Data>
						<Data name="Elevation">
							<value>1551.18 ft</value>
						</Data>
						<Data name="Distance to Active Point">
							<value>27.71 mi</value>
						</Data>
						<Data name="Bearing">
							<value>110.90° True</value>
						</Data>
					</ExtendedData>
					<Point>
						<coordinates>-113.71754771,33.98667265,0</coordinates>
					</Point>
				</Placemark>
				<Placemark>
					<name>62</name>
					<LookAt>
						<longitude>-113.70013226</longitude>
						<latitude>33.98671756</latitude>
						<altitude>0</altitude>
						<heading>0</heading>
						<tilt>0</tilt>
						<range>200</range>
					</LookAt>
					<styleUrl>#Point_Mile_Marker_-1_0311</styleUrl>
					<ExtendedData>
						<Data name="Type">
							<value>Mile Marker</value>
						</Data>
						<Data name="Symbol">
							<value>Waypoint</value>
						</Data>
						<Data name="Name on GPS">
						</Data>
						<Data name="Comment">
						</Data>
						<Data name="Latitude">
							<value>N33.98672</value>
						</Data>
						<Data name="Longitude">
							<value>W113.70013</value>
						</Data>
						<Data name="Elevation">
							<value>1602.51 ft</value>
						</Data>
						<Data name="Distance to Active Point">
							<value>28.64 mi</value>
						</Data>
						<Data name="Bearing">
							<value>110.17° True</value>
						</Data>
					</ExtendedData>
					<Point>
						<coordinates>-113.70013226,33.98671756,0</coordinates>
					</Point>
				</Placemark>
				<Placemark>
					<name>63</name>
					<LookAt>
						<longitude>-113.68271801</longitude>
						<latitude>33.98664039</latitude>
						<altitude>0</altitude>
						<heading>0</heading>
						<tilt>0</tilt>
						<range>200</range>
					</LookAt>
					<styleUrl>#Point_Mile_Marker_-1_0311</styleUrl>
					<ExtendedData>
						<Data name="Type">
							<value>Mile Marker</value>
						</Data>
						<Data name="Symbol">
							<value>Waypoint</value>
						</Data>
						<Data name="Name on GPS">
						</Data>
						<Data name="Comment">
						</Data>
						<Data name="Latitude">
							<value>N33.98664</value>
						</Data>
						<Data name="Longitude">
							<value>W113.68272</value>
						</Data>
						<Data name="Elevation">
							<value>1658.36 ft</value>
						</Data>
						<Data name="Distance to Active Point">
							<value>29.58 mi</value>
						</Data>
						<Data name="Bearing">
							<value>109.51° True</value>
						</Data>
					</ExtendedData>
					<Point>
						<coordinates>-113.68271801,33.98664039,0</coordinates>
					</Point>
				</Placemark>
				<Placemark>
					<name>64</name>
					<LookAt>
						<longitude>-113.66530278</longitude>
						<latitude>33.98672822</latitude>
						<altitude>0</altitude>
						<heading>0</heading>
						<tilt>0</tilt>
						<range>200</range>
					</LookAt>
					<styleUrl>#Point_Mile_Marker_-1_0311</styleUrl>
					<ExtendedData>
						<Data name="Type">
							<value>Mile Marker</value>
						</Data>
						<Data name="Symbol">
							<value>Waypoint</value>
						</Data>
						<Data name="Name on GPS">
						</Data>
						<Data name="Comment">
						</Data>
						<Data name="Latitude">
							<value>N33.98673</value>
						</Data>
						<Data name="Longitude">
							<value>W113.66530</value>
						</Data>
						<Data name="Elevation">
							<value>1718.63 ft</value>
						</Data>
						<Data name="Distance to Active Point">
							<value>30.53 mi</value>
						</Data>
						<Data name="Bearing">
							<value>108.86° True</value>
						</Data>
					</ExtendedData>
					<Point>
						<coordinates>-113.66530278,33.98672822,0</coordinates>
					</Point>
				</Placemark>
				<Placemark>
					<name>65</name>
					<LookAt>
						<longitude>-113.64789</longitude>
						<latitude>33.98668539</latitude>
						<altitude>0</altitude>
						<heading>0</heading>
						<tilt>0</tilt>
						<range>200</range>
					</LookAt>
					<styleUrl>#Point_Mile_Marker_-1_0311</styleUrl>
					<ExtendedData>
						<Data name="Type">
							<value>Mile Marker</value>
						</Data>
						<Data name="Symbol">
							<value>Waypoint</value>
						</Data>
						<Data name="Name on GPS">
						</Data>
						<Data name="Comment">
						</Data>
						<Data name="Latitude">
							<value>N33.98669</value>
						</Data>
						<Data name="Longitude">
							<value>W113.64789</value>
						</Data>
						<Data name="Elevation">
							<value>1786.22 ft</value>
						</Data>
						<Data name="Distance to Active Point">
							<value>31.47 mi</value>
						</Data>
						<Data name="Bearing">
							<value>108.27° True</value>
						</Data>
					</ExtendedData>
					<Point>
						<coordinates>-113.64789,33.98668539,0</coordinates>
					</Point>
				</Placemark>
				<Placemark>
					<name>66</name>
					<LookAt>
						<longitude>-113.63088612</longitude>
						<latitude>33.98478315</latitude>
						<altitude>0</altitude>
						<heading>0</heading>
						<tilt>0</tilt>
						<range>200</range>
					</LookAt>
					<styleUrl>#Point_Mile_Marker_-1_0311</styleUrl>
					<ExtendedData>
						<Data name="Type">
							<value>Mile Marker</value>
						</Data>
						<Data name="Symbol">
							<value>Waypoint</value>
						</Data>
						<Data name="Name on GPS">
						</Data>
						<Data name="Comment">
						</Data>
						<Data name="Latitude">
							<value>N33.98478</value>
						</Data>
						<Data name="Longitude">
							<value>W113.63089</value>
						</Data>
						<Data name="Elevation">
							<value>1859.27 ft</value>
						</Data>
						<Data name="Distance to Active Point">
							<value>32.44 mi</value>
						</Data>
						<Data name="Bearing">
							<value>107.94° True</value>
						</Data>
					</ExtendedData>
					<Point>
						<coordinates>-113.63088612,33.98478315,0</coordinates>
					</Point>
				</Placemark>
				<Placemark>
					<name>67</name>
					<LookAt>
						<longitude>-113.61474975</longitude>
						<latitude>33.9793311</latitude>
						<altitude>0</altitude>
						<heading>0</heading>
						<tilt>0</tilt>
						<range>200</range>
					</LookAt>
					<styleUrl>#Point_Mile_Marker_-1_0311</styleUrl>
					<ExtendedData>
						<Data name="Type">
							<value>Mile Marker</value>
						</Data>
						<Data name="Symbol">
							<value>Waypoint</value>
						</Data>
						<Data name="Name on GPS">
						</Data>
						<Data name="Comment">
						</Data>
						<Data name="Latitude">
							<value>N33.97933</value>
						</Data>
						<Data name="Longitude">
							<value>W113.61475</value>
						</Data>
						<Data name="Elevation">
							<value>1956.29 ft</value>
						</Data>
						<Data name="Distance to Active Point">
							<value>33.44 mi</value>
						</Data>
						<Data name="Bearing">
							<value>108.06° True</value>
						</Data>
					</ExtendedData>
					<Point>
						<coordinates>-113.61474975,33.9793311,0</coordinates>
					</Point>
				</Placemark>
				<Placemark>
					<name>68</name>
					<LookAt>
						<longitude>-113.59879607</longitude>
						<latitude>33.97517402</latitude>
						<altitude>0</altitude>
						<heading>0</heading>
						<tilt>0</tilt>
						<range>200</range>
					</LookAt>
					<styleUrl>#Point_Mile_Marker_-1_0311</styleUrl>
					<ExtendedData>
						<Data name="Type">
							<value>Mile Marker</value>
						</Data>
						<Data name="Symbol">
							<value>Waypoint</value>
						</Data>
						<Data name="Name on GPS">
						</Data>
						<Data name="Comment">
						</Data>
						<Data name="Latitude">
							<value>N33.97517</value>
						</Data>
						<Data name="Longitude">
							<value>W113.59880</value>
						</Data>
						<Data name="Elevation">
							<value>2075.40 ft</value>
						</Data>
						<Data name="Distance to Active Point">
							<value>34.40 mi</value>
						</Data>
						<Data name="Bearing">
							<value>108.03° True</value>
						</Data>
					</ExtendedData>
					<Point>
						<coordinates>-113.59879607,33.97517402,0</coordinates>
					</Point>
				</Placemark>
				<Placemark>
					<name>69</name>
					<LookAt>
						<longitude>-113.60808008</longitude>
						<latitude>33.98294992</latitude>
						<altitude>0</altitude>
						<heading>0</heading>
						<tilt>0</tilt>
						<range>200</range>
					</LookAt>
					<styleUrl>#Point_Mile_Marker_-1_0311</styleUrl>
					<ExtendedData>
						<Data name="Type">
							<value>Mile Marker</value>
						</Data>
						<Data name="Symbol">
							<value>Waypoint</value>
						</Data>
						<Data name="Name on GPS">
						</Data>
						<Data name="Comment">
						</Data>
						<Data name="Latitude">
							<value>N33.98295</value>
						</Data>
						<Data name="Longitude">
							<value>W113.60808</value>
						</Data>
						<Data name="Elevation">
							<value>1992.32 ft</value>
						</Data>
						<Data name="Distance to Active Point">
							<value>33.72 mi</value>
						</Data>
						<Data name="Bearing">
							<value>107.45° True</value>
						</Data>
					</ExtendedData>
					<Point>
						<coordinates>-113.60808008,33.98294992,0</coordinates>
					</Point>
				</Placemark>
				<Placemark>
					<name>70</name>
					<LookAt>
						<longitude>-113.62318065</longitude>
						<latitude>33.99016862</latitude>
						<altitude>0</altitude>
						<heading>0</heading>
						<tilt>0</tilt>
						<range>200</range>
					</LookAt>
					<styleUrl>#Point_Mile_Marker_-1_0311</styleUrl>
					<ExtendedData>
						<Data name="Type">
							<value>Mile Marker</value>
						</Data>
						<Data name="Symbol">
							<value>Waypoint</value>
						</Data>
						<Data name="Name on GPS">
						</Data>
						<Data name="Comment">
						</Data>
						<Data name="Latitude">
							<value>N33.99017</value>
						</Data>
						<Data name="Longitude">
							<value>W113.62318</value>
						</Data>
						<Data name="Elevation">
							<value>1885.37 ft</value>
						</Data>
						<Data name="Distance to Active Point">
							<value>32.75 mi</value>
						</Data>
						<Data name="Bearing">
							<value>107.08° True</value>
						</Data>
					</ExtendedData>
					<Point>
						<coordinates>-113.62318065,33.99016862,0</coordinates>
					</Point>
				</Placemark>
				<Placemark>
					<name>71</name>
					<LookAt>
						<longitude>-113.63838837</longitude>
						<latitude>33.99721244</latitude>
						<altitude>0</altitude>
						<heading>0</heading>
						<tilt>0</tilt>
						<range>200</range>
					</LookAt>
					<styleUrl>#Point_Mile_Marker_-1_0311</styleUrl>
					<ExtendedData>
						<Data name="Type">
							<value>Mile Marker</value>
						</Data>
						<Data name="Symbol">
							<value>Waypoint</value>
						</Data>
						<Data name="Name on GPS">
						</Data>
						<Data name="Comment">
						</Data>
						<Data name="Latitude">
							<value>N33.99721</value>
						</Data>
						<Data name="Longitude">
							<value>W113.63839</value>
						</Data>
						<Data name="Elevation">
							<value>1795.73 ft</value>
						</Data>
						<Data name="Distance to Active Point">
							<value>31.77 mi</value>
						</Data>
						<Data name="Bearing">
							<value>106.72° True</value>
						</Data>
					</ExtendedData>
					<Point>
						<coordinates>-113.63838837,33.99721244,0</coordinates>
					</Point>
				</Placemark>
				<Placemark>
					<name>72</name>
					<LookAt>
						<longitude>-113.65382502</longitude>
						<latitude>34.0039275</latitude>
						<altitude>0</altitude>
						<heading>0</heading>
						<tilt>0</tilt>
						<range>200</range>
					</LookAt>
					<styleUrl>#Point_Mile_Marker_-1_0311</styleUrl>
					<ExtendedData>
						<Data name="Type">
							<value>Mile Marker</value>
						</Data>
						<Data name="Symbol">
							<value>Waypoint</value>
						</Data>
						<Data name="Name on GPS">
						</Data>
						<Data name="Comment">
						</Data>
						<Data name="Latitude">
							<value>N34.00393</value>
						</Data>
						<Data name="Longitude">
							<value>W113.65383</value>
						</Data>
						<Data name="Elevation">
							<value>1725.24 ft</value>
						</Data>
						<Data name="Distance to Active Point">
							<value>30.79 mi</value>
						</Data>
						<Data name="Bearing">
							<value>106.38° True</value>
						</Data>
					</ExtendedData>
					<Point>
						<coordinates>-113.65382502,34.0039275,0</coordinates>
					</Point>
				</Placemark>
				<Placemark>
					<name>73</name>
					<LookAt>
						<longitude>-113.66632536</longitude>
						<latitude>34.00841728</latitude>
						<altitude>0</altitude>
						<heading>0</heading>
						<tilt>0</tilt>
						<range>200</range>
					</LookAt>
					<styleUrl>#Point_Mile_Marker_-1_0311</styleUrl>
					<ExtendedData>
						<Data name="Type">
							<value>Mile Marker</value>
						</Data>
						<Data name="Symbol">
							<value>Waypoint</value>
						</Data>
						<Data name="Name on GPS">
						</Data>
						<Data name="Comment">
						</Data>
						<Data name="Latitude">
							<value>N34.00842</value>
						</Data>
						<Data name="Longitude">
							<value>W113.66633</value>
						</Data>
						<Data name="Elevation">
							<value>1669.75 ft</value>
						</Data>
						<Data name="Distance to Active Point">
							<value>30.01 mi</value>
						</Data>
						<Data name="Bearing">
							<value>106.20° True</value>
						</Data>
					</ExtendedData>
					<Point>
						<coordinates>-113.66632536,34.00841728,0</coordinates>
					</Point>
				</Placemark>
				<Placemark>
					<name>74</name>
					<LookAt>
						<longitude>-113.67977313</longitude>
						<latitude>34.01188809</latitude>
						<altitude>0</altitude>
						<heading>0</heading>
						<tilt>0</tilt>
						<range>200</range>
					</LookAt>
					<styleUrl>#Point_Mile_Marker_-1_0311</styleUrl>
					<ExtendedData>
						<Data name="Type">
							<value>Mile Marker</value>
						</Data>
						<Data name="Symbol">
							<value>Waypoint</value>
						</Data>
						<Data name="Name on GPS">
						</Data>
						<Data name="Comment">
						</Data>
						<Data name="Latitude">
							<value>N34.01189</value>
						</Data>
						<Data name="Longitude">
							<value>W113.67977</value>
						</Data>
						<Data name="Elevation">
							<value>1623.58 ft</value>
						</Data>
						<Data name="Distance to Active Point">
							<value>29.20 mi</value>
						</Data>
						<Data name="Bearing">
							<value>106.18° True</value>
						</Data>
					</ExtendedData>
					<Point>
						<coordinates>-113.67977313,34.01188809,0</coordinates>
					</Point>
				</Placemark>
				<Placemark>
					<name>75</name>
					<LookAt>
						<longitude>-113.67977363</longitude>
						<latitude>34.02639645</latitude>
						<altitude>0</altitude>
						<heading>0</heading>
						<tilt>0</tilt>
						<range>200</range>
					</LookAt>
					<styleUrl>#Point_Mile_Marker_-1_0311</styleUrl>
					<ExtendedData>
						<Data name="Type">
							<value>Mile Marker</value>
						</Data>
						<Data name="Symbol">
							<value>Waypoint</value>
						</Data>
						<Data name="Name on GPS">
						</Data>
						<Data name="Comment">
						</Data>
						<Data name="Latitude">
							<value>N34.02640</value>
						</Data>
						<Data name="Longitude">
							<value>W113.67977</value>
						</Data>
						<Data name="Elevation">
							<value>1613.17 ft</value>
						</Data>
						<Data name="Distance to Active Point">
							<value>28.94 mi</value>
						</Data>
						<Data name="Bearing">
							<value>104.28° True</value>
						</Data>
					</ExtendedData>
					<Point>
						<coordinates>-113.67977363,34.02639645,0</coordinates>
					</Point>
				</Placemark>
				<Placemark>
					<name>76</name>
					<LookAt>
						<longitude>-113.67921871</longitude>
						<latitude>34.04085509</latitude>
						<altitude>0</altitude>
						<heading>0</heading>
						<tilt>0</tilt>
						<range>200</range>
					</LookAt>
					<styleUrl>#Point_Mile_Marker_-1_0311</styleUrl>
					<ExtendedData>
						<Data name="Type">
							<value>Mile Marker</value>
						</Data>
						<Data name="Symbol">
							<value>Waypoint</value>
						</Data>
						<Data name="Name on GPS">
						</Data>
						<Data name="Comment">
						</Data>
						<Data name="Latitude">
							<value>N34.04086</value>
						</Data>
						<Data name="Longitude">
							<value>W113.67922</value>
						</Data>
						<Data name="Elevation">
							<value>1615.86 ft</value>
						</Data>
						<Data name="Distance to Active Point">
							<value>28.73 mi</value>
						</Data>
						<Data name="Bearing">
							<value>102.34° True</value>
						</Data>
					</ExtendedData>
					<Point>
						<coordinates>-113.67921871,34.04085509,0</coordinates>
					</Point>
				</Placemark>
				<Placemark>
					<name>77</name>
					<LookAt>
						<longitude>-113.67727993</longitude>
						<latitude>34.05508041</latitude>
						<altitude>0</altitude>
						<heading>0</heading>
						<tilt>0</tilt>
						<range>200</range>
					</LookAt>
					<styleUrl>#Point_Mile_Marker_-1_0311</styleUrl>
					<ExtendedData>
						<Data name="Type">
							<value>Mile Marker</value>
						</Data>
						<Data name="Symbol">
							<value>Waypoint</value>
						</Data>
						<Data name="Name on GPS">
						</Data>
						<Data name="Comment">
						</Data>
						<Data name="Latitude">
							<value>N34.05508</value>
						</Data>
						<Data name="Longitude">
							<value>W113.67728</value>
						</Data>
						<Data name="Elevation">
							<value>1620.11 ft</value>
						</Data>
						<Data name="Distance to Active Point">
							<value>28.64 mi</value>
						</Data>
						<Data name="Bearing">
							<value>100.38° True</value>
						</Data>
					</ExtendedData>
					<Point>
						<coordinates>-113.67727993,34.05508041,0</coordinates>
					</Point>
				</Placemark>
				<Placemark>
					<name>78</name>
					<LookAt>
						<longitude>-113.68551253</longitude>
						<latitude>34.05880927</latitude>
						<altitude>0</altitude>
						<heading>0</heading>
						<tilt>0</tilt>
						<range>200</range>
					</LookAt>
					<styleUrl>#Point_Mile_Marker_-1_0311</styleUrl>
					<ExtendedData>
						<Data name="Type">
							<value>Mile Marker</value>
						</Data>
						<Data name="Symbol">
							<value>Waypoint</value>
						</Data>
						<Data name="Name on GPS">
						</Data>
						<Data name="Comment">
						</Data>
						<Data name="Latitude">
							<value>N34.05881</value>
						</Data>
						<Data name="Longitude">
							<value>W113.68551</value>
						</Data>
						<Data name="Elevation">
							<value>1603.91 ft</value>
						</Data>
						<Data name="Distance to Active Point">
							<value>28.13 mi</value>
						</Data>
						<Data name="Bearing">
							<value>100.04° True</value>
						</Data>
					</ExtendedData>
					<Point>
						<coordinates>-113.68551253,34.05880927,0</coordinates>
					</Point>
				</Placemark>
				<Placemark>
					<name>79</name>
					<LookAt>
						<longitude>-113.6962553</longitude>
						<latitude>34.04871045</latitude>
						<altitude>0</altitude>
						<heading>0</heading>
						<tilt>0</tilt>
						<range>200</range>
					</LookAt>
					<styleUrl>#Point_Mile_Marker_-1_0311</styleUrl>
					<ExtendedData>
						<Data name="Type">
							<value>Mile Marker</value>
						</Data>
						<Data name="Symbol">
							<value>Waypoint</value>
						</Data>
						<Data name="Name on GPS">
						</Data>
						<Data name="Comment">
						</Data>
						<Data name="Latitude">
							<value>N34.04871</value>
						</Data>
						<Data name="Longitude">
							<value>W113.69626</value>
						</Data>
						<Data name="Elevation">
							<value>1580.86 ft</value>
						</Data>
						<Data name="Distance to Active Point">
							<value>27.66 mi</value>
						</Data>
						<Data name="Bearing">
							<value>101.69° True</value>
						</Data>
					</ExtendedData>
					<Point>
						<coordinates>-113.6962553,34.04871045,0</coordinates>
					</Point>
				</Placemark>
				<Placemark>
					<name>80</name>
					<LookAt>
						<longitude>-113.71215774</longitude>
						<latitude>34.04336718</latitude>
						<altitude>0</altitude>
						<heading>0</heading>
						<tilt>0</tilt>
						<range>200</range>
					</LookAt>
					<styleUrl>#Point_Mile_Marker_-1_0311</styleUrl>
					<ExtendedData>
						<Data name="Type">
							<value>Mile Marker</value>
						</Data>
						<Data name="Symbol">
							<value>Waypoint</value>
						</Data>
						<Data name="Name on GPS">
						</Data>
						<Data name="Comment">
						</Data>
						<Data name="Latitude">
							<value>N34.04337</value>
						</Data>
						<Data name="Longitude">
							<value>W113.71216</value>
						</Data>
						<Data name="Elevation">
							<value>1554.89 ft</value>
						</Data>
						<Data name="Distance to Active Point">
							<value>26.85 mi</value>
						</Data>
						<Data name="Bearing">
							<value>102.86° True</value>
						</Data>
					</ExtendedData>
					<Point>
						<coordinates>-113.71215774,34.04336718,0</coordinates>
					</Point>
				</Placemark>
				<Placemark>
					<name>81</name>
					<LookAt>
						<longitude>-113.72441778</longitude>
						<latitude>34.03378239</latitude>
						<altitude>0</altitude>
						<heading>0</heading>
						<tilt>0</tilt>
						<range>200</range>
					</LookAt>
					<styleUrl>#Point_Mile_Marker_-1_0311</styleUrl>
					<ExtendedData>
						<Data name="Type">
							<value>Mile Marker</value>
						</Data>
						<Data name="Symbol">
							<value>Waypoint</value>
						</Data>
						<Data name="Name on GPS">
						</Data>
						<Data name="Comment">
						</Data>
						<Data name="Latitude">
							<value>N34.03378</value>
						</Data>
						<Data name="Longitude">
							<value>W113.72442</value>
						</Data>
						<Data name="Elevation">
							<value>1532.17 ft</value>
						</Data>
						<Data name="Distance to Active Point">
							<value>26.33 mi</value>
						</Data>
						<Data name="Bearing">
							<value>104.61° True</value>
						</Data>
					</ExtendedData>
					<Point>
						<coordinates>-113.72441778,34.03378239,0</coordinates>
					</Point>
				</Placemark>
				<Placemark>
					<name>82</name>
					<LookAt>
						<longitude>-113.73226073</longitude>
						<latitude>34.0210231</latitude>
						<altitude>0</altitude>
						<heading>0</heading>
						<tilt>0</tilt>
						<range>200</range>
					</LookAt>
					<styleUrl>#Point_Mile_Marker_-1_0311</styleUrl>
					<ExtendedData>
						<Data name="Type">
							<value>Mile Marker</value>
						</Data>
						<Data name="Symbol">
							<value>Waypoint</value>
						</Data>
						<Data name="Name on GPS">
						</Data>
						<Data name="Comment">
						</Data>
						<Data name="Latitude">
							<value>N34.02102</value>
						</Data>
						<Data name="Longitude">
							<value>W113.73226</value>
						</Data>
						<Data name="Elevation">
							<value>1508.94 ft</value>
						</Data>
						<Data name="Distance to Active Point">
							<value>26.14 mi</value>
						</Data>
						<Data name="Bearing">
							<value>106.73° True</value>
						</Data>
					</ExtendedData>
					<Point>
						<coordinates>-113.73226073,34.0210231,0</coordinates>
					</Point>
				</Placemark>
				<Placemark>
					<name>83</name>
					<LookAt>
						<longitude>-113.7476105</longitude>
						<latitude>34.02384995</latitude>
						<altitude>0</altitude>
						<heading>0</heading>
						<tilt>0</tilt>
						<range>200</range>
					</LookAt>
					<styleUrl>#Point_Mile_Marker_-1_0311</styleUrl>
					<ExtendedData>
						<Data name="Type">
							<value>Mile Marker</value>
						</Data>
						<Data name="Symbol">
							<value>Waypoint</value>
						</Data>
						<Data name="Name on GPS">
						</Data>
						<Data name="Comment">
						</Data>
						<Data name="Latitude">
							<value>N34.02385</value>
						</Data>
						<Data name="Longitude">
							<value>W113.74761</value>
						</Data>
						<Data name="Elevation">
							<value>1528.46 ft</value>
						</Data>
						<Data name="Distance to Active Point">
							<value>25.24 mi</value>
						</Data>
						<Data name="Bearing">
							<value>106.89° True</value>
						</Data>
					</ExtendedData>
					<Point>
						<coordinates>-113.7476105,34.02384995,0</coordinates>
					</Point>
				</Placemark>
				<Placemark>
					<name>84</name>
					<LookAt>
						<longitude>-113.76386195</longitude>
						<latitude>34.02906826</latitude>
						<altitude>0</altitude>
						<heading>0</heading>
						<tilt>0</tilt>
						<range>200</range>
					</LookAt>
					<styleUrl>#Point_Mile_Marker_-1_0311</styleUrl>
					<ExtendedData>
						<Data name="Type">
							<value>Mile Marker</value>
						</Data>
						<Data name="Symbol">
							<value>Waypoint</value>
						</Data>
						<Data name="Name on GPS">
						</Data>
						<Data name="Comment">
						</Data>
						<Data name="Latitude">
							<value>N34.02907</value>
						</Data>
						<Data name="Longitude">
							<value>W113.76386</value>
						</Data>
						<Data name="Elevation">
							<value>1563.57 ft</value>
						</Data>
						<Data name="Distance to Active Point">
							<value>24.24 mi</value>
						</Data>
						<Data name="Bearing">
							<value>106.72° True</value>
						</Data>
					</ExtendedData>
					<Point>
						<coordinates>-113.76386195,34.02906826,0</coordinates>
					</Point>
				</Placemark>
				<Placemark>
					<name>85</name>
					<LookAt>
						<longitude>-113.77998212</longitude>
						<latitude>34.0341963</latitude>
						<altitude>0</altitude>
						<heading>0</heading>
						<tilt>0</tilt>
						<range>200</range>
					</LookAt>
					<styleUrl>#Point_Mile_Marker_-1_0311</styleUrl>
					<ExtendedData>
						<Data name="Type">
							<value>Mile Marker</value>
						</Data>
						<Data name="Symbol">
							<value>Waypoint</value>
						</Data>
						<Data name="Name on GPS">
						</Data>
						<Data name="Comment">
						</Data>
						<Data name="Latitude">
							<value>N34.03420</value>
						</Data>
						<Data name="Longitude">
							<value>W113.77998</value>
						</Data>
						<Data name="Elevation">
							<value>1640.71 ft</value>
						</Data>
						<Data name="Distance to Active Point">
							<value>23.25 mi</value>
						</Data>
						<Data name="Bearing">
							<value>106.55° True</value>
						</Data>
					</ExtendedData>
					<Point>
						<coordinates>-113.77998212,34.0341963,0</coordinates>
					</Point>
				</Placemark>
				<Placemark>
					<name>86</name>
					<LookAt>
						<longitude>-113.79595431</longitude>
						<latitude>34.03985077</latitude>
						<altitude>0</altitude>
						<heading>0</heading>
						<tilt>0</tilt>
						<range>200</range>
					</LookAt>
					<styleUrl>#Point_Mile_Marker_-1_0311</styleUrl>
					<ExtendedData>
						<Data name="Type">
							<value>Mile Marker</value>
						</Data>
						<Data name="Symbol">
							<value>Waypoint</value>
						</Data>
						<Data name="Name on GPS">
						</Data>
						<Data name="Comment">
						</Data>
						<Data name="Latitude">
							<value>N34.03985</value>
						</Data>
						<Data name="Longitude">
							<value>W113.79595</value>
						</Data>
						<Data name="Elevation">
							<value>1735.77 ft</value>
						</Data>
						<Data name="Distance to Active Point">
							<value>22.26 mi</value>
						</Data>
						<Data name="Bearing">
							<value>106.27° True</value>
						</Data>
					</ExtendedData>
					<Point>
						<coordinates>-113.79595431,34.03985077,0</coordinates>
					</Point>
				</Placemark>
				<Placemark>
					<name>87</name>
					<LookAt>
						<longitude>-113.81202869</longitude>
						<latitude>34.04538232</latitude>
						<altitude>0</altitude>
						<heading>0</heading>
						<tilt>0</tilt>
						<range>200</range>
					</LookAt>
					<styleUrl>#Point_Mile_Marker_-1_0311</styleUrl>
					<ExtendedData>
						<Data name="Type">
							<value>Mile Marker</value>
						</Data>
						<Data name="Symbol">
							<value>Waypoint</value>
						</Data>
						<Data name="Name on GPS">
						</Data>
						<Data name="Comment">
						</Data>
						<Data name="Latitude">
							<value>N34.04538</value>
						</Data>
						<Data name="Longitude">
							<value>W113.81203</value>
						</Data>
						<Data name="Elevation">
							<value>1804.58 ft</value>
						</Data>
						<Data name="Distance to Active Point">
							<value>21.27 mi</value>
						</Data>
						<Data name="Bearing">
							<value>105.99° True</value>
						</Data>
					</ExtendedData>
					<Point>
						<coordinates>-113.81202869,34.04538232,0</coordinates>
					</Point>
				</Placemark>
				<Placemark>
					<name>88</name>
					<LookAt>
						<longitude>-113.82590862</longitude>
						<latitude>34.05353574</latitude>
						<altitude>0</altitude>
						<heading>0</heading>
						<tilt>0</tilt>
						<range>200</range>
					</LookAt>
					<styleUrl>#Point_Mile_Marker_-1_0311</styleUrl>
					<ExtendedData>
						<Data name="Type">
							<value>Mile Marker</value>
						</Data>
						<Data name="Symbol">
							<value>Waypoint</value>
						</Data>
						<Data name="Name on GPS">
						</Data>
						<Data name="Comment">
						</Data>
						<Data name="Latitude">
							<value>N34.05354</value>
						</Data>
						<Data name="Longitude">
							<value>W113.82591</value>
						</Data>
						<Data name="Elevation">
							<value>1705.65 ft</value>
						</Data>
						<Data name="Distance to Active Point">
							<value>20.35 mi</value>
						</Data>
						<Data name="Bearing">
							<value>105.10° True</value>
						</Data>
					</ExtendedData>
					<Point>
						<coordinates>-113.82590862,34.05353574,0</coordinates>
					</Point>
				</Placemark>
				<Placemark>
					<name>89</name>
					<LookAt>
						<longitude>-113.84123754</longitude>
						<latitude>34.05999315</latitude>
						<altitude>0</altitude>
						<heading>0</heading>
						<tilt>0</tilt>
						<range>200</range>
					</LookAt>
					<styleUrl>#Point_Mile_Marker_-1_0311</styleUrl>
					<ExtendedData>
						<Data name="Type">
							<value>Mile Marker</value>
						</Data>
						<Data name="Symbol">
							<value>Waypoint</value>
						</Data>
						<Data name="Name on GPS">
						</Data>
						<Data name="Comment">
						</Data>
						<Data name="Latitude">
							<value>N34.05999</value>
						</Data>
						<Data name="Longitude">
							<value>W113.84124</value>
						</Data>
						<Data name="Elevation">
							<value>1687.99 ft</value>
						</Data>
						<Data name="Distance to Active Point">
							<value>19.39 mi</value>
						</Data>
						<Data name="Bearing">
							<value>104.52° True</value>
						</Data>
					</ExtendedData>
					<Point>
						<coordinates>-113.84123754,34.05999315,0</coordinates>
					</Point>
				</Placemark>
				<Placemark>
					<name>90</name>
					<LookAt>
						<longitude>-113.85744706</longitude>
						<latitude>34.06271728</latitude>
						<altitude>0</altitude>
						<heading>0</heading>
						<tilt>0</tilt>
						<range>200</range>
					</LookAt>
					<styleUrl>#Point_Mile_Marker_-1_0311</styleUrl>
					<ExtendedData>
						<Data name="Type">
							<value>Mile Marker</value>
						</Data>
						<Data name="Symbol">
							<value>Waypoint</value>
						</Data>
						<Data name="Name on GPS">
						</Data>
						<Data name="Comment">
						</Data>
						<Data name="Latitude">
							<value>N34.06272</value>
						</Data>
						<Data name="Longitude">
							<value>W113.85745</value>
						</Data>
						<Data name="Elevation">
							<value>1593.03 ft</value>
						</Data>
						<Data name="Distance to Active Point">
							<value>18.44 mi</value>
						</Data>
						<Data name="Bearing">
							<value>104.69° True</value>
						</Data>
					</ExtendedData>
					<Point>
						<coordinates>-113.85744706,34.06271728,0</coordinates>
					</Point>
				</Placemark>
				<Placemark>
					<name>91</name>
					<LookAt>
						<longitude>-113.87439643</longitude>
						<latitude>34.06608532</latitude>
						<altitude>0</altitude>
						<heading>0</heading>
						<tilt>0</tilt>
						<range>200</range>
					</LookAt>
					<styleUrl>#Point_Mile_Marker_-1_0311</styleUrl>
					<ExtendedData>
						<Data name="Type">
							<value>Mile Marker</value>
						</Data>
						<Data name="Symbol">
							<value>Waypoint</value>
						</Data>
						<Data name="Name on GPS">
						</Data>
						<Data name="Comment">
						</Data>
						<Data name="Latitude">
							<value>N34.06609</value>
						</Data>
						<Data name="Longitude">
							<value>W113.87440</value>
						</Data>
						<Data name="Elevation">
							<value>1505.15 ft</value>
						</Data>
						<Data name="Distance to Active Point">
							<value>17.44 mi</value>
						</Data>
						<Data name="Bearing">
							<value>104.77° True</value>
						</Data>
					</ExtendedData>
					<Point>
						<coordinates>-113.87439643,34.06608532,0</coordinates>
					</Point>
				</Placemark>
				<Placemark>
					<name>92</name>
					<LookAt>
						<longitude>-113.88292287</longitude>
						<latitude>34.07310976</latitude>
						<altitude>0</altitude>
						<heading>0</heading>
						<tilt>0</tilt>
						<range>200</range>
					</LookAt>
					<styleUrl>#Point_Mile_Marker_-1_0311</styleUrl>
					<ExtendedData>
						<Data name="Type">
							<value>Mile Marker</value>
						</Data>
						<Data name="Symbol">
							<value>Waypoint</value>
						</Data>
						<Data name="Name on GPS">
						</Data>
						<Data name="Comment">
						</Data>
						<Data name="Latitude">
							<value>N34.07311</value>
						</Data>
						<Data name="Longitude">
							<value>W113.88292</value>
						</Data>
						<Data name="Elevation">
							<value>1458.10 ft</value>
						</Data>
						<Data name="Distance to Active Point">
							<value>16.85 mi</value>
						</Data>
						<Data name="Bearing">
							<value>103.60° True</value>
						</Data>
					</ExtendedData>
					<Point>
						<coordinates>-113.88292287,34.07310976,0</coordinates>
					</Point>
				</Placemark>
				<Placemark>
					<name>93</name>
					<LookAt>
						<longitude>-113.88644036</longitude>
						<latitude>34.08389944</latitude>
						<altitude>0</altitude>
						<heading>0</heading>
						<tilt>0</tilt>
						<range>200</range>
					</LookAt>
					<styleUrl>#Point_Mile_Marker_-1_0311</styleUrl>
					<ExtendedData>
						<Data name="Type">
							<value>Mile Marker</value>
						</Data>
						<Data name="Symbol">
							<value>Waypoint</value>
						</Data>
						<Data name="Name on GPS">
						</Data>
						<Data name="Comment">
						</Data>
						<Data name="Latitude">
							<value>N34.08390</value>
						</Data>
						<Data name="Longitude">
							<value>W113.88644</value>
						</Data>
						<Data name="Elevation">
							<value>1491.04 ft</value>
						</Data>
						<Data name="Distance to Active Point">
							<value>16.49 mi</value>
						</Data>
						<Data name="Bearing">
							<value>101.26° True</value>
						</Data>
					</ExtendedData>
					<Point>
						<coordinates>-113.88644036,34.08389944,0</coordinates>
					</Point>
				</Placemark>
				<Placemark>
					<name>94</name>
					<LookAt>
						<longitude>-113.89508425</longitude>
						<latitude>34.0962921</latitude>
						<altitude>0</altitude>
						<heading>0</heading>
						<tilt>0</tilt>
						<range>200</range>
					</LookAt>
					<styleUrl>#Point_Mile_Marker_-1_0311</styleUrl>
					<ExtendedData>
						<Data name="Type">
							<value>Mile Marker</value>
						</Data>
						<Data name="Symbol">
							<value>Waypoint</value>
						</Data>
						<Data name="Name on GPS">
						</Data>
						<Data name="Comment">
						</Data>
						<Data name="Latitude">
							<value>N34.09629</value>
						</Data>
						<Data name="Longitude">
							<value>W113.89508</value>
						</Data>
						<Data name="Elevation">
							<value>1567.26 ft</value>
						</Data>
						<Data name="Distance to Active Point">
							<value>15.85 mi</value>
						</Data>
						<Data name="Bearing">
							<value>98.59° True</value>
						</Data>
					</ExtendedData>
					<Point>
						<coordinates>-113.89508425,34.0962921,0</coordinates>
					</Point>
				</Placemark>
				<Placemark>
					<name>95</name>
					<LookAt>
						<longitude>-113.90512598</longitude>
						<latitude>34.1071787</latitude>
						<altitude>0</altitude>
						<heading>0</heading>
						<tilt>0</tilt>
						<range>200</range>
					</LookAt>
					<styleUrl>#Point_Mile_Marker_-1_0311</styleUrl>
					<ExtendedData>
						<Data name="Type">
							<value>Mile Marker</value>
						</Data>
						<Data name="Symbol">
							<value>Waypoint</value>
						</Data>
						<Data name="Name on GPS">
						</Data>
						<Data name="Comment">
						</Data>
						<Data name="Latitude">
							<value>N34.10718</value>
						</Data>
						<Data name="Longitude">
							<value>W113.90513</value>
						</Data>
						<Data name="Elevation">
							<value>1567.55 ft</value>
						</Data>
						<Data name="Distance to Active Point">
							<value>15.18 mi</value>
						</Data>
						<Data name="Bearing">
							<value>96.12° True</value>
						</Data>
					</ExtendedData>
					<Point>
						<coordinates>-113.90512598,34.1071787,0</coordinates>
					</Point>
				</Placemark>
				<Placemark>
					<name>96</name>
					<LookAt>
						<longitude>-113.91519808</longitude>
						<latitude>34.11836463</latitude>
						<altitude>0</altitude>
						<heading>0</heading>
						<tilt>0</tilt>
						<range>200</range>
					</LookAt>
					<styleUrl>#Point_Mile_Marker_-1_0311</styleUrl>
					<ExtendedData>
						<Data name="Type">
							<value>Mile Marker</value>
						</Data>
						<Data name="Symbol">
							<value>Waypoint</value>
						</Data>
						<Data name="Name on GPS">
						</Data>
						<Data name="Comment">
						</Data>
						<Data name="Latitude">
							<value>N34.11836</value>
						</Data>
						<Data name="Longitude">
							<value>W113.91520</value>
						</Data>
						<Data name="Elevation">
							<value>1524.93 ft</value>
						</Data>
						<Data name="Distance to Active Point">
							<value>14.54 mi</value>
						</Data>
						<Data name="Bearing">
							<value>93.35° True</value>
						</Data>
					</ExtendedData>
					<Point>
						<coordinates>-113.91519808,34.11836463,0</coordinates>
					</Point>
				</Placemark>
				<Placemark>
					<name>97</name>
					<LookAt>
						<longitude>-113.9250915</longitude>
						<latitude>34.12970851</latitude>
						<altitude>0</altitude>
						<heading>0</heading>
						<tilt>0</tilt>
						<range>200</range>
					</LookAt>
					<styleUrl>#Point_Mile_Marker_-1_0311</styleUrl>
					<ExtendedData>
						<Data name="Type">
							<value>Mile Marker</value>
						</Data>
						<Data name="Symbol">
							<value>Waypoint</value>
						</Data>
						<Data name="Name on GPS">
						</Data>
						<Data name="Comment">
						</Data>
						<Data name="Latitude">
							<value>N34.12971</value>
						</Data>
						<Data name="Longitude">
							<value>W113.92509</value>
						</Data>
						<Data name="Elevation">
							<value>1472.44 ft</value>
						</Data>
						<Data name="Distance to Active Point">
							<value>13.95 mi</value>
						</Data>
						<Data name="Bearing">
							<value>90.28° True</value>
						</Data>
					</ExtendedData>
					<Point>
						<coordinates>-113.9250915,34.12970851,0</coordinates>
					</Point>
				</Placemark>
				<Placemark>
					<name>98</name>
					<LookAt>
						<longitude>-113.93012819</longitude>
						<latitude>34.14297399</latitude>
						<altitude>0</altitude>
						<heading>0</heading>
						<tilt>0</tilt>
						<range>200</range>
					</LookAt>
					<styleUrl>#Point_Mile_Marker_-1_0311</styleUrl>
					<ExtendedData>
						<Data name="Type">
							<value>Mile Marker</value>
						</Data>
						<Data name="Symbol">
							<value>Waypoint</value>
						</Data>
						<Data name="Name on GPS">
						</Data>
						<Data name="Comment">
						</Data>
						<Data name="Latitude">
							<value>N34.14297</value>
						</Data>
						<Data name="Longitude">
							<value>W113.93013</value>
						</Data>
						<Data name="Elevation">
							<value>1530.01 ft</value>
						</Data>
						<Data name="Distance to Active Point">
							<value>13.68 mi</value>
						</Data>
						<Data name="Bearing">
							<value>86.46° True</value>
						</Data>
					</ExtendedData>
					<Point>
						<coordinates>-113.93012819,34.14297399,0</coordinates>
					</Point>
				</Placemark>
				<Placemark>
					<name>99</name>
					<LookAt>
						<longitude>-113.93407223</longitude>
						<latitude>34.15675555</latitude>
						<altitude>0</altitude>
						<heading>0</heading>
						<tilt>0</tilt>
						<range>200</range>
					</LookAt>
					<styleUrl>#Point_Mile_Marker_-1_0311</styleUrl>
					<ExtendedData>
						<Data name="Type">
							<value>Mile Marker</value>
						</Data>
						<Data name="Symbol">
							<value>Waypoint</value>
						</Data>
						<Data name="Name on GPS">
						</Data>
						<Data name="Comment">
						</Data>
						<Data name="Latitude">
							<value>N34.15676</value>
						</Data>
						<Data name="Longitude">
							<value>W113.93407</value>
						</Data>
						<Data name="Elevation">
							<value>1581.17 ft</value>
						</Data>
						<Data name="Distance to Active Point">
							<value>13.55 mi</value>
						</Data>
						<Data name="Bearing">
							<value>82.39° True</value>
						</Data>
					</ExtendedData>
					<Point>
						<coordinates>-113.93407223,34.15675555,0</coordinates>
					</Point>
				</Placemark>
				<Placemark>
					<name>100</name>
					<LookAt>
						<longitude>-113.94340773</longitude>
						<latitude>34.16769385</latitude>
						<altitude>0</altitude>
						<heading>0</heading>
						<tilt>0</tilt>
						<range>200</range>
					</LookAt>
					<styleUrl>#Point_Mile_Marker_-1_0311</styleUrl>
					<ExtendedData>
						<Data name="Type">
							<value>Mile Marker</value>
						</Data>
						<Data name="Symbol">
							<value>Waypoint</value>
						</Data>
						<Data name="Name on GPS">
						</Data>
						<Data name="Comment">
						</Data>
						<Data name="Latitude">
							<value>N34.16769</value>
						</Data>
						<Data name="Longitude">
							<value>W113.94341</value>
						</Data>
						<Data name="Elevation">
							<value>1660.05 ft</value>
						</Data>
						<Data name="Distance to Active Point">
							<value>13.14 mi</value>
						</Data>
						<Data name="Bearing">
							<value>78.82° True</value>
						</Data>
					</ExtendedData>
					<Point>
						<coordinates>-113.94340773,34.16769385,0</coordinates>
					</Point>
				</Placemark>
				<Placemark>
					<name>101</name>
					<LookAt>
						<longitude>-113.94898738</longitude>
						<latitude>34.1802001</latitude>
						<altitude>0</altitude>
						<heading>0</heading>
						<tilt>0</tilt>
						<range>200</range>
					</LookAt>
					<styleUrl>#Point_Mile_Marker_-1_0311</styleUrl>
					<ExtendedData>
						<Data name="Type">
							<value>Mile Marker</value>
						</Data>
						<Data name="Symbol">
							<value>Waypoint</value>
						</Data>
						<Data name="Name on GPS">
						</Data>
						<Data name="Comment">
						</Data>
						<Data name="Latitude">
							<value>N34.18020</value>
						</Data>
						<Data name="Longitude">
							<value>W113.94899</value>
						</Data>
						<Data name="Elevation">
							<value>1536.21 ft</value>
						</Data>
						<Data name="Distance to Active Point">
							<value>13.02 mi</value>
						</Data>
						<Data name="Bearing">
							<value>74.83° True</value>
						</Data>
					</ExtendedData>
					<Point>
						<coordinates>-113.94898738,34.1802001,0</coordinates>
					</Point>
				</Placemark>
				<Placemark>
					<name>102</name>
					<LookAt>
						<longitude>-113.95936286</longitude>
						<latitude>34.188742</latitude>
						<altitude>0</altitude>
						<heading>0</heading>
						<tilt>0</tilt>
						<range>200</range>
					</LookAt>
					<styleUrl>#Point_Mile_Marker_-1_0311</styleUrl>
					<ExtendedData>
						<Data name="Type">
							<value>Mile Marker</value>
						</Data>
						<Data name="Symbol">
							<value>Waypoint</value>
						</Data>
						<Data name="Name on GPS">
						</Data>
						<Data name="Comment">
						</Data>
						<Data name="Latitude">
							<value>N34.18874</value>
						</Data>
						<Data name="Longitude">
							<value>W113.95936</value>
						</Data>
						<Data name="Elevation">
							<value>1379.56 ft</value>
						</Data>
						<Data name="Distance to Active Point">
							<value>12.62 mi</value>
						</Data>
						<Data name="Bearing">
							<value>71.54° True</value>
						</Data>
					</ExtendedData>
					<Point>
						<coordinates>-113.95936286,34.188742,0</coordinates>
					</Point>
				</Placemark>
				<Placemark>
					<name>103</name>
					<LookAt>
						<longitude>-113.97179924</longitude>
						<latitude>34.19746771</latitude>
						<altitude>0</altitude>
						<heading>0</heading>
						<tilt>0</tilt>
						<range>200</range>
					</LookAt>
					<styleUrl>#Point_Mile_Marker_-1_0311</styleUrl>
					<ExtendedData>
						<Data name="Type">
							<value>Mile Marker</value>
						</Data>
						<Data name="Symbol">
							<value>Waypoint</value>
						</Data>
						<Data name="Name on GPS">
						</Data>
						<Data name="Comment">
						</Data>
						<Data name="Latitude">
							<value>N34.19747</value>
						</Data>
						<Data name="Longitude">
							<value>W113.97180</value>
						</Data>
						<Data name="Elevation">
							<value>1203.81 ft</value>
						</Data>
						<Data name="Distance to Active Point">
							<value>12.16 mi</value>
						</Data>
						<Data name="Bearing">
							<value>67.80° True</value>
						</Data>
					</ExtendedData>
					<Point>
						<coordinates>-113.97179924,34.19746771,0</coordinates>
					</Point>
				</Placemark>
				<Placemark>
					<name>104</name>
					<LookAt>
						<longitude>-113.98538379</longitude>
						<latitude>34.20593785</latitude>
						<altitude>0</altitude>
						<heading>0</heading>
						<tilt>0</tilt>
						<range>200</range>
					</LookAt>
					<styleUrl>#Point_Mile_Marker_-1_0311</styleUrl>
					<ExtendedData>
						<Data name="Type">
							<value>Mile Marker</value>
						</Data>
						<Data name="Symbol">
							<value>Waypoint</value>
						</Data>
						<Data name="Name on GPS">
						</Data>
						<Data name="Comment">
						</Data>
						<Data name="Latitude">
							<value>N34.20594</value>
						</Data>
						<Data name="Longitude">
							<value>W113.98538</value>
						</Data>
						<Data name="Elevation">
							<value>1040.70 ft</value>
						</Data>
						<Data name="Distance to Active Point">
							<value>11.69 mi</value>
						</Data>
						<Data name="Bearing">
							<value>63.71° True</value>
						</Data>
					</ExtendedData>
					<Point>
						<coordinates>-113.98538379,34.20593785,0</coordinates>
					</Point>
				</Placemark>
				<Placemark>
					<name>105</name>
					<LookAt>
						<longitude>-113.99860508</longitude>
						<latitude>34.2144636</latitude>
						<altitude>0</altitude>
						<heading>0</heading>
						<tilt>0</tilt>
						<range>200</range>
					</LookAt>
					<styleUrl>#Point_Mile_Marker_-1_0311</styleUrl>
					<ExtendedData>
						<Data name="Type">
							<value>Mile Marker</value>
						</Data>
						<Data name="Symbol">
							<value>Waypoint</value>
						</Data>
						<Data name="Name on GPS">
						</Data>
						<Data name="Comment">
						</Data>
						<Data name="Latitude">
							<value>N34.21446</value>
						</Data>
						<Data name="Longitude">
							<value>W113.99861</value>
						</Data>
						<Data name="Elevation">
							<value>860.92 ft</value>
						</Data>
						<Data name="Distance to Active Point">
							<value>11.30 mi</value>
						</Data>
						<Data name="Bearing">
							<value>59.34° True</value>
						</Data>
					</ExtendedData>
					<Point>
						<coordinates>-113.99860508,34.2144636,0</coordinates>
					</Point>
				</Placemark>
				<Placemark>
					<name>106</name>
					<LookAt>
						<longitude>-114.01079888</longitude>
						<latitude>34.20626436</latitude>
						<altitude>0</altitude>
						<heading>0</heading>
						<tilt>0</tilt>
						<range>200</range>
					</LookAt>
					<styleUrl>#Point_Mile_Marker_-1_0311</styleUrl>
					<ExtendedData>
						<Data name="Type">
							<value>Mile Marker</value>
						</Data>
						<Data name="Symbol">
							<value>Waypoint</value>
						</Data>
						<Data name="Name on GPS">
						</Data>
						<Data name="Comment">
						</Data>
						<Data name="Latitude">
							<value>N34.20626</value>
						</Data>
						<Data name="Longitude">
							<value>W114.01080</value>
						</Data>
						<Data name="Elevation">
							<value>1003.47 ft</value>
						</Data>
						<Data name="Distance to Active Point">
							<value>10.42 mi</value>
						</Data>
						<Data name="Bearing">
							<value>60.06° True</value>
						</Data>
					</ExtendedData>
					<Point>
						<coordinates>-114.01079888,34.20626436,0</coordinates>
					</Point>
				</Placemark>
				<Placemark>
					<name>107</name>
					<LookAt>
						<longitude>-114.0217471</longitude>
						<latitude>34.19522737</latitude>
						<altitude>0</altitude>
						<heading>0</heading>
						<tilt>0</tilt>
						<range>200</range>
					</LookAt>
					<styleUrl>#Point_Mile_Marker_-1_0311</styleUrl>
					<ExtendedData>
						<Data name="Type">
							<value>Mile Marker</value>
						</Data>
						<Data name="Symbol">
							<value>Waypoint</value>
						</Data>
						<Data name="Name on GPS">
						</Data>
						<Data name="Comment">
						</Data>
						<Data name="Latitude">
							<value>N34.19523</value>
						</Data>
						<Data name="Longitude">
							<value>W114.02175</value>
						</Data>
						<Data name="Elevation">
							<value>1110.32 ft</value>
						</Data>
						<Data name="Distance to Active Point">
							<value>9.50 mi</value>
						</Data>
						<Data name="Bearing">
							<value>62.16° True</value>
						</Data>
					</ExtendedData>
					<Point>
						<coordinates>-114.0217471,34.19522737,0</coordinates>
					</Point>
				</Placemark>
				<Placemark>
					<name>108</name>
					<LookAt>
						<longitude>-114.03735717</longitude>
						<latitude>34.18940917</latitude>
						<altitude>0</altitude>
						<heading>0</heading>
						<tilt>0</tilt>
						<range>200</range>
					</LookAt>
					<styleUrl>#Point_Mile_Marker_-1_0311</styleUrl>
					<ExtendedData>
						<Data name="Type">
							<value>Mile Marker</value>
						</Data>
						<Data name="Symbol">
							<value>Waypoint</value>
						</Data>
						<Data name="Name on GPS">
						</Data>
						<Data name="Comment">
						</Data>
						<Data name="Latitude">
							<value>N34.18941</value>
						</Data>
						<Data name="Longitude">
							<value>W114.03736</value>
						</Data>
						<Data name="Elevation">
							<value>1145.04 ft</value>
						</Data>
						<Data name="Distance to Active Point">
							<value>8.52 mi</value>
						</Data>
						<Data name="Bearing">
							<value>61.74° True</value>
						</Data>
					</ExtendedData>
					<Point>
						<coordinates>-114.03735717,34.18940917,0</coordinates>
					</Point>
				</Placemark>
				<Placemark>
					<name>109</name>
					<LookAt>
						<longitude>-114.05024862</longitude>
						<latitude>34.18008534</latitude>
						<altitude>0</altitude>
						<heading>0</heading>
						<tilt>0</tilt>
						<range>200</range>
					</LookAt>
					<styleUrl>#Point_Mile_Marker_-1_0311</styleUrl>
					<ExtendedData>
						<Data name="Type">
							<value>Mile Marker</value>
						</Data>
						<Data name="Symbol">
							<value>Waypoint</value>
						</Data>
						<Data name="Name on GPS">
						</Data>
						<Data name="Comment">
						</Data>
						<Data name="Latitude">
							<value>N34.18009</value>
						</Data>
						<Data name="Longitude">
							<value>W114.05025</value>
						</Data>
						<Data name="Elevation">
							<value>1214.67 ft</value>
						</Data>
						<Data name="Distance to Active Point">
							<value>7.57 mi</value>
						</Data>
						<Data name="Bearing">
							<value>63.39° True</value>
						</Data>
					</ExtendedData>
					<Point>
						<coordinates>-114.05024862,34.18008534,0</coordinates>
					</Point>
				</Placemark>
				<Placemark>
					<name>110</name>
					<LookAt>
						<longitude>-114.05038826</longitude>
						<latitude>34.16796241</latitude>
						<altitude>0</altitude>
						<heading>0</heading>
						<tilt>0</tilt>
						<range>200</range>
					</LookAt>
					<styleUrl>#Point_Mile_Marker_-1_0311</styleUrl>
					<ExtendedData>
						<Data name="Type">
							<value>Mile Marker</value>
						</Data>
						<Data name="Symbol">
							<value>Waypoint</value>
						</Data>
						<Data name="Name on GPS">
						</Data>
						<Data name="Comment">
						</Data>
						<Data name="Latitude">
							<value>N34.16796</value>
						</Data>
						<Data name="Longitude">
							<value>W114.05039</value>
						</Data>
						<Data name="Elevation">
							<value>1214.57 ft</value>
						</Data>
						<Data name="Distance to Active Point">
							<value>7.23 mi</value>
						</Data>
						<Data name="Bearing">
							<value>69.30° True</value>
						</Data>
					</ExtendedData>
					<Point>
						<coordinates>-114.05038826,34.16796241,0</coordinates>
					</Point>
				</Placemark>
				<Placemark>
					<name>111</name>
					<LookAt>
						<longitude>-114.04763099</longitude>
						<latitude>34.15777296</latitude>
						<altitude>0</altitude>
						<heading>0</heading>
						<tilt>0</tilt>
						<range>200</range>
					</LookAt>
					<styleUrl>#Point_Mile_Marker_-1_0311</styleUrl>
					<ExtendedData>
						<Data name="Type">
							<value>Mile Marker</value>
						</Data>
						<Data name="Symbol">
							<value>Waypoint</value>
						</Data>
						<Data name="Name on GPS">
						</Data>
						<Data name="Comment">
						</Data>
						<Data name="Latitude">
							<value>N34.15777</value>
						</Data>
						<Data name="Longitude">
							<value>W114.04763</value>
						</Data>
						<Data name="Elevation">
							<value>1164.88 ft</value>
						</Data>
						<Data name="Distance to Active Point">
							<value>7.17 mi</value>
						</Data>
						<Data name="Bearing">
							<value>75.01° True</value>
						</Data>
					</ExtendedData>
					<Point>
						<coordinates>-114.04763099,34.15777296,0</coordinates>
					</Point>
				</Placemark>
				<Placemark>
					<name>112</name>
					<LookAt>
						<longitude>-114.04190997</longitude>
						<latitude>34.14608993</latitude>
						<altitude>0</altitude>
						<heading>0</heading>
						<tilt>0</tilt>
						<range>200</range>
					</LookAt>
					<styleUrl>#Point_Mile_Marker_-1_0311</styleUrl>
					<ExtendedData>
						<Data name="Type">
							<value>Mile Marker</value>
						</Data>
						<Data name="Symbol">
							<value>Waypoint</value>
						</Data>
						<Data name="Name on GPS">
						</Data>
						<Data name="Comment">
						</Data>
						<Data name="Latitude">
							<value>N34.14609</value>
						</Data>
						<Data name="Longitude">
							<value>W114.04191</value>
						</Data>
						<Data name="Elevation">
							<value>1201.29 ft</value>
						</Data>
						<Data name="Distance to Active Point">
							<value>7.33 mi</value>
						</Data>
						<Data name="Bearing">
							<value>81.77° True</value>
						</Data>
					</ExtendedData>
					<Point>
						<coordinates>-114.04190997,34.14608993,0</coordinates>
					</Point>
				</Placemark>
				<Placemark>
					<name>113</name>
					<LookAt>
						<longitude>-114.04358295</longitude>
						<latitude>34.13424895</latitude>
						<altitude>0</altitude>
						<heading>0</heading>
						<tilt>0</tilt>
						<range>200</range>
					</LookAt>
					<styleUrl>#Point_Mile_Marker_-1_0311</styleUrl>
					<ExtendedData>
						<Data name="Type">
							<value>Mile Marker</value>
						</Data>
						<Data name="Symbol">
							<value>Waypoint</value>
						</Data>
						<Data name="Name on GPS">
						</Data>
						<Data name="Comment">
						</Data>
						<Data name="Latitude">
							<value>N34.13425</value>
						</Data>
						<Data name="Longitude">
							<value>W114.04358</value>
						</Data>
						<Data name="Elevation">
							<value>1132.40 ft</value>
						</Data>
						<Data name="Distance to Active Point">
							<value>7.16 mi</value>
						</Data>
						<Data name="Bearing">
							<value>88.14° True</value>
						</Data>
					</ExtendedData>
					<Point>
						<coordinates>-114.04358295,34.13424895,0</coordinates>
					</Point>
				</Placemark>
				<Placemark>
					<name>114</name>
					<LookAt>
						<longitude>-114.02925252</longitude>
						<latitude>34.13031962</latitude>
						<altitude>0</altitude>
						<heading>0</heading>
						<tilt>0</tilt>
						<range>200</range>
					</LookAt>
					<styleUrl>#Point_Mile_Marker_-1_0311</styleUrl>
					<ExtendedData>
						<Data name="Type">
							<value>Mile Marker</value>
						</Data>
						<Data name="Symbol">
							<value>Waypoint</value>
						</Data>
						<Data name="Name on GPS">
						</Data>
						<Data name="Comment">
						</Data>
						<Data name="Latitude">
							<value>N34.13032</value>
						</Data>
						<Data name="Longitude">
							<value>W114.02925</value>
						</Data>
						<Data name="Elevation">
							<value>1183.37 ft</value>
						</Data>
						<Data name="Distance to Active Point">
							<value>7.98 mi</value>
						</Data>
						<Data name="Bearing">
							<value>90.27° True</value>
						</Data>
					</ExtendedData>
					<Point>
						<coordinates>-114.02925252,34.13031962,0</coordinates>
					</Point>
				</Placemark>
				<Placemark>
					<name>115</name>
					<LookAt>
						<longitude>-114.02041273</longitude>
						<latitude>34.11819131</latitude>
						<altitude>0</altitude>
						<heading>0</heading>
						<tilt>0</tilt>
						<range>200</range>
					</LookAt>
					<styleUrl>#Point_Mile_Marker_-1_0311</styleUrl>
					<ExtendedData>
						<Data name="Type">
							<value>Mile Marker</value>
						</Data>
						<Data name="Symbol">
							<value>Waypoint</value>
						</Data>
						<Data name="Name on GPS">
						</Data>
						<Data name="Comment">
						</Data>
						<Data name="Latitude">
							<value>N34.11819</value>
						</Data>
						<Data name="Longitude">
							<value>W114.02041</value>
						</Data>
						<Data name="Elevation">
							<value>1192.09 ft</value>
						</Data>
						<Data name="Distance to Active Point">
							<value>8.53 mi</value>
						</Data>
						<Data name="Bearing">
							<value>95.87° True</value>
						</Data>
					</ExtendedData>
					<Point>
						<coordinates>-114.02041273,34.11819131,0</coordinates>
					</Point>
				</Placemark>
				<Placemark>
					<name>116</name>
					<LookAt>
						<longitude>-114.02853478</longitude>
						<latitude>34.11374679</latitude>
						<altitude>0</altitude>
						<heading>0</heading>
						<tilt>0</tilt>
						<range>200</range>
					</LookAt>
					<styleUrl>#Point_Mile_Marker_-1_0311</styleUrl>
					<ExtendedData>
						<Data name="Type">
							<value>Mile Marker</value>
						</Data>
						<Data name="Symbol">
							<value>Waypoint</value>
						</Data>
						<Data name="Name on GPS">
						</Data>
						<Data name="Comment">
						</Data>
						<Data name="Latitude">
							<value>N34.11375</value>
						</Data>
						<Data name="Longitude">
							<value>W114.02853</value>
						</Data>
						<Data name="Elevation">
							<value>1141.66 ft</value>
						</Data>
						<Data name="Distance to Active Point">
							<value>8.11 mi</value>
						</Data>
						<Data name="Bearing">
							<value>98.37° True</value>
						</Data>
					</ExtendedData>
					<Point>
						<coordinates>-114.02853478,34.11374679,0</coordinates>
					</Point>
				</Placemark>
				<Placemark>
					<name>117</name>
					<LookAt>
						<longitude>-114.04494372</longitude>
						<latitude>34.11562663</latitude>
						<altitude>0</altitude>
						<heading>0</heading>
						<tilt>0</tilt>
						<range>200</range>
					</LookAt>
					<styleUrl>#Point_Mile_Marker_-1_0311</styleUrl>
					<ExtendedData>
						<Data name="Type">
							<value>Mile Marker</value>
						</Data>
						<Data name="Symbol">
							<value>Waypoint</value>
						</Data>
						<Data name="Name on GPS">
						</Data>
						<Data name="Comment">
						</Data>
						<Data name="Latitude">
							<value>N34.11563</value>
						</Data>
						<Data name="Longitude">
							<value>W114.04494</value>
						</Data>
						<Data name="Elevation">
							<value>1081.27 ft</value>
						</Data>
						<Data name="Distance to Active Point">
							<value>7.16 mi</value>
						</Data>
						<Data name="Bearing">
							<value>98.45° True</value>
						</Data>
					</ExtendedData>
					<Point>
						<coordinates>-114.04494372,34.11562663,0</coordinates>
					</Point>
				</Placemark>
				<Placemark>
					<name>118</name>
					<LookAt>
						<longitude>-114.06076518</longitude>
						<latitude>34.11987045</latitude>
						<altitude>0</altitude>
						<heading>0</heading>
						<tilt>0</tilt>
						<range>200</range>
					</LookAt>
					<styleUrl>#Point_Mile_Marker_-1_0311</styleUrl>
					<ExtendedData>
						<Data name="Type">
							<value>Mile Marker</value>
						</Data>
						<Data name="Symbol">
							<value>Waypoint</value>
						</Data>
						<Data name="Name on GPS">
						</Data>
						<Data name="Comment">
						</Data>
						<Data name="Latitude">
							<value>N34.11987</value>
						</Data>
						<Data name="Longitude">
							<value>W114.06077</value>
						</Data>
						<Data name="Elevation">
							<value>1019.99 ft</value>
						</Data>
						<Data name="Distance to Active Point">
							<value>6.22 mi</value>
						</Data>
						<Data name="Bearing">
							<value>97.02° True</value>
						</Data>
					</ExtendedData>
					<Point>
						<coordinates>-114.06076518,34.11987045,0</coordinates>
					</Point>
				</Placemark>
				<Placemark>
					<name>119</name>
					<LookAt>
						<longitude>-114.07665657</longitude>
						<latitude>34.11802137</latitude>
						<altitude>0</altitude>
						<heading>0</heading>
						<tilt>0</tilt>
						<range>200</range>
					</LookAt>
					<styleUrl>#Point_Mile_Marker_-1_0311</styleUrl>
					<ExtendedData>
						<Data name="Type">
							<value>Mile Marker</value>
						</Data>
						<Data name="Symbol">
							<value>Waypoint</value>
						</Data>
						<Data name="Name on GPS">
						</Data>
						<Data name="Comment">
						</Data>
						<Data name="Latitude">
							<value>N34.11802</value>
						</Data>
						<Data name="Longitude">
							<value>W114.07666</value>
						</Data>
						<Data name="Elevation">
							<value>961.61 ft</value>
						</Data>
						<Data name="Distance to Active Point">
							<value>5.34 mi</value>
						</Data>
						<Data name="Bearing">
							<value>99.58° True</value>
						</Data>
					</ExtendedData>
					<Point>
						<coordinates>-114.07665657,34.11802137,0</coordinates>
					</Point>
				</Placemark>
				<Placemark>
					<name>120</name>
					<LookAt>
						<longitude>-114.09244202</longitude>
						<latitude>34.11717541</latitude>
						<altitude>0</altitude>
						<heading>0</heading>
						<tilt>0</tilt>
						<range>200</range>
					</LookAt>
					<styleUrl>#Point_Mile_Marker_-1_0311</styleUrl>
					<ExtendedData>
						<Data name="Type">
							<value>Mile Marker</value>
						</Data>
						<Data name="Symbol">
							<value>Waypoint</value>
						</Data>
						<Data name="Name on GPS">
						</Data>
						<Data name="Comment">
						</Data>
						<Data name="Latitude">
							<value>N34.11718</value>
						</Data>
						<Data name="Longitude">
							<value>W114.09244</value>
						</Data>
						<Data name="Elevation">
							<value>918.55 ft</value>
						</Data>
						<Data name="Distance to Active Point">
							<value>4.46 mi</value>
						</Data>
						<Data name="Bearing">
							<value>102.27° True</value>
						</Data>
					</ExtendedData>
					<Point>
						<coordinates>-114.09244202,34.11717541,0</coordinates>
					</Point>
				</Placemark>
				<Placemark>
					<name>121</name>
					<LookAt>
						<longitude>-114.10628443</longitude>
						<latitude>34.1189719</latitude>
						<altitude>0</altitude>
						<heading>0</heading>
						<tilt>0</tilt>
						<range>200</range>
					</LookAt>
					<styleUrl>#Point_Mile_Marker_-1_0311</styleUrl>
					<ExtendedData>
						<Data name="Type">
							<value>Mile Marker</value>
						</Data>
						<Data name="Symbol">
							<value>Waypoint</value>
						</Data>
						<Data name="Name on GPS">
						</Data>
						<Data name="Comment">
						</Data>
						<Data name="Latitude">
							<value>N34.11897</value>
						</Data>
						<Data name="Longitude">
							<value>W114.10628</value>
						</Data>
						<Data name="Elevation">
							<value>911.99 ft</value>
						</Data>
						<Data name="Distance to Active Point">
							<value>3.66 mi</value>
						</Data>
						<Data name="Bearing">
							<value>103.02° True</value>
						</Data>
					</ExtendedData>
					<Point>
						<coordinates>-114.10628443,34.1189719,0</coordinates>
					</Point>
				</Placemark>
				<Placemark>
					<name>122</name>
					<LookAt>
						<longitude>-114.12254532</longitude>
						<latitude>34.12168631</latitude>
						<altitude>0</altitude>
						<heading>0</heading>
						<tilt>0</tilt>
						<range>200</range>
					</LookAt>
					<styleUrl>#Point_Mile_Marker_-1_0311</styleUrl>
					<ExtendedData>
						<Data name="Type">
							<value>Mile Marker</value>
						</Data>
						<Data name="Symbol">
							<value>Waypoint</value>
						</Data>
						<Data name="Name on GPS">
						</Data>
						<Data name="Comment">
						</Data>
						<Data name="Latitude">
							<value>N34.12169</value>
						</Data>
						<Data name="Longitude">
							<value>W114.12255</value>
						</Data>
						<Data name="Elevation">
							<value>847.42 ft</value>
						</Data>
						<Data name="Distance to Active Point">
							<value>2.71 mi</value>
						</Data>
						<Data name="Bearing">
							<value>103.62° True</value>
						</Data>
					</ExtendedData>
					<Point>
						<coordinates>-114.12254532,34.12168631,0</coordinates>
					</Point>
				</Placemark>
				<Placemark>
					<name>123</name>
					<LookAt>
						<longitude>-114.13313975</longitude>
						<latitude>34.12855242</latitude>
						<altitude>0</altitude>
						<heading>0</heading>
						<tilt>0</tilt>
						<range>200</range>
					</LookAt>
					<styleUrl>#Point_Mile_Marker_-1_0311</styleUrl>
					<ExtendedData>
						<Data name="Type">
							<value>Mile Marker</value>
						</Data>
						<Data name="Symbol">
							<value>Waypoint</value>
						</Data>
						<Data name="Name on GPS">
						</Data>
						<Data name="Comment">
						</Data>
						<Data name="Latitude">
							<value>N34.12855</value>
						</Data>
						<Data name="Longitude">
							<value>W114.13314</value>
						</Data>
						<Data name="Elevation">
							<value>866.68 ft</value>
						</Data>
						<Data name="Distance to Active Point">
							<value>2.03 mi</value>
						</Data>
						<Data name="Bearing">
							<value>94.64° True</value>
						</Data>
					</ExtendedData>
					<Point>
						<coordinates>-114.13313975,34.12855242,0</coordinates>
					</Point>
				</Placemark>
				<Placemark>
					<name>124</name>
					<LookAt>
						<longitude>-114.14570937</longitude>
						<latitude>34.13761419</latitude>
						<altitude>0</altitude>
						<heading>0</heading>
						<tilt>0</tilt>
						<range>200</range>
					</LookAt>
					<styleUrl>#Point_Mile_Marker_-1_0311</styleUrl>
					<ExtendedData>
						<Data name="Type">
							<value>Mile Marker</value>
						</Data>
						<Data name="Symbol">
							<value>Waypoint</value>
						</Data>
						<Data name="Name on GPS">
						</Data>
						<Data name="Comment">
						</Data>
						<Data name="Latitude">
							<value>N34.13761</value>
						</Data>
						<Data name="Longitude">
							<value>W114.14571</value>
						</Data>
						<Data name="Elevation">
							<value>791.01 ft</value>
						</Data>
						<Data name="Distance to Active Point">
							<value>1.38 mi</value>
						</Data>
						<Data name="Bearing">
							<value>70.54° True</value>
						</Data>
					</ExtendedData>
					<Point>
						<coordinates>-114.14570937,34.13761419,0</coordinates>
					</Point>
				</Placemark>
				<Placemark>
					<name>125</name>
					<LookAt>
						<longitude>-114.1573682</longitude>
						<latitude>34.13159385</latitude>
						<altitude>0</altitude>
						<heading>0</heading>
						<tilt>0</tilt>
						<range>200</range>
					</LookAt>
					<styleUrl>#Point_Mile_Marker_-1_0311</styleUrl>
					<ExtendedData>
						<Data name="Type">
							<value>Mile Marker</value>
						</Data>
						<Data name="Symbol">
							<value>Waypoint</value>
						</Data>
						<Data name="Name on GPS">
						</Data>
						<Data name="Comment">
						</Data>
						<Data name="Latitude">
							<value>N34.13159</value>
						</Data>
						<Data name="Longitude">
							<value>W114.15737</value>
						</Data>
						<Data name="Elevation">
							<value>730.32 ft</value>
						</Data>
						<Data name="Distance to Active Point">
							<value>0.64 mi</value>
						</Data>
						<Data name="Bearing">
							<value>85.93° True</value>
						</Data>
					</ExtendedData>
					<Point>
						<coordinates>-114.1573682,34.13159385,0</coordinates>
					</Point>
				</Placemark>
				<Placemark>
					<name>126</name>
					<LookAt>
						<longitude>-114.1714714</longitude>
						<latitude>34.13160826</latitude>
						<altitude>0</altitude>
						<heading>0</heading>
						<tilt>0</tilt>
						<range>200</range>
					</LookAt>
					<styleUrl>#Point_Mile_Marker_-1_0311</styleUrl>
					<ExtendedData>
						<Data name="Type">
							<value>Mile Marker</value>
						</Data>
						<Data name="Symbol">
							<value>Waypoint</value>
						</Data>
						<Data name="Name on GPS">
						</Data>
						<Data name="Comment">
						</Data>
						<Data name="Latitude">
							<value>N34.13161</value>
						</Data>
						<Data name="Longitude">
							<value>W114.17147</value>
						</Data>
						<Data name="Elevation">
							<value>0.00 ft</value>
						</Data>
						<Data name="Distance to Active Point">
							<value>952 ft</value>
						</Data>
						<Data name="Bearing">
							<value>284.80° True</value>
						</Data>
					</ExtendedData>
					<Point>
						<coordinates>-114.1714714,34.13160826,0</coordinates>
					</Point>
				</Placemark>
			</Folder>
		</Folder>
		<Folder>
			<name>Waypoints</name>
			<open>1</open>
			<Folder>
				<name>Pits</name>
				<Folder>
					<name>Pit Location</name>
					<Placemark>
						<name>CAP Canal Pit 1</name>
						<description><![CDATA[Location: 34.01795, -113.93891<br>
Elevation: 0.0 ft<br>
Time Created: 12/22/25, 12:22:06 PM PST<br>]]></description>
						<styleUrl>#sh_ylw-pushpin1020</styleUrl>
						<Point>
							<coordinates>-113.93891,34.01795,0</coordinates>
						</Point>
					</Placemark>
					<Placemark>
						<name>Graham Well Pit 2</name>
						<description><![CDATA[Location: 33.95990, -113.81225<br>
Elevation: 0.0 ft<br>
Time Created: 12/22/25, 12:22:06 PM PST<br>]]></description>
						<styleUrl>#sh_ylw-pushpin1020</styleUrl>
						<Point>
							<coordinates>-113.81225,33.9599,0</coordinates>
						</Point>
					</Placemark>
					<Placemark>
						<name>Midway Pit 3</name>
						<description><![CDATA[Location: 34.06933, -113.88392<br>
Elevation: 0.0 ft<br>
Time Created: 12/22/25, 12:22:06 PM PST<br>]]></description>
						<styleUrl>#sh_ylw-pushpin1020</styleUrl>
						<Point>
							<coordinates>-113.88392,34.06933,0</coordinates>
						</Point>
					</Placemark>
					<Placemark>
						<name>Main Pit</name>
						<description><![CDATA[Location: 34.13094, -114.16843<br>
Elevation: 0.0 ft<br>
Time Created: 12/22/25, 12:25:55 PM PST<br>]]></description>
						<styleUrl>#sh_ylw-pushpin1020</styleUrl>
						<Point>
							<coordinates>-114.16843,34.13094,0</coordinates>
						</Point>
					</Placemark>
				</Folder>
				<Folder>
					<name>Markings</name>
					<Placemark>
						<name>Pit Ahead</name>
						<description><![CDATA[Location: 34.01854, -113.93406<br>
Elevation: 0.0 ft<br>
Time Created: 12/27/25, 3:27:32 PM PST<br>]]></description>
						<styleUrl>#sh_ylw-pushpin336</styleUrl>
						<Point>
							<coordinates>-113.9338976585118,34.01867385792912,0</coordinates>
						</Point>
					</Placemark>
					<Placemark>
						<name>Pit Ahead</name>
						<description><![CDATA[Location: 33.96011, -113.81956<br>
Elevation: 0.0 ft<br>
Time Created: 12/27/25, 4:06:53 PM PST<br>]]></description>
						<styleUrl>#sh_ylw-pushpin336</styleUrl>
						<Point>
							<coordinates>-113.8194792256117,33.9599168234067,0</coordinates>
						</Point>
					</Placemark>
					<Placemark>
						<name>Pit Ahead</name>
						<description><![CDATA[Location: 34.06483, -113.86860<br>
Elevation: 0.0 ft<br>
Time Created: 12/28/25, 10:31:51 AM PST<br>]]></description>
						<styleUrl>#sh_ylw-pushpin336</styleUrl>
						<Point>
							<coordinates>-113.8684438070601,34.06493305002786,0</coordinates>
						</Point>
					</Placemark>
					<Placemark>
						<name>Pit Ahead</name>
						<description><![CDATA[Location: 34.12957, -114.15929<br>
Elevation: 0.0 ft<br>
Time Created: 12/28/25, 12:02:42 PM PST<br>]]></description>
						<styleUrl>#sh_ylw-pushpin336</styleUrl>
						<Point>
							<coordinates>-114.15929,34.12957,0</coordinates>
						</Point>
					</Placemark>
				</Folder>
			</Folder>
			<Folder>
				<name>Danger</name>
				<Placemark>
					<name>Triple Danger Hole</name>
					<LookAt>
						<longitude>-114.0061592387384</longitude>
						<latitude>34.10148722989795</latitude>
						<altitude>0</altitude>
						<heading>-0.128163787993517</heading>
						<tilt>24.85275182660522</tilt>
						<range>303.172812556564</range>
						<gx:altitudeMode>relativeToSeaFloor</gx:altitudeMode>
					</LookAt>
					<styleUrl>#sh_ylw-pushpin178</styleUrl>
					<Point>
						<gx:drawOrder>1</gx:drawOrder>
						<coordinates>-114.0070771945135,34.10148018509665,0</coordinates>
					</Point>
				</Placemark>
				<Placemark>
					<name>Triple Danger Wash Out</name>
					<description><![CDATA[Location: 33.96640, -113.99758<br>
Elevation: 0.0 ft<br>
Time Created: 12/27/25, 3:40:08 PM PST<br>]]></description>
					<styleUrl>#sh_ylw-pushpin178</styleUrl>
					<Point>
						<coordinates>-113.99758,33.9664,0</coordinates>
					</Point>
				</Placemark>
				<Placemark>
					<name>Single Danger</name>
					<description><![CDATA[Location: 34.09713, -113.93631<br>
Elevation: 0.0 ft<br>
Time Created: 12/27/25, 2:51:07 PM PST<br>]]></description>
					<styleUrl>#sh_ylw-pushpin178</styleUrl>
					<Point>
						<coordinates>-113.93631,34.09713,0</coordinates>
					</Point>
				</Placemark>
				<Placemark>
					<name>Single Danger</name>
					<description><![CDATA[Location: 34.09062, -113.92261<br>
Elevation: 0.0 ft<br>
Time Created: 12/27/25, 2:55:03 PM PST<br>]]></description>
					<styleUrl>#sh_ylw-pushpin178</styleUrl>
					<Point>
						<coordinates>-113.92261,34.09062,0</coordinates>
					</Point>
				</Placemark>
				<Placemark>
					<name>Single Danger</name>
					<description><![CDATA[Location: 34.00261, -113.96518<br>
Elevation: 0.0 ft<br>
Time Created: 12/27/25, 3:32:58 PM PST<br>]]></description>
					<styleUrl>#sh_ylw-pushpin178</styleUrl>
					<Point>
						<coordinates>-113.96518,34.00261,0</coordinates>
					</Point>
				</Placemark>
				<Placemark>
					<name>Single Danger</name>
					<description><![CDATA[Location: 33.99828, -113.97114<br>
Elevation: 0.0 ft<br>
Time Created: 12/27/25, 3:33:56 PM PST<br>]]></description>
					<styleUrl>#sh_ylw-pushpin178</styleUrl>
					<Point>
						<coordinates>-113.9711471112626,33.99850120753551,0</coordinates>
					</Point>
				</Placemark>
				<Placemark>
					<name>Single Danger</name>
					<description><![CDATA[Location: 33.99712, -113.97643<br>
Elevation: 0.0 ft<br>
Time Created: 12/27/25, 3:34:37 PM PST<br>]]></description>
					<styleUrl>#sh_ylw-pushpin178</styleUrl>
					<Point>
						<coordinates>-113.9762715803219,33.99635546317459,0</coordinates>
					</Point>
				</Placemark>
				<Placemark>
					<name>Single Danger</name>
					<description><![CDATA[Location: 33.97629, -113.59757<br>
Elevation: 0.0 ft<br>
Time Created: 12/28/25, 9:49:39 AM PST<br>]]></description>
					<styleUrl>#sh_ylw-pushpin178</styleUrl>
					<Point>
						<coordinates>-113.59757,33.97629,0</coordinates>
					</Point>
				</Placemark>
				<Placemark>
					<name>Single Danger</name>
					<description><![CDATA[Location: 33.98016, -113.60164<br>
Elevation: 0.0 ft<br>
Time Created: 12/28/25, 9:51:18 AM PST<br>]]></description>
					<styleUrl>#sh_ylw-pushpin178</styleUrl>
					<Point>
						<coordinates>-113.60164,33.98016,0</coordinates>
					</Point>
				</Placemark>
				<Placemark>
					<name>Single Danger</name>
					<description><![CDATA[Location: 34.09019, -113.89043<br>
Elevation: 0.0 ft<br>
Time Created: 12/28/25, 10:42:12 AM PST<br>]]></description>
					<styleUrl>#sh_ylw-pushpin178</styleUrl>
					<Point>
						<coordinates>-113.8903308440221,34.09027951071396,0</coordinates>
					</Point>
				</Placemark>
				<Placemark>
					<name>Single Danger</name>
					<description><![CDATA[Location: 34.09457, -113.89284<br>
Elevation: 0.0 ft<br>
Time Created: 12/28/25, 10:43:19 AM PST<br>]]></description>
					<styleUrl>#sh_ylw-pushpin178</styleUrl>
					<Point>
						<coordinates>-113.8929517157891,34.09456853094687,0</coordinates>
					</Point>
				</Placemark>
				<Placemark>
					<name>Single Danger</name>
					<description><![CDATA[Location: 34.12871, -114.02777<br>
Elevation: 0.0 ft<br>
Time Created: 12/28/25, 11:24:15 AM PST<br>]]></description>
					<styleUrl>#sh_ylw-pushpin178</styleUrl>
					<Point>
						<coordinates>-114.02777,34.12871,0</coordinates>
					</Point>
				</Placemark>
				<Placemark>
					<name>Single Danger</name>
					<description><![CDATA[Location: 34.11744, -114.09146<br>
Elevation: 0.0 ft<br>
Time Created: 12/28/25, 11:49:09 AM PST<br>]]></description>
					<styleUrl>#sh_ylw-pushpin178</styleUrl>
					<Point>
						<coordinates>-114.09146,34.11744,0</coordinates>
					</Point>
				</Placemark>
				<Placemark>
					<name>SIngle Danger</name>
					<description><![CDATA[Location: 34.13678, -114.15092<br>
Elevation: 0.0 ft<br>
Time Created: 12/28/25, 12:00:23 PM PST<br>]]></description>
					<styleUrl>#sh_ylw-pushpin178</styleUrl>
					<Point>
						<coordinates>-114.1509203737546,34.13690955270432,0</coordinates>
					</Point>
				</Placemark>
				<Placemark>
					<name>Single Danger Down</name>
					<description><![CDATA[Location: 34.13642, -114.18391<br>
Elevation: 0.0 ft<br>
Time Created: 12/27/25, 1:44:42 PM PST<br>]]></description>
					<styleUrl>#sh_ylw-pushpin178</styleUrl>
					<Point>
						<coordinates>-114.18391,34.13642,0</coordinates>
					</Point>
				</Placemark>
				<Placemark>
					<name>Single Danger Gout</name>
					<description><![CDATA[Location: 34.13557, -114.04439<br>
Elevation: 0.0 ft<br>
Time Created: 12/28/25, 11:20:27 AM PST<br>]]></description>
					<styleUrl>#sh_ylw-pushpin178</styleUrl>
					<Point>
						<coordinates>-114.04439,34.13557,0</coordinates>
					</Point>
				</Placemark>
				<Placemark>
					<name>Danger Ahead</name>
					<description><![CDATA[Location: 34.06980, -113.88806<br>
Elevation: 0.0 ft<br>
Time Created: 12/27/25, 3:17:37 PM PST<br>]]></description>
					<styleUrl>#sh_ylw-pushpin178</styleUrl>
					<Point>
						<coordinates>-113.888012392067,34.06978354326193,0</coordinates>
					</Point>
				</Placemark>
				<Placemark>
					<name>Danger Ahead</name>
					<description><![CDATA[Location: 34.06843, -113.88973<br>
Elevation: 0.0 ft<br>
Time Created: 12/27/25, 3:18:22 PM PST<br>]]></description>
					<styleUrl>#sh_ylw-pushpin178</styleUrl>
					<Point>
						<coordinates>-113.8892813723681,34.06838263436344,0</coordinates>
					</Point>
				</Placemark>
				<Placemark>
					<name>Danger Ahead</name>
					<description><![CDATA[Location: 34.02580, -113.92545<br>
Elevation: 0.0 ft<br>
Time Created: 12/27/25, 3:24:55 PM PST<br>]]></description>
					<styleUrl>#sh_ylw-pushpin178</styleUrl>
					<Point>
						<coordinates>-113.9249814929537,34.02612372576454,0</coordinates>
					</Point>
				</Placemark>
				<Placemark>
					<name>Danger Ahead</name>
					<description><![CDATA[Location: 33.96724, -113.99777<br>
Elevation: 0.0 ft<br>
Time Created: 12/27/25, 3:39:45 PM PST<br>]]></description>
					<styleUrl>#sh_ylw-pushpin178</styleUrl>
					<Point>
						<coordinates>-113.9977968179671,33.96771369400278,0</coordinates>
					</Point>
				</Placemark>
				<Placemark>
					<name>Danger Ahead</name>
					<description><![CDATA[Location: 33.98394, -113.92826<br>
Elevation: 0.0 ft<br>
Time Created: 12/27/25, 3:50:15 PM PST<br>]]></description>
					<styleUrl>#sh_ylw-pushpin178</styleUrl>
					<Point>
						<coordinates>-113.9288396304221,33.98389737750333,0</coordinates>
					</Point>
				</Placemark>
				<Placemark>
					<name>Danger Ahead</name>
					<description><![CDATA[Location: 33.98663, -113.73622<br>
Elevation: 0.0 ft<br>
Time Created: 12/28/25, 9:37:54 AM PST<br>]]></description>
					<styleUrl>#sh_ylw-pushpin178</styleUrl>
					<Point>
						<coordinates>-113.7392108347243,33.98657607623581,0</coordinates>
					</Point>
				</Placemark>
				<Placemark>
					<name>Danger Ahead</name>
					<description><![CDATA[Location: 34.16311, -113.94140<br>
Elevation: 0.0 ft<br>
Time Created: 12/28/25, 10:52:34 AM PST<br>]]></description>
					<styleUrl>#sh_ylw-pushpin178</styleUrl>
					<Point>
						<coordinates>-113.9416003267864,34.16319847970625,0</coordinates>
					</Point>
				</Placemark>
				<Placemark>
					<name>Danger Ahead</name>
					<description><![CDATA[Location: 34.16131, -114.04937<br>
Elevation: 0.0 ft<br>
Time Created: 12/28/25, 11:13:50 AM PST<br>]]></description>
					<styleUrl>#sh_ylw-pushpin178</styleUrl>
					<Point>
						<coordinates>-114.04937,34.16131,0</coordinates>
					</Point>
				</Placemark>
				<Placemark>
					<name>Danger Ahead</name>
					<description><![CDATA[Location: 34.13429, -114.04368<br>
Elevation: 0.0 ft<br>
Time Created: 12/28/25, 11:21:12 AM PST<br>]]></description>
					<styleUrl>#sh_ylw-pushpin178</styleUrl>
					<Point>
						<coordinates>-114.0438056473099,34.13443334810615,0</coordinates>
					</Point>
				</Placemark>
				<Placemark>
					<name>Danger Ahead</name>
					<LookAt>
						<longitude>-114.0460490105644</longitude>
						<latitude>34.15686180437626</latitude>
						<altitude>0</altitude>
						<heading>-0.06293367311795975</heading>
						<tilt>37.12192201513061</tilt>
						<range>529.8457789201786</range>
						<gx:altitudeMode>relativeToSeaFloor</gx:altitudeMode>
					</LookAt>
					<styleUrl>#sh_ylw-pushpin178</styleUrl>
					<Point>
						<gx:drawOrder>1</gx:drawOrder>
						<coordinates>-114.047236699609,34.15739678749852,0</coordinates>
					</Point>
				</Placemark>
				<Placemark>
					<name>Danger Ahead</name>
					<LookAt>
						<longitude>-114.018145255264</longitude>
						<latitude>34.11534207530765</latitude>
						<altitude>0</altitude>
						<heading>-0.1373498425225022</heading>
						<tilt>25.48932291319251</tilt>
						<range>626.4954363905039</range>
						<gx:altitudeMode>relativeToSeaFloor</gx:altitudeMode>
					</LookAt>
					<styleUrl>#sh_ylw-pushpin178</styleUrl>
					<Point>
						<gx:drawOrder>1</gx:drawOrder>
						<coordinates>-114.0186014814585,34.11590122210551,0</coordinates>
					</Point>
				</Placemark>
				<Placemark>
					<name>Danger Bridge Crossing</name>
					<description><![CDATA[Location: 33.98411, -113.92561<br>
Elevation: 0.0 ft<br>
Time Created: 12/27/25, 3:50:48 PM PST<br>]]></description>
					<styleUrl>#sh_ylw-pushpin178</styleUrl>
					<Point>
						<coordinates>-113.92561,33.98411,0</coordinates>
					</Point>
				</Placemark>
				<Placemark>
					<name>Danger Fence</name>
					<description><![CDATA[Location: 33.98632, -113.73231<br>
Elevation: 0.0 ft<br>
Time Created: 12/28/25, 9:38:32 AM PST<br>]]></description>
					<styleUrl>#sh_ylw-pushpin178</styleUrl>
					<Point>
						<coordinates>-113.7321176305784,33.98649313595477,0</coordinates>
					</Point>
				</Placemark>
				<Placemark>
					<name>Danger Fence</name>
					<description><![CDATA[Location: 34.01973, -113.73375<br>
Elevation: 0.0 ft<br>
Time Created: 12/28/25, 10:21:01 AM PST<br>]]></description>
					<styleUrl>#sh_ylw-pushpin178</styleUrl>
					<Point>
						<coordinates>-113.73375,34.01973,0</coordinates>
					</Point>
				</Placemark>
				<Placemark>
					<name>Danger Left Turn</name>
					<LookAt>
						<longitude>-113.9407678290332</longitude>
						<latitude>34.16391763691021</latitude>
						<altitude>0</altitude>
						<heading>-0.149877677467364</heading>
						<tilt>21.02401887092276</tilt>
						<range>255.3275173951228</range>
						<gx:altitudeMode>relativeToSeaFloor</gx:altitudeMode>
					</LookAt>
					<styleUrl>#sh_ylw-pushpin178</styleUrl>
					<Point>
						<gx:drawOrder>1</gx:drawOrder>
						<coordinates>-113.9417983613584,34.16441773720658,0</coordinates>
					</Point>
				</Placemark>
				<Placemark>
					<name>Danger Poles</name>
					<description><![CDATA[Location: 34.10821, -113.95994<br>
Elevation: 0.0 ft<br>
Time Created: 12/27/25, 2:47:27 PM PST<br>]]></description>
					<styleUrl>#sh_ylw-pushpin178</styleUrl>
					<Point>
						<coordinates>-113.95994,34.10821,0</coordinates>
					</Point>
				</Placemark>
				<Placemark>
					<name>Danger Poles</name>
					<description><![CDATA[Location: 33.98621, -113.64107<br>
Elevation: 0.0 ft<br>
Time Created: 12/28/25, 9:44:13 AM PST<br>]]></description>
					<styleUrl>#sh_ylw-pushpin178</styleUrl>
					<Point>
						<coordinates>-113.6411821709191,33.98640096810694,0</coordinates>
					</Point>
				</Placemark>
				<Placemark>
					<name>Danger Ricks Right</name>
					<description><![CDATA[Location: 34.15762, -114.18202<br>
Elevation: 0.0 ft<br>
Time Created: 12/27/25, 1:28:29 PM PST<br>]]></description>
					<styleUrl>#sh_ylw-pushpin178</styleUrl>
					<Point>
						<coordinates>-114.18202,34.15762,0</coordinates>
					</Point>
				</Placemark>
				<Placemark>
					<name>Danger Rocks</name>
					<description><![CDATA[Location: 34.14231, -114.15011<br>
Elevation: 0.0 ft<br>
Time Created: 12/27/25, 1:20:57 PM PST<br>]]></description>
					<styleUrl>#sh_ylw-pushpin178</styleUrl>
					<Point>
						<coordinates>-114.1501397696261,34.1422707766235,0</coordinates>
					</Point>
				</Placemark>
				<Placemark>
					<name>Danger Rocks</name>
					<description><![CDATA[Location: 34.15110, -114.16037<br>
Elevation: 0.0 ft<br>
Time Created: 12/27/25, 1:23:36 PM PST<br>]]></description>
					<styleUrl>#sh_ylw-pushpin178</styleUrl>
					<Point>
						<coordinates>-114.1602403972831,34.15102722860092,0</coordinates>
					</Point>
				</Placemark>
				<Placemark>
					<name>Danger Rocks</name>
					<description><![CDATA[Location: 34.15606, -114.17443<br>
Elevation: 0.0 ft<br>
Time Created: 12/27/25, 1:26:21 PM PST<br>]]></description>
					<styleUrl>#sh_ylw-pushpin178</styleUrl>
					<Point>
						<coordinates>-114.17443,34.15606,0</coordinates>
					</Point>
				</Placemark>
				<Placemark>
					<name>Danger Rocks</name>
					<description><![CDATA[Location: 34.12452, -114.16209<br>
Elevation: 0.0 ft<br>
Time Created: 12/27/25, 2:03:14 PM PST<br>]]></description>
					<styleUrl>#sh_ylw-pushpin178</styleUrl>
					<Point>
						<coordinates>-114.16209,34.12452,0</coordinates>
					</Point>
				</Placemark>
				<Placemark>
					<name>Danger Rocks</name>
					<description><![CDATA[Location: 34.11680, -114.13672<br>
Elevation: 0.0 ft<br>
Time Created: 12/27/25, 2:08:32 PM PST<br>]]></description>
					<styleUrl>#sh_ylw-pushpin178</styleUrl>
					<Point>
						<coordinates>-114.13672,34.1168,0</coordinates>
					</Point>
				</Placemark>
				<Placemark>
					<name>Danger Rocks</name>
					<description><![CDATA[Location: 33.97459, -113.59943<br>
Elevation: 0.0 ft<br>
Time Created: 12/28/25, 9:49:03 AM PST<br>]]></description>
					<styleUrl>#sh_ylw-pushpin178</styleUrl>
					<Point>
						<coordinates>-113.59943,33.97459,0</coordinates>
					</Point>
				</Placemark>
				<Placemark>
					<name>Danger Rocks</name>
					<description><![CDATA[Location: 34.21128, -114.00382<br>
Elevation: 0.0 ft<br>
Time Created: 12/28/25, 11:04:32 AM PST<br>]]></description>
					<styleUrl>#sh_ylw-pushpin178</styleUrl>
					<Point>
						<coordinates>-114.00382,34.21128,0</coordinates>
					</Point>
				</Placemark>
				<Placemark>
					<name>Danger Rocks</name>
					<description><![CDATA[Location: 34.11817, -114.08889<br>
Elevation: 0.0 ft<br>
Time Created: 12/28/25, 11:48:16 AM PST<br>]]></description>
					<styleUrl>#sh_ylw-pushpin178</styleUrl>
					<Point>
						<coordinates>-114.08889,34.11817,0</coordinates>
					</Point>
				</Placemark>
				<Placemark>
					<name>Danger Rocks</name>
					<LookAt>
						<longitude>-114.0975057831633</longitude>
						<latitude>34.11849979658511</latitude>
						<altitude>0</altitude>
						<heading>-0.1031235435883377</heading>
						<tilt>34.91242852979426</tilt>
						<range>331.5999652682863</range>
						<gx:altitudeMode>relativeToSeaFloor</gx:altitudeMode>
					</LookAt>
					<styleUrl>#sh_ylw-pushpin178</styleUrl>
					<Point>
						<gx:drawOrder>1</gx:drawOrder>
						<coordinates>-114.0971347167706,34.11830413853312,0</coordinates>
					</Point>
				</Placemark>
				<Placemark>
					<name>Danger Rocks</name>
					<LookAt>
						<longitude>-114.1267416530919</longitude>
						<latitude>34.1245663767534</latitude>
						<altitude>0</altitude>
						<heading>-0.11952230081922</heading>
						<tilt>34.92040685284491</tilt>
						<range>1883.553841258011</range>
						<gx:altitudeMode>relativeToSeaFloor</gx:altitudeMode>
					</LookAt>
					<styleUrl>#sh_ylw-pushpin178</styleUrl>
					<Point>
						<gx:drawOrder>1</gx:drawOrder>
						<coordinates>-114.1322440863567,34.12369622531853,0</coordinates>
					</Point>
				</Placemark>
				<Placemark>
					<name>Danger Rocks Left</name>
					<description><![CDATA[Location: 34.15636, -114.18213<br>
Elevation: 0.0 ft<br>
Time Created: 12/27/25, 1:29:35 PM PST<br>]]></description>
					<styleUrl>#sh_ylw-pushpin178</styleUrl>
					<Point>
						<coordinates>-114.18213,34.15636,0</coordinates>
					</Point>
				</Placemark>
				<Placemark>
					<name>Danger Rocks Left</name>
					<description><![CDATA[Location: 34.15356, -114.18744<br>
Elevation: 0.0 ft<br>
Time Created: 12/27/25, 1:31:25 PM PST<br>]]></description>
					<styleUrl>#sh_ylw-pushpin178</styleUrl>
					<Point>
						<coordinates>-114.18744,34.15356,0</coordinates>
					</Point>
				</Placemark>
				<Placemark>
					<name>Danger Rocks Left</name>
					<description><![CDATA[Location: 34.11411, -114.12457<br>
Elevation: 0.0 ft<br>
Time Created: 12/27/25, 2:12:22 PM PST<br>]]></description>
					<styleUrl>#sh_ylw-pushpin178</styleUrl>
					<Point>
						<coordinates>-114.12457,34.11411,0</coordinates>
					</Point>
				</Placemark>
				<Placemark>
					<name>Danger Rocks Right</name>
					<description><![CDATA[Location: 34.15918, -114.18199<br>
Elevation: 0.0 ft<br>
Time Created: 12/27/25, 1:27:55 PM PST<br>]]></description>
					<styleUrl>#sh_ylw-pushpin178</styleUrl>
					<Point>
						<coordinates>-114.18199,34.15918,0</coordinates>
					</Point>
				</Placemark>
				<Placemark>
					<name>Danger Rocks Right</name>
					<description><![CDATA[Location: 34.15549, -114.18534<br>
Elevation: 0.0 ft<br>
Time Created: 12/27/25, 1:30:30 PM PST<br>]]></description>
					<styleUrl>#sh_ylw-pushpin178</styleUrl>
					<Point>
						<coordinates>-114.18534,34.15549,0</coordinates>
					</Point>
				</Placemark>
				<Placemark>
					<name>Danger Rocks Right</name>
					<description><![CDATA[Location: 34.15332, -114.19005<br>
Elevation: 0.0 ft<br>
Time Created: 12/27/25, 1:32:04 PM PST<br>]]></description>
					<styleUrl>#sh_ylw-pushpin178</styleUrl>
					<Point>
						<coordinates>-114.19005,34.15332,0</coordinates>
					</Point>
				</Placemark>
				<Placemark>
					<name>Danger Rocks Right</name>
					<description><![CDATA[Location: 34.18295, -113.94998<br>
Elevation: 0.0 ft<br>
Time Created: 12/28/25, 10:56:06 AM PST<br>]]></description>
					<styleUrl>#sh_ylw-pushpin178</styleUrl>
					<Point>
						<coordinates>-113.94998,34.18295,0</coordinates>
					</Point>
				</Placemark>
				<Placemark>
					<name>Danger Rollers Ahead</name>
					<description><![CDATA[Location: 34.10783, -113.95906<br>
Elevation: 0.0 ft<br>
Time Created: 12/27/25, 2:50:43 PM PST<br>]]></description>
					<styleUrl>#sh_ylw-pushpin178</styleUrl>
					<Point>
						<coordinates>-113.95906,34.10783,0</coordinates>
					</Point>
				</Placemark>
				<Placemark>
					<name>Double Danger Down</name>
					<description><![CDATA[Location: 34.15633, -114.04627<br>
Elevation: 0.0 ft<br>
Time Created: 12/28/25, 11:15:21 AM PST<br>]]></description>
					<styleUrl>#sh_ylw-pushpin178</styleUrl>
					<Point>
						<coordinates>-114.04627,34.15633,0</coordinates>
					</Point>
				</Placemark>
				<Placemark>
					<name>Double Danger Gout</name>
					<description><![CDATA[Location: 33.99097, -113.98311<br>
Elevation: 0.0 ft<br>
Time Created: 12/27/25, 3:35:39 PM PST<br>]]></description>
					<styleUrl>#sh_ylw-pushpin178</styleUrl>
					<Point>
						<coordinates>-113.9829365907673,33.99042602808038,0</coordinates>
					</Point>
				</Placemark>
				<Placemark>
					<name>Double Danger Gout</name>
					<description><![CDATA[Location: 34.16056, -114.04883<br>
Elevation: 0.0 ft<br>
Time Created: 12/28/25, 11:14:18 AM PST<br>]]></description>
					<styleUrl>#sh_ylw-pushpin178</styleUrl>
					<Point>
						<coordinates>-114.0488664795507,34.16067150131209,0</coordinates>
					</Point>
				</Placemark>
				<Placemark>
					<name>Double Danger Gout</name>
					<description><![CDATA[Location: 34.13413, -114.04338<br>
Elevation: 0.0 ft<br>
Time Created: 12/28/25, 11:21:30 AM PST<br>]]></description>
					<styleUrl>#sh_ylw-pushpin178</styleUrl>
					<Point>
						<coordinates>-114.043359881589,34.13417239434632,0</coordinates>
					</Point>
				</Placemark>
				<Placemark>
					<name>Double Danger Gout</name>
					<description><![CDATA[Location: 34.11385, -114.01825<br>
Elevation: 0.0 ft<br>
Time Created: 12/28/25, 11:27:07 AM PST<br>]]></description>
					<styleUrl>#sh_ylw-pushpin178</styleUrl>
					<Point>
						<coordinates>-114.01825,34.11385,0</coordinates>
					</Point>
				</Placemark>
				<Placemark>
					<name>Double Danger Roller</name>
					<description><![CDATA[Location: 34.08711, -113.88836<br>
Elevation: 0.0 ft<br>
Time Created: 12/28/25, 10:41:28 AM PST<br>]]></description>
					<styleUrl>#sh_ylw-pushpin178</styleUrl>
					<Point>
						<coordinates>-113.8886562763326,34.08722897788821,0</coordinates>
					</Point>
				</Placemark>
				<Placemark>
					<name>Double Danger Wash Out</name>
					<description><![CDATA[Location: 34.06942, -113.88851<br>
Elevation: 0.0 ft<br>
Time Created: 12/27/25, 3:17:53 PM PST<br>]]></description>
					<styleUrl>#sh_ylw-pushpin178</styleUrl>
					<Point>
						<coordinates>-113.8884232068025,34.06920514550595,0</coordinates>
					</Point>
				</Placemark>
				<Placemark>
					<name>Double Danger Wash Out</name>
					<description><![CDATA[Location: 34.06807, -113.89006<br>
Elevation: 0.0 ft<br>
Time Created: 12/27/25, 3:18:38 PM PST<br>]]></description>
					<styleUrl>#sh_ylw-pushpin178</styleUrl>
					<Point>
						<coordinates>-113.8897198890263,34.06785637744361,0</coordinates>
					</Point>
				</Placemark>
				<Placemark>
					<name>Double Danger Wash Out</name>
					<description><![CDATA[Location: 34.02496, -113.92628<br>
Elevation: 0.0 ft<br>
Time Created: 12/27/25, 3:25:16 PM PST<br>]]></description>
					<styleUrl>#sh_ylw-pushpin178</styleUrl>
					<Point>
						<coordinates>-113.92628,34.02496,0</coordinates>
					</Point>
				</Placemark>
				<Placemark>
					<name>Danger Ahead</name>
					<LookAt>
						<longitude>-113.9644167847728</longitude>
						<latitude>34.00291841302626</latitude>
						<altitude>0</altitude>
						<heading>-0.06347599993217086</heading>
						<tilt>30.00274351120936</tilt>
						<range>611.2798318326672</range>
						<gx:altitudeMode>relativeToSeaFloor</gx:altitudeMode>
					</LookAt>
					<styleUrl>#sh_ylw-pushpin178</styleUrl>
					<Point>
						<gx:drawOrder>1</gx:drawOrder>
						<coordinates>-113.9626557750994,34.0040080477799,0</coordinates>
					</Point>
				</Placemark>
				<Placemark>
					<name>Danger Ahead</name>
					<LookAt>
						<longitude>-113.6936538622828</longitude>
						<latitude>34.04955326529624</latitude>
						<altitude>0</altitude>
						<heading>0.08012538548942601</heading>
						<tilt>29.57684369592762</tilt>
						<range>473.671094655746</range>
						<gx:altitudeMode>relativeToSeaFloor</gx:altitudeMode>
					</LookAt>
					<styleUrl>#sh_ylw-pushpin178</styleUrl>
					<Point>
						<gx:drawOrder>1</gx:drawOrder>
						<coordinates>-113.6925306404458,34.05018106763615,0</coordinates>
					</Point>
				</Placemark>
				<Placemark>
					<name>Danger Ahead</name>
					<LookAt>
						<longitude>-113.7709277683279</longitude>
						<latitude>34.03087740656896</latitude>
						<altitude>0</altitude>
						<heading>0.03377821997652834</heading>
						<tilt>29.16272840265055</tilt>
						<range>1490.389357566761</range>
						<gx:altitudeMode>relativeToSeaFloor</gx:altitudeMode>
					</LookAt>
					<styleUrl>#sh_ylw-pushpin178</styleUrl>
					<Point>
						<gx:drawOrder>1</gx:drawOrder>
						<coordinates>-113.7660842304028,34.02991030550996,0</coordinates>
					</Point>
				</Placemark>
				<Placemark>
					<name>Danger Left Turn</name>
					<LookAt>
						<longitude>-113.7709277683279</longitude>
						<latitude>34.03087740656896</latitude>
						<altitude>0</altitude>
						<heading>0.03377821997652834</heading>
						<tilt>29.16272840265055</tilt>
						<range>1490.389357566761</range>
						<gx:altitudeMode>relativeToSeaFloor</gx:altitudeMode>
					</LookAt>
					<styleUrl>#sh_ylw-pushpin178</styleUrl>
					<Point>
						<gx:drawOrder>1</gx:drawOrder>
						<coordinates>-113.7722144299573,34.0321060814537,0</coordinates>
					</Point>
				</Placemark>
				<Placemark>
					<name>Danger Right Turn</name>
					<LookAt>
						<longitude>-113.6936538622828</longitude>
						<latitude>34.04955326529624</latitude>
						<altitude>0</altitude>
						<heading>0.08012538548942601</heading>
						<tilt>29.57684369592762</tilt>
						<range>473.671094655746</range>
						<gx:altitudeMode>relativeToSeaFloor</gx:altitudeMode>
					</LookAt>
					<styleUrl>#sh_ylw-pushpin178</styleUrl>
					<Point>
						<gx:drawOrder>1</gx:drawOrder>
						<coordinates>-113.6944355386036,34.04911417089968,0</coordinates>
					</Point>
				</Placemark>
				<Placemark>
					<name>Dangers Ahead</name>
					<LookAt>
						<longitude>-113.8842529239376</longitude>
						<latitude>34.08423423549701</latitude>
						<altitude>0</altitude>
						<heading>-0.02669184393783336</heading>
						<tilt>29.55293501232563</tilt>
						<range>759.4494855320445</range>
						<gx:altitudeMode>relativeToSeaFloor</gx:altitudeMode>
					</LookAt>
					<styleUrl>#sh_ylw-pushpin178</styleUrl>
					<Point>
						<gx:drawOrder>1</gx:drawOrder>
						<coordinates>-113.886737455659,34.08450548599315,0</coordinates>
					</Point>
				</Placemark>
				<Placemark>
					<name>Danger Ahead</name>
					<LookAt>
						<longitude>-114.0055192394196</longitude>
						<latitude>34.10204908688464</latitude>
						<altitude>0</altitude>
						<heading>-0.06585844656054465</heading>
						<tilt>0</tilt>
						<range>606.9926981274327</range>
						<gx:altitudeMode>relativeToSeaFloor</gx:altitudeMode>
					</LookAt>
					<styleUrl>#sh_ylw-pushpin178</styleUrl>
					<Point>
						<gx:drawOrder>1</gx:drawOrder>
						<coordinates>-114.0074231978107,34.10247311435962,0</coordinates>
					</Point>
				</Placemark>
			</Folder>
			<Folder>
				<name>Speed Zone</name>
				<Placemark>
					<name>25 MPH</name>
					<LookAt>
						<longitude>-113.8870354199518</longitude>
						<latitude>34.07021193136765</latitude>
						<altitude>0</altitude>
						<heading>-0.1101436558390419</heading>
						<tilt>20.31134161278855</tilt>
						<range>244.3015240448338</range>
						<gx:altitudeMode>relativeToSeaFloor</gx:altitudeMode>
					</LookAt>
					<styleUrl>#msn_red-circle2</styleUrl>
					<Point>
						<gx:drawOrder>1</gx:drawOrder>
						<coordinates>-113.8874783472766,34.07030437666006,0</coordinates>
					</Point>
				</Placemark>
				<Placemark>
					<name>25 MPH</name>
					<LookAt>
						<longitude>-113.8815061462548</longitude>
						<latitude>34.06930480901279</latitude>
						<altitude>0</altitude>
						<heading>-0.02191492460666451</heading>
						<tilt>30.00083948145153</tilt>
						<range>187.0142466945884</range>
						<gx:altitudeMode>relativeToSeaFloor</gx:altitudeMode>
					</LookAt>
					<styleUrl>#msn_red-circle2</styleUrl>
					<Point>
						<gx:drawOrder>1</gx:drawOrder>
						<coordinates>-113.8818045458263,34.06926786867439,0</coordinates>
					</Point>
				</Placemark>
				<Placemark>
					<name>25 MPH</name>
					<LookAt>
						<longitude>-113.882645906343</longitude>
						<latitude>34.06933059655469</latitude>
						<altitude>0</altitude>
						<heading>-0.02255340968221391</heading>
						<tilt>30.00084620053804</tilt>
						<range>188.5102667269957</range>
						<gx:altitudeMode>relativeToSeaFloor</gx:altitudeMode>
					</LookAt>
					<styleUrl>#msn_red-circle2</styleUrl>
					<Point>
						<gx:drawOrder>1</gx:drawOrder>
						<coordinates>-113.8826620134786,34.06927582691002,0</coordinates>
					</Point>
				</Placemark>
				<Placemark>
					<name>25 MPH</name>
					<LookAt>
						<longitude>-113.8837681077747</longitude>
						<latitude>34.06948774953318</latitude>
						<altitude>0</altitude>
						<heading>-0.02318205783119276</heading>
						<tilt>30.00085200799783</tilt>
						<range>189.8032753416306</range>
						<gx:altitudeMode>relativeToSeaFloor</gx:altitudeMode>
					</LookAt>
					<styleUrl>#msn_red-circle2</styleUrl>
					<Point>
						<gx:drawOrder>1</gx:drawOrder>
						<coordinates>-113.8842793610701,34.06973844879241,0</coordinates>
					</Point>
				</Placemark>
				<Placemark>
					<name>25 MPH</name>
					<LookAt>
						<longitude>-113.8851070485675</longitude>
						<latitude>34.06988265831726</latitude>
						<altitude>0</altitude>
						<heading>-0.02393212762530315</heading>
						<tilt>30.00086297939382</tilt>
						<range>192.2460168520261</range>
						<gx:altitudeMode>relativeToSeaFloor</gx:altitudeMode>
					</LookAt>
					<styleUrl>#msn_red-circle2</styleUrl>
					<Point>
						<gx:drawOrder>1</gx:drawOrder>
						<coordinates>-113.8855161917023,34.07006769654195,0</coordinates>
					</Point>
				</Placemark>
				<Placemark>
					<name>25 MPH</name>
					<description><![CDATA[Location: 34.01738, -113.93662<br>
Elevation: 0.0 ft<br>
Time Created: 12/27/25, 3:29:17 PM PST<br>]]></description>
					<styleUrl>#msn_red-circle2</styleUrl>
					<Point>
						<coordinates>-113.93662,34.01738,0</coordinates>
					</Point>
				</Placemark>
				<Placemark>
					<name>25 MPH</name>
					<description><![CDATA[Location: 33.95929, -113.81450<br>
Elevation: 0.0 ft<br>
Time Created: 12/27/25, 4:09:09 PM PST<br>]]></description>
					<styleUrl>#msn_red-circle2</styleUrl>
					<Point>
						<coordinates>-113.8145,33.95929,0</coordinates>
					</Point>
				</Placemark>
				<Placemark>
					<name>25 MPH</name>
					<description><![CDATA[Location: 33.95845, -113.81650<br>
Elevation: 0.0 ft<br>
Time Created: 12/27/25, 4:09:53 PM PST<br>]]></description>
					<styleUrl>#msn_red-circle2</styleUrl>
					<Point>
						<coordinates>-113.8165,33.95845,0</coordinates>
					</Point>
				</Placemark>
				<Placemark>
					<name>25 MPH</name>
					<description><![CDATA[Location: 33.96033, -113.81182<br>
Elevation: 0.0 ft<br>
Time Created: 12/27/25, 4:10:30 PM PST<br>]]></description>
					<styleUrl>#msn_red-circle2</styleUrl>
					<Point>
						<coordinates>-113.81182,33.96033,0</coordinates>
					</Point>
				</Placemark>
				<Placemark>
					<name>25 MPH</name>
					<LookAt>
						<longitude>-113.9387854629569</longitude>
						<latitude>34.01708805109654</latitude>
						<altitude>0</altitude>
						<heading>-0.08339443411887189</heading>
						<tilt>25.78728403773147</tilt>
						<range>518.4721247902917</range>
						<gx:altitudeMode>relativeToSeaFloor</gx:altitudeMode>
					</LookAt>
					<styleUrl>#msn_red-circle2</styleUrl>
					<Point>
						<gx:drawOrder>1</gx:drawOrder>
						<coordinates>-113.9385891790594,34.01746227869764,0</coordinates>
					</Point>
				</Placemark>
				<Placemark>
					<name>25 MPH</name>
					<LookAt>
						<longitude>-113.9407375149163</longitude>
						<latitude>34.01730494813752</latitude>
						<altitude>0</altitude>
						<heading>-0.08995227845768317</heading>
						<tilt>25.19319274556223</tilt>
						<range>486.9949572926193</range>
						<gx:altitudeMode>relativeToSeaFloor</gx:altitudeMode>
					</LookAt>
					<styleUrl>#msn_red-circle2</styleUrl>
					<Point>
						<gx:drawOrder>1</gx:drawOrder>
						<coordinates>-113.9412162377152,34.01784910626947,0</coordinates>
					</Point>
				</Placemark>
				<Placemark>
					<name>25 MPH</name>
					<Camera>
						<longitude>-114.1605789062835</longitude>
						<latitude>34.12819447541378</latitude>
						<altitude>374.775448524957</altitude>
						<heading>-8.329944775696402</heading>
						<tilt>29.87707668715474</tilt>
						<roll>0.827474780748474</roll>
						<gx:altitudeMode>relativeToSeaFloor</gx:altitudeMode>
					</Camera>
					<styleUrl>#msn_red-circle2</styleUrl>
					<Point>
						<gx:drawOrder>1</gx:drawOrder>
						<coordinates>-114.1614765232082,34.13035161924278,0</coordinates>
					</Point>
				</Placemark>
				<Placemark>
					<name>25 MPH</name>
					<Camera>
						<longitude>-114.1602782829925</longitude>
						<latitude>34.12666695943177</latitude>
						<altitude>590.3895336792075</altitude>
						<heading>-8.333335360518014</heading>
						<tilt>29.99999998581742</tilt>
						<roll>0.8266911392338343</roll>
						<gx:altitudeMode>relativeToSeaFloor</gx:altitudeMode>
					</Camera>
					<styleUrl>#msn_red-circle2</styleUrl>
					<Point>
						<gx:drawOrder>1</gx:drawOrder>
						<coordinates>-114.1624283588298,34.12929693874406,0</coordinates>
					</Point>
				</Placemark>
				<Placemark>
					<name>25 MPH</name>
					<Camera>
						<longitude>-114.1634732962592</longitude>
						<latitude>34.1265335523407</latitude>
						<altitude>597.8157702458864</altitude>
						<heading>-8.335127959717287</heading>
						<tilt>29.99999998581742</tilt>
						<roll>0.8266911392337317</roll>
						<gx:altitudeMode>relativeToSeaFloor</gx:altitudeMode>
					</Camera>
					<styleUrl>#msn_red-circle2</styleUrl>
					<Point>
						<gx:drawOrder>1</gx:drawOrder>
						<coordinates>-114.1645036010904,34.12871087074028,0</coordinates>
					</Point>
				</Placemark>
				<Placemark>
					<name>25 MPH</name>
					<Camera>
						<longitude>-114.1671666289857</longitude>
						<latitude>34.12725573479032</latitude>
						<altitude>604.6478418199986</altitude>
						<heading>-8.337200176162305</heading>
						<tilt>29.99999998581741</tilt>
						<roll>0.8266911392338073</roll>
						<gx:altitudeMode>relativeToSeaFloor</gx:altitudeMode>
					</Camera>
					<styleUrl>#msn_red-circle2</styleUrl>
					<Point>
						<gx:drawOrder>1</gx:drawOrder>
						<coordinates>-114.1676161434735,34.13003505352827,0</coordinates>
					</Point>
				</Placemark>
				<Placemark>
					<name>25 MPH</name>
					<Camera>
						<longitude>-114.1671666289857</longitude>
						<latitude>34.12725573479032</latitude>
						<altitude>604.6478418199986</altitude>
						<heading>-8.337200176162305</heading>
						<tilt>29.99999998581741</tilt>
						<roll>0.8266911392338073</roll>
						<gx:altitudeMode>relativeToSeaFloor</gx:altitudeMode>
					</Camera>
					<styleUrl>#msn_red-circle2</styleUrl>
					<Point>
						<gx:drawOrder>1</gx:drawOrder>
						<coordinates>-114.1704701498431,34.13168487593882,0</coordinates>
					</Point>
				</Placemark>
				<Placemark>
					<name>25 MPH</name>
					<Camera>
						<longitude>-114.1671666289857</longitude>
						<latitude>34.12725573479032</latitude>
						<altitude>604.6478418199986</altitude>
						<heading>-8.337200176162305</heading>
						<tilt>29.99999998581741</tilt>
						<roll>0.8266911392338073</roll>
						<gx:altitudeMode>relativeToSeaFloor</gx:altitudeMode>
					</Camera>
					<styleUrl>#msn_red-circle2</styleUrl>
					<Point>
						<gx:drawOrder>1</gx:drawOrder>
						<coordinates>-114.1673189466014,34.13148853632113,0</coordinates>
					</Point>
				</Placemark>
				<Placemark>
					<name>25 MPH SZ Ends</name>
					<description><![CDATA[Location: 34.13311, -114.16532<br>
Elevation: 0.0 ft<br>
Time Created: 12/27/25, 1:14:15 PM PST<br>]]></description>
					<styleUrl>#msn_red-circle2</styleUrl>
					<Point>
						<coordinates>-114.1653983101793,34.13314437742606,0</coordinates>
					</Point>
				</Placemark>
				<Placemark>
					<name>25 MPH SZ Ends</name>
					<description><![CDATA[Location: 34.07092, -113.88531<br>
Elevation: 0.0 ft<br>
Time Created: 12/27/25, 3:12:49 PM PST<br>]]></description>
					<styleUrl>#msn_red-circle2</styleUrl>
					<Point>
						<coordinates>-113.88531,34.07092,0</coordinates>
					</Point>
				</Placemark>
				<Placemark>
					<name>25 MPH SZ Ends</name>
					<description><![CDATA[Location: 33.96118, -113.80925<br>
Elevation: 0.0 ft<br>
Time Created: 12/27/25, 4:10:59 PM PST<br>]]></description>
					<styleUrl>#msn_red-circle2</styleUrl>
					<Point>
						<coordinates>-113.80925,33.96118,0</coordinates>
					</Point>
				</Placemark>
				<Placemark>
					<name>25 MPH SZ Ends</name>
					<LookAt>
						<longitude>-113.8883724782731</longitude>
						<latitude>34.06882790135437</latitude>
						<altitude>0</altitude>
						<heading>-0.1108926745293993</heading>
						<tilt>20.31134818464676</tilt>
						<range>246.4092371332991</range>
						<gx:altitudeMode>relativeToSeaFloor</gx:altitudeMode>
					</LookAt>
					<styleUrl>#msn_red-circle2</styleUrl>
					<Point>
						<gx:drawOrder>1</gx:drawOrder>
						<coordinates>-113.8886263626174,34.06896068476468,0</coordinates>
					</Point>
				</Placemark>
				<Placemark>
					<name>25 MPH SZ Ends</name>
					<LookAt>
						<longitude>-113.941216004358</longitude>
						<latitude>34.01705621085055</latitude>
						<altitude>0</altitude>
						<heading>-0.09021996739453569</heading>
						<tilt>25.19318444244634</tilt>
						<range>484.8237788959782</range>
						<gx:altitudeMode>relativeToSeaFloor</gx:altitudeMode>
					</LookAt>
					<styleUrl>#msn_red-circle2</styleUrl>
					<Point>
						<gx:drawOrder>1</gx:drawOrder>
						<coordinates>-113.9427393455531,34.01678936847723,0</coordinates>
					</Point>
				</Placemark>
				<Placemark>
					<name>Speed Zone Ahead</name>
					<LookAt>
						<longitude>-113.8860189722943</longitude>
						<latitude>34.07083531106384</latitude>
						<altitude>0</altitude>
						<heading>-0.06571845567535298</heading>
						<tilt>24.3404253571318</tilt>
						<range>510.9170758137551</range>
						<gx:altitudeMode>relativeToSeaFloor</gx:altitudeMode>
					</LookAt>
					<styleUrl>#msn_red-circle2</styleUrl>
					<Point>
						<gx:drawOrder>1</gx:drawOrder>
						<coordinates>-113.8870191288642,34.0713982460317,0</coordinates>
					</Point>
				</Placemark>
				<Placemark>
					<name>Speed Zone Ahead</name>
					<description><![CDATA[Location: 34.07175, -113.88711<br>
Elevation: 0.0 ft<br>
Time Created: 12/27/25, 3:07:03 PM PST<br>]]></description>
					<styleUrl>#msn_red-circle2</styleUrl>
					<Point>
						<coordinates>-113.8874159533494,34.0733528883022,0</coordinates>
					</Point>
				</Placemark>
				<Placemark>
					<name>Speed Zone Ahead</name>
					<description><![CDATA[Location: 34.01750, -113.93558<br>
Elevation: 0.0 ft<br>
Time Created: 12/27/25, 3:28:20 PM PST<br>]]></description>
					<styleUrl>#msn_red-circle2</styleUrl>
					<Point>
						<coordinates>-113.934500937305,34.01782931960194,0</coordinates>
					</Point>
				</Placemark>
				<Placemark>
					<name>Speed Zone Ahead</name>
					<description><![CDATA[Location: 33.95868, -113.81856<br>
Elevation: 0.0 ft<br>
Time Created: 12/27/25, 4:07:38 PM PST<br>]]></description>
					<styleUrl>#msn_red-circle2</styleUrl>
					<Point>
						<coordinates>-113.818845360421,33.95929772592248,0</coordinates>
					</Point>
				</Placemark>
				<Placemark>
					<name>Speed Zone Ahead</name>
					<description><![CDATA[Location: 34.06800, -113.87888<br>
Elevation: 0.0 ft<br>
Time Created: 12/28/25, 10:33:04 AM PST<br>]]></description>
					<styleUrl>#msn_red-circle2</styleUrl>
					<Point>
						<coordinates>-113.874941940453,34.06619588593192,0</coordinates>
					</Point>
				</Placemark>
				<Placemark>
					<name>Speed Zone Ahead</name>
					<description><![CDATA[Location: 34.12986, -114.15998<br>
Elevation: 0.0 ft<br>
Time Created: 12/28/25, 12:03:06 PM PST<br>]]></description>
					<styleUrl>#msn_red-circle2</styleUrl>
					<Point>
						<coordinates>-114.15998,34.12986,0</coordinates>
					</Point>
				</Placemark>
			</Folder>
			<Folder>
				<name>Stop</name>
				<Placemark>
					<name>Stop Ahead</name>
					<description><![CDATA[Location: 34.07310, -113.88740<br>
Elevation: 0.0 ft<br>
Time Created: 12/27/25, 3:06:24 PM PST<br>]]></description>
					<styleUrl>#sh_ylw-pushpin1180</styleUrl>
					<Point>
						<coordinates>-113.8871892726523,34.07228759261158,0</coordinates>
					</Point>
				</Placemark>
				<Placemark>
					<name>Stop Ahead</name>
					<description><![CDATA[Location: 34.01770, -113.93469<br>
Elevation: 0.0 ft<br>
Time Created: 12/27/25, 3:27:57 PM PST<br>]]></description>
					<styleUrl>#sh_ylw-pushpin1180</styleUrl>
					<Point>
						<coordinates>-113.9353244344397,34.0175211753964,0</coordinates>
					</Point>
				</Placemark>
				<Placemark>
					<name>Stop Ahead</name>
					<description><![CDATA[Location: 33.95946, -113.81905<br>
Elevation: 0.0 ft<br>
Time Created: 12/27/25, 4:07:14 PM PST<br>]]></description>
					<styleUrl>#sh_ylw-pushpin1180</styleUrl>
					<Point>
						<coordinates>-113.8183266177923,33.95842922026017,0</coordinates>
					</Point>
				</Placemark>
				<Placemark>
					<name>Stop Ahead</name>
					<description><![CDATA[Location: 34.06593, -113.87457<br>
Elevation: 0.0 ft<br>
Time Created: 12/28/25, 10:32:30 AM PST<br>]]></description>
					<styleUrl>#sh_ylw-pushpin1180</styleUrl>
					<Point>
						<coordinates>-113.8790691640416,34.06803978382642,0</coordinates>
					</Point>
				</Placemark>
				<Placemark>
					<name>Stop Ahead</name>
					<description><![CDATA[Location: 34.13023, -114.16061<br>
Elevation: 0.0 ft<br>
Time Created: 12/28/25, 12:03:32 PM PST<br>]]></description>
					<styleUrl>#sh_ylw-pushpin1180</styleUrl>
					<Point>
						<coordinates>-114.16061,34.13023,0</coordinates>
					</Point>
				</Placemark>
				<Placemark>
					<name>Stop Check, 25 MPH SZ Begins</name>
					<description><![CDATA[Location: 34.13038, -114.16107<br>
Elevation: 0.0 ft<br>
Time Created: 12/27/25, 1:06:35 PM PST<br>]]></description>
					<styleUrl>#sh_ylw-pushpin1180</styleUrl>
					<Point>
						<coordinates>-114.16107,34.13038,0</coordinates>
					</Point>
				</Placemark>
				<Placemark>
					<name>Stop Check, 25 MPH SZ Begins</name>
					<description><![CDATA[Location: 34.07098, -113.88705<br>
Elevation: 0.0 ft<br>
Time Created: 12/27/25, 3:07:31 PM PST<br>]]></description>
					<styleUrl>#sh_ylw-pushpin1180</styleUrl>
					<Point>
						<coordinates>-113.8870127654606,34.07101946937065,0</coordinates>
					</Point>
				</Placemark>
				<Placemark>
					<name>Stop Check, 25 MPH SZ Begins</name>
					<description><![CDATA[Location: 34.01741, -113.93618<br>
Elevation: 0.0 ft<br>
Time Created: 12/27/25, 3:28:45 PM PST<br>]]></description>
					<styleUrl>#sh_ylw-pushpin1180</styleUrl>
					<Point>
						<coordinates>-113.93618,34.01741,0</coordinates>
					</Point>
				</Placemark>
				<Placemark>
					<name>Stop Check, 25 MPH SZ Begins</name>
					<description><![CDATA[Location: 33.95809, -113.81750<br>
Elevation: 0.0 ft<br>
Time Created: 12/27/25, 4:09:28 PM PST<br>]]></description>
					<styleUrl>#sh_ylw-pushpin1180</styleUrl>
					<Point>
						<coordinates>-113.8175,33.95809,0</coordinates>
					</Point>
				</Placemark>
				<Placemark>
					<name>Stop Check, 25 MPH SZ Begins</name>
					<description><![CDATA[Location: 34.06922, -113.88152<br>
Elevation: 0.0 ft<br>
Time Created: 12/28/25, 10:33:45 AM PST<br>]]></description>
					<styleUrl>#sh_ylw-pushpin1180</styleUrl>
					<Point>
						<coordinates>-113.88152,34.06922,0</coordinates>
					</Point>
				</Placemark>
			</Folder>
			<Folder>
				<name>Crossings</name>
				<Placemark>
					<name>Paved Road Crossing Ahead</name>
					<description><![CDATA[Location: 34.14648, -114.19650<br>
Elevation: 0.0 ft<br>
Time Created: 12/27/25, 1:36:08 PM PST<br>]]></description>
					<styleUrl>#sh_ylw-pushpin1340</styleUrl>
					<Point>
						<coordinates>-114.1970006287485,34.14683848395561,0</coordinates>
					</Point>
				</Placemark>
				<Placemark>
					<name>Paved Road Crossing Ahead</name>
					<description><![CDATA[Location: 34.11885, -114.08161<br>
Elevation: 0.0 ft<br>
Time Created: 12/28/25, 11:35:02 AM PST<br>]]></description>
					<styleUrl>#sh_ylw-pushpin1340</styleUrl>
					<Point>
						<coordinates>-114.0819389783078,34.11930770501525,0</coordinates>
					</Point>
				</Placemark>
				<Placemark>
					<name>Paved Road Crossing</name>
					<description><![CDATA[Location: 34.14587, -114.19598<br>
Elevation: 0.0 ft<br>
Time Created: 12/27/25, 1:36:31 PM PST<br>]]></description>
					<styleUrl>#sh_ylw-pushpin1340</styleUrl>
					<Point>
						<coordinates>-114.19598,34.14587,0</coordinates>
					</Point>
				</Placemark>
				<Placemark>
					<name>Paved Road X 1</name>
					<description><![CDATA[Location: 34.14581, -114.19594<br>
Elevation: 0.0 ft<br>
Time Created: 12/22/25, 12:25:55 PM PST<br>]]></description>
					<styleUrl>#sh_ylw-pushpin1340</styleUrl>
					<Point>
						<coordinates>-114.19594,34.14581,0</coordinates>
					</Point>
				</Placemark>
				<Placemark>
					<name>Paved Road Crossing</name>
					<description><![CDATA[Location: 34.11964, -114.08393<br>
Elevation: 0.0 ft<br>
Time Created: 12/22/25, 12:22:06 PM PST<br>]]></description>
					<styleUrl>#sh_ylw-pushpin1340</styleUrl>
					<Point>
						<coordinates>-114.0838072950494,34.11963870717148,0</coordinates>
					</Point>
				</Placemark>
				<Placemark>
					<name>Paved Road X 2</name>
					<description><![CDATA[Location: 34.11964, -114.08393<br>
Elevation: 0.0 ft<br>
Time Created: 12/22/25, 12:25:55 PM PST<br>]]></description>
					<styleUrl>#sh_ylw-pushpin1340</styleUrl>
					<Point>
						<coordinates>-114.08393,34.11964,0</coordinates>
					</Point>
				</Placemark>
				<Placemark>
					<name>Canal X 1</name>
					<description><![CDATA[Location: 34.11066, -114.01395<br>
Elevation: 0.0 ft<br>
Time Created: 12/22/25, 12:25:55 PM PST<br>]]></description>
					<styleUrl>#sh_ylw-pushpin1340</styleUrl>
					<Point>
						<coordinates>-114.01395,34.11066,0</coordinates>
					</Point>
				</Placemark>
				<Placemark>
					<name>Canal X 2</name>
					<description><![CDATA[Location: 34.01743, -113.94251<br>
Elevation: 0.0 ft<br>
Time Created: 12/22/25, 12:22:06 PM PST<br>]]></description>
					<styleUrl>#sh_ylw-pushpin1340</styleUrl>
					<Point>
						<coordinates>-113.94251,34.01743,0</coordinates>
					</Point>
				</Placemark>
				<Placemark>
					<name>Canal X 3</name>
					<LookAt>
						<longitude>-113.923454217775</longitude>
						<latitude>33.98419795441227</latitude>
						<altitude>0</altitude>
						<heading>-0.01467215018586207</heading>
						<tilt>0</tilt>
						<range>804.0515451712293</range>
						<gx:altitudeMode>relativeToSeaFloor</gx:altitudeMode>
					</LookAt>
					<styleUrl>#sh_ylw-pushpin1340</styleUrl>
					<Point>
						<gx:drawOrder>1</gx:drawOrder>
						<coordinates>-113.9253185146497,33.98411254749101,0</coordinates>
					</Point>
				</Placemark>
				<Placemark>
					<name>Canal X 4</name>
					<description><![CDATA[Location: 34.17856, -114.05185<br>
Elevation: 0.0 ft<br>
Time Created: 12/22/25, 12:25:55 PM PST<br>]]></description>
					<styleUrl>#sh_ylw-pushpin1340</styleUrl>
					<Point>
						<coordinates>-114.05185,34.17856,0</coordinates>
					</Point>
				</Placemark>
			</Folder>
			<Folder>
				<name>VCP</name>
				<Placemark>
					<name>VCP6</name>
					<styleUrl>#icon-503-DB4436-nodesc</styleUrl>
					<Point>
						<coordinates>-114.186766,34.142002,0</coordinates>
					</Point>
				</Placemark>
				<Placemark>
					<name>VCP7</name>
					<styleUrl>#icon-503-DB4436-nodesc</styleUrl>
					<Point>
						<coordinates>-114.178174,34.13109,0</coordinates>
					</Point>
				</Placemark>
				<Placemark>
					<name>VCP10</name>
					<styleUrl>#icon-503-DB4436-nodesc</styleUrl>
					<Point>
						<coordinates>-114.121013,34.113249,0</coordinates>
					</Point>
				</Placemark>
				<Placemark>
					<name>VCP8</name>
					<styleUrl>#icon-503-DB4436-nodesc</styleUrl>
					<Point>
						<coordinates>-114.162861,34.125131,0</coordinates>
					</Point>
				</Placemark>
				<Placemark>
					<name>VCP9</name>
					<styleUrl>#icon-503-DB4436-nodesc</styleUrl>
					<Point>
						<coordinates>-114.133866,34.116383,0</coordinates>
					</Point>
				</Placemark>
				<Placemark>
					<name>VCP11</name>
					<styleUrl>#icon-503-DB4436-nodesc</styleUrl>
					<Point>
						<coordinates>-114.110481,34.113108,0</coordinates>
					</Point>
				</Placemark>
				<Placemark>
					<name>VCP12</name>
					<styleUrl>#icon-503-DB4436-nodesc</styleUrl>
					<Point>
						<coordinates>-114.071687,34.109927,0</coordinates>
					</Point>
				</Placemark>
				<Placemark>
					<name>VCP14</name>
					<styleUrl>#icon-503-DB4436-nodesc</styleUrl>
					<Point>
						<coordinates>-113.925674,34.091016,0</coordinates>
					</Point>
				</Placemark>
				<Placemark>
					<name>VCP15</name>
					<styleUrl>#icon-503-DB4436-nodesc</styleUrl>
					<Point>
						<coordinates>-113.910585,34.086192,0</coordinates>
					</Point>
				</Placemark>
				<Placemark>
					<name>VCP16</name>
					<styleUrl>#icon-503-DB4436-nodesc</styleUrl>
					<Point>
						<coordinates>-113.896818,34.080422,0</coordinates>
					</Point>
				</Placemark>
				<Placemark>
					<name>VCP17</name>
					<styleUrl>#icon-503-DB4436-nodesc</styleUrl>
					<Point>
						<coordinates>-113.830115,33.986186,0</coordinates>
					</Point>
				</Placemark>
				<Placemark>
					<name>VCP18</name>
					<styleUrl>#icon-503-DB4436-nodesc</styleUrl>
					<Point>
						<coordinates>-113.821144,33.986092,0</coordinates>
					</Point>
				</Placemark>
				<Placemark>
					<name>VCP19</name>
					<styleUrl>#icon-503-DB4436-nodesc</styleUrl>
					<Point>
						<coordinates>-113.792492,33.980606,0</coordinates>
					</Point>
				</Placemark>
				<Placemark>
					<name>VCP20</name>
					<styleUrl>#icon-503-DB4436-nodesc</styleUrl>
					<Point>
						<coordinates>-113.797823,33.979086,0</coordinates>
					</Point>
				</Placemark>
				<Placemark>
					<name>VCP21</name>
					<styleUrl>#icon-503-DB4436-nodesc</styleUrl>
					<Point>
						<coordinates>-113.818976,33.959427,0</coordinates>
					</Point>
				</Placemark>
				<Placemark>
					<name>VCP22</name>
					<styleUrl>#icon-503-DB4436-nodesc</styleUrl>
					<Point>
						<coordinates>-113.794959,33.979364,0</coordinates>
					</Point>
				</Placemark>
				<Placemark>
					<name>VCP23</name>
					<styleUrl>#icon-503-DB4436-nodesc</styleUrl>
					<Point>
						<coordinates>-113.787734,33.980915,0</coordinates>
					</Point>
				</Placemark>
				<Placemark>
					<name>VCP24</name>
					<styleUrl>#icon-503-DB4436-nodesc</styleUrl>
					<Point>
						<coordinates>-113.769754,33.986637,0</coordinates>
					</Point>
				</Placemark>
				<Placemark>
					<name>VCP25</name>
					<styleUrl>#icon-503-DB4436-nodesc</styleUrl>
					<Point>
						<coordinates>-113.726034,33.986573,0</coordinates>
					</Point>
				</Placemark>
				<Placemark>
					<name>VCP26</name>
					<styleUrl>#icon-503-DB4436-nodesc</styleUrl>
					<Point>
						<coordinates>-113.648742,33.986739,0</coordinates>
					</Point>
				</Placemark>
				<Placemark>
					<name>VCP27</name>
					<styleUrl>#icon-503-DB4436-nodesc</styleUrl>
					<Point>
						<coordinates>-113.614867,33.979374,0</coordinates>
					</Point>
				</Placemark>
				<Placemark>
					<name>VCP28</name>
					<styleUrl>#icon-503-DB4436-nodesc</styleUrl>
					<Point>
						<coordinates>-113.599536,33.974558,0</coordinates>
					</Point>
				</Placemark>
				<Placemark>
					<name>VCP29</name>
					<styleUrl>#icon-503-DB4436-nodesc</styleUrl>
					<Point>
						<coordinates>-113.596264,33.977645,0</coordinates>
					</Point>
				</Placemark>
				<Placemark>
					<name>VCP30</name>
					<styleUrl>#icon-503-DB4436-nodesc</styleUrl>
					<Point>
						<coordinates>-113.679689,34.008611,0</coordinates>
					</Point>
				</Placemark>
				<Placemark>
					<name>VCP32</name>
					<styleUrl>#icon-503-DB4436-nodesc</styleUrl>
					<Point>
						<coordinates>-113.8825496,34.073663,0</coordinates>
					</Point>
				</Placemark>
				<Placemark>
					<name>VCP34</name>
					<styleUrl>#icon-503-DB4436-nodesc</styleUrl>
					<Point>
						<coordinates>-114.050353,34.168099,0</coordinates>
					</Point>
				</Placemark>
				<Placemark>
					<name>VCP35</name>
					<styleUrl>#icon-503-DB4436-nodesc</styleUrl>
					<Point>
						<coordinates>-114.041544,34.14787,0</coordinates>
					</Point>
				</Placemark>
				<Placemark>
					<name>VCP36</name>
					<styleUrl>#icon-503-DB4436-nodesc</styleUrl>
					<Point>
						<coordinates>-114.021032,34.112103,0</coordinates>
					</Point>
				</Placemark>
				<Placemark>
					<name>VCP37</name>
					<styleUrl>#icon-503-DB4436-nodesc</styleUrl>
					<Point>
						<coordinates>-114.071844,34.118568,0</coordinates>
					</Point>
				</Placemark>
				<Placemark>
					<name>VCP38</name>
					<styleUrl>#icon-503-DB4436-nodesc</styleUrl>
					<Point>
						<coordinates>-114.100912,34.12008,0</coordinates>
					</Point>
				</Placemark>
				<Placemark>
					<name>VCP39</name>
					<styleUrl>#icon-503-DB4436-nodesc</styleUrl>
					<Point>
						<coordinates>-114.147727,34.139732,0</coordinates>
					</Point>
				</Placemark>
				<Placemark>
					<name>VCP40</name>
					<styleUrl>#icon-503-DB4436-nodesc</styleUrl>
					<Point>
						<coordinates>-114.159077,34.129604,0</coordinates>
					</Point>
				</Placemark>
				<Placemark>
					<name>VCP1</name>
					<styleUrl>#icon-503-DB4436-nodesc</styleUrl>
					<Point>
						<coordinates>-114.149886,34.141888,0</coordinates>
					</Point>
				</Placemark>
				<Placemark>
					<name>VCP2</name>
					<styleUrl>#icon-503-DB4436-nodesc</styleUrl>
					<Point>
						<coordinates>-114.17327,34.154671,0</coordinates>
					</Point>
				</Placemark>
				<Placemark>
					<name>VCP3</name>
					<styleUrl>#icon-503-DB4436-nodesc</styleUrl>
					<Point>
						<coordinates>-114.180459,34.159986,0</coordinates>
					</Point>
				</Placemark>
				<Placemark>
					<name>VCP4</name>
					<styleUrl>#icon-503-DB4436-nodesc</styleUrl>
					<Point>
						<coordinates>-114.182087,34.156466,0</coordinates>
					</Point>
				</Placemark>
				<Placemark>
					<name>VCP8.5</name>
					<styleUrl>#icon-503-DB4436-nodesc</styleUrl>
					<Point>
						<coordinates>-114.153262,34.121778,0</coordinates>
					</Point>
				</Placemark>
				<Placemark>
					<name>VCP5</name>
					<styleUrl>#icon-503-DB4436-nodesc</styleUrl>
					<Point>
						<coordinates>-114.198294,34.150761,0</coordinates>
					</Point>
				</Placemark>
				<Placemark>
					<name>VCP13</name>
					<styleUrl>#icon-503-DB4436-nodesc</styleUrl>
					<Point>
						<coordinates>-114.008725,34.101848,0</coordinates>
					</Point>
				</Placemark>
				<Placemark>
					<name>VCP13.5</name>
					<styleUrl>#icon-503-DB4436-nodesc</styleUrl>
					<Point>
						<coordinates>-114.006328,34.100731,0</coordinates>
					</Point>
				</Placemark>
				<Placemark>
					<name>VCP31</name>
					<styleUrl>#icon-503-DB4436-nodesc</styleUrl>
					<Point>
						<coordinates>-113.6795098,34.0618279,0</coordinates>
					</Point>
				</Placemark>
				<Placemark>
					<name>VCP33</name>
					<styleUrl>#icon-503-DB4436-nodesc</styleUrl>
					<Point>
						<coordinates>-113.887354,34.07633,0</coordinates>
					</Point>
				</Placemark>
			</Folder>
		</Folder>
		<atom:link rel="app" href="https://www.google.com/earth/about/versions/#earth-pro" title="Google Earth Pro 7.3.6.10441"></atom:link>
	</Folder>
</Document>
</kml>
