<?xml version="1.0" encoding="utf-8"?>
<COLLADA xmlns="http://www.collada.org/2005/11/COLLADASchema" version="1.4.1" xmlns:xsi="http://www.w3.org/2001/XMLSchema-instance">
  <asset>
    <contributor>
      <author>Blender User</author>
      <authoring_tool>Blender 4.2.9 LTS commit date:2025-04-14, commit time:12:24, hash:a10f621e649a</authoring_tool>
    </contributor>
    <created>2026-08-01T07:23:45</created>
    <modified>2026-08-01T07:23:45</modified>
    <unit name="meter" meter="1"/>
    <up_axis>Z_UP</up_axis>
  </asset>
  <library_effects>
    <effect id="ARCH_tube-effect">
      <profile_COMMON>
        <newparam sid="arch_tube_yellow_png-surface">
          <surface type="2D">
            <init_from>arch_tube_yellow_png</init_from>
          </surface>
        </newparam>
        <newparam sid="arch_tube_yellow_png-sampler">
          <sampler2D>
            <source>arch_tube_yellow_png-surface</source>
          </sampler2D>
        </newparam>
        <technique sid="common">
          <lambert>
            <emission>
              <color sid="emission">0 0 0 1</color>
            </emission>
            <diffuse>
              <texture texture="arch_tube_yellow_png-sampler" texcoord="UVMap"/>
            </diffuse>
            <index_of_refraction>
              <float sid="ior">1.5</float>
            </index_of_refraction>
          </lambert>
        </technique>
      </profile_COMMON>
    </effect>
    <effect id="ARCH_logo-effect">
      <profile_COMMON>
        <newparam sid="arch_logo_blank_black_png-surface">
          <surface type="2D">
            <init_from>arch_logo_blank_black_png</init_from>
          </surface>
        </newparam>
        <newparam sid="arch_logo_blank_black_png-sampler">
          <sampler2D>
            <source>arch_logo_blank_black_png-surface</source>
          </sampler2D>
        </newparam>
        <technique sid="common">
          <lambert>
            <emission>
              <color sid="emission">0 0 0 1</color>
            </emission>
            <diffuse>
              <texture texture="arch_logo_blank_black_png-sampler" texcoord="UVMap"/>
            </diffuse>
            <index_of_refraction>
              <float sid="ior">1.5</float>
            </index_of_refraction>
          </lambert>
        </technique>
      </profile_COMMON>
    </effect>
    <effect id="ARCH_block-effect">
      <profile_COMMON>
        <newparam sid="arch_block_black_png-surface">
          <surface type="2D">
            <init_from>arch_block_black_png</init_from>
          </surface>
        </newparam>
        <newparam sid="arch_block_black_png-sampler">
          <sampler2D>
            <source>arch_block_black_png-surface</source>
          </sampler2D>
        </newparam>
        <technique sid="common">
          <lambert>
            <emission>
              <color sid="emission">0 0 0 1</color>
            </emission>
            <diffuse>
              <texture texture="arch_block_black_png-sampler" texcoord="UVMap"/>
            </diffuse>
            <index_of_refraction>
              <float sid="ior">1.5</float>
            </index_of_refraction>
          </lambert>
        </technique>
      </profile_COMMON>
    </effect>
  </library_effects>
  <library_images>
    <image id="arch_block_black_png" name="arch_block_black_png">
      <init_from>arch_block_black.png</init_from>
    </image>
    <image id="arch_logo_blank_black_png" name="arch_logo_blank_black_png">
      <init_from>arch_logo_blank_black.png</init_from>
    </image>
    <image id="arch_tube_yellow_png" name="arch_tube_yellow_png">
      <init_from>arch_tube_yellow.png</init_from>
    </image>
  </library_images>
  <library_materials>
    <material id="ARCH_tube-material" name="ARCH_tube">
      <instance_effect url="#ARCH_tube-effect"/>
    </material>
    <material id="ARCH_logo-material" name="ARCH_logo">
      <instance_effect url="#ARCH_logo-effect"/>
    </material>
    <material id="ARCH_block-material" name="ARCH_block">
      <instance_effect url="#ARCH_block-effect"/>
    </material>
  </library_materials>
  <library_geometries>
    <geometry id="Cylinder_007-mesh" name="Cylinder.007">
      <mesh>
        <source id="Cylinder_007-mesh-positions">
          <float_array id="Cylinder_007-mesh-positions-array" count="96">-0.055 0.4675 -0.05500006 0.055 0.4675 0.05500006 0.07150465 0.4319137 -0.1815046 0.1815046 0.4319137 -0.07150447 0.17875 0.3305724 -0.28875 0.2887501 0.3305724 -0.1787498 0.2504092 0.1789045 -0.360409 0.3604092 0.1789045 -0.2504089 0.2755725 0 -0.3855724 0.3855726 0 -0.2755722 0.2504092 -0.1789045 -0.360409 0.3604092 -0.1789045 -0.2504089 0.17875 -0.3305724 -0.28875 0.2887501 -0.3305724 -0.1787498 0.07150465 -0.4319137 -0.1815046 0.1815046 -0.4319137 -0.07150447 -0.055 -0.4675 -0.05500006 0.055 -0.4675 0.05500006 -0.1815046 -0.4319137 0.07150447 -0.07150465 -0.4319137 0.1815046 -0.2887501 -0.3305724 0.1787498 -0.17875 -0.3305724 0.28875 -0.3604092 -0.1789045 0.2504089 -0.2504092 -0.1789045 0.360409 -0.3855726 0 0.2755722 -0.2755725 0 0.3855724 -0.3604092 0.1789045 0.2504089 -0.2504092 0.1789045 0.360409 -0.2887501 0.3305724 0.1787498 -0.17875 0.3305724 0.28875 -0.1815046 0.4319137 0.07150447 -0.07150465 0.4319137 0.1815046</float_array>
          <technique_common>
            <accessor source="#Cylinder_007-mesh-positions-array" count="32" stride="3">
              <param name="X" type="float"/>
              <param name="Y" type="float"/>
              <param name="Z" type="float"/>
            </accessor>
          </technique_common>
        </source>
        <source id="Cylinder_007-mesh-normals">
          <float_array id="Cylinder_007-mesh-normals-array" count="180">0.1379497 0.9807853 -0.1379496 0.3928476 0.8314697 -0.3928473 0.5879382 0.5555703 -0.5879375 0.6935203 0.1950904 -0.6935196 0.6935203 -0.1950904 -0.6935196 0.5879382 -0.5555703 -0.5879374 0.3928476 -0.8314697 -0.3928472 0.1379498 -0.9807853 -0.1379496 -0.1379498 -0.9807853 0.1379496 -0.3928476 -0.8314697 0.3928472 -0.5879381 -0.5555701 0.5879375 -0.6935203 -0.1950904 0.6935196 -0.6935203 0.1950904 0.6935196 -0.5879381 0.5555701 0.5879376 0.7071065 0 0.7071071 -0.3928476 0.8314697 0.3928472 -0.1379498 0.9807853 0.1379496 -0.7071065 0 -0.707107 0.1379497 0.9807853 -0.1379496 0.3928475 0.8314697 -0.3928472 0.5879381 0.5555701 -0.5879376 0.6935203 0.1950904 -0.6935196 0.6935203 -0.1950904 -0.6935196 0.5879381 -0.5555701 -0.5879376 0.3928475 -0.8314697 -0.3928472 0.1379497 -0.9807853 -0.1379496 -0.1379497 -0.9807853 0.1379496 -0.3928476 -0.8314697 0.3928473 -0.5879382 -0.5555703 0.5879375 -0.6935203 -0.1950904 0.6935196 -0.6935203 0.1950904 0.6935196 -0.5879382 0.5555703 0.5879375 0.7071065 1.46284e-7 0.7071071 0.7071064 0 0.7071071 0.7071066 0 0.707107 0.7071065 0 0.7071072 0.7071064 0 0.707107 0.7071064 0 0.7071071 0.7071065 -1.46284e-7 0.7071071 0.7071068 0 0.7071068 0.7071068 0 0.7071068 0.7071065 0 0.7071071 0.7071065 0 0.7071071 0.7071065 0 0.707107 0.7071065 0 0.7071071 -0.3928476 0.8314697 0.3928473 -0.1379497 0.9807853 0.1379496 -0.7071065 0 -0.7071071 -0.7071065 0 -0.707107 -0.7071064 0 -0.7071071 -0.7071066 0 -0.707107 -0.7071065 0 -0.707107 -0.7071065 0 -0.7071071 -0.7071065 0 -0.7071071 -0.7071063 3.65709e-7 -0.7071073 -0.7071064 0 -0.7071072 -0.7071063 -3.65709e-7 -0.7071073 -0.7071065 0 -0.7071071 -0.7071065 0 -0.707107 -0.7071065 0 -0.707107</float_array>
          <technique_common>
            <accessor source="#Cylinder_007-mesh-normals-array" count="60" stride="3">
              <param name="X" type="float"/>
              <param name="Y" type="float"/>
              <param name="Z" type="float"/>
            </accessor>
          </technique_common>
        </source>
        <source id="Cylinder_007-mesh-map-0">
          <float_array id="Cylinder_007-mesh-map-0-array" count="360">0.5033401 0.003340125 0.5870258 0.09399807 0.5033401 0.09399807 0.5033401 0.09399807 0.5870258 0.1921254 0.5033401 0.1921254 0.5033401 0.1921254 0.5870258 0.2827833 0.5033401 0.2827834 0.5870258 0.2827833 0.5033401 0.3521699 0.5033401 0.2827834 0.6773917 0.3521699 0.5937061 0.2827833 0.6773917 0.2827833 0.5937061 0.2827833 0.6773917 0.1921254 0.6773917 0.2827833 0.5937061 0.1921254 0.6773917 0.09399801 0.6773917 0.1921254 0.5937061 0.09399801 0.6773917 0.003340065 0.6773917 0.09399801 0.5033401 0.70768 0.5870258 0.6382935 0.5870258 0.70768 0.5033401 0.6382935 0.5870258 0.5476356 0.5870258 0.6382935 0.5033401 0.5476355 0.5870258 0.4495081 0.5870258 0.5476356 0.5870258 0.4495081 0.5033401 0.3588502 0.5870258 0.3588502 0.6773918 0.3588503 0.5937061 0.4495081 0.5937061 0.3588503 0.5937061 0.4495081 0.6773917 0.5476356 0.5937061 0.5476356 0.3897216 0.04089182 0.4591082 0.3897216 0.1102784 0.4591082 0.5937061 0.5476356 0.6773918 0.6382935 0.5937061 0.6382935 0.5937061 0.6382935 0.6773917 0.70768 0.5937061 0.70768 0.1102784 0.540892 0.4591081 0.6102785 0.3897216 0.9591082 0.5033401 0.003340125 0.5870258 0.003340125 0.5870258 0.09399807 0.5033401 0.09399807 0.5870258 0.09399807 0.5870258 0.1921254 0.5033401 0.1921254 0.5870258 0.1921254 0.5870258 0.2827833 0.5870258 0.2827833 0.5870258 0.3521699 0.5033401 0.3521699 0.6773917 0.3521699 0.5937061 0.3521699 0.5937061 0.2827833 0.5937061 0.2827833 0.5937061 0.1921254 0.6773917 0.1921254 0.5937061 0.1921254 0.5937061 0.09399801 0.6773917 0.09399801 0.5937061 0.09399801 0.5937061 0.003340065 0.6773917 0.003340065 0.5033401 0.70768 0.5033401 0.6382935 0.5870258 0.6382935 0.5033401 0.6382935 0.5033401 0.5476355 0.5870258 0.5476356 0.5033401 0.5476355 0.5033401 0.4495081 0.5870258 0.4495081 0.5870258 0.4495081 0.5033401 0.4495081 0.5033401 0.3588502 0.6773918 0.3588503 0.6773918 0.4495081 0.5937061 0.4495081 0.5937061 0.4495081 0.6773918 0.4495081 0.6773917 0.5476356 0.1102784 0.4591082 0.04089188 0.3897216 0.003340125 0.2990638 0.003340125 0.2990638 0.003340125 0.2009363 0.04089182 0.1102784 0.04089182 0.1102784 0.1102784 0.04089188 0.2009363 0.003340065 0.2009363 0.003340065 0.2990637 0.003340065 0.04089182 0.1102784 0.2990637 0.003340065 0.3897216 0.04089182 0.04089182 0.1102784 0.3897216 0.04089182 0.4591081 0.1102783 0.4966599 0.2009363 0.4966599 0.2009363 0.4966599 0.2990637 0.4591082 0.3897216 0.4591082 0.3897216 0.3897216 0.4591081 0.2990638 0.4966599 0.2990638 0.4966599 0.2009363 0.4966599 0.1102784 0.4591082 0.1102784 0.4591082 0.003340125 0.2990638 0.04089182 0.1102784 0.3897216 0.04089182 0.4966599 0.2009363 0.4591082 0.3897216 0.4591082 0.3897216 0.2990638 0.4966599 0.1102784 0.4591082 0.1102784 0.4591082 0.04089182 0.1102784 0.3897216 0.04089182 0.5937061 0.5476356 0.6773917 0.5476356 0.6773918 0.6382935 0.5937061 0.6382935 0.6773918 0.6382935 0.6773917 0.70768 0.3897216 0.9591082 0.2990638 0.9966599 0.2009363 0.99666 0.2009363 0.99666 0.1102784 0.9591082 0.04089182 0.8897218 0.04089182 0.8897218 0.003340125 0.7990638 0.1102784 0.540892 0.003340125 0.7990638 0.003340065 0.7009364 0.1102784 0.540892 0.003340065 0.7009364 0.04089182 0.6102786 0.1102784 0.540892 0.1102784 0.540892 0.2009363 0.5033403 0.4591081 0.6102785 0.2009363 0.5033403 0.2990637 0.5033403 0.4591081 0.6102785 0.2990637 0.5033403 0.3897216 0.540892 0.4591081 0.6102785 0.4591081 0.6102785 0.4966599 0.7009364 0.4966599 0.7990638 0.4966599 0.7990638 0.4591082 0.8897216 0.3897216 0.9591082 0.3897216 0.9591082 0.2009363 0.99666 0.04089182 0.8897218 0.4591081 0.6102785 0.4966599 0.7990638 0.3897216 0.9591082 0.3897216 0.9591082 0.04089182 0.8897218 0.1102784 0.540892</float_array>
          <technique_common>
            <accessor source="#Cylinder_007-mesh-map-0-array" count="180" stride="2">
              <param name="S" type="float"/>
              <param name="T" type="float"/>
            </accessor>
          </technique_common>
        </source>
        <vertices id="Cylinder_007-mesh-vertices">
          <input semantic="POSITION" source="#Cylinder_007-mesh-positions"/>
        </vertices>
        <triangles material="ARCH_tube-material" count="60">
          <input semantic="VERTEX" source="#Cylinder_007-mesh-vertices" offset="0"/>
          <input semantic="NORMAL" source="#Cylinder_007-mesh-normals" offset="1"/>
          <input semantic="TEXCOORD" source="#Cylinder_007-mesh-map-0" offset="2" set="0"/>
          <p>0 0 0 3 0 1 2 0 2 2 1 3 5 1 4 4 1 5 4 2 6 7 2 7 6 2 8 7 3 9 8 3 10 6 3 11 8 4 12 11 4 13 10 4 14 11 5 15 12 5 16 10 5 17 13 6 18 14 6 19 12 6 20 15 7 21 16 7 22 14 7 23 17 8 24 18 8 25 16 8 26 19 9 27 20 9 28 18 9 29 21 10 30 22 10 31 20 10 32 22 11 33 25 11 34 24 11 35 25 12 36 26 12 37 24 12 38 26 13 39 29 13 40 28 13 41 21 14 42 13 14 43 5 14 44 28 15 45 31 15 46 30 15 47 30 16 48 1 16 49 0 16 50 14 17 51 22 17 52 30 17 53 0 18 54 1 18 55 3 18 56 2 19 57 3 19 58 5 19 59 4 20 60 5 20 61 7 20 62 7 21 63 9 21 64 8 21 65 8 22 66 9 22 67 11 22 68 11 23 69 13 23 70 12 23 71 13 24 72 15 24 73 14 24 74 15 25 75 17 25 76 16 25 77 17 26 78 19 26 79 18 26 80 19 27 81 21 27 82 20 27 83 21 28 84 23 28 85 22 28 86 22 29 87 23 29 88 25 29 89 25 30 90 27 30 91 26 30 92 26 31 93 27 31 94 29 31 95 5 32 96 3 32 97 1 32 98 1 33 99 31 33 100 29 33 101 29 34 102 27 34 103 25 34 104 25 35 105 23 35 106 29 35 107 23 36 108 21 36 109 29 36 110 21 37 111 19 37 112 17 37 113 17 38 114 15 38 115 13 38 116 13 39 117 11 39 118 9 39 119 9 40 120 7 40 121 5 40 122 5 41 123 1 41 124 29 41 125 21 42 126 17 42 127 13 42 128 13 43 129 9 43 130 5 43 131 5 44 132 29 44 133 21 44 134 28 45 135 29 45 136 31 45 137 30 46 138 31 46 139 1 46 140 30 47 141 0 47 142 2 47 143 2 48 144 4 48 145 6 48 146 6 49 147 8 49 148 14 49 149 8 50 150 10 50 151 14 50 152 10 51 153 12 51 154 14 51 155 14 52 156 16 52 157 22 52 158 16 53 159 18 53 160 22 53 161 18 54 162 20 54 163 22 54 164 22 55 165 24 55 166 26 55 167 26 56 168 28 56 169 30 56 170 30 57 171 2 57 172 6 57 173 22 58 174 26 58 175 30 58 176 30 59 177 6 59 178 14 59 179</p>
        </triangles>
      </mesh>
    </geometry>
    <geometry id="Cylinder_006-mesh" name="Cylinder.006">
      <mesh>
        <source id="Cylinder_006-mesh-positions">
          <float_array id="Cylinder_006-mesh-positions-array" count="96">0.055 0.4675 -0.05500006 -0.055 0.4675 0.05500006 0.1815046 0.4319137 0.07150447 0.07150465 0.4319137 0.1815046 0.2887501 0.3305724 0.1787498 0.17875 0.3305724 0.28875 0.3604092 0.1789045 0.2504089 0.2504092 0.1789045 0.360409 0.3855726 0 0.2755722 0.2755725 0 0.3855724 0.3604092 -0.1789045 0.2504089 0.2504092 -0.1789045 0.360409 0.2887501 -0.3305724 0.1787498 0.17875 -0.3305724 0.28875 0.1815046 -0.4319137 0.07150447 0.07150465 -0.4319137 0.1815046 0.055 -0.4675 -0.05500006 -0.055 -0.4675 0.05500006 -0.07150465 -0.4319137 -0.1815046 -0.1815046 -0.4319137 -0.07150447 -0.17875 -0.3305724 -0.28875 -0.2887501 -0.3305724 -0.1787498 -0.2504092 -0.1789045 -0.360409 -0.3604092 -0.1789045 -0.2504089 -0.2755725 0 -0.3855724 -0.3855726 0 -0.2755722 -0.2504092 0.1789045 -0.360409 -0.3604092 0.1789045 -0.2504089 -0.17875 0.3305724 -0.28875 -0.2887501 0.3305724 -0.1787498 -0.07150465 0.4319137 -0.1815046 -0.1815046 0.4319137 -0.07150447</float_array>
          <technique_common>
            <accessor source="#Cylinder_006-mesh-positions-array" count="32" stride="3">
              <param name="X" type="float"/>
              <param name="Y" type="float"/>
              <param name="Z" type="float"/>
            </accessor>
          </technique_common>
        </source>
        <source id="Cylinder_006-mesh-normals">
          <float_array id="Cylinder_006-mesh-normals-array" count="180">0.1379498 0.9807853 0.1379496 0.3928476 0.8314697 0.3928472 0.5879381 0.5555701 0.5879375 0.6935203 0.1950904 0.6935196 0.6935203 -0.1950904 0.6935196 0.5879381 -0.5555701 0.5879376 0.3928476 -0.8314697 0.3928472 0.1379498 -0.9807853 0.1379496 -0.1379497 -0.9807853 -0.1379496 -0.3928476 -0.8314697 -0.3928473 -0.5879382 -0.5555703 -0.5879375 -0.6935203 -0.1950904 -0.6935196 -0.6935203 0.1950904 -0.6935196 -0.5879382 0.5555703 -0.5879374 -0.7071065 0 0.7071071 -0.3928476 0.8314697 -0.3928472 -0.1379498 0.9807853 -0.1379496 0.7071065 0 -0.707107 0.1379497 0.9807853 0.1379496 0.3928476 0.8314697 0.3928473 0.5879382 0.5555703 0.5879375 0.6935203 0.1950904 0.6935196 0.6935203 -0.1950904 0.6935196 0.5879382 -0.5555703 0.5879375 0.3928476 -0.8314697 0.3928473 0.1379497 -0.9807853 0.1379496 -0.1379497 -0.9807853 -0.1379496 -0.3928475 -0.8314697 -0.3928472 -0.5879381 -0.5555701 -0.5879376 -0.6935203 -0.1950904 -0.6935196 -0.6935203 0.1950904 -0.6935196 -0.5879381 0.5555701 -0.5879376 -0.7071064 0 0.7071071 -0.7071065 1.46284e-7 0.7071071 -0.7071068 0 0.7071068 -0.7071065 0 0.7071071 -0.7071066 0 0.7071069 -0.7071065 -1.46284e-7 0.7071071 -0.7071064 0 0.7071071 -0.7071066 0 0.707107 -0.7071066 0 0.707107 -0.7071065 0 0.7071071 -0.7071065 0 0.7071071 -0.7071065 0 0.7071071 -0.7071065 0 0.7071071 -0.3928475 0.8314697 -0.3928472 -0.1379497 0.9807853 -0.1379496 0.7071065 0 -0.7071071 0.7071065 0 -0.7071071 0.7071063 -3.65709e-7 -0.7071073 0.7071064 0 -0.7071072 0.7071063 3.65709e-7 -0.7071073 0.7071065 0 -0.7071071 0.7071065 0 -0.707107 0.7071064 0 -0.7071071 0.7071066 0 -0.707107 0.7071065 0 -0.707107 0.7071065 0 -0.707107 0.7071065 0 -0.7071071 0.7071065 0 -0.707107</float_array>
          <technique_common>
            <accessor source="#Cylinder_006-mesh-normals-array" count="60" stride="3">
              <param name="X" type="float"/>
              <param name="Y" type="float"/>
              <param name="Z" type="float"/>
            </accessor>
          </technique_common>
        </source>
        <source id="Cylinder_006-mesh-map-0">
          <float_array id="Cylinder_006-mesh-map-0-array" count="360">0.5035355 0.6383818 0.5871549 0.5477958 0.5871549 0.6383818 0.5035355 0.5477958 0.5871549 0.4497461 0.5871549 0.5477958 0.5035355 0.4497461 0.5871549 0.3591601 0.5871549 0.4497461 0.594226 0.003535568 0.6778454 0.09412163 0.594226 0.09412163 0.6778454 0.09412163 0.594226 0.1921713 0.594226 0.09412163 0.594226 0.1921713 0.6778454 0.2827574 0.594226 0.2827574 0.5942261 0.2898284 0.6778454 0.3804144 0.5942261 0.3804145 0.5942261 0.3804145 0.6778454 0.4784641 0.5942261 0.4784641 0.5942261 0.4784641 0.6778454 0.5690502 0.5942261 0.5690502 0.5035355 0.6454531 0.5871549 0.7360391 0.5035356 0.7360392 0.5035356 0.7360392 0.5871549 0.8340888 0.5035356 0.8340888 0.5871549 0.8340888 0.5035356 0.9246748 0.5035356 0.8340888 0.5871549 0.3520889 0.5035356 0.2615028 0.5871549 0.2615029 0.5035356 0.2615028 0.5871549 0.1634532 0.5871549 0.2615029 0.003535509 0.2009752 0.2990248 0.003535509 0.4964644 0.2990247 0.5035356 0.1634532 0.5871549 0.07286715 0.5871549 0.1634532 0.5035356 0.07286715 0.5871549 0.003535568 0.5871549 0.07286715 0.3896109 0.9589424 0.04105752 0.8896108 0.1103891 0.5410575 0.5035355 0.6383818 0.5035355 0.5477958 0.5871549 0.5477958 0.5035355 0.5477958 0.5035355 0.4497461 0.5871549 0.4497461 0.5035355 0.4497461 0.5035355 0.3591601 0.5871549 0.3591601 0.594226 0.003535568 0.6778454 0.003535568 0.6778454 0.09412163 0.6778454 0.09412163 0.6778454 0.1921713 0.594226 0.1921713 0.594226 0.1921713 0.6778454 0.1921713 0.6778454 0.2827574 0.5942261 0.2898284 0.6778454 0.2898284 0.6778454 0.3804144 0.5942261 0.3804145 0.6778454 0.3804144 0.6778454 0.4784641 0.5942261 0.4784641 0.6778454 0.4784641 0.6778454 0.5690502 0.5035355 0.6454531 0.5871549 0.645453 0.5871549 0.7360391 0.5035356 0.7360392 0.5871549 0.7360391 0.5871549 0.8340888 0.5871549 0.8340888 0.5871549 0.9246748 0.5035356 0.9246748 0.5871549 0.3520889 0.5035356 0.3520889 0.5035356 0.2615028 0.5035356 0.2615028 0.5035356 0.1634532 0.5871549 0.1634532 0.4964644 0.2990247 0.4589424 0.3896108 0.3896109 0.4589424 0.3896109 0.4589424 0.2990248 0.4964643 0.2009751 0.4964644 0.2009751 0.4964644 0.1103891 0.4589424 0.04105752 0.3896108 0.04105752 0.3896108 0.003535568 0.2990248 0.2009751 0.4964644 0.003535568 0.2990248 0.003535509 0.2009752 0.2009751 0.4964644 0.003535509 0.2009752 0.04105752 0.1103891 0.1103891 0.04105752 0.1103891 0.04105752 0.2009751 0.003535568 0.2990248 0.003535509 0.2990248 0.003535509 0.3896108 0.04105746 0.4589424 0.110389 0.4589424 0.110389 0.4964644 0.2009751 0.4964644 0.2990247 0.4964644 0.2990247 0.3896109 0.4589424 0.2009751 0.4964644 0.003535509 0.2009752 0.1103891 0.04105752 0.2990248 0.003535509 0.2990248 0.003535509 0.4589424 0.110389 0.4964644 0.2990247 0.4964644 0.2990247 0.2009751 0.4964644 0.003535509 0.2009752 0.5035356 0.1634532 0.5035356 0.07286715 0.5871549 0.07286715 0.5035356 0.07286715 0.5035356 0.003535568 0.5871549 0.003535568 0.1103891 0.5410575 0.2009751 0.5035355 0.4589424 0.6103891 0.2009751 0.5035355 0.2990248 0.5035355 0.4589424 0.6103891 0.2990248 0.5035355 0.3896108 0.5410575 0.4589424 0.6103891 0.4589424 0.6103891 0.4964644 0.7009751 0.4964644 0.7990247 0.4964644 0.7990247 0.4589424 0.8896108 0.3896109 0.9589424 0.3896109 0.9589424 0.2990248 0.9964643 0.2009752 0.9964643 0.2009752 0.9964643 0.1103891 0.9589424 0.04105752 0.8896108 0.04105752 0.8896108 0.003535568 0.7990248 0.1103891 0.5410575 0.003535568 0.7990248 0.003535568 0.7009751 0.1103891 0.5410575 0.003535568 0.7009751 0.04105752 0.6103891 0.1103891 0.5410575 0.4589424 0.6103891 0.4964644 0.7990247 0.3896109 0.9589424 0.3896109 0.9589424 0.2009752 0.9964643 0.04105752 0.8896108 0.1103891 0.5410575 0.4589424 0.6103891 0.3896109 0.9589424</float_array>
          <technique_common>
            <accessor source="#Cylinder_006-mesh-map-0-array" count="180" stride="2">
              <param name="S" type="float"/>
              <param name="T" type="float"/>
            </accessor>
          </technique_common>
        </source>
        <vertices id="Cylinder_006-mesh-vertices">
          <input semantic="POSITION" source="#Cylinder_006-mesh-positions"/>
        </vertices>
        <triangles material="ARCH_tube-material" count="60">
          <input semantic="VERTEX" source="#Cylinder_006-mesh-vertices" offset="0"/>
          <input semantic="NORMAL" source="#Cylinder_006-mesh-normals" offset="1"/>
          <input semantic="TEXCOORD" source="#Cylinder_006-mesh-map-0" offset="2" set="0"/>
          <p>1 0 0 2 0 1 0 0 2 3 1 3 4 1 4 2 1 5 5 2 6 6 2 7 4 2 8 6 3 9 9 3 10 8 3 11 9 4 12 10 4 13 8 4 14 10 5 15 13 5 16 12 5 17 12 6 18 15 6 19 14 6 20 14 7 21 17 7 22 16 7 23 16 8 24 19 8 25 18 8 26 18 9 27 21 9 28 20 9 29 20 10 30 23 10 31 22 10 32 23 11 33 24 11 34 22 11 35 24 12 36 27 12 37 26 12 38 27 13 39 28 13 40 26 13 41 21 14 42 13 14 43 5 14 44 29 15 45 30 15 46 28 15 47 31 16 48 0 16 49 30 16 50 14 17 51 22 17 52 30 17 53 1 18 54 3 18 55 2 18 56 3 19 57 5 19 58 4 19 59 5 20 60 7 20 61 6 20 62 6 21 63 7 21 64 9 21 65 9 22 66 11 22 67 10 22 68 10 23 69 11 23 70 13 23 71 12 24 72 13 24 73 15 24 74 14 25 75 15 25 76 17 25 77 16 26 78 17 26 79 19 26 80 18 27 81 19 27 82 21 27 83 20 28 84 21 28 85 23 28 86 23 29 87 25 29 88 24 29 89 24 30 90 25 30 91 27 30 92 27 31 93 29 31 94 28 31 95 5 32 96 3 32 97 1 32 98 1 33 99 31 33 100 29 33 101 29 34 102 27 34 103 25 34 104 25 35 105 23 35 106 29 35 107 23 36 108 21 36 109 29 36 110 21 37 111 19 37 112 17 37 113 17 38 114 15 38 115 13 38 116 13 39 117 11 39 118 9 39 119 9 40 120 7 40 121 5 40 122 5 41 123 1 41 124 29 41 125 21 42 126 17 42 127 13 42 128 13 43 129 9 43 130 5 43 131 5 44 132 29 44 133 21 44 134 29 45 135 31 45 136 30 45 137 31 46 138 1 46 139 0 46 140 30 47 141 0 47 142 6 47 143 0 48 144 2 48 145 6 48 146 2 49 147 4 49 148 6 49 149 6 50 150 8 50 151 10 50 152 10 51 153 12 51 154 14 51 155 14 52 156 16 52 157 18 52 158 18 53 159 20 53 160 22 53 161 22 54 162 24 54 163 30 54 164 24 55 165 26 55 166 30 55 167 26 56 168 28 56 169 30 56 170 6 57 171 10 57 172 14 57 173 14 58 174 18 58 175 22 58 176 30 59 177 6 59 178 14 59 179</p>
        </triangles>
      </mesh>
    </geometry>
    <geometry id="Cube_002-mesh" name="Cube.002">
      <mesh>
        <source id="Cube_002-mesh-positions">
          <float_array id="Cube_002-mesh-positions-array" count="168">-1.3955 0 -0.486 -1.3955 -0.01249998 -0.4735 -1.408 0 -0.4735 -1.3955 -0.008838832 -0.4823389 -1.402717 -0.00721687 -0.4807169 -1.404339 -0.008838832 -0.4735 -1.404339 0 -0.4823389 -1.3955 -0.01249998 0.4735 -1.3955 0 0.486 -1.408 0 0.4735 -1.3955 -0.008838832 0.4823389 -1.402717 -0.00721687 0.4807169 -1.404339 0 0.4823389 -1.404339 -0.008838832 0.4735 -1.3955 0 -0.486 -1.408 0 -0.4735 -1.3955 0.01249998 -0.4735 -1.404339 0 -0.4823389 -1.402717 0.00721687 -0.4807169 -1.404339 0.008838832 -0.4735 -1.3955 0.008838832 -0.4823389 -1.3955 0 0.486 -1.3955 0.01249998 0.4735 -1.408 0 0.4735 -1.3955 0.008838832 0.4823389 -1.402717 0.00721687 0.4807169 -1.404339 0.008838832 0.4735 -1.404339 0 0.4823389 1.3955 0 -0.486 1.408 0 -0.4735 1.3955 -0.01249998 -0.4735 1.404339 0 -0.4823389 1.402717 -0.00721687 -0.4807169 1.404339 -0.008838832 -0.4735 1.3955 -0.008838832 -0.4823389 1.3955 0 0.486 1.3955 -0.01249998 0.4735 1.408 0 0.4735 1.3955 -0.008838832 0.4823389 1.402717 -0.00721687 0.4807169 1.404339 -0.008838832 0.4735 1.404339 0 0.4823389 1.3955 0 -0.486 1.3955 0.01249998 -0.4735 1.408 0 -0.4735 1.3955 0.008838832 -0.4823389 1.402717 0.00721687 -0.4807169 1.404339 0.008838832 -0.4735 1.404339 0 -0.4823389 1.3955 0 0.486 1.408 0 0.4735 1.3955 0.01249998 0.4735 1.404339 0 0.4823389 1.402717 0.00721687 0.4807169 1.404339 0.008838832 0.4735 1.3955 0.008838832 0.4823389</float_array>
          <technique_common>
            <accessor source="#Cube_002-mesh-positions-array" count="56" stride="3">
              <param name="X" type="float"/>
              <param name="Y" type="float"/>
              <param name="Z" type="float"/>
            </accessor>
          </technique_common>
        </source>
        <source id="Cube_002-mesh-normals">
          <float_array id="Cube_002-mesh-normals-array" count="324">0 -1 0 1 0 0 0 0 1 -1 0 0 0 1 0 -0.367175 -0.2817476 -0.8864541 -0.2817457 -0.8864529 -0.3671794 -0.8864524 -0.3671787 -0.281748 -0.3671776 -0.886453 0.2817474 -0.2817457 -0.3671772 0.8864538 -0.8864524 -0.2817481 0.3671786 -0.2817457 0.3671772 -0.8864538 -0.8864524 0.2817481 -0.3671786 -0.3671776 0.886453 -0.2817474 -0.367175 0.2817476 0.8864541 -0.2817457 0.8864529 0.3671794 -0.8864524 0.3671787 0.281748 0.2817457 -0.3671772 -0.8864538 0.8864524 -0.2817481 -0.3671786 0.3671776 -0.886453 -0.2817474 0.367175 -0.2817476 0.8864541 0.2817457 -0.8864529 0.3671794 0.8864524 -0.3671787 0.281748 0.367175 0.2817476 -0.8864541 0.2817457 0.8864529 -0.3671794 0.8864524 0.3671787 -0.281748 0.2817457 0.3671772 0.8864538 0.8864524 0.2817481 0.3671786 0.3671776 0.886453 0.2817474 -0.3826778 0 -0.9238819 -0.9238803 0 -0.3826816 -0.3826813 -0.9238804 0 -0.9238799 -0.3826827 0 -0.3826778 0 0.9238819 -0.9238803 0 0.3826816 -0.3826813 0.9238804 0 -0.9238799 0.3826827 0 0 0.3826799 -0.9238809 0 0.9238801 -0.3826822 0 0.3826799 0.9238809 0 0.9238801 0.3826822 0.9238798 0.3826826 0 0.3826813 0.9238804 0 0.3826778 0 -0.9238819 0.9238803 0 -0.3826816 0.3826778 0 0.9238819 0.9238803 0 0.3826816 0.3826813 -0.9238804 0 0.9238799 -0.3826827 0 0 -0.3826799 -0.9238809 0 -0.9238801 -0.3826822 0 -0.3826799 0.9238809 0 -0.9238801 0.3826822 0 0 -1 0 -1 0 1 0 0 0 0 1 -1 0 0 0 1 0 -0.2817457 -0.3671773 -0.8864537 -0.3671775 -0.886453 -0.2817474 -0.8864524 -0.2817481 -0.3671785 -0.2817457 -0.8864529 0.3671794 -0.367175 -0.2817476 0.8864541 -0.8864524 -0.3671787 0.281748 -0.367175 0.2817476 -0.8864541 -0.8864524 0.3671787 -0.281748 -0.2817457 0.8864529 -0.3671794 -0.2817457 0.3671773 0.8864537 -0.3671775 0.886453 0.2817474 -0.8864524 0.2817481 0.3671785 0.367175 -0.2817476 -0.8864541 0.8864524 -0.3671787 -0.281748 0.2817457 -0.8864529 -0.3671794 0.2817457 -0.3671773 0.8864537 0.3671775 -0.886453 0.2817474 0.8864524 -0.2817481 0.3671785 0.2817457 0.3671773 -0.8864537 0.3671775 0.886453 -0.2817474 0.8864524 0.2817481 -0.3671785 0.367175 0.2817476 0.8864541 0.8864524 0.3671787 0.281748 0.2817457 0.8864529 0.3671794 -0.3826778 0 -0.9238819 -0.9238803 0 -0.3826816 -0.3826813 -0.9238804 0 -0.9238798 -0.3826826 0 -0.3826778 0 0.9238819 -0.9238803 0 0.3826816 -0.3826813 0.9238804 0 -0.9238798 0.3826826 0 0 0.3826799 -0.9238809 0 0.9238801 -0.3826822 0 0.3826799 0.9238809 0 0.9238801 0.3826822 0.9238798 0.3826826 0 0.3826813 0.9238804 0 0.3826778 0 -0.9238819 0.9238803 0 -0.3826816 0.3826778 0 0.9238819 0.9238803 0 0.3826816 0.3826813 -0.9238804 0 0.9238798 -0.3826826 0 0 -0.3826799 -0.9238809 0 -0.9238801 -0.3826822 0 -0.3826799 0.9238809 0 -0.9238801 0.3826822 0 0 -1</float_array>
          <technique_common>
            <accessor source="#Cube_002-mesh-normals-array" count="108" stride="3">
              <param name="X" type="float"/>
              <param name="Y" type="float"/>
              <param name="Z" type="float"/>
            </accessor>
          </technique_common>
        </source>
        <source id="Cube_002-mesh-map-0">
          <float_array id="Cube_002-mesh-map-0-array" count="648">0.2511017 0.995443 0.2931283 0.004557013 0.2931283 0.995443 0.344361 0.003080368 0.344361 0.1683472 0.344361 0.1683472 0.3395618 0.9954429 0.3395618 0.004556953 0.3395618 0.004556953 0.344361 0.1742702 0.344361 0.339537 0.344361 0.339537 0.2953318 0.995443 0.3373584 0.004557013 0.3373583 0.995443 0.3417653 0.004556953 0.341445 0.001994729 0.3417653 0.001418888 0.2931283 0.004557013 0.2934486 0.001994788 0.2935206 0.004557013 0.344361 0.339537 0.3437204 0.3406249 0.3435765 0.3394181 0.2511017 0.004557013 0.2507815 0.001994788 0.2511017 0.001418948 0.3395618 0.9954429 0.3392415 0.9980052 0.3391696 0.9954429 0.344361 0.1742702 0.3437204 0.1728391 0.344361 0.1726087 0.3417653 0.004556953 0.3420855 0.001994729 0.3421576 0.004556953 0.344361 0.339537 0.3450016 0.3406249 0.344361 0.3409606 0.3373583 0.995443 0.3376786 0.9980052 0.3373583 0.9985811 0.3395618 0.9954429 0.3398821 0.9980052 0.3395618 0.998581 0.2953318 0.995443 0.2950115 0.9980052 0.2949395 0.995443 0.344361 0.1742702 0.3450016 0.1728391 0.3451455 0.1741513 0.3417653 0.9954429 0.341445 0.9980052 0.341373 0.9954429 0.344361 0.1683472 0.3450016 0.169435 0.344361 0.1697708 0.2931283 0.995443 0.2934486 0.9980052 0.2931283 0.9985811 0.3395618 0.004556953 0.3392416 0.001994729 0.3395618 0.001418888 0.2511017 0.995443 0.2507814 0.9980052 0.2507095 0.995443 0.344361 0.003080368 0.3450016 0.00164926 0.3451455 0.002961456 0.3417653 0.9954429 0.3420855 0.9980052 0.3417653 0.998581 0.3373584 0.004557013 0.3376786 0.001994788 0.3377506 0.004557013 0.344361 0.1683472 0.3437204 0.169435 0.3435765 0.1682283 0.3395618 0.004556953 0.3398821 0.001994729 0.3399541 0.004556953 0.344361 0.003080368 0.3437204 0.00164926 0.344361 0.001418948 0.2953318 0.004557013 0.2950115 0.001994788 0.2953318 0.001418948 0.3417653 0.004556953 0.3417653 0.001418888 0.3417653 0.004556953 0.344361 0.3409606 0.344361 0.339537 0.344361 0.3409606 0.2511017 0.004557013 0.2931283 0.001418948 0.2931283 0.004557013 0.3435765 0.1741513 0.344361 0.339537 0.3435765 0.3394181 0.3395618 0.9954429 0.3395618 0.998581 0.3395618 0.9954429 0.344361 0.1726087 0.344361 0.1742702 0.344361 0.1726087 0.3373583 0.995443 0.2953318 0.9985811 0.2953318 0.995443 0.3451455 0.3394181 0.344361 0.1742702 0.3451455 0.1741513 0.3417653 0.004556953 0.3421576 0.9954429 0.3417653 0.9954429 0.3377506 0.995443 0.3373584 0.004557013 0.3377506 0.004557013 0.3395618 0.004556953 0.3399541 0.9954429 0.3395618 0.9954429 0.2949395 0.004557013 0.2953318 0.995443 0.2949395 0.995443 0.344361 0.1683472 0.3435765 0.002961456 0.344361 0.003080368 0.3373584 0.001418948 0.2953318 0.004557013 0.2953318 0.001418948 0.3417653 0.9954429 0.3417653 0.998581 0.3417653 0.9954429 0.344361 0.1697708 0.344361 0.1683472 0.344361 0.1697708 0.3395618 0.004556953 0.3395618 0.001418888 0.3395618 0.004556953 0.344361 0.001418948 0.344361 0.003080368 0.344361 0.001418948 0.2931283 0.995443 0.2511017 0.9985811 0.2511017 0.995443 0.3451455 0.1682283 0.344361 0.003080368 0.3451455 0.002961456 0.3417653 0.9954429 0.341373 0.004556953 0.3417653 0.004556953 0.2935205 0.995443 0.2931283 0.004557013 0.2935206 0.004557013 0.3395618 0.9954429 0.3391696 0.004556953 0.3395618 0.004556953 0.2507095 0.004557013 0.2511017 0.995443 0.2507095 0.995443 0.3417653 0.9954429 0.3417653 0.004556953 0.3417653 0.004556953 0.2511017 0.995443 0.2511017 0.004557013 0.2931283 0.004557013 0.344361 0.003080368 0.344361 0.003080368 0.344361 0.1683472 0.3395618 0.9954429 0.3395618 0.9954429 0.3395618 0.004556953 0.344361 0.1742702 0.344361 0.1742702 0.344361 0.339537 0.2953318 0.995443 0.2953318 0.004557013 0.3373584 0.004557013 0.3417653 0.004556953 0.341373 0.004556953 0.341445 0.001994729 0.2931283 0.004557013 0.2931283 0.001418948 0.2934486 0.001994788 0.344361 0.339537 0.344361 0.3409606 0.3437204 0.3406249 0.2511017 0.004557013 0.2507095 0.004557013 0.2507815 0.001994788 0.3395618 0.9954429 0.3395618 0.998581 0.3392415 0.9980052 0.344361 0.1742702 0.3435765 0.1741513 0.3437204 0.1728391 0.3417653 0.004556953 0.3417653 0.001418888 0.3420855 0.001994729 0.344361 0.339537 0.3451455 0.3394181 0.3450016 0.3406249 0.3373583 0.995443 0.3377506 0.995443 0.3376786 0.9980052 0.3395618 0.9954429 0.3399541 0.9954429 0.3398821 0.9980052 0.2953318 0.995443 0.2953318 0.9985811 0.2950115 0.9980052 0.344361 0.1742702 0.344361 0.1726087 0.3450016 0.1728391 0.3417653 0.9954429 0.3417653 0.998581 0.341445 0.9980052 0.344361 0.1683472 0.3451455 0.1682283 0.3450016 0.169435 0.2931283 0.995443 0.2935205 0.995443 0.2934486 0.9980052 0.3395618 0.004556953 0.3391696 0.004556953 0.3392416 0.001994729 0.2511017 0.995443 0.2511017 0.9985811 0.2507814 0.9980052 0.344361 0.003080368 0.344361 0.001418948 0.3450016 0.00164926 0.3417653 0.9954429 0.3421576 0.9954429 0.3420855 0.9980052 0.3373584 0.004557013 0.3373584 0.001418948 0.3376786 0.001994788 0.344361 0.1683472 0.344361 0.1697708 0.3437204 0.169435 0.3395618 0.004556953 0.3395618 0.001418888 0.3398821 0.001994729 0.344361 0.003080368 0.3435765 0.002961456 0.3437204 0.00164926 0.2953318 0.004557013 0.2949395 0.004557013 0.2950115 0.001994788 0.3417653 0.004556953 0.3417653 0.001418888 0.3417653 0.001418888 0.344361 0.3409606 0.344361 0.339537 0.344361 0.339537 0.2511017 0.004557013 0.2511017 0.001418948 0.2931283 0.001418948 0.3435765 0.1741513 0.344361 0.1742702 0.344361 0.339537 0.3395618 0.9954429 0.3395618 0.998581 0.3395618 0.998581 0.344361 0.1726087 0.344361 0.1742702 0.344361 0.1742702 0.3373583 0.995443 0.3373583 0.9985811 0.2953318 0.9985811 0.3451455 0.3394181 0.344361 0.339537 0.344361 0.1742702 0.3417653 0.004556953 0.3421576 0.004556953 0.3421576 0.9954429 0.3377506 0.995443 0.3373583 0.995443 0.3373584 0.004557013 0.3395618 0.004556953 0.3399541 0.004556953 0.3399541 0.9954429 0.2949395 0.004557013 0.2953318 0.004557013 0.2953318 0.995443 0.344361 0.1683472 0.3435765 0.1682283 0.3435765 0.002961456 0.3373584 0.001418948 0.3373584 0.004557013 0.2953318 0.004557013 0.3417653 0.9954429 0.3417653 0.998581 0.3417653 0.998581 0.344361 0.1697708 0.344361 0.1683472 0.344361 0.1683472 0.3395618 0.004556953 0.3395618 0.001418888 0.3395618 0.001418888 0.344361 0.001418948 0.344361 0.003080368 0.344361 0.003080368 0.2931283 0.995443 0.2931283 0.9985811 0.2511017 0.9985811 0.3451455 0.1682283 0.344361 0.1683472 0.344361 0.003080368 0.3417653 0.9954429 0.341373 0.9954429 0.341373 0.004556953 0.2935205 0.995443 0.2931283 0.995443 0.2931283 0.004557013 0.3395618 0.9954429 0.3391696 0.9954429 0.3391696 0.004556953 0.2507095 0.004557013 0.2511017 0.004557013 0.2511017 0.995443 0.3417653 0.9954429 0.3417653 0.9954429 0.3417653 0.004556953</float_array>
          <technique_common>
            <accessor source="#Cube_002-mesh-map-0-array" count="324" stride="2">
              <param name="S" type="float"/>
              <param name="T" type="float"/>
            </accessor>
          </technique_common>
        </source>
        <vertices id="Cube_002-mesh-vertices">
          <input semantic="POSITION" source="#Cube_002-mesh-positions"/>
        </vertices>
        <triangles material="ARCH_logo-material" count="108">
          <input semantic="VERTEX" source="#Cube_002-mesh-vertices" offset="0"/>
          <input semantic="NORMAL" source="#Cube_002-mesh-normals" offset="1"/>
          <input semantic="TEXCOORD" source="#Cube_002-mesh-map-0" offset="2" set="0"/>
          <p>36 0 0 1 0 1 30 0 2 50 1 3 29 1 4 44 1 5 21 2 6 35 2 7 49 2 8 9 3 9 15 3 10 2 3 11 22 4 12 43 4 13 16 4 14 0 5 15 4 5 16 6 5 17 1 6 18 4 6 19 3 6 20 2 7 21 4 7 22 5 7 23 7 8 24 11 8 25 13 8 26 8 9 27 11 9 28 10 9 29 9 10 30 11 10 31 12 10 32 14 11 33 18 11 34 20 11 35 15 12 36 18 12 37 17 12 38 16 13 39 18 13 40 19 13 41 21 14 42 25 14 43 27 14 44 22 15 45 25 15 46 24 15 47 23 16 48 25 16 49 26 16 50 28 17 51 32 17 52 34 17 53 29 18 54 32 18 55 31 18 56 30 19 57 32 19 58 33 19 59 35 20 60 39 20 61 41 20 62 36 21 63 39 21 64 38 21 65 37 22 66 39 22 67 40 22 68 42 23 69 46 23 70 48 23 71 43 24 72 46 24 73 45 24 74 44 25 75 46 25 76 47 25 77 49 26 78 53 26 79 55 26 80 50 27 81 53 27 82 52 27 83 51 28 84 53 28 85 54 28 86 0 29 87 17 29 88 14 29 89 6 30 90 15 30 91 17 30 92 7 31 93 5 31 94 1 31 95 13 32 96 2 32 97 5 32 98 21 33 99 12 33 100 8 33 101 27 34 102 9 34 103 12 34 104 16 35 105 26 35 106 22 35 107 19 36 108 23 36 109 26 36 110 14 37 111 45 37 112 42 37 113 20 38 114 43 38 115 45 38 116 49 39 117 24 39 118 21 39 119 55 40 120 22 40 121 24 40 122 44 41 123 54 41 124 50 41 125 47 42 126 51 42 127 54 42 128 42 43 129 31 43 130 28 43 131 48 44 132 29 44 133 31 44 134 35 45 135 52 45 136 49 45 137 41 46 138 50 46 139 52 46 140 30 47 141 40 47 142 36 47 143 33 48 144 37 48 145 40 48 146 28 49 147 3 49 148 0 49 149 34 50 150 1 50 151 3 50 152 8 51 153 38 51 154 35 51 155 10 52 156 36 52 157 38 52 158 42 53 159 0 53 160 14 53 161 36 54 162 7 54 163 1 54 164 50 55 165 37 55 166 29 55 167 21 56 168 8 56 169 35 56 170 9 57 171 23 57 172 15 57 173 22 58 174 51 58 175 43 58 176 0 59 177 3 59 178 4 59 179 1 60 180 5 60 181 4 60 182 2 61 183 6 61 184 4 61 185 7 62 186 10 62 187 11 62 188 8 63 189 12 63 190 11 63 191 9 64 192 13 64 193 11 64 194 14 65 195 17 65 196 18 65 197 15 66 198 19 66 199 18 66 200 16 67 201 20 67 202 18 67 203 21 68 204 24 68 205 25 68 206 22 69 207 26 69 208 25 69 209 23 70 210 27 70 211 25 70 212 28 71 213 31 71 214 32 71 215 29 72 216 33 72 217 32 72 218 30 73 219 34 73 220 32 73 221 35 74 222 38 74 223 39 74 224 36 75 225 40 75 226 39 75 227 37 76 228 41 76 229 39 76 230 42 77 231 45 77 232 46 77 233 43 78 234 47 78 235 46 78 236 44 79 237 48 79 238 46 79 239 49 80 240 52 80 241 53 80 242 50 81 243 54 81 244 53 81 245 51 82 246 55 82 247 53 82 248 0 83 249 6 83 250 17 83 251 6 84 252 2 84 253 15 84 254 7 85 255 13 85 256 5 85 257 13 86 258 9 86 259 2 86 260 21 87 261 27 87 262 12 87 263 27 88 264 23 88 265 9 88 266 16 89 267 19 89 268 26 89 269 19 90 270 15 90 271 23 90 272 14 91 273 20 91 274 45 91 275 20 92 276 16 92 277 43 92 278 49 93 279 55 93 280 24 93 281 55 94 282 51 94 283 22 94 284 44 95 285 47 95 286 54 95 287 47 96 288 43 96 289 51 96 290 42 97 291 48 97 292 31 97 293 48 98 294 44 98 295 29 98 296 35 99 297 41 99 298 52 99 299 41 100 300 37 100 301 50 100 302 30 101 303 33 101 304 40 101 305 33 102 306 29 102 307 37 102 308 28 103 309 34 103 310 3 103 311 34 104 312 30 104 313 1 104 314 8 105 315 10 105 316 38 105 317 10 106 318 7 106 319 36 106 320 42 107 321 28 107 322 0 107 323</p>
        </triangles>
      </mesh>
    </geometry>
    <geometry id="Cube_001-mesh" name="Cube.001">
      <mesh>
        <source id="Cube_001-mesh-positions">
          <float_array id="Cube_001-mesh-positions-array" count="168">-1.3955 0 -0.486 -1.3955 -0.01249998 -0.4735 -1.408 0 -0.4735 -1.3955 -0.008838832 -0.4823389 -1.402717 -0.00721687 -0.4807169 -1.404339 -0.008838832 -0.4735 -1.404339 0 -0.4823389 -1.3955 -0.01249998 0.4735 -1.3955 0 0.486 -1.408 0 0.4735 -1.3955 -0.008838832 0.4823389 -1.402717 -0.00721687 0.4807169 -1.404339 0 0.4823389 -1.404339 -0.008838832 0.4735 -1.3955 0 -0.486 -1.408 0 -0.4735 -1.3955 0.01249998 -0.4735 -1.404339 0 -0.4823389 -1.402717 0.00721687 -0.4807169 -1.404339 0.008838832 -0.4735 -1.3955 0.008838832 -0.4823389 -1.3955 0 0.486 -1.3955 0.01249998 0.4735 -1.408 0 0.4735 -1.3955 0.008838832 0.4823389 -1.402717 0.00721687 0.4807169 -1.404339 0.008838832 0.4735 -1.404339 0 0.4823389 1.3955 0 -0.486 1.408 0 -0.4735 1.3955 -0.01249998 -0.4735 1.404339 0 -0.4823389 1.402717 -0.00721687 -0.4807169 1.404339 -0.008838832 -0.4735 1.3955 -0.008838832 -0.4823389 1.3955 0 0.486 1.3955 -0.01249998 0.4735 1.408 0 0.4735 1.3955 -0.008838832 0.4823389 1.402717 -0.00721687 0.4807169 1.404339 -0.008838832 0.4735 1.404339 0 0.4823389 1.3955 0 -0.486 1.3955 0.01249998 -0.4735 1.408 0 -0.4735 1.3955 0.008838832 -0.4823389 1.402717 0.00721687 -0.4807169 1.404339 0.008838832 -0.4735 1.404339 0 -0.4823389 1.3955 0 0.486 1.408 0 0.4735 1.3955 0.01249998 0.4735 1.404339 0 0.4823389 1.402717 0.00721687 0.4807169 1.404339 0.008838832 0.4735 1.3955 0.008838832 0.4823389</float_array>
          <technique_common>
            <accessor source="#Cube_001-mesh-positions-array" count="56" stride="3">
              <param name="X" type="float"/>
              <param name="Y" type="float"/>
              <param name="Z" type="float"/>
            </accessor>
          </technique_common>
        </source>
        <source id="Cube_001-mesh-normals">
          <float_array id="Cube_001-mesh-normals-array" count="324">0 -1 0 1 0 0 0 0 1 -1 0 0 0 1 0 -0.367175 -0.2817476 -0.8864541 -0.2817457 -0.8864529 -0.3671794 -0.8864524 -0.3671787 -0.281748 -0.3671776 -0.886453 0.2817474 -0.2817457 -0.3671772 0.8864538 -0.8864524 -0.2817481 0.3671786 -0.2817457 0.3671772 -0.8864538 -0.8864524 0.2817481 -0.3671786 -0.3671776 0.886453 -0.2817474 -0.367175 0.2817476 0.8864541 -0.2817457 0.8864529 0.3671794 -0.8864524 0.3671787 0.281748 0.2817457 -0.3671772 -0.8864538 0.8864524 -0.2817481 -0.3671786 0.3671776 -0.886453 -0.2817474 0.367175 -0.2817476 0.8864541 0.2817457 -0.8864529 0.3671794 0.8864524 -0.3671787 0.281748 0.367175 0.2817476 -0.8864541 0.2817457 0.8864529 -0.3671794 0.8864524 0.3671787 -0.281748 0.2817457 0.3671772 0.8864538 0.8864524 0.2817481 0.3671786 0.3671776 0.886453 0.2817474 -0.3826778 0 -0.9238819 -0.9238803 0 -0.3826816 -0.3826813 -0.9238804 0 -0.9238799 -0.3826827 0 -0.3826778 0 0.9238819 -0.9238803 0 0.3826816 -0.3826813 0.9238804 0 -0.9238799 0.3826827 0 0 0.3826799 -0.9238809 0 0.9238801 -0.3826822 0 0.3826799 0.9238809 0 0.9238801 0.3826822 0.9238798 0.3826826 0 0.3826813 0.9238804 0 0.3826778 0 -0.9238819 0.9238803 0 -0.3826816 0.3826778 0 0.9238819 0.9238803 0 0.3826816 0.3826813 -0.9238804 0 0.9238799 -0.3826827 0 0 -0.3826799 -0.9238809 0 -0.9238801 -0.3826822 0 -0.3826799 0.9238809 0 -0.9238801 0.3826822 0 0 -1 0 -1 0 1 0 0 0 0 1 -1 0 0 0 1 0 -0.2817457 -0.3671773 -0.8864537 -0.3671775 -0.886453 -0.2817474 -0.8864524 -0.2817481 -0.3671785 -0.2817457 -0.8864529 0.3671794 -0.367175 -0.2817476 0.8864541 -0.8864524 -0.3671787 0.281748 -0.367175 0.2817476 -0.8864541 -0.8864524 0.3671787 -0.281748 -0.2817457 0.8864529 -0.3671794 -0.2817457 0.3671773 0.8864537 -0.3671775 0.886453 0.2817474 -0.8864524 0.2817481 0.3671785 0.367175 -0.2817476 -0.8864541 0.8864524 -0.3671787 -0.281748 0.2817457 -0.8864529 -0.3671794 0.2817457 -0.3671773 0.8864537 0.3671775 -0.886453 0.2817474 0.8864524 -0.2817481 0.3671785 0.2817457 0.3671773 -0.8864537 0.3671775 0.886453 -0.2817474 0.8864524 0.2817481 -0.3671785 0.367175 0.2817476 0.8864541 0.8864524 0.3671787 0.281748 0.2817457 0.8864529 0.3671794 -0.3826778 0 -0.9238819 -0.9238803 0 -0.3826816 -0.3826813 -0.9238804 0 -0.9238798 -0.3826826 0 -0.3826778 0 0.9238819 -0.9238803 0 0.3826816 -0.3826813 0.9238804 0 -0.9238798 0.3826826 0 0 0.3826799 -0.9238809 0 0.9238801 -0.3826822 0 0.3826799 0.9238809 0 0.9238801 0.3826822 0.9238798 0.3826826 0 0.3826813 0.9238804 0 0.3826778 0 -0.9238819 0.9238803 0 -0.3826816 0.3826778 0 0.9238819 0.9238803 0 0.3826816 0.3826813 -0.9238804 0 0.9238798 -0.3826826 0 0 -0.3826799 -0.9238809 0 -0.9238801 -0.3826822 0 -0.3826799 0.9238809 0 -0.9238801 0.3826822 0 0 -1</float_array>
          <technique_common>
            <accessor source="#Cube_001-mesh-normals-array" count="108" stride="3">
              <param name="X" type="float"/>
              <param name="Y" type="float"/>
              <param name="Z" type="float"/>
            </accessor>
          </technique_common>
        </source>
        <source id="Cube_001-mesh-map-0">
          <float_array id="Cube_001-mesh-map-0-array" count="648">0.2511017 0.995443 0.2931283 0.004557013 0.2931283 0.995443 0.344361 0.003080368 0.344361 0.1683472 0.344361 0.1683472 0.3395618 0.9954429 0.3395618 0.004556953 0.3395618 0.004556953 0.344361 0.1742702 0.344361 0.339537 0.344361 0.339537 0.2953318 0.995443 0.3373584 0.004557013 0.3373583 0.995443 0.3417653 0.004556953 0.341445 0.001994729 0.3417653 0.001418888 0.2931283 0.004557013 0.2934486 0.001994788 0.2935206 0.004557013 0.344361 0.339537 0.3437204 0.3406249 0.3435765 0.3394181 0.2511017 0.004557013 0.2507815 0.001994788 0.2511017 0.001418948 0.3395618 0.9954429 0.3392415 0.9980052 0.3391696 0.9954429 0.344361 0.1742702 0.3437204 0.1728391 0.344361 0.1726087 0.3417653 0.004556953 0.3420855 0.001994729 0.3421576 0.004556953 0.344361 0.339537 0.3450016 0.3406249 0.344361 0.3409606 0.3373583 0.995443 0.3376786 0.9980052 0.3373583 0.9985811 0.3395618 0.9954429 0.3398821 0.9980052 0.3395618 0.998581 0.2953318 0.995443 0.2950115 0.9980052 0.2949395 0.995443 0.344361 0.1742702 0.3450016 0.1728391 0.3451455 0.1741513 0.3417653 0.9954429 0.341445 0.9980052 0.341373 0.9954429 0.344361 0.1683472 0.3450016 0.169435 0.344361 0.1697708 0.2931283 0.995443 0.2934486 0.9980052 0.2931283 0.9985811 0.3395618 0.004556953 0.3392416 0.001994729 0.3395618 0.001418888 0.2511017 0.995443 0.2507814 0.9980052 0.2507095 0.995443 0.344361 0.003080368 0.3450016 0.00164926 0.3451455 0.002961456 0.3417653 0.9954429 0.3420855 0.9980052 0.3417653 0.998581 0.3373584 0.004557013 0.3376786 0.001994788 0.3377506 0.004557013 0.344361 0.1683472 0.3437204 0.169435 0.3435765 0.1682283 0.3395618 0.004556953 0.3398821 0.001994729 0.3399541 0.004556953 0.344361 0.003080368 0.3437204 0.00164926 0.344361 0.001418948 0.2953318 0.004557013 0.2950115 0.001994788 0.2953318 0.001418948 0.3417653 0.004556953 0.3417653 0.001418888 0.3417653 0.004556953 0.344361 0.3409606 0.344361 0.339537 0.344361 0.3409606 0.2511017 0.004557013 0.2931283 0.001418948 0.2931283 0.004557013 0.3435765 0.1741513 0.344361 0.339537 0.3435765 0.3394181 0.3395618 0.9954429 0.3395618 0.998581 0.3395618 0.9954429 0.344361 0.1726087 0.344361 0.1742702 0.344361 0.1726087 0.3373583 0.995443 0.2953318 0.9985811 0.2953318 0.995443 0.3451455 0.3394181 0.344361 0.1742702 0.3451455 0.1741513 0.3417653 0.004556953 0.3421576 0.9954429 0.3417653 0.9954429 0.3377506 0.995443 0.3373584 0.004557013 0.3377506 0.004557013 0.3395618 0.004556953 0.3399541 0.9954429 0.3395618 0.9954429 0.2949395 0.004557013 0.2953318 0.995443 0.2949395 0.995443 0.344361 0.1683472 0.3435765 0.002961456 0.344361 0.003080368 0.3373584 0.001418948 0.2953318 0.004557013 0.2953318 0.001418948 0.3417653 0.9954429 0.3417653 0.998581 0.3417653 0.9954429 0.344361 0.1697708 0.344361 0.1683472 0.344361 0.1697708 0.3395618 0.004556953 0.3395618 0.001418888 0.3395618 0.004556953 0.344361 0.001418948 0.344361 0.003080368 0.344361 0.001418948 0.2931283 0.995443 0.2511017 0.9985811 0.2511017 0.995443 0.3451455 0.1682283 0.344361 0.003080368 0.3451455 0.002961456 0.3417653 0.9954429 0.341373 0.004556953 0.3417653 0.004556953 0.2935205 0.995443 0.2931283 0.004557013 0.2935206 0.004557013 0.3395618 0.9954429 0.3391696 0.004556953 0.3395618 0.004556953 0.2507095 0.004557013 0.2511017 0.995443 0.2507095 0.995443 0.3417653 0.9954429 0.3417653 0.004556953 0.3417653 0.004556953 0.2511017 0.995443 0.2511017 0.004557013 0.2931283 0.004557013 0.344361 0.003080368 0.344361 0.003080368 0.344361 0.1683472 0.3395618 0.9954429 0.3395618 0.9954429 0.3395618 0.004556953 0.344361 0.1742702 0.344361 0.1742702 0.344361 0.339537 0.2953318 0.995443 0.2953318 0.004557013 0.3373584 0.004557013 0.3417653 0.004556953 0.341373 0.004556953 0.341445 0.001994729 0.2931283 0.004557013 0.2931283 0.001418948 0.2934486 0.001994788 0.344361 0.339537 0.344361 0.3409606 0.3437204 0.3406249 0.2511017 0.004557013 0.2507095 0.004557013 0.2507815 0.001994788 0.3395618 0.9954429 0.3395618 0.998581 0.3392415 0.9980052 0.344361 0.1742702 0.3435765 0.1741513 0.3437204 0.1728391 0.3417653 0.004556953 0.3417653 0.001418888 0.3420855 0.001994729 0.344361 0.339537 0.3451455 0.3394181 0.3450016 0.3406249 0.3373583 0.995443 0.3377506 0.995443 0.3376786 0.9980052 0.3395618 0.9954429 0.3399541 0.9954429 0.3398821 0.9980052 0.2953318 0.995443 0.2953318 0.9985811 0.2950115 0.9980052 0.344361 0.1742702 0.344361 0.1726087 0.3450016 0.1728391 0.3417653 0.9954429 0.3417653 0.998581 0.341445 0.9980052 0.344361 0.1683472 0.3451455 0.1682283 0.3450016 0.169435 0.2931283 0.995443 0.2935205 0.995443 0.2934486 0.9980052 0.3395618 0.004556953 0.3391696 0.004556953 0.3392416 0.001994729 0.2511017 0.995443 0.2511017 0.9985811 0.2507814 0.9980052 0.344361 0.003080368 0.344361 0.001418948 0.3450016 0.00164926 0.3417653 0.9954429 0.3421576 0.9954429 0.3420855 0.9980052 0.3373584 0.004557013 0.3373584 0.001418948 0.3376786 0.001994788 0.344361 0.1683472 0.344361 0.1697708 0.3437204 0.169435 0.3395618 0.004556953 0.3395618 0.001418888 0.3398821 0.001994729 0.344361 0.003080368 0.3435765 0.002961456 0.3437204 0.00164926 0.2953318 0.004557013 0.2949395 0.004557013 0.2950115 0.001994788 0.3417653 0.004556953 0.3417653 0.001418888 0.3417653 0.001418888 0.344361 0.3409606 0.344361 0.339537 0.344361 0.339537 0.2511017 0.004557013 0.2511017 0.001418948 0.2931283 0.001418948 0.3435765 0.1741513 0.344361 0.1742702 0.344361 0.339537 0.3395618 0.9954429 0.3395618 0.998581 0.3395618 0.998581 0.344361 0.1726087 0.344361 0.1742702 0.344361 0.1742702 0.3373583 0.995443 0.3373583 0.9985811 0.2953318 0.9985811 0.3451455 0.3394181 0.344361 0.339537 0.344361 0.1742702 0.3417653 0.004556953 0.3421576 0.004556953 0.3421576 0.9954429 0.3377506 0.995443 0.3373583 0.995443 0.3373584 0.004557013 0.3395618 0.004556953 0.3399541 0.004556953 0.3399541 0.9954429 0.2949395 0.004557013 0.2953318 0.004557013 0.2953318 0.995443 0.344361 0.1683472 0.3435765 0.1682283 0.3435765 0.002961456 0.3373584 0.001418948 0.3373584 0.004557013 0.2953318 0.004557013 0.3417653 0.9954429 0.3417653 0.998581 0.3417653 0.998581 0.344361 0.1697708 0.344361 0.1683472 0.344361 0.1683472 0.3395618 0.004556953 0.3395618 0.001418888 0.3395618 0.001418888 0.344361 0.001418948 0.344361 0.003080368 0.344361 0.003080368 0.2931283 0.995443 0.2931283 0.9985811 0.2511017 0.9985811 0.3451455 0.1682283 0.344361 0.1683472 0.344361 0.003080368 0.3417653 0.9954429 0.341373 0.9954429 0.341373 0.004556953 0.2935205 0.995443 0.2931283 0.995443 0.2931283 0.004557013 0.3395618 0.9954429 0.3391696 0.9954429 0.3391696 0.004556953 0.2507095 0.004557013 0.2511017 0.004557013 0.2511017 0.995443 0.3417653 0.9954429 0.3417653 0.9954429 0.3417653 0.004556953</float_array>
          <technique_common>
            <accessor source="#Cube_001-mesh-map-0-array" count="324" stride="2">
              <param name="S" type="float"/>
              <param name="T" type="float"/>
            </accessor>
          </technique_common>
        </source>
        <vertices id="Cube_001-mesh-vertices">
          <input semantic="POSITION" source="#Cube_001-mesh-positions"/>
        </vertices>
        <triangles material="ARCH_logo-material" count="108">
          <input semantic="VERTEX" source="#Cube_001-mesh-vertices" offset="0"/>
          <input semantic="NORMAL" source="#Cube_001-mesh-normals" offset="1"/>
          <input semantic="TEXCOORD" source="#Cube_001-mesh-map-0" offset="2" set="0"/>
          <p>36 0 0 1 0 1 30 0 2 50 1 3 29 1 4 44 1 5 21 2 6 35 2 7 49 2 8 9 3 9 15 3 10 2 3 11 22 4 12 43 4 13 16 4 14 0 5 15 4 5 16 6 5 17 1 6 18 4 6 19 3 6 20 2 7 21 4 7 22 5 7 23 7 8 24 11 8 25 13 8 26 8 9 27 11 9 28 10 9 29 9 10 30 11 10 31 12 10 32 14 11 33 18 11 34 20 11 35 15 12 36 18 12 37 17 12 38 16 13 39 18 13 40 19 13 41 21 14 42 25 14 43 27 14 44 22 15 45 25 15 46 24 15 47 23 16 48 25 16 49 26 16 50 28 17 51 32 17 52 34 17 53 29 18 54 32 18 55 31 18 56 30 19 57 32 19 58 33 19 59 35 20 60 39 20 61 41 20 62 36 21 63 39 21 64 38 21 65 37 22 66 39 22 67 40 22 68 42 23 69 46 23 70 48 23 71 43 24 72 46 24 73 45 24 74 44 25 75 46 25 76 47 25 77 49 26 78 53 26 79 55 26 80 50 27 81 53 27 82 52 27 83 51 28 84 53 28 85 54 28 86 0 29 87 17 29 88 14 29 89 6 30 90 15 30 91 17 30 92 7 31 93 5 31 94 1 31 95 13 32 96 2 32 97 5 32 98 21 33 99 12 33 100 8 33 101 27 34 102 9 34 103 12 34 104 16 35 105 26 35 106 22 35 107 19 36 108 23 36 109 26 36 110 14 37 111 45 37 112 42 37 113 20 38 114 43 38 115 45 38 116 49 39 117 24 39 118 21 39 119 55 40 120 22 40 121 24 40 122 44 41 123 54 41 124 50 41 125 47 42 126 51 42 127 54 42 128 42 43 129 31 43 130 28 43 131 48 44 132 29 44 133 31 44 134 35 45 135 52 45 136 49 45 137 41 46 138 50 46 139 52 46 140 30 47 141 40 47 142 36 47 143 33 48 144 37 48 145 40 48 146 28 49 147 3 49 148 0 49 149 34 50 150 1 50 151 3 50 152 8 51 153 38 51 154 35 51 155 10 52 156 36 52 157 38 52 158 42 53 159 0 53 160 14 53 161 36 54 162 7 54 163 1 54 164 50 55 165 37 55 166 29 55 167 21 56 168 8 56 169 35 56 170 9 57 171 23 57 172 15 57 173 22 58 174 51 58 175 43 58 176 0 59 177 3 59 178 4 59 179 1 60 180 5 60 181 4 60 182 2 61 183 6 61 184 4 61 185 7 62 186 10 62 187 11 62 188 8 63 189 12 63 190 11 63 191 9 64 192 13 64 193 11 64 194 14 65 195 17 65 196 18 65 197 15 66 198 19 66 199 18 66 200 16 67 201 20 67 202 18 67 203 21 68 204 24 68 205 25 68 206 22 69 207 26 69 208 25 69 209 23 70 210 27 70 211 25 70 212 28 71 213 31 71 214 32 71 215 29 72 216 33 72 217 32 72 218 30 73 219 34 73 220 32 73 221 35 74 222 38 74 223 39 74 224 36 75 225 40 75 226 39 75 227 37 76 228 41 76 229 39 76 230 42 77 231 45 77 232 46 77 233 43 78 234 47 78 235 46 78 236 44 79 237 48 79 238 46 79 239 49 80 240 52 80 241 53 80 242 50 81 243 54 81 244 53 81 245 51 82 246 55 82 247 53 82 248 0 83 249 6 83 250 17 83 251 6 84 252 2 84 253 15 84 254 7 85 255 13 85 256 5 85 257 13 86 258 9 86 259 2 86 260 21 87 261 27 87 262 12 87 263 27 88 264 23 88 265 9 88 266 16 89 267 19 89 268 26 89 269 19 90 270 15 90 271 23 90 272 14 91 273 20 91 274 45 91 275 20 92 276 16 92 277 43 92 278 49 93 279 55 93 280 24 93 281 55 94 282 51 94 283 22 94 284 44 95 285 47 95 286 54 95 287 47 96 288 43 96 289 51 96 290 42 97 291 48 97 292 31 97 293 48 98 294 44 98 295 29 98 296 35 99 297 41 99 298 52 99 299 41 100 300 37 100 301 50 100 302 30 101 303 33 101 304 40 101 305 33 102 306 29 102 307 37 102 308 28 103 309 34 103 310 3 103 311 34 104 312 30 104 313 1 104 314 8 105 315 10 105 316 38 105 317 10 106 318 7 106 319 36 106 320 42 107 321 28 107 322 0 107 323</p>
        </triangles>
      </mesh>
    </geometry>
    <geometry id="Cube-mesh" name="Cube">
      <mesh>
        <source id="Cube-mesh-positions">
          <float_array id="Cube-mesh-positions-array" count="456">-1.48 -0.305 -0.675 -1.48 -0.425 -0.555 -1.6 -0.305 -0.555 -1.48 -0.3509221 -0.6658656 -1.48 -0.3898528 -0.6398529 -1.525922 -0.305 -0.6658656 -1.527073 -0.3520729 -0.6548414 -1.524684 -0.3837506 -0.6337506 -1.549282 -0.3742821 -0.6242821 -1.525922 -0.4158656 -0.5550001 -1.564853 -0.3898528 -0.5550001 -1.48 -0.4158656 -0.6009221 -1.527073 -0.4048414 -0.602073 -1.55875 -0.3837506 -0.5996845 -1.590866 -0.305 -0.6009221 -1.564853 -0.305 -0.6398529 -1.590866 -0.3509221 -0.5550001 -1.579841 -0.3520729 -0.602073 -1.55875 -0.3496845 -0.6337506 -1.48 -0.425 0.555 -1.48 -0.305 0.675 -1.6 -0.305 0.555 -1.48 -0.4158656 0.6009221 -1.48 -0.3898528 0.6398529 -1.525922 -0.4158656 0.5550001 -1.527073 -0.4048414 0.602073 -1.524684 -0.3837506 0.6337506 -1.549282 -0.3742821 0.6242821 -1.525922 -0.305 0.6658656 -1.564853 -0.305 0.6398529 -1.48 -0.3509221 0.6658656 -1.527073 -0.3520729 0.6548414 -1.55875 -0.3496845 0.6337506 -1.590866 -0.3509221 0.5550001 -1.564853 -0.3898528 0.5550001 -1.590866 -0.305 0.6009221 -1.579841 -0.3520729 0.602073 -1.55875 -0.3837506 0.5996845 -1.48 0.305 -0.675 -1.6 0.305 -0.555 -1.48 0.425 -0.555 -1.525922 0.305 -0.6658656 -1.564853 0.305 -0.6398529 -1.48 0.3509221 -0.6658656 -1.527073 0.3520729 -0.6548414 -1.55875 0.3496845 -0.6337506 -1.549282 0.3742821 -0.6242821 -1.590866 0.3509221 -0.5550001 -1.564853 0.3898528 -0.5550001 -1.590866 0.305 -0.6009221 -1.579841 0.3520729 -0.602073 -1.55875 0.3837506 -0.5996845 -1.48 0.4158656 -0.6009221 -1.48 0.3898528 -0.6398529 -1.525922 0.4158656 -0.5550001 -1.527073 0.4048414 -0.602073 -1.524684 0.3837506 -0.6337506 -1.48 0.305 0.675 -1.48 0.425 0.555 -1.6 0.305 0.555 -1.48 0.3509221 0.6658656 -1.48 0.3898528 0.6398529 -1.525922 0.305 0.6658656 -1.527073 0.3520729 0.6548414 -1.524684 0.3837506 0.6337506 -1.549282 0.3742821 0.6242821 -1.525922 0.4158656 0.5550001 -1.564853 0.3898528 0.5550001 -1.48 0.4158656 0.6009221 -1.527073 0.4048414 0.602073 -1.55875 0.3837506 0.5996845 -1.590866 0.305 0.6009221 -1.564853 0.305 0.6398529 -1.590866 0.3509221 0.5550001 -1.579841 0.3520729 0.602073 -1.55875 0.3496845 0.6337506 1.48 -0.305 -0.675 1.6 -0.305 -0.555 1.48 -0.425 -0.555 1.525922 -0.305 -0.6658656 1.564853 -0.305 -0.6398529 1.48 -0.3509221 -0.6658656 1.527073 -0.3520729 -0.6548414 1.55875 -0.3496845 -0.6337506 1.549282 -0.3742821 -0.6242821 1.590866 -0.3509221 -0.5550001 1.564853 -0.3898528 -0.5550001 1.590866 -0.305 -0.6009221 1.579841 -0.3520729 -0.602073 1.55875 -0.3837506 -0.5996845 1.48 -0.4158656 -0.6009221 1.48 -0.3898528 -0.6398529 1.525922 -0.4158656 -0.5550001 1.527073 -0.4048414 -0.602073 1.524684 -0.3837506 -0.6337506 1.48 -0.305 0.675 1.48 -0.425 0.555 1.6 -0.305 0.555 1.48 -0.3509221 0.6658656 1.48 -0.3898528 0.6398529 1.525922 -0.305 0.6658656 1.527073 -0.3520729 0.6548414 1.524684 -0.3837506 0.6337506 1.549282 -0.3742821 0.6242821 1.525922 -0.4158656 0.5550001 1.564853 -0.3898528 0.5550001 1.48 -0.4158656 0.6009221 1.527073 -0.4048414 0.602073 1.55875 -0.3837506 0.5996845 1.590866 -0.305 0.6009221 1.564853 -0.305 0.6398529 1.590866 -0.3509221 0.5550001 1.579841 -0.3520729 0.602073 1.55875 -0.3496845 0.6337506 1.48 0.305 -0.675 1.48 0.425 -0.555 1.6 0.305 -0.555 1.48 0.3509221 -0.6658656 1.48 0.3898528 -0.6398529 1.525922 0.305 -0.6658656 1.527073 0.3520729 -0.6548414 1.524684 0.3837506 -0.6337506 1.549282 0.3742821 -0.6242821 1.525922 0.4158656 -0.5550001 1.564853 0.3898528 -0.5550001 1.48 0.4158656 -0.6009221 1.527073 0.4048414 -0.602073 1.55875 0.3837506 -0.5996845 1.590866 0.305 -0.6009221 1.564853 0.305 -0.6398529 1.590866 0.3509221 -0.5550001 1.579841 0.3520729 -0.602073 1.55875 0.3496845 -0.6337506 1.48 0.305 0.675 1.6 0.305 0.555 1.48 0.425 0.555 1.525922 0.305 0.6658656 1.564853 0.305 0.6398529 1.48 0.3509221 0.6658656 1.527073 0.3520729 0.6548414 1.55875 0.3496845 0.6337506 1.549282 0.3742821 0.6242821 1.590866 0.3509221 0.5550001 1.564853 0.3898528 0.5550001 1.590866 0.305 0.6009221 1.579841 0.3520729 0.602073 1.55875 0.3837506 0.5996845 1.48 0.4158656 0.6009221 1.48 0.3898528 0.6398529 1.525922 0.4158656 0.5550001 1.527073 0.4048414 0.602073 1.524684 0.3837506 0.6337506</float_array>
          <technique_common>
            <accessor source="#Cube-mesh-positions-array" count="152" stride="3">
              <param name="X" type="float"/>
              <param name="Y" type="float"/>
              <param name="Z" type="float"/>
            </accessor>
          </technique_common>
        </source>
        <source id="Cube-mesh-normals">
          <float_array id="Cube-mesh-normals-array" count="900">0 -1 0 1 0 0 0 0 1 -1 0 0 0 1 0 -0.1914793 -0.1914795 -0.9626377 -0.1782416 -0.5466736 -0.8181552 -0.5466738 -0.1782417 -0.8181549 -0.5126817 -0.4731361 -0.7164494 -0.1914792 -0.9626377 -0.1914792 -0.5466743 -0.8181546 -0.1782425 -0.1782425 -0.8181545 -0.5466742 -0.4731364 -0.7164494 -0.5126814 -0.9626377 -0.1914792 -0.1914791 -0.8181543 -0.1782426 -0.5466746 -0.8181545 -0.5466744 -0.1782425 -0.7164493 -0.512682 -0.4731358 -0.1914792 -0.9626377 0.1914792 -0.1782425 -0.8181545 0.5466742 -0.5466742 -0.8181545 0.1782425 -0.5126815 -0.7164494 0.4731364 -0.1914793 -0.1914795 0.9626377 -0.5466738 -0.1782417 0.8181549 -0.1782416 -0.5466735 0.8181552 -0.4731362 -0.5126816 0.7164494 -0.9626377 -0.1914792 0.1914791 -0.8181545 -0.5466744 0.1782425 -0.8181543 -0.1782426 0.5466746 -0.7164494 -0.4731358 0.5126821 -0.1914793 0.1914795 -0.9626377 -0.5466738 0.1782417 -0.8181549 -0.1782416 0.5466735 -0.8181552 -0.4731362 0.5126816 -0.7164494 -0.9626377 0.1914792 -0.1914791 -0.8181545 0.5466744 -0.1782425 -0.8181543 0.1782426 -0.5466746 -0.7164494 0.4731358 -0.5126821 -0.1914792 0.9626377 -0.1914792 -0.1782425 0.8181545 -0.5466742 -0.5466742 0.8181545 -0.1782425 -0.5126815 0.7164494 -0.4731364 -0.1914793 0.1914795 0.9626377 -0.1782416 0.5466736 0.8181552 -0.5466738 0.1782417 0.8181549 -0.5126817 0.4731361 0.7164494 -0.1914792 0.9626377 0.1914792 -0.5466743 0.8181546 0.1782425 -0.1782425 0.8181545 0.5466742 -0.4731364 0.7164494 0.5126814 -0.9626377 0.1914792 0.1914791 -0.8181543 0.1782426 0.5466746 -0.8181545 0.5466744 0.1782425 -0.7164493 0.512682 0.4731358 0.1914793 -0.1914795 -0.9626377 0.5466738 -0.1782417 -0.8181549 0.1782416 -0.5466735 -0.8181552 0.4731362 -0.5126816 -0.7164494 0.9626377 -0.1914792 -0.1914791 0.8181545 -0.5466744 -0.1782425 0.8181543 -0.1782426 -0.5466746 0.7164494 -0.4731358 -0.5126821 0.1914792 -0.9626377 -0.1914792 0.1782425 -0.8181545 -0.5466742 0.5466742 -0.8181545 -0.1782425 0.5126815 -0.7164494 -0.4731364 0.1914793 -0.1914795 0.9626377 0.1782416 -0.5466736 0.8181552 0.5466738 -0.1782417 0.8181549 0.5126817 -0.4731361 0.7164494 0.1914792 -0.9626377 0.1914792 0.5466743 -0.8181546 0.1782425 0.1782425 -0.8181545 0.5466742 0.4731364 -0.7164494 0.5126814 0.9626377 -0.1914792 0.1914791 0.8181543 -0.1782426 0.5466746 0.8181545 -0.5466744 0.1782425 0.7164493 -0.512682 0.4731358 0.1914793 0.1914795 -0.9626377 0.1782416 0.5466736 -0.8181552 0.5466738 0.1782417 -0.8181549 0.5126817 0.4731361 -0.7164494 0.1914792 0.9626377 -0.1914792 0.5466743 0.8181546 -0.1782425 0.1782425 0.8181545 -0.5466742 0.4731364 0.7164494 -0.5126814 0.9626377 0.1914792 -0.1914791 0.8181543 0.1782426 -0.5466746 0.8181545 0.5466744 -0.1782425 0.7164493 0.512682 -0.4731358 0.1914793 0.1914795 0.9626377 0.5466738 0.1782417 0.8181549 0.1782416 0.5466735 0.8181552 0.4731362 0.5126816 0.7164494 0.9626377 0.1914792 0.1914791 0.8181545 0.5466744 0.1782425 0.8181543 0.1782426 0.5466746 0.7164494 0.4731358 0.5126821 0.1914792 0.9626377 0.1914792 0.1782425 0.8181545 0.5466742 0.5466742 0.8181545 0.1782425 0.5126815 0.7164494 0.4731364 -0.1950893 0 -0.9807855 -0.5555704 0 -0.8314696 -0.831469 0 -0.5555712 -0.9807856 0 -0.195089 -0.1950893 -0.9807856 0 -0.5555708 -0.8314692 0 -0.8314691 -0.5555709 0 -0.9807854 -0.1950892 0 -0.1950893 0 0.9807855 -0.5555704 0 0.8314696 -0.831469 0 0.5555712 -0.9807856 0 0.195089 -0.1950893 0.9807856 0 -0.5555708 0.8314692 0 -0.8314691 0.5555709 0 -0.9807854 0.1950892 0 0 0.1950893 -0.9807856 0 0.55557 -0.8314697 0 0.8314692 -0.5555708 0 0.9807856 -0.1950891 0 0.1950893 0.9807856 0 0.55557 0.8314697 0 0.8314692 0.5555708 0 0.9807856 0.1950891 0.9807856 0.1950893 0 0.8314691 0.5555709 0 0.5555708 0.8314692 0 0.1950892 0.9807854 0 0.1950893 0 -0.9807855 0.5555704 0 -0.8314696 0.831469 0 -0.5555712 0.9807856 0 -0.195089 0.1950893 0 0.9807855 0.5555704 0 0.8314696 0.831469 0 0.5555712 0.9807856 0 0.195089 0.1950893 -0.9807856 0 0.5555708 -0.8314692 0 0.8314691 -0.5555709 0 0.9807854 -0.1950892 0 0 -0.1950893 -0.9807856 0 -0.55557 -0.8314697 0 -0.8314692 -0.5555708 0 -0.9807856 -0.1950891 0 -0.1950893 0.9807856 0 -0.55557 0.8314697 0 -0.8314692 0.5555708 0 -0.9807856 0.1950891 0 0 -1 0 -1 0 1 0 0 0 0 1 -1 0 0 0 1 0 -0.2175196 -0.2175198 -0.9515095 -0.186467 -0.5541798 -0.8112428 -0.5541805 -0.1864675 -0.8112422 -0.4731363 -0.5126817 -0.7164494 -0.2175207 -0.951509 -0.2175207 -0.55418 -0.8112425 -0.1864675 -0.186467 -0.8112429 -0.5541796 -0.5126815 -0.7164493 -0.4731363 -0.951509 -0.2175208 -0.2175207 -0.8112419 -0.1864678 -0.5541808 -0.8112421 -0.5541806 -0.1864678 -0.7164494 -0.4731357 -0.5126821 -0.2175207 -0.951509 0.2175207 -0.186467 -0.8112429 0.5541796 -0.55418 -0.8112425 0.1864675 -0.4731364 -0.7164494 0.5126814 -0.2175196 -0.2175198 0.9515095 -0.5541805 -0.1864675 0.8112422 -0.186467 -0.5541798 0.8112428 -0.5126817 -0.4731361 0.7164494 -0.951509 -0.2175208 0.2175207 -0.8112421 -0.5541806 0.1864678 -0.8112419 -0.1864678 0.5541808 -0.7164494 -0.512682 0.4731358 -0.2175196 0.2175198 -0.9515095 -0.5541805 0.1864675 -0.8112422 -0.186467 0.5541798 -0.8112428 -0.5126817 0.4731361 -0.7164494 -0.951509 0.2175208 -0.2175207 -0.8112421 0.5541806 -0.1864678 -0.8112419 0.1864678 -0.5541808 -0.7164494 0.512682 -0.4731358 -0.2175207 0.951509 -0.2175207 -0.186467 0.8112429 -0.5541796 -0.55418 0.8112425 -0.1864675 -0.4731364 0.7164494 -0.5126814 -0.2175196 0.2175198 0.9515095 -0.186467 0.5541798 0.8112428 -0.5541805 0.1864675 0.8112422 -0.4731363 0.5126817 0.7164494 -0.2175207 0.951509 0.2175207 -0.55418 0.8112425 0.1864675 -0.186467 0.8112429 0.5541796 -0.5126815 0.7164493 0.4731363 -0.951509 0.2175208 0.2175207 -0.8112419 0.1864678 0.5541808 -0.8112421 0.5541806 0.1864678 -0.7164494 0.4731357 0.5126821 0.2175196 -0.2175198 -0.9515095 0.5541805 -0.1864675 -0.8112422 0.186467 -0.5541798 -0.8112428 0.5126817 -0.4731361 -0.7164494 0.951509 -0.2175208 -0.2175207 0.8112421 -0.5541806 -0.1864678 0.8112419 -0.1864678 -0.5541808 0.7164494 -0.512682 -0.4731358 0.2175207 -0.951509 -0.2175207 0.186467 -0.8112429 -0.5541796 0.55418 -0.8112425 -0.1864675 0.4731364 -0.7164494 -0.5126814 0.2175196 -0.2175198 0.9515095 0.186467 -0.5541798 0.8112428 0.5541805 -0.1864675 0.8112422 0.4731363 -0.5126817 0.7164494 0.2175207 -0.951509 0.2175207 0.55418 -0.8112425 0.1864675 0.186467 -0.8112429 0.5541796 0.5126815 -0.7164493 0.4731363 0.951509 -0.2175208 0.2175207 0.8112419 -0.1864678 0.5541808 0.8112421 -0.5541806 0.1864678 0.7164494 -0.4731357 0.5126821 0.2175196 0.2175198 -0.9515095 0.186467 0.5541798 -0.8112428 0.5541805 0.1864675 -0.8112422 0.4731363 0.5126817 -0.7164494 0.2175207 0.951509 -0.2175207 0.55418 0.8112425 -0.1864675 0.186467 0.8112429 -0.5541796 0.5126815 0.7164493 -0.4731363 0.951509 0.2175208 -0.2175207 0.8112419 0.1864678 -0.5541808 0.8112421 0.5541806 -0.1864678 0.7164494 0.4731357 -0.5126821 0.2175196 0.2175198 0.9515095 0.5541805 0.1864675 0.8112422 0.186467 0.5541798 0.8112428 0.5126817 0.4731361 0.7164494 0.951509 0.2175208 0.2175207 0.8112421 0.5541806 0.1864678 0.8112419 0.1864678 0.5541808 0.7164494 0.512682 0.4731358 0.2175207 0.951509 0.2175207 0.186467 0.8112429 0.5541796 0.55418 0.8112425 0.1864675 0.4731364 0.7164494 0.5126814 -0.1950892 0 -0.9807854 -0.5555704 0 -0.8314696 -0.831469 0 -0.5555712 -0.9807856 0 -0.195089 -0.1950892 -0.9807854 0 -0.5555708 -0.8314692 0 -0.8314691 -0.5555709 0 -0.9807856 -0.1950893 0 -0.1950892 0 0.9807854 -0.5555704 0 0.8314696 -0.831469 0 0.5555712 -0.9807856 0 0.195089 -0.1950892 0.9807854 0 -0.5555708 0.8314692 0 -0.8314691 0.5555709 0 -0.9807856 0.1950893 0 0 0.1950893 -0.9807856 0 0.55557 -0.8314697 0 0.8314692 -0.5555708 0 0.9807856 -0.1950891 0 0.1950893 0.9807856 0 0.55557 0.8314697 0 0.8314692 0.5555708 0 0.9807856 0.1950891 0.9807854 0.1950892 0 0.8314691 0.5555709 0 0.5555708 0.8314692 0 0.1950893 0.9807856 0 0.1950892 0 -0.9807854 0.5555704 0 -0.8314696 0.831469 0 -0.5555712 0.9807856 0 -0.195089 0.1950892 0 0.9807854 0.5555704 0 0.8314696 0.831469 0 0.5555712 0.9807856 0 0.195089 0.1950892 -0.9807854 0 0.5555708 -0.8314692 0 0.8314691 -0.5555709 0 0.9807856 -0.1950893 0 0 -0.1950893 -0.9807856 0 -0.55557 -0.8314697 0 -0.8314692 -0.5555708 0 -0.9807856 -0.1950891 0 -0.1950893 0.9807856 0 -0.55557 0.8314697 0 -0.8314692 0.5555708 0 -0.9807856 0.1950891 0 0 -1</float_array>
          <technique_common>
            <accessor source="#Cube-mesh-normals-array" count="300" stride="3">
              <param name="X" type="float"/>
              <param name="Y" type="float"/>
              <param name="Z" type="float"/>
            </accessor>
          </technique_common>
        </source>
        <source id="Cube-mesh-map-0">
          <float_array id="Cube-mesh-map-0-array" count="1800">0.02380418 0.7100603 0.2811503 0.02380418 0.2811502 0.7100604 0.6337131 0.6113265 0.7751376 0.7554363 0.6337131 0.7554363 0.6337131 0.004131555 0.7751376 0.5726971 0.6337131 0.5726971 0.02380418 0.7826564 0.1652286 0.9958683 0.02380418 0.9958683 0.3287587 0.7160912 0.5861048 0.02983504 0.5861048 0.7160912 0.974817 0.6101406 0.9641703 0.6189614 0.9641703 0.6113265 0.9838429 0.6067634 0.9750839 0.6177513 0.974817 0.6101406 0.8244389 0.9319221 0.8272809 0.9195168 0.8341 0.926925 0.8244389 0.9319221 0.8149126 0.9284166 0.8193224 0.9255582 0.2811503 0.01315742 0.291797 0.02380418 0.2811503 0.02380418 0.2811503 0.004131615 0.2920638 0.01289063 0.2811503 0.01315742 0.2920638 0.01289063 0.3008229 0.02380418 0.291797 0.02380418 0.2920638 0.01289063 0.2972129 0.00774157 0.2994081 0.01344436 0.820401 0.9111203 0.8073 0.9104647 0.8145075 0.903014 0.8272809 0.9195168 0.8133081 0.9190803 0.820401 0.9111203 0.8133081 0.9190803 0.8030734 0.9183053 0.8073 0.9104647 0.8133081 0.9190803 0.8149126 0.9284166 0.8096037 0.9250718 0.01315748 0.02380412 0.02380418 0.01315742 0.02380418 0.02380412 0.004131615 0.02380412 0.01289063 0.01289063 0.01315748 0.02380412 0.01289063 0.01289063 0.02380418 0.004131615 0.02380418 0.01315742 0.01289063 0.01289063 0.00774163 0.00774157 0.01344442 0.005546391 0.02380412 0.7517436 0.01315742 0.7457816 0.02380418 0.744027 0.02380412 0.7617945 0.01289063 0.7540105 0.02380412 0.7517436 0.01289063 0.7540105 0.004131615 0.7507781 0.01315742 0.7457816 0.01289063 0.7540105 0.00774157 0.7627638 0.005546331 0.7577516 0.01315742 0.7814704 0.02380412 0.7726496 0.02380418 0.7826564 0.004131615 0.7780932 0.01289063 0.7709973 0.01315742 0.7814704 0.01289063 0.7709973 0.02380412 0.7617945 0.02380412 0.7726496 0.01289063 0.7709973 0.00774157 0.7627638 0.01344436 0.7621744 0.9423521 0.8380791 0.9552367 0.8352222 0.9480721 0.8433715 0.9355331 0.8306708 0.9493985 0.829364 0.9423521 0.8380791 0.9493985 0.829364 0.9593406 0.8253918 0.9552367 0.8352222 0.9493985 0.829364 0.9477546 0.8193889 0.9529922 0.8215765 0.931851 0.8082418 0.9286531 0.8222744 0.9227597 0.8141682 0.941442 0.804742 0.9382676 0.8165221 0.931851 0.8082418 0.9382676 0.8165221 0.9355331 0.8306708 0.9286531 0.8222744 0.9382676 0.8165221 0.9477546 0.8193889 0.9434341 0.8236958 0.5967515 0.7160912 0.5861048 0.7267379 0.5861048 0.7160912 0.6057773 0.7160912 0.5970183 0.7270047 0.5967515 0.7160912 0.5970183 0.7270047 0.5861048 0.7357637 0.5861048 0.7267379 0.9530731 0.8132392 0.9477546 0.8193889 0.9458064 0.8132861 0.1758753 0.7457816 0.1652286 0.7517436 0.1652286 0.744027 0.1849011 0.7507781 0.1761421 0.7540105 0.1758753 0.7457816 0.1761421 0.7540105 0.1652286 0.7617945 0.1652286 0.7517436 0.1761421 0.7540105 0.1812912 0.7627638 0.1755884 0.7621744 0.3287587 0.7267379 0.3181119 0.7160912 0.3287587 0.7160912 0.3287587 0.7357637 0.3178451 0.7270047 0.3287587 0.7267379 0.3178451 0.7270047 0.3090861 0.7160912 0.3181119 0.7160912 0.3178451 0.7270047 0.312696 0.7321538 0.3105009 0.726451 0.1652286 0.7726496 0.1758753 0.7814704 0.1652286 0.7826564 0.1652286 0.7617945 0.1761421 0.7709973 0.1652286 0.7726496 0.1761421 0.7709973 0.1849011 0.7780932 0.1758753 0.7814704 0.1761421 0.7709973 0.1812912 0.7627638 0.1834864 0.7687179 0.9641703 0.03275418 0.974817 0.04157501 0.9641703 0.0427609 0.9641703 0.02189904 0.9750839 0.03110188 0.9641703 0.03275418 0.9750839 0.03110188 0.9838429 0.03819781 0.974817 0.04157501 0.9750839 0.03110188 0.9802329 0.02286839 0.9824281 0.02882248 0.974817 0.005886137 0.9641703 0.01184815 0.9641703 0.004131555 0.9838429 0.01088273 0.9750839 0.01411509 0.974817 0.005886137 0.9750839 0.01411509 0.9641703 0.02189904 0.9641703 0.01184815 0.9750839 0.01411509 0.9802329 0.02286839 0.9745302 0.02227896 0.291797 0.7100604 0.2811502 0.7207071 0.2811502 0.7100604 0.3008228 0.7100604 0.2920638 0.7209739 0.291797 0.7100604 0.2920638 0.7209739 0.2811502 0.7297329 0.2811502 0.7207071 0.2920638 0.7209739 0.2972128 0.7261229 0.2915101 0.7283181 0.7857843 0.5738831 0.7751376 0.5827039 0.7751376 0.5726971 0.7948101 0.5772603 0.7860511 0.5843562 0.7857843 0.5738831 0.7860511 0.5843562 0.7751376 0.593559 0.7751376 0.5827039 0.7860511 0.5843562 0.7912002 0.5925896 0.7854974 0.5931791 0.02380412 0.7207071 0.01315742 0.7100603 0.02380418 0.7100603 0.02380412 0.7297329 0.01289063 0.7209739 0.02380412 0.7207071 0.01289063 0.7209739 0.004131615 0.7100603 0.01315742 0.7100603 0.01289063 0.7209739 0.00774157 0.7261229 0.005546331 0.7204201 0.7751376 0.6036099 0.7857843 0.6095719 0.7751376 0.6113265 0.7751376 0.593559 0.7860511 0.601343 0.7751376 0.6036099 0.7860511 0.601343 0.7948101 0.6045753 0.7857843 0.6095719 0.7860511 0.601343 0.7912002 0.5925896 0.7933954 0.5976018 0.8120992 0.04157501 0.8227459 0.03275418 0.8227459 0.0427609 0.8030734 0.03819781 0.8118324 0.03110188 0.8120992 0.04157501 0.8118324 0.03110188 0.8227459 0.02189904 0.8227459 0.03275418 0.8118324 0.03110188 0.8066834 0.02286839 0.8123861 0.02227896 0.5861048 0.01918828 0.5967515 0.02983504 0.5861048 0.02983504 0.5861048 0.01016247 0.5970183 0.01892149 0.5861048 0.01918828 0.5970183 0.01892149 0.6057773 0.02983504 0.5967515 0.02983504 0.5970183 0.01892149 0.6021674 0.01377242 0.6043626 0.01947522 0.8227459 0.01184815 0.8120992 0.005886137 0.8227459 0.004131555 0.8227459 0.02189904 0.8118324 0.01411509 0.8227459 0.01184815 0.8118324 0.01411509 0.8030734 0.01088273 0.8120992 0.005886137 0.8118324 0.01411509 0.8066834 0.02286839 0.8044881 0.01785624 0.6337131 0.5827039 0.6230664 0.5738831 0.6337131 0.5726971 0.6337131 0.593559 0.6227996 0.5843562 0.6337131 0.5827039 0.6227996 0.5843562 0.6140406 0.5772603 0.6230664 0.5738831 0.6227996 0.5843562 0.6176506 0.5925896 0.6154553 0.5866356 0.6230664 0.6095719 0.6337131 0.6036099 0.6337131 0.6113265 0.6140406 0.6045753 0.6227996 0.601343 0.6230664 0.6095719 0.6227996 0.601343 0.6337131 0.593559 0.6337131 0.6036099 0.6227996 0.601343 0.6176506 0.5925896 0.6233534 0.5931791 0.318112 0.02983498 0.3287587 0.01918828 0.3287587 0.02983498 0.3090862 0.02983498 0.3178452 0.01892149 0.318112 0.02983498 0.3178452 0.01892149 0.3287587 0.01016247 0.3287587 0.01918828 0.3178452 0.01892149 0.3126961 0.01377242 0.3183989 0.01157724 0.83982 0.9322174 0.9423521 0.8380791 0.9480721 0.8433715 0.8341 0.926925 0.9355331 0.8306708 0.9423521 0.8380791 0.8272809 0.9195168 0.9286531 0.8222744 0.9355331 0.8306708 0.820401 0.9111203 0.9227597 0.8141682 0.9286531 0.8222744 0.02380418 0.02380412 0.2811503 0.01315742 0.2811503 0.02380418 0.02380418 0.01315742 0.2811503 0.004131615 0.2811503 0.01315742 0.004131615 0.7780932 0.01315742 0.9946824 0.004131615 0.9913052 0.01315742 0.7814704 0.02380418 0.9958683 0.01315742 0.9946824 0.1652286 0.744027 0.02380412 0.7517436 0.02380418 0.744027 0.1652286 0.7517436 0.02380412 0.7617945 0.02380412 0.7517436 0.1652286 0.7617945 0.02380412 0.7726496 0.02380412 0.7617945 0.1652286 0.7726496 0.02380418 0.7826564 0.02380412 0.7726496 0.5861048 0.7160912 0.3287587 0.7267379 0.3287587 0.7160912 0.5861048 0.7267379 0.3287587 0.7357637 0.3287587 0.7267379 0.941442 0.804742 0.8121647 0.6307245 0.8217557 0.6272246 0.931851 0.8082418 0.8030735 0.6366509 0.8121647 0.6307245 0.8227459 0.6113265 0.8120992 0.04157501 0.8227459 0.0427609 0.8120992 0.6101406 0.8030734 0.03819781 0.8120992 0.04157501 0.6057773 0.7160912 0.5967515 0.02983504 0.6057773 0.02983504 0.5967515 0.7160912 0.5861048 0.02983504 0.5967515 0.02983504 0.6337131 0.5726971 0.6230664 0.005317509 0.6337131 0.004131555 0.6230664 0.5738831 0.6140406 0.008694708 0.6230664 0.005317509 0.3090862 0.02983498 0.3181119 0.7160912 0.3090861 0.7160912 0.318112 0.02983498 0.3287587 0.7160912 0.3181119 0.7160912 0.6337131 0.7554363 0.6230664 0.6095719 0.6337131 0.6113265 0.5861048 0.004131555 0.3287587 0.01016247 0.3287587 0.004131555 0.5861048 0.01016247 0.3287587 0.01918828 0.3287587 0.01016247 0.5861048 0.01918828 0.3287587 0.02983498 0.3287587 0.01918828 0.8227459 0.0427609 0.9641703 0.03275418 0.9641703 0.0427609 0.8227459 0.03275418 0.9641703 0.02189904 0.9641703 0.03275418 0.8227459 0.02189904 0.9641703 0.01184815 0.9641703 0.02189904 0.8227459 0.01184815 0.9641703 0.004131555 0.9641703 0.01184815 0.7751376 0.5726971 0.6337131 0.5827039 0.6337131 0.5726971 0.7751376 0.5827039 0.6337131 0.593559 0.6337131 0.5827039 0.7751376 0.593559 0.6337131 0.6036099 0.6337131 0.593559 0.7751376 0.6036099 0.6337131 0.6113265 0.6337131 0.6036099 0.2811502 0.7100604 0.02380412 0.7207071 0.02380418 0.7100603 0.2811502 0.7207071 0.02380412 0.7297329 0.02380412 0.7207071 0.2811502 0.7297329 0.02380412 0.7357638 0.02380412 0.7297329 0.7857843 0.7536817 0.7751376 0.6113265 0.7857843 0.6095719 0.9641703 0.0427609 0.974817 0.6101406 0.9641703 0.6113265 0.974817 0.04157501 0.9838429 0.6067634 0.974817 0.6101406 0.3008228 0.7100604 0.291797 0.02380418 0.3008229 0.02380418 0.291797 0.7100604 0.2811503 0.02380418 0.291797 0.02380418 0.7751376 0.004131555 0.7857843 0.5738831 0.7751376 0.5726971 0.7857843 0.005317509 0.7948101 0.5772603 0.7857843 0.5738831 0.004131615 0.02380412 0.01315742 0.7100603 0.004131615 0.7100603 0.01315748 0.02380412 0.02380418 0.7100603 0.01315742 0.7100603 0.8227459 0.0427609 0.9641703 0.6113265 0.8227459 0.6113265 0.02380418 0.7100603 0.02380418 0.02380412 0.2811503 0.02380418 0.6337131 0.6113265 0.7751376 0.6113265 0.7751376 0.7554363 0.6337131 0.004131555 0.7751376 0.004131555 0.7751376 0.5726971 0.02380418 0.7826564 0.1652286 0.7826564 0.1652286 0.9958683 0.3287587 0.7160912 0.3287587 0.02983498 0.5861048 0.02983504 0.974817 0.6101406 0.9750839 0.6177513 0.9641703 0.6189614 0.9838429 0.6067634 0.9824281 0.6145542 0.9750839 0.6177513 0.8244389 0.9319221 0.8193224 0.9255582 0.8272809 0.9195168 0.8244389 0.9319221 0.8167895 0.9333623 0.8149126 0.9284166 0.2811503 0.01315742 0.2920638 0.01289063 0.291797 0.02380418 0.2811503 0.004131615 0.2915101 0.005546391 0.2920638 0.01289063 0.2920638 0.01289063 0.2994081 0.01344436 0.3008229 0.02380418 0.2920638 0.01289063 0.2915101 0.005546391 0.2972129 0.00774157 0.820401 0.9111203 0.8133081 0.9190803 0.8073 0.9104647 0.8272809 0.9195168 0.8193224 0.9255582 0.8133081 0.9190803 0.8133081 0.9190803 0.8096037 0.9250718 0.8030734 0.9183053 0.8133081 0.9190803 0.8193224 0.9255582 0.8149126 0.9284166 0.01315748 0.02380412 0.01289063 0.01289063 0.02380418 0.01315742 0.004131615 0.02380412 0.005546391 0.01344436 0.01289063 0.01289063 0.01289063 0.01289063 0.01344442 0.005546391 0.02380418 0.004131615 0.01289063 0.01289063 0.005546391 0.01344436 0.00774163 0.00774157 0.02380412 0.7517436 0.01289063 0.7540105 0.01315742 0.7457816 0.02380412 0.7617945 0.01344436 0.7621744 0.01289063 0.7540105 0.01289063 0.7540105 0.005546331 0.7577516 0.004131615 0.7507781 0.01289063 0.7540105 0.01344436 0.7621744 0.00774157 0.7627638 0.01315742 0.7814704 0.01289063 0.7709973 0.02380412 0.7726496 0.004131615 0.7780932 0.005546331 0.7687179 0.01289063 0.7709973 0.01289063 0.7709973 0.01344436 0.7621744 0.02380412 0.7617945 0.01289063 0.7709973 0.005546331 0.7687179 0.00774157 0.7627638 0.9423521 0.8380791 0.9493985 0.829364 0.9552367 0.8352222 0.9355331 0.8306708 0.9434341 0.8236958 0.9493985 0.829364 0.9493985 0.829364 0.9529922 0.8215765 0.9593406 0.8253918 0.9493985 0.829364 0.9434341 0.8236958 0.9477546 0.8193889 0.931851 0.8082418 0.9382676 0.8165221 0.9286531 0.8222744 0.941442 0.804742 0.9458064 0.8132861 0.9382676 0.8165221 0.9382676 0.8165221 0.9434341 0.8236958 0.9355331 0.8306708 0.9382676 0.8165221 0.9458064 0.8132861 0.9477546 0.8193889 0.5967515 0.7160912 0.5970183 0.7270047 0.5861048 0.7267379 0.6057773 0.7160912 0.6043626 0.726451 0.5970183 0.7270047 0.5970183 0.7270047 0.5964645 0.734349 0.5861048 0.7357637 0.9530731 0.8132392 0.9529922 0.8215765 0.9477546 0.8193889 0.1758753 0.7457816 0.1761421 0.7540105 0.1652286 0.7517436 0.1849011 0.7507781 0.1834864 0.7577516 0.1761421 0.7540105 0.1761421 0.7540105 0.1755884 0.7621744 0.1652286 0.7617945 0.1761421 0.7540105 0.1834864 0.7577516 0.1812912 0.7627638 0.3287587 0.7267379 0.3178451 0.7270047 0.3181119 0.7160912 0.3287587 0.7357637 0.3183988 0.734349 0.3178451 0.7270047 0.3178451 0.7270047 0.3105009 0.726451 0.3090861 0.7160912 0.3178451 0.7270047 0.3183988 0.734349 0.312696 0.7321538 0.1652286 0.7726496 0.1761421 0.7709973 0.1758753 0.7814704 0.1652286 0.7617945 0.1755884 0.7621744 0.1761421 0.7709973 0.1761421 0.7709973 0.1834864 0.7687179 0.1849011 0.7780932 0.1761421 0.7709973 0.1755884 0.7621744 0.1812912 0.7627638 0.9641703 0.03275418 0.9750839 0.03110188 0.974817 0.04157501 0.9641703 0.02189904 0.9745302 0.02227896 0.9750839 0.03110188 0.9750839 0.03110188 0.9824281 0.02882248 0.9838429 0.03819781 0.9750839 0.03110188 0.9745302 0.02227896 0.9802329 0.02286839 0.974817 0.005886137 0.9750839 0.01411509 0.9641703 0.01184815 0.9838429 0.01088273 0.9824281 0.01785624 0.9750839 0.01411509 0.9750839 0.01411509 0.9745302 0.02227896 0.9641703 0.02189904 0.9750839 0.01411509 0.9824281 0.01785624 0.9802329 0.02286839 0.291797 0.7100604 0.2920638 0.7209739 0.2811502 0.7207071 0.3008228 0.7100604 0.299408 0.7204201 0.2920638 0.7209739 0.2920638 0.7209739 0.2915101 0.7283181 0.2811502 0.7297329 0.2920638 0.7209739 0.299408 0.7204201 0.2972128 0.7261229 0.7857843 0.5738831 0.7860511 0.5843562 0.7751376 0.5827039 0.7948101 0.5772603 0.7933954 0.5866356 0.7860511 0.5843562 0.7860511 0.5843562 0.7854974 0.5931791 0.7751376 0.593559 0.7860511 0.5843562 0.7933954 0.5866356 0.7912002 0.5925896 0.02380412 0.7207071 0.01289063 0.7209739 0.01315742 0.7100603 0.02380412 0.7297329 0.01344436 0.7283181 0.01289063 0.7209739 0.01289063 0.7209739 0.005546331 0.7204201 0.004131615 0.7100603 0.01289063 0.7209739 0.01344436 0.7283181 0.00774157 0.7261229 0.7751376 0.6036099 0.7860511 0.601343 0.7857843 0.6095719 0.7751376 0.593559 0.7854974 0.5931791 0.7860511 0.601343 0.7860511 0.601343 0.7933954 0.5976018 0.7948101 0.6045753 0.7860511 0.601343 0.7854974 0.5931791 0.7912002 0.5925896 0.8120992 0.04157501 0.8118324 0.03110188 0.8227459 0.03275418 0.8030734 0.03819781 0.8044881 0.02882248 0.8118324 0.03110188 0.8118324 0.03110188 0.8123861 0.02227896 0.8227459 0.02189904 0.8118324 0.03110188 0.8044881 0.02882248 0.8066834 0.02286839 0.5861048 0.01918828 0.5970183 0.01892149 0.5967515 0.02983504 0.5861048 0.01016247 0.5964646 0.01157724 0.5970183 0.01892149 0.5970183 0.01892149 0.6043626 0.01947522 0.6057773 0.02983504 0.5970183 0.01892149 0.5964646 0.01157724 0.6021674 0.01377242 0.8227459 0.01184815 0.8118324 0.01411509 0.8120992 0.005886137 0.8227459 0.02189904 0.8123861 0.02227896 0.8118324 0.01411509 0.8118324 0.01411509 0.8044881 0.01785624 0.8030734 0.01088273 0.8118324 0.01411509 0.8123861 0.02227896 0.8066834 0.02286839 0.6337131 0.5827039 0.6227996 0.5843562 0.6230664 0.5738831 0.6337131 0.593559 0.6233534 0.5931791 0.6227996 0.5843562 0.6227996 0.5843562 0.6154553 0.5866356 0.6140406 0.5772603 0.6227996 0.5843562 0.6233534 0.5931791 0.6176506 0.5925896 0.6230664 0.6095719 0.6227996 0.601343 0.6337131 0.6036099 0.6140406 0.6045753 0.6154553 0.5976018 0.6227996 0.601343 0.6227996 0.601343 0.6233534 0.5931791 0.6337131 0.593559 0.6227996 0.601343 0.6154553 0.5976018 0.6176506 0.5925896 0.318112 0.02983498 0.3178452 0.01892149 0.3287587 0.01918828 0.3090862 0.02983498 0.3105009 0.01947522 0.3178452 0.01892149 0.3178452 0.01892149 0.3183989 0.01157724 0.3287587 0.01016247 0.3178452 0.01892149 0.3105009 0.01947522 0.3126961 0.01377242 0.83982 0.9322174 0.8341 0.926925 0.9423521 0.8380791 0.8341 0.926925 0.8272809 0.9195168 0.9355331 0.8306708 0.8272809 0.9195168 0.820401 0.9111203 0.9286531 0.8222744 0.820401 0.9111203 0.8145075 0.903014 0.9227597 0.8141682 0.02380418 0.02380412 0.02380418 0.01315742 0.2811503 0.01315742 0.02380418 0.01315742 0.02380418 0.004131615 0.2811503 0.004131615 0.004131615 0.7780932 0.01315742 0.7814704 0.01315742 0.9946824 0.01315742 0.7814704 0.02380418 0.7826564 0.02380418 0.9958683 0.1652286 0.744027 0.1652286 0.7517436 0.02380412 0.7517436 0.1652286 0.7517436 0.1652286 0.7617945 0.02380412 0.7617945 0.1652286 0.7617945 0.1652286 0.7726496 0.02380412 0.7726496 0.1652286 0.7726496 0.1652286 0.7826564 0.02380418 0.7826564 0.5861048 0.7160912 0.5861048 0.7267379 0.3287587 0.7267379 0.5861048 0.7267379 0.5861048 0.7357637 0.3287587 0.7357637 0.941442 0.804742 0.931851 0.8082418 0.8121647 0.6307245 0.931851 0.8082418 0.9227597 0.8141682 0.8030735 0.6366509 0.8227459 0.6113265 0.8120992 0.6101406 0.8120992 0.04157501 0.8120992 0.6101406 0.8030734 0.6067634 0.8030734 0.03819781 0.6057773 0.7160912 0.5967515 0.7160912 0.5967515 0.02983504 0.5967515 0.7160912 0.5861048 0.7160912 0.5861048 0.02983504 0.6337131 0.5726971 0.6230664 0.5738831 0.6230664 0.005317509 0.6230664 0.5738831 0.6140406 0.5772603 0.6140406 0.008694708 0.3090862 0.02983498 0.318112 0.02983498 0.3181119 0.7160912 0.318112 0.02983498 0.3287587 0.02983498 0.3287587 0.7160912 0.6337131 0.7554363 0.6230664 0.7536817 0.6230664 0.6095719 0.5861048 0.004131555 0.5861048 0.01016247 0.3287587 0.01016247 0.5861048 0.01016247 0.5861048 0.01918828 0.3287587 0.01918828 0.5861048 0.01918828 0.5861048 0.02983504 0.3287587 0.02983498 0.8227459 0.0427609 0.8227459 0.03275418 0.9641703 0.03275418 0.8227459 0.03275418 0.8227459 0.02189904 0.9641703 0.02189904 0.8227459 0.02189904 0.8227459 0.01184815 0.9641703 0.01184815 0.8227459 0.01184815 0.8227459 0.004131555 0.9641703 0.004131555 0.7751376 0.5726971 0.7751376 0.5827039 0.6337131 0.5827039 0.7751376 0.5827039 0.7751376 0.593559 0.6337131 0.593559 0.7751376 0.593559 0.7751376 0.6036099 0.6337131 0.6036099 0.7751376 0.6036099 0.7751376 0.6113265 0.6337131 0.6113265 0.2811502 0.7100604 0.2811502 0.7207071 0.02380412 0.7207071 0.2811502 0.7207071 0.2811502 0.7297329 0.02380412 0.7297329 0.2811502 0.7297329 0.2811502 0.7357638 0.02380412 0.7357638 0.7857843 0.7536817 0.7751376 0.7554363 0.7751376 0.6113265 0.9641703 0.0427609 0.974817 0.04157501 0.974817 0.6101406 0.974817 0.04157501 0.9838429 0.03819781 0.9838429 0.6067634 0.3008228 0.7100604 0.291797 0.7100604 0.291797 0.02380418 0.291797 0.7100604 0.2811502 0.7100604 0.2811503 0.02380418 0.7751376 0.004131555 0.7857843 0.005317509 0.7857843 0.5738831 0.7857843 0.005317509 0.7948101 0.008694708 0.7948101 0.5772603 0.004131615 0.02380412 0.01315748 0.02380412 0.01315742 0.7100603 0.01315748 0.02380412 0.02380418 0.02380412 0.02380418 0.7100603 0.8227459 0.0427609 0.9641703 0.0427609 0.9641703 0.6113265</float_array>
          <technique_common>
            <accessor source="#Cube-mesh-map-0-array" count="900" stride="2">
              <param name="S" type="float"/>
              <param name="T" type="float"/>
            </accessor>
          </technique_common>
        </source>
        <vertices id="Cube-mesh-vertices">
          <input semantic="POSITION" source="#Cube-mesh-positions"/>
        </vertices>
        <triangles material="ARCH_block-material" count="300">
          <input semantic="VERTEX" source="#Cube-mesh-vertices" offset="0"/>
          <input semantic="NORMAL" source="#Cube-mesh-normals" offset="1"/>
          <input semantic="TEXCOORD" source="#Cube-mesh-map-0" offset="2" set="0"/>
          <p>96 0 0 1 0 1 78 0 2 134 1 3 77 1 4 116 1 5 57 2 6 95 2 7 133 2 8 21 3 9 39 3 10 2 3 11 58 4 12 115 4 13 40 4 14 3 5 15 5 5 16 0 5 17 4 6 18 6 6 19 3 6 20 6 7 21 15 7 22 5 7 23 6 8 24 8 8 25 18 8 26 9 9 27 11 9 28 1 9 29 10 10 30 12 10 31 9 10 32 12 11 33 4 11 34 11 11 35 12 12 36 8 12 37 7 12 38 14 13 39 16 13 40 2 13 41 15 14 42 17 14 43 14 14 44 17 15 45 10 15 46 16 15 47 17 16 48 8 16 49 13 16 50 22 17 51 24 17 52 19 17 53 23 18 54 25 18 55 22 18 56 25 19 57 34 19 58 24 19 59 25 20 60 27 20 61 37 20 62 28 21 63 30 21 64 20 21 65 29 22 66 31 22 67 28 22 68 31 23 69 23 23 70 30 23 71 31 24 72 27 24 73 26 24 74 33 25 75 35 25 76 21 25 77 34 26 78 36 26 79 33 26 80 36 27 81 29 27 82 35 27 83 36 28 84 27 28 85 32 28 86 41 29 87 43 29 88 38 29 89 42 30 90 44 30 91 41 30 92 44 31 93 53 31 94 43 31 95 44 32 96 46 32 97 56 32 98 47 33 99 49 33 100 39 33 101 48 34 102 50 34 103 47 34 104 50 35 105 42 35 106 49 35 107 50 36 108 46 36 109 45 36 110 52 37 111 54 37 112 40 37 113 53 38 114 55 38 115 52 38 116 55 39 117 48 39 118 54 39 119 55 40 120 46 40 121 51 40 122 60 41 123 62 41 124 57 41 125 61 42 126 63 42 127 60 42 128 63 43 129 72 43 130 62 43 131 63 44 132 65 44 133 75 44 134 66 45 135 68 45 136 58 45 137 67 46 138 69 46 139 66 46 140 69 47 141 61 47 142 68 47 143 69 48 144 65 48 145 64 48 146 71 49 147 73 49 148 59 49 149 72 50 150 74 50 151 71 50 152 74 51 153 67 51 154 73 51 155 74 52 156 65 52 157 70 52 158 79 53 159 81 53 160 76 53 161 80 54 162 82 54 163 79 54 164 82 55 165 91 55 166 81 55 167 82 56 168 84 56 169 94 56 170 85 57 171 87 57 172 77 57 173 86 58 174 88 58 175 85 58 176 88 59 177 80 59 178 87 59 179 88 60 180 84 60 181 83 60 182 90 61 183 92 61 184 78 61 185 91 62 186 93 62 187 90 62 188 93 63 189 86 63 190 92 63 191 93 64 192 84 64 193 89 64 194 98 65 195 100 65 196 95 65 197 99 66 198 101 66 199 98 66 200 101 67 201 110 67 202 100 67 203 101 68 204 103 68 205 113 68 206 104 69 207 106 69 208 96 69 209 105 70 210 107 70 211 104 70 212 107 71 213 99 71 214 106 71 215 107 72 216 103 72 217 102 72 218 109 73 219 111 73 220 97 73 221 110 74 222 112 74 223 109 74 224 112 75 225 105 75 226 111 75 227 112 76 228 103 76 229 108 76 230 117 77 231 119 77 232 114 77 233 118 78 234 120 78 235 117 78 236 120 79 237 129 79 238 119 79 239 120 80 240 122 80 241 132 80 242 123 81 243 125 81 244 115 81 245 124 82 246 126 82 247 123 82 248 126 83 249 118 83 250 125 83 251 126 84 252 122 84 253 121 84 254 128 85 255 130 85 256 116 85 257 129 86 258 131 86 259 128 86 260 131 87 261 124 87 262 130 87 263 131 88 264 122 88 265 127 88 266 136 89 267 138 89 268 133 89 269 137 90 270 139 90 271 136 90 272 139 91 273 148 91 274 138 91 275 139 92 276 141 92 277 151 92 278 142 93 279 144 93 280 134 93 281 143 94 282 145 94 283 142 94 284 145 95 285 137 95 286 144 95 287 145 96 288 141 96 289 140 96 290 147 97 291 149 97 292 135 97 293 148 98 294 150 98 295 147 98 296 150 99 297 143 99 298 149 99 299 150 100 300 141 100 301 146 100 302 0 101 303 41 101 304 38 101 305 5 102 306 42 102 307 41 102 308 15 103 309 49 103 310 42 103 311 14 104 312 39 104 313 49 104 314 19 105 315 9 105 316 1 105 317 24 106 318 10 106 319 9 106 320 34 107 321 16 107 322 10 107 323 33 108 324 2 108 325 16 108 326 57 109 327 28 109 328 20 109 329 62 110 330 29 110 331 28 110 332 72 111 333 35 111 334 29 111 335 71 112 336 21 112 337 35 112 338 40 113 339 66 113 340 58 113 341 54 114 342 67 114 343 66 114 344 48 115 345 73 115 346 67 115 347 47 116 348 59 116 349 73 116 350 38 117 351 117 117 352 114 117 353 43 118 354 118 118 355 117 118 356 53 119 357 125 119 358 118 119 359 52 120 360 115 120 361 125 120 362 133 121 363 60 121 364 57 121 365 138 122 366 61 122 367 60 122 368 148 123 369 68 123 370 61 123 371 147 124 372 58 124 373 68 124 374 116 125 375 142 125 376 134 125 377 130 126 378 143 126 379 142 126 380 124 127 381 149 127 382 143 127 383 123 128 384 135 128 385 149 128 386 114 129 387 79 129 388 76 129 389 119 130 390 80 130 391 79 130 392 129 131 393 87 131 394 80 131 395 128 132 396 77 132 397 87 132 398 95 133 399 136 133 400 133 133 401 100 134 402 137 134 403 136 134 404 110 135 405 144 135 406 137 135 407 109 136 408 134 136 409 144 136 410 78 137 411 104 137 412 96 137 413 92 138 414 105 138 415 104 138 416 86 139 417 111 139 418 105 139 419 85 140 420 97 140 421 111 140 422 76 141 423 3 141 424 0 141 425 81 142 426 4 142 427 3 142 428 91 143 429 11 143 430 4 143 431 90 144 432 1 144 433 11 144 434 20 145 435 98 145 436 95 145 437 30 146 438 99 146 439 98 146 440 23 147 441 106 147 442 99 147 443 22 148 444 96 148 445 106 148 446 114 149 447 0 149 448 38 149 449 96 150 450 19 150 451 1 150 452 134 151 453 97 151 454 77 151 455 57 152 456 20 152 457 95 152 458 21 153 459 59 153 460 39 153 461 58 154 462 135 154 463 115 154 464 3 155 465 6 155 466 5 155 467 4 156 468 7 156 469 6 156 470 6 157 471 18 157 472 15 157 473 6 158 474 7 158 475 8 158 476 9 159 477 12 159 478 11 159 479 10 160 480 13 160 481 12 160 482 12 161 483 7 161 484 4 161 485 12 162 486 13 162 487 8 162 488 14 163 489 17 163 490 16 163 491 15 164 492 18 164 493 17 164 494 17 165 495 13 165 496 10 165 497 17 166 498 18 166 499 8 166 500 22 167 501 25 167 502 24 167 503 23 168 504 26 168 505 25 168 506 25 169 507 37 169 508 34 169 509 25 170 510 26 170 511 27 170 512 28 171 513 31 171 514 30 171 515 29 172 516 32 172 517 31 172 518 31 173 519 26 173 520 23 173 521 31 174 522 32 174 523 27 174 524 33 175 525 36 175 526 35 175 527 34 176 528 37 176 529 36 176 530 36 177 531 32 177 532 29 177 533 36 178 534 37 178 535 27 178 536 41 179 537 44 179 538 43 179 539 42 180 540 45 180 541 44 180 542 44 181 543 56 181 544 53 181 545 44 182 546 45 182 547 46 182 548 47 183 549 50 183 550 49 183 551 48 184 552 51 184 553 50 184 554 50 185 555 45 185 556 42 185 557 50 186 558 51 186 559 46 186 560 52 187 561 55 187 562 54 187 563 53 188 564 56 188 565 55 188 566 55 189 567 51 189 568 48 189 569 55 190 570 56 190 571 46 190 572 60 191 573 63 191 574 62 191 575 61 192 576 64 192 577 63 192 578 63 193 579 75 193 580 72 193 581 63 194 582 64 194 583 65 194 584 66 195 585 69 195 586 68 195 587 67 196 588 70 196 589 69 196 590 69 197 591 64 197 592 61 197 593 69 198 594 70 198 595 65 198 596 71 199 597 74 199 598 73 199 599 72 200 600 75 200 601 74 200 602 74 201 603 70 201 604 67 201 605 74 202 606 75 202 607 65 202 608 79 203 609 82 203 610 81 203 611 80 204 612 83 204 613 82 204 614 82 205 615 94 205 616 91 205 617 82 206 618 83 206 619 84 206 620 85 207 621 88 207 622 87 207 623 86 208 624 89 208 625 88 208 626 88 209 627 83 209 628 80 209 629 88 210 630 89 210 631 84 210 632 90 211 633 93 211 634 92 211 635 91 212 636 94 212 637 93 212 638 93 213 639 89 213 640 86 213 641 93 214 642 94 214 643 84 214 644 98 215 645 101 215 646 100 215 647 99 216 648 102 216 649 101 216 650 101 217 651 113 217 652 110 217 653 101 218 654 102 218 655 103 218 656 104 219 657 107 219 658 106 219 659 105 220 660 108 220 661 107 220 662 107 221 663 102 221 664 99 221 665 107 222 666 108 222 667 103 222 668 109 223 669 112 223 670 111 223 671 110 224 672 113 224 673 112 224 674 112 225 675 108 225 676 105 225 677 112 226 678 113 226 679 103 226 680 117 227 681 120 227 682 119 227 683 118 228 684 121 228 685 120 228 686 120 229 687 132 229 688 129 229 689 120 230 690 121 230 691 122 230 692 123 231 693 126 231 694 125 231 695 124 232 696 127 232 697 126 232 698 126 233 699 121 233 700 118 233 701 126 234 702 127 234 703 122 234 704 128 235 705 131 235 706 130 235 707 129 236 708 132 236 709 131 236 710 131 237 711 127 237 712 124 237 713 131 238 714 132 238 715 122 238 716 136 239 717 139 239 718 138 239 719 137 240 720 140 240 721 139 240 722 139 241 723 151 241 724 148 241 725 139 242 726 140 242 727 141 242 728 142 243 729 145 243 730 144 243 731 143 244 732 146 244 733 145 244 734 145 245 735 140 245 736 137 245 737 145 246 738 146 246 739 141 246 740 147 247 741 150 247 742 149 247 743 148 248 744 151 248 745 150 248 746 150 249 747 146 249 748 143 249 749 150 250 750 151 250 751 141 250 752 0 251 753 5 251 754 41 251 755 5 252 756 15 252 757 42 252 758 15 253 759 14 253 760 49 253 761 14 254 762 2 254 763 39 254 764 19 255 765 24 255 766 9 255 767 24 256 768 34 256 769 10 256 770 34 257 771 33 257 772 16 257 773 33 258 774 21 258 775 2 258 776 57 259 777 62 259 778 28 259 779 62 260 780 72 260 781 29 260 782 72 261 783 71 261 784 35 261 785 71 262 786 59 262 787 21 262 788 40 263 789 54 263 790 66 263 791 54 264 792 48 264 793 67 264 794 48 265 795 47 265 796 73 265 797 47 266 798 39 266 799 59 266 800 38 267 801 43 267 802 117 267 803 43 268 804 53 268 805 118 268 806 53 269 807 52 269 808 125 269 809 52 270 810 40 270 811 115 270 812 133 271 813 138 271 814 60 271 815 138 272 816 148 272 817 61 272 818 148 273 819 147 273 820 68 273 821 147 274 822 135 274 823 58 274 824 116 275 825 130 275 826 142 275 827 130 276 828 124 276 829 143 276 830 124 277 831 123 277 832 149 277 833 123 278 834 115 278 835 135 278 836 114 279 837 119 279 838 79 279 839 119 280 840 129 280 841 80 280 842 129 281 843 128 281 844 87 281 845 128 282 846 116 282 847 77 282 848 95 283 849 100 283 850 136 283 851 100 284 852 110 284 853 137 284 854 110 285 855 109 285 856 144 285 857 109 286 858 97 286 859 134 286 860 78 287 861 92 287 862 104 287 863 92 288 864 86 288 865 105 288 866 86 289 867 85 289 868 111 289 869 85 290 870 77 290 871 97 290 872 76 291 873 81 291 874 3 291 875 81 292 876 91 292 877 4 292 878 91 293 879 90 293 880 11 293 881 90 294 882 78 294 883 1 294 884 20 295 885 30 295 886 98 295 887 30 296 888 23 296 889 99 296 890 23 297 891 22 297 892 106 297 893 22 298 894 19 298 895 96 298 896 114 299 897 76 299 898 0 299 899</p>
        </triangles>
      </mesh>
    </geometry>
    <geometry id="Cylinder_005-mesh" name="Cylinder.005">
      <mesh>
        <source id="Cylinder_005-mesh-positions">
          <float_array id="Cylinder_005-mesh-positions-array" count="360">0 0.712126 -0.06 0 0.7425 -0.02999997 0 0.7336038 -0.05121314 0 0.712126 0.06 0 0.7425 0.02999997 0 0.7336038 0.05121314 0.2200591 0.6772721 -0.06 0.2294451 0.7061595 -0.02999997 0.226696 0.6976985 -0.05121314 0.2200591 0.6772721 0.06 0.2294451 0.7061595 0.02999997 0.226696 0.6976986 0.05121314 0.4185772 0.5761221 -0.06 0.4364305 0.6006951 -0.02999997 0.4312014 0.5934978 -0.05121314 0.4185772 0.5761221 0.06 0.4364305 0.6006951 0.02999997 0.4312014 0.5934978 0.05121314 0.5761221 0.4185772 -0.06 0.6006951 0.4364305 -0.02999997 0.5934978 0.4312014 -0.05121314 0.5761221 0.4185772 0.06 0.6006951 0.4364305 0.02999997 0.5934978 0.4312014 0.05121314 0.6772721 0.2200591 -0.06 0.7061595 0.2294451 -0.02999997 0.6976986 0.226696 -0.05121314 0.6772721 0.2200591 0.06 0.7061595 0.2294451 0.02999997 0.6976985 0.226696 0.05121314 0.712126 0 -0.06 0.7425 0 -0.02999997 0.7336038 0 -0.05121314 0.712126 0 0.06 0.7425 0 0.02999997 0.7336038 0 0.05121314 0.6772721 -0.2200591 -0.06 0.7061595 -0.2294451 -0.02999997 0.6976985 -0.226696 -0.05121314 0.6772721 -0.2200591 0.06 0.7061595 -0.2294451 0.02999997 0.6976986 -0.226696 0.05121314 0.5761221 -0.4185772 -0.06 0.6006951 -0.4364305 -0.02999997 0.5934978 -0.4312014 -0.05121314 0.5761221 -0.4185772 0.06 0.6006951 -0.4364305 0.02999997 0.5934978 -0.4312014 0.05121314 0.4185772 -0.5761221 -0.06 0.4364305 -0.6006951 -0.02999997 0.4312014 -0.5934978 -0.05121314 0.4185772 -0.5761221 0.06 0.4364305 -0.6006951 0.02999997 0.4312014 -0.5934978 0.05121314 0.2200591 -0.6772721 -0.06 0.2294451 -0.7061595 -0.02999997 0.226696 -0.6976986 -0.05121314 0.2200591 -0.6772721 0.06 0.2294451 -0.7061595 0.02999997 0.226696 -0.6976985 0.05121314 0 -0.712126 -0.06 0 -0.7425 -0.02999997 0 -0.7336038 -0.05121314 0 -0.712126 0.06 0 -0.7425 0.02999997 0 -0.7336038 0.05121314 -0.2200591 -0.6772721 -0.06 -0.2294451 -0.7061595 -0.02999997 -0.226696 -0.6976985 -0.05121314 -0.2200591 -0.6772721 0.06 -0.2294451 -0.7061595 0.02999997 -0.226696 -0.6976986 0.05121314 -0.4185772 -0.5761221 -0.06 -0.4364305 -0.6006951 -0.02999997 -0.4312014 -0.5934978 -0.05121314 -0.4185772 -0.5761221 0.06 -0.4364305 -0.6006951 0.02999997 -0.4312014 -0.5934978 0.05121314 -0.5761221 -0.4185772 -0.06 -0.6006951 -0.4364305 -0.02999997 -0.5934978 -0.4312014 -0.05121314 -0.5761221 -0.4185772 0.06 -0.6006951 -0.4364305 0.02999997 -0.5934978 -0.4312014 0.05121314 -0.6772721 -0.2200591 -0.06 -0.7061595 -0.2294451 -0.02999997 -0.6976986 -0.226696 -0.05121314 -0.6772721 -0.2200591 0.06 -0.7061595 -0.2294451 0.02999997 -0.6976985 -0.226696 0.05121314 -0.712126 0 -0.06 -0.7425 0 -0.02999997 -0.7336038 0 -0.05121314 -0.712126 0 0.06 -0.7425 0 0.02999997 -0.7336038 0 0.05121314 -0.6772721 0.2200591 -0.06 -0.7061595 0.2294451 -0.02999997 -0.6976985 0.226696 -0.05121314 -0.6772721 0.2200591 0.06 -0.7061595 0.2294451 0.02999997 -0.6976986 0.226696 0.05121314 -0.5761221 0.4185772 -0.06 -0.6006951 0.4364305 -0.02999997 -0.5934978 0.4312014 -0.05121314 -0.5761221 0.4185772 0.06 -0.6006951 0.4364305 0.02999997 -0.5934978 0.4312014 0.05121314 -0.4185772 0.5761221 -0.06 -0.4364305 0.6006951 -0.02999997 -0.4312014 0.5934978 -0.05121314 -0.4185772 0.5761221 0.06 -0.4364305 0.6006951 0.02999997 -0.4312014 0.5934978 0.05121314 -0.2200591 0.6772721 -0.06 -0.2294451 0.7061595 -0.02999997 -0.226696 0.6976986 -0.05121314 -0.2200591 0.6772721 0.06 -0.2294451 0.7061595 0.02999997 -0.226696 0.6976985 0.05121314</float_array>
          <technique_common>
            <accessor source="#Cylinder_005-mesh-positions-array" count="120" stride="3">
              <param name="X" type="float"/>
              <param name="Y" type="float"/>
              <param name="Z" type="float"/>
            </accessor>
          </technique_common>
        </source>
        <source id="Cylinder_005-mesh-normals">
          <float_array id="Cylinder_005-mesh-normals-array" count="708">-0.1564344 0.9876884 0 0.7071068 0.7071068 0 0.8910065 0.4539905 0 0.9876884 0.1564344 0 0.9876884 -0.1564344 0 0.8910065 -0.4539905 0 0.7071068 -0.7071068 0 0.4539905 -0.8910065 0 0.1564344 -0.9876884 0 -0.1564344 -0.9876884 0 -0.4539905 -0.8910065 0 -0.7071068 -0.7071068 0 -0.8910065 -0.4539905 0 -0.9876884 -0.1564344 0 -0.9876884 0.1564344 0 -0.8910065 0.4539905 0 -0.7071068 0.7071068 0 -0.4539905 0.8910065 0 0.4539905 0.8910065 0 0 0 1 0.1564344 0.9876884 0 0.1445268 0.9125064 -0.3826801 0.05986475 0.3779702 -0.9238803 0.1445268 0.9125055 0.3826822 0.05986469 0.3779711 0.9238799 0.4194324 0.8231824 -0.3826842 0.1737348 0.3409737 -0.9238794 0.4194325 0.8231819 0.3826852 0.1737352 0.3409748 0.9238789 0.653281 0.653281 -0.382685 0.2705991 0.2705991 -0.9238789 0.653281 0.653281 0.382685 0.2705991 0.2705991 0.9238789 0.8231819 0.4194325 -0.3826852 0.3409748 0.1737352 -0.9238789 0.8231824 0.4194324 0.3826842 0.3409737 0.1737348 0.9238794 0.9125055 0.1445268 -0.3826822 0.3779711 0.05986469 -0.9238799 0.9125064 0.1445268 0.3826801 0.3779702 0.05986475 0.9238803 0.9125064 -0.1445268 -0.3826801 0.3779702 -0.05986475 -0.9238803 0.9125055 -0.1445268 0.3826822 0.3779711 -0.05986469 0.9238799 0.8231824 -0.4194324 -0.3826842 0.3409737 -0.1737348 -0.9238794 0.8231819 -0.4194325 0.3826852 0.3409748 -0.1737352 0.9238789 0.653281 -0.653281 -0.382685 0.2705991 -0.2705991 -0.9238789 0.653281 -0.653281 0.382685 0.2705991 -0.2705991 0.9238789 0.4194325 -0.8231819 -0.3826852 0.1737352 -0.3409748 -0.9238789 0.4194324 -0.8231824 0.3826842 0.1737348 -0.3409737 0.9238794 0.1445268 -0.9125055 -0.3826822 0.05986469 -0.3779711 -0.9238799 0.1445268 -0.9125064 0.3826801 0.05986475 -0.3779702 0.9238803 -0.1445268 -0.9125064 -0.3826801 -0.05986475 -0.3779702 -0.9238803 -0.1445268 -0.9125055 0.3826822 -0.05986469 -0.3779711 0.9238799 -0.4194324 -0.8231824 -0.3826842 -0.1737348 -0.3409737 -0.9238794 -0.4194325 -0.8231819 0.3826852 -0.1737352 -0.3409748 0.9238789 -0.653281 -0.653281 -0.382685 -0.2705991 -0.2705991 -0.9238789 -0.653281 -0.653281 0.382685 -0.2705991 -0.2705991 0.9238789 -0.8231819 -0.4194325 -0.3826852 -0.3409748 -0.1737352 -0.9238789 -0.8231824 -0.4194324 0.3826842 -0.3409737 -0.1737348 0.9238794 -0.9125055 -0.1445268 -0.3826822 -0.3779711 -0.05986469 -0.9238799 -0.9125064 -0.1445268 0.3826801 -0.3779702 -0.05986475 0.9238803 -0.9125064 0.1445268 -0.3826801 -0.3779702 0.05986475 -0.9238803 -0.9125055 0.1445268 0.3826822 -0.3779711 0.05986469 0.9238799 -0.8231824 0.4194324 -0.3826842 -0.3409737 0.1737348 -0.9238794 -0.8231819 0.4194325 0.3826852 -0.3409748 0.1737352 0.9238789 -0.653281 0.653281 -0.382685 -0.2705991 0.2705991 -0.9238789 -0.653281 0.653281 0.382685 -0.2705991 0.2705991 0.9238789 -0.4194325 0.8231819 -0.3826852 -0.1737352 0.3409748 -0.9238789 -0.4194324 0.8231824 0.3826842 -0.1737348 0.3409737 0.9238794 -0.1445268 0.9125055 -0.3826822 -0.05986469 0.3779711 -0.9238799 -0.1445268 0.9125064 0.3826801 -0.05986475 0.3779702 0.9238803 0 0 -1 -0.1564344 0.9876884 0 0.7071068 0.7071068 0 0.8910065 0.4539905 0 0.9876884 0.1564344 0 0.9876884 -0.1564344 0 0.8910065 -0.4539905 0 0.7071068 -0.7071068 0 0.4539905 -0.8910065 0 0.1564344 -0.9876884 0 -0.1564344 -0.9876884 0 -0.4539905 -0.8910065 0 -0.7071068 -0.7071068 0 -0.8910065 -0.4539905 0 -0.9876884 -0.1564344 0 -0.9876884 0.1564344 0 -0.8910065 0.4539905 0 -0.7071068 0.7071068 0 -0.4539905 0.8910065 0 0.4539905 0.8910065 0 0 0 1 0 0 1 0 0 1 0 0 1 0 0 1 0 0 1 0 0 1 0 0 1 0 0 1 0 0 1 0 0 1 0 0 1 0 0 1 0 0 1 0 0 1 0 0 1 0 0 1 0.1564344 0.9876884 0 0.144527 0.9125045 -0.3826845 0.05986487 0.3779721 -0.9238795 0.1445268 0.9125064 0.3826801 0.05986464 0.3779702 0.9238803 0.4194323 0.823182 -0.3826852 0.1737352 0.3409747 -0.923879 0.4194328 0.8231832 0.382682 0.1737345 0.3409729 0.9238798 0.653281 0.653281 -0.3826851 0.2705991 0.2705991 -0.923879 0.653281 0.653281 0.3826851 0.2705991 0.2705991 0.923879 0.8231832 0.4194328 -0.382682 0.3409729 0.1737345 -0.9238798 0.823182 0.4194323 0.3826852 0.3409747 0.1737352 0.923879 0.9125064 0.1445268 -0.3826801 0.3779702 0.05986464 -0.9238803 0.9125045 0.144527 0.3826845 0.3779721 0.05986487 0.9238795 0.9125045 -0.144527 -0.3826845 0.3779721 -0.05986487 -0.9238795 0.9125064 -0.1445268 0.3826801 0.3779702 -0.05986464 0.9238803 0.823182 -0.4194323 -0.3826852 0.3409747 -0.1737352 -0.923879 0.8231832 -0.4194328 0.382682 0.3409729 -0.1737345 0.9238798 0.653281 -0.653281 -0.3826851 0.2705991 -0.2705991 -0.923879 0.653281 -0.653281 0.3826851 0.2705991 -0.2705991 0.923879 0.4194328 -0.8231832 -0.382682 0.1737345 -0.3409729 -0.9238798 0.4194323 -0.823182 0.3826852 0.1737352 -0.3409747 0.923879 0.1445268 -0.9125064 -0.3826801 0.05986464 -0.3779702 -0.9238803 0.144527 -0.9125045 0.3826845 0.05986487 -0.3779721 0.9238795 -0.144527 -0.9125045 -0.3826845 -0.05986487 -0.3779721 -0.9238795 -0.1445268 -0.9125064 0.3826801 -0.05986464 -0.3779702 0.9238803 -0.4194323 -0.823182 -0.3826852 -0.1737352 -0.3409747 -0.923879 -0.4194328 -0.8231832 0.382682 -0.1737345 -0.3409729 0.9238798 -0.653281 -0.653281 -0.3826851 -0.2705991 -0.2705991 -0.923879 -0.653281 -0.653281 0.3826851 -0.2705991 -0.2705991 0.923879 -0.8231832 -0.4194328 -0.382682 -0.3409729 -0.1737345 -0.9238798 -0.823182 -0.4194323 0.3826852 -0.3409747 -0.1737352 0.923879 -0.9125064 -0.1445268 -0.3826801 -0.3779702 -0.05986464 -0.9238803 -0.9125045 -0.144527 0.3826845 -0.3779721 -0.05986487 0.9238795 -0.9125045 0.144527 -0.3826845 -0.3779721 0.05986487 -0.9238795 -0.9125064 0.1445268 0.3826801 -0.3779702 0.05986464 0.9238803 -0.823182 0.4194323 -0.3826852 -0.3409747 0.1737352 -0.923879 -0.8231832 0.4194328 0.382682 -0.3409729 0.1737345 0.9238798 -0.653281 0.653281 -0.3826851 -0.2705991 0.2705991 -0.923879 -0.653281 0.653281 0.3826851 -0.2705991 0.2705991 0.923879 -0.4194328 0.8231832 -0.382682 -0.1737345 0.3409729 -0.9238798 -0.4194323 0.823182 0.3826852 -0.1737352 0.3409747 0.923879 -0.1445268 0.9125064 -0.3826801 -0.05986464 0.3779702 -0.9238803 -0.144527 0.9125045 0.3826845 -0.05986487 0.3779721 0.9238795 0 0 -1 0 0 -1 0 0 -1 0 0 -1 0 0 -1 0 0 -1 0 0 -1 0 0 -1 0 0 -1 0 0 -1 0 0 -1 0 0 -1 0 0 -1 0 0 -1 0 0 -1 0 0 -1 0 0 -1</float_array>
          <technique_common>
            <accessor source="#Cylinder_005-mesh-normals-array" count="236" stride="3">
              <param name="X" type="float"/>
              <param name="Y" type="float"/>
              <param name="Z" type="float"/>
            </accessor>
          </technique_common>
        </source>
        <source id="Cylinder_005-mesh-map-0">
          <float_array id="Cylinder_005-mesh-map-0-array" count="1416">0.04999983 0.875 -1.56462e-7 0.625 0.04999983 0.625 0.9 0.875 0.85 0.625 0.9 0.625 0.85 0.875 0.8 0.625 0.85 0.625 0.8 0.875 0.75 0.625 0.8 0.625 0.75 0.875 0.6999999 0.625 0.75 0.625 0.6999999 0.875 0.6499999 0.625 0.6999999 0.625 0.6499999 0.875 0.5999999 0.625 0.6499999 0.625 0.5999999 0.875 0.5499999 0.625 0.5999999 0.625 0.5499999 0.875 0.4999999 0.625 0.5499999 0.625 0.4999999 0.875 0.4499999 0.625 0.4999999 0.625 0.4499999 0.875 0.3999999 0.625 0.4499999 0.625 0.3999999 0.875 0.3499999 0.625 0.3999999 0.625 0.3499999 0.875 0.2999998 0.625 0.3499999 0.625 0.2999998 0.875 0.2499998 0.625 0.2999998 0.625 0.2499998 0.875 0.1999998 0.625 0.2499998 0.625 0.1999998 0.875 0.1499998 0.625 0.1999998 0.625 0.1499998 0.875 0.09999984 0.625 0.1499998 0.625 0.09999984 0.875 0.04999983 0.625 0.09999984 0.625 0.95 0.875 0.9 0.625 0.95 0.625 0.03108376 0.1788697 0.4689162 0.1788697 0.3852977 0.4362213 1 0.875 0.95 0.625 1 0.625 0.95 0.625 0.9997005 0.5 1 0.625 0.8237198 0.4783239 0.7499999 0.4801821 0.7504443 0.4899296 0.95 0.875 0.9997005 1 0.9502995 1 0.3237198 0.4783239 0.25 0.4801821 0.3211302 0.4689162 0.9 0.625 0.9497004 0.5 0.95 0.625 0.8906676 0.4443683 0.8211303 0.4689161 0.8245649 0.4780493 0.9 0.875 0.9497004 1 0.9002995 1 0.3906676 0.4443683 0.3211302 0.4689162 0.3852977 0.4362213 0.85 0.625 0.8997005 0.5 0.9 0.625 0.9438461 0.3913865 0.8852978 0.4362214 0.8913866 0.443846 0.9 0.875 0.8502995 1 0.85 0.875 0.3913865 0.443846 0.4362213 0.3852977 0.443846 0.3913865 0.85 0.625 0.8002995 0.5 0.8497005 0.5 0.9443683 0.3906676 0.9689162 0.3211303 0.9362213 0.3852977 0.85 0.875 0.8002995 1 0.8 0.875 0.4443683 0.3906677 0.4689162 0.3211302 0.4780493 0.3245649 0.8 0.625 0.7502995 0.5 0.7997004 0.5 0.978324 0.3237198 0.9801822 0.25 0.9689162 0.3211303 0.8 0.875 0.7502995 1 0.75 0.875 0.4783239 0.3237198 0.4801821 0.25 0.4899296 0.2504443 0.6999999 0.625 0.7497004 0.5 0.75 0.625 0.978324 0.1762802 0.9801822 0.25 0.9899296 0.2495557 0.6999999 0.875 0.7497004 1 0.7002995 1 0.4783239 0.1762802 0.4801821 0.25 0.4689162 0.1788697 0.6499999 0.625 0.6997004 0.5 0.6999999 0.625 0.9443683 0.1093323 0.9689162 0.1788697 0.9780494 0.1754351 0.6499999 0.875 0.6997004 1 0.6502995 1 0.4443683 0.1093323 0.4689162 0.1788697 0.4362213 0.1147023 0.5999999 0.625 0.6497004 0.5 0.6499999 0.625 0.8913865 0.05615395 0.9362213 0.1147023 0.943846 0.1086134 0.6499999 0.875 0.6002995 1 0.5999999 0.875 0.443846 0.1086134 0.3852977 0.06377869 0.3913865 0.05615401 0.5999999 0.625 0.5502995 0.5 0.5997003 0.5 0.8906677 0.05563169 0.8211302 0.03108376 0.8852978 0.06377869 0.5999999 0.875 0.5502994 1 0.5499999 0.875 0.3906677 0.05563169 0.3211302 0.03108376 0.3245649 0.0219506 0.5499999 0.625 0.5002995 0.5 0.5497003 0.5 0.8237199 0.02167606 0.75 0.01981782 0.8211302 0.03108376 0.5499999 0.875 0.5002994 1 0.4999999 0.875 0.3237198 0.02167606 0.25 0.01981782 0.2504443 0.01007032 0.4499999 0.625 0.4997003 0.5 0.4999999 0.625 0.6762802 0.02167606 0.75 0.01981782 0.7495557 0.01007032 0.4499999 0.875 0.4997004 1 0.4502994 1 0.1762802 0.02167606 0.25 0.01981782 0.1788697 0.03108376 0.3999999 0.625 0.4497003 0.5 0.4499999 0.625 0.6093324 0.05563169 0.6788697 0.03108376 0.6754351 0.0219506 0.3999999 0.875 0.4497003 1 0.4002994 1 0.1093323 0.05563169 0.1788697 0.03108376 0.1147023 0.06377869 0.3499999 0.625 0.3997003 0.5 0.3999999 0.625 0.556154 0.1086134 0.6147024 0.06377869 0.6086134 0.05615401 0.3999999 0.875 0.3502994 1 0.3499999 0.875 0.1086134 0.05615395 0.06377869 0.1147023 0.05615401 0.1086134 0.3499999 0.625 0.3002994 0.5 0.3497003 0.5 0.5556316 0.1093323 0.5310837 0.1788697 0.5637787 0.1147023 0.3499999 0.875 0.3002994 1 0.2999998 0.875 0.05563169 0.1093323 0.03108376 0.1788697 0.0219506 0.1754351 0.2999998 0.625 0.2502993 0.5 0.2997003 0.5 0.521676 0.1762802 0.5198178 0.25 0.5310837 0.1788697 0.2999998 0.875 0.2502993 1 0.2499998 0.875 0.02167606 0.1762802 0.01981782 0.25 0.01007032 0.2495557 0.1999998 0.625 0.2497003 0.5 0.2499998 0.625 0.5216761 0.3237198 0.5198178 0.25 0.5100704 0.2504443 0.1999998 0.875 0.2497003 1 0.2002993 1 0.02167606 0.3237198 0.01981782 0.25 0.03108376 0.3211303 0.1499998 0.625 0.1997002 0.5 0.1999998 0.625 0.5556317 0.3906677 0.5310837 0.3211302 0.5219506 0.3245649 0.1499998 0.875 0.1997003 1 0.1502994 1 0.05563169 0.3906676 0.03108376 0.3211303 0.06377869 0.3852977 0.09999984 0.625 0.1497003 0.5 0.1499998 0.625 0.6086135 0.443846 0.5637787 0.3852977 0.556154 0.3913865 0.1499998 0.875 0.1002994 1 0.09999984 0.875 0.05615395 0.3913865 0.1147023 0.4362214 0.1086134 0.443846 0.09999984 0.625 0.05029934 0.5 0.09970027 0.5 0.6093324 0.4443683 0.6788697 0.4689162 0.6147023 0.4362213 0.09999984 0.875 0.05029934 1 0.04999983 0.875 0.1093323 0.4443683 0.1788697 0.4689162 0.1754351 0.4780493 0.04999983 0.625 2.99379e-4 0.5 0.04970026 0.5 0.6762802 0.4783239 0.7499999 0.4801821 0.6788697 0.4689162 0.04999983 0.875 2.99384e-4 1 -1.56462e-7 0.875 0.1762802 0.4783239 0.25 0.4801821 0.2495557 0.4899296 0.9362213 0.1147023 0.5198178 0.25 0.6788697 0.4689162 0.04999983 0.875 -1.56462e-7 0.875 -1.56462e-7 0.625 0.9 0.875 0.85 0.875 0.85 0.625 0.85 0.875 0.8 0.875 0.8 0.625 0.8 0.875 0.75 0.875 0.75 0.625 0.75 0.875 0.6999999 0.875 0.6999999 0.625 0.6999999 0.875 0.6499999 0.875 0.6499999 0.625 0.6499999 0.875 0.5999999 0.875 0.5999999 0.625 0.5999999 0.875 0.5499999 0.875 0.5499999 0.625 0.5499999 0.875 0.4999999 0.875 0.4999999 0.625 0.4999999 0.875 0.4499999 0.875 0.4499999 0.625 0.4499999 0.875 0.3999999 0.875 0.3999999 0.625 0.3999999 0.875 0.3499999 0.875 0.3499999 0.625 0.3499999 0.875 0.2999998 0.875 0.2999998 0.625 0.2999998 0.875 0.2499998 0.875 0.2499998 0.625 0.2499998 0.875 0.1999998 0.875 0.1999998 0.625 0.1999998 0.875 0.1499998 0.875 0.1499998 0.625 0.1499998 0.875 0.09999984 0.875 0.09999984 0.625 0.09999984 0.875 0.04999983 0.875 0.04999983 0.625 0.95 0.875 0.9 0.875 0.9 0.625 0.3852977 0.4362213 0.3211302 0.4689162 0.25 0.4801821 0.25 0.4801821 0.1788697 0.4689162 0.1147023 0.4362214 0.1147023 0.4362214 0.06377869 0.3852977 0.03108376 0.3211303 0.03108376 0.3211303 0.01981782 0.25 0.1147023 0.4362214 0.01981782 0.25 0.03108376 0.1788697 0.1147023 0.4362214 0.03108376 0.1788697 0.06377869 0.1147023 0.1147023 0.06377869 0.1147023 0.06377869 0.1788697 0.03108376 0.03108376 0.1788697 0.1788697 0.03108376 0.25 0.01981782 0.03108376 0.1788697 0.25 0.01981782 0.3211302 0.03108376 0.3852977 0.06377869 0.3852977 0.06377869 0.4362213 0.1147023 0.4689162 0.1788697 0.4689162 0.1788697 0.4801821 0.25 0.3852977 0.4362213 0.4801821 0.25 0.4689162 0.3211302 0.3852977 0.4362213 0.4689162 0.3211302 0.4362213 0.3852977 0.3852977 0.4362213 0.3852977 0.4362213 0.25 0.4801821 0.03108376 0.1788697 0.25 0.4801821 0.1147023 0.4362214 0.03108376 0.1788697 0.25 0.01981782 0.3852977 0.06377869 0.4689162 0.1788697 0.03108376 0.1788697 0.25 0.01981782 0.4689162 0.1788697 1 0.875 0.95 0.875 0.95 0.625 0.95 0.625 0.9502995 0.5 0.9997005 0.5 0.8237198 0.4783239 0.8211303 0.4689161 0.7499999 0.4801821 0.95 0.875 1 0.875 0.9997005 1 0.3237198 0.4783239 0.2504443 0.4899296 0.25 0.4801821 0.9 0.625 0.9002995 0.5 0.9497004 0.5 0.8906676 0.4443683 0.8852978 0.4362214 0.8211303 0.4689161 0.9 0.875 0.95 0.875 0.9497004 1 0.3906676 0.4443683 0.3245649 0.4780493 0.3211302 0.4689162 0.85 0.625 0.8502995 0.5 0.8997005 0.5 0.9438461 0.3913865 0.9362213 0.3852977 0.8852978 0.4362214 0.9 0.875 0.8997004 1 0.8502995 1 0.3913865 0.443846 0.3852977 0.4362213 0.4362213 0.3852977 0.85 0.625 0.8 0.625 0.8002995 0.5 0.9443683 0.3906676 0.9780494 0.3245649 0.9689162 0.3211303 0.85 0.875 0.8497004 1 0.8002995 1 0.4443683 0.3906677 0.4362213 0.3852977 0.4689162 0.3211302 0.8 0.625 0.75 0.625 0.7502995 0.5 0.978324 0.3237198 0.9899296 0.2504443 0.9801822 0.25 0.8 0.875 0.7997004 1 0.7502995 1 0.4783239 0.3237198 0.4689162 0.3211302 0.4801821 0.25 0.6999999 0.625 0.7002995 0.5 0.7497004 0.5 0.978324 0.1762802 0.9689162 0.1788697 0.9801822 0.25 0.6999999 0.875 0.75 0.875 0.7497004 1 0.4783239 0.1762802 0.4899296 0.2495557 0.4801821 0.25 0.6499999 0.625 0.6502995 0.5 0.6997004 0.5 0.9443683 0.1093323 0.9362213 0.1147023 0.9689162 0.1788697 0.6499999 0.875 0.6999999 0.875 0.6997004 1 0.4443683 0.1093323 0.4780493 0.1754351 0.4689162 0.1788697 0.5999999 0.625 0.6002994 0.5 0.6497004 0.5 0.8913865 0.05615395 0.8852978 0.06377869 0.9362213 0.1147023 0.6499999 0.875 0.6497004 1 0.6002995 1 0.443846 0.1086134 0.4362213 0.1147023 0.3852977 0.06377869 0.5999999 0.625 0.5499999 0.625 0.5502995 0.5 0.8906677 0.05563169 0.8245649 0.0219506 0.8211302 0.03108376 0.5999999 0.875 0.5997003 1 0.5502994 1 0.3906677 0.05563169 0.3852977 0.06377869 0.3211302 0.03108376 0.5499999 0.625 0.4999999 0.625 0.5002995 0.5 0.8237199 0.02167606 0.7504443 0.01007032 0.75 0.01981782 0.5499999 0.875 0.5497004 1 0.5002994 1 0.3237198 0.02167606 0.3211302 0.03108376 0.25 0.01981782 0.4499999 0.625 0.4502994 0.5 0.4997003 0.5 0.6762802 0.02167606 0.6788697 0.03108376 0.75 0.01981782 0.4499999 0.875 0.4999999 0.875 0.4997004 1 0.1762802 0.02167606 0.2495557 0.01007032 0.25 0.01981782 0.3999999 0.625 0.4002994 0.5 0.4497003 0.5 0.6093324 0.05563169 0.6147024 0.06377869 0.6788697 0.03108376 0.3999999 0.875 0.4499999 0.875 0.4497003 1 0.1093323 0.05563169 0.1754351 0.0219506 0.1788697 0.03108376 0.3499999 0.625 0.3502994 0.5 0.3997003 0.5 0.556154 0.1086134 0.5637787 0.1147023 0.6147024 0.06377869 0.3999999 0.875 0.3997003 1 0.3502994 1 0.1086134 0.05615395 0.1147023 0.06377869 0.06377869 0.1147023 0.3499999 0.625 0.2999998 0.625 0.3002994 0.5 0.5556316 0.1093323 0.5219506 0.1754351 0.5310837 0.1788697 0.3499999 0.875 0.3497003 1 0.3002994 1 0.05563169 0.1093323 0.06377869 0.1147023 0.03108376 0.1788697 0.2999998 0.625 0.2499998 0.625 0.2502993 0.5 0.521676 0.1762802 0.5100703 0.2495557 0.5198178 0.25 0.2999998 0.875 0.2997003 1 0.2502993 1 0.02167606 0.1762802 0.03108376 0.1788697 0.01981782 0.25 0.1999998 0.625 0.2002993 0.5 0.2497003 0.5 0.5216761 0.3237198 0.5310837 0.3211302 0.5198178 0.25 0.1999998 0.875 0.2499998 0.875 0.2497003 1 0.02167606 0.3237198 0.01007032 0.2504443 0.01981782 0.25 0.1499998 0.625 0.1502993 0.5 0.1997002 0.5 0.5556317 0.3906677 0.5637787 0.3852977 0.5310837 0.3211302 0.1499998 0.875 0.1999998 0.875 0.1997003 1 0.05563169 0.3906676 0.0219506 0.3245649 0.03108376 0.3211303 0.09999984 0.625 0.1002994 0.5 0.1497003 0.5 0.6086135 0.443846 0.6147023 0.4362213 0.5637787 0.3852977 0.1499998 0.875 0.1497003 1 0.1002994 1 0.05615395 0.3913865 0.06377869 0.3852977 0.1147023 0.4362214 0.09999984 0.625 0.04999983 0.625 0.05029934 0.5 0.6093324 0.4443683 0.6754351 0.4780493 0.6788697 0.4689162 0.09999984 0.875 0.09970027 1 0.05029934 1 0.1093323 0.4443683 0.1147023 0.4362214 0.1788697 0.4689162 0.04999983 0.625 -1.56462e-7 0.625 2.99379e-4 0.5 0.6762802 0.4783239 0.7495557 0.4899296 0.7499999 0.4801821 0.04999983 0.875 0.04970026 1 2.99384e-4 1 0.1762802 0.4783239 0.1788697 0.4689162 0.25 0.4801821 0.6788697 0.4689162 0.7499999 0.4801821 0.9362213 0.3852977 0.7499999 0.4801821 0.8211303 0.4689161 0.9362213 0.3852977 0.8211303 0.4689161 0.8852978 0.4362214 0.9362213 0.3852977 0.9362213 0.3852977 0.9689162 0.3211303 0.9801822 0.25 0.9801822 0.25 0.9689162 0.1788697 0.9362213 0.1147023 0.9362213 0.1147023 0.8852978 0.06377869 0.8211302 0.03108376 0.8211302 0.03108376 0.75 0.01981782 0.9362213 0.1147023 0.75 0.01981782 0.6788697 0.03108376 0.9362213 0.1147023 0.6788697 0.03108376 0.6147024 0.06377869 0.5637787 0.1147023 0.5637787 0.1147023 0.5310837 0.1788697 0.6788697 0.03108376 0.5310837 0.1788697 0.5198178 0.25 0.6788697 0.03108376 0.5198178 0.25 0.5310837 0.3211302 0.5637787 0.3852977 0.5637787 0.3852977 0.6147023 0.4362213 0.6788697 0.4689162 0.9362213 0.3852977 0.9801822 0.25 0.6788697 0.4689162 0.9801822 0.25 0.9362213 0.1147023 0.6788697 0.4689162 0.5198178 0.25 0.5637787 0.3852977 0.6788697 0.4689162 0.9362213 0.1147023 0.6788697 0.03108376 0.5198178 0.25</float_array>
          <technique_common>
            <accessor source="#Cylinder_005-mesh-map-0-array" count="708" stride="2">
              <param name="S" type="float"/>
              <param name="T" type="float"/>
            </accessor>
          </technique_common>
        </source>
        <vertices id="Cylinder_005-mesh-vertices">
          <input semantic="POSITION" source="#Cylinder_005-mesh-positions"/>
        </vertices>
        <triangles material="ARCH_tube-material" count="236">
          <input semantic="VERTEX" source="#Cylinder_005-mesh-vertices" offset="0"/>
          <input semantic="NORMAL" source="#Cylinder_005-mesh-normals" offset="1"/>
          <input semantic="TEXCOORD" source="#Cylinder_005-mesh-map-0" offset="2" set="0"/>
          <p>118 0 0 1 0 1 115 0 2 16 1 3 19 1 4 13 1 5 22 2 6 25 2 7 19 2 8 28 3 9 31 3 10 25 3 11 34 4 12 37 4 13 31 4 14 40 5 15 43 5 16 37 5 17 46 6 18 49 6 19 43 6 20 52 7 21 55 7 22 49 7 23 58 8 24 61 8 25 55 8 26 64 9 27 67 9 28 61 9 29 70 10 30 73 10 31 67 10 32 76 11 33 79 11 34 73 11 35 82 12 36 85 12 37 79 12 38 88 13 39 91 13 40 85 13 41 94 14 42 97 14 43 91 14 44 100 15 45 103 15 46 97 15 47 106 16 48 109 16 49 103 16 50 112 17 51 115 17 52 109 17 53 10 18 54 13 18 55 7 18 56 87 19 57 39 19 58 15 19 59 4 20 60 7 20 61 1 20 62 7 21 63 2 21 64 1 21 65 8 22 66 0 22 67 2 22 68 10 23 69 5 23 70 11 23 71 11 24 72 3 24 73 9 24 74 13 25 75 8 25 76 7 25 77 14 26 78 6 26 79 8 26 80 16 27 81 11 27 82 17 27 83 17 28 84 9 28 85 15 28 86 19 29 87 14 29 88 13 29 89 20 30 90 12 30 91 14 30 92 16 31 93 23 31 94 22 31 95 17 32 96 21 32 97 23 32 98 19 33 99 26 33 100 20 33 101 20 34 102 24 34 103 18 34 104 22 35 105 29 35 106 28 35 107 23 36 108 27 36 109 29 36 110 25 37 111 32 37 112 26 37 113 26 38 114 30 38 115 24 38 116 28 39 117 35 39 118 34 39 119 29 40 120 33 40 121 35 40 122 37 41 123 32 41 124 31 41 125 38 42 126 30 42 127 32 42 128 40 43 129 35 43 130 41 43 131 41 44 132 33 44 133 39 44 134 43 45 135 38 45 136 37 45 137 44 46 138 36 46 139 38 46 140 46 47 141 41 47 142 47 47 143 47 48 144 39 48 145 45 48 146 49 49 147 44 49 148 43 49 149 50 50 150 42 50 151 44 50 152 46 51 153 53 51 154 52 51 155 47 52 156 51 52 157 53 52 158 49 53 159 56 53 160 50 53 161 50 54 162 54 54 163 48 54 164 52 55 165 59 55 166 58 55 167 53 56 168 57 56 169 59 56 170 55 57 171 62 57 172 56 57 173 56 58 174 60 58 175 54 58 176 58 59 177 65 59 178 64 59 179 59 60 180 63 60 181 65 60 182 67 61 183 62 61 184 61 61 185 68 62 186 60 62 187 62 62 188 70 63 189 65 63 190 71 63 191 71 64 192 63 64 193 69 64 194 73 65 195 68 65 196 67 65 197 74 66 198 66 66 199 68 66 200 76 67 201 71 67 202 77 67 203 77 68 204 69 68 205 75 68 206 79 69 207 74 69 208 73 69 209 80 70 210 72 70 211 74 70 212 76 71 213 83 71 214 82 71 215 77 72 216 81 72 217 83 72 218 79 73 219 86 73 220 80 73 221 80 74 222 84 74 223 78 74 224 82 75 225 89 75 226 88 75 227 83 76 228 87 76 229 89 76 230 85 77 231 92 77 232 86 77 233 86 78 234 90 78 235 84 78 236 88 79 237 95 79 238 94 79 239 89 80 240 93 80 241 95 80 242 97 81 243 92 81 244 91 81 245 98 82 246 90 82 247 92 82 248 100 83 249 95 83 250 101 83 251 101 84 252 93 84 253 99 84 254 103 85 255 98 85 256 97 85 257 104 86 258 96 86 259 98 86 260 106 87 261 101 87 262 107 87 263 107 88 264 99 88 265 105 88 266 109 89 267 104 89 268 103 89 269 110 90 270 102 90 271 104 90 272 106 91 273 113 91 274 112 91 275 107 92 276 111 92 277 113 92 278 109 93 279 116 93 280 110 93 281 110 94 282 114 94 283 108 94 284 112 95 285 119 95 286 118 95 287 113 96 288 117 96 289 119 96 290 115 97 291 2 97 292 116 97 293 116 98 294 0 98 295 114 98 296 118 99 297 5 99 298 4 99 299 119 100 300 3 100 301 5 100 302 42 101 303 90 101 304 114 101 305 118 102 306 4 102 307 1 102 308 16 103 309 22 103 310 19 103 311 22 104 312 28 104 313 25 104 314 28 105 315 34 105 316 31 105 317 34 106 318 40 106 319 37 106 320 40 107 321 46 107 322 43 107 323 46 108 324 52 108 325 49 108 326 52 109 327 58 109 328 55 109 329 58 110 330 64 110 331 61 110 332 64 111 333 70 111 334 67 111 335 70 112 336 76 112 337 73 112 338 76 113 339 82 113 340 79 113 341 82 114 342 88 114 343 85 114 344 88 115 345 94 115 346 91 115 347 94 116 348 100 116 349 97 116 350 100 117 351 106 117 352 103 117 353 106 118 354 112 118 355 109 118 356 112 119 357 118 119 358 115 119 359 10 120 360 16 120 361 13 120 362 15 121 363 9 121 364 3 121 365 3 122 366 117 122 367 111 122 368 111 123 369 105 123 370 99 123 371 99 124 372 93 124 373 111 124 374 93 125 375 87 125 376 111 125 377 87 126 378 81 126 379 75 126 380 75 127 381 69 127 382 87 127 383 69 128 384 63 128 385 87 128 386 63 129 387 57 129 388 51 129 389 51 130 390 45 130 391 39 130 392 39 131 393 33 131 394 15 131 395 33 132 396 27 132 397 15 132 398 27 133 399 21 133 400 15 133 401 15 134 402 3 134 403 87 134 404 3 135 405 111 135 406 87 135 407 63 136 408 51 136 409 39 136 410 87 137 411 63 137 412 39 137 413 4 138 414 10 138 415 7 138 416 7 139 417 8 139 418 2 139 419 8 140 420 6 140 421 0 140 422 10 141 423 4 141 424 5 141 425 11 142 426 5 142 427 3 142 428 13 143 429 14 143 430 8 143 431 14 144 432 12 144 433 6 144 434 16 145 435 10 145 436 11 145 437 17 146 438 11 146 439 9 146 440 19 147 441 20 147 442 14 147 443 20 148 444 18 148 445 12 148 446 16 149 447 17 149 448 23 149 449 17 150 450 15 150 451 21 150 452 19 151 453 25 151 454 26 151 455 20 152 456 26 152 457 24 152 458 22 153 459 23 153 460 29 153 461 23 154 462 21 154 463 27 154 464 25 155 465 31 155 466 32 155 467 26 156 468 32 156 469 30 156 470 28 157 471 29 157 472 35 157 473 29 158 474 27 158 475 33 158 476 37 159 477 38 159 478 32 159 479 38 160 480 36 160 481 30 160 482 40 161 483 34 161 484 35 161 485 41 162 486 35 162 487 33 162 488 43 163 489 44 163 490 38 163 491 44 164 492 42 164 493 36 164 494 46 165 495 40 165 496 41 165 497 47 166 498 41 166 499 39 166 500 49 167 501 50 167 502 44 167 503 50 168 504 48 168 505 42 168 506 46 169 507 47 169 508 53 169 509 47 170 510 45 170 511 51 170 512 49 171 513 55 171 514 56 171 515 50 172 516 56 172 517 54 172 518 52 173 519 53 173 520 59 173 521 53 174 522 51 174 523 57 174 524 55 175 525 61 175 526 62 175 527 56 176 528 62 176 529 60 176 530 58 177 531 59 177 532 65 177 533 59 178 534 57 178 535 63 178 536 67 179 537 68 179 538 62 179 539 68 180 540 66 180 541 60 180 542 70 181 543 64 181 544 65 181 545 71 182 546 65 182 547 63 182 548 73 183 549 74 183 550 68 183 551 74 184 552 72 184 553 66 184 554 76 185 555 70 185 556 71 185 557 77 186 558 71 186 559 69 186 560 79 187 561 80 187 562 74 187 563 80 188 564 78 188 565 72 188 566 76 189 567 77 189 568 83 189 569 77 190 570 75 190 571 81 190 572 79 191 573 85 191 574 86 191 575 80 192 576 86 192 577 84 192 578 82 193 579 83 193 580 89 193 581 83 194 582 81 194 583 87 194 584 85 195 585 91 195 586 92 195 587 86 196 588 92 196 589 90 196 590 88 197 591 89 197 592 95 197 593 89 198 594 87 198 595 93 198 596 97 199 597 98 199 598 92 199 599 98 200 600 96 200 601 90 200 602 100 201 603 94 201 604 95 201 605 101 202 606 95 202 607 93 202 608 103 203 609 104 203 610 98 203 611 104 204 612 102 204 613 96 204 614 106 205 615 100 205 616 101 205 617 107 206 618 101 206 619 99 206 620 109 207 621 110 207 622 104 207 623 110 208 624 108 208 625 102 208 626 106 209 627 107 209 628 113 209 629 107 210 630 105 210 631 111 210 632 109 211 633 115 211 634 116 211 635 110 212 636 116 212 637 114 212 638 112 213 639 113 213 640 119 213 641 113 214 642 111 214 643 117 214 644 115 215 645 1 215 646 2 215 647 116 216 648 2 216 649 0 216 650 118 217 651 119 217 652 5 217 653 119 218 654 117 218 655 3 218 656 114 219 657 0 219 658 18 219 659 0 220 660 6 220 661 18 220 662 6 221 663 12 221 664 18 221 665 18 222 666 24 222 667 30 222 668 30 223 669 36 223 670 42 223 671 42 224 672 48 224 673 54 224 674 54 225 675 60 225 676 42 225 677 60 226 678 66 226 679 42 226 680 66 227 681 72 227 682 78 227 683 78 228 684 84 228 685 66 228 686 84 229 687 90 229 688 66 229 689 90 230 690 96 230 691 102 230 692 102 231 693 108 231 694 114 231 695 18 232 696 30 232 697 114 232 698 30 233 699 42 233 700 114 233 701 90 234 702 102 234 703 114 234 704 42 235 705 66 235 706 90 235 707</p>
        </triangles>
      </mesh>
    </geometry>
    <geometry id="Cylinder_004-mesh" name="Cylinder.004">
      <mesh>
        <source id="Cylinder_004-mesh-positions">
          <float_array id="Cylinder_004-mesh-positions-array" count="108">1.17 0.5225 -0.7775002 -1.17 0.5225 0.7775002 1.268908 0.4909893 -0.6286615 -1.071092 0.4909893 0.9263388 1.355886 0.4002582 -0.4977751 -0.9841144 0.4002582 1.057225 1.420443 0.26125 -0.4006276 -0.919557 0.26125 1.154373 1.454793 0.09073114 -0.3489365 -0.8852067 0.09073114 1.206064 1.454793 -0.09073114 -0.3489365 -0.8852067 -0.09073114 1.206064 1.420443 -0.26125 -0.4006276 -0.919557 -0.26125 1.154373 1.355886 -0.4002582 -0.4977751 -0.9841144 -0.4002582 1.057225 1.268908 -0.4909893 -0.6286615 -1.071092 -0.4909893 0.9263388 1.17 -0.5225 -0.7775002 -1.17 -0.5225 0.7775002 1.071092 -0.4909893 -0.9263388 -1.268908 -0.4909893 0.6286615 0.9841144 -0.4002582 -1.057225 -1.355886 -0.4002582 0.4977751 0.919557 -0.26125 -1.154373 -1.420443 -0.26125 0.4006276 0.8852067 -0.09073114 -1.206064 -1.454793 -0.09073114 0.3489365 0.8852067 0.09073114 -1.206064 -1.454793 0.09073114 0.3489365 0.919557 0.26125 -1.154373 -1.420443 0.26125 0.4006276 0.9841144 0.4002582 -1.057225 -1.355886 0.4002582 0.4977751 1.071092 0.4909893 -0.9263388 -1.268908 0.4909893 0.6286615</float_array>
          <technique_common>
            <accessor source="#Cylinder_004-mesh-positions-array" count="36" stride="3">
              <param name="X" type="float"/>
              <param name="Y" type="float"/>
              <param name="Z" type="float"/>
            </accessor>
          </technique_common>
        </source>
        <source id="Cylinder_004-mesh-normals">
          <float_array id="Cylinder_004-mesh-normals-array" count="204">0.09610861 0.9848077 0.1446265 0.2767338 0.8660254 0.4164353 0.4239807 0.6427877 0.6380159 0.5200893 0.3420202 0.7826424 0.5534675 0 0.8328707 0.5200894 -0.34202 0.7826425 0.4239808 -0.6427875 0.638016 0.2767338 -0.8660253 0.4164354 0.09610861 -0.9848077 0.1446265 -0.09610861 -0.9848077 -0.1446265 -0.2767338 -0.8660253 -0.4164354 -0.4239808 -0.6427875 -0.638016 -0.5200894 -0.3420199 -0.7826425 -0.5534675 0 -0.8328707 -0.5200893 0.3420202 -0.7826424 -0.4239807 0.6427877 -0.6380159 -0.8328707 0 0.5534676 -0.2767338 0.8660254 -0.4164353 -0.09610861 0.9848077 -0.1446265 0.8328708 0 -0.5534676 0.09610861 0.9848077 0.1446265 0.2767338 0.8660254 0.4164354 0.4239808 0.6427875 0.6380161 0.5200894 0.3420199 0.7826425 0.5534675 0 0.8328707 0.5200894 -0.3420199 0.7826425 0.4239808 -0.6427875 0.6380161 0.2767338 -0.8660254 0.4164354 0.09610861 -0.9848077 0.1446265 -0.09610861 -0.9848077 -0.1446265 -0.2767338 -0.8660254 -0.4164354 -0.4239808 -0.6427875 -0.6380161 -0.5200894 -0.34202 -0.7826425 -0.5534675 0 -0.8328707 -0.5200894 0.34202 -0.7826425 -0.4239808 0.6427875 -0.6380161 -0.8328709 -3.30777e-7 0.5534674 -0.8328709 3.30777e-7 0.5534674 -0.8328707 0 0.5534678 -0.8328707 0 0.5534676 -0.8328708 0 0.5534676 -0.8328709 -3.30777e-7 0.5534673 -0.8328708 0 0.5534675 -0.8328709 3.30777e-7 0.5534673 -0.8328706 0 0.5534678 -0.8328706 0 0.5534677 -0.8328709 -2.72212e-7 0.5534675 -0.8328707 0 0.5534675 -0.8328707 0 0.5534677 -0.8328709 0 0.5534675 -0.8328707 0 0.5534676 -0.2767338 0.8660254 -0.4164354 -0.09610861 0.9848077 -0.1446265 0.8328708 0 -0.5534675 0.8328709 3.30777e-7 -0.5534673 0.8328708 0 -0.5534676 0.8328708 0 -0.5534676 0.8328706 0 -0.5534678 0.8328708 -1.2225e-7 -0.5534675 0.8328707 0 -0.5534675 0.8328709 3.30777e-7 -0.5534674 0.8328706 0 -0.5534677 0.8328706 0 -0.5534678 0.8328709 -3.30777e-7 -0.5534673 0.8328709 2.72212e-7 -0.5534675 0.8328707 0 -0.5534676 0.8328707 0 -0.5534676 0.8328707 0 -0.5534676</float_array>
          <technique_common>
            <accessor source="#Cylinder_004-mesh-normals-array" count="68" stride="3">
              <param name="X" type="float"/>
              <param name="Y" type="float"/>
              <param name="Z" type="float"/>
            </accessor>
          </technique_common>
        </source>
        <source id="Cylinder_004-mesh-map-0">
          <float_array id="Cylinder_004-mesh-map-0-array" count="408">0.2445366 0.003578841 0.268338 0.7406078 0.2445366 0.7406078 0.268338 0.003578841 0.3048039 0.7406077 0.268338 0.7406078 0.3048039 0.7406077 0.3495359 0.003578841 0.349536 0.7406078 0.349536 0.7406078 0.3971388 0.003578782 0.3971388 0.7406078 0.3971388 0.003578782 0.4418708 0.7406078 0.3971388 0.7406078 0.4418708 0.003578782 0.4783367 0.7406078 0.4418708 0.7406078 0.003578782 0.003578841 0.02738022 0.7406078 0.003578782 0.7406078 0.02738022 0.7406078 0.06384611 0.003578841 0.06384611 0.7406078 0.06384611 0.003578841 0.1085782 0.7406078 0.06384611 0.7406078 0.1085782 0.003578841 0.156181 0.7406078 0.1085782 0.7406078 0.156181 0.7406078 0.200913 0.003578841 0.200913 0.7406078 0.200913 0.003578841 0.2373788 0.7406078 0.200913 0.7406078 0.4854943 0.003578782 0.5219602 0.7406078 0.4854943 0.7406077 0.5219602 0.003578782 0.5666922 0.7406078 0.5219602 0.7406078 0.5666922 0.7406078 0.6142951 0.003578782 0.6142951 0.7406077 0.6142951 0.7406077 0.6590271 0.003578782 0.6590271 0.7406077 0.9083163 0.2694464 0.7733317 0.03564637 0.9495415 0.03564637 0.6590271 0.003578782 0.695493 0.7406077 0.6590271 0.7406077 0.695493 0.003578782 0.7192944 0.7406077 0.695493 0.7406077 0.7427332 0.4904705 0.7733318 0.3169378 0.9495416 0.3169378 0.2445366 0.003578841 0.268338 0.003578841 0.268338 0.7406078 0.268338 0.003578841 0.3048039 0.003578841 0.3048039 0.7406077 0.3048039 0.7406077 0.3048039 0.003578841 0.3495359 0.003578841 0.349536 0.7406078 0.3495359 0.003578841 0.3971388 0.003578782 0.3971388 0.003578782 0.4418708 0.003578782 0.4418708 0.7406078 0.4418708 0.003578782 0.4783367 0.003578841 0.4783367 0.7406078 0.003578782 0.003578841 0.02738022 0.003578782 0.02738022 0.7406078 0.02738022 0.7406078 0.02738022 0.003578782 0.06384611 0.003578841 0.06384611 0.003578841 0.1085782 0.003578841 0.1085782 0.7406078 0.1085782 0.003578841 0.156181 0.003578841 0.156181 0.7406078 0.156181 0.7406078 0.156181 0.003578841 0.200913 0.003578841 0.200913 0.003578841 0.2373789 0.003578841 0.2373788 0.7406078 0.4854943 0.003578782 0.5219602 0.003578782 0.5219602 0.7406078 0.5219602 0.003578782 0.5666922 0.003578782 0.5666922 0.7406078 0.5666922 0.7406078 0.5666922 0.003578782 0.6142951 0.003578782 0.6142951 0.7406077 0.6142951 0.003578782 0.6590271 0.003578782 0.9964211 0.1168442 0.9964211 0.1644471 0.98014 0.2091791 0.98014 0.2091791 0.9495415 0.245645 0.9083163 0.2694464 0.9083163 0.2694464 0.8614366 0.2777126 0.7427332 0.2091792 0.8614366 0.2777126 0.814557 0.2694465 0.7427332 0.2091792 0.814557 0.2694465 0.7733317 0.2456451 0.7427332 0.2091792 0.7427332 0.2091792 0.7264521 0.1644471 0.7264521 0.1168443 0.7264521 0.1168443 0.7427332 0.07211232 0.7733317 0.03564637 0.7733317 0.03564637 0.814557 0.01184499 0.8614366 0.003578841 0.8614366 0.003578841 0.9083162 0.01184499 0.9495415 0.03564637 0.9495415 0.03564637 0.98014 0.07211226 0.9964211 0.1168442 0.9964211 0.1168442 0.98014 0.2091791 0.9495415 0.03564637 0.98014 0.2091791 0.9083163 0.2694464 0.9495415 0.03564637 0.7427332 0.2091792 0.7264521 0.1168443 0.9083163 0.2694464 0.7264521 0.1168443 0.7733317 0.03564637 0.9083163 0.2694464 0.7733317 0.03564637 0.8614366 0.003578841 0.9495415 0.03564637 0.6590271 0.003578782 0.695493 0.003578782 0.695493 0.7406077 0.695493 0.003578782 0.7192944 0.003578782 0.7192944 0.7406077 0.9083163 0.5507378 0.8614366 0.559004 0.814557 0.5507378 0.814557 0.5507378 0.7733318 0.5269364 0.7427332 0.4904705 0.7427332 0.4904705 0.7264521 0.4457385 0.7264521 0.3981357 0.7264521 0.3981357 0.7427332 0.3534036 0.7427332 0.4904705 0.7427332 0.3534036 0.7733318 0.3169378 0.7427332 0.4904705 0.7733318 0.3169378 0.814557 0.2931364 0.9495416 0.3169378 0.814557 0.2931364 0.8614367 0.2848702 0.9495416 0.3169378 0.8614367 0.2848702 0.9083163 0.2931364 0.9495416 0.3169378 0.9495416 0.3169378 0.98014 0.3534036 0.9964212 0.3981357 0.9964212 0.3981357 0.9964212 0.4457385 0.98014 0.4904705 0.98014 0.4904705 0.9495415 0.5269364 0.9083163 0.5507378 0.9083163 0.5507378 0.814557 0.5507378 0.7427332 0.4904705 0.9495416 0.3169378 0.9964212 0.3981357 0.7427332 0.4904705 0.9964212 0.3981357 0.98014 0.4904705 0.7427332 0.4904705 0.98014 0.4904705 0.9083163 0.5507378 0.7427332 0.4904705</float_array>
          <technique_common>
            <accessor source="#Cylinder_004-mesh-map-0-array" count="204" stride="2">
              <param name="S" type="float"/>
              <param name="T" type="float"/>
            </accessor>
          </technique_common>
        </source>
        <vertices id="Cylinder_004-mesh-vertices">
          <input semantic="POSITION" source="#Cylinder_004-mesh-positions"/>
        </vertices>
        <triangles material="ARCH_tube-material" count="68">
          <input semantic="VERTEX" source="#Cylinder_004-mesh-vertices" offset="0"/>
          <input semantic="NORMAL" source="#Cylinder_004-mesh-normals" offset="1"/>
          <input semantic="TEXCOORD" source="#Cylinder_004-mesh-map-0" offset="2" set="0"/>
          <p>1 0 0 2 0 1 0 0 2 3 1 3 4 1 4 2 1 5 4 2 6 7 2 7 6 2 8 6 3 9 9 3 10 8 3 11 9 4 12 10 4 13 8 4 14 11 5 15 12 5 16 10 5 17 13 6 18 14 6 19 12 6 20 14 7 21 17 7 22 16 7 23 17 8 24 18 8 25 16 8 26 19 9 27 20 9 28 18 9 29 20 10 30 23 10 31 22 10 32 23 11 33 24 11 34 22 11 35 25 12 36 26 12 37 24 12 38 27 13 39 28 13 40 26 13 41 28 14 42 31 14 43 30 14 44 30 15 45 33 15 46 32 15 47 33 16 48 17 16 49 9 16 50 33 17 51 34 17 52 32 17 53 35 18 54 0 18 55 34 18 56 6 19 57 14 19 58 22 19 59 1 20 60 3 20 61 2 20 62 3 21 63 5 21 64 4 21 65 4 22 66 5 22 67 7 22 68 6 23 69 7 23 70 9 23 71 9 24 72 11 24 73 10 24 74 11 25 75 13 25 76 12 25 77 13 26 78 15 26 79 14 26 80 14 27 81 15 27 82 17 27 83 17 28 84 19 28 85 18 28 86 19 29 87 21 29 88 20 29 89 20 30 90 21 30 91 23 30 92 23 31 93 25 31 94 24 31 95 25 32 96 27 32 97 26 32 98 27 33 99 29 33 100 28 33 101 28 34 102 29 34 103 31 34 104 30 35 105 31 35 106 33 35 107 5 36 108 3 36 109 1 36 110 1 37 111 35 37 112 33 37 113 33 38 114 31 38 115 25 38 116 31 39 117 29 39 118 25 39 119 29 40 120 27 40 121 25 40 122 25 41 123 23 41 124 21 41 125 21 42 126 19 42 127 17 42 128 17 43 129 15 43 130 13 43 131 13 44 132 11 44 133 9 44 134 9 45 135 7 45 136 5 45 137 5 46 138 1 46 139 9 46 140 1 47 141 33 47 142 9 47 143 25 48 144 21 48 145 33 48 146 21 49 147 17 49 148 33 49 149 17 50 150 13 50 151 9 50 152 33 51 153 35 51 154 34 51 155 35 52 156 1 52 157 0 52 158 34 53 159 0 53 160 2 53 161 2 54 162 4 54 163 6 54 164 6 55 165 8 55 166 10 55 167 10 56 168 12 56 169 6 56 170 12 57 171 14 57 172 6 57 173 14 58 174 16 58 175 22 58 176 16 59 177 18 59 178 22 59 179 18 60 180 20 60 181 22 60 182 22 61 183 24 61 184 26 61 185 26 62 186 28 62 187 30 62 188 30 63 189 32 63 190 34 63 191 34 64 192 2 64 193 6 64 194 22 65 195 26 65 196 6 65 197 26 66 198 30 66 199 6 66 200 30 67 201 34 67 202 6 67 203</p>
        </triangles>
      </mesh>
    </geometry>
    <geometry id="Cylinder_003-mesh" name="Cylinder.003">
      <mesh>
        <source id="Cylinder_003-mesh-positions">
          <float_array id="Cylinder_003-mesh-positions-array" count="108">0 0.55 -2.1075 0 0.55 2.1075 0.1881111 0.5168309 -2.1075 0.1881111 0.5168309 2.1075 0.3535332 0.4213244 -2.1075 0.3535332 0.4213244 2.1075 0.476314 0.275 -2.1075 0.476314 0.275 2.1075 0.5416443 0.09550648 -2.1075 0.5416443 0.09550648 2.1075 0.5416443 -0.09550648 -2.1075 0.5416443 -0.09550648 2.1075 0.476314 -0.275 -2.1075 0.476314 -0.275 2.1075 0.3535332 -0.4213244 -2.1075 0.3535332 -0.4213244 2.1075 0.1881111 -0.5168309 -2.1075 0.1881111 -0.5168309 2.1075 0 -0.55 -2.1075 0 -0.55 2.1075 -0.1881111 -0.5168309 -2.1075 -0.1881111 -0.5168309 2.1075 -0.3535332 -0.4213244 -2.1075 -0.3535332 -0.4213244 2.1075 -0.476314 -0.275 -2.1075 -0.476314 -0.275 2.1075 -0.5416443 -0.09550648 -2.1075 -0.5416443 -0.09550648 2.1075 -0.5416443 0.09550648 -2.1075 -0.5416443 0.09550648 2.1075 -0.476314 0.275 -2.1075 -0.476314 0.275 2.1075 -0.3535332 0.4213244 -2.1075 -0.3535332 0.4213244 2.1075 -0.1881111 0.5168309 -2.1075 -0.1881111 0.5168309 2.1075</float_array>
          <technique_common>
            <accessor source="#Cylinder_003-mesh-positions-array" count="36" stride="3">
              <param name="X" type="float"/>
              <param name="Y" type="float"/>
              <param name="Z" type="float"/>
            </accessor>
          </technique_common>
        </source>
        <source id="Cylinder_003-mesh-normals">
          <float_array id="Cylinder_003-mesh-normals-array" count="204">0.1736483 0.9848077 0 0.4999998 0.8660255 0 0.7660445 0.6427875 0 0.9396926 0.3420202 0 1 0 0 0.9396926 -0.3420202 0 0.7660445 -0.6427875 0 0.4999998 -0.8660255 0 0.1736483 -0.9848077 0 -0.1736483 -0.9848077 0 -0.4999998 -0.8660255 0 -0.7660445 -0.6427875 0 -0.9396926 -0.3420202 0 -1 0 0 -0.9396926 0.3420202 0 -0.7660445 0.6427875 0 0 0 1 -0.4999998 0.8660255 0 -0.1736483 0.9848077 0 0 0 -1 0.1736483 0.9848077 0 0.4999998 0.8660255 0 0.7660445 0.6427875 0 0.9396926 0.3420202 0 1 0 0 0.9396926 -0.3420202 0 0.7660445 -0.6427875 0 0.4999998 -0.8660255 0 0.1736483 -0.9848077 0 -0.1736483 -0.9848077 0 -0.4999998 -0.8660255 0 -0.7660445 -0.6427875 0 -0.9396926 -0.3420202 0 -1 0 0 -0.9396926 0.3420202 0 -0.7660445 0.6427875 0 0 0 1 0 0 1 0 0 1 0 0 1 0 0 1 0 0 1 0 0 1 0 0 1 0 0 1 0 0 1 0 0 1 0 0 1 0 0 1 0 0 1 0 0 1 -0.4999998 0.8660255 0 -0.1736483 0.9848077 0 0 0 -1 0 0 -1 0 0 -1 0 0 -1 0 0 -1 0 0 -1 0 0 -1 0 0 -1 0 0 -1 0 0 -1 0 0 -1 0 0 -1 0 0 -1 0 0 -1 0 0 -1</float_array>
          <technique_common>
            <accessor source="#Cylinder_003-mesh-normals-array" count="68" stride="3">
              <param name="X" type="float"/>
              <param name="Y" type="float"/>
              <param name="Z" type="float"/>
            </accessor>
          </technique_common>
        </source>
        <source id="Cylinder_003-mesh-map-0">
          <float_array id="Cylinder_003-mesh-map-0-array" count="408">0.4840181 0.00431323 0.5279412 0.9735434 0.4840181 0.9735434 0.5279412 0.00431323 0.5692153 0.9735434 0.5279412 0.9735434 0.00431323 0.00431323 0.03796023 0.9735434 0.00431323 0.9735434 0.03796023 0.00431323 0.07923442 0.9735434 0.03796023 0.9735434 0.07923442 0.00431323 0.1231575 0.9735434 0.07923442 0.9735434 0.1231575 0.00431323 0.1644316 0.9735434 0.1231575 0.9735434 0.1644316 0.00431323 0.1980786 0.9735434 0.1644316 0.9735434 0.5778419 0.00431323 0.6191161 0.9735434 0.5778419 0.9735434 0.6191161 0.00431323 0.6630392 0.9735434 0.6191161 0.9735434 0.6630392 0.00431323 0.7043133 0.9735434 0.6630392 0.9735434 0.7043133 0.00431323 0.7379603 0.9735434 0.7043133 0.9735434 0.2067051 0.00431323 0.2403521 0.9735434 0.2067051 0.9735434 0.2403521 0.00431323 0.2816263 0.9735434 0.2403521 0.9735434 0.2816263 0.00431323 0.3255493 0.9735434 0.2816263 0.9735434 0.3255493 0.00431323 0.3668234 0.9735434 0.3255493 0.9735434 0.3668234 0.00431323 0.4004704 0.9735434 0.3668234 0.9735434 0.7616094 0.1940202 0.952431 0.03390192 0.9806641 0.1940202 0.409097 0.00431323 0.442744 0.9735434 0.409097 0.9735434 0.442744 0.00431323 0.4840181 0.9735434 0.442744 0.9735434 0.7465867 0.4143152 0.9806641 0.3291181 0.9524309 0.4892364 0.4840181 0.00431323 0.5279412 0.00431323 0.5279412 0.9735434 0.5279412 0.00431323 0.5692153 0.00431323 0.5692153 0.9735434 0.00431323 0.00431323 0.03796023 0.00431323 0.03796023 0.9735434 0.03796023 0.00431323 0.07923442 0.00431323 0.07923442 0.9735434 0.07923442 0.00431323 0.1231575 0.00431323 0.1231575 0.9735434 0.1231575 0.00431323 0.1644316 0.00431323 0.1644316 0.9735434 0.1644316 0.00431323 0.1980786 0.00431323 0.1980786 0.9735434 0.5778419 0.00431323 0.6191161 0.00431323 0.6191161 0.9735434 0.6191161 0.00431323 0.6630392 0.00431323 0.6630392 0.9735434 0.6630392 0.00431323 0.7043133 0.00431323 0.7043133 0.9735434 0.7043133 0.00431323 0.7379603 0.00431323 0.7379603 0.9735434 0.2067051 0.00431323 0.2403521 0.00431323 0.2403521 0.9735434 0.2403521 0.00431323 0.2816263 0.00431323 0.2816263 0.9735434 0.2816263 0.00431323 0.3255493 0.00431323 0.3255493 0.9735434 0.3255493 0.00431323 0.3668234 0.00431323 0.3668234 0.9735434 0.3668234 0.00431323 0.4004704 0.00431323 0.4004704 0.9735434 0.9143925 0.2496287 0.8711367 0.2572559 0.827881 0.2496287 0.827881 0.2496287 0.7898426 0.2276672 0.9143925 0.2496287 0.7898426 0.2276672 0.7616094 0.1940202 0.9143925 0.2496287 0.7616094 0.1940202 0.7465868 0.1527461 0.7898426 0.03390192 0.7465868 0.1527461 0.7465868 0.1088231 0.7898426 0.03390192 0.7465868 0.1088231 0.7616094 0.06754893 0.7898426 0.03390192 0.7898426 0.03390192 0.827881 0.01194041 0.8711367 0.00431323 0.8711367 0.00431323 0.9143925 0.01194041 0.952431 0.03390192 0.952431 0.03390192 0.9806641 0.06754893 0.9956867 0.1088231 0.9956867 0.1088231 0.9956867 0.1527461 0.9806641 0.1940202 0.9806641 0.1940202 0.9524309 0.2276672 0.9143925 0.2496287 0.7898426 0.03390192 0.8711367 0.00431323 0.952431 0.03390192 0.952431 0.03390192 0.9956867 0.1088231 0.9806641 0.1940202 0.9806641 0.1940202 0.9143925 0.2496287 0.7616094 0.1940202 0.7616094 0.1940202 0.7898426 0.03390192 0.952431 0.03390192 0.409097 0.00431323 0.442744 0.00431323 0.442744 0.9735434 0.442744 0.00431323 0.4840181 0.00431323 0.4840181 0.9735434 0.8711367 0.5188251 0.8278809 0.5111979 0.7898425 0.4892364 0.7898425 0.4892364 0.7616093 0.4555894 0.7465867 0.4143152 0.7465867 0.4143152 0.7465867 0.3703922 0.7616093 0.3291181 0.7616093 0.3291181 0.7898425 0.2954711 0.8278809 0.2735096 0.8278809 0.2735096 0.8711367 0.2658824 0.9143924 0.2735096 0.9143924 0.2735096 0.9524309 0.2954711 0.8278809 0.2735096 0.9524309 0.2954711 0.9806641 0.3291181 0.8278809 0.2735096 0.9806641 0.3291181 0.9956866 0.3703923 0.9524309 0.4892364 0.9956866 0.3703923 0.9956866 0.4143153 0.9524309 0.4892364 0.9956866 0.4143153 0.980664 0.4555894 0.9524309 0.4892364 0.9524309 0.4892364 0.9143924 0.5111979 0.8711367 0.5188251 0.8711367 0.5188251 0.7898425 0.4892364 0.7465867 0.4143152 0.7465867 0.4143152 0.7616093 0.3291181 0.8278809 0.2735096 0.9524309 0.4892364 0.8711367 0.5188251 0.7465867 0.4143152 0.7465867 0.4143152 0.8278809 0.2735096 0.9806641 0.3291181</float_array>
          <technique_common>
            <accessor source="#Cylinder_003-mesh-map-0-array" count="204" stride="2">
              <param name="S" type="float"/>
              <param name="T" type="float"/>
            </accessor>
          </technique_common>
        </source>
        <vertices id="Cylinder_003-mesh-vertices">
          <input semantic="POSITION" source="#Cylinder_003-mesh-positions"/>
        </vertices>
        <triangles material="ARCH_tube-material" count="68">
          <input semantic="VERTEX" source="#Cylinder_003-mesh-vertices" offset="0"/>
          <input semantic="NORMAL" source="#Cylinder_003-mesh-normals" offset="1"/>
          <input semantic="TEXCOORD" source="#Cylinder_003-mesh-map-0" offset="2" set="0"/>
          <p>1 0 0 2 0 1 0 0 2 3 1 3 4 1 4 2 1 5 5 2 6 6 2 7 4 2 8 7 3 9 8 3 10 6 3 11 9 4 12 10 4 13 8 4 14 11 5 15 12 5 16 10 5 17 13 6 18 14 6 19 12 6 20 15 7 21 16 7 22 14 7 23 17 8 24 18 8 25 16 8 26 19 9 27 20 9 28 18 9 29 21 10 30 22 10 31 20 10 32 23 11 33 24 11 34 22 11 35 25 12 36 26 12 37 24 12 38 27 13 39 28 13 40 26 13 41 29 14 42 30 14 43 28 14 44 31 15 45 32 15 46 30 15 47 33 16 48 17 16 49 9 16 50 33 17 51 34 17 52 32 17 53 35 18 54 0 18 55 34 18 56 6 19 57 22 19 58 30 19 59 1 20 60 3 20 61 2 20 62 3 21 63 5 21 64 4 21 65 5 22 66 7 22 67 6 22 68 7 23 69 9 23 70 8 23 71 9 24 72 11 24 73 10 24 74 11 25 75 13 25 76 12 25 77 13 26 78 15 26 79 14 26 80 15 27 81 17 27 82 16 27 83 17 28 84 19 28 85 18 28 86 19 29 87 21 29 88 20 29 89 21 30 90 23 30 91 22 30 92 23 31 93 25 31 94 24 31 95 25 32 96 27 32 97 26 32 98 27 33 99 29 33 100 28 33 101 29 34 102 31 34 103 30 34 104 31 35 105 33 35 106 32 35 107 5 36 108 3 36 109 1 36 110 1 37 111 35 37 112 5 37 113 35 38 114 33 38 115 5 38 116 33 39 117 31 39 118 25 39 119 31 40 120 29 40 121 25 40 122 29 41 123 27 41 124 25 41 125 25 42 126 23 42 127 21 42 128 21 43 129 19 43 130 17 43 131 17 44 132 15 44 133 13 44 134 13 45 135 11 45 136 9 45 137 9 46 138 7 46 139 5 46 140 25 47 141 21 47 142 17 47 143 17 48 144 13 48 145 9 48 146 9 49 147 5 49 148 33 49 149 33 50 150 25 50 151 17 50 152 33 51 153 35 51 154 34 51 155 35 52 156 1 52 157 0 52 158 34 53 159 0 53 160 2 53 161 2 54 162 4 54 163 6 54 164 6 55 165 8 55 166 10 55 167 10 56 168 12 56 169 14 56 170 14 57 171 16 57 172 18 57 173 18 58 174 20 58 175 14 58 176 20 59 177 22 59 178 14 59 179 22 60 180 24 60 181 30 60 182 24 61 183 26 61 184 30 61 185 26 62 186 28 62 187 30 62 188 30 63 189 32 63 190 34 63 191 34 64 192 2 64 193 6 64 194 6 65 195 10 65 196 14 65 197 30 66 198 34 66 199 6 66 200 6 67 201 14 67 202 22 67 203</p>
        </triangles>
      </mesh>
    </geometry>
    <geometry id="Cylinder_002-mesh" name="Cylinder.002">
      <mesh>
        <source id="Cylinder_002-mesh-positions">
          <float_array id="Cylinder_002-mesh-positions-array" count="360">0 0.712126 -0.06 0 0.7425 -0.02999997 0 0.7336038 -0.05121314 0 0.712126 0.06 0 0.7425 0.02999997 0 0.7336038 0.05121314 0.2200591 0.6772721 -0.06 0.2294451 0.7061595 -0.02999997 0.226696 0.6976985 -0.05121314 0.2200591 0.6772721 0.06 0.2294451 0.7061595 0.02999997 0.226696 0.6976986 0.05121314 0.4185772 0.5761221 -0.06 0.4364305 0.6006951 -0.02999997 0.4312014 0.5934978 -0.05121314 0.4185772 0.5761221 0.06 0.4364305 0.6006951 0.02999997 0.4312014 0.5934978 0.05121314 0.5761221 0.4185772 -0.06 0.6006951 0.4364305 -0.02999997 0.5934978 0.4312014 -0.05121314 0.5761221 0.4185772 0.06 0.6006951 0.4364305 0.02999997 0.5934978 0.4312014 0.05121314 0.6772721 0.2200591 -0.06 0.7061595 0.2294451 -0.02999997 0.6976986 0.226696 -0.05121314 0.6772721 0.2200591 0.06 0.7061595 0.2294451 0.02999997 0.6976985 0.226696 0.05121314 0.712126 0 -0.06 0.7425 0 -0.02999997 0.7336038 0 -0.05121314 0.712126 0 0.06 0.7425 0 0.02999997 0.7336038 0 0.05121314 0.6772721 -0.2200591 -0.06 0.7061595 -0.2294451 -0.02999997 0.6976985 -0.226696 -0.05121314 0.6772721 -0.2200591 0.06 0.7061595 -0.2294451 0.02999997 0.6976986 -0.226696 0.05121314 0.5761221 -0.4185772 -0.06 0.6006951 -0.4364305 -0.02999997 0.5934978 -0.4312014 -0.05121314 0.5761221 -0.4185772 0.06 0.6006951 -0.4364305 0.02999997 0.5934978 -0.4312014 0.05121314 0.4185772 -0.5761221 -0.06 0.4364305 -0.6006951 -0.02999997 0.4312014 -0.5934978 -0.05121314 0.4185772 -0.5761221 0.06 0.4364305 -0.6006951 0.02999997 0.4312014 -0.5934978 0.05121314 0.2200591 -0.6772721 -0.06 0.2294451 -0.7061595 -0.02999997 0.226696 -0.6976986 -0.05121314 0.2200591 -0.6772721 0.06 0.2294451 -0.7061595 0.02999997 0.226696 -0.6976985 0.05121314 0 -0.712126 -0.06 0 -0.7425 -0.02999997 0 -0.7336038 -0.05121314 0 -0.712126 0.06 0 -0.7425 0.02999997 0 -0.7336038 0.05121314 -0.2200591 -0.6772721 -0.06 -0.2294451 -0.7061595 -0.02999997 -0.226696 -0.6976985 -0.05121314 -0.2200591 -0.6772721 0.06 -0.2294451 -0.7061595 0.02999997 -0.226696 -0.6976986 0.05121314 -0.4185772 -0.5761221 -0.06 -0.4364305 -0.6006951 -0.02999997 -0.4312014 -0.5934978 -0.05121314 -0.4185772 -0.5761221 0.06 -0.4364305 -0.6006951 0.02999997 -0.4312014 -0.5934978 0.05121314 -0.5761221 -0.4185772 -0.06 -0.6006951 -0.4364305 -0.02999997 -0.5934978 -0.4312014 -0.05121314 -0.5761221 -0.4185772 0.06 -0.6006951 -0.4364305 0.02999997 -0.5934978 -0.4312014 0.05121314 -0.6772721 -0.2200591 -0.06 -0.7061595 -0.2294451 -0.02999997 -0.6976986 -0.226696 -0.05121314 -0.6772721 -0.2200591 0.06 -0.7061595 -0.2294451 0.02999997 -0.6976985 -0.226696 0.05121314 -0.712126 0 -0.06 -0.7425 0 -0.02999997 -0.7336038 0 -0.05121314 -0.712126 0 0.06 -0.7425 0 0.02999997 -0.7336038 0 0.05121314 -0.6772721 0.2200591 -0.06 -0.7061595 0.2294451 -0.02999997 -0.6976985 0.226696 -0.05121314 -0.6772721 0.2200591 0.06 -0.7061595 0.2294451 0.02999997 -0.6976986 0.226696 0.05121314 -0.5761221 0.4185772 -0.06 -0.6006951 0.4364305 -0.02999997 -0.5934978 0.4312014 -0.05121314 -0.5761221 0.4185772 0.06 -0.6006951 0.4364305 0.02999997 -0.5934978 0.4312014 0.05121314 -0.4185772 0.5761221 -0.06 -0.4364305 0.6006951 -0.02999997 -0.4312014 0.5934978 -0.05121314 -0.4185772 0.5761221 0.06 -0.4364305 0.6006951 0.02999997 -0.4312014 0.5934978 0.05121314 -0.2200591 0.6772721 -0.06 -0.2294451 0.7061595 -0.02999997 -0.226696 0.6976986 -0.05121314 -0.2200591 0.6772721 0.06 -0.2294451 0.7061595 0.02999997 -0.226696 0.6976985 0.05121314</float_array>
          <technique_common>
            <accessor source="#Cylinder_002-mesh-positions-array" count="120" stride="3">
              <param name="X" type="float"/>
              <param name="Y" type="float"/>
              <param name="Z" type="float"/>
            </accessor>
          </technique_common>
        </source>
        <source id="Cylinder_002-mesh-normals">
          <float_array id="Cylinder_002-mesh-normals-array" count="708">-0.1564344 0.9876884 0 0.7071068 0.7071068 0 0.8910065 0.4539905 0 0.9876884 0.1564344 0 0.9876884 -0.1564344 0 0.8910065 -0.4539905 0 0.7071068 -0.7071068 0 0.4539905 -0.8910065 0 0.1564344 -0.9876884 0 -0.1564344 -0.9876884 0 -0.4539905 -0.8910065 0 -0.7071068 -0.7071068 0 -0.8910065 -0.4539905 0 -0.9876884 -0.1564344 0 -0.9876884 0.1564344 0 -0.8910065 0.4539905 0 -0.7071068 0.7071068 0 -0.4539905 0.8910065 0 0.4539905 0.8910065 0 0 0 1 0.1564344 0.9876884 0 0.1445268 0.9125064 -0.3826801 0.05986475 0.3779702 -0.9238803 0.1445268 0.9125055 0.3826822 0.05986469 0.3779711 0.9238799 0.4194324 0.8231824 -0.3826842 0.1737348 0.3409737 -0.9238794 0.4194325 0.8231819 0.3826852 0.1737352 0.3409748 0.9238789 0.653281 0.653281 -0.382685 0.2705991 0.2705991 -0.9238789 0.653281 0.653281 0.382685 0.2705991 0.2705991 0.9238789 0.8231819 0.4194325 -0.3826852 0.3409748 0.1737352 -0.9238789 0.8231824 0.4194324 0.3826842 0.3409737 0.1737348 0.9238794 0.9125055 0.1445268 -0.3826822 0.3779711 0.05986469 -0.9238799 0.9125064 0.1445268 0.3826801 0.3779702 0.05986475 0.9238803 0.9125064 -0.1445268 -0.3826801 0.3779702 -0.05986475 -0.9238803 0.9125055 -0.1445268 0.3826822 0.3779711 -0.05986469 0.9238799 0.8231824 -0.4194324 -0.3826842 0.3409737 -0.1737348 -0.9238794 0.8231819 -0.4194325 0.3826852 0.3409748 -0.1737352 0.9238789 0.653281 -0.653281 -0.382685 0.2705991 -0.2705991 -0.9238789 0.653281 -0.653281 0.382685 0.2705991 -0.2705991 0.9238789 0.4194325 -0.8231819 -0.3826852 0.1737352 -0.3409748 -0.9238789 0.4194324 -0.8231824 0.3826842 0.1737348 -0.3409737 0.9238794 0.1445268 -0.9125055 -0.3826822 0.05986469 -0.3779711 -0.9238799 0.1445268 -0.9125064 0.3826801 0.05986475 -0.3779702 0.9238803 -0.1445268 -0.9125064 -0.3826801 -0.05986475 -0.3779702 -0.9238803 -0.1445268 -0.9125055 0.3826822 -0.05986469 -0.3779711 0.9238799 -0.4194324 -0.8231824 -0.3826842 -0.1737348 -0.3409737 -0.9238794 -0.4194325 -0.8231819 0.3826852 -0.1737352 -0.3409748 0.9238789 -0.653281 -0.653281 -0.382685 -0.2705991 -0.2705991 -0.9238789 -0.653281 -0.653281 0.382685 -0.2705991 -0.2705991 0.9238789 -0.8231819 -0.4194325 -0.3826852 -0.3409748 -0.1737352 -0.9238789 -0.8231824 -0.4194324 0.3826842 -0.3409737 -0.1737348 0.9238794 -0.9125055 -0.1445268 -0.3826822 -0.3779711 -0.05986469 -0.9238799 -0.9125064 -0.1445268 0.3826801 -0.3779702 -0.05986475 0.9238803 -0.9125064 0.1445268 -0.3826801 -0.3779702 0.05986475 -0.9238803 -0.9125055 0.1445268 0.3826822 -0.3779711 0.05986469 0.9238799 -0.8231824 0.4194324 -0.3826842 -0.3409737 0.1737348 -0.9238794 -0.8231819 0.4194325 0.3826852 -0.3409748 0.1737352 0.9238789 -0.653281 0.653281 -0.382685 -0.2705991 0.2705991 -0.9238789 -0.653281 0.653281 0.382685 -0.2705991 0.2705991 0.9238789 -0.4194325 0.8231819 -0.3826852 -0.1737352 0.3409748 -0.9238789 -0.4194324 0.8231824 0.3826842 -0.1737348 0.3409737 0.9238794 -0.1445268 0.9125055 -0.3826822 -0.05986469 0.3779711 -0.9238799 -0.1445268 0.9125064 0.3826801 -0.05986475 0.3779702 0.9238803 0 0 -1 -0.1564344 0.9876884 0 0.7071068 0.7071068 0 0.8910065 0.4539905 0 0.9876884 0.1564344 0 0.9876884 -0.1564344 0 0.8910065 -0.4539905 0 0.7071068 -0.7071068 0 0.4539905 -0.8910065 0 0.1564344 -0.9876884 0 -0.1564344 -0.9876884 0 -0.4539905 -0.8910065 0 -0.7071068 -0.7071068 0 -0.8910065 -0.4539905 0 -0.9876884 -0.1564344 0 -0.9876884 0.1564344 0 -0.8910065 0.4539905 0 -0.7071068 0.7071068 0 -0.4539905 0.8910065 0 0.4539905 0.8910065 0 0 0 1 0 0 1 0 0 1 0 0 1 0 0 1 0 0 1 0 0 1 0 0 1 0 0 1 0 0 1 0 0 1 0 0 1 0 0 1 0 0 1 0 0 1 0 0 1 0 0 1 0.1564344 0.9876884 0 0.144527 0.9125045 -0.3826845 0.05986487 0.3779721 -0.9238795 0.1445268 0.9125064 0.3826801 0.05986464 0.3779702 0.9238803 0.4194323 0.823182 -0.3826852 0.1737352 0.3409747 -0.923879 0.4194328 0.8231832 0.382682 0.1737345 0.3409729 0.9238798 0.653281 0.653281 -0.3826851 0.2705991 0.2705991 -0.923879 0.653281 0.653281 0.3826851 0.2705991 0.2705991 0.923879 0.8231832 0.4194328 -0.382682 0.3409729 0.1737345 -0.9238798 0.823182 0.4194323 0.3826852 0.3409747 0.1737352 0.923879 0.9125064 0.1445268 -0.3826801 0.3779702 0.05986464 -0.9238803 0.9125045 0.144527 0.3826845 0.3779721 0.05986487 0.9238795 0.9125045 -0.144527 -0.3826845 0.3779721 -0.05986487 -0.9238795 0.9125064 -0.1445268 0.3826801 0.3779702 -0.05986464 0.9238803 0.823182 -0.4194323 -0.3826852 0.3409747 -0.1737352 -0.923879 0.8231832 -0.4194328 0.382682 0.3409729 -0.1737345 0.9238798 0.653281 -0.653281 -0.3826851 0.2705991 -0.2705991 -0.923879 0.653281 -0.653281 0.3826851 0.2705991 -0.2705991 0.923879 0.4194328 -0.8231832 -0.382682 0.1737345 -0.3409729 -0.9238798 0.4194323 -0.823182 0.3826852 0.1737352 -0.3409747 0.923879 0.1445268 -0.9125064 -0.3826801 0.05986464 -0.3779702 -0.9238803 0.144527 -0.9125045 0.3826845 0.05986487 -0.3779721 0.9238795 -0.144527 -0.9125045 -0.3826845 -0.05986487 -0.3779721 -0.9238795 -0.1445268 -0.9125064 0.3826801 -0.05986464 -0.3779702 0.9238803 -0.4194323 -0.823182 -0.3826852 -0.1737352 -0.3409747 -0.923879 -0.4194328 -0.8231832 0.382682 -0.1737345 -0.3409729 0.9238798 -0.653281 -0.653281 -0.3826851 -0.2705991 -0.2705991 -0.923879 -0.653281 -0.653281 0.3826851 -0.2705991 -0.2705991 0.923879 -0.8231832 -0.4194328 -0.382682 -0.3409729 -0.1737345 -0.9238798 -0.823182 -0.4194323 0.3826852 -0.3409747 -0.1737352 0.923879 -0.9125064 -0.1445268 -0.3826801 -0.3779702 -0.05986464 -0.9238803 -0.9125045 -0.144527 0.3826845 -0.3779721 -0.05986487 0.9238795 -0.9125045 0.144527 -0.3826845 -0.3779721 0.05986487 -0.9238795 -0.9125064 0.1445268 0.3826801 -0.3779702 0.05986464 0.9238803 -0.823182 0.4194323 -0.3826852 -0.3409747 0.1737352 -0.923879 -0.8231832 0.4194328 0.382682 -0.3409729 0.1737345 0.9238798 -0.653281 0.653281 -0.3826851 -0.2705991 0.2705991 -0.923879 -0.653281 0.653281 0.3826851 -0.2705991 0.2705991 0.923879 -0.4194328 0.8231832 -0.382682 -0.1737345 0.3409729 -0.9238798 -0.4194323 0.823182 0.3826852 -0.1737352 0.3409747 0.923879 -0.1445268 0.9125064 -0.3826801 -0.05986464 0.3779702 -0.9238803 -0.144527 0.9125045 0.3826845 -0.05986487 0.3779721 0.9238795 0 0 -1 0 0 -1 0 0 -1 0 0 -1 0 0 -1 0 0 -1 0 0 -1 0 0 -1 0 0 -1 0 0 -1 0 0 -1 0 0 -1 0 0 -1 0 0 -1 0 0 -1 0 0 -1 0 0 -1</float_array>
          <technique_common>
            <accessor source="#Cylinder_002-mesh-normals-array" count="236" stride="3">
              <param name="X" type="float"/>
              <param name="Y" type="float"/>
              <param name="Z" type="float"/>
            </accessor>
          </technique_common>
        </source>
        <source id="Cylinder_002-mesh-map-0">
          <float_array id="Cylinder_002-mesh-map-0-array" count="1416">0.04999983 0.875 -1.56462e-7 0.625 0.04999983 0.625 0.9 0.875 0.85 0.625 0.9 0.625 0.85 0.875 0.8 0.625 0.85 0.625 0.8 0.875 0.75 0.625 0.8 0.625 0.75 0.875 0.6999999 0.625 0.75 0.625 0.6999999 0.875 0.6499999 0.625 0.6999999 0.625 0.6499999 0.875 0.5999999 0.625 0.6499999 0.625 0.5999999 0.875 0.5499999 0.625 0.5999999 0.625 0.5499999 0.875 0.4999999 0.625 0.5499999 0.625 0.4999999 0.875 0.4499999 0.625 0.4999999 0.625 0.4499999 0.875 0.3999999 0.625 0.4499999 0.625 0.3999999 0.875 0.3499999 0.625 0.3999999 0.625 0.3499999 0.875 0.2999998 0.625 0.3499999 0.625 0.2999998 0.875 0.2499998 0.625 0.2999998 0.625 0.2499998 0.875 0.1999998 0.625 0.2499998 0.625 0.1999998 0.875 0.1499998 0.625 0.1999998 0.625 0.1499998 0.875 0.09999984 0.625 0.1499998 0.625 0.09999984 0.875 0.04999983 0.625 0.09999984 0.625 0.95 0.875 0.9 0.625 0.95 0.625 0.03108376 0.1788697 0.4689162 0.1788697 0.3852977 0.4362213 1 0.875 0.95 0.625 1 0.625 0.95 0.625 0.9997005 0.5 1 0.625 0.8237198 0.4783239 0.7499999 0.4801821 0.7504443 0.4899296 0.95 0.875 0.9997005 1 0.9502995 1 0.3237198 0.4783239 0.25 0.4801821 0.3211302 0.4689162 0.9 0.625 0.9497004 0.5 0.95 0.625 0.8906676 0.4443683 0.8211303 0.4689161 0.8245649 0.4780493 0.9 0.875 0.9497004 1 0.9002995 1 0.3906676 0.4443683 0.3211302 0.4689162 0.3852977 0.4362213 0.85 0.625 0.8997005 0.5 0.9 0.625 0.9438461 0.3913865 0.8852978 0.4362214 0.8913866 0.443846 0.9 0.875 0.8502995 1 0.85 0.875 0.3913865 0.443846 0.4362213 0.3852977 0.443846 0.3913865 0.85 0.625 0.8002995 0.5 0.8497005 0.5 0.9443683 0.3906676 0.9689162 0.3211303 0.9362213 0.3852977 0.85 0.875 0.8002995 1 0.8 0.875 0.4443683 0.3906677 0.4689162 0.3211302 0.4780493 0.3245649 0.8 0.625 0.7502995 0.5 0.7997004 0.5 0.978324 0.3237198 0.9801822 0.25 0.9689162 0.3211303 0.8 0.875 0.7502995 1 0.75 0.875 0.4783239 0.3237198 0.4801821 0.25 0.4899296 0.2504443 0.6999999 0.625 0.7497004 0.5 0.75 0.625 0.978324 0.1762802 0.9801822 0.25 0.9899296 0.2495557 0.6999999 0.875 0.7497004 1 0.7002995 1 0.4783239 0.1762802 0.4801821 0.25 0.4689162 0.1788697 0.6499999 0.625 0.6997004 0.5 0.6999999 0.625 0.9443683 0.1093323 0.9689162 0.1788697 0.9780494 0.1754351 0.6499999 0.875 0.6997004 1 0.6502995 1 0.4443683 0.1093323 0.4689162 0.1788697 0.4362213 0.1147023 0.5999999 0.625 0.6497004 0.5 0.6499999 0.625 0.8913865 0.05615395 0.9362213 0.1147023 0.943846 0.1086134 0.6499999 0.875 0.6002995 1 0.5999999 0.875 0.443846 0.1086134 0.3852977 0.06377869 0.3913865 0.05615401 0.5999999 0.625 0.5502995 0.5 0.5997003 0.5 0.8906677 0.05563169 0.8211302 0.03108376 0.8852978 0.06377869 0.5999999 0.875 0.5502994 1 0.5499999 0.875 0.3906677 0.05563169 0.3211302 0.03108376 0.3245649 0.0219506 0.5499999 0.625 0.5002995 0.5 0.5497003 0.5 0.8237199 0.02167606 0.75 0.01981782 0.8211302 0.03108376 0.5499999 0.875 0.5002994 1 0.4999999 0.875 0.3237198 0.02167606 0.25 0.01981782 0.2504443 0.01007032 0.4499999 0.625 0.4997003 0.5 0.4999999 0.625 0.6762802 0.02167606 0.75 0.01981782 0.7495557 0.01007032 0.4499999 0.875 0.4997004 1 0.4502994 1 0.1762802 0.02167606 0.25 0.01981782 0.1788697 0.03108376 0.3999999 0.625 0.4497003 0.5 0.4499999 0.625 0.6093324 0.05563169 0.6788697 0.03108376 0.6754351 0.0219506 0.3999999 0.875 0.4497003 1 0.4002994 1 0.1093323 0.05563169 0.1788697 0.03108376 0.1147023 0.06377869 0.3499999 0.625 0.3997003 0.5 0.3999999 0.625 0.556154 0.1086134 0.6147024 0.06377869 0.6086134 0.05615401 0.3999999 0.875 0.3502994 1 0.3499999 0.875 0.1086134 0.05615395 0.06377869 0.1147023 0.05615401 0.1086134 0.3499999 0.625 0.3002994 0.5 0.3497003 0.5 0.5556316 0.1093323 0.5310837 0.1788697 0.5637787 0.1147023 0.3499999 0.875 0.3002994 1 0.2999998 0.875 0.05563169 0.1093323 0.03108376 0.1788697 0.0219506 0.1754351 0.2999998 0.625 0.2502993 0.5 0.2997003 0.5 0.521676 0.1762802 0.5198178 0.25 0.5310837 0.1788697 0.2999998 0.875 0.2502993 1 0.2499998 0.875 0.02167606 0.1762802 0.01981782 0.25 0.01007032 0.2495557 0.1999998 0.625 0.2497003 0.5 0.2499998 0.625 0.5216761 0.3237198 0.5198178 0.25 0.5100704 0.2504443 0.1999998 0.875 0.2497003 1 0.2002993 1 0.02167606 0.3237198 0.01981782 0.25 0.03108376 0.3211303 0.1499998 0.625 0.1997002 0.5 0.1999998 0.625 0.5556317 0.3906677 0.5310837 0.3211302 0.5219506 0.3245649 0.1499998 0.875 0.1997003 1 0.1502994 1 0.05563169 0.3906676 0.03108376 0.3211303 0.06377869 0.3852977 0.09999984 0.625 0.1497003 0.5 0.1499998 0.625 0.6086135 0.443846 0.5637787 0.3852977 0.556154 0.3913865 0.1499998 0.875 0.1002994 1 0.09999984 0.875 0.05615395 0.3913865 0.1147023 0.4362214 0.1086134 0.443846 0.09999984 0.625 0.05029934 0.5 0.09970027 0.5 0.6093324 0.4443683 0.6788697 0.4689162 0.6147023 0.4362213 0.09999984 0.875 0.05029934 1 0.04999983 0.875 0.1093323 0.4443683 0.1788697 0.4689162 0.1754351 0.4780493 0.04999983 0.625 2.99379e-4 0.5 0.04970026 0.5 0.6762802 0.4783239 0.7499999 0.4801821 0.6788697 0.4689162 0.04999983 0.875 2.99384e-4 1 -1.56462e-7 0.875 0.1762802 0.4783239 0.25 0.4801821 0.2495557 0.4899296 0.9362213 0.1147023 0.5198178 0.25 0.6788697 0.4689162 0.04999983 0.875 -1.56462e-7 0.875 -1.56462e-7 0.625 0.9 0.875 0.85 0.875 0.85 0.625 0.85 0.875 0.8 0.875 0.8 0.625 0.8 0.875 0.75 0.875 0.75 0.625 0.75 0.875 0.6999999 0.875 0.6999999 0.625 0.6999999 0.875 0.6499999 0.875 0.6499999 0.625 0.6499999 0.875 0.5999999 0.875 0.5999999 0.625 0.5999999 0.875 0.5499999 0.875 0.5499999 0.625 0.5499999 0.875 0.4999999 0.875 0.4999999 0.625 0.4999999 0.875 0.4499999 0.875 0.4499999 0.625 0.4499999 0.875 0.3999999 0.875 0.3999999 0.625 0.3999999 0.875 0.3499999 0.875 0.3499999 0.625 0.3499999 0.875 0.2999998 0.875 0.2999998 0.625 0.2999998 0.875 0.2499998 0.875 0.2499998 0.625 0.2499998 0.875 0.1999998 0.875 0.1999998 0.625 0.1999998 0.875 0.1499998 0.875 0.1499998 0.625 0.1499998 0.875 0.09999984 0.875 0.09999984 0.625 0.09999984 0.875 0.04999983 0.875 0.04999983 0.625 0.95 0.875 0.9 0.875 0.9 0.625 0.3852977 0.4362213 0.3211302 0.4689162 0.25 0.4801821 0.25 0.4801821 0.1788697 0.4689162 0.1147023 0.4362214 0.1147023 0.4362214 0.06377869 0.3852977 0.03108376 0.3211303 0.03108376 0.3211303 0.01981782 0.25 0.1147023 0.4362214 0.01981782 0.25 0.03108376 0.1788697 0.1147023 0.4362214 0.03108376 0.1788697 0.06377869 0.1147023 0.1147023 0.06377869 0.1147023 0.06377869 0.1788697 0.03108376 0.03108376 0.1788697 0.1788697 0.03108376 0.25 0.01981782 0.03108376 0.1788697 0.25 0.01981782 0.3211302 0.03108376 0.3852977 0.06377869 0.3852977 0.06377869 0.4362213 0.1147023 0.4689162 0.1788697 0.4689162 0.1788697 0.4801821 0.25 0.3852977 0.4362213 0.4801821 0.25 0.4689162 0.3211302 0.3852977 0.4362213 0.4689162 0.3211302 0.4362213 0.3852977 0.3852977 0.4362213 0.3852977 0.4362213 0.25 0.4801821 0.03108376 0.1788697 0.25 0.4801821 0.1147023 0.4362214 0.03108376 0.1788697 0.25 0.01981782 0.3852977 0.06377869 0.4689162 0.1788697 0.03108376 0.1788697 0.25 0.01981782 0.4689162 0.1788697 1 0.875 0.95 0.875 0.95 0.625 0.95 0.625 0.9502995 0.5 0.9997005 0.5 0.8237198 0.4783239 0.8211303 0.4689161 0.7499999 0.4801821 0.95 0.875 1 0.875 0.9997005 1 0.3237198 0.4783239 0.2504443 0.4899296 0.25 0.4801821 0.9 0.625 0.9002995 0.5 0.9497004 0.5 0.8906676 0.4443683 0.8852978 0.4362214 0.8211303 0.4689161 0.9 0.875 0.95 0.875 0.9497004 1 0.3906676 0.4443683 0.3245649 0.4780493 0.3211302 0.4689162 0.85 0.625 0.8502995 0.5 0.8997005 0.5 0.9438461 0.3913865 0.9362213 0.3852977 0.8852978 0.4362214 0.9 0.875 0.8997004 1 0.8502995 1 0.3913865 0.443846 0.3852977 0.4362213 0.4362213 0.3852977 0.85 0.625 0.8 0.625 0.8002995 0.5 0.9443683 0.3906676 0.9780494 0.3245649 0.9689162 0.3211303 0.85 0.875 0.8497004 1 0.8002995 1 0.4443683 0.3906677 0.4362213 0.3852977 0.4689162 0.3211302 0.8 0.625 0.75 0.625 0.7502995 0.5 0.978324 0.3237198 0.9899296 0.2504443 0.9801822 0.25 0.8 0.875 0.7997004 1 0.7502995 1 0.4783239 0.3237198 0.4689162 0.3211302 0.4801821 0.25 0.6999999 0.625 0.7002995 0.5 0.7497004 0.5 0.978324 0.1762802 0.9689162 0.1788697 0.9801822 0.25 0.6999999 0.875 0.75 0.875 0.7497004 1 0.4783239 0.1762802 0.4899296 0.2495557 0.4801821 0.25 0.6499999 0.625 0.6502995 0.5 0.6997004 0.5 0.9443683 0.1093323 0.9362213 0.1147023 0.9689162 0.1788697 0.6499999 0.875 0.6999999 0.875 0.6997004 1 0.4443683 0.1093323 0.4780493 0.1754351 0.4689162 0.1788697 0.5999999 0.625 0.6002994 0.5 0.6497004 0.5 0.8913865 0.05615395 0.8852978 0.06377869 0.9362213 0.1147023 0.6499999 0.875 0.6497004 1 0.6002995 1 0.443846 0.1086134 0.4362213 0.1147023 0.3852977 0.06377869 0.5999999 0.625 0.5499999 0.625 0.5502995 0.5 0.8906677 0.05563169 0.8245649 0.0219506 0.8211302 0.03108376 0.5999999 0.875 0.5997003 1 0.5502994 1 0.3906677 0.05563169 0.3852977 0.06377869 0.3211302 0.03108376 0.5499999 0.625 0.4999999 0.625 0.5002995 0.5 0.8237199 0.02167606 0.7504443 0.01007032 0.75 0.01981782 0.5499999 0.875 0.5497004 1 0.5002994 1 0.3237198 0.02167606 0.3211302 0.03108376 0.25 0.01981782 0.4499999 0.625 0.4502994 0.5 0.4997003 0.5 0.6762802 0.02167606 0.6788697 0.03108376 0.75 0.01981782 0.4499999 0.875 0.4999999 0.875 0.4997004 1 0.1762802 0.02167606 0.2495557 0.01007032 0.25 0.01981782 0.3999999 0.625 0.4002994 0.5 0.4497003 0.5 0.6093324 0.05563169 0.6147024 0.06377869 0.6788697 0.03108376 0.3999999 0.875 0.4499999 0.875 0.4497003 1 0.1093323 0.05563169 0.1754351 0.0219506 0.1788697 0.03108376 0.3499999 0.625 0.3502994 0.5 0.3997003 0.5 0.556154 0.1086134 0.5637787 0.1147023 0.6147024 0.06377869 0.3999999 0.875 0.3997003 1 0.3502994 1 0.1086134 0.05615395 0.1147023 0.06377869 0.06377869 0.1147023 0.3499999 0.625 0.2999998 0.625 0.3002994 0.5 0.5556316 0.1093323 0.5219506 0.1754351 0.5310837 0.1788697 0.3499999 0.875 0.3497003 1 0.3002994 1 0.05563169 0.1093323 0.06377869 0.1147023 0.03108376 0.1788697 0.2999998 0.625 0.2499998 0.625 0.2502993 0.5 0.521676 0.1762802 0.5100703 0.2495557 0.5198178 0.25 0.2999998 0.875 0.2997003 1 0.2502993 1 0.02167606 0.1762802 0.03108376 0.1788697 0.01981782 0.25 0.1999998 0.625 0.2002993 0.5 0.2497003 0.5 0.5216761 0.3237198 0.5310837 0.3211302 0.5198178 0.25 0.1999998 0.875 0.2499998 0.875 0.2497003 1 0.02167606 0.3237198 0.01007032 0.2504443 0.01981782 0.25 0.1499998 0.625 0.1502993 0.5 0.1997002 0.5 0.5556317 0.3906677 0.5637787 0.3852977 0.5310837 0.3211302 0.1499998 0.875 0.1999998 0.875 0.1997003 1 0.05563169 0.3906676 0.0219506 0.3245649 0.03108376 0.3211303 0.09999984 0.625 0.1002994 0.5 0.1497003 0.5 0.6086135 0.443846 0.6147023 0.4362213 0.5637787 0.3852977 0.1499998 0.875 0.1497003 1 0.1002994 1 0.05615395 0.3913865 0.06377869 0.3852977 0.1147023 0.4362214 0.09999984 0.625 0.04999983 0.625 0.05029934 0.5 0.6093324 0.4443683 0.6754351 0.4780493 0.6788697 0.4689162 0.09999984 0.875 0.09970027 1 0.05029934 1 0.1093323 0.4443683 0.1147023 0.4362214 0.1788697 0.4689162 0.04999983 0.625 -1.56462e-7 0.625 2.99379e-4 0.5 0.6762802 0.4783239 0.7495557 0.4899296 0.7499999 0.4801821 0.04999983 0.875 0.04970026 1 2.99384e-4 1 0.1762802 0.4783239 0.1788697 0.4689162 0.25 0.4801821 0.6788697 0.4689162 0.7499999 0.4801821 0.9362213 0.3852977 0.7499999 0.4801821 0.8211303 0.4689161 0.9362213 0.3852977 0.8211303 0.4689161 0.8852978 0.4362214 0.9362213 0.3852977 0.9362213 0.3852977 0.9689162 0.3211303 0.9801822 0.25 0.9801822 0.25 0.9689162 0.1788697 0.9362213 0.1147023 0.9362213 0.1147023 0.8852978 0.06377869 0.8211302 0.03108376 0.8211302 0.03108376 0.75 0.01981782 0.9362213 0.1147023 0.75 0.01981782 0.6788697 0.03108376 0.9362213 0.1147023 0.6788697 0.03108376 0.6147024 0.06377869 0.5637787 0.1147023 0.5637787 0.1147023 0.5310837 0.1788697 0.6788697 0.03108376 0.5310837 0.1788697 0.5198178 0.25 0.6788697 0.03108376 0.5198178 0.25 0.5310837 0.3211302 0.5637787 0.3852977 0.5637787 0.3852977 0.6147023 0.4362213 0.6788697 0.4689162 0.9362213 0.3852977 0.9801822 0.25 0.6788697 0.4689162 0.9801822 0.25 0.9362213 0.1147023 0.6788697 0.4689162 0.5198178 0.25 0.5637787 0.3852977 0.6788697 0.4689162 0.9362213 0.1147023 0.6788697 0.03108376 0.5198178 0.25</float_array>
          <technique_common>
            <accessor source="#Cylinder_002-mesh-map-0-array" count="708" stride="2">
              <param name="S" type="float"/>
              <param name="T" type="float"/>
            </accessor>
          </technique_common>
        </source>
        <vertices id="Cylinder_002-mesh-vertices">
          <input semantic="POSITION" source="#Cylinder_002-mesh-positions"/>
        </vertices>
        <triangles material="ARCH_tube-material" count="236">
          <input semantic="VERTEX" source="#Cylinder_002-mesh-vertices" offset="0"/>
          <input semantic="NORMAL" source="#Cylinder_002-mesh-normals" offset="1"/>
          <input semantic="TEXCOORD" source="#Cylinder_002-mesh-map-0" offset="2" set="0"/>
          <p>118 0 0 1 0 1 115 0 2 16 1 3 19 1 4 13 1 5 22 2 6 25 2 7 19 2 8 28 3 9 31 3 10 25 3 11 34 4 12 37 4 13 31 4 14 40 5 15 43 5 16 37 5 17 46 6 18 49 6 19 43 6 20 52 7 21 55 7 22 49 7 23 58 8 24 61 8 25 55 8 26 64 9 27 67 9 28 61 9 29 70 10 30 73 10 31 67 10 32 76 11 33 79 11 34 73 11 35 82 12 36 85 12 37 79 12 38 88 13 39 91 13 40 85 13 41 94 14 42 97 14 43 91 14 44 100 15 45 103 15 46 97 15 47 106 16 48 109 16 49 103 16 50 112 17 51 115 17 52 109 17 53 10 18 54 13 18 55 7 18 56 87 19 57 39 19 58 15 19 59 4 20 60 7 20 61 1 20 62 7 21 63 2 21 64 1 21 65 8 22 66 0 22 67 2 22 68 10 23 69 5 23 70 11 23 71 11 24 72 3 24 73 9 24 74 13 25 75 8 25 76 7 25 77 14 26 78 6 26 79 8 26 80 16 27 81 11 27 82 17 27 83 17 28 84 9 28 85 15 28 86 19 29 87 14 29 88 13 29 89 20 30 90 12 30 91 14 30 92 16 31 93 23 31 94 22 31 95 17 32 96 21 32 97 23 32 98 19 33 99 26 33 100 20 33 101 20 34 102 24 34 103 18 34 104 22 35 105 29 35 106 28 35 107 23 36 108 27 36 109 29 36 110 25 37 111 32 37 112 26 37 113 26 38 114 30 38 115 24 38 116 28 39 117 35 39 118 34 39 119 29 40 120 33 40 121 35 40 122 37 41 123 32 41 124 31 41 125 38 42 126 30 42 127 32 42 128 40 43 129 35 43 130 41 43 131 41 44 132 33 44 133 39 44 134 43 45 135 38 45 136 37 45 137 44 46 138 36 46 139 38 46 140 46 47 141 41 47 142 47 47 143 47 48 144 39 48 145 45 48 146 49 49 147 44 49 148 43 49 149 50 50 150 42 50 151 44 50 152 46 51 153 53 51 154 52 51 155 47 52 156 51 52 157 53 52 158 49 53 159 56 53 160 50 53 161 50 54 162 54 54 163 48 54 164 52 55 165 59 55 166 58 55 167 53 56 168 57 56 169 59 56 170 55 57 171 62 57 172 56 57 173 56 58 174 60 58 175 54 58 176 58 59 177 65 59 178 64 59 179 59 60 180 63 60 181 65 60 182 67 61 183 62 61 184 61 61 185 68 62 186 60 62 187 62 62 188 70 63 189 65 63 190 71 63 191 71 64 192 63 64 193 69 64 194 73 65 195 68 65 196 67 65 197 74 66 198 66 66 199 68 66 200 76 67 201 71 67 202 77 67 203 77 68 204 69 68 205 75 68 206 79 69 207 74 69 208 73 69 209 80 70 210 72 70 211 74 70 212 76 71 213 83 71 214 82 71 215 77 72 216 81 72 217 83 72 218 79 73 219 86 73 220 80 73 221 80 74 222 84 74 223 78 74 224 82 75 225 89 75 226 88 75 227 83 76 228 87 76 229 89 76 230 85 77 231 92 77 232 86 77 233 86 78 234 90 78 235 84 78 236 88 79 237 95 79 238 94 79 239 89 80 240 93 80 241 95 80 242 97 81 243 92 81 244 91 81 245 98 82 246 90 82 247 92 82 248 100 83 249 95 83 250 101 83 251 101 84 252 93 84 253 99 84 254 103 85 255 98 85 256 97 85 257 104 86 258 96 86 259 98 86 260 106 87 261 101 87 262 107 87 263 107 88 264 99 88 265 105 88 266 109 89 267 104 89 268 103 89 269 110 90 270 102 90 271 104 90 272 106 91 273 113 91 274 112 91 275 107 92 276 111 92 277 113 92 278 109 93 279 116 93 280 110 93 281 110 94 282 114 94 283 108 94 284 112 95 285 119 95 286 118 95 287 113 96 288 117 96 289 119 96 290 115 97 291 2 97 292 116 97 293 116 98 294 0 98 295 114 98 296 118 99 297 5 99 298 4 99 299 119 100 300 3 100 301 5 100 302 42 101 303 90 101 304 114 101 305 118 102 306 4 102 307 1 102 308 16 103 309 22 103 310 19 103 311 22 104 312 28 104 313 25 104 314 28 105 315 34 105 316 31 105 317 34 106 318 40 106 319 37 106 320 40 107 321 46 107 322 43 107 323 46 108 324 52 108 325 49 108 326 52 109 327 58 109 328 55 109 329 58 110 330 64 110 331 61 110 332 64 111 333 70 111 334 67 111 335 70 112 336 76 112 337 73 112 338 76 113 339 82 113 340 79 113 341 82 114 342 88 114 343 85 114 344 88 115 345 94 115 346 91 115 347 94 116 348 100 116 349 97 116 350 100 117 351 106 117 352 103 117 353 106 118 354 112 118 355 109 118 356 112 119 357 118 119 358 115 119 359 10 120 360 16 120 361 13 120 362 15 121 363 9 121 364 3 121 365 3 122 366 117 122 367 111 122 368 111 123 369 105 123 370 99 123 371 99 124 372 93 124 373 111 124 374 93 125 375 87 125 376 111 125 377 87 126 378 81 126 379 75 126 380 75 127 381 69 127 382 87 127 383 69 128 384 63 128 385 87 128 386 63 129 387 57 129 388 51 129 389 51 130 390 45 130 391 39 130 392 39 131 393 33 131 394 15 131 395 33 132 396 27 132 397 15 132 398 27 133 399 21 133 400 15 133 401 15 134 402 3 134 403 87 134 404 3 135 405 111 135 406 87 135 407 63 136 408 51 136 409 39 136 410 87 137 411 63 137 412 39 137 413 4 138 414 10 138 415 7 138 416 7 139 417 8 139 418 2 139 419 8 140 420 6 140 421 0 140 422 10 141 423 4 141 424 5 141 425 11 142 426 5 142 427 3 142 428 13 143 429 14 143 430 8 143 431 14 144 432 12 144 433 6 144 434 16 145 435 10 145 436 11 145 437 17 146 438 11 146 439 9 146 440 19 147 441 20 147 442 14 147 443 20 148 444 18 148 445 12 148 446 16 149 447 17 149 448 23 149 449 17 150 450 15 150 451 21 150 452 19 151 453 25 151 454 26 151 455 20 152 456 26 152 457 24 152 458 22 153 459 23 153 460 29 153 461 23 154 462 21 154 463 27 154 464 25 155 465 31 155 466 32 155 467 26 156 468 32 156 469 30 156 470 28 157 471 29 157 472 35 157 473 29 158 474 27 158 475 33 158 476 37 159 477 38 159 478 32 159 479 38 160 480 36 160 481 30 160 482 40 161 483 34 161 484 35 161 485 41 162 486 35 162 487 33 162 488 43 163 489 44 163 490 38 163 491 44 164 492 42 164 493 36 164 494 46 165 495 40 165 496 41 165 497 47 166 498 41 166 499 39 166 500 49 167 501 50 167 502 44 167 503 50 168 504 48 168 505 42 168 506 46 169 507 47 169 508 53 169 509 47 170 510 45 170 511 51 170 512 49 171 513 55 171 514 56 171 515 50 172 516 56 172 517 54 172 518 52 173 519 53 173 520 59 173 521 53 174 522 51 174 523 57 174 524 55 175 525 61 175 526 62 175 527 56 176 528 62 176 529 60 176 530 58 177 531 59 177 532 65 177 533 59 178 534 57 178 535 63 178 536 67 179 537 68 179 538 62 179 539 68 180 540 66 180 541 60 180 542 70 181 543 64 181 544 65 181 545 71 182 546 65 182 547 63 182 548 73 183 549 74 183 550 68 183 551 74 184 552 72 184 553 66 184 554 76 185 555 70 185 556 71 185 557 77 186 558 71 186 559 69 186 560 79 187 561 80 187 562 74 187 563 80 188 564 78 188 565 72 188 566 76 189 567 77 189 568 83 189 569 77 190 570 75 190 571 81 190 572 79 191 573 85 191 574 86 191 575 80 192 576 86 192 577 84 192 578 82 193 579 83 193 580 89 193 581 83 194 582 81 194 583 87 194 584 85 195 585 91 195 586 92 195 587 86 196 588 92 196 589 90 196 590 88 197 591 89 197 592 95 197 593 89 198 594 87 198 595 93 198 596 97 199 597 98 199 598 92 199 599 98 200 600 96 200 601 90 200 602 100 201 603 94 201 604 95 201 605 101 202 606 95 202 607 93 202 608 103 203 609 104 203 610 98 203 611 104 204 612 102 204 613 96 204 614 106 205 615 100 205 616 101 205 617 107 206 618 101 206 619 99 206 620 109 207 621 110 207 622 104 207 623 110 208 624 108 208 625 102 208 626 106 209 627 107 209 628 113 209 629 107 210 630 105 210 631 111 210 632 109 211 633 115 211 634 116 211 635 110 212 636 116 212 637 114 212 638 112 213 639 113 213 640 119 213 641 113 214 642 111 214 643 117 214 644 115 215 645 1 215 646 2 215 647 116 216 648 2 216 649 0 216 650 118 217 651 119 217 652 5 217 653 119 218 654 117 218 655 3 218 656 114 219 657 0 219 658 18 219 659 0 220 660 6 220 661 18 220 662 6 221 663 12 221 664 18 221 665 18 222 666 24 222 667 30 222 668 30 223 669 36 223 670 42 223 671 42 224 672 48 224 673 54 224 674 54 225 675 60 225 676 42 225 677 60 226 678 66 226 679 42 226 680 66 227 681 72 227 682 78 227 683 78 228 684 84 228 685 66 228 686 84 229 687 90 229 688 66 229 689 90 230 690 96 230 691 102 230 692 102 231 693 108 231 694 114 231 695 18 232 696 30 232 697 114 232 698 30 233 699 42 233 700 114 233 701 90 234 702 102 234 703 114 234 704 42 235 705 66 235 706 90 235 707</p>
        </triangles>
      </mesh>
    </geometry>
    <geometry id="Cylinder_001-mesh" name="Cylinder.001">
      <mesh>
        <source id="Cylinder_001-mesh-positions">
          <float_array id="Cylinder_001-mesh-positions-array" count="108">-1.17 0.5225 -0.7775002 1.17 0.5225 0.7775002 -1.071092 0.4909893 -0.9263388 1.268908 0.4909893 0.6286615 -0.9841144 0.4002582 -1.057225 1.355886 0.4002582 0.4977751 -0.919557 0.26125 -1.154373 1.420443 0.26125 0.4006276 -0.8852067 0.09073114 -1.206064 1.454793 0.09073114 0.3489365 -0.8852067 -0.09073114 -1.206064 1.454793 -0.09073114 0.3489365 -0.919557 -0.26125 -1.154373 1.420443 -0.26125 0.4006276 -0.9841144 -0.4002582 -1.057225 1.355886 -0.4002582 0.4977751 -1.071092 -0.4909893 -0.9263388 1.268908 -0.4909893 0.6286615 -1.17 -0.5225 -0.7775002 1.17 -0.5225 0.7775002 -1.268908 -0.4909893 -0.6286615 1.071092 -0.4909893 0.9263388 -1.355886 -0.4002582 -0.4977751 0.9841144 -0.4002582 1.057225 -1.420443 -0.26125 -0.4006276 0.919557 -0.26125 1.154373 -1.454793 -0.09073114 -0.3489365 0.8852067 -0.09073114 1.206064 -1.454793 0.09073114 -0.3489365 0.8852067 0.09073114 1.206064 -1.420443 0.26125 -0.4006276 0.919557 0.26125 1.154373 -1.355886 0.4002582 -0.4977751 0.9841144 0.4002582 1.057225 -1.268908 0.4909893 -0.6286615 1.071092 0.4909893 0.9263388</float_array>
          <technique_common>
            <accessor source="#Cylinder_001-mesh-positions-array" count="36" stride="3">
              <param name="X" type="float"/>
              <param name="Y" type="float"/>
              <param name="Z" type="float"/>
            </accessor>
          </technique_common>
        </source>
        <source id="Cylinder_001-mesh-normals">
          <float_array id="Cylinder_001-mesh-normals-array" count="204">0.09610861 0.9848077 -0.1446265 0.2767338 0.8660253 -0.4164354 0.4239808 0.6427875 -0.638016 0.5200894 0.3420199 -0.7826425 0.5534675 0 -0.8328707 0.5200893 -0.3420202 -0.7826424 0.4239807 -0.6427877 -0.6380159 0.2767338 -0.8660254 -0.4164353 0.09610861 -0.9848077 -0.1446265 -0.09610861 -0.9848077 0.1446265 -0.2767338 -0.8660254 0.4164353 -0.4239807 -0.6427877 0.6380159 -0.5200893 -0.3420202 0.7826424 -0.5534675 0 0.8328707 -0.5200894 0.34202 0.7826425 -0.4239808 0.6427875 0.638016 0.8328707 0 0.5534675 -0.2767338 0.8660253 0.4164354 -0.09610861 0.9848077 0.1446265 -0.8328708 0 -0.5534676 0.09610861 0.9848077 -0.1446265 0.2767338 0.8660254 -0.4164354 0.4239808 0.6427875 -0.6380161 0.5200894 0.34202 -0.7826425 0.5534675 0 -0.8328707 0.5200894 -0.34202 -0.7826425 0.4239808 -0.6427875 -0.6380161 0.2767338 -0.8660254 -0.4164354 0.09610861 -0.9848077 -0.1446265 -0.09610861 -0.9848077 0.1446265 -0.2767338 -0.8660254 0.4164354 -0.4239808 -0.6427875 0.6380161 -0.5200894 -0.3420199 0.7826425 -0.5534675 0 0.8328707 -0.5200894 0.3420199 0.7826425 -0.4239808 0.6427875 0.6380161 0.8328708 1.2225e-7 0.5534675 0.8328707 0 0.5534675 0.8328709 -3.30777e-7 0.5534674 0.8328706 0 0.5534677 0.8328706 0 0.5534678 0.8328709 3.30777e-7 0.5534673 0.8328708 0 0.5534675 0.8328709 -3.30777e-7 0.5534673 0.8328708 0 0.5534676 0.8328708 0 0.5534676 0.8328708 2.79276e-7 0.5534675 0.8328707 0 0.5534676 0.8328707 0 0.5534675 0.8328709 2.72212e-7 0.5534675 0.8328707 0 0.5534676 -0.2767338 0.8660254 0.4164354 -0.09610861 0.9848077 0.1446265 -0.8328708 0 -0.5534675 -0.8328709 -3.30777e-7 -0.5534673 -0.8328706 0 -0.5534678 -0.8328706 0 -0.5534677 -0.8328709 3.30777e-7 -0.5534674 -0.8328709 -3.30777e-7 -0.5534674 -0.8328707 0 -0.5534678 -0.8328707 0 -0.5534676 -0.8328708 0 -0.5534676 -0.8328709 3.30777e-7 -0.5534673 -0.8328709 -2.72212e-7 -0.5534675 -0.8328706 0 -0.5534678 -0.8328708 0 -0.5534675 -0.8328707 0 -0.5534675 -0.8328707 0 -0.5534676</float_array>
          <technique_common>
            <accessor source="#Cylinder_001-mesh-normals-array" count="68" stride="3">
              <param name="X" type="float"/>
              <param name="Y" type="float"/>
              <param name="Z" type="float"/>
            </accessor>
          </technique_common>
        </source>
        <source id="Cylinder_001-mesh-map-0">
          <float_array id="Cylinder_001-mesh-map-0-array" count="408">0.3286046 0.003576695 0.3733374 0.7406184 0.3286046 0.7406184 0.3733374 0.7406184 0.420941 0.003576695 0.4209411 0.7406184 0.420941 0.003576695 0.4656738 0.7406184 0.4209411 0.7406184 0.4656738 0.003576695 0.5021404 0.7406184 0.4656738 0.7406184 0.5092938 0.003576695 0.5457603 0.7406184 0.5092938 0.7406184 0.5457603 0.7406184 0.5904932 0.003576695 0.5904931 0.7406184 0.5904931 0.7406184 0.6380968 0.003576755 0.6380968 0.7406184 0.6380968 0.003576755 0.6828296 0.7406184 0.6380968 0.7406184 0.6828296 0.003576695 0.719296 0.7406184 0.6828296 0.7406184 0.003576695 0.003576755 0.02737855 0.7406185 0.003576695 0.7406185 0.02737855 0.003576755 0.06384509 0.7406185 0.02737855 0.7406185 0.06384509 0.7406185 0.1085779 0.003576755 0.1085779 0.7406185 0.1085779 0.7406185 0.1561815 0.003576695 0.1561815 0.7406185 0.1561815 0.003576695 0.2009143 0.7406185 0.1561815 0.7406185 0.2009143 0.003576755 0.2373809 0.7406185 0.2009143 0.7406185 0.2373809 0.003576755 0.2611827 0.7406185 0.2373809 0.7406185 0.9801419 0.07211136 0.9964233 0.1644478 0.77333 0.2456471 0.2683362 0.7406184 0.292138 0.003576695 0.292138 0.7406184 0.292138 0.003576695 0.3286046 0.7406184 0.292138 0.7406184 0.9801419 0.3534034 0.77333 0.5269392 0.742731 0.3534033 0.3286046 0.003576695 0.3733374 0.003576636 0.3733374 0.7406184 0.3733374 0.7406184 0.3733374 0.003576636 0.420941 0.003576695 0.420941 0.003576695 0.4656738 0.003576695 0.4656738 0.7406184 0.4656738 0.003576695 0.5021404 0.003576695 0.5021404 0.7406184 0.5092938 0.003576695 0.5457603 0.003576695 0.5457603 0.7406184 0.5457603 0.7406184 0.5457603 0.003576695 0.5904932 0.003576695 0.5904931 0.7406184 0.5904932 0.003576695 0.6380968 0.003576755 0.6380968 0.003576755 0.6828296 0.003576695 0.6828296 0.7406184 0.6828296 0.003576695 0.7192961 0.003576695 0.719296 0.7406184 0.003576695 0.003576755 0.02737855 0.003576755 0.02737855 0.7406185 0.02737855 0.003576755 0.06384509 0.003576755 0.06384509 0.7406185 0.06384509 0.7406185 0.06384509 0.003576755 0.1085779 0.003576755 0.1085779 0.7406185 0.1085779 0.003576755 0.1561815 0.003576695 0.1561815 0.003576695 0.2009143 0.003576755 0.2009143 0.7406185 0.2009143 0.003576755 0.2373809 0.003576755 0.2373809 0.7406185 0.2373809 0.003576755 0.2611827 0.003576755 0.2611827 0.7406185 0.9495428 0.2456471 0.9083169 0.2694489 0.77333 0.2456471 0.9083169 0.2694489 0.8614364 0.2777153 0.77333 0.2456471 0.8614364 0.2777153 0.814556 0.2694489 0.77333 0.2456471 0.77333 0.2456471 0.742731 0.2091806 0.7264496 0.1644478 0.7264496 0.1644478 0.7264496 0.1168441 0.742731 0.07211136 0.742731 0.07211136 0.77333 0.03564482 0.814556 0.01184302 0.814556 0.01184302 0.8614364 0.003576695 0.9083169 0.01184302 0.9083169 0.01184302 0.9495428 0.03564482 0.9801419 0.07211136 0.9801419 0.07211136 0.9964233 0.1168442 0.9964233 0.1644478 0.9964233 0.1644478 0.9801419 0.2091806 0.77333 0.2456471 0.9801419 0.2091806 0.9495428 0.2456471 0.77333 0.2456471 0.77333 0.2456471 0.7264496 0.1644478 0.9083169 0.01184302 0.7264496 0.1644478 0.742731 0.07211136 0.9083169 0.01184302 0.742731 0.07211136 0.814556 0.01184302 0.9083169 0.01184302 0.9083169 0.01184302 0.9801419 0.07211136 0.77333 0.2456471 0.2683362 0.7406184 0.2683362 0.003576636 0.292138 0.003576695 0.292138 0.003576695 0.3286046 0.003576695 0.3286046 0.7406184 0.814556 0.2931351 0.8614365 0.2848687 0.908317 0.2931351 0.908317 0.2931351 0.9495429 0.3169369 0.9801419 0.3534034 0.9801419 0.3534034 0.9964234 0.3981362 0.9964234 0.4457398 0.9964234 0.4457398 0.9801419 0.4904726 0.9495429 0.5269392 0.9495429 0.5269392 0.9083169 0.550741 0.8614365 0.5590072 0.8614365 0.5590072 0.814556 0.550741 0.77333 0.5269392 0.77333 0.5269392 0.742731 0.4904726 0.742731 0.3534033 0.742731 0.4904726 0.7264496 0.4457398 0.742731 0.3534033 0.7264496 0.4457398 0.7264496 0.3981361 0.742731 0.3534033 0.742731 0.3534033 0.77333 0.3169369 0.814556 0.2931351 0.814556 0.2931351 0.908317 0.2931351 0.9801419 0.3534034 0.9801419 0.3534034 0.9964234 0.4457398 0.9495429 0.5269392 0.9495429 0.5269392 0.8614365 0.5590072 0.9801419 0.3534034 0.8614365 0.5590072 0.77333 0.5269392 0.9801419 0.3534034 0.742731 0.3534033 0.814556 0.2931351 0.9801419 0.3534034</float_array>
          <technique_common>
            <accessor source="#Cylinder_001-mesh-map-0-array" count="204" stride="2">
              <param name="S" type="float"/>
              <param name="T" type="float"/>
            </accessor>
          </technique_common>
        </source>
        <vertices id="Cylinder_001-mesh-vertices">
          <input semantic="POSITION" source="#Cylinder_001-mesh-positions"/>
        </vertices>
        <triangles material="ARCH_tube-material" count="68">
          <input semantic="VERTEX" source="#Cylinder_001-mesh-vertices" offset="0"/>
          <input semantic="NORMAL" source="#Cylinder_001-mesh-normals" offset="1"/>
          <input semantic="TEXCOORD" source="#Cylinder_001-mesh-map-0" offset="2" set="0"/>
          <p>1 0 0 2 0 1 0 0 2 2 1 3 5 1 4 4 1 5 5 2 6 6 2 7 4 2 8 7 3 9 8 3 10 6 3 11 9 4 12 10 4 13 8 4 14 10 5 15 13 5 16 12 5 17 12 6 18 15 6 19 14 6 20 15 7 21 16 7 22 14 7 23 17 8 24 18 8 25 16 8 26 19 9 27 20 9 28 18 9 29 21 10 30 22 10 31 20 10 32 22 11 33 25 11 34 24 11 35 24 12 36 27 12 37 26 12 38 27 13 39 28 13 40 26 13 41 29 14 42 30 14 43 28 14 44 31 15 45 32 15 46 30 15 47 13 16 48 9 16 49 33 16 50 32 17 51 35 17 52 34 17 53 35 18 54 0 18 55 34 18 56 6 19 57 22 19 58 30 19 59 1 20 60 3 20 61 2 20 62 2 21 63 3 21 64 5 21 65 5 22 66 7 22 67 6 22 68 7 23 69 9 23 70 8 23 71 9 24 72 11 24 73 10 24 74 10 25 75 11 25 76 13 25 77 12 26 78 13 26 79 15 26 80 15 27 81 17 27 82 16 27 83 17 28 84 19 28 85 18 28 86 19 29 87 21 29 88 20 29 89 21 30 90 23 30 91 22 30 92 22 31 93 23 31 94 25 31 95 24 32 96 25 32 97 27 32 98 27 33 99 29 33 100 28 33 101 29 34 102 31 34 103 30 34 104 31 35 105 33 35 106 32 35 107 5 36 108 3 36 109 33 36 110 3 37 111 1 37 112 33 37 113 1 38 114 35 38 115 33 38 116 33 39 117 31 39 118 29 39 119 29 40 120 27 40 121 25 40 122 25 41 123 23 41 124 21 41 125 21 42 126 19 42 127 17 42 128 17 43 129 15 43 130 13 43 131 13 44 132 11 44 133 9 44 134 9 45 135 7 45 136 33 45 137 7 46 138 5 46 139 33 46 140 33 47 141 29 47 142 17 47 143 29 48 144 25 48 145 17 48 146 25 49 147 21 49 148 17 49 149 17 50 150 13 50 151 33 50 152 32 51 153 33 51 154 35 51 155 35 52 156 1 52 157 0 52 158 34 53 159 0 53 160 2 53 161 2 54 162 4 54 163 6 54 164 6 55 165 8 55 166 10 55 167 10 56 168 12 56 169 14 56 170 14 57 171 16 57 172 18 57 173 18 58 174 20 58 175 22 58 176 22 59 177 24 59 178 30 59 179 24 60 180 26 60 181 30 60 182 26 61 183 28 61 184 30 61 185 30 62 186 32 62 187 34 62 188 34 63 189 2 63 190 6 63 191 6 64 192 10 64 193 14 64 194 14 65 195 18 65 196 6 65 197 18 66 198 22 66 199 6 66 200 30 67 201 34 67 202 6 67 203</p>
        </triangles>
      </mesh>
    </geometry>
    <geometry id="Cylinder-mesh" name="Cylinder">
      <mesh>
        <source id="Cylinder-mesh-positions">
          <float_array id="Cylinder-mesh-positions-array" count="108">0 0.55 -2.1075 0 0.55 2.1075 0.1881111 0.5168309 -2.1075 0.1881111 0.5168309 2.1075 0.3535332 0.4213244 -2.1075 0.3535332 0.4213244 2.1075 0.476314 0.275 -2.1075 0.476314 0.275 2.1075 0.5416443 0.09550648 -2.1075 0.5416443 0.09550648 2.1075 0.5416443 -0.09550648 -2.1075 0.5416443 -0.09550648 2.1075 0.476314 -0.275 -2.1075 0.476314 -0.275 2.1075 0.3535332 -0.4213244 -2.1075 0.3535332 -0.4213244 2.1075 0.1881111 -0.5168309 -2.1075 0.1881111 -0.5168309 2.1075 0 -0.55 -2.1075 0 -0.55 2.1075 -0.1881111 -0.5168309 -2.1075 -0.1881111 -0.5168309 2.1075 -0.3535332 -0.4213244 -2.1075 -0.3535332 -0.4213244 2.1075 -0.476314 -0.275 -2.1075 -0.476314 -0.275 2.1075 -0.5416443 -0.09550648 -2.1075 -0.5416443 -0.09550648 2.1075 -0.5416443 0.09550648 -2.1075 -0.5416443 0.09550648 2.1075 -0.476314 0.275 -2.1075 -0.476314 0.275 2.1075 -0.3535332 0.4213244 -2.1075 -0.3535332 0.4213244 2.1075 -0.1881111 0.5168309 -2.1075 -0.1881111 0.5168309 2.1075</float_array>
          <technique_common>
            <accessor source="#Cylinder-mesh-positions-array" count="36" stride="3">
              <param name="X" type="float"/>
              <param name="Y" type="float"/>
              <param name="Z" type="float"/>
            </accessor>
          </technique_common>
        </source>
        <source id="Cylinder-mesh-normals">
          <float_array id="Cylinder-mesh-normals-array" count="204">0.1736483 0.9848077 0 0.4999998 0.8660255 0 0.7660445 0.6427875 0 0.9396926 0.3420202 0 1 0 0 0.9396926 -0.3420202 0 0.7660445 -0.6427875 0 0.4999998 -0.8660255 0 0.1736483 -0.9848077 0 -0.1736483 -0.9848077 0 -0.4999998 -0.8660255 0 -0.7660445 -0.6427875 0 -0.9396926 -0.3420202 0 -1 0 0 -0.9396926 0.3420202 0 -0.7660445 0.6427875 0 0 0 1 -0.4999998 0.8660255 0 -0.1736483 0.9848077 0 0 0 -1 0.1736483 0.9848077 0 0.4999998 0.8660255 0 0.7660445 0.6427875 0 0.9396926 0.3420202 0 1 0 0 0.9396926 -0.3420202 0 0.7660445 -0.6427875 0 0.4999998 -0.8660255 0 0.1736483 -0.9848077 0 -0.1736483 -0.9848077 0 -0.4999998 -0.8660255 0 -0.7660445 -0.6427875 0 -0.9396926 -0.3420202 0 -1 0 0 -0.9396926 0.3420202 0 -0.7660445 0.6427875 0 0 0 1 0 0 1 0 0 1 0 0 1 0 0 1 0 0 1 0 0 1 0 0 1 0 0 1 0 0 1 0 0 1 0 0 1 0 0 1 0 0 1 0 0 1 -0.4999998 0.8660255 0 -0.1736483 0.9848077 0 0 0 -1 0 0 -1 0 0 -1 0 0 -1 0 0 -1 0 0 -1 0 0 -1 0 0 -1 0 0 -1 0 0 -1 0 0 -1 0 0 -1 0 0 -1 0 0 -1 0 0 -1</float_array>
          <technique_common>
            <accessor source="#Cylinder-mesh-normals-array" count="68" stride="3">
              <param name="X" type="float"/>
              <param name="Y" type="float"/>
              <param name="Z" type="float"/>
            </accessor>
          </technique_common>
        </source>
        <source id="Cylinder-mesh-map-0">
          <float_array id="Cylinder-mesh-map-0-array" count="408">0.4840181 0.00431323 0.5279412 0.9735434 0.4840181 0.9735434 0.5279412 0.00431323 0.5692153 0.9735434 0.5279412 0.9735434 0.00431323 0.00431323 0.03796023 0.9735434 0.00431323 0.9735434 0.03796023 0.00431323 0.07923442 0.9735434 0.03796023 0.9735434 0.07923442 0.00431323 0.1231575 0.9735434 0.07923442 0.9735434 0.1231575 0.00431323 0.1644316 0.9735434 0.1231575 0.9735434 0.1644316 0.00431323 0.1980786 0.9735434 0.1644316 0.9735434 0.5778419 0.00431323 0.6191161 0.9735434 0.5778419 0.9735434 0.6191161 0.00431323 0.6630392 0.9735434 0.6191161 0.9735434 0.6630392 0.00431323 0.7043133 0.9735434 0.6630392 0.9735434 0.7043133 0.00431323 0.7379603 0.9735434 0.7043133 0.9735434 0.2067051 0.00431323 0.2403521 0.9735434 0.2067051 0.9735434 0.2403521 0.00431323 0.2816263 0.9735434 0.2403521 0.9735434 0.2816263 0.00431323 0.3255493 0.9735434 0.2816263 0.9735434 0.3255493 0.00431323 0.3668234 0.9735434 0.3255493 0.9735434 0.3668234 0.00431323 0.4004704 0.9735434 0.3668234 0.9735434 0.7616094 0.1940202 0.952431 0.03390192 0.9806641 0.1940202 0.409097 0.00431323 0.442744 0.9735434 0.409097 0.9735434 0.442744 0.00431323 0.4840181 0.9735434 0.442744 0.9735434 0.7465867 0.4143152 0.9806641 0.3291181 0.9524309 0.4892364 0.4840181 0.00431323 0.5279412 0.00431323 0.5279412 0.9735434 0.5279412 0.00431323 0.5692153 0.00431323 0.5692153 0.9735434 0.00431323 0.00431323 0.03796023 0.00431323 0.03796023 0.9735434 0.03796023 0.00431323 0.07923442 0.00431323 0.07923442 0.9735434 0.07923442 0.00431323 0.1231575 0.00431323 0.1231575 0.9735434 0.1231575 0.00431323 0.1644316 0.00431323 0.1644316 0.9735434 0.1644316 0.00431323 0.1980786 0.00431323 0.1980786 0.9735434 0.5778419 0.00431323 0.6191161 0.00431323 0.6191161 0.9735434 0.6191161 0.00431323 0.6630392 0.00431323 0.6630392 0.9735434 0.6630392 0.00431323 0.7043133 0.00431323 0.7043133 0.9735434 0.7043133 0.00431323 0.7379603 0.00431323 0.7379603 0.9735434 0.2067051 0.00431323 0.2403521 0.00431323 0.2403521 0.9735434 0.2403521 0.00431323 0.2816263 0.00431323 0.2816263 0.9735434 0.2816263 0.00431323 0.3255493 0.00431323 0.3255493 0.9735434 0.3255493 0.00431323 0.3668234 0.00431323 0.3668234 0.9735434 0.3668234 0.00431323 0.4004704 0.00431323 0.4004704 0.9735434 0.9143925 0.2496287 0.8711367 0.2572559 0.827881 0.2496287 0.827881 0.2496287 0.7898426 0.2276672 0.9143925 0.2496287 0.7898426 0.2276672 0.7616094 0.1940202 0.9143925 0.2496287 0.7616094 0.1940202 0.7465868 0.1527461 0.7898426 0.03390192 0.7465868 0.1527461 0.7465868 0.1088231 0.7898426 0.03390192 0.7465868 0.1088231 0.7616094 0.06754893 0.7898426 0.03390192 0.7898426 0.03390192 0.827881 0.01194041 0.8711367 0.00431323 0.8711367 0.00431323 0.9143925 0.01194041 0.952431 0.03390192 0.952431 0.03390192 0.9806641 0.06754893 0.9956867 0.1088231 0.9956867 0.1088231 0.9956867 0.1527461 0.9806641 0.1940202 0.9806641 0.1940202 0.9524309 0.2276672 0.9143925 0.2496287 0.7898426 0.03390192 0.8711367 0.00431323 0.952431 0.03390192 0.952431 0.03390192 0.9956867 0.1088231 0.9806641 0.1940202 0.9806641 0.1940202 0.9143925 0.2496287 0.7616094 0.1940202 0.7616094 0.1940202 0.7898426 0.03390192 0.952431 0.03390192 0.409097 0.00431323 0.442744 0.00431323 0.442744 0.9735434 0.442744 0.00431323 0.4840181 0.00431323 0.4840181 0.9735434 0.8711367 0.5188251 0.8278809 0.5111979 0.7898425 0.4892364 0.7898425 0.4892364 0.7616093 0.4555894 0.7465867 0.4143152 0.7465867 0.4143152 0.7465867 0.3703922 0.7616093 0.3291181 0.7616093 0.3291181 0.7898425 0.2954711 0.8278809 0.2735096 0.8278809 0.2735096 0.8711367 0.2658824 0.9143924 0.2735096 0.9143924 0.2735096 0.9524309 0.2954711 0.8278809 0.2735096 0.9524309 0.2954711 0.9806641 0.3291181 0.8278809 0.2735096 0.9806641 0.3291181 0.9956866 0.3703923 0.9524309 0.4892364 0.9956866 0.3703923 0.9956866 0.4143153 0.9524309 0.4892364 0.9956866 0.4143153 0.980664 0.4555894 0.9524309 0.4892364 0.9524309 0.4892364 0.9143924 0.5111979 0.8711367 0.5188251 0.8711367 0.5188251 0.7898425 0.4892364 0.7465867 0.4143152 0.7465867 0.4143152 0.7616093 0.3291181 0.8278809 0.2735096 0.9524309 0.4892364 0.8711367 0.5188251 0.7465867 0.4143152 0.7465867 0.4143152 0.8278809 0.2735096 0.9806641 0.3291181</float_array>
          <technique_common>
            <accessor source="#Cylinder-mesh-map-0-array" count="204" stride="2">
              <param name="S" type="float"/>
              <param name="T" type="float"/>
            </accessor>
          </technique_common>
        </source>
        <vertices id="Cylinder-mesh-vertices">
          <input semantic="POSITION" source="#Cylinder-mesh-positions"/>
        </vertices>
        <triangles material="ARCH_tube-material" count="68">
          <input semantic="VERTEX" source="#Cylinder-mesh-vertices" offset="0"/>
          <input semantic="NORMAL" source="#Cylinder-mesh-normals" offset="1"/>
          <input semantic="TEXCOORD" source="#Cylinder-mesh-map-0" offset="2" set="0"/>
          <p>1 0 0 2 0 1 0 0 2 3 1 3 4 1 4 2 1 5 5 2 6 6 2 7 4 2 8 7 3 9 8 3 10 6 3 11 9 4 12 10 4 13 8 4 14 11 5 15 12 5 16 10 5 17 13 6 18 14 6 19 12 6 20 15 7 21 16 7 22 14 7 23 17 8 24 18 8 25 16 8 26 19 9 27 20 9 28 18 9 29 21 10 30 22 10 31 20 10 32 23 11 33 24 11 34 22 11 35 25 12 36 26 12 37 24 12 38 27 13 39 28 13 40 26 13 41 29 14 42 30 14 43 28 14 44 31 15 45 32 15 46 30 15 47 33 16 48 17 16 49 9 16 50 33 17 51 34 17 52 32 17 53 35 18 54 0 18 55 34 18 56 6 19 57 22 19 58 30 19 59 1 20 60 3 20 61 2 20 62 3 21 63 5 21 64 4 21 65 5 22 66 7 22 67 6 22 68 7 23 69 9 23 70 8 23 71 9 24 72 11 24 73 10 24 74 11 25 75 13 25 76 12 25 77 13 26 78 15 26 79 14 26 80 15 27 81 17 27 82 16 27 83 17 28 84 19 28 85 18 28 86 19 29 87 21 29 88 20 29 89 21 30 90 23 30 91 22 30 92 23 31 93 25 31 94 24 31 95 25 32 96 27 32 97 26 32 98 27 33 99 29 33 100 28 33 101 29 34 102 31 34 103 30 34 104 31 35 105 33 35 106 32 35 107 5 36 108 3 36 109 1 36 110 1 37 111 35 37 112 5 37 113 35 38 114 33 38 115 5 38 116 33 39 117 31 39 118 25 39 119 31 40 120 29 40 121 25 40 122 29 41 123 27 41 124 25 41 125 25 42 126 23 42 127 21 42 128 21 43 129 19 43 130 17 43 131 17 44 132 15 44 133 13 44 134 13 45 135 11 45 136 9 45 137 9 46 138 7 46 139 5 46 140 25 47 141 21 47 142 17 47 143 17 48 144 13 48 145 9 48 146 9 49 147 5 49 148 33 49 149 33 50 150 25 50 151 17 50 152 33 51 153 35 51 154 34 51 155 35 52 156 1 52 157 0 52 158 34 53 159 0 53 160 2 53 161 2 54 162 4 54 163 6 54 164 6 55 165 8 55 166 10 55 167 10 56 168 12 56 169 14 56 170 14 57 171 16 57 172 18 57 173 18 58 174 20 58 175 14 58 176 20 59 177 22 59 178 14 59 179 22 60 180 24 60 181 30 60 182 24 61 183 26 61 184 30 61 185 26 62 186 28 62 187 30 62 188 30 63 189 32 63 190 34 63 191 34 64 192 2 64 193 6 64 194 6 65 195 10 65 196 14 65 197 30 66 198 34 66 199 6 66 200 6 67 201 14 67 202 22 67 203</p>
        </triangles>
      </mesh>
    </geometry>
  </library_geometries>
  <library_visual_scenes>
    <visual_scene id="Scene" name="Scene">
      <node id="arch_root" name="arch_root" type="NODE">
        <matrix sid="transform">1 0 0 0 0 1 0 0 0 0 1 0 0 0 0 1</matrix>
        <node id="arch_leg_L" name="arch_leg_L" type="NODE">
          <matrix sid="transform">1 0 0 -4.05 0 1 0 0 0 0 1 2.6575 0 0 0 1</matrix>
          <instance_geometry url="#Cylinder-mesh" name="arch_leg_L">
            <bind_material>
              <technique_common>
                <instance_material symbol="ARCH_tube-material" target="#ARCH_tube-material">
                  <bind_vertex_input semantic="UVMap" input_semantic="TEXCOORD" input_set="0"/>
                </instance_material>
              </technique_common>
            </bind_material>
          </instance_geometry>
        </node>
        <node id="arch_arm_L" name="arch_arm_L" type="NODE">
          <matrix sid="transform">1 0 0 -2.88 0 1 0 0 0 0 1 5.5425 0 0 0 1</matrix>
          <instance_geometry url="#Cylinder_001-mesh" name="arch_arm_L">
            <bind_material>
              <technique_common>
                <instance_material symbol="ARCH_tube-material" target="#ARCH_tube-material">
                  <bind_vertex_input semantic="UVMap" input_semantic="TEXCOORD" input_set="0"/>
                </instance_material>
              </technique_common>
            </bind_material>
          </instance_geometry>
        </node>
        <node id="arch_foot_L" name="arch_foot_L" type="NODE">
          <matrix sid="transform">1 0 0 -4.05 0 1 0 0 0 0 1 0.06 0 0 0 1</matrix>
          <instance_geometry url="#Cylinder_002-mesh" name="arch_foot_L">
            <bind_material>
              <technique_common>
                <instance_material symbol="ARCH_tube-material" target="#ARCH_tube-material">
                  <bind_vertex_input semantic="UVMap" input_semantic="TEXCOORD" input_set="0"/>
                </instance_material>
              </technique_common>
            </bind_material>
          </instance_geometry>
        </node>
        <node id="arch_leg_R" name="arch_leg_R" type="NODE">
          <matrix sid="transform">1 0 0 4.05 0 1 0 0 0 0 1 2.6575 0 0 0 1</matrix>
          <instance_geometry url="#Cylinder_003-mesh" name="arch_leg_R">
            <bind_material>
              <technique_common>
                <instance_material symbol="ARCH_tube-material" target="#ARCH_tube-material">
                  <bind_vertex_input semantic="UVMap" input_semantic="TEXCOORD" input_set="0"/>
                </instance_material>
              </technique_common>
            </bind_material>
          </instance_geometry>
        </node>
        <node id="arch_arm_R" name="arch_arm_R" type="NODE">
          <matrix sid="transform">1 0 0 2.88 0 1 0 0 0 0 1 5.5425 0 0 0 1</matrix>
          <instance_geometry url="#Cylinder_004-mesh" name="arch_arm_R">
            <bind_material>
              <technique_common>
                <instance_material symbol="ARCH_tube-material" target="#ARCH_tube-material">
                  <bind_vertex_input semantic="UVMap" input_semantic="TEXCOORD" input_set="0"/>
                </instance_material>
              </technique_common>
            </bind_material>
          </instance_geometry>
        </node>
        <node id="arch_foot_R" name="arch_foot_R" type="NODE">
          <matrix sid="transform">1 0 0 4.05 0 1 0 0 0 0 1 0.06 0 0 0 1</matrix>
          <instance_geometry url="#Cylinder_005-mesh" name="arch_foot_R">
            <bind_material>
              <technique_common>
                <instance_material symbol="ARCH_tube-material" target="#ARCH_tube-material">
                  <bind_vertex_input semantic="UVMap" input_semantic="TEXCOORD" input_set="0"/>
                </instance_material>
              </technique_common>
            </bind_material>
          </instance_geometry>
        </node>
        <node id="arch_block" name="arch_block" type="NODE">
          <matrix sid="transform">1 0 0 0 0 1 0 0 0 0 1 5.425 0 0 0 1</matrix>
          <instance_geometry url="#Cube-mesh" name="arch_block">
            <bind_material>
              <technique_common>
                <instance_material symbol="ARCH_block-material" target="#ARCH_block-material">
                  <bind_vertex_input semantic="UVMap" input_semantic="TEXCOORD" input_set="0"/>
                </instance_material>
              </technique_common>
            </bind_material>
          </instance_geometry>
        </node>
        <node id="arch_logo_plate_0" name="arch_logo_plate_0" type="NODE">
          <matrix sid="transform">1 0 0 0 0 1 0 -0.445 0 0 1 5.425 0 0 0 1</matrix>
          <instance_geometry url="#Cube_001-mesh" name="arch_logo_plate_0">
            <bind_material>
              <technique_common>
                <instance_material symbol="ARCH_logo-material" target="#ARCH_logo-material">
                  <bind_vertex_input semantic="UVMap" input_semantic="TEXCOORD" input_set="0"/>
                </instance_material>
              </technique_common>
            </bind_material>
          </instance_geometry>
        </node>
        <node id="arch_logo_plate_1" name="arch_logo_plate_1" type="NODE">
          <matrix sid="transform">1 0 0 0 0 1 0 0.445 0 0 1 5.425 0 0 0 1</matrix>
          <instance_geometry url="#Cube_002-mesh" name="arch_logo_plate_1">
            <bind_material>
              <technique_common>
                <instance_material symbol="ARCH_logo-material" target="#ARCH_logo-material">
                  <bind_vertex_input semantic="UVMap" input_semantic="TEXCOORD" input_set="0"/>
                </instance_material>
              </technique_common>
            </bind_material>
          </instance_geometry>
        </node>
        <node id="arch_conn_L" name="arch_conn_L" type="NODE">
          <matrix sid="transform">1 0 0 -1.655 0 1 0 0 0 0 1 6.265 0 0 0 1</matrix>
          <instance_geometry url="#Cylinder_006-mesh" name="arch_conn_L">
            <bind_material>
              <technique_common>
                <instance_material symbol="ARCH_tube-material" target="#ARCH_tube-material">
                  <bind_vertex_input semantic="UVMap" input_semantic="TEXCOORD" input_set="0"/>
                </instance_material>
              </technique_common>
            </bind_material>
          </instance_geometry>
        </node>
        <node id="arch_conn_R" name="arch_conn_R" type="NODE">
          <matrix sid="transform">1 0 0 1.655 0 1 0 0 0 0 1 6.265 0 0 0 1</matrix>
          <instance_geometry url="#Cylinder_007-mesh" name="arch_conn_R">
            <bind_material>
              <technique_common>
                <instance_material symbol="ARCH_tube-material" target="#ARCH_tube-material">
                  <bind_vertex_input semantic="UVMap" input_semantic="TEXCOORD" input_set="0"/>
                </instance_material>
              </technique_common>
            </bind_material>
          </instance_geometry>
        </node>
      </node>
    </visual_scene>
  </library_visual_scenes>
  <scene>
    <instance_visual_scene url="#Scene"/>
  </scene>
</COLLADA>