<?xml version="1.0" encoding="utf-8"?>
<COLLADA xmlns="http://www.collada.org/2005/11/COLLADASchema" version="1.4.1" xmlns:xsi="http://www.w3.org/2001/XMLSchema-instance">
  <asset>
    <contributor>
      <author>Blender User</author>
      <authoring_tool>Blender 4.2.9 LTS commit date:2025-04-14, commit time:12:24, hash:a10f621e649a</authoring_tool>
    </contributor>
    <created>2026-08-01T07:39:46</created>
    <modified>2026-08-01T07:39:46</modified>
    <unit name="meter" meter="1"/>
    <up_axis>Z_UP</up_axis>
  </asset>
  <library_effects>
    <effect id="CL_mesh-effect">
      <profile_COMMON>
        <newparam sid="chainlink_png-surface">
          <surface type="2D">
            <init_from>chainlink_png</init_from>
          </surface>
        </newparam>
        <newparam sid="chainlink_png-sampler">
          <sampler2D>
            <source>chainlink_png-surface</source>
          </sampler2D>
        </newparam>
        <technique sid="common">
          <lambert>
            <emission>
              <color sid="emission">0 0 0 1</color>
            </emission>
            <diffuse>
              <texture texture="chainlink_png-sampler" texcoord="UVMap"/>
            </diffuse>
            <reflectivity>
              <float sid="specular">0.6</float>
            </reflectivity>
            <index_of_refraction>
              <float sid="ior">1.5</float>
            </index_of_refraction>
          </lambert>
        </technique>
      </profile_COMMON>
    </effect>
    <effect id="CL_post-effect">
      <profile_COMMON>
        <newparam sid="fence_post_png-surface">
          <surface type="2D">
            <init_from>fence_post_png</init_from>
          </surface>
        </newparam>
        <newparam sid="fence_post_png-sampler">
          <sampler2D>
            <source>fence_post_png-surface</source>
          </sampler2D>
        </newparam>
        <technique sid="common">
          <lambert>
            <emission>
              <color sid="emission">0 0 0 1</color>
            </emission>
            <diffuse>
              <texture texture="fence_post_png-sampler" texcoord="UVMap"/>
            </diffuse>
            <reflectivity>
              <float sid="specular">0.7</float>
            </reflectivity>
            <index_of_refraction>
              <float sid="ior">1.5</float>
            </index_of_refraction>
          </lambert>
        </technique>
      </profile_COMMON>
    </effect>
  </library_effects>
  <library_images>
    <image id="chainlink_png" name="chainlink_png">
      <init_from>chainlink.png</init_from>
    </image>
    <image id="fence_post_png" name="fence_post_png">
      <init_from>fence_post.png</init_from>
    </image>
  </library_images>
  <library_materials>
    <material id="CL_mesh-material" name="CL_mesh">
      <instance_effect url="#CL_mesh-effect"/>
    </material>
    <material id="CL_post-material" name="CL_post">
      <instance_effect url="#CL_post-effect"/>
    </material>
  </library_materials>
  <library_geometries>
    <geometry id="Cube-mesh" name="Cube">
      <mesh>
        <source id="Cube-mesh-positions">
          <float_array id="Cube-mesh-positions-array" count="24">-1.42 -0.00999999 -1.104 -1.42 -0.00999999 1.104 -1.42 0.00999999 -1.104 -1.42 0.00999999 1.104 1.42 -0.00999999 -1.104 1.42 -0.00999999 1.104 1.42 0.00999999 -1.104 1.42 0.00999999 1.104</float_array>
          <technique_common>
            <accessor source="#Cube-mesh-positions-array" count="8" stride="3">
              <param name="X" type="float"/>
              <param name="Y" type="float"/>
              <param name="Z" type="float"/>
            </accessor>
          </technique_common>
        </source>
        <source id="Cube-mesh-normals">
          <float_array id="Cube-mesh-normals-array" count="36">-1 0 0 0 1 0 1 0 0 0 -1 0 0 0 -1 0 0 1 -1 0 0 0 1 0 1 0 0 0 -1 0 0 0 -1 0 0 1</float_array>
          <technique_common>
            <accessor source="#Cube-mesh-normals-array" count="12" stride="3">
              <param name="X" type="float"/>
              <param name="Y" type="float"/>
              <param name="Z" type="float"/>
            </accessor>
          </technique_common>
        </source>
        <source id="Cube-mesh-map-0">
          <float_array id="Cube-mesh-map-0-array" count="72">0.9930758 0.002570748 0.9974292 0.4831867 0.9930758 0.4831867 0.002570748 0.6207543 0.4831867 0.002570807 0.4831867 0.6207543 0.9930758 0.4883282 0.9974292 0.9689441 0.9930758 0.9689441 0.4883283 0.6207543 0.9689443 0.002570807 0.9689442 0.6207543 0.9784392 0.6207543 0.9740858 0.002570748 0.9784392 0.002570748 0.9879342 0.6207543 0.9835808 0.002570748 0.9879342 0.002570748 0.9930758 0.002570748 0.9974292 0.002570748 0.9974292 0.4831867 0.002570748 0.6207543 0.002570807 0.002570748 0.4831867 0.002570807 0.9930758 0.4883282 0.9974292 0.4883282 0.9974292 0.9689441 0.4883283 0.6207543 0.4883283 0.002570748 0.9689443 0.002570807 0.9784392 0.6207543 0.9740858 0.6207543 0.9740858 0.002570748 0.9879342 0.6207543 0.9835808 0.6207543 0.9835808 0.002570748</float_array>
          <technique_common>
            <accessor source="#Cube-mesh-map-0-array" count="36" stride="2">
              <param name="S" type="float"/>
              <param name="T" type="float"/>
            </accessor>
          </technique_common>
        </source>
        <vertices id="Cube-mesh-vertices">
          <input semantic="POSITION" source="#Cube-mesh-positions"/>
        </vertices>
        <triangles material="CL_mesh-material" count="12">
          <input semantic="VERTEX" source="#Cube-mesh-vertices" offset="0"/>
          <input semantic="NORMAL" source="#Cube-mesh-normals" offset="1"/>
          <input semantic="TEXCOORD" source="#Cube-mesh-map-0" offset="2" set="0"/>
          <p>1 0 0 2 0 1 0 0 2 3 1 3 6 1 4 2 1 5 7 2 6 4 2 7 6 2 8 5 3 9 0 3 10 4 3 11 6 4 12 0 4 13 2 4 14 3 5 15 5 5 16 7 5 17 1 6 18 3 6 19 2 6 20 3 7 21 7 7 22 6 7 23 7 8 24 5 8 25 4 8 26 5 9 27 1 9 28 0 9 29 6 10 30 4 10 31 0 10 32 3 11 33 1 11 34 5 11 35</p>
        </triangles>
      </mesh>
    </geometry>
    <geometry id="Cylinder_002-mesh" name="Cylinder.002">
      <mesh>
        <source id="Cylinder_002-mesh-positions">
          <float_array id="Cylinder_002-mesh-positions-array" count="48">-1.46 0.02499997 0 1.46 0.02499997 0 -1.46 0.01767766 -0.0176776 1.46 0.01767766 -0.01767772 -1.46 0 -0.02499991 1.46 0 -0.02500003 -1.46 -0.01767766 -0.0176776 1.46 -0.01767766 -0.01767772 -1.46 -0.02499997 0 1.46 -0.02499997 0 -1.46 -0.01767766 0.01767772 1.46 -0.01767766 0.0176776 -1.46 0 0.02500003 1.46 0 0.02499991 -1.46 0.01767766 0.01767772 1.46 0.01767766 0.0176776</float_array>
          <technique_common>
            <accessor source="#Cylinder_002-mesh-positions-array" count="16" stride="3">
              <param name="X" type="float"/>
              <param name="Y" type="float"/>
              <param name="Z" type="float"/>
            </accessor>
          </technique_common>
        </source>
        <source id="Cylinder_002-mesh-normals">
          <float_array id="Cylinder_002-mesh-normals-array" count="84">0 0.9238796 -0.3826834 0 0.3826834 -0.9238796 0 -0.3826834 -0.9238796 0 -0.9238796 -0.3826834 0 -0.9238796 0.3826834 0 -0.3826834 0.9238796 1 0 0 0 0.3826834 0.9238796 0 0.9238796 0.3826834 -1 0 0 0 0.9238796 -0.3826834 0 0.3826834 -0.9238796 0 -0.3826834 -0.9238796 0 -0.9238796 -0.3826834 0 -0.9238796 0.3826834 0 -0.3826834 0.9238796 1 0 0 1 0 0 1 0 0 1 0 0 1 0 0 0 0.3826834 0.9238796 0 0.9238796 0.3826834 -1 0 0 -1 0 0 -1 0 0 -1 0 0 -1 0 0</float_array>
          <technique_common>
            <accessor source="#Cylinder_002-mesh-normals-array" count="28" stride="3">
              <param name="X" type="float"/>
              <param name="Y" type="float"/>
              <param name="Z" type="float"/>
            </accessor>
          </technique_common>
        </source>
        <source id="Cylinder_002-mesh-map-0">
          <float_array id="Cylinder_002-mesh-map-0-array" count="168">1 1 0.875 0.5 1 0.5 0.875 1 0.75 0.5 0.875 0.5 0.75 1 0.625 0.5 0.75 0.5 0.625 1 0.5 0.5 0.625 0.5 0.5 1 0.375 0.5 0.5 0.5 0.375 1 0.25 0.5 0.375 0.5 0.00999999 0.25 0.25 0.00999999 0.49 0.25 0.25 1 0.125 0.5 0.25 0.5 0.125 1 0 0.5 0.125 0.5 0.9197056 0.08029437 0.5802944 0.08029437 0.5802944 0.4197056 1 1 0.875 1 0.875 0.5 0.875 1 0.75 1 0.75 0.5 0.75 1 0.625 1 0.625 0.5 0.625 1 0.5 1 0.5 0.5 0.5 1 0.375 1 0.375 0.5 0.375 1 0.25 1 0.25 0.5 0.49 0.25 0.4197056 0.4197056 0.25 0.49 0.25 0.49 0.08029437 0.4197056 0.00999999 0.25 0.00999999 0.25 0.08029437 0.08029437 0.25 0.00999999 0.25 0.00999999 0.4197056 0.08029437 0.49 0.25 0.49 0.25 0.25 0.49 0.00999999 0.25 0.25 1 0.125 1 0.125 0.5 0.125 1 0 1 0 0.5 0.5802944 0.4197056 0.75 0.49 0.9197056 0.4197056 0.9197056 0.4197056 0.99 0.25 0.9197056 0.08029437 0.9197056 0.08029437 0.75 0.00999999 0.5802944 0.08029437 0.5802944 0.08029437 0.51 0.25 0.5802944 0.4197056 0.5802944 0.4197056 0.9197056 0.4197056 0.9197056 0.08029437</float_array>
          <technique_common>
            <accessor source="#Cylinder_002-mesh-map-0-array" count="84" stride="2">
              <param name="S" type="float"/>
              <param name="T" type="float"/>
            </accessor>
          </technique_common>
        </source>
        <vertices id="Cylinder_002-mesh-vertices">
          <input semantic="POSITION" source="#Cylinder_002-mesh-positions"/>
        </vertices>
        <triangles material="CL_post-material" count="28">
          <input semantic="VERTEX" source="#Cylinder_002-mesh-vertices" offset="0"/>
          <input semantic="NORMAL" source="#Cylinder_002-mesh-normals" offset="1"/>
          <input semantic="TEXCOORD" source="#Cylinder_002-mesh-map-0" offset="2" set="0"/>
          <p>1 0 0 2 0 1 0 0 2 3 1 3 4 1 4 2 1 5 5 2 6 6 2 7 4 2 8 7 3 9 8 3 10 6 3 11 9 4 12 10 4 13 8 4 14 11 5 15 12 5 16 10 5 17 13 6 18 9 6 19 5 6 20 13 7 21 14 7 22 12 7 23 15 8 24 0 8 25 14 8 26 6 9 27 10 9 28 14 9 29 1 10 30 3 10 31 2 10 32 3 11 33 5 11 34 4 11 35 5 12 36 7 12 37 6 12 38 7 13 39 9 13 40 8 13 41 9 14 42 11 14 43 10 14 44 11 15 45 13 15 46 12 15 47 5 16 48 3 16 49 1 16 50 1 17 51 15 17 52 13 17 53 13 18 54 11 18 55 9 18 56 9 19 57 7 19 58 5 19 59 5 20 60 1 20 61 13 20 62 13 21 63 15 21 64 14 21 65 15 22 66 1 22 67 0 22 68 14 23 69 0 23 70 2 23 71 2 24 72 4 24 73 6 24 74 6 25 75 8 25 76 10 25 77 10 26 78 12 26 79 14 26 80 14 27 81 2 27 82 6 27 83</p>
        </triangles>
      </mesh>
    </geometry>
    <geometry id="Sphere_001-mesh" name="Sphere.001">
      <mesh>
        <source id="Sphere_001-mesh-positions">
          <float_array id="Sphere_001-mesh-positions-array" count="1446">0 0.009364306 0.04707765 0 0.02666735 0.03991049 0 0.03394109 0.03394109 0 0.04434621 0.01836878 0 0.04799997 0 0 0.04707765 -0.009364306 0 0.03394109 -0.03394109 0 0.02666735 -0.03991049 0.001826882 0.00918436 0.04707765 0.00358355 0.0180158 0.04434621 0.005202531 0.02615493 0.03991049 0.006621539 0.03328895 0.03394109 0.007786154 0.03914362 0.02666735 0.008651494 0.0434941 0.01836878 0.00918436 0.04617309 0.009364306 0.009364306 0.04707765 0 0.00918436 0.04617309 -0.009364306 0.008651494 0.0434941 -0.01836878 0.007786154 0.03914362 -0.02666735 0.006621539 0.03328895 -0.03394109 0.005202531 0.02615493 -0.03991049 0.00358355 0.0180158 -0.04434621 0.001826882 0.00918436 -0.04707765 0.00358355 0.008651494 0.04707765 0.007029414 0.01697051 0.04434621 0.01020514 0.0246374 0.03991049 0.01298868 0.03135746 0.03394109 0.01527309 0.0368725 0.02666735 0.01697051 0.04097056 0.01836878 0.0180158 0.0434941 0.009364306 0.01836878 0.04434621 0 0.0180158 0.0434941 -0.009364306 0.01697051 0.04097056 -0.01836878 0.01527309 0.0368725 -0.02666735 0.01298868 0.03135746 -0.03394109 0.01020514 0.0246374 -0.03991049 0.007029414 0.01697051 -0.04434621 0.00358355 0.008651494 -0.04707765 0.005202531 0.007786154 0.04707765 0.01020514 0.01527309 0.04434621 0.01481556 0.0221731 0.03991049 0.01885664 0.02822101 0.03394109 0.0221731 0.03318434 0.02666735 0.0246374 0.0368725 0.01836878 0.02615493 0.03914362 0.009364306 0.02666735 0.03991049 0 0.02615493 0.03914362 -0.009364306 0.0246374 0.0368725 -0.01836878 0.0221731 0.03318434 -0.02666735 0.01885664 0.02822101 -0.03394109 0.01481556 0.0221731 -0.03991049 0.01020514 0.01527309 -0.04434621 0.005202531 0.007786154 -0.04707765 0.006621539 0.006621539 0.04707765 0.01298868 0.01298868 0.04434621 0.01885664 0.01885664 0.03991049 0.02399998 0.02399998 0.03394109 0.02822101 0.02822101 0.02666735 0.03135746 0.03135746 0.01836878 0.03328895 0.03328895 0.009364306 0.03394109 0.03394109 0 0.03328895 0.03328895 -0.009364306 0.03135746 0.03135746 -0.01836878 0.02822101 0.02822101 -0.02666735 0.02399998 0.02399998 -0.03394109 0.01885664 0.01885664 -0.03991049 0.01298868 0.01298868 -0.04434621 0.006621539 0.006621539 -0.04707765 0.007786154 0.005202531 0.04707765 0.01527309 0.01020514 0.04434621 0.0221731 0.01481556 0.03991049 0.02822101 0.01885664 0.03394109 0.03318434 0.0221731 0.02666735 0.0368725 0.0246374 0.01836878 0.03914362 0.02615493 0.009364306 0.03991049 0.02666735 0 0.03914362 0.02615493 -0.009364306 0.0368725 0.0246374 -0.01836878 0.03318434 0.0221731 -0.02666735 0.02822101 0.01885664 -0.03394109 0.0221731 0.01481556 -0.03991049 0.01527309 0.01020514 -0.04434621 0.007786154 0.005202531 -0.04707765 0.008651494 0.00358355 0.04707765 0.01697051 0.007029414 0.04434621 0.0246374 0.01020514 0.03991049 0.03135746 0.01298868 0.03394109 0.0368725 0.01527309 0.02666735 0.0409705 0.01697051 0.01836878 0.0434941 0.0180158 0.009364306 0.04434621 0.01836878 0 0.0434941 0.0180158 -0.009364306 0.0409705 0.01697051 -0.01836878 0.0368725 0.01527309 -0.02666735 0.03135746 0.01298868 -0.03394109 0.0246374 0.01020514 -0.03991049 0.01697051 0.007029414 -0.04434621 0.008651494 0.00358355 -0.04707765 0.00918436 0.001826882 0.04707765 0.0180158 0.00358355 0.04434621 0.02615493 0.005202531 0.03991049 0.03328889 0.006621539 0.03394109 0.03914362 0.007786154 0.02666735 0.0434941 0.008651494 0.01836878 0.04617309 0.00918436 0.009364306 0.04707765 0.009364306 0 0.04617309 0.00918436 -0.009364306 0.0434941 0.008651494 -0.01836878 0.03914362 0.007786154 -0.02666735 0.03328889 0.006621539 -0.03394109 0.02615493 0.005202531 -0.03991049 0.0180158 0.00358355 -0.04434621 0.00918436 0.001826882 -0.04707765 0.009364306 0 0.04707765 0.01836878 0 0.04434621 0.02666735 0 0.03991049 0.03394109 0 0.03394109 0.03991049 0 0.02666735 0.04434615 0 0.01836878 0.04707765 0 0.009364306 0.04799997 0 0 0.04707765 0 -0.009364306 0.04434615 0 -0.01836878 0.03991049 0 -0.02666735 0.03394109 0 -0.03394109 0.02666735 0 -0.03991049 0.01836878 0 -0.04434621 0.009364306 0 -0.04707765 0.00918436 -0.001826882 0.04707765 0.0180158 -0.00358355 0.04434621 0.02615493 -0.005202531 0.03991049 0.03328889 -0.006621539 0.03394109 0.03914362 -0.007786154 0.02666735 0.0434941 -0.008651494 0.01836878 0.04617309 -0.00918436 0.009364306 0.04707765 -0.009364306 0 0.04617309 -0.00918436 -0.009364306 0.0434941 -0.008651494 -0.01836878 0.03914362 -0.007786154 -0.02666735 0.03328889 -0.006621539 -0.03394109 0.02615493 -0.005202531 -0.03991049 0.0180158 -0.00358355 -0.04434621 0.00918436 -0.001826882 -0.04707765 0.008651494 -0.00358355 0.04707765 0.01697051 -0.007029414 0.04434621 0.0246374 -0.01020514 0.03991049 0.03135746 -0.01298868 0.03394109 0.0368725 -0.01527309 0.02666735 0.0409705 -0.01697051 0.01836878 0.0434941 -0.0180158 0.009364306 0.04434615 -0.01836878 0 0.0434941 -0.0180158 -0.009364306 0.0409705 -0.01697051 -0.01836878 0.0368725 -0.01527309 -0.02666735 0.03135746 -0.01298868 -0.03394109 0.0246374 -0.01020514 -0.03991049 0.01697051 -0.007029414 -0.04434621 0.008651494 -0.00358355 -0.04707765 0.007786154 -0.005202531 0.04707765 0.01527309 -0.01020514 0.04434621 0.0221731 -0.01481556 0.03991049 0.02822095 -0.01885664 0.03394109 0.03318434 -0.0221731 0.02666735 0.0368725 -0.0246374 0.01836878 0.03914362 -0.02615493 0.009364306 0.03991049 -0.02666735 0 0.03914362 -0.02615493 -0.009364306 0.0368725 -0.0246374 -0.01836878 0.03318434 -0.0221731 -0.02666735 0.02822095 -0.01885664 -0.03394109 0.0221731 -0.01481556 -0.03991049 0.01527309 -0.01020514 -0.04434621 0.007786154 -0.005202531 -0.04707765 0.006621539 -0.006621539 0.04707765 0.01298868 -0.01298868 0.04434621 0.01885664 -0.01885664 0.03991049 0.02399998 -0.02399998 0.03394109 0.02822095 -0.02822101 0.02666735 0.03135746 -0.03135746 0.01836878 0.03328889 -0.03328889 0.009364306 0.03394109 -0.03394109 0 0.03328889 -0.03328889 -0.009364306 0.03135746 -0.03135746 -0.01836878 0.02822095 -0.02822101 -0.02666735 0.02399998 -0.02399998 -0.03394109 0.01885664 -0.01885664 -0.03991049 0.01298868 -0.01298868 -0.04434621 0.006621539 -0.006621539 -0.04707765 0.005202531 -0.007786154 0.04707765 0.01020514 -0.01527309 0.04434621 0.01481556 -0.0221731 0.03991049 0.01885664 -0.02822095 0.03394109 0.02217304 -0.03318434 0.02666735 0.0246374 -0.0368725 0.01836878 0.02615493 -0.03914362 0.009364306 0.02666735 -0.03991049 0 0.02615493 -0.03914362 -0.009364306 0.0246374 -0.0368725 -0.01836878 0.02217304 -0.03318434 -0.02666735 0.01885664 -0.02822095 -0.03394109 0.01481556 -0.0221731 -0.03991049 0.01020514 -0.01527309 -0.04434621 0.005202531 -0.007786154 -0.04707765 0.00358355 -0.008651494 0.04707765 0.007029414 -0.01697051 0.04434621 0.01020514 -0.0246374 0.03991049 0.01298868 -0.03135746 0.03394109 0.01527309 -0.0368725 0.02666735 0.01697051 -0.0409705 0.01836878 0.0180158 -0.0434941 0.009364306 0.01836878 -0.04434615 0 0.0180158 -0.0434941 -0.009364306 0.01697051 -0.0409705 -0.01836878 0.01527309 -0.0368725 -0.02666735 0.01298868 -0.03135746 -0.03394109 0.01020514 -0.0246374 -0.03991049 0.007029414 -0.01697051 -0.04434621 0.00358355 -0.008651494 -0.04707765 0.001826882 -0.00918436 0.04707765 0.00358355 -0.0180158 0.04434621 0.005202531 -0.02615493 0.03991049 0.006621539 -0.03328889 0.03394109 0.007786095 -0.03914362 0.02666735 0.008651494 -0.04349404 0.01836878 0.00918436 -0.04617309 0.009364306 0.009364306 -0.04707765 0 0.00918436 -0.04617309 -0.009364306 0.008651494 -0.04349404 -0.01836878 0.007786095 -0.03914362 -0.02666735 0.006621539 -0.03328889 -0.03394109 0.005202531 -0.02615493 -0.03991049 0.00358355 -0.0180158 -0.04434621 0.001826882 -0.00918436 -0.04707765 0 -0.009364306 0.04707765 0 -0.01836878 0.04434621 0 -0.02666735 0.03991049 0 -0.03394109 0.03394109 0 -0.03991049 0.02666735 0 -0.04434615 0.01836878 0 -0.04707765 0.009364306 0 -0.04799997 0 0 -0.04707765 -0.009364306 0 -0.04434615 -0.01836878 0 -0.03991049 -0.02666735 0 -0.03394109 -0.03394109 0 -0.02666735 -0.03991049 0 -0.01836878 -0.04434621 0 -0.009364306 -0.04707765 0 0 -0.04799997 -0.001826882 -0.00918436 0.04707765 -0.00358355 -0.0180158 0.04434621 -0.005202531 -0.02615493 0.03991049 -0.006621539 -0.03328889 0.03394109 -0.007786154 -0.03914362 0.02666735 -0.008651494 -0.04349404 0.01836878 -0.00918436 -0.04617303 0.009364306 -0.009364306 -0.04707765 0 -0.00918436 -0.04617303 -0.009364306 -0.008651494 -0.04349404 -0.01836878 -0.007786154 -0.03914362 -0.02666735 -0.006621539 -0.03328889 -0.03394109 -0.005202531 -0.02615493 -0.03991049 -0.00358355 -0.0180158 -0.04434621 -0.001826882 -0.00918436 -0.04707765 -0.00358355 -0.008651494 0.04707765 -0.007029414 -0.01697051 0.04434621 -0.01020514 -0.0246374 0.03991049 -0.01298868 -0.03135746 0.03394109 -0.01527309 -0.0368725 0.02666735 -0.01697051 -0.0409705 0.01836878 -0.0180158 -0.04349404 0.009364306 -0.01836878 -0.04434615 0 -0.0180158 -0.04349404 -0.009364306 -0.01697051 -0.0409705 -0.01836878 -0.01527309 -0.0368725 -0.02666735 -0.01298868 -0.03135746 -0.03394109 -0.01020514 -0.0246374 -0.03991049 -0.007029414 -0.01697051 -0.04434621 -0.00358355 -0.008651494 -0.04707765 -0.005202531 -0.007786154 0.04707765 -0.01020514 -0.01527303 0.04434621 -0.01481556 -0.02217304 0.03991049 -0.01885664 -0.02822095 0.03394109 -0.0221731 -0.03318434 0.02666735 -0.0246374 -0.0368725 0.01836878 -0.02615493 -0.03914362 0.009364306 -0.02666735 -0.03991049 0 -0.02615493 -0.03914362 -0.009364306 -0.0246374 -0.0368725 -0.01836878 -0.0221731 -0.03318434 -0.02666735 -0.01885664 -0.02822095 -0.03394109 -0.01481556 -0.02217304 -0.03991049 -0.01020514 -0.01527303 -0.04434621 -0.005202531 -0.007786154 -0.04707765 -0.006621539 -0.006621539 0.04707765 -0.01298868 -0.01298868 0.04434621 -0.01885664 -0.01885664 0.03991049 -0.02399998 -0.02399992 0.03394109 -0.02822095 -0.02822095 0.02666735 -0.03135746 -0.03135746 0.01836878 -0.03328889 -0.03328889 0.009364306 -0.03394109 -0.03394109 0 -0.03328889 -0.03328889 -0.009364306 -0.03135746 -0.03135746 -0.01836878 -0.02822095 -0.02822095 -0.02666735 -0.02399998 -0.02399992 -0.03394109 -0.01885664 -0.01885664 -0.03991049 -0.01298868 -0.01298868 -0.04434621 -0.006621539 -0.006621539 -0.04707765 0 0 0.04799997 -0.007786154 -0.005202531 0.04707765 -0.01527309 -0.01020514 0.04434621 -0.0221731 -0.01481556 0.03991049 -0.02822095 -0.01885664 0.03394109 -0.03318434 -0.02217304 0.02666735 -0.0368725 -0.0246374 0.01836878 -0.03914362 -0.02615493 0.009364306 -0.03991049 -0.02666729 0 -0.03914362 -0.02615493 -0.009364306 -0.0368725 -0.0246374 -0.01836878 -0.03318434 -0.02217304 -0.02666735 -0.02822095 -0.01885664 -0.03394109 -0.0221731 -0.01481556 -0.03991049 -0.01527309 -0.01020514 -0.04434621 -0.007786154 -0.005202531 -0.04707765 -0.008651494 -0.00358355 0.04707765 -0.01697051 -0.007029414 0.04434621 -0.0246374 -0.01020514 0.03991049 -0.03135746 -0.01298868 0.03394109 -0.0368725 -0.01527309 0.02666735 -0.0409705 -0.01697051 0.01836878 -0.04349404 -0.0180158 0.009364306 -0.04434615 -0.01836878 0 -0.04349404 -0.0180158 -0.009364306 -0.0409705 -0.01697051 -0.01836878 -0.0368725 -0.01527309 -0.02666735 -0.03135746 -0.01298868 -0.03394109 -0.0246374 -0.01020514 -0.03991049 -0.01697051 -0.007029414 -0.04434621 -0.008651494 -0.00358355 -0.04707765 -0.00918436 -0.001826882 0.04707765 -0.0180158 -0.00358355 0.04434621 -0.02615493 -0.005202531 0.03991049 -0.03328889 -0.006621539 0.03394109 -0.03914362 -0.007786095 0.02666735 -0.04349404 -0.008651494 0.01836878 -0.04617303 -0.00918436 0.009364306 -0.04707765 -0.009364306 0 -0.04617303 -0.00918436 -0.009364306 -0.04349404 -0.008651494 -0.01836878 -0.03914362 -0.007786095 -0.02666735 -0.03328889 -0.006621539 -0.03394109 -0.02615493 -0.005202531 -0.03991049 -0.0180158 -0.00358355 -0.04434621 -0.00918436 -0.001826882 -0.04707765 -0.009364306 0 0.04707765 -0.01836878 0 0.04434621 -0.02666735 0 0.03991049 -0.03394109 0 0.03394109 -0.03991049 0 0.02666735 -0.04434615 0 0.01836878 -0.04707765 0 0.009364306 -0.04799997 0 0 -0.04707765 0 -0.009364306 -0.04434615 0 -0.01836878 -0.03991049 0 -0.02666735 -0.03394109 0 -0.03394109 -0.02666735 0 -0.03991049 -0.01836878 0 -0.04434621 -0.009364306 0 -0.04707765 -0.00918436 0.001826882 0.04707765 -0.0180158 0.00358355 0.04434621 -0.02615493 0.005202531 0.03991049 -0.03328889 0.006621539 0.03394109 -0.03914362 0.007786154 0.02666735 -0.04349404 0.008651494 0.01836878 -0.04617303 0.00918436 0.009364306 -0.04707765 0.009364306 0 -0.04617303 0.00918436 -0.009364306 -0.04349404 0.008651494 -0.01836878 -0.03914362 0.007786154 -0.02666735 -0.03328889 0.006621539 -0.03394109 -0.02615493 0.005202531 -0.03991049 -0.0180158 0.00358355 -0.04434621 -0.00918436 0.001826882 -0.04707765 -0.008651494 0.00358355 0.04707765 -0.01697051 0.007029414 0.04434621 -0.0246374 0.01020514 0.03991049 -0.03135746 0.01298868 0.03394109 -0.0368725 0.01527309 0.02666735 -0.0409705 0.01697051 0.01836878 -0.04349404 0.0180158 0.009364306 -0.04434615 0.01836878 0 -0.04349404 0.0180158 -0.009364306 -0.0409705 0.01697051 -0.01836878 -0.0368725 0.01527309 -0.02666735 -0.03135746 0.01298868 -0.03394109 -0.0246374 0.01020514 -0.03991049 -0.01697051 0.007029414 -0.04434621 -0.008651494 0.00358355 -0.04707765 -0.007786095 0.005202531 0.04707765 -0.01527303 0.01020514 0.04434621 -0.02217304 0.01481556 0.03991049 -0.02822095 0.01885664 0.03394109 -0.03318434 0.02217304 0.02666735 -0.03687244 0.0246374 0.01836878 -0.03914362 0.02615493 0.009364306 -0.03991049 0.02666735 0 -0.03914362 0.02615493 -0.009364306 -0.03687244 0.0246374 -0.01836878 -0.03318434 0.02217304 -0.02666735 -0.02822095 0.01885664 -0.03394109 -0.02217304 0.01481556 -0.03991049 -0.01527303 0.01020514 -0.04434621 -0.007786095 0.005202531 -0.04707765 -0.006621539 0.006621539 0.04707765 -0.01298868 0.01298868 0.04434621 -0.01885664 0.01885664 0.03991049 -0.02399992 0.02399992 0.03394109 -0.02822095 0.02822095 0.02666735 -0.03135746 0.03135746 0.01836878 -0.03328889 0.03328889 0.009364306 -0.03394109 0.03394109 0 -0.03328889 0.03328889 -0.009364306 -0.03135746 0.03135746 -0.01836878 -0.02822095 0.02822095 -0.02666735 -0.02399992 0.02399992 -0.03394109 -0.01885664 0.01885664 -0.03991049 -0.01298868 0.01298868 -0.04434621 -0.006621539 0.006621539 -0.04707765 -0.005202531 0.007786154 0.04707765 -0.01020514 0.01527309 0.04434621 -0.01481556 0.0221731 0.03991049 -0.01885664 0.02822095 0.03394109 -0.02217304 0.03318434 0.02666735 -0.0246374 0.0368725 0.01836878 -0.02615493 0.03914362 0.009364306 -0.02666729 0.03991049 0 -0.02615493 0.03914362 -0.009364306 -0.0246374 0.0368725 -0.01836878 -0.02217304 0.03318434 -0.02666735 -0.01885664 0.02822095 -0.03394109 -0.01481556 0.0221731 -0.03991049 -0.01020514 0.01527309 -0.04434621 -0.005202531 0.007786154 -0.04707765 -0.00358355 0.008651494 0.04707765 -0.007029414 0.01697051 0.04434621 -0.01020514 0.0246374 0.03991049 -0.01298868 0.03135746 0.03394109 -0.01527309 0.0368725 0.02666735 -0.01697051 0.0409705 0.01836878 -0.0180158 0.04349404 0.009364306 -0.01836878 0.04434615 0 -0.0180158 0.04349404 -0.009364306 -0.01697051 0.0409705 -0.01836878 -0.01527309 0.0368725 -0.02666735 -0.01298868 0.03135746 -0.03394109 -0.01020514 0.0246374 -0.03991049 -0.007029414 0.01697051 -0.04434621 -0.00358355 0.008651494 -0.04707765 -0.001826882 0.00918436 0.04707765 -0.00358355 0.0180158 0.04434621 -0.005202531 0.02615493 0.03991049 -0.006621539 0.03328889 0.03394109 -0.007786095 0.03914362 0.02666735 -0.008651494 0.04349404 0.01836878 -0.00918436 0.04617303 0.009364306 -0.009364306 0.04707765 0 -0.00918436 0.04617303 -0.009364306 -0.008651494 0.04349404 -0.01836878 -0.007786095 0.03914362 -0.02666735 -0.006621539 0.03328889 -0.03394109 -0.005202531 0.02615493 -0.03991049 -0.00358355 0.0180158 -0.04434621 -0.001826882 0.00918436 -0.04707765 0 0.01836878 0.04434621 0 0.03991049 0.02666735 0 0.04707759 0.009364306 0 0.04434615 -0.01836878 0 0.03991049 -0.02666735 0 0.01836878 -0.04434621 0 0.009364306 -0.04707765</float_array>
          <technique_common>
            <accessor source="#Sphere_001-mesh-positions-array" count="482" stride="3">
              <param name="X" type="float"/>
              <param name="Y" type="float"/>
              <param name="Z" type="float"/>
            </accessor>
          </technique_common>
        </source>
        <source id="Sphere_001-mesh-normals">
          <float_array id="Sphere_001-mesh-normals-array" count="2880">0.08653581 0.8786129 0.4696285 0.04637622 0.4708889 -0.8809727 0.09382975 0.9527187 0.2890036 0.02857762 0.2901664 -0.9565495 0.09754967 0.9904379 0.0975548 0.009653449 0.09801262 0.9951384 0.009652972 0.09801274 -0.9951384 0.09754979 0.9904383 -0.09754973 0.0285775 0.2901664 0.9565495 0.09383058 0.9527186 -0.2890036 0.04637855 0.4708896 0.8809723 0.08653295 0.8786136 -0.4696278 0.06236088 0.6331587 0.7715058 0.07591557 0.7707809 -0.6325611 0.07591259 0.7707799 0.6325628 0.06236064 0.6331588 -0.7715057 0.2248283 0.7411589 0.6325629 0.1846857 0.6088269 -0.7715056 0.2562821 0.8448482 0.4696285 0.1373536 0.4527934 -0.8809722 0.2778975 0.9161058 0.2890037 0.08463835 0.2790151 -0.9565495 0.2889002 0.9523763 0.09754973 0.02858924 0.09424608 0.9951384 0.02858924 0.09424608 -0.9951384 0.2889001 0.9523764 -0.09754979 0.08463841 0.2790151 0.9565494 0.2778978 0.9161056 -0.2890039 0.1373534 0.4527935 0.8809722 0.2562822 0.8448482 -0.4696286 0.1846858 0.6088269 0.7715057 0.2248284 0.7411589 -0.6325629 0.4691486 0.8777149 -0.09754973 0.1374453 0.2571418 0.9565494 0.4512814 0.8442878 -0.2890039 0.2230498 0.4172969 0.8809723 0.4161796 0.7786162 -0.4696289 0.2999133 0.5610981 0.7715056 0.3651012 0.6830561 -0.6325627 0.3651014 0.6830558 0.6325629 0.2999132 0.5610982 -0.7715056 0.4161794 0.7786166 0.4696286 0.2230499 0.4172968 -0.8809723 0.4512814 0.8442878 0.2890039 0.1374453 0.2571419 -0.9565495 0.4691486 0.8777151 0.09754979 0.04642635 0.08685767 0.9951384 0.04642635 0.08685767 -0.9951383 0.4036153 0.4918066 -0.7715056 0.5600833 0.6824628 0.4696288 0.3001747 0.3657636 -0.8809722 0.6073225 0.7400245 0.2890038 0.1849702 0.2253867 -0.9565495 0.6313675 0.7693238 0.09754997 0.06247943 0.07613134 0.9951384 0.06247943 0.07613134 -0.9951383 0.6313677 0.7693237 -0.09754985 0.1849702 0.2253867 0.9565494 0.6073227 0.7400242 -0.2890042 0.3001746 0.3657637 0.8809723 0.560083 0.6824632 -0.4696285 0.4036153 0.4918066 0.7715056 0.4913435 0.5987036 -0.6325626 0.4913434 0.5987037 0.6325627 0.2253868 0.1849701 0.9565494 0.7400245 0.6073223 -0.2890041 0.3657637 0.3001745 0.8809723 0.6824632 0.560083 -0.4696285 0.4918067 0.4036152 0.7715055 0.5987037 0.4913433 -0.6325627 0.5987037 0.4913434 0.6325628 0.4918066 0.4036153 -0.7715057 0.6824633 0.560083 0.4696284 0.3657637 0.3001744 -0.8809723 0.7400245 0.6073222 0.2890041 0.2253868 0.1849702 -0.9565495 0.769324 0.6313673 0.09754967 0.0761314 0.06247943 0.9951384 0.0761314 0.06247937 -0.9951384 0.7693238 0.6313676 -0.09755009 0.7786169 0.4161791 0.4696282 0.4172968 0.2230498 -0.8809723 0.8442878 0.4512813 0.289004 0.257142 0.1374452 -0.9565495 0.8777152 0.4691482 0.09754943 0.08685767 0.04642635 0.9951384 0.08685767 0.04642635 -0.9951384 0.8777151 0.4691486 -0.09754979 0.257142 0.1374452 0.9565494 0.8442879 0.4512809 -0.2890043 0.4172968 0.2230497 0.8809723 0.7786167 0.4161794 -0.4696285 0.5610982 0.2999132 0.7715057 0.6830561 0.365101 -0.6325627 0.683056 0.3651011 0.6325629 0.5610982 0.2999132 -0.7715056 0.9161056 0.2778974 -0.2890043 0.4527934 0.1373532 0.8809723 0.8448486 0.2562814 -0.4696282 0.6088271 0.1846855 0.7715056 0.7411592 0.224828 -0.6325626 0.7411591 0.2248277 0.6325629 0.6088271 0.1846854 -0.7715057 0.8448484 0.2562817 0.4696284 0.4527935 0.1373531 -0.8809723 0.9161057 0.2778975 0.2890042 0.2790153 0.08463829 -0.9565495 0.9523764 0.2889002 0.09754967 0.09424608 0.02858918 0.9951383 0.09424608 0.02858918 -0.9951384 0.9523764 0.2889001 -0.09754955 0.2790153 0.08463817 0.9565494 0.4708893 0.04637819 -0.8809724 0.952718 0.09383428 0.2890042 0.2901663 0.02857881 -0.9565495 0.9904384 0.09754931 0.09754967 0.09801268 0.009653389 0.9951384 0.09801268 0.009653329 -0.9951384 0.9904384 0.09754937 -0.09754973 0.2901662 0.02857863 0.9565494 0.952718 0.09383416 -0.2890043 0.4708894 0.04637855 0.8809723 0.878613 0.08653539 -0.4696285 0.6331589 0.06236058 0.7715056 0.7707798 0.07591497 -0.6325625 0.7707798 0.0759148 0.6325626 0.633159 0.0623607 -0.7715055 0.8786129 0.08653551 0.4696286 0.8786128 -0.08653581 -0.4696285 0.633159 -0.06236094 0.7715056 0.7707798 -0.07591545 -0.6325625 0.7707799 -0.07591515 0.6325625 0.6331591 -0.0623607 -0.7715055 0.8786128 -0.08653587 0.4696286 0.4708892 -0.04637867 -0.8809725 0.952718 -0.09383469 0.2890042 0.2901662 -0.02857893 -0.9565494 0.9904384 -0.09754973 0.09754985 0.09801268 -0.009653389 0.9951383 0.09801268 -0.009653389 -0.9951383 0.9904384 -0.09754985 -0.09754973 0.2901662 -0.02857893 0.9565494 0.952718 -0.09383457 -0.289004 0.4708893 -0.04637855 0.8809724 0.2790153 -0.08463847 -0.9565494 0.9523762 -0.2889007 0.09754943 0.09424608 -0.0285893 0.9951383 0.09424608 -0.02858924 -0.9951383 0.9523764 -0.2889002 -0.09754991 0.2790153 -0.08463853 0.9565494 0.9161055 -0.2778978 -0.2890042 0.4527933 -0.1373534 0.8809724 0.8448482 -0.2562823 -0.4696286 0.6088271 -0.184686 0.7715054 0.7411589 -0.2248284 -0.6325627 0.741159 -0.2248284 0.6325626 0.6088272 -0.1846858 -0.7715054 0.8448481 -0.2562821 0.4696286 0.4527931 -0.1373536 -0.8809725 0.9161057 -0.2778976 0.289004 0.5610983 -0.2999135 0.7715054 0.683056 -0.3651013 -0.6325626 0.683056 -0.3651013 0.6325626 0.5610983 -0.2999135 -0.7715054 0.7786164 -0.4161794 0.4696287 0.4172964 -0.2230499 -0.8809725 0.8442878 -0.4512814 0.289004 0.2571421 -0.1374454 -0.9565494 0.877715 -0.4691487 0.09754949 0.08685767 -0.04642641 0.9951384 0.08685767 -0.04642641 -0.9951384 0.8777149 -0.4691486 -0.09754955 0.257142 -0.1374455 0.9565494 0.8442876 -0.4512814 -0.2890041 0.4172965 -0.2230498 0.8809725 0.7786164 -0.4161795 -0.4696287 0.7693235 -0.6313679 0.09754937 0.0761314 -0.06247943 0.9951383 0.0761314 -0.06247943 -0.9951384 0.7693236 -0.6313678 -0.09754955 0.2253868 -0.1849703 0.9565494 0.7400243 -0.6073225 -0.289004 0.3657634 -0.3001745 0.8809724 0.682463 -0.560083 -0.4696288 0.4918069 -0.4036155 0.7715054 0.5987037 -0.4913434 -0.6325625 0.5987037 -0.4913436 0.6325626 0.4918068 -0.4036156 -0.7715054 0.6824629 -0.5600831 0.4696288 0.3657634 -0.3001745 -0.8809724 0.7400245 -0.6073225 0.289004 0.2253869 -0.1849703 -0.9565494 0.4913433 -0.5987039 -0.6325626 0.4913433 -0.5987039 0.6325625 0.4036154 -0.4918069 -0.7715054 0.5600827 -0.6824634 0.4696287 0.3001741 -0.3657636 -0.8809725 0.6073222 -0.7400247 0.2890038 0.1849702 -0.225387 -0.9565494 0.6313674 -0.769324 0.09754943 0.06247943 -0.0761314 0.9951383 0.06247937 -0.07613146 -0.9951384 0.6313674 -0.769324 -0.09754949 0.1849702 -0.225387 0.9565495 0.607322 -0.7400248 -0.2890039 0.3001743 -0.3657636 0.8809724 0.5600829 -0.6824632 -0.4696289 0.4036152 -0.4918069 0.7715054 0.04642635 -0.08685773 0.9951384 0.04642641 -0.08685773 -0.9951383 0.4691483 -0.8777152 -0.09754961 0.1374452 -0.2571422 0.9565494 0.4512807 -0.8442881 -0.2890041 0.2230495 -0.4172967 0.8809725 0.4161791 -0.7786167 -0.4696287 0.2999132 -0.5610985 0.7715054 0.3651009 -0.6830562 -0.6325627 0.365101 -0.6830563 0.6325626 0.2999132 -0.5610985 -0.7715054 0.4161788 -0.7786169 0.4696285 0.2230494 -0.4172967 -0.8809725 0.4512811 -0.8442879 0.2890038 0.1374453 -0.2571421 -0.9565494 0.4691483 -0.8777152 0.09754961 0.2248281 -0.7411592 0.6325626 0.1846855 -0.6088272 -0.7715055 0.2562815 -0.8448486 0.4696282 0.1373534 -0.4527933 -0.8809724 0.2778976 -0.9161057 0.2890039 0.08463835 -0.2790155 -0.9565494 0.2888999 -0.9523765 0.09754949 0.02858924 -0.09424608 0.9951384 0.02858918 -0.09424608 -0.9951384 0.2889001 -0.9523764 -0.09754979 0.08463835 -0.2790154 0.9565494 0.2778971 -0.9161058 -0.2890043 0.1373531 -0.4527932 0.8809724 0.2562819 -0.8448483 -0.4696285 0.1846857 -0.6088273 0.7715055 0.2248281 -0.7411592 -0.6325626 0.09754943 -0.9904384 -0.09754973 0.02857869 -0.2901664 0.9565494 0.09383422 -0.952718 -0.2890043 0.04637837 -0.4708893 0.8809724 0.08653539 -0.8786131 -0.4696283 0.06236028 -0.6331592 0.7715055 0.07591462 -0.7707797 -0.6325628 0.0759148 -0.7707798 0.6325627 0.06236052 -0.6331593 -0.7715054 0.08653551 -0.8786131 0.4696282 0.04637825 -0.4708892 -0.8809724 0.09383434 -0.9527181 0.2890042 0.02857869 -0.2901664 -0.9565494 0.09754937 -0.9904384 0.09754961 0.009653329 -0.09801268 0.9951384 0.009653329 -0.09801268 -0.9951384 -0.06236076 -0.6331594 -0.7715053 -0.08653593 -0.8786131 0.4696282 -0.04637849 -0.4708892 -0.8809724 -0.09383469 -0.952718 0.2890042 -0.02857893 -0.2901664 -0.9565494 -0.09754973 -0.9904384 0.09754991 -0.009653389 -0.09801268 0.9951383 -0.009653389 -0.09801268 -0.9951383 -0.09754985 -0.9904383 -0.09754979 -0.02857887 -0.2901664 0.9565494 -0.09383463 -0.9527181 -0.289004 -0.04637855 -0.4708893 0.8809725 -0.08653581 -0.878613 -0.4696282 -0.062361 -0.6331592 0.7715053 -0.07591545 -0.7707796 -0.6325627 -0.07591515 -0.7707797 0.6325628 -0.277898 -0.9161056 -0.2890042 -0.1373534 -0.4527932 0.8809724 -0.2562823 -0.8448483 -0.4696283 -0.1846861 -0.6088273 0.7715052 -0.2248285 -0.7411588 -0.6325629 -0.2248284 -0.7411588 0.6325629 -0.1846859 -0.6088276 -0.7715051 -0.2562823 -0.8448484 0.4696282 -0.1373536 -0.452793 -0.8809725 -0.2778977 -0.9161057 0.2890039 -0.08463859 -0.2790154 -0.9565494 -0.2889007 -0.9523762 0.09754961 -0.0285893 -0.09424608 0.9951383 -0.02858924 -0.09424608 -0.9951383 -0.2889002 -0.9523763 -0.09755009 -0.08463859 -0.2790154 0.9565494 -0.2230497 -0.4172967 -0.8809723 -0.4512815 -0.8442877 0.289004 -0.1374454 -0.2571421 -0.9565494 -0.4691487 -0.8777149 0.09754985 -0.04642641 -0.08685767 0.9951384 -0.04642641 -0.08685773 -0.9951384 -0.4691488 -0.8777149 -0.09754985 -0.1374453 -0.2571421 0.9565494 -0.4512816 -0.8442876 -0.289004 -0.2230499 -0.4172965 0.8809724 -0.4161793 -0.7786168 -0.4696283 -0.2999137 -0.5610986 0.7715052 -0.3651012 -0.6830556 -0.6325631 -0.365101 -0.6830559 0.6325629 -0.2999138 -0.5610985 -0.7715051 -0.4161797 -0.7786168 0.469628 -0.3001746 -0.3657635 0.8809723 -0.5600832 -0.6824634 -0.469628 -0.4036157 -0.4918069 0.7715052 -0.4913433 -0.5987033 -0.6325632 -0.4913432 -0.5987035 0.6325631 -0.4036158 -0.4918069 -0.7715052 -0.5600833 -0.6824634 0.4696279 -0.3001746 -0.3657634 -0.8809724 -0.6073226 -0.7400243 0.2890039 -0.1849703 -0.2253869 -0.9565494 -0.631368 -0.7693234 0.09754991 -0.06247943 -0.0761314 0.9951384 -0.06247943 -0.0761314 -0.9951383 -0.6313678 -0.7693235 -0.09755003 -0.1849703 -0.2253868 0.9565494 -0.6073225 -0.7400245 -0.2890037 -0.7400247 -0.6073223 0.2890036 -0.225387 -0.1849703 -0.9565494 -0.769324 -0.6313673 0.09754985 -0.07613146 -0.06247943 0.9951383 -0.07613146 -0.06247943 -0.9951384 -0.7693238 -0.6313675 -0.09755015 -0.225387 -0.1849702 0.9565495 -0.7400246 -0.6073223 -0.2890036 -0.3657637 -0.3001744 0.8809723 -0.6824635 -0.5600831 -0.4696279 -0.4918072 -0.4036155 0.7715052 -0.5987035 -0.491343 -0.6325632 -0.5987036 -0.491343 0.6325631 -0.4918071 -0.4036155 -0.7715052 -0.6824635 -0.5600831 0.469628 -0.3657637 -0.3001742 -0.8809724 -0.778617 -0.4161792 -0.469628 -0.5610987 -0.2999134 0.7715052 -0.6830559 -0.3651008 -0.6325631 -0.6830559 -0.3651008 0.6325631 -0.5610987 -0.2999134 -0.7715052 -0.778617 -0.4161793 0.4696281 -0.4172967 -0.2230495 -0.8809724 -0.844288 -0.4512812 0.2890035 -0.2571422 -0.1374452 -0.9565494 -0.8777151 -0.4691484 0.09755009 -0.08685773 -0.04642635 0.9951383 -0.08685773 -0.04642641 -0.9951384 -0.8777151 -0.4691483 -0.09755003 -0.2571422 -0.1374452 0.9565494 -0.844288 -0.4512812 -0.2890035 -0.4172967 -0.2230496 0.8809723 -0.2790155 -0.08463841 -0.9565494 -0.9523764 -0.2888999 0.09755033 -0.09424614 -0.02858924 0.9951384 -0.09424614 -0.02858924 -0.9951383 -0.9523764 -0.2888998 -0.09755027 -0.2790155 -0.08463829 0.9565494 -0.916106 -0.2778972 -0.2890035 -0.4527933 -0.1373532 0.8809723 -0.8448485 -0.2562819 -0.4696282 -0.6088277 -0.1846855 0.7715051 -0.7411588 -0.2248276 -0.6325633 -0.7411588 -0.224828 0.632563 -0.6088275 -0.1846857 -0.7715052 -0.8448488 -0.2562816 0.4696279 -0.4527933 -0.1373532 -0.8809724 -0.9161059 -0.2778973 0.2890034 -0.6331596 -0.06236034 0.7715051 -0.7707793 -0.07591456 -0.6325633 -0.7707793 -0.07591474 0.6325632 -0.6331595 -0.06236058 -0.7715051 -0.8786132 -0.08653557 0.4696278 -0.4708893 -0.04637849 -0.8809724 -0.9527183 -0.0938344 0.2890034 -0.2901664 -0.02857863 -0.9565494 -0.9904382 -0.09754937 0.09755039 -0.09801268 -0.00965327 0.9951383 -0.09801268 -0.009653329 -0.9951383 -0.9904383 -0.09754943 -0.09755051 -0.2901664 -0.02857881 0.9565494 -0.9527183 -0.09383428 -0.2890035 -0.4708893 -0.04637837 0.8809725 -0.8786132 -0.08653545 -0.4696279 -0.9904382 0.09755015 0.09755027 -0.09801268 0.009653389 0.9951383 -0.09801274 0.009653389 -0.9951384 -0.9904383 0.09754985 -0.09755057 -0.2901664 0.02857887 0.9565494 -0.9527183 0.09383463 -0.2890033 -0.4708893 0.04637855 0.8809724 -0.8786131 0.08653587 -0.4696279 -0.6331596 0.0623607 0.7715051 -0.7707793 0.07591497 -0.6325631 -0.7707793 0.07591515 0.6325632 -0.6331597 0.06236082 -0.7715051 -0.8786132 0.08653593 0.4696279 -0.4708893 0.04637849 -0.8809723 -0.9527183 0.09383475 0.2890034 -0.2901664 0.02857893 -0.9565494 -0.7411587 0.2248284 -0.6325631 -0.7411587 0.2248284 0.6325631 -0.6088275 0.1846859 -0.7715051 -0.8448485 0.2562823 0.4696279 -0.4527933 0.1373534 -0.8809723 -0.9161059 0.2778978 0.2890033 -0.2790154 0.08463841 -0.9565494 -0.9523761 0.2889007 0.09755003 -0.09424614 0.02858924 0.9951384 -0.09424614 0.02858924 -0.9951384 -0.9523763 0.2889003 -0.09755045 -0.2790154 0.08463847 0.9565494 -0.9161058 0.277898 -0.2890035 -0.4527933 0.1373534 0.8809723 -0.8448484 0.2562825 -0.4696279 -0.6088277 0.1846862 0.771505 -0.08685773 0.04642641 -0.9951384 -0.8777151 0.4691485 -0.09755015 -0.2571421 0.1374453 0.9565494 -0.8442876 0.4512818 -0.2890038 -0.4172967 0.2230498 0.8809724 -0.7786169 0.4161794 -0.4696279 -0.5610988 0.299914 0.771505 -0.6830555 0.3651013 -0.6325634 -0.6830558 0.365101 0.632563 -0.5610988 0.2999137 -0.7715051 -0.7786169 0.41618 0.4696276 -0.4172968 0.2230497 -0.8809724 -0.8442879 0.4512814 0.2890034 -0.2571421 0.1374453 -0.9565494 -0.8777148 0.4691488 0.09754985 -0.08685773 0.04642647 0.9951384 -0.4918072 0.403616 -0.7715049 -0.6824636 0.5600835 0.4696276 -0.3657636 0.3001745 -0.8809723 -0.7400243 0.6073228 0.2890037 -0.2253869 0.1849703 -0.9565494 -0.7693235 0.6313678 0.09755021 -0.0761314 0.06247943 0.9951384 -0.0761314 0.06247949 -0.9951384 -0.7693234 0.6313679 -0.09755003 -0.2253869 0.1849703 0.9565495 -0.7400246 0.6073226 -0.2890034 -0.3657636 0.3001746 0.8809723 -0.6824635 0.5600835 -0.4696276 -0.4918072 0.4036161 0.7715049 -0.5987031 0.4913433 -0.6325634 -0.5987033 0.4913432 0.6325632 -0.1849702 0.225387 0.9565495 -0.6073224 0.7400248 -0.2890032 -0.3001744 0.3657636 0.8809723 -0.5600833 0.6824636 -0.4696276 -0.4036157 0.4918076 0.7715049 -0.4913426 0.5987033 -0.6325635 -0.491343 0.5987033 0.6325633 -0.4036158 0.4918074 -0.7715049 -0.5600833 0.6824638 0.4696276 -0.3001743 0.3657638 -0.8809723 -0.6073223 0.7400249 0.2890034 -0.1849702 0.225387 -0.9565494 -0.6313673 0.7693238 0.09755039 -0.06247943 0.07613146 0.9951384 -0.06247943 0.07613146 -0.9951384 -0.6313673 0.7693239 -0.09755039 -0.4161794 0.778617 0.4696277 -0.2230496 0.4172968 -0.8809724 -0.4512811 0.8442882 0.2890031 -0.1374453 0.2571421 -0.9565494 -0.469148 0.8777152 0.09755051 -0.04642635 0.08685773 0.9951384 -0.04642641 0.08685773 -0.9951384 -0.4691482 0.8777152 -0.09755057 -0.1374452 0.2571421 0.9565494 -0.4512814 0.8442882 -0.2890027 -0.2230497 0.4172967 0.8809723 -0.4161794 0.7786172 -0.4696276 -0.2999134 0.5610993 0.7715047 -0.3651003 0.6830556 -0.6325636 -0.3651007 0.6830556 0.6325634 -0.2999136 0.5610991 -0.7715048 -0.2778973 0.9161062 -0.2890028 -0.1373531 0.4527934 0.8809723 -0.256282 0.8448486 -0.4696278 -0.1846857 0.6088281 0.7715046 -0.2248275 0.7411583 -0.6325637 -0.224828 0.7411584 0.6325636 -0.1846856 0.6088282 -0.7715047 -0.2562817 0.844849 0.4696275 -0.1373531 0.4527934 -0.8809723 -0.2778975 0.9161061 0.2890027 -0.08463841 0.2790154 -0.9565494 -0.2889 0.9523763 0.09755074 -0.02858924 0.09424608 0.9951383 -0.02858924 0.09424614 -0.9951383 -0.2889 0.9523764 -0.09755069 -0.08463829 0.2790155 0.9565494 -0.04637849 0.4708893 -0.8809723 -0.09383451 0.9527196 0.2889991 -0.02857863 0.2901664 -0.9565494 -0.09755337 0.9904375 0.0975548 -0.009653747 0.09801262 0.9951384 -0.009653329 0.09801274 -0.9951384 -0.09755468 0.9904377 -0.09755092 -0.02857887 0.2901666 0.9565493 -0.09383428 0.9527185 -0.2890027 -0.04637956 0.4708887 0.8809726 -0.08653545 0.8786134 -0.4696274 -0.06236428 0.6331585 0.7715057 -0.07591938 0.7707782 -0.6325638 -0.07591491 0.770781 0.6325611 -0.06236225 0.6331598 -0.7715048 -0.08653926 0.8786115 0.4696306 0.08653277 0.8786121 0.4696308 0.04637855 0.4708896 -0.8809723 0.09383469 0.9527195 0.2889991 0.0285775 0.2901663 -0.9565495 0.09754467 0.9904389 0.09754973 0.09754973 0.9904384 -0.09754979 0.02857893 0.2901666 0.9565493 0.09383457 0.9527171 -0.2890074 0.04637622 0.4708889 0.8809728 0.08653217 0.8786133 -0.4696283 0.0623607 0.6331589 0.7715057 0.07591259 0.7707799 -0.6325628 0.07591557 0.7707809 0.6325612 0.06236088 0.6331587 -0.7715058 0.2248284 0.7411589 0.632563 0.1846858 0.6088269 -0.7715057 0.2562822 0.8448482 0.4696286 0.1373534 0.4527935 -0.8809722 0.2778978 0.9161056 0.2890039 0.08463841 0.2790151 -0.9565494 0.2889001 0.9523764 0.09754979 0.2889002 0.9523763 -0.09754973 0.08463841 0.2790151 0.9565495 0.2778975 0.9161058 -0.2890037 0.1373536 0.4527934 0.8809723 0.2562821 0.8448482 -0.4696285 0.1846857 0.6088269 0.7715056 0.2248283 0.7411589 -0.6325629 0.4691485 0.8777151 -0.09754979 0.1374452 0.2571419 0.9565495 0.4512814 0.8442878 -0.2890039 0.2230499 0.4172967 0.8809723 0.4161794 0.7786166 -0.4696286 0.2999132 0.5610981 0.7715057 0.3651014 0.6830558 -0.6325629 0.3651012 0.6830561 0.6325627 0.2999133 0.5610981 -0.7715055 0.4161796 0.7786163 0.4696289 0.2230498 0.4172969 -0.8809723 0.4512814 0.8442878 0.2890039 0.1374453 0.2571418 -0.9565494 0.4691486 0.8777149 0.09754973 0.4036153 0.4918066 -0.7715056 0.560083 0.6824632 0.4696285 0.3001746 0.3657637 -0.8809723 0.6073227 0.7400241 0.2890042 0.1849702 0.2253867 -0.9565494 0.6313677 0.7693237 0.09754985 0.6313676 0.7693237 -0.09754997 0.1849702 0.2253867 0.9565495 0.6073225 0.7400245 -0.2890038 0.3001747 0.3657636 0.8809723 0.5600833 0.6824628 -0.4696288 0.4036153 0.4918066 0.7715056 0.4913433 0.5987036 -0.6325627 0.4913434 0.5987035 0.6325627 0.2253868 0.1849701 0.9565495 0.7400245 0.6073222 -0.2890041 0.3657638 0.3001744 0.8809723 0.6824633 0.560083 -0.4696284 0.4918066 0.4036153 0.7715057 0.5987036 0.4913433 -0.6325627 0.5987037 0.4913433 0.6325628 0.4918067 0.4036152 -0.7715056 0.6824632 0.560083 0.4696285 0.3657637 0.3001746 -0.8809723 0.7400245 0.6073223 0.2890041 0.2253868 0.1849701 -0.9565494 0.7693238 0.6313676 0.09755003 0.769324 0.6313672 -0.09754967 0.7786167 0.4161794 0.4696285 0.4172968 0.2230497 -0.8809723 0.8442879 0.451281 0.2890043 0.257142 0.1374452 -0.9565494 0.8777151 0.4691486 0.09754979 0.8777153 0.4691483 -0.09754943 0.257142 0.1374452 0.9565495 0.8442878 0.4512813 -0.289004 0.4172968 0.2230497 0.8809723 0.778617 0.4161791 -0.4696282 0.5610982 0.2999132 0.7715056 0.6830559 0.3651011 -0.6325629 0.6830561 0.365101 0.6325627 0.5610982 0.2999132 -0.7715057 0.9161057 0.2778975 -0.2890042 0.4527935 0.1373531 0.8809723 0.8448484 0.2562817 -0.4696284 0.6088271 0.1846854 0.7715057 0.7411591 0.2248277 -0.6325629 0.7411591 0.224828 0.6325626 0.6088271 0.1846855 -0.7715056 0.8448486 0.2562814 0.4696282 0.4527935 0.1373532 -0.8809723 0.9161056 0.2778974 0.2890043 0.2790153 0.08463817 -0.9565494 0.9523764 0.2889001 0.09754955 0.9523763 0.2889001 -0.09754967 0.2790153 0.08463829 0.9565495 0.4708894 0.04637855 -0.8809723 0.952718 0.09383416 0.2890043 0.2901662 0.02857863 -0.9565494 0.9904384 0.09754937 0.09754973 0.9904384 0.09754931 -0.09754967 0.2901663 0.02857875 0.9565495 0.952718 0.09383428 -0.2890042 0.4708893 0.04637819 0.8809724 0.8786129 0.08653545 -0.4696285 0.633159 0.0623607 0.7715055 0.7707798 0.0759148 -0.6325626 0.7707799 0.07591503 0.6325625 0.6331589 0.06236058 -0.7715057 0.878613 0.08653539 0.4696285 0.8786128 -0.08653587 -0.4696285 0.6331591 -0.0623607 0.7715054 0.7707797 -0.07591515 -0.6325627 0.7707796 -0.07591545 0.6325627 0.6331589 -0.06236094 -0.7715055 0.8786128 -0.08653581 0.4696286 0.4708893 -0.04637855 -0.8809724 0.952718 -0.09383457 0.289004 0.2901663 -0.02857899 -0.9565494 0.9904384 -0.09754985 0.09754973 0.9904384 -0.09754973 -0.09754985 0.2901663 -0.02857893 0.9565494 0.952718 -0.09383469 -0.2890042 0.4708892 -0.04637867 0.8809724 0.2790153 -0.08463853 -0.9565494 0.9523764 -0.2889002 0.09754991 0.9523763 -0.2889006 -0.09754949 0.2790154 -0.08463847 0.9565494 0.9161057 -0.2778976 -0.289004 0.4527931 -0.1373535 0.8809725 0.8448481 -0.2562821 -0.4696287 0.6088272 -0.1846857 0.7715054 0.741159 -0.2248284 -0.6325627 0.741159 -0.2248284 0.6325627 0.6088271 -0.184686 -0.7715054 0.8448481 -0.2562822 0.4696286 0.4527933 -0.1373534 -0.8809725 0.9161055 -0.2778978 0.2890042 0.5610983 -0.2999135 0.7715054 0.683056 -0.3651013 -0.6325626 0.6830561 -0.3651013 0.6325626 0.5610983 -0.2999135 -0.7715054 0.7786164 -0.4161795 0.4696287 0.4172965 -0.2230498 -0.8809725 0.8442876 -0.4512814 0.2890041 0.257142 -0.1374455 -0.9565494 0.8777149 -0.4691486 0.09754955 0.877715 -0.4691487 -0.09754949 0.2571421 -0.1374453 0.9565494 0.8442878 -0.4512814 -0.289004 0.4172964 -0.2230499 0.8809725 0.7786164 -0.4161794 -0.4696288 0.7693236 -0.6313678 0.09754955 0.7693235 -0.6313679 -0.09754937 0.2253869 -0.1849703 0.9565494 0.7400245 -0.6073225 -0.289004 0.3657634 -0.3001745 0.8809725 0.682463 -0.5600831 -0.4696288 0.4918067 -0.4036155 0.7715054 0.5987037 -0.4913436 -0.6325626 0.5987038 -0.4913435 0.6325626 0.4918068 -0.4036155 -0.7715055 0.682463 -0.560083 0.4696288 0.3657634 -0.3001745 -0.8809724 0.7400244 -0.6073225 0.289004 0.2253868 -0.1849703 -0.9565494 0.4913433 -0.5987039 -0.6325626 0.4913433 -0.5987039 0.6325626 0.4036152 -0.4918069 -0.7715054 0.5600828 -0.6824631 0.4696289 0.3001743 -0.3657636 -0.8809724 0.607322 -0.7400248 0.2890039 0.1849702 -0.225387 -0.9565495 0.6313674 -0.769324 0.09754949 0.6313674 -0.769324 -0.09754943 0.1849702 -0.225387 0.9565494 0.6073222 -0.7400247 -0.2890038 0.3001742 -0.3657636 0.8809725 0.5600827 -0.6824634 -0.4696287 0.4036154 -0.4918069 0.7715054 0.4691483 -0.8777152 -0.09754961 0.1374453 -0.2571422 0.9565494 0.4512811 -0.8442879 -0.2890037 0.2230494 -0.4172967 0.8809725 0.4161788 -0.7786169 -0.4696285 0.2999131 -0.5610985 0.7715055 0.365101 -0.6830563 -0.6325626 0.3651009 -0.6830562 0.6325627 0.2999132 -0.5610985 -0.7715054 0.416179 -0.7786166 0.4696287 0.2230495 -0.4172967 -0.8809724 0.4512807 -0.8442881 0.2890041 0.1374452 -0.2571422 -0.9565494 0.4691483 -0.8777152 0.09754961 0.2248281 -0.7411591 0.6325626 0.1846857 -0.6088273 -0.7715055 0.2562819 -0.8448483 0.4696285 0.1373531 -0.4527932 -0.8809724 0.2778971 -0.9161058 0.2890043 0.08463841 -0.2790154 -0.9565494 0.2889001 -0.9523764 0.09754979 0.2888999 -0.9523765 -0.09754949 0.08463835 -0.2790155 0.9565494 0.2778976 -0.9161057 -0.2890039 0.1373534 -0.4527933 0.8809724 0.2562816 -0.8448486 -0.4696282 0.1846855 -0.6088272 0.7715055 0.2248281 -0.7411592 -0.6325627 0.09754937 -0.9904384 -0.09754961 0.02857875 -0.2901664 0.9565494 0.09383434 -0.9527181 -0.2890042 0.04637819 -0.4708892 0.8809724 0.08653551 -0.8786131 -0.4696282 0.06236052 -0.6331593 0.7715054 0.0759148 -0.7707798 -0.6325627 0.07591462 -0.7707797 0.6325628 0.06236028 -0.6331592 -0.7715055 0.08653539 -0.8786131 0.4696283 0.04637837 -0.4708893 -0.8809724 0.09383422 -0.952718 0.2890043 0.02857869 -0.2901664 -0.9565494 0.09754943 -0.9904384 0.09754967 -0.062361 -0.6331592 -0.7715053 -0.08653581 -0.878613 0.4696282 -0.04637855 -0.4708893 -0.8809725 -0.09383463 -0.9527181 0.289004 -0.02857881 -0.2901664 -0.9565494 -0.09754985 -0.9904383 0.09754979 -0.09754979 -0.9904384 -0.09754991 -0.02857893 -0.2901664 0.9565494 -0.09383469 -0.952718 -0.2890042 -0.04637849 -0.4708893 0.8809724 -0.08653587 -0.8786131 -0.4696282 -0.06236076 -0.6331594 0.7715052 -0.07591515 -0.7707794 -0.6325629 -0.07591545 -0.7707794 0.6325629 -0.2778977 -0.9161057 -0.2890039 -0.1373535 -0.4527931 0.8809725 -0.2562823 -0.8448484 -0.4696282 -0.1846859 -0.6088275 0.7715051 -0.2248284 -0.7411588 -0.6325629 -0.2248284 -0.7411588 0.6325629 -0.1846861 -0.6088273 -0.7715052 -0.2562823 -0.8448483 0.4696283 -0.1373534 -0.4527932 -0.8809724 -0.277898 -0.9161056 0.2890042 -0.08463859 -0.2790154 -0.9565494 -0.2889002 -0.9523763 0.09755009 -0.2889007 -0.9523763 -0.09754961 -0.08463853 -0.2790154 0.9565494 -0.2230499 -0.4172965 -0.8809724 -0.4512816 -0.8442876 0.289004 -0.1374453 -0.2571421 -0.9565494 -0.4691488 -0.8777149 0.09754985 -0.4691488 -0.8777149 -0.09754985 -0.1374454 -0.2571421 0.9565494 -0.4512815 -0.8442877 -0.289004 -0.2230497 -0.4172967 0.8809724 -0.4161797 -0.7786168 -0.469628 -0.2999138 -0.5610985 0.7715052 -0.365101 -0.6830559 -0.6325629 -0.3651011 -0.6830556 0.6325631 -0.2999137 -0.5610985 -0.7715052 -0.4161793 -0.7786168 0.4696283 -0.3001746 -0.3657635 0.8809724 -0.5600833 -0.6824634 -0.4696279 -0.4036158 -0.4918069 0.7715051 -0.4913432 -0.5987035 -0.6325631 -0.4913433 -0.5987033 0.6325632 -0.4036157 -0.4918069 -0.7715052 -0.5600832 -0.6824634 0.469628 -0.3001746 -0.3657635 -0.8809723 -0.6073225 -0.7400245 0.2890037 -0.1849703 -0.2253868 -0.9565494 -0.6313678 -0.7693235 0.09755009 -0.6313679 -0.7693234 -0.09754991 -0.1849703 -0.2253869 0.9565494 -0.6073226 -0.7400243 -0.2890039 -0.7400246 -0.6073223 0.2890036 -0.225387 -0.1849702 -0.9565494 -0.7693238 -0.6313675 0.09755009 -0.769324 -0.6313673 -0.09754985 -0.225387 -0.1849702 0.9565494 -0.7400247 -0.6073223 -0.2890036 -0.3657637 -0.3001742 0.8809725 -0.6824635 -0.5600831 -0.469628 -0.4918071 -0.4036155 0.7715052 -0.5987036 -0.491343 -0.6325631 -0.5987036 -0.4913429 0.6325632 -0.4918072 -0.4036154 -0.7715052 -0.6824635 -0.5600831 0.4696279 -0.3657636 -0.3001744 -0.8809723 -0.7786169 -0.4161793 -0.4696281 -0.5610987 -0.2999134 0.7715052 -0.6830559 -0.3651008 -0.6325631 -0.6830559 -0.3651008 0.6325632 -0.5610987 -0.2999134 -0.7715051 -0.778617 -0.4161792 0.469628 -0.4172967 -0.2230496 -0.8809723 -0.844288 -0.4512812 0.2890035 -0.2571422 -0.1374452 -0.9565494 -0.8777151 -0.4691483 0.09755003 -0.8777151 -0.4691484 -0.09755003 -0.2571422 -0.1374452 0.9565494 -0.844288 -0.4512812 -0.2890035 -0.4172967 -0.2230496 0.8809724 -0.2790155 -0.08463829 -0.9565494 -0.9523764 -0.2888998 0.09755021 -0.9523763 -0.2888999 -0.09755033 -0.2790155 -0.08463841 0.9565493 -0.9161059 -0.2778973 -0.2890034 -0.4527933 -0.1373531 0.8809724 -0.8448488 -0.2562816 -0.4696279 -0.6088275 -0.1846857 0.7715052 -0.7411588 -0.224828 -0.632563 -0.7411588 -0.2248276 0.6325633 -0.6088277 -0.1846855 -0.7715051 -0.8448485 -0.2562819 0.4696282 -0.4527933 -0.1373532 -0.8809725 -0.916106 -0.2778972 0.2890035 -0.6331597 -0.06236058 0.771505 -0.7707793 -0.07591474 -0.6325632 -0.7707793 -0.07591462 0.6325633 -0.6331597 -0.06236034 -0.7715049 -0.8786132 -0.08653545 0.4696279 -0.4708893 -0.04637837 -0.8809725 -0.9527183 -0.09383422 0.2890035 -0.2901664 -0.02857887 -0.9565494 -0.9904383 -0.09754943 0.09755051 -0.9904382 -0.09754937 -0.09755045 -0.2901664 -0.02857863 0.9565494 -0.9527183 -0.0938344 -0.2890034 -0.4708893 -0.04637849 0.8809724 -0.8786132 -0.08653557 -0.4696278 -0.9904383 0.09754985 0.09755057 -0.9904382 0.09755015 -0.09755027 -0.2901664 0.02857893 0.9565494 -0.9527183 0.09383475 -0.2890034 -0.4708893 0.04637849 0.8809724 -0.8786132 0.08653593 -0.4696278 -0.6331597 0.06236082 0.7715051 -0.7707793 0.07591515 -0.6325632 -0.7707793 0.07591503 0.6325631 -0.6331596 0.0623607 -0.7715051 -0.8786131 0.08653587 0.4696279 -0.4708893 0.04637855 -0.8809724 -0.9527183 0.09383463 0.2890033 -0.2901663 0.02857881 -0.9565494 -0.7411587 0.2248284 -0.6325631 -0.7411586 0.2248284 0.6325632 -0.6088277 0.1846862 -0.771505 -0.8448485 0.2562824 0.469628 -0.4527933 0.1373534 -0.8809723 -0.9161058 0.277898 0.2890035 -0.2790154 0.08463847 -0.9565494 -0.9523763 0.2889003 0.09755045 -0.9523761 0.2889007 -0.09754997 -0.2790154 0.08463841 0.9565494 -0.9161059 0.2778978 -0.2890033 -0.4527933 0.1373534 0.8809724 -0.8448485 0.2562823 -0.4696279 -0.6088275 0.1846859 0.7715051 -0.8777148 0.4691488 -0.09754985 -0.257142 0.1374453 0.9565494 -0.8442879 0.4512814 -0.2890034 -0.4172967 0.2230498 0.8809723 -0.7786169 0.41618 -0.4696276 -0.5610988 0.2999137 0.7715051 -0.6830558 0.365101 -0.632563 -0.6830555 0.3651013 0.6325634 -0.5610988 0.299914 -0.771505 -0.7786169 0.4161794 0.4696279 -0.4172967 0.2230498 -0.8809724 -0.8442876 0.4512818 0.2890039 -0.2571421 0.1374453 -0.9565494 -0.8777151 0.4691485 0.09755021 -0.4918072 0.4036161 -0.7715049 -0.6824635 0.5600835 0.4696276 -0.3657636 0.3001746 -0.8809723 -0.7400246 0.6073226 0.2890034 -0.2253869 0.1849703 -0.9565495 -0.7693234 0.6313679 0.09755009 -0.7693235 0.6313678 -0.09755021 -0.2253868 0.1849703 0.9565494 -0.7400243 0.6073228 -0.2890037 -0.3657636 0.3001745 0.8809723 -0.6824635 0.5600834 -0.4696276 -0.4918072 0.403616 0.7715049 -0.5987033 0.4913432 -0.6325632 -0.598703 0.4913433 0.6325634 -0.1849702 0.225387 0.9565494 -0.6073223 0.7400249 -0.2890034 -0.3001743 0.3657638 0.8809723 -0.5600833 0.6824637 -0.4696276 -0.4036158 0.4918074 0.7715049 -0.491343 0.5987033 -0.6325633 -0.4913426 0.5987034 0.6325635 -0.4036157 0.4918076 -0.7715048 -0.5600833 0.6824636 0.4696276 -0.3001744 0.3657636 -0.8809723 -0.6073224 0.7400248 0.2890032 -0.1849702 0.225387 -0.9565495 -0.6313673 0.7693239 0.09755039 -0.6313673 0.7693238 -0.09755039 -0.4161794 0.7786172 0.4696276 -0.2230497 0.4172967 -0.8809723 -0.4512814 0.8442882 0.2890027 -0.1374452 0.2571421 -0.9565494 -0.4691482 0.8777152 0.09755057 -0.469148 0.8777152 -0.09755051 -0.1374453 0.2571421 0.9565494 -0.4512811 0.8442882 -0.2890031 -0.2230496 0.4172968 0.8809724 -0.4161795 0.778617 -0.4696277 -0.2999136 0.5610991 0.7715048 -0.3651008 0.6830557 -0.6325634 -0.3651003 0.6830556 0.6325636 -0.2999134 0.5610993 -0.7715047 -0.2778975 0.9161061 -0.2890027 -0.1373532 0.4527934 0.8809724 -0.2562817 0.844849 -0.4696275 -0.1846856 0.6088282 0.7715047 -0.224828 0.7411584 -0.6325636 -0.2248275 0.7411583 0.6325637 -0.1846857 0.6088281 -0.7715047 -0.256282 0.8448486 0.4696278 -0.1373531 0.4527934 -0.8809723 -0.2778973 0.9161062 0.2890028 -0.08463829 0.2790155 -0.9565494 -0.2889 0.9523764 0.09755069 -0.2889 0.9523763 -0.09755074 -0.08463841 0.2790155 0.9565493 -0.04637956 0.4708887 -0.8809726 -0.09383845 0.9527181 0.2890028 -0.02857881 0.2901664 -0.9565494 -0.09754949 0.9904383 0.09755092 -0.09755343 0.990438 -0.09754967 -0.02858 0.2901662 0.9565494 -0.09383928 0.9527165 -0.2890074 -0.04637849 0.4708893 0.8809724 -0.08653557 0.8786134 -0.4696276 -0.06236225 0.6331598 0.7715048 -0.07591491 0.770781 -0.6325611 -0.07591938 0.7707782 0.6325638 -0.06236422 0.6331585 -0.7715057 -0.08653545 0.8786134 0.4696274</float_array>
          <technique_common>
            <accessor source="#Sphere_001-mesh-normals-array" count="960" stride="3">
              <param name="X" type="float"/>
              <param name="Y" type="float"/>
              <param name="Z" type="float"/>
            </accessor>
          </technique_common>
        </source>
        <source id="Sphere_001-mesh-map-0">
          <float_array id="Sphere_001-mesh-map-0-array" count="5760">0.75 0.625 0.71875 0.6875 0.71875 0.625 0.75 0.1875 0.71875 0.125 0.75 0.1249998 0.75 0.5625001 0.71875 0.625 0.71875 0.5625 0.75 0.1249998 0.71875 0.06249994 0.75 0.06249994 0.75 0.5625001 0.71875 0.5 0.75 0.5 0.75 0.9375001 0.734375 1 0.71875 0.9375001 0.734375 0 0.75 0.06249994 0.71875 0.06249994 0.75 0.5 0.71875 0.4375 0.75 0.4375 0.75 0.8750001 0.71875 0.9375001 0.71875 0.875 0.75 0.375 0.71875 0.4375 0.71875 0.375 0.75 0.8125 0.71875 0.875 0.71875 0.8125 0.75 0.375 0.71875 0.3125 0.75 0.3124999 0.75 0.8125 0.71875 0.75 0.75 0.75 0.75 0.3124999 0.71875 0.25 0.75 0.25 0.75 0.6875001 0.71875 0.75 0.71875 0.6875 0.75 0.1875 0.71875 0.25 0.71875 0.1875 0.71875 0.75 0.6875 0.6875 0.71875 0.6875 0.71875 0.1875 0.6875 0.25 0.6875 0.1875 0.71875 0.6875 0.6875 0.625 0.71875 0.625 0.71875 0.125 0.6875 0.1875 0.6875 0.125 0.71875 0.625 0.6875 0.5625 0.71875 0.5625 0.71875 0.06249994 0.6875 0.125 0.6875 0.06249994 0.71875 0.5 0.6875 0.5625 0.6875 0.5 0.71875 0.9375001 0.703125 1 0.6875 0.9375001 0.703125 0 0.71875 0.06249994 0.6875 0.06249994 0.71875 0.5 0.6875 0.4375 0.71875 0.4375 0.71875 0.9375001 0.6875 0.875 0.71875 0.875 0.71875 0.375 0.6875 0.4375 0.6875 0.375 0.71875 0.875 0.6875 0.8125 0.71875 0.8125 0.71875 0.3125 0.6875 0.375 0.6875 0.3125 0.71875 0.8125 0.6875 0.75 0.71875 0.75 0.71875 0.25 0.6875 0.3125 0.6875 0.25 0.6875 0.5 0.65625 0.4375 0.6875 0.4375 0.6875 0.9375001 0.65625 0.875 0.6875 0.875 0.6875 0.375 0.65625 0.4375 0.65625 0.375 0.6875 0.875 0.65625 0.8125 0.6875 0.8125 0.6875 0.3125 0.65625 0.375 0.65625 0.3125 0.6875 0.75 0.65625 0.8125 0.65625 0.75 0.6875 0.25 0.65625 0.3125 0.65625 0.25 0.6875 0.75 0.65625 0.6875 0.6875 0.6875 0.6875 0.25 0.65625 0.1875 0.6875 0.1875 0.6875 0.6875 0.65625 0.625 0.6875 0.625 0.6875 0.125 0.65625 0.1875 0.65625 0.125 0.6875 0.625 0.65625 0.5625 0.6875 0.5625 0.6875 0.06249994 0.65625 0.125 0.65625 0.06249994 0.6875 0.5 0.65625 0.5625 0.65625 0.5 0.6875 0.9375001 0.671875 1 0.65625 0.9375001 0.671875 0 0.6875 0.06249994 0.65625 0.06249994 0.65625 0.25 0.625 0.1875 0.65625 0.1875 0.65625 0.6875 0.625 0.6250001 0.65625 0.625 0.65625 0.125 0.625 0.1875 0.625 0.125 0.65625 0.625 0.625 0.5625 0.65625 0.5625 0.65625 0.06249994 0.625 0.125 0.625 0.06249994 0.65625 0.5 0.625 0.5625 0.625 0.5 0.65625 0.9375001 0.640625 1 0.625 0.9375001 0.640625 0 0.65625 0.06249994 0.625 0.06249994 0.65625 0.5 0.625 0.4375 0.65625 0.4375 0.65625 0.9375001 0.625 0.875 0.65625 0.875 0.65625 0.375 0.625 0.4375 0.625 0.375 0.65625 0.875 0.625 0.8125 0.65625 0.8125 0.65625 0.3125 0.625 0.375 0.625 0.3125 0.65625 0.75 0.625 0.8125 0.625 0.75 0.65625 0.3125 0.625 0.25 0.65625 0.25 0.65625 0.75 0.625 0.6875 0.65625 0.6875 0.625 0.9375001 0.59375 0.875 0.625 0.875 0.625 0.375 0.59375 0.4375 0.59375 0.375 0.625 0.875 0.59375 0.8125 0.625 0.8125 0.625 0.375 0.59375 0.3125 0.625 0.3125 0.625 0.75 0.59375 0.8125 0.59375 0.75 0.625 0.3125 0.59375 0.25 0.625 0.25 0.625 0.75 0.59375 0.6875 0.625 0.6875 0.625 0.25 0.59375 0.1875 0.625 0.1875 0.625 0.6250001 0.59375 0.6875 0.59375 0.6250001 0.625 0.125 0.59375 0.1875 0.59375 0.125 0.625 0.6250001 0.59375 0.5625 0.625 0.5625 0.625 0.06249994 0.59375 0.125 0.59375 0.06249994 0.625 0.5 0.59375 0.5625 0.59375 0.5 0.625 0.9375001 0.609375 1 0.59375 0.9375001 0.609375 0 0.625 0.06249994 0.59375 0.06249994 0.625 0.5 0.59375 0.4375 0.625 0.4375 0.59375 0.6250001 0.5625 0.6875 0.5625 0.6250001 0.59375 0.125 0.5625 0.1875 0.5625 0.125 0.59375 0.6250001 0.5625 0.5625 0.59375 0.5625 0.59375 0.06249994 0.5625 0.125 0.5625 0.06249994 0.59375 0.5 0.5625 0.5625 0.5625 0.5 0.59375 0.9375001 0.578125 1 0.5625 0.9375001 0.578125 0 0.59375 0.06249994 0.5625 0.06249994 0.59375 0.5 0.5625 0.4375 0.59375 0.4375 0.59375 0.9375001 0.5625 0.875 0.59375 0.875 0.59375 0.375 0.5625 0.4375 0.5625 0.375 0.59375 0.875 0.5625 0.8125 0.59375 0.8125 0.59375 0.375 0.5625 0.3125 0.59375 0.3125 0.59375 0.75 0.5625 0.8125 0.5625 0.75 0.59375 0.3125 0.5625 0.25 0.59375 0.25 0.59375 0.6875 0.5625 0.75 0.5625 0.6875 0.59375 0.25 0.5625 0.1875 0.59375 0.1875 0.5625 0.375 0.53125 0.4375 0.53125 0.375 0.5625 0.875 0.53125 0.8125 0.5625 0.8125 0.5625 0.375 0.53125 0.3125 0.5625 0.3125 0.5625 0.8125 0.53125 0.75 0.5625 0.75 0.5625 0.25 0.53125 0.3125 0.53125 0.25 0.5625 0.75 0.53125 0.6875 0.5625 0.6875 0.5625 0.1875 0.53125 0.25 0.53125 0.1875 0.5625 0.6250001 0.53125 0.6875 0.53125 0.6250001 0.5625 0.125 0.53125 0.1875 0.53125 0.125 0.5625 0.6250001 0.53125 0.5625 0.5625 0.5625 0.5625 0.06249994 0.53125 0.125 0.53125 0.06249994 0.5625 0.5 0.53125 0.5625 0.53125 0.5 0.5625 0.9375001 0.546875 1 0.53125 0.9375001 0.546875 0 0.5625 0.06249994 0.53125 0.06249994 0.5625 0.5 0.53125 0.4375 0.5625 0.4375 0.5625 0.9375001 0.53125 0.875 0.5625 0.875 0.53125 0.125 0.5 0.1875 0.5 0.125 0.53125 0.6250001 0.5 0.5625 0.53125 0.5625 0.53125 0.06249994 0.5 0.125 0.5 0.06249994 0.53125 0.5 0.5 0.5625 0.5 0.5 0.53125 0.9375001 0.515625 1 0.5 0.9375001 0.515625 0 0.53125 0.06249994 0.5 0.06249994 0.53125 0.5 0.5 0.4375 0.53125 0.4375 0.53125 0.9375001 0.5 0.875 0.53125 0.875 0.53125 0.375 0.5 0.4375 0.5 0.375 0.53125 0.875 0.5 0.8125 0.53125 0.8125 0.53125 0.375 0.5 0.3125 0.53125 0.3125 0.53125 0.8125 0.5 0.75 0.53125 0.75 0.53125 0.25 0.5 0.3125 0.5 0.25 0.53125 0.75 0.5 0.6875001 0.53125 0.6875 0.53125 0.1875 0.5 0.25 0.5 0.1875 0.53125 0.6250001 0.5 0.6875001 0.5 0.6250001 0.5 0.375 0.46875 0.3125 0.5 0.3125 0.5 0.8125 0.46875 0.75 0.5 0.75 0.5 0.3125 0.46875 0.25 0.5 0.25 0.5 0.75 0.46875 0.6875 0.5 0.6875001 0.5 0.1875 0.46875 0.25 0.46875 0.1875 0.5 0.6250001 0.46875 0.6875 0.46875 0.6250001 0.5 0.125 0.46875 0.1875 0.46875 0.125 0.5 0.6250001 0.46875 0.5625 0.5 0.5625 0.5 0.06249994 0.46875 0.125 0.46875 0.06249994 0.5 0.5 0.46875 0.5625 0.46875 0.5 0.5 0.9375001 0.484375 1 0.46875 0.9375001 0.484375 0 0.5 0.06249994 0.46875 0.06249994 0.5 0.5 0.46875 0.4375 0.5 0.4375 0.5 0.9375001 0.46875 0.875 0.5 0.875 0.5 0.375 0.46875 0.4375 0.46875 0.375 0.5 0.875 0.46875 0.8125 0.5 0.8125 0.46875 0.06249994 0.4375 0.125 0.4375 0.06249994 0.46875 0.5 0.4375 0.5625 0.4375 0.5 0.46875 0.9375001 0.453125 1 0.4375 0.9375001 0.453125 0 0.46875 0.06249994 0.4375 0.06249994 0.46875 0.5 0.4375 0.4375 0.46875 0.4375 0.46875 0.9375001 0.4375 0.875 0.46875 0.875 0.46875 0.375 0.4375 0.4375 0.4375 0.375 0.46875 0.875 0.4375 0.8125 0.46875 0.8125 0.46875 0.375 0.4375 0.3125 0.46875 0.3125 0.46875 0.8125 0.4375 0.7500001 0.46875 0.75 0.46875 0.25 0.4375 0.3125 0.4375 0.25 0.46875 0.75 0.4375 0.6875001 0.46875 0.6875 0.46875 0.1875 0.4375 0.25 0.4375 0.1875 0.46875 0.6250001 0.4375 0.6875001 0.4375 0.6250001 0.46875 0.125 0.4375 0.1875 0.4375 0.125 0.46875 0.6250001 0.4375 0.5625 0.46875 0.5625 0.4375 0.8125 0.40625 0.7500001 0.4375 0.7500001 0.4375 0.25 0.40625 0.3125 0.40625 0.25 0.4375 0.7500001 0.40625 0.6875001 0.4375 0.6875001 0.4375 0.1875 0.40625 0.25 0.40625 0.1875 0.4375 0.6250001 0.40625 0.6875001 0.40625 0.6250001 0.4375 0.125 0.40625 0.1875 0.40625 0.125 0.4375 0.6250001 0.40625 0.5625 0.4375 0.5625 0.4375 0.06249994 0.40625 0.125 0.40625 0.06249994 0.4375 0.5 0.40625 0.5625 0.40625 0.5 0.4375 0.9375001 0.421875 1 0.40625 0.9375001 0.421875 0 0.4375 0.06249994 0.40625 0.06249994 0.4375 0.5 0.40625 0.4375 0.4375 0.4375 0.4375 0.9375001 0.40625 0.875 0.4375 0.875 0.4375 0.375 0.40625 0.4375 0.40625 0.375 0.4375 0.875 0.40625 0.8125 0.4375 0.8125 0.4375 0.375 0.40625 0.3125 0.4375 0.3125 0.40625 0.5 0.375 0.5625 0.375 0.5 0.40625 0.9375001 0.390625 1 0.375 0.9375001 0.390625 0 0.40625 0.06249994 0.375 0.06249994 0.40625 0.5 0.375 0.4375 0.40625 0.4375 0.40625 0.9375001 0.375 0.875 0.40625 0.875 0.40625 0.375 0.375 0.4375 0.375 0.375 0.40625 0.875 0.375 0.8125 0.40625 0.8125 0.40625 0.375 0.375 0.3125 0.40625 0.3125 0.40625 0.8125 0.375 0.7500001 0.40625 0.7500001 0.40625 0.25 0.375 0.3125 0.375 0.25 0.40625 0.7500001 0.375 0.6875001 0.40625 0.6875001 0.40625 0.25 0.375 0.1875 0.40625 0.1875 0.40625 0.6250001 0.375 0.6875001 0.375 0.6250001 0.40625 0.125 0.375 0.1875 0.375 0.125 0.40625 0.6250001 0.375 0.5625 0.40625 0.5625 0.40625 0.06249994 0.375 0.125 0.375 0.06249994 0.375 0.25 0.34375 0.3125 0.34375 0.25 0.375 0.7500001 0.34375 0.6875001 0.375 0.6875001 0.375 0.1875 0.34375 0.25 0.34375 0.1875 0.375 0.6250001 0.34375 0.6875001 0.34375 0.6250001 0.375 0.125 0.34375 0.1875 0.34375 0.125 0.375 0.6250001 0.34375 0.5625 0.375 0.5625 0.375 0.06249994 0.34375 0.125 0.34375 0.06249994 0.375 0.5 0.34375 0.5625 0.34375 0.5 0.375 0.9375001 0.359375 1 0.34375 0.9375001 0.359375 0 0.375 0.06249994 0.34375 0.06249994 0.375 0.5 0.34375 0.4375 0.375 0.4375 0.375 0.9375001 0.34375 0.875 0.375 0.875 0.375 0.375 0.34375 0.4375 0.34375 0.375 0.375 0.875 0.34375 0.8125 0.375 0.8125 0.375 0.375 0.34375 0.3125 0.375 0.3125 0.375 0.8125 0.34375 0.7500001 0.375 0.7500001 0.34375 0.9375001 0.328125 1 0.3125 0.9375001 0.328125 0 0.34375 0.06249994 0.3125 0.06249994 0.34375 0.5 0.3125 0.4375 0.34375 0.4375 0.34375 0.9375001 0.3125 0.8750001 0.34375 0.875 0.34375 0.375 0.3125 0.4375 0.3125 0.375 0.34375 0.875 0.3125 0.8125 0.34375 0.8125 0.34375 0.375 0.3125 0.3125 0.34375 0.3125 0.34375 0.8125 0.3125 0.7500001 0.34375 0.7500001 0.34375 0.25 0.3125 0.3125 0.3125 0.25 0.34375 0.7500001 0.3125 0.6875001 0.34375 0.6875001 0.34375 0.1875 0.3125 0.25 0.3125 0.1875 0.34375 0.6250001 0.3125 0.6875001 0.3125 0.6250001 0.34375 0.125 0.3125 0.1875 0.3125 0.1249998 0.34375 0.6250001 0.3125 0.5625 0.34375 0.5625 0.34375 0.06249994 0.3125 0.1249998 0.3125 0.06249994 0.34375 0.5 0.3125 0.5625 0.3125 0.5 0.3125 0.7500001 0.28125 0.6875001 0.3125 0.6875001 0.3125 0.1875 0.28125 0.25 0.28125 0.1875 0.3125 0.6250001 0.28125 0.6875001 0.28125 0.6250001 0.3125 0.1249998 0.28125 0.1875 0.28125 0.125 0.3125 0.6250001 0.28125 0.5625 0.3125 0.5625 0.3125 0.1249998 0.28125 0.06249994 0.3125 0.06249994 0.3125 0.5 0.28125 0.5625 0.28125 0.5 0.3125 0.9375001 0.296875 1 0.28125 0.9375001 0.296875 0 0.3125 0.06249994 0.28125 0.06249994 0.3125 0.5 0.28125 0.4375 0.3125 0.4375 0.3125 0.8750001 0.28125 0.9375001 0.28125 0.875 0.3125 0.375 0.28125 0.4375 0.28125 0.375 0.3125 0.8750001 0.28125 0.8125 0.3125 0.8125 0.3125 0.375 0.28125 0.3125 0.3125 0.3125 0.3125 0.8125 0.28125 0.7500001 0.3125 0.7500001 0.3125 0.3125 0.28125 0.25 0.3125 0.25 0.28125 0.5 0.25 0.4375 0.28125 0.4375 0.28125 0.9375001 0.25 0.8750001 0.28125 0.875 0.28125 0.375 0.25 0.4375 0.25 0.375 0.28125 0.875 0.25 0.8125 0.28125 0.8125 0.28125 0.3125 0.25 0.375 0.25 0.3125 0.28125 0.8125 0.25 0.7500001 0.28125 0.7500001 0.28125 0.25 0.25 0.3125 0.25 0.2499999 0.28125 0.7500001 0.25 0.6875001 0.28125 0.6875001 0.28125 0.1875 0.25 0.2499999 0.25 0.1875 0.28125 0.6875001 0.25 0.6250001 0.28125 0.6250001 0.28125 0.125 0.25 0.1875 0.25 0.1249998 0.28125 0.6250001 0.25 0.5625 0.28125 0.5625 0.28125 0.06249994 0.25 0.1249998 0.25 0.06249994 0.28125 0.5 0.25 0.5625 0.25 0.5 0.28125 0.9375001 0.265625 1 0.25 0.9375001 0.265625 0 0.28125 0.06249994 0.25 0.06249994 0.25 0.1875 0.21875 0.2499999 0.21875 0.1875 0.25 0.6250001 0.21875 0.6875001 0.21875 0.6250001 0.25 0.1875 0.21875 0.125 0.25 0.1249998 0.25 0.6250001 0.21875 0.5625001 0.25 0.5625 0.25 0.1249998 0.21875 0.06249994 0.25 0.06249994 0.25 0.5 0.21875 0.5625001 0.21875 0.5 0.25 0.9375001 0.234375 1 0.21875 0.9375001 0.234375 0 0.25 0.06249994 0.21875 0.06249994 0.25 0.5 0.21875 0.4375 0.25 0.4375 0.25 0.8750001 0.21875 0.9375001 0.21875 0.875 0.25 0.375 0.21875 0.4375 0.21875 0.375 0.25 0.8750001 0.21875 0.8125 0.25 0.8125 0.25 0.375 0.21875 0.3125 0.25 0.3125 0.25 0.8125 0.21875 0.7500001 0.25 0.7500001 0.25 0.3125 0.21875 0.2499999 0.25 0.2499999 0.25 0.7500001 0.21875 0.6875001 0.25 0.6875001 0.21875 0.375 0.1875 0.4375 0.1875 0.375 0.21875 0.875 0.1875 0.8125 0.21875 0.8125 0.21875 0.3125 0.1875 0.375 0.1875 0.3125 0.21875 0.8125 0.1875 0.7500001 0.21875 0.7500001 0.21875 0.2499999 0.1875 0.3125 0.1875 0.2499999 0.21875 0.7500001 0.1875 0.6875001 0.21875 0.6875001 0.21875 0.1875 0.1875 0.2499999 0.1875 0.1875 0.21875 0.6875001 0.1875 0.6250001 0.21875 0.6250001 0.21875 0.125 0.1875 0.1875 0.1875 0.1249998 0.21875 0.6250001 0.1875 0.5625001 0.21875 0.5625001 0.21875 0.06249994 0.1875 0.1249998 0.1875 0.06249994 0.21875 0.5 0.1875 0.5625001 0.1875 0.5 0.21875 0.9375001 0.203125 1 0.1875 0.9375001 0.203125 0 0.21875 0.06249994 0.1875 0.06249994 0.21875 0.5 0.1875 0.4375 0.21875 0.4375 0.21875 0.9375001 0.1875 0.8750001 0.21875 0.875 0.1875 0.1249998 0.15625 0.1875 0.15625 0.1249998 0.1875 0.6250001 0.15625 0.5625001 0.1875 0.5625001 0.1875 0.1249998 0.15625 0.06249994 0.1875 0.06249994 0.1875 0.5 0.15625 0.5625001 0.15625 0.5 0.1875 0.9375001 0.171875 1 0.15625 0.9375001 0.171875 0 0.1875 0.06249994 0.15625 0.06249994 0.1875 0.5 0.15625 0.4375 0.1875 0.4375 0.1875 0.8750001 0.15625 0.9375001 0.15625 0.8750001 0.1875 0.375 0.15625 0.4375 0.15625 0.375 0.1875 0.8750001 0.15625 0.8125001 0.1875 0.8125 0.1875 0.375 0.15625 0.3125 0.1875 0.3125 0.1875 0.8125 0.15625 0.7500001 0.1875 0.7500001 0.1875 0.2499999 0.15625 0.3125 0.15625 0.2499999 0.1875 0.7500001 0.15625 0.6875001 0.1875 0.6875001 0.1875 0.2499999 0.15625 0.1875 0.1875 0.1875 0.1875 0.6250001 0.15625 0.6875001 0.15625 0.6250001 0.15625 0.8750001 0.125 0.8125001 0.15625 0.8125001 0.15625 0.375 0.125 0.3125 0.15625 0.3125 0.15625 0.7500001 0.125 0.8125001 0.125 0.7500001 0.15625 0.2499999 0.125 0.3125 0.125 0.2499999 0.15625 0.7500001 0.125 0.6875001 0.15625 0.6875001 0.15625 0.2499999 0.125 0.1875 0.15625 0.1875 0.15625 0.6250001 0.125 0.6875001 0.125 0.6250001 0.15625 0.1249998 0.125 0.1875 0.125 0.1249998 0.15625 0.6250001 0.125 0.5625001 0.15625 0.5625001 0.15625 0.06249994 0.125 0.1249998 0.125 0.06249994 0.15625 0.5 0.125 0.5625001 0.125 0.5 0.15625 0.9375001 0.140625 1 0.125 0.9375001 0.140625 0 0.15625 0.06249994 0.125 0.06249994 0.15625 0.5 0.125 0.4375 0.15625 0.4375 0.15625 0.9375001 0.125 0.8750001 0.15625 0.8750001 0.15625 0.375 0.125 0.4375 0.125 0.375 0.125 0.6250001 0.09375 0.5625001 0.125 0.5625001 0.125 0.06249994 0.09374994 0.1249998 0.09375 0.06249994 0.125 0.5 0.09375 0.5625001 0.09375 0.5 0.125 0.9375001 0.109375 1 0.09375 0.9375001 0.109375 0 0.125 0.06249994 0.09375 0.06249994 0.125 0.5 0.09375 0.4375 0.125 0.4375 0.125 0.9375001 0.09374994 0.8750001 0.125 0.8750001 0.125 0.375 0.09375 0.4375 0.09375 0.375 0.125 0.8750001 0.09375 0.8125001 0.125 0.8125001 0.125 0.375 0.09375 0.3125 0.125 0.3125 0.125 0.7500001 0.09375 0.8125001 0.09374994 0.7500001 0.125 0.2499999 0.09375 0.3125 0.09374994 0.2499998 0.125 0.7500001 0.09375 0.6875001 0.125 0.6875001 0.125 0.2499999 0.09375 0.1875 0.125 0.1875 0.125 0.6250001 0.09375 0.6875001 0.09375 0.6250001 0.125 0.1249998 0.09375 0.1875 0.09374994 0.1249998 0.09375 0.375 0.0625 0.3125 0.09375 0.3125 0.09374994 0.7500001 0.0625 0.8125001 0.0625 0.7500001 0.09374994 0.2499998 0.0625 0.3125 0.0625 0.2499998 0.09374994 0.7500001 0.0625 0.6875001 0.09375 0.6875001 0.09374994 0.2499998 0.0625 0.1875 0.09375 0.1875 0.09375 0.6250001 0.0625 0.6875001 0.0625 0.6250001 0.09374994 0.1249998 0.0625 0.1875 0.0625 0.1249998 0.09375 0.6250001 0.0625 0.5625001 0.09375 0.5625001 0.09375 0.06249994 0.0625 0.1249998 0.0625 0.06249994 0.09375 0.5 0.0625 0.5625001 0.0625 0.5 0.09375 0.9375001 0.078125 1 0.0625 0.9375001 0.078125 0 0.09375 0.06249994 0.0625 0.06249994 0.09375 0.5 0.0625 0.4375 0.09375 0.4375 0.09375 0.9375001 0.0625 0.8750001 0.09374994 0.8750001 0.09375 0.375 0.0625 0.4375 0.0625 0.375 0.09374994 0.8750001 0.0625 0.8125001 0.09375 0.8125001 0.0625 0.1249998 0.03124994 0.06249994 0.0625 0.06249994 0.0625 0.5 0.03125 0.5625001 0.03124994 0.5 0.0625 0.9375001 0.04687494 1 0.03124994 0.9375001 0.04687494 0 0.0625 0.06249994 0.03124994 0.06249994 0.0625 0.5 0.03125 0.4375 0.0625 0.4375 0.0625 0.9375001 0.03124994 0.8750001 0.0625 0.8750001 0.0625 0.375 0.03125 0.4375 0.03125 0.375 0.0625 0.8750001 0.03124994 0.8125001 0.0625 0.8125001 0.0625 0.375 0.03125 0.3125 0.0625 0.3125 0.0625 0.7500001 0.03124994 0.8125001 0.03124994 0.7500001 0.0625 0.2499998 0.03125 0.3125 0.03124994 0.2499998 0.0625 0.7500001 0.03125 0.6875001 0.0625 0.6875001 0.0625 0.2499998 0.03124994 0.1875 0.0625 0.1875 0.0625 0.6250001 0.03125 0.6875001 0.03125 0.6250001 0.0625 0.1249998 0.03124994 0.1875 0.03124994 0.1249998 0.0625 0.6250001 0.03125 0.5625001 0.0625 0.5625001 0.03124994 0.8125001 0 0.7500001 0.03124994 0.7500001 0.03124994 0.2499998 0 0.3124999 0 0.2499998 0.03124994 0.7500001 0 0.6875001 0.03125 0.6875001 0.03124994 0.2499998 0 0.1875 0.03124994 0.1875 0.03125 0.6875001 0 0.6250001 0.03125 0.6250001 0.03124994 0.1249998 0 0.1875 0 0.1249998 0.03125 0.6250001 0 0.5625001 0.03125 0.5625001 0.03124994 0.06249994 0 0.1249998 0 0.06249994 0.03124994 0.5 0 0.5625001 0 0.5 0.03124994 0.9375001 0.01562494 1 0 0.9375001 0.01562494 0 0.03124994 0.06249994 0 0.06249994 0.03124994 0.5 0 0.4375 0.03125 0.4375 0.03124994 0.9375001 0 0.8750001 0.03124994 0.8750001 0.03125 0.375 0 0.4375 0 0.375 0.03124994 0.8750001 0 0.8125001 0.03124994 0.8125001 0.03125 0.3125 0 0.375 0 0.3124999 1 0.5 0.96875 0.5625001 0.96875 0.5 1 0.9375001 0.984375 1 0.96875 0.9375001 0.984375 0 1 0.06249994 0.96875 0.06249994 1 0.5 0.96875 0.4375 1 0.4375 1 0.8750001 0.96875 0.9375001 0.96875 0.8750001 1 0.375 0.96875 0.4375 0.96875 0.375 1 0.8125001 0.96875 0.8750001 0.96875 0.8125001 1 0.375 0.96875 0.3125 1 0.3124999 1 0.7500001 0.96875 0.8125001 0.96875 0.7500001 1 0.2499998 0.96875 0.3125 0.96875 0.2499998 1 0.7500001 0.96875 0.6875001 1 0.6875001 1 0.2499998 0.96875 0.1875 1 0.1875 1 0.6250001 0.96875 0.6875001 0.96875 0.6250001 1 0.1875 0.96875 0.1249998 1 0.1249998 1 0.6250001 0.96875 0.5625001 1 0.5625001 1 0.1249998 0.96875 0.06249994 1 0.06249994 0.96875 0.2499998 0.9375 0.3124999 0.9375 0.2499998 0.96875 0.7500001 0.9375 0.6875001 0.96875 0.6875001 0.96875 0.2499998 0.9375 0.1875 0.96875 0.1875 0.96875 0.6875001 0.9375 0.6250001 0.96875 0.6250001 0.96875 0.1249998 0.9375 0.1875 0.9375 0.1249998 0.96875 0.6250001 0.9375 0.5625001 0.96875 0.5625001 0.96875 0.1249998 0.9375 0.06249994 0.96875 0.06249994 0.96875 0.5 0.9375 0.5625001 0.9375 0.5 0.96875 0.9375001 0.953125 1 0.9375 0.9375001 0.953125 0 0.96875 0.06249994 0.9375 0.06249994 0.96875 0.5 0.9375 0.4375 0.96875 0.4375 0.96875 0.9375001 0.9375 0.8750001 0.96875 0.8750001 0.96875 0.375 0.9375 0.4375 0.9375 0.375 0.96875 0.8750001 0.9375 0.8125001 0.96875 0.8125001 0.96875 0.3125 0.9375 0.375 0.9375 0.3124999 0.96875 0.7500001 0.9375 0.8125001 0.9375 0.7500001 0.921875 0 0.9375 0.06249994 0.90625 0.06249994 0.9375 0.5 0.90625 0.4375 0.9375 0.4375 0.9375 0.9375001 0.90625 0.8750001 0.9375 0.8750001 0.9375 0.375 0.90625 0.4375 0.90625 0.375 0.9375 0.8750001 0.90625 0.8125001 0.9375 0.8125001 0.9375 0.375 0.90625 0.3124999 0.9375 0.3124999 0.9375 0.7500001 0.90625 0.8125001 0.90625 0.7500002 0.9375 0.2499998 0.90625 0.3124999 0.90625 0.2499998 0.9375 0.7500001 0.90625 0.6875001 0.9375 0.6875001 0.9375 0.2499998 0.90625 0.1875 0.9375 0.1875 0.9375 0.6250001 0.90625 0.6875001 0.90625 0.6250001 0.9375 0.1249998 0.90625 0.1875 0.90625 0.1249998 0.9375 0.6250001 0.90625 0.5625001 0.9375 0.5625001 0.9375 0.1249998 0.90625 0.06249994 0.9375 0.06249994 0.9375 0.5 0.90625 0.5625001 0.90625 0.5 0.9375 0.9375001 0.921875 1 0.90625 0.9375001 0.90625 0.2499998 0.875 0.1875 0.90625 0.1875 0.90625 0.6250001 0.875 0.6875001 0.875 0.6250001 0.90625 0.1249998 0.875 0.1875 0.875 0.1249998 0.90625 0.6250001 0.875 0.5625001 0.90625 0.5625001 0.90625 0.06249994 0.875 0.1249998 0.875 0.06249994 0.90625 0.5 0.875 0.5625001 0.875 0.5 0.90625 0.9375001 0.890625 1 0.875 0.9375001 0.890625 0 0.90625 0.06249994 0.875 0.06249994 0.90625 0.5 0.875 0.4375 0.90625 0.4375 0.90625 0.9375001 0.875 0.8750001 0.90625 0.8750001 0.90625 0.375 0.875 0.4375 0.875 0.375 0.90625 0.8750001 0.875 0.8125001 0.90625 0.8125001 0.90625 0.375 0.875 0.3124999 0.90625 0.3124999 0.90625 0.7500002 0.875 0.8125001 0.875 0.7500002 0.90625 0.2499998 0.875 0.3124999 0.875 0.2499998 0.90625 0.7500002 0.875 0.6875001 0.90625 0.6875001 0.875 0.9375001 0.84375 0.8750001 0.875 0.8750001 0.875 0.375 0.84375 0.4375 0.84375 0.375 0.875 0.8125001 0.84375 0.8750001 0.84375 0.8125001 0.875 0.375 0.84375 0.3124999 0.875 0.3124999 0.875 0.7500002 0.84375 0.8125001 0.84375 0.7500002 0.875 0.2499998 0.84375 0.3124999 0.84375 0.2499998 0.875 0.7500002 0.84375 0.6875001 0.875 0.6875001 0.875 0.2499998 0.84375 0.1875 0.875 0.1875 0.875 0.6250001 0.84375 0.6875001 0.84375 0.6250001 0.875 0.1875 0.84375 0.1249998 0.875 0.1249998 0.875 0.6250001 0.84375 0.5625001 0.875 0.5625001 0.875 0.06249994 0.84375 0.1249998 0.84375 0.06249994 0.875 0.5 0.84375 0.5625001 0.84375 0.5 0.875 0.9375001 0.859375 1 0.84375 0.9375001 0.859375 0 0.875 0.06249994 0.84375 0.06249994 0.875 0.5 0.84375 0.4375 0.875 0.4375 0.84375 0.6250001 0.8125 0.6875001 0.8125 0.6250001 0.84375 0.1875 0.8125 0.1249998 0.84375 0.1249998 0.84375 0.6250001 0.8125 0.5625001 0.84375 0.5625001 0.84375 0.1249998 0.8125 0.06249994 0.84375 0.06249994 0.84375 0.5 0.8125 0.5625001 0.8125 0.5 0.84375 0.9375001 0.828125 1 0.8125 0.9375001 0.828125 0 0.84375 0.06249994 0.8125 0.06249994 0.84375 0.5 0.8125 0.4375 0.84375 0.4375 0.84375 0.8750001 0.8125 0.9375001 0.8125 0.8750001 0.84375 0.375 0.8125 0.4375 0.8125 0.375 0.84375 0.8125001 0.8125 0.8750001 0.8125 0.8125001 0.84375 0.375 0.8125 0.3124999 0.84375 0.3124999 0.84375 0.7500002 0.8125 0.8125001 0.8125 0.7500002 0.84375 0.2499998 0.8125 0.3124999 0.8125 0.2499998 0.84375 0.7500002 0.8125 0.6875001 0.84375 0.6875001 0.84375 0.2499998 0.8125 0.1875 0.84375 0.1875 0.8125 0.375 0.78125 0.4375 0.78125 0.375 0.8125 0.8750001 0.78125 0.8125001 0.8125 0.8125001 0.8125 0.375 0.78125 0.3124999 0.8125 0.3124999 0.8125 0.8125001 0.78125 0.7500002 0.8125 0.7500002 0.8125 0.2499998 0.78125 0.3124999 0.78125 0.2499998 0.8125 0.7500002 0.78125 0.6875001 0.8125 0.6875001 0.8125 0.2499998 0.78125 0.1875 0.8125 0.1875 0.8125 0.6250001 0.78125 0.6875001 0.78125 0.6250001 0.8125 0.1249998 0.78125 0.1875 0.78125 0.1249998 0.8125 0.6250001 0.78125 0.5625001 0.8125 0.5625001 0.8125 0.1249998 0.78125 0.06249994 0.8125 0.06249994 0.8125 0.5 0.78125 0.5625001 0.78125 0.5 0.8125 0.9375001 0.796875 1 0.78125 0.9375001 0.796875 0 0.8125 0.06249994 0.78125 0.06249994 0.8125 0.5 0.78125 0.4375 0.8125 0.4375 0.8125 0.9375001 0.78125 0.8750001 0.8125 0.8750001 0.78125 0.1875 0.75 0.1249998 0.78125 0.1249998 0.78125 0.5625001 0.75 0.625 0.75 0.5625001 0.78125 0.06249994 0.75 0.1249998 0.75 0.06249994 0.78125 0.5 0.75 0.5625001 0.75 0.5 0.78125 0.9375001 0.765625 1 0.75 0.9375001 0.765625 0 0.78125 0.06249994 0.75 0.06249994 0.78125 0.5 0.75 0.4375 0.78125 0.4375 0.78125 0.8750001 0.75 0.9375001 0.75 0.8750001 0.78125 0.4375 0.75 0.375 0.78125 0.375 0.78125 0.8125001 0.75 0.8750001 0.75 0.8125 0.78125 0.375 0.75 0.3124999 0.78125 0.3124999 0.78125 0.7500002 0.75 0.8125 0.75 0.75 0.78125 0.3124999 0.75 0.25 0.78125 0.2499998 0.78125 0.6875001 0.75 0.75 0.75 0.6875001 0.78125 0.2499998 0.75 0.1875 0.78125 0.1875 0.78125 0.6250001 0.75 0.6875001 0.75 0.625 0.75 0.625 0.75 0.6875001 0.71875 0.6875 0.75 0.1875 0.71875 0.1875 0.71875 0.125 0.75 0.5625001 0.75 0.625 0.71875 0.625 0.75 0.1249998 0.71875 0.125 0.71875 0.06249994 0.75 0.5625001 0.71875 0.5625 0.71875 0.5 0.75 0.5 0.71875 0.5 0.71875 0.4375 0.75 0.8750001 0.75 0.9375001 0.71875 0.9375001 0.75 0.375 0.75 0.4375 0.71875 0.4375 0.75 0.8125 0.75 0.8750001 0.71875 0.875 0.75 0.375 0.71875 0.375 0.71875 0.3125 0.75 0.8125 0.71875 0.8125 0.71875 0.75 0.75 0.3124999 0.71875 0.3125 0.71875 0.25 0.75 0.6875001 0.75 0.75 0.71875 0.75 0.75 0.1875 0.75 0.25 0.71875 0.25 0.71875 0.75 0.6875 0.75 0.6875 0.6875 0.71875 0.1875 0.71875 0.25 0.6875 0.25 0.71875 0.6875 0.6875 0.6875 0.6875 0.625 0.71875 0.125 0.71875 0.1875 0.6875 0.1875 0.71875 0.625 0.6875 0.625 0.6875 0.5625 0.71875 0.06249994 0.71875 0.125 0.6875 0.125 0.71875 0.5 0.71875 0.5625 0.6875 0.5625 0.71875 0.5 0.6875 0.5 0.6875 0.4375 0.71875 0.9375001 0.6875 0.9375001 0.6875 0.875 0.71875 0.375 0.71875 0.4375 0.6875 0.4375 0.71875 0.875 0.6875 0.875 0.6875 0.8125 0.71875 0.3125 0.71875 0.375 0.6875 0.375 0.71875 0.8125 0.6875 0.8125 0.6875 0.75 0.71875 0.25 0.71875 0.3125 0.6875 0.3125 0.6875 0.5 0.65625 0.5 0.65625 0.4375 0.6875 0.9375001 0.65625 0.9375001 0.65625 0.875 0.6875 0.375 0.6875 0.4375 0.65625 0.4375 0.6875 0.875 0.65625 0.875 0.65625 0.8125 0.6875 0.3125 0.6875 0.375 0.65625 0.375 0.6875 0.75 0.6875 0.8125 0.65625 0.8125 0.6875 0.25 0.6875 0.3125 0.65625 0.3125 0.6875 0.75 0.65625 0.75 0.65625 0.6875 0.6875 0.25 0.65625 0.25 0.65625 0.1875 0.6875 0.6875 0.65625 0.6875 0.65625 0.625 0.6875 0.125 0.6875 0.1875 0.65625 0.1875 0.6875 0.625 0.65625 0.625 0.65625 0.5625 0.6875 0.06249994 0.6875 0.125 0.65625 0.125 0.6875 0.5 0.6875 0.5625 0.65625 0.5625 0.65625 0.25 0.625 0.25 0.625 0.1875 0.65625 0.6875 0.625 0.6875 0.625 0.6250001 0.65625 0.125 0.65625 0.1875 0.625 0.1875 0.65625 0.625 0.625 0.6250001 0.625 0.5625 0.65625 0.06249994 0.65625 0.125 0.625 0.125 0.65625 0.5 0.65625 0.5625 0.625 0.5625 0.65625 0.5 0.625 0.5 0.625 0.4375 0.65625 0.9375001 0.625 0.9375001 0.625 0.875 0.65625 0.375 0.65625 0.4375 0.625 0.4375 0.65625 0.875 0.625 0.875 0.625 0.8125 0.65625 0.3125 0.65625 0.375 0.625 0.375 0.65625 0.75 0.65625 0.8125 0.625 0.8125 0.65625 0.3125 0.625 0.3125 0.625 0.25 0.65625 0.75 0.625 0.75 0.625 0.6875 0.625 0.9375001 0.59375 0.9375001 0.59375 0.875 0.625 0.375 0.625 0.4375 0.59375 0.4375 0.625 0.875 0.59375 0.875 0.59375 0.8125 0.625 0.375 0.59375 0.375 0.59375 0.3125 0.625 0.75 0.625 0.8125 0.59375 0.8125 0.625 0.3125 0.59375 0.3125 0.59375 0.25 0.625 0.75 0.59375 0.75 0.59375 0.6875 0.625 0.25 0.59375 0.25 0.59375 0.1875 0.625 0.6250001 0.625 0.6875 0.59375 0.6875 0.625 0.125 0.625 0.1875 0.59375 0.1875 0.625 0.6250001 0.59375 0.6250001 0.59375 0.5625 0.625 0.06249994 0.625 0.125 0.59375 0.125 0.625 0.5 0.625 0.5625 0.59375 0.5625 0.625 0.5 0.59375 0.5 0.59375 0.4375 0.59375 0.6250001 0.59375 0.6875 0.5625 0.6875 0.59375 0.125 0.59375 0.1875 0.5625 0.1875 0.59375 0.6250001 0.5625 0.6250001 0.5625 0.5625 0.59375 0.06249994 0.59375 0.125 0.5625 0.125 0.59375 0.5 0.59375 0.5625 0.5625 0.5625 0.59375 0.5 0.5625 0.5 0.5625 0.4375 0.59375 0.9375001 0.5625 0.9375001 0.5625 0.875 0.59375 0.375 0.59375 0.4375 0.5625 0.4375 0.59375 0.875 0.5625 0.875 0.5625 0.8125 0.59375 0.375 0.5625 0.375 0.5625 0.3125 0.59375 0.75 0.59375 0.8125 0.5625 0.8125 0.59375 0.3125 0.5625 0.3125 0.5625 0.25 0.59375 0.6875 0.59375 0.75 0.5625 0.75 0.59375 0.25 0.5625 0.25 0.5625 0.1875 0.5625 0.375 0.5625 0.4375 0.53125 0.4375 0.5625 0.875 0.53125 0.875 0.53125 0.8125 0.5625 0.375 0.53125 0.375 0.53125 0.3125 0.5625 0.8125 0.53125 0.8125 0.53125 0.75 0.5625 0.25 0.5625 0.3125 0.53125 0.3125 0.5625 0.75 0.53125 0.75 0.53125 0.6875 0.5625 0.1875 0.5625 0.25 0.53125 0.25 0.5625 0.6250001 0.5625 0.6875 0.53125 0.6875 0.5625 0.125 0.5625 0.1875 0.53125 0.1875 0.5625 0.6250001 0.53125 0.6250001 0.53125 0.5625 0.5625 0.06249994 0.5625 0.125 0.53125 0.125 0.5625 0.5 0.5625 0.5625 0.53125 0.5625 0.5625 0.5 0.53125 0.5 0.53125 0.4375 0.5625 0.9375001 0.53125 0.9375001 0.53125 0.875 0.53125 0.125 0.53125 0.1875 0.5 0.1875 0.53125 0.6250001 0.5 0.6250001 0.5 0.5625 0.53125 0.06249994 0.53125 0.125 0.5 0.125 0.53125 0.5 0.53125 0.5625 0.5 0.5625 0.53125 0.5 0.5 0.5 0.5 0.4375 0.53125 0.9375001 0.5 0.9375001 0.5 0.875 0.53125 0.375 0.53125 0.4375 0.5 0.4375 0.53125 0.875 0.5 0.875 0.5 0.8125 0.53125 0.375 0.5 0.375 0.5 0.3125 0.53125 0.8125 0.5 0.8125 0.5 0.75 0.53125 0.25 0.53125 0.3125 0.5 0.3125 0.53125 0.75 0.5 0.75 0.5 0.6875001 0.53125 0.1875 0.53125 0.25 0.5 0.25 0.53125 0.6250001 0.53125 0.6875 0.5 0.6875001 0.5 0.375 0.46875 0.375 0.46875 0.3125 0.5 0.8125 0.46875 0.8125 0.46875 0.75 0.5 0.3125 0.46875 0.3125 0.46875 0.25 0.5 0.75 0.46875 0.75 0.46875 0.6875 0.5 0.1875 0.5 0.25 0.46875 0.25 0.5 0.6250001 0.5 0.6875001 0.46875 0.6875 0.5 0.125 0.5 0.1875 0.46875 0.1875 0.5 0.6250001 0.46875 0.6250001 0.46875 0.5625 0.5 0.06249994 0.5 0.125 0.46875 0.125 0.5 0.5 0.5 0.5625 0.46875 0.5625 0.5 0.5 0.46875 0.5 0.46875 0.4375 0.5 0.9375001 0.46875 0.9375001 0.46875 0.875 0.5 0.375 0.5 0.4375 0.46875 0.4375 0.5 0.875 0.46875 0.875 0.46875 0.8125 0.46875 0.06249994 0.46875 0.125 0.4375 0.125 0.46875 0.5 0.46875 0.5625 0.4375 0.5625 0.46875 0.5 0.4375 0.5 0.4375 0.4375 0.46875 0.9375001 0.4375 0.9375001 0.4375 0.875 0.46875 0.375 0.46875 0.4375 0.4375 0.4375 0.46875 0.875 0.4375 0.875 0.4375 0.8125 0.46875 0.375 0.4375 0.375 0.4375 0.3125 0.46875 0.8125 0.4375 0.8125 0.4375 0.7500001 0.46875 0.25 0.46875 0.3125 0.4375 0.3125 0.46875 0.75 0.4375 0.7500001 0.4375 0.6875001 0.46875 0.1875 0.46875 0.25 0.4375 0.25 0.46875 0.6250001 0.46875 0.6875 0.4375 0.6875001 0.46875 0.125 0.46875 0.1875 0.4375 0.1875 0.46875 0.6250001 0.4375 0.6250001 0.4375 0.5625 0.4375 0.8125 0.40625 0.8125 0.40625 0.7500001 0.4375 0.25 0.4375 0.3125 0.40625 0.3125 0.4375 0.7500001 0.40625 0.7500001 0.40625 0.6875001 0.4375 0.1875 0.4375 0.25 0.40625 0.25 0.4375 0.6250001 0.4375 0.6875001 0.40625 0.6875001 0.4375 0.125 0.4375 0.1875 0.40625 0.1875 0.4375 0.6250001 0.40625 0.6250001 0.40625 0.5625 0.4375 0.06249994 0.4375 0.125 0.40625 0.125 0.4375 0.5 0.4375 0.5625 0.40625 0.5625 0.4375 0.5 0.40625 0.5 0.40625 0.4375 0.4375 0.9375001 0.40625 0.9375001 0.40625 0.875 0.4375 0.375 0.4375 0.4375 0.40625 0.4375 0.4375 0.875 0.40625 0.875 0.40625 0.8125 0.4375 0.375 0.40625 0.375 0.40625 0.3125 0.40625 0.5 0.40625 0.5625 0.375 0.5625 0.40625 0.5 0.375 0.5 0.375 0.4375 0.40625 0.9375001 0.375 0.9375001 0.375 0.875 0.40625 0.375 0.40625 0.4375 0.375 0.4375 0.40625 0.875 0.375 0.875 0.375 0.8125 0.40625 0.375 0.375 0.375 0.375 0.3125 0.40625 0.8125 0.375 0.8125 0.375 0.7500001 0.40625 0.25 0.40625 0.3125 0.375 0.3125 0.40625 0.7500001 0.375 0.7500001 0.375 0.6875001 0.40625 0.25 0.375 0.25 0.375 0.1875 0.40625 0.6250001 0.40625 0.6875001 0.375 0.6875001 0.40625 0.125 0.40625 0.1875 0.375 0.1875 0.40625 0.6250001 0.375 0.6250001 0.375 0.5625 0.40625 0.06249994 0.40625 0.125 0.375 0.125 0.375 0.25 0.375 0.3125 0.34375 0.3125 0.375 0.7500001 0.34375 0.7500001 0.34375 0.6875001 0.375 0.1875 0.375 0.25 0.34375 0.25 0.375 0.6250001 0.375 0.6875001 0.34375 0.6875001 0.375 0.125 0.375 0.1875 0.34375 0.1875 0.375 0.6250001 0.34375 0.6250001 0.34375 0.5625 0.375 0.06249994 0.375 0.125 0.34375 0.125 0.375 0.5 0.375 0.5625 0.34375 0.5625 0.375 0.5 0.34375 0.5 0.34375 0.4375 0.375 0.9375001 0.34375 0.9375001 0.34375 0.875 0.375 0.375 0.375 0.4375 0.34375 0.4375 0.375 0.875 0.34375 0.875 0.34375 0.8125 0.375 0.375 0.34375 0.375 0.34375 0.3125 0.375 0.8125 0.34375 0.8125 0.34375 0.7500001 0.34375 0.5 0.3125 0.5 0.3125 0.4375 0.34375 0.9375001 0.3125 0.9375001 0.3125 0.8750001 0.34375 0.375 0.34375 0.4375 0.3125 0.4375 0.34375 0.875 0.3125 0.8750001 0.3125 0.8125 0.34375 0.375 0.3125 0.375 0.3125 0.3125 0.34375 0.8125 0.3125 0.8125 0.3125 0.7500001 0.34375 0.25 0.34375 0.3125 0.3125 0.3125 0.34375 0.7500001 0.3125 0.7500001 0.3125 0.6875001 0.34375 0.1875 0.34375 0.25 0.3125 0.25 0.34375 0.6250001 0.34375 0.6875001 0.3125 0.6875001 0.34375 0.125 0.34375 0.1875 0.3125 0.1875 0.34375 0.6250001 0.3125 0.6250001 0.3125 0.5625 0.34375 0.06249994 0.34375 0.125 0.3125 0.1249998 0.34375 0.5 0.34375 0.5625 0.3125 0.5625 0.3125 0.7500001 0.28125 0.7500001 0.28125 0.6875001 0.3125 0.1875 0.3125 0.25 0.28125 0.25 0.3125 0.6250001 0.3125 0.6875001 0.28125 0.6875001 0.3125 0.1249998 0.3125 0.1875 0.28125 0.1875 0.3125 0.6250001 0.28125 0.6250001 0.28125 0.5625 0.3125 0.1249998 0.28125 0.125 0.28125 0.06249994 0.3125 0.5 0.3125 0.5625 0.28125 0.5625 0.3125 0.5 0.28125 0.5 0.28125 0.4375 0.3125 0.8750001 0.3125 0.9375001 0.28125 0.9375001 0.3125 0.375 0.3125 0.4375 0.28125 0.4375 0.3125 0.8750001 0.28125 0.875 0.28125 0.8125 0.3125 0.375 0.28125 0.375 0.28125 0.3125 0.3125 0.8125 0.28125 0.8125 0.28125 0.7500001 0.3125 0.3125 0.28125 0.3125 0.28125 0.25 0.28125 0.5 0.25 0.5 0.25 0.4375 0.28125 0.9375001 0.25 0.9375001 0.25 0.8750001 0.28125 0.375 0.28125 0.4375 0.25 0.4375 0.28125 0.875 0.25 0.8750001 0.25 0.8125 0.28125 0.3125 0.28125 0.375 0.25 0.375 0.28125 0.8125 0.25 0.8125 0.25 0.7500001 0.28125 0.25 0.28125 0.3125 0.25 0.3125 0.28125 0.7500001 0.25 0.7500001 0.25 0.6875001 0.28125 0.1875 0.28125 0.25 0.25 0.2499999 0.28125 0.6875001 0.25 0.6875001 0.25 0.6250001 0.28125 0.125 0.28125 0.1875 0.25 0.1875 0.28125 0.6250001 0.25 0.6250001 0.25 0.5625 0.28125 0.06249994 0.28125 0.125 0.25 0.1249998 0.28125 0.5 0.28125 0.5625 0.25 0.5625 0.25 0.1875 0.25 0.2499999 0.21875 0.2499999 0.25 0.6250001 0.25 0.6875001 0.21875 0.6875001 0.25 0.1875 0.21875 0.1875 0.21875 0.125 0.25 0.6250001 0.21875 0.6250001 0.21875 0.5625001 0.25 0.1249998 0.21875 0.125 0.21875 0.06249994 0.25 0.5 0.25 0.5625 0.21875 0.5625001 0.25 0.5 0.21875 0.5 0.21875 0.4375 0.25 0.8750001 0.25 0.9375001 0.21875 0.9375001 0.25 0.375 0.25 0.4375 0.21875 0.4375 0.25 0.8750001 0.21875 0.875 0.21875 0.8125 0.25 0.375 0.21875 0.375 0.21875 0.3125 0.25 0.8125 0.21875 0.8125 0.21875 0.7500001 0.25 0.3125 0.21875 0.3125 0.21875 0.2499999 0.25 0.7500001 0.21875 0.7500001 0.21875 0.6875001 0.21875 0.375 0.21875 0.4375 0.1875 0.4375 0.21875 0.875 0.1875 0.8750001 0.1875 0.8125 0.21875 0.3125 0.21875 0.375 0.1875 0.375 0.21875 0.8125 0.1875 0.8125 0.1875 0.7500001 0.21875 0.2499999 0.21875 0.3125 0.1875 0.3125 0.21875 0.7500001 0.1875 0.7500001 0.1875 0.6875001 0.21875 0.1875 0.21875 0.2499999 0.1875 0.2499999 0.21875 0.6875001 0.1875 0.6875001 0.1875 0.6250001 0.21875 0.125 0.21875 0.1875 0.1875 0.1875 0.21875 0.6250001 0.1875 0.6250001 0.1875 0.5625001 0.21875 0.06249994 0.21875 0.125 0.1875 0.1249998 0.21875 0.5 0.21875 0.5625001 0.1875 0.5625001 0.21875 0.5 0.1875 0.5 0.1875 0.4375 0.21875 0.9375001 0.1875 0.9375001 0.1875 0.8750001 0.1875 0.1249998 0.1875 0.1875 0.15625 0.1875 0.1875 0.6250001 0.15625 0.6250001 0.15625 0.5625001 0.1875 0.1249998 0.15625 0.1249998 0.15625 0.06249994 0.1875 0.5 0.1875 0.5625001 0.15625 0.5625001 0.1875 0.5 0.15625 0.5 0.15625 0.4375 0.1875 0.8750001 0.1875 0.9375001 0.15625 0.9375001 0.1875 0.375 0.1875 0.4375 0.15625 0.4375 0.1875 0.8750001 0.15625 0.8750001 0.15625 0.8125001 0.1875 0.375 0.15625 0.375 0.15625 0.3125 0.1875 0.8125 0.15625 0.8125001 0.15625 0.7500001 0.1875 0.2499999 0.1875 0.3125 0.15625 0.3125 0.1875 0.7500001 0.15625 0.7500001 0.15625 0.6875001 0.1875 0.2499999 0.15625 0.2499999 0.15625 0.1875 0.1875 0.6250001 0.1875 0.6875001 0.15625 0.6875001 0.15625 0.8750001 0.125 0.8750001 0.125 0.8125001 0.15625 0.375 0.125 0.375 0.125 0.3125 0.15625 0.7500001 0.15625 0.8125001 0.125 0.8125001 0.15625 0.2499999 0.15625 0.3125 0.125 0.3125 0.15625 0.7500001 0.125 0.7500001 0.125 0.6875001 0.15625 0.2499999 0.125 0.2499999 0.125 0.1875 0.15625 0.6250001 0.15625 0.6875001 0.125 0.6875001 0.15625 0.1249998 0.15625 0.1875 0.125 0.1875 0.15625 0.6250001 0.125 0.6250001 0.125 0.5625001 0.15625 0.06249994 0.15625 0.1249998 0.125 0.1249998 0.15625 0.5 0.15625 0.5625001 0.125 0.5625001 0.15625 0.5 0.125 0.5 0.125 0.4375 0.15625 0.9375001 0.125 0.9375001 0.125 0.8750001 0.15625 0.375 0.15625 0.4375 0.125 0.4375 0.125 0.6250001 0.09375 0.6250001 0.09375 0.5625001 0.125 0.06249994 0.125 0.1249998 0.09374994 0.1249998 0.125 0.5 0.125 0.5625001 0.09375 0.5625001 0.125 0.5 0.09375 0.5 0.09375 0.4375 0.125 0.9375001 0.09375 0.9375001 0.09374994 0.8750001 0.125 0.375 0.125 0.4375 0.09375 0.4375 0.125 0.8750001 0.09374994 0.8750001 0.09375 0.8125001 0.125 0.375 0.09375 0.375 0.09375 0.3125 0.125 0.7500001 0.125 0.8125001 0.09375 0.8125001 0.125 0.2499999 0.125 0.3125 0.09375 0.3125 0.125 0.7500001 0.09374994 0.7500001 0.09375 0.6875001 0.125 0.2499999 0.09374994 0.2499998 0.09375 0.1875 0.125 0.6250001 0.125 0.6875001 0.09375 0.6875001 0.125 0.1249998 0.125 0.1875 0.09375 0.1875 0.09375 0.375 0.0625 0.375 0.0625 0.3125 0.09374994 0.7500001 0.09375 0.8125001 0.0625 0.8125001 0.09374994 0.2499998 0.09375 0.3125 0.0625 0.3125 0.09374994 0.7500001 0.0625 0.7500001 0.0625 0.6875001 0.09374994 0.2499998 0.0625 0.2499998 0.0625 0.1875 0.09375 0.6250001 0.09375 0.6875001 0.0625 0.6875001 0.09374994 0.1249998 0.09375 0.1875 0.0625 0.1875 0.09375 0.6250001 0.0625 0.6250001 0.0625 0.5625001 0.09375 0.06249994 0.09374994 0.1249998 0.0625 0.1249998 0.09375 0.5 0.09375 0.5625001 0.0625 0.5625001 0.09375 0.5 0.0625 0.5 0.0625 0.4375 0.09375 0.9375001 0.0625 0.9375001 0.0625 0.8750001 0.09375 0.375 0.09375 0.4375 0.0625 0.4375 0.09374994 0.8750001 0.0625 0.8750001 0.0625 0.8125001 0.0625 0.1249998 0.03124994 0.1249998 0.03124994 0.06249994 0.0625 0.5 0.0625 0.5625001 0.03125 0.5625001 0.0625 0.5 0.03124994 0.5 0.03125 0.4375 0.0625 0.9375001 0.03124994 0.9375001 0.03124994 0.8750001 0.0625 0.375 0.0625 0.4375 0.03125 0.4375 0.0625 0.8750001 0.03124994 0.8750001 0.03124994 0.8125001 0.0625 0.375 0.03125 0.375 0.03125 0.3125 0.0625 0.7500001 0.0625 0.8125001 0.03124994 0.8125001 0.0625 0.2499998 0.0625 0.3125 0.03125 0.3125 0.0625 0.7500001 0.03124994 0.7500001 0.03125 0.6875001 0.0625 0.2499998 0.03124994 0.2499998 0.03124994 0.1875 0.0625 0.6250001 0.0625 0.6875001 0.03125 0.6875001 0.0625 0.1249998 0.0625 0.1875 0.03124994 0.1875 0.0625 0.6250001 0.03125 0.6250001 0.03125 0.5625001 0.03124994 0.8125001 0 0.8125001 0 0.7500001 0.03124994 0.2499998 0.03125 0.3125 0 0.3124999 0.03124994 0.7500001 0 0.7500001 0 0.6875001 0.03124994 0.2499998 0 0.2499998 0 0.1875 0.03125 0.6875001 0 0.6875001 0 0.6250001 0.03124994 0.1249998 0.03124994 0.1875 0 0.1875 0.03125 0.6250001 0 0.6250001 0 0.5625001 0.03124994 0.06249994 0.03124994 0.1249998 0 0.1249998 0.03124994 0.5 0.03125 0.5625001 0 0.5625001 0.03124994 0.5 0 0.5 0 0.4375 0.03124994 0.9375001 0 0.9375001 0 0.8750001 0.03125 0.375 0.03125 0.4375 0 0.4375 0.03124994 0.8750001 0 0.8750001 0 0.8125001 0.03125 0.3125 0.03125 0.375 0 0.375 1 0.5 1 0.5625001 0.96875 0.5625001 1 0.5 0.96875 0.5 0.96875 0.4375 1 0.8750001 1 0.9375001 0.96875 0.9375001 1 0.375 1 0.4375 0.96875 0.4375 1 0.8125001 1 0.8750001 0.96875 0.8750001 1 0.375 0.96875 0.375 0.96875 0.3125 1 0.7500001 1 0.8125001 0.96875 0.8125001 1 0.2499998 1 0.3124999 0.96875 0.3125 1 0.7500001 0.96875 0.7500001 0.96875 0.6875001 1 0.2499998 0.96875 0.2499998 0.96875 0.1875 1 0.6250001 1 0.6875001 0.96875 0.6875001 1 0.1875 0.96875 0.1875 0.96875 0.1249998 1 0.6250001 0.96875 0.6250001 0.96875 0.5625001 1 0.1249998 0.96875 0.1249998 0.96875 0.06249994 0.96875 0.2499998 0.96875 0.3125 0.9375 0.3124999 0.96875 0.7500001 0.9375 0.7500001 0.9375 0.6875001 0.96875 0.2499998 0.9375 0.2499998 0.9375 0.1875 0.96875 0.6875001 0.9375 0.6875001 0.9375 0.6250001 0.96875 0.1249998 0.96875 0.1875 0.9375 0.1875 0.96875 0.6250001 0.9375 0.6250001 0.9375 0.5625001 0.96875 0.1249998 0.9375 0.1249998 0.9375 0.06249994 0.96875 0.5 0.96875 0.5625001 0.9375 0.5625001 0.96875 0.5 0.9375 0.5 0.9375 0.4375 0.96875 0.9375001 0.9375 0.9375001 0.9375 0.8750001 0.96875 0.375 0.96875 0.4375 0.9375 0.4375 0.96875 0.8750001 0.9375 0.8750001 0.9375 0.8125001 0.96875 0.3125 0.96875 0.375 0.9375 0.375 0.96875 0.7500001 0.96875 0.8125001 0.9375 0.8125001 0.9375 0.5 0.90625 0.5 0.90625 0.4375 0.9375 0.9375001 0.90625 0.9375001 0.90625 0.8750001 0.9375 0.375 0.9375 0.4375 0.90625 0.4375 0.9375 0.8750001 0.90625 0.8750001 0.90625 0.8125001 0.9375 0.375 0.90625 0.375 0.90625 0.3124999 0.9375 0.7500001 0.9375 0.8125001 0.90625 0.8125001 0.9375 0.2499998 0.9375 0.3124999 0.90625 0.3124999 0.9375 0.7500001 0.90625 0.7500002 0.90625 0.6875001 0.9375 0.2499998 0.90625 0.2499998 0.90625 0.1875 0.9375 0.6250001 0.9375 0.6875001 0.90625 0.6875001 0.9375 0.1249998 0.9375 0.1875 0.90625 0.1875 0.9375 0.6250001 0.90625 0.6250001 0.90625 0.5625001 0.9375 0.1249998 0.90625 0.1249998 0.90625 0.06249994 0.9375 0.5 0.9375 0.5625001 0.90625 0.5625001 0.90625 0.2499998 0.875 0.2499998 0.875 0.1875 0.90625 0.6250001 0.90625 0.6875001 0.875 0.6875001 0.90625 0.1249998 0.90625 0.1875 0.875 0.1875 0.90625 0.6250001 0.875 0.6250001 0.875 0.5625001 0.90625 0.06249994 0.90625 0.1249998 0.875 0.1249998 0.90625 0.5 0.90625 0.5625001 0.875 0.5625001 0.90625 0.5 0.875 0.5 0.875 0.4375 0.90625 0.9375001 0.875 0.9375001 0.875 0.8750001 0.90625 0.375 0.90625 0.4375 0.875 0.4375 0.90625 0.8750001 0.875 0.8750001 0.875 0.8125001 0.90625 0.375 0.875 0.375 0.875 0.3124999 0.90625 0.7500002 0.90625 0.8125001 0.875 0.8125001 0.90625 0.2499998 0.90625 0.3124999 0.875 0.3124999 0.90625 0.7500002 0.875 0.7500002 0.875 0.6875001 0.875 0.9375001 0.84375 0.9375001 0.84375 0.8750001 0.875 0.375 0.875 0.4375 0.84375 0.4375 0.875 0.8125001 0.875 0.8750001 0.84375 0.8750001 0.875 0.375 0.84375 0.375 0.84375 0.3124999 0.875 0.7500002 0.875 0.8125001 0.84375 0.8125001 0.875 0.2499998 0.875 0.3124999 0.84375 0.3124999 0.875 0.7500002 0.84375 0.7500002 0.84375 0.6875001 0.875 0.2499998 0.84375 0.2499998 0.84375 0.1875 0.875 0.6250001 0.875 0.6875001 0.84375 0.6875001 0.875 0.1875 0.84375 0.1875 0.84375 0.1249998 0.875 0.6250001 0.84375 0.6250001 0.84375 0.5625001 0.875 0.06249994 0.875 0.1249998 0.84375 0.1249998 0.875 0.5 0.875 0.5625001 0.84375 0.5625001 0.875 0.5 0.84375 0.5 0.84375 0.4375 0.84375 0.6250001 0.84375 0.6875001 0.8125 0.6875001 0.84375 0.1875 0.8125 0.1875 0.8125 0.1249998 0.84375 0.6250001 0.8125 0.6250001 0.8125 0.5625001 0.84375 0.1249998 0.8125 0.1249998 0.8125 0.06249994 0.84375 0.5 0.84375 0.5625001 0.8125 0.5625001 0.84375 0.5 0.8125 0.5 0.8125 0.4375 0.84375 0.8750001 0.84375 0.9375001 0.8125 0.9375001 0.84375 0.375 0.84375 0.4375 0.8125 0.4375 0.84375 0.8125001 0.84375 0.8750001 0.8125 0.8750001 0.84375 0.375 0.8125 0.375 0.8125 0.3124999 0.84375 0.7500002 0.84375 0.8125001 0.8125 0.8125001 0.84375 0.2499998 0.84375 0.3124999 0.8125 0.3124999 0.84375 0.7500002 0.8125 0.7500002 0.8125 0.6875001 0.84375 0.2499998 0.8125 0.2499998 0.8125 0.1875 0.8125 0.375 0.8125 0.4375 0.78125 0.4375 0.8125 0.8750001 0.78125 0.8750001 0.78125 0.8125001 0.8125 0.375 0.78125 0.375 0.78125 0.3124999 0.8125 0.8125001 0.78125 0.8125001 0.78125 0.7500002 0.8125 0.2499998 0.8125 0.3124999 0.78125 0.3124999 0.8125 0.7500002 0.78125 0.7500002 0.78125 0.6875001 0.8125 0.2499998 0.78125 0.2499998 0.78125 0.1875 0.8125 0.6250001 0.8125 0.6875001 0.78125 0.6875001 0.8125 0.1249998 0.8125 0.1875 0.78125 0.1875 0.8125 0.6250001 0.78125 0.6250001 0.78125 0.5625001 0.8125 0.1249998 0.78125 0.1249998 0.78125 0.06249994 0.8125 0.5 0.8125 0.5625001 0.78125 0.5625001 0.8125 0.5 0.78125 0.5 0.78125 0.4375 0.8125 0.9375001 0.78125 0.9375001 0.78125 0.8750001 0.78125 0.1875 0.75 0.1875 0.75 0.1249998 0.78125 0.5625001 0.78125 0.6250001 0.75 0.625 0.78125 0.06249994 0.78125 0.1249998 0.75 0.1249998 0.78125 0.5 0.78125 0.5625001 0.75 0.5625001 0.78125 0.5 0.75 0.5 0.75 0.4375 0.78125 0.8750001 0.78125 0.9375001 0.75 0.9375001 0.78125 0.4375 0.75 0.4375 0.75 0.375 0.78125 0.8125001 0.78125 0.8750001 0.75 0.8750001 0.78125 0.375 0.75 0.375 0.75 0.3124999 0.78125 0.7500002 0.78125 0.8125001 0.75 0.8125 0.78125 0.3124999 0.75 0.3124999 0.75 0.25 0.78125 0.6875001 0.78125 0.7500002 0.75 0.75 0.78125 0.2499998 0.75 0.25 0.75 0.1875 0.78125 0.6250001 0.78125 0.6875001 0.75 0.6875001</float_array>
          <technique_common>
            <accessor source="#Sphere_001-mesh-map-0-array" count="2880" stride="2">
              <param name="S" type="float"/>
              <param name="T" type="float"/>
            </accessor>
          </technique_common>
        </source>
        <vertices id="Sphere_001-mesh-vertices">
          <input semantic="POSITION" source="#Sphere_001-mesh-positions"/>
        </vertices>
        <triangles material="CL_post-material" count="960">
          <input semantic="VERTEX" source="#Sphere_001-mesh-vertices" offset="0"/>
          <input semantic="NORMAL" source="#Sphere_001-mesh-normals" offset="1"/>
          <input semantic="TEXCOORD" source="#Sphere_001-mesh-map-0" offset="2" set="0"/>
          <p>3 0 0 12 0 1 13 0 2 7 1 3 21 1 4 480 1 5 477 2 6 13 2 7 14 2 8 480 3 9 22 3 10 481 3 11 477 4 12 15 4 13 4 4 14 0 5 15 309 5 16 8 5 17 248 6 18 481 6 19 22 6 20 4 7 21 16 7 22 5 7 23 475 8 24 8 8 25 9 8 26 478 9 27 16 9 28 17 9 29 1 10 30 9 10 31 10 10 32 478 11 33 18 11 34 479 11 35 1 12 36 11 12 37 2 12 38 479 13 39 19 13 40 6 13 41 476 14 42 11 14 43 12 14 44 7 15 45 19 15 46 20 15 47 11 16 48 27 16 49 12 16 50 20 17 51 34 17 52 35 17 53 12 18 54 28 18 55 13 18 56 21 19 57 35 19 58 36 19 59 13 20 60 29 20 61 14 20 62 22 21 63 36 21 64 37 21 65 15 22 66 29 22 67 30 22 68 8 23 69 309 23 70 23 23 71 248 24 72 22 24 73 37 24 74 15 25 75 31 25 76 16 25 77 8 26 78 24 26 79 9 26 80 17 27 81 31 27 82 32 27 83 9 28 84 25 28 85 10 28 86 18 29 87 32 29 88 33 29 89 10 30 90 26 30 91 11 30 92 19 31 93 33 31 94 34 31 95 30 32 96 46 32 97 31 32 98 23 33 99 39 33 100 24 33 101 32 34 102 46 34 103 47 34 104 24 35 105 40 35 106 25 35 107 33 36 108 47 36 109 48 36 110 26 37 111 40 37 112 41 37 113 34 38 114 48 38 115 49 38 116 26 39 117 42 39 118 27 39 119 34 40 120 50 40 121 35 40 122 27 41 123 43 41 124 28 41 125 36 42 126 50 42 127 51 42 128 28 43 129 44 43 130 29 43 131 37 44 132 51 44 133 52 44 134 30 45 135 44 45 136 45 45 137 23 46 138 309 46 139 38 46 140 248 47 141 37 47 142 52 47 143 49 48 144 65 48 145 50 48 146 42 49 147 58 49 148 43 49 149 51 50 150 65 50 151 66 50 152 43 51 153 59 51 154 44 51 155 52 52 156 66 52 157 67 52 158 45 53 159 59 53 160 60 53 161 38 54 162 309 54 163 53 54 164 248 55 165 52 55 166 67 55 167 45 56 168 61 56 169 46 56 170 38 57 171 54 57 172 39 57 173 47 58 174 61 58 175 62 58 176 39 59 177 55 59 178 40 59 179 48 60 180 62 60 181 63 60 182 41 61 183 55 61 184 56 61 185 48 62 186 64 62 187 49 62 188 41 63 189 57 63 190 42 63 191 53 64 192 69 64 193 54 64 194 62 65 195 76 65 196 77 65 197 54 66 198 70 66 199 55 66 200 62 67 201 78 67 202 63 67 203 56 68 204 70 68 205 71 68 206 63 69 207 79 69 208 64 69 209 56 70 210 72 70 211 57 70 212 64 71 213 80 71 214 65 71 215 58 72 216 72 72 217 73 72 218 66 73 219 80 73 220 81 73 221 58 74 222 74 74 223 59 74 224 67 75 225 81 75 226 82 75 227 60 76 228 74 76 229 75 76 230 53 77 231 309 77 232 68 77 233 248 78 234 67 78 235 82 78 236 60 79 237 76 79 238 61 79 239 73 80 240 87 80 241 88 80 242 81 81 243 95 81 244 96 81 245 73 82 246 89 82 247 74 82 248 82 83 249 96 83 250 97 83 251 75 84 252 89 84 253 90 84 254 68 85 255 309 85 256 83 85 257 248 86 258 82 86 259 97 86 260 75 87 261 91 87 262 76 87 263 68 88 264 84 88 265 69 88 266 77 89 267 91 89 268 92 89 269 69 90 270 85 90 271 70 90 272 77 91 273 93 91 274 78 91 275 71 92 276 85 92 277 86 92 278 78 93 279 94 93 280 79 93 281 72 94 282 86 94 283 87 94 284 79 95 285 95 95 286 80 95 287 92 96 288 106 96 289 107 96 290 84 97 291 100 97 292 85 97 293 92 98 294 108 98 295 93 98 296 85 99 297 101 99 298 86 99 299 94 100 300 108 100 301 109 100 302 86 101 303 102 101 304 87 101 305 95 102 306 109 102 307 110 102 308 88 103 309 102 103 310 103 103 311 96 104 312 110 104 313 111 104 314 88 105 315 104 105 316 89 105 317 97 106 318 111 106 319 112 106 320 90 107 321 104 107 322 105 107 323 83 108 324 309 108 325 98 108 326 248 109 327 97 109 328 112 109 329 90 110 330 106 110 331 91 110 332 83 111 333 99 111 334 84 111 335 111 112 336 125 112 337 126 112 338 103 113 339 119 113 340 104 113 341 112 114 342 126 114 343 127 114 344 105 115 345 119 115 346 120 115 347 98 116 348 309 116 349 113 116 350 248 117 351 112 117 352 127 117 353 105 118 354 121 118 355 106 118 356 98 119 357 114 119 358 99 119 359 107 120 360 121 120 361 122 120 362 99 121 363 115 121 364 100 121 365 107 122 366 123 122 367 108 122 368 100 123 369 116 123 370 101 123 371 109 124 372 123 124 373 124 124 374 101 125 375 117 125 376 102 125 377 110 126 378 124 126 379 125 126 380 103 127 381 117 127 382 118 127 383 122 128 384 138 128 385 123 128 386 115 129 387 131 129 388 116 129 389 123 130 390 139 130 391 124 130 392 116 131 393 132 131 394 117 131 395 125 132 396 139 132 397 140 132 398 118 133 399 132 133 400 133 133 401 126 134 402 140 134 403 141 134 404 118 135 405 134 135 406 119 135 407 127 136 408 141 136 409 142 136 410 120 137 411 134 137 412 135 137 413 113 138 414 309 138 415 128 138 416 248 139 417 127 139 418 142 139 419 120 140 420 136 140 421 121 140 422 113 141 423 129 141 424 114 141 425 122 142 426 136 142 427 137 142 428 114 143 429 130 143 430 115 143 431 142 144 432 156 144 433 157 144 434 135 145 435 149 145 436 150 145 437 128 146 438 309 146 439 143 146 440 248 147 441 142 147 442 157 147 443 135 148 444 151 148 445 136 148 446 128 149 447 144 149 448 129 149 449 137 150 450 151 150 451 152 150 452 129 151 453 145 151 454 130 151 455 137 152 456 153 152 457 138 152 458 130 153 459 146 153 460 131 153 461 139 154 462 153 154 463 154 154 464 131 155 465 147 155 466 132 155 467 140 156 468 154 156 469 155 156 470 133 157 471 147 157 472 148 157 473 141 158 474 155 158 475 156 158 476 133 159 477 149 159 478 134 159 479 145 160 480 161 160 481 146 160 482 154 161 483 168 161 484 169 161 485 146 162 486 162 162 487 147 162 488 155 163 489 169 163 490 170 163 491 148 164 492 162 164 493 163 164 494 156 165 495 170 165 496 171 165 497 148 166 498 164 166 499 149 166 500 157 167 501 171 167 502 172 167 503 150 168 504 164 168 505 165 168 506 143 169 507 309 169 508 158 169 509 248 170 510 157 170 511 172 170 512 150 171 513 166 171 514 151 171 515 143 172 516 159 172 517 144 172 518 152 173 519 166 173 520 167 173 521 144 174 522 160 174 523 145 174 524 152 175 525 168 175 526 153 175 527 165 176 528 179 176 529 180 176 530 158 177 531 309 177 532 173 177 533 248 178 534 172 178 535 187 178 536 165 179 537 181 179 538 166 179 539 158 180 540 174 180 541 159 180 542 167 181 543 181 181 544 182 181 545 159 182 546 175 182 547 160 182 548 167 183 549 183 183 550 168 183 551 160 184 552 176 184 553 161 184 554 169 185 555 183 185 556 184 185 557 161 186 558 177 186 559 162 186 560 169 187 561 185 187 562 170 187 563 163 188 564 177 188 565 178 188 566 171 189 567 185 189 568 186 189 569 163 190 570 179 190 571 164 190 572 172 191 573 186 191 574 187 191 575 184 192 576 198 192 577 199 192 578 176 193 579 192 193 580 177 193 581 185 194 582 199 194 583 200 194 584 178 195 585 192 195 586 193 195 587 186 196 588 200 196 589 201 196 590 178 197 591 194 197 592 179 197 593 187 198 594 201 198 595 202 198 596 180 199 597 194 199 598 195 199 599 173 200 600 309 200 601 188 200 602 248 201 603 187 201 604 202 201 605 180 202 606 196 202 607 181 202 608 173 203 609 189 203 610 174 203 611 182 204 612 196 204 613 197 204 614 174 205 615 190 205 616 175 205 617 182 206 618 198 206 619 183 206 620 175 207 621 191 207 622 176 207 623 188 208 624 309 208 625 203 208 626 248 209 627 202 209 628 217 209 629 195 210 630 211 210 631 196 210 632 188 211 633 204 211 634 189 211 635 197 212 636 211 212 637 212 212 638 189 213 639 205 213 640 190 213 641 197 214 642 213 214 643 198 214 644 190 215 645 206 215 646 191 215 647 199 216 648 213 216 649 214 216 650 191 217 651 207 217 652 192 217 653 200 218 654 214 218 655 215 218 656 193 219 657 207 219 658 208 219 659 201 220 660 215 220 661 216 220 662 193 221 663 209 221 664 194 221 665 202 222 666 216 222 667 217 222 668 195 223 669 209 223 670 210 223 671 206 224 672 222 224 673 207 224 674 215 225 675 229 225 676 230 225 677 208 226 678 222 226 679 223 226 680 216 227 681 230 227 682 231 227 683 208 228 684 224 228 685 209 228 686 216 229 687 232 229 688 217 229 689 210 230 690 224 230 691 225 230 692 203 231 693 309 231 694 218 231 695 248 232 696 217 232 697 232 232 698 210 233 699 226 233 700 211 233 701 204 234 702 218 234 703 219 234 704 212 235 705 226 235 706 227 235 707 204 236 708 220 236 709 205 236 710 212 237 711 228 237 712 213 237 713 205 238 714 221 238 715 206 238 716 213 239 717 229 239 718 214 239 719 225 240 720 241 240 721 226 240 722 218 241 723 234 241 724 219 241 725 227 242 726 241 242 727 242 242 728 219 243 729 235 243 730 220 243 731 228 244 732 242 244 733 243 244 734 220 245 735 236 245 736 221 245 737 229 246 738 243 246 739 244 246 740 221 247 741 237 247 742 222 247 743 230 248 744 244 248 745 245 248 746 222 249 747 238 249 748 223 249 749 231 250 750 245 250 751 246 250 752 223 251 753 239 251 754 224 251 755 232 252 756 246 252 757 247 252 758 225 253 759 239 253 760 240 253 761 218 254 762 309 254 763 233 254 764 248 255 765 232 255 766 247 255 767 245 256 768 260 256 769 261 256 770 238 257 771 253 257 772 254 257 773 245 258 774 262 258 775 246 258 776 238 259 777 255 259 778 239 259 779 246 260 780 263 260 781 247 260 782 240 261 783 255 261 784 256 261 785 233 262 786 309 262 787 249 262 788 248 263 789 247 263 790 263 263 791 240 264 792 257 264 793 241 264 794 234 265 795 249 265 796 250 265 797 242 266 798 257 266 799 258 266 800 234 267 801 251 267 802 235 267 803 242 268 804 259 268 805 243 268 806 235 269 807 252 269 808 236 269 809 243 270 810 260 270 811 244 270 812 236 271 813 253 271 814 237 271 815 258 272 816 272 272 817 273 272 818 250 273 819 266 273 820 251 273 821 259 274 822 273 274 823 274 274 824 251 275 825 267 275 826 252 275 827 260 276 828 274 276 829 275 276 830 252 277 831 268 277 832 253 277 833 261 278 834 275 278 835 276 278 836 253 279 837 269 279 838 254 279 839 262 280 840 276 280 841 277 280 842 254 281 843 270 281 844 255 281 845 263 282 846 277 282 847 278 282 848 256 283 849 270 283 850 271 283 851 249 284 852 309 284 853 264 284 854 248 285 855 263 285 856 278 285 857 256 286 858 272 286 859 257 286 860 249 287 861 265 287 862 250 287 863 277 288 864 291 288 865 292 288 866 269 289 867 285 289 868 270 289 869 277 290 870 293 290 871 278 290 872 271 291 873 285 291 874 286 291 875 264 292 876 309 292 877 279 292 878 248 293 879 278 293 880 293 293 881 271 294 882 287 294 883 272 294 884 265 295 885 279 295 886 280 295 887 273 296 888 287 296 889 288 296 890 265 297 891 281 297 892 266 297 893 273 298 894 289 298 895 274 298 896 266 299 897 282 299 898 267 299 899 275 300 900 289 300 901 290 300 902 267 301 903 283 301 904 268 301 905 275 302 906 291 302 907 276 302 908 269 303 909 283 303 910 284 303 911 280 304 912 296 304 913 281 304 914 288 305 915 304 305 916 289 305 917 282 306 918 296 306 919 297 306 920 290 307 921 304 307 922 305 307 923 282 308 924 298 308 925 283 308 926 290 309 927 306 309 928 291 309 929 284 310 930 298 310 931 299 310 932 292 311 933 306 311 934 307 311 935 284 312 936 300 312 937 285 312 938 293 313 939 307 313 940 308 313 941 286 314 942 300 314 943 301 314 944 279 315 945 309 315 946 294 315 947 248 316 948 293 316 949 308 316 950 286 317 951 302 317 952 287 317 953 279 318 954 295 318 955 280 318 956 288 319 957 302 319 958 303 319 959 299 320 960 316 320 961 300 320 962 308 321 963 323 321 964 324 321 965 301 322 966 316 322 967 317 322 968 294 323 969 309 323 970 310 323 971 248 324 972 308 324 973 324 324 974 301 325 975 318 325 976 302 325 977 294 326 978 311 326 979 295 326 980 303 327 981 318 327 982 319 327 983 295 328 984 312 328 985 296 328 986 303 329 987 320 329 988 304 329 989 297 330 990 312 330 991 313 330 992 305 331 993 320 331 994 321 331 995 297 332 996 314 332 997 298 332 998 305 333 999 322 333 1000 306 333 1001 299 334 1002 314 334 1003 315 334 1004 307 335 1005 322 335 1006 323 335 1007 319 336 1008 335 336 1009 320 336 1010 313 337 1011 327 337 1012 328 337 1013 321 338 1014 335 338 1015 336 338 1016 313 339 1017 329 339 1018 314 339 1019 321 340 1020 337 340 1021 322 340 1022 315 341 1023 329 341 1024 330 341 1025 323 342 1026 337 342 1027 338 342 1028 315 343 1029 331 343 1030 316 343 1031 324 344 1032 338 344 1033 339 344 1034 317 345 1035 331 345 1036 332 345 1037 310 346 1038 309 346 1039 325 346 1040 248 347 1041 324 347 1042 339 347 1043 317 348 1044 333 348 1045 318 348 1046 310 349 1047 326 349 1048 311 349 1049 319 350 1050 333 350 1051 334 350 1052 311 351 1053 327 351 1054 312 351 1055 338 352 1056 354 352 1057 339 352 1058 332 353 1059 346 353 1060 347 353 1061 325 354 1062 309 354 1063 340 354 1064 248 355 1065 339 355 1066 354 355 1067 332 356 1068 348 356 1069 333 356 1070 325 357 1071 341 357 1072 326 357 1073 334 358 1074 348 358 1075 349 358 1076 326 359 1077 342 359 1078 327 359 1079 334 360 1080 350 360 1081 335 360 1082 328 361 1083 342 361 1084 343 361 1085 336 362 1086 350 362 1087 351 362 1088 328 363 1089 344 363 1090 329 363 1091 336 364 1092 352 364 1093 337 364 1094 330 365 1095 344 365 1096 345 365 1097 338 366 1098 352 366 1099 353 366 1100 330 367 1101 346 367 1102 331 367 1103 342 368 1104 358 368 1105 343 368 1106 351 369 1107 365 369 1108 366 369 1109 343 370 1110 359 370 1111 344 370 1112 351 371 1113 367 371 1114 352 371 1115 344 372 1116 360 372 1117 345 372 1118 353 373 1119 367 373 1120 368 373 1121 345 374 1122 361 374 1123 346 374 1124 354 375 1125 368 375 1126 369 375 1127 347 376 1128 361 376 1129 362 376 1130 340 377 1131 309 377 1132 355 377 1133 248 378 1134 354 378 1135 369 378 1136 347 379 1137 363 379 1138 348 379 1139 340 380 1140 356 380 1141 341 380 1142 349 381 1143 363 381 1144 364 381 1145 341 382 1146 357 382 1147 342 382 1148 350 383 1149 364 383 1150 365 383 1151 362 384 1152 376 384 1153 377 384 1154 355 385 1155 309 385 1156 370 385 1157 248 386 1158 369 386 1159 384 386 1160 362 387 1161 378 387 1162 363 387 1163 356 388 1164 370 388 1165 371 388 1166 364 389 1167 378 389 1168 379 389 1169 357 390 1170 371 390 1171 372 390 1172 364 391 1173 380 391 1174 365 391 1175 358 392 1176 372 392 1177 373 392 1178 366 393 1179 380 393 1180 381 393 1181 358 394 1182 374 394 1183 359 394 1184 366 395 1185 382 395 1186 367 395 1187 360 396 1188 374 396 1189 375 396 1190 367 397 1191 383 397 1192 368 397 1193 360 398 1194 376 398 1195 361 398 1196 368 399 1197 384 399 1198 369 399 1199 381 400 1200 395 400 1201 396 400 1202 373 401 1203 389 401 1204 374 401 1205 381 402 1206 397 402 1207 382 402 1208 374 403 1209 390 403 1210 375 403 1211 383 404 1212 397 404 1213 398 404 1214 375 405 1215 391 405 1216 376 405 1217 383 406 1218 399 406 1219 384 406 1220 377 407 1221 391 407 1222 392 407 1223 370 408 1224 309 408 1225 385 408 1226 248 409 1227 384 409 1228 399 409 1229 377 410 1230 393 410 1231 378 410 1232 370 411 1233 386 411 1234 371 411 1235 379 412 1236 393 412 1237 394 412 1238 371 413 1239 387 413 1240 372 413 1241 380 414 1242 394 414 1243 395 414 1244 373 415 1245 387 415 1246 388 415 1247 248 416 1248 399 416 1249 414 416 1250 392 417 1251 408 417 1252 393 417 1253 385 418 1254 401 418 1255 386 418 1256 394 419 1257 408 419 1258 409 419 1259 386 420 1260 402 420 1261 387 420 1262 394 421 1263 410 421 1264 395 421 1265 388 422 1266 402 422 1267 403 422 1268 396 423 1269 410 423 1270 411 423 1271 388 424 1272 404 424 1273 389 424 1274 396 425 1275 412 425 1276 397 425 1277 390 426 1278 404 426 1279 405 426 1280 398 427 1281 412 427 1282 413 427 1283 390 428 1284 406 428 1285 391 428 1286 398 429 1287 414 429 1288 399 429 1289 392 430 1290 406 430 1291 407 430 1292 385 431 1293 309 431 1294 400 431 1295 411 432 1296 427 432 1297 412 432 1298 405 433 1299 419 433 1300 420 433 1301 413 434 1302 427 434 1303 428 434 1304 405 435 1305 421 435 1306 406 435 1307 414 436 1308 428 436 1309 429 436 1310 407 437 1311 421 437 1312 422 437 1313 400 438 1314 309 438 1315 415 438 1316 248 439 1317 414 439 1318 429 439 1319 407 440 1320 423 440 1321 408 440 1322 400 441 1323 416 441 1324 401 441 1325 409 442 1326 423 442 1327 424 442 1328 401 443 1329 417 443 1330 402 443 1331 409 444 1332 425 444 1333 410 444 1334 403 445 1335 417 445 1336 418 445 1337 411 446 1338 425 446 1339 426 446 1340 403 447 1341 419 447 1342 404 447 1343 415 448 1344 431 448 1345 416 448 1346 424 449 1347 438 449 1348 439 449 1349 417 450 1350 431 450 1351 432 450 1352 424 451 1353 440 451 1354 425 451 1355 418 452 1356 432 452 1357 433 452 1358 426 453 1359 440 453 1360 441 453 1361 418 454 1362 434 454 1363 419 454 1364 426 455 1365 442 455 1366 427 455 1367 420 456 1368 434 456 1369 435 456 1370 427 457 1371 443 457 1372 428 457 1373 420 458 1374 436 458 1375 421 458 1376 429 459 1377 443 459 1378 444 459 1379 422 460 1380 436 460 1381 437 460 1382 415 461 1383 309 461 1384 430 461 1385 248 462 1386 429 462 1387 444 462 1388 422 463 1389 438 463 1390 423 463 1391 435 464 1392 449 464 1393 450 464 1394 442 465 1395 458 465 1396 443 465 1397 435 466 1398 451 466 1399 436 466 1400 443 467 1401 459 467 1402 444 467 1403 437 468 1404 451 468 1405 452 468 1406 430 469 1407 309 469 1408 445 469 1409 248 470 1410 444 470 1411 459 470 1412 437 471 1413 453 471 1414 438 471 1415 431 472 1416 445 472 1417 446 472 1418 439 473 1419 453 473 1420 454 473 1421 432 474 1422 446 474 1423 447 474 1424 439 475 1425 455 475 1426 440 475 1427 433 476 1428 447 476 1429 448 476 1430 441 477 1431 455 477 1432 456 477 1433 433 478 1434 449 478 1435 434 478 1436 441 479 1437 457 479 1438 442 479 1439 454 480 1440 468 480 1441 469 480 1442 446 481 1443 462 481 1444 447 481 1445 454 482 1446 470 482 1447 455 482 1448 447 483 1449 463 483 1450 448 483 1451 456 484 1452 470 484 1453 471 484 1454 448 485 1455 464 485 1456 449 485 1457 456 486 1458 472 486 1459 457 486 1460 450 487 1461 464 487 1462 465 487 1463 458 488 1464 472 488 1465 473 488 1466 450 489 1467 466 489 1468 451 489 1469 458 490 1470 474 490 1471 459 490 1472 452 491 1473 466 491 1474 467 491 1475 445 492 1476 309 492 1477 460 492 1478 248 493 1479 459 493 1480 474 493 1481 452 494 1482 468 494 1483 453 494 1484 445 495 1485 461 495 1486 446 495 1487 472 496 1488 480 496 1489 473 496 1490 466 497 1491 3 497 1492 477 497 1493 474 498 1494 480 498 1495 481 498 1496 467 499 1497 477 499 1498 4 499 1499 460 500 1500 309 500 1501 0 500 1502 248 501 1503 474 501 1504 481 501 1505 467 502 1506 5 502 1507 468 502 1508 461 503 1509 0 503 1510 475 503 1511 468 504 1512 478 504 1513 469 504 1514 462 505 1515 475 505 1516 1 505 1517 469 506 1518 479 506 1519 470 506 1520 463 507 1521 1 507 1522 2 507 1523 470 508 1524 6 508 1525 471 508 1526 464 509 1527 2 509 1528 476 509 1529 471 510 1530 7 510 1531 472 510 1532 465 511 1533 476 511 1534 3 511 1535 3 512 1536 476 512 1537 12 512 1538 7 513 1539 20 513 1540 21 513 1541 477 514 1542 3 514 1543 13 514 1544 480 515 1545 21 515 1546 22 515 1547 477 516 1548 14 516 1549 15 516 1550 4 517 1551 15 517 1552 16 517 1553 475 518 1554 0 518 1555 8 518 1556 478 519 1557 5 519 1558 16 519 1559 1 520 1560 475 520 1561 9 520 1562 478 521 1563 17 521 1564 18 521 1565 1 522 1566 10 522 1567 11 522 1568 479 523 1569 18 523 1570 19 523 1571 476 524 1572 2 524 1573 11 524 1574 7 525 1575 6 525 1576 19 525 1577 11 526 1578 26 526 1579 27 526 1580 20 527 1581 19 527 1582 34 527 1583 12 528 1584 27 528 1585 28 528 1586 21 529 1587 20 529 1588 35 529 1589 13 530 1590 28 530 1591 29 530 1592 22 531 1593 21 531 1594 36 531 1595 15 532 1596 14 532 1597 29 532 1598 15 533 1599 30 533 1600 31 533 1601 8 534 1602 23 534 1603 24 534 1604 17 535 1605 16 535 1606 31 535 1607 9 536 1608 24 536 1609 25 536 1610 18 537 1611 17 537 1612 32 537 1613 10 538 1614 25 538 1615 26 538 1616 19 539 1617 18 539 1618 33 539 1619 30 540 1620 45 540 1621 46 540 1622 23 541 1623 38 541 1624 39 541 1625 32 542 1626 31 542 1627 46 542 1628 24 543 1629 39 543 1630 40 543 1631 33 544 1632 32 544 1633 47 544 1634 26 545 1635 25 545 1636 40 545 1637 34 546 1638 33 546 1639 48 546 1640 26 547 1641 41 547 1642 42 547 1643 34 548 1644 49 548 1645 50 548 1646 27 549 1647 42 549 1648 43 549 1649 36 550 1650 35 550 1651 50 550 1652 28 551 1653 43 551 1654 44 551 1655 37 552 1656 36 552 1657 51 552 1658 30 553 1659 29 553 1660 44 553 1661 49 554 1662 64 554 1663 65 554 1664 42 555 1665 57 555 1666 58 555 1667 51 556 1668 50 556 1669 65 556 1670 43 557 1671 58 557 1672 59 557 1673 52 558 1674 51 558 1675 66 558 1676 45 559 1677 44 559 1678 59 559 1679 45 560 1680 60 560 1681 61 560 1682 38 561 1683 53 561 1684 54 561 1685 47 562 1686 46 562 1687 61 562 1688 39 563 1689 54 563 1690 55 563 1691 48 564 1692 47 564 1693 62 564 1694 41 565 1695 40 565 1696 55 565 1697 48 566 1698 63 566 1699 64 566 1700 41 567 1701 56 567 1702 57 567 1703 53 568 1704 68 568 1705 69 568 1706 62 569 1707 61 569 1708 76 569 1709 54 570 1710 69 570 1711 70 570 1712 62 571 1713 77 571 1714 78 571 1715 56 572 1716 55 572 1717 70 572 1718 63 573 1719 78 573 1720 79 573 1721 56 574 1722 71 574 1723 72 574 1724 64 575 1725 79 575 1726 80 575 1727 58 576 1728 57 576 1729 72 576 1730 66 577 1731 65 577 1732 80 577 1733 58 578 1734 73 578 1735 74 578 1736 67 579 1737 66 579 1738 81 579 1739 60 580 1740 59 580 1741 74 580 1742 60 581 1743 75 581 1744 76 581 1745 73 582 1746 72 582 1747 87 582 1748 81 583 1749 80 583 1750 95 583 1751 73 584 1752 88 584 1753 89 584 1754 82 585 1755 81 585 1756 96 585 1757 75 586 1758 74 586 1759 89 586 1760 75 587 1761 90 587 1762 91 587 1763 68 588 1764 83 588 1765 84 588 1766 77 589 1767 76 589 1768 91 589 1769 69 590 1770 84 590 1771 85 590 1772 77 591 1773 92 591 1774 93 591 1775 71 592 1776 70 592 1777 85 592 1778 78 593 1779 93 593 1780 94 593 1781 72 594 1782 71 594 1783 86 594 1784 79 595 1785 94 595 1786 95 595 1787 92 596 1788 91 596 1789 106 596 1790 84 597 1791 99 597 1792 100 597 1793 92 598 1794 107 598 1795 108 598 1796 85 599 1797 100 599 1798 101 599 1799 94 600 1800 93 600 1801 108 600 1802 86 601 1803 101 601 1804 102 601 1805 95 602 1806 94 602 1807 109 602 1808 88 603 1809 87 603 1810 102 603 1811 96 604 1812 95 604 1813 110 604 1814 88 605 1815 103 605 1816 104 605 1817 97 606 1818 96 606 1819 111 606 1820 90 607 1821 89 607 1822 104 607 1823 90 608 1824 105 608 1825 106 608 1826 83 609 1827 98 609 1828 99 609 1829 111 610 1830 110 610 1831 125 610 1832 103 611 1833 118 611 1834 119 611 1835 112 612 1836 111 612 1837 126 612 1838 105 613 1839 104 613 1840 119 613 1841 105 614 1842 120 614 1843 121 614 1844 98 615 1845 113 615 1846 114 615 1847 107 616 1848 106 616 1849 121 616 1850 99 617 1851 114 617 1852 115 617 1853 107 618 1854 122 618 1855 123 618 1856 100 619 1857 115 619 1858 116 619 1859 109 620 1860 108 620 1861 123 620 1862 101 621 1863 116 621 1864 117 621 1865 110 622 1866 109 622 1867 124 622 1868 103 623 1869 102 623 1870 117 623 1871 122 624 1872 137 624 1873 138 624 1874 115 625 1875 130 625 1876 131 625 1877 123 626 1878 138 626 1879 139 626 1880 116 627 1881 131 627 1882 132 627 1883 125 628 1884 124 628 1885 139 628 1886 118 629 1887 117 629 1888 132 629 1889 126 630 1890 125 630 1891 140 630 1892 118 631 1893 133 631 1894 134 631 1895 127 632 1896 126 632 1897 141 632 1898 120 633 1899 119 633 1900 134 633 1901 120 634 1902 135 634 1903 136 634 1904 113 635 1905 128 635 1906 129 635 1907 122 636 1908 121 636 1909 136 636 1910 114 637 1911 129 637 1912 130 637 1913 142 638 1914 141 638 1915 156 638 1916 135 639 1917 134 639 1918 149 639 1919 135 640 1920 150 640 1921 151 640 1922 128 641 1923 143 641 1924 144 641 1925 137 642 1926 136 642 1927 151 642 1928 129 643 1929 144 643 1930 145 643 1931 137 644 1932 152 644 1933 153 644 1934 130 645 1935 145 645 1936 146 645 1937 139 646 1938 138 646 1939 153 646 1940 131 647 1941 146 647 1942 147 647 1943 140 648 1944 139 648 1945 154 648 1946 133 649 1947 132 649 1948 147 649 1949 141 650 1950 140 650 1951 155 650 1952 133 651 1953 148 651 1954 149 651 1955 145 652 1956 160 652 1957 161 652 1958 154 653 1959 153 653 1960 168 653 1961 146 654 1962 161 654 1963 162 654 1964 155 655 1965 154 655 1966 169 655 1967 148 656 1968 147 656 1969 162 656 1970 156 657 1971 155 657 1972 170 657 1973 148 658 1974 163 658 1975 164 658 1976 157 659 1977 156 659 1978 171 659 1979 150 660 1980 149 660 1981 164 660 1982 150 661 1983 165 661 1984 166 661 1985 143 662 1986 158 662 1987 159 662 1988 152 663 1989 151 663 1990 166 663 1991 144 664 1992 159 664 1993 160 664 1994 152 665 1995 167 665 1996 168 665 1997 165 666 1998 164 666 1999 179 666 2000 165 667 2001 180 667 2002 181 667 2003 158 668 2004 173 668 2005 174 668 2006 167 669 2007 166 669 2008 181 669 2009 159 670 2010 174 670 2011 175 670 2012 167 671 2013 182 671 2014 183 671 2015 160 672 2016 175 672 2017 176 672 2018 169 673 2019 168 673 2020 183 673 2021 161 674 2022 176 674 2023 177 674 2024 169 675 2025 184 675 2026 185 675 2027 163 676 2028 162 676 2029 177 676 2030 171 677 2031 170 677 2032 185 677 2033 163 678 2034 178 678 2035 179 678 2036 172 679 2037 171 679 2038 186 679 2039 184 680 2040 183 680 2041 198 680 2042 176 681 2043 191 681 2044 192 681 2045 185 682 2046 184 682 2047 199 682 2048 178 683 2049 177 683 2050 192 683 2051 186 684 2052 185 684 2053 200 684 2054 178 685 2055 193 685 2056 194 685 2057 187 686 2058 186 686 2059 201 686 2060 180 687 2061 179 687 2062 194 687 2063 180 688 2064 195 688 2065 196 688 2066 173 689 2067 188 689 2068 189 689 2069 182 690 2070 181 690 2071 196 690 2072 174 691 2073 189 691 2074 190 691 2075 182 692 2076 197 692 2077 198 692 2078 175 693 2079 190 693 2080 191 693 2081 195 694 2082 210 694 2083 211 694 2084 188 695 2085 203 695 2086 204 695 2087 197 696 2088 196 696 2089 211 696 2090 189 697 2091 204 697 2092 205 697 2093 197 698 2094 212 698 2095 213 698 2096 190 699 2097 205 699 2098 206 699 2099 199 700 2100 198 700 2101 213 700 2102 191 701 2103 206 701 2104 207 701 2105 200 702 2106 199 702 2107 214 702 2108 193 703 2109 192 703 2110 207 703 2111 201 704 2112 200 704 2113 215 704 2114 193 705 2115 208 705 2116 209 705 2117 202 706 2118 201 706 2119 216 706 2120 195 707 2121 194 707 2122 209 707 2123 206 708 2124 221 708 2125 222 708 2126 215 709 2127 214 709 2128 229 709 2129 208 710 2130 207 710 2131 222 710 2132 216 711 2133 215 711 2134 230 711 2135 208 712 2136 223 712 2137 224 712 2138 216 713 2139 231 713 2140 232 713 2141 210 714 2142 209 714 2143 224 714 2144 210 715 2145 225 715 2146 226 715 2147 204 716 2148 203 716 2149 218 716 2150 212 717 2151 211 717 2152 226 717 2153 204 718 2154 219 718 2155 220 718 2156 212 719 2157 227 719 2158 228 719 2159 205 720 2160 220 720 2161 221 720 2162 213 721 2163 228 721 2164 229 721 2165 225 722 2166 240 722 2167 241 722 2168 218 723 2169 233 723 2170 234 723 2171 227 724 2172 226 724 2173 241 724 2174 219 725 2175 234 725 2176 235 725 2177 228 726 2178 227 726 2179 242 726 2180 220 727 2181 235 727 2182 236 727 2183 229 728 2184 228 728 2185 243 728 2186 221 729 2187 236 729 2188 237 729 2189 230 730 2190 229 730 2191 244 730 2192 222 731 2193 237 731 2194 238 731 2195 231 732 2196 230 732 2197 245 732 2198 223 733 2199 238 733 2200 239 733 2201 232 734 2202 231 734 2203 246 734 2204 225 735 2205 224 735 2206 239 735 2207 245 736 2208 244 736 2209 260 736 2210 238 737 2211 237 737 2212 253 737 2213 245 738 2214 261 738 2215 262 738 2216 238 739 2217 254 739 2218 255 739 2219 246 740 2220 262 740 2221 263 740 2222 240 741 2223 239 741 2224 255 741 2225 240 742 2226 256 742 2227 257 742 2228 234 743 2229 233 743 2230 249 743 2231 242 744 2232 241 744 2233 257 744 2234 234 745 2235 250 745 2236 251 745 2237 242 746 2238 258 746 2239 259 746 2240 235 747 2241 251 747 2242 252 747 2243 243 748 2244 259 748 2245 260 748 2246 236 749 2247 252 749 2248 253 749 2249 258 750 2250 257 750 2251 272 750 2252 250 751 2253 265 751 2254 266 751 2255 259 752 2256 258 752 2257 273 752 2258 251 753 2259 266 753 2260 267 753 2261 260 754 2262 259 754 2263 274 754 2264 252 755 2265 267 755 2266 268 755 2267 261 756 2268 260 756 2269 275 756 2270 253 757 2271 268 757 2272 269 757 2273 262 758 2274 261 758 2275 276 758 2276 254 759 2277 269 759 2278 270 759 2279 263 760 2280 262 760 2281 277 760 2282 256 761 2283 255 761 2284 270 761 2285 256 762 2286 271 762 2287 272 762 2288 249 763 2289 264 763 2290 265 763 2291 277 764 2292 276 764 2293 291 764 2294 269 765 2295 284 765 2296 285 765 2297 277 766 2298 292 766 2299 293 766 2300 271 767 2301 270 767 2302 285 767 2303 271 768 2304 286 768 2305 287 768 2306 265 769 2307 264 769 2308 279 769 2309 273 770 2310 272 770 2311 287 770 2312 265 771 2313 280 771 2314 281 771 2315 273 772 2316 288 772 2317 289 772 2318 266 773 2319 281 773 2320 282 773 2321 275 774 2322 274 774 2323 289 774 2324 267 775 2325 282 775 2326 283 775 2327 275 776 2328 290 776 2329 291 776 2330 269 777 2331 268 777 2332 283 777 2333 280 778 2334 295 778 2335 296 778 2336 288 779 2337 303 779 2338 304 779 2339 282 780 2340 281 780 2341 296 780 2342 290 781 2343 289 781 2344 304 781 2345 282 782 2346 297 782 2347 298 782 2348 290 783 2349 305 783 2350 306 783 2351 284 784 2352 283 784 2353 298 784 2354 292 785 2355 291 785 2356 306 785 2357 284 786 2358 299 786 2359 300 786 2360 293 787 2361 292 787 2362 307 787 2363 286 788 2364 285 788 2365 300 788 2366 286 789 2367 301 789 2368 302 789 2369 279 790 2370 294 790 2371 295 790 2372 288 791 2373 287 791 2374 302 791 2375 299 792 2376 315 792 2377 316 792 2378 308 793 2379 307 793 2380 323 793 2381 301 794 2382 300 794 2383 316 794 2384 301 795 2385 317 795 2386 318 795 2387 294 796 2388 310 796 2389 311 796 2390 303 797 2391 302 797 2392 318 797 2393 295 798 2394 311 798 2395 312 798 2396 303 799 2397 319 799 2398 320 799 2399 297 800 2400 296 800 2401 312 800 2402 305 801 2403 304 801 2404 320 801 2405 297 802 2406 313 802 2407 314 802 2408 305 803 2409 321 803 2410 322 803 2411 299 804 2412 298 804 2413 314 804 2414 307 805 2415 306 805 2416 322 805 2417 319 806 2418 334 806 2419 335 806 2420 313 807 2421 312 807 2422 327 807 2423 321 808 2424 320 808 2425 335 808 2426 313 809 2427 328 809 2428 329 809 2429 321 810 2430 336 810 2431 337 810 2432 315 811 2433 314 811 2434 329 811 2435 323 812 2436 322 812 2437 337 812 2438 315 813 2439 330 813 2440 331 813 2441 324 814 2442 323 814 2443 338 814 2444 317 815 2445 316 815 2446 331 815 2447 317 816 2448 332 816 2449 333 816 2450 310 817 2451 325 817 2452 326 817 2453 319 818 2454 318 818 2455 333 818 2456 311 819 2457 326 819 2458 327 819 2459 338 820 2460 353 820 2461 354 820 2462 332 821 2463 331 821 2464 346 821 2465 332 822 2466 347 822 2467 348 822 2468 325 823 2469 340 823 2470 341 823 2471 334 824 2472 333 824 2473 348 824 2474 326 825 2475 341 825 2476 342 825 2477 334 826 2478 349 826 2479 350 826 2480 328 827 2481 327 827 2482 342 827 2483 336 828 2484 335 828 2485 350 828 2486 328 829 2487 343 829 2488 344 829 2489 336 830 2490 351 830 2491 352 830 2492 330 831 2493 329 831 2494 344 831 2495 338 832 2496 337 832 2497 352 832 2498 330 833 2499 345 833 2500 346 833 2501 342 834 2502 357 834 2503 358 834 2504 351 835 2505 350 835 2506 365 835 2507 343 836 2508 358 836 2509 359 836 2510 351 837 2511 366 837 2512 367 837 2513 344 838 2514 359 838 2515 360 838 2516 353 839 2517 352 839 2518 367 839 2519 345 840 2520 360 840 2521 361 840 2522 354 841 2523 353 841 2524 368 841 2525 347 842 2526 346 842 2527 361 842 2528 347 843 2529 362 843 2530 363 843 2531 340 844 2532 355 844 2533 356 844 2534 349 845 2535 348 845 2536 363 845 2537 341 846 2538 356 846 2539 357 846 2540 350 847 2541 349 847 2542 364 847 2543 362 848 2544 361 848 2545 376 848 2546 362 849 2547 377 849 2548 378 849 2549 356 850 2550 355 850 2551 370 850 2552 364 851 2553 363 851 2554 378 851 2555 357 852 2556 356 852 2557 371 852 2558 364 853 2559 379 853 2560 380 853 2561 358 854 2562 357 854 2563 372 854 2564 366 855 2565 365 855 2566 380 855 2567 358 856 2568 373 856 2569 374 856 2570 366 857 2571 381 857 2572 382 857 2573 360 858 2574 359 858 2575 374 858 2576 367 859 2577 382 859 2578 383 859 2579 360 860 2580 375 860 2581 376 860 2582 368 861 2583 383 861 2584 384 861 2585 381 862 2586 380 862 2587 395 862 2588 373 863 2589 388 863 2590 389 863 2591 381 864 2592 396 864 2593 397 864 2594 374 865 2595 389 865 2596 390 865 2597 383 866 2598 382 866 2599 397 866 2600 375 867 2601 390 867 2602 391 867 2603 383 868 2604 398 868 2605 399 868 2606 377 869 2607 376 869 2608 391 869 2609 377 870 2610 392 870 2611 393 870 2612 370 871 2613 385 871 2614 386 871 2615 379 872 2616 378 872 2617 393 872 2618 371 873 2619 386 873 2620 387 873 2621 380 874 2622 379 874 2623 394 874 2624 373 875 2625 372 875 2626 387 875 2627 392 876 2628 407 876 2629 408 876 2630 385 877 2631 400 877 2632 401 877 2633 394 878 2634 393 878 2635 408 878 2636 386 879 2637 401 879 2638 402 879 2639 394 880 2640 409 880 2641 410 880 2642 388 881 2643 387 881 2644 402 881 2645 396 882 2646 395 882 2647 410 882 2648 388 883 2649 403 883 2650 404 883 2651 396 884 2652 411 884 2653 412 884 2654 390 885 2655 389 885 2656 404 885 2657 398 886 2658 397 886 2659 412 886 2660 390 887 2661 405 887 2662 406 887 2663 398 888 2664 413 888 2665 414 888 2666 392 889 2667 391 889 2668 406 889 2669 411 890 2670 426 890 2671 427 890 2672 405 891 2673 404 891 2674 419 891 2675 413 892 2676 412 892 2677 427 892 2678 405 893 2679 420 893 2680 421 893 2681 414 894 2682 413 894 2683 428 894 2684 407 895 2685 406 895 2686 421 895 2687 407 896 2688 422 896 2689 423 896 2690 400 897 2691 415 897 2692 416 897 2693 409 898 2694 408 898 2695 423 898 2696 401 899 2697 416 899 2698 417 899 2699 409 900 2700 424 900 2701 425 900 2702 403 901 2703 402 901 2704 417 901 2705 411 902 2706 410 902 2707 425 902 2708 403 903 2709 418 903 2710 419 903 2711 415 904 2712 430 904 2713 431 904 2714 424 905 2715 423 905 2716 438 905 2717 417 906 2718 416 906 2719 431 906 2720 424 907 2721 439 907 2722 440 907 2723 418 908 2724 417 908 2725 432 908 2726 426 909 2727 425 909 2728 440 909 2729 418 910 2730 433 910 2731 434 910 2732 426 911 2733 441 911 2734 442 911 2735 420 912 2736 419 912 2737 434 912 2738 427 913 2739 442 913 2740 443 913 2741 420 914 2742 435 914 2743 436 914 2744 429 915 2745 428 915 2746 443 915 2747 422 916 2748 421 916 2749 436 916 2750 422 917 2751 437 917 2752 438 917 2753 435 918 2754 434 918 2755 449 918 2756 442 919 2757 457 919 2758 458 919 2759 435 920 2760 450 920 2761 451 920 2762 443 921 2763 458 921 2764 459 921 2765 437 922 2766 436 922 2767 451 922 2768 437 923 2769 452 923 2770 453 923 2771 431 924 2772 430 924 2773 445 924 2774 439 925 2775 438 925 2776 453 925 2777 432 926 2778 431 926 2779 446 926 2780 439 927 2781 454 927 2782 455 927 2783 433 928 2784 432 928 2785 447 928 2786 441 929 2787 440 929 2788 455 929 2789 433 930 2790 448 930 2791 449 930 2792 441 931 2793 456 931 2794 457 931 2795 454 932 2796 453 932 2797 468 932 2798 446 933 2799 461 933 2800 462 933 2801 454 934 2802 469 934 2803 470 934 2804 447 935 2805 462 935 2806 463 935 2807 456 936 2808 455 936 2809 470 936 2810 448 937 2811 463 937 2812 464 937 2813 456 938 2814 471 938 2815 472 938 2816 450 939 2817 449 939 2818 464 939 2819 458 940 2820 457 940 2821 472 940 2822 450 941 2823 465 941 2824 466 941 2825 458 942 2826 473 942 2827 474 942 2828 452 943 2829 451 943 2830 466 943 2831 452 944 2832 467 944 2833 468 944 2834 445 945 2835 460 945 2836 461 945 2837 472 946 2838 7 946 2839 480 946 2840 466 947 2841 465 947 2842 3 947 2843 474 948 2844 473 948 2845 480 948 2846 467 949 2847 466 949 2848 477 949 2849 467 950 2850 4 950 2851 5 950 2852 461 951 2853 460 951 2854 0 951 2855 468 952 2856 5 952 2857 478 952 2858 462 953 2859 461 953 2860 475 953 2861 469 954 2862 478 954 2863 479 954 2864 463 955 2865 462 955 2866 1 955 2867 470 956 2868 479 956 2869 6 956 2870 464 957 2871 463 957 2872 2 957 2873 471 958 2874 6 958 2875 7 958 2876 465 959 2877 464 959 2878 476 959 2879</p>
        </triangles>
      </mesh>
    </geometry>
    <geometry id="Cylinder_001-mesh" name="Cylinder.001">
      <mesh>
        <source id="Cylinder_001-mesh-positions">
          <float_array id="Cylinder_001-mesh-positions-array" count="60">0 0.03999996 -1.275 0 0.03999996 1.275 0.0235114 0.03236067 -1.275 0.0235114 0.03236067 1.275 0.03804224 0.01236063 -1.275 0.03804224 0.01236063 1.275 0.03804224 -0.01236063 -1.275 0.03804224 -0.01236063 1.275 0.0235114 -0.03236067 -1.275 0.0235114 -0.03236067 1.275 0 -0.03999996 -1.275 0 -0.03999996 1.275 -0.0235114 -0.03236067 -1.275 -0.0235114 -0.03236067 1.275 -0.03804224 -0.01236063 -1.275 -0.03804224 -0.01236063 1.275 -0.03804224 0.01236063 -1.275 -0.03804224 0.01236063 1.275 -0.0235114 0.03236067 -1.275 -0.0235114 0.03236067 1.275</float_array>
          <technique_common>
            <accessor source="#Cylinder_001-mesh-positions-array" count="20" stride="3">
              <param name="X" type="float"/>
              <param name="Y" type="float"/>
              <param name="Z" type="float"/>
            </accessor>
          </technique_common>
        </source>
        <source id="Cylinder_001-mesh-normals">
          <float_array id="Cylinder_001-mesh-normals-array" count="108">0.309017 0.9510565 0 0.8090169 0.5877853 0 1 0 0 0.8090169 -0.5877853 0 0.309017 -0.9510565 0 -0.309017 -0.9510565 0 -0.8090169 -0.5877853 0 -1 0 0 0 0 1 -0.8090169 0.5877853 0 -0.309017 0.9510565 0 0 0 -1 0.309017 0.9510565 0 0.8090169 0.5877853 0 1 0 0 0.8090169 -0.5877853 0 0.309017 -0.9510565 0 -0.309017 -0.9510565 0 -0.8090169 -0.5877853 0 -1 0 0 0 0 1 0 0 1 0 0 1 0 0 1 0 0 1 0 0 1 0 0 1 -0.8090169 0.5877853 0 -0.309017 0.9510565 0 0 0 -1 0 0 -1 0 0 -1 0 0 -1 0 0 -1 0 0 -1 0 0 -1</float_array>
          <technique_common>
            <accessor source="#Cylinder_001-mesh-normals-array" count="36" stride="3">
              <param name="X" type="float"/>
              <param name="Y" type="float"/>
              <param name="Z" type="float"/>
            </accessor>
          </technique_common>
        </source>
        <source id="Cylinder_001-mesh-map-0">
          <float_array id="Cylinder_001-mesh-map-0-array" count="216">1 1 0.9 0.5 1 0.5 0.9 1 0.8 0.5 0.9 0.5 0.8 1 0.6999999 0.5 0.8 0.5 0.6999999 1 0.5999999 0.5 0.6999999 0.5 0.5999999 1 0.4999999 0.5 0.5999999 0.5 0.4999999 1 0.3999999 0.5 0.4999999 0.5 0.3999999 1 0.2999999 0.5 0.3999999 0.5 0.2999999 1 0.1999999 0.5 0.2999999 0.5 0.02174639 0.3241641 0.3910685 0.0558359 0.4782536 0.3241641 0.1999999 1 0.0999999 0.5 0.1999999 0.5 0.0999999 1 0 0.5 0.0999999 0.5 0.9782536 0.1758359 0.5217464 0.1758359 0.6089316 0.4441641 1 1 0.9 1 0.9 0.5 0.9 1 0.8 1 0.8 0.5 0.8 1 0.6999999 1 0.6999999 0.5 0.6999999 1 0.5999999 1 0.5999999 0.5 0.5999999 1 0.4999999 1 0.4999999 0.5 0.4999999 1 0.3999999 1 0.3999999 0.5 0.3999999 1 0.2999999 1 0.2999999 0.5 0.2999999 1 0.1999999 1 0.1999999 0.5 0.4782536 0.3241641 0.3910685 0.4441641 0.25 0.49 0.25 0.49 0.1089315 0.4441641 0.02174639 0.3241641 0.02174639 0.3241641 0.02174639 0.1758359 0.1089315 0.0558359 0.1089315 0.0558359 0.25 0.00999999 0.02174639 0.3241641 0.25 0.00999999 0.3910685 0.0558359 0.02174639 0.3241641 0.3910685 0.0558359 0.4782536 0.1758359 0.4782536 0.3241641 0.4782536 0.3241641 0.25 0.49 0.02174639 0.3241641 0.1999999 1 0.0999999 1 0.0999999 0.5 0.0999999 1 0 1 0 0.5 0.6089316 0.4441641 0.75 0.49 0.9782536 0.1758359 0.75 0.49 0.8910685 0.4441641 0.9782536 0.1758359 0.8910685 0.4441641 0.9782536 0.3241641 0.9782536 0.1758359 0.9782536 0.1758359 0.8910685 0.0558359 0.75 0.00999999 0.75 0.00999999 0.6089316 0.0558359 0.5217464 0.1758359 0.5217464 0.1758359 0.5217464 0.3241641 0.6089316 0.4441641 0.9782536 0.1758359 0.75 0.00999999 0.5217464 0.1758359</float_array>
          <technique_common>
            <accessor source="#Cylinder_001-mesh-map-0-array" count="108" stride="2">
              <param name="S" type="float"/>
              <param name="T" type="float"/>
            </accessor>
          </technique_common>
        </source>
        <vertices id="Cylinder_001-mesh-vertices">
          <input semantic="POSITION" source="#Cylinder_001-mesh-positions"/>
        </vertices>
        <triangles material="CL_post-material" count="36">
          <input semantic="VERTEX" source="#Cylinder_001-mesh-vertices" offset="0"/>
          <input semantic="NORMAL" source="#Cylinder_001-mesh-normals" offset="1"/>
          <input semantic="TEXCOORD" source="#Cylinder_001-mesh-map-0" offset="2" set="0"/>
          <p>1 0 0 2 0 1 0 0 2 3 1 3 4 1 4 2 1 5 5 2 6 6 2 7 4 2 8 7 3 9 8 3 10 6 3 11 9 4 12 10 4 13 8 4 14 11 5 15 12 5 16 10 5 17 13 6 18 14 6 19 12 6 20 15 7 21 16 7 22 14 7 23 17 8 24 9 8 25 5 8 26 17 9 27 18 9 28 16 9 29 19 10 30 0 10 31 18 10 32 6 11 33 14 11 34 18 11 35 1 12 36 3 12 37 2 12 38 3 13 39 5 13 40 4 13 41 5 14 42 7 14 43 6 14 44 7 15 45 9 15 46 8 15 47 9 16 48 11 16 49 10 16 50 11 17 51 13 17 52 12 17 53 13 18 54 15 18 55 14 18 56 15 19 57 17 19 58 16 19 59 5 20 60 3 20 61 1 20 62 1 21 63 19 21 64 17 21 65 17 22 66 15 22 67 13 22 68 13 23 69 11 23 70 17 23 71 11 24 72 9 24 73 17 24 74 9 25 75 7 25 76 5 25 77 5 26 78 1 26 79 17 26 80 17 27 81 19 27 82 18 27 83 19 28 84 1 28 85 0 28 86 18 29 87 0 29 88 6 29 89 0 30 90 2 30 91 6 30 92 2 31 93 4 31 94 6 31 95 6 32 96 8 32 97 10 32 98 10 33 99 12 33 100 14 33 101 14 34 102 16 34 103 18 34 104 6 35 105 10 35 106 14 35 107</p>
        </triangles>
      </mesh>
    </geometry>
    <geometry id="Sphere-mesh" name="Sphere">
      <mesh>
        <source id="Sphere-mesh-positions">
          <float_array id="Sphere-mesh-positions-array" count="1446">0 0.009364306 0.04707765 0 0.02666735 0.03991049 0 0.03394109 0.03394109 0 0.04434621 0.01836878 0 0.04799997 0 0 0.04707765 -0.009364306 0 0.03394109 -0.03394109 0 0.02666735 -0.03991049 0.001826882 0.00918436 0.04707765 0.00358355 0.0180158 0.04434621 0.005202531 0.02615493 0.03991049 0.006621539 0.03328895 0.03394109 0.007786154 0.03914362 0.02666735 0.008651494 0.0434941 0.01836878 0.00918436 0.04617309 0.009364306 0.009364306 0.04707765 0 0.00918436 0.04617309 -0.009364306 0.008651494 0.0434941 -0.01836878 0.007786154 0.03914362 -0.02666735 0.006621539 0.03328895 -0.03394109 0.005202531 0.02615493 -0.03991049 0.00358355 0.0180158 -0.04434621 0.001826882 0.00918436 -0.04707765 0.00358355 0.008651494 0.04707765 0.007029414 0.01697051 0.04434621 0.01020514 0.0246374 0.03991049 0.01298868 0.03135746 0.03394109 0.01527309 0.0368725 0.02666735 0.01697051 0.04097056 0.01836878 0.0180158 0.0434941 0.009364306 0.01836878 0.04434621 0 0.0180158 0.0434941 -0.009364306 0.01697051 0.04097056 -0.01836878 0.01527309 0.0368725 -0.02666735 0.01298868 0.03135746 -0.03394109 0.01020514 0.0246374 -0.03991049 0.007029414 0.01697051 -0.04434621 0.00358355 0.008651494 -0.04707765 0.005202531 0.007786154 0.04707765 0.01020514 0.01527309 0.04434621 0.01481556 0.0221731 0.03991049 0.01885664 0.02822101 0.03394109 0.0221731 0.03318434 0.02666735 0.0246374 0.0368725 0.01836878 0.02615493 0.03914362 0.009364306 0.02666735 0.03991049 0 0.02615493 0.03914362 -0.009364306 0.0246374 0.0368725 -0.01836878 0.0221731 0.03318434 -0.02666735 0.01885664 0.02822101 -0.03394109 0.01481556 0.0221731 -0.03991049 0.01020514 0.01527309 -0.04434621 0.005202531 0.007786154 -0.04707765 0.006621539 0.006621539 0.04707765 0.01298868 0.01298868 0.04434621 0.01885664 0.01885664 0.03991049 0.02399998 0.02399998 0.03394109 0.02822101 0.02822101 0.02666735 0.03135746 0.03135746 0.01836878 0.03328895 0.03328895 0.009364306 0.03394109 0.03394109 0 0.03328895 0.03328895 -0.009364306 0.03135746 0.03135746 -0.01836878 0.02822101 0.02822101 -0.02666735 0.02399998 0.02399998 -0.03394109 0.01885664 0.01885664 -0.03991049 0.01298868 0.01298868 -0.04434621 0.006621539 0.006621539 -0.04707765 0.007786154 0.005202531 0.04707765 0.01527309 0.01020514 0.04434621 0.0221731 0.01481556 0.03991049 0.02822101 0.01885664 0.03394109 0.03318434 0.0221731 0.02666735 0.0368725 0.0246374 0.01836878 0.03914362 0.02615493 0.009364306 0.03991049 0.02666735 0 0.03914362 0.02615493 -0.009364306 0.0368725 0.0246374 -0.01836878 0.03318434 0.0221731 -0.02666735 0.02822101 0.01885664 -0.03394109 0.0221731 0.01481556 -0.03991049 0.01527309 0.01020514 -0.04434621 0.007786154 0.005202531 -0.04707765 0.008651494 0.00358355 0.04707765 0.01697051 0.007029414 0.04434621 0.0246374 0.01020514 0.03991049 0.03135746 0.01298868 0.03394109 0.0368725 0.01527309 0.02666735 0.0409705 0.01697051 0.01836878 0.0434941 0.0180158 0.009364306 0.04434621 0.01836878 0 0.0434941 0.0180158 -0.009364306 0.0409705 0.01697051 -0.01836878 0.0368725 0.01527309 -0.02666735 0.03135746 0.01298868 -0.03394109 0.0246374 0.01020514 -0.03991049 0.01697051 0.007029414 -0.04434621 0.008651494 0.00358355 -0.04707765 0.00918436 0.001826882 0.04707765 0.0180158 0.00358355 0.04434621 0.02615493 0.005202531 0.03991049 0.03328889 0.006621539 0.03394109 0.03914362 0.007786154 0.02666735 0.0434941 0.008651494 0.01836878 0.04617309 0.00918436 0.009364306 0.04707765 0.009364306 0 0.04617309 0.00918436 -0.009364306 0.0434941 0.008651494 -0.01836878 0.03914362 0.007786154 -0.02666735 0.03328889 0.006621539 -0.03394109 0.02615493 0.005202531 -0.03991049 0.0180158 0.00358355 -0.04434621 0.00918436 0.001826882 -0.04707765 0.009364306 0 0.04707765 0.01836878 0 0.04434621 0.02666735 0 0.03991049 0.03394109 0 0.03394109 0.03991049 0 0.02666735 0.04434615 0 0.01836878 0.04707765 0 0.009364306 0.04799997 0 0 0.04707765 0 -0.009364306 0.04434615 0 -0.01836878 0.03991049 0 -0.02666735 0.03394109 0 -0.03394109 0.02666735 0 -0.03991049 0.01836878 0 -0.04434621 0.009364306 0 -0.04707765 0.00918436 -0.001826882 0.04707765 0.0180158 -0.00358355 0.04434621 0.02615493 -0.005202531 0.03991049 0.03328889 -0.006621539 0.03394109 0.03914362 -0.007786154 0.02666735 0.0434941 -0.008651494 0.01836878 0.04617309 -0.00918436 0.009364306 0.04707765 -0.009364306 0 0.04617309 -0.00918436 -0.009364306 0.0434941 -0.008651494 -0.01836878 0.03914362 -0.007786154 -0.02666735 0.03328889 -0.006621539 -0.03394109 0.02615493 -0.005202531 -0.03991049 0.0180158 -0.00358355 -0.04434621 0.00918436 -0.001826882 -0.04707765 0.008651494 -0.00358355 0.04707765 0.01697051 -0.007029414 0.04434621 0.0246374 -0.01020514 0.03991049 0.03135746 -0.01298868 0.03394109 0.0368725 -0.01527309 0.02666735 0.0409705 -0.01697051 0.01836878 0.0434941 -0.0180158 0.009364306 0.04434615 -0.01836878 0 0.0434941 -0.0180158 -0.009364306 0.0409705 -0.01697051 -0.01836878 0.0368725 -0.01527309 -0.02666735 0.03135746 -0.01298868 -0.03394109 0.0246374 -0.01020514 -0.03991049 0.01697051 -0.007029414 -0.04434621 0.008651494 -0.00358355 -0.04707765 0.007786154 -0.005202531 0.04707765 0.01527309 -0.01020514 0.04434621 0.0221731 -0.01481556 0.03991049 0.02822095 -0.01885664 0.03394109 0.03318434 -0.0221731 0.02666735 0.0368725 -0.0246374 0.01836878 0.03914362 -0.02615493 0.009364306 0.03991049 -0.02666735 0 0.03914362 -0.02615493 -0.009364306 0.0368725 -0.0246374 -0.01836878 0.03318434 -0.0221731 -0.02666735 0.02822095 -0.01885664 -0.03394109 0.0221731 -0.01481556 -0.03991049 0.01527309 -0.01020514 -0.04434621 0.007786154 -0.005202531 -0.04707765 0.006621539 -0.006621539 0.04707765 0.01298868 -0.01298868 0.04434621 0.01885664 -0.01885664 0.03991049 0.02399998 -0.02399998 0.03394109 0.02822095 -0.02822101 0.02666735 0.03135746 -0.03135746 0.01836878 0.03328889 -0.03328889 0.009364306 0.03394109 -0.03394109 0 0.03328889 -0.03328889 -0.009364306 0.03135746 -0.03135746 -0.01836878 0.02822095 -0.02822101 -0.02666735 0.02399998 -0.02399998 -0.03394109 0.01885664 -0.01885664 -0.03991049 0.01298868 -0.01298868 -0.04434621 0.006621539 -0.006621539 -0.04707765 0.005202531 -0.007786154 0.04707765 0.01020514 -0.01527309 0.04434621 0.01481556 -0.0221731 0.03991049 0.01885664 -0.02822095 0.03394109 0.02217304 -0.03318434 0.02666735 0.0246374 -0.0368725 0.01836878 0.02615493 -0.03914362 0.009364306 0.02666735 -0.03991049 0 0.02615493 -0.03914362 -0.009364306 0.0246374 -0.0368725 -0.01836878 0.02217304 -0.03318434 -0.02666735 0.01885664 -0.02822095 -0.03394109 0.01481556 -0.0221731 -0.03991049 0.01020514 -0.01527309 -0.04434621 0.005202531 -0.007786154 -0.04707765 0.00358355 -0.008651494 0.04707765 0.007029414 -0.01697051 0.04434621 0.01020514 -0.0246374 0.03991049 0.01298868 -0.03135746 0.03394109 0.01527309 -0.0368725 0.02666735 0.01697051 -0.0409705 0.01836878 0.0180158 -0.0434941 0.009364306 0.01836878 -0.04434615 0 0.0180158 -0.0434941 -0.009364306 0.01697051 -0.0409705 -0.01836878 0.01527309 -0.0368725 -0.02666735 0.01298868 -0.03135746 -0.03394109 0.01020514 -0.0246374 -0.03991049 0.007029414 -0.01697051 -0.04434621 0.00358355 -0.008651494 -0.04707765 0.001826882 -0.00918436 0.04707765 0.00358355 -0.0180158 0.04434621 0.005202531 -0.02615493 0.03991049 0.006621539 -0.03328889 0.03394109 0.007786095 -0.03914362 0.02666735 0.008651494 -0.04349404 0.01836878 0.00918436 -0.04617309 0.009364306 0.009364306 -0.04707765 0 0.00918436 -0.04617309 -0.009364306 0.008651494 -0.04349404 -0.01836878 0.007786095 -0.03914362 -0.02666735 0.006621539 -0.03328889 -0.03394109 0.005202531 -0.02615493 -0.03991049 0.00358355 -0.0180158 -0.04434621 0.001826882 -0.00918436 -0.04707765 0 -0.009364306 0.04707765 0 -0.01836878 0.04434621 0 -0.02666735 0.03991049 0 -0.03394109 0.03394109 0 -0.03991049 0.02666735 0 -0.04434615 0.01836878 0 -0.04707765 0.009364306 0 -0.04799997 0 0 -0.04707765 -0.009364306 0 -0.04434615 -0.01836878 0 -0.03991049 -0.02666735 0 -0.03394109 -0.03394109 0 -0.02666735 -0.03991049 0 -0.01836878 -0.04434621 0 -0.009364306 -0.04707765 0 0 -0.04799997 -0.001826882 -0.00918436 0.04707765 -0.00358355 -0.0180158 0.04434621 -0.005202531 -0.02615493 0.03991049 -0.006621539 -0.03328889 0.03394109 -0.007786154 -0.03914362 0.02666735 -0.008651494 -0.04349404 0.01836878 -0.00918436 -0.04617303 0.009364306 -0.009364306 -0.04707765 0 -0.00918436 -0.04617303 -0.009364306 -0.008651494 -0.04349404 -0.01836878 -0.007786154 -0.03914362 -0.02666735 -0.006621539 -0.03328889 -0.03394109 -0.005202531 -0.02615493 -0.03991049 -0.00358355 -0.0180158 -0.04434621 -0.001826882 -0.00918436 -0.04707765 -0.00358355 -0.008651494 0.04707765 -0.007029414 -0.01697051 0.04434621 -0.01020514 -0.0246374 0.03991049 -0.01298868 -0.03135746 0.03394109 -0.01527309 -0.0368725 0.02666735 -0.01697051 -0.0409705 0.01836878 -0.0180158 -0.04349404 0.009364306 -0.01836878 -0.04434615 0 -0.0180158 -0.04349404 -0.009364306 -0.01697051 -0.0409705 -0.01836878 -0.01527309 -0.0368725 -0.02666735 -0.01298868 -0.03135746 -0.03394109 -0.01020514 -0.0246374 -0.03991049 -0.007029414 -0.01697051 -0.04434621 -0.00358355 -0.008651494 -0.04707765 -0.005202531 -0.007786154 0.04707765 -0.01020514 -0.01527303 0.04434621 -0.01481556 -0.02217304 0.03991049 -0.01885664 -0.02822095 0.03394109 -0.0221731 -0.03318434 0.02666735 -0.0246374 -0.0368725 0.01836878 -0.02615493 -0.03914362 0.009364306 -0.02666735 -0.03991049 0 -0.02615493 -0.03914362 -0.009364306 -0.0246374 -0.0368725 -0.01836878 -0.0221731 -0.03318434 -0.02666735 -0.01885664 -0.02822095 -0.03394109 -0.01481556 -0.02217304 -0.03991049 -0.01020514 -0.01527303 -0.04434621 -0.005202531 -0.007786154 -0.04707765 -0.006621539 -0.006621539 0.04707765 -0.01298868 -0.01298868 0.04434621 -0.01885664 -0.01885664 0.03991049 -0.02399998 -0.02399992 0.03394109 -0.02822095 -0.02822095 0.02666735 -0.03135746 -0.03135746 0.01836878 -0.03328889 -0.03328889 0.009364306 -0.03394109 -0.03394109 0 -0.03328889 -0.03328889 -0.009364306 -0.03135746 -0.03135746 -0.01836878 -0.02822095 -0.02822095 -0.02666735 -0.02399998 -0.02399992 -0.03394109 -0.01885664 -0.01885664 -0.03991049 -0.01298868 -0.01298868 -0.04434621 -0.006621539 -0.006621539 -0.04707765 0 0 0.04799997 -0.007786154 -0.005202531 0.04707765 -0.01527309 -0.01020514 0.04434621 -0.0221731 -0.01481556 0.03991049 -0.02822095 -0.01885664 0.03394109 -0.03318434 -0.02217304 0.02666735 -0.0368725 -0.0246374 0.01836878 -0.03914362 -0.02615493 0.009364306 -0.03991049 -0.02666729 0 -0.03914362 -0.02615493 -0.009364306 -0.0368725 -0.0246374 -0.01836878 -0.03318434 -0.02217304 -0.02666735 -0.02822095 -0.01885664 -0.03394109 -0.0221731 -0.01481556 -0.03991049 -0.01527309 -0.01020514 -0.04434621 -0.007786154 -0.005202531 -0.04707765 -0.008651494 -0.00358355 0.04707765 -0.01697051 -0.007029414 0.04434621 -0.0246374 -0.01020514 0.03991049 -0.03135746 -0.01298868 0.03394109 -0.0368725 -0.01527309 0.02666735 -0.0409705 -0.01697051 0.01836878 -0.04349404 -0.0180158 0.009364306 -0.04434615 -0.01836878 0 -0.04349404 -0.0180158 -0.009364306 -0.0409705 -0.01697051 -0.01836878 -0.0368725 -0.01527309 -0.02666735 -0.03135746 -0.01298868 -0.03394109 -0.0246374 -0.01020514 -0.03991049 -0.01697051 -0.007029414 -0.04434621 -0.008651494 -0.00358355 -0.04707765 -0.00918436 -0.001826882 0.04707765 -0.0180158 -0.00358355 0.04434621 -0.02615493 -0.005202531 0.03991049 -0.03328889 -0.006621539 0.03394109 -0.03914362 -0.007786095 0.02666735 -0.04349404 -0.008651494 0.01836878 -0.04617303 -0.00918436 0.009364306 -0.04707765 -0.009364306 0 -0.04617303 -0.00918436 -0.009364306 -0.04349404 -0.008651494 -0.01836878 -0.03914362 -0.007786095 -0.02666735 -0.03328889 -0.006621539 -0.03394109 -0.02615493 -0.005202531 -0.03991049 -0.0180158 -0.00358355 -0.04434621 -0.00918436 -0.001826882 -0.04707765 -0.009364306 0 0.04707765 -0.01836878 0 0.04434621 -0.02666735 0 0.03991049 -0.03394109 0 0.03394109 -0.03991049 0 0.02666735 -0.04434615 0 0.01836878 -0.04707765 0 0.009364306 -0.04799997 0 0 -0.04707765 0 -0.009364306 -0.04434615 0 -0.01836878 -0.03991049 0 -0.02666735 -0.03394109 0 -0.03394109 -0.02666735 0 -0.03991049 -0.01836878 0 -0.04434621 -0.009364306 0 -0.04707765 -0.00918436 0.001826882 0.04707765 -0.0180158 0.00358355 0.04434621 -0.02615493 0.005202531 0.03991049 -0.03328889 0.006621539 0.03394109 -0.03914362 0.007786154 0.02666735 -0.04349404 0.008651494 0.01836878 -0.04617303 0.00918436 0.009364306 -0.04707765 0.009364306 0 -0.04617303 0.00918436 -0.009364306 -0.04349404 0.008651494 -0.01836878 -0.03914362 0.007786154 -0.02666735 -0.03328889 0.006621539 -0.03394109 -0.02615493 0.005202531 -0.03991049 -0.0180158 0.00358355 -0.04434621 -0.00918436 0.001826882 -0.04707765 -0.008651494 0.00358355 0.04707765 -0.01697051 0.007029414 0.04434621 -0.0246374 0.01020514 0.03991049 -0.03135746 0.01298868 0.03394109 -0.0368725 0.01527309 0.02666735 -0.0409705 0.01697051 0.01836878 -0.04349404 0.0180158 0.009364306 -0.04434615 0.01836878 0 -0.04349404 0.0180158 -0.009364306 -0.0409705 0.01697051 -0.01836878 -0.0368725 0.01527309 -0.02666735 -0.03135746 0.01298868 -0.03394109 -0.0246374 0.01020514 -0.03991049 -0.01697051 0.007029414 -0.04434621 -0.008651494 0.00358355 -0.04707765 -0.007786095 0.005202531 0.04707765 -0.01527303 0.01020514 0.04434621 -0.02217304 0.01481556 0.03991049 -0.02822095 0.01885664 0.03394109 -0.03318434 0.02217304 0.02666735 -0.03687244 0.0246374 0.01836878 -0.03914362 0.02615493 0.009364306 -0.03991049 0.02666735 0 -0.03914362 0.02615493 -0.009364306 -0.03687244 0.0246374 -0.01836878 -0.03318434 0.02217304 -0.02666735 -0.02822095 0.01885664 -0.03394109 -0.02217304 0.01481556 -0.03991049 -0.01527303 0.01020514 -0.04434621 -0.007786095 0.005202531 -0.04707765 -0.006621539 0.006621539 0.04707765 -0.01298868 0.01298868 0.04434621 -0.01885664 0.01885664 0.03991049 -0.02399992 0.02399992 0.03394109 -0.02822095 0.02822095 0.02666735 -0.03135746 0.03135746 0.01836878 -0.03328889 0.03328889 0.009364306 -0.03394109 0.03394109 0 -0.03328889 0.03328889 -0.009364306 -0.03135746 0.03135746 -0.01836878 -0.02822095 0.02822095 -0.02666735 -0.02399992 0.02399992 -0.03394109 -0.01885664 0.01885664 -0.03991049 -0.01298868 0.01298868 -0.04434621 -0.006621539 0.006621539 -0.04707765 -0.005202531 0.007786154 0.04707765 -0.01020514 0.01527309 0.04434621 -0.01481556 0.0221731 0.03991049 -0.01885664 0.02822095 0.03394109 -0.02217304 0.03318434 0.02666735 -0.0246374 0.0368725 0.01836878 -0.02615493 0.03914362 0.009364306 -0.02666729 0.03991049 0 -0.02615493 0.03914362 -0.009364306 -0.0246374 0.0368725 -0.01836878 -0.02217304 0.03318434 -0.02666735 -0.01885664 0.02822095 -0.03394109 -0.01481556 0.0221731 -0.03991049 -0.01020514 0.01527309 -0.04434621 -0.005202531 0.007786154 -0.04707765 -0.00358355 0.008651494 0.04707765 -0.007029414 0.01697051 0.04434621 -0.01020514 0.0246374 0.03991049 -0.01298868 0.03135746 0.03394109 -0.01527309 0.0368725 0.02666735 -0.01697051 0.0409705 0.01836878 -0.0180158 0.04349404 0.009364306 -0.01836878 0.04434615 0 -0.0180158 0.04349404 -0.009364306 -0.01697051 0.0409705 -0.01836878 -0.01527309 0.0368725 -0.02666735 -0.01298868 0.03135746 -0.03394109 -0.01020514 0.0246374 -0.03991049 -0.007029414 0.01697051 -0.04434621 -0.00358355 0.008651494 -0.04707765 -0.001826882 0.00918436 0.04707765 -0.00358355 0.0180158 0.04434621 -0.005202531 0.02615493 0.03991049 -0.006621539 0.03328889 0.03394109 -0.007786095 0.03914362 0.02666735 -0.008651494 0.04349404 0.01836878 -0.00918436 0.04617303 0.009364306 -0.009364306 0.04707765 0 -0.00918436 0.04617303 -0.009364306 -0.008651494 0.04349404 -0.01836878 -0.007786095 0.03914362 -0.02666735 -0.006621539 0.03328889 -0.03394109 -0.005202531 0.02615493 -0.03991049 -0.00358355 0.0180158 -0.04434621 -0.001826882 0.00918436 -0.04707765 0 0.01836878 0.04434621 0 0.03991049 0.02666735 0 0.04707759 0.009364306 0 0.04434615 -0.01836878 0 0.03991049 -0.02666735 0 0.01836878 -0.04434621 0 0.009364306 -0.04707765</float_array>
          <technique_common>
            <accessor source="#Sphere-mesh-positions-array" count="482" stride="3">
              <param name="X" type="float"/>
              <param name="Y" type="float"/>
              <param name="Z" type="float"/>
            </accessor>
          </technique_common>
        </source>
        <source id="Sphere-mesh-normals">
          <float_array id="Sphere-mesh-normals-array" count="2880">0.06236088 0.6331587 0.7715058 0.07591557 0.7707809 -0.6325611 0.07591259 0.7707799 0.6325628 0.06236064 0.6331588 -0.7715057 0.08653581 0.8786129 0.4696285 0.04637622 0.4708889 -0.8809727 0.09382975 0.9527187 0.2890036 0.02857762 0.2901664 -0.9565495 0.09754967 0.9904379 0.0975548 0.009653449 0.09801262 0.9951384 0.009652972 0.09801274 -0.9951384 0.09754979 0.9904383 -0.09754973 0.0285775 0.2901664 0.9565495 0.09383058 0.9527186 -0.2890036 0.04637855 0.4708896 0.8809723 0.08653295 0.8786136 -0.4696278 0.1373534 0.4527935 0.8809722 0.2562822 0.8448482 -0.4696286 0.1846858 0.6088269 0.7715057 0.2248284 0.7411589 -0.6325629 0.2248283 0.7411589 0.6325629 0.1846857 0.6088269 -0.7715056 0.2562821 0.8448482 0.4696285 0.1373536 0.4527934 -0.8809722 0.2778975 0.9161058 0.2890037 0.08463835 0.2790151 -0.9565495 0.2889002 0.9523763 0.09754973 0.02858924 0.09424608 0.9951384 0.02858924 0.09424608 -0.9951384 0.2889001 0.9523764 -0.09754979 0.08463841 0.2790151 0.9565494 0.2778978 0.9161056 -0.2890039 0.4512814 0.8442878 0.2890039 0.1374453 0.2571419 -0.9565495 0.4691486 0.8777151 0.09754979 0.04642635 0.08685767 0.9951384 0.04642635 0.08685767 -0.9951383 0.4691486 0.8777149 -0.09754973 0.1374453 0.2571418 0.9565494 0.4512814 0.8442878 -0.2890039 0.2230498 0.4172969 0.8809723 0.4161796 0.7786162 -0.4696289 0.2999133 0.5610981 0.7715056 0.3651012 0.6830561 -0.6325627 0.3651014 0.6830558 0.6325629 0.2999132 0.5610982 -0.7715056 0.4161794 0.7786166 0.4696286 0.2230499 0.4172968 -0.8809723 0.560083 0.6824632 -0.4696285 0.4036153 0.4918066 0.7715056 0.4913435 0.5987036 -0.6325626 0.4913434 0.5987037 0.6325627 0.4036153 0.4918066 -0.7715056 0.5600833 0.6824628 0.4696288 0.3001747 0.3657636 -0.8809722 0.6073225 0.7400245 0.2890038 0.1849702 0.2253867 -0.9565495 0.6313675 0.7693238 0.09754997 0.06247943 0.07613134 0.9951384 0.06247943 0.07613134 -0.9951383 0.6313677 0.7693237 -0.09754985 0.1849702 0.2253867 0.9565494 0.6073227 0.7400242 -0.2890042 0.3001746 0.3657637 0.8809723 0.2253868 0.1849702 -0.9565495 0.769324 0.6313673 0.09754967 0.0761314 0.06247943 0.9951384 0.0761314 0.06247937 -0.9951384 0.7693238 0.6313676 -0.09755009 0.2253868 0.1849701 0.9565494 0.7400245 0.6073223 -0.2890041 0.3657637 0.3001745 0.8809723 0.6824632 0.560083 -0.4696285 0.4918067 0.4036152 0.7715055 0.5987037 0.4913433 -0.6325627 0.5987037 0.4913434 0.6325628 0.4918066 0.4036153 -0.7715057 0.6824633 0.560083 0.4696284 0.3657637 0.3001744 -0.8809723 0.7400245 0.6073222 0.2890041 0.5610982 0.2999132 0.7715057 0.6830561 0.365101 -0.6325627 0.683056 0.3651011 0.6325629 0.5610982 0.2999132 -0.7715056 0.7786169 0.4161791 0.4696282 0.4172968 0.2230498 -0.8809723 0.8442878 0.4512813 0.289004 0.257142 0.1374452 -0.9565495 0.8777152 0.4691482 0.09754943 0.08685767 0.04642635 0.9951384 0.08685767 0.04642635 -0.9951384 0.8777151 0.4691486 -0.09754979 0.257142 0.1374452 0.9565494 0.8442879 0.4512809 -0.2890043 0.4172968 0.2230497 0.8809723 0.7786167 0.4161794 -0.4696285 0.9523764 0.2889002 0.09754967 0.09424608 0.02858918 0.9951383 0.09424608 0.02858918 -0.9951384 0.9523764 0.2889001 -0.09754955 0.2790153 0.08463817 0.9565494 0.9161056 0.2778974 -0.2890043 0.4527934 0.1373532 0.8809723 0.8448486 0.2562814 -0.4696282 0.6088271 0.1846855 0.7715056 0.7411592 0.224828 -0.6325626 0.7411591 0.2248277 0.6325629 0.6088271 0.1846854 -0.7715057 0.8448484 0.2562817 0.4696284 0.4527935 0.1373531 -0.8809723 0.9161057 0.2778975 0.2890042 0.2790153 0.08463829 -0.9565495 0.7707798 0.07591497 -0.6325625 0.7707798 0.0759148 0.6325626 0.633159 0.0623607 -0.7715055 0.8786129 0.08653551 0.4696286 0.4708893 0.04637819 -0.8809724 0.952718 0.09383428 0.2890042 0.2901663 0.02857881 -0.9565495 0.9904384 0.09754931 0.09754967 0.09801268 0.009653389 0.9951384 0.09801268 0.009653329 -0.9951384 0.9904384 0.09754937 -0.09754973 0.2901662 0.02857863 0.9565494 0.952718 0.09383416 -0.2890043 0.4708894 0.04637855 0.8809723 0.878613 0.08653539 -0.4696285 0.6331589 0.06236058 0.7715056 0.09801268 -0.009653389 -0.9951383 0.9904384 -0.09754985 -0.09754973 0.2901662 -0.02857893 0.9565494 0.952718 -0.09383457 -0.289004 0.4708893 -0.04637855 0.8809724 0.8786128 -0.08653581 -0.4696285 0.633159 -0.06236094 0.7715056 0.7707798 -0.07591545 -0.6325625 0.7707799 -0.07591515 0.6325625 0.6331591 -0.0623607 -0.7715055 0.8786128 -0.08653587 0.4696286 0.4708892 -0.04637867 -0.8809725 0.952718 -0.09383469 0.2890042 0.2901662 -0.02857893 -0.9565494 0.9904384 -0.09754973 0.09754985 0.09801268 -0.009653389 0.9951383 0.6088272 -0.1846858 -0.7715054 0.8448481 -0.2562821 0.4696286 0.4527931 -0.1373536 -0.8809725 0.9161057 -0.2778976 0.289004 0.2790153 -0.08463847 -0.9565494 0.9523762 -0.2889007 0.09754943 0.09424608 -0.0285893 0.9951383 0.09424608 -0.02858924 -0.9951383 0.9523764 -0.2889002 -0.09754991 0.2790153 -0.08463853 0.9565494 0.9161055 -0.2778978 -0.2890042 0.4527933 -0.1373534 0.8809724 0.8448482 -0.2562823 -0.4696286 0.6088271 -0.184686 0.7715054 0.7411589 -0.2248284 -0.6325627 0.741159 -0.2248284 0.6325626 0.257142 -0.1374455 0.9565494 0.8442876 -0.4512814 -0.2890041 0.4172965 -0.2230498 0.8809725 0.7786164 -0.4161795 -0.4696287 0.5610983 -0.2999135 0.7715054 0.683056 -0.3651013 -0.6325626 0.683056 -0.3651013 0.6325626 0.5610983 -0.2999135 -0.7715054 0.7786164 -0.4161794 0.4696287 0.4172964 -0.2230499 -0.8809725 0.8442878 -0.4512814 0.289004 0.2571421 -0.1374454 -0.9565494 0.877715 -0.4691487 0.09754949 0.08685767 -0.04642641 0.9951384 0.08685767 -0.04642641 -0.9951384 0.8777149 -0.4691486 -0.09754955 0.6824629 -0.5600831 0.4696288 0.3657634 -0.3001745 -0.8809724 0.7400245 -0.6073225 0.289004 0.2253869 -0.1849703 -0.9565494 0.7693235 -0.6313679 0.09754937 0.0761314 -0.06247943 0.9951383 0.0761314 -0.06247943 -0.9951384 0.7693236 -0.6313678 -0.09754955 0.2253868 -0.1849703 0.9565494 0.7400243 -0.6073225 -0.289004 0.3657634 -0.3001745 0.8809724 0.682463 -0.560083 -0.4696288 0.4918069 -0.4036155 0.7715054 0.5987037 -0.4913434 -0.6325625 0.5987037 -0.4913436 0.6325626 0.4918068 -0.4036156 -0.7715054 0.607322 -0.7400248 -0.2890039 0.3001743 -0.3657636 0.8809724 0.5600829 -0.6824632 -0.4696289 0.4036152 -0.4918069 0.7715054 0.4913433 -0.5987039 -0.6325626 0.4913433 -0.5987039 0.6325625 0.4036154 -0.4918069 -0.7715054 0.5600827 -0.6824634 0.4696287 0.3001741 -0.3657636 -0.8809725 0.6073222 -0.7400247 0.2890038 0.1849702 -0.225387 -0.9565494 0.6313674 -0.769324 0.09754943 0.06247943 -0.0761314 0.9951383 0.06247937 -0.07613146 -0.9951384 0.6313674 -0.769324 -0.09754949 0.1849702 -0.225387 0.9565495 0.2230494 -0.4172967 -0.8809725 0.4512811 -0.8442879 0.2890038 0.1374453 -0.2571421 -0.9565494 0.4691483 -0.8777152 0.09754961 0.04642635 -0.08685773 0.9951384 0.04642641 -0.08685773 -0.9951383 0.4691483 -0.8777152 -0.09754961 0.1374452 -0.2571422 0.9565494 0.4512807 -0.8442881 -0.2890041 0.2230495 -0.4172967 0.8809725 0.4161791 -0.7786167 -0.4696287 0.2999132 -0.5610985 0.7715054 0.3651009 -0.6830562 -0.6325627 0.365101 -0.6830563 0.6325626 0.2999132 -0.5610985 -0.7715054 0.4161788 -0.7786169 0.4696285 0.1373531 -0.4527932 0.8809724 0.2562819 -0.8448483 -0.4696285 0.1846857 -0.6088273 0.7715055 0.2248281 -0.7411592 -0.6325626 0.2248281 -0.7411592 0.6325626 0.1846855 -0.6088272 -0.7715055 0.2562815 -0.8448486 0.4696282 0.1373534 -0.4527933 -0.8809724 0.2778976 -0.9161057 0.2890039 0.08463835 -0.2790155 -0.9565494 0.2888999 -0.9523765 0.09754949 0.02858924 -0.09424608 0.9951384 0.02858918 -0.09424608 -0.9951384 0.2889001 -0.9523764 -0.09754979 0.08463835 -0.2790154 0.9565494 0.2778971 -0.9161058 -0.2890043 0.09383434 -0.9527181 0.2890042 0.02857869 -0.2901664 -0.9565494 0.09754937 -0.9904384 0.09754961 0.009653329 -0.09801268 0.9951384 0.009653329 -0.09801268 -0.9951384 0.09754943 -0.9904384 -0.09754973 0.02857869 -0.2901664 0.9565494 0.09383422 -0.952718 -0.2890043 0.04637837 -0.4708893 0.8809724 0.08653539 -0.8786131 -0.4696283 0.06236028 -0.6331592 0.7715055 0.07591462 -0.7707797 -0.6325628 0.0759148 -0.7707798 0.6325627 0.06236052 -0.6331593 -0.7715054 0.08653551 -0.8786131 0.4696282 0.04637825 -0.4708892 -0.8809724 -0.08653581 -0.878613 -0.4696282 -0.062361 -0.6331592 0.7715053 -0.07591545 -0.7707796 -0.6325627 -0.07591515 -0.7707797 0.6325628 -0.06236076 -0.6331594 -0.7715053 -0.08653593 -0.8786131 0.4696282 -0.04637849 -0.4708892 -0.8809724 -0.09383469 -0.952718 0.2890042 -0.02857893 -0.2901664 -0.9565494 -0.09754973 -0.9904384 0.09754991 -0.009653389 -0.09801268 0.9951383 -0.009653389 -0.09801268 -0.9951383 -0.09754985 -0.9904383 -0.09754979 -0.02857887 -0.2901664 0.9565494 -0.09383463 -0.9527181 -0.289004 -0.04637855 -0.4708893 0.8809725 -0.08463859 -0.2790154 -0.9565494 -0.2889007 -0.9523762 0.09754961 -0.0285893 -0.09424608 0.9951383 -0.02858924 -0.09424608 -0.9951383 -0.2889002 -0.9523763 -0.09755009 -0.08463859 -0.2790154 0.9565494 -0.277898 -0.9161056 -0.2890042 -0.1373534 -0.4527932 0.8809724 -0.2562823 -0.8448483 -0.4696283 -0.1846861 -0.6088273 0.7715052 -0.2248285 -0.7411588 -0.6325629 -0.2248284 -0.7411588 0.6325629 -0.1846859 -0.6088276 -0.7715051 -0.2562823 -0.8448484 0.4696282 -0.1373536 -0.452793 -0.8809725 -0.2778977 -0.9161057 0.2890039 -0.3651012 -0.6830556 -0.6325631 -0.365101 -0.6830559 0.6325629 -0.2999138 -0.5610985 -0.7715051 -0.4161797 -0.7786168 0.469628 -0.2230497 -0.4172967 -0.8809723 -0.4512815 -0.8442877 0.289004 -0.1374454 -0.2571421 -0.9565494 -0.4691487 -0.8777149 0.09754985 -0.04642641 -0.08685767 0.9951384 -0.04642641 -0.08685773 -0.9951384 -0.4691488 -0.8777149 -0.09754985 -0.1374453 -0.2571421 0.9565494 -0.4512816 -0.8442876 -0.289004 -0.2230499 -0.4172965 0.8809724 -0.4161793 -0.7786168 -0.4696283 -0.2999137 -0.5610986 0.7715052 -0.06247943 -0.0761314 0.9951384 -0.06247943 -0.0761314 -0.9951383 -0.6313678 -0.7693235 -0.09755003 -0.1849703 -0.2253868 0.9565494 -0.6073225 -0.7400245 -0.2890037 -0.3001746 -0.3657635 0.8809723 -0.5600832 -0.6824634 -0.469628 -0.4036157 -0.4918069 0.7715052 -0.4913433 -0.5987033 -0.6325632 -0.4913432 -0.5987035 0.6325631 -0.4036158 -0.4918069 -0.7715052 -0.5600833 -0.6824634 0.4696279 -0.3001746 -0.3657634 -0.8809724 -0.6073226 -0.7400243 0.2890039 -0.1849703 -0.2253869 -0.9565494 -0.631368 -0.7693234 0.09754991 -0.5987036 -0.491343 0.6325631 -0.4918071 -0.4036155 -0.7715052 -0.6824635 -0.5600831 0.469628 -0.3657637 -0.3001742 -0.8809724 -0.7400247 -0.6073223 0.2890036 -0.225387 -0.1849703 -0.9565494 -0.769324 -0.6313673 0.09754985 -0.07613146 -0.06247943 0.9951383 -0.07613146 -0.06247943 -0.9951384 -0.7693238 -0.6313675 -0.09755015 -0.225387 -0.1849702 0.9565495 -0.7400246 -0.6073223 -0.2890036 -0.3657637 -0.3001744 0.8809723 -0.6824635 -0.5600831 -0.4696279 -0.4918072 -0.4036155 0.7715052 -0.5987035 -0.491343 -0.6325632 -0.8777151 -0.4691483 -0.09755003 -0.2571422 -0.1374452 0.9565494 -0.844288 -0.4512812 -0.2890035 -0.4172967 -0.2230496 0.8809723 -0.778617 -0.4161792 -0.469628 -0.5610987 -0.2999134 0.7715052 -0.6830559 -0.3651008 -0.6325631 -0.6830559 -0.3651008 0.6325631 -0.5610987 -0.2999134 -0.7715052 -0.778617 -0.4161793 0.4696281 -0.4172967 -0.2230495 -0.8809724 -0.844288 -0.4512812 0.2890035 -0.2571422 -0.1374452 -0.9565494 -0.8777151 -0.4691484 0.09755009 -0.08685773 -0.04642635 0.9951383 -0.08685773 -0.04642641 -0.9951384 -0.6088275 -0.1846857 -0.7715052 -0.8448488 -0.2562816 0.4696279 -0.4527933 -0.1373532 -0.8809724 -0.9161059 -0.2778973 0.2890034 -0.2790155 -0.08463841 -0.9565494 -0.9523764 -0.2888999 0.09755033 -0.09424614 -0.02858924 0.9951384 -0.09424614 -0.02858924 -0.9951383 -0.9523764 -0.2888998 -0.09755027 -0.2790155 -0.08463829 0.9565494 -0.916106 -0.2778972 -0.2890035 -0.4527933 -0.1373532 0.8809723 -0.8448485 -0.2562819 -0.4696282 -0.6088277 -0.1846855 0.7715051 -0.7411588 -0.2248276 -0.6325633 -0.7411588 -0.224828 0.632563 -0.2901664 -0.02857881 0.9565494 -0.9527183 -0.09383428 -0.2890035 -0.4708893 -0.04637837 0.8809725 -0.8786132 -0.08653545 -0.4696279 -0.6331596 -0.06236034 0.7715051 -0.7707793 -0.07591456 -0.6325633 -0.7707793 -0.07591474 0.6325632 -0.6331595 -0.06236058 -0.7715051 -0.8786132 -0.08653557 0.4696278 -0.4708893 -0.04637849 -0.8809724 -0.9527183 -0.0938344 0.2890034 -0.2901664 -0.02857863 -0.9565494 -0.9904382 -0.09754937 0.09755039 -0.09801268 -0.00965327 0.9951383 -0.09801268 -0.009653329 -0.9951383 -0.9904383 -0.09754943 -0.09755051 -0.8786132 0.08653593 0.4696279 -0.4708893 0.04637849 -0.8809723 -0.9527183 0.09383475 0.2890034 -0.2901664 0.02857893 -0.9565494 -0.9904382 0.09755015 0.09755027 -0.09801268 0.009653389 0.9951383 -0.09801274 0.009653389 -0.9951384 -0.9904383 0.09754985 -0.09755057 -0.2901664 0.02857887 0.9565494 -0.9527183 0.09383463 -0.2890033 -0.4708893 0.04637855 0.8809724 -0.8786131 0.08653587 -0.4696279 -0.6331596 0.0623607 0.7715051 -0.7707793 0.07591497 -0.6325631 -0.7707793 0.07591515 0.6325632 -0.6331597 0.06236082 -0.7715051 -0.9161058 0.277898 -0.2890035 -0.4527933 0.1373534 0.8809723 -0.8448484 0.2562825 -0.4696279 -0.6088277 0.1846862 0.771505 -0.7411587 0.2248284 -0.6325631 -0.7411587 0.2248284 0.6325631 -0.6088275 0.1846859 -0.7715051 -0.8448485 0.2562823 0.4696279 -0.4527933 0.1373534 -0.8809723 -0.9161059 0.2778978 0.2890033 -0.2790154 0.08463841 -0.9565494 -0.9523761 0.2889007 0.09755003 -0.09424614 0.02858924 0.9951384 -0.09424614 0.02858924 -0.9951384 -0.9523763 0.2889003 -0.09755045 -0.2790154 0.08463847 0.9565494 -0.4172968 0.2230497 -0.8809724 -0.8442879 0.4512814 0.2890034 -0.2571421 0.1374453 -0.9565494 -0.8777148 0.4691488 0.09754985 -0.08685773 0.04642647 0.9951384 -0.08685773 0.04642641 -0.9951384 -0.8777151 0.4691485 -0.09755015 -0.2571421 0.1374453 0.9565494 -0.8442876 0.4512818 -0.2890038 -0.4172967 0.2230498 0.8809724 -0.7786169 0.4161794 -0.4696279 -0.5610988 0.299914 0.771505 -0.6830555 0.3651013 -0.6325634 -0.6830558 0.365101 0.632563 -0.5610988 0.2999137 -0.7715051 -0.7786169 0.41618 0.4696276 -0.6824635 0.5600835 -0.4696276 -0.4918072 0.4036161 0.7715049 -0.5987031 0.4913433 -0.6325634 -0.5987033 0.4913432 0.6325632 -0.4918072 0.403616 -0.7715049 -0.6824636 0.5600835 0.4696276 -0.3657636 0.3001745 -0.8809723 -0.7400243 0.6073228 0.2890037 -0.2253869 0.1849703 -0.9565494 -0.7693235 0.6313678 0.09755021 -0.0761314 0.06247943 0.9951384 -0.0761314 0.06247949 -0.9951384 -0.7693234 0.6313679 -0.09755003 -0.2253869 0.1849703 0.9565495 -0.7400246 0.6073226 -0.2890034 -0.3657636 0.3001746 0.8809723 -0.1849702 0.225387 -0.9565494 -0.6313673 0.7693238 0.09755039 -0.06247943 0.07613146 0.9951384 -0.06247943 0.07613146 -0.9951384 -0.6313673 0.7693239 -0.09755039 -0.1849702 0.225387 0.9565495 -0.6073224 0.7400248 -0.2890032 -0.3001744 0.3657636 0.8809723 -0.5600833 0.6824636 -0.4696276 -0.4036157 0.4918076 0.7715049 -0.4913426 0.5987033 -0.6325635 -0.491343 0.5987033 0.6325633 -0.4036158 0.4918074 -0.7715049 -0.5600833 0.6824638 0.4696276 -0.3001743 0.3657638 -0.8809723 -0.6073223 0.7400249 0.2890034 -0.2999134 0.5610993 0.7715047 -0.3651003 0.6830556 -0.6325636 -0.3651007 0.6830556 0.6325634 -0.2999136 0.5610991 -0.7715048 -0.4161794 0.778617 0.4696277 -0.2230496 0.4172968 -0.8809724 -0.4512811 0.8442882 0.2890031 -0.1374453 0.2571421 -0.9565494 -0.469148 0.8777152 0.09755051 -0.04642635 0.08685773 0.9951384 -0.04642641 0.08685773 -0.9951384 -0.4691482 0.8777152 -0.09755057 -0.1374452 0.2571421 0.9565494 -0.4512814 0.8442882 -0.2890027 -0.2230497 0.4172967 0.8809723 -0.4161794 0.7786172 -0.4696276 -0.2889 0.9523763 0.09755074 -0.02858924 0.09424608 0.9951383 -0.02858924 0.09424614 -0.9951383 -0.2889 0.9523764 -0.09755069 -0.08463829 0.2790155 0.9565494 -0.2778973 0.9161062 -0.2890028 -0.1373531 0.4527934 0.8809723 -0.256282 0.8448486 -0.4696278 -0.1846857 0.6088281 0.7715046 -0.2248275 0.7411583 -0.6325637 -0.224828 0.7411584 0.6325636 -0.1846856 0.6088282 -0.7715047 -0.2562817 0.844849 0.4696275 -0.1373531 0.4527934 -0.8809723 -0.2778975 0.9161061 0.2890027 -0.08463841 0.2790154 -0.9565494 -0.07591938 0.7707782 -0.6325638 -0.07591491 0.770781 0.6325611 -0.06236225 0.6331598 -0.7715048 -0.08653926 0.8786115 0.4696306 -0.04637849 0.4708893 -0.8809723 -0.09383451 0.9527196 0.2889991 -0.02857863 0.2901664 -0.9565494 -0.09755337 0.9904375 0.0975548 -0.009653747 0.09801262 0.9951384 -0.009653329 0.09801274 -0.9951384 -0.09755468 0.9904377 -0.09755092 -0.02857887 0.2901666 0.9565493 -0.09383428 0.9527185 -0.2890027 -0.04637956 0.4708887 0.8809726 -0.08653545 0.8786134 -0.4696274 -0.06236428 0.6331585 0.7715057 0.0623607 0.6331589 0.7715057 0.07591259 0.7707799 -0.6325628 0.07591557 0.7707809 0.6325612 0.06236088 0.6331587 -0.7715058 0.08653277 0.8786121 0.4696308 0.04637855 0.4708896 -0.8809723 0.09383469 0.9527195 0.2889991 0.0285775 0.2901663 -0.9565495 0.09754467 0.9904389 0.09754973 0.09754973 0.9904384 -0.09754979 0.02857893 0.2901666 0.9565493 0.09383457 0.9527171 -0.2890074 0.04637622 0.4708889 0.8809728 0.08653217 0.8786133 -0.4696283 0.1373536 0.4527934 0.8809723 0.2562821 0.8448482 -0.4696285 0.1846857 0.6088269 0.7715056 0.2248283 0.7411589 -0.6325629 0.2248284 0.7411589 0.632563 0.1846858 0.6088269 -0.7715057 0.2562822 0.8448482 0.4696286 0.1373534 0.4527935 -0.8809722 0.2778978 0.9161056 0.2890039 0.08463841 0.2790151 -0.9565494 0.2889001 0.9523764 0.09754979 0.2889002 0.9523763 -0.09754973 0.08463841 0.2790151 0.9565495 0.2778975 0.9161058 -0.2890037 0.4512814 0.8442878 0.2890039 0.1374453 0.2571418 -0.9565494 0.4691486 0.8777149 0.09754973 0.4691485 0.8777151 -0.09754979 0.1374452 0.2571419 0.9565495 0.4512814 0.8442878 -0.2890039 0.2230499 0.4172967 0.8809723 0.4161794 0.7786166 -0.4696286 0.2999132 0.5610981 0.7715057 0.3651014 0.6830558 -0.6325629 0.3651012 0.6830561 0.6325627 0.2999133 0.5610981 -0.7715055 0.4161796 0.7786163 0.4696289 0.2230498 0.4172969 -0.8809723 0.5600833 0.6824628 -0.4696288 0.4036153 0.4918066 0.7715056 0.4913433 0.5987036 -0.6325627 0.4913434 0.5987035 0.6325627 0.4036153 0.4918066 -0.7715056 0.560083 0.6824632 0.4696285 0.3001746 0.3657637 -0.8809723 0.6073227 0.7400241 0.2890042 0.1849702 0.2253867 -0.9565494 0.6313677 0.7693237 0.09754985 0.6313676 0.7693237 -0.09754997 0.1849702 0.2253867 0.9565495 0.6073225 0.7400245 -0.2890038 0.3001747 0.3657636 0.8809723 0.2253868 0.1849701 -0.9565494 0.7693238 0.6313676 0.09755003 0.769324 0.6313672 -0.09754967 0.2253868 0.1849701 0.9565495 0.7400245 0.6073222 -0.2890041 0.3657638 0.3001744 0.8809723 0.6824633 0.560083 -0.4696284 0.4918066 0.4036153 0.7715057 0.5987036 0.4913433 -0.6325627 0.5987037 0.4913433 0.6325628 0.4918067 0.4036152 -0.7715056 0.6824632 0.560083 0.4696285 0.3657637 0.3001746 -0.8809723 0.7400245 0.6073223 0.2890041 0.5610982 0.2999132 0.7715056 0.6830559 0.3651011 -0.6325629 0.6830561 0.365101 0.6325627 0.5610982 0.2999132 -0.7715057 0.7786167 0.4161794 0.4696285 0.4172968 0.2230497 -0.8809723 0.8442879 0.451281 0.2890043 0.257142 0.1374452 -0.9565494 0.8777151 0.4691486 0.09754979 0.8777153 0.4691483 -0.09754943 0.257142 0.1374452 0.9565495 0.8442878 0.4512813 -0.289004 0.4172968 0.2230497 0.8809723 0.778617 0.4161791 -0.4696282 0.9523764 0.2889001 0.09754955 0.9523763 0.2889001 -0.09754967 0.2790153 0.08463829 0.9565495 0.9161057 0.2778975 -0.2890042 0.4527935 0.1373531 0.8809723 0.8448484 0.2562817 -0.4696284 0.6088271 0.1846854 0.7715057 0.7411591 0.2248277 -0.6325629 0.7411591 0.224828 0.6325626 0.6088271 0.1846855 -0.7715056 0.8448486 0.2562814 0.4696282 0.4527935 0.1373532 -0.8809723 0.9161056 0.2778974 0.2890043 0.2790153 0.08463817 -0.9565494 0.7707798 0.0759148 -0.6325626 0.7707799 0.07591503 0.6325625 0.6331589 0.06236058 -0.7715057 0.878613 0.08653539 0.4696285 0.4708894 0.04637855 -0.8809723 0.952718 0.09383416 0.2890043 0.2901662 0.02857863 -0.9565494 0.9904384 0.09754937 0.09754973 0.9904384 0.09754931 -0.09754967 0.2901663 0.02857875 0.9565495 0.952718 0.09383428 -0.2890042 0.4708893 0.04637819 0.8809724 0.8786129 0.08653545 -0.4696285 0.633159 0.0623607 0.7715055 0.9904384 -0.09754973 -0.09754985 0.2901663 -0.02857893 0.9565494 0.952718 -0.09383469 -0.2890042 0.4708892 -0.04637867 0.8809724 0.8786128 -0.08653587 -0.4696285 0.6331591 -0.0623607 0.7715054 0.7707797 -0.07591515 -0.6325627 0.7707796 -0.07591545 0.6325627 0.6331589 -0.06236094 -0.7715055 0.8786128 -0.08653581 0.4696286 0.4708893 -0.04637855 -0.8809724 0.952718 -0.09383457 0.289004 0.2901663 -0.02857899 -0.9565494 0.9904384 -0.09754985 0.09754973 0.6088271 -0.184686 -0.7715054 0.8448481 -0.2562822 0.4696286 0.4527933 -0.1373534 -0.8809725 0.9161055 -0.2778978 0.2890042 0.2790153 -0.08463853 -0.9565494 0.9523764 -0.2889002 0.09754991 0.9523763 -0.2889006 -0.09754949 0.2790154 -0.08463847 0.9565494 0.9161057 -0.2778976 -0.289004 0.4527931 -0.1373535 0.8809725 0.8448481 -0.2562821 -0.4696287 0.6088272 -0.1846857 0.7715054 0.741159 -0.2248284 -0.6325627 0.741159 -0.2248284 0.6325627 0.2571421 -0.1374453 0.9565494 0.8442878 -0.4512814 -0.289004 0.4172964 -0.2230499 0.8809725 0.7786164 -0.4161794 -0.4696288 0.5610983 -0.2999135 0.7715054 0.683056 -0.3651013 -0.6325626 0.6830561 -0.3651013 0.6325626 0.5610983 -0.2999135 -0.7715054 0.7786164 -0.4161795 0.4696287 0.4172965 -0.2230498 -0.8809725 0.8442876 -0.4512814 0.2890041 0.257142 -0.1374455 -0.9565494 0.8777149 -0.4691486 0.09754955 0.877715 -0.4691487 -0.09754949 0.682463 -0.560083 0.4696288 0.3657634 -0.3001745 -0.8809724 0.7400244 -0.6073225 0.289004 0.2253868 -0.1849703 -0.9565494 0.7693236 -0.6313678 0.09754955 0.7693235 -0.6313679 -0.09754937 0.2253869 -0.1849703 0.9565494 0.7400245 -0.6073225 -0.289004 0.3657634 -0.3001745 0.8809725 0.682463 -0.5600831 -0.4696288 0.4918067 -0.4036155 0.7715054 0.5987037 -0.4913436 -0.6325626 0.5987038 -0.4913435 0.6325626 0.4918068 -0.4036155 -0.7715055 0.6073222 -0.7400247 -0.2890038 0.3001742 -0.3657636 0.8809725 0.5600827 -0.6824634 -0.4696287 0.4036154 -0.4918069 0.7715054 0.4913433 -0.5987039 -0.6325626 0.4913433 -0.5987039 0.6325626 0.4036152 -0.4918069 -0.7715054 0.5600828 -0.6824631 0.4696289 0.3001743 -0.3657636 -0.8809724 0.607322 -0.7400248 0.2890039 0.1849702 -0.225387 -0.9565495 0.6313674 -0.769324 0.09754949 0.6313674 -0.769324 -0.09754943 0.1849702 -0.225387 0.9565494 0.2230495 -0.4172967 -0.8809724 0.4512807 -0.8442881 0.2890041 0.1374452 -0.2571422 -0.9565494 0.4691483 -0.8777152 0.09754961 0.4691483 -0.8777152 -0.09754961 0.1374453 -0.2571422 0.9565494 0.4512811 -0.8442879 -0.2890037 0.2230494 -0.4172967 0.8809725 0.4161788 -0.7786169 -0.4696285 0.2999131 -0.5610985 0.7715055 0.365101 -0.6830563 -0.6325626 0.3651009 -0.6830562 0.6325627 0.2999132 -0.5610985 -0.7715054 0.416179 -0.7786166 0.4696287 0.1373534 -0.4527933 0.8809724 0.2562816 -0.8448486 -0.4696282 0.1846855 -0.6088272 0.7715055 0.2248281 -0.7411592 -0.6325627 0.2248281 -0.7411591 0.6325626 0.1846857 -0.6088273 -0.7715055 0.2562819 -0.8448483 0.4696285 0.1373531 -0.4527932 -0.8809724 0.2778971 -0.9161058 0.2890043 0.08463841 -0.2790154 -0.9565494 0.2889001 -0.9523764 0.09754979 0.2888999 -0.9523765 -0.09754949 0.08463835 -0.2790155 0.9565494 0.2778976 -0.9161057 -0.2890039 0.09383422 -0.952718 0.2890043 0.02857869 -0.2901664 -0.9565494 0.09754943 -0.9904384 0.09754967 0.09754937 -0.9904384 -0.09754961 0.02857875 -0.2901664 0.9565494 0.09383434 -0.9527181 -0.2890042 0.04637819 -0.4708892 0.8809724 0.08653551 -0.8786131 -0.4696282 0.06236052 -0.6331593 0.7715054 0.0759148 -0.7707798 -0.6325627 0.07591462 -0.7707797 0.6325628 0.06236028 -0.6331592 -0.7715055 0.08653539 -0.8786131 0.4696283 0.04637837 -0.4708893 -0.8809724 -0.08653587 -0.8786131 -0.4696282 -0.06236076 -0.6331594 0.7715052 -0.07591515 -0.7707794 -0.6325629 -0.07591545 -0.7707794 0.6325629 -0.062361 -0.6331592 -0.7715053 -0.08653581 -0.878613 0.4696282 -0.04637855 -0.4708893 -0.8809725 -0.09383463 -0.9527181 0.289004 -0.02857881 -0.2901664 -0.9565494 -0.09754985 -0.9904383 0.09754979 -0.09754979 -0.9904384 -0.09754991 -0.02857893 -0.2901664 0.9565494 -0.09383469 -0.952718 -0.2890042 -0.04637849 -0.4708893 0.8809724 -0.08463859 -0.2790154 -0.9565494 -0.2889002 -0.9523763 0.09755009 -0.2889007 -0.9523763 -0.09754961 -0.08463853 -0.2790154 0.9565494 -0.2778977 -0.9161057 -0.2890039 -0.1373535 -0.4527931 0.8809725 -0.2562823 -0.8448484 -0.4696282 -0.1846859 -0.6088275 0.7715051 -0.2248284 -0.7411588 -0.6325629 -0.2248284 -0.7411588 0.6325629 -0.1846861 -0.6088273 -0.7715052 -0.2562823 -0.8448483 0.4696283 -0.1373534 -0.4527932 -0.8809724 -0.277898 -0.9161056 0.2890042 -0.365101 -0.6830559 -0.6325629 -0.3651011 -0.6830556 0.6325631 -0.2999137 -0.5610985 -0.7715052 -0.4161793 -0.7786168 0.4696283 -0.2230499 -0.4172965 -0.8809724 -0.4512816 -0.8442876 0.289004 -0.1374453 -0.2571421 -0.9565494 -0.4691488 -0.8777149 0.09754985 -0.4691488 -0.8777149 -0.09754985 -0.1374454 -0.2571421 0.9565494 -0.4512815 -0.8442877 -0.289004 -0.2230497 -0.4172967 0.8809724 -0.4161797 -0.7786168 -0.469628 -0.2999138 -0.5610985 0.7715052 -0.6313679 -0.7693234 -0.09754991 -0.1849703 -0.2253869 0.9565494 -0.6073226 -0.7400243 -0.2890039 -0.3001746 -0.3657635 0.8809724 -0.5600833 -0.6824634 -0.4696279 -0.4036158 -0.4918069 0.7715051 -0.4913432 -0.5987035 -0.6325631 -0.4913433 -0.5987033 0.6325632 -0.4036157 -0.4918069 -0.7715052 -0.5600832 -0.6824634 0.469628 -0.3001746 -0.3657635 -0.8809723 -0.6073225 -0.7400245 0.2890037 -0.1849703 -0.2253868 -0.9565494 -0.6313678 -0.7693235 0.09755009 -0.5987036 -0.4913429 0.6325632 -0.4918072 -0.4036154 -0.7715052 -0.6824635 -0.5600831 0.4696279 -0.3657636 -0.3001744 -0.8809723 -0.7400246 -0.6073223 0.2890036 -0.225387 -0.1849702 -0.9565494 -0.7693238 -0.6313675 0.09755009 -0.769324 -0.6313673 -0.09754985 -0.225387 -0.1849702 0.9565494 -0.7400247 -0.6073223 -0.2890036 -0.3657637 -0.3001742 0.8809725 -0.6824635 -0.5600831 -0.469628 -0.4918071 -0.4036155 0.7715052 -0.5987036 -0.491343 -0.6325631 -0.8777151 -0.4691484 -0.09755003 -0.2571422 -0.1374452 0.9565494 -0.844288 -0.4512812 -0.2890035 -0.4172967 -0.2230496 0.8809724 -0.7786169 -0.4161793 -0.4696281 -0.5610987 -0.2999134 0.7715052 -0.6830559 -0.3651008 -0.6325631 -0.6830559 -0.3651008 0.6325632 -0.5610987 -0.2999134 -0.7715051 -0.778617 -0.4161792 0.469628 -0.4172967 -0.2230496 -0.8809723 -0.844288 -0.4512812 0.2890035 -0.2571422 -0.1374452 -0.9565494 -0.8777151 -0.4691483 0.09755003 -0.6088277 -0.1846855 -0.7715051 -0.8448485 -0.2562819 0.4696282 -0.4527933 -0.1373532 -0.8809725 -0.916106 -0.2778972 0.2890035 -0.2790155 -0.08463829 -0.9565494 -0.9523764 -0.2888998 0.09755021 -0.9523763 -0.2888999 -0.09755033 -0.2790155 -0.08463841 0.9565493 -0.9161059 -0.2778973 -0.2890034 -0.4527933 -0.1373531 0.8809724 -0.8448488 -0.2562816 -0.4696279 -0.6088275 -0.1846857 0.7715052 -0.7411588 -0.224828 -0.632563 -0.7411588 -0.2248276 0.6325633 -0.2901664 -0.02857863 0.9565494 -0.9527183 -0.0938344 -0.2890034 -0.4708893 -0.04637849 0.8809724 -0.8786132 -0.08653557 -0.4696278 -0.6331597 -0.06236058 0.771505 -0.7707793 -0.07591474 -0.6325632 -0.7707793 -0.07591462 0.6325633 -0.6331597 -0.06236034 -0.7715049 -0.8786132 -0.08653545 0.4696279 -0.4708893 -0.04637837 -0.8809725 -0.9527183 -0.09383422 0.2890035 -0.2901664 -0.02857887 -0.9565494 -0.9904383 -0.09754943 0.09755051 -0.9904382 -0.09754937 -0.09755045 -0.8786131 0.08653587 0.4696279 -0.4708893 0.04637855 -0.8809724 -0.9527183 0.09383463 0.2890033 -0.2901663 0.02857881 -0.9565494 -0.9904383 0.09754985 0.09755057 -0.9904382 0.09755015 -0.09755027 -0.2901664 0.02857893 0.9565494 -0.9527183 0.09383475 -0.2890034 -0.4708893 0.04637849 0.8809724 -0.8786132 0.08653593 -0.4696278 -0.6331597 0.06236082 0.7715051 -0.7707793 0.07591515 -0.6325632 -0.7707793 0.07591503 0.6325631 -0.6331596 0.0623607 -0.7715051 -0.9161059 0.2778978 -0.2890033 -0.4527933 0.1373534 0.8809724 -0.8448485 0.2562823 -0.4696279 -0.6088275 0.1846859 0.7715051 -0.7411587 0.2248284 -0.6325631 -0.7411586 0.2248284 0.6325632 -0.6088277 0.1846862 -0.771505 -0.8448485 0.2562824 0.469628 -0.4527933 0.1373534 -0.8809723 -0.9161058 0.277898 0.2890035 -0.2790154 0.08463847 -0.9565494 -0.9523763 0.2889003 0.09755045 -0.9523761 0.2889007 -0.09754997 -0.2790154 0.08463841 0.9565494 -0.4172967 0.2230498 -0.8809724 -0.8442876 0.4512818 0.2890039 -0.2571421 0.1374453 -0.9565494 -0.8777151 0.4691485 0.09755021 -0.8777148 0.4691488 -0.09754985 -0.257142 0.1374453 0.9565494 -0.8442879 0.4512814 -0.2890034 -0.4172967 0.2230498 0.8809723 -0.7786169 0.41618 -0.4696276 -0.5610988 0.2999137 0.7715051 -0.6830558 0.365101 -0.632563 -0.6830555 0.3651013 0.6325634 -0.5610988 0.299914 -0.771505 -0.7786169 0.4161794 0.4696279 -0.6824635 0.5600834 -0.4696276 -0.4918072 0.403616 0.7715049 -0.5987033 0.4913432 -0.6325632 -0.598703 0.4913433 0.6325634 -0.4918072 0.4036161 -0.7715049 -0.6824635 0.5600835 0.4696276 -0.3657636 0.3001746 -0.8809723 -0.7400246 0.6073226 0.2890034 -0.2253869 0.1849703 -0.9565495 -0.7693234 0.6313679 0.09755009 -0.7693235 0.6313678 -0.09755021 -0.2253868 0.1849703 0.9565494 -0.7400243 0.6073228 -0.2890037 -0.3657636 0.3001745 0.8809723 -0.1849702 0.225387 -0.9565495 -0.6313673 0.7693239 0.09755039 -0.6313673 0.7693238 -0.09755039 -0.1849702 0.225387 0.9565494 -0.6073223 0.7400249 -0.2890034 -0.3001743 0.3657638 0.8809723 -0.5600833 0.6824637 -0.4696276 -0.4036158 0.4918074 0.7715049 -0.491343 0.5987033 -0.6325633 -0.4913426 0.5987034 0.6325635 -0.4036157 0.4918076 -0.7715048 -0.5600833 0.6824636 0.4696276 -0.3001744 0.3657636 -0.8809723 -0.6073224 0.7400248 0.2890032 -0.2999136 0.5610991 0.7715048 -0.3651008 0.6830557 -0.6325634 -0.3651003 0.6830556 0.6325636 -0.2999134 0.5610993 -0.7715047 -0.4161794 0.7786172 0.4696276 -0.2230497 0.4172967 -0.8809723 -0.4512814 0.8442882 0.2890027 -0.1374452 0.2571421 -0.9565494 -0.4691482 0.8777152 0.09755057 -0.469148 0.8777152 -0.09755051 -0.1374453 0.2571421 0.9565494 -0.4512811 0.8442882 -0.2890031 -0.2230496 0.4172968 0.8809724 -0.4161795 0.778617 -0.4696277 -0.2889 0.9523764 0.09755069 -0.2889 0.9523763 -0.09755074 -0.08463841 0.2790155 0.9565493 -0.2778975 0.9161061 -0.2890027 -0.1373532 0.4527934 0.8809724 -0.2562817 0.844849 -0.4696275 -0.1846856 0.6088282 0.7715047 -0.224828 0.7411584 -0.6325636 -0.2248275 0.7411583 0.6325637 -0.1846857 0.6088281 -0.7715047 -0.256282 0.8448486 0.4696278 -0.1373531 0.4527934 -0.8809723 -0.2778973 0.9161062 0.2890028 -0.08463829 0.2790155 -0.9565494 -0.07591491 0.770781 -0.6325611 -0.07591938 0.7707782 0.6325638 -0.06236422 0.6331585 -0.7715057 -0.08653545 0.8786134 0.4696274 -0.04637956 0.4708887 -0.8809726 -0.09383845 0.9527181 0.2890028 -0.02857881 0.2901664 -0.9565494 -0.09754949 0.9904383 0.09755092 -0.09755343 0.990438 -0.09754967 -0.02858 0.2901662 0.9565494 -0.09383928 0.9527165 -0.2890074 -0.04637849 0.4708893 0.8809724 -0.08653557 0.8786134 -0.4696276 -0.06236225 0.6331598 0.7715048</float_array>
          <technique_common>
            <accessor source="#Sphere-mesh-normals-array" count="960" stride="3">
              <param name="X" type="float"/>
              <param name="Y" type="float"/>
              <param name="Z" type="float"/>
            </accessor>
          </technique_common>
        </source>
        <source id="Sphere-mesh-map-0">
          <float_array id="Sphere-mesh-map-0-array" count="5760">0.75 0.8125 0.71875 0.75 0.75 0.75 0.75 0.3124999 0.71875 0.25 0.75 0.25 0.75 0.6875001 0.71875 0.75 0.71875 0.6875 0.75 0.1875 0.71875 0.25 0.71875 0.1875 0.75 0.625 0.71875 0.6875 0.71875 0.625 0.75 0.1875 0.71875 0.125 0.75 0.1249998 0.75 0.5625001 0.71875 0.625 0.71875 0.5625 0.75 0.1249998 0.71875 0.06249994 0.75 0.06249994 0.75 0.5625001 0.71875 0.5 0.75 0.5 0.75 0.9375001 0.734375 1 0.71875 0.9375001 0.734375 0 0.75 0.06249994 0.71875 0.06249994 0.75 0.5 0.71875 0.4375 0.75 0.4375 0.75 0.8750001 0.71875 0.9375001 0.71875 0.875 0.75 0.375 0.71875 0.4375 0.71875 0.375 0.75 0.8125 0.71875 0.875 0.71875 0.8125 0.75 0.375 0.71875 0.3125 0.75 0.3124999 0.71875 0.875 0.6875 0.8125 0.71875 0.8125 0.71875 0.3125 0.6875 0.375 0.6875 0.3125 0.71875 0.8125 0.6875 0.75 0.71875 0.75 0.71875 0.25 0.6875 0.3125 0.6875 0.25 0.71875 0.75 0.6875 0.6875 0.71875 0.6875 0.71875 0.1875 0.6875 0.25 0.6875 0.1875 0.71875 0.6875 0.6875 0.625 0.71875 0.625 0.71875 0.125 0.6875 0.1875 0.6875 0.125 0.71875 0.625 0.6875 0.5625 0.71875 0.5625 0.71875 0.06249994 0.6875 0.125 0.6875 0.06249994 0.71875 0.5 0.6875 0.5625 0.6875 0.5 0.71875 0.9375001 0.703125 1 0.6875 0.9375001 0.703125 0 0.71875 0.06249994 0.6875 0.06249994 0.71875 0.5 0.6875 0.4375 0.71875 0.4375 0.71875 0.9375001 0.6875 0.875 0.71875 0.875 0.71875 0.375 0.6875 0.4375 0.6875 0.375 0.6875 0.625 0.65625 0.5625 0.6875 0.5625 0.6875 0.06249994 0.65625 0.125 0.65625 0.06249994 0.6875 0.5 0.65625 0.5625 0.65625 0.5 0.6875 0.9375001 0.671875 1 0.65625 0.9375001 0.671875 0 0.6875 0.06249994 0.65625 0.06249994 0.6875 0.5 0.65625 0.4375 0.6875 0.4375 0.6875 0.9375001 0.65625 0.875 0.6875 0.875 0.6875 0.375 0.65625 0.4375 0.65625 0.375 0.6875 0.875 0.65625 0.8125 0.6875 0.8125 0.6875 0.3125 0.65625 0.375 0.65625 0.3125 0.6875 0.75 0.65625 0.8125 0.65625 0.75 0.6875 0.25 0.65625 0.3125 0.65625 0.25 0.6875 0.75 0.65625 0.6875 0.6875 0.6875 0.6875 0.25 0.65625 0.1875 0.6875 0.1875 0.6875 0.6875 0.65625 0.625 0.6875 0.625 0.6875 0.125 0.65625 0.1875 0.65625 0.125 0.65625 0.3125 0.625 0.375 0.625 0.3125 0.65625 0.75 0.625 0.8125 0.625 0.75 0.65625 0.3125 0.625 0.25 0.65625 0.25 0.65625 0.75 0.625 0.6875 0.65625 0.6875 0.65625 0.25 0.625 0.1875 0.65625 0.1875 0.65625 0.6875 0.625 0.6250001 0.65625 0.625 0.65625 0.125 0.625 0.1875 0.625 0.125 0.65625 0.625 0.625 0.5625 0.65625 0.5625 0.65625 0.06249994 0.625 0.125 0.625 0.06249994 0.65625 0.5 0.625 0.5625 0.625 0.5 0.65625 0.9375001 0.640625 1 0.625 0.9375001 0.640625 0 0.65625 0.06249994 0.625 0.06249994 0.65625 0.5 0.625 0.4375 0.65625 0.4375 0.65625 0.9375001 0.625 0.875 0.65625 0.875 0.65625 0.375 0.625 0.4375 0.625 0.375 0.65625 0.875 0.625 0.8125 0.65625 0.8125 0.625 0.06249994 0.59375 0.125 0.59375 0.06249994 0.625 0.5 0.59375 0.5625 0.59375 0.5 0.625 0.9375001 0.609375 1 0.59375 0.9375001 0.609375 0 0.625 0.06249994 0.59375 0.06249994 0.625 0.5 0.59375 0.4375 0.625 0.4375 0.625 0.9375001 0.59375 0.875 0.625 0.875 0.625 0.375 0.59375 0.4375 0.59375 0.375 0.625 0.875 0.59375 0.8125 0.625 0.8125 0.625 0.375 0.59375 0.3125 0.625 0.3125 0.625 0.75 0.59375 0.8125 0.59375 0.75 0.625 0.3125 0.59375 0.25 0.625 0.25 0.625 0.75 0.59375 0.6875 0.625 0.6875 0.625 0.25 0.59375 0.1875 0.625 0.1875 0.625 0.6250001 0.59375 0.6875 0.59375 0.6250001 0.625 0.125 0.59375 0.1875 0.59375 0.125 0.625 0.6250001 0.59375 0.5625 0.625 0.5625 0.59375 0.75 0.5625 0.8125 0.5625 0.75 0.59375 0.3125 0.5625 0.25 0.59375 0.25 0.59375 0.6875 0.5625 0.75 0.5625 0.6875 0.59375 0.25 0.5625 0.1875 0.59375 0.1875 0.59375 0.6250001 0.5625 0.6875 0.5625 0.6250001 0.59375 0.125 0.5625 0.1875 0.5625 0.125 0.59375 0.6250001 0.5625 0.5625 0.59375 0.5625 0.59375 0.06249994 0.5625 0.125 0.5625 0.06249994 0.59375 0.5 0.5625 0.5625 0.5625 0.5 0.59375 0.9375001 0.578125 1 0.5625 0.9375001 0.578125 0 0.59375 0.06249994 0.5625 0.06249994 0.59375 0.5 0.5625 0.4375 0.59375 0.4375 0.59375 0.9375001 0.5625 0.875 0.59375 0.875 0.59375 0.375 0.5625 0.4375 0.5625 0.375 0.59375 0.875 0.5625 0.8125 0.59375 0.8125 0.59375 0.375 0.5625 0.3125 0.59375 0.3125 0.5625 0.5 0.53125 0.5625 0.53125 0.5 0.5625 0.9375001 0.546875 1 0.53125 0.9375001 0.546875 0 0.5625 0.06249994 0.53125 0.06249994 0.5625 0.5 0.53125 0.4375 0.5625 0.4375 0.5625 0.9375001 0.53125 0.875 0.5625 0.875 0.5625 0.375 0.53125 0.4375 0.53125 0.375 0.5625 0.875 0.53125 0.8125 0.5625 0.8125 0.5625 0.375 0.53125 0.3125 0.5625 0.3125 0.5625 0.8125 0.53125 0.75 0.5625 0.75 0.5625 0.25 0.53125 0.3125 0.53125 0.25 0.5625 0.75 0.53125 0.6875 0.5625 0.6875 0.5625 0.1875 0.53125 0.25 0.53125 0.1875 0.5625 0.6250001 0.53125 0.6875 0.53125 0.6250001 0.5625 0.125 0.53125 0.1875 0.53125 0.125 0.5625 0.6250001 0.53125 0.5625 0.5625 0.5625 0.5625 0.06249994 0.53125 0.125 0.53125 0.06249994 0.53125 0.25 0.5 0.3125 0.5 0.25 0.53125 0.75 0.5 0.6875001 0.53125 0.6875 0.53125 0.1875 0.5 0.25 0.5 0.1875 0.53125 0.6250001 0.5 0.6875001 0.5 0.6250001 0.53125 0.125 0.5 0.1875 0.5 0.125 0.53125 0.6250001 0.5 0.5625 0.53125 0.5625 0.53125 0.06249994 0.5 0.125 0.5 0.06249994 0.53125 0.5 0.5 0.5625 0.5 0.5 0.53125 0.9375001 0.515625 1 0.5 0.9375001 0.515625 0 0.53125 0.06249994 0.5 0.06249994 0.53125 0.5 0.5 0.4375 0.53125 0.4375 0.53125 0.9375001 0.5 0.875 0.53125 0.875 0.53125 0.375 0.5 0.4375 0.5 0.375 0.53125 0.875 0.5 0.8125 0.53125 0.8125 0.53125 0.375 0.5 0.3125 0.53125 0.3125 0.53125 0.8125 0.5 0.75 0.53125 0.75 0.484375 0 0.5 0.06249994 0.46875 0.06249994 0.5 0.5 0.46875 0.4375 0.5 0.4375 0.5 0.9375001 0.46875 0.875 0.5 0.875 0.5 0.375 0.46875 0.4375 0.46875 0.375 0.5 0.875 0.46875 0.8125 0.5 0.8125 0.5 0.375 0.46875 0.3125 0.5 0.3125 0.5 0.8125 0.46875 0.75 0.5 0.75 0.5 0.3125 0.46875 0.25 0.5 0.25 0.5 0.75 0.46875 0.6875 0.5 0.6875001 0.5 0.1875 0.46875 0.25 0.46875 0.1875 0.5 0.6250001 0.46875 0.6875 0.46875 0.6250001 0.5 0.125 0.46875 0.1875 0.46875 0.125 0.5 0.6250001 0.46875 0.5625 0.5 0.5625 0.5 0.06249994 0.46875 0.125 0.46875 0.06249994 0.5 0.5 0.46875 0.5625 0.46875 0.5 0.5 0.9375001 0.484375 1 0.46875 0.9375001 0.46875 0.1875 0.4375 0.25 0.4375 0.1875 0.46875 0.6250001 0.4375 0.6875001 0.4375 0.6250001 0.46875 0.125 0.4375 0.1875 0.4375 0.125 0.46875 0.6250001 0.4375 0.5625 0.46875 0.5625 0.46875 0.06249994 0.4375 0.125 0.4375 0.06249994 0.46875 0.5 0.4375 0.5625 0.4375 0.5 0.46875 0.9375001 0.453125 1 0.4375 0.9375001 0.453125 0 0.46875 0.06249994 0.4375 0.06249994 0.46875 0.5 0.4375 0.4375 0.46875 0.4375 0.46875 0.9375001 0.4375 0.875 0.46875 0.875 0.46875 0.375 0.4375 0.4375 0.4375 0.375 0.46875 0.875 0.4375 0.8125 0.46875 0.8125 0.46875 0.375 0.4375 0.3125 0.46875 0.3125 0.46875 0.8125 0.4375 0.7500001 0.46875 0.75 0.46875 0.25 0.4375 0.3125 0.4375 0.25 0.46875 0.75 0.4375 0.6875001 0.46875 0.6875 0.4375 0.9375001 0.40625 0.875 0.4375 0.875 0.4375 0.375 0.40625 0.4375 0.40625 0.375 0.4375 0.875 0.40625 0.8125 0.4375 0.8125 0.4375 0.375 0.40625 0.3125 0.4375 0.3125 0.4375 0.8125 0.40625 0.7500001 0.4375 0.7500001 0.4375 0.25 0.40625 0.3125 0.40625 0.25 0.4375 0.7500001 0.40625 0.6875001 0.4375 0.6875001 0.4375 0.1875 0.40625 0.25 0.40625 0.1875 0.4375 0.6250001 0.40625 0.6875001 0.40625 0.6250001 0.4375 0.125 0.40625 0.1875 0.40625 0.125 0.4375 0.6250001 0.40625 0.5625 0.4375 0.5625 0.4375 0.06249994 0.40625 0.125 0.40625 0.06249994 0.4375 0.5 0.40625 0.5625 0.40625 0.5 0.4375 0.9375001 0.421875 1 0.40625 0.9375001 0.421875 0 0.4375 0.06249994 0.40625 0.06249994 0.4375 0.5 0.40625 0.4375 0.4375 0.4375 0.40625 0.6250001 0.375 0.6875001 0.375 0.6250001 0.40625 0.125 0.375 0.1875 0.375 0.125 0.40625 0.6250001 0.375 0.5625 0.40625 0.5625 0.40625 0.06249994 0.375 0.125 0.375 0.06249994 0.40625 0.5 0.375 0.5625 0.375 0.5 0.40625 0.9375001 0.390625 1 0.375 0.9375001 0.390625 0 0.40625 0.06249994 0.375 0.06249994 0.40625 0.5 0.375 0.4375 0.40625 0.4375 0.40625 0.9375001 0.375 0.875 0.40625 0.875 0.40625 0.375 0.375 0.4375 0.375 0.375 0.40625 0.875 0.375 0.8125 0.40625 0.8125 0.40625 0.375 0.375 0.3125 0.40625 0.3125 0.40625 0.8125 0.375 0.7500001 0.40625 0.7500001 0.40625 0.25 0.375 0.3125 0.375 0.25 0.40625 0.7500001 0.375 0.6875001 0.40625 0.6875001 0.40625 0.25 0.375 0.1875 0.40625 0.1875 0.375 0.375 0.34375 0.4375 0.34375 0.375 0.375 0.875 0.34375 0.8125 0.375 0.8125 0.375 0.375 0.34375 0.3125 0.375 0.3125 0.375 0.8125 0.34375 0.7500001 0.375 0.7500001 0.375 0.25 0.34375 0.3125 0.34375 0.25 0.375 0.7500001 0.34375 0.6875001 0.375 0.6875001 0.375 0.1875 0.34375 0.25 0.34375 0.1875 0.375 0.6250001 0.34375 0.6875001 0.34375 0.6250001 0.375 0.125 0.34375 0.1875 0.34375 0.125 0.375 0.6250001 0.34375 0.5625 0.375 0.5625 0.375 0.06249994 0.34375 0.125 0.34375 0.06249994 0.375 0.5 0.34375 0.5625 0.34375 0.5 0.375 0.9375001 0.359375 1 0.34375 0.9375001 0.359375 0 0.375 0.06249994 0.34375 0.06249994 0.375 0.5 0.34375 0.4375 0.375 0.4375 0.375 0.9375001 0.34375 0.875 0.375 0.875 0.34375 0.125 0.3125 0.1875 0.3125 0.1249998 0.34375 0.6250001 0.3125 0.5625 0.34375 0.5625 0.34375 0.06249994 0.3125 0.1249998 0.3125 0.06249994 0.34375 0.5 0.3125 0.5625 0.3125 0.5 0.34375 0.9375001 0.328125 1 0.3125 0.9375001 0.328125 0 0.34375 0.06249994 0.3125 0.06249994 0.34375 0.5 0.3125 0.4375 0.34375 0.4375 0.34375 0.9375001 0.3125 0.8750001 0.34375 0.875 0.34375 0.375 0.3125 0.4375 0.3125 0.375 0.34375 0.875 0.3125 0.8125 0.34375 0.8125 0.34375 0.375 0.3125 0.3125 0.34375 0.3125 0.34375 0.8125 0.3125 0.7500001 0.34375 0.7500001 0.34375 0.25 0.3125 0.3125 0.3125 0.25 0.34375 0.7500001 0.3125 0.6875001 0.34375 0.6875001 0.34375 0.1875 0.3125 0.25 0.3125 0.1875 0.34375 0.6250001 0.3125 0.6875001 0.3125 0.6250001 0.3125 0.8750001 0.28125 0.8125 0.3125 0.8125 0.3125 0.375 0.28125 0.3125 0.3125 0.3125 0.3125 0.8125 0.28125 0.7500001 0.3125 0.7500001 0.3125 0.3125 0.28125 0.25 0.3125 0.25 0.3125 0.7500001 0.28125 0.6875001 0.3125 0.6875001 0.3125 0.1875 0.28125 0.25 0.28125 0.1875 0.3125 0.6250001 0.28125 0.6875001 0.28125 0.6250001 0.3125 0.1249998 0.28125 0.1875 0.28125 0.125 0.3125 0.6250001 0.28125 0.5625 0.3125 0.5625 0.3125 0.1249998 0.28125 0.06249994 0.3125 0.06249994 0.3125 0.5 0.28125 0.5625 0.28125 0.5 0.3125 0.9375001 0.296875 1 0.28125 0.9375001 0.296875 0 0.3125 0.06249994 0.28125 0.06249994 0.3125 0.5 0.28125 0.4375 0.3125 0.4375 0.3125 0.8750001 0.28125 0.9375001 0.28125 0.875 0.3125 0.375 0.28125 0.4375 0.28125 0.375 0.28125 0.6250001 0.25 0.5625 0.28125 0.5625 0.28125 0.06249994 0.25 0.1249998 0.25 0.06249994 0.28125 0.5 0.25 0.5625 0.25 0.5 0.28125 0.9375001 0.265625 1 0.25 0.9375001 0.265625 0 0.28125 0.06249994 0.25 0.06249994 0.28125 0.5 0.25 0.4375 0.28125 0.4375 0.28125 0.9375001 0.25 0.8750001 0.28125 0.875 0.28125 0.375 0.25 0.4375 0.25 0.375 0.28125 0.875 0.25 0.8125 0.28125 0.8125 0.28125 0.3125 0.25 0.375 0.25 0.3125 0.28125 0.8125 0.25 0.7500001 0.28125 0.7500001 0.28125 0.25 0.25 0.3125 0.25 0.2499999 0.28125 0.7500001 0.25 0.6875001 0.28125 0.6875001 0.28125 0.1875 0.25 0.2499999 0.25 0.1875 0.28125 0.6875001 0.25 0.6250001 0.28125 0.6250001 0.28125 0.125 0.25 0.1875 0.25 0.1249998 0.25 0.375 0.21875 0.3125 0.25 0.3125 0.25 0.8125 0.21875 0.7500001 0.25 0.7500001 0.25 0.3125 0.21875 0.2499999 0.25 0.2499999 0.25 0.7500001 0.21875 0.6875001 0.25 0.6875001 0.25 0.1875 0.21875 0.2499999 0.21875 0.1875 0.25 0.6250001 0.21875 0.6875001 0.21875 0.6250001 0.25 0.1875 0.21875 0.125 0.25 0.1249998 0.25 0.6250001 0.21875 0.5625001 0.25 0.5625 0.25 0.1249998 0.21875 0.06249994 0.25 0.06249994 0.25 0.5 0.21875 0.5625001 0.21875 0.5 0.25 0.9375001 0.234375 1 0.21875 0.9375001 0.234375 0 0.25 0.06249994 0.21875 0.06249994 0.25 0.5 0.21875 0.4375 0.25 0.4375 0.25 0.8750001 0.21875 0.9375001 0.21875 0.875 0.25 0.375 0.21875 0.4375 0.21875 0.375 0.25 0.8750001 0.21875 0.8125 0.25 0.8125 0.21875 0.06249994 0.1875 0.1249998 0.1875 0.06249994 0.21875 0.5 0.1875 0.5625001 0.1875 0.5 0.21875 0.9375001 0.203125 1 0.1875 0.9375001 0.203125 0 0.21875 0.06249994 0.1875 0.06249994 0.21875 0.5 0.1875 0.4375 0.21875 0.4375 0.21875 0.9375001 0.1875 0.8750001 0.21875 0.875 0.21875 0.375 0.1875 0.4375 0.1875 0.375 0.21875 0.875 0.1875 0.8125 0.21875 0.8125 0.21875 0.3125 0.1875 0.375 0.1875 0.3125 0.21875 0.8125 0.1875 0.7500001 0.21875 0.7500001 0.21875 0.2499999 0.1875 0.3125 0.1875 0.2499999 0.21875 0.7500001 0.1875 0.6875001 0.21875 0.6875001 0.21875 0.1875 0.1875 0.2499999 0.1875 0.1875 0.21875 0.6875001 0.1875 0.6250001 0.21875 0.6250001 0.21875 0.125 0.1875 0.1875 0.1875 0.1249998 0.21875 0.6250001 0.1875 0.5625001 0.21875 0.5625001 0.1875 0.2499999 0.15625 0.3125 0.15625 0.2499999 0.1875 0.7500001 0.15625 0.6875001 0.1875 0.6875001 0.1875 0.2499999 0.15625 0.1875 0.1875 0.1875 0.1875 0.6250001 0.15625 0.6875001 0.15625 0.6250001 0.1875 0.1249998 0.15625 0.1875 0.15625 0.1249998 0.1875 0.6250001 0.15625 0.5625001 0.1875 0.5625001 0.1875 0.1249998 0.15625 0.06249994 0.1875 0.06249994 0.1875 0.5 0.15625 0.5625001 0.15625 0.5 0.1875 0.9375001 0.171875 1 0.15625 0.9375001 0.171875 0 0.1875 0.06249994 0.15625 0.06249994 0.1875 0.5 0.15625 0.4375 0.1875 0.4375 0.1875 0.8750001 0.15625 0.9375001 0.15625 0.8750001 0.1875 0.375 0.15625 0.4375 0.15625 0.375 0.1875 0.8750001 0.15625 0.8125001 0.1875 0.8125 0.1875 0.375 0.15625 0.3125 0.1875 0.3125 0.1875 0.8125 0.15625 0.7500001 0.1875 0.7500001 0.15625 0.9375001 0.140625 1 0.125 0.9375001 0.140625 0 0.15625 0.06249994 0.125 0.06249994 0.15625 0.5 0.125 0.4375 0.15625 0.4375 0.15625 0.9375001 0.125 0.8750001 0.15625 0.8750001 0.15625 0.375 0.125 0.4375 0.125 0.375 0.15625 0.8750001 0.125 0.8125001 0.15625 0.8125001 0.15625 0.375 0.125 0.3125 0.15625 0.3125 0.15625 0.7500001 0.125 0.8125001 0.125 0.7500001 0.15625 0.2499999 0.125 0.3125 0.125 0.2499999 0.15625 0.7500001 0.125 0.6875001 0.15625 0.6875001 0.15625 0.2499999 0.125 0.1875 0.15625 0.1875 0.15625 0.6250001 0.125 0.6875001 0.125 0.6250001 0.15625 0.1249998 0.125 0.1875 0.125 0.1249998 0.15625 0.6250001 0.125 0.5625001 0.15625 0.5625001 0.15625 0.06249994 0.125 0.1249998 0.125 0.06249994 0.15625 0.5 0.125 0.5625001 0.125 0.5 0.125 0.7500001 0.09375 0.6875001 0.125 0.6875001 0.125 0.2499999 0.09375 0.1875 0.125 0.1875 0.125 0.6250001 0.09375 0.6875001 0.09375 0.6250001 0.125 0.1249998 0.09375 0.1875 0.09374994 0.1249998 0.125 0.6250001 0.09375 0.5625001 0.125 0.5625001 0.125 0.06249994 0.09374994 0.1249998 0.09375 0.06249994 0.125 0.5 0.09375 0.5625001 0.09375 0.5 0.125 0.9375001 0.109375 1 0.09375 0.9375001 0.109375 0 0.125 0.06249994 0.09375 0.06249994 0.125 0.5 0.09375 0.4375 0.125 0.4375 0.125 0.9375001 0.09374994 0.8750001 0.125 0.8750001 0.125 0.375 0.09375 0.4375 0.09375 0.375 0.125 0.8750001 0.09375 0.8125001 0.125 0.8125001 0.125 0.375 0.09375 0.3125 0.125 0.3125 0.125 0.7500001 0.09375 0.8125001 0.09374994 0.7500001 0.125 0.2499999 0.09375 0.3125 0.09374994 0.2499998 0.09375 0.5 0.0625 0.4375 0.09375 0.4375 0.09375 0.9375001 0.0625 0.8750001 0.09374994 0.8750001 0.09375 0.375 0.0625 0.4375 0.0625 0.375 0.09374994 0.8750001 0.0625 0.8125001 0.09375 0.8125001 0.09375 0.375 0.0625 0.3125 0.09375 0.3125 0.09374994 0.7500001 0.0625 0.8125001 0.0625 0.7500001 0.09374994 0.2499998 0.0625 0.3125 0.0625 0.2499998 0.09374994 0.7500001 0.0625 0.6875001 0.09375 0.6875001 0.09374994 0.2499998 0.0625 0.1875 0.09375 0.1875 0.09375 0.6250001 0.0625 0.6875001 0.0625 0.6250001 0.09374994 0.1249998 0.0625 0.1875 0.0625 0.1249998 0.09375 0.6250001 0.0625 0.5625001 0.09375 0.5625001 0.09375 0.06249994 0.0625 0.1249998 0.0625 0.06249994 0.09375 0.5 0.0625 0.5625001 0.0625 0.5 0.09375 0.9375001 0.078125 1 0.0625 0.9375001 0.078125 0 0.09375 0.06249994 0.0625 0.06249994 0.0625 0.2499998 0.03124994 0.1875 0.0625 0.1875 0.0625 0.6250001 0.03125 0.6875001 0.03125 0.6250001 0.0625 0.1249998 0.03124994 0.1875 0.03124994 0.1249998 0.0625 0.6250001 0.03125 0.5625001 0.0625 0.5625001 0.0625 0.1249998 0.03124994 0.06249994 0.0625 0.06249994 0.0625 0.5 0.03125 0.5625001 0.03124994 0.5 0.0625 0.9375001 0.04687494 1 0.03124994 0.9375001 0.04687494 0 0.0625 0.06249994 0.03124994 0.06249994 0.0625 0.5 0.03125 0.4375 0.0625 0.4375 0.0625 0.9375001 0.03124994 0.8750001 0.0625 0.8750001 0.0625 0.375 0.03125 0.4375 0.03125 0.375 0.0625 0.8750001 0.03124994 0.8125001 0.0625 0.8125001 0.0625 0.375 0.03125 0.3125 0.0625 0.3125 0.0625 0.7500001 0.03124994 0.8125001 0.03124994 0.7500001 0.0625 0.2499998 0.03125 0.3125 0.03124994 0.2499998 0.0625 0.7500001 0.03125 0.6875001 0.0625 0.6875001 0.03124994 0.9375001 0 0.8750001 0.03124994 0.8750001 0.03125 0.375 0 0.4375 0 0.375 0.03124994 0.8750001 0 0.8125001 0.03124994 0.8125001 0.03125 0.3125 0 0.375 0 0.3124999 0.03124994 0.8125001 0 0.7500001 0.03124994 0.7500001 0.03124994 0.2499998 0 0.3124999 0 0.2499998 0.03124994 0.7500001 0 0.6875001 0.03125 0.6875001 0.03124994 0.2499998 0 0.1875 0.03124994 0.1875 0.03125 0.6875001 0 0.6250001 0.03125 0.6250001 0.03124994 0.1249998 0 0.1875 0 0.1249998 0.03125 0.6250001 0 0.5625001 0.03125 0.5625001 0.03124994 0.06249994 0 0.1249998 0 0.06249994 0.03124994 0.5 0 0.5625001 0 0.5 0.03124994 0.9375001 0.01562494 1 0 0.9375001 0.01562494 0 0.03124994 0.06249994 0 0.06249994 0.03124994 0.5 0 0.4375 0.03125 0.4375 1 0.6250001 0.96875 0.6875001 0.96875 0.6250001 1 0.1875 0.96875 0.1249998 1 0.1249998 1 0.6250001 0.96875 0.5625001 1 0.5625001 1 0.1249998 0.96875 0.06249994 1 0.06249994 1 0.5 0.96875 0.5625001 0.96875 0.5 1 0.9375001 0.984375 1 0.96875 0.9375001 0.984375 0 1 0.06249994 0.96875 0.06249994 1 0.5 0.96875 0.4375 1 0.4375 1 0.8750001 0.96875 0.9375001 0.96875 0.8750001 1 0.375 0.96875 0.4375 0.96875 0.375 1 0.8125001 0.96875 0.8750001 0.96875 0.8125001 1 0.375 0.96875 0.3125 1 0.3124999 1 0.7500001 0.96875 0.8125001 0.96875 0.7500001 1 0.2499998 0.96875 0.3125 0.96875 0.2499998 1 0.7500001 0.96875 0.6875001 1 0.6875001 1 0.2499998 0.96875 0.1875 1 0.1875 0.96875 0.375 0.9375 0.4375 0.9375 0.375 0.96875 0.8750001 0.9375 0.8125001 0.96875 0.8125001 0.96875 0.3125 0.9375 0.375 0.9375 0.3124999 0.96875 0.7500001 0.9375 0.8125001 0.9375 0.7500001 0.96875 0.2499998 0.9375 0.3124999 0.9375 0.2499998 0.96875 0.7500001 0.9375 0.6875001 0.96875 0.6875001 0.96875 0.2499998 0.9375 0.1875 0.96875 0.1875 0.96875 0.6875001 0.9375 0.6250001 0.96875 0.6250001 0.96875 0.1249998 0.9375 0.1875 0.9375 0.1249998 0.96875 0.6250001 0.9375 0.5625001 0.96875 0.5625001 0.96875 0.1249998 0.9375 0.06249994 0.96875 0.06249994 0.96875 0.5 0.9375 0.5625001 0.9375 0.5 0.96875 0.9375001 0.953125 1 0.9375 0.9375001 0.953125 0 0.96875 0.06249994 0.9375 0.06249994 0.96875 0.5 0.9375 0.4375 0.96875 0.4375 0.96875 0.9375001 0.9375 0.8750001 0.96875 0.8750001 0.9375 0.1249998 0.90625 0.1875 0.90625 0.1249998 0.9375 0.6250001 0.90625 0.5625001 0.9375 0.5625001 0.9375 0.1249998 0.90625 0.06249994 0.9375 0.06249994 0.9375 0.5 0.90625 0.5625001 0.90625 0.5 0.9375 0.9375001 0.921875 1 0.90625 0.9375001 0.921875 0 0.9375 0.06249994 0.90625 0.06249994 0.9375 0.5 0.90625 0.4375 0.9375 0.4375 0.9375 0.9375001 0.90625 0.8750001 0.9375 0.8750001 0.9375 0.375 0.90625 0.4375 0.90625 0.375 0.9375 0.8750001 0.90625 0.8125001 0.9375 0.8125001 0.9375 0.375 0.90625 0.3124999 0.9375 0.3124999 0.9375 0.7500001 0.90625 0.8125001 0.90625 0.7500002 0.9375 0.2499998 0.90625 0.3124999 0.90625 0.2499998 0.9375 0.7500001 0.90625 0.6875001 0.9375 0.6875001 0.9375 0.2499998 0.90625 0.1875 0.9375 0.1875 0.9375 0.6250001 0.90625 0.6875001 0.90625 0.6250001 0.90625 0.375 0.875 0.3124999 0.90625 0.3124999 0.90625 0.7500002 0.875 0.8125001 0.875 0.7500002 0.90625 0.2499998 0.875 0.3124999 0.875 0.2499998 0.90625 0.7500002 0.875 0.6875001 0.90625 0.6875001 0.90625 0.2499998 0.875 0.1875 0.90625 0.1875 0.90625 0.6250001 0.875 0.6875001 0.875 0.6250001 0.90625 0.1249998 0.875 0.1875 0.875 0.1249998 0.90625 0.6250001 0.875 0.5625001 0.90625 0.5625001 0.90625 0.06249994 0.875 0.1249998 0.875 0.06249994 0.90625 0.5 0.875 0.5625001 0.875 0.5 0.90625 0.9375001 0.890625 1 0.875 0.9375001 0.890625 0 0.90625 0.06249994 0.875 0.06249994 0.90625 0.5 0.875 0.4375 0.90625 0.4375 0.90625 0.9375001 0.875 0.8750001 0.90625 0.8750001 0.90625 0.375 0.875 0.4375 0.875 0.375 0.90625 0.8750001 0.875 0.8125001 0.90625 0.8125001 0.875 0.06249994 0.84375 0.1249998 0.84375 0.06249994 0.875 0.5 0.84375 0.5625001 0.84375 0.5 0.875 0.9375001 0.859375 1 0.84375 0.9375001 0.859375 0 0.875 0.06249994 0.84375 0.06249994 0.875 0.5 0.84375 0.4375 0.875 0.4375 0.875 0.9375001 0.84375 0.8750001 0.875 0.8750001 0.875 0.375 0.84375 0.4375 0.84375 0.375 0.875 0.8125001 0.84375 0.8750001 0.84375 0.8125001 0.875 0.375 0.84375 0.3124999 0.875 0.3124999 0.875 0.7500002 0.84375 0.8125001 0.84375 0.7500002 0.875 0.2499998 0.84375 0.3124999 0.84375 0.2499998 0.875 0.7500002 0.84375 0.6875001 0.875 0.6875001 0.875 0.2499998 0.84375 0.1875 0.875 0.1875 0.875 0.6250001 0.84375 0.6875001 0.84375 0.6250001 0.875 0.1875 0.84375 0.1249998 0.875 0.1249998 0.875 0.6250001 0.84375 0.5625001 0.875 0.5625001 0.84375 0.7500002 0.8125 0.8125001 0.8125 0.7500002 0.84375 0.2499998 0.8125 0.3124999 0.8125 0.2499998 0.84375 0.7500002 0.8125 0.6875001 0.84375 0.6875001 0.84375 0.2499998 0.8125 0.1875 0.84375 0.1875 0.84375 0.6250001 0.8125 0.6875001 0.8125 0.6250001 0.84375 0.1875 0.8125 0.1249998 0.84375 0.1249998 0.84375 0.6250001 0.8125 0.5625001 0.84375 0.5625001 0.84375 0.1249998 0.8125 0.06249994 0.84375 0.06249994 0.84375 0.5 0.8125 0.5625001 0.8125 0.5 0.84375 0.9375001 0.828125 1 0.8125 0.9375001 0.828125 0 0.84375 0.06249994 0.8125 0.06249994 0.84375 0.5 0.8125 0.4375 0.84375 0.4375 0.84375 0.8750001 0.8125 0.9375001 0.8125 0.8750001 0.84375 0.375 0.8125 0.4375 0.8125 0.375 0.84375 0.8125001 0.8125 0.8750001 0.8125 0.8125001 0.84375 0.375 0.8125 0.3124999 0.84375 0.3124999 0.8125 0.5 0.78125 0.5625001 0.78125 0.5 0.8125 0.9375001 0.796875 1 0.78125 0.9375001 0.796875 0 0.8125 0.06249994 0.78125 0.06249994 0.8125 0.5 0.78125 0.4375 0.8125 0.4375 0.8125 0.9375001 0.78125 0.8750001 0.8125 0.8750001 0.8125 0.375 0.78125 0.4375 0.78125 0.375 0.8125 0.8750001 0.78125 0.8125001 0.8125 0.8125001 0.8125 0.375 0.78125 0.3124999 0.8125 0.3124999 0.8125 0.8125001 0.78125 0.7500002 0.8125 0.7500002 0.8125 0.2499998 0.78125 0.3124999 0.78125 0.2499998 0.8125 0.7500002 0.78125 0.6875001 0.8125 0.6875001 0.8125 0.2499998 0.78125 0.1875 0.8125 0.1875 0.8125 0.6250001 0.78125 0.6875001 0.78125 0.6250001 0.8125 0.1249998 0.78125 0.1875 0.78125 0.1249998 0.8125 0.6250001 0.78125 0.5625001 0.8125 0.5625001 0.8125 0.1249998 0.78125 0.06249994 0.8125 0.06249994 0.78125 0.3124999 0.75 0.25 0.78125 0.2499998 0.78125 0.6875001 0.75 0.75 0.75 0.6875001 0.78125 0.2499998 0.75 0.1875 0.78125 0.1875 0.78125 0.6250001 0.75 0.6875001 0.75 0.625 0.78125 0.1875 0.75 0.1249998 0.78125 0.1249998 0.78125 0.5625001 0.75 0.625 0.75 0.5625001 0.78125 0.06249994 0.75 0.1249998 0.75 0.06249994 0.78125 0.5 0.75 0.5625001 0.75 0.5 0.78125 0.9375001 0.765625 1 0.75 0.9375001 0.765625 0 0.78125 0.06249994 0.75 0.06249994 0.78125 0.5 0.75 0.4375 0.78125 0.4375 0.78125 0.8750001 0.75 0.9375001 0.75 0.8750001 0.78125 0.4375 0.75 0.375 0.78125 0.375 0.78125 0.8125001 0.75 0.8750001 0.75 0.8125 0.78125 0.375 0.75 0.3124999 0.78125 0.3124999 0.78125 0.7500002 0.75 0.8125 0.75 0.75 0.75 0.8125 0.71875 0.8125 0.71875 0.75 0.75 0.3124999 0.71875 0.3125 0.71875 0.25 0.75 0.6875001 0.75 0.75 0.71875 0.75 0.75 0.1875 0.75 0.25 0.71875 0.25 0.75 0.625 0.75 0.6875001 0.71875 0.6875 0.75 0.1875 0.71875 0.1875 0.71875 0.125 0.75 0.5625001 0.75 0.625 0.71875 0.625 0.75 0.1249998 0.71875 0.125 0.71875 0.06249994 0.75 0.5625001 0.71875 0.5625 0.71875 0.5 0.75 0.5 0.71875 0.5 0.71875 0.4375 0.75 0.8750001 0.75 0.9375001 0.71875 0.9375001 0.75 0.375 0.75 0.4375 0.71875 0.4375 0.75 0.8125 0.75 0.8750001 0.71875 0.875 0.75 0.375 0.71875 0.375 0.71875 0.3125 0.71875 0.875 0.6875 0.875 0.6875 0.8125 0.71875 0.3125 0.71875 0.375 0.6875 0.375 0.71875 0.8125 0.6875 0.8125 0.6875 0.75 0.71875 0.25 0.71875 0.3125 0.6875 0.3125 0.71875 0.75 0.6875 0.75 0.6875 0.6875 0.71875 0.1875 0.71875 0.25 0.6875 0.25 0.71875 0.6875 0.6875 0.6875 0.6875 0.625 0.71875 0.125 0.71875 0.1875 0.6875 0.1875 0.71875 0.625 0.6875 0.625 0.6875 0.5625 0.71875 0.06249994 0.71875 0.125 0.6875 0.125 0.71875 0.5 0.71875 0.5625 0.6875 0.5625 0.71875 0.5 0.6875 0.5 0.6875 0.4375 0.71875 0.9375001 0.6875 0.9375001 0.6875 0.875 0.71875 0.375 0.71875 0.4375 0.6875 0.4375 0.6875 0.625 0.65625 0.625 0.65625 0.5625 0.6875 0.06249994 0.6875 0.125 0.65625 0.125 0.6875 0.5 0.6875 0.5625 0.65625 0.5625 0.6875 0.5 0.65625 0.5 0.65625 0.4375 0.6875 0.9375001 0.65625 0.9375001 0.65625 0.875 0.6875 0.375 0.6875 0.4375 0.65625 0.4375 0.6875 0.875 0.65625 0.875 0.65625 0.8125 0.6875 0.3125 0.6875 0.375 0.65625 0.375 0.6875 0.75 0.6875 0.8125 0.65625 0.8125 0.6875 0.25 0.6875 0.3125 0.65625 0.3125 0.6875 0.75 0.65625 0.75 0.65625 0.6875 0.6875 0.25 0.65625 0.25 0.65625 0.1875 0.6875 0.6875 0.65625 0.6875 0.65625 0.625 0.6875 0.125 0.6875 0.1875 0.65625 0.1875 0.65625 0.3125 0.65625 0.375 0.625 0.375 0.65625 0.75 0.65625 0.8125 0.625 0.8125 0.65625 0.3125 0.625 0.3125 0.625 0.25 0.65625 0.75 0.625 0.75 0.625 0.6875 0.65625 0.25 0.625 0.25 0.625 0.1875 0.65625 0.6875 0.625 0.6875 0.625 0.6250001 0.65625 0.125 0.65625 0.1875 0.625 0.1875 0.65625 0.625 0.625 0.6250001 0.625 0.5625 0.65625 0.06249994 0.65625 0.125 0.625 0.125 0.65625 0.5 0.65625 0.5625 0.625 0.5625 0.65625 0.5 0.625 0.5 0.625 0.4375 0.65625 0.9375001 0.625 0.9375001 0.625 0.875 0.65625 0.375 0.65625 0.4375 0.625 0.4375 0.65625 0.875 0.625 0.875 0.625 0.8125 0.625 0.06249994 0.625 0.125 0.59375 0.125 0.625 0.5 0.625 0.5625 0.59375 0.5625 0.625 0.5 0.59375 0.5 0.59375 0.4375 0.625 0.9375001 0.59375 0.9375001 0.59375 0.875 0.625 0.375 0.625 0.4375 0.59375 0.4375 0.625 0.875 0.59375 0.875 0.59375 0.8125 0.625 0.375 0.59375 0.375 0.59375 0.3125 0.625 0.75 0.625 0.8125 0.59375 0.8125 0.625 0.3125 0.59375 0.3125 0.59375 0.25 0.625 0.75 0.59375 0.75 0.59375 0.6875 0.625 0.25 0.59375 0.25 0.59375 0.1875 0.625 0.6250001 0.625 0.6875 0.59375 0.6875 0.625 0.125 0.625 0.1875 0.59375 0.1875 0.625 0.6250001 0.59375 0.6250001 0.59375 0.5625 0.59375 0.75 0.59375 0.8125 0.5625 0.8125 0.59375 0.3125 0.5625 0.3125 0.5625 0.25 0.59375 0.6875 0.59375 0.75 0.5625 0.75 0.59375 0.25 0.5625 0.25 0.5625 0.1875 0.59375 0.6250001 0.59375 0.6875 0.5625 0.6875 0.59375 0.125 0.59375 0.1875 0.5625 0.1875 0.59375 0.6250001 0.5625 0.6250001 0.5625 0.5625 0.59375 0.06249994 0.59375 0.125 0.5625 0.125 0.59375 0.5 0.59375 0.5625 0.5625 0.5625 0.59375 0.5 0.5625 0.5 0.5625 0.4375 0.59375 0.9375001 0.5625 0.9375001 0.5625 0.875 0.59375 0.375 0.59375 0.4375 0.5625 0.4375 0.59375 0.875 0.5625 0.875 0.5625 0.8125 0.59375 0.375 0.5625 0.375 0.5625 0.3125 0.5625 0.5 0.5625 0.5625 0.53125 0.5625 0.5625 0.5 0.53125 0.5 0.53125 0.4375 0.5625 0.9375001 0.53125 0.9375001 0.53125 0.875 0.5625 0.375 0.5625 0.4375 0.53125 0.4375 0.5625 0.875 0.53125 0.875 0.53125 0.8125 0.5625 0.375 0.53125 0.375 0.53125 0.3125 0.5625 0.8125 0.53125 0.8125 0.53125 0.75 0.5625 0.25 0.5625 0.3125 0.53125 0.3125 0.5625 0.75 0.53125 0.75 0.53125 0.6875 0.5625 0.1875 0.5625 0.25 0.53125 0.25 0.5625 0.6250001 0.5625 0.6875 0.53125 0.6875 0.5625 0.125 0.5625 0.1875 0.53125 0.1875 0.5625 0.6250001 0.53125 0.6250001 0.53125 0.5625 0.5625 0.06249994 0.5625 0.125 0.53125 0.125 0.53125 0.25 0.53125 0.3125 0.5 0.3125 0.53125 0.75 0.5 0.75 0.5 0.6875001 0.53125 0.1875 0.53125 0.25 0.5 0.25 0.53125 0.6250001 0.53125 0.6875 0.5 0.6875001 0.53125 0.125 0.53125 0.1875 0.5 0.1875 0.53125 0.6250001 0.5 0.6250001 0.5 0.5625 0.53125 0.06249994 0.53125 0.125 0.5 0.125 0.53125 0.5 0.53125 0.5625 0.5 0.5625 0.53125 0.5 0.5 0.5 0.5 0.4375 0.53125 0.9375001 0.5 0.9375001 0.5 0.875 0.53125 0.375 0.53125 0.4375 0.5 0.4375 0.53125 0.875 0.5 0.875 0.5 0.8125 0.53125 0.375 0.5 0.375 0.5 0.3125 0.53125 0.8125 0.5 0.8125 0.5 0.75 0.5 0.5 0.46875 0.5 0.46875 0.4375 0.5 0.9375001 0.46875 0.9375001 0.46875 0.875 0.5 0.375 0.5 0.4375 0.46875 0.4375 0.5 0.875 0.46875 0.875 0.46875 0.8125 0.5 0.375 0.46875 0.375 0.46875 0.3125 0.5 0.8125 0.46875 0.8125 0.46875 0.75 0.5 0.3125 0.46875 0.3125 0.46875 0.25 0.5 0.75 0.46875 0.75 0.46875 0.6875 0.5 0.1875 0.5 0.25 0.46875 0.25 0.5 0.6250001 0.5 0.6875001 0.46875 0.6875 0.5 0.125 0.5 0.1875 0.46875 0.1875 0.5 0.6250001 0.46875 0.6250001 0.46875 0.5625 0.5 0.06249994 0.5 0.125 0.46875 0.125 0.5 0.5 0.5 0.5625 0.46875 0.5625 0.46875 0.1875 0.46875 0.25 0.4375 0.25 0.46875 0.6250001 0.46875 0.6875 0.4375 0.6875001 0.46875 0.125 0.46875 0.1875 0.4375 0.1875 0.46875 0.6250001 0.4375 0.6250001 0.4375 0.5625 0.46875 0.06249994 0.46875 0.125 0.4375 0.125 0.46875 0.5 0.46875 0.5625 0.4375 0.5625 0.46875 0.5 0.4375 0.5 0.4375 0.4375 0.46875 0.9375001 0.4375 0.9375001 0.4375 0.875 0.46875 0.375 0.46875 0.4375 0.4375 0.4375 0.46875 0.875 0.4375 0.875 0.4375 0.8125 0.46875 0.375 0.4375 0.375 0.4375 0.3125 0.46875 0.8125 0.4375 0.8125 0.4375 0.7500001 0.46875 0.25 0.46875 0.3125 0.4375 0.3125 0.46875 0.75 0.4375 0.7500001 0.4375 0.6875001 0.4375 0.9375001 0.40625 0.9375001 0.40625 0.875 0.4375 0.375 0.4375 0.4375 0.40625 0.4375 0.4375 0.875 0.40625 0.875 0.40625 0.8125 0.4375 0.375 0.40625 0.375 0.40625 0.3125 0.4375 0.8125 0.40625 0.8125 0.40625 0.7500001 0.4375 0.25 0.4375 0.3125 0.40625 0.3125 0.4375 0.7500001 0.40625 0.7500001 0.40625 0.6875001 0.4375 0.1875 0.4375 0.25 0.40625 0.25 0.4375 0.6250001 0.4375 0.6875001 0.40625 0.6875001 0.4375 0.125 0.4375 0.1875 0.40625 0.1875 0.4375 0.6250001 0.40625 0.6250001 0.40625 0.5625 0.4375 0.06249994 0.4375 0.125 0.40625 0.125 0.4375 0.5 0.4375 0.5625 0.40625 0.5625 0.4375 0.5 0.40625 0.5 0.40625 0.4375 0.40625 0.6250001 0.40625 0.6875001 0.375 0.6875001 0.40625 0.125 0.40625 0.1875 0.375 0.1875 0.40625 0.6250001 0.375 0.6250001 0.375 0.5625 0.40625 0.06249994 0.40625 0.125 0.375 0.125 0.40625 0.5 0.40625 0.5625 0.375 0.5625 0.40625 0.5 0.375 0.5 0.375 0.4375 0.40625 0.9375001 0.375 0.9375001 0.375 0.875 0.40625 0.375 0.40625 0.4375 0.375 0.4375 0.40625 0.875 0.375 0.875 0.375 0.8125 0.40625 0.375 0.375 0.375 0.375 0.3125 0.40625 0.8125 0.375 0.8125 0.375 0.7500001 0.40625 0.25 0.40625 0.3125 0.375 0.3125 0.40625 0.7500001 0.375 0.7500001 0.375 0.6875001 0.40625 0.25 0.375 0.25 0.375 0.1875 0.375 0.375 0.375 0.4375 0.34375 0.4375 0.375 0.875 0.34375 0.875 0.34375 0.8125 0.375 0.375 0.34375 0.375 0.34375 0.3125 0.375 0.8125 0.34375 0.8125 0.34375 0.7500001 0.375 0.25 0.375 0.3125 0.34375 0.3125 0.375 0.7500001 0.34375 0.7500001 0.34375 0.6875001 0.375 0.1875 0.375 0.25 0.34375 0.25 0.375 0.6250001 0.375 0.6875001 0.34375 0.6875001 0.375 0.125 0.375 0.1875 0.34375 0.1875 0.375 0.6250001 0.34375 0.6250001 0.34375 0.5625 0.375 0.06249994 0.375 0.125 0.34375 0.125 0.375 0.5 0.375 0.5625 0.34375 0.5625 0.375 0.5 0.34375 0.5 0.34375 0.4375 0.375 0.9375001 0.34375 0.9375001 0.34375 0.875 0.34375 0.125 0.34375 0.1875 0.3125 0.1875 0.34375 0.6250001 0.3125 0.6250001 0.3125 0.5625 0.34375 0.06249994 0.34375 0.125 0.3125 0.1249998 0.34375 0.5 0.34375 0.5625 0.3125 0.5625 0.34375 0.5 0.3125 0.5 0.3125 0.4375 0.34375 0.9375001 0.3125 0.9375001 0.3125 0.8750001 0.34375 0.375 0.34375 0.4375 0.3125 0.4375 0.34375 0.875 0.3125 0.8750001 0.3125 0.8125 0.34375 0.375 0.3125 0.375 0.3125 0.3125 0.34375 0.8125 0.3125 0.8125 0.3125 0.7500001 0.34375 0.25 0.34375 0.3125 0.3125 0.3125 0.34375 0.7500001 0.3125 0.7500001 0.3125 0.6875001 0.34375 0.1875 0.34375 0.25 0.3125 0.25 0.34375 0.6250001 0.34375 0.6875001 0.3125 0.6875001 0.3125 0.8750001 0.28125 0.875 0.28125 0.8125 0.3125 0.375 0.28125 0.375 0.28125 0.3125 0.3125 0.8125 0.28125 0.8125 0.28125 0.7500001 0.3125 0.3125 0.28125 0.3125 0.28125 0.25 0.3125 0.7500001 0.28125 0.7500001 0.28125 0.6875001 0.3125 0.1875 0.3125 0.25 0.28125 0.25 0.3125 0.6250001 0.3125 0.6875001 0.28125 0.6875001 0.3125 0.1249998 0.3125 0.1875 0.28125 0.1875 0.3125 0.6250001 0.28125 0.6250001 0.28125 0.5625 0.3125 0.1249998 0.28125 0.125 0.28125 0.06249994 0.3125 0.5 0.3125 0.5625 0.28125 0.5625 0.3125 0.5 0.28125 0.5 0.28125 0.4375 0.3125 0.8750001 0.3125 0.9375001 0.28125 0.9375001 0.3125 0.375 0.3125 0.4375 0.28125 0.4375 0.28125 0.6250001 0.25 0.6250001 0.25 0.5625 0.28125 0.06249994 0.28125 0.125 0.25 0.1249998 0.28125 0.5 0.28125 0.5625 0.25 0.5625 0.28125 0.5 0.25 0.5 0.25 0.4375 0.28125 0.9375001 0.25 0.9375001 0.25 0.8750001 0.28125 0.375 0.28125 0.4375 0.25 0.4375 0.28125 0.875 0.25 0.8750001 0.25 0.8125 0.28125 0.3125 0.28125 0.375 0.25 0.375 0.28125 0.8125 0.25 0.8125 0.25 0.7500001 0.28125 0.25 0.28125 0.3125 0.25 0.3125 0.28125 0.7500001 0.25 0.7500001 0.25 0.6875001 0.28125 0.1875 0.28125 0.25 0.25 0.2499999 0.28125 0.6875001 0.25 0.6875001 0.25 0.6250001 0.28125 0.125 0.28125 0.1875 0.25 0.1875 0.25 0.375 0.21875 0.375 0.21875 0.3125 0.25 0.8125 0.21875 0.8125 0.21875 0.7500001 0.25 0.3125 0.21875 0.3125 0.21875 0.2499999 0.25 0.7500001 0.21875 0.7500001 0.21875 0.6875001 0.25 0.1875 0.25 0.2499999 0.21875 0.2499999 0.25 0.6250001 0.25 0.6875001 0.21875 0.6875001 0.25 0.1875 0.21875 0.1875 0.21875 0.125 0.25 0.6250001 0.21875 0.6250001 0.21875 0.5625001 0.25 0.1249998 0.21875 0.125 0.21875 0.06249994 0.25 0.5 0.25 0.5625 0.21875 0.5625001 0.25 0.5 0.21875 0.5 0.21875 0.4375 0.25 0.8750001 0.25 0.9375001 0.21875 0.9375001 0.25 0.375 0.25 0.4375 0.21875 0.4375 0.25 0.8750001 0.21875 0.875 0.21875 0.8125 0.21875 0.06249994 0.21875 0.125 0.1875 0.1249998 0.21875 0.5 0.21875 0.5625001 0.1875 0.5625001 0.21875 0.5 0.1875 0.5 0.1875 0.4375 0.21875 0.9375001 0.1875 0.9375001 0.1875 0.8750001 0.21875 0.375 0.21875 0.4375 0.1875 0.4375 0.21875 0.875 0.1875 0.8750001 0.1875 0.8125 0.21875 0.3125 0.21875 0.375 0.1875 0.375 0.21875 0.8125 0.1875 0.8125 0.1875 0.7500001 0.21875 0.2499999 0.21875 0.3125 0.1875 0.3125 0.21875 0.7500001 0.1875 0.7500001 0.1875 0.6875001 0.21875 0.1875 0.21875 0.2499999 0.1875 0.2499999 0.21875 0.6875001 0.1875 0.6875001 0.1875 0.6250001 0.21875 0.125 0.21875 0.1875 0.1875 0.1875 0.21875 0.6250001 0.1875 0.6250001 0.1875 0.5625001 0.1875 0.2499999 0.1875 0.3125 0.15625 0.3125 0.1875 0.7500001 0.15625 0.7500001 0.15625 0.6875001 0.1875 0.2499999 0.15625 0.2499999 0.15625 0.1875 0.1875 0.6250001 0.1875 0.6875001 0.15625 0.6875001 0.1875 0.1249998 0.1875 0.1875 0.15625 0.1875 0.1875 0.6250001 0.15625 0.6250001 0.15625 0.5625001 0.1875 0.1249998 0.15625 0.1249998 0.15625 0.06249994 0.1875 0.5 0.1875 0.5625001 0.15625 0.5625001 0.1875 0.5 0.15625 0.5 0.15625 0.4375 0.1875 0.8750001 0.1875 0.9375001 0.15625 0.9375001 0.1875 0.375 0.1875 0.4375 0.15625 0.4375 0.1875 0.8750001 0.15625 0.8750001 0.15625 0.8125001 0.1875 0.375 0.15625 0.375 0.15625 0.3125 0.1875 0.8125 0.15625 0.8125001 0.15625 0.7500001 0.15625 0.5 0.125 0.5 0.125 0.4375 0.15625 0.9375001 0.125 0.9375001 0.125 0.8750001 0.15625 0.375 0.15625 0.4375 0.125 0.4375 0.15625 0.8750001 0.125 0.8750001 0.125 0.8125001 0.15625 0.375 0.125 0.375 0.125 0.3125 0.15625 0.7500001 0.15625 0.8125001 0.125 0.8125001 0.15625 0.2499999 0.15625 0.3125 0.125 0.3125 0.15625 0.7500001 0.125 0.7500001 0.125 0.6875001 0.15625 0.2499999 0.125 0.2499999 0.125 0.1875 0.15625 0.6250001 0.15625 0.6875001 0.125 0.6875001 0.15625 0.1249998 0.15625 0.1875 0.125 0.1875 0.15625 0.6250001 0.125 0.6250001 0.125 0.5625001 0.15625 0.06249994 0.15625 0.1249998 0.125 0.1249998 0.15625 0.5 0.15625 0.5625001 0.125 0.5625001 0.125 0.7500001 0.09374994 0.7500001 0.09375 0.6875001 0.125 0.2499999 0.09374994 0.2499998 0.09375 0.1875 0.125 0.6250001 0.125 0.6875001 0.09375 0.6875001 0.125 0.1249998 0.125 0.1875 0.09375 0.1875 0.125 0.6250001 0.09375 0.6250001 0.09375 0.5625001 0.125 0.06249994 0.125 0.1249998 0.09374994 0.1249998 0.125 0.5 0.125 0.5625001 0.09375 0.5625001 0.125 0.5 0.09375 0.5 0.09375 0.4375 0.125 0.9375001 0.09375 0.9375001 0.09374994 0.8750001 0.125 0.375 0.125 0.4375 0.09375 0.4375 0.125 0.8750001 0.09374994 0.8750001 0.09375 0.8125001 0.125 0.375 0.09375 0.375 0.09375 0.3125 0.125 0.7500001 0.125 0.8125001 0.09375 0.8125001 0.125 0.2499999 0.125 0.3125 0.09375 0.3125 0.09375 0.5 0.0625 0.5 0.0625 0.4375 0.09375 0.9375001 0.0625 0.9375001 0.0625 0.8750001 0.09375 0.375 0.09375 0.4375 0.0625 0.4375 0.09374994 0.8750001 0.0625 0.8750001 0.0625 0.8125001 0.09375 0.375 0.0625 0.375 0.0625 0.3125 0.09374994 0.7500001 0.09375 0.8125001 0.0625 0.8125001 0.09374994 0.2499998 0.09375 0.3125 0.0625 0.3125 0.09374994 0.7500001 0.0625 0.7500001 0.0625 0.6875001 0.09374994 0.2499998 0.0625 0.2499998 0.0625 0.1875 0.09375 0.6250001 0.09375 0.6875001 0.0625 0.6875001 0.09374994 0.1249998 0.09375 0.1875 0.0625 0.1875 0.09375 0.6250001 0.0625 0.6250001 0.0625 0.5625001 0.09375 0.06249994 0.09374994 0.1249998 0.0625 0.1249998 0.09375 0.5 0.09375 0.5625001 0.0625 0.5625001 0.0625 0.2499998 0.03124994 0.2499998 0.03124994 0.1875 0.0625 0.6250001 0.0625 0.6875001 0.03125 0.6875001 0.0625 0.1249998 0.0625 0.1875 0.03124994 0.1875 0.0625 0.6250001 0.03125 0.6250001 0.03125 0.5625001 0.0625 0.1249998 0.03124994 0.1249998 0.03124994 0.06249994 0.0625 0.5 0.0625 0.5625001 0.03125 0.5625001 0.0625 0.5 0.03124994 0.5 0.03125 0.4375 0.0625 0.9375001 0.03124994 0.9375001 0.03124994 0.8750001 0.0625 0.375 0.0625 0.4375 0.03125 0.4375 0.0625 0.8750001 0.03124994 0.8750001 0.03124994 0.8125001 0.0625 0.375 0.03125 0.375 0.03125 0.3125 0.0625 0.7500001 0.0625 0.8125001 0.03124994 0.8125001 0.0625 0.2499998 0.0625 0.3125 0.03125 0.3125 0.0625 0.7500001 0.03124994 0.7500001 0.03125 0.6875001 0.03124994 0.9375001 0 0.9375001 0 0.8750001 0.03125 0.375 0.03125 0.4375 0 0.4375 0.03124994 0.8750001 0 0.8750001 0 0.8125001 0.03125 0.3125 0.03125 0.375 0 0.375 0.03124994 0.8125001 0 0.8125001 0 0.7500001 0.03124994 0.2499998 0.03125 0.3125 0 0.3124999 0.03124994 0.7500001 0 0.7500001 0 0.6875001 0.03124994 0.2499998 0 0.2499998 0 0.1875 0.03125 0.6875001 0 0.6875001 0 0.6250001 0.03124994 0.1249998 0.03124994 0.1875 0 0.1875 0.03125 0.6250001 0 0.6250001 0 0.5625001 0.03124994 0.06249994 0.03124994 0.1249998 0 0.1249998 0.03124994 0.5 0.03125 0.5625001 0 0.5625001 0.03124994 0.5 0 0.5 0 0.4375 1 0.6250001 1 0.6875001 0.96875 0.6875001 1 0.1875 0.96875 0.1875 0.96875 0.1249998 1 0.6250001 0.96875 0.6250001 0.96875 0.5625001 1 0.1249998 0.96875 0.1249998 0.96875 0.06249994 1 0.5 1 0.5625001 0.96875 0.5625001 1 0.5 0.96875 0.5 0.96875 0.4375 1 0.8750001 1 0.9375001 0.96875 0.9375001 1 0.375 1 0.4375 0.96875 0.4375 1 0.8125001 1 0.8750001 0.96875 0.8750001 1 0.375 0.96875 0.375 0.96875 0.3125 1 0.7500001 1 0.8125001 0.96875 0.8125001 1 0.2499998 1 0.3124999 0.96875 0.3125 1 0.7500001 0.96875 0.7500001 0.96875 0.6875001 1 0.2499998 0.96875 0.2499998 0.96875 0.1875 0.96875 0.375 0.96875 0.4375 0.9375 0.4375 0.96875 0.8750001 0.9375 0.8750001 0.9375 0.8125001 0.96875 0.3125 0.96875 0.375 0.9375 0.375 0.96875 0.7500001 0.96875 0.8125001 0.9375 0.8125001 0.96875 0.2499998 0.96875 0.3125 0.9375 0.3124999 0.96875 0.7500001 0.9375 0.7500001 0.9375 0.6875001 0.96875 0.2499998 0.9375 0.2499998 0.9375 0.1875 0.96875 0.6875001 0.9375 0.6875001 0.9375 0.6250001 0.96875 0.1249998 0.96875 0.1875 0.9375 0.1875 0.96875 0.6250001 0.9375 0.6250001 0.9375 0.5625001 0.96875 0.1249998 0.9375 0.1249998 0.9375 0.06249994 0.96875 0.5 0.96875 0.5625001 0.9375 0.5625001 0.96875 0.5 0.9375 0.5 0.9375 0.4375 0.96875 0.9375001 0.9375 0.9375001 0.9375 0.8750001 0.9375 0.1249998 0.9375 0.1875 0.90625 0.1875 0.9375 0.6250001 0.90625 0.6250001 0.90625 0.5625001 0.9375 0.1249998 0.90625 0.1249998 0.90625 0.06249994 0.9375 0.5 0.9375 0.5625001 0.90625 0.5625001 0.9375 0.5 0.90625 0.5 0.90625 0.4375 0.9375 0.9375001 0.90625 0.9375001 0.90625 0.8750001 0.9375 0.375 0.9375 0.4375 0.90625 0.4375 0.9375 0.8750001 0.90625 0.8750001 0.90625 0.8125001 0.9375 0.375 0.90625 0.375 0.90625 0.3124999 0.9375 0.7500001 0.9375 0.8125001 0.90625 0.8125001 0.9375 0.2499998 0.9375 0.3124999 0.90625 0.3124999 0.9375 0.7500001 0.90625 0.7500002 0.90625 0.6875001 0.9375 0.2499998 0.90625 0.2499998 0.90625 0.1875 0.9375 0.6250001 0.9375 0.6875001 0.90625 0.6875001 0.90625 0.375 0.875 0.375 0.875 0.3124999 0.90625 0.7500002 0.90625 0.8125001 0.875 0.8125001 0.90625 0.2499998 0.90625 0.3124999 0.875 0.3124999 0.90625 0.7500002 0.875 0.7500002 0.875 0.6875001 0.90625 0.2499998 0.875 0.2499998 0.875 0.1875 0.90625 0.6250001 0.90625 0.6875001 0.875 0.6875001 0.90625 0.1249998 0.90625 0.1875 0.875 0.1875 0.90625 0.6250001 0.875 0.6250001 0.875 0.5625001 0.90625 0.06249994 0.90625 0.1249998 0.875 0.1249998 0.90625 0.5 0.90625 0.5625001 0.875 0.5625001 0.90625 0.5 0.875 0.5 0.875 0.4375 0.90625 0.9375001 0.875 0.9375001 0.875 0.8750001 0.90625 0.375 0.90625 0.4375 0.875 0.4375 0.90625 0.8750001 0.875 0.8750001 0.875 0.8125001 0.875 0.06249994 0.875 0.1249998 0.84375 0.1249998 0.875 0.5 0.875 0.5625001 0.84375 0.5625001 0.875 0.5 0.84375 0.5 0.84375 0.4375 0.875 0.9375001 0.84375 0.9375001 0.84375 0.8750001 0.875 0.375 0.875 0.4375 0.84375 0.4375 0.875 0.8125001 0.875 0.8750001 0.84375 0.8750001 0.875 0.375 0.84375 0.375 0.84375 0.3124999 0.875 0.7500002 0.875 0.8125001 0.84375 0.8125001 0.875 0.2499998 0.875 0.3124999 0.84375 0.3124999 0.875 0.7500002 0.84375 0.7500002 0.84375 0.6875001 0.875 0.2499998 0.84375 0.2499998 0.84375 0.1875 0.875 0.6250001 0.875 0.6875001 0.84375 0.6875001 0.875 0.1875 0.84375 0.1875 0.84375 0.1249998 0.875 0.6250001 0.84375 0.6250001 0.84375 0.5625001 0.84375 0.7500002 0.84375 0.8125001 0.8125 0.8125001 0.84375 0.2499998 0.84375 0.3124999 0.8125 0.3124999 0.84375 0.7500002 0.8125 0.7500002 0.8125 0.6875001 0.84375 0.2499998 0.8125 0.2499998 0.8125 0.1875 0.84375 0.6250001 0.84375 0.6875001 0.8125 0.6875001 0.84375 0.1875 0.8125 0.1875 0.8125 0.1249998 0.84375 0.6250001 0.8125 0.6250001 0.8125 0.5625001 0.84375 0.1249998 0.8125 0.1249998 0.8125 0.06249994 0.84375 0.5 0.84375 0.5625001 0.8125 0.5625001 0.84375 0.5 0.8125 0.5 0.8125 0.4375 0.84375 0.8750001 0.84375 0.9375001 0.8125 0.9375001 0.84375 0.375 0.84375 0.4375 0.8125 0.4375 0.84375 0.8125001 0.84375 0.8750001 0.8125 0.8750001 0.84375 0.375 0.8125 0.375 0.8125 0.3124999 0.8125 0.5 0.8125 0.5625001 0.78125 0.5625001 0.8125 0.5 0.78125 0.5 0.78125 0.4375 0.8125 0.9375001 0.78125 0.9375001 0.78125 0.8750001 0.8125 0.375 0.8125 0.4375 0.78125 0.4375 0.8125 0.8750001 0.78125 0.8750001 0.78125 0.8125001 0.8125 0.375 0.78125 0.375 0.78125 0.3124999 0.8125 0.8125001 0.78125 0.8125001 0.78125 0.7500002 0.8125 0.2499998 0.8125 0.3124999 0.78125 0.3124999 0.8125 0.7500002 0.78125 0.7500002 0.78125 0.6875001 0.8125 0.2499998 0.78125 0.2499998 0.78125 0.1875 0.8125 0.6250001 0.8125 0.6875001 0.78125 0.6875001 0.8125 0.1249998 0.8125 0.1875 0.78125 0.1875 0.8125 0.6250001 0.78125 0.6250001 0.78125 0.5625001 0.8125 0.1249998 0.78125 0.1249998 0.78125 0.06249994 0.78125 0.3124999 0.75 0.3124999 0.75 0.25 0.78125 0.6875001 0.78125 0.7500002 0.75 0.75 0.78125 0.2499998 0.75 0.25 0.75 0.1875 0.78125 0.6250001 0.78125 0.6875001 0.75 0.6875001 0.78125 0.1875 0.75 0.1875 0.75 0.1249998 0.78125 0.5625001 0.78125 0.6250001 0.75 0.625 0.78125 0.06249994 0.78125 0.1249998 0.75 0.1249998 0.78125 0.5 0.78125 0.5625001 0.75 0.5625001 0.78125 0.5 0.75 0.5 0.75 0.4375 0.78125 0.8750001 0.78125 0.9375001 0.75 0.9375001 0.78125 0.4375 0.75 0.4375 0.75 0.375 0.78125 0.8125001 0.78125 0.8750001 0.75 0.8750001 0.78125 0.375 0.75 0.375 0.75 0.3124999 0.78125 0.7500002 0.78125 0.8125001 0.75 0.8125</float_array>
          <technique_common>
            <accessor source="#Sphere-mesh-map-0-array" count="2880" stride="2">
              <param name="S" type="float"/>
              <param name="T" type="float"/>
            </accessor>
          </technique_common>
        </source>
        <vertices id="Sphere-mesh-vertices">
          <input semantic="POSITION" source="#Sphere-mesh-positions"/>
        </vertices>
        <triangles material="CL_post-material" count="960">
          <input semantic="VERTEX" source="#Sphere-mesh-vertices" offset="0"/>
          <input semantic="NORMAL" source="#Sphere-mesh-normals" offset="1"/>
          <input semantic="TEXCOORD" source="#Sphere-mesh-map-0" offset="2" set="0"/>
          <p>1 0 0 11 0 1 2 0 2 479 1 3 19 1 4 6 1 5 476 2 6 11 2 7 12 2 8 7 3 9 19 3 10 20 3 11 3 4 12 12 4 13 13 4 14 7 5 15 21 5 16 480 5 17 477 6 18 13 6 19 14 6 20 480 7 21 22 7 22 481 7 23 477 8 24 15 8 25 4 8 26 0 9 27 309 9 28 8 9 29 248 10 30 481 10 31 22 10 32 4 11 33 16 11 34 5 11 35 475 12 36 8 12 37 9 12 38 478 13 39 16 13 40 17 13 41 1 14 42 9 14 43 10 14 44 478 15 45 18 15 46 479 15 47 9 16 48 25 16 49 10 16 50 18 17 51 32 17 52 33 17 53 10 18 54 26 18 55 11 18 56 19 19 57 33 19 58 34 19 59 11 20 60 27 20 61 12 20 62 20 21 63 34 21 64 35 21 65 12 22 66 28 22 67 13 22 68 21 23 69 35 23 70 36 23 71 13 24 72 29 24 73 14 24 74 22 25 75 36 25 76 37 25 77 15 26 78 29 26 79 30 26 80 8 27 81 309 27 82 23 27 83 248 28 84 22 28 85 37 28 86 15 29 87 31 29 88 16 29 89 8 30 90 24 30 91 9 30 92 17 31 93 31 31 94 32 31 95 28 32 96 44 32 97 29 32 98 37 33 99 51 33 100 52 33 101 30 34 102 44 34 103 45 34 104 23 35 105 309 35 106 38 35 107 248 36 108 37 36 109 52 36 110 30 37 111 46 37 112 31 37 113 23 38 114 39 38 115 24 38 116 32 39 117 46 39 118 47 39 119 24 40 120 40 40 121 25 40 122 33 41 123 47 41 124 48 41 125 26 42 126 40 42 127 41 42 128 34 43 129 48 43 130 49 43 131 26 44 132 42 44 133 27 44 134 34 45 135 50 45 136 35 45 137 27 46 138 43 46 139 28 46 140 36 47 141 50 47 142 51 47 143 48 48 144 62 48 145 63 48 146 41 49 147 55 49 148 56 49 149 48 50 150 64 50 151 49 50 152 41 51 153 57 51 154 42 51 155 49 52 156 65 52 157 50 52 158 42 53 159 58 53 160 43 53 161 51 54 162 65 54 163 66 54 164 43 55 165 59 55 166 44 55 167 52 56 168 66 56 169 67 56 170 45 57 171 59 57 172 60 57 173 38 58 174 309 58 175 53 58 176 248 59 177 52 59 178 67 59 179 45 60 180 61 60 181 46 60 182 38 61 183 54 61 184 39 61 185 47 62 186 61 62 187 62 62 188 39 63 189 55 63 190 40 63 191 67 64 192 81 64 193 82 64 194 60 65 195 74 65 196 75 65 197 53 66 198 309 66 199 68 66 200 248 67 201 67 67 202 82 67 203 60 68 204 76 68 205 61 68 206 53 69 207 69 69 208 54 69 209 62 70 210 76 70 211 77 70 212 54 71 213 70 71 214 55 71 215 62 72 216 78 72 217 63 72 218 56 73 219 70 73 220 71 73 221 63 74 222 79 74 223 64 74 224 56 75 225 72 75 226 57 75 227 64 76 228 80 76 229 65 76 230 58 77 231 72 77 232 73 77 233 66 78 234 80 78 235 81 78 236 58 79 237 74 79 238 59 79 239 71 80 240 85 80 241 86 80 242 78 81 243 94 81 244 79 81 245 72 82 246 86 82 247 87 82 248 79 83 249 95 83 250 80 83 251 73 84 252 87 84 253 88 84 254 81 85 255 95 85 256 96 85 257 73 86 258 89 86 259 74 86 260 82 87 261 96 87 262 97 87 263 75 88 264 89 88 265 90 88 266 68 89 267 309 89 268 83 89 269 248 90 270 82 90 271 97 90 272 75 91 273 91 91 274 76 91 275 68 92 276 84 92 277 69 92 278 77 93 279 91 93 280 92 93 281 69 94 282 85 94 283 70 94 284 77 95 285 93 95 286 78 95 287 90 96 288 104 96 289 105 96 290 83 97 291 309 97 292 98 97 293 248 98 294 97 98 295 112 98 296 90 99 297 106 99 298 91 99 299 83 100 300 99 100 301 84 100 302 92 101 303 106 101 304 107 101 305 84 102 306 100 102 307 85 102 308 92 103 309 108 103 310 93 103 311 85 104 312 101 104 313 86 104 314 94 105 315 108 105 316 109 105 317 86 106 318 102 106 319 87 106 320 95 107 321 109 107 322 110 107 323 88 108 324 102 108 325 103 108 326 96 109 327 110 109 328 111 109 329 88 110 330 104 110 331 89 110 332 97 111 333 111 111 334 112 111 335 109 112 336 123 112 337 124 112 338 101 113 339 117 113 340 102 113 341 110 114 342 124 114 343 125 114 344 103 115 345 117 115 346 118 115 347 111 116 348 125 116 349 126 116 350 103 117 351 119 117 352 104 117 353 112 118 354 126 118 355 127 118 356 105 119 357 119 119 358 120 119 359 98 120 360 309 120 361 113 120 362 248 121 363 112 121 364 127 121 365 105 122 366 121 122 367 106 122 368 98 123 369 114 123 370 99 123 371 107 124 372 121 124 373 122 124 374 99 125 375 115 125 376 100 125 377 107 126 378 123 126 379 108 126 380 100 127 381 116 127 382 101 127 383 248 128 384 127 128 385 142 128 386 120 129 387 136 129 388 121 129 389 113 130 390 129 130 391 114 130 392 122 131 393 136 131 394 137 131 395 114 132 396 130 132 397 115 132 398 122 133 399 138 133 400 123 133 401 115 134 402 131 134 403 116 134 404 123 135 405 139 135 406 124 135 407 116 136 408 132 136 409 117 136 410 125 137 411 139 137 412 140 137 413 118 138 414 132 138 415 133 138 416 126 139 417 140 139 418 141 139 419 118 140 420 134 140 421 119 140 422 127 141 423 141 141 424 142 141 425 120 142 426 134 142 427 135 142 428 113 143 429 309 143 430 128 143 431 140 144 432 154 144 433 155 144 434 133 145 435 147 145 436 148 145 437 141 146 438 155 146 439 156 146 440 133 147 441 149 147 442 134 147 443 142 148 444 156 148 445 157 148 446 135 149 447 149 149 448 150 149 449 128 150 450 309 150 451 143 150 452 248 151 453 142 151 454 157 151 455 135 152 456 151 152 457 136 152 458 128 153 459 144 153 460 129 153 461 137 154 462 151 154 463 152 154 464 129 155 465 145 155 466 130 155 467 137 156 468 153 156 469 138 156 470 130 157 471 146 157 472 131 157 473 139 158 474 153 158 475 154 158 476 131 159 477 147 159 478 132 159 479 143 160 480 159 160 481 144 160 482 152 161 483 166 161 484 167 161 485 144 162 486 160 162 487 145 162 488 152 163 489 168 163 490 153 163 491 145 164 492 161 164 493 146 164 494 154 165 495 168 165 496 169 165 497 146 166 498 162 166 499 147 166 500 155 167 501 169 167 502 170 167 503 148 168 504 162 168 505 163 168 506 156 169 507 170 169 508 171 169 509 148 170 510 164 170 511 149 170 512 157 171 513 171 171 514 172 171 515 150 172 516 164 172 517 165 172 518 143 173 519 309 173 520 158 173 521 248 174 522 157 174 523 172 174 524 150 175 525 166 175 526 151 175 527 163 176 528 177 176 529 178 176 530 171 177 531 185 177 532 186 177 533 163 178 534 179 178 535 164 178 536 172 179 537 186 179 538 187 179 539 165 180 540 179 180 541 180 180 542 158 181 543 309 181 544 173 181 545 248 182 546 172 182 547 187 182 548 165 183 549 181 183 550 166 183 551 158 184 552 174 184 553 159 184 554 167 185 555 181 185 556 182 185 557 159 186 558 175 186 559 160 186 560 167 187 561 183 187 562 168 187 563 160 188 564 176 188 565 161 188 566 169 189 567 183 189 568 184 189 569 161 190 570 177 190 571 162 190 572 169 191 573 185 191 574 170 191 575 182 192 576 196 192 577 197 192 578 174 193 579 190 193 580 175 193 581 182 194 582 198 194 583 183 194 584 175 195 585 191 195 586 176 195 587 184 196 588 198 196 589 199 196 590 176 197 591 192 197 592 177 197 593 185 198 594 199 198 595 200 198 596 178 199 597 192 199 598 193 199 599 186 200 600 200 200 601 201 200 602 178 201 603 194 201 604 179 201 605 187 202 606 201 202 607 202 202 608 180 203 609 194 203 610 195 203 611 173 204 612 309 204 613 188 204 614 248 205 615 187 205 616 202 205 617 180 206 618 196 206 619 181 206 620 173 207 621 189 207 622 174 207 623 201 208 624 215 208 625 216 208 626 193 209 627 209 209 628 194 209 629 202 210 630 216 210 631 217 210 632 195 211 633 209 211 634 210 211 635 188 212 636 309 212 637 203 212 638 248 213 639 202 213 640 217 213 641 195 214 642 211 214 643 196 214 644 188 215 645 204 215 646 189 215 647 197 216 648 211 216 649 212 216 650 189 217 651 205 217 652 190 217 653 197 218 654 213 218 655 198 218 656 190 219 657 206 219 658 191 219 659 199 220 660 213 220 661 214 220 662 191 221 663 207 221 664 192 221 665 200 222 666 214 222 667 215 222 668 193 223 669 207 223 670 208 223 671 204 224 672 220 224 673 205 224 674 212 225 675 228 225 676 213 225 677 205 226 678 221 226 679 206 226 680 213 227 681 229 227 682 214 227 683 206 228 684 222 228 685 207 228 686 215 229 687 229 229 688 230 229 689 208 230 690 222 230 691 223 230 692 216 231 693 230 231 694 231 231 695 208 232 696 224 232 697 209 232 698 216 233 699 232 233 700 217 233 701 210 234 702 224 234 703 225 234 704 203 235 705 309 235 706 218 235 707 248 236 708 217 236 709 232 236 710 210 237 711 226 237 712 211 237 713 204 238 714 218 238 715 219 238 716 212 239 717 226 239 718 227 239 719 223 240 720 239 240 721 224 240 722 232 241 723 246 241 724 247 241 725 225 242 726 239 242 727 240 242 728 218 243 729 309 243 730 233 243 731 248 244 732 232 244 733 247 244 734 225 245 735 241 245 736 226 245 737 218 246 738 234 246 739 219 246 740 227 247 741 241 247 742 242 247 743 219 248 744 235 248 745 220 248 746 228 249 747 242 249 748 243 249 749 220 250 750 236 250 751 221 250 752 229 251 753 243 251 754 244 251 755 221 252 756 237 252 757 222 252 758 230 253 759 244 253 760 245 253 761 222 254 762 238 254 763 223 254 764 231 255 765 245 255 766 246 255 767 242 256 768 259 256 769 243 256 770 235 257 771 252 257 772 236 257 773 243 258 774 260 258 775 244 258 776 236 259 777 253 259 778 237 259 779 245 260 780 260 260 781 261 260 782 238 261 783 253 261 784 254 261 785 245 262 786 262 262 787 246 262 788 238 263 789 255 263 790 239 263 791 246 264 792 263 264 793 247 264 794 240 265 795 255 265 796 256 265 797 233 266 798 309 266 799 249 266 800 248 267 801 247 267 802 263 267 803 240 268 804 257 268 805 241 268 806 234 269 807 249 269 808 250 269 809 242 270 810 257 270 811 258 270 812 234 271 813 251 271 814 235 271 815 263 272 816 277 272 817 278 272 818 256 273 819 270 273 820 271 273 821 249 274 822 309 274 823 264 274 824 248 275 825 263 275 826 278 275 827 256 276 828 272 276 829 257 276 830 249 277 831 265 277 832 250 277 833 258 278 834 272 278 835 273 278 836 250 279 837 266 279 838 251 279 839 259 280 840 273 280 841 274 280 842 251 281 843 267 281 844 252 281 845 260 282 846 274 282 847 275 282 848 252 283 849 268 283 850 253 283 851 261 284 852 275 284 853 276 284 854 253 285 855 269 285 856 254 285 857 262 286 858 276 286 859 277 286 860 254 287 861 270 287 862 255 287 863 275 288 864 289 288 865 290 288 866 267 289 867 283 289 868 268 289 869 275 290 870 291 290 871 276 290 872 269 291 873 283 291 874 284 291 875 277 292 876 291 292 877 292 292 878 269 293 879 285 293 880 270 293 881 277 294 882 293 294 883 278 294 884 271 295 885 285 295 886 286 295 887 264 296 888 309 296 889 279 296 890 248 297 891 278 297 892 293 297 893 271 298 894 287 298 895 272 298 896 265 299 897 279 299 898 280 299 899 273 300 900 287 300 901 288 300 902 265 301 903 281 301 904 266 301 905 273 302 906 289 302 907 274 302 908 266 303 909 282 303 910 267 303 911 279 304 912 309 304 913 294 304 914 248 305 915 293 305 916 308 305 917 286 306 918 302 306 919 287 306 920 279 307 921 295 307 922 280 307 923 288 308 924 302 308 925 303 308 926 280 309 927 296 309 928 281 309 929 288 310 930 304 310 931 289 310 932 282 311 933 296 311 934 297 311 935 290 312 936 304 312 937 305 312 938 282 313 939 298 313 940 283 313 941 290 314 942 306 314 943 291 314 944 284 315 945 298 315 946 299 315 947 292 316 948 306 316 949 307 316 950 284 317 951 300 317 952 285 317 953 293 318 954 307 318 955 308 318 956 286 319 957 300 319 958 301 319 959 297 320 960 314 320 961 298 320 962 305 321 963 322 321 964 306 321 965 299 322 966 314 322 967 315 322 968 307 323 969 322 323 970 323 323 971 299 324 972 316 324 973 300 324 974 308 325 975 323 325 976 324 325 977 301 326 978 316 326 979 317 326 980 294 327 981 309 327 982 310 327 983 248 328 984 308 328 985 324 328 986 301 329 987 318 329 988 302 329 989 294 330 990 311 330 991 295 330 992 303 331 993 318 331 994 319 331 995 295 332 996 312 332 997 296 332 998 303 333 999 320 333 1000 304 333 1001 297 334 1002 312 334 1003 313 334 1004 305 335 1005 320 335 1006 321 335 1007 317 336 1008 333 336 1009 318 336 1010 310 337 1011 326 337 1012 311 337 1013 319 338 1014 333 338 1015 334 338 1016 311 339 1017 327 339 1018 312 339 1019 319 340 1020 335 340 1021 320 340 1022 313 341 1023 327 341 1024 328 341 1025 321 342 1026 335 342 1027 336 342 1028 313 343 1029 329 343 1030 314 343 1031 321 344 1032 337 344 1033 322 344 1034 315 345 1035 329 345 1036 330 345 1037 323 346 1038 337 346 1039 338 346 1040 315 347 1041 331 347 1042 316 347 1043 324 348 1044 338 348 1045 339 348 1046 317 349 1047 331 349 1048 332 349 1049 310 350 1050 309 350 1051 325 350 1052 248 351 1053 324 351 1054 339 351 1055 336 352 1056 352 352 1057 337 352 1058 330 353 1059 344 353 1060 345 353 1061 338 354 1062 352 354 1063 353 354 1064 330 355 1065 346 355 1066 331 355 1067 338 356 1068 354 356 1069 339 356 1070 332 357 1071 346 357 1072 347 357 1073 325 358 1074 309 358 1075 340 358 1076 248 359 1077 339 359 1078 354 359 1079 332 360 1080 348 360 1081 333 360 1082 325 361 1083 341 361 1084 326 361 1085 334 362 1086 348 362 1087 349 362 1088 326 363 1089 342 363 1090 327 363 1091 334 364 1092 350 364 1093 335 364 1094 328 365 1095 342 365 1096 343 365 1097 336 366 1098 350 366 1099 351 366 1100 328 367 1101 344 367 1102 329 367 1103 340 368 1104 356 368 1105 341 368 1106 349 369 1107 363 369 1108 364 369 1109 341 370 1110 357 370 1111 342 370 1112 350 371 1113 364 371 1114 365 371 1115 342 372 1116 358 372 1117 343 372 1118 351 373 1119 365 373 1120 366 373 1121 343 374 1122 359 374 1123 344 374 1124 351 375 1125 367 375 1126 352 375 1127 344 376 1128 360 376 1129 345 376 1130 353 377 1131 367 377 1132 368 377 1133 345 378 1134 361 378 1135 346 378 1136 354 379 1137 368 379 1138 369 379 1139 347 380 1140 361 380 1141 362 380 1142 340 381 1143 309 381 1144 355 381 1145 248 382 1146 354 382 1147 369 382 1148 347 383 1149 363 383 1150 348 383 1151 360 384 1152 374 384 1153 375 384 1154 367 385 1155 383 385 1156 368 385 1157 360 386 1158 376 386 1159 361 386 1160 368 387 1161 384 387 1162 369 387 1163 362 388 1164 376 388 1165 377 388 1166 355 389 1167 309 389 1168 370 389 1169 248 390 1170 369 390 1171 384 390 1172 362 391 1173 378 391 1174 363 391 1175 356 392 1176 370 392 1177 371 392 1178 364 393 1179 378 393 1180 379 393 1181 357 394 1182 371 394 1183 372 394 1184 364 395 1185 380 395 1186 365 395 1187 358 396 1188 372 396 1189 373 396 1190 366 397 1191 380 397 1192 381 397 1193 358 398 1194 374 398 1195 359 398 1196 366 399 1197 382 399 1198 367 399 1199 379 400 1200 393 400 1201 394 400 1202 371 401 1203 387 401 1204 372 401 1205 380 402 1206 394 402 1207 395 402 1208 373 403 1209 387 403 1210 388 403 1211 381 404 1212 395 404 1213 396 404 1214 373 405 1215 389 405 1216 374 405 1217 381 406 1218 397 406 1219 382 406 1220 374 407 1221 390 407 1222 375 407 1223 383 408 1224 397 408 1225 398 408 1226 375 409 1227 391 409 1228 376 409 1229 383 410 1230 399 410 1231 384 410 1232 377 411 1233 391 411 1234 392 411 1235 370 412 1236 309 412 1237 385 412 1238 248 413 1239 384 413 1240 399 413 1241 377 414 1242 393 414 1243 378 414 1244 370 415 1245 386 415 1246 371 415 1247 398 416 1248 412 416 1249 413 416 1250 390 417 1251 406 417 1252 391 417 1253 398 418 1254 414 418 1255 399 418 1256 392 419 1257 406 419 1258 407 419 1259 385 420 1260 309 420 1261 400 420 1262 248 421 1263 399 421 1264 414 421 1265 392 422 1266 408 422 1267 393 422 1268 385 423 1269 401 423 1270 386 423 1271 394 424 1272 408 424 1273 409 424 1274 386 425 1275 402 425 1276 387 425 1277 394 426 1278 410 426 1279 395 426 1280 388 427 1281 402 427 1282 403 427 1283 396 428 1284 410 428 1285 411 428 1286 388 429 1287 404 429 1288 389 429 1289 396 430 1290 412 430 1291 397 430 1292 390 431 1293 404 431 1294 405 431 1295 409 432 1296 425 432 1297 410 432 1298 403 433 1299 417 433 1300 418 433 1301 411 434 1302 425 434 1303 426 434 1304 403 435 1305 419 435 1306 404 435 1307 411 436 1308 427 436 1309 412 436 1310 405 437 1311 419 437 1312 420 437 1313 413 438 1314 427 438 1315 428 438 1316 405 439 1317 421 439 1318 406 439 1319 414 440 1320 428 440 1321 429 440 1322 407 441 1323 421 441 1324 422 441 1325 400 442 1326 309 442 1327 415 442 1328 248 443 1329 414 443 1330 429 443 1331 407 444 1332 423 444 1333 408 444 1334 400 445 1335 416 445 1336 401 445 1337 409 446 1338 423 446 1339 424 446 1340 401 447 1341 417 447 1342 402 447 1343 429 448 1344 443 448 1345 444 448 1346 422 449 1347 436 449 1348 437 449 1349 415 450 1350 309 450 1351 430 450 1352 248 451 1353 429 451 1354 444 451 1355 422 452 1356 438 452 1357 423 452 1358 415 453 1359 431 453 1360 416 453 1361 424 454 1362 438 454 1363 439 454 1364 417 455 1365 431 455 1366 432 455 1367 424 456 1368 440 456 1369 425 456 1370 418 457 1371 432 457 1372 433 457 1373 426 458 1374 440 458 1375 441 458 1376 418 459 1377 434 459 1378 419 459 1379 426 460 1380 442 460 1381 427 460 1382 420 461 1383 434 461 1384 435 461 1385 427 462 1386 443 462 1387 428 462 1388 420 463 1389 436 463 1390 421 463 1391 433 464 1392 447 464 1393 448 464 1394 441 465 1395 455 465 1396 456 465 1397 433 466 1398 449 466 1399 434 466 1400 441 467 1401 457 467 1402 442 467 1403 435 468 1404 449 468 1405 450 468 1406 442 469 1407 458 469 1408 443 469 1409 435 470 1410 451 470 1411 436 470 1412 443 471 1413 459 471 1414 444 471 1415 437 472 1416 451 472 1417 452 472 1418 430 473 1419 309 473 1420 445 473 1421 248 474 1422 444 474 1423 459 474 1424 437 475 1425 453 475 1426 438 475 1427 431 476 1428 445 476 1429 446 476 1430 439 477 1431 453 477 1432 454 477 1433 432 478 1434 446 478 1435 447 478 1436 439 479 1437 455 479 1438 440 479 1439 452 480 1440 466 480 1441 467 480 1442 445 481 1443 309 481 1444 460 481 1445 248 482 1446 459 482 1447 474 482 1448 452 483 1449 468 483 1450 453 483 1451 445 484 1452 461 484 1453 446 484 1454 454 485 1455 468 485 1456 469 485 1457 446 486 1458 462 486 1459 447 486 1460 454 487 1461 470 487 1462 455 487 1463 447 488 1464 463 488 1465 448 488 1466 456 489 1467 470 489 1468 471 489 1469 448 490 1470 464 490 1471 449 490 1472 456 491 1473 472 491 1474 457 491 1475 450 492 1476 464 492 1477 465 492 1478 458 493 1479 472 493 1480 473 493 1481 450 494 1482 466 494 1483 451 494 1484 458 495 1485 474 495 1486 459 495 1487 470 496 1488 6 496 1489 471 496 1490 464 497 1491 2 497 1492 476 497 1493 471 498 1494 7 498 1495 472 498 1496 465 499 1497 476 499 1498 3 499 1499 472 500 1500 480 500 1501 473 500 1502 466 501 1503 3 501 1504 477 501 1505 474 502 1506 480 502 1507 481 502 1508 467 503 1509 477 503 1510 4 503 1511 460 504 1512 309 504 1513 0 504 1514 248 505 1515 474 505 1516 481 505 1517 467 506 1518 5 506 1519 468 506 1520 461 507 1521 0 507 1522 475 507 1523 468 508 1524 478 508 1525 469 508 1526 462 509 1527 475 509 1528 1 509 1529 469 510 1530 479 510 1531 470 510 1532 463 511 1533 1 511 1534 2 511 1535 1 512 1536 10 512 1537 11 512 1538 479 513 1539 18 513 1540 19 513 1541 476 514 1542 2 514 1543 11 514 1544 7 515 1545 6 515 1546 19 515 1547 3 516 1548 476 516 1549 12 516 1550 7 517 1551 20 517 1552 21 517 1553 477 518 1554 3 518 1555 13 518 1556 480 519 1557 21 519 1558 22 519 1559 477 520 1560 14 520 1561 15 520 1562 4 521 1563 15 521 1564 16 521 1565 475 522 1566 0 522 1567 8 522 1568 478 523 1569 5 523 1570 16 523 1571 1 524 1572 475 524 1573 9 524 1574 478 525 1575 17 525 1576 18 525 1577 9 526 1578 24 526 1579 25 526 1580 18 527 1581 17 527 1582 32 527 1583 10 528 1584 25 528 1585 26 528 1586 19 529 1587 18 529 1588 33 529 1589 11 530 1590 26 530 1591 27 530 1592 20 531 1593 19 531 1594 34 531 1595 12 532 1596 27 532 1597 28 532 1598 21 533 1599 20 533 1600 35 533 1601 13 534 1602 28 534 1603 29 534 1604 22 535 1605 21 535 1606 36 535 1607 15 536 1608 14 536 1609 29 536 1610 15 537 1611 30 537 1612 31 537 1613 8 538 1614 23 538 1615 24 538 1616 17 539 1617 16 539 1618 31 539 1619 28 540 1620 43 540 1621 44 540 1622 37 541 1623 36 541 1624 51 541 1625 30 542 1626 29 542 1627 44 542 1628 30 543 1629 45 543 1630 46 543 1631 23 544 1632 38 544 1633 39 544 1634 32 545 1635 31 545 1636 46 545 1637 24 546 1638 39 546 1639 40 546 1640 33 547 1641 32 547 1642 47 547 1643 26 548 1644 25 548 1645 40 548 1646 34 549 1647 33 549 1648 48 549 1649 26 550 1650 41 550 1651 42 550 1652 34 551 1653 49 551 1654 50 551 1655 27 552 1656 42 552 1657 43 552 1658 36 553 1659 35 553 1660 50 553 1661 48 554 1662 47 554 1663 62 554 1664 41 555 1665 40 555 1666 55 555 1667 48 556 1668 63 556 1669 64 556 1670 41 557 1671 56 557 1672 57 557 1673 49 558 1674 64 558 1675 65 558 1676 42 559 1677 57 559 1678 58 559 1679 51 560 1680 50 560 1681 65 560 1682 43 561 1683 58 561 1684 59 561 1685 52 562 1686 51 562 1687 66 562 1688 45 563 1689 44 563 1690 59 563 1691 45 564 1692 60 564 1693 61 564 1694 38 565 1695 53 565 1696 54 565 1697 47 566 1698 46 566 1699 61 566 1700 39 567 1701 54 567 1702 55 567 1703 67 568 1704 66 568 1705 81 568 1706 60 569 1707 59 569 1708 74 569 1709 60 570 1710 75 570 1711 76 570 1712 53 571 1713 68 571 1714 69 571 1715 62 572 1716 61 572 1717 76 572 1718 54 573 1719 69 573 1720 70 573 1721 62 574 1722 77 574 1723 78 574 1724 56 575 1725 55 575 1726 70 575 1727 63 576 1728 78 576 1729 79 576 1730 56 577 1731 71 577 1732 72 577 1733 64 578 1734 79 578 1735 80 578 1736 58 579 1737 57 579 1738 72 579 1739 66 580 1740 65 580 1741 80 580 1742 58 581 1743 73 581 1744 74 581 1745 71 582 1746 70 582 1747 85 582 1748 78 583 1749 93 583 1750 94 583 1751 72 584 1752 71 584 1753 86 584 1754 79 585 1755 94 585 1756 95 585 1757 73 586 1758 72 586 1759 87 586 1760 81 587 1761 80 587 1762 95 587 1763 73 588 1764 88 588 1765 89 588 1766 82 589 1767 81 589 1768 96 589 1769 75 590 1770 74 590 1771 89 590 1772 75 591 1773 90 591 1774 91 591 1775 68 592 1776 83 592 1777 84 592 1778 77 593 1779 76 593 1780 91 593 1781 69 594 1782 84 594 1783 85 594 1784 77 595 1785 92 595 1786 93 595 1787 90 596 1788 89 596 1789 104 596 1790 90 597 1791 105 597 1792 106 597 1793 83 598 1794 98 598 1795 99 598 1796 92 599 1797 91 599 1798 106 599 1799 84 600 1800 99 600 1801 100 600 1802 92 601 1803 107 601 1804 108 601 1805 85 602 1806 100 602 1807 101 602 1808 94 603 1809 93 603 1810 108 603 1811 86 604 1812 101 604 1813 102 604 1814 95 605 1815 94 605 1816 109 605 1817 88 606 1818 87 606 1819 102 606 1820 96 607 1821 95 607 1822 110 607 1823 88 608 1824 103 608 1825 104 608 1826 97 609 1827 96 609 1828 111 609 1829 109 610 1830 108 610 1831 123 610 1832 101 611 1833 116 611 1834 117 611 1835 110 612 1836 109 612 1837 124 612 1838 103 613 1839 102 613 1840 117 613 1841 111 614 1842 110 614 1843 125 614 1844 103 615 1845 118 615 1846 119 615 1847 112 616 1848 111 616 1849 126 616 1850 105 617 1851 104 617 1852 119 617 1853 105 618 1854 120 618 1855 121 618 1856 98 619 1857 113 619 1858 114 619 1859 107 620 1860 106 620 1861 121 620 1862 99 621 1863 114 621 1864 115 621 1865 107 622 1866 122 622 1867 123 622 1868 100 623 1869 115 623 1870 116 623 1871 120 624 1872 135 624 1873 136 624 1874 113 625 1875 128 625 1876 129 625 1877 122 626 1878 121 626 1879 136 626 1880 114 627 1881 129 627 1882 130 627 1883 122 628 1884 137 628 1885 138 628 1886 115 629 1887 130 629 1888 131 629 1889 123 630 1890 138 630 1891 139 630 1892 116 631 1893 131 631 1894 132 631 1895 125 632 1896 124 632 1897 139 632 1898 118 633 1899 117 633 1900 132 633 1901 126 634 1902 125 634 1903 140 634 1904 118 635 1905 133 635 1906 134 635 1907 127 636 1908 126 636 1909 141 636 1910 120 637 1911 119 637 1912 134 637 1913 140 638 1914 139 638 1915 154 638 1916 133 639 1917 132 639 1918 147 639 1919 141 640 1920 140 640 1921 155 640 1922 133 641 1923 148 641 1924 149 641 1925 142 642 1926 141 642 1927 156 642 1928 135 643 1929 134 643 1930 149 643 1931 135 644 1932 150 644 1933 151 644 1934 128 645 1935 143 645 1936 144 645 1937 137 646 1938 136 646 1939 151 646 1940 129 647 1941 144 647 1942 145 647 1943 137 648 1944 152 648 1945 153 648 1946 130 649 1947 145 649 1948 146 649 1949 139 650 1950 138 650 1951 153 650 1952 131 651 1953 146 651 1954 147 651 1955 143 652 1956 158 652 1957 159 652 1958 152 653 1959 151 653 1960 166 653 1961 144 654 1962 159 654 1963 160 654 1964 152 655 1965 167 655 1966 168 655 1967 145 656 1968 160 656 1969 161 656 1970 154 657 1971 153 657 1972 168 657 1973 146 658 1974 161 658 1975 162 658 1976 155 659 1977 154 659 1978 169 659 1979 148 660 1980 147 660 1981 162 660 1982 156 661 1983 155 661 1984 170 661 1985 148 662 1986 163 662 1987 164 662 1988 157 663 1989 156 663 1990 171 663 1991 150 664 1992 149 664 1993 164 664 1994 150 665 1995 165 665 1996 166 665 1997 163 666 1998 162 666 1999 177 666 2000 171 667 2001 170 667 2002 185 667 2003 163 668 2004 178 668 2005 179 668 2006 172 669 2007 171 669 2008 186 669 2009 165 670 2010 164 670 2011 179 670 2012 165 671 2013 180 671 2014 181 671 2015 158 672 2016 173 672 2017 174 672 2018 167 673 2019 166 673 2020 181 673 2021 159 674 2022 174 674 2023 175 674 2024 167 675 2025 182 675 2026 183 675 2027 160 676 2028 175 676 2029 176 676 2030 169 677 2031 168 677 2032 183 677 2033 161 678 2034 176 678 2035 177 678 2036 169 679 2037 184 679 2038 185 679 2039 182 680 2040 181 680 2041 196 680 2042 174 681 2043 189 681 2044 190 681 2045 182 682 2046 197 682 2047 198 682 2048 175 683 2049 190 683 2050 191 683 2051 184 684 2052 183 684 2053 198 684 2054 176 685 2055 191 685 2056 192 685 2057 185 686 2058 184 686 2059 199 686 2060 178 687 2061 177 687 2062 192 687 2063 186 688 2064 185 688 2065 200 688 2066 178 689 2067 193 689 2068 194 689 2069 187 690 2070 186 690 2071 201 690 2072 180 691 2073 179 691 2074 194 691 2075 180 692 2076 195 692 2077 196 692 2078 173 693 2079 188 693 2080 189 693 2081 201 694 2082 200 694 2083 215 694 2084 193 695 2085 208 695 2086 209 695 2087 202 696 2088 201 696 2089 216 696 2090 195 697 2091 194 697 2092 209 697 2093 195 698 2094 210 698 2095 211 698 2096 188 699 2097 203 699 2098 204 699 2099 197 700 2100 196 700 2101 211 700 2102 189 701 2103 204 701 2104 205 701 2105 197 702 2106 212 702 2107 213 702 2108 190 703 2109 205 703 2110 206 703 2111 199 704 2112 198 704 2113 213 704 2114 191 705 2115 206 705 2116 207 705 2117 200 706 2118 199 706 2119 214 706 2120 193 707 2121 192 707 2122 207 707 2123 204 708 2124 219 708 2125 220 708 2126 212 709 2127 227 709 2128 228 709 2129 205 710 2130 220 710 2131 221 710 2132 213 711 2133 228 711 2134 229 711 2135 206 712 2136 221 712 2137 222 712 2138 215 713 2139 214 713 2140 229 713 2141 208 714 2142 207 714 2143 222 714 2144 216 715 2145 215 715 2146 230 715 2147 208 716 2148 223 716 2149 224 716 2150 216 717 2151 231 717 2152 232 717 2153 210 718 2154 209 718 2155 224 718 2156 210 719 2157 225 719 2158 226 719 2159 204 720 2160 203 720 2161 218 720 2162 212 721 2163 211 721 2164 226 721 2165 223 722 2166 238 722 2167 239 722 2168 232 723 2169 231 723 2170 246 723 2171 225 724 2172 224 724 2173 239 724 2174 225 725 2175 240 725 2176 241 725 2177 218 726 2178 233 726 2179 234 726 2180 227 727 2181 226 727 2182 241 727 2183 219 728 2184 234 728 2185 235 728 2186 228 729 2187 227 729 2188 242 729 2189 220 730 2190 235 730 2191 236 730 2192 229 731 2193 228 731 2194 243 731 2195 221 732 2196 236 732 2197 237 732 2198 230 733 2199 229 733 2200 244 733 2201 222 734 2202 237 734 2203 238 734 2204 231 735 2205 230 735 2206 245 735 2207 242 736 2208 258 736 2209 259 736 2210 235 737 2211 251 737 2212 252 737 2213 243 738 2214 259 738 2215 260 738 2216 236 739 2217 252 739 2218 253 739 2219 245 740 2220 244 740 2221 260 740 2222 238 741 2223 237 741 2224 253 741 2225 245 742 2226 261 742 2227 262 742 2228 238 743 2229 254 743 2230 255 743 2231 246 744 2232 262 744 2233 263 744 2234 240 745 2235 239 745 2236 255 745 2237 240 746 2238 256 746 2239 257 746 2240 234 747 2241 233 747 2242 249 747 2243 242 748 2244 241 748 2245 257 748 2246 234 749 2247 250 749 2248 251 749 2249 263 750 2250 262 750 2251 277 750 2252 256 751 2253 255 751 2254 270 751 2255 256 752 2256 271 752 2257 272 752 2258 249 753 2259 264 753 2260 265 753 2261 258 754 2262 257 754 2263 272 754 2264 250 755 2265 265 755 2266 266 755 2267 259 756 2268 258 756 2269 273 756 2270 251 757 2271 266 757 2272 267 757 2273 260 758 2274 259 758 2275 274 758 2276 252 759 2277 267 759 2278 268 759 2279 261 760 2280 260 760 2281 275 760 2282 253 761 2283 268 761 2284 269 761 2285 262 762 2286 261 762 2287 276 762 2288 254 763 2289 269 763 2290 270 763 2291 275 764 2292 274 764 2293 289 764 2294 267 765 2295 282 765 2296 283 765 2297 275 766 2298 290 766 2299 291 766 2300 269 767 2301 268 767 2302 283 767 2303 277 768 2304 276 768 2305 291 768 2306 269 769 2307 284 769 2308 285 769 2309 277 770 2310 292 770 2311 293 770 2312 271 771 2313 270 771 2314 285 771 2315 271 772 2316 286 772 2317 287 772 2318 265 773 2319 264 773 2320 279 773 2321 273 774 2322 272 774 2323 287 774 2324 265 775 2325 280 775 2326 281 775 2327 273 776 2328 288 776 2329 289 776 2330 266 777 2331 281 777 2332 282 777 2333 286 778 2334 301 778 2335 302 778 2336 279 779 2337 294 779 2338 295 779 2339 288 780 2340 287 780 2341 302 780 2342 280 781 2343 295 781 2344 296 781 2345 288 782 2346 303 782 2347 304 782 2348 282 783 2349 281 783 2350 296 783 2351 290 784 2352 289 784 2353 304 784 2354 282 785 2355 297 785 2356 298 785 2357 290 786 2358 305 786 2359 306 786 2360 284 787 2361 283 787 2362 298 787 2363 292 788 2364 291 788 2365 306 788 2366 284 789 2367 299 789 2368 300 789 2369 293 790 2370 292 790 2371 307 790 2372 286 791 2373 285 791 2374 300 791 2375 297 792 2376 313 792 2377 314 792 2378 305 793 2379 321 793 2380 322 793 2381 299 794 2382 298 794 2383 314 794 2384 307 795 2385 306 795 2386 322 795 2387 299 796 2388 315 796 2389 316 796 2390 308 797 2391 307 797 2392 323 797 2393 301 798 2394 300 798 2395 316 798 2396 301 799 2397 317 799 2398 318 799 2399 294 800 2400 310 800 2401 311 800 2402 303 801 2403 302 801 2404 318 801 2405 295 802 2406 311 802 2407 312 802 2408 303 803 2409 319 803 2410 320 803 2411 297 804 2412 296 804 2413 312 804 2414 305 805 2415 304 805 2416 320 805 2417 317 806 2418 332 806 2419 333 806 2420 310 807 2421 325 807 2422 326 807 2423 319 808 2424 318 808 2425 333 808 2426 311 809 2427 326 809 2428 327 809 2429 319 810 2430 334 810 2431 335 810 2432 313 811 2433 312 811 2434 327 811 2435 321 812 2436 320 812 2437 335 812 2438 313 813 2439 328 813 2440 329 813 2441 321 814 2442 336 814 2443 337 814 2444 315 815 2445 314 815 2446 329 815 2447 323 816 2448 322 816 2449 337 816 2450 315 817 2451 330 817 2452 331 817 2453 324 818 2454 323 818 2455 338 818 2456 317 819 2457 316 819 2458 331 819 2459 336 820 2460 351 820 2461 352 820 2462 330 821 2463 329 821 2464 344 821 2465 338 822 2466 337 822 2467 352 822 2468 330 823 2469 345 823 2470 346 823 2471 338 824 2472 353 824 2473 354 824 2474 332 825 2475 331 825 2476 346 825 2477 332 826 2478 347 826 2479 348 826 2480 325 827 2481 340 827 2482 341 827 2483 334 828 2484 333 828 2485 348 828 2486 326 829 2487 341 829 2488 342 829 2489 334 830 2490 349 830 2491 350 830 2492 328 831 2493 327 831 2494 342 831 2495 336 832 2496 335 832 2497 350 832 2498 328 833 2499 343 833 2500 344 833 2501 340 834 2502 355 834 2503 356 834 2504 349 835 2505 348 835 2506 363 835 2507 341 836 2508 356 836 2509 357 836 2510 350 837 2511 349 837 2512 364 837 2513 342 838 2514 357 838 2515 358 838 2516 351 839 2517 350 839 2518 365 839 2519 343 840 2520 358 840 2521 359 840 2522 351 841 2523 366 841 2524 367 841 2525 344 842 2526 359 842 2527 360 842 2528 353 843 2529 352 843 2530 367 843 2531 345 844 2532 360 844 2533 361 844 2534 354 845 2535 353 845 2536 368 845 2537 347 846 2538 346 846 2539 361 846 2540 347 847 2541 362 847 2542 363 847 2543 360 848 2544 359 848 2545 374 848 2546 367 849 2547 382 849 2548 383 849 2549 360 850 2550 375 850 2551 376 850 2552 368 851 2553 383 851 2554 384 851 2555 362 852 2556 361 852 2557 376 852 2558 362 853 2559 377 853 2560 378 853 2561 356 854 2562 355 854 2563 370 854 2564 364 855 2565 363 855 2566 378 855 2567 357 856 2568 356 856 2569 371 856 2570 364 857 2571 379 857 2572 380 857 2573 358 858 2574 357 858 2575 372 858 2576 366 859 2577 365 859 2578 380 859 2579 358 860 2580 373 860 2581 374 860 2582 366 861 2583 381 861 2584 382 861 2585 379 862 2586 378 862 2587 393 862 2588 371 863 2589 386 863 2590 387 863 2591 380 864 2592 379 864 2593 394 864 2594 373 865 2595 372 865 2596 387 865 2597 381 866 2598 380 866 2599 395 866 2600 373 867 2601 388 867 2602 389 867 2603 381 868 2604 396 868 2605 397 868 2606 374 869 2607 389 869 2608 390 869 2609 383 870 2610 382 870 2611 397 870 2612 375 871 2613 390 871 2614 391 871 2615 383 872 2616 398 872 2617 399 872 2618 377 873 2619 376 873 2620 391 873 2621 377 874 2622 392 874 2623 393 874 2624 370 875 2625 385 875 2626 386 875 2627 398 876 2628 397 876 2629 412 876 2630 390 877 2631 405 877 2632 406 877 2633 398 878 2634 413 878 2635 414 878 2636 392 879 2637 391 879 2638 406 879 2639 392 880 2640 407 880 2641 408 880 2642 385 881 2643 400 881 2644 401 881 2645 394 882 2646 393 882 2647 408 882 2648 386 883 2649 401 883 2650 402 883 2651 394 884 2652 409 884 2653 410 884 2654 388 885 2655 387 885 2656 402 885 2657 396 886 2658 395 886 2659 410 886 2660 388 887 2661 403 887 2662 404 887 2663 396 888 2664 411 888 2665 412 888 2666 390 889 2667 389 889 2668 404 889 2669 409 890 2670 424 890 2671 425 890 2672 403 891 2673 402 891 2674 417 891 2675 411 892 2676 410 892 2677 425 892 2678 403 893 2679 418 893 2680 419 893 2681 411 894 2682 426 894 2683 427 894 2684 405 895 2685 404 895 2686 419 895 2687 413 896 2688 412 896 2689 427 896 2690 405 897 2691 420 897 2692 421 897 2693 414 898 2694 413 898 2695 428 898 2696 407 899 2697 406 899 2698 421 899 2699 407 900 2700 422 900 2701 423 900 2702 400 901 2703 415 901 2704 416 901 2705 409 902 2706 408 902 2707 423 902 2708 401 903 2709 416 903 2710 417 903 2711 429 904 2712 428 904 2713 443 904 2714 422 905 2715 421 905 2716 436 905 2717 422 906 2718 437 906 2719 438 906 2720 415 907 2721 430 907 2722 431 907 2723 424 908 2724 423 908 2725 438 908 2726 417 909 2727 416 909 2728 431 909 2729 424 910 2730 439 910 2731 440 910 2732 418 911 2733 417 911 2734 432 911 2735 426 912 2736 425 912 2737 440 912 2738 418 913 2739 433 913 2740 434 913 2741 426 914 2742 441 914 2743 442 914 2744 420 915 2745 419 915 2746 434 915 2747 427 916 2748 442 916 2749 443 916 2750 420 917 2751 435 917 2752 436 917 2753 433 918 2754 432 918 2755 447 918 2756 441 919 2757 440 919 2758 455 919 2759 433 920 2760 448 920 2761 449 920 2762 441 921 2763 456 921 2764 457 921 2765 435 922 2766 434 922 2767 449 922 2768 442 923 2769 457 923 2770 458 923 2771 435 924 2772 450 924 2773 451 924 2774 443 925 2775 458 925 2776 459 925 2777 437 926 2778 436 926 2779 451 926 2780 437 927 2781 452 927 2782 453 927 2783 431 928 2784 430 928 2785 445 928 2786 439 929 2787 438 929 2788 453 929 2789 432 930 2790 431 930 2791 446 930 2792 439 931 2793 454 931 2794 455 931 2795 452 932 2796 451 932 2797 466 932 2798 452 933 2799 467 933 2800 468 933 2801 445 934 2802 460 934 2803 461 934 2804 454 935 2805 453 935 2806 468 935 2807 446 936 2808 461 936 2809 462 936 2810 454 937 2811 469 937 2812 470 937 2813 447 938 2814 462 938 2815 463 938 2816 456 939 2817 455 939 2818 470 939 2819 448 940 2820 463 940 2821 464 940 2822 456 941 2823 471 941 2824 472 941 2825 450 942 2826 449 942 2827 464 942 2828 458 943 2829 457 943 2830 472 943 2831 450 944 2832 465 944 2833 466 944 2834 458 945 2835 473 945 2836 474 945 2837 470 946 2838 479 946 2839 6 946 2840 464 947 2841 463 947 2842 2 947 2843 471 948 2844 6 948 2845 7 948 2846 465 949 2847 464 949 2848 476 949 2849 472 950 2850 7 950 2851 480 950 2852 466 951 2853 465 951 2854 3 951 2855 474 952 2856 473 952 2857 480 952 2858 467 953 2859 466 953 2860 477 953 2861 467 954 2862 4 954 2863 5 954 2864 461 955 2865 460 955 2866 0 955 2867 468 956 2868 5 956 2869 478 956 2870 462 957 2871 461 957 2872 475 957 2873 469 958 2874 478 958 2875 479 958 2876 463 959 2877 462 959 2878 1 959 2879</p>
        </triangles>
      </mesh>
    </geometry>
    <geometry id="Cylinder-mesh" name="Cylinder">
      <mesh>
        <source id="Cylinder-mesh-positions">
          <float_array id="Cylinder-mesh-positions-array" count="60">0 0.03999996 -1.275 0 0.03999996 1.275 0.0235114 0.03236067 -1.275 0.0235114 0.03236067 1.275 0.03804224 0.01236063 -1.275 0.03804224 0.01236063 1.275 0.03804224 -0.01236063 -1.275 0.03804224 -0.01236063 1.275 0.0235114 -0.03236067 -1.275 0.0235114 -0.03236067 1.275 0 -0.03999996 -1.275 0 -0.03999996 1.275 -0.0235114 -0.03236067 -1.275 -0.0235114 -0.03236067 1.275 -0.03804224 -0.01236063 -1.275 -0.03804224 -0.01236063 1.275 -0.03804224 0.01236063 -1.275 -0.03804224 0.01236063 1.275 -0.0235114 0.03236067 -1.275 -0.0235114 0.03236067 1.275</float_array>
          <technique_common>
            <accessor source="#Cylinder-mesh-positions-array" count="20" stride="3">
              <param name="X" type="float"/>
              <param name="Y" type="float"/>
              <param name="Z" type="float"/>
            </accessor>
          </technique_common>
        </source>
        <source id="Cylinder-mesh-normals">
          <float_array id="Cylinder-mesh-normals-array" count="108">0.309017 0.9510565 0 0.8090169 0.5877853 0 1 0 0 0.8090169 -0.5877853 0 0.309017 -0.9510565 0 -0.309017 -0.9510565 0 -0.8090169 -0.5877853 0 -1 0 0 0 0 1 -0.8090169 0.5877853 0 -0.309017 0.9510565 0 0 0 -1 0.309017 0.9510565 0 0.8090169 0.5877853 0 1 0 0 0.8090169 -0.5877853 0 0.309017 -0.9510565 0 -0.309017 -0.9510565 0 -0.8090169 -0.5877853 0 -1 0 0 0 0 1 0 0 1 0 0 1 0 0 1 0 0 1 0 0 1 0 0 1 -0.8090169 0.5877853 0 -0.309017 0.9510565 0 0 0 -1 0 0 -1 0 0 -1 0 0 -1 0 0 -1 0 0 -1 0 0 -1</float_array>
          <technique_common>
            <accessor source="#Cylinder-mesh-normals-array" count="36" stride="3">
              <param name="X" type="float"/>
              <param name="Y" type="float"/>
              <param name="Z" type="float"/>
            </accessor>
          </technique_common>
        </source>
        <source id="Cylinder-mesh-map-0">
          <float_array id="Cylinder-mesh-map-0-array" count="216">1 1 0.9 0.5 1 0.5 0.9 1 0.8 0.5 0.9 0.5 0.8 1 0.6999999 0.5 0.8 0.5 0.6999999 1 0.5999999 0.5 0.6999999 0.5 0.5999999 1 0.4999999 0.5 0.5999999 0.5 0.4999999 1 0.3999999 0.5 0.4999999 0.5 0.3999999 1 0.2999999 0.5 0.3999999 0.5 0.2999999 1 0.1999999 0.5 0.2999999 0.5 0.02174639 0.3241641 0.3910685 0.0558359 0.4782536 0.3241641 0.1999999 1 0.0999999 0.5 0.1999999 0.5 0.0999999 1 0 0.5 0.0999999 0.5 0.9782536 0.1758359 0.5217464 0.1758359 0.6089316 0.4441641 1 1 0.9 1 0.9 0.5 0.9 1 0.8 1 0.8 0.5 0.8 1 0.6999999 1 0.6999999 0.5 0.6999999 1 0.5999999 1 0.5999999 0.5 0.5999999 1 0.4999999 1 0.4999999 0.5 0.4999999 1 0.3999999 1 0.3999999 0.5 0.3999999 1 0.2999999 1 0.2999999 0.5 0.2999999 1 0.1999999 1 0.1999999 0.5 0.4782536 0.3241641 0.3910685 0.4441641 0.25 0.49 0.25 0.49 0.1089315 0.4441641 0.02174639 0.3241641 0.02174639 0.3241641 0.02174639 0.1758359 0.1089315 0.0558359 0.1089315 0.0558359 0.25 0.00999999 0.02174639 0.3241641 0.25 0.00999999 0.3910685 0.0558359 0.02174639 0.3241641 0.3910685 0.0558359 0.4782536 0.1758359 0.4782536 0.3241641 0.4782536 0.3241641 0.25 0.49 0.02174639 0.3241641 0.1999999 1 0.0999999 1 0.0999999 0.5 0.0999999 1 0 1 0 0.5 0.6089316 0.4441641 0.75 0.49 0.9782536 0.1758359 0.75 0.49 0.8910685 0.4441641 0.9782536 0.1758359 0.8910685 0.4441641 0.9782536 0.3241641 0.9782536 0.1758359 0.9782536 0.1758359 0.8910685 0.0558359 0.75 0.00999999 0.75 0.00999999 0.6089316 0.0558359 0.5217464 0.1758359 0.5217464 0.1758359 0.5217464 0.3241641 0.6089316 0.4441641 0.9782536 0.1758359 0.75 0.00999999 0.5217464 0.1758359</float_array>
          <technique_common>
            <accessor source="#Cylinder-mesh-map-0-array" count="108" stride="2">
              <param name="S" type="float"/>
              <param name="T" type="float"/>
            </accessor>
          </technique_common>
        </source>
        <vertices id="Cylinder-mesh-vertices">
          <input semantic="POSITION" source="#Cylinder-mesh-positions"/>
        </vertices>
        <triangles material="CL_post-material" count="36">
          <input semantic="VERTEX" source="#Cylinder-mesh-vertices" offset="0"/>
          <input semantic="NORMAL" source="#Cylinder-mesh-normals" offset="1"/>
          <input semantic="TEXCOORD" source="#Cylinder-mesh-map-0" offset="2" set="0"/>
          <p>1 0 0 2 0 1 0 0 2 3 1 3 4 1 4 2 1 5 5 2 6 6 2 7 4 2 8 7 3 9 8 3 10 6 3 11 9 4 12 10 4 13 8 4 14 11 5 15 12 5 16 10 5 17 13 6 18 14 6 19 12 6 20 15 7 21 16 7 22 14 7 23 17 8 24 9 8 25 5 8 26 17 9 27 18 9 28 16 9 29 19 10 30 0 10 31 18 10 32 6 11 33 14 11 34 18 11 35 1 12 36 3 12 37 2 12 38 3 13 39 5 13 40 4 13 41 5 14 42 7 14 43 6 14 44 7 15 45 9 15 46 8 15 47 9 16 48 11 16 49 10 16 50 11 17 51 13 17 52 12 17 53 13 18 54 15 18 55 14 18 56 15 19 57 17 19 58 16 19 59 5 20 60 3 20 61 1 20 62 1 21 63 19 21 64 17 21 65 17 22 66 15 22 67 13 22 68 13 23 69 11 23 70 17 23 71 11 24 72 9 24 73 17 24 74 9 25 75 7 25 76 5 25 77 5 26 78 1 26 79 17 26 80 17 27 81 19 27 82 18 27 83 19 28 84 1 28 85 0 28 86 18 29 87 0 29 88 6 29 89 0 30 90 2 30 91 6 30 92 2 31 93 4 31 94 6 31 95 6 32 96 8 32 97 10 32 98 10 33 99 12 33 100 14 33 101 14 34 102 16 34 103 18 34 104 6 35 105 10 35 106 14 35 107</p>
        </triangles>
      </mesh>
    </geometry>
  </library_geometries>
  <library_visual_scenes>
    <visual_scene id="Scene" name="Scene">
      <node id="cl_root" name="cl_root" type="NODE">
        <matrix sid="transform">1 0 0 0 0 1 0 0 0 0 1 0 0 0 0 1</matrix>
        <node id="post_0" name="post_0" type="NODE">
          <matrix sid="transform">1 0 0 0.04 0 1 0 0 0 0 1 1.275 0 0 0 1</matrix>
          <instance_geometry url="#Cylinder-mesh" name="post_0">
            <bind_material>
              <technique_common>
                <instance_material symbol="CL_post-material" target="#CL_post-material">
                  <bind_vertex_input semantic="UVMap" input_semantic="TEXCOORD" input_set="0"/>
                </instance_material>
              </technique_common>
            </bind_material>
          </instance_geometry>
        </node>
        <node id="cap_0" name="cap_0" type="NODE">
          <matrix sid="transform">1 0 0 0.04 0 1 0 0 0 0 1 2.52 0 0 0 1</matrix>
          <instance_geometry url="#Sphere-mesh" name="cap_0">
            <bind_material>
              <technique_common>
                <instance_material symbol="CL_post-material" target="#CL_post-material">
                  <bind_vertex_input semantic="UVMap" input_semantic="TEXCOORD" input_set="0"/>
                </instance_material>
              </technique_common>
            </bind_material>
          </instance_geometry>
        </node>
        <node id="post_1" name="post_1" type="NODE">
          <matrix sid="transform">1 0 0 2.96 0 1 0 0 0 0 1 1.275 0 0 0 1</matrix>
          <instance_geometry url="#Cylinder_001-mesh" name="post_1">
            <bind_material>
              <technique_common>
                <instance_material symbol="CL_post-material" target="#CL_post-material">
                  <bind_vertex_input semantic="UVMap" input_semantic="TEXCOORD" input_set="0"/>
                </instance_material>
              </technique_common>
            </bind_material>
          </instance_geometry>
        </node>
        <node id="cap_1" name="cap_1" type="NODE">
          <matrix sid="transform">1 0 0 2.96 0 1 0 0 0 0 1 2.52 0 0 0 1</matrix>
          <instance_geometry url="#Sphere_001-mesh" name="cap_1">
            <bind_material>
              <technique_common>
                <instance_material symbol="CL_post-material" target="#CL_post-material">
                  <bind_vertex_input semantic="UVMap" input_semantic="TEXCOORD" input_set="0"/>
                </instance_material>
              </technique_common>
            </bind_material>
          </instance_geometry>
        </node>
        <node id="top_rail" name="top_rail" type="NODE">
          <matrix sid="transform">1 0 0 1.5 0 1 0 0 0 0 1 2.4 0 0 0 1</matrix>
          <instance_geometry url="#Cylinder_002-mesh" name="top_rail">
            <bind_material>
              <technique_common>
                <instance_material symbol="CL_post-material" target="#CL_post-material">
                  <bind_vertex_input semantic="UVMap" input_semantic="TEXCOORD" input_set="0"/>
                </instance_material>
              </technique_common>
            </bind_material>
          </instance_geometry>
        </node>
        <node id="mesh" name="mesh" type="NODE">
          <matrix sid="transform">1 0 0 1.5 0 1 0 0 0 0 1 1.2 0 0 0 1</matrix>
          <instance_geometry url="#Cube-mesh" name="mesh">
            <bind_material>
              <technique_common>
                <instance_material symbol="CL_mesh-material" target="#CL_mesh-material">
                  <bind_vertex_input semantic="UVMap" input_semantic="TEXCOORD" input_set="0"/>
                </instance_material>
              </technique_common>
            </bind_material>
          </instance_geometry>
        </node>
      </node>
    </visual_scene>
  </library_visual_scenes>
  <scene>
    <instance_visual_scene url="#Scene"/>
  </scene>
</COLLADA>