<?xml version="1.0" encoding="utf-8"?>
<COLLADA xmlns="http://www.collada.org/2005/11/COLLADASchema" version="1.4.1" xmlns:xsi="http://www.w3.org/2001/XMLSchema-instance">
  <asset>
    <contributor>
      <author>Blender User</author>
      <authoring_tool>Blender 4.2.9 LTS commit date:2025-04-14, commit time:12:24, hash:a10f621e649a</authoring_tool>
    </contributor>
    <created>2026-08-01T07:39:46</created>
    <modified>2026-08-01T07:39:46</modified>
    <unit name="meter" meter="1"/>
    <up_axis>Z_UP</up_axis>
  </asset>
  <library_effects>
    <effect id="CL_mesh-effect">
      <profile_COMMON>
        <newparam sid="chainlink_dark_png-surface">
          <surface type="2D">
            <init_from>chainlink_dark_png</init_from>
          </surface>
        </newparam>
        <newparam sid="chainlink_dark_png-sampler">
          <sampler2D>
            <source>chainlink_dark_png-surface</source>
          </sampler2D>
        </newparam>
        <technique sid="common">
          <lambert>
            <emission>
              <color sid="emission">0 0 0 1</color>
            </emission>
            <diffuse>
              <texture texture="chainlink_dark_png-sampler" texcoord="UVMap"/>
            </diffuse>
            <reflectivity>
              <float sid="specular">0.6</float>
            </reflectivity>
            <index_of_refraction>
              <float sid="ior">1.5</float>
            </index_of_refraction>
          </lambert>
        </technique>
      </profile_COMMON>
    </effect>
    <effect id="CL_post-effect">
      <profile_COMMON>
        <newparam sid="fence_post_png-surface">
          <surface type="2D">
            <init_from>fence_post_png</init_from>
          </surface>
        </newparam>
        <newparam sid="fence_post_png-sampler">
          <sampler2D>
            <source>fence_post_png-surface</source>
          </sampler2D>
        </newparam>
        <technique sid="common">
          <lambert>
            <emission>
              <color sid="emission">0 0 0 1</color>
            </emission>
            <diffuse>
              <texture texture="fence_post_png-sampler" texcoord="UVMap"/>
            </diffuse>
            <reflectivity>
              <float sid="specular">0.7</float>
            </reflectivity>
            <index_of_refraction>
              <float sid="ior">1.5</float>
            </index_of_refraction>
          </lambert>
        </technique>
      </profile_COMMON>
    </effect>
  </library_effects>
  <library_images>
    <image id="chainlink_dark_png" name="chainlink_dark_png">
      <init_from>chainlink_dark.png</init_from>
    </image>
    <image id="fence_post_png" name="fence_post_png">
      <init_from>fence_post.png</init_from>
    </image>
  </library_images>
  <library_materials>
    <material id="CL_mesh-material" name="CL_mesh">
      <instance_effect url="#CL_mesh-effect"/>
    </material>
    <material id="CL_post-material" name="CL_post">
      <instance_effect url="#CL_post-effect"/>
    </material>
  </library_materials>
  <library_geometries>
    <geometry id="Cube-mesh" name="Cube">
      <mesh>
        <source id="Cube-mesh-positions">
          <float_array id="Cube-mesh-positions-array" count="24">-1.42 -0.00999999 -0.828 -1.42 -0.00999999 0.828 -1.42 0.00999999 -0.828 -1.42 0.00999999 0.828 1.42 -0.00999999 -0.828 1.42 -0.00999999 0.828 1.42 0.00999999 -0.828 1.42 0.00999999 0.828</float_array>
          <technique_common>
            <accessor source="#Cube-mesh-positions-array" count="8" stride="3">
              <param name="X" type="float"/>
              <param name="Y" type="float"/>
              <param name="Z" type="float"/>
            </accessor>
          </technique_common>
        </source>
        <source id="Cube-mesh-normals">
          <float_array id="Cube-mesh-normals-array" count="36">-1 0 0 0 1 0 1 0 0 0 -1 0 0 0 -1 0 0 1 -1 0 0 0 1 0 1 0 0 0 -1 0 0 0 -1 0 0 1</float_array>
          <technique_common>
            <accessor source="#Cube-mesh-normals-array" count="12" stride="3">
              <param name="X" type="float"/>
              <param name="Y" type="float"/>
              <param name="Z" type="float"/>
            </accessor>
          </technique_common>
        </source>
        <source id="Cube-mesh-map-0">
          <float_array id="Cube-mesh-map-0-array" count="72">0.9912659 0.002979576 0.9970204 0.4794496 0.9912659 0.4794496 0.002979636 0.8201142 0.4794498 0.002979636 0.4794497 0.8201143 0.9912659 0.4854089 0.9970204 0.961879 0.9912659 0.961879 0.485409 0.8201142 0.9618791 0.002979636 0.961879 0.8201143 0.9735928 0.8201142 0.9678384 0.002979576 0.9735929 0.002979576 0.9853066 0.8201142 0.9795522 0.002979576 0.9853066 0.002979576 0.9912659 0.002979576 0.9970204 0.002979576 0.9970204 0.4794496 0.002979636 0.8201142 0.002979695 0.002979576 0.4794498 0.002979636 0.9912659 0.4854089 0.9970204 0.4854089 0.9970204 0.961879 0.485409 0.8201142 0.485409 0.002979576 0.9618791 0.002979636 0.9735928 0.8201142 0.9678384 0.8201142 0.9678384 0.002979576 0.9853066 0.8201142 0.9795521 0.8201142 0.9795522 0.002979576</float_array>
          <technique_common>
            <accessor source="#Cube-mesh-map-0-array" count="36" stride="2">
              <param name="S" type="float"/>
              <param name="T" type="float"/>
            </accessor>
          </technique_common>
        </source>
        <vertices id="Cube-mesh-vertices">
          <input semantic="POSITION" source="#Cube-mesh-positions"/>
        </vertices>
        <triangles material="CL_mesh-material" count="12">
          <input semantic="VERTEX" source="#Cube-mesh-vertices" offset="0"/>
          <input semantic="NORMAL" source="#Cube-mesh-normals" offset="1"/>
          <input semantic="TEXCOORD" source="#Cube-mesh-map-0" offset="2" set="0"/>
          <p>1 0 0 2 0 1 0 0 2 3 1 3 6 1 4 2 1 5 7 2 6 4 2 7 6 2 8 5 3 9 0 3 10 4 3 11 6 4 12 0 4 13 2 4 14 3 5 15 5 5 16 7 5 17 1 6 18 3 6 19 2 6 20 3 7 21 7 7 22 6 7 23 7 8 24 5 8 25 4 8 26 5 9 27 1 9 28 0 9 29 6 10 30 4 10 31 0 10 32 3 11 33 1 11 34 5 11 35</p>
        </triangles>
      </mesh>
    </geometry>
    <geometry id="Cylinder_002-mesh" name="Cylinder.002">
      <mesh>
        <source id="Cylinder_002-mesh-positions">
          <float_array id="Cylinder_002-mesh-positions-array" count="48">-1.46 0.02499997 0 1.46 0.02499997 0 -1.46 0.01767766 -0.0176776 1.46 0.01767766 -0.01767772 -1.46 0 -0.02499991 1.46 0 -0.02500003 -1.46 -0.01767766 -0.0176776 1.46 -0.01767766 -0.01767772 -1.46 -0.02499997 0 1.46 -0.02499997 0 -1.46 -0.01767766 0.01767772 1.46 -0.01767766 0.0176776 -1.46 0 0.02500003 1.46 0 0.02499991 -1.46 0.01767766 0.01767772 1.46 0.01767766 0.0176776</float_array>
          <technique_common>
            <accessor source="#Cylinder_002-mesh-positions-array" count="16" stride="3">
              <param name="X" type="float"/>
              <param name="Y" type="float"/>
              <param name="Z" type="float"/>
            </accessor>
          </technique_common>
        </source>
        <source id="Cylinder_002-mesh-normals">
          <float_array id="Cylinder_002-mesh-normals-array" count="84">0 0.9238796 -0.3826834 0 0.3826834 -0.9238796 0 -0.3826834 -0.9238796 0 -0.9238796 -0.3826834 0 -0.9238796 0.3826834 0 -0.3826834 0.9238796 1 0 0 0 0.3826834 0.9238796 0 0.9238796 0.3826834 -1 0 0 0 0.9238796 -0.3826834 0 0.3826834 -0.9238796 0 -0.3826834 -0.9238796 0 -0.9238796 -0.3826834 0 -0.9238796 0.3826834 0 -0.3826834 0.9238796 1 0 0 1 0 0 1 0 0 1 0 0 1 0 0 0 0.3826834 0.9238796 0 0.9238796 0.3826834 -1 0 0 -1 0 0 -1 0 0 -1 0 0 -1 0 0</float_array>
          <technique_common>
            <accessor source="#Cylinder_002-mesh-normals-array" count="28" stride="3">
              <param name="X" type="float"/>
              <param name="Y" type="float"/>
              <param name="Z" type="float"/>
            </accessor>
          </technique_common>
        </source>
        <source id="Cylinder_002-mesh-map-0">
          <float_array id="Cylinder_002-mesh-map-0-array" count="168">1 1 0.875 0.5 1 0.5 0.875 1 0.75 0.5 0.875 0.5 0.75 1 0.625 0.5 0.75 0.5 0.625 1 0.5 0.5 0.625 0.5 0.5 1 0.375 0.5 0.5 0.5 0.375 1 0.25 0.5 0.375 0.5 0.00999999 0.25 0.25 0.00999999 0.49 0.25 0.25 1 0.125 0.5 0.25 0.5 0.125 1 0 0.5 0.125 0.5 0.9197056 0.08029437 0.5802944 0.08029437 0.5802944 0.4197056 1 1 0.875 1 0.875 0.5 0.875 1 0.75 1 0.75 0.5 0.75 1 0.625 1 0.625 0.5 0.625 1 0.5 1 0.5 0.5 0.5 1 0.375 1 0.375 0.5 0.375 1 0.25 1 0.25 0.5 0.49 0.25 0.4197056 0.4197056 0.25 0.49 0.25 0.49 0.08029437 0.4197056 0.00999999 0.25 0.00999999 0.25 0.08029437 0.08029437 0.25 0.00999999 0.25 0.00999999 0.4197056 0.08029437 0.49 0.25 0.49 0.25 0.25 0.49 0.00999999 0.25 0.25 1 0.125 1 0.125 0.5 0.125 1 0 1 0 0.5 0.5802944 0.4197056 0.75 0.49 0.9197056 0.4197056 0.9197056 0.4197056 0.99 0.25 0.9197056 0.08029437 0.9197056 0.08029437 0.75 0.00999999 0.5802944 0.08029437 0.5802944 0.08029437 0.51 0.25 0.5802944 0.4197056 0.5802944 0.4197056 0.9197056 0.4197056 0.9197056 0.08029437</float_array>
          <technique_common>
            <accessor source="#Cylinder_002-mesh-map-0-array" count="84" stride="2">
              <param name="S" type="float"/>
              <param name="T" type="float"/>
            </accessor>
          </technique_common>
        </source>
        <vertices id="Cylinder_002-mesh-vertices">
          <input semantic="POSITION" source="#Cylinder_002-mesh-positions"/>
        </vertices>
        <triangles material="CL_post-material" count="28">
          <input semantic="VERTEX" source="#Cylinder_002-mesh-vertices" offset="0"/>
          <input semantic="NORMAL" source="#Cylinder_002-mesh-normals" offset="1"/>
          <input semantic="TEXCOORD" source="#Cylinder_002-mesh-map-0" offset="2" set="0"/>
          <p>1 0 0 2 0 1 0 0 2 3 1 3 4 1 4 2 1 5 5 2 6 6 2 7 4 2 8 7 3 9 8 3 10 6 3 11 9 4 12 10 4 13 8 4 14 11 5 15 12 5 16 10 5 17 13 6 18 9 6 19 5 6 20 13 7 21 14 7 22 12 7 23 15 8 24 0 8 25 14 8 26 6 9 27 10 9 28 14 9 29 1 10 30 3 10 31 2 10 32 3 11 33 5 11 34 4 11 35 5 12 36 7 12 37 6 12 38 7 13 39 9 13 40 8 13 41 9 14 42 11 14 43 10 14 44 11 15 45 13 15 46 12 15 47 5 16 48 3 16 49 1 16 50 1 17 51 15 17 52 13 17 53 13 18 54 11 18 55 9 18 56 9 19 57 7 19 58 5 19 59 5 20 60 1 20 61 13 20 62 13 21 63 15 21 64 14 21 65 15 22 66 1 22 67 0 22 68 14 23 69 0 23 70 2 23 71 2 24 72 4 24 73 6 24 74 6 25 75 8 25 76 10 25 77 10 26 78 12 26 79 14 26 80 14 27 81 2 27 82 6 27 83</p>
        </triangles>
      </mesh>
    </geometry>
    <geometry id="Sphere_001-mesh" name="Sphere.001">
      <mesh>
        <source id="Sphere_001-mesh-positions">
          <float_array id="Sphere_001-mesh-positions-array" count="1446">0 0.009364306 0.04707765 0 0.02666735 0.03991049 0 0.03394109 0.03394109 0 0.04434621 0.01836878 0 0.04799997 0 0 0.04707765 -0.009364306 0 0.03394109 -0.03394109 0 0.02666735 -0.03991049 0.001826882 0.00918436 0.04707765 0.00358355 0.0180158 0.04434621 0.005202531 0.02615493 0.03991049 0.006621539 0.03328895 0.03394109 0.007786154 0.03914362 0.02666735 0.008651494 0.0434941 0.01836878 0.00918436 0.04617309 0.009364306 0.009364306 0.04707765 0 0.00918436 0.04617309 -0.009364306 0.008651494 0.0434941 -0.01836878 0.007786154 0.03914362 -0.02666735 0.006621539 0.03328895 -0.03394109 0.005202531 0.02615493 -0.03991049 0.00358355 0.0180158 -0.04434621 0.001826882 0.00918436 -0.04707765 0.00358355 0.008651494 0.04707765 0.007029414 0.01697051 0.04434621 0.01020514 0.0246374 0.03991049 0.01298868 0.03135746 0.03394109 0.01527309 0.0368725 0.02666735 0.01697051 0.04097056 0.01836878 0.0180158 0.0434941 0.009364306 0.01836878 0.04434621 0 0.0180158 0.0434941 -0.009364306 0.01697051 0.04097056 -0.01836878 0.01527309 0.0368725 -0.02666735 0.01298868 0.03135746 -0.03394109 0.01020514 0.0246374 -0.03991049 0.007029414 0.01697051 -0.04434621 0.00358355 0.008651494 -0.04707765 0.005202531 0.007786154 0.04707765 0.01020514 0.01527309 0.04434621 0.01481556 0.0221731 0.03991049 0.01885664 0.02822101 0.03394109 0.0221731 0.03318434 0.02666735 0.0246374 0.0368725 0.01836878 0.02615493 0.03914362 0.009364306 0.02666735 0.03991049 0 0.02615493 0.03914362 -0.009364306 0.0246374 0.0368725 -0.01836878 0.0221731 0.03318434 -0.02666735 0.01885664 0.02822101 -0.03394109 0.01481556 0.0221731 -0.03991049 0.01020514 0.01527309 -0.04434621 0.005202531 0.007786154 -0.04707765 0.006621539 0.006621539 0.04707765 0.01298868 0.01298868 0.04434621 0.01885664 0.01885664 0.03991049 0.02399998 0.02399998 0.03394109 0.02822101 0.02822101 0.02666735 0.03135746 0.03135746 0.01836878 0.03328895 0.03328895 0.009364306 0.03394109 0.03394109 0 0.03328895 0.03328895 -0.009364306 0.03135746 0.03135746 -0.01836878 0.02822101 0.02822101 -0.02666735 0.02399998 0.02399998 -0.03394109 0.01885664 0.01885664 -0.03991049 0.01298868 0.01298868 -0.04434621 0.006621539 0.006621539 -0.04707765 0.007786154 0.005202531 0.04707765 0.01527309 0.01020514 0.04434621 0.0221731 0.01481556 0.03991049 0.02822101 0.01885664 0.03394109 0.03318434 0.0221731 0.02666735 0.0368725 0.0246374 0.01836878 0.03914362 0.02615493 0.009364306 0.03991049 0.02666735 0 0.03914362 0.02615493 -0.009364306 0.0368725 0.0246374 -0.01836878 0.03318434 0.0221731 -0.02666735 0.02822101 0.01885664 -0.03394109 0.0221731 0.01481556 -0.03991049 0.01527309 0.01020514 -0.04434621 0.007786154 0.005202531 -0.04707765 0.008651494 0.00358355 0.04707765 0.01697051 0.007029414 0.04434621 0.0246374 0.01020514 0.03991049 0.03135746 0.01298868 0.03394109 0.0368725 0.01527309 0.02666735 0.0409705 0.01697051 0.01836878 0.0434941 0.0180158 0.009364306 0.04434621 0.01836878 0 0.0434941 0.0180158 -0.009364306 0.0409705 0.01697051 -0.01836878 0.0368725 0.01527309 -0.02666735 0.03135746 0.01298868 -0.03394109 0.0246374 0.01020514 -0.03991049 0.01697051 0.007029414 -0.04434621 0.008651494 0.00358355 -0.04707765 0.00918436 0.001826882 0.04707765 0.0180158 0.00358355 0.04434621 0.02615493 0.005202531 0.03991049 0.03328889 0.006621539 0.03394109 0.03914362 0.007786154 0.02666735 0.0434941 0.008651494 0.01836878 0.04617309 0.00918436 0.009364306 0.04707765 0.009364306 0 0.04617309 0.00918436 -0.009364306 0.0434941 0.008651494 -0.01836878 0.03914362 0.007786154 -0.02666735 0.03328889 0.006621539 -0.03394109 0.02615493 0.005202531 -0.03991049 0.0180158 0.00358355 -0.04434621 0.00918436 0.001826882 -0.04707765 0.009364306 0 0.04707765 0.01836878 0 0.04434621 0.02666735 0 0.03991049 0.03394109 0 0.03394109 0.03991049 0 0.02666735 0.04434615 0 0.01836878 0.04707765 0 0.009364306 0.04799997 0 0 0.04707765 0 -0.009364306 0.04434615 0 -0.01836878 0.03991049 0 -0.02666735 0.03394109 0 -0.03394109 0.02666735 0 -0.03991049 0.01836878 0 -0.04434621 0.009364306 0 -0.04707765 0.00918436 -0.001826882 0.04707765 0.0180158 -0.00358355 0.04434621 0.02615493 -0.005202531 0.03991049 0.03328889 -0.006621539 0.03394109 0.03914362 -0.007786154 0.02666735 0.0434941 -0.008651494 0.01836878 0.04617309 -0.00918436 0.009364306 0.04707765 -0.009364306 0 0.04617309 -0.00918436 -0.009364306 0.0434941 -0.008651494 -0.01836878 0.03914362 -0.007786154 -0.02666735 0.03328889 -0.006621539 -0.03394109 0.02615493 -0.005202531 -0.03991049 0.0180158 -0.00358355 -0.04434621 0.00918436 -0.001826882 -0.04707765 0.008651494 -0.00358355 0.04707765 0.01697051 -0.007029414 0.04434621 0.0246374 -0.01020514 0.03991049 0.03135746 -0.01298868 0.03394109 0.0368725 -0.01527309 0.02666735 0.0409705 -0.01697051 0.01836878 0.0434941 -0.0180158 0.009364306 0.04434615 -0.01836878 0 0.0434941 -0.0180158 -0.009364306 0.0409705 -0.01697051 -0.01836878 0.0368725 -0.01527309 -0.02666735 0.03135746 -0.01298868 -0.03394109 0.0246374 -0.01020514 -0.03991049 0.01697051 -0.007029414 -0.04434621 0.008651494 -0.00358355 -0.04707765 0.007786154 -0.005202531 0.04707765 0.01527309 -0.01020514 0.04434621 0.0221731 -0.01481556 0.03991049 0.02822095 -0.01885664 0.03394109 0.03318434 -0.0221731 0.02666735 0.0368725 -0.0246374 0.01836878 0.03914362 -0.02615493 0.009364306 0.03991049 -0.02666735 0 0.03914362 -0.02615493 -0.009364306 0.0368725 -0.0246374 -0.01836878 0.03318434 -0.0221731 -0.02666735 0.02822095 -0.01885664 -0.03394109 0.0221731 -0.01481556 -0.03991049 0.01527309 -0.01020514 -0.04434621 0.007786154 -0.005202531 -0.04707765 0.006621539 -0.006621539 0.04707765 0.01298868 -0.01298868 0.04434621 0.01885664 -0.01885664 0.03991049 0.02399998 -0.02399998 0.03394109 0.02822095 -0.02822101 0.02666735 0.03135746 -0.03135746 0.01836878 0.03328889 -0.03328889 0.009364306 0.03394109 -0.03394109 0 0.03328889 -0.03328889 -0.009364306 0.03135746 -0.03135746 -0.01836878 0.02822095 -0.02822101 -0.02666735 0.02399998 -0.02399998 -0.03394109 0.01885664 -0.01885664 -0.03991049 0.01298868 -0.01298868 -0.04434621 0.006621539 -0.006621539 -0.04707765 0.005202531 -0.007786154 0.04707765 0.01020514 -0.01527309 0.04434621 0.01481556 -0.0221731 0.03991049 0.01885664 -0.02822095 0.03394109 0.02217304 -0.03318434 0.02666735 0.0246374 -0.0368725 0.01836878 0.02615493 -0.03914362 0.009364306 0.02666735 -0.03991049 0 0.02615493 -0.03914362 -0.009364306 0.0246374 -0.0368725 -0.01836878 0.02217304 -0.03318434 -0.02666735 0.01885664 -0.02822095 -0.03394109 0.01481556 -0.0221731 -0.03991049 0.01020514 -0.01527309 -0.04434621 0.005202531 -0.007786154 -0.04707765 0.00358355 -0.008651494 0.04707765 0.007029414 -0.01697051 0.04434621 0.01020514 -0.0246374 0.03991049 0.01298868 -0.03135746 0.03394109 0.01527309 -0.0368725 0.02666735 0.01697051 -0.0409705 0.01836878 0.0180158 -0.0434941 0.009364306 0.01836878 -0.04434615 0 0.0180158 -0.0434941 -0.009364306 0.01697051 -0.0409705 -0.01836878 0.01527309 -0.0368725 -0.02666735 0.01298868 -0.03135746 -0.03394109 0.01020514 -0.0246374 -0.03991049 0.007029414 -0.01697051 -0.04434621 0.00358355 -0.008651494 -0.04707765 0.001826882 -0.00918436 0.04707765 0.00358355 -0.0180158 0.04434621 0.005202531 -0.02615493 0.03991049 0.006621539 -0.03328889 0.03394109 0.007786095 -0.03914362 0.02666735 0.008651494 -0.04349404 0.01836878 0.00918436 -0.04617309 0.009364306 0.009364306 -0.04707765 0 0.00918436 -0.04617309 -0.009364306 0.008651494 -0.04349404 -0.01836878 0.007786095 -0.03914362 -0.02666735 0.006621539 -0.03328889 -0.03394109 0.005202531 -0.02615493 -0.03991049 0.00358355 -0.0180158 -0.04434621 0.001826882 -0.00918436 -0.04707765 0 -0.009364306 0.04707765 0 -0.01836878 0.04434621 0 -0.02666735 0.03991049 0 -0.03394109 0.03394109 0 -0.03991049 0.02666735 0 -0.04434615 0.01836878 0 -0.04707765 0.009364306 0 -0.04799997 0 0 -0.04707765 -0.009364306 0 -0.04434615 -0.01836878 0 -0.03991049 -0.02666735 0 -0.03394109 -0.03394109 0 -0.02666735 -0.03991049 0 -0.01836878 -0.04434621 0 -0.009364306 -0.04707765 0 0 -0.04799997 -0.001826882 -0.00918436 0.04707765 -0.00358355 -0.0180158 0.04434621 -0.005202531 -0.02615493 0.03991049 -0.006621539 -0.03328889 0.03394109 -0.007786154 -0.03914362 0.02666735 -0.008651494 -0.04349404 0.01836878 -0.00918436 -0.04617303 0.009364306 -0.009364306 -0.04707765 0 -0.00918436 -0.04617303 -0.009364306 -0.008651494 -0.04349404 -0.01836878 -0.007786154 -0.03914362 -0.02666735 -0.006621539 -0.03328889 -0.03394109 -0.005202531 -0.02615493 -0.03991049 -0.00358355 -0.0180158 -0.04434621 -0.001826882 -0.00918436 -0.04707765 -0.00358355 -0.008651494 0.04707765 -0.007029414 -0.01697051 0.04434621 -0.01020514 -0.0246374 0.03991049 -0.01298868 -0.03135746 0.03394109 -0.01527309 -0.0368725 0.02666735 -0.01697051 -0.0409705 0.01836878 -0.0180158 -0.04349404 0.009364306 -0.01836878 -0.04434615 0 -0.0180158 -0.04349404 -0.009364306 -0.01697051 -0.0409705 -0.01836878 -0.01527309 -0.0368725 -0.02666735 -0.01298868 -0.03135746 -0.03394109 -0.01020514 -0.0246374 -0.03991049 -0.007029414 -0.01697051 -0.04434621 -0.00358355 -0.008651494 -0.04707765 -0.005202531 -0.007786154 0.04707765 -0.01020514 -0.01527303 0.04434621 -0.01481556 -0.02217304 0.03991049 -0.01885664 -0.02822095 0.03394109 -0.0221731 -0.03318434 0.02666735 -0.0246374 -0.0368725 0.01836878 -0.02615493 -0.03914362 0.009364306 -0.02666735 -0.03991049 0 -0.02615493 -0.03914362 -0.009364306 -0.0246374 -0.0368725 -0.01836878 -0.0221731 -0.03318434 -0.02666735 -0.01885664 -0.02822095 -0.03394109 -0.01481556 -0.02217304 -0.03991049 -0.01020514 -0.01527303 -0.04434621 -0.005202531 -0.007786154 -0.04707765 -0.006621539 -0.006621539 0.04707765 -0.01298868 -0.01298868 0.04434621 -0.01885664 -0.01885664 0.03991049 -0.02399998 -0.02399992 0.03394109 -0.02822095 -0.02822095 0.02666735 -0.03135746 -0.03135746 0.01836878 -0.03328889 -0.03328889 0.009364306 -0.03394109 -0.03394109 0 -0.03328889 -0.03328889 -0.009364306 -0.03135746 -0.03135746 -0.01836878 -0.02822095 -0.02822095 -0.02666735 -0.02399998 -0.02399992 -0.03394109 -0.01885664 -0.01885664 -0.03991049 -0.01298868 -0.01298868 -0.04434621 -0.006621539 -0.006621539 -0.04707765 0 0 0.04799997 -0.007786154 -0.005202531 0.04707765 -0.01527309 -0.01020514 0.04434621 -0.0221731 -0.01481556 0.03991049 -0.02822095 -0.01885664 0.03394109 -0.03318434 -0.02217304 0.02666735 -0.0368725 -0.0246374 0.01836878 -0.03914362 -0.02615493 0.009364306 -0.03991049 -0.02666729 0 -0.03914362 -0.02615493 -0.009364306 -0.0368725 -0.0246374 -0.01836878 -0.03318434 -0.02217304 -0.02666735 -0.02822095 -0.01885664 -0.03394109 -0.0221731 -0.01481556 -0.03991049 -0.01527309 -0.01020514 -0.04434621 -0.007786154 -0.005202531 -0.04707765 -0.008651494 -0.00358355 0.04707765 -0.01697051 -0.007029414 0.04434621 -0.0246374 -0.01020514 0.03991049 -0.03135746 -0.01298868 0.03394109 -0.0368725 -0.01527309 0.02666735 -0.0409705 -0.01697051 0.01836878 -0.04349404 -0.0180158 0.009364306 -0.04434615 -0.01836878 0 -0.04349404 -0.0180158 -0.009364306 -0.0409705 -0.01697051 -0.01836878 -0.0368725 -0.01527309 -0.02666735 -0.03135746 -0.01298868 -0.03394109 -0.0246374 -0.01020514 -0.03991049 -0.01697051 -0.007029414 -0.04434621 -0.008651494 -0.00358355 -0.04707765 -0.00918436 -0.001826882 0.04707765 -0.0180158 -0.00358355 0.04434621 -0.02615493 -0.005202531 0.03991049 -0.03328889 -0.006621539 0.03394109 -0.03914362 -0.007786095 0.02666735 -0.04349404 -0.008651494 0.01836878 -0.04617303 -0.00918436 0.009364306 -0.04707765 -0.009364306 0 -0.04617303 -0.00918436 -0.009364306 -0.04349404 -0.008651494 -0.01836878 -0.03914362 -0.007786095 -0.02666735 -0.03328889 -0.006621539 -0.03394109 -0.02615493 -0.005202531 -0.03991049 -0.0180158 -0.00358355 -0.04434621 -0.00918436 -0.001826882 -0.04707765 -0.009364306 0 0.04707765 -0.01836878 0 0.04434621 -0.02666735 0 0.03991049 -0.03394109 0 0.03394109 -0.03991049 0 0.02666735 -0.04434615 0 0.01836878 -0.04707765 0 0.009364306 -0.04799997 0 0 -0.04707765 0 -0.009364306 -0.04434615 0 -0.01836878 -0.03991049 0 -0.02666735 -0.03394109 0 -0.03394109 -0.02666735 0 -0.03991049 -0.01836878 0 -0.04434621 -0.009364306 0 -0.04707765 -0.00918436 0.001826882 0.04707765 -0.0180158 0.00358355 0.04434621 -0.02615493 0.005202531 0.03991049 -0.03328889 0.006621539 0.03394109 -0.03914362 0.007786154 0.02666735 -0.04349404 0.008651494 0.01836878 -0.04617303 0.00918436 0.009364306 -0.04707765 0.009364306 0 -0.04617303 0.00918436 -0.009364306 -0.04349404 0.008651494 -0.01836878 -0.03914362 0.007786154 -0.02666735 -0.03328889 0.006621539 -0.03394109 -0.02615493 0.005202531 -0.03991049 -0.0180158 0.00358355 -0.04434621 -0.00918436 0.001826882 -0.04707765 -0.008651494 0.00358355 0.04707765 -0.01697051 0.007029414 0.04434621 -0.0246374 0.01020514 0.03991049 -0.03135746 0.01298868 0.03394109 -0.0368725 0.01527309 0.02666735 -0.0409705 0.01697051 0.01836878 -0.04349404 0.0180158 0.009364306 -0.04434615 0.01836878 0 -0.04349404 0.0180158 -0.009364306 -0.0409705 0.01697051 -0.01836878 -0.0368725 0.01527309 -0.02666735 -0.03135746 0.01298868 -0.03394109 -0.0246374 0.01020514 -0.03991049 -0.01697051 0.007029414 -0.04434621 -0.008651494 0.00358355 -0.04707765 -0.007786095 0.005202531 0.04707765 -0.01527303 0.01020514 0.04434621 -0.02217304 0.01481556 0.03991049 -0.02822095 0.01885664 0.03394109 -0.03318434 0.02217304 0.02666735 -0.03687244 0.0246374 0.01836878 -0.03914362 0.02615493 0.009364306 -0.03991049 0.02666735 0 -0.03914362 0.02615493 -0.009364306 -0.03687244 0.0246374 -0.01836878 -0.03318434 0.02217304 -0.02666735 -0.02822095 0.01885664 -0.03394109 -0.02217304 0.01481556 -0.03991049 -0.01527303 0.01020514 -0.04434621 -0.007786095 0.005202531 -0.04707765 -0.006621539 0.006621539 0.04707765 -0.01298868 0.01298868 0.04434621 -0.01885664 0.01885664 0.03991049 -0.02399992 0.02399992 0.03394109 -0.02822095 0.02822095 0.02666735 -0.03135746 0.03135746 0.01836878 -0.03328889 0.03328889 0.009364306 -0.03394109 0.03394109 0 -0.03328889 0.03328889 -0.009364306 -0.03135746 0.03135746 -0.01836878 -0.02822095 0.02822095 -0.02666735 -0.02399992 0.02399992 -0.03394109 -0.01885664 0.01885664 -0.03991049 -0.01298868 0.01298868 -0.04434621 -0.006621539 0.006621539 -0.04707765 -0.005202531 0.007786154 0.04707765 -0.01020514 0.01527309 0.04434621 -0.01481556 0.0221731 0.03991049 -0.01885664 0.02822095 0.03394109 -0.02217304 0.03318434 0.02666735 -0.0246374 0.0368725 0.01836878 -0.02615493 0.03914362 0.009364306 -0.02666729 0.03991049 0 -0.02615493 0.03914362 -0.009364306 -0.0246374 0.0368725 -0.01836878 -0.02217304 0.03318434 -0.02666735 -0.01885664 0.02822095 -0.03394109 -0.01481556 0.0221731 -0.03991049 -0.01020514 0.01527309 -0.04434621 -0.005202531 0.007786154 -0.04707765 -0.00358355 0.008651494 0.04707765 -0.007029414 0.01697051 0.04434621 -0.01020514 0.0246374 0.03991049 -0.01298868 0.03135746 0.03394109 -0.01527309 0.0368725 0.02666735 -0.01697051 0.0409705 0.01836878 -0.0180158 0.04349404 0.009364306 -0.01836878 0.04434615 0 -0.0180158 0.04349404 -0.009364306 -0.01697051 0.0409705 -0.01836878 -0.01527309 0.0368725 -0.02666735 -0.01298868 0.03135746 -0.03394109 -0.01020514 0.0246374 -0.03991049 -0.007029414 0.01697051 -0.04434621 -0.00358355 0.008651494 -0.04707765 -0.001826882 0.00918436 0.04707765 -0.00358355 0.0180158 0.04434621 -0.005202531 0.02615493 0.03991049 -0.006621539 0.03328889 0.03394109 -0.007786095 0.03914362 0.02666735 -0.008651494 0.04349404 0.01836878 -0.00918436 0.04617303 0.009364306 -0.009364306 0.04707765 0 -0.00918436 0.04617303 -0.009364306 -0.008651494 0.04349404 -0.01836878 -0.007786095 0.03914362 -0.02666735 -0.006621539 0.03328889 -0.03394109 -0.005202531 0.02615493 -0.03991049 -0.00358355 0.0180158 -0.04434621 -0.001826882 0.00918436 -0.04707765 0 0.01836878 0.04434621 0 0.03991049 0.02666735 0 0.04707759 0.009364306 0 0.04434615 -0.01836878 0 0.03991049 -0.02666735 0 0.01836878 -0.04434621 0 0.009364306 -0.04707765</float_array>
          <technique_common>
            <accessor source="#Sphere_001-mesh-positions-array" count="482" stride="3">
              <param name="X" type="float"/>
              <param name="Y" type="float"/>
              <param name="Z" type="float"/>
            </accessor>
          </technique_common>
        </source>
        <source id="Sphere_001-mesh-normals">
          <float_array id="Sphere_001-mesh-normals-array" count="2880">0.04637622 0.4708889 -0.8809727 0.09382975 0.9527187 0.2890036 0.02857762 0.2901664 -0.9565495 0.09754967 0.9904379 0.0975548 0.009653449 0.09801262 0.9951384 0.009652972 0.09801274 -0.9951384 0.09754979 0.9904383 -0.09754973 0.0285775 0.2901664 0.9565495 0.09383058 0.9527186 -0.2890036 0.04637855 0.4708896 0.8809723 0.08653295 0.8786136 -0.4696278 0.06236088 0.6331587 0.7715058 0.07591557 0.7707809 -0.6325611 0.07591259 0.7707799 0.6325628 0.06236064 0.6331588 -0.7715057 0.08653581 0.8786129 0.4696285 0.1846857 0.6088269 -0.7715056 0.2562821 0.8448482 0.4696285 0.1373536 0.4527934 -0.8809722 0.2778975 0.9161058 0.2890037 0.08463835 0.2790151 -0.9565495 0.2889002 0.9523763 0.09754973 0.02858924 0.09424608 0.9951384 0.02858924 0.09424608 -0.9951384 0.2889001 0.9523764 -0.09754979 0.08463841 0.2790151 0.9565494 0.2778978 0.9161056 -0.2890039 0.1373534 0.4527935 0.8809722 0.2562822 0.8448482 -0.4696286 0.1846858 0.6088269 0.7715057 0.2248284 0.7411589 -0.6325629 0.2248283 0.7411589 0.6325629 0.1374453 0.2571418 0.9565494 0.4512814 0.8442878 -0.2890039 0.2230498 0.4172969 0.8809723 0.4161796 0.7786162 -0.4696289 0.2999133 0.5610981 0.7715056 0.3651012 0.6830561 -0.6325627 0.3651014 0.6830558 0.6325629 0.2999132 0.5610982 -0.7715056 0.4161794 0.7786166 0.4696286 0.2230499 0.4172968 -0.8809723 0.4512814 0.8442878 0.2890039 0.1374453 0.2571419 -0.9565495 0.4691486 0.8777151 0.09754979 0.04642635 0.08685767 0.9951384 0.04642635 0.08685767 -0.9951383 0.4691486 0.8777149 -0.09754973 0.5600833 0.6824628 0.4696288 0.3001747 0.3657636 -0.8809722 0.6073225 0.7400245 0.2890038 0.1849702 0.2253867 -0.9565495 0.6313675 0.7693238 0.09754997 0.06247943 0.07613134 0.9951384 0.06247943 0.07613134 -0.9951383 0.6313677 0.7693237 -0.09754985 0.1849702 0.2253867 0.9565494 0.6073227 0.7400242 -0.2890042 0.3001746 0.3657637 0.8809723 0.560083 0.6824632 -0.4696285 0.4036153 0.4918066 0.7715056 0.4913435 0.5987036 -0.6325626 0.4913434 0.5987037 0.6325627 0.4036153 0.4918066 -0.7715056 0.7400245 0.6073223 -0.2890041 0.3657637 0.3001745 0.8809723 0.6824632 0.560083 -0.4696285 0.4918067 0.4036152 0.7715055 0.5987037 0.4913433 -0.6325627 0.5987037 0.4913434 0.6325628 0.4918066 0.4036153 -0.7715057 0.6824633 0.560083 0.4696284 0.3657637 0.3001744 -0.8809723 0.7400245 0.6073222 0.2890041 0.2253868 0.1849702 -0.9565495 0.769324 0.6313673 0.09754967 0.0761314 0.06247943 0.9951384 0.0761314 0.06247937 -0.9951384 0.7693238 0.6313676 -0.09755009 0.2253868 0.1849701 0.9565494 0.4172968 0.2230498 -0.8809723 0.8442878 0.4512813 0.289004 0.257142 0.1374452 -0.9565495 0.8777152 0.4691482 0.09754943 0.08685767 0.04642635 0.9951384 0.08685767 0.04642635 -0.9951384 0.8777151 0.4691486 -0.09754979 0.257142 0.1374452 0.9565494 0.8442879 0.4512809 -0.2890043 0.4172968 0.2230497 0.8809723 0.7786167 0.4161794 -0.4696285 0.5610982 0.2999132 0.7715057 0.6830561 0.365101 -0.6325627 0.683056 0.3651011 0.6325629 0.5610982 0.2999132 -0.7715056 0.7786169 0.4161791 0.4696282 0.8448486 0.2562814 -0.4696282 0.6088271 0.1846855 0.7715056 0.7411592 0.224828 -0.6325626 0.7411591 0.2248277 0.6325629 0.6088271 0.1846854 -0.7715057 0.8448484 0.2562817 0.4696284 0.4527935 0.1373531 -0.8809723 0.9161057 0.2778975 0.2890042 0.2790153 0.08463829 -0.9565495 0.9523764 0.2889002 0.09754967 0.09424608 0.02858918 0.9951383 0.09424608 0.02858918 -0.9951384 0.9523764 0.2889001 -0.09754955 0.2790153 0.08463817 0.9565494 0.9161056 0.2778974 -0.2890043 0.4527934 0.1373532 0.8809723 0.2901663 0.02857881 -0.9565495 0.9904384 0.09754931 0.09754967 0.09801268 0.009653389 0.9951384 0.09801268 0.009653329 -0.9951384 0.9904384 0.09754937 -0.09754973 0.2901662 0.02857863 0.9565494 0.952718 0.09383416 -0.2890043 0.4708894 0.04637855 0.8809723 0.878613 0.08653539 -0.4696285 0.6331589 0.06236058 0.7715056 0.7707798 0.07591497 -0.6325625 0.7707798 0.0759148 0.6325626 0.633159 0.0623607 -0.7715055 0.8786129 0.08653551 0.4696286 0.4708893 0.04637819 -0.8809724 0.952718 0.09383428 0.2890042 0.633159 -0.06236094 0.7715056 0.7707798 -0.07591545 -0.6325625 0.7707799 -0.07591515 0.6325625 0.6331591 -0.0623607 -0.7715055 0.8786128 -0.08653587 0.4696286 0.4708892 -0.04637867 -0.8809725 0.952718 -0.09383469 0.2890042 0.2901662 -0.02857893 -0.9565494 0.9904384 -0.09754973 0.09754985 0.09801268 -0.009653389 0.9951383 0.09801268 -0.009653389 -0.9951383 0.9904384 -0.09754985 -0.09754973 0.2901662 -0.02857893 0.9565494 0.952718 -0.09383457 -0.289004 0.4708893 -0.04637855 0.8809724 0.8786128 -0.08653581 -0.4696285 0.9523762 -0.2889007 0.09754943 0.09424608 -0.0285893 0.9951383 0.09424608 -0.02858924 -0.9951383 0.9523764 -0.2889002 -0.09754991 0.2790153 -0.08463853 0.9565494 0.9161055 -0.2778978 -0.2890042 0.4527933 -0.1373534 0.8809724 0.8448482 -0.2562823 -0.4696286 0.6088271 -0.184686 0.7715054 0.7411589 -0.2248284 -0.6325627 0.741159 -0.2248284 0.6325626 0.6088272 -0.1846858 -0.7715054 0.8448481 -0.2562821 0.4696286 0.4527931 -0.1373536 -0.8809725 0.9161057 -0.2778976 0.289004 0.2790153 -0.08463847 -0.9565494 0.683056 -0.3651013 -0.6325626 0.683056 -0.3651013 0.6325626 0.5610983 -0.2999135 -0.7715054 0.7786164 -0.4161794 0.4696287 0.4172964 -0.2230499 -0.8809725 0.8442878 -0.4512814 0.289004 0.2571421 -0.1374454 -0.9565494 0.877715 -0.4691487 0.09754949 0.08685767 -0.04642641 0.9951384 0.08685767 -0.04642641 -0.9951384 0.8777149 -0.4691486 -0.09754955 0.257142 -0.1374455 0.9565494 0.8442876 -0.4512814 -0.2890041 0.4172965 -0.2230498 0.8809725 0.7786164 -0.4161795 -0.4696287 0.5610983 -0.2999135 0.7715054 0.0761314 -0.06247943 0.9951383 0.0761314 -0.06247943 -0.9951384 0.7693236 -0.6313678 -0.09754955 0.2253868 -0.1849703 0.9565494 0.7400243 -0.6073225 -0.289004 0.3657634 -0.3001745 0.8809724 0.682463 -0.560083 -0.4696288 0.4918069 -0.4036155 0.7715054 0.5987037 -0.4913434 -0.6325625 0.5987037 -0.4913436 0.6325626 0.4918068 -0.4036156 -0.7715054 0.6824629 -0.5600831 0.4696288 0.3657634 -0.3001745 -0.8809724 0.7400245 -0.6073225 0.289004 0.2253869 -0.1849703 -0.9565494 0.7693235 -0.6313679 0.09754937 0.4913433 -0.5987039 0.6325625 0.4036154 -0.4918069 -0.7715054 0.5600827 -0.6824634 0.4696287 0.3001741 -0.3657636 -0.8809725 0.6073222 -0.7400247 0.2890038 0.1849702 -0.225387 -0.9565494 0.6313674 -0.769324 0.09754943 0.06247943 -0.0761314 0.9951383 0.06247937 -0.07613146 -0.9951384 0.6313674 -0.769324 -0.09754949 0.1849702 -0.225387 0.9565495 0.607322 -0.7400248 -0.2890039 0.3001743 -0.3657636 0.8809724 0.5600829 -0.6824632 -0.4696289 0.4036152 -0.4918069 0.7715054 0.4913433 -0.5987039 -0.6325626 0.4691483 -0.8777152 -0.09754961 0.1374452 -0.2571422 0.9565494 0.4512807 -0.8442881 -0.2890041 0.2230495 -0.4172967 0.8809725 0.4161791 -0.7786167 -0.4696287 0.2999132 -0.5610985 0.7715054 0.3651009 -0.6830562 -0.6325627 0.365101 -0.6830563 0.6325626 0.2999132 -0.5610985 -0.7715054 0.4161788 -0.7786169 0.4696285 0.2230494 -0.4172967 -0.8809725 0.4512811 -0.8442879 0.2890038 0.1374453 -0.2571421 -0.9565494 0.4691483 -0.8777152 0.09754961 0.04642635 -0.08685773 0.9951384 0.04642641 -0.08685773 -0.9951383 0.1846855 -0.6088272 -0.7715055 0.2562815 -0.8448486 0.4696282 0.1373534 -0.4527933 -0.8809724 0.2778976 -0.9161057 0.2890039 0.08463835 -0.2790155 -0.9565494 0.2888999 -0.9523765 0.09754949 0.02858924 -0.09424608 0.9951384 0.02858918 -0.09424608 -0.9951384 0.2889001 -0.9523764 -0.09754979 0.08463835 -0.2790154 0.9565494 0.2778971 -0.9161058 -0.2890043 0.1373531 -0.4527932 0.8809724 0.2562819 -0.8448483 -0.4696285 0.1846857 -0.6088273 0.7715055 0.2248281 -0.7411592 -0.6325626 0.2248281 -0.7411592 0.6325626 0.09383422 -0.952718 -0.2890043 0.04637837 -0.4708893 0.8809724 0.08653539 -0.8786131 -0.4696283 0.06236028 -0.6331592 0.7715055 0.07591462 -0.7707797 -0.6325628 0.0759148 -0.7707798 0.6325627 0.06236052 -0.6331593 -0.7715054 0.08653551 -0.8786131 0.4696282 0.04637825 -0.4708892 -0.8809724 0.09383434 -0.9527181 0.2890042 0.02857869 -0.2901664 -0.9565494 0.09754937 -0.9904384 0.09754961 0.009653329 -0.09801268 0.9951384 0.009653329 -0.09801268 -0.9951384 0.09754943 -0.9904384 -0.09754973 0.02857869 -0.2901664 0.9565494 -0.04637849 -0.4708892 -0.8809724 -0.09383469 -0.952718 0.2890042 -0.02857893 -0.2901664 -0.9565494 -0.09754973 -0.9904384 0.09754991 -0.009653389 -0.09801268 0.9951383 -0.009653389 -0.09801268 -0.9951383 -0.09754985 -0.9904383 -0.09754979 -0.02857887 -0.2901664 0.9565494 -0.09383463 -0.9527181 -0.289004 -0.04637855 -0.4708893 0.8809725 -0.08653581 -0.878613 -0.4696282 -0.062361 -0.6331592 0.7715053 -0.07591545 -0.7707796 -0.6325627 -0.07591515 -0.7707797 0.6325628 -0.06236076 -0.6331594 -0.7715053 -0.08653593 -0.8786131 0.4696282 -0.1373534 -0.4527932 0.8809724 -0.2562823 -0.8448483 -0.4696283 -0.1846861 -0.6088273 0.7715052 -0.2248285 -0.7411588 -0.6325629 -0.2248284 -0.7411588 0.6325629 -0.1846859 -0.6088276 -0.7715051 -0.2562823 -0.8448484 0.4696282 -0.1373536 -0.452793 -0.8809725 -0.2778977 -0.9161057 0.2890039 -0.08463859 -0.2790154 -0.9565494 -0.2889007 -0.9523762 0.09754961 -0.0285893 -0.09424608 0.9951383 -0.02858924 -0.09424608 -0.9951383 -0.2889002 -0.9523763 -0.09755009 -0.08463859 -0.2790154 0.9565494 -0.277898 -0.9161056 -0.2890042 -0.4512815 -0.8442877 0.289004 -0.1374454 -0.2571421 -0.9565494 -0.4691487 -0.8777149 0.09754985 -0.04642641 -0.08685767 0.9951384 -0.04642641 -0.08685773 -0.9951384 -0.4691488 -0.8777149 -0.09754985 -0.1374453 -0.2571421 0.9565494 -0.4512816 -0.8442876 -0.289004 -0.2230499 -0.4172965 0.8809724 -0.4161793 -0.7786168 -0.4696283 -0.2999137 -0.5610986 0.7715052 -0.3651012 -0.6830556 -0.6325631 -0.365101 -0.6830559 0.6325629 -0.2999138 -0.5610985 -0.7715051 -0.4161797 -0.7786168 0.469628 -0.2230497 -0.4172967 -0.8809723 -0.5600832 -0.6824634 -0.469628 -0.4036157 -0.4918069 0.7715052 -0.4913433 -0.5987033 -0.6325632 -0.4913432 -0.5987035 0.6325631 -0.4036158 -0.4918069 -0.7715052 -0.5600833 -0.6824634 0.4696279 -0.3001746 -0.3657634 -0.8809724 -0.6073226 -0.7400243 0.2890039 -0.1849703 -0.2253869 -0.9565494 -0.631368 -0.7693234 0.09754991 -0.06247943 -0.0761314 0.9951384 -0.06247943 -0.0761314 -0.9951383 -0.6313678 -0.7693235 -0.09755003 -0.1849703 -0.2253868 0.9565494 -0.6073225 -0.7400245 -0.2890037 -0.3001746 -0.3657635 0.8809723 -0.225387 -0.1849703 -0.9565494 -0.769324 -0.6313673 0.09754985 -0.07613146 -0.06247943 0.9951383 -0.07613146 -0.06247943 -0.9951384 -0.7693238 -0.6313675 -0.09755015 -0.225387 -0.1849702 0.9565495 -0.7400246 -0.6073223 -0.2890036 -0.3657637 -0.3001744 0.8809723 -0.6824635 -0.5600831 -0.4696279 -0.4918072 -0.4036155 0.7715052 -0.5987035 -0.491343 -0.6325632 -0.5987036 -0.491343 0.6325631 -0.4918071 -0.4036155 -0.7715052 -0.6824635 -0.5600831 0.469628 -0.3657637 -0.3001742 -0.8809724 -0.7400247 -0.6073223 0.2890036 -0.5610987 -0.2999134 0.7715052 -0.6830559 -0.3651008 -0.6325631 -0.6830559 -0.3651008 0.6325631 -0.5610987 -0.2999134 -0.7715052 -0.778617 -0.4161793 0.4696281 -0.4172967 -0.2230495 -0.8809724 -0.844288 -0.4512812 0.2890035 -0.2571422 -0.1374452 -0.9565494 -0.8777151 -0.4691484 0.09755009 -0.08685773 -0.04642635 0.9951383 -0.08685773 -0.04642641 -0.9951384 -0.8777151 -0.4691483 -0.09755003 -0.2571422 -0.1374452 0.9565494 -0.844288 -0.4512812 -0.2890035 -0.4172967 -0.2230496 0.8809723 -0.778617 -0.4161792 -0.469628 -0.9523764 -0.2888999 0.09755033 -0.09424614 -0.02858924 0.9951384 -0.09424614 -0.02858924 -0.9951383 -0.9523764 -0.2888998 -0.09755027 -0.2790155 -0.08463829 0.9565494 -0.916106 -0.2778972 -0.2890035 -0.4527933 -0.1373532 0.8809723 -0.8448485 -0.2562819 -0.4696282 -0.6088277 -0.1846855 0.7715051 -0.7411588 -0.2248276 -0.6325633 -0.7411588 -0.224828 0.632563 -0.6088275 -0.1846857 -0.7715052 -0.8448488 -0.2562816 0.4696279 -0.4527933 -0.1373532 -0.8809724 -0.9161059 -0.2778973 0.2890034 -0.2790155 -0.08463841 -0.9565494 -0.7707793 -0.07591456 -0.6325633 -0.7707793 -0.07591474 0.6325632 -0.6331595 -0.06236058 -0.7715051 -0.8786132 -0.08653557 0.4696278 -0.4708893 -0.04637849 -0.8809724 -0.9527183 -0.0938344 0.2890034 -0.2901664 -0.02857863 -0.9565494 -0.9904382 -0.09754937 0.09755039 -0.09801268 -0.00965327 0.9951383 -0.09801268 -0.009653329 -0.9951383 -0.9904383 -0.09754943 -0.09755051 -0.2901664 -0.02857881 0.9565494 -0.9527183 -0.09383428 -0.2890035 -0.4708893 -0.04637837 0.8809725 -0.8786132 -0.08653545 -0.4696279 -0.6331596 -0.06236034 0.7715051 -0.09801274 0.009653389 -0.9951384 -0.9904383 0.09754985 -0.09755057 -0.2901664 0.02857887 0.9565494 -0.9527183 0.09383463 -0.2890033 -0.4708893 0.04637855 0.8809724 -0.8786131 0.08653587 -0.4696279 -0.6331596 0.0623607 0.7715051 -0.7707793 0.07591497 -0.6325631 -0.7707793 0.07591515 0.6325632 -0.6331597 0.06236082 -0.7715051 -0.8786132 0.08653593 0.4696279 -0.4708893 0.04637849 -0.8809723 -0.9527183 0.09383475 0.2890034 -0.2901664 0.02857893 -0.9565494 -0.9904382 0.09755015 0.09755027 -0.09801268 0.009653389 0.9951383 -0.6088275 0.1846859 -0.7715051 -0.8448485 0.2562823 0.4696279 -0.4527933 0.1373534 -0.8809723 -0.9161059 0.2778978 0.2890033 -0.2790154 0.08463841 -0.9565494 -0.9523761 0.2889007 0.09755003 -0.09424614 0.02858924 0.9951384 -0.09424614 0.02858924 -0.9951384 -0.9523763 0.2889003 -0.09755045 -0.2790154 0.08463847 0.9565494 -0.9161058 0.277898 -0.2890035 -0.4527933 0.1373534 0.8809723 -0.8448484 0.2562825 -0.4696279 -0.6088277 0.1846862 0.771505 -0.7411587 0.2248284 -0.6325631 -0.7411587 0.2248284 0.6325631 -0.2571421 0.1374453 0.9565494 -0.8442876 0.4512818 -0.2890038 -0.4172967 0.2230498 0.8809724 -0.7786169 0.4161794 -0.4696279 -0.5610988 0.299914 0.771505 -0.6830555 0.3651013 -0.6325634 -0.6830558 0.365101 0.632563 -0.5610988 0.2999137 -0.7715051 -0.7786169 0.41618 0.4696276 -0.4172968 0.2230497 -0.8809724 -0.8442879 0.4512814 0.2890034 -0.2571421 0.1374453 -0.9565494 -0.8777148 0.4691488 0.09754985 -0.08685773 0.04642647 0.9951384 -0.08685773 0.04642641 -0.9951384 -0.8777151 0.4691485 -0.09755015 -0.6824636 0.5600835 0.4696276 -0.3657636 0.3001745 -0.8809723 -0.7400243 0.6073228 0.2890037 -0.2253869 0.1849703 -0.9565494 -0.7693235 0.6313678 0.09755021 -0.0761314 0.06247943 0.9951384 -0.0761314 0.06247949 -0.9951384 -0.7693234 0.6313679 -0.09755003 -0.2253869 0.1849703 0.9565495 -0.7400246 0.6073226 -0.2890034 -0.3657636 0.3001746 0.8809723 -0.6824635 0.5600835 -0.4696276 -0.4918072 0.4036161 0.7715049 -0.5987031 0.4913433 -0.6325634 -0.5987033 0.4913432 0.6325632 -0.4918072 0.403616 -0.7715049 -0.6073224 0.7400248 -0.2890032 -0.3001744 0.3657636 0.8809723 -0.5600833 0.6824636 -0.4696276 -0.4036157 0.4918076 0.7715049 -0.4913426 0.5987033 -0.6325635 -0.491343 0.5987033 0.6325633 -0.4036158 0.4918074 -0.7715049 -0.5600833 0.6824638 0.4696276 -0.3001743 0.3657638 -0.8809723 -0.6073223 0.7400249 0.2890034 -0.1849702 0.225387 -0.9565494 -0.6313673 0.7693238 0.09755039 -0.06247943 0.07613146 0.9951384 -0.06247943 0.07613146 -0.9951384 -0.6313673 0.7693239 -0.09755039 -0.1849702 0.225387 0.9565495 -0.2230496 0.4172968 -0.8809724 -0.4512811 0.8442882 0.2890031 -0.1374453 0.2571421 -0.9565494 -0.469148 0.8777152 0.09755051 -0.04642635 0.08685773 0.9951384 -0.04642641 0.08685773 -0.9951384 -0.4691482 0.8777152 -0.09755057 -0.1374452 0.2571421 0.9565494 -0.4512814 0.8442882 -0.2890027 -0.2230497 0.4172967 0.8809723 -0.4161794 0.7786172 -0.4696276 -0.2999134 0.5610993 0.7715047 -0.3651003 0.6830556 -0.6325636 -0.3651007 0.6830556 0.6325634 -0.2999136 0.5610991 -0.7715048 -0.4161794 0.778617 0.4696277 -0.1373531 0.4527934 0.8809723 -0.256282 0.8448486 -0.4696278 -0.1846857 0.6088281 0.7715046 -0.2248275 0.7411583 -0.6325637 -0.224828 0.7411584 0.6325636 -0.1846856 0.6088282 -0.7715047 -0.2562817 0.844849 0.4696275 -0.1373531 0.4527934 -0.8809723 -0.2778975 0.9161061 0.2890027 -0.08463841 0.2790154 -0.9565494 -0.2889 0.9523763 0.09755074 -0.02858924 0.09424608 0.9951383 -0.02858924 0.09424614 -0.9951383 -0.2889 0.9523764 -0.09755069 -0.08463829 0.2790155 0.9565494 -0.2778973 0.9161062 -0.2890028 -0.09383451 0.9527196 0.2889991 -0.02857863 0.2901664 -0.9565494 -0.09755337 0.9904375 0.0975548 -0.009653747 0.09801262 0.9951384 -0.009653329 0.09801274 -0.9951384 -0.09755468 0.9904377 -0.09755092 -0.02857887 0.2901666 0.9565493 -0.09383428 0.9527185 -0.2890027 -0.04637956 0.4708887 0.8809726 -0.08653545 0.8786134 -0.4696274 -0.06236428 0.6331585 0.7715057 -0.07591938 0.7707782 -0.6325638 -0.07591491 0.770781 0.6325611 -0.06236225 0.6331598 -0.7715048 -0.08653926 0.8786115 0.4696306 -0.04637849 0.4708893 -0.8809723 0.04637855 0.4708896 -0.8809723 0.09383469 0.9527195 0.2889991 0.0285775 0.2901663 -0.9565495 0.09754467 0.9904389 0.09754973 0.09754973 0.9904384 -0.09754979 0.02857893 0.2901666 0.9565493 0.09383457 0.9527171 -0.2890074 0.04637622 0.4708889 0.8809728 0.08653217 0.8786133 -0.4696283 0.0623607 0.6331589 0.7715057 0.07591259 0.7707799 -0.6325628 0.07591557 0.7707809 0.6325612 0.06236088 0.6331587 -0.7715058 0.08653277 0.8786121 0.4696308 0.1846858 0.6088269 -0.7715057 0.2562822 0.8448482 0.4696286 0.1373534 0.4527935 -0.8809722 0.2778978 0.9161056 0.2890039 0.08463841 0.2790151 -0.9565494 0.2889001 0.9523764 0.09754979 0.2889002 0.9523763 -0.09754973 0.08463841 0.2790151 0.9565495 0.2778975 0.9161058 -0.2890037 0.1373536 0.4527934 0.8809723 0.2562821 0.8448482 -0.4696285 0.1846857 0.6088269 0.7715056 0.2248283 0.7411589 -0.6325629 0.2248284 0.7411589 0.632563 0.1374452 0.2571419 0.9565495 0.4512814 0.8442878 -0.2890039 0.2230499 0.4172967 0.8809723 0.4161794 0.7786166 -0.4696286 0.2999132 0.5610981 0.7715057 0.3651014 0.6830558 -0.6325629 0.3651012 0.6830561 0.6325627 0.2999133 0.5610981 -0.7715055 0.4161796 0.7786163 0.4696289 0.2230498 0.4172969 -0.8809723 0.4512814 0.8442878 0.2890039 0.1374453 0.2571418 -0.9565494 0.4691486 0.8777149 0.09754973 0.4691485 0.8777151 -0.09754979 0.560083 0.6824632 0.4696285 0.3001746 0.3657637 -0.8809723 0.6073227 0.7400241 0.2890042 0.1849702 0.2253867 -0.9565494 0.6313677 0.7693237 0.09754985 0.6313676 0.7693237 -0.09754997 0.1849702 0.2253867 0.9565495 0.6073225 0.7400245 -0.2890038 0.3001747 0.3657636 0.8809723 0.5600833 0.6824628 -0.4696288 0.4036153 0.4918066 0.7715056 0.4913433 0.5987036 -0.6325627 0.4913434 0.5987035 0.6325627 0.4036153 0.4918066 -0.7715056 0.7400245 0.6073222 -0.2890041 0.3657638 0.3001744 0.8809723 0.6824633 0.560083 -0.4696284 0.4918066 0.4036153 0.7715057 0.5987036 0.4913433 -0.6325627 0.5987037 0.4913433 0.6325628 0.4918067 0.4036152 -0.7715056 0.6824632 0.560083 0.4696285 0.3657637 0.3001746 -0.8809723 0.7400245 0.6073223 0.2890041 0.2253868 0.1849701 -0.9565494 0.7693238 0.6313676 0.09755003 0.769324 0.6313672 -0.09754967 0.2253868 0.1849701 0.9565495 0.4172968 0.2230497 -0.8809723 0.8442879 0.451281 0.2890043 0.257142 0.1374452 -0.9565494 0.8777151 0.4691486 0.09754979 0.8777153 0.4691483 -0.09754943 0.257142 0.1374452 0.9565495 0.8442878 0.4512813 -0.289004 0.4172968 0.2230497 0.8809723 0.778617 0.4161791 -0.4696282 0.5610982 0.2999132 0.7715056 0.6830559 0.3651011 -0.6325629 0.6830561 0.365101 0.6325627 0.5610982 0.2999132 -0.7715057 0.7786167 0.4161794 0.4696285 0.8448484 0.2562817 -0.4696284 0.6088271 0.1846854 0.7715057 0.7411591 0.2248277 -0.6325629 0.7411591 0.224828 0.6325626 0.6088271 0.1846855 -0.7715056 0.8448486 0.2562814 0.4696282 0.4527935 0.1373532 -0.8809723 0.9161056 0.2778974 0.2890043 0.2790153 0.08463817 -0.9565494 0.9523764 0.2889001 0.09754955 0.9523763 0.2889001 -0.09754967 0.2790153 0.08463829 0.9565495 0.9161057 0.2778975 -0.2890042 0.4527935 0.1373531 0.8809723 0.2901662 0.02857863 -0.9565494 0.9904384 0.09754937 0.09754973 0.9904384 0.09754931 -0.09754967 0.2901663 0.02857875 0.9565495 0.952718 0.09383428 -0.2890042 0.4708893 0.04637819 0.8809724 0.8786129 0.08653545 -0.4696285 0.633159 0.0623607 0.7715055 0.7707798 0.0759148 -0.6325626 0.7707799 0.07591503 0.6325625 0.6331589 0.06236058 -0.7715057 0.878613 0.08653539 0.4696285 0.4708894 0.04637855 -0.8809723 0.952718 0.09383416 0.2890043 0.6331591 -0.0623607 0.7715054 0.7707797 -0.07591515 -0.6325627 0.7707796 -0.07591545 0.6325627 0.6331589 -0.06236094 -0.7715055 0.8786128 -0.08653581 0.4696286 0.4708893 -0.04637855 -0.8809724 0.952718 -0.09383457 0.289004 0.2901663 -0.02857899 -0.9565494 0.9904384 -0.09754985 0.09754973 0.9904384 -0.09754973 -0.09754985 0.2901663 -0.02857893 0.9565494 0.952718 -0.09383469 -0.2890042 0.4708892 -0.04637867 0.8809724 0.8786128 -0.08653587 -0.4696285 0.9523764 -0.2889002 0.09754991 0.9523763 -0.2889006 -0.09754949 0.2790154 -0.08463847 0.9565494 0.9161057 -0.2778976 -0.289004 0.4527931 -0.1373535 0.8809725 0.8448481 -0.2562821 -0.4696287 0.6088272 -0.1846857 0.7715054 0.741159 -0.2248284 -0.6325627 0.741159 -0.2248284 0.6325627 0.6088271 -0.184686 -0.7715054 0.8448481 -0.2562822 0.4696286 0.4527933 -0.1373534 -0.8809725 0.9161055 -0.2778978 0.2890042 0.2790153 -0.08463853 -0.9565494 0.683056 -0.3651013 -0.6325626 0.6830561 -0.3651013 0.6325626 0.5610983 -0.2999135 -0.7715054 0.7786164 -0.4161795 0.4696287 0.4172965 -0.2230498 -0.8809725 0.8442876 -0.4512814 0.2890041 0.257142 -0.1374455 -0.9565494 0.8777149 -0.4691486 0.09754955 0.877715 -0.4691487 -0.09754949 0.2571421 -0.1374453 0.9565494 0.8442878 -0.4512814 -0.289004 0.4172964 -0.2230499 0.8809725 0.7786164 -0.4161794 -0.4696288 0.5610983 -0.2999135 0.7715054 0.7693235 -0.6313679 -0.09754937 0.2253869 -0.1849703 0.9565494 0.7400245 -0.6073225 -0.289004 0.3657634 -0.3001745 0.8809725 0.682463 -0.5600831 -0.4696288 0.4918067 -0.4036155 0.7715054 0.5987037 -0.4913436 -0.6325626 0.5987038 -0.4913435 0.6325626 0.4918068 -0.4036155 -0.7715055 0.682463 -0.560083 0.4696288 0.3657634 -0.3001745 -0.8809724 0.7400244 -0.6073225 0.289004 0.2253868 -0.1849703 -0.9565494 0.7693236 -0.6313678 0.09754955 0.4913433 -0.5987039 0.6325626 0.4036152 -0.4918069 -0.7715054 0.5600828 -0.6824631 0.4696289 0.3001743 -0.3657636 -0.8809724 0.607322 -0.7400248 0.2890039 0.1849702 -0.225387 -0.9565495 0.6313674 -0.769324 0.09754949 0.6313674 -0.769324 -0.09754943 0.1849702 -0.225387 0.9565494 0.6073222 -0.7400247 -0.2890038 0.3001742 -0.3657636 0.8809725 0.5600827 -0.6824634 -0.4696287 0.4036154 -0.4918069 0.7715054 0.4913433 -0.5987039 -0.6325626 0.4691483 -0.8777152 -0.09754961 0.1374453 -0.2571422 0.9565494 0.4512811 -0.8442879 -0.2890037 0.2230494 -0.4172967 0.8809725 0.4161788 -0.7786169 -0.4696285 0.2999131 -0.5610985 0.7715055 0.365101 -0.6830563 -0.6325626 0.3651009 -0.6830562 0.6325627 0.2999132 -0.5610985 -0.7715054 0.416179 -0.7786166 0.4696287 0.2230495 -0.4172967 -0.8809724 0.4512807 -0.8442881 0.2890041 0.1374452 -0.2571422 -0.9565494 0.4691483 -0.8777152 0.09754961 0.1846857 -0.6088273 -0.7715055 0.2562819 -0.8448483 0.4696285 0.1373531 -0.4527932 -0.8809724 0.2778971 -0.9161058 0.2890043 0.08463841 -0.2790154 -0.9565494 0.2889001 -0.9523764 0.09754979 0.2888999 -0.9523765 -0.09754949 0.08463835 -0.2790155 0.9565494 0.2778976 -0.9161057 -0.2890039 0.1373534 -0.4527933 0.8809724 0.2562816 -0.8448486 -0.4696282 0.1846855 -0.6088272 0.7715055 0.2248281 -0.7411592 -0.6325627 0.2248281 -0.7411591 0.6325626 0.09383434 -0.9527181 -0.2890042 0.04637819 -0.4708892 0.8809724 0.08653551 -0.8786131 -0.4696282 0.06236052 -0.6331593 0.7715054 0.0759148 -0.7707798 -0.6325627 0.07591462 -0.7707797 0.6325628 0.06236028 -0.6331592 -0.7715055 0.08653539 -0.8786131 0.4696283 0.04637837 -0.4708893 -0.8809724 0.09383422 -0.952718 0.2890043 0.02857869 -0.2901664 -0.9565494 0.09754943 -0.9904384 0.09754967 0.09754937 -0.9904384 -0.09754961 0.02857875 -0.2901664 0.9565494 -0.04637855 -0.4708893 -0.8809725 -0.09383463 -0.9527181 0.289004 -0.02857881 -0.2901664 -0.9565494 -0.09754985 -0.9904383 0.09754979 -0.09754979 -0.9904384 -0.09754991 -0.02857893 -0.2901664 0.9565494 -0.09383469 -0.952718 -0.2890042 -0.04637849 -0.4708893 0.8809724 -0.08653587 -0.8786131 -0.4696282 -0.06236076 -0.6331594 0.7715052 -0.07591515 -0.7707794 -0.6325629 -0.07591545 -0.7707794 0.6325629 -0.062361 -0.6331592 -0.7715053 -0.08653581 -0.878613 0.4696282 -0.1373535 -0.4527931 0.8809725 -0.2562823 -0.8448484 -0.4696282 -0.1846859 -0.6088275 0.7715051 -0.2248284 -0.7411588 -0.6325629 -0.2248284 -0.7411588 0.6325629 -0.1846861 -0.6088273 -0.7715052 -0.2562823 -0.8448483 0.4696283 -0.1373534 -0.4527932 -0.8809724 -0.277898 -0.9161056 0.2890042 -0.08463859 -0.2790154 -0.9565494 -0.2889002 -0.9523763 0.09755009 -0.2889007 -0.9523763 -0.09754961 -0.08463853 -0.2790154 0.9565494 -0.2778977 -0.9161057 -0.2890039 -0.4512816 -0.8442876 0.289004 -0.1374453 -0.2571421 -0.9565494 -0.4691488 -0.8777149 0.09754985 -0.4691488 -0.8777149 -0.09754985 -0.1374454 -0.2571421 0.9565494 -0.4512815 -0.8442877 -0.289004 -0.2230497 -0.4172967 0.8809724 -0.4161797 -0.7786168 -0.469628 -0.2999138 -0.5610985 0.7715052 -0.365101 -0.6830559 -0.6325629 -0.3651011 -0.6830556 0.6325631 -0.2999137 -0.5610985 -0.7715052 -0.4161793 -0.7786168 0.4696283 -0.2230499 -0.4172965 -0.8809724 -0.5600833 -0.6824634 -0.4696279 -0.4036158 -0.4918069 0.7715051 -0.4913432 -0.5987035 -0.6325631 -0.4913433 -0.5987033 0.6325632 -0.4036157 -0.4918069 -0.7715052 -0.5600832 -0.6824634 0.469628 -0.3001746 -0.3657635 -0.8809723 -0.6073225 -0.7400245 0.2890037 -0.1849703 -0.2253868 -0.9565494 -0.6313678 -0.7693235 0.09755009 -0.6313679 -0.7693234 -0.09754991 -0.1849703 -0.2253869 0.9565494 -0.6073226 -0.7400243 -0.2890039 -0.3001746 -0.3657635 0.8809724 -0.225387 -0.1849702 -0.9565494 -0.7693238 -0.6313675 0.09755009 -0.769324 -0.6313673 -0.09754985 -0.225387 -0.1849702 0.9565494 -0.7400247 -0.6073223 -0.2890036 -0.3657637 -0.3001742 0.8809725 -0.6824635 -0.5600831 -0.469628 -0.4918071 -0.4036155 0.7715052 -0.5987036 -0.491343 -0.6325631 -0.5987036 -0.4913429 0.6325632 -0.4918072 -0.4036154 -0.7715052 -0.6824635 -0.5600831 0.4696279 -0.3657636 -0.3001744 -0.8809723 -0.7400246 -0.6073223 0.2890036 -0.5610987 -0.2999134 0.7715052 -0.6830559 -0.3651008 -0.6325631 -0.6830559 -0.3651008 0.6325632 -0.5610987 -0.2999134 -0.7715051 -0.778617 -0.4161792 0.469628 -0.4172967 -0.2230496 -0.8809723 -0.844288 -0.4512812 0.2890035 -0.2571422 -0.1374452 -0.9565494 -0.8777151 -0.4691483 0.09755003 -0.8777151 -0.4691484 -0.09755003 -0.2571422 -0.1374452 0.9565494 -0.844288 -0.4512812 -0.2890035 -0.4172967 -0.2230496 0.8809724 -0.7786169 -0.4161793 -0.4696281 -0.9523764 -0.2888998 0.09755021 -0.9523763 -0.2888999 -0.09755033 -0.2790155 -0.08463841 0.9565493 -0.9161059 -0.2778973 -0.2890034 -0.4527933 -0.1373531 0.8809724 -0.8448488 -0.2562816 -0.4696279 -0.6088275 -0.1846857 0.7715052 -0.7411588 -0.224828 -0.632563 -0.7411588 -0.2248276 0.6325633 -0.6088277 -0.1846855 -0.7715051 -0.8448485 -0.2562819 0.4696282 -0.4527933 -0.1373532 -0.8809725 -0.916106 -0.2778972 0.2890035 -0.2790155 -0.08463829 -0.9565494 -0.7707793 -0.07591474 -0.6325632 -0.7707793 -0.07591462 0.6325633 -0.6331597 -0.06236034 -0.7715049 -0.8786132 -0.08653545 0.4696279 -0.4708893 -0.04637837 -0.8809725 -0.9527183 -0.09383422 0.2890035 -0.2901664 -0.02857887 -0.9565494 -0.9904383 -0.09754943 0.09755051 -0.9904382 -0.09754937 -0.09755045 -0.2901664 -0.02857863 0.9565494 -0.9527183 -0.0938344 -0.2890034 -0.4708893 -0.04637849 0.8809724 -0.8786132 -0.08653557 -0.4696278 -0.6331597 -0.06236058 0.771505 -0.9904382 0.09755015 -0.09755027 -0.2901664 0.02857893 0.9565494 -0.9527183 0.09383475 -0.2890034 -0.4708893 0.04637849 0.8809724 -0.8786132 0.08653593 -0.4696278 -0.6331597 0.06236082 0.7715051 -0.7707793 0.07591515 -0.6325632 -0.7707793 0.07591503 0.6325631 -0.6331596 0.0623607 -0.7715051 -0.8786131 0.08653587 0.4696279 -0.4708893 0.04637855 -0.8809724 -0.9527183 0.09383463 0.2890033 -0.2901663 0.02857881 -0.9565494 -0.9904383 0.09754985 0.09755057 -0.6088277 0.1846862 -0.771505 -0.8448485 0.2562824 0.469628 -0.4527933 0.1373534 -0.8809723 -0.9161058 0.277898 0.2890035 -0.2790154 0.08463847 -0.9565494 -0.9523763 0.2889003 0.09755045 -0.9523761 0.2889007 -0.09754997 -0.2790154 0.08463841 0.9565494 -0.9161059 0.2778978 -0.2890033 -0.4527933 0.1373534 0.8809724 -0.8448485 0.2562823 -0.4696279 -0.6088275 0.1846859 0.7715051 -0.7411587 0.2248284 -0.6325631 -0.7411586 0.2248284 0.6325632 -0.257142 0.1374453 0.9565494 -0.8442879 0.4512814 -0.2890034 -0.4172967 0.2230498 0.8809723 -0.7786169 0.41618 -0.4696276 -0.5610988 0.2999137 0.7715051 -0.6830558 0.365101 -0.632563 -0.6830555 0.3651013 0.6325634 -0.5610988 0.299914 -0.771505 -0.7786169 0.4161794 0.4696279 -0.4172967 0.2230498 -0.8809724 -0.8442876 0.4512818 0.2890039 -0.2571421 0.1374453 -0.9565494 -0.8777151 0.4691485 0.09755021 -0.8777148 0.4691488 -0.09754985 -0.6824635 0.5600835 0.4696276 -0.3657636 0.3001746 -0.8809723 -0.7400246 0.6073226 0.2890034 -0.2253869 0.1849703 -0.9565495 -0.7693234 0.6313679 0.09755009 -0.7693235 0.6313678 -0.09755021 -0.2253868 0.1849703 0.9565494 -0.7400243 0.6073228 -0.2890037 -0.3657636 0.3001745 0.8809723 -0.6824635 0.5600834 -0.4696276 -0.4918072 0.403616 0.7715049 -0.5987033 0.4913432 -0.6325632 -0.598703 0.4913433 0.6325634 -0.4918072 0.4036161 -0.7715049 -0.6073223 0.7400249 -0.2890034 -0.3001743 0.3657638 0.8809723 -0.5600833 0.6824637 -0.4696276 -0.4036158 0.4918074 0.7715049 -0.491343 0.5987033 -0.6325633 -0.4913426 0.5987034 0.6325635 -0.4036157 0.4918076 -0.7715048 -0.5600833 0.6824636 0.4696276 -0.3001744 0.3657636 -0.8809723 -0.6073224 0.7400248 0.2890032 -0.1849702 0.225387 -0.9565495 -0.6313673 0.7693239 0.09755039 -0.6313673 0.7693238 -0.09755039 -0.1849702 0.225387 0.9565494 -0.2230497 0.4172967 -0.8809723 -0.4512814 0.8442882 0.2890027 -0.1374452 0.2571421 -0.9565494 -0.4691482 0.8777152 0.09755057 -0.469148 0.8777152 -0.09755051 -0.1374453 0.2571421 0.9565494 -0.4512811 0.8442882 -0.2890031 -0.2230496 0.4172968 0.8809724 -0.4161795 0.778617 -0.4696277 -0.2999136 0.5610991 0.7715048 -0.3651008 0.6830557 -0.6325634 -0.3651003 0.6830556 0.6325636 -0.2999134 0.5610993 -0.7715047 -0.4161794 0.7786172 0.4696276 -0.1373532 0.4527934 0.8809724 -0.2562817 0.844849 -0.4696275 -0.1846856 0.6088282 0.7715047 -0.224828 0.7411584 -0.6325636 -0.2248275 0.7411583 0.6325637 -0.1846857 0.6088281 -0.7715047 -0.256282 0.8448486 0.4696278 -0.1373531 0.4527934 -0.8809723 -0.2778973 0.9161062 0.2890028 -0.08463829 0.2790155 -0.9565494 -0.2889 0.9523764 0.09755069 -0.2889 0.9523763 -0.09755074 -0.08463841 0.2790155 0.9565493 -0.2778975 0.9161061 -0.2890027 -0.09383845 0.9527181 0.2890028 -0.02857881 0.2901664 -0.9565494 -0.09754949 0.9904383 0.09755092 -0.09755343 0.990438 -0.09754967 -0.02858 0.2901662 0.9565494 -0.09383928 0.9527165 -0.2890074 -0.04637849 0.4708893 0.8809724 -0.08653557 0.8786134 -0.4696276 -0.06236225 0.6331598 0.7715048 -0.07591491 0.770781 -0.6325611 -0.07591938 0.7707782 0.6325638 -0.06236422 0.6331585 -0.7715057 -0.08653545 0.8786134 0.4696274 -0.04637956 0.4708887 -0.8809726</float_array>
          <technique_common>
            <accessor source="#Sphere_001-mesh-normals-array" count="960" stride="3">
              <param name="X" type="float"/>
              <param name="Y" type="float"/>
              <param name="Z" type="float"/>
            </accessor>
          </technique_common>
        </source>
        <source id="Sphere_001-mesh-map-0">
          <float_array id="Sphere_001-mesh-map-0-array" count="5760">0.75 0.1875 0.71875 0.125 0.75 0.1249998 0.75 0.5625001 0.71875 0.625 0.71875 0.5625 0.75 0.1249998 0.71875 0.06249994 0.75 0.06249994 0.75 0.5625001 0.71875 0.5 0.75 0.5 0.75 0.9375001 0.734375 1 0.71875 0.9375001 0.734375 0 0.75 0.06249994 0.71875 0.06249994 0.75 0.5 0.71875 0.4375 0.75 0.4375 0.75 0.8750001 0.71875 0.9375001 0.71875 0.875 0.75 0.375 0.71875 0.4375 0.71875 0.375 0.75 0.8125 0.71875 0.875 0.71875 0.8125 0.75 0.375 0.71875 0.3125 0.75 0.3124999 0.75 0.8125 0.71875 0.75 0.75 0.75 0.75 0.3124999 0.71875 0.25 0.75 0.25 0.75 0.6875001 0.71875 0.75 0.71875 0.6875 0.75 0.1875 0.71875 0.25 0.71875 0.1875 0.75 0.625 0.71875 0.6875 0.71875 0.625 0.71875 0.1875 0.6875 0.25 0.6875 0.1875 0.71875 0.6875 0.6875 0.625 0.71875 0.625 0.71875 0.125 0.6875 0.1875 0.6875 0.125 0.71875 0.625 0.6875 0.5625 0.71875 0.5625 0.71875 0.06249994 0.6875 0.125 0.6875 0.06249994 0.71875 0.5 0.6875 0.5625 0.6875 0.5 0.71875 0.9375001 0.703125 1 0.6875 0.9375001 0.703125 0 0.71875 0.06249994 0.6875 0.06249994 0.71875 0.5 0.6875 0.4375 0.71875 0.4375 0.71875 0.9375001 0.6875 0.875 0.71875 0.875 0.71875 0.375 0.6875 0.4375 0.6875 0.375 0.71875 0.875 0.6875 0.8125 0.71875 0.8125 0.71875 0.3125 0.6875 0.375 0.6875 0.3125 0.71875 0.8125 0.6875 0.75 0.71875 0.75 0.71875 0.25 0.6875 0.3125 0.6875 0.25 0.71875 0.75 0.6875 0.6875 0.71875 0.6875 0.6875 0.9375001 0.65625 0.875 0.6875 0.875 0.6875 0.375 0.65625 0.4375 0.65625 0.375 0.6875 0.875 0.65625 0.8125 0.6875 0.8125 0.6875 0.3125 0.65625 0.375 0.65625 0.3125 0.6875 0.75 0.65625 0.8125 0.65625 0.75 0.6875 0.25 0.65625 0.3125 0.65625 0.25 0.6875 0.75 0.65625 0.6875 0.6875 0.6875 0.6875 0.25 0.65625 0.1875 0.6875 0.1875 0.6875 0.6875 0.65625 0.625 0.6875 0.625 0.6875 0.125 0.65625 0.1875 0.65625 0.125 0.6875 0.625 0.65625 0.5625 0.6875 0.5625 0.6875 0.06249994 0.65625 0.125 0.65625 0.06249994 0.6875 0.5 0.65625 0.5625 0.65625 0.5 0.6875 0.9375001 0.671875 1 0.65625 0.9375001 0.671875 0 0.6875 0.06249994 0.65625 0.06249994 0.6875 0.5 0.65625 0.4375 0.6875 0.4375 0.65625 0.6875 0.625 0.6250001 0.65625 0.625 0.65625 0.125 0.625 0.1875 0.625 0.125 0.65625 0.625 0.625 0.5625 0.65625 0.5625 0.65625 0.06249994 0.625 0.125 0.625 0.06249994 0.65625 0.5 0.625 0.5625 0.625 0.5 0.65625 0.9375001 0.640625 1 0.625 0.9375001 0.640625 0 0.65625 0.06249994 0.625 0.06249994 0.65625 0.5 0.625 0.4375 0.65625 0.4375 0.65625 0.9375001 0.625 0.875 0.65625 0.875 0.65625 0.375 0.625 0.4375 0.625 0.375 0.65625 0.875 0.625 0.8125 0.65625 0.8125 0.65625 0.3125 0.625 0.375 0.625 0.3125 0.65625 0.75 0.625 0.8125 0.625 0.75 0.65625 0.3125 0.625 0.25 0.65625 0.25 0.65625 0.75 0.625 0.6875 0.65625 0.6875 0.65625 0.25 0.625 0.1875 0.65625 0.1875 0.625 0.375 0.59375 0.4375 0.59375 0.375 0.625 0.875 0.59375 0.8125 0.625 0.8125 0.625 0.375 0.59375 0.3125 0.625 0.3125 0.625 0.75 0.59375 0.8125 0.59375 0.75 0.625 0.3125 0.59375 0.25 0.625 0.25 0.625 0.75 0.59375 0.6875 0.625 0.6875 0.625 0.25 0.59375 0.1875 0.625 0.1875 0.625 0.6250001 0.59375 0.6875 0.59375 0.6250001 0.625 0.125 0.59375 0.1875 0.59375 0.125 0.625 0.6250001 0.59375 0.5625 0.625 0.5625 0.625 0.06249994 0.59375 0.125 0.59375 0.06249994 0.625 0.5 0.59375 0.5625 0.59375 0.5 0.625 0.9375001 0.609375 1 0.59375 0.9375001 0.609375 0 0.625 0.06249994 0.59375 0.06249994 0.625 0.5 0.59375 0.4375 0.625 0.4375 0.625 0.9375001 0.59375 0.875 0.625 0.875 0.59375 0.125 0.5625 0.1875 0.5625 0.125 0.59375 0.6250001 0.5625 0.5625 0.59375 0.5625 0.59375 0.06249994 0.5625 0.125 0.5625 0.06249994 0.59375 0.5 0.5625 0.5625 0.5625 0.5 0.59375 0.9375001 0.578125 1 0.5625 0.9375001 0.578125 0 0.59375 0.06249994 0.5625 0.06249994 0.59375 0.5 0.5625 0.4375 0.59375 0.4375 0.59375 0.9375001 0.5625 0.875 0.59375 0.875 0.59375 0.375 0.5625 0.4375 0.5625 0.375 0.59375 0.875 0.5625 0.8125 0.59375 0.8125 0.59375 0.375 0.5625 0.3125 0.59375 0.3125 0.59375 0.75 0.5625 0.8125 0.5625 0.75 0.59375 0.3125 0.5625 0.25 0.59375 0.25 0.59375 0.6875 0.5625 0.75 0.5625 0.6875 0.59375 0.25 0.5625 0.1875 0.59375 0.1875 0.59375 0.6250001 0.5625 0.6875 0.5625 0.6250001 0.5625 0.375 0.53125 0.3125 0.5625 0.3125 0.5625 0.8125 0.53125 0.75 0.5625 0.75 0.5625 0.25 0.53125 0.3125 0.53125 0.25 0.5625 0.75 0.53125 0.6875 0.5625 0.6875 0.5625 0.1875 0.53125 0.25 0.53125 0.1875 0.5625 0.6250001 0.53125 0.6875 0.53125 0.6250001 0.5625 0.125 0.53125 0.1875 0.53125 0.125 0.5625 0.6250001 0.53125 0.5625 0.5625 0.5625 0.5625 0.06249994 0.53125 0.125 0.53125 0.06249994 0.5625 0.5 0.53125 0.5625 0.53125 0.5 0.5625 0.9375001 0.546875 1 0.53125 0.9375001 0.546875 0 0.5625 0.06249994 0.53125 0.06249994 0.5625 0.5 0.53125 0.4375 0.5625 0.4375 0.5625 0.9375001 0.53125 0.875 0.5625 0.875 0.5625 0.375 0.53125 0.4375 0.53125 0.375 0.5625 0.875 0.53125 0.8125 0.5625 0.8125 0.53125 0.06249994 0.5 0.125 0.5 0.06249994 0.53125 0.5 0.5 0.5625 0.5 0.5 0.53125 0.9375001 0.515625 1 0.5 0.9375001 0.515625 0 0.53125 0.06249994 0.5 0.06249994 0.53125 0.5 0.5 0.4375 0.53125 0.4375 0.53125 0.9375001 0.5 0.875 0.53125 0.875 0.53125 0.375 0.5 0.4375 0.5 0.375 0.53125 0.875 0.5 0.8125 0.53125 0.8125 0.53125 0.375 0.5 0.3125 0.53125 0.3125 0.53125 0.8125 0.5 0.75 0.53125 0.75 0.53125 0.25 0.5 0.3125 0.5 0.25 0.53125 0.75 0.5 0.6875001 0.53125 0.6875 0.53125 0.1875 0.5 0.25 0.5 0.1875 0.53125 0.6250001 0.5 0.6875001 0.5 0.6250001 0.53125 0.125 0.5 0.1875 0.5 0.125 0.53125 0.6250001 0.5 0.5625 0.53125 0.5625 0.5 0.8125 0.46875 0.75 0.5 0.75 0.5 0.3125 0.46875 0.25 0.5 0.25 0.5 0.75 0.46875 0.6875 0.5 0.6875001 0.5 0.1875 0.46875 0.25 0.46875 0.1875 0.5 0.6250001 0.46875 0.6875 0.46875 0.6250001 0.5 0.125 0.46875 0.1875 0.46875 0.125 0.5 0.6250001 0.46875 0.5625 0.5 0.5625 0.5 0.06249994 0.46875 0.125 0.46875 0.06249994 0.5 0.5 0.46875 0.5625 0.46875 0.5 0.5 0.9375001 0.484375 1 0.46875 0.9375001 0.484375 0 0.5 0.06249994 0.46875 0.06249994 0.5 0.5 0.46875 0.4375 0.5 0.4375 0.5 0.9375001 0.46875 0.875 0.5 0.875 0.5 0.375 0.46875 0.4375 0.46875 0.375 0.5 0.875 0.46875 0.8125 0.5 0.8125 0.5 0.375 0.46875 0.3125 0.5 0.3125 0.46875 0.5 0.4375 0.5625 0.4375 0.5 0.46875 0.9375001 0.453125 1 0.4375 0.9375001 0.453125 0 0.46875 0.06249994 0.4375 0.06249994 0.46875 0.5 0.4375 0.4375 0.46875 0.4375 0.46875 0.9375001 0.4375 0.875 0.46875 0.875 0.46875 0.375 0.4375 0.4375 0.4375 0.375 0.46875 0.875 0.4375 0.8125 0.46875 0.8125 0.46875 0.375 0.4375 0.3125 0.46875 0.3125 0.46875 0.8125 0.4375 0.7500001 0.46875 0.75 0.46875 0.25 0.4375 0.3125 0.4375 0.25 0.46875 0.75 0.4375 0.6875001 0.46875 0.6875 0.46875 0.1875 0.4375 0.25 0.4375 0.1875 0.46875 0.6250001 0.4375 0.6875001 0.4375 0.6250001 0.46875 0.125 0.4375 0.1875 0.4375 0.125 0.46875 0.6250001 0.4375 0.5625 0.46875 0.5625 0.46875 0.06249994 0.4375 0.125 0.4375 0.06249994 0.4375 0.25 0.40625 0.3125 0.40625 0.25 0.4375 0.7500001 0.40625 0.6875001 0.4375 0.6875001 0.4375 0.1875 0.40625 0.25 0.40625 0.1875 0.4375 0.6250001 0.40625 0.6875001 0.40625 0.6250001 0.4375 0.125 0.40625 0.1875 0.40625 0.125 0.4375 0.6250001 0.40625 0.5625 0.4375 0.5625 0.4375 0.06249994 0.40625 0.125 0.40625 0.06249994 0.4375 0.5 0.40625 0.5625 0.40625 0.5 0.4375 0.9375001 0.421875 1 0.40625 0.9375001 0.421875 0 0.4375 0.06249994 0.40625 0.06249994 0.4375 0.5 0.40625 0.4375 0.4375 0.4375 0.4375 0.9375001 0.40625 0.875 0.4375 0.875 0.4375 0.375 0.40625 0.4375 0.40625 0.375 0.4375 0.875 0.40625 0.8125 0.4375 0.8125 0.4375 0.375 0.40625 0.3125 0.4375 0.3125 0.4375 0.8125 0.40625 0.7500001 0.4375 0.7500001 0.40625 0.9375001 0.390625 1 0.375 0.9375001 0.390625 0 0.40625 0.06249994 0.375 0.06249994 0.40625 0.5 0.375 0.4375 0.40625 0.4375 0.40625 0.9375001 0.375 0.875 0.40625 0.875 0.40625 0.375 0.375 0.4375 0.375 0.375 0.40625 0.875 0.375 0.8125 0.40625 0.8125 0.40625 0.375 0.375 0.3125 0.40625 0.3125 0.40625 0.8125 0.375 0.7500001 0.40625 0.7500001 0.40625 0.25 0.375 0.3125 0.375 0.25 0.40625 0.7500001 0.375 0.6875001 0.40625 0.6875001 0.40625 0.25 0.375 0.1875 0.40625 0.1875 0.40625 0.6250001 0.375 0.6875001 0.375 0.6250001 0.40625 0.125 0.375 0.1875 0.375 0.125 0.40625 0.6250001 0.375 0.5625 0.40625 0.5625 0.40625 0.06249994 0.375 0.125 0.375 0.06249994 0.40625 0.5 0.375 0.5625 0.375 0.5 0.375 0.7500001 0.34375 0.6875001 0.375 0.6875001 0.375 0.1875 0.34375 0.25 0.34375 0.1875 0.375 0.6250001 0.34375 0.6875001 0.34375 0.6250001 0.375 0.125 0.34375 0.1875 0.34375 0.125 0.375 0.6250001 0.34375 0.5625 0.375 0.5625 0.375 0.06249994 0.34375 0.125 0.34375 0.06249994 0.375 0.5 0.34375 0.5625 0.34375 0.5 0.375 0.9375001 0.359375 1 0.34375 0.9375001 0.359375 0 0.375 0.06249994 0.34375 0.06249994 0.375 0.5 0.34375 0.4375 0.375 0.4375 0.375 0.9375001 0.34375 0.875 0.375 0.875 0.375 0.375 0.34375 0.4375 0.34375 0.375 0.375 0.875 0.34375 0.8125 0.375 0.8125 0.375 0.375 0.34375 0.3125 0.375 0.3125 0.375 0.8125 0.34375 0.7500001 0.375 0.7500001 0.375 0.25 0.34375 0.3125 0.34375 0.25 0.34375 0.5 0.3125 0.4375 0.34375 0.4375 0.34375 0.9375001 0.3125 0.8750001 0.34375 0.875 0.34375 0.375 0.3125 0.4375 0.3125 0.375 0.34375 0.875 0.3125 0.8125 0.34375 0.8125 0.34375 0.375 0.3125 0.3125 0.34375 0.3125 0.34375 0.8125 0.3125 0.7500001 0.34375 0.7500001 0.34375 0.25 0.3125 0.3125 0.3125 0.25 0.34375 0.7500001 0.3125 0.6875001 0.34375 0.6875001 0.34375 0.1875 0.3125 0.25 0.3125 0.1875 0.34375 0.6250001 0.3125 0.6875001 0.3125 0.6250001 0.34375 0.125 0.3125 0.1875 0.3125 0.1249998 0.34375 0.6250001 0.3125 0.5625 0.34375 0.5625 0.34375 0.06249994 0.3125 0.1249998 0.3125 0.06249994 0.34375 0.5 0.3125 0.5625 0.3125 0.5 0.34375 0.9375001 0.328125 1 0.3125 0.9375001 0.328125 0 0.34375 0.06249994 0.3125 0.06249994 0.3125 0.1875 0.28125 0.25 0.28125 0.1875 0.3125 0.6250001 0.28125 0.6875001 0.28125 0.6250001 0.3125 0.1249998 0.28125 0.1875 0.28125 0.125 0.3125 0.6250001 0.28125 0.5625 0.3125 0.5625 0.3125 0.1249998 0.28125 0.06249994 0.3125 0.06249994 0.3125 0.5 0.28125 0.5625 0.28125 0.5 0.3125 0.9375001 0.296875 1 0.28125 0.9375001 0.296875 0 0.3125 0.06249994 0.28125 0.06249994 0.3125 0.5 0.28125 0.4375 0.3125 0.4375 0.3125 0.8750001 0.28125 0.9375001 0.28125 0.875 0.3125 0.375 0.28125 0.4375 0.28125 0.375 0.3125 0.8750001 0.28125 0.8125 0.3125 0.8125 0.3125 0.375 0.28125 0.3125 0.3125 0.3125 0.3125 0.8125 0.28125 0.7500001 0.3125 0.7500001 0.3125 0.3125 0.28125 0.25 0.3125 0.25 0.3125 0.7500001 0.28125 0.6875001 0.3125 0.6875001 0.28125 0.375 0.25 0.4375 0.25 0.375 0.28125 0.875 0.25 0.8125 0.28125 0.8125 0.28125 0.3125 0.25 0.375 0.25 0.3125 0.28125 0.8125 0.25 0.7500001 0.28125 0.7500001 0.28125 0.25 0.25 0.3125 0.25 0.2499999 0.28125 0.7500001 0.25 0.6875001 0.28125 0.6875001 0.28125 0.1875 0.25 0.2499999 0.25 0.1875 0.28125 0.6875001 0.25 0.6250001 0.28125 0.6250001 0.28125 0.125 0.25 0.1875 0.25 0.1249998 0.28125 0.6250001 0.25 0.5625 0.28125 0.5625 0.28125 0.06249994 0.25 0.1249998 0.25 0.06249994 0.28125 0.5 0.25 0.5625 0.25 0.5 0.28125 0.9375001 0.265625 1 0.25 0.9375001 0.265625 0 0.28125 0.06249994 0.25 0.06249994 0.28125 0.5 0.25 0.4375 0.28125 0.4375 0.28125 0.9375001 0.25 0.8750001 0.28125 0.875 0.25 0.1875 0.21875 0.125 0.25 0.1249998 0.25 0.6250001 0.21875 0.5625001 0.25 0.5625 0.25 0.1249998 0.21875 0.06249994 0.25 0.06249994 0.25 0.5 0.21875 0.5625001 0.21875 0.5 0.25 0.9375001 0.234375 1 0.21875 0.9375001 0.234375 0 0.25 0.06249994 0.21875 0.06249994 0.25 0.5 0.21875 0.4375 0.25 0.4375 0.25 0.8750001 0.21875 0.9375001 0.21875 0.875 0.25 0.375 0.21875 0.4375 0.21875 0.375 0.25 0.8750001 0.21875 0.8125 0.25 0.8125 0.25 0.375 0.21875 0.3125 0.25 0.3125 0.25 0.8125 0.21875 0.7500001 0.25 0.7500001 0.25 0.3125 0.21875 0.2499999 0.25 0.2499999 0.25 0.7500001 0.21875 0.6875001 0.25 0.6875001 0.25 0.1875 0.21875 0.2499999 0.21875 0.1875 0.25 0.6250001 0.21875 0.6875001 0.21875 0.6250001 0.21875 0.875 0.1875 0.8125 0.21875 0.8125 0.21875 0.3125 0.1875 0.375 0.1875 0.3125 0.21875 0.8125 0.1875 0.7500001 0.21875 0.7500001 0.21875 0.2499999 0.1875 0.3125 0.1875 0.2499999 0.21875 0.7500001 0.1875 0.6875001 0.21875 0.6875001 0.21875 0.1875 0.1875 0.2499999 0.1875 0.1875 0.21875 0.6875001 0.1875 0.6250001 0.21875 0.6250001 0.21875 0.125 0.1875 0.1875 0.1875 0.1249998 0.21875 0.6250001 0.1875 0.5625001 0.21875 0.5625001 0.21875 0.06249994 0.1875 0.1249998 0.1875 0.06249994 0.21875 0.5 0.1875 0.5625001 0.1875 0.5 0.21875 0.9375001 0.203125 1 0.1875 0.9375001 0.203125 0 0.21875 0.06249994 0.1875 0.06249994 0.21875 0.5 0.1875 0.4375 0.21875 0.4375 0.21875 0.9375001 0.1875 0.8750001 0.21875 0.875 0.21875 0.375 0.1875 0.4375 0.1875 0.375 0.1875 0.6250001 0.15625 0.5625001 0.1875 0.5625001 0.1875 0.1249998 0.15625 0.06249994 0.1875 0.06249994 0.1875 0.5 0.15625 0.5625001 0.15625 0.5 0.1875 0.9375001 0.171875 1 0.15625 0.9375001 0.171875 0 0.1875 0.06249994 0.15625 0.06249994 0.1875 0.5 0.15625 0.4375 0.1875 0.4375 0.1875 0.8750001 0.15625 0.9375001 0.15625 0.8750001 0.1875 0.375 0.15625 0.4375 0.15625 0.375 0.1875 0.8750001 0.15625 0.8125001 0.1875 0.8125 0.1875 0.375 0.15625 0.3125 0.1875 0.3125 0.1875 0.8125 0.15625 0.7500001 0.1875 0.7500001 0.1875 0.2499999 0.15625 0.3125 0.15625 0.2499999 0.1875 0.7500001 0.15625 0.6875001 0.1875 0.6875001 0.1875 0.2499999 0.15625 0.1875 0.1875 0.1875 0.1875 0.6250001 0.15625 0.6875001 0.15625 0.6250001 0.1875 0.1249998 0.15625 0.1875 0.15625 0.1249998 0.15625 0.375 0.125 0.3125 0.15625 0.3125 0.15625 0.7500001 0.125 0.8125001 0.125 0.7500001 0.15625 0.2499999 0.125 0.3125 0.125 0.2499999 0.15625 0.7500001 0.125 0.6875001 0.15625 0.6875001 0.15625 0.2499999 0.125 0.1875 0.15625 0.1875 0.15625 0.6250001 0.125 0.6875001 0.125 0.6250001 0.15625 0.1249998 0.125 0.1875 0.125 0.1249998 0.15625 0.6250001 0.125 0.5625001 0.15625 0.5625001 0.15625 0.06249994 0.125 0.1249998 0.125 0.06249994 0.15625 0.5 0.125 0.5625001 0.125 0.5 0.15625 0.9375001 0.140625 1 0.125 0.9375001 0.140625 0 0.15625 0.06249994 0.125 0.06249994 0.15625 0.5 0.125 0.4375 0.15625 0.4375 0.15625 0.9375001 0.125 0.8750001 0.15625 0.8750001 0.15625 0.375 0.125 0.4375 0.125 0.375 0.15625 0.8750001 0.125 0.8125001 0.15625 0.8125001 0.125 0.06249994 0.09374994 0.1249998 0.09375 0.06249994 0.125 0.5 0.09375 0.5625001 0.09375 0.5 0.125 0.9375001 0.109375 1 0.09375 0.9375001 0.109375 0 0.125 0.06249994 0.09375 0.06249994 0.125 0.5 0.09375 0.4375 0.125 0.4375 0.125 0.9375001 0.09374994 0.8750001 0.125 0.8750001 0.125 0.375 0.09375 0.4375 0.09375 0.375 0.125 0.8750001 0.09375 0.8125001 0.125 0.8125001 0.125 0.375 0.09375 0.3125 0.125 0.3125 0.125 0.7500001 0.09375 0.8125001 0.09374994 0.7500001 0.125 0.2499999 0.09375 0.3125 0.09374994 0.2499998 0.125 0.7500001 0.09375 0.6875001 0.125 0.6875001 0.125 0.2499999 0.09375 0.1875 0.125 0.1875 0.125 0.6250001 0.09375 0.6875001 0.09375 0.6250001 0.125 0.1249998 0.09375 0.1875 0.09374994 0.1249998 0.125 0.6250001 0.09375 0.5625001 0.125 0.5625001 0.09374994 0.7500001 0.0625 0.8125001 0.0625 0.7500001 0.09374994 0.2499998 0.0625 0.3125 0.0625 0.2499998 0.09374994 0.7500001 0.0625 0.6875001 0.09375 0.6875001 0.09374994 0.2499998 0.0625 0.1875 0.09375 0.1875 0.09375 0.6250001 0.0625 0.6875001 0.0625 0.6250001 0.09374994 0.1249998 0.0625 0.1875 0.0625 0.1249998 0.09375 0.6250001 0.0625 0.5625001 0.09375 0.5625001 0.09375 0.06249994 0.0625 0.1249998 0.0625 0.06249994 0.09375 0.5 0.0625 0.5625001 0.0625 0.5 0.09375 0.9375001 0.078125 1 0.0625 0.9375001 0.078125 0 0.09375 0.06249994 0.0625 0.06249994 0.09375 0.5 0.0625 0.4375 0.09375 0.4375 0.09375 0.9375001 0.0625 0.8750001 0.09374994 0.8750001 0.09375 0.375 0.0625 0.4375 0.0625 0.375 0.09374994 0.8750001 0.0625 0.8125001 0.09375 0.8125001 0.09375 0.375 0.0625 0.3125 0.09375 0.3125 0.0625 0.5 0.03125 0.5625001 0.03124994 0.5 0.0625 0.9375001 0.04687494 1 0.03124994 0.9375001 0.04687494 0 0.0625 0.06249994 0.03124994 0.06249994 0.0625 0.5 0.03125 0.4375 0.0625 0.4375 0.0625 0.9375001 0.03124994 0.8750001 0.0625 0.8750001 0.0625 0.375 0.03125 0.4375 0.03125 0.375 0.0625 0.8750001 0.03124994 0.8125001 0.0625 0.8125001 0.0625 0.375 0.03125 0.3125 0.0625 0.3125 0.0625 0.7500001 0.03124994 0.8125001 0.03124994 0.7500001 0.0625 0.2499998 0.03125 0.3125 0.03124994 0.2499998 0.0625 0.7500001 0.03125 0.6875001 0.0625 0.6875001 0.0625 0.2499998 0.03124994 0.1875 0.0625 0.1875 0.0625 0.6250001 0.03125 0.6875001 0.03125 0.6250001 0.0625 0.1249998 0.03124994 0.1875 0.03124994 0.1249998 0.0625 0.6250001 0.03125 0.5625001 0.0625 0.5625001 0.0625 0.1249998 0.03124994 0.06249994 0.0625 0.06249994 0.03124994 0.2499998 0 0.3124999 0 0.2499998 0.03124994 0.7500001 0 0.6875001 0.03125 0.6875001 0.03124994 0.2499998 0 0.1875 0.03124994 0.1875 0.03125 0.6875001 0 0.6250001 0.03125 0.6250001 0.03124994 0.1249998 0 0.1875 0 0.1249998 0.03125 0.6250001 0 0.5625001 0.03125 0.5625001 0.03124994 0.06249994 0 0.1249998 0 0.06249994 0.03124994 0.5 0 0.5625001 0 0.5 0.03124994 0.9375001 0.01562494 1 0 0.9375001 0.01562494 0 0.03124994 0.06249994 0 0.06249994 0.03124994 0.5 0 0.4375 0.03125 0.4375 0.03124994 0.9375001 0 0.8750001 0.03124994 0.8750001 0.03125 0.375 0 0.4375 0 0.375 0.03124994 0.8750001 0 0.8125001 0.03124994 0.8125001 0.03125 0.3125 0 0.375 0 0.3124999 0.03124994 0.8125001 0 0.7500001 0.03124994 0.7500001 0.984375 0 1 0.06249994 0.96875 0.06249994 1 0.5 0.96875 0.4375 1 0.4375 1 0.8750001 0.96875 0.9375001 0.96875 0.8750001 1 0.375 0.96875 0.4375 0.96875 0.375 1 0.8125001 0.96875 0.8750001 0.96875 0.8125001 1 0.375 0.96875 0.3125 1 0.3124999 1 0.7500001 0.96875 0.8125001 0.96875 0.7500001 1 0.2499998 0.96875 0.3125 0.96875 0.2499998 1 0.7500001 0.96875 0.6875001 1 0.6875001 1 0.2499998 0.96875 0.1875 1 0.1875 1 0.6250001 0.96875 0.6875001 0.96875 0.6250001 1 0.1875 0.96875 0.1249998 1 0.1249998 1 0.6250001 0.96875 0.5625001 1 0.5625001 1 0.1249998 0.96875 0.06249994 1 0.06249994 1 0.5 0.96875 0.5625001 0.96875 0.5 1 0.9375001 0.984375 1 0.96875 0.9375001 0.96875 0.2499998 0.9375 0.1875 0.96875 0.1875 0.96875 0.6875001 0.9375 0.6250001 0.96875 0.6250001 0.96875 0.1249998 0.9375 0.1875 0.9375 0.1249998 0.96875 0.6250001 0.9375 0.5625001 0.96875 0.5625001 0.96875 0.1249998 0.9375 0.06249994 0.96875 0.06249994 0.96875 0.5 0.9375 0.5625001 0.9375 0.5 0.96875 0.9375001 0.953125 1 0.9375 0.9375001 0.953125 0 0.96875 0.06249994 0.9375 0.06249994 0.96875 0.5 0.9375 0.4375 0.96875 0.4375 0.96875 0.9375001 0.9375 0.8750001 0.96875 0.8750001 0.96875 0.375 0.9375 0.4375 0.9375 0.375 0.96875 0.8750001 0.9375 0.8125001 0.96875 0.8125001 0.96875 0.3125 0.9375 0.375 0.9375 0.3124999 0.96875 0.7500001 0.9375 0.8125001 0.9375 0.7500001 0.96875 0.2499998 0.9375 0.3124999 0.9375 0.2499998 0.96875 0.7500001 0.9375 0.6875001 0.96875 0.6875001 0.9375 0.9375001 0.90625 0.8750001 0.9375 0.8750001 0.9375 0.375 0.90625 0.4375 0.90625 0.375 0.9375 0.8750001 0.90625 0.8125001 0.9375 0.8125001 0.9375 0.375 0.90625 0.3124999 0.9375 0.3124999 0.9375 0.7500001 0.90625 0.8125001 0.90625 0.7500002 0.9375 0.2499998 0.90625 0.3124999 0.90625 0.2499998 0.9375 0.7500001 0.90625 0.6875001 0.9375 0.6875001 0.9375 0.2499998 0.90625 0.1875 0.9375 0.1875 0.9375 0.6250001 0.90625 0.6875001 0.90625 0.6250001 0.9375 0.1249998 0.90625 0.1875 0.90625 0.1249998 0.9375 0.6250001 0.90625 0.5625001 0.9375 0.5625001 0.9375 0.1249998 0.90625 0.06249994 0.9375 0.06249994 0.9375 0.5 0.90625 0.5625001 0.90625 0.5 0.9375 0.9375001 0.921875 1 0.90625 0.9375001 0.921875 0 0.9375 0.06249994 0.90625 0.06249994 0.9375 0.5 0.90625 0.4375 0.9375 0.4375 0.90625 0.6250001 0.875 0.6875001 0.875 0.6250001 0.90625 0.1249998 0.875 0.1875 0.875 0.1249998 0.90625 0.6250001 0.875 0.5625001 0.90625 0.5625001 0.90625 0.06249994 0.875 0.1249998 0.875 0.06249994 0.90625 0.5 0.875 0.5625001 0.875 0.5 0.90625 0.9375001 0.890625 1 0.875 0.9375001 0.890625 0 0.90625 0.06249994 0.875 0.06249994 0.90625 0.5 0.875 0.4375 0.90625 0.4375 0.90625 0.9375001 0.875 0.8750001 0.90625 0.8750001 0.90625 0.375 0.875 0.4375 0.875 0.375 0.90625 0.8750001 0.875 0.8125001 0.90625 0.8125001 0.90625 0.375 0.875 0.3124999 0.90625 0.3124999 0.90625 0.7500002 0.875 0.8125001 0.875 0.7500002 0.90625 0.2499998 0.875 0.3124999 0.875 0.2499998 0.90625 0.7500002 0.875 0.6875001 0.90625 0.6875001 0.90625 0.2499998 0.875 0.1875 0.90625 0.1875 0.875 0.375 0.84375 0.4375 0.84375 0.375 0.875 0.8125001 0.84375 0.8750001 0.84375 0.8125001 0.875 0.375 0.84375 0.3124999 0.875 0.3124999 0.875 0.7500002 0.84375 0.8125001 0.84375 0.7500002 0.875 0.2499998 0.84375 0.3124999 0.84375 0.2499998 0.875 0.7500002 0.84375 0.6875001 0.875 0.6875001 0.875 0.2499998 0.84375 0.1875 0.875 0.1875 0.875 0.6250001 0.84375 0.6875001 0.84375 0.6250001 0.875 0.1875 0.84375 0.1249998 0.875 0.1249998 0.875 0.6250001 0.84375 0.5625001 0.875 0.5625001 0.875 0.06249994 0.84375 0.1249998 0.84375 0.06249994 0.875 0.5 0.84375 0.5625001 0.84375 0.5 0.875 0.9375001 0.859375 1 0.84375 0.9375001 0.859375 0 0.875 0.06249994 0.84375 0.06249994 0.875 0.5 0.84375 0.4375 0.875 0.4375 0.875 0.9375001 0.84375 0.8750001 0.875 0.8750001 0.84375 0.1875 0.8125 0.1249998 0.84375 0.1249998 0.84375 0.6250001 0.8125 0.5625001 0.84375 0.5625001 0.84375 0.1249998 0.8125 0.06249994 0.84375 0.06249994 0.84375 0.5 0.8125 0.5625001 0.8125 0.5 0.84375 0.9375001 0.828125 1 0.8125 0.9375001 0.828125 0 0.84375 0.06249994 0.8125 0.06249994 0.84375 0.5 0.8125 0.4375 0.84375 0.4375 0.84375 0.8750001 0.8125 0.9375001 0.8125 0.8750001 0.84375 0.375 0.8125 0.4375 0.8125 0.375 0.84375 0.8125001 0.8125 0.8750001 0.8125 0.8125001 0.84375 0.375 0.8125 0.3124999 0.84375 0.3124999 0.84375 0.7500002 0.8125 0.8125001 0.8125 0.7500002 0.84375 0.2499998 0.8125 0.3124999 0.8125 0.2499998 0.84375 0.7500002 0.8125 0.6875001 0.84375 0.6875001 0.84375 0.2499998 0.8125 0.1875 0.84375 0.1875 0.84375 0.6250001 0.8125 0.6875001 0.8125 0.6250001 0.8125 0.8750001 0.78125 0.8125001 0.8125 0.8125001 0.8125 0.375 0.78125 0.3124999 0.8125 0.3124999 0.8125 0.8125001 0.78125 0.7500002 0.8125 0.7500002 0.8125 0.2499998 0.78125 0.3124999 0.78125 0.2499998 0.8125 0.7500002 0.78125 0.6875001 0.8125 0.6875001 0.8125 0.2499998 0.78125 0.1875 0.8125 0.1875 0.8125 0.6250001 0.78125 0.6875001 0.78125 0.6250001 0.8125 0.1249998 0.78125 0.1875 0.78125 0.1249998 0.8125 0.6250001 0.78125 0.5625001 0.8125 0.5625001 0.8125 0.1249998 0.78125 0.06249994 0.8125 0.06249994 0.8125 0.5 0.78125 0.5625001 0.78125 0.5 0.8125 0.9375001 0.796875 1 0.78125 0.9375001 0.796875 0 0.8125 0.06249994 0.78125 0.06249994 0.8125 0.5 0.78125 0.4375 0.8125 0.4375 0.8125 0.9375001 0.78125 0.8750001 0.8125 0.8750001 0.8125 0.375 0.78125 0.4375 0.78125 0.375 0.78125 0.5625001 0.75 0.625 0.75 0.5625001 0.78125 0.06249994 0.75 0.1249998 0.75 0.06249994 0.78125 0.5 0.75 0.5625001 0.75 0.5 0.78125 0.9375001 0.765625 1 0.75 0.9375001 0.765625 0 0.78125 0.06249994 0.75 0.06249994 0.78125 0.5 0.75 0.4375 0.78125 0.4375 0.78125 0.8750001 0.75 0.9375001 0.75 0.8750001 0.78125 0.4375 0.75 0.375 0.78125 0.375 0.78125 0.8125001 0.75 0.8750001 0.75 0.8125 0.78125 0.375 0.75 0.3124999 0.78125 0.3124999 0.78125 0.7500002 0.75 0.8125 0.75 0.75 0.78125 0.3124999 0.75 0.25 0.78125 0.2499998 0.78125 0.6875001 0.75 0.75 0.75 0.6875001 0.78125 0.2499998 0.75 0.1875 0.78125 0.1875 0.78125 0.6250001 0.75 0.6875001 0.75 0.625 0.78125 0.1875 0.75 0.1249998 0.78125 0.1249998 0.75 0.1875 0.71875 0.1875 0.71875 0.125 0.75 0.5625001 0.75 0.625 0.71875 0.625 0.75 0.1249998 0.71875 0.125 0.71875 0.06249994 0.75 0.5625001 0.71875 0.5625 0.71875 0.5 0.75 0.5 0.71875 0.5 0.71875 0.4375 0.75 0.8750001 0.75 0.9375001 0.71875 0.9375001 0.75 0.375 0.75 0.4375 0.71875 0.4375 0.75 0.8125 0.75 0.8750001 0.71875 0.875 0.75 0.375 0.71875 0.375 0.71875 0.3125 0.75 0.8125 0.71875 0.8125 0.71875 0.75 0.75 0.3124999 0.71875 0.3125 0.71875 0.25 0.75 0.6875001 0.75 0.75 0.71875 0.75 0.75 0.1875 0.75 0.25 0.71875 0.25 0.75 0.625 0.75 0.6875001 0.71875 0.6875 0.71875 0.1875 0.71875 0.25 0.6875 0.25 0.71875 0.6875 0.6875 0.6875 0.6875 0.625 0.71875 0.125 0.71875 0.1875 0.6875 0.1875 0.71875 0.625 0.6875 0.625 0.6875 0.5625 0.71875 0.06249994 0.71875 0.125 0.6875 0.125 0.71875 0.5 0.71875 0.5625 0.6875 0.5625 0.71875 0.5 0.6875 0.5 0.6875 0.4375 0.71875 0.9375001 0.6875 0.9375001 0.6875 0.875 0.71875 0.375 0.71875 0.4375 0.6875 0.4375 0.71875 0.875 0.6875 0.875 0.6875 0.8125 0.71875 0.3125 0.71875 0.375 0.6875 0.375 0.71875 0.8125 0.6875 0.8125 0.6875 0.75 0.71875 0.25 0.71875 0.3125 0.6875 0.3125 0.71875 0.75 0.6875 0.75 0.6875 0.6875 0.6875 0.9375001 0.65625 0.9375001 0.65625 0.875 0.6875 0.375 0.6875 0.4375 0.65625 0.4375 0.6875 0.875 0.65625 0.875 0.65625 0.8125 0.6875 0.3125 0.6875 0.375 0.65625 0.375 0.6875 0.75 0.6875 0.8125 0.65625 0.8125 0.6875 0.25 0.6875 0.3125 0.65625 0.3125 0.6875 0.75 0.65625 0.75 0.65625 0.6875 0.6875 0.25 0.65625 0.25 0.65625 0.1875 0.6875 0.6875 0.65625 0.6875 0.65625 0.625 0.6875 0.125 0.6875 0.1875 0.65625 0.1875 0.6875 0.625 0.65625 0.625 0.65625 0.5625 0.6875 0.06249994 0.6875 0.125 0.65625 0.125 0.6875 0.5 0.6875 0.5625 0.65625 0.5625 0.6875 0.5 0.65625 0.5 0.65625 0.4375 0.65625 0.6875 0.625 0.6875 0.625 0.6250001 0.65625 0.125 0.65625 0.1875 0.625 0.1875 0.65625 0.625 0.625 0.6250001 0.625 0.5625 0.65625 0.06249994 0.65625 0.125 0.625 0.125 0.65625 0.5 0.65625 0.5625 0.625 0.5625 0.65625 0.5 0.625 0.5 0.625 0.4375 0.65625 0.9375001 0.625 0.9375001 0.625 0.875 0.65625 0.375 0.65625 0.4375 0.625 0.4375 0.65625 0.875 0.625 0.875 0.625 0.8125 0.65625 0.3125 0.65625 0.375 0.625 0.375 0.65625 0.75 0.65625 0.8125 0.625 0.8125 0.65625 0.3125 0.625 0.3125 0.625 0.25 0.65625 0.75 0.625 0.75 0.625 0.6875 0.65625 0.25 0.625 0.25 0.625 0.1875 0.625 0.375 0.625 0.4375 0.59375 0.4375 0.625 0.875 0.59375 0.875 0.59375 0.8125 0.625 0.375 0.59375 0.375 0.59375 0.3125 0.625 0.75 0.625 0.8125 0.59375 0.8125 0.625 0.3125 0.59375 0.3125 0.59375 0.25 0.625 0.75 0.59375 0.75 0.59375 0.6875 0.625 0.25 0.59375 0.25 0.59375 0.1875 0.625 0.6250001 0.625 0.6875 0.59375 0.6875 0.625 0.125 0.625 0.1875 0.59375 0.1875 0.625 0.6250001 0.59375 0.6250001 0.59375 0.5625 0.625 0.06249994 0.625 0.125 0.59375 0.125 0.625 0.5 0.625 0.5625 0.59375 0.5625 0.625 0.5 0.59375 0.5 0.59375 0.4375 0.625 0.9375001 0.59375 0.9375001 0.59375 0.875 0.59375 0.125 0.59375 0.1875 0.5625 0.1875 0.59375 0.6250001 0.5625 0.6250001 0.5625 0.5625 0.59375 0.06249994 0.59375 0.125 0.5625 0.125 0.59375 0.5 0.59375 0.5625 0.5625 0.5625 0.59375 0.5 0.5625 0.5 0.5625 0.4375 0.59375 0.9375001 0.5625 0.9375001 0.5625 0.875 0.59375 0.375 0.59375 0.4375 0.5625 0.4375 0.59375 0.875 0.5625 0.875 0.5625 0.8125 0.59375 0.375 0.5625 0.375 0.5625 0.3125 0.59375 0.75 0.59375 0.8125 0.5625 0.8125 0.59375 0.3125 0.5625 0.3125 0.5625 0.25 0.59375 0.6875 0.59375 0.75 0.5625 0.75 0.59375 0.25 0.5625 0.25 0.5625 0.1875 0.59375 0.6250001 0.59375 0.6875 0.5625 0.6875 0.5625 0.375 0.53125 0.375 0.53125 0.3125 0.5625 0.8125 0.53125 0.8125 0.53125 0.75 0.5625 0.25 0.5625 0.3125 0.53125 0.3125 0.5625 0.75 0.53125 0.75 0.53125 0.6875 0.5625 0.1875 0.5625 0.25 0.53125 0.25 0.5625 0.6250001 0.5625 0.6875 0.53125 0.6875 0.5625 0.125 0.5625 0.1875 0.53125 0.1875 0.5625 0.6250001 0.53125 0.6250001 0.53125 0.5625 0.5625 0.06249994 0.5625 0.125 0.53125 0.125 0.5625 0.5 0.5625 0.5625 0.53125 0.5625 0.5625 0.5 0.53125 0.5 0.53125 0.4375 0.5625 0.9375001 0.53125 0.9375001 0.53125 0.875 0.5625 0.375 0.5625 0.4375 0.53125 0.4375 0.5625 0.875 0.53125 0.875 0.53125 0.8125 0.53125 0.06249994 0.53125 0.125 0.5 0.125 0.53125 0.5 0.53125 0.5625 0.5 0.5625 0.53125 0.5 0.5 0.5 0.5 0.4375 0.53125 0.9375001 0.5 0.9375001 0.5 0.875 0.53125 0.375 0.53125 0.4375 0.5 0.4375 0.53125 0.875 0.5 0.875 0.5 0.8125 0.53125 0.375 0.5 0.375 0.5 0.3125 0.53125 0.8125 0.5 0.8125 0.5 0.75 0.53125 0.25 0.53125 0.3125 0.5 0.3125 0.53125 0.75 0.5 0.75 0.5 0.6875001 0.53125 0.1875 0.53125 0.25 0.5 0.25 0.53125 0.6250001 0.53125 0.6875 0.5 0.6875001 0.53125 0.125 0.53125 0.1875 0.5 0.1875 0.53125 0.6250001 0.5 0.6250001 0.5 0.5625 0.5 0.8125 0.46875 0.8125 0.46875 0.75 0.5 0.3125 0.46875 0.3125 0.46875 0.25 0.5 0.75 0.46875 0.75 0.46875 0.6875 0.5 0.1875 0.5 0.25 0.46875 0.25 0.5 0.6250001 0.5 0.6875001 0.46875 0.6875 0.5 0.125 0.5 0.1875 0.46875 0.1875 0.5 0.6250001 0.46875 0.6250001 0.46875 0.5625 0.5 0.06249994 0.5 0.125 0.46875 0.125 0.5 0.5 0.5 0.5625 0.46875 0.5625 0.5 0.5 0.46875 0.5 0.46875 0.4375 0.5 0.9375001 0.46875 0.9375001 0.46875 0.875 0.5 0.375 0.5 0.4375 0.46875 0.4375 0.5 0.875 0.46875 0.875 0.46875 0.8125 0.5 0.375 0.46875 0.375 0.46875 0.3125 0.46875 0.5 0.46875 0.5625 0.4375 0.5625 0.46875 0.5 0.4375 0.5 0.4375 0.4375 0.46875 0.9375001 0.4375 0.9375001 0.4375 0.875 0.46875 0.375 0.46875 0.4375 0.4375 0.4375 0.46875 0.875 0.4375 0.875 0.4375 0.8125 0.46875 0.375 0.4375 0.375 0.4375 0.3125 0.46875 0.8125 0.4375 0.8125 0.4375 0.7500001 0.46875 0.25 0.46875 0.3125 0.4375 0.3125 0.46875 0.75 0.4375 0.7500001 0.4375 0.6875001 0.46875 0.1875 0.46875 0.25 0.4375 0.25 0.46875 0.6250001 0.46875 0.6875 0.4375 0.6875001 0.46875 0.125 0.46875 0.1875 0.4375 0.1875 0.46875 0.6250001 0.4375 0.6250001 0.4375 0.5625 0.46875 0.06249994 0.46875 0.125 0.4375 0.125 0.4375 0.25 0.4375 0.3125 0.40625 0.3125 0.4375 0.7500001 0.40625 0.7500001 0.40625 0.6875001 0.4375 0.1875 0.4375 0.25 0.40625 0.25 0.4375 0.6250001 0.4375 0.6875001 0.40625 0.6875001 0.4375 0.125 0.4375 0.1875 0.40625 0.1875 0.4375 0.6250001 0.40625 0.6250001 0.40625 0.5625 0.4375 0.06249994 0.4375 0.125 0.40625 0.125 0.4375 0.5 0.4375 0.5625 0.40625 0.5625 0.4375 0.5 0.40625 0.5 0.40625 0.4375 0.4375 0.9375001 0.40625 0.9375001 0.40625 0.875 0.4375 0.375 0.4375 0.4375 0.40625 0.4375 0.4375 0.875 0.40625 0.875 0.40625 0.8125 0.4375 0.375 0.40625 0.375 0.40625 0.3125 0.4375 0.8125 0.40625 0.8125 0.40625 0.7500001 0.40625 0.5 0.375 0.5 0.375 0.4375 0.40625 0.9375001 0.375 0.9375001 0.375 0.875 0.40625 0.375 0.40625 0.4375 0.375 0.4375 0.40625 0.875 0.375 0.875 0.375 0.8125 0.40625 0.375 0.375 0.375 0.375 0.3125 0.40625 0.8125 0.375 0.8125 0.375 0.7500001 0.40625 0.25 0.40625 0.3125 0.375 0.3125 0.40625 0.7500001 0.375 0.7500001 0.375 0.6875001 0.40625 0.25 0.375 0.25 0.375 0.1875 0.40625 0.6250001 0.40625 0.6875001 0.375 0.6875001 0.40625 0.125 0.40625 0.1875 0.375 0.1875 0.40625 0.6250001 0.375 0.6250001 0.375 0.5625 0.40625 0.06249994 0.40625 0.125 0.375 0.125 0.40625 0.5 0.40625 0.5625 0.375 0.5625 0.375 0.7500001 0.34375 0.7500001 0.34375 0.6875001 0.375 0.1875 0.375 0.25 0.34375 0.25 0.375 0.6250001 0.375 0.6875001 0.34375 0.6875001 0.375 0.125 0.375 0.1875 0.34375 0.1875 0.375 0.6250001 0.34375 0.6250001 0.34375 0.5625 0.375 0.06249994 0.375 0.125 0.34375 0.125 0.375 0.5 0.375 0.5625 0.34375 0.5625 0.375 0.5 0.34375 0.5 0.34375 0.4375 0.375 0.9375001 0.34375 0.9375001 0.34375 0.875 0.375 0.375 0.375 0.4375 0.34375 0.4375 0.375 0.875 0.34375 0.875 0.34375 0.8125 0.375 0.375 0.34375 0.375 0.34375 0.3125 0.375 0.8125 0.34375 0.8125 0.34375 0.7500001 0.375 0.25 0.375 0.3125 0.34375 0.3125 0.34375 0.5 0.3125 0.5 0.3125 0.4375 0.34375 0.9375001 0.3125 0.9375001 0.3125 0.8750001 0.34375 0.375 0.34375 0.4375 0.3125 0.4375 0.34375 0.875 0.3125 0.8750001 0.3125 0.8125 0.34375 0.375 0.3125 0.375 0.3125 0.3125 0.34375 0.8125 0.3125 0.8125 0.3125 0.7500001 0.34375 0.25 0.34375 0.3125 0.3125 0.3125 0.34375 0.7500001 0.3125 0.7500001 0.3125 0.6875001 0.34375 0.1875 0.34375 0.25 0.3125 0.25 0.34375 0.6250001 0.34375 0.6875001 0.3125 0.6875001 0.34375 0.125 0.34375 0.1875 0.3125 0.1875 0.34375 0.6250001 0.3125 0.6250001 0.3125 0.5625 0.34375 0.06249994 0.34375 0.125 0.3125 0.1249998 0.34375 0.5 0.34375 0.5625 0.3125 0.5625 0.3125 0.1875 0.3125 0.25 0.28125 0.25 0.3125 0.6250001 0.3125 0.6875001 0.28125 0.6875001 0.3125 0.1249998 0.3125 0.1875 0.28125 0.1875 0.3125 0.6250001 0.28125 0.6250001 0.28125 0.5625 0.3125 0.1249998 0.28125 0.125 0.28125 0.06249994 0.3125 0.5 0.3125 0.5625 0.28125 0.5625 0.3125 0.5 0.28125 0.5 0.28125 0.4375 0.3125 0.8750001 0.3125 0.9375001 0.28125 0.9375001 0.3125 0.375 0.3125 0.4375 0.28125 0.4375 0.3125 0.8750001 0.28125 0.875 0.28125 0.8125 0.3125 0.375 0.28125 0.375 0.28125 0.3125 0.3125 0.8125 0.28125 0.8125 0.28125 0.7500001 0.3125 0.3125 0.28125 0.3125 0.28125 0.25 0.3125 0.7500001 0.28125 0.7500001 0.28125 0.6875001 0.28125 0.375 0.28125 0.4375 0.25 0.4375 0.28125 0.875 0.25 0.8750001 0.25 0.8125 0.28125 0.3125 0.28125 0.375 0.25 0.375 0.28125 0.8125 0.25 0.8125 0.25 0.7500001 0.28125 0.25 0.28125 0.3125 0.25 0.3125 0.28125 0.7500001 0.25 0.7500001 0.25 0.6875001 0.28125 0.1875 0.28125 0.25 0.25 0.2499999 0.28125 0.6875001 0.25 0.6875001 0.25 0.6250001 0.28125 0.125 0.28125 0.1875 0.25 0.1875 0.28125 0.6250001 0.25 0.6250001 0.25 0.5625 0.28125 0.06249994 0.28125 0.125 0.25 0.1249998 0.28125 0.5 0.28125 0.5625 0.25 0.5625 0.28125 0.5 0.25 0.5 0.25 0.4375 0.28125 0.9375001 0.25 0.9375001 0.25 0.8750001 0.25 0.1875 0.21875 0.1875 0.21875 0.125 0.25 0.6250001 0.21875 0.6250001 0.21875 0.5625001 0.25 0.1249998 0.21875 0.125 0.21875 0.06249994 0.25 0.5 0.25 0.5625 0.21875 0.5625001 0.25 0.5 0.21875 0.5 0.21875 0.4375 0.25 0.8750001 0.25 0.9375001 0.21875 0.9375001 0.25 0.375 0.25 0.4375 0.21875 0.4375 0.25 0.8750001 0.21875 0.875 0.21875 0.8125 0.25 0.375 0.21875 0.375 0.21875 0.3125 0.25 0.8125 0.21875 0.8125 0.21875 0.7500001 0.25 0.3125 0.21875 0.3125 0.21875 0.2499999 0.25 0.7500001 0.21875 0.7500001 0.21875 0.6875001 0.25 0.1875 0.25 0.2499999 0.21875 0.2499999 0.25 0.6250001 0.25 0.6875001 0.21875 0.6875001 0.21875 0.875 0.1875 0.8750001 0.1875 0.8125 0.21875 0.3125 0.21875 0.375 0.1875 0.375 0.21875 0.8125 0.1875 0.8125 0.1875 0.7500001 0.21875 0.2499999 0.21875 0.3125 0.1875 0.3125 0.21875 0.7500001 0.1875 0.7500001 0.1875 0.6875001 0.21875 0.1875 0.21875 0.2499999 0.1875 0.2499999 0.21875 0.6875001 0.1875 0.6875001 0.1875 0.6250001 0.21875 0.125 0.21875 0.1875 0.1875 0.1875 0.21875 0.6250001 0.1875 0.6250001 0.1875 0.5625001 0.21875 0.06249994 0.21875 0.125 0.1875 0.1249998 0.21875 0.5 0.21875 0.5625001 0.1875 0.5625001 0.21875 0.5 0.1875 0.5 0.1875 0.4375 0.21875 0.9375001 0.1875 0.9375001 0.1875 0.8750001 0.21875 0.375 0.21875 0.4375 0.1875 0.4375 0.1875 0.6250001 0.15625 0.6250001 0.15625 0.5625001 0.1875 0.1249998 0.15625 0.1249998 0.15625 0.06249994 0.1875 0.5 0.1875 0.5625001 0.15625 0.5625001 0.1875 0.5 0.15625 0.5 0.15625 0.4375 0.1875 0.8750001 0.1875 0.9375001 0.15625 0.9375001 0.1875 0.375 0.1875 0.4375 0.15625 0.4375 0.1875 0.8750001 0.15625 0.8750001 0.15625 0.8125001 0.1875 0.375 0.15625 0.375 0.15625 0.3125 0.1875 0.8125 0.15625 0.8125001 0.15625 0.7500001 0.1875 0.2499999 0.1875 0.3125 0.15625 0.3125 0.1875 0.7500001 0.15625 0.7500001 0.15625 0.6875001 0.1875 0.2499999 0.15625 0.2499999 0.15625 0.1875 0.1875 0.6250001 0.1875 0.6875001 0.15625 0.6875001 0.1875 0.1249998 0.1875 0.1875 0.15625 0.1875 0.15625 0.375 0.125 0.375 0.125 0.3125 0.15625 0.7500001 0.15625 0.8125001 0.125 0.8125001 0.15625 0.2499999 0.15625 0.3125 0.125 0.3125 0.15625 0.7500001 0.125 0.7500001 0.125 0.6875001 0.15625 0.2499999 0.125 0.2499999 0.125 0.1875 0.15625 0.6250001 0.15625 0.6875001 0.125 0.6875001 0.15625 0.1249998 0.15625 0.1875 0.125 0.1875 0.15625 0.6250001 0.125 0.6250001 0.125 0.5625001 0.15625 0.06249994 0.15625 0.1249998 0.125 0.1249998 0.15625 0.5 0.15625 0.5625001 0.125 0.5625001 0.15625 0.5 0.125 0.5 0.125 0.4375 0.15625 0.9375001 0.125 0.9375001 0.125 0.8750001 0.15625 0.375 0.15625 0.4375 0.125 0.4375 0.15625 0.8750001 0.125 0.8750001 0.125 0.8125001 0.125 0.06249994 0.125 0.1249998 0.09374994 0.1249998 0.125 0.5 0.125 0.5625001 0.09375 0.5625001 0.125 0.5 0.09375 0.5 0.09375 0.4375 0.125 0.9375001 0.09375 0.9375001 0.09374994 0.8750001 0.125 0.375 0.125 0.4375 0.09375 0.4375 0.125 0.8750001 0.09374994 0.8750001 0.09375 0.8125001 0.125 0.375 0.09375 0.375 0.09375 0.3125 0.125 0.7500001 0.125 0.8125001 0.09375 0.8125001 0.125 0.2499999 0.125 0.3125 0.09375 0.3125 0.125 0.7500001 0.09374994 0.7500001 0.09375 0.6875001 0.125 0.2499999 0.09374994 0.2499998 0.09375 0.1875 0.125 0.6250001 0.125 0.6875001 0.09375 0.6875001 0.125 0.1249998 0.125 0.1875 0.09375 0.1875 0.125 0.6250001 0.09375 0.6250001 0.09375 0.5625001 0.09374994 0.7500001 0.09375 0.8125001 0.0625 0.8125001 0.09374994 0.2499998 0.09375 0.3125 0.0625 0.3125 0.09374994 0.7500001 0.0625 0.7500001 0.0625 0.6875001 0.09374994 0.2499998 0.0625 0.2499998 0.0625 0.1875 0.09375 0.6250001 0.09375 0.6875001 0.0625 0.6875001 0.09374994 0.1249998 0.09375 0.1875 0.0625 0.1875 0.09375 0.6250001 0.0625 0.6250001 0.0625 0.5625001 0.09375 0.06249994 0.09374994 0.1249998 0.0625 0.1249998 0.09375 0.5 0.09375 0.5625001 0.0625 0.5625001 0.09375 0.5 0.0625 0.5 0.0625 0.4375 0.09375 0.9375001 0.0625 0.9375001 0.0625 0.8750001 0.09375 0.375 0.09375 0.4375 0.0625 0.4375 0.09374994 0.8750001 0.0625 0.8750001 0.0625 0.8125001 0.09375 0.375 0.0625 0.375 0.0625 0.3125 0.0625 0.5 0.0625 0.5625001 0.03125 0.5625001 0.0625 0.5 0.03124994 0.5 0.03125 0.4375 0.0625 0.9375001 0.03124994 0.9375001 0.03124994 0.8750001 0.0625 0.375 0.0625 0.4375 0.03125 0.4375 0.0625 0.8750001 0.03124994 0.8750001 0.03124994 0.8125001 0.0625 0.375 0.03125 0.375 0.03125 0.3125 0.0625 0.7500001 0.0625 0.8125001 0.03124994 0.8125001 0.0625 0.2499998 0.0625 0.3125 0.03125 0.3125 0.0625 0.7500001 0.03124994 0.7500001 0.03125 0.6875001 0.0625 0.2499998 0.03124994 0.2499998 0.03124994 0.1875 0.0625 0.6250001 0.0625 0.6875001 0.03125 0.6875001 0.0625 0.1249998 0.0625 0.1875 0.03124994 0.1875 0.0625 0.6250001 0.03125 0.6250001 0.03125 0.5625001 0.0625 0.1249998 0.03124994 0.1249998 0.03124994 0.06249994 0.03124994 0.2499998 0.03125 0.3125 0 0.3124999 0.03124994 0.7500001 0 0.7500001 0 0.6875001 0.03124994 0.2499998 0 0.2499998 0 0.1875 0.03125 0.6875001 0 0.6875001 0 0.6250001 0.03124994 0.1249998 0.03124994 0.1875 0 0.1875 0.03125 0.6250001 0 0.6250001 0 0.5625001 0.03124994 0.06249994 0.03124994 0.1249998 0 0.1249998 0.03124994 0.5 0.03125 0.5625001 0 0.5625001 0.03124994 0.5 0 0.5 0 0.4375 0.03124994 0.9375001 0 0.9375001 0 0.8750001 0.03125 0.375 0.03125 0.4375 0 0.4375 0.03124994 0.8750001 0 0.8750001 0 0.8125001 0.03125 0.3125 0.03125 0.375 0 0.375 0.03124994 0.8125001 0 0.8125001 0 0.7500001 1 0.5 0.96875 0.5 0.96875 0.4375 1 0.8750001 1 0.9375001 0.96875 0.9375001 1 0.375 1 0.4375 0.96875 0.4375 1 0.8125001 1 0.8750001 0.96875 0.8750001 1 0.375 0.96875 0.375 0.96875 0.3125 1 0.7500001 1 0.8125001 0.96875 0.8125001 1 0.2499998 1 0.3124999 0.96875 0.3125 1 0.7500001 0.96875 0.7500001 0.96875 0.6875001 1 0.2499998 0.96875 0.2499998 0.96875 0.1875 1 0.6250001 1 0.6875001 0.96875 0.6875001 1 0.1875 0.96875 0.1875 0.96875 0.1249998 1 0.6250001 0.96875 0.6250001 0.96875 0.5625001 1 0.1249998 0.96875 0.1249998 0.96875 0.06249994 1 0.5 1 0.5625001 0.96875 0.5625001 0.96875 0.2499998 0.9375 0.2499998 0.9375 0.1875 0.96875 0.6875001 0.9375 0.6875001 0.9375 0.6250001 0.96875 0.1249998 0.96875 0.1875 0.9375 0.1875 0.96875 0.6250001 0.9375 0.6250001 0.9375 0.5625001 0.96875 0.1249998 0.9375 0.1249998 0.9375 0.06249994 0.96875 0.5 0.96875 0.5625001 0.9375 0.5625001 0.96875 0.5 0.9375 0.5 0.9375 0.4375 0.96875 0.9375001 0.9375 0.9375001 0.9375 0.8750001 0.96875 0.375 0.96875 0.4375 0.9375 0.4375 0.96875 0.8750001 0.9375 0.8750001 0.9375 0.8125001 0.96875 0.3125 0.96875 0.375 0.9375 0.375 0.96875 0.7500001 0.96875 0.8125001 0.9375 0.8125001 0.96875 0.2499998 0.96875 0.3125 0.9375 0.3124999 0.96875 0.7500001 0.9375 0.7500001 0.9375 0.6875001 0.9375 0.9375001 0.90625 0.9375001 0.90625 0.8750001 0.9375 0.375 0.9375 0.4375 0.90625 0.4375 0.9375 0.8750001 0.90625 0.8750001 0.90625 0.8125001 0.9375 0.375 0.90625 0.375 0.90625 0.3124999 0.9375 0.7500001 0.9375 0.8125001 0.90625 0.8125001 0.9375 0.2499998 0.9375 0.3124999 0.90625 0.3124999 0.9375 0.7500001 0.90625 0.7500002 0.90625 0.6875001 0.9375 0.2499998 0.90625 0.2499998 0.90625 0.1875 0.9375 0.6250001 0.9375 0.6875001 0.90625 0.6875001 0.9375 0.1249998 0.9375 0.1875 0.90625 0.1875 0.9375 0.6250001 0.90625 0.6250001 0.90625 0.5625001 0.9375 0.1249998 0.90625 0.1249998 0.90625 0.06249994 0.9375 0.5 0.9375 0.5625001 0.90625 0.5625001 0.9375 0.5 0.90625 0.5 0.90625 0.4375 0.90625 0.6250001 0.90625 0.6875001 0.875 0.6875001 0.90625 0.1249998 0.90625 0.1875 0.875 0.1875 0.90625 0.6250001 0.875 0.6250001 0.875 0.5625001 0.90625 0.06249994 0.90625 0.1249998 0.875 0.1249998 0.90625 0.5 0.90625 0.5625001 0.875 0.5625001 0.90625 0.5 0.875 0.5 0.875 0.4375 0.90625 0.9375001 0.875 0.9375001 0.875 0.8750001 0.90625 0.375 0.90625 0.4375 0.875 0.4375 0.90625 0.8750001 0.875 0.8750001 0.875 0.8125001 0.90625 0.375 0.875 0.375 0.875 0.3124999 0.90625 0.7500002 0.90625 0.8125001 0.875 0.8125001 0.90625 0.2499998 0.90625 0.3124999 0.875 0.3124999 0.90625 0.7500002 0.875 0.7500002 0.875 0.6875001 0.90625 0.2499998 0.875 0.2499998 0.875 0.1875 0.875 0.375 0.875 0.4375 0.84375 0.4375 0.875 0.8125001 0.875 0.8750001 0.84375 0.8750001 0.875 0.375 0.84375 0.375 0.84375 0.3124999 0.875 0.7500002 0.875 0.8125001 0.84375 0.8125001 0.875 0.2499998 0.875 0.3124999 0.84375 0.3124999 0.875 0.7500002 0.84375 0.7500002 0.84375 0.6875001 0.875 0.2499998 0.84375 0.2499998 0.84375 0.1875 0.875 0.6250001 0.875 0.6875001 0.84375 0.6875001 0.875 0.1875 0.84375 0.1875 0.84375 0.1249998 0.875 0.6250001 0.84375 0.6250001 0.84375 0.5625001 0.875 0.06249994 0.875 0.1249998 0.84375 0.1249998 0.875 0.5 0.875 0.5625001 0.84375 0.5625001 0.875 0.5 0.84375 0.5 0.84375 0.4375 0.875 0.9375001 0.84375 0.9375001 0.84375 0.8750001 0.84375 0.1875 0.8125 0.1875 0.8125 0.1249998 0.84375 0.6250001 0.8125 0.6250001 0.8125 0.5625001 0.84375 0.1249998 0.8125 0.1249998 0.8125 0.06249994 0.84375 0.5 0.84375 0.5625001 0.8125 0.5625001 0.84375 0.5 0.8125 0.5 0.8125 0.4375 0.84375 0.8750001 0.84375 0.9375001 0.8125 0.9375001 0.84375 0.375 0.84375 0.4375 0.8125 0.4375 0.84375 0.8125001 0.84375 0.8750001 0.8125 0.8750001 0.84375 0.375 0.8125 0.375 0.8125 0.3124999 0.84375 0.7500002 0.84375 0.8125001 0.8125 0.8125001 0.84375 0.2499998 0.84375 0.3124999 0.8125 0.3124999 0.84375 0.7500002 0.8125 0.7500002 0.8125 0.6875001 0.84375 0.2499998 0.8125 0.2499998 0.8125 0.1875 0.84375 0.6250001 0.84375 0.6875001 0.8125 0.6875001 0.8125 0.8750001 0.78125 0.8750001 0.78125 0.8125001 0.8125 0.375 0.78125 0.375 0.78125 0.3124999 0.8125 0.8125001 0.78125 0.8125001 0.78125 0.7500002 0.8125 0.2499998 0.8125 0.3124999 0.78125 0.3124999 0.8125 0.7500002 0.78125 0.7500002 0.78125 0.6875001 0.8125 0.2499998 0.78125 0.2499998 0.78125 0.1875 0.8125 0.6250001 0.8125 0.6875001 0.78125 0.6875001 0.8125 0.1249998 0.8125 0.1875 0.78125 0.1875 0.8125 0.6250001 0.78125 0.6250001 0.78125 0.5625001 0.8125 0.1249998 0.78125 0.1249998 0.78125 0.06249994 0.8125 0.5 0.8125 0.5625001 0.78125 0.5625001 0.8125 0.5 0.78125 0.5 0.78125 0.4375 0.8125 0.9375001 0.78125 0.9375001 0.78125 0.8750001 0.8125 0.375 0.8125 0.4375 0.78125 0.4375 0.78125 0.5625001 0.78125 0.6250001 0.75 0.625 0.78125 0.06249994 0.78125 0.1249998 0.75 0.1249998 0.78125 0.5 0.78125 0.5625001 0.75 0.5625001 0.78125 0.5 0.75 0.5 0.75 0.4375 0.78125 0.8750001 0.78125 0.9375001 0.75 0.9375001 0.78125 0.4375 0.75 0.4375 0.75 0.375 0.78125 0.8125001 0.78125 0.8750001 0.75 0.8750001 0.78125 0.375 0.75 0.375 0.75 0.3124999 0.78125 0.7500002 0.78125 0.8125001 0.75 0.8125 0.78125 0.3124999 0.75 0.3124999 0.75 0.25 0.78125 0.6875001 0.78125 0.7500002 0.75 0.75 0.78125 0.2499998 0.75 0.25 0.75 0.1875 0.78125 0.6250001 0.78125 0.6875001 0.75 0.6875001 0.78125 0.1875 0.75 0.1875 0.75 0.1249998</float_array>
          <technique_common>
            <accessor source="#Sphere_001-mesh-map-0-array" count="2880" stride="2">
              <param name="S" type="float"/>
              <param name="T" type="float"/>
            </accessor>
          </technique_common>
        </source>
        <vertices id="Sphere_001-mesh-vertices">
          <input semantic="POSITION" source="#Sphere_001-mesh-positions"/>
        </vertices>
        <triangles material="CL_post-material" count="960">
          <input semantic="VERTEX" source="#Sphere_001-mesh-vertices" offset="0"/>
          <input semantic="NORMAL" source="#Sphere_001-mesh-normals" offset="1"/>
          <input semantic="TEXCOORD" source="#Sphere_001-mesh-map-0" offset="2" set="0"/>
          <p>7 0 0 21 0 1 480 0 2 477 1 3 13 1 4 14 1 5 480 2 6 22 2 7 481 2 8 477 3 9 15 3 10 4 3 11 0 4 12 309 4 13 8 4 14 248 5 15 481 5 16 22 5 17 4 6 18 16 6 19 5 6 20 475 7 21 8 7 22 9 7 23 478 8 24 16 8 25 17 8 26 1 9 27 9 9 28 10 9 29 478 10 30 18 10 31 479 10 32 1 11 33 11 11 34 2 11 35 479 12 36 19 12 37 6 12 38 476 13 39 11 13 40 12 13 41 7 14 42 19 14 43 20 14 44 3 15 45 12 15 46 13 15 47 20 16 48 34 16 49 35 16 50 12 17 51 28 17 52 13 17 53 21 18 54 35 18 55 36 18 56 13 19 57 29 19 58 14 19 59 22 20 60 36 20 61 37 20 62 15 21 63 29 21 64 30 21 65 8 22 66 309 22 67 23 22 68 248 23 69 22 23 70 37 23 71 15 24 72 31 24 73 16 24 74 8 25 75 24 25 76 9 25 77 17 26 78 31 26 79 32 26 80 9 27 81 25 27 82 10 27 83 18 28 84 32 28 85 33 28 86 10 29 87 26 29 88 11 29 89 19 30 90 33 30 91 34 30 92 11 31 93 27 31 94 12 31 95 23 32 96 39 32 97 24 32 98 32 33 99 46 33 100 47 33 101 24 34 102 40 34 103 25 34 104 33 35 105 47 35 106 48 35 107 26 36 108 40 36 109 41 36 110 34 37 111 48 37 112 49 37 113 26 38 114 42 38 115 27 38 116 34 39 117 50 39 118 35 39 119 27 40 120 43 40 121 28 40 122 36 41 123 50 41 124 51 41 125 28 42 126 44 42 127 29 42 128 37 43 129 51 43 130 52 43 131 30 44 132 44 44 133 45 44 134 23 45 135 309 45 136 38 45 137 248 46 138 37 46 139 52 46 140 30 47 141 46 47 142 31 47 143 42 48 144 58 48 145 43 48 146 51 49 147 65 49 148 66 49 149 43 50 150 59 50 151 44 50 152 52 51 153 66 51 154 67 51 155 45 52 156 59 52 157 60 52 158 38 53 159 309 53 160 53 53 161 248 54 162 52 54 163 67 54 164 45 55 165 61 55 166 46 55 167 38 56 168 54 56 169 39 56 170 47 57 171 61 57 172 62 57 173 39 58 174 55 58 175 40 58 176 48 59 177 62 59 178 63 59 179 41 60 180 55 60 181 56 60 182 48 61 183 64 61 184 49 61 185 41 62 186 57 62 187 42 62 188 49 63 189 65 63 190 50 63 191 62 64 192 76 64 193 77 64 194 54 65 195 70 65 196 55 65 197 62 66 198 78 66 199 63 66 200 56 67 201 70 67 202 71 67 203 63 68 204 79 68 205 64 68 206 56 69 207 72 69 208 57 69 209 64 70 210 80 70 211 65 70 212 58 71 213 72 71 214 73 71 215 66 72 216 80 72 217 81 72 218 58 73 219 74 73 220 59 73 221 67 74 222 81 74 223 82 74 224 60 75 225 74 75 226 75 75 227 53 76 228 309 76 229 68 76 230 248 77 231 67 77 232 82 77 233 60 78 234 76 78 235 61 78 236 53 79 237 69 79 238 54 79 239 81 80 240 95 80 241 96 80 242 73 81 243 89 81 244 74 81 245 82 82 246 96 82 247 97 82 248 75 83 249 89 83 250 90 83 251 68 84 252 309 84 253 83 84 254 248 85 255 82 85 256 97 85 257 75 86 258 91 86 259 76 86 260 68 87 261 84 87 262 69 87 263 77 88 264 91 88 265 92 88 266 69 89 267 85 89 268 70 89 269 77 90 270 93 90 271 78 90 272 71 91 273 85 91 274 86 91 275 78 92 276 94 92 277 79 92 278 72 93 279 86 93 280 87 93 281 79 94 282 95 94 283 80 94 284 73 95 285 87 95 286 88 95 287 92 96 288 108 96 289 93 96 290 85 97 291 101 97 292 86 97 293 94 98 294 108 98 295 109 98 296 86 99 297 102 99 298 87 99 299 95 100 300 109 100 301 110 100 302 88 101 303 102 101 304 103 101 305 96 102 306 110 102 307 111 102 308 88 103 309 104 103 310 89 103 311 97 104 312 111 104 313 112 104 314 90 105 315 104 105 316 105 105 317 83 106 318 309 106 319 98 106 320 248 107 321 97 107 322 112 107 323 90 108 324 106 108 325 91 108 326 83 109 327 99 109 328 84 109 329 92 110 330 106 110 331 107 110 332 84 111 333 100 111 334 85 111 335 112 112 336 126 112 337 127 112 338 105 113 339 119 113 340 120 113 341 98 114 342 309 114 343 113 114 344 248 115 345 112 115 346 127 115 347 105 116 348 121 116 349 106 116 350 98 117 351 114 117 352 99 117 353 107 118 354 121 118 355 122 118 356 99 119 357 115 119 358 100 119 359 107 120 360 123 120 361 108 120 362 100 121 363 116 121 364 101 121 365 109 122 366 123 122 367 124 122 368 101 123 369 117 123 370 102 123 371 110 124 372 124 124 373 125 124 374 103 125 375 117 125 376 118 125 377 111 126 378 125 126 379 126 126 380 103 127 381 119 127 382 104 127 383 115 128 384 131 128 385 116 128 386 123 129 387 139 129 388 124 129 389 116 130 390 132 130 391 117 130 392 125 131 393 139 131 394 140 131 395 118 132 396 132 132 397 133 132 398 126 133 399 140 133 400 141 133 401 118 134 402 134 134 403 119 134 404 127 135 405 141 135 406 142 135 407 120 136 408 134 136 409 135 136 410 113 137 411 309 137 412 128 137 413 248 138 414 127 138 415 142 138 416 120 139 417 136 139 418 121 139 419 113 140 420 129 140 421 114 140 422 122 141 423 136 141 424 137 141 425 114 142 426 130 142 427 115 142 428 122 143 429 138 143 430 123 143 431 135 144 432 149 144 433 150 144 434 128 145 435 309 145 436 143 145 437 248 146 438 142 146 439 157 146 440 135 147 441 151 147 442 136 147 443 128 148 444 144 148 445 129 148 446 137 149 447 151 149 448 152 149 449 129 150 450 145 150 451 130 150 452 137 151 453 153 151 454 138 151 455 130 152 456 146 152 457 131 152 458 139 153 459 153 153 460 154 153 461 131 154 462 147 154 463 132 154 464 140 155 465 154 155 466 155 155 467 133 156 468 147 156 469 148 156 470 141 157 471 155 157 472 156 157 473 133 158 474 149 158 475 134 158 476 142 159 477 156 159 478 157 159 479 154 160 480 168 160 481 169 160 482 146 161 483 162 161 484 147 161 485 155 162 486 169 162 487 170 162 488 148 163 489 162 163 490 163 163 491 156 164 492 170 164 493 171 164 494 148 165 495 164 165 496 149 165 497 157 166 498 171 166 499 172 166 500 150 167 501 164 167 502 165 167 503 143 168 504 309 168 505 158 168 506 248 169 507 157 169 508 172 169 509 150 170 510 166 170 511 151 170 512 143 171 513 159 171 514 144 171 515 152 172 516 166 172 517 167 172 518 144 173 519 160 173 520 145 173 521 152 174 522 168 174 523 153 174 524 145 175 525 161 175 526 146 175 527 158 176 528 309 176 529 173 176 530 248 177 531 172 177 532 187 177 533 165 178 534 181 178 535 166 178 536 158 179 537 174 179 538 159 179 539 167 180 540 181 180 541 182 180 542 159 181 543 175 181 544 160 181 545 167 182 546 183 182 547 168 182 548 160 183 549 176 183 550 161 183 551 169 184 552 183 184 553 184 184 554 161 185 555 177 185 556 162 185 557 169 186 558 185 186 559 170 186 560 163 187 561 177 187 562 178 187 563 171 188 564 185 188 565 186 188 566 163 189 567 179 189 568 164 189 569 172 190 570 186 190 571 187 190 572 165 191 573 179 191 574 180 191 575 176 192 576 192 192 577 177 192 578 185 193 579 199 193 580 200 193 581 178 194 582 192 194 583 193 194 584 186 195 585 200 195 586 201 195 587 178 196 588 194 196 589 179 196 590 187 197 591 201 197 592 202 197 593 180 198 594 194 198 595 195 198 596 173 199 597 309 199 598 188 199 599 248 200 600 187 200 601 202 200 602 180 201 603 196 201 604 181 201 605 173 202 606 189 202 607 174 202 608 182 203 609 196 203 610 197 203 611 174 204 612 190 204 613 175 204 614 182 205 615 198 205 616 183 205 617 175 206 618 191 206 619 176 206 620 184 207 621 198 207 622 199 207 623 195 208 624 211 208 625 196 208 626 188 209 627 204 209 628 189 209 629 197 210 630 211 210 631 212 210 632 189 211 633 205 211 634 190 211 635 197 212 636 213 212 637 198 212 638 190 213 639 206 213 640 191 213 641 199 214 642 213 214 643 214 214 644 191 215 645 207 215 646 192 215 647 200 216 648 214 216 649 215 216 650 193 217 651 207 217 652 208 217 653 201 218 654 215 218 655 216 218 656 193 219 657 209 219 658 194 219 659 202 220 660 216 220 661 217 220 662 195 221 663 209 221 664 210 221 665 188 222 666 309 222 667 203 222 668 248 223 669 202 223 670 217 223 671 215 224 672 229 224 673 230 224 674 208 225 675 222 225 676 223 225 677 216 226 678 230 226 679 231 226 680 208 227 681 224 227 682 209 227 683 216 228 684 232 228 685 217 228 686 210 229 687 224 229 688 225 229 689 203 230 690 309 230 691 218 230 692 248 231 693 217 231 694 232 231 695 210 232 696 226 232 697 211 232 698 204 233 699 218 233 700 219 233 701 212 234 702 226 234 703 227 234 704 204 235 705 220 235 706 205 235 707 212 236 708 228 236 709 213 236 710 205 237 711 221 237 712 206 237 713 213 238 714 229 238 715 214 238 716 206 239 717 222 239 718 207 239 719 227 240 720 241 240 721 242 240 722 219 241 723 235 241 724 220 241 725 228 242 726 242 242 727 243 242 728 220 243 729 236 243 730 221 243 731 229 244 732 243 244 733 244 244 734 221 245 735 237 245 736 222 245 737 230 246 738 244 246 739 245 246 740 222 247 741 238 247 742 223 247 743 231 248 744 245 248 745 246 248 746 223 249 747 239 249 748 224 249 749 232 250 750 246 250 751 247 250 752 225 251 753 239 251 754 240 251 755 218 252 756 309 252 757 233 252 758 248 253 759 232 253 760 247 253 761 225 254 762 241 254 763 226 254 764 218 255 765 234 255 766 219 255 767 245 256 768 262 256 769 246 256 770 238 257 771 255 257 772 239 257 773 246 258 774 263 258 775 247 258 776 240 259 777 255 259 778 256 259 779 233 260 780 309 260 781 249 260 782 248 261 783 247 261 784 263 261 785 240 262 786 257 262 787 241 262 788 234 263 789 249 263 790 250 263 791 242 264 792 257 264 793 258 264 794 234 265 795 251 265 796 235 265 797 242 266 798 259 266 799 243 266 800 235 267 801 252 267 802 236 267 803 243 268 804 260 268 805 244 268 806 236 269 807 253 269 808 237 269 809 245 270 810 260 270 811 261 270 812 238 271 813 253 271 814 254 271 815 250 272 816 266 272 817 251 272 818 259 273 819 273 273 820 274 273 821 251 274 822 267 274 823 252 274 824 260 275 825 274 275 826 275 275 827 252 276 828 268 276 829 253 276 830 261 277 831 275 277 832 276 277 833 253 278 834 269 278 835 254 278 836 262 279 837 276 279 838 277 279 839 254 280 840 270 280 841 255 280 842 263 281 843 277 281 844 278 281 845 256 282 846 270 282 847 271 282 848 249 283 849 309 283 850 264 283 851 248 284 852 263 284 853 278 284 854 256 285 855 272 285 856 257 285 857 249 286 858 265 286 859 250 286 860 258 287 861 272 287 862 273 287 863 269 288 864 285 288 865 270 288 866 277 289 867 293 289 868 278 289 869 271 290 870 285 290 871 286 290 872 264 291 873 309 291 874 279 291 875 248 292 876 278 292 877 293 292 878 271 293 879 287 293 880 272 293 881 265 294 882 279 294 883 280 294 884 273 295 885 287 295 886 288 295 887 265 296 888 281 296 889 266 296 890 273 297 891 289 297 892 274 297 893 266 298 894 282 298 895 267 298 896 275 299 897 289 299 898 290 299 899 267 300 900 283 300 901 268 300 902 275 301 903 291 301 904 276 301 905 269 302 906 283 302 907 284 302 908 277 303 909 291 303 910 292 303 911 288 304 912 304 304 913 289 304 914 282 305 915 296 305 916 297 305 917 290 306 918 304 306 919 305 306 920 282 307 921 298 307 922 283 307 923 290 308 924 306 308 925 291 308 926 284 309 927 298 309 928 299 309 929 292 310 930 306 310 931 307 310 932 284 311 933 300 311 934 285 311 935 293 312 936 307 312 937 308 312 938 286 313 939 300 313 940 301 313 941 279 314 942 309 314 943 294 314 944 248 315 945 293 315 946 308 315 947 286 316 948 302 316 949 287 316 950 279 317 951 295 317 952 280 317 953 288 318 954 302 318 955 303 318 956 280 319 957 296 319 958 281 319 959 308 320 960 323 320 961 324 320 962 301 321 963 316 321 964 317 321 965 294 322 966 309 322 967 310 322 968 248 323 969 308 323 970 324 323 971 301 324 972 318 324 973 302 324 974 294 325 975 311 325 976 295 325 977 303 326 978 318 326 979 319 326 980 295 327 981 312 327 982 296 327 983 303 328 984 320 328 985 304 328 986 297 329 987 312 329 988 313 329 989 305 330 990 320 330 991 321 330 992 297 331 993 314 331 994 298 331 995 305 332 996 322 332 997 306 332 998 299 333 999 314 333 1000 315 333 1001 307 334 1002 322 334 1003 323 334 1004 299 335 1005 316 335 1006 300 335 1007 313 336 1008 327 336 1009 328 336 1010 321 337 1011 335 337 1012 336 337 1013 313 338 1014 329 338 1015 314 338 1016 321 339 1017 337 339 1018 322 339 1019 315 340 1020 329 340 1021 330 340 1022 323 341 1023 337 341 1024 338 341 1025 315 342 1026 331 342 1027 316 342 1028 324 343 1029 338 343 1030 339 343 1031 317 344 1032 331 344 1033 332 344 1034 310 345 1035 309 345 1036 325 345 1037 248 346 1038 324 346 1039 339 346 1040 317 347 1041 333 347 1042 318 347 1043 310 348 1044 326 348 1045 311 348 1046 319 349 1047 333 349 1048 334 349 1049 311 350 1050 327 350 1051 312 350 1052 319 351 1053 335 351 1054 320 351 1055 332 352 1056 346 352 1057 347 352 1058 325 353 1059 309 353 1060 340 353 1061 248 354 1062 339 354 1063 354 354 1064 332 355 1065 348 355 1066 333 355 1067 325 356 1068 341 356 1069 326 356 1070 334 357 1071 348 357 1072 349 357 1073 326 358 1074 342 358 1075 327 358 1076 334 359 1077 350 359 1078 335 359 1079 328 360 1080 342 360 1081 343 360 1082 336 361 1083 350 361 1084 351 361 1085 328 362 1086 344 362 1087 329 362 1088 336 363 1089 352 363 1090 337 363 1091 330 364 1092 344 364 1093 345 364 1094 338 365 1095 352 365 1096 353 365 1097 330 366 1098 346 366 1099 331 366 1100 338 367 1101 354 367 1102 339 367 1103 351 368 1104 365 368 1105 366 368 1106 343 369 1107 359 369 1108 344 369 1109 351 370 1110 367 370 1111 352 370 1112 344 371 1113 360 371 1114 345 371 1115 353 372 1116 367 372 1117 368 372 1118 345 373 1119 361 373 1120 346 373 1121 354 374 1122 368 374 1123 369 374 1124 347 375 1125 361 375 1126 362 375 1127 340 376 1128 309 376 1129 355 376 1130 248 377 1131 354 377 1132 369 377 1133 347 378 1134 363 378 1135 348 378 1136 340 379 1137 356 379 1138 341 379 1139 349 380 1140 363 380 1141 364 380 1142 341 381 1143 357 381 1144 342 381 1145 350 382 1146 364 382 1147 365 382 1148 342 383 1149 358 383 1150 343 383 1151 248 384 1152 369 384 1153 384 384 1154 362 385 1155 378 385 1156 363 385 1157 356 386 1158 370 386 1159 371 386 1160 364 387 1161 378 387 1162 379 387 1163 357 388 1164 371 388 1165 372 388 1166 364 389 1167 380 389 1168 365 389 1169 358 390 1170 372 390 1171 373 390 1172 366 391 1173 380 391 1174 381 391 1175 358 392 1176 374 392 1177 359 392 1178 366 393 1179 382 393 1180 367 393 1181 360 394 1182 374 394 1183 375 394 1184 367 395 1185 383 395 1186 368 395 1187 360 396 1188 376 396 1189 361 396 1190 368 397 1191 384 397 1192 369 397 1193 362 398 1194 376 398 1195 377 398 1196 355 399 1197 309 399 1198 370 399 1199 381 400 1200 397 400 1201 382 400 1202 374 401 1203 390 401 1204 375 401 1205 383 402 1206 397 402 1207 398 402 1208 375 403 1209 391 403 1210 376 403 1211 383 404 1212 399 404 1213 384 404 1214 377 405 1215 391 405 1216 392 405 1217 370 406 1218 309 406 1219 385 406 1220 248 407 1221 384 407 1222 399 407 1223 377 408 1224 393 408 1225 378 408 1226 370 409 1227 386 409 1228 371 409 1229 379 410 1230 393 410 1231 394 410 1232 371 411 1233 387 411 1234 372 411 1235 380 412 1236 394 412 1237 395 412 1238 373 413 1239 387 413 1240 388 413 1241 381 414 1242 395 414 1243 396 414 1244 373 415 1245 389 415 1246 374 415 1247 385 416 1248 401 416 1249 386 416 1250 394 417 1251 408 417 1252 409 417 1253 386 418 1254 402 418 1255 387 418 1256 394 419 1257 410 419 1258 395 419 1259 388 420 1260 402 420 1261 403 420 1262 396 421 1263 410 421 1264 411 421 1265 388 422 1266 404 422 1267 389 422 1268 396 423 1269 412 423 1270 397 423 1271 390 424 1272 404 424 1273 405 424 1274 398 425 1275 412 425 1276 413 425 1277 390 426 1278 406 426 1279 391 426 1280 398 427 1281 414 427 1282 399 427 1283 392 428 1284 406 428 1285 407 428 1286 385 429 1287 309 429 1288 400 429 1289 248 430 1290 399 430 1291 414 430 1292 392 431 1293 408 431 1294 393 431 1295 405 432 1296 419 432 1297 420 432 1298 413 433 1299 427 433 1300 428 433 1301 405 434 1302 421 434 1303 406 434 1304 414 435 1305 428 435 1306 429 435 1307 407 436 1308 421 436 1309 422 436 1310 400 437 1311 309 437 1312 415 437 1313 248 438 1314 414 438 1315 429 438 1316 407 439 1317 423 439 1318 408 439 1319 400 440 1320 416 440 1321 401 440 1322 409 441 1323 423 441 1324 424 441 1325 401 442 1326 417 442 1327 402 442 1328 409 443 1329 425 443 1330 410 443 1331 403 444 1332 417 444 1333 418 444 1334 411 445 1335 425 445 1336 426 445 1337 403 446 1338 419 446 1339 404 446 1340 411 447 1341 427 447 1342 412 447 1343 424 448 1344 438 448 1345 439 448 1346 417 449 1347 431 449 1348 432 449 1349 424 450 1350 440 450 1351 425 450 1352 418 451 1353 432 451 1354 433 451 1355 426 452 1356 440 452 1357 441 452 1358 418 453 1359 434 453 1360 419 453 1361 426 454 1362 442 454 1363 427 454 1364 420 455 1365 434 455 1366 435 455 1367 427 456 1368 443 456 1369 428 456 1370 420 457 1371 436 457 1372 421 457 1373 429 458 1374 443 458 1375 444 458 1376 422 459 1377 436 459 1378 437 459 1379 415 460 1380 309 460 1381 430 460 1382 248 461 1383 429 461 1384 444 461 1385 422 462 1386 438 462 1387 423 462 1388 415 463 1389 431 463 1390 416 463 1391 442 464 1392 458 464 1393 443 464 1394 435 465 1395 451 465 1396 436 465 1397 443 466 1398 459 466 1399 444 466 1400 437 467 1401 451 467 1402 452 467 1403 430 468 1404 309 468 1405 445 468 1406 248 469 1407 444 469 1408 459 469 1409 437 470 1410 453 470 1411 438 470 1412 431 471 1413 445 471 1414 446 471 1415 439 472 1416 453 472 1417 454 472 1418 432 473 1419 446 473 1420 447 473 1421 439 474 1422 455 474 1423 440 474 1424 433 475 1425 447 475 1426 448 475 1427 441 476 1428 455 476 1429 456 476 1430 433 477 1431 449 477 1432 434 477 1433 441 478 1434 457 478 1435 442 478 1436 435 479 1437 449 479 1438 450 479 1439 446 480 1440 462 480 1441 447 480 1442 454 481 1443 470 481 1444 455 481 1445 447 482 1446 463 482 1447 448 482 1448 456 483 1449 470 483 1450 471 483 1451 448 484 1452 464 484 1453 449 484 1454 456 485 1455 472 485 1456 457 485 1457 450 486 1458 464 486 1459 465 486 1460 458 487 1461 472 487 1462 473 487 1463 450 488 1464 466 488 1465 451 488 1466 458 489 1467 474 489 1468 459 489 1469 452 490 1470 466 490 1471 467 490 1472 445 491 1473 309 491 1474 460 491 1475 248 492 1476 459 492 1477 474 492 1478 452 493 1479 468 493 1480 453 493 1481 445 494 1482 461 494 1483 446 494 1484 454 495 1485 468 495 1486 469 495 1487 466 496 1488 3 496 1489 477 496 1490 474 497 1491 480 497 1492 481 497 1493 467 498 1494 477 498 1495 4 498 1496 460 499 1497 309 499 1498 0 499 1499 248 500 1500 474 500 1501 481 500 1502 467 501 1503 5 501 1504 468 501 1505 461 502 1506 0 502 1507 475 502 1508 468 503 1509 478 503 1510 469 503 1511 462 504 1512 475 504 1513 1 504 1514 469 505 1515 479 505 1516 470 505 1517 463 506 1518 1 506 1519 2 506 1520 470 507 1521 6 507 1522 471 507 1523 464 508 1524 2 508 1525 476 508 1526 471 509 1527 7 509 1528 472 509 1529 465 510 1530 476 510 1531 3 510 1532 472 511 1533 480 511 1534 473 511 1535 7 512 1536 20 512 1537 21 512 1538 477 513 1539 3 513 1540 13 513 1541 480 514 1542 21 514 1543 22 514 1544 477 515 1545 14 515 1546 15 515 1547 4 516 1548 15 516 1549 16 516 1550 475 517 1551 0 517 1552 8 517 1553 478 518 1554 5 518 1555 16 518 1556 1 519 1557 475 519 1558 9 519 1559 478 520 1560 17 520 1561 18 520 1562 1 521 1563 10 521 1564 11 521 1565 479 522 1566 18 522 1567 19 522 1568 476 523 1569 2 523 1570 11 523 1571 7 524 1572 6 524 1573 19 524 1574 3 525 1575 476 525 1576 12 525 1577 20 526 1578 19 526 1579 34 526 1580 12 527 1581 27 527 1582 28 527 1583 21 528 1584 20 528 1585 35 528 1586 13 529 1587 28 529 1588 29 529 1589 22 530 1590 21 530 1591 36 530 1592 15 531 1593 14 531 1594 29 531 1595 15 532 1596 30 532 1597 31 532 1598 8 533 1599 23 533 1600 24 533 1601 17 534 1602 16 534 1603 31 534 1604 9 535 1605 24 535 1606 25 535 1607 18 536 1608 17 536 1609 32 536 1610 10 537 1611 25 537 1612 26 537 1613 19 538 1614 18 538 1615 33 538 1616 11 539 1617 26 539 1618 27 539 1619 23 540 1620 38 540 1621 39 540 1622 32 541 1623 31 541 1624 46 541 1625 24 542 1626 39 542 1627 40 542 1628 33 543 1629 32 543 1630 47 543 1631 26 544 1632 25 544 1633 40 544 1634 34 545 1635 33 545 1636 48 545 1637 26 546 1638 41 546 1639 42 546 1640 34 547 1641 49 547 1642 50 547 1643 27 548 1644 42 548 1645 43 548 1646 36 549 1647 35 549 1648 50 549 1649 28 550 1650 43 550 1651 44 550 1652 37 551 1653 36 551 1654 51 551 1655 30 552 1656 29 552 1657 44 552 1658 30 553 1659 45 553 1660 46 553 1661 42 554 1662 57 554 1663 58 554 1664 51 555 1665 50 555 1666 65 555 1667 43 556 1668 58 556 1669 59 556 1670 52 557 1671 51 557 1672 66 557 1673 45 558 1674 44 558 1675 59 558 1676 45 559 1677 60 559 1678 61 559 1679 38 560 1680 53 560 1681 54 560 1682 47 561 1683 46 561 1684 61 561 1685 39 562 1686 54 562 1687 55 562 1688 48 563 1689 47 563 1690 62 563 1691 41 564 1692 40 564 1693 55 564 1694 48 565 1695 63 565 1696 64 565 1697 41 566 1698 56 566 1699 57 566 1700 49 567 1701 64 567 1702 65 567 1703 62 568 1704 61 568 1705 76 568 1706 54 569 1707 69 569 1708 70 569 1709 62 570 1710 77 570 1711 78 570 1712 56 571 1713 55 571 1714 70 571 1715 63 572 1716 78 572 1717 79 572 1718 56 573 1719 71 573 1720 72 573 1721 64 574 1722 79 574 1723 80 574 1724 58 575 1725 57 575 1726 72 575 1727 66 576 1728 65 576 1729 80 576 1730 58 577 1731 73 577 1732 74 577 1733 67 578 1734 66 578 1735 81 578 1736 60 579 1737 59 579 1738 74 579 1739 60 580 1740 75 580 1741 76 580 1742 53 581 1743 68 581 1744 69 581 1745 81 582 1746 80 582 1747 95 582 1748 73 583 1749 88 583 1750 89 583 1751 82 584 1752 81 584 1753 96 584 1754 75 585 1755 74 585 1756 89 585 1757 75 586 1758 90 586 1759 91 586 1760 68 587 1761 83 587 1762 84 587 1763 77 588 1764 76 588 1765 91 588 1766 69 589 1767 84 589 1768 85 589 1769 77 590 1770 92 590 1771 93 590 1772 71 591 1773 70 591 1774 85 591 1775 78 592 1776 93 592 1777 94 592 1778 72 593 1779 71 593 1780 86 593 1781 79 594 1782 94 594 1783 95 594 1784 73 595 1785 72 595 1786 87 595 1787 92 596 1788 107 596 1789 108 596 1790 85 597 1791 100 597 1792 101 597 1793 94 598 1794 93 598 1795 108 598 1796 86 599 1797 101 599 1798 102 599 1799 95 600 1800 94 600 1801 109 600 1802 88 601 1803 87 601 1804 102 601 1805 96 602 1806 95 602 1807 110 602 1808 88 603 1809 103 603 1810 104 603 1811 97 604 1812 96 604 1813 111 604 1814 90 605 1815 89 605 1816 104 605 1817 90 606 1818 105 606 1819 106 606 1820 83 607 1821 98 607 1822 99 607 1823 92 608 1824 91 608 1825 106 608 1826 84 609 1827 99 609 1828 100 609 1829 112 610 1830 111 610 1831 126 610 1832 105 611 1833 104 611 1834 119 611 1835 105 612 1836 120 612 1837 121 612 1838 98 613 1839 113 613 1840 114 613 1841 107 614 1842 106 614 1843 121 614 1844 99 615 1845 114 615 1846 115 615 1847 107 616 1848 122 616 1849 123 616 1850 100 617 1851 115 617 1852 116 617 1853 109 618 1854 108 618 1855 123 618 1856 101 619 1857 116 619 1858 117 619 1859 110 620 1860 109 620 1861 124 620 1862 103 621 1863 102 621 1864 117 621 1865 111 622 1866 110 622 1867 125 622 1868 103 623 1869 118 623 1870 119 623 1871 115 624 1872 130 624 1873 131 624 1874 123 625 1875 138 625 1876 139 625 1877 116 626 1878 131 626 1879 132 626 1880 125 627 1881 124 627 1882 139 627 1883 118 628 1884 117 628 1885 132 628 1886 126 629 1887 125 629 1888 140 629 1889 118 630 1890 133 630 1891 134 630 1892 127 631 1893 126 631 1894 141 631 1895 120 632 1896 119 632 1897 134 632 1898 120 633 1899 135 633 1900 136 633 1901 113 634 1902 128 634 1903 129 634 1904 122 635 1905 121 635 1906 136 635 1907 114 636 1908 129 636 1909 130 636 1910 122 637 1911 137 637 1912 138 637 1913 135 638 1914 134 638 1915 149 638 1916 135 639 1917 150 639 1918 151 639 1919 128 640 1920 143 640 1921 144 640 1922 137 641 1923 136 641 1924 151 641 1925 129 642 1926 144 642 1927 145 642 1928 137 643 1929 152 643 1930 153 643 1931 130 644 1932 145 644 1933 146 644 1934 139 645 1935 138 645 1936 153 645 1937 131 646 1938 146 646 1939 147 646 1940 140 647 1941 139 647 1942 154 647 1943 133 648 1944 132 648 1945 147 648 1946 141 649 1947 140 649 1948 155 649 1949 133 650 1950 148 650 1951 149 650 1952 142 651 1953 141 651 1954 156 651 1955 154 652 1956 153 652 1957 168 652 1958 146 653 1959 161 653 1960 162 653 1961 155 654 1962 154 654 1963 169 654 1964 148 655 1965 147 655 1966 162 655 1967 156 656 1968 155 656 1969 170 656 1970 148 657 1971 163 657 1972 164 657 1973 157 658 1974 156 658 1975 171 658 1976 150 659 1977 149 659 1978 164 659 1979 150 660 1980 165 660 1981 166 660 1982 143 661 1983 158 661 1984 159 661 1985 152 662 1986 151 662 1987 166 662 1988 144 663 1989 159 663 1990 160 663 1991 152 664 1992 167 664 1993 168 664 1994 145 665 1995 160 665 1996 161 665 1997 165 666 1998 180 666 1999 181 666 2000 158 667 2001 173 667 2002 174 667 2003 167 668 2004 166 668 2005 181 668 2006 159 669 2007 174 669 2008 175 669 2009 167 670 2010 182 670 2011 183 670 2012 160 671 2013 175 671 2014 176 671 2015 169 672 2016 168 672 2017 183 672 2018 161 673 2019 176 673 2020 177 673 2021 169 674 2022 184 674 2023 185 674 2024 163 675 2025 162 675 2026 177 675 2027 171 676 2028 170 676 2029 185 676 2030 163 677 2031 178 677 2032 179 677 2033 172 678 2034 171 678 2035 186 678 2036 165 679 2037 164 679 2038 179 679 2039 176 680 2040 191 680 2041 192 680 2042 185 681 2043 184 681 2044 199 681 2045 178 682 2046 177 682 2047 192 682 2048 186 683 2049 185 683 2050 200 683 2051 178 684 2052 193 684 2053 194 684 2054 187 685 2055 186 685 2056 201 685 2057 180 686 2058 179 686 2059 194 686 2060 180 687 2061 195 687 2062 196 687 2063 173 688 2064 188 688 2065 189 688 2066 182 689 2067 181 689 2068 196 689 2069 174 690 2070 189 690 2071 190 690 2072 182 691 2073 197 691 2074 198 691 2075 175 692 2076 190 692 2077 191 692 2078 184 693 2079 183 693 2080 198 693 2081 195 694 2082 210 694 2083 211 694 2084 188 695 2085 203 695 2086 204 695 2087 197 696 2088 196 696 2089 211 696 2090 189 697 2091 204 697 2092 205 697 2093 197 698 2094 212 698 2095 213 698 2096 190 699 2097 205 699 2098 206 699 2099 199 700 2100 198 700 2101 213 700 2102 191 701 2103 206 701 2104 207 701 2105 200 702 2106 199 702 2107 214 702 2108 193 703 2109 192 703 2110 207 703 2111 201 704 2112 200 704 2113 215 704 2114 193 705 2115 208 705 2116 209 705 2117 202 706 2118 201 706 2119 216 706 2120 195 707 2121 194 707 2122 209 707 2123 215 708 2124 214 708 2125 229 708 2126 208 709 2127 207 709 2128 222 709 2129 216 710 2130 215 710 2131 230 710 2132 208 711 2133 223 711 2134 224 711 2135 216 712 2136 231 712 2137 232 712 2138 210 713 2139 209 713 2140 224 713 2141 210 714 2142 225 714 2143 226 714 2144 204 715 2145 203 715 2146 218 715 2147 212 716 2148 211 716 2149 226 716 2150 204 717 2151 219 717 2152 220 717 2153 212 718 2154 227 718 2155 228 718 2156 205 719 2157 220 719 2158 221 719 2159 213 720 2160 228 720 2161 229 720 2162 206 721 2163 221 721 2164 222 721 2165 227 722 2166 226 722 2167 241 722 2168 219 723 2169 234 723 2170 235 723 2171 228 724 2172 227 724 2173 242 724 2174 220 725 2175 235 725 2176 236 725 2177 229 726 2178 228 726 2179 243 726 2180 221 727 2181 236 727 2182 237 727 2183 230 728 2184 229 728 2185 244 728 2186 222 729 2187 237 729 2188 238 729 2189 231 730 2190 230 730 2191 245 730 2192 223 731 2193 238 731 2194 239 731 2195 232 732 2196 231 732 2197 246 732 2198 225 733 2199 224 733 2200 239 733 2201 225 734 2202 240 734 2203 241 734 2204 218 735 2205 233 735 2206 234 735 2207 245 736 2208 261 736 2209 262 736 2210 238 737 2211 254 737 2212 255 737 2213 246 738 2214 262 738 2215 263 738 2216 240 739 2217 239 739 2218 255 739 2219 240 740 2220 256 740 2221 257 740 2222 234 741 2223 233 741 2224 249 741 2225 242 742 2226 241 742 2227 257 742 2228 234 743 2229 250 743 2230 251 743 2231 242 744 2232 258 744 2233 259 744 2234 235 745 2235 251 745 2236 252 745 2237 243 746 2238 259 746 2239 260 746 2240 236 747 2241 252 747 2242 253 747 2243 245 748 2244 244 748 2245 260 748 2246 238 749 2247 237 749 2248 253 749 2249 250 750 2250 265 750 2251 266 750 2252 259 751 2253 258 751 2254 273 751 2255 251 752 2256 266 752 2257 267 752 2258 260 753 2259 259 753 2260 274 753 2261 252 754 2262 267 754 2263 268 754 2264 261 755 2265 260 755 2266 275 755 2267 253 756 2268 268 756 2269 269 756 2270 262 757 2271 261 757 2272 276 757 2273 254 758 2274 269 758 2275 270 758 2276 263 759 2277 262 759 2278 277 759 2279 256 760 2280 255 760 2281 270 760 2282 256 761 2283 271 761 2284 272 761 2285 249 762 2286 264 762 2287 265 762 2288 258 763 2289 257 763 2290 272 763 2291 269 764 2292 284 764 2293 285 764 2294 277 765 2295 292 765 2296 293 765 2297 271 766 2298 270 766 2299 285 766 2300 271 767 2301 286 767 2302 287 767 2303 265 768 2304 264 768 2305 279 768 2306 273 769 2307 272 769 2308 287 769 2309 265 770 2310 280 770 2311 281 770 2312 273 771 2313 288 771 2314 289 771 2315 266 772 2316 281 772 2317 282 772 2318 275 773 2319 274 773 2320 289 773 2321 267 774 2322 282 774 2323 283 774 2324 275 775 2325 290 775 2326 291 775 2327 269 776 2328 268 776 2329 283 776 2330 277 777 2331 276 777 2332 291 777 2333 288 778 2334 303 778 2335 304 778 2336 282 779 2337 281 779 2338 296 779 2339 290 780 2340 289 780 2341 304 780 2342 282 781 2343 297 781 2344 298 781 2345 290 782 2346 305 782 2347 306 782 2348 284 783 2349 283 783 2350 298 783 2351 292 784 2352 291 784 2353 306 784 2354 284 785 2355 299 785 2356 300 785 2357 293 786 2358 292 786 2359 307 786 2360 286 787 2361 285 787 2362 300 787 2363 286 788 2364 301 788 2365 302 788 2366 279 789 2367 294 789 2368 295 789 2369 288 790 2370 287 790 2371 302 790 2372 280 791 2373 295 791 2374 296 791 2375 308 792 2376 307 792 2377 323 792 2378 301 793 2379 300 793 2380 316 793 2381 301 794 2382 317 794 2383 318 794 2384 294 795 2385 310 795 2386 311 795 2387 303 796 2388 302 796 2389 318 796 2390 295 797 2391 311 797 2392 312 797 2393 303 798 2394 319 798 2395 320 798 2396 297 799 2397 296 799 2398 312 799 2399 305 800 2400 304 800 2401 320 800 2402 297 801 2403 313 801 2404 314 801 2405 305 802 2406 321 802 2407 322 802 2408 299 803 2409 298 803 2410 314 803 2411 307 804 2412 306 804 2413 322 804 2414 299 805 2415 315 805 2416 316 805 2417 313 806 2418 312 806 2419 327 806 2420 321 807 2421 320 807 2422 335 807 2423 313 808 2424 328 808 2425 329 808 2426 321 809 2427 336 809 2428 337 809 2429 315 810 2430 314 810 2431 329 810 2432 323 811 2433 322 811 2434 337 811 2435 315 812 2436 330 812 2437 331 812 2438 324 813 2439 323 813 2440 338 813 2441 317 814 2442 316 814 2443 331 814 2444 317 815 2445 332 815 2446 333 815 2447 310 816 2448 325 816 2449 326 816 2450 319 817 2451 318 817 2452 333 817 2453 311 818 2454 326 818 2455 327 818 2456 319 819 2457 334 819 2458 335 819 2459 332 820 2460 331 820 2461 346 820 2462 332 821 2463 347 821 2464 348 821 2465 325 822 2466 340 822 2467 341 822 2468 334 823 2469 333 823 2470 348 823 2471 326 824 2472 341 824 2473 342 824 2474 334 825 2475 349 825 2476 350 825 2477 328 826 2478 327 826 2479 342 826 2480 336 827 2481 335 827 2482 350 827 2483 328 828 2484 343 828 2485 344 828 2486 336 829 2487 351 829 2488 352 829 2489 330 830 2490 329 830 2491 344 830 2492 338 831 2493 337 831 2494 352 831 2495 330 832 2496 345 832 2497 346 832 2498 338 833 2499 353 833 2500 354 833 2501 351 834 2502 350 834 2503 365 834 2504 343 835 2505 358 835 2506 359 835 2507 351 836 2508 366 836 2509 367 836 2510 344 837 2511 359 837 2512 360 837 2513 353 838 2514 352 838 2515 367 838 2516 345 839 2517 360 839 2518 361 839 2519 354 840 2520 353 840 2521 368 840 2522 347 841 2523 346 841 2524 361 841 2525 347 842 2526 362 842 2527 363 842 2528 340 843 2529 355 843 2530 356 843 2531 349 844 2532 348 844 2533 363 844 2534 341 845 2535 356 845 2536 357 845 2537 350 846 2538 349 846 2539 364 846 2540 342 847 2541 357 847 2542 358 847 2543 362 848 2544 377 848 2545 378 848 2546 356 849 2547 355 849 2548 370 849 2549 364 850 2550 363 850 2551 378 850 2552 357 851 2553 356 851 2554 371 851 2555 364 852 2556 379 852 2557 380 852 2558 358 853 2559 357 853 2560 372 853 2561 366 854 2562 365 854 2563 380 854 2564 358 855 2565 373 855 2566 374 855 2567 366 856 2568 381 856 2569 382 856 2570 360 857 2571 359 857 2572 374 857 2573 367 858 2574 382 858 2575 383 858 2576 360 859 2577 375 859 2578 376 859 2579 368 860 2580 383 860 2581 384 860 2582 362 861 2583 361 861 2584 376 861 2585 381 862 2586 396 862 2587 397 862 2588 374 863 2589 389 863 2590 390 863 2591 383 864 2592 382 864 2593 397 864 2594 375 865 2595 390 865 2596 391 865 2597 383 866 2598 398 866 2599 399 866 2600 377 867 2601 376 867 2602 391 867 2603 377 868 2604 392 868 2605 393 868 2606 370 869 2607 385 869 2608 386 869 2609 379 870 2610 378 870 2611 393 870 2612 371 871 2613 386 871 2614 387 871 2615 380 872 2616 379 872 2617 394 872 2618 373 873 2619 372 873 2620 387 873 2621 381 874 2622 380 874 2623 395 874 2624 373 875 2625 388 875 2626 389 875 2627 385 876 2628 400 876 2629 401 876 2630 394 877 2631 393 877 2632 408 877 2633 386 878 2634 401 878 2635 402 878 2636 394 879 2637 409 879 2638 410 879 2639 388 880 2640 387 880 2641 402 880 2642 396 881 2643 395 881 2644 410 881 2645 388 882 2646 403 882 2647 404 882 2648 396 883 2649 411 883 2650 412 883 2651 390 884 2652 389 884 2653 404 884 2654 398 885 2655 397 885 2656 412 885 2657 390 886 2658 405 886 2659 406 886 2660 398 887 2661 413 887 2662 414 887 2663 392 888 2664 391 888 2665 406 888 2666 392 889 2667 407 889 2668 408 889 2669 405 890 2670 404 890 2671 419 890 2672 413 891 2673 412 891 2674 427 891 2675 405 892 2676 420 892 2677 421 892 2678 414 893 2679 413 893 2680 428 893 2681 407 894 2682 406 894 2683 421 894 2684 407 895 2685 422 895 2686 423 895 2687 400 896 2688 415 896 2689 416 896 2690 409 897 2691 408 897 2692 423 897 2693 401 898 2694 416 898 2695 417 898 2696 409 899 2697 424 899 2698 425 899 2699 403 900 2700 402 900 2701 417 900 2702 411 901 2703 410 901 2704 425 901 2705 403 902 2706 418 902 2707 419 902 2708 411 903 2709 426 903 2710 427 903 2711 424 904 2712 423 904 2713 438 904 2714 417 905 2715 416 905 2716 431 905 2717 424 906 2718 439 906 2719 440 906 2720 418 907 2721 417 907 2722 432 907 2723 426 908 2724 425 908 2725 440 908 2726 418 909 2727 433 909 2728 434 909 2729 426 910 2730 441 910 2731 442 910 2732 420 911 2733 419 911 2734 434 911 2735 427 912 2736 442 912 2737 443 912 2738 420 913 2739 435 913 2740 436 913 2741 429 914 2742 428 914 2743 443 914 2744 422 915 2745 421 915 2746 436 915 2747 422 916 2748 437 916 2749 438 916 2750 415 917 2751 430 917 2752 431 917 2753 442 918 2754 457 918 2755 458 918 2756 435 919 2757 450 919 2758 451 919 2759 443 920 2760 458 920 2761 459 920 2762 437 921 2763 436 921 2764 451 921 2765 437 922 2766 452 922 2767 453 922 2768 431 923 2769 430 923 2770 445 923 2771 439 924 2772 438 924 2773 453 924 2774 432 925 2775 431 925 2776 446 925 2777 439 926 2778 454 926 2779 455 926 2780 433 927 2781 432 927 2782 447 927 2783 441 928 2784 440 928 2785 455 928 2786 433 929 2787 448 929 2788 449 929 2789 441 930 2790 456 930 2791 457 930 2792 435 931 2793 434 931 2794 449 931 2795 446 932 2796 461 932 2797 462 932 2798 454 933 2799 469 933 2800 470 933 2801 447 934 2802 462 934 2803 463 934 2804 456 935 2805 455 935 2806 470 935 2807 448 936 2808 463 936 2809 464 936 2810 456 937 2811 471 937 2812 472 937 2813 450 938 2814 449 938 2815 464 938 2816 458 939 2817 457 939 2818 472 939 2819 450 940 2820 465 940 2821 466 940 2822 458 941 2823 473 941 2824 474 941 2825 452 942 2826 451 942 2827 466 942 2828 452 943 2829 467 943 2830 468 943 2831 445 944 2832 460 944 2833 461 944 2834 454 945 2835 453 945 2836 468 945 2837 466 946 2838 465 946 2839 3 946 2840 474 947 2841 473 947 2842 480 947 2843 467 948 2844 466 948 2845 477 948 2846 467 949 2847 4 949 2848 5 949 2849 461 950 2850 460 950 2851 0 950 2852 468 951 2853 5 951 2854 478 951 2855 462 952 2856 461 952 2857 475 952 2858 469 953 2859 478 953 2860 479 953 2861 463 954 2862 462 954 2863 1 954 2864 470 955 2865 479 955 2866 6 955 2867 464 956 2868 463 956 2869 2 956 2870 471 957 2871 6 957 2872 7 957 2873 465 958 2874 464 958 2875 476 958 2876 472 959 2877 7 959 2878 480 959 2879</p>
        </triangles>
      </mesh>
    </geometry>
    <geometry id="Cylinder_001-mesh" name="Cylinder.001">
      <mesh>
        <source id="Cylinder_001-mesh-positions">
          <float_array id="Cylinder_001-mesh-positions-array" count="60">0 0.03999996 -0.975 0 0.03999996 0.975 0.0235114 0.03236067 -0.975 0.0235114 0.03236067 0.975 0.03804224 0.01236063 -0.975 0.03804224 0.01236063 0.975 0.03804224 -0.01236063 -0.975 0.03804224 -0.01236063 0.975 0.0235114 -0.03236067 -0.975 0.0235114 -0.03236067 0.975 0 -0.03999996 -0.975 0 -0.03999996 0.975 -0.0235114 -0.03236067 -0.975 -0.0235114 -0.03236067 0.975 -0.03804224 -0.01236063 -0.975 -0.03804224 -0.01236063 0.975 -0.03804224 0.01236063 -0.975 -0.03804224 0.01236063 0.975 -0.0235114 0.03236067 -0.975 -0.0235114 0.03236067 0.975</float_array>
          <technique_common>
            <accessor source="#Cylinder_001-mesh-positions-array" count="20" stride="3">
              <param name="X" type="float"/>
              <param name="Y" type="float"/>
              <param name="Z" type="float"/>
            </accessor>
          </technique_common>
        </source>
        <source id="Cylinder_001-mesh-normals">
          <float_array id="Cylinder_001-mesh-normals-array" count="108">0.309017 0.9510565 0 0.809017 0.5877853 0 1 0 0 0.809017 -0.5877853 0 0.309017 -0.9510565 0 -0.309017 -0.9510565 0 -0.809017 -0.5877853 0 -1 0 0 0 0 1 -0.809017 0.5877853 0 -0.309017 0.9510565 0 0 0 -1 0.309017 0.9510565 0 0.809017 0.5877853 0 1 0 0 0.809017 -0.5877853 0 0.309017 -0.9510565 0 -0.309017 -0.9510565 0 -0.809017 -0.5877853 0 -1 0 0 0 0 1 0 0 1 0 0 1 0 0 1 0 0 1 0 0 1 0 0 1 -0.809017 0.5877853 0 -0.309017 0.9510565 0 0 0 -1 0 0 -1 0 0 -1 0 0 -1 0 0 -1 0 0 -1 0 0 -1</float_array>
          <technique_common>
            <accessor source="#Cylinder_001-mesh-normals-array" count="36" stride="3">
              <param name="X" type="float"/>
              <param name="Y" type="float"/>
              <param name="Z" type="float"/>
            </accessor>
          </technique_common>
        </source>
        <source id="Cylinder_001-mesh-map-0">
          <float_array id="Cylinder_001-mesh-map-0-array" count="216">1 1 0.9 0.5 1 0.5 0.9 1 0.8 0.5 0.9 0.5 0.8 1 0.6999999 0.5 0.8 0.5 0.6999999 1 0.5999999 0.5 0.6999999 0.5 0.5999999 1 0.4999999 0.5 0.5999999 0.5 0.4999999 1 0.3999999 0.5 0.4999999 0.5 0.3999999 1 0.2999999 0.5 0.3999999 0.5 0.2999999 1 0.1999999 0.5 0.2999999 0.5 0.02174639 0.3241641 0.3910685 0.0558359 0.4782536 0.3241641 0.1999999 1 0.0999999 0.5 0.1999999 0.5 0.0999999 1 0 0.5 0.0999999 0.5 0.9782536 0.1758359 0.5217464 0.1758359 0.6089316 0.4441641 1 1 0.9 1 0.9 0.5 0.9 1 0.8 1 0.8 0.5 0.8 1 0.6999999 1 0.6999999 0.5 0.6999999 1 0.5999999 1 0.5999999 0.5 0.5999999 1 0.4999999 1 0.4999999 0.5 0.4999999 1 0.3999999 1 0.3999999 0.5 0.3999999 1 0.2999999 1 0.2999999 0.5 0.2999999 1 0.1999999 1 0.1999999 0.5 0.4782536 0.3241641 0.3910685 0.4441641 0.25 0.49 0.25 0.49 0.1089315 0.4441641 0.02174639 0.3241641 0.02174639 0.3241641 0.02174639 0.1758359 0.1089315 0.0558359 0.1089315 0.0558359 0.25 0.00999999 0.02174639 0.3241641 0.25 0.00999999 0.3910685 0.0558359 0.02174639 0.3241641 0.3910685 0.0558359 0.4782536 0.1758359 0.4782536 0.3241641 0.4782536 0.3241641 0.25 0.49 0.02174639 0.3241641 0.1999999 1 0.0999999 1 0.0999999 0.5 0.0999999 1 0 1 0 0.5 0.6089316 0.4441641 0.75 0.49 0.9782536 0.1758359 0.75 0.49 0.8910685 0.4441641 0.9782536 0.1758359 0.8910685 0.4441641 0.9782536 0.3241641 0.9782536 0.1758359 0.9782536 0.1758359 0.8910685 0.0558359 0.75 0.00999999 0.75 0.00999999 0.6089316 0.0558359 0.5217464 0.1758359 0.5217464 0.1758359 0.5217464 0.3241641 0.6089316 0.4441641 0.9782536 0.1758359 0.75 0.00999999 0.5217464 0.1758359</float_array>
          <technique_common>
            <accessor source="#Cylinder_001-mesh-map-0-array" count="108" stride="2">
              <param name="S" type="float"/>
              <param name="T" type="float"/>
            </accessor>
          </technique_common>
        </source>
        <vertices id="Cylinder_001-mesh-vertices">
          <input semantic="POSITION" source="#Cylinder_001-mesh-positions"/>
        </vertices>
        <triangles material="CL_post-material" count="36">
          <input semantic="VERTEX" source="#Cylinder_001-mesh-vertices" offset="0"/>
          <input semantic="NORMAL" source="#Cylinder_001-mesh-normals" offset="1"/>
          <input semantic="TEXCOORD" source="#Cylinder_001-mesh-map-0" offset="2" set="0"/>
          <p>1 0 0 2 0 1 0 0 2 3 1 3 4 1 4 2 1 5 5 2 6 6 2 7 4 2 8 7 3 9 8 3 10 6 3 11 9 4 12 10 4 13 8 4 14 11 5 15 12 5 16 10 5 17 13 6 18 14 6 19 12 6 20 15 7 21 16 7 22 14 7 23 17 8 24 9 8 25 5 8 26 17 9 27 18 9 28 16 9 29 19 10 30 0 10 31 18 10 32 6 11 33 14 11 34 18 11 35 1 12 36 3 12 37 2 12 38 3 13 39 5 13 40 4 13 41 5 14 42 7 14 43 6 14 44 7 15 45 9 15 46 8 15 47 9 16 48 11 16 49 10 16 50 11 17 51 13 17 52 12 17 53 13 18 54 15 18 55 14 18 56 15 19 57 17 19 58 16 19 59 5 20 60 3 20 61 1 20 62 1 21 63 19 21 64 17 21 65 17 22 66 15 22 67 13 22 68 13 23 69 11 23 70 17 23 71 11 24 72 9 24 73 17 24 74 9 25 75 7 25 76 5 25 77 5 26 78 1 26 79 17 26 80 17 27 81 19 27 82 18 27 83 19 28 84 1 28 85 0 28 86 18 29 87 0 29 88 6 29 89 0 30 90 2 30 91 6 30 92 2 31 93 4 31 94 6 31 95 6 32 96 8 32 97 10 32 98 10 33 99 12 33 100 14 33 101 14 34 102 16 34 103 18 34 104 6 35 105 10 35 106 14 35 107</p>
        </triangles>
      </mesh>
    </geometry>
    <geometry id="Sphere-mesh" name="Sphere">
      <mesh>
        <source id="Sphere-mesh-positions">
          <float_array id="Sphere-mesh-positions-array" count="1446">0 0.009364306 0.04707765 0 0.02666735 0.03991049 0 0.03394109 0.03394109 0 0.04434621 0.01836878 0 0.04799997 0 0 0.04707765 -0.009364306 0 0.03394109 -0.03394109 0 0.02666735 -0.03991049 0.001826882 0.00918436 0.04707765 0.00358355 0.0180158 0.04434621 0.005202531 0.02615493 0.03991049 0.006621539 0.03328895 0.03394109 0.007786154 0.03914362 0.02666735 0.008651494 0.0434941 0.01836878 0.00918436 0.04617309 0.009364306 0.009364306 0.04707765 0 0.00918436 0.04617309 -0.009364306 0.008651494 0.0434941 -0.01836878 0.007786154 0.03914362 -0.02666735 0.006621539 0.03328895 -0.03394109 0.005202531 0.02615493 -0.03991049 0.00358355 0.0180158 -0.04434621 0.001826882 0.00918436 -0.04707765 0.00358355 0.008651494 0.04707765 0.007029414 0.01697051 0.04434621 0.01020514 0.0246374 0.03991049 0.01298868 0.03135746 0.03394109 0.01527309 0.0368725 0.02666735 0.01697051 0.04097056 0.01836878 0.0180158 0.0434941 0.009364306 0.01836878 0.04434621 0 0.0180158 0.0434941 -0.009364306 0.01697051 0.04097056 -0.01836878 0.01527309 0.0368725 -0.02666735 0.01298868 0.03135746 -0.03394109 0.01020514 0.0246374 -0.03991049 0.007029414 0.01697051 -0.04434621 0.00358355 0.008651494 -0.04707765 0.005202531 0.007786154 0.04707765 0.01020514 0.01527309 0.04434621 0.01481556 0.0221731 0.03991049 0.01885664 0.02822101 0.03394109 0.0221731 0.03318434 0.02666735 0.0246374 0.0368725 0.01836878 0.02615493 0.03914362 0.009364306 0.02666735 0.03991049 0 0.02615493 0.03914362 -0.009364306 0.0246374 0.0368725 -0.01836878 0.0221731 0.03318434 -0.02666735 0.01885664 0.02822101 -0.03394109 0.01481556 0.0221731 -0.03991049 0.01020514 0.01527309 -0.04434621 0.005202531 0.007786154 -0.04707765 0.006621539 0.006621539 0.04707765 0.01298868 0.01298868 0.04434621 0.01885664 0.01885664 0.03991049 0.02399998 0.02399998 0.03394109 0.02822101 0.02822101 0.02666735 0.03135746 0.03135746 0.01836878 0.03328895 0.03328895 0.009364306 0.03394109 0.03394109 0 0.03328895 0.03328895 -0.009364306 0.03135746 0.03135746 -0.01836878 0.02822101 0.02822101 -0.02666735 0.02399998 0.02399998 -0.03394109 0.01885664 0.01885664 -0.03991049 0.01298868 0.01298868 -0.04434621 0.006621539 0.006621539 -0.04707765 0.007786154 0.005202531 0.04707765 0.01527309 0.01020514 0.04434621 0.0221731 0.01481556 0.03991049 0.02822101 0.01885664 0.03394109 0.03318434 0.0221731 0.02666735 0.0368725 0.0246374 0.01836878 0.03914362 0.02615493 0.009364306 0.03991049 0.02666735 0 0.03914362 0.02615493 -0.009364306 0.0368725 0.0246374 -0.01836878 0.03318434 0.0221731 -0.02666735 0.02822101 0.01885664 -0.03394109 0.0221731 0.01481556 -0.03991049 0.01527309 0.01020514 -0.04434621 0.007786154 0.005202531 -0.04707765 0.008651494 0.00358355 0.04707765 0.01697051 0.007029414 0.04434621 0.0246374 0.01020514 0.03991049 0.03135746 0.01298868 0.03394109 0.0368725 0.01527309 0.02666735 0.0409705 0.01697051 0.01836878 0.0434941 0.0180158 0.009364306 0.04434621 0.01836878 0 0.0434941 0.0180158 -0.009364306 0.0409705 0.01697051 -0.01836878 0.0368725 0.01527309 -0.02666735 0.03135746 0.01298868 -0.03394109 0.0246374 0.01020514 -0.03991049 0.01697051 0.007029414 -0.04434621 0.008651494 0.00358355 -0.04707765 0.00918436 0.001826882 0.04707765 0.0180158 0.00358355 0.04434621 0.02615493 0.005202531 0.03991049 0.03328889 0.006621539 0.03394109 0.03914362 0.007786154 0.02666735 0.0434941 0.008651494 0.01836878 0.04617309 0.00918436 0.009364306 0.04707765 0.009364306 0 0.04617309 0.00918436 -0.009364306 0.0434941 0.008651494 -0.01836878 0.03914362 0.007786154 -0.02666735 0.03328889 0.006621539 -0.03394109 0.02615493 0.005202531 -0.03991049 0.0180158 0.00358355 -0.04434621 0.00918436 0.001826882 -0.04707765 0.009364306 0 0.04707765 0.01836878 0 0.04434621 0.02666735 0 0.03991049 0.03394109 0 0.03394109 0.03991049 0 0.02666735 0.04434615 0 0.01836878 0.04707765 0 0.009364306 0.04799997 0 0 0.04707765 0 -0.009364306 0.04434615 0 -0.01836878 0.03991049 0 -0.02666735 0.03394109 0 -0.03394109 0.02666735 0 -0.03991049 0.01836878 0 -0.04434621 0.009364306 0 -0.04707765 0.00918436 -0.001826882 0.04707765 0.0180158 -0.00358355 0.04434621 0.02615493 -0.005202531 0.03991049 0.03328889 -0.006621539 0.03394109 0.03914362 -0.007786154 0.02666735 0.0434941 -0.008651494 0.01836878 0.04617309 -0.00918436 0.009364306 0.04707765 -0.009364306 0 0.04617309 -0.00918436 -0.009364306 0.0434941 -0.008651494 -0.01836878 0.03914362 -0.007786154 -0.02666735 0.03328889 -0.006621539 -0.03394109 0.02615493 -0.005202531 -0.03991049 0.0180158 -0.00358355 -0.04434621 0.00918436 -0.001826882 -0.04707765 0.008651494 -0.00358355 0.04707765 0.01697051 -0.007029414 0.04434621 0.0246374 -0.01020514 0.03991049 0.03135746 -0.01298868 0.03394109 0.0368725 -0.01527309 0.02666735 0.0409705 -0.01697051 0.01836878 0.0434941 -0.0180158 0.009364306 0.04434615 -0.01836878 0 0.0434941 -0.0180158 -0.009364306 0.0409705 -0.01697051 -0.01836878 0.0368725 -0.01527309 -0.02666735 0.03135746 -0.01298868 -0.03394109 0.0246374 -0.01020514 -0.03991049 0.01697051 -0.007029414 -0.04434621 0.008651494 -0.00358355 -0.04707765 0.007786154 -0.005202531 0.04707765 0.01527309 -0.01020514 0.04434621 0.0221731 -0.01481556 0.03991049 0.02822095 -0.01885664 0.03394109 0.03318434 -0.0221731 0.02666735 0.0368725 -0.0246374 0.01836878 0.03914362 -0.02615493 0.009364306 0.03991049 -0.02666735 0 0.03914362 -0.02615493 -0.009364306 0.0368725 -0.0246374 -0.01836878 0.03318434 -0.0221731 -0.02666735 0.02822095 -0.01885664 -0.03394109 0.0221731 -0.01481556 -0.03991049 0.01527309 -0.01020514 -0.04434621 0.007786154 -0.005202531 -0.04707765 0.006621539 -0.006621539 0.04707765 0.01298868 -0.01298868 0.04434621 0.01885664 -0.01885664 0.03991049 0.02399998 -0.02399998 0.03394109 0.02822095 -0.02822101 0.02666735 0.03135746 -0.03135746 0.01836878 0.03328889 -0.03328889 0.009364306 0.03394109 -0.03394109 0 0.03328889 -0.03328889 -0.009364306 0.03135746 -0.03135746 -0.01836878 0.02822095 -0.02822101 -0.02666735 0.02399998 -0.02399998 -0.03394109 0.01885664 -0.01885664 -0.03991049 0.01298868 -0.01298868 -0.04434621 0.006621539 -0.006621539 -0.04707765 0.005202531 -0.007786154 0.04707765 0.01020514 -0.01527309 0.04434621 0.01481556 -0.0221731 0.03991049 0.01885664 -0.02822095 0.03394109 0.02217304 -0.03318434 0.02666735 0.0246374 -0.0368725 0.01836878 0.02615493 -0.03914362 0.009364306 0.02666735 -0.03991049 0 0.02615493 -0.03914362 -0.009364306 0.0246374 -0.0368725 -0.01836878 0.02217304 -0.03318434 -0.02666735 0.01885664 -0.02822095 -0.03394109 0.01481556 -0.0221731 -0.03991049 0.01020514 -0.01527309 -0.04434621 0.005202531 -0.007786154 -0.04707765 0.00358355 -0.008651494 0.04707765 0.007029414 -0.01697051 0.04434621 0.01020514 -0.0246374 0.03991049 0.01298868 -0.03135746 0.03394109 0.01527309 -0.0368725 0.02666735 0.01697051 -0.0409705 0.01836878 0.0180158 -0.0434941 0.009364306 0.01836878 -0.04434615 0 0.0180158 -0.0434941 -0.009364306 0.01697051 -0.0409705 -0.01836878 0.01527309 -0.0368725 -0.02666735 0.01298868 -0.03135746 -0.03394109 0.01020514 -0.0246374 -0.03991049 0.007029414 -0.01697051 -0.04434621 0.00358355 -0.008651494 -0.04707765 0.001826882 -0.00918436 0.04707765 0.00358355 -0.0180158 0.04434621 0.005202531 -0.02615493 0.03991049 0.006621539 -0.03328889 0.03394109 0.007786095 -0.03914362 0.02666735 0.008651494 -0.04349404 0.01836878 0.00918436 -0.04617309 0.009364306 0.009364306 -0.04707765 0 0.00918436 -0.04617309 -0.009364306 0.008651494 -0.04349404 -0.01836878 0.007786095 -0.03914362 -0.02666735 0.006621539 -0.03328889 -0.03394109 0.005202531 -0.02615493 -0.03991049 0.00358355 -0.0180158 -0.04434621 0.001826882 -0.00918436 -0.04707765 0 -0.009364306 0.04707765 0 -0.01836878 0.04434621 0 -0.02666735 0.03991049 0 -0.03394109 0.03394109 0 -0.03991049 0.02666735 0 -0.04434615 0.01836878 0 -0.04707765 0.009364306 0 -0.04799997 0 0 -0.04707765 -0.009364306 0 -0.04434615 -0.01836878 0 -0.03991049 -0.02666735 0 -0.03394109 -0.03394109 0 -0.02666735 -0.03991049 0 -0.01836878 -0.04434621 0 -0.009364306 -0.04707765 0 0 -0.04799997 -0.001826882 -0.00918436 0.04707765 -0.00358355 -0.0180158 0.04434621 -0.005202531 -0.02615493 0.03991049 -0.006621539 -0.03328889 0.03394109 -0.007786154 -0.03914362 0.02666735 -0.008651494 -0.04349404 0.01836878 -0.00918436 -0.04617303 0.009364306 -0.009364306 -0.04707765 0 -0.00918436 -0.04617303 -0.009364306 -0.008651494 -0.04349404 -0.01836878 -0.007786154 -0.03914362 -0.02666735 -0.006621539 -0.03328889 -0.03394109 -0.005202531 -0.02615493 -0.03991049 -0.00358355 -0.0180158 -0.04434621 -0.001826882 -0.00918436 -0.04707765 -0.00358355 -0.008651494 0.04707765 -0.007029414 -0.01697051 0.04434621 -0.01020514 -0.0246374 0.03991049 -0.01298868 -0.03135746 0.03394109 -0.01527309 -0.0368725 0.02666735 -0.01697051 -0.0409705 0.01836878 -0.0180158 -0.04349404 0.009364306 -0.01836878 -0.04434615 0 -0.0180158 -0.04349404 -0.009364306 -0.01697051 -0.0409705 -0.01836878 -0.01527309 -0.0368725 -0.02666735 -0.01298868 -0.03135746 -0.03394109 -0.01020514 -0.0246374 -0.03991049 -0.007029414 -0.01697051 -0.04434621 -0.00358355 -0.008651494 -0.04707765 -0.005202531 -0.007786154 0.04707765 -0.01020514 -0.01527303 0.04434621 -0.01481556 -0.02217304 0.03991049 -0.01885664 -0.02822095 0.03394109 -0.0221731 -0.03318434 0.02666735 -0.0246374 -0.0368725 0.01836878 -0.02615493 -0.03914362 0.009364306 -0.02666735 -0.03991049 0 -0.02615493 -0.03914362 -0.009364306 -0.0246374 -0.0368725 -0.01836878 -0.0221731 -0.03318434 -0.02666735 -0.01885664 -0.02822095 -0.03394109 -0.01481556 -0.02217304 -0.03991049 -0.01020514 -0.01527303 -0.04434621 -0.005202531 -0.007786154 -0.04707765 -0.006621539 -0.006621539 0.04707765 -0.01298868 -0.01298868 0.04434621 -0.01885664 -0.01885664 0.03991049 -0.02399998 -0.02399992 0.03394109 -0.02822095 -0.02822095 0.02666735 -0.03135746 -0.03135746 0.01836878 -0.03328889 -0.03328889 0.009364306 -0.03394109 -0.03394109 0 -0.03328889 -0.03328889 -0.009364306 -0.03135746 -0.03135746 -0.01836878 -0.02822095 -0.02822095 -0.02666735 -0.02399998 -0.02399992 -0.03394109 -0.01885664 -0.01885664 -0.03991049 -0.01298868 -0.01298868 -0.04434621 -0.006621539 -0.006621539 -0.04707765 0 0 0.04799997 -0.007786154 -0.005202531 0.04707765 -0.01527309 -0.01020514 0.04434621 -0.0221731 -0.01481556 0.03991049 -0.02822095 -0.01885664 0.03394109 -0.03318434 -0.02217304 0.02666735 -0.0368725 -0.0246374 0.01836878 -0.03914362 -0.02615493 0.009364306 -0.03991049 -0.02666729 0 -0.03914362 -0.02615493 -0.009364306 -0.0368725 -0.0246374 -0.01836878 -0.03318434 -0.02217304 -0.02666735 -0.02822095 -0.01885664 -0.03394109 -0.0221731 -0.01481556 -0.03991049 -0.01527309 -0.01020514 -0.04434621 -0.007786154 -0.005202531 -0.04707765 -0.008651494 -0.00358355 0.04707765 -0.01697051 -0.007029414 0.04434621 -0.0246374 -0.01020514 0.03991049 -0.03135746 -0.01298868 0.03394109 -0.0368725 -0.01527309 0.02666735 -0.0409705 -0.01697051 0.01836878 -0.04349404 -0.0180158 0.009364306 -0.04434615 -0.01836878 0 -0.04349404 -0.0180158 -0.009364306 -0.0409705 -0.01697051 -0.01836878 -0.0368725 -0.01527309 -0.02666735 -0.03135746 -0.01298868 -0.03394109 -0.0246374 -0.01020514 -0.03991049 -0.01697051 -0.007029414 -0.04434621 -0.008651494 -0.00358355 -0.04707765 -0.00918436 -0.001826882 0.04707765 -0.0180158 -0.00358355 0.04434621 -0.02615493 -0.005202531 0.03991049 -0.03328889 -0.006621539 0.03394109 -0.03914362 -0.007786095 0.02666735 -0.04349404 -0.008651494 0.01836878 -0.04617303 -0.00918436 0.009364306 -0.04707765 -0.009364306 0 -0.04617303 -0.00918436 -0.009364306 -0.04349404 -0.008651494 -0.01836878 -0.03914362 -0.007786095 -0.02666735 -0.03328889 -0.006621539 -0.03394109 -0.02615493 -0.005202531 -0.03991049 -0.0180158 -0.00358355 -0.04434621 -0.00918436 -0.001826882 -0.04707765 -0.009364306 0 0.04707765 -0.01836878 0 0.04434621 -0.02666735 0 0.03991049 -0.03394109 0 0.03394109 -0.03991049 0 0.02666735 -0.04434615 0 0.01836878 -0.04707765 0 0.009364306 -0.04799997 0 0 -0.04707765 0 -0.009364306 -0.04434615 0 -0.01836878 -0.03991049 0 -0.02666735 -0.03394109 0 -0.03394109 -0.02666735 0 -0.03991049 -0.01836878 0 -0.04434621 -0.009364306 0 -0.04707765 -0.00918436 0.001826882 0.04707765 -0.0180158 0.00358355 0.04434621 -0.02615493 0.005202531 0.03991049 -0.03328889 0.006621539 0.03394109 -0.03914362 0.007786154 0.02666735 -0.04349404 0.008651494 0.01836878 -0.04617303 0.00918436 0.009364306 -0.04707765 0.009364306 0 -0.04617303 0.00918436 -0.009364306 -0.04349404 0.008651494 -0.01836878 -0.03914362 0.007786154 -0.02666735 -0.03328889 0.006621539 -0.03394109 -0.02615493 0.005202531 -0.03991049 -0.0180158 0.00358355 -0.04434621 -0.00918436 0.001826882 -0.04707765 -0.008651494 0.00358355 0.04707765 -0.01697051 0.007029414 0.04434621 -0.0246374 0.01020514 0.03991049 -0.03135746 0.01298868 0.03394109 -0.0368725 0.01527309 0.02666735 -0.0409705 0.01697051 0.01836878 -0.04349404 0.0180158 0.009364306 -0.04434615 0.01836878 0 -0.04349404 0.0180158 -0.009364306 -0.0409705 0.01697051 -0.01836878 -0.0368725 0.01527309 -0.02666735 -0.03135746 0.01298868 -0.03394109 -0.0246374 0.01020514 -0.03991049 -0.01697051 0.007029414 -0.04434621 -0.008651494 0.00358355 -0.04707765 -0.007786095 0.005202531 0.04707765 -0.01527303 0.01020514 0.04434621 -0.02217304 0.01481556 0.03991049 -0.02822095 0.01885664 0.03394109 -0.03318434 0.02217304 0.02666735 -0.03687244 0.0246374 0.01836878 -0.03914362 0.02615493 0.009364306 -0.03991049 0.02666735 0 -0.03914362 0.02615493 -0.009364306 -0.03687244 0.0246374 -0.01836878 -0.03318434 0.02217304 -0.02666735 -0.02822095 0.01885664 -0.03394109 -0.02217304 0.01481556 -0.03991049 -0.01527303 0.01020514 -0.04434621 -0.007786095 0.005202531 -0.04707765 -0.006621539 0.006621539 0.04707765 -0.01298868 0.01298868 0.04434621 -0.01885664 0.01885664 0.03991049 -0.02399992 0.02399992 0.03394109 -0.02822095 0.02822095 0.02666735 -0.03135746 0.03135746 0.01836878 -0.03328889 0.03328889 0.009364306 -0.03394109 0.03394109 0 -0.03328889 0.03328889 -0.009364306 -0.03135746 0.03135746 -0.01836878 -0.02822095 0.02822095 -0.02666735 -0.02399992 0.02399992 -0.03394109 -0.01885664 0.01885664 -0.03991049 -0.01298868 0.01298868 -0.04434621 -0.006621539 0.006621539 -0.04707765 -0.005202531 0.007786154 0.04707765 -0.01020514 0.01527309 0.04434621 -0.01481556 0.0221731 0.03991049 -0.01885664 0.02822095 0.03394109 -0.02217304 0.03318434 0.02666735 -0.0246374 0.0368725 0.01836878 -0.02615493 0.03914362 0.009364306 -0.02666729 0.03991049 0 -0.02615493 0.03914362 -0.009364306 -0.0246374 0.0368725 -0.01836878 -0.02217304 0.03318434 -0.02666735 -0.01885664 0.02822095 -0.03394109 -0.01481556 0.0221731 -0.03991049 -0.01020514 0.01527309 -0.04434621 -0.005202531 0.007786154 -0.04707765 -0.00358355 0.008651494 0.04707765 -0.007029414 0.01697051 0.04434621 -0.01020514 0.0246374 0.03991049 -0.01298868 0.03135746 0.03394109 -0.01527309 0.0368725 0.02666735 -0.01697051 0.0409705 0.01836878 -0.0180158 0.04349404 0.009364306 -0.01836878 0.04434615 0 -0.0180158 0.04349404 -0.009364306 -0.01697051 0.0409705 -0.01836878 -0.01527309 0.0368725 -0.02666735 -0.01298868 0.03135746 -0.03394109 -0.01020514 0.0246374 -0.03991049 -0.007029414 0.01697051 -0.04434621 -0.00358355 0.008651494 -0.04707765 -0.001826882 0.00918436 0.04707765 -0.00358355 0.0180158 0.04434621 -0.005202531 0.02615493 0.03991049 -0.006621539 0.03328889 0.03394109 -0.007786095 0.03914362 0.02666735 -0.008651494 0.04349404 0.01836878 -0.00918436 0.04617303 0.009364306 -0.009364306 0.04707765 0 -0.00918436 0.04617303 -0.009364306 -0.008651494 0.04349404 -0.01836878 -0.007786095 0.03914362 -0.02666735 -0.006621539 0.03328889 -0.03394109 -0.005202531 0.02615493 -0.03991049 -0.00358355 0.0180158 -0.04434621 -0.001826882 0.00918436 -0.04707765 0 0.01836878 0.04434621 0 0.03991049 0.02666735 0 0.04707759 0.009364306 0 0.04434615 -0.01836878 0 0.03991049 -0.02666735 0 0.01836878 -0.04434621 0 0.009364306 -0.04707765</float_array>
          <technique_common>
            <accessor source="#Sphere-mesh-positions-array" count="482" stride="3">
              <param name="X" type="float"/>
              <param name="Y" type="float"/>
              <param name="Z" type="float"/>
            </accessor>
          </technique_common>
        </source>
        <source id="Sphere-mesh-normals">
          <float_array id="Sphere-mesh-normals-array" count="2880">0.08653581 0.8786129 0.4696285 0.04637622 0.4708889 -0.8809727 0.09382975 0.9527187 0.2890036 0.02857762 0.2901664 -0.9565495 0.09754967 0.9904379 0.0975548 0.009653449 0.09801262 0.9951384 0.009652972 0.09801274 -0.9951384 0.09754979 0.9904383 -0.09754973 0.0285775 0.2901664 0.9565495 0.09383058 0.9527186 -0.2890036 0.04637855 0.4708896 0.8809723 0.08653295 0.8786136 -0.4696278 0.06236088 0.6331587 0.7715058 0.07591557 0.7707809 -0.6325611 0.07591259 0.7707799 0.6325628 0.06236064 0.6331588 -0.7715057 0.2248283 0.7411589 0.6325629 0.1846857 0.6088269 -0.7715056 0.2562821 0.8448482 0.4696285 0.1373536 0.4527934 -0.8809722 0.2778975 0.9161058 0.2890037 0.08463835 0.2790151 -0.9565495 0.2889002 0.9523763 0.09754973 0.02858924 0.09424608 0.9951384 0.02858924 0.09424608 -0.9951384 0.2889001 0.9523764 -0.09754979 0.08463841 0.2790151 0.9565494 0.2778978 0.9161056 -0.2890039 0.1373534 0.4527935 0.8809722 0.2562822 0.8448482 -0.4696286 0.1846858 0.6088269 0.7715057 0.2248284 0.7411589 -0.6325629 0.4691486 0.8777149 -0.09754973 0.1374453 0.2571418 0.9565494 0.4512814 0.8442878 -0.2890039 0.2230498 0.4172969 0.8809723 0.4161796 0.7786162 -0.4696289 0.2999133 0.5610981 0.7715056 0.3651012 0.6830561 -0.6325627 0.3651014 0.6830558 0.6325629 0.2999132 0.5610982 -0.7715056 0.4161794 0.7786166 0.4696286 0.2230499 0.4172968 -0.8809723 0.4512814 0.8442878 0.2890039 0.1374453 0.2571419 -0.9565495 0.4691486 0.8777151 0.09754979 0.04642635 0.08685767 0.9951384 0.04642635 0.08685767 -0.9951383 0.4036153 0.4918066 -0.7715056 0.5600833 0.6824628 0.4696288 0.3001747 0.3657636 -0.8809722 0.6073225 0.7400245 0.2890038 0.1849702 0.2253867 -0.9565495 0.6313675 0.7693238 0.09754997 0.06247943 0.07613134 0.9951384 0.06247943 0.07613134 -0.9951383 0.6313677 0.7693237 -0.09754985 0.1849702 0.2253867 0.9565494 0.6073227 0.7400242 -0.2890042 0.3001746 0.3657637 0.8809723 0.560083 0.6824632 -0.4696285 0.4036153 0.4918066 0.7715056 0.4913435 0.5987036 -0.6325626 0.4913434 0.5987037 0.6325627 0.2253868 0.1849701 0.9565494 0.7400245 0.6073223 -0.2890041 0.3657637 0.3001745 0.8809723 0.6824632 0.560083 -0.4696285 0.4918067 0.4036152 0.7715055 0.5987037 0.4913433 -0.6325627 0.5987037 0.4913434 0.6325628 0.4918066 0.4036153 -0.7715057 0.6824633 0.560083 0.4696284 0.3657637 0.3001744 -0.8809723 0.7400245 0.6073222 0.2890041 0.2253868 0.1849702 -0.9565495 0.769324 0.6313673 0.09754967 0.0761314 0.06247943 0.9951384 0.0761314 0.06247937 -0.9951384 0.7693238 0.6313676 -0.09755009 0.7786169 0.4161791 0.4696282 0.4172968 0.2230498 -0.8809723 0.8442878 0.4512813 0.289004 0.257142 0.1374452 -0.9565495 0.8777152 0.4691482 0.09754943 0.08685767 0.04642635 0.9951384 0.08685767 0.04642635 -0.9951384 0.8777151 0.4691486 -0.09754979 0.257142 0.1374452 0.9565494 0.8442879 0.4512809 -0.2890043 0.4172968 0.2230497 0.8809723 0.7786167 0.4161794 -0.4696285 0.5610982 0.2999132 0.7715057 0.6830561 0.365101 -0.6325627 0.683056 0.3651011 0.6325629 0.5610982 0.2999132 -0.7715056 0.9161056 0.2778974 -0.2890043 0.4527934 0.1373532 0.8809723 0.8448486 0.2562814 -0.4696282 0.6088271 0.1846855 0.7715056 0.7411592 0.224828 -0.6325626 0.7411591 0.2248277 0.6325629 0.6088271 0.1846854 -0.7715057 0.8448484 0.2562817 0.4696284 0.4527935 0.1373531 -0.8809723 0.9161057 0.2778975 0.2890042 0.2790153 0.08463829 -0.9565495 0.9523764 0.2889002 0.09754967 0.09424608 0.02858918 0.9951383 0.09424608 0.02858918 -0.9951384 0.9523764 0.2889001 -0.09754955 0.2790153 0.08463817 0.9565494 0.4708893 0.04637819 -0.8809724 0.952718 0.09383428 0.2890042 0.2901663 0.02857881 -0.9565495 0.9904384 0.09754931 0.09754967 0.09801268 0.009653389 0.9951384 0.09801268 0.009653329 -0.9951384 0.9904384 0.09754937 -0.09754973 0.2901662 0.02857863 0.9565494 0.952718 0.09383416 -0.2890043 0.4708894 0.04637855 0.8809723 0.878613 0.08653539 -0.4696285 0.6331589 0.06236058 0.7715056 0.7707798 0.07591497 -0.6325625 0.7707798 0.0759148 0.6325626 0.633159 0.0623607 -0.7715055 0.8786129 0.08653551 0.4696286 0.8786128 -0.08653581 -0.4696285 0.633159 -0.06236094 0.7715056 0.7707798 -0.07591545 -0.6325625 0.7707799 -0.07591515 0.6325625 0.6331591 -0.0623607 -0.7715055 0.8786128 -0.08653587 0.4696286 0.4708892 -0.04637867 -0.8809725 0.952718 -0.09383469 0.2890042 0.2901662 -0.02857893 -0.9565494 0.9904384 -0.09754973 0.09754985 0.09801268 -0.009653389 0.9951383 0.09801268 -0.009653389 -0.9951383 0.9904384 -0.09754985 -0.09754973 0.2901662 -0.02857893 0.9565494 0.952718 -0.09383457 -0.289004 0.4708893 -0.04637855 0.8809724 0.2790153 -0.08463847 -0.9565494 0.9523762 -0.2889007 0.09754943 0.09424608 -0.0285893 0.9951383 0.09424608 -0.02858924 -0.9951383 0.9523764 -0.2889002 -0.09754991 0.2790153 -0.08463853 0.9565494 0.9161055 -0.2778978 -0.2890042 0.4527933 -0.1373534 0.8809724 0.8448482 -0.2562823 -0.4696286 0.6088271 -0.184686 0.7715054 0.7411589 -0.2248284 -0.6325627 0.741159 -0.2248284 0.6325626 0.6088272 -0.1846858 -0.7715054 0.8448481 -0.2562821 0.4696286 0.4527931 -0.1373536 -0.8809725 0.9161057 -0.2778976 0.289004 0.5610983 -0.2999135 0.7715054 0.683056 -0.3651013 -0.6325626 0.683056 -0.3651013 0.6325626 0.5610983 -0.2999135 -0.7715054 0.7786164 -0.4161794 0.4696287 0.4172964 -0.2230499 -0.8809725 0.8442878 -0.4512814 0.289004 0.2571421 -0.1374454 -0.9565494 0.877715 -0.4691487 0.09754949 0.08685767 -0.04642641 0.9951384 0.08685767 -0.04642641 -0.9951384 0.8777149 -0.4691486 -0.09754955 0.257142 -0.1374455 0.9565494 0.8442876 -0.4512814 -0.2890041 0.4172965 -0.2230498 0.8809725 0.7786164 -0.4161795 -0.4696287 0.7693235 -0.6313679 0.09754937 0.0761314 -0.06247943 0.9951383 0.0761314 -0.06247943 -0.9951384 0.7693236 -0.6313678 -0.09754955 0.2253868 -0.1849703 0.9565494 0.7400243 -0.6073225 -0.289004 0.3657634 -0.3001745 0.8809724 0.682463 -0.560083 -0.4696288 0.4918069 -0.4036155 0.7715054 0.5987037 -0.4913434 -0.6325625 0.5987037 -0.4913436 0.6325626 0.4918068 -0.4036156 -0.7715054 0.6824629 -0.5600831 0.4696288 0.3657634 -0.3001745 -0.8809724 0.7400245 -0.6073225 0.289004 0.2253869 -0.1849703 -0.9565494 0.4913433 -0.5987039 -0.6325626 0.4913433 -0.5987039 0.6325625 0.4036154 -0.4918069 -0.7715054 0.5600827 -0.6824634 0.4696287 0.3001741 -0.3657636 -0.8809725 0.6073222 -0.7400247 0.2890038 0.1849702 -0.225387 -0.9565494 0.6313674 -0.769324 0.09754943 0.06247943 -0.0761314 0.9951383 0.06247937 -0.07613146 -0.9951384 0.6313674 -0.769324 -0.09754949 0.1849702 -0.225387 0.9565495 0.607322 -0.7400248 -0.2890039 0.3001743 -0.3657636 0.8809724 0.5600829 -0.6824632 -0.4696289 0.4036152 -0.4918069 0.7715054 0.04642635 -0.08685773 0.9951384 0.04642641 -0.08685773 -0.9951383 0.4691483 -0.8777152 -0.09754961 0.1374452 -0.2571422 0.9565494 0.4512807 -0.8442881 -0.2890041 0.2230495 -0.4172967 0.8809725 0.4161791 -0.7786167 -0.4696287 0.2999132 -0.5610985 0.7715054 0.3651009 -0.6830562 -0.6325627 0.365101 -0.6830563 0.6325626 0.2999132 -0.5610985 -0.7715054 0.4161788 -0.7786169 0.4696285 0.2230494 -0.4172967 -0.8809725 0.4512811 -0.8442879 0.2890038 0.1374453 -0.2571421 -0.9565494 0.4691483 -0.8777152 0.09754961 0.2248281 -0.7411592 0.6325626 0.1846855 -0.6088272 -0.7715055 0.2562815 -0.8448486 0.4696282 0.1373534 -0.4527933 -0.8809724 0.2778976 -0.9161057 0.2890039 0.08463835 -0.2790155 -0.9565494 0.2888999 -0.9523765 0.09754949 0.02858924 -0.09424608 0.9951384 0.02858918 -0.09424608 -0.9951384 0.2889001 -0.9523764 -0.09754979 0.08463835 -0.2790154 0.9565494 0.2778971 -0.9161058 -0.2890043 0.1373531 -0.4527932 0.8809724 0.2562819 -0.8448483 -0.4696285 0.1846857 -0.6088273 0.7715055 0.2248281 -0.7411592 -0.6325626 0.09754943 -0.9904384 -0.09754973 0.02857869 -0.2901664 0.9565494 0.09383422 -0.952718 -0.2890043 0.04637837 -0.4708893 0.8809724 0.08653539 -0.8786131 -0.4696283 0.06236028 -0.6331592 0.7715055 0.07591462 -0.7707797 -0.6325628 0.0759148 -0.7707798 0.6325627 0.06236052 -0.6331593 -0.7715054 0.08653551 -0.8786131 0.4696282 0.04637825 -0.4708892 -0.8809724 0.09383434 -0.9527181 0.2890042 0.02857869 -0.2901664 -0.9565494 0.09754937 -0.9904384 0.09754961 0.009653329 -0.09801268 0.9951384 0.009653329 -0.09801268 -0.9951384 -0.06236076 -0.6331594 -0.7715053 -0.08653593 -0.8786131 0.4696282 -0.04637849 -0.4708892 -0.8809724 -0.09383469 -0.952718 0.2890042 -0.02857893 -0.2901664 -0.9565494 -0.09754973 -0.9904384 0.09754991 -0.009653389 -0.09801268 0.9951383 -0.009653389 -0.09801268 -0.9951383 -0.09754985 -0.9904383 -0.09754979 -0.02857887 -0.2901664 0.9565494 -0.09383463 -0.9527181 -0.289004 -0.04637855 -0.4708893 0.8809725 -0.08653581 -0.878613 -0.4696282 -0.062361 -0.6331592 0.7715053 -0.07591545 -0.7707796 -0.6325627 -0.07591515 -0.7707797 0.6325628 -0.277898 -0.9161056 -0.2890042 -0.1373534 -0.4527932 0.8809724 -0.2562823 -0.8448483 -0.4696283 -0.1846861 -0.6088273 0.7715052 -0.2248285 -0.7411588 -0.6325629 -0.2248284 -0.7411588 0.6325629 -0.1846859 -0.6088276 -0.7715051 -0.2562823 -0.8448484 0.4696282 -0.1373536 -0.452793 -0.8809725 -0.2778977 -0.9161057 0.2890039 -0.08463859 -0.2790154 -0.9565494 -0.2889007 -0.9523762 0.09754961 -0.0285893 -0.09424608 0.9951383 -0.02858924 -0.09424608 -0.9951383 -0.2889002 -0.9523763 -0.09755009 -0.08463859 -0.2790154 0.9565494 -0.2230497 -0.4172967 -0.8809723 -0.4512815 -0.8442877 0.289004 -0.1374454 -0.2571421 -0.9565494 -0.4691487 -0.8777149 0.09754985 -0.04642641 -0.08685767 0.9951384 -0.04642641 -0.08685773 -0.9951384 -0.4691488 -0.8777149 -0.09754985 -0.1374453 -0.2571421 0.9565494 -0.4512816 -0.8442876 -0.289004 -0.2230499 -0.4172965 0.8809724 -0.4161793 -0.7786168 -0.4696283 -0.2999137 -0.5610986 0.7715052 -0.3651012 -0.6830556 -0.6325631 -0.365101 -0.6830559 0.6325629 -0.2999138 -0.5610985 -0.7715051 -0.4161797 -0.7786168 0.469628 -0.3001746 -0.3657635 0.8809723 -0.5600832 -0.6824634 -0.469628 -0.4036157 -0.4918069 0.7715052 -0.4913433 -0.5987033 -0.6325632 -0.4913432 -0.5987035 0.6325631 -0.4036158 -0.4918069 -0.7715052 -0.5600833 -0.6824634 0.4696279 -0.3001746 -0.3657634 -0.8809724 -0.6073226 -0.7400243 0.2890039 -0.1849703 -0.2253869 -0.9565494 -0.631368 -0.7693234 0.09754991 -0.06247943 -0.0761314 0.9951384 -0.06247943 -0.0761314 -0.9951383 -0.6313678 -0.7693235 -0.09755003 -0.1849703 -0.2253868 0.9565494 -0.6073225 -0.7400245 -0.2890037 -0.7400247 -0.6073223 0.2890036 -0.225387 -0.1849703 -0.9565494 -0.769324 -0.6313673 0.09754985 -0.07613146 -0.06247943 0.9951383 -0.07613146 -0.06247943 -0.9951384 -0.7693238 -0.6313675 -0.09755015 -0.225387 -0.1849702 0.9565495 -0.7400246 -0.6073223 -0.2890036 -0.3657637 -0.3001744 0.8809723 -0.6824635 -0.5600831 -0.4696279 -0.4918072 -0.4036155 0.7715052 -0.5987035 -0.491343 -0.6325632 -0.5987036 -0.491343 0.6325631 -0.4918071 -0.4036155 -0.7715052 -0.6824635 -0.5600831 0.469628 -0.3657637 -0.3001742 -0.8809724 -0.778617 -0.4161792 -0.469628 -0.5610987 -0.2999134 0.7715052 -0.6830559 -0.3651008 -0.6325631 -0.6830559 -0.3651008 0.6325631 -0.5610987 -0.2999134 -0.7715052 -0.778617 -0.4161793 0.4696281 -0.4172967 -0.2230495 -0.8809724 -0.844288 -0.4512812 0.2890035 -0.2571422 -0.1374452 -0.9565494 -0.8777151 -0.4691484 0.09755009 -0.08685773 -0.04642635 0.9951383 -0.08685773 -0.04642641 -0.9951384 -0.8777151 -0.4691483 -0.09755003 -0.2571422 -0.1374452 0.9565494 -0.844288 -0.4512812 -0.2890035 -0.4172967 -0.2230496 0.8809723 -0.2790155 -0.08463841 -0.9565494 -0.9523764 -0.2888999 0.09755033 -0.09424614 -0.02858924 0.9951384 -0.09424614 -0.02858924 -0.9951383 -0.9523764 -0.2888998 -0.09755027 -0.2790155 -0.08463829 0.9565494 -0.916106 -0.2778972 -0.2890035 -0.4527933 -0.1373532 0.8809723 -0.8448485 -0.2562819 -0.4696282 -0.6088277 -0.1846855 0.7715051 -0.7411588 -0.2248276 -0.6325633 -0.7411588 -0.224828 0.632563 -0.6088275 -0.1846857 -0.7715052 -0.8448488 -0.2562816 0.4696279 -0.4527933 -0.1373532 -0.8809724 -0.9161059 -0.2778973 0.2890034 -0.6331596 -0.06236034 0.7715051 -0.7707793 -0.07591456 -0.6325633 -0.7707793 -0.07591474 0.6325632 -0.6331595 -0.06236058 -0.7715051 -0.8786132 -0.08653557 0.4696278 -0.4708893 -0.04637849 -0.8809724 -0.9527183 -0.0938344 0.2890034 -0.2901664 -0.02857863 -0.9565494 -0.9904382 -0.09754937 0.09755039 -0.09801268 -0.00965327 0.9951383 -0.09801268 -0.009653329 -0.9951383 -0.9904383 -0.09754943 -0.09755051 -0.2901664 -0.02857881 0.9565494 -0.9527183 -0.09383428 -0.2890035 -0.4708893 -0.04637837 0.8809725 -0.8786132 -0.08653545 -0.4696279 -0.9904382 0.09755015 0.09755027 -0.09801268 0.009653389 0.9951383 -0.09801274 0.009653389 -0.9951384 -0.9904383 0.09754985 -0.09755057 -0.2901664 0.02857887 0.9565494 -0.9527183 0.09383463 -0.2890033 -0.4708893 0.04637855 0.8809724 -0.8786131 0.08653587 -0.4696279 -0.6331596 0.0623607 0.7715051 -0.7707793 0.07591497 -0.6325631 -0.7707793 0.07591515 0.6325632 -0.6331597 0.06236082 -0.7715051 -0.8786132 0.08653593 0.4696279 -0.4708893 0.04637849 -0.8809723 -0.9527183 0.09383475 0.2890034 -0.2901664 0.02857893 -0.9565494 -0.7411587 0.2248284 -0.6325631 -0.7411587 0.2248284 0.6325631 -0.6088275 0.1846859 -0.7715051 -0.8448485 0.2562823 0.4696279 -0.4527933 0.1373534 -0.8809723 -0.9161059 0.2778978 0.2890033 -0.2790154 0.08463841 -0.9565494 -0.9523761 0.2889007 0.09755003 -0.09424614 0.02858924 0.9951384 -0.09424614 0.02858924 -0.9951384 -0.9523763 0.2889003 -0.09755045 -0.2790154 0.08463847 0.9565494 -0.9161058 0.277898 -0.2890035 -0.4527933 0.1373534 0.8809723 -0.8448484 0.2562825 -0.4696279 -0.6088277 0.1846862 0.771505 -0.08685773 0.04642641 -0.9951384 -0.8777151 0.4691485 -0.09755015 -0.2571421 0.1374453 0.9565494 -0.8442876 0.4512818 -0.2890038 -0.4172967 0.2230498 0.8809724 -0.7786169 0.4161794 -0.4696279 -0.5610988 0.299914 0.771505 -0.6830555 0.3651013 -0.6325634 -0.6830558 0.365101 0.632563 -0.5610988 0.2999137 -0.7715051 -0.7786169 0.41618 0.4696276 -0.4172968 0.2230497 -0.8809724 -0.8442879 0.4512814 0.2890034 -0.2571421 0.1374453 -0.9565494 -0.8777148 0.4691488 0.09754985 -0.08685773 0.04642647 0.9951384 -0.4918072 0.403616 -0.7715049 -0.6824636 0.5600835 0.4696276 -0.3657636 0.3001745 -0.8809723 -0.7400243 0.6073228 0.2890037 -0.2253869 0.1849703 -0.9565494 -0.7693235 0.6313678 0.09755021 -0.0761314 0.06247943 0.9951384 -0.0761314 0.06247949 -0.9951384 -0.7693234 0.6313679 -0.09755003 -0.2253869 0.1849703 0.9565495 -0.7400246 0.6073226 -0.2890034 -0.3657636 0.3001746 0.8809723 -0.6824635 0.5600835 -0.4696276 -0.4918072 0.4036161 0.7715049 -0.5987031 0.4913433 -0.6325634 -0.5987033 0.4913432 0.6325632 -0.1849702 0.225387 0.9565495 -0.6073224 0.7400248 -0.2890032 -0.3001744 0.3657636 0.8809723 -0.5600833 0.6824636 -0.4696276 -0.4036157 0.4918076 0.7715049 -0.4913426 0.5987033 -0.6325635 -0.491343 0.5987033 0.6325633 -0.4036158 0.4918074 -0.7715049 -0.5600833 0.6824638 0.4696276 -0.3001743 0.3657638 -0.8809723 -0.6073223 0.7400249 0.2890034 -0.1849702 0.225387 -0.9565494 -0.6313673 0.7693238 0.09755039 -0.06247943 0.07613146 0.9951384 -0.06247943 0.07613146 -0.9951384 -0.6313673 0.7693239 -0.09755039 -0.4161794 0.778617 0.4696277 -0.2230496 0.4172968 -0.8809724 -0.4512811 0.8442882 0.2890031 -0.1374453 0.2571421 -0.9565494 -0.469148 0.8777152 0.09755051 -0.04642635 0.08685773 0.9951384 -0.04642641 0.08685773 -0.9951384 -0.4691482 0.8777152 -0.09755057 -0.1374452 0.2571421 0.9565494 -0.4512814 0.8442882 -0.2890027 -0.2230497 0.4172967 0.8809723 -0.4161794 0.7786172 -0.4696276 -0.2999134 0.5610993 0.7715047 -0.3651003 0.6830556 -0.6325636 -0.3651007 0.6830556 0.6325634 -0.2999136 0.5610991 -0.7715048 -0.2778973 0.9161062 -0.2890028 -0.1373531 0.4527934 0.8809723 -0.256282 0.8448486 -0.4696278 -0.1846857 0.6088281 0.7715046 -0.2248275 0.7411583 -0.6325637 -0.224828 0.7411584 0.6325636 -0.1846856 0.6088282 -0.7715047 -0.2562817 0.844849 0.4696275 -0.1373531 0.4527934 -0.8809723 -0.2778975 0.9161061 0.2890027 -0.08463841 0.2790154 -0.9565494 -0.2889 0.9523763 0.09755074 -0.02858924 0.09424608 0.9951383 -0.02858924 0.09424614 -0.9951383 -0.2889 0.9523764 -0.09755069 -0.08463829 0.2790155 0.9565494 -0.04637849 0.4708893 -0.8809723 -0.09383451 0.9527196 0.2889991 -0.02857863 0.2901664 -0.9565494 -0.09755337 0.9904375 0.0975548 -0.009653747 0.09801262 0.9951384 -0.009653329 0.09801274 -0.9951384 -0.09755468 0.9904377 -0.09755092 -0.02857887 0.2901666 0.9565493 -0.09383428 0.9527185 -0.2890027 -0.04637956 0.4708887 0.8809726 -0.08653545 0.8786134 -0.4696274 -0.06236428 0.6331585 0.7715057 -0.07591938 0.7707782 -0.6325638 -0.07591491 0.770781 0.6325611 -0.06236225 0.6331598 -0.7715048 -0.08653926 0.8786115 0.4696306 0.08653277 0.8786121 0.4696308 0.04637855 0.4708896 -0.8809723 0.09383469 0.9527195 0.2889991 0.0285775 0.2901663 -0.9565495 0.09754467 0.9904389 0.09754973 0.09754973 0.9904384 -0.09754979 0.02857893 0.2901666 0.9565493 0.09383457 0.9527171 -0.2890074 0.04637622 0.4708889 0.8809728 0.08653217 0.8786133 -0.4696283 0.0623607 0.6331589 0.7715057 0.07591259 0.7707799 -0.6325628 0.07591557 0.7707809 0.6325612 0.06236088 0.6331587 -0.7715058 0.2248284 0.7411589 0.632563 0.1846858 0.6088269 -0.7715057 0.2562822 0.8448482 0.4696286 0.1373534 0.4527935 -0.8809722 0.2778978 0.9161056 0.2890039 0.08463841 0.2790151 -0.9565494 0.2889001 0.9523764 0.09754979 0.2889002 0.9523763 -0.09754973 0.08463841 0.2790151 0.9565495 0.2778975 0.9161058 -0.2890037 0.1373536 0.4527934 0.8809723 0.2562821 0.8448482 -0.4696285 0.1846857 0.6088269 0.7715056 0.2248283 0.7411589 -0.6325629 0.4691485 0.8777151 -0.09754979 0.1374452 0.2571419 0.9565495 0.4512814 0.8442878 -0.2890039 0.2230499 0.4172967 0.8809723 0.4161794 0.7786166 -0.4696286 0.2999132 0.5610981 0.7715057 0.3651014 0.6830558 -0.6325629 0.3651012 0.6830561 0.6325627 0.2999133 0.5610981 -0.7715055 0.4161796 0.7786163 0.4696289 0.2230498 0.4172969 -0.8809723 0.4512814 0.8442878 0.2890039 0.1374453 0.2571418 -0.9565494 0.4691486 0.8777149 0.09754973 0.4036153 0.4918066 -0.7715056 0.560083 0.6824632 0.4696285 0.3001746 0.3657637 -0.8809723 0.6073227 0.7400241 0.2890042 0.1849702 0.2253867 -0.9565494 0.6313677 0.7693237 0.09754985 0.6313676 0.7693237 -0.09754997 0.1849702 0.2253867 0.9565495 0.6073225 0.7400245 -0.2890038 0.3001747 0.3657636 0.8809723 0.5600833 0.6824628 -0.4696288 0.4036153 0.4918066 0.7715056 0.4913433 0.5987036 -0.6325627 0.4913434 0.5987035 0.6325627 0.2253868 0.1849701 0.9565495 0.7400245 0.6073222 -0.2890041 0.3657638 0.3001744 0.8809723 0.6824633 0.560083 -0.4696284 0.4918066 0.4036153 0.7715057 0.5987036 0.4913433 -0.6325627 0.5987037 0.4913433 0.6325628 0.4918067 0.4036152 -0.7715056 0.6824632 0.560083 0.4696285 0.3657637 0.3001746 -0.8809723 0.7400245 0.6073223 0.2890041 0.2253868 0.1849701 -0.9565494 0.7693238 0.6313676 0.09755003 0.769324 0.6313672 -0.09754967 0.7786167 0.4161794 0.4696285 0.4172968 0.2230497 -0.8809723 0.8442879 0.451281 0.2890043 0.257142 0.1374452 -0.9565494 0.8777151 0.4691486 0.09754979 0.8777153 0.4691483 -0.09754943 0.257142 0.1374452 0.9565495 0.8442878 0.4512813 -0.289004 0.4172968 0.2230497 0.8809723 0.778617 0.4161791 -0.4696282 0.5610982 0.2999132 0.7715056 0.6830559 0.3651011 -0.6325629 0.6830561 0.365101 0.6325627 0.5610982 0.2999132 -0.7715057 0.9161057 0.2778975 -0.2890042 0.4527935 0.1373531 0.8809723 0.8448484 0.2562817 -0.4696284 0.6088271 0.1846854 0.7715057 0.7411591 0.2248277 -0.6325629 0.7411591 0.224828 0.6325626 0.6088271 0.1846855 -0.7715056 0.8448486 0.2562814 0.4696282 0.4527935 0.1373532 -0.8809723 0.9161056 0.2778974 0.2890043 0.2790153 0.08463817 -0.9565494 0.9523764 0.2889001 0.09754955 0.9523763 0.2889001 -0.09754967 0.2790153 0.08463829 0.9565495 0.4708894 0.04637855 -0.8809723 0.952718 0.09383416 0.2890043 0.2901662 0.02857863 -0.9565494 0.9904384 0.09754937 0.09754973 0.9904384 0.09754931 -0.09754967 0.2901663 0.02857875 0.9565495 0.952718 0.09383428 -0.2890042 0.4708893 0.04637819 0.8809724 0.8786129 0.08653545 -0.4696285 0.633159 0.0623607 0.7715055 0.7707798 0.0759148 -0.6325626 0.7707799 0.07591503 0.6325625 0.6331589 0.06236058 -0.7715057 0.878613 0.08653539 0.4696285 0.8786128 -0.08653587 -0.4696285 0.6331591 -0.0623607 0.7715054 0.7707797 -0.07591515 -0.6325627 0.7707796 -0.07591545 0.6325627 0.6331589 -0.06236094 -0.7715055 0.8786128 -0.08653581 0.4696286 0.4708893 -0.04637855 -0.8809724 0.952718 -0.09383457 0.289004 0.2901663 -0.02857899 -0.9565494 0.9904384 -0.09754985 0.09754973 0.9904384 -0.09754973 -0.09754985 0.2901663 -0.02857893 0.9565494 0.952718 -0.09383469 -0.2890042 0.4708892 -0.04637867 0.8809724 0.2790153 -0.08463853 -0.9565494 0.9523764 -0.2889002 0.09754991 0.9523763 -0.2889006 -0.09754949 0.2790154 -0.08463847 0.9565494 0.9161057 -0.2778976 -0.289004 0.4527931 -0.1373535 0.8809725 0.8448481 -0.2562821 -0.4696287 0.6088272 -0.1846857 0.7715054 0.741159 -0.2248284 -0.6325627 0.741159 -0.2248284 0.6325627 0.6088271 -0.184686 -0.7715054 0.8448481 -0.2562822 0.4696286 0.4527933 -0.1373534 -0.8809725 0.9161055 -0.2778978 0.2890042 0.5610983 -0.2999135 0.7715054 0.683056 -0.3651013 -0.6325626 0.6830561 -0.3651013 0.6325626 0.5610983 -0.2999135 -0.7715054 0.7786164 -0.4161795 0.4696287 0.4172965 -0.2230498 -0.8809725 0.8442876 -0.4512814 0.2890041 0.257142 -0.1374455 -0.9565494 0.8777149 -0.4691486 0.09754955 0.877715 -0.4691487 -0.09754949 0.2571421 -0.1374453 0.9565494 0.8442878 -0.4512814 -0.289004 0.4172964 -0.2230499 0.8809725 0.7786164 -0.4161794 -0.4696288 0.7693236 -0.6313678 0.09754955 0.7693235 -0.6313679 -0.09754937 0.2253869 -0.1849703 0.9565494 0.7400245 -0.6073225 -0.289004 0.3657634 -0.3001745 0.8809725 0.682463 -0.5600831 -0.4696288 0.4918067 -0.4036155 0.7715054 0.5987037 -0.4913436 -0.6325626 0.5987038 -0.4913435 0.6325626 0.4918068 -0.4036155 -0.7715055 0.682463 -0.560083 0.4696288 0.3657634 -0.3001745 -0.8809724 0.7400244 -0.6073225 0.289004 0.2253868 -0.1849703 -0.9565494 0.4913433 -0.5987039 -0.6325626 0.4913433 -0.5987039 0.6325626 0.4036152 -0.4918069 -0.7715054 0.5600828 -0.6824631 0.4696289 0.3001743 -0.3657636 -0.8809724 0.607322 -0.7400248 0.2890039 0.1849702 -0.225387 -0.9565495 0.6313674 -0.769324 0.09754949 0.6313674 -0.769324 -0.09754943 0.1849702 -0.225387 0.9565494 0.6073222 -0.7400247 -0.2890038 0.3001742 -0.3657636 0.8809725 0.5600827 -0.6824634 -0.4696287 0.4036154 -0.4918069 0.7715054 0.4691483 -0.8777152 -0.09754961 0.1374453 -0.2571422 0.9565494 0.4512811 -0.8442879 -0.2890037 0.2230494 -0.4172967 0.8809725 0.4161788 -0.7786169 -0.4696285 0.2999131 -0.5610985 0.7715055 0.365101 -0.6830563 -0.6325626 0.3651009 -0.6830562 0.6325627 0.2999132 -0.5610985 -0.7715054 0.416179 -0.7786166 0.4696287 0.2230495 -0.4172967 -0.8809724 0.4512807 -0.8442881 0.2890041 0.1374452 -0.2571422 -0.9565494 0.4691483 -0.8777152 0.09754961 0.2248281 -0.7411591 0.6325626 0.1846857 -0.6088273 -0.7715055 0.2562819 -0.8448483 0.4696285 0.1373531 -0.4527932 -0.8809724 0.2778971 -0.9161058 0.2890043 0.08463841 -0.2790154 -0.9565494 0.2889001 -0.9523764 0.09754979 0.2888999 -0.9523765 -0.09754949 0.08463835 -0.2790155 0.9565494 0.2778976 -0.9161057 -0.2890039 0.1373534 -0.4527933 0.8809724 0.2562816 -0.8448486 -0.4696282 0.1846855 -0.6088272 0.7715055 0.2248281 -0.7411592 -0.6325627 0.09754937 -0.9904384 -0.09754961 0.02857875 -0.2901664 0.9565494 0.09383434 -0.9527181 -0.2890042 0.04637819 -0.4708892 0.8809724 0.08653551 -0.8786131 -0.4696282 0.06236052 -0.6331593 0.7715054 0.0759148 -0.7707798 -0.6325627 0.07591462 -0.7707797 0.6325628 0.06236028 -0.6331592 -0.7715055 0.08653539 -0.8786131 0.4696283 0.04637837 -0.4708893 -0.8809724 0.09383422 -0.952718 0.2890043 0.02857869 -0.2901664 -0.9565494 0.09754943 -0.9904384 0.09754967 -0.062361 -0.6331592 -0.7715053 -0.08653581 -0.878613 0.4696282 -0.04637855 -0.4708893 -0.8809725 -0.09383463 -0.9527181 0.289004 -0.02857881 -0.2901664 -0.9565494 -0.09754985 -0.9904383 0.09754979 -0.09754979 -0.9904384 -0.09754991 -0.02857893 -0.2901664 0.9565494 -0.09383469 -0.952718 -0.2890042 -0.04637849 -0.4708893 0.8809724 -0.08653587 -0.8786131 -0.4696282 -0.06236076 -0.6331594 0.7715052 -0.07591515 -0.7707794 -0.6325629 -0.07591545 -0.7707794 0.6325629 -0.2778977 -0.9161057 -0.2890039 -0.1373535 -0.4527931 0.8809725 -0.2562823 -0.8448484 -0.4696282 -0.1846859 -0.6088275 0.7715051 -0.2248284 -0.7411588 -0.6325629 -0.2248284 -0.7411588 0.6325629 -0.1846861 -0.6088273 -0.7715052 -0.2562823 -0.8448483 0.4696283 -0.1373534 -0.4527932 -0.8809724 -0.277898 -0.9161056 0.2890042 -0.08463859 -0.2790154 -0.9565494 -0.2889002 -0.9523763 0.09755009 -0.2889007 -0.9523763 -0.09754961 -0.08463853 -0.2790154 0.9565494 -0.2230499 -0.4172965 -0.8809724 -0.4512816 -0.8442876 0.289004 -0.1374453 -0.2571421 -0.9565494 -0.4691488 -0.8777149 0.09754985 -0.4691488 -0.8777149 -0.09754985 -0.1374454 -0.2571421 0.9565494 -0.4512815 -0.8442877 -0.289004 -0.2230497 -0.4172967 0.8809724 -0.4161797 -0.7786168 -0.469628 -0.2999138 -0.5610985 0.7715052 -0.365101 -0.6830559 -0.6325629 -0.3651011 -0.6830556 0.6325631 -0.2999137 -0.5610985 -0.7715052 -0.4161793 -0.7786168 0.4696283 -0.3001746 -0.3657635 0.8809724 -0.5600833 -0.6824634 -0.4696279 -0.4036158 -0.4918069 0.7715051 -0.4913432 -0.5987035 -0.6325631 -0.4913433 -0.5987033 0.6325632 -0.4036157 -0.4918069 -0.7715052 -0.5600832 -0.6824634 0.469628 -0.3001746 -0.3657635 -0.8809723 -0.6073225 -0.7400245 0.2890037 -0.1849703 -0.2253868 -0.9565494 -0.6313678 -0.7693235 0.09755009 -0.6313679 -0.7693234 -0.09754991 -0.1849703 -0.2253869 0.9565494 -0.6073226 -0.7400243 -0.2890039 -0.7400246 -0.6073223 0.2890036 -0.225387 -0.1849702 -0.9565494 -0.7693238 -0.6313675 0.09755009 -0.769324 -0.6313673 -0.09754985 -0.225387 -0.1849702 0.9565494 -0.7400247 -0.6073223 -0.2890036 -0.3657637 -0.3001742 0.8809725 -0.6824635 -0.5600831 -0.469628 -0.4918071 -0.4036155 0.7715052 -0.5987036 -0.491343 -0.6325631 -0.5987036 -0.4913429 0.6325632 -0.4918072 -0.4036154 -0.7715052 -0.6824635 -0.5600831 0.4696279 -0.3657636 -0.3001744 -0.8809723 -0.7786169 -0.4161793 -0.4696281 -0.5610987 -0.2999134 0.7715052 -0.6830559 -0.3651008 -0.6325631 -0.6830559 -0.3651008 0.6325632 -0.5610987 -0.2999134 -0.7715051 -0.778617 -0.4161792 0.469628 -0.4172967 -0.2230496 -0.8809723 -0.844288 -0.4512812 0.2890035 -0.2571422 -0.1374452 -0.9565494 -0.8777151 -0.4691483 0.09755003 -0.8777151 -0.4691484 -0.09755003 -0.2571422 -0.1374452 0.9565494 -0.844288 -0.4512812 -0.2890035 -0.4172967 -0.2230496 0.8809724 -0.2790155 -0.08463829 -0.9565494 -0.9523764 -0.2888998 0.09755021 -0.9523763 -0.2888999 -0.09755033 -0.2790155 -0.08463841 0.9565493 -0.9161059 -0.2778973 -0.2890034 -0.4527933 -0.1373531 0.8809724 -0.8448488 -0.2562816 -0.4696279 -0.6088275 -0.1846857 0.7715052 -0.7411588 -0.224828 -0.632563 -0.7411588 -0.2248276 0.6325633 -0.6088277 -0.1846855 -0.7715051 -0.8448485 -0.2562819 0.4696282 -0.4527933 -0.1373532 -0.8809725 -0.916106 -0.2778972 0.2890035 -0.6331597 -0.06236058 0.771505 -0.7707793 -0.07591474 -0.6325632 -0.7707793 -0.07591462 0.6325633 -0.6331597 -0.06236034 -0.7715049 -0.8786132 -0.08653545 0.4696279 -0.4708893 -0.04637837 -0.8809725 -0.9527183 -0.09383422 0.2890035 -0.2901664 -0.02857887 -0.9565494 -0.9904383 -0.09754943 0.09755051 -0.9904382 -0.09754937 -0.09755045 -0.2901664 -0.02857863 0.9565494 -0.9527183 -0.0938344 -0.2890034 -0.4708893 -0.04637849 0.8809724 -0.8786132 -0.08653557 -0.4696278 -0.9904383 0.09754985 0.09755057 -0.9904382 0.09755015 -0.09755027 -0.2901664 0.02857893 0.9565494 -0.9527183 0.09383475 -0.2890034 -0.4708893 0.04637849 0.8809724 -0.8786132 0.08653593 -0.4696278 -0.6331597 0.06236082 0.7715051 -0.7707793 0.07591515 -0.6325632 -0.7707793 0.07591503 0.6325631 -0.6331596 0.0623607 -0.7715051 -0.8786131 0.08653587 0.4696279 -0.4708893 0.04637855 -0.8809724 -0.9527183 0.09383463 0.2890033 -0.2901663 0.02857881 -0.9565494 -0.7411587 0.2248284 -0.6325631 -0.7411586 0.2248284 0.6325632 -0.6088277 0.1846862 -0.771505 -0.8448485 0.2562824 0.469628 -0.4527933 0.1373534 -0.8809723 -0.9161058 0.277898 0.2890035 -0.2790154 0.08463847 -0.9565494 -0.9523763 0.2889003 0.09755045 -0.9523761 0.2889007 -0.09754997 -0.2790154 0.08463841 0.9565494 -0.9161059 0.2778978 -0.2890033 -0.4527933 0.1373534 0.8809724 -0.8448485 0.2562823 -0.4696279 -0.6088275 0.1846859 0.7715051 -0.8777148 0.4691488 -0.09754985 -0.257142 0.1374453 0.9565494 -0.8442879 0.4512814 -0.2890034 -0.4172967 0.2230498 0.8809723 -0.7786169 0.41618 -0.4696276 -0.5610988 0.2999137 0.7715051 -0.6830558 0.365101 -0.632563 -0.6830555 0.3651013 0.6325634 -0.5610988 0.299914 -0.771505 -0.7786169 0.4161794 0.4696279 -0.4172967 0.2230498 -0.8809724 -0.8442876 0.4512818 0.2890039 -0.2571421 0.1374453 -0.9565494 -0.8777151 0.4691485 0.09755021 -0.4918072 0.4036161 -0.7715049 -0.6824635 0.5600835 0.4696276 -0.3657636 0.3001746 -0.8809723 -0.7400246 0.6073226 0.2890034 -0.2253869 0.1849703 -0.9565495 -0.7693234 0.6313679 0.09755009 -0.7693235 0.6313678 -0.09755021 -0.2253868 0.1849703 0.9565494 -0.7400243 0.6073228 -0.2890037 -0.3657636 0.3001745 0.8809723 -0.6824635 0.5600834 -0.4696276 -0.4918072 0.403616 0.7715049 -0.5987033 0.4913432 -0.6325632 -0.598703 0.4913433 0.6325634 -0.1849702 0.225387 0.9565494 -0.6073223 0.7400249 -0.2890034 -0.3001743 0.3657638 0.8809723 -0.5600833 0.6824637 -0.4696276 -0.4036158 0.4918074 0.7715049 -0.491343 0.5987033 -0.6325633 -0.4913426 0.5987034 0.6325635 -0.4036157 0.4918076 -0.7715048 -0.5600833 0.6824636 0.4696276 -0.3001744 0.3657636 -0.8809723 -0.6073224 0.7400248 0.2890032 -0.1849702 0.225387 -0.9565495 -0.6313673 0.7693239 0.09755039 -0.6313673 0.7693238 -0.09755039 -0.4161794 0.7786172 0.4696276 -0.2230497 0.4172967 -0.8809723 -0.4512814 0.8442882 0.2890027 -0.1374452 0.2571421 -0.9565494 -0.4691482 0.8777152 0.09755057 -0.469148 0.8777152 -0.09755051 -0.1374453 0.2571421 0.9565494 -0.4512811 0.8442882 -0.2890031 -0.2230496 0.4172968 0.8809724 -0.4161795 0.778617 -0.4696277 -0.2999136 0.5610991 0.7715048 -0.3651008 0.6830557 -0.6325634 -0.3651003 0.6830556 0.6325636 -0.2999134 0.5610993 -0.7715047 -0.2778975 0.9161061 -0.2890027 -0.1373532 0.4527934 0.8809724 -0.2562817 0.844849 -0.4696275 -0.1846856 0.6088282 0.7715047 -0.224828 0.7411584 -0.6325636 -0.2248275 0.7411583 0.6325637 -0.1846857 0.6088281 -0.7715047 -0.256282 0.8448486 0.4696278 -0.1373531 0.4527934 -0.8809723 -0.2778973 0.9161062 0.2890028 -0.08463829 0.2790155 -0.9565494 -0.2889 0.9523764 0.09755069 -0.2889 0.9523763 -0.09755074 -0.08463841 0.2790155 0.9565493 -0.04637956 0.4708887 -0.8809726 -0.09383845 0.9527181 0.2890028 -0.02857881 0.2901664 -0.9565494 -0.09754949 0.9904383 0.09755092 -0.09755343 0.990438 -0.09754967 -0.02858 0.2901662 0.9565494 -0.09383928 0.9527165 -0.2890074 -0.04637849 0.4708893 0.8809724 -0.08653557 0.8786134 -0.4696276 -0.06236225 0.6331598 0.7715048 -0.07591491 0.770781 -0.6325611 -0.07591938 0.7707782 0.6325638 -0.06236422 0.6331585 -0.7715057 -0.08653545 0.8786134 0.4696274</float_array>
          <technique_common>
            <accessor source="#Sphere-mesh-normals-array" count="960" stride="3">
              <param name="X" type="float"/>
              <param name="Y" type="float"/>
              <param name="Z" type="float"/>
            </accessor>
          </technique_common>
        </source>
        <source id="Sphere-mesh-map-0">
          <float_array id="Sphere-mesh-map-0-array" count="5760">0.75 0.625 0.71875 0.6875 0.71875 0.625 0.75 0.1875 0.71875 0.125 0.75 0.1249998 0.75 0.5625001 0.71875 0.625 0.71875 0.5625 0.75 0.1249998 0.71875 0.06249994 0.75 0.06249994 0.75 0.5625001 0.71875 0.5 0.75 0.5 0.75 0.9375001 0.734375 1 0.71875 0.9375001 0.734375 0 0.75 0.06249994 0.71875 0.06249994 0.75 0.5 0.71875 0.4375 0.75 0.4375 0.75 0.8750001 0.71875 0.9375001 0.71875 0.875 0.75 0.375 0.71875 0.4375 0.71875 0.375 0.75 0.8125 0.71875 0.875 0.71875 0.8125 0.75 0.375 0.71875 0.3125 0.75 0.3124999 0.75 0.8125 0.71875 0.75 0.75 0.75 0.75 0.3124999 0.71875 0.25 0.75 0.25 0.75 0.6875001 0.71875 0.75 0.71875 0.6875 0.75 0.1875 0.71875 0.25 0.71875 0.1875 0.71875 0.75 0.6875 0.6875 0.71875 0.6875 0.71875 0.1875 0.6875 0.25 0.6875 0.1875 0.71875 0.6875 0.6875 0.625 0.71875 0.625 0.71875 0.125 0.6875 0.1875 0.6875 0.125 0.71875 0.625 0.6875 0.5625 0.71875 0.5625 0.71875 0.06249994 0.6875 0.125 0.6875 0.06249994 0.71875 0.5 0.6875 0.5625 0.6875 0.5 0.71875 0.9375001 0.703125 1 0.6875 0.9375001 0.703125 0 0.71875 0.06249994 0.6875 0.06249994 0.71875 0.5 0.6875 0.4375 0.71875 0.4375 0.71875 0.9375001 0.6875 0.875 0.71875 0.875 0.71875 0.375 0.6875 0.4375 0.6875 0.375 0.71875 0.875 0.6875 0.8125 0.71875 0.8125 0.71875 0.3125 0.6875 0.375 0.6875 0.3125 0.71875 0.8125 0.6875 0.75 0.71875 0.75 0.71875 0.25 0.6875 0.3125 0.6875 0.25 0.6875 0.5 0.65625 0.4375 0.6875 0.4375 0.6875 0.9375001 0.65625 0.875 0.6875 0.875 0.6875 0.375 0.65625 0.4375 0.65625 0.375 0.6875 0.875 0.65625 0.8125 0.6875 0.8125 0.6875 0.3125 0.65625 0.375 0.65625 0.3125 0.6875 0.75 0.65625 0.8125 0.65625 0.75 0.6875 0.25 0.65625 0.3125 0.65625 0.25 0.6875 0.75 0.65625 0.6875 0.6875 0.6875 0.6875 0.25 0.65625 0.1875 0.6875 0.1875 0.6875 0.6875 0.65625 0.625 0.6875 0.625 0.6875 0.125 0.65625 0.1875 0.65625 0.125 0.6875 0.625 0.65625 0.5625 0.6875 0.5625 0.6875 0.06249994 0.65625 0.125 0.65625 0.06249994 0.6875 0.5 0.65625 0.5625 0.65625 0.5 0.6875 0.9375001 0.671875 1 0.65625 0.9375001 0.671875 0 0.6875 0.06249994 0.65625 0.06249994 0.65625 0.25 0.625 0.1875 0.65625 0.1875 0.65625 0.6875 0.625 0.6250001 0.65625 0.625 0.65625 0.125 0.625 0.1875 0.625 0.125 0.65625 0.625 0.625 0.5625 0.65625 0.5625 0.65625 0.06249994 0.625 0.125 0.625 0.06249994 0.65625 0.5 0.625 0.5625 0.625 0.5 0.65625 0.9375001 0.640625 1 0.625 0.9375001 0.640625 0 0.65625 0.06249994 0.625 0.06249994 0.65625 0.5 0.625 0.4375 0.65625 0.4375 0.65625 0.9375001 0.625 0.875 0.65625 0.875 0.65625 0.375 0.625 0.4375 0.625 0.375 0.65625 0.875 0.625 0.8125 0.65625 0.8125 0.65625 0.3125 0.625 0.375 0.625 0.3125 0.65625 0.75 0.625 0.8125 0.625 0.75 0.65625 0.3125 0.625 0.25 0.65625 0.25 0.65625 0.75 0.625 0.6875 0.65625 0.6875 0.625 0.9375001 0.59375 0.875 0.625 0.875 0.625 0.375 0.59375 0.4375 0.59375 0.375 0.625 0.875 0.59375 0.8125 0.625 0.8125 0.625 0.375 0.59375 0.3125 0.625 0.3125 0.625 0.75 0.59375 0.8125 0.59375 0.75 0.625 0.3125 0.59375 0.25 0.625 0.25 0.625 0.75 0.59375 0.6875 0.625 0.6875 0.625 0.25 0.59375 0.1875 0.625 0.1875 0.625 0.6250001 0.59375 0.6875 0.59375 0.6250001 0.625 0.125 0.59375 0.1875 0.59375 0.125 0.625 0.6250001 0.59375 0.5625 0.625 0.5625 0.625 0.06249994 0.59375 0.125 0.59375 0.06249994 0.625 0.5 0.59375 0.5625 0.59375 0.5 0.625 0.9375001 0.609375 1 0.59375 0.9375001 0.609375 0 0.625 0.06249994 0.59375 0.06249994 0.625 0.5 0.59375 0.4375 0.625 0.4375 0.59375 0.6250001 0.5625 0.6875 0.5625 0.6250001 0.59375 0.125 0.5625 0.1875 0.5625 0.125 0.59375 0.6250001 0.5625 0.5625 0.59375 0.5625 0.59375 0.06249994 0.5625 0.125 0.5625 0.06249994 0.59375 0.5 0.5625 0.5625 0.5625 0.5 0.59375 0.9375001 0.578125 1 0.5625 0.9375001 0.578125 0 0.59375 0.06249994 0.5625 0.06249994 0.59375 0.5 0.5625 0.4375 0.59375 0.4375 0.59375 0.9375001 0.5625 0.875 0.59375 0.875 0.59375 0.375 0.5625 0.4375 0.5625 0.375 0.59375 0.875 0.5625 0.8125 0.59375 0.8125 0.59375 0.375 0.5625 0.3125 0.59375 0.3125 0.59375 0.75 0.5625 0.8125 0.5625 0.75 0.59375 0.3125 0.5625 0.25 0.59375 0.25 0.59375 0.6875 0.5625 0.75 0.5625 0.6875 0.59375 0.25 0.5625 0.1875 0.59375 0.1875 0.5625 0.375 0.53125 0.4375 0.53125 0.375 0.5625 0.875 0.53125 0.8125 0.5625 0.8125 0.5625 0.375 0.53125 0.3125 0.5625 0.3125 0.5625 0.8125 0.53125 0.75 0.5625 0.75 0.5625 0.25 0.53125 0.3125 0.53125 0.25 0.5625 0.75 0.53125 0.6875 0.5625 0.6875 0.5625 0.1875 0.53125 0.25 0.53125 0.1875 0.5625 0.6250001 0.53125 0.6875 0.53125 0.6250001 0.5625 0.125 0.53125 0.1875 0.53125 0.125 0.5625 0.6250001 0.53125 0.5625 0.5625 0.5625 0.5625 0.06249994 0.53125 0.125 0.53125 0.06249994 0.5625 0.5 0.53125 0.5625 0.53125 0.5 0.5625 0.9375001 0.546875 1 0.53125 0.9375001 0.546875 0 0.5625 0.06249994 0.53125 0.06249994 0.5625 0.5 0.53125 0.4375 0.5625 0.4375 0.5625 0.9375001 0.53125 0.875 0.5625 0.875 0.53125 0.125 0.5 0.1875 0.5 0.125 0.53125 0.6250001 0.5 0.5625 0.53125 0.5625 0.53125 0.06249994 0.5 0.125 0.5 0.06249994 0.53125 0.5 0.5 0.5625 0.5 0.5 0.53125 0.9375001 0.515625 1 0.5 0.9375001 0.515625 0 0.53125 0.06249994 0.5 0.06249994 0.53125 0.5 0.5 0.4375 0.53125 0.4375 0.53125 0.9375001 0.5 0.875 0.53125 0.875 0.53125 0.375 0.5 0.4375 0.5 0.375 0.53125 0.875 0.5 0.8125 0.53125 0.8125 0.53125 0.375 0.5 0.3125 0.53125 0.3125 0.53125 0.8125 0.5 0.75 0.53125 0.75 0.53125 0.25 0.5 0.3125 0.5 0.25 0.53125 0.75 0.5 0.6875001 0.53125 0.6875 0.53125 0.1875 0.5 0.25 0.5 0.1875 0.53125 0.6250001 0.5 0.6875001 0.5 0.6250001 0.5 0.375 0.46875 0.3125 0.5 0.3125 0.5 0.8125 0.46875 0.75 0.5 0.75 0.5 0.3125 0.46875 0.25 0.5 0.25 0.5 0.75 0.46875 0.6875 0.5 0.6875001 0.5 0.1875 0.46875 0.25 0.46875 0.1875 0.5 0.6250001 0.46875 0.6875 0.46875 0.6250001 0.5 0.125 0.46875 0.1875 0.46875 0.125 0.5 0.6250001 0.46875 0.5625 0.5 0.5625 0.5 0.06249994 0.46875 0.125 0.46875 0.06249994 0.5 0.5 0.46875 0.5625 0.46875 0.5 0.5 0.9375001 0.484375 1 0.46875 0.9375001 0.484375 0 0.5 0.06249994 0.46875 0.06249994 0.5 0.5 0.46875 0.4375 0.5 0.4375 0.5 0.9375001 0.46875 0.875 0.5 0.875 0.5 0.375 0.46875 0.4375 0.46875 0.375 0.5 0.875 0.46875 0.8125 0.5 0.8125 0.46875 0.06249994 0.4375 0.125 0.4375 0.06249994 0.46875 0.5 0.4375 0.5625 0.4375 0.5 0.46875 0.9375001 0.453125 1 0.4375 0.9375001 0.453125 0 0.46875 0.06249994 0.4375 0.06249994 0.46875 0.5 0.4375 0.4375 0.46875 0.4375 0.46875 0.9375001 0.4375 0.875 0.46875 0.875 0.46875 0.375 0.4375 0.4375 0.4375 0.375 0.46875 0.875 0.4375 0.8125 0.46875 0.8125 0.46875 0.375 0.4375 0.3125 0.46875 0.3125 0.46875 0.8125 0.4375 0.7500001 0.46875 0.75 0.46875 0.25 0.4375 0.3125 0.4375 0.25 0.46875 0.75 0.4375 0.6875001 0.46875 0.6875 0.46875 0.1875 0.4375 0.25 0.4375 0.1875 0.46875 0.6250001 0.4375 0.6875001 0.4375 0.6250001 0.46875 0.125 0.4375 0.1875 0.4375 0.125 0.46875 0.6250001 0.4375 0.5625 0.46875 0.5625 0.4375 0.8125 0.40625 0.7500001 0.4375 0.7500001 0.4375 0.25 0.40625 0.3125 0.40625 0.25 0.4375 0.7500001 0.40625 0.6875001 0.4375 0.6875001 0.4375 0.1875 0.40625 0.25 0.40625 0.1875 0.4375 0.6250001 0.40625 0.6875001 0.40625 0.6250001 0.4375 0.125 0.40625 0.1875 0.40625 0.125 0.4375 0.6250001 0.40625 0.5625 0.4375 0.5625 0.4375 0.06249994 0.40625 0.125 0.40625 0.06249994 0.4375 0.5 0.40625 0.5625 0.40625 0.5 0.4375 0.9375001 0.421875 1 0.40625 0.9375001 0.421875 0 0.4375 0.06249994 0.40625 0.06249994 0.4375 0.5 0.40625 0.4375 0.4375 0.4375 0.4375 0.9375001 0.40625 0.875 0.4375 0.875 0.4375 0.375 0.40625 0.4375 0.40625 0.375 0.4375 0.875 0.40625 0.8125 0.4375 0.8125 0.4375 0.375 0.40625 0.3125 0.4375 0.3125 0.40625 0.5 0.375 0.5625 0.375 0.5 0.40625 0.9375001 0.390625 1 0.375 0.9375001 0.390625 0 0.40625 0.06249994 0.375 0.06249994 0.40625 0.5 0.375 0.4375 0.40625 0.4375 0.40625 0.9375001 0.375 0.875 0.40625 0.875 0.40625 0.375 0.375 0.4375 0.375 0.375 0.40625 0.875 0.375 0.8125 0.40625 0.8125 0.40625 0.375 0.375 0.3125 0.40625 0.3125 0.40625 0.8125 0.375 0.7500001 0.40625 0.7500001 0.40625 0.25 0.375 0.3125 0.375 0.25 0.40625 0.7500001 0.375 0.6875001 0.40625 0.6875001 0.40625 0.25 0.375 0.1875 0.40625 0.1875 0.40625 0.6250001 0.375 0.6875001 0.375 0.6250001 0.40625 0.125 0.375 0.1875 0.375 0.125 0.40625 0.6250001 0.375 0.5625 0.40625 0.5625 0.40625 0.06249994 0.375 0.125 0.375 0.06249994 0.375 0.25 0.34375 0.3125 0.34375 0.25 0.375 0.7500001 0.34375 0.6875001 0.375 0.6875001 0.375 0.1875 0.34375 0.25 0.34375 0.1875 0.375 0.6250001 0.34375 0.6875001 0.34375 0.6250001 0.375 0.125 0.34375 0.1875 0.34375 0.125 0.375 0.6250001 0.34375 0.5625 0.375 0.5625 0.375 0.06249994 0.34375 0.125 0.34375 0.06249994 0.375 0.5 0.34375 0.5625 0.34375 0.5 0.375 0.9375001 0.359375 1 0.34375 0.9375001 0.359375 0 0.375 0.06249994 0.34375 0.06249994 0.375 0.5 0.34375 0.4375 0.375 0.4375 0.375 0.9375001 0.34375 0.875 0.375 0.875 0.375 0.375 0.34375 0.4375 0.34375 0.375 0.375 0.875 0.34375 0.8125 0.375 0.8125 0.375 0.375 0.34375 0.3125 0.375 0.3125 0.375 0.8125 0.34375 0.7500001 0.375 0.7500001 0.34375 0.9375001 0.328125 1 0.3125 0.9375001 0.328125 0 0.34375 0.06249994 0.3125 0.06249994 0.34375 0.5 0.3125 0.4375 0.34375 0.4375 0.34375 0.9375001 0.3125 0.8750001 0.34375 0.875 0.34375 0.375 0.3125 0.4375 0.3125 0.375 0.34375 0.875 0.3125 0.8125 0.34375 0.8125 0.34375 0.375 0.3125 0.3125 0.34375 0.3125 0.34375 0.8125 0.3125 0.7500001 0.34375 0.7500001 0.34375 0.25 0.3125 0.3125 0.3125 0.25 0.34375 0.7500001 0.3125 0.6875001 0.34375 0.6875001 0.34375 0.1875 0.3125 0.25 0.3125 0.1875 0.34375 0.6250001 0.3125 0.6875001 0.3125 0.6250001 0.34375 0.125 0.3125 0.1875 0.3125 0.1249998 0.34375 0.6250001 0.3125 0.5625 0.34375 0.5625 0.34375 0.06249994 0.3125 0.1249998 0.3125 0.06249994 0.34375 0.5 0.3125 0.5625 0.3125 0.5 0.3125 0.7500001 0.28125 0.6875001 0.3125 0.6875001 0.3125 0.1875 0.28125 0.25 0.28125 0.1875 0.3125 0.6250001 0.28125 0.6875001 0.28125 0.6250001 0.3125 0.1249998 0.28125 0.1875 0.28125 0.125 0.3125 0.6250001 0.28125 0.5625 0.3125 0.5625 0.3125 0.1249998 0.28125 0.06249994 0.3125 0.06249994 0.3125 0.5 0.28125 0.5625 0.28125 0.5 0.3125 0.9375001 0.296875 1 0.28125 0.9375001 0.296875 0 0.3125 0.06249994 0.28125 0.06249994 0.3125 0.5 0.28125 0.4375 0.3125 0.4375 0.3125 0.8750001 0.28125 0.9375001 0.28125 0.875 0.3125 0.375 0.28125 0.4375 0.28125 0.375 0.3125 0.8750001 0.28125 0.8125 0.3125 0.8125 0.3125 0.375 0.28125 0.3125 0.3125 0.3125 0.3125 0.8125 0.28125 0.7500001 0.3125 0.7500001 0.3125 0.3125 0.28125 0.25 0.3125 0.25 0.28125 0.5 0.25 0.4375 0.28125 0.4375 0.28125 0.9375001 0.25 0.8750001 0.28125 0.875 0.28125 0.375 0.25 0.4375 0.25 0.375 0.28125 0.875 0.25 0.8125 0.28125 0.8125 0.28125 0.3125 0.25 0.375 0.25 0.3125 0.28125 0.8125 0.25 0.7500001 0.28125 0.7500001 0.28125 0.25 0.25 0.3125 0.25 0.2499999 0.28125 0.7500001 0.25 0.6875001 0.28125 0.6875001 0.28125 0.1875 0.25 0.2499999 0.25 0.1875 0.28125 0.6875001 0.25 0.6250001 0.28125 0.6250001 0.28125 0.125 0.25 0.1875 0.25 0.1249998 0.28125 0.6250001 0.25 0.5625 0.28125 0.5625 0.28125 0.06249994 0.25 0.1249998 0.25 0.06249994 0.28125 0.5 0.25 0.5625 0.25 0.5 0.28125 0.9375001 0.265625 1 0.25 0.9375001 0.265625 0 0.28125 0.06249994 0.25 0.06249994 0.25 0.1875 0.21875 0.2499999 0.21875 0.1875 0.25 0.6250001 0.21875 0.6875001 0.21875 0.6250001 0.25 0.1875 0.21875 0.125 0.25 0.1249998 0.25 0.6250001 0.21875 0.5625001 0.25 0.5625 0.25 0.1249998 0.21875 0.06249994 0.25 0.06249994 0.25 0.5 0.21875 0.5625001 0.21875 0.5 0.25 0.9375001 0.234375 1 0.21875 0.9375001 0.234375 0 0.25 0.06249994 0.21875 0.06249994 0.25 0.5 0.21875 0.4375 0.25 0.4375 0.25 0.8750001 0.21875 0.9375001 0.21875 0.875 0.25 0.375 0.21875 0.4375 0.21875 0.375 0.25 0.8750001 0.21875 0.8125 0.25 0.8125 0.25 0.375 0.21875 0.3125 0.25 0.3125 0.25 0.8125 0.21875 0.7500001 0.25 0.7500001 0.25 0.3125 0.21875 0.2499999 0.25 0.2499999 0.25 0.7500001 0.21875 0.6875001 0.25 0.6875001 0.21875 0.375 0.1875 0.4375 0.1875 0.375 0.21875 0.875 0.1875 0.8125 0.21875 0.8125 0.21875 0.3125 0.1875 0.375 0.1875 0.3125 0.21875 0.8125 0.1875 0.7500001 0.21875 0.7500001 0.21875 0.2499999 0.1875 0.3125 0.1875 0.2499999 0.21875 0.7500001 0.1875 0.6875001 0.21875 0.6875001 0.21875 0.1875 0.1875 0.2499999 0.1875 0.1875 0.21875 0.6875001 0.1875 0.6250001 0.21875 0.6250001 0.21875 0.125 0.1875 0.1875 0.1875 0.1249998 0.21875 0.6250001 0.1875 0.5625001 0.21875 0.5625001 0.21875 0.06249994 0.1875 0.1249998 0.1875 0.06249994 0.21875 0.5 0.1875 0.5625001 0.1875 0.5 0.21875 0.9375001 0.203125 1 0.1875 0.9375001 0.203125 0 0.21875 0.06249994 0.1875 0.06249994 0.21875 0.5 0.1875 0.4375 0.21875 0.4375 0.21875 0.9375001 0.1875 0.8750001 0.21875 0.875 0.1875 0.1249998 0.15625 0.1875 0.15625 0.1249998 0.1875 0.6250001 0.15625 0.5625001 0.1875 0.5625001 0.1875 0.1249998 0.15625 0.06249994 0.1875 0.06249994 0.1875 0.5 0.15625 0.5625001 0.15625 0.5 0.1875 0.9375001 0.171875 1 0.15625 0.9375001 0.171875 0 0.1875 0.06249994 0.15625 0.06249994 0.1875 0.5 0.15625 0.4375 0.1875 0.4375 0.1875 0.8750001 0.15625 0.9375001 0.15625 0.8750001 0.1875 0.375 0.15625 0.4375 0.15625 0.375 0.1875 0.8750001 0.15625 0.8125001 0.1875 0.8125 0.1875 0.375 0.15625 0.3125 0.1875 0.3125 0.1875 0.8125 0.15625 0.7500001 0.1875 0.7500001 0.1875 0.2499999 0.15625 0.3125 0.15625 0.2499999 0.1875 0.7500001 0.15625 0.6875001 0.1875 0.6875001 0.1875 0.2499999 0.15625 0.1875 0.1875 0.1875 0.1875 0.6250001 0.15625 0.6875001 0.15625 0.6250001 0.15625 0.8750001 0.125 0.8125001 0.15625 0.8125001 0.15625 0.375 0.125 0.3125 0.15625 0.3125 0.15625 0.7500001 0.125 0.8125001 0.125 0.7500001 0.15625 0.2499999 0.125 0.3125 0.125 0.2499999 0.15625 0.7500001 0.125 0.6875001 0.15625 0.6875001 0.15625 0.2499999 0.125 0.1875 0.15625 0.1875 0.15625 0.6250001 0.125 0.6875001 0.125 0.6250001 0.15625 0.1249998 0.125 0.1875 0.125 0.1249998 0.15625 0.6250001 0.125 0.5625001 0.15625 0.5625001 0.15625 0.06249994 0.125 0.1249998 0.125 0.06249994 0.15625 0.5 0.125 0.5625001 0.125 0.5 0.15625 0.9375001 0.140625 1 0.125 0.9375001 0.140625 0 0.15625 0.06249994 0.125 0.06249994 0.15625 0.5 0.125 0.4375 0.15625 0.4375 0.15625 0.9375001 0.125 0.8750001 0.15625 0.8750001 0.15625 0.375 0.125 0.4375 0.125 0.375 0.125 0.6250001 0.09375 0.5625001 0.125 0.5625001 0.125 0.06249994 0.09374994 0.1249998 0.09375 0.06249994 0.125 0.5 0.09375 0.5625001 0.09375 0.5 0.125 0.9375001 0.109375 1 0.09375 0.9375001 0.109375 0 0.125 0.06249994 0.09375 0.06249994 0.125 0.5 0.09375 0.4375 0.125 0.4375 0.125 0.9375001 0.09374994 0.8750001 0.125 0.8750001 0.125 0.375 0.09375 0.4375 0.09375 0.375 0.125 0.8750001 0.09375 0.8125001 0.125 0.8125001 0.125 0.375 0.09375 0.3125 0.125 0.3125 0.125 0.7500001 0.09375 0.8125001 0.09374994 0.7500001 0.125 0.2499999 0.09375 0.3125 0.09374994 0.2499998 0.125 0.7500001 0.09375 0.6875001 0.125 0.6875001 0.125 0.2499999 0.09375 0.1875 0.125 0.1875 0.125 0.6250001 0.09375 0.6875001 0.09375 0.6250001 0.125 0.1249998 0.09375 0.1875 0.09374994 0.1249998 0.09375 0.375 0.0625 0.3125 0.09375 0.3125 0.09374994 0.7500001 0.0625 0.8125001 0.0625 0.7500001 0.09374994 0.2499998 0.0625 0.3125 0.0625 0.2499998 0.09374994 0.7500001 0.0625 0.6875001 0.09375 0.6875001 0.09374994 0.2499998 0.0625 0.1875 0.09375 0.1875 0.09375 0.6250001 0.0625 0.6875001 0.0625 0.6250001 0.09374994 0.1249998 0.0625 0.1875 0.0625 0.1249998 0.09375 0.6250001 0.0625 0.5625001 0.09375 0.5625001 0.09375 0.06249994 0.0625 0.1249998 0.0625 0.06249994 0.09375 0.5 0.0625 0.5625001 0.0625 0.5 0.09375 0.9375001 0.078125 1 0.0625 0.9375001 0.078125 0 0.09375 0.06249994 0.0625 0.06249994 0.09375 0.5 0.0625 0.4375 0.09375 0.4375 0.09375 0.9375001 0.0625 0.8750001 0.09374994 0.8750001 0.09375 0.375 0.0625 0.4375 0.0625 0.375 0.09374994 0.8750001 0.0625 0.8125001 0.09375 0.8125001 0.0625 0.1249998 0.03124994 0.06249994 0.0625 0.06249994 0.0625 0.5 0.03125 0.5625001 0.03124994 0.5 0.0625 0.9375001 0.04687494 1 0.03124994 0.9375001 0.04687494 0 0.0625 0.06249994 0.03124994 0.06249994 0.0625 0.5 0.03125 0.4375 0.0625 0.4375 0.0625 0.9375001 0.03124994 0.8750001 0.0625 0.8750001 0.0625 0.375 0.03125 0.4375 0.03125 0.375 0.0625 0.8750001 0.03124994 0.8125001 0.0625 0.8125001 0.0625 0.375 0.03125 0.3125 0.0625 0.3125 0.0625 0.7500001 0.03124994 0.8125001 0.03124994 0.7500001 0.0625 0.2499998 0.03125 0.3125 0.03124994 0.2499998 0.0625 0.7500001 0.03125 0.6875001 0.0625 0.6875001 0.0625 0.2499998 0.03124994 0.1875 0.0625 0.1875 0.0625 0.6250001 0.03125 0.6875001 0.03125 0.6250001 0.0625 0.1249998 0.03124994 0.1875 0.03124994 0.1249998 0.0625 0.6250001 0.03125 0.5625001 0.0625 0.5625001 0.03124994 0.8125001 0 0.7500001 0.03124994 0.7500001 0.03124994 0.2499998 0 0.3124999 0 0.2499998 0.03124994 0.7500001 0 0.6875001 0.03125 0.6875001 0.03124994 0.2499998 0 0.1875 0.03124994 0.1875 0.03125 0.6875001 0 0.6250001 0.03125 0.6250001 0.03124994 0.1249998 0 0.1875 0 0.1249998 0.03125 0.6250001 0 0.5625001 0.03125 0.5625001 0.03124994 0.06249994 0 0.1249998 0 0.06249994 0.03124994 0.5 0 0.5625001 0 0.5 0.03124994 0.9375001 0.01562494 1 0 0.9375001 0.01562494 0 0.03124994 0.06249994 0 0.06249994 0.03124994 0.5 0 0.4375 0.03125 0.4375 0.03124994 0.9375001 0 0.8750001 0.03124994 0.8750001 0.03125 0.375 0 0.4375 0 0.375 0.03124994 0.8750001 0 0.8125001 0.03124994 0.8125001 0.03125 0.3125 0 0.375 0 0.3124999 1 0.5 0.96875 0.5625001 0.96875 0.5 1 0.9375001 0.984375 1 0.96875 0.9375001 0.984375 0 1 0.06249994 0.96875 0.06249994 1 0.5 0.96875 0.4375 1 0.4375 1 0.8750001 0.96875 0.9375001 0.96875 0.8750001 1 0.375 0.96875 0.4375 0.96875 0.375 1 0.8125001 0.96875 0.8750001 0.96875 0.8125001 1 0.375 0.96875 0.3125 1 0.3124999 1 0.7500001 0.96875 0.8125001 0.96875 0.7500001 1 0.2499998 0.96875 0.3125 0.96875 0.2499998 1 0.7500001 0.96875 0.6875001 1 0.6875001 1 0.2499998 0.96875 0.1875 1 0.1875 1 0.6250001 0.96875 0.6875001 0.96875 0.6250001 1 0.1875 0.96875 0.1249998 1 0.1249998 1 0.6250001 0.96875 0.5625001 1 0.5625001 1 0.1249998 0.96875 0.06249994 1 0.06249994 0.96875 0.2499998 0.9375 0.3124999 0.9375 0.2499998 0.96875 0.7500001 0.9375 0.6875001 0.96875 0.6875001 0.96875 0.2499998 0.9375 0.1875 0.96875 0.1875 0.96875 0.6875001 0.9375 0.6250001 0.96875 0.6250001 0.96875 0.1249998 0.9375 0.1875 0.9375 0.1249998 0.96875 0.6250001 0.9375 0.5625001 0.96875 0.5625001 0.96875 0.1249998 0.9375 0.06249994 0.96875 0.06249994 0.96875 0.5 0.9375 0.5625001 0.9375 0.5 0.96875 0.9375001 0.953125 1 0.9375 0.9375001 0.953125 0 0.96875 0.06249994 0.9375 0.06249994 0.96875 0.5 0.9375 0.4375 0.96875 0.4375 0.96875 0.9375001 0.9375 0.8750001 0.96875 0.8750001 0.96875 0.375 0.9375 0.4375 0.9375 0.375 0.96875 0.8750001 0.9375 0.8125001 0.96875 0.8125001 0.96875 0.3125 0.9375 0.375 0.9375 0.3124999 0.96875 0.7500001 0.9375 0.8125001 0.9375 0.7500001 0.921875 0 0.9375 0.06249994 0.90625 0.06249994 0.9375 0.5 0.90625 0.4375 0.9375 0.4375 0.9375 0.9375001 0.90625 0.8750001 0.9375 0.8750001 0.9375 0.375 0.90625 0.4375 0.90625 0.375 0.9375 0.8750001 0.90625 0.8125001 0.9375 0.8125001 0.9375 0.375 0.90625 0.3124999 0.9375 0.3124999 0.9375 0.7500001 0.90625 0.8125001 0.90625 0.7500002 0.9375 0.2499998 0.90625 0.3124999 0.90625 0.2499998 0.9375 0.7500001 0.90625 0.6875001 0.9375 0.6875001 0.9375 0.2499998 0.90625 0.1875 0.9375 0.1875 0.9375 0.6250001 0.90625 0.6875001 0.90625 0.6250001 0.9375 0.1249998 0.90625 0.1875 0.90625 0.1249998 0.9375 0.6250001 0.90625 0.5625001 0.9375 0.5625001 0.9375 0.1249998 0.90625 0.06249994 0.9375 0.06249994 0.9375 0.5 0.90625 0.5625001 0.90625 0.5 0.9375 0.9375001 0.921875 1 0.90625 0.9375001 0.90625 0.2499998 0.875 0.1875 0.90625 0.1875 0.90625 0.6250001 0.875 0.6875001 0.875 0.6250001 0.90625 0.1249998 0.875 0.1875 0.875 0.1249998 0.90625 0.6250001 0.875 0.5625001 0.90625 0.5625001 0.90625 0.06249994 0.875 0.1249998 0.875 0.06249994 0.90625 0.5 0.875 0.5625001 0.875 0.5 0.90625 0.9375001 0.890625 1 0.875 0.9375001 0.890625 0 0.90625 0.06249994 0.875 0.06249994 0.90625 0.5 0.875 0.4375 0.90625 0.4375 0.90625 0.9375001 0.875 0.8750001 0.90625 0.8750001 0.90625 0.375 0.875 0.4375 0.875 0.375 0.90625 0.8750001 0.875 0.8125001 0.90625 0.8125001 0.90625 0.375 0.875 0.3124999 0.90625 0.3124999 0.90625 0.7500002 0.875 0.8125001 0.875 0.7500002 0.90625 0.2499998 0.875 0.3124999 0.875 0.2499998 0.90625 0.7500002 0.875 0.6875001 0.90625 0.6875001 0.875 0.9375001 0.84375 0.8750001 0.875 0.8750001 0.875 0.375 0.84375 0.4375 0.84375 0.375 0.875 0.8125001 0.84375 0.8750001 0.84375 0.8125001 0.875 0.375 0.84375 0.3124999 0.875 0.3124999 0.875 0.7500002 0.84375 0.8125001 0.84375 0.7500002 0.875 0.2499998 0.84375 0.3124999 0.84375 0.2499998 0.875 0.7500002 0.84375 0.6875001 0.875 0.6875001 0.875 0.2499998 0.84375 0.1875 0.875 0.1875 0.875 0.6250001 0.84375 0.6875001 0.84375 0.6250001 0.875 0.1875 0.84375 0.1249998 0.875 0.1249998 0.875 0.6250001 0.84375 0.5625001 0.875 0.5625001 0.875 0.06249994 0.84375 0.1249998 0.84375 0.06249994 0.875 0.5 0.84375 0.5625001 0.84375 0.5 0.875 0.9375001 0.859375 1 0.84375 0.9375001 0.859375 0 0.875 0.06249994 0.84375 0.06249994 0.875 0.5 0.84375 0.4375 0.875 0.4375 0.84375 0.6250001 0.8125 0.6875001 0.8125 0.6250001 0.84375 0.1875 0.8125 0.1249998 0.84375 0.1249998 0.84375 0.6250001 0.8125 0.5625001 0.84375 0.5625001 0.84375 0.1249998 0.8125 0.06249994 0.84375 0.06249994 0.84375 0.5 0.8125 0.5625001 0.8125 0.5 0.84375 0.9375001 0.828125 1 0.8125 0.9375001 0.828125 0 0.84375 0.06249994 0.8125 0.06249994 0.84375 0.5 0.8125 0.4375 0.84375 0.4375 0.84375 0.8750001 0.8125 0.9375001 0.8125 0.8750001 0.84375 0.375 0.8125 0.4375 0.8125 0.375 0.84375 0.8125001 0.8125 0.8750001 0.8125 0.8125001 0.84375 0.375 0.8125 0.3124999 0.84375 0.3124999 0.84375 0.7500002 0.8125 0.8125001 0.8125 0.7500002 0.84375 0.2499998 0.8125 0.3124999 0.8125 0.2499998 0.84375 0.7500002 0.8125 0.6875001 0.84375 0.6875001 0.84375 0.2499998 0.8125 0.1875 0.84375 0.1875 0.8125 0.375 0.78125 0.4375 0.78125 0.375 0.8125 0.8750001 0.78125 0.8125001 0.8125 0.8125001 0.8125 0.375 0.78125 0.3124999 0.8125 0.3124999 0.8125 0.8125001 0.78125 0.7500002 0.8125 0.7500002 0.8125 0.2499998 0.78125 0.3124999 0.78125 0.2499998 0.8125 0.7500002 0.78125 0.6875001 0.8125 0.6875001 0.8125 0.2499998 0.78125 0.1875 0.8125 0.1875 0.8125 0.6250001 0.78125 0.6875001 0.78125 0.6250001 0.8125 0.1249998 0.78125 0.1875 0.78125 0.1249998 0.8125 0.6250001 0.78125 0.5625001 0.8125 0.5625001 0.8125 0.1249998 0.78125 0.06249994 0.8125 0.06249994 0.8125 0.5 0.78125 0.5625001 0.78125 0.5 0.8125 0.9375001 0.796875 1 0.78125 0.9375001 0.796875 0 0.8125 0.06249994 0.78125 0.06249994 0.8125 0.5 0.78125 0.4375 0.8125 0.4375 0.8125 0.9375001 0.78125 0.8750001 0.8125 0.8750001 0.78125 0.1875 0.75 0.1249998 0.78125 0.1249998 0.78125 0.5625001 0.75 0.625 0.75 0.5625001 0.78125 0.06249994 0.75 0.1249998 0.75 0.06249994 0.78125 0.5 0.75 0.5625001 0.75 0.5 0.78125 0.9375001 0.765625 1 0.75 0.9375001 0.765625 0 0.78125 0.06249994 0.75 0.06249994 0.78125 0.5 0.75 0.4375 0.78125 0.4375 0.78125 0.8750001 0.75 0.9375001 0.75 0.8750001 0.78125 0.4375 0.75 0.375 0.78125 0.375 0.78125 0.8125001 0.75 0.8750001 0.75 0.8125 0.78125 0.375 0.75 0.3124999 0.78125 0.3124999 0.78125 0.7500002 0.75 0.8125 0.75 0.75 0.78125 0.3124999 0.75 0.25 0.78125 0.2499998 0.78125 0.6875001 0.75 0.75 0.75 0.6875001 0.78125 0.2499998 0.75 0.1875 0.78125 0.1875 0.78125 0.6250001 0.75 0.6875001 0.75 0.625 0.75 0.625 0.75 0.6875001 0.71875 0.6875 0.75 0.1875 0.71875 0.1875 0.71875 0.125 0.75 0.5625001 0.75 0.625 0.71875 0.625 0.75 0.1249998 0.71875 0.125 0.71875 0.06249994 0.75 0.5625001 0.71875 0.5625 0.71875 0.5 0.75 0.5 0.71875 0.5 0.71875 0.4375 0.75 0.8750001 0.75 0.9375001 0.71875 0.9375001 0.75 0.375 0.75 0.4375 0.71875 0.4375 0.75 0.8125 0.75 0.8750001 0.71875 0.875 0.75 0.375 0.71875 0.375 0.71875 0.3125 0.75 0.8125 0.71875 0.8125 0.71875 0.75 0.75 0.3124999 0.71875 0.3125 0.71875 0.25 0.75 0.6875001 0.75 0.75 0.71875 0.75 0.75 0.1875 0.75 0.25 0.71875 0.25 0.71875 0.75 0.6875 0.75 0.6875 0.6875 0.71875 0.1875 0.71875 0.25 0.6875 0.25 0.71875 0.6875 0.6875 0.6875 0.6875 0.625 0.71875 0.125 0.71875 0.1875 0.6875 0.1875 0.71875 0.625 0.6875 0.625 0.6875 0.5625 0.71875 0.06249994 0.71875 0.125 0.6875 0.125 0.71875 0.5 0.71875 0.5625 0.6875 0.5625 0.71875 0.5 0.6875 0.5 0.6875 0.4375 0.71875 0.9375001 0.6875 0.9375001 0.6875 0.875 0.71875 0.375 0.71875 0.4375 0.6875 0.4375 0.71875 0.875 0.6875 0.875 0.6875 0.8125 0.71875 0.3125 0.71875 0.375 0.6875 0.375 0.71875 0.8125 0.6875 0.8125 0.6875 0.75 0.71875 0.25 0.71875 0.3125 0.6875 0.3125 0.6875 0.5 0.65625 0.5 0.65625 0.4375 0.6875 0.9375001 0.65625 0.9375001 0.65625 0.875 0.6875 0.375 0.6875 0.4375 0.65625 0.4375 0.6875 0.875 0.65625 0.875 0.65625 0.8125 0.6875 0.3125 0.6875 0.375 0.65625 0.375 0.6875 0.75 0.6875 0.8125 0.65625 0.8125 0.6875 0.25 0.6875 0.3125 0.65625 0.3125 0.6875 0.75 0.65625 0.75 0.65625 0.6875 0.6875 0.25 0.65625 0.25 0.65625 0.1875 0.6875 0.6875 0.65625 0.6875 0.65625 0.625 0.6875 0.125 0.6875 0.1875 0.65625 0.1875 0.6875 0.625 0.65625 0.625 0.65625 0.5625 0.6875 0.06249994 0.6875 0.125 0.65625 0.125 0.6875 0.5 0.6875 0.5625 0.65625 0.5625 0.65625 0.25 0.625 0.25 0.625 0.1875 0.65625 0.6875 0.625 0.6875 0.625 0.6250001 0.65625 0.125 0.65625 0.1875 0.625 0.1875 0.65625 0.625 0.625 0.6250001 0.625 0.5625 0.65625 0.06249994 0.65625 0.125 0.625 0.125 0.65625 0.5 0.65625 0.5625 0.625 0.5625 0.65625 0.5 0.625 0.5 0.625 0.4375 0.65625 0.9375001 0.625 0.9375001 0.625 0.875 0.65625 0.375 0.65625 0.4375 0.625 0.4375 0.65625 0.875 0.625 0.875 0.625 0.8125 0.65625 0.3125 0.65625 0.375 0.625 0.375 0.65625 0.75 0.65625 0.8125 0.625 0.8125 0.65625 0.3125 0.625 0.3125 0.625 0.25 0.65625 0.75 0.625 0.75 0.625 0.6875 0.625 0.9375001 0.59375 0.9375001 0.59375 0.875 0.625 0.375 0.625 0.4375 0.59375 0.4375 0.625 0.875 0.59375 0.875 0.59375 0.8125 0.625 0.375 0.59375 0.375 0.59375 0.3125 0.625 0.75 0.625 0.8125 0.59375 0.8125 0.625 0.3125 0.59375 0.3125 0.59375 0.25 0.625 0.75 0.59375 0.75 0.59375 0.6875 0.625 0.25 0.59375 0.25 0.59375 0.1875 0.625 0.6250001 0.625 0.6875 0.59375 0.6875 0.625 0.125 0.625 0.1875 0.59375 0.1875 0.625 0.6250001 0.59375 0.6250001 0.59375 0.5625 0.625 0.06249994 0.625 0.125 0.59375 0.125 0.625 0.5 0.625 0.5625 0.59375 0.5625 0.625 0.5 0.59375 0.5 0.59375 0.4375 0.59375 0.6250001 0.59375 0.6875 0.5625 0.6875 0.59375 0.125 0.59375 0.1875 0.5625 0.1875 0.59375 0.6250001 0.5625 0.6250001 0.5625 0.5625 0.59375 0.06249994 0.59375 0.125 0.5625 0.125 0.59375 0.5 0.59375 0.5625 0.5625 0.5625 0.59375 0.5 0.5625 0.5 0.5625 0.4375 0.59375 0.9375001 0.5625 0.9375001 0.5625 0.875 0.59375 0.375 0.59375 0.4375 0.5625 0.4375 0.59375 0.875 0.5625 0.875 0.5625 0.8125 0.59375 0.375 0.5625 0.375 0.5625 0.3125 0.59375 0.75 0.59375 0.8125 0.5625 0.8125 0.59375 0.3125 0.5625 0.3125 0.5625 0.25 0.59375 0.6875 0.59375 0.75 0.5625 0.75 0.59375 0.25 0.5625 0.25 0.5625 0.1875 0.5625 0.375 0.5625 0.4375 0.53125 0.4375 0.5625 0.875 0.53125 0.875 0.53125 0.8125 0.5625 0.375 0.53125 0.375 0.53125 0.3125 0.5625 0.8125 0.53125 0.8125 0.53125 0.75 0.5625 0.25 0.5625 0.3125 0.53125 0.3125 0.5625 0.75 0.53125 0.75 0.53125 0.6875 0.5625 0.1875 0.5625 0.25 0.53125 0.25 0.5625 0.6250001 0.5625 0.6875 0.53125 0.6875 0.5625 0.125 0.5625 0.1875 0.53125 0.1875 0.5625 0.6250001 0.53125 0.6250001 0.53125 0.5625 0.5625 0.06249994 0.5625 0.125 0.53125 0.125 0.5625 0.5 0.5625 0.5625 0.53125 0.5625 0.5625 0.5 0.53125 0.5 0.53125 0.4375 0.5625 0.9375001 0.53125 0.9375001 0.53125 0.875 0.53125 0.125 0.53125 0.1875 0.5 0.1875 0.53125 0.6250001 0.5 0.6250001 0.5 0.5625 0.53125 0.06249994 0.53125 0.125 0.5 0.125 0.53125 0.5 0.53125 0.5625 0.5 0.5625 0.53125 0.5 0.5 0.5 0.5 0.4375 0.53125 0.9375001 0.5 0.9375001 0.5 0.875 0.53125 0.375 0.53125 0.4375 0.5 0.4375 0.53125 0.875 0.5 0.875 0.5 0.8125 0.53125 0.375 0.5 0.375 0.5 0.3125 0.53125 0.8125 0.5 0.8125 0.5 0.75 0.53125 0.25 0.53125 0.3125 0.5 0.3125 0.53125 0.75 0.5 0.75 0.5 0.6875001 0.53125 0.1875 0.53125 0.25 0.5 0.25 0.53125 0.6250001 0.53125 0.6875 0.5 0.6875001 0.5 0.375 0.46875 0.375 0.46875 0.3125 0.5 0.8125 0.46875 0.8125 0.46875 0.75 0.5 0.3125 0.46875 0.3125 0.46875 0.25 0.5 0.75 0.46875 0.75 0.46875 0.6875 0.5 0.1875 0.5 0.25 0.46875 0.25 0.5 0.6250001 0.5 0.6875001 0.46875 0.6875 0.5 0.125 0.5 0.1875 0.46875 0.1875 0.5 0.6250001 0.46875 0.6250001 0.46875 0.5625 0.5 0.06249994 0.5 0.125 0.46875 0.125 0.5 0.5 0.5 0.5625 0.46875 0.5625 0.5 0.5 0.46875 0.5 0.46875 0.4375 0.5 0.9375001 0.46875 0.9375001 0.46875 0.875 0.5 0.375 0.5 0.4375 0.46875 0.4375 0.5 0.875 0.46875 0.875 0.46875 0.8125 0.46875 0.06249994 0.46875 0.125 0.4375 0.125 0.46875 0.5 0.46875 0.5625 0.4375 0.5625 0.46875 0.5 0.4375 0.5 0.4375 0.4375 0.46875 0.9375001 0.4375 0.9375001 0.4375 0.875 0.46875 0.375 0.46875 0.4375 0.4375 0.4375 0.46875 0.875 0.4375 0.875 0.4375 0.8125 0.46875 0.375 0.4375 0.375 0.4375 0.3125 0.46875 0.8125 0.4375 0.8125 0.4375 0.7500001 0.46875 0.25 0.46875 0.3125 0.4375 0.3125 0.46875 0.75 0.4375 0.7500001 0.4375 0.6875001 0.46875 0.1875 0.46875 0.25 0.4375 0.25 0.46875 0.6250001 0.46875 0.6875 0.4375 0.6875001 0.46875 0.125 0.46875 0.1875 0.4375 0.1875 0.46875 0.6250001 0.4375 0.6250001 0.4375 0.5625 0.4375 0.8125 0.40625 0.8125 0.40625 0.7500001 0.4375 0.25 0.4375 0.3125 0.40625 0.3125 0.4375 0.7500001 0.40625 0.7500001 0.40625 0.6875001 0.4375 0.1875 0.4375 0.25 0.40625 0.25 0.4375 0.6250001 0.4375 0.6875001 0.40625 0.6875001 0.4375 0.125 0.4375 0.1875 0.40625 0.1875 0.4375 0.6250001 0.40625 0.6250001 0.40625 0.5625 0.4375 0.06249994 0.4375 0.125 0.40625 0.125 0.4375 0.5 0.4375 0.5625 0.40625 0.5625 0.4375 0.5 0.40625 0.5 0.40625 0.4375 0.4375 0.9375001 0.40625 0.9375001 0.40625 0.875 0.4375 0.375 0.4375 0.4375 0.40625 0.4375 0.4375 0.875 0.40625 0.875 0.40625 0.8125 0.4375 0.375 0.40625 0.375 0.40625 0.3125 0.40625 0.5 0.40625 0.5625 0.375 0.5625 0.40625 0.5 0.375 0.5 0.375 0.4375 0.40625 0.9375001 0.375 0.9375001 0.375 0.875 0.40625 0.375 0.40625 0.4375 0.375 0.4375 0.40625 0.875 0.375 0.875 0.375 0.8125 0.40625 0.375 0.375 0.375 0.375 0.3125 0.40625 0.8125 0.375 0.8125 0.375 0.7500001 0.40625 0.25 0.40625 0.3125 0.375 0.3125 0.40625 0.7500001 0.375 0.7500001 0.375 0.6875001 0.40625 0.25 0.375 0.25 0.375 0.1875 0.40625 0.6250001 0.40625 0.6875001 0.375 0.6875001 0.40625 0.125 0.40625 0.1875 0.375 0.1875 0.40625 0.6250001 0.375 0.6250001 0.375 0.5625 0.40625 0.06249994 0.40625 0.125 0.375 0.125 0.375 0.25 0.375 0.3125 0.34375 0.3125 0.375 0.7500001 0.34375 0.7500001 0.34375 0.6875001 0.375 0.1875 0.375 0.25 0.34375 0.25 0.375 0.6250001 0.375 0.6875001 0.34375 0.6875001 0.375 0.125 0.375 0.1875 0.34375 0.1875 0.375 0.6250001 0.34375 0.6250001 0.34375 0.5625 0.375 0.06249994 0.375 0.125 0.34375 0.125 0.375 0.5 0.375 0.5625 0.34375 0.5625 0.375 0.5 0.34375 0.5 0.34375 0.4375 0.375 0.9375001 0.34375 0.9375001 0.34375 0.875 0.375 0.375 0.375 0.4375 0.34375 0.4375 0.375 0.875 0.34375 0.875 0.34375 0.8125 0.375 0.375 0.34375 0.375 0.34375 0.3125 0.375 0.8125 0.34375 0.8125 0.34375 0.7500001 0.34375 0.5 0.3125 0.5 0.3125 0.4375 0.34375 0.9375001 0.3125 0.9375001 0.3125 0.8750001 0.34375 0.375 0.34375 0.4375 0.3125 0.4375 0.34375 0.875 0.3125 0.8750001 0.3125 0.8125 0.34375 0.375 0.3125 0.375 0.3125 0.3125 0.34375 0.8125 0.3125 0.8125 0.3125 0.7500001 0.34375 0.25 0.34375 0.3125 0.3125 0.3125 0.34375 0.7500001 0.3125 0.7500001 0.3125 0.6875001 0.34375 0.1875 0.34375 0.25 0.3125 0.25 0.34375 0.6250001 0.34375 0.6875001 0.3125 0.6875001 0.34375 0.125 0.34375 0.1875 0.3125 0.1875 0.34375 0.6250001 0.3125 0.6250001 0.3125 0.5625 0.34375 0.06249994 0.34375 0.125 0.3125 0.1249998 0.34375 0.5 0.34375 0.5625 0.3125 0.5625 0.3125 0.7500001 0.28125 0.7500001 0.28125 0.6875001 0.3125 0.1875 0.3125 0.25 0.28125 0.25 0.3125 0.6250001 0.3125 0.6875001 0.28125 0.6875001 0.3125 0.1249998 0.3125 0.1875 0.28125 0.1875 0.3125 0.6250001 0.28125 0.6250001 0.28125 0.5625 0.3125 0.1249998 0.28125 0.125 0.28125 0.06249994 0.3125 0.5 0.3125 0.5625 0.28125 0.5625 0.3125 0.5 0.28125 0.5 0.28125 0.4375 0.3125 0.8750001 0.3125 0.9375001 0.28125 0.9375001 0.3125 0.375 0.3125 0.4375 0.28125 0.4375 0.3125 0.8750001 0.28125 0.875 0.28125 0.8125 0.3125 0.375 0.28125 0.375 0.28125 0.3125 0.3125 0.8125 0.28125 0.8125 0.28125 0.7500001 0.3125 0.3125 0.28125 0.3125 0.28125 0.25 0.28125 0.5 0.25 0.5 0.25 0.4375 0.28125 0.9375001 0.25 0.9375001 0.25 0.8750001 0.28125 0.375 0.28125 0.4375 0.25 0.4375 0.28125 0.875 0.25 0.8750001 0.25 0.8125 0.28125 0.3125 0.28125 0.375 0.25 0.375 0.28125 0.8125 0.25 0.8125 0.25 0.7500001 0.28125 0.25 0.28125 0.3125 0.25 0.3125 0.28125 0.7500001 0.25 0.7500001 0.25 0.6875001 0.28125 0.1875 0.28125 0.25 0.25 0.2499999 0.28125 0.6875001 0.25 0.6875001 0.25 0.6250001 0.28125 0.125 0.28125 0.1875 0.25 0.1875 0.28125 0.6250001 0.25 0.6250001 0.25 0.5625 0.28125 0.06249994 0.28125 0.125 0.25 0.1249998 0.28125 0.5 0.28125 0.5625 0.25 0.5625 0.25 0.1875 0.25 0.2499999 0.21875 0.2499999 0.25 0.6250001 0.25 0.6875001 0.21875 0.6875001 0.25 0.1875 0.21875 0.1875 0.21875 0.125 0.25 0.6250001 0.21875 0.6250001 0.21875 0.5625001 0.25 0.1249998 0.21875 0.125 0.21875 0.06249994 0.25 0.5 0.25 0.5625 0.21875 0.5625001 0.25 0.5 0.21875 0.5 0.21875 0.4375 0.25 0.8750001 0.25 0.9375001 0.21875 0.9375001 0.25 0.375 0.25 0.4375 0.21875 0.4375 0.25 0.8750001 0.21875 0.875 0.21875 0.8125 0.25 0.375 0.21875 0.375 0.21875 0.3125 0.25 0.8125 0.21875 0.8125 0.21875 0.7500001 0.25 0.3125 0.21875 0.3125 0.21875 0.2499999 0.25 0.7500001 0.21875 0.7500001 0.21875 0.6875001 0.21875 0.375 0.21875 0.4375 0.1875 0.4375 0.21875 0.875 0.1875 0.8750001 0.1875 0.8125 0.21875 0.3125 0.21875 0.375 0.1875 0.375 0.21875 0.8125 0.1875 0.8125 0.1875 0.7500001 0.21875 0.2499999 0.21875 0.3125 0.1875 0.3125 0.21875 0.7500001 0.1875 0.7500001 0.1875 0.6875001 0.21875 0.1875 0.21875 0.2499999 0.1875 0.2499999 0.21875 0.6875001 0.1875 0.6875001 0.1875 0.6250001 0.21875 0.125 0.21875 0.1875 0.1875 0.1875 0.21875 0.6250001 0.1875 0.6250001 0.1875 0.5625001 0.21875 0.06249994 0.21875 0.125 0.1875 0.1249998 0.21875 0.5 0.21875 0.5625001 0.1875 0.5625001 0.21875 0.5 0.1875 0.5 0.1875 0.4375 0.21875 0.9375001 0.1875 0.9375001 0.1875 0.8750001 0.1875 0.1249998 0.1875 0.1875 0.15625 0.1875 0.1875 0.6250001 0.15625 0.6250001 0.15625 0.5625001 0.1875 0.1249998 0.15625 0.1249998 0.15625 0.06249994 0.1875 0.5 0.1875 0.5625001 0.15625 0.5625001 0.1875 0.5 0.15625 0.5 0.15625 0.4375 0.1875 0.8750001 0.1875 0.9375001 0.15625 0.9375001 0.1875 0.375 0.1875 0.4375 0.15625 0.4375 0.1875 0.8750001 0.15625 0.8750001 0.15625 0.8125001 0.1875 0.375 0.15625 0.375 0.15625 0.3125 0.1875 0.8125 0.15625 0.8125001 0.15625 0.7500001 0.1875 0.2499999 0.1875 0.3125 0.15625 0.3125 0.1875 0.7500001 0.15625 0.7500001 0.15625 0.6875001 0.1875 0.2499999 0.15625 0.2499999 0.15625 0.1875 0.1875 0.6250001 0.1875 0.6875001 0.15625 0.6875001 0.15625 0.8750001 0.125 0.8750001 0.125 0.8125001 0.15625 0.375 0.125 0.375 0.125 0.3125 0.15625 0.7500001 0.15625 0.8125001 0.125 0.8125001 0.15625 0.2499999 0.15625 0.3125 0.125 0.3125 0.15625 0.7500001 0.125 0.7500001 0.125 0.6875001 0.15625 0.2499999 0.125 0.2499999 0.125 0.1875 0.15625 0.6250001 0.15625 0.6875001 0.125 0.6875001 0.15625 0.1249998 0.15625 0.1875 0.125 0.1875 0.15625 0.6250001 0.125 0.6250001 0.125 0.5625001 0.15625 0.06249994 0.15625 0.1249998 0.125 0.1249998 0.15625 0.5 0.15625 0.5625001 0.125 0.5625001 0.15625 0.5 0.125 0.5 0.125 0.4375 0.15625 0.9375001 0.125 0.9375001 0.125 0.8750001 0.15625 0.375 0.15625 0.4375 0.125 0.4375 0.125 0.6250001 0.09375 0.6250001 0.09375 0.5625001 0.125 0.06249994 0.125 0.1249998 0.09374994 0.1249998 0.125 0.5 0.125 0.5625001 0.09375 0.5625001 0.125 0.5 0.09375 0.5 0.09375 0.4375 0.125 0.9375001 0.09375 0.9375001 0.09374994 0.8750001 0.125 0.375 0.125 0.4375 0.09375 0.4375 0.125 0.8750001 0.09374994 0.8750001 0.09375 0.8125001 0.125 0.375 0.09375 0.375 0.09375 0.3125 0.125 0.7500001 0.125 0.8125001 0.09375 0.8125001 0.125 0.2499999 0.125 0.3125 0.09375 0.3125 0.125 0.7500001 0.09374994 0.7500001 0.09375 0.6875001 0.125 0.2499999 0.09374994 0.2499998 0.09375 0.1875 0.125 0.6250001 0.125 0.6875001 0.09375 0.6875001 0.125 0.1249998 0.125 0.1875 0.09375 0.1875 0.09375 0.375 0.0625 0.375 0.0625 0.3125 0.09374994 0.7500001 0.09375 0.8125001 0.0625 0.8125001 0.09374994 0.2499998 0.09375 0.3125 0.0625 0.3125 0.09374994 0.7500001 0.0625 0.7500001 0.0625 0.6875001 0.09374994 0.2499998 0.0625 0.2499998 0.0625 0.1875 0.09375 0.6250001 0.09375 0.6875001 0.0625 0.6875001 0.09374994 0.1249998 0.09375 0.1875 0.0625 0.1875 0.09375 0.6250001 0.0625 0.6250001 0.0625 0.5625001 0.09375 0.06249994 0.09374994 0.1249998 0.0625 0.1249998 0.09375 0.5 0.09375 0.5625001 0.0625 0.5625001 0.09375 0.5 0.0625 0.5 0.0625 0.4375 0.09375 0.9375001 0.0625 0.9375001 0.0625 0.8750001 0.09375 0.375 0.09375 0.4375 0.0625 0.4375 0.09374994 0.8750001 0.0625 0.8750001 0.0625 0.8125001 0.0625 0.1249998 0.03124994 0.1249998 0.03124994 0.06249994 0.0625 0.5 0.0625 0.5625001 0.03125 0.5625001 0.0625 0.5 0.03124994 0.5 0.03125 0.4375 0.0625 0.9375001 0.03124994 0.9375001 0.03124994 0.8750001 0.0625 0.375 0.0625 0.4375 0.03125 0.4375 0.0625 0.8750001 0.03124994 0.8750001 0.03124994 0.8125001 0.0625 0.375 0.03125 0.375 0.03125 0.3125 0.0625 0.7500001 0.0625 0.8125001 0.03124994 0.8125001 0.0625 0.2499998 0.0625 0.3125 0.03125 0.3125 0.0625 0.7500001 0.03124994 0.7500001 0.03125 0.6875001 0.0625 0.2499998 0.03124994 0.2499998 0.03124994 0.1875 0.0625 0.6250001 0.0625 0.6875001 0.03125 0.6875001 0.0625 0.1249998 0.0625 0.1875 0.03124994 0.1875 0.0625 0.6250001 0.03125 0.6250001 0.03125 0.5625001 0.03124994 0.8125001 0 0.8125001 0 0.7500001 0.03124994 0.2499998 0.03125 0.3125 0 0.3124999 0.03124994 0.7500001 0 0.7500001 0 0.6875001 0.03124994 0.2499998 0 0.2499998 0 0.1875 0.03125 0.6875001 0 0.6875001 0 0.6250001 0.03124994 0.1249998 0.03124994 0.1875 0 0.1875 0.03125 0.6250001 0 0.6250001 0 0.5625001 0.03124994 0.06249994 0.03124994 0.1249998 0 0.1249998 0.03124994 0.5 0.03125 0.5625001 0 0.5625001 0.03124994 0.5 0 0.5 0 0.4375 0.03124994 0.9375001 0 0.9375001 0 0.8750001 0.03125 0.375 0.03125 0.4375 0 0.4375 0.03124994 0.8750001 0 0.8750001 0 0.8125001 0.03125 0.3125 0.03125 0.375 0 0.375 1 0.5 1 0.5625001 0.96875 0.5625001 1 0.5 0.96875 0.5 0.96875 0.4375 1 0.8750001 1 0.9375001 0.96875 0.9375001 1 0.375 1 0.4375 0.96875 0.4375 1 0.8125001 1 0.8750001 0.96875 0.8750001 1 0.375 0.96875 0.375 0.96875 0.3125 1 0.7500001 1 0.8125001 0.96875 0.8125001 1 0.2499998 1 0.3124999 0.96875 0.3125 1 0.7500001 0.96875 0.7500001 0.96875 0.6875001 1 0.2499998 0.96875 0.2499998 0.96875 0.1875 1 0.6250001 1 0.6875001 0.96875 0.6875001 1 0.1875 0.96875 0.1875 0.96875 0.1249998 1 0.6250001 0.96875 0.6250001 0.96875 0.5625001 1 0.1249998 0.96875 0.1249998 0.96875 0.06249994 0.96875 0.2499998 0.96875 0.3125 0.9375 0.3124999 0.96875 0.7500001 0.9375 0.7500001 0.9375 0.6875001 0.96875 0.2499998 0.9375 0.2499998 0.9375 0.1875 0.96875 0.6875001 0.9375 0.6875001 0.9375 0.6250001 0.96875 0.1249998 0.96875 0.1875 0.9375 0.1875 0.96875 0.6250001 0.9375 0.6250001 0.9375 0.5625001 0.96875 0.1249998 0.9375 0.1249998 0.9375 0.06249994 0.96875 0.5 0.96875 0.5625001 0.9375 0.5625001 0.96875 0.5 0.9375 0.5 0.9375 0.4375 0.96875 0.9375001 0.9375 0.9375001 0.9375 0.8750001 0.96875 0.375 0.96875 0.4375 0.9375 0.4375 0.96875 0.8750001 0.9375 0.8750001 0.9375 0.8125001 0.96875 0.3125 0.96875 0.375 0.9375 0.375 0.96875 0.7500001 0.96875 0.8125001 0.9375 0.8125001 0.9375 0.5 0.90625 0.5 0.90625 0.4375 0.9375 0.9375001 0.90625 0.9375001 0.90625 0.8750001 0.9375 0.375 0.9375 0.4375 0.90625 0.4375 0.9375 0.8750001 0.90625 0.8750001 0.90625 0.8125001 0.9375 0.375 0.90625 0.375 0.90625 0.3124999 0.9375 0.7500001 0.9375 0.8125001 0.90625 0.8125001 0.9375 0.2499998 0.9375 0.3124999 0.90625 0.3124999 0.9375 0.7500001 0.90625 0.7500002 0.90625 0.6875001 0.9375 0.2499998 0.90625 0.2499998 0.90625 0.1875 0.9375 0.6250001 0.9375 0.6875001 0.90625 0.6875001 0.9375 0.1249998 0.9375 0.1875 0.90625 0.1875 0.9375 0.6250001 0.90625 0.6250001 0.90625 0.5625001 0.9375 0.1249998 0.90625 0.1249998 0.90625 0.06249994 0.9375 0.5 0.9375 0.5625001 0.90625 0.5625001 0.90625 0.2499998 0.875 0.2499998 0.875 0.1875 0.90625 0.6250001 0.90625 0.6875001 0.875 0.6875001 0.90625 0.1249998 0.90625 0.1875 0.875 0.1875 0.90625 0.6250001 0.875 0.6250001 0.875 0.5625001 0.90625 0.06249994 0.90625 0.1249998 0.875 0.1249998 0.90625 0.5 0.90625 0.5625001 0.875 0.5625001 0.90625 0.5 0.875 0.5 0.875 0.4375 0.90625 0.9375001 0.875 0.9375001 0.875 0.8750001 0.90625 0.375 0.90625 0.4375 0.875 0.4375 0.90625 0.8750001 0.875 0.8750001 0.875 0.8125001 0.90625 0.375 0.875 0.375 0.875 0.3124999 0.90625 0.7500002 0.90625 0.8125001 0.875 0.8125001 0.90625 0.2499998 0.90625 0.3124999 0.875 0.3124999 0.90625 0.7500002 0.875 0.7500002 0.875 0.6875001 0.875 0.9375001 0.84375 0.9375001 0.84375 0.8750001 0.875 0.375 0.875 0.4375 0.84375 0.4375 0.875 0.8125001 0.875 0.8750001 0.84375 0.8750001 0.875 0.375 0.84375 0.375 0.84375 0.3124999 0.875 0.7500002 0.875 0.8125001 0.84375 0.8125001 0.875 0.2499998 0.875 0.3124999 0.84375 0.3124999 0.875 0.7500002 0.84375 0.7500002 0.84375 0.6875001 0.875 0.2499998 0.84375 0.2499998 0.84375 0.1875 0.875 0.6250001 0.875 0.6875001 0.84375 0.6875001 0.875 0.1875 0.84375 0.1875 0.84375 0.1249998 0.875 0.6250001 0.84375 0.6250001 0.84375 0.5625001 0.875 0.06249994 0.875 0.1249998 0.84375 0.1249998 0.875 0.5 0.875 0.5625001 0.84375 0.5625001 0.875 0.5 0.84375 0.5 0.84375 0.4375 0.84375 0.6250001 0.84375 0.6875001 0.8125 0.6875001 0.84375 0.1875 0.8125 0.1875 0.8125 0.1249998 0.84375 0.6250001 0.8125 0.6250001 0.8125 0.5625001 0.84375 0.1249998 0.8125 0.1249998 0.8125 0.06249994 0.84375 0.5 0.84375 0.5625001 0.8125 0.5625001 0.84375 0.5 0.8125 0.5 0.8125 0.4375 0.84375 0.8750001 0.84375 0.9375001 0.8125 0.9375001 0.84375 0.375 0.84375 0.4375 0.8125 0.4375 0.84375 0.8125001 0.84375 0.8750001 0.8125 0.8750001 0.84375 0.375 0.8125 0.375 0.8125 0.3124999 0.84375 0.7500002 0.84375 0.8125001 0.8125 0.8125001 0.84375 0.2499998 0.84375 0.3124999 0.8125 0.3124999 0.84375 0.7500002 0.8125 0.7500002 0.8125 0.6875001 0.84375 0.2499998 0.8125 0.2499998 0.8125 0.1875 0.8125 0.375 0.8125 0.4375 0.78125 0.4375 0.8125 0.8750001 0.78125 0.8750001 0.78125 0.8125001 0.8125 0.375 0.78125 0.375 0.78125 0.3124999 0.8125 0.8125001 0.78125 0.8125001 0.78125 0.7500002 0.8125 0.2499998 0.8125 0.3124999 0.78125 0.3124999 0.8125 0.7500002 0.78125 0.7500002 0.78125 0.6875001 0.8125 0.2499998 0.78125 0.2499998 0.78125 0.1875 0.8125 0.6250001 0.8125 0.6875001 0.78125 0.6875001 0.8125 0.1249998 0.8125 0.1875 0.78125 0.1875 0.8125 0.6250001 0.78125 0.6250001 0.78125 0.5625001 0.8125 0.1249998 0.78125 0.1249998 0.78125 0.06249994 0.8125 0.5 0.8125 0.5625001 0.78125 0.5625001 0.8125 0.5 0.78125 0.5 0.78125 0.4375 0.8125 0.9375001 0.78125 0.9375001 0.78125 0.8750001 0.78125 0.1875 0.75 0.1875 0.75 0.1249998 0.78125 0.5625001 0.78125 0.6250001 0.75 0.625 0.78125 0.06249994 0.78125 0.1249998 0.75 0.1249998 0.78125 0.5 0.78125 0.5625001 0.75 0.5625001 0.78125 0.5 0.75 0.5 0.75 0.4375 0.78125 0.8750001 0.78125 0.9375001 0.75 0.9375001 0.78125 0.4375 0.75 0.4375 0.75 0.375 0.78125 0.8125001 0.78125 0.8750001 0.75 0.8750001 0.78125 0.375 0.75 0.375 0.75 0.3124999 0.78125 0.7500002 0.78125 0.8125001 0.75 0.8125 0.78125 0.3124999 0.75 0.3124999 0.75 0.25 0.78125 0.6875001 0.78125 0.7500002 0.75 0.75 0.78125 0.2499998 0.75 0.25 0.75 0.1875 0.78125 0.6250001 0.78125 0.6875001 0.75 0.6875001</float_array>
          <technique_common>
            <accessor source="#Sphere-mesh-map-0-array" count="2880" stride="2">
              <param name="S" type="float"/>
              <param name="T" type="float"/>
            </accessor>
          </technique_common>
        </source>
        <vertices id="Sphere-mesh-vertices">
          <input semantic="POSITION" source="#Sphere-mesh-positions"/>
        </vertices>
        <triangles material="CL_post-material" count="960">
          <input semantic="VERTEX" source="#Sphere-mesh-vertices" offset="0"/>
          <input semantic="NORMAL" source="#Sphere-mesh-normals" offset="1"/>
          <input semantic="TEXCOORD" source="#Sphere-mesh-map-0" offset="2" set="0"/>
          <p>3 0 0 12 0 1 13 0 2 7 1 3 21 1 4 480 1 5 477 2 6 13 2 7 14 2 8 480 3 9 22 3 10 481 3 11 477 4 12 15 4 13 4 4 14 0 5 15 309 5 16 8 5 17 248 6 18 481 6 19 22 6 20 4 7 21 16 7 22 5 7 23 475 8 24 8 8 25 9 8 26 478 9 27 16 9 28 17 9 29 1 10 30 9 10 31 10 10 32 478 11 33 18 11 34 479 11 35 1 12 36 11 12 37 2 12 38 479 13 39 19 13 40 6 13 41 476 14 42 11 14 43 12 14 44 7 15 45 19 15 46 20 15 47 11 16 48 27 16 49 12 16 50 20 17 51 34 17 52 35 17 53 12 18 54 28 18 55 13 18 56 21 19 57 35 19 58 36 19 59 13 20 60 29 20 61 14 20 62 22 21 63 36 21 64 37 21 65 15 22 66 29 22 67 30 22 68 8 23 69 309 23 70 23 23 71 248 24 72 22 24 73 37 24 74 15 25 75 31 25 76 16 25 77 8 26 78 24 26 79 9 26 80 17 27 81 31 27 82 32 27 83 9 28 84 25 28 85 10 28 86 18 29 87 32 29 88 33 29 89 10 30 90 26 30 91 11 30 92 19 31 93 33 31 94 34 31 95 30 32 96 46 32 97 31 32 98 23 33 99 39 33 100 24 33 101 32 34 102 46 34 103 47 34 104 24 35 105 40 35 106 25 35 107 33 36 108 47 36 109 48 36 110 26 37 111 40 37 112 41 37 113 34 38 114 48 38 115 49 38 116 26 39 117 42 39 118 27 39 119 34 40 120 50 40 121 35 40 122 27 41 123 43 41 124 28 41 125 36 42 126 50 42 127 51 42 128 28 43 129 44 43 130 29 43 131 37 44 132 51 44 133 52 44 134 30 45 135 44 45 136 45 45 137 23 46 138 309 46 139 38 46 140 248 47 141 37 47 142 52 47 143 49 48 144 65 48 145 50 48 146 42 49 147 58 49 148 43 49 149 51 50 150 65 50 151 66 50 152 43 51 153 59 51 154 44 51 155 52 52 156 66 52 157 67 52 158 45 53 159 59 53 160 60 53 161 38 54 162 309 54 163 53 54 164 248 55 165 52 55 166 67 55 167 45 56 168 61 56 169 46 56 170 38 57 171 54 57 172 39 57 173 47 58 174 61 58 175 62 58 176 39 59 177 55 59 178 40 59 179 48 60 180 62 60 181 63 60 182 41 61 183 55 61 184 56 61 185 48 62 186 64 62 187 49 62 188 41 63 189 57 63 190 42 63 191 53 64 192 69 64 193 54 64 194 62 65 195 76 65 196 77 65 197 54 66 198 70 66 199 55 66 200 62 67 201 78 67 202 63 67 203 56 68 204 70 68 205 71 68 206 63 69 207 79 69 208 64 69 209 56 70 210 72 70 211 57 70 212 64 71 213 80 71 214 65 71 215 58 72 216 72 72 217 73 72 218 66 73 219 80 73 220 81 73 221 58 74 222 74 74 223 59 74 224 67 75 225 81 75 226 82 75 227 60 76 228 74 76 229 75 76 230 53 77 231 309 77 232 68 77 233 248 78 234 67 78 235 82 78 236 60 79 237 76 79 238 61 79 239 73 80 240 87 80 241 88 80 242 81 81 243 95 81 244 96 81 245 73 82 246 89 82 247 74 82 248 82 83 249 96 83 250 97 83 251 75 84 252 89 84 253 90 84 254 68 85 255 309 85 256 83 85 257 248 86 258 82 86 259 97 86 260 75 87 261 91 87 262 76 87 263 68 88 264 84 88 265 69 88 266 77 89 267 91 89 268 92 89 269 69 90 270 85 90 271 70 90 272 77 91 273 93 91 274 78 91 275 71 92 276 85 92 277 86 92 278 78 93 279 94 93 280 79 93 281 72 94 282 86 94 283 87 94 284 79 95 285 95 95 286 80 95 287 92 96 288 106 96 289 107 96 290 84 97 291 100 97 292 85 97 293 92 98 294 108 98 295 93 98 296 85 99 297 101 99 298 86 99 299 94 100 300 108 100 301 109 100 302 86 101 303 102 101 304 87 101 305 95 102 306 109 102 307 110 102 308 88 103 309 102 103 310 103 103 311 96 104 312 110 104 313 111 104 314 88 105 315 104 105 316 89 105 317 97 106 318 111 106 319 112 106 320 90 107 321 104 107 322 105 107 323 83 108 324 309 108 325 98 108 326 248 109 327 97 109 328 112 109 329 90 110 330 106 110 331 91 110 332 83 111 333 99 111 334 84 111 335 111 112 336 125 112 337 126 112 338 103 113 339 119 113 340 104 113 341 112 114 342 126 114 343 127 114 344 105 115 345 119 115 346 120 115 347 98 116 348 309 116 349 113 116 350 248 117 351 112 117 352 127 117 353 105 118 354 121 118 355 106 118 356 98 119 357 114 119 358 99 119 359 107 120 360 121 120 361 122 120 362 99 121 363 115 121 364 100 121 365 107 122 366 123 122 367 108 122 368 100 123 369 116 123 370 101 123 371 109 124 372 123 124 373 124 124 374 101 125 375 117 125 376 102 125 377 110 126 378 124 126 379 125 126 380 103 127 381 117 127 382 118 127 383 122 128 384 138 128 385 123 128 386 115 129 387 131 129 388 116 129 389 123 130 390 139 130 391 124 130 392 116 131 393 132 131 394 117 131 395 125 132 396 139 132 397 140 132 398 118 133 399 132 133 400 133 133 401 126 134 402 140 134 403 141 134 404 118 135 405 134 135 406 119 135 407 127 136 408 141 136 409 142 136 410 120 137 411 134 137 412 135 137 413 113 138 414 309 138 415 128 138 416 248 139 417 127 139 418 142 139 419 120 140 420 136 140 421 121 140 422 113 141 423 129 141 424 114 141 425 122 142 426 136 142 427 137 142 428 114 143 429 130 143 430 115 143 431 142 144 432 156 144 433 157 144 434 135 145 435 149 145 436 150 145 437 128 146 438 309 146 439 143 146 440 248 147 441 142 147 442 157 147 443 135 148 444 151 148 445 136 148 446 128 149 447 144 149 448 129 149 449 137 150 450 151 150 451 152 150 452 129 151 453 145 151 454 130 151 455 137 152 456 153 152 457 138 152 458 130 153 459 146 153 460 131 153 461 139 154 462 153 154 463 154 154 464 131 155 465 147 155 466 132 155 467 140 156 468 154 156 469 155 156 470 133 157 471 147 157 472 148 157 473 141 158 474 155 158 475 156 158 476 133 159 477 149 159 478 134 159 479 145 160 480 161 160 481 146 160 482 154 161 483 168 161 484 169 161 485 146 162 486 162 162 487 147 162 488 155 163 489 169 163 490 170 163 491 148 164 492 162 164 493 163 164 494 156 165 495 170 165 496 171 165 497 148 166 498 164 166 499 149 166 500 157 167 501 171 167 502 172 167 503 150 168 504 164 168 505 165 168 506 143 169 507 309 169 508 158 169 509 248 170 510 157 170 511 172 170 512 150 171 513 166 171 514 151 171 515 143 172 516 159 172 517 144 172 518 152 173 519 166 173 520 167 173 521 144 174 522 160 174 523 145 174 524 152 175 525 168 175 526 153 175 527 165 176 528 179 176 529 180 176 530 158 177 531 309 177 532 173 177 533 248 178 534 172 178 535 187 178 536 165 179 537 181 179 538 166 179 539 158 180 540 174 180 541 159 180 542 167 181 543 181 181 544 182 181 545 159 182 546 175 182 547 160 182 548 167 183 549 183 183 550 168 183 551 160 184 552 176 184 553 161 184 554 169 185 555 183 185 556 184 185 557 161 186 558 177 186 559 162 186 560 169 187 561 185 187 562 170 187 563 163 188 564 177 188 565 178 188 566 171 189 567 185 189 568 186 189 569 163 190 570 179 190 571 164 190 572 172 191 573 186 191 574 187 191 575 184 192 576 198 192 577 199 192 578 176 193 579 192 193 580 177 193 581 185 194 582 199 194 583 200 194 584 178 195 585 192 195 586 193 195 587 186 196 588 200 196 589 201 196 590 178 197 591 194 197 592 179 197 593 187 198 594 201 198 595 202 198 596 180 199 597 194 199 598 195 199 599 173 200 600 309 200 601 188 200 602 248 201 603 187 201 604 202 201 605 180 202 606 196 202 607 181 202 608 173 203 609 189 203 610 174 203 611 182 204 612 196 204 613 197 204 614 174 205 615 190 205 616 175 205 617 182 206 618 198 206 619 183 206 620 175 207 621 191 207 622 176 207 623 188 208 624 309 208 625 203 208 626 248 209 627 202 209 628 217 209 629 195 210 630 211 210 631 196 210 632 188 211 633 204 211 634 189 211 635 197 212 636 211 212 637 212 212 638 189 213 639 205 213 640 190 213 641 197 214 642 213 214 643 198 214 644 190 215 645 206 215 646 191 215 647 199 216 648 213 216 649 214 216 650 191 217 651 207 217 652 192 217 653 200 218 654 214 218 655 215 218 656 193 219 657 207 219 658 208 219 659 201 220 660 215 220 661 216 220 662 193 221 663 209 221 664 194 221 665 202 222 666 216 222 667 217 222 668 195 223 669 209 223 670 210 223 671 206 224 672 222 224 673 207 224 674 215 225 675 229 225 676 230 225 677 208 226 678 222 226 679 223 226 680 216 227 681 230 227 682 231 227 683 208 228 684 224 228 685 209 228 686 216 229 687 232 229 688 217 229 689 210 230 690 224 230 691 225 230 692 203 231 693 309 231 694 218 231 695 248 232 696 217 232 697 232 232 698 210 233 699 226 233 700 211 233 701 204 234 702 218 234 703 219 234 704 212 235 705 226 235 706 227 235 707 204 236 708 220 236 709 205 236 710 212 237 711 228 237 712 213 237 713 205 238 714 221 238 715 206 238 716 213 239 717 229 239 718 214 239 719 225 240 720 241 240 721 226 240 722 218 241 723 234 241 724 219 241 725 227 242 726 241 242 727 242 242 728 219 243 729 235 243 730 220 243 731 228 244 732 242 244 733 243 244 734 220 245 735 236 245 736 221 245 737 229 246 738 243 246 739 244 246 740 221 247 741 237 247 742 222 247 743 230 248 744 244 248 745 245 248 746 222 249 747 238 249 748 223 249 749 231 250 750 245 250 751 246 250 752 223 251 753 239 251 754 224 251 755 232 252 756 246 252 757 247 252 758 225 253 759 239 253 760 240 253 761 218 254 762 309 254 763 233 254 764 248 255 765 232 255 766 247 255 767 245 256 768 260 256 769 261 256 770 238 257 771 253 257 772 254 257 773 245 258 774 262 258 775 246 258 776 238 259 777 255 259 778 239 259 779 246 260 780 263 260 781 247 260 782 240 261 783 255 261 784 256 261 785 233 262 786 309 262 787 249 262 788 248 263 789 247 263 790 263 263 791 240 264 792 257 264 793 241 264 794 234 265 795 249 265 796 250 265 797 242 266 798 257 266 799 258 266 800 234 267 801 251 267 802 235 267 803 242 268 804 259 268 805 243 268 806 235 269 807 252 269 808 236 269 809 243 270 810 260 270 811 244 270 812 236 271 813 253 271 814 237 271 815 258 272 816 272 272 817 273 272 818 250 273 819 266 273 820 251 273 821 259 274 822 273 274 823 274 274 824 251 275 825 267 275 826 252 275 827 260 276 828 274 276 829 275 276 830 252 277 831 268 277 832 253 277 833 261 278 834 275 278 835 276 278 836 253 279 837 269 279 838 254 279 839 262 280 840 276 280 841 277 280 842 254 281 843 270 281 844 255 281 845 263 282 846 277 282 847 278 282 848 256 283 849 270 283 850 271 283 851 249 284 852 309 284 853 264 284 854 248 285 855 263 285 856 278 285 857 256 286 858 272 286 859 257 286 860 249 287 861 265 287 862 250 287 863 277 288 864 291 288 865 292 288 866 269 289 867 285 289 868 270 289 869 277 290 870 293 290 871 278 290 872 271 291 873 285 291 874 286 291 875 264 292 876 309 292 877 279 292 878 248 293 879 278 293 880 293 293 881 271 294 882 287 294 883 272 294 884 265 295 885 279 295 886 280 295 887 273 296 888 287 296 889 288 296 890 265 297 891 281 297 892 266 297 893 273 298 894 289 298 895 274 298 896 266 299 897 282 299 898 267 299 899 275 300 900 289 300 901 290 300 902 267 301 903 283 301 904 268 301 905 275 302 906 291 302 907 276 302 908 269 303 909 283 303 910 284 303 911 280 304 912 296 304 913 281 304 914 288 305 915 304 305 916 289 305 917 282 306 918 296 306 919 297 306 920 290 307 921 304 307 922 305 307 923 282 308 924 298 308 925 283 308 926 290 309 927 306 309 928 291 309 929 284 310 930 298 310 931 299 310 932 292 311 933 306 311 934 307 311 935 284 312 936 300 312 937 285 312 938 293 313 939 307 313 940 308 313 941 286 314 942 300 314 943 301 314 944 279 315 945 309 315 946 294 315 947 248 316 948 293 316 949 308 316 950 286 317 951 302 317 952 287 317 953 279 318 954 295 318 955 280 318 956 288 319 957 302 319 958 303 319 959 299 320 960 316 320 961 300 320 962 308 321 963 323 321 964 324 321 965 301 322 966 316 322 967 317 322 968 294 323 969 309 323 970 310 323 971 248 324 972 308 324 973 324 324 974 301 325 975 318 325 976 302 325 977 294 326 978 311 326 979 295 326 980 303 327 981 318 327 982 319 327 983 295 328 984 312 328 985 296 328 986 303 329 987 320 329 988 304 329 989 297 330 990 312 330 991 313 330 992 305 331 993 320 331 994 321 331 995 297 332 996 314 332 997 298 332 998 305 333 999 322 333 1000 306 333 1001 299 334 1002 314 334 1003 315 334 1004 307 335 1005 322 335 1006 323 335 1007 319 336 1008 335 336 1009 320 336 1010 313 337 1011 327 337 1012 328 337 1013 321 338 1014 335 338 1015 336 338 1016 313 339 1017 329 339 1018 314 339 1019 321 340 1020 337 340 1021 322 340 1022 315 341 1023 329 341 1024 330 341 1025 323 342 1026 337 342 1027 338 342 1028 315 343 1029 331 343 1030 316 343 1031 324 344 1032 338 344 1033 339 344 1034 317 345 1035 331 345 1036 332 345 1037 310 346 1038 309 346 1039 325 346 1040 248 347 1041 324 347 1042 339 347 1043 317 348 1044 333 348 1045 318 348 1046 310 349 1047 326 349 1048 311 349 1049 319 350 1050 333 350 1051 334 350 1052 311 351 1053 327 351 1054 312 351 1055 338 352 1056 354 352 1057 339 352 1058 332 353 1059 346 353 1060 347 353 1061 325 354 1062 309 354 1063 340 354 1064 248 355 1065 339 355 1066 354 355 1067 332 356 1068 348 356 1069 333 356 1070 325 357 1071 341 357 1072 326 357 1073 334 358 1074 348 358 1075 349 358 1076 326 359 1077 342 359 1078 327 359 1079 334 360 1080 350 360 1081 335 360 1082 328 361 1083 342 361 1084 343 361 1085 336 362 1086 350 362 1087 351 362 1088 328 363 1089 344 363 1090 329 363 1091 336 364 1092 352 364 1093 337 364 1094 330 365 1095 344 365 1096 345 365 1097 338 366 1098 352 366 1099 353 366 1100 330 367 1101 346 367 1102 331 367 1103 342 368 1104 358 368 1105 343 368 1106 351 369 1107 365 369 1108 366 369 1109 343 370 1110 359 370 1111 344 370 1112 351 371 1113 367 371 1114 352 371 1115 344 372 1116 360 372 1117 345 372 1118 353 373 1119 367 373 1120 368 373 1121 345 374 1122 361 374 1123 346 374 1124 354 375 1125 368 375 1126 369 375 1127 347 376 1128 361 376 1129 362 376 1130 340 377 1131 309 377 1132 355 377 1133 248 378 1134 354 378 1135 369 378 1136 347 379 1137 363 379 1138 348 379 1139 340 380 1140 356 380 1141 341 380 1142 349 381 1143 363 381 1144 364 381 1145 341 382 1146 357 382 1147 342 382 1148 350 383 1149 364 383 1150 365 383 1151 362 384 1152 376 384 1153 377 384 1154 355 385 1155 309 385 1156 370 385 1157 248 386 1158 369 386 1159 384 386 1160 362 387 1161 378 387 1162 363 387 1163 356 388 1164 370 388 1165 371 388 1166 364 389 1167 378 389 1168 379 389 1169 357 390 1170 371 390 1171 372 390 1172 364 391 1173 380 391 1174 365 391 1175 358 392 1176 372 392 1177 373 392 1178 366 393 1179 380 393 1180 381 393 1181 358 394 1182 374 394 1183 359 394 1184 366 395 1185 382 395 1186 367 395 1187 360 396 1188 374 396 1189 375 396 1190 367 397 1191 383 397 1192 368 397 1193 360 398 1194 376 398 1195 361 398 1196 368 399 1197 384 399 1198 369 399 1199 381 400 1200 395 400 1201 396 400 1202 373 401 1203 389 401 1204 374 401 1205 381 402 1206 397 402 1207 382 402 1208 374 403 1209 390 403 1210 375 403 1211 383 404 1212 397 404 1213 398 404 1214 375 405 1215 391 405 1216 376 405 1217 383 406 1218 399 406 1219 384 406 1220 377 407 1221 391 407 1222 392 407 1223 370 408 1224 309 408 1225 385 408 1226 248 409 1227 384 409 1228 399 409 1229 377 410 1230 393 410 1231 378 410 1232 370 411 1233 386 411 1234 371 411 1235 379 412 1236 393 412 1237 394 412 1238 371 413 1239 387 413 1240 372 413 1241 380 414 1242 394 414 1243 395 414 1244 373 415 1245 387 415 1246 388 415 1247 248 416 1248 399 416 1249 414 416 1250 392 417 1251 408 417 1252 393 417 1253 385 418 1254 401 418 1255 386 418 1256 394 419 1257 408 419 1258 409 419 1259 386 420 1260 402 420 1261 387 420 1262 394 421 1263 410 421 1264 395 421 1265 388 422 1266 402 422 1267 403 422 1268 396 423 1269 410 423 1270 411 423 1271 388 424 1272 404 424 1273 389 424 1274 396 425 1275 412 425 1276 397 425 1277 390 426 1278 404 426 1279 405 426 1280 398 427 1281 412 427 1282 413 427 1283 390 428 1284 406 428 1285 391 428 1286 398 429 1287 414 429 1288 399 429 1289 392 430 1290 406 430 1291 407 430 1292 385 431 1293 309 431 1294 400 431 1295 411 432 1296 427 432 1297 412 432 1298 405 433 1299 419 433 1300 420 433 1301 413 434 1302 427 434 1303 428 434 1304 405 435 1305 421 435 1306 406 435 1307 414 436 1308 428 436 1309 429 436 1310 407 437 1311 421 437 1312 422 437 1313 400 438 1314 309 438 1315 415 438 1316 248 439 1317 414 439 1318 429 439 1319 407 440 1320 423 440 1321 408 440 1322 400 441 1323 416 441 1324 401 441 1325 409 442 1326 423 442 1327 424 442 1328 401 443 1329 417 443 1330 402 443 1331 409 444 1332 425 444 1333 410 444 1334 403 445 1335 417 445 1336 418 445 1337 411 446 1338 425 446 1339 426 446 1340 403 447 1341 419 447 1342 404 447 1343 415 448 1344 431 448 1345 416 448 1346 424 449 1347 438 449 1348 439 449 1349 417 450 1350 431 450 1351 432 450 1352 424 451 1353 440 451 1354 425 451 1355 418 452 1356 432 452 1357 433 452 1358 426 453 1359 440 453 1360 441 453 1361 418 454 1362 434 454 1363 419 454 1364 426 455 1365 442 455 1366 427 455 1367 420 456 1368 434 456 1369 435 456 1370 427 457 1371 443 457 1372 428 457 1373 420 458 1374 436 458 1375 421 458 1376 429 459 1377 443 459 1378 444 459 1379 422 460 1380 436 460 1381 437 460 1382 415 461 1383 309 461 1384 430 461 1385 248 462 1386 429 462 1387 444 462 1388 422 463 1389 438 463 1390 423 463 1391 435 464 1392 449 464 1393 450 464 1394 442 465 1395 458 465 1396 443 465 1397 435 466 1398 451 466 1399 436 466 1400 443 467 1401 459 467 1402 444 467 1403 437 468 1404 451 468 1405 452 468 1406 430 469 1407 309 469 1408 445 469 1409 248 470 1410 444 470 1411 459 470 1412 437 471 1413 453 471 1414 438 471 1415 431 472 1416 445 472 1417 446 472 1418 439 473 1419 453 473 1420 454 473 1421 432 474 1422 446 474 1423 447 474 1424 439 475 1425 455 475 1426 440 475 1427 433 476 1428 447 476 1429 448 476 1430 441 477 1431 455 477 1432 456 477 1433 433 478 1434 449 478 1435 434 478 1436 441 479 1437 457 479 1438 442 479 1439 454 480 1440 468 480 1441 469 480 1442 446 481 1443 462 481 1444 447 481 1445 454 482 1446 470 482 1447 455 482 1448 447 483 1449 463 483 1450 448 483 1451 456 484 1452 470 484 1453 471 484 1454 448 485 1455 464 485 1456 449 485 1457 456 486 1458 472 486 1459 457 486 1460 450 487 1461 464 487 1462 465 487 1463 458 488 1464 472 488 1465 473 488 1466 450 489 1467 466 489 1468 451 489 1469 458 490 1470 474 490 1471 459 490 1472 452 491 1473 466 491 1474 467 491 1475 445 492 1476 309 492 1477 460 492 1478 248 493 1479 459 493 1480 474 493 1481 452 494 1482 468 494 1483 453 494 1484 445 495 1485 461 495 1486 446 495 1487 472 496 1488 480 496 1489 473 496 1490 466 497 1491 3 497 1492 477 497 1493 474 498 1494 480 498 1495 481 498 1496 467 499 1497 477 499 1498 4 499 1499 460 500 1500 309 500 1501 0 500 1502 248 501 1503 474 501 1504 481 501 1505 467 502 1506 5 502 1507 468 502 1508 461 503 1509 0 503 1510 475 503 1511 468 504 1512 478 504 1513 469 504 1514 462 505 1515 475 505 1516 1 505 1517 469 506 1518 479 506 1519 470 506 1520 463 507 1521 1 507 1522 2 507 1523 470 508 1524 6 508 1525 471 508 1526 464 509 1527 2 509 1528 476 509 1529 471 510 1530 7 510 1531 472 510 1532 465 511 1533 476 511 1534 3 511 1535 3 512 1536 476 512 1537 12 512 1538 7 513 1539 20 513 1540 21 513 1541 477 514 1542 3 514 1543 13 514 1544 480 515 1545 21 515 1546 22 515 1547 477 516 1548 14 516 1549 15 516 1550 4 517 1551 15 517 1552 16 517 1553 475 518 1554 0 518 1555 8 518 1556 478 519 1557 5 519 1558 16 519 1559 1 520 1560 475 520 1561 9 520 1562 478 521 1563 17 521 1564 18 521 1565 1 522 1566 10 522 1567 11 522 1568 479 523 1569 18 523 1570 19 523 1571 476 524 1572 2 524 1573 11 524 1574 7 525 1575 6 525 1576 19 525 1577 11 526 1578 26 526 1579 27 526 1580 20 527 1581 19 527 1582 34 527 1583 12 528 1584 27 528 1585 28 528 1586 21 529 1587 20 529 1588 35 529 1589 13 530 1590 28 530 1591 29 530 1592 22 531 1593 21 531 1594 36 531 1595 15 532 1596 14 532 1597 29 532 1598 15 533 1599 30 533 1600 31 533 1601 8 534 1602 23 534 1603 24 534 1604 17 535 1605 16 535 1606 31 535 1607 9 536 1608 24 536 1609 25 536 1610 18 537 1611 17 537 1612 32 537 1613 10 538 1614 25 538 1615 26 538 1616 19 539 1617 18 539 1618 33 539 1619 30 540 1620 45 540 1621 46 540 1622 23 541 1623 38 541 1624 39 541 1625 32 542 1626 31 542 1627 46 542 1628 24 543 1629 39 543 1630 40 543 1631 33 544 1632 32 544 1633 47 544 1634 26 545 1635 25 545 1636 40 545 1637 34 546 1638 33 546 1639 48 546 1640 26 547 1641 41 547 1642 42 547 1643 34 548 1644 49 548 1645 50 548 1646 27 549 1647 42 549 1648 43 549 1649 36 550 1650 35 550 1651 50 550 1652 28 551 1653 43 551 1654 44 551 1655 37 552 1656 36 552 1657 51 552 1658 30 553 1659 29 553 1660 44 553 1661 49 554 1662 64 554 1663 65 554 1664 42 555 1665 57 555 1666 58 555 1667 51 556 1668 50 556 1669 65 556 1670 43 557 1671 58 557 1672 59 557 1673 52 558 1674 51 558 1675 66 558 1676 45 559 1677 44 559 1678 59 559 1679 45 560 1680 60 560 1681 61 560 1682 38 561 1683 53 561 1684 54 561 1685 47 562 1686 46 562 1687 61 562 1688 39 563 1689 54 563 1690 55 563 1691 48 564 1692 47 564 1693 62 564 1694 41 565 1695 40 565 1696 55 565 1697 48 566 1698 63 566 1699 64 566 1700 41 567 1701 56 567 1702 57 567 1703 53 568 1704 68 568 1705 69 568 1706 62 569 1707 61 569 1708 76 569 1709 54 570 1710 69 570 1711 70 570 1712 62 571 1713 77 571 1714 78 571 1715 56 572 1716 55 572 1717 70 572 1718 63 573 1719 78 573 1720 79 573 1721 56 574 1722 71 574 1723 72 574 1724 64 575 1725 79 575 1726 80 575 1727 58 576 1728 57 576 1729 72 576 1730 66 577 1731 65 577 1732 80 577 1733 58 578 1734 73 578 1735 74 578 1736 67 579 1737 66 579 1738 81 579 1739 60 580 1740 59 580 1741 74 580 1742 60 581 1743 75 581 1744 76 581 1745 73 582 1746 72 582 1747 87 582 1748 81 583 1749 80 583 1750 95 583 1751 73 584 1752 88 584 1753 89 584 1754 82 585 1755 81 585 1756 96 585 1757 75 586 1758 74 586 1759 89 586 1760 75 587 1761 90 587 1762 91 587 1763 68 588 1764 83 588 1765 84 588 1766 77 589 1767 76 589 1768 91 589 1769 69 590 1770 84 590 1771 85 590 1772 77 591 1773 92 591 1774 93 591 1775 71 592 1776 70 592 1777 85 592 1778 78 593 1779 93 593 1780 94 593 1781 72 594 1782 71 594 1783 86 594 1784 79 595 1785 94 595 1786 95 595 1787 92 596 1788 91 596 1789 106 596 1790 84 597 1791 99 597 1792 100 597 1793 92 598 1794 107 598 1795 108 598 1796 85 599 1797 100 599 1798 101 599 1799 94 600 1800 93 600 1801 108 600 1802 86 601 1803 101 601 1804 102 601 1805 95 602 1806 94 602 1807 109 602 1808 88 603 1809 87 603 1810 102 603 1811 96 604 1812 95 604 1813 110 604 1814 88 605 1815 103 605 1816 104 605 1817 97 606 1818 96 606 1819 111 606 1820 90 607 1821 89 607 1822 104 607 1823 90 608 1824 105 608 1825 106 608 1826 83 609 1827 98 609 1828 99 609 1829 111 610 1830 110 610 1831 125 610 1832 103 611 1833 118 611 1834 119 611 1835 112 612 1836 111 612 1837 126 612 1838 105 613 1839 104 613 1840 119 613 1841 105 614 1842 120 614 1843 121 614 1844 98 615 1845 113 615 1846 114 615 1847 107 616 1848 106 616 1849 121 616 1850 99 617 1851 114 617 1852 115 617 1853 107 618 1854 122 618 1855 123 618 1856 100 619 1857 115 619 1858 116 619 1859 109 620 1860 108 620 1861 123 620 1862 101 621 1863 116 621 1864 117 621 1865 110 622 1866 109 622 1867 124 622 1868 103 623 1869 102 623 1870 117 623 1871 122 624 1872 137 624 1873 138 624 1874 115 625 1875 130 625 1876 131 625 1877 123 626 1878 138 626 1879 139 626 1880 116 627 1881 131 627 1882 132 627 1883 125 628 1884 124 628 1885 139 628 1886 118 629 1887 117 629 1888 132 629 1889 126 630 1890 125 630 1891 140 630 1892 118 631 1893 133 631 1894 134 631 1895 127 632 1896 126 632 1897 141 632 1898 120 633 1899 119 633 1900 134 633 1901 120 634 1902 135 634 1903 136 634 1904 113 635 1905 128 635 1906 129 635 1907 122 636 1908 121 636 1909 136 636 1910 114 637 1911 129 637 1912 130 637 1913 142 638 1914 141 638 1915 156 638 1916 135 639 1917 134 639 1918 149 639 1919 135 640 1920 150 640 1921 151 640 1922 128 641 1923 143 641 1924 144 641 1925 137 642 1926 136 642 1927 151 642 1928 129 643 1929 144 643 1930 145 643 1931 137 644 1932 152 644 1933 153 644 1934 130 645 1935 145 645 1936 146 645 1937 139 646 1938 138 646 1939 153 646 1940 131 647 1941 146 647 1942 147 647 1943 140 648 1944 139 648 1945 154 648 1946 133 649 1947 132 649 1948 147 649 1949 141 650 1950 140 650 1951 155 650 1952 133 651 1953 148 651 1954 149 651 1955 145 652 1956 160 652 1957 161 652 1958 154 653 1959 153 653 1960 168 653 1961 146 654 1962 161 654 1963 162 654 1964 155 655 1965 154 655 1966 169 655 1967 148 656 1968 147 656 1969 162 656 1970 156 657 1971 155 657 1972 170 657 1973 148 658 1974 163 658 1975 164 658 1976 157 659 1977 156 659 1978 171 659 1979 150 660 1980 149 660 1981 164 660 1982 150 661 1983 165 661 1984 166 661 1985 143 662 1986 158 662 1987 159 662 1988 152 663 1989 151 663 1990 166 663 1991 144 664 1992 159 664 1993 160 664 1994 152 665 1995 167 665 1996 168 665 1997 165 666 1998 164 666 1999 179 666 2000 165 667 2001 180 667 2002 181 667 2003 158 668 2004 173 668 2005 174 668 2006 167 669 2007 166 669 2008 181 669 2009 159 670 2010 174 670 2011 175 670 2012 167 671 2013 182 671 2014 183 671 2015 160 672 2016 175 672 2017 176 672 2018 169 673 2019 168 673 2020 183 673 2021 161 674 2022 176 674 2023 177 674 2024 169 675 2025 184 675 2026 185 675 2027 163 676 2028 162 676 2029 177 676 2030 171 677 2031 170 677 2032 185 677 2033 163 678 2034 178 678 2035 179 678 2036 172 679 2037 171 679 2038 186 679 2039 184 680 2040 183 680 2041 198 680 2042 176 681 2043 191 681 2044 192 681 2045 185 682 2046 184 682 2047 199 682 2048 178 683 2049 177 683 2050 192 683 2051 186 684 2052 185 684 2053 200 684 2054 178 685 2055 193 685 2056 194 685 2057 187 686 2058 186 686 2059 201 686 2060 180 687 2061 179 687 2062 194 687 2063 180 688 2064 195 688 2065 196 688 2066 173 689 2067 188 689 2068 189 689 2069 182 690 2070 181 690 2071 196 690 2072 174 691 2073 189 691 2074 190 691 2075 182 692 2076 197 692 2077 198 692 2078 175 693 2079 190 693 2080 191 693 2081 195 694 2082 210 694 2083 211 694 2084 188 695 2085 203 695 2086 204 695 2087 197 696 2088 196 696 2089 211 696 2090 189 697 2091 204 697 2092 205 697 2093 197 698 2094 212 698 2095 213 698 2096 190 699 2097 205 699 2098 206 699 2099 199 700 2100 198 700 2101 213 700 2102 191 701 2103 206 701 2104 207 701 2105 200 702 2106 199 702 2107 214 702 2108 193 703 2109 192 703 2110 207 703 2111 201 704 2112 200 704 2113 215 704 2114 193 705 2115 208 705 2116 209 705 2117 202 706 2118 201 706 2119 216 706 2120 195 707 2121 194 707 2122 209 707 2123 206 708 2124 221 708 2125 222 708 2126 215 709 2127 214 709 2128 229 709 2129 208 710 2130 207 710 2131 222 710 2132 216 711 2133 215 711 2134 230 711 2135 208 712 2136 223 712 2137 224 712 2138 216 713 2139 231 713 2140 232 713 2141 210 714 2142 209 714 2143 224 714 2144 210 715 2145 225 715 2146 226 715 2147 204 716 2148 203 716 2149 218 716 2150 212 717 2151 211 717 2152 226 717 2153 204 718 2154 219 718 2155 220 718 2156 212 719 2157 227 719 2158 228 719 2159 205 720 2160 220 720 2161 221 720 2162 213 721 2163 228 721 2164 229 721 2165 225 722 2166 240 722 2167 241 722 2168 218 723 2169 233 723 2170 234 723 2171 227 724 2172 226 724 2173 241 724 2174 219 725 2175 234 725 2176 235 725 2177 228 726 2178 227 726 2179 242 726 2180 220 727 2181 235 727 2182 236 727 2183 229 728 2184 228 728 2185 243 728 2186 221 729 2187 236 729 2188 237 729 2189 230 730 2190 229 730 2191 244 730 2192 222 731 2193 237 731 2194 238 731 2195 231 732 2196 230 732 2197 245 732 2198 223 733 2199 238 733 2200 239 733 2201 232 734 2202 231 734 2203 246 734 2204 225 735 2205 224 735 2206 239 735 2207 245 736 2208 244 736 2209 260 736 2210 238 737 2211 237 737 2212 253 737 2213 245 738 2214 261 738 2215 262 738 2216 238 739 2217 254 739 2218 255 739 2219 246 740 2220 262 740 2221 263 740 2222 240 741 2223 239 741 2224 255 741 2225 240 742 2226 256 742 2227 257 742 2228 234 743 2229 233 743 2230 249 743 2231 242 744 2232 241 744 2233 257 744 2234 234 745 2235 250 745 2236 251 745 2237 242 746 2238 258 746 2239 259 746 2240 235 747 2241 251 747 2242 252 747 2243 243 748 2244 259 748 2245 260 748 2246 236 749 2247 252 749 2248 253 749 2249 258 750 2250 257 750 2251 272 750 2252 250 751 2253 265 751 2254 266 751 2255 259 752 2256 258 752 2257 273 752 2258 251 753 2259 266 753 2260 267 753 2261 260 754 2262 259 754 2263 274 754 2264 252 755 2265 267 755 2266 268 755 2267 261 756 2268 260 756 2269 275 756 2270 253 757 2271 268 757 2272 269 757 2273 262 758 2274 261 758 2275 276 758 2276 254 759 2277 269 759 2278 270 759 2279 263 760 2280 262 760 2281 277 760 2282 256 761 2283 255 761 2284 270 761 2285 256 762 2286 271 762 2287 272 762 2288 249 763 2289 264 763 2290 265 763 2291 277 764 2292 276 764 2293 291 764 2294 269 765 2295 284 765 2296 285 765 2297 277 766 2298 292 766 2299 293 766 2300 271 767 2301 270 767 2302 285 767 2303 271 768 2304 286 768 2305 287 768 2306 265 769 2307 264 769 2308 279 769 2309 273 770 2310 272 770 2311 287 770 2312 265 771 2313 280 771 2314 281 771 2315 273 772 2316 288 772 2317 289 772 2318 266 773 2319 281 773 2320 282 773 2321 275 774 2322 274 774 2323 289 774 2324 267 775 2325 282 775 2326 283 775 2327 275 776 2328 290 776 2329 291 776 2330 269 777 2331 268 777 2332 283 777 2333 280 778 2334 295 778 2335 296 778 2336 288 779 2337 303 779 2338 304 779 2339 282 780 2340 281 780 2341 296 780 2342 290 781 2343 289 781 2344 304 781 2345 282 782 2346 297 782 2347 298 782 2348 290 783 2349 305 783 2350 306 783 2351 284 784 2352 283 784 2353 298 784 2354 292 785 2355 291 785 2356 306 785 2357 284 786 2358 299 786 2359 300 786 2360 293 787 2361 292 787 2362 307 787 2363 286 788 2364 285 788 2365 300 788 2366 286 789 2367 301 789 2368 302 789 2369 279 790 2370 294 790 2371 295 790 2372 288 791 2373 287 791 2374 302 791 2375 299 792 2376 315 792 2377 316 792 2378 308 793 2379 307 793 2380 323 793 2381 301 794 2382 300 794 2383 316 794 2384 301 795 2385 317 795 2386 318 795 2387 294 796 2388 310 796 2389 311 796 2390 303 797 2391 302 797 2392 318 797 2393 295 798 2394 311 798 2395 312 798 2396 303 799 2397 319 799 2398 320 799 2399 297 800 2400 296 800 2401 312 800 2402 305 801 2403 304 801 2404 320 801 2405 297 802 2406 313 802 2407 314 802 2408 305 803 2409 321 803 2410 322 803 2411 299 804 2412 298 804 2413 314 804 2414 307 805 2415 306 805 2416 322 805 2417 319 806 2418 334 806 2419 335 806 2420 313 807 2421 312 807 2422 327 807 2423 321 808 2424 320 808 2425 335 808 2426 313 809 2427 328 809 2428 329 809 2429 321 810 2430 336 810 2431 337 810 2432 315 811 2433 314 811 2434 329 811 2435 323 812 2436 322 812 2437 337 812 2438 315 813 2439 330 813 2440 331 813 2441 324 814 2442 323 814 2443 338 814 2444 317 815 2445 316 815 2446 331 815 2447 317 816 2448 332 816 2449 333 816 2450 310 817 2451 325 817 2452 326 817 2453 319 818 2454 318 818 2455 333 818 2456 311 819 2457 326 819 2458 327 819 2459 338 820 2460 353 820 2461 354 820 2462 332 821 2463 331 821 2464 346 821 2465 332 822 2466 347 822 2467 348 822 2468 325 823 2469 340 823 2470 341 823 2471 334 824 2472 333 824 2473 348 824 2474 326 825 2475 341 825 2476 342 825 2477 334 826 2478 349 826 2479 350 826 2480 328 827 2481 327 827 2482 342 827 2483 336 828 2484 335 828 2485 350 828 2486 328 829 2487 343 829 2488 344 829 2489 336 830 2490 351 830 2491 352 830 2492 330 831 2493 329 831 2494 344 831 2495 338 832 2496 337 832 2497 352 832 2498 330 833 2499 345 833 2500 346 833 2501 342 834 2502 357 834 2503 358 834 2504 351 835 2505 350 835 2506 365 835 2507 343 836 2508 358 836 2509 359 836 2510 351 837 2511 366 837 2512 367 837 2513 344 838 2514 359 838 2515 360 838 2516 353 839 2517 352 839 2518 367 839 2519 345 840 2520 360 840 2521 361 840 2522 354 841 2523 353 841 2524 368 841 2525 347 842 2526 346 842 2527 361 842 2528 347 843 2529 362 843 2530 363 843 2531 340 844 2532 355 844 2533 356 844 2534 349 845 2535 348 845 2536 363 845 2537 341 846 2538 356 846 2539 357 846 2540 350 847 2541 349 847 2542 364 847 2543 362 848 2544 361 848 2545 376 848 2546 362 849 2547 377 849 2548 378 849 2549 356 850 2550 355 850 2551 370 850 2552 364 851 2553 363 851 2554 378 851 2555 357 852 2556 356 852 2557 371 852 2558 364 853 2559 379 853 2560 380 853 2561 358 854 2562 357 854 2563 372 854 2564 366 855 2565 365 855 2566 380 855 2567 358 856 2568 373 856 2569 374 856 2570 366 857 2571 381 857 2572 382 857 2573 360 858 2574 359 858 2575 374 858 2576 367 859 2577 382 859 2578 383 859 2579 360 860 2580 375 860 2581 376 860 2582 368 861 2583 383 861 2584 384 861 2585 381 862 2586 380 862 2587 395 862 2588 373 863 2589 388 863 2590 389 863 2591 381 864 2592 396 864 2593 397 864 2594 374 865 2595 389 865 2596 390 865 2597 383 866 2598 382 866 2599 397 866 2600 375 867 2601 390 867 2602 391 867 2603 383 868 2604 398 868 2605 399 868 2606 377 869 2607 376 869 2608 391 869 2609 377 870 2610 392 870 2611 393 870 2612 370 871 2613 385 871 2614 386 871 2615 379 872 2616 378 872 2617 393 872 2618 371 873 2619 386 873 2620 387 873 2621 380 874 2622 379 874 2623 394 874 2624 373 875 2625 372 875 2626 387 875 2627 392 876 2628 407 876 2629 408 876 2630 385 877 2631 400 877 2632 401 877 2633 394 878 2634 393 878 2635 408 878 2636 386 879 2637 401 879 2638 402 879 2639 394 880 2640 409 880 2641 410 880 2642 388 881 2643 387 881 2644 402 881 2645 396 882 2646 395 882 2647 410 882 2648 388 883 2649 403 883 2650 404 883 2651 396 884 2652 411 884 2653 412 884 2654 390 885 2655 389 885 2656 404 885 2657 398 886 2658 397 886 2659 412 886 2660 390 887 2661 405 887 2662 406 887 2663 398 888 2664 413 888 2665 414 888 2666 392 889 2667 391 889 2668 406 889 2669 411 890 2670 426 890 2671 427 890 2672 405 891 2673 404 891 2674 419 891 2675 413 892 2676 412 892 2677 427 892 2678 405 893 2679 420 893 2680 421 893 2681 414 894 2682 413 894 2683 428 894 2684 407 895 2685 406 895 2686 421 895 2687 407 896 2688 422 896 2689 423 896 2690 400 897 2691 415 897 2692 416 897 2693 409 898 2694 408 898 2695 423 898 2696 401 899 2697 416 899 2698 417 899 2699 409 900 2700 424 900 2701 425 900 2702 403 901 2703 402 901 2704 417 901 2705 411 902 2706 410 902 2707 425 902 2708 403 903 2709 418 903 2710 419 903 2711 415 904 2712 430 904 2713 431 904 2714 424 905 2715 423 905 2716 438 905 2717 417 906 2718 416 906 2719 431 906 2720 424 907 2721 439 907 2722 440 907 2723 418 908 2724 417 908 2725 432 908 2726 426 909 2727 425 909 2728 440 909 2729 418 910 2730 433 910 2731 434 910 2732 426 911 2733 441 911 2734 442 911 2735 420 912 2736 419 912 2737 434 912 2738 427 913 2739 442 913 2740 443 913 2741 420 914 2742 435 914 2743 436 914 2744 429 915 2745 428 915 2746 443 915 2747 422 916 2748 421 916 2749 436 916 2750 422 917 2751 437 917 2752 438 917 2753 435 918 2754 434 918 2755 449 918 2756 442 919 2757 457 919 2758 458 919 2759 435 920 2760 450 920 2761 451 920 2762 443 921 2763 458 921 2764 459 921 2765 437 922 2766 436 922 2767 451 922 2768 437 923 2769 452 923 2770 453 923 2771 431 924 2772 430 924 2773 445 924 2774 439 925 2775 438 925 2776 453 925 2777 432 926 2778 431 926 2779 446 926 2780 439 927 2781 454 927 2782 455 927 2783 433 928 2784 432 928 2785 447 928 2786 441 929 2787 440 929 2788 455 929 2789 433 930 2790 448 930 2791 449 930 2792 441 931 2793 456 931 2794 457 931 2795 454 932 2796 453 932 2797 468 932 2798 446 933 2799 461 933 2800 462 933 2801 454 934 2802 469 934 2803 470 934 2804 447 935 2805 462 935 2806 463 935 2807 456 936 2808 455 936 2809 470 936 2810 448 937 2811 463 937 2812 464 937 2813 456 938 2814 471 938 2815 472 938 2816 450 939 2817 449 939 2818 464 939 2819 458 940 2820 457 940 2821 472 940 2822 450 941 2823 465 941 2824 466 941 2825 458 942 2826 473 942 2827 474 942 2828 452 943 2829 451 943 2830 466 943 2831 452 944 2832 467 944 2833 468 944 2834 445 945 2835 460 945 2836 461 945 2837 472 946 2838 7 946 2839 480 946 2840 466 947 2841 465 947 2842 3 947 2843 474 948 2844 473 948 2845 480 948 2846 467 949 2847 466 949 2848 477 949 2849 467 950 2850 4 950 2851 5 950 2852 461 951 2853 460 951 2854 0 951 2855 468 952 2856 5 952 2857 478 952 2858 462 953 2859 461 953 2860 475 953 2861 469 954 2862 478 954 2863 479 954 2864 463 955 2865 462 955 2866 1 955 2867 470 956 2868 479 956 2869 6 956 2870 464 957 2871 463 957 2872 2 957 2873 471 958 2874 6 958 2875 7 958 2876 465 959 2877 464 959 2878 476 959 2879</p>
        </triangles>
      </mesh>
    </geometry>
    <geometry id="Cylinder-mesh" name="Cylinder">
      <mesh>
        <source id="Cylinder-mesh-positions">
          <float_array id="Cylinder-mesh-positions-array" count="60">0 0.03999996 -0.975 0 0.03999996 0.975 0.0235114 0.03236067 -0.975 0.0235114 0.03236067 0.975 0.03804224 0.01236063 -0.975 0.03804224 0.01236063 0.975 0.03804224 -0.01236063 -0.975 0.03804224 -0.01236063 0.975 0.0235114 -0.03236067 -0.975 0.0235114 -0.03236067 0.975 0 -0.03999996 -0.975 0 -0.03999996 0.975 -0.0235114 -0.03236067 -0.975 -0.0235114 -0.03236067 0.975 -0.03804224 -0.01236063 -0.975 -0.03804224 -0.01236063 0.975 -0.03804224 0.01236063 -0.975 -0.03804224 0.01236063 0.975 -0.0235114 0.03236067 -0.975 -0.0235114 0.03236067 0.975</float_array>
          <technique_common>
            <accessor source="#Cylinder-mesh-positions-array" count="20" stride="3">
              <param name="X" type="float"/>
              <param name="Y" type="float"/>
              <param name="Z" type="float"/>
            </accessor>
          </technique_common>
        </source>
        <source id="Cylinder-mesh-normals">
          <float_array id="Cylinder-mesh-normals-array" count="108">0.309017 0.9510565 0 0.809017 0.5877853 0 1 0 0 0.809017 -0.5877853 0 0.309017 -0.9510565 0 -0.309017 -0.9510565 0 -0.809017 -0.5877853 0 -1 0 0 0 0 1 -0.809017 0.5877853 0 -0.309017 0.9510565 0 0 0 -1 0.309017 0.9510565 0 0.809017 0.5877853 0 1 0 0 0.809017 -0.5877853 0 0.309017 -0.9510565 0 -0.309017 -0.9510565 0 -0.809017 -0.5877853 0 -1 0 0 0 0 1 0 0 1 0 0 1 0 0 1 0 0 1 0 0 1 0 0 1 -0.809017 0.5877853 0 -0.309017 0.9510565 0 0 0 -1 0 0 -1 0 0 -1 0 0 -1 0 0 -1 0 0 -1 0 0 -1</float_array>
          <technique_common>
            <accessor source="#Cylinder-mesh-normals-array" count="36" stride="3">
              <param name="X" type="float"/>
              <param name="Y" type="float"/>
              <param name="Z" type="float"/>
            </accessor>
          </technique_common>
        </source>
        <source id="Cylinder-mesh-map-0">
          <float_array id="Cylinder-mesh-map-0-array" count="216">1 1 0.9 0.5 1 0.5 0.9 1 0.8 0.5 0.9 0.5 0.8 1 0.6999999 0.5 0.8 0.5 0.6999999 1 0.5999999 0.5 0.6999999 0.5 0.5999999 1 0.4999999 0.5 0.5999999 0.5 0.4999999 1 0.3999999 0.5 0.4999999 0.5 0.3999999 1 0.2999999 0.5 0.3999999 0.5 0.2999999 1 0.1999999 0.5 0.2999999 0.5 0.02174639 0.3241641 0.3910685 0.0558359 0.4782536 0.3241641 0.1999999 1 0.0999999 0.5 0.1999999 0.5 0.0999999 1 0 0.5 0.0999999 0.5 0.9782536 0.1758359 0.5217464 0.1758359 0.6089316 0.4441641 1 1 0.9 1 0.9 0.5 0.9 1 0.8 1 0.8 0.5 0.8 1 0.6999999 1 0.6999999 0.5 0.6999999 1 0.5999999 1 0.5999999 0.5 0.5999999 1 0.4999999 1 0.4999999 0.5 0.4999999 1 0.3999999 1 0.3999999 0.5 0.3999999 1 0.2999999 1 0.2999999 0.5 0.2999999 1 0.1999999 1 0.1999999 0.5 0.4782536 0.3241641 0.3910685 0.4441641 0.25 0.49 0.25 0.49 0.1089315 0.4441641 0.02174639 0.3241641 0.02174639 0.3241641 0.02174639 0.1758359 0.1089315 0.0558359 0.1089315 0.0558359 0.25 0.00999999 0.02174639 0.3241641 0.25 0.00999999 0.3910685 0.0558359 0.02174639 0.3241641 0.3910685 0.0558359 0.4782536 0.1758359 0.4782536 0.3241641 0.4782536 0.3241641 0.25 0.49 0.02174639 0.3241641 0.1999999 1 0.0999999 1 0.0999999 0.5 0.0999999 1 0 1 0 0.5 0.6089316 0.4441641 0.75 0.49 0.9782536 0.1758359 0.75 0.49 0.8910685 0.4441641 0.9782536 0.1758359 0.8910685 0.4441641 0.9782536 0.3241641 0.9782536 0.1758359 0.9782536 0.1758359 0.8910685 0.0558359 0.75 0.00999999 0.75 0.00999999 0.6089316 0.0558359 0.5217464 0.1758359 0.5217464 0.1758359 0.5217464 0.3241641 0.6089316 0.4441641 0.9782536 0.1758359 0.75 0.00999999 0.5217464 0.1758359</float_array>
          <technique_common>
            <accessor source="#Cylinder-mesh-map-0-array" count="108" stride="2">
              <param name="S" type="float"/>
              <param name="T" type="float"/>
            </accessor>
          </technique_common>
        </source>
        <vertices id="Cylinder-mesh-vertices">
          <input semantic="POSITION" source="#Cylinder-mesh-positions"/>
        </vertices>
        <triangles material="CL_post-material" count="36">
          <input semantic="VERTEX" source="#Cylinder-mesh-vertices" offset="0"/>
          <input semantic="NORMAL" source="#Cylinder-mesh-normals" offset="1"/>
          <input semantic="TEXCOORD" source="#Cylinder-mesh-map-0" offset="2" set="0"/>
          <p>1 0 0 2 0 1 0 0 2 3 1 3 4 1 4 2 1 5 5 2 6 6 2 7 4 2 8 7 3 9 8 3 10 6 3 11 9 4 12 10 4 13 8 4 14 11 5 15 12 5 16 10 5 17 13 6 18 14 6 19 12 6 20 15 7 21 16 7 22 14 7 23 17 8 24 9 8 25 5 8 26 17 9 27 18 9 28 16 9 29 19 10 30 0 10 31 18 10 32 6 11 33 14 11 34 18 11 35 1 12 36 3 12 37 2 12 38 3 13 39 5 13 40 4 13 41 5 14 42 7 14 43 6 14 44 7 15 45 9 15 46 8 15 47 9 16 48 11 16 49 10 16 50 11 17 51 13 17 52 12 17 53 13 18 54 15 18 55 14 18 56 15 19 57 17 19 58 16 19 59 5 20 60 3 20 61 1 20 62 1 21 63 19 21 64 17 21 65 17 22 66 15 22 67 13 22 68 13 23 69 11 23 70 17 23 71 11 24 72 9 24 73 17 24 74 9 25 75 7 25 76 5 25 77 5 26 78 1 26 79 17 26 80 17 27 81 19 27 82 18 27 83 19 28 84 1 28 85 0 28 86 18 29 87 0 29 88 6 29 89 0 30 90 2 30 91 6 30 92 2 31 93 4 31 94 6 31 95 6 32 96 8 32 97 10 32 98 10 33 99 12 33 100 14 33 101 14 34 102 16 34 103 18 34 104 6 35 105 10 35 106 14 35 107</p>
        </triangles>
      </mesh>
    </geometry>
  </library_geometries>
  <library_visual_scenes>
    <visual_scene id="Scene" name="Scene">
      <node id="cl_root" name="cl_root" type="NODE">
        <matrix sid="transform">1 0 0 0 0 1 0 0 0 0 1 0 0 0 0 1</matrix>
        <node id="post_0" name="post_0" type="NODE">
          <matrix sid="transform">1 0 0 0.04 0 1 0 0 0 0 1 0.975 0 0 0 1</matrix>
          <instance_geometry url="#Cylinder-mesh" name="post_0">
            <bind_material>
              <technique_common>
                <instance_material symbol="CL_post-material" target="#CL_post-material">
                  <bind_vertex_input semantic="UVMap" input_semantic="TEXCOORD" input_set="0"/>
                </instance_material>
              </technique_common>
            </bind_material>
          </instance_geometry>
        </node>
        <node id="cap_0" name="cap_0" type="NODE">
          <matrix sid="transform">1 0 0 0.04 0 1 0 0 0 0 1 1.92 0 0 0 1</matrix>
          <instance_geometry url="#Sphere-mesh" name="cap_0">
            <bind_material>
              <technique_common>
                <instance_material symbol="CL_post-material" target="#CL_post-material">
                  <bind_vertex_input semantic="UVMap" input_semantic="TEXCOORD" input_set="0"/>
                </instance_material>
              </technique_common>
            </bind_material>
          </instance_geometry>
        </node>
        <node id="post_1" name="post_1" type="NODE">
          <matrix sid="transform">1 0 0 2.96 0 1 0 0 0 0 1 0.975 0 0 0 1</matrix>
          <instance_geometry url="#Cylinder_001-mesh" name="post_1">
            <bind_material>
              <technique_common>
                <instance_material symbol="CL_post-material" target="#CL_post-material">
                  <bind_vertex_input semantic="UVMap" input_semantic="TEXCOORD" input_set="0"/>
                </instance_material>
              </technique_common>
            </bind_material>
          </instance_geometry>
        </node>
        <node id="cap_1" name="cap_1" type="NODE">
          <matrix sid="transform">1 0 0 2.96 0 1 0 0 0 0 1 1.92 0 0 0 1</matrix>
          <instance_geometry url="#Sphere_001-mesh" name="cap_1">
            <bind_material>
              <technique_common>
                <instance_material symbol="CL_post-material" target="#CL_post-material">
                  <bind_vertex_input semantic="UVMap" input_semantic="TEXCOORD" input_set="0"/>
                </instance_material>
              </technique_common>
            </bind_material>
          </instance_geometry>
        </node>
        <node id="top_rail" name="top_rail" type="NODE">
          <matrix sid="transform">1 0 0 1.5 0 1 0 0 0 0 1 1.8 0 0 0 1</matrix>
          <instance_geometry url="#Cylinder_002-mesh" name="top_rail">
            <bind_material>
              <technique_common>
                <instance_material symbol="CL_post-material" target="#CL_post-material">
                  <bind_vertex_input semantic="UVMap" input_semantic="TEXCOORD" input_set="0"/>
                </instance_material>
              </technique_common>
            </bind_material>
          </instance_geometry>
        </node>
        <node id="mesh" name="mesh" type="NODE">
          <matrix sid="transform">1 0 0 1.5 0 1 0 0 0 0 1 0.9 0 0 0 1</matrix>
          <instance_geometry url="#Cube-mesh" name="mesh">
            <bind_material>
              <technique_common>
                <instance_material symbol="CL_mesh-material" target="#CL_mesh-material">
                  <bind_vertex_input semantic="UVMap" input_semantic="TEXCOORD" input_set="0"/>
                </instance_material>
              </technique_common>
            </bind_material>
          </instance_geometry>
        </node>
      </node>
    </visual_scene>
  </library_visual_scenes>
  <scene>
    <instance_visual_scene url="#Scene"/>
  </scene>
</COLLADA>