<?xml version="1.0" encoding="utf-8"?>
<COLLADA xmlns="http://www.collada.org/2005/11/COLLADASchema" version="1.4.1" xmlns:xsi="http://www.w3.org/2001/XMLSchema-instance">
  <asset>
    <contributor>
      <author>Blender User</author>
      <authoring_tool>Blender 4.2.9 LTS commit date:2025-04-14, commit time:12:24, hash:a10f621e649a</authoring_tool>
    </contributor>
    <created>2026-08-01T07:39:46</created>
    <modified>2026-08-01T07:39:46</modified>
    <unit name="meter" meter="1"/>
    <up_axis>Z_UP</up_axis>
  </asset>
  <library_effects>
    <effect id="CL_mesh-effect">
      <profile_COMMON>
        <newparam sid="chainlink_green_png-surface">
          <surface type="2D">
            <init_from>chainlink_green_png</init_from>
          </surface>
        </newparam>
        <newparam sid="chainlink_green_png-sampler">
          <sampler2D>
            <source>chainlink_green_png-surface</source>
          </sampler2D>
        </newparam>
        <technique sid="common">
          <lambert>
            <emission>
              <color sid="emission">0 0 0 1</color>
            </emission>
            <diffuse>
              <texture texture="chainlink_green_png-sampler" texcoord="UVMap"/>
            </diffuse>
            <reflectivity>
              <float sid="specular">0.6</float>
            </reflectivity>
            <index_of_refraction>
              <float sid="ior">1.5</float>
            </index_of_refraction>
          </lambert>
        </technique>
      </profile_COMMON>
    </effect>
    <effect id="CL_post-effect">
      <profile_COMMON>
        <newparam sid="fence_post_png-surface">
          <surface type="2D">
            <init_from>fence_post_png</init_from>
          </surface>
        </newparam>
        <newparam sid="fence_post_png-sampler">
          <sampler2D>
            <source>fence_post_png-surface</source>
          </sampler2D>
        </newparam>
        <technique sid="common">
          <lambert>
            <emission>
              <color sid="emission">0 0 0 1</color>
            </emission>
            <diffuse>
              <texture texture="fence_post_png-sampler" texcoord="UVMap"/>
            </diffuse>
            <reflectivity>
              <float sid="specular">0.7</float>
            </reflectivity>
            <index_of_refraction>
              <float sid="ior">1.5</float>
            </index_of_refraction>
          </lambert>
        </technique>
      </profile_COMMON>
    </effect>
  </library_effects>
  <library_images>
    <image id="chainlink_green_png" name="chainlink_green_png">
      <init_from>chainlink_green.png</init_from>
    </image>
    <image id="fence_post_png" name="fence_post_png">
      <init_from>fence_post.png</init_from>
    </image>
  </library_images>
  <library_materials>
    <material id="CL_mesh-material" name="CL_mesh">
      <instance_effect url="#CL_mesh-effect"/>
    </material>
    <material id="CL_post-material" name="CL_post">
      <instance_effect url="#CL_post-effect"/>
    </material>
  </library_materials>
  <library_geometries>
    <geometry id="Cube-mesh" name="Cube">
      <mesh>
        <source id="Cube-mesh-positions">
          <float_array id="Cube-mesh-positions-array" count="24">-1.42 -0.00999999 -0.828 -1.42 -0.00999999 0.828 -1.42 0.00999999 -0.828 -1.42 0.00999999 0.828 1.42 -0.00999999 -0.828 1.42 -0.00999999 0.828 1.42 0.00999999 -0.828 1.42 0.00999999 0.828</float_array>
          <technique_common>
            <accessor source="#Cube-mesh-positions-array" count="8" stride="3">
              <param name="X" type="float"/>
              <param name="Y" type="float"/>
              <param name="Z" type="float"/>
            </accessor>
          </technique_common>
        </source>
        <source id="Cube-mesh-normals">
          <float_array id="Cube-mesh-normals-array" count="36">-1 0 0 0 1 0 1 0 0 0 -1 0 0 0 -1 0 0 1 -1 0 0 0 1 0 1 0 0 0 -1 0 0 0 -1 0 0 1</float_array>
          <technique_common>
            <accessor source="#Cube-mesh-normals-array" count="12" stride="3">
              <param name="X" type="float"/>
              <param name="Y" type="float"/>
              <param name="Z" type="float"/>
            </accessor>
          </technique_common>
        </source>
        <source id="Cube-mesh-map-0">
          <float_array id="Cube-mesh-map-0-array" count="72">0.9912659 0.002979576 0.9970204 0.4794496 0.9912659 0.4794496 0.002979636 0.8201142 0.4794498 0.002979636 0.4794497 0.8201143 0.9912659 0.4854089 0.9970204 0.961879 0.9912659 0.961879 0.485409 0.8201142 0.9618791 0.002979636 0.961879 0.8201143 0.9735928 0.8201142 0.9678384 0.002979576 0.9735929 0.002979576 0.9853066 0.8201142 0.9795522 0.002979576 0.9853066 0.002979576 0.9912659 0.002979576 0.9970204 0.002979576 0.9970204 0.4794496 0.002979636 0.8201142 0.002979695 0.002979576 0.4794498 0.002979636 0.9912659 0.4854089 0.9970204 0.4854089 0.9970204 0.961879 0.485409 0.8201142 0.485409 0.002979576 0.9618791 0.002979636 0.9735928 0.8201142 0.9678384 0.8201142 0.9678384 0.002979576 0.9853066 0.8201142 0.9795521 0.8201142 0.9795522 0.002979576</float_array>
          <technique_common>
            <accessor source="#Cube-mesh-map-0-array" count="36" stride="2">
              <param name="S" type="float"/>
              <param name="T" type="float"/>
            </accessor>
          </technique_common>
        </source>
        <vertices id="Cube-mesh-vertices">
          <input semantic="POSITION" source="#Cube-mesh-positions"/>
        </vertices>
        <triangles material="CL_mesh-material" count="12">
          <input semantic="VERTEX" source="#Cube-mesh-vertices" offset="0"/>
          <input semantic="NORMAL" source="#Cube-mesh-normals" offset="1"/>
          <input semantic="TEXCOORD" source="#Cube-mesh-map-0" offset="2" set="0"/>
          <p>1 0 0 2 0 1 0 0 2 3 1 3 6 1 4 2 1 5 7 2 6 4 2 7 6 2 8 5 3 9 0 3 10 4 3 11 6 4 12 0 4 13 2 4 14 3 5 15 5 5 16 7 5 17 1 6 18 3 6 19 2 6 20 3 7 21 7 7 22 6 7 23 7 8 24 5 8 25 4 8 26 5 9 27 1 9 28 0 9 29 6 10 30 4 10 31 0 10 32 3 11 33 1 11 34 5 11 35</p>
        </triangles>
      </mesh>
    </geometry>
    <geometry id="Cylinder_002-mesh" name="Cylinder.002">
      <mesh>
        <source id="Cylinder_002-mesh-positions">
          <float_array id="Cylinder_002-mesh-positions-array" count="48">-1.46 0.02499997 0 1.46 0.02499997 0 -1.46 0.01767766 -0.0176776 1.46 0.01767766 -0.01767772 -1.46 0 -0.02499991 1.46 0 -0.02500003 -1.46 -0.01767766 -0.0176776 1.46 -0.01767766 -0.01767772 -1.46 -0.02499997 0 1.46 -0.02499997 0 -1.46 -0.01767766 0.01767772 1.46 -0.01767766 0.0176776 -1.46 0 0.02500003 1.46 0 0.02499991 -1.46 0.01767766 0.01767772 1.46 0.01767766 0.0176776</float_array>
          <technique_common>
            <accessor source="#Cylinder_002-mesh-positions-array" count="16" stride="3">
              <param name="X" type="float"/>
              <param name="Y" type="float"/>
              <param name="Z" type="float"/>
            </accessor>
          </technique_common>
        </source>
        <source id="Cylinder_002-mesh-normals">
          <float_array id="Cylinder_002-mesh-normals-array" count="84">0 0.9238796 -0.3826834 0 0.3826834 -0.9238796 0 -0.3826834 -0.9238796 0 -0.9238796 -0.3826834 0 -0.9238796 0.3826834 0 -0.3826834 0.9238796 1 0 0 0 0.3826834 0.9238796 0 0.9238796 0.3826834 -1 0 0 0 0.9238796 -0.3826834 0 0.3826834 -0.9238796 0 -0.3826834 -0.9238796 0 -0.9238796 -0.3826834 0 -0.9238796 0.3826834 0 -0.3826834 0.9238796 1 0 0 1 0 0 1 0 0 1 0 0 1 0 0 0 0.3826834 0.9238796 0 0.9238796 0.3826834 -1 0 0 -1 0 0 -1 0 0 -1 0 0 -1 0 0</float_array>
          <technique_common>
            <accessor source="#Cylinder_002-mesh-normals-array" count="28" stride="3">
              <param name="X" type="float"/>
              <param name="Y" type="float"/>
              <param name="Z" type="float"/>
            </accessor>
          </technique_common>
        </source>
        <source id="Cylinder_002-mesh-map-0">
          <float_array id="Cylinder_002-mesh-map-0-array" count="168">1 1 0.875 0.5 1 0.5 0.875 1 0.75 0.5 0.875 0.5 0.75 1 0.625 0.5 0.75 0.5 0.625 1 0.5 0.5 0.625 0.5 0.5 1 0.375 0.5 0.5 0.5 0.375 1 0.25 0.5 0.375 0.5 0.00999999 0.25 0.25 0.00999999 0.49 0.25 0.25 1 0.125 0.5 0.25 0.5 0.125 1 0 0.5 0.125 0.5 0.9197056 0.08029437 0.5802944 0.08029437 0.5802944 0.4197056 1 1 0.875 1 0.875 0.5 0.875 1 0.75 1 0.75 0.5 0.75 1 0.625 1 0.625 0.5 0.625 1 0.5 1 0.5 0.5 0.5 1 0.375 1 0.375 0.5 0.375 1 0.25 1 0.25 0.5 0.49 0.25 0.4197056 0.4197056 0.25 0.49 0.25 0.49 0.08029437 0.4197056 0.00999999 0.25 0.00999999 0.25 0.08029437 0.08029437 0.25 0.00999999 0.25 0.00999999 0.4197056 0.08029437 0.49 0.25 0.49 0.25 0.25 0.49 0.00999999 0.25 0.25 1 0.125 1 0.125 0.5 0.125 1 0 1 0 0.5 0.5802944 0.4197056 0.75 0.49 0.9197056 0.4197056 0.9197056 0.4197056 0.99 0.25 0.9197056 0.08029437 0.9197056 0.08029437 0.75 0.00999999 0.5802944 0.08029437 0.5802944 0.08029437 0.51 0.25 0.5802944 0.4197056 0.5802944 0.4197056 0.9197056 0.4197056 0.9197056 0.08029437</float_array>
          <technique_common>
            <accessor source="#Cylinder_002-mesh-map-0-array" count="84" stride="2">
              <param name="S" type="float"/>
              <param name="T" type="float"/>
            </accessor>
          </technique_common>
        </source>
        <vertices id="Cylinder_002-mesh-vertices">
          <input semantic="POSITION" source="#Cylinder_002-mesh-positions"/>
        </vertices>
        <triangles material="CL_post-material" count="28">
          <input semantic="VERTEX" source="#Cylinder_002-mesh-vertices" offset="0"/>
          <input semantic="NORMAL" source="#Cylinder_002-mesh-normals" offset="1"/>
          <input semantic="TEXCOORD" source="#Cylinder_002-mesh-map-0" offset="2" set="0"/>
          <p>1 0 0 2 0 1 0 0 2 3 1 3 4 1 4 2 1 5 5 2 6 6 2 7 4 2 8 7 3 9 8 3 10 6 3 11 9 4 12 10 4 13 8 4 14 11 5 15 12 5 16 10 5 17 13 6 18 9 6 19 5 6 20 13 7 21 14 7 22 12 7 23 15 8 24 0 8 25 14 8 26 6 9 27 10 9 28 14 9 29 1 10 30 3 10 31 2 10 32 3 11 33 5 11 34 4 11 35 5 12 36 7 12 37 6 12 38 7 13 39 9 13 40 8 13 41 9 14 42 11 14 43 10 14 44 11 15 45 13 15 46 12 15 47 5 16 48 3 16 49 1 16 50 1 17 51 15 17 52 13 17 53 13 18 54 11 18 55 9 18 56 9 19 57 7 19 58 5 19 59 5 20 60 1 20 61 13 20 62 13 21 63 15 21 64 14 21 65 15 22 66 1 22 67 0 22 68 14 23 69 0 23 70 2 23 71 2 24 72 4 24 73 6 24 74 6 25 75 8 25 76 10 25 77 10 26 78 12 26 79 14 26 80 14 27 81 2 27 82 6 27 83</p>
        </triangles>
      </mesh>
    </geometry>
    <geometry id="Sphere_001-mesh" name="Sphere.001">
      <mesh>
        <source id="Sphere_001-mesh-positions">
          <float_array id="Sphere_001-mesh-positions-array" count="1446">0 0.009364306 0.04707765 0 0.02666735 0.03991049 0 0.03394109 0.03394109 0 0.04434621 0.01836878 0 0.04799997 0 0 0.04707765 -0.009364306 0 0.03394109 -0.03394109 0 0.02666735 -0.03991049 0.001826882 0.00918436 0.04707765 0.00358355 0.0180158 0.04434621 0.005202531 0.02615493 0.03991049 0.006621539 0.03328895 0.03394109 0.007786154 0.03914362 0.02666735 0.008651494 0.0434941 0.01836878 0.00918436 0.04617309 0.009364306 0.009364306 0.04707765 0 0.00918436 0.04617309 -0.009364306 0.008651494 0.0434941 -0.01836878 0.007786154 0.03914362 -0.02666735 0.006621539 0.03328895 -0.03394109 0.005202531 0.02615493 -0.03991049 0.00358355 0.0180158 -0.04434621 0.001826882 0.00918436 -0.04707765 0.00358355 0.008651494 0.04707765 0.007029414 0.01697051 0.04434621 0.01020514 0.0246374 0.03991049 0.01298868 0.03135746 0.03394109 0.01527309 0.0368725 0.02666735 0.01697051 0.04097056 0.01836878 0.0180158 0.0434941 0.009364306 0.01836878 0.04434621 0 0.0180158 0.0434941 -0.009364306 0.01697051 0.04097056 -0.01836878 0.01527309 0.0368725 -0.02666735 0.01298868 0.03135746 -0.03394109 0.01020514 0.0246374 -0.03991049 0.007029414 0.01697051 -0.04434621 0.00358355 0.008651494 -0.04707765 0.005202531 0.007786154 0.04707765 0.01020514 0.01527309 0.04434621 0.01481556 0.0221731 0.03991049 0.01885664 0.02822101 0.03394109 0.0221731 0.03318434 0.02666735 0.0246374 0.0368725 0.01836878 0.02615493 0.03914362 0.009364306 0.02666735 0.03991049 0 0.02615493 0.03914362 -0.009364306 0.0246374 0.0368725 -0.01836878 0.0221731 0.03318434 -0.02666735 0.01885664 0.02822101 -0.03394109 0.01481556 0.0221731 -0.03991049 0.01020514 0.01527309 -0.04434621 0.005202531 0.007786154 -0.04707765 0.006621539 0.006621539 0.04707765 0.01298868 0.01298868 0.04434621 0.01885664 0.01885664 0.03991049 0.02399998 0.02399998 0.03394109 0.02822101 0.02822101 0.02666735 0.03135746 0.03135746 0.01836878 0.03328895 0.03328895 0.009364306 0.03394109 0.03394109 0 0.03328895 0.03328895 -0.009364306 0.03135746 0.03135746 -0.01836878 0.02822101 0.02822101 -0.02666735 0.02399998 0.02399998 -0.03394109 0.01885664 0.01885664 -0.03991049 0.01298868 0.01298868 -0.04434621 0.006621539 0.006621539 -0.04707765 0.007786154 0.005202531 0.04707765 0.01527309 0.01020514 0.04434621 0.0221731 0.01481556 0.03991049 0.02822101 0.01885664 0.03394109 0.03318434 0.0221731 0.02666735 0.0368725 0.0246374 0.01836878 0.03914362 0.02615493 0.009364306 0.03991049 0.02666735 0 0.03914362 0.02615493 -0.009364306 0.0368725 0.0246374 -0.01836878 0.03318434 0.0221731 -0.02666735 0.02822101 0.01885664 -0.03394109 0.0221731 0.01481556 -0.03991049 0.01527309 0.01020514 -0.04434621 0.007786154 0.005202531 -0.04707765 0.008651494 0.00358355 0.04707765 0.01697051 0.007029414 0.04434621 0.0246374 0.01020514 0.03991049 0.03135746 0.01298868 0.03394109 0.0368725 0.01527309 0.02666735 0.0409705 0.01697051 0.01836878 0.0434941 0.0180158 0.009364306 0.04434621 0.01836878 0 0.0434941 0.0180158 -0.009364306 0.0409705 0.01697051 -0.01836878 0.0368725 0.01527309 -0.02666735 0.03135746 0.01298868 -0.03394109 0.0246374 0.01020514 -0.03991049 0.01697051 0.007029414 -0.04434621 0.008651494 0.00358355 -0.04707765 0.00918436 0.001826882 0.04707765 0.0180158 0.00358355 0.04434621 0.02615493 0.005202531 0.03991049 0.03328889 0.006621539 0.03394109 0.03914362 0.007786154 0.02666735 0.0434941 0.008651494 0.01836878 0.04617309 0.00918436 0.009364306 0.04707765 0.009364306 0 0.04617309 0.00918436 -0.009364306 0.0434941 0.008651494 -0.01836878 0.03914362 0.007786154 -0.02666735 0.03328889 0.006621539 -0.03394109 0.02615493 0.005202531 -0.03991049 0.0180158 0.00358355 -0.04434621 0.00918436 0.001826882 -0.04707765 0.009364306 0 0.04707765 0.01836878 0 0.04434621 0.02666735 0 0.03991049 0.03394109 0 0.03394109 0.03991049 0 0.02666735 0.04434615 0 0.01836878 0.04707765 0 0.009364306 0.04799997 0 0 0.04707765 0 -0.009364306 0.04434615 0 -0.01836878 0.03991049 0 -0.02666735 0.03394109 0 -0.03394109 0.02666735 0 -0.03991049 0.01836878 0 -0.04434621 0.009364306 0 -0.04707765 0.00918436 -0.001826882 0.04707765 0.0180158 -0.00358355 0.04434621 0.02615493 -0.005202531 0.03991049 0.03328889 -0.006621539 0.03394109 0.03914362 -0.007786154 0.02666735 0.0434941 -0.008651494 0.01836878 0.04617309 -0.00918436 0.009364306 0.04707765 -0.009364306 0 0.04617309 -0.00918436 -0.009364306 0.0434941 -0.008651494 -0.01836878 0.03914362 -0.007786154 -0.02666735 0.03328889 -0.006621539 -0.03394109 0.02615493 -0.005202531 -0.03991049 0.0180158 -0.00358355 -0.04434621 0.00918436 -0.001826882 -0.04707765 0.008651494 -0.00358355 0.04707765 0.01697051 -0.007029414 0.04434621 0.0246374 -0.01020514 0.03991049 0.03135746 -0.01298868 0.03394109 0.0368725 -0.01527309 0.02666735 0.0409705 -0.01697051 0.01836878 0.0434941 -0.0180158 0.009364306 0.04434615 -0.01836878 0 0.0434941 -0.0180158 -0.009364306 0.0409705 -0.01697051 -0.01836878 0.0368725 -0.01527309 -0.02666735 0.03135746 -0.01298868 -0.03394109 0.0246374 -0.01020514 -0.03991049 0.01697051 -0.007029414 -0.04434621 0.008651494 -0.00358355 -0.04707765 0.007786154 -0.005202531 0.04707765 0.01527309 -0.01020514 0.04434621 0.0221731 -0.01481556 0.03991049 0.02822095 -0.01885664 0.03394109 0.03318434 -0.0221731 0.02666735 0.0368725 -0.0246374 0.01836878 0.03914362 -0.02615493 0.009364306 0.03991049 -0.02666735 0 0.03914362 -0.02615493 -0.009364306 0.0368725 -0.0246374 -0.01836878 0.03318434 -0.0221731 -0.02666735 0.02822095 -0.01885664 -0.03394109 0.0221731 -0.01481556 -0.03991049 0.01527309 -0.01020514 -0.04434621 0.007786154 -0.005202531 -0.04707765 0.006621539 -0.006621539 0.04707765 0.01298868 -0.01298868 0.04434621 0.01885664 -0.01885664 0.03991049 0.02399998 -0.02399998 0.03394109 0.02822095 -0.02822101 0.02666735 0.03135746 -0.03135746 0.01836878 0.03328889 -0.03328889 0.009364306 0.03394109 -0.03394109 0 0.03328889 -0.03328889 -0.009364306 0.03135746 -0.03135746 -0.01836878 0.02822095 -0.02822101 -0.02666735 0.02399998 -0.02399998 -0.03394109 0.01885664 -0.01885664 -0.03991049 0.01298868 -0.01298868 -0.04434621 0.006621539 -0.006621539 -0.04707765 0.005202531 -0.007786154 0.04707765 0.01020514 -0.01527309 0.04434621 0.01481556 -0.0221731 0.03991049 0.01885664 -0.02822095 0.03394109 0.02217304 -0.03318434 0.02666735 0.0246374 -0.0368725 0.01836878 0.02615493 -0.03914362 0.009364306 0.02666735 -0.03991049 0 0.02615493 -0.03914362 -0.009364306 0.0246374 -0.0368725 -0.01836878 0.02217304 -0.03318434 -0.02666735 0.01885664 -0.02822095 -0.03394109 0.01481556 -0.0221731 -0.03991049 0.01020514 -0.01527309 -0.04434621 0.005202531 -0.007786154 -0.04707765 0.00358355 -0.008651494 0.04707765 0.007029414 -0.01697051 0.04434621 0.01020514 -0.0246374 0.03991049 0.01298868 -0.03135746 0.03394109 0.01527309 -0.0368725 0.02666735 0.01697051 -0.0409705 0.01836878 0.0180158 -0.0434941 0.009364306 0.01836878 -0.04434615 0 0.0180158 -0.0434941 -0.009364306 0.01697051 -0.0409705 -0.01836878 0.01527309 -0.0368725 -0.02666735 0.01298868 -0.03135746 -0.03394109 0.01020514 -0.0246374 -0.03991049 0.007029414 -0.01697051 -0.04434621 0.00358355 -0.008651494 -0.04707765 0.001826882 -0.00918436 0.04707765 0.00358355 -0.0180158 0.04434621 0.005202531 -0.02615493 0.03991049 0.006621539 -0.03328889 0.03394109 0.007786095 -0.03914362 0.02666735 0.008651494 -0.04349404 0.01836878 0.00918436 -0.04617309 0.009364306 0.009364306 -0.04707765 0 0.00918436 -0.04617309 -0.009364306 0.008651494 -0.04349404 -0.01836878 0.007786095 -0.03914362 -0.02666735 0.006621539 -0.03328889 -0.03394109 0.005202531 -0.02615493 -0.03991049 0.00358355 -0.0180158 -0.04434621 0.001826882 -0.00918436 -0.04707765 0 -0.009364306 0.04707765 0 -0.01836878 0.04434621 0 -0.02666735 0.03991049 0 -0.03394109 0.03394109 0 -0.03991049 0.02666735 0 -0.04434615 0.01836878 0 -0.04707765 0.009364306 0 -0.04799997 0 0 -0.04707765 -0.009364306 0 -0.04434615 -0.01836878 0 -0.03991049 -0.02666735 0 -0.03394109 -0.03394109 0 -0.02666735 -0.03991049 0 -0.01836878 -0.04434621 0 -0.009364306 -0.04707765 0 0 -0.04799997 -0.001826882 -0.00918436 0.04707765 -0.00358355 -0.0180158 0.04434621 -0.005202531 -0.02615493 0.03991049 -0.006621539 -0.03328889 0.03394109 -0.007786154 -0.03914362 0.02666735 -0.008651494 -0.04349404 0.01836878 -0.00918436 -0.04617303 0.009364306 -0.009364306 -0.04707765 0 -0.00918436 -0.04617303 -0.009364306 -0.008651494 -0.04349404 -0.01836878 -0.007786154 -0.03914362 -0.02666735 -0.006621539 -0.03328889 -0.03394109 -0.005202531 -0.02615493 -0.03991049 -0.00358355 -0.0180158 -0.04434621 -0.001826882 -0.00918436 -0.04707765 -0.00358355 -0.008651494 0.04707765 -0.007029414 -0.01697051 0.04434621 -0.01020514 -0.0246374 0.03991049 -0.01298868 -0.03135746 0.03394109 -0.01527309 -0.0368725 0.02666735 -0.01697051 -0.0409705 0.01836878 -0.0180158 -0.04349404 0.009364306 -0.01836878 -0.04434615 0 -0.0180158 -0.04349404 -0.009364306 -0.01697051 -0.0409705 -0.01836878 -0.01527309 -0.0368725 -0.02666735 -0.01298868 -0.03135746 -0.03394109 -0.01020514 -0.0246374 -0.03991049 -0.007029414 -0.01697051 -0.04434621 -0.00358355 -0.008651494 -0.04707765 -0.005202531 -0.007786154 0.04707765 -0.01020514 -0.01527303 0.04434621 -0.01481556 -0.02217304 0.03991049 -0.01885664 -0.02822095 0.03394109 -0.0221731 -0.03318434 0.02666735 -0.0246374 -0.0368725 0.01836878 -0.02615493 -0.03914362 0.009364306 -0.02666735 -0.03991049 0 -0.02615493 -0.03914362 -0.009364306 -0.0246374 -0.0368725 -0.01836878 -0.0221731 -0.03318434 -0.02666735 -0.01885664 -0.02822095 -0.03394109 -0.01481556 -0.02217304 -0.03991049 -0.01020514 -0.01527303 -0.04434621 -0.005202531 -0.007786154 -0.04707765 -0.006621539 -0.006621539 0.04707765 -0.01298868 -0.01298868 0.04434621 -0.01885664 -0.01885664 0.03991049 -0.02399998 -0.02399992 0.03394109 -0.02822095 -0.02822095 0.02666735 -0.03135746 -0.03135746 0.01836878 -0.03328889 -0.03328889 0.009364306 -0.03394109 -0.03394109 0 -0.03328889 -0.03328889 -0.009364306 -0.03135746 -0.03135746 -0.01836878 -0.02822095 -0.02822095 -0.02666735 -0.02399998 -0.02399992 -0.03394109 -0.01885664 -0.01885664 -0.03991049 -0.01298868 -0.01298868 -0.04434621 -0.006621539 -0.006621539 -0.04707765 0 0 0.04799997 -0.007786154 -0.005202531 0.04707765 -0.01527309 -0.01020514 0.04434621 -0.0221731 -0.01481556 0.03991049 -0.02822095 -0.01885664 0.03394109 -0.03318434 -0.02217304 0.02666735 -0.0368725 -0.0246374 0.01836878 -0.03914362 -0.02615493 0.009364306 -0.03991049 -0.02666729 0 -0.03914362 -0.02615493 -0.009364306 -0.0368725 -0.0246374 -0.01836878 -0.03318434 -0.02217304 -0.02666735 -0.02822095 -0.01885664 -0.03394109 -0.0221731 -0.01481556 -0.03991049 -0.01527309 -0.01020514 -0.04434621 -0.007786154 -0.005202531 -0.04707765 -0.008651494 -0.00358355 0.04707765 -0.01697051 -0.007029414 0.04434621 -0.0246374 -0.01020514 0.03991049 -0.03135746 -0.01298868 0.03394109 -0.0368725 -0.01527309 0.02666735 -0.0409705 -0.01697051 0.01836878 -0.04349404 -0.0180158 0.009364306 -0.04434615 -0.01836878 0 -0.04349404 -0.0180158 -0.009364306 -0.0409705 -0.01697051 -0.01836878 -0.0368725 -0.01527309 -0.02666735 -0.03135746 -0.01298868 -0.03394109 -0.0246374 -0.01020514 -0.03991049 -0.01697051 -0.007029414 -0.04434621 -0.008651494 -0.00358355 -0.04707765 -0.00918436 -0.001826882 0.04707765 -0.0180158 -0.00358355 0.04434621 -0.02615493 -0.005202531 0.03991049 -0.03328889 -0.006621539 0.03394109 -0.03914362 -0.007786095 0.02666735 -0.04349404 -0.008651494 0.01836878 -0.04617303 -0.00918436 0.009364306 -0.04707765 -0.009364306 0 -0.04617303 -0.00918436 -0.009364306 -0.04349404 -0.008651494 -0.01836878 -0.03914362 -0.007786095 -0.02666735 -0.03328889 -0.006621539 -0.03394109 -0.02615493 -0.005202531 -0.03991049 -0.0180158 -0.00358355 -0.04434621 -0.00918436 -0.001826882 -0.04707765 -0.009364306 0 0.04707765 -0.01836878 0 0.04434621 -0.02666735 0 0.03991049 -0.03394109 0 0.03394109 -0.03991049 0 0.02666735 -0.04434615 0 0.01836878 -0.04707765 0 0.009364306 -0.04799997 0 0 -0.04707765 0 -0.009364306 -0.04434615 0 -0.01836878 -0.03991049 0 -0.02666735 -0.03394109 0 -0.03394109 -0.02666735 0 -0.03991049 -0.01836878 0 -0.04434621 -0.009364306 0 -0.04707765 -0.00918436 0.001826882 0.04707765 -0.0180158 0.00358355 0.04434621 -0.02615493 0.005202531 0.03991049 -0.03328889 0.006621539 0.03394109 -0.03914362 0.007786154 0.02666735 -0.04349404 0.008651494 0.01836878 -0.04617303 0.00918436 0.009364306 -0.04707765 0.009364306 0 -0.04617303 0.00918436 -0.009364306 -0.04349404 0.008651494 -0.01836878 -0.03914362 0.007786154 -0.02666735 -0.03328889 0.006621539 -0.03394109 -0.02615493 0.005202531 -0.03991049 -0.0180158 0.00358355 -0.04434621 -0.00918436 0.001826882 -0.04707765 -0.008651494 0.00358355 0.04707765 -0.01697051 0.007029414 0.04434621 -0.0246374 0.01020514 0.03991049 -0.03135746 0.01298868 0.03394109 -0.0368725 0.01527309 0.02666735 -0.0409705 0.01697051 0.01836878 -0.04349404 0.0180158 0.009364306 -0.04434615 0.01836878 0 -0.04349404 0.0180158 -0.009364306 -0.0409705 0.01697051 -0.01836878 -0.0368725 0.01527309 -0.02666735 -0.03135746 0.01298868 -0.03394109 -0.0246374 0.01020514 -0.03991049 -0.01697051 0.007029414 -0.04434621 -0.008651494 0.00358355 -0.04707765 -0.007786095 0.005202531 0.04707765 -0.01527303 0.01020514 0.04434621 -0.02217304 0.01481556 0.03991049 -0.02822095 0.01885664 0.03394109 -0.03318434 0.02217304 0.02666735 -0.03687244 0.0246374 0.01836878 -0.03914362 0.02615493 0.009364306 -0.03991049 0.02666735 0 -0.03914362 0.02615493 -0.009364306 -0.03687244 0.0246374 -0.01836878 -0.03318434 0.02217304 -0.02666735 -0.02822095 0.01885664 -0.03394109 -0.02217304 0.01481556 -0.03991049 -0.01527303 0.01020514 -0.04434621 -0.007786095 0.005202531 -0.04707765 -0.006621539 0.006621539 0.04707765 -0.01298868 0.01298868 0.04434621 -0.01885664 0.01885664 0.03991049 -0.02399992 0.02399992 0.03394109 -0.02822095 0.02822095 0.02666735 -0.03135746 0.03135746 0.01836878 -0.03328889 0.03328889 0.009364306 -0.03394109 0.03394109 0 -0.03328889 0.03328889 -0.009364306 -0.03135746 0.03135746 -0.01836878 -0.02822095 0.02822095 -0.02666735 -0.02399992 0.02399992 -0.03394109 -0.01885664 0.01885664 -0.03991049 -0.01298868 0.01298868 -0.04434621 -0.006621539 0.006621539 -0.04707765 -0.005202531 0.007786154 0.04707765 -0.01020514 0.01527309 0.04434621 -0.01481556 0.0221731 0.03991049 -0.01885664 0.02822095 0.03394109 -0.02217304 0.03318434 0.02666735 -0.0246374 0.0368725 0.01836878 -0.02615493 0.03914362 0.009364306 -0.02666729 0.03991049 0 -0.02615493 0.03914362 -0.009364306 -0.0246374 0.0368725 -0.01836878 -0.02217304 0.03318434 -0.02666735 -0.01885664 0.02822095 -0.03394109 -0.01481556 0.0221731 -0.03991049 -0.01020514 0.01527309 -0.04434621 -0.005202531 0.007786154 -0.04707765 -0.00358355 0.008651494 0.04707765 -0.007029414 0.01697051 0.04434621 -0.01020514 0.0246374 0.03991049 -0.01298868 0.03135746 0.03394109 -0.01527309 0.0368725 0.02666735 -0.01697051 0.0409705 0.01836878 -0.0180158 0.04349404 0.009364306 -0.01836878 0.04434615 0 -0.0180158 0.04349404 -0.009364306 -0.01697051 0.0409705 -0.01836878 -0.01527309 0.0368725 -0.02666735 -0.01298868 0.03135746 -0.03394109 -0.01020514 0.0246374 -0.03991049 -0.007029414 0.01697051 -0.04434621 -0.00358355 0.008651494 -0.04707765 -0.001826882 0.00918436 0.04707765 -0.00358355 0.0180158 0.04434621 -0.005202531 0.02615493 0.03991049 -0.006621539 0.03328889 0.03394109 -0.007786095 0.03914362 0.02666735 -0.008651494 0.04349404 0.01836878 -0.00918436 0.04617303 0.009364306 -0.009364306 0.04707765 0 -0.00918436 0.04617303 -0.009364306 -0.008651494 0.04349404 -0.01836878 -0.007786095 0.03914362 -0.02666735 -0.006621539 0.03328889 -0.03394109 -0.005202531 0.02615493 -0.03991049 -0.00358355 0.0180158 -0.04434621 -0.001826882 0.00918436 -0.04707765 0 0.01836878 0.04434621 0 0.03991049 0.02666735 0 0.04707759 0.009364306 0 0.04434615 -0.01836878 0 0.03991049 -0.02666735 0 0.01836878 -0.04434621 0 0.009364306 -0.04707765</float_array>
          <technique_common>
            <accessor source="#Sphere_001-mesh-positions-array" count="482" stride="3">
              <param name="X" type="float"/>
              <param name="Y" type="float"/>
              <param name="Z" type="float"/>
            </accessor>
          </technique_common>
        </source>
        <source id="Sphere_001-mesh-normals">
          <float_array id="Sphere_001-mesh-normals-array" count="2880">0.06236064 0.6331588 -0.7715057 0.08653581 0.8786129 0.4696285 0.04637622 0.4708889 -0.8809727 0.09382975 0.9527187 0.2890036 0.02857762 0.2901664 -0.9565495 0.09754967 0.9904379 0.0975548 0.009653449 0.09801262 0.9951384 0.009652972 0.09801274 -0.9951384 0.09754979 0.9904383 -0.09754973 0.0285775 0.2901664 0.9565495 0.09383058 0.9527186 -0.2890036 0.04637855 0.4708896 0.8809723 0.08653295 0.8786136 -0.4696278 0.06236088 0.6331587 0.7715058 0.07591557 0.7707809 -0.6325611 0.07591259 0.7707799 0.6325628 0.2248284 0.7411589 -0.6325629 0.2248283 0.7411589 0.6325629 0.1846857 0.6088269 -0.7715056 0.2562821 0.8448482 0.4696285 0.1373536 0.4527934 -0.8809722 0.2778975 0.9161058 0.2890037 0.08463835 0.2790151 -0.9565495 0.2889002 0.9523763 0.09754973 0.02858924 0.09424608 0.9951384 0.02858924 0.09424608 -0.9951384 0.2889001 0.9523764 -0.09754979 0.08463841 0.2790151 0.9565494 0.2778978 0.9161056 -0.2890039 0.1373534 0.4527935 0.8809722 0.2562822 0.8448482 -0.4696286 0.1846858 0.6088269 0.7715057 0.04642635 0.08685767 0.9951384 0.04642635 0.08685767 -0.9951383 0.4691486 0.8777149 -0.09754973 0.1374453 0.2571418 0.9565494 0.4512814 0.8442878 -0.2890039 0.2230498 0.4172969 0.8809723 0.4161796 0.7786162 -0.4696289 0.2999133 0.5610981 0.7715056 0.3651012 0.6830561 -0.6325627 0.3651014 0.6830558 0.6325629 0.2999132 0.5610982 -0.7715056 0.4161794 0.7786166 0.4696286 0.2230499 0.4172968 -0.8809723 0.4512814 0.8442878 0.2890039 0.1374453 0.2571419 -0.9565495 0.4691486 0.8777151 0.09754979 0.4913434 0.5987037 0.6325627 0.4036153 0.4918066 -0.7715056 0.5600833 0.6824628 0.4696288 0.3001747 0.3657636 -0.8809722 0.6073225 0.7400245 0.2890038 0.1849702 0.2253867 -0.9565495 0.6313675 0.7693238 0.09754997 0.06247943 0.07613134 0.9951384 0.06247943 0.07613134 -0.9951383 0.6313677 0.7693237 -0.09754985 0.1849702 0.2253867 0.9565494 0.6073227 0.7400242 -0.2890042 0.3001746 0.3657637 0.8809723 0.560083 0.6824632 -0.4696285 0.4036153 0.4918066 0.7715056 0.4913435 0.5987036 -0.6325626 0.7693238 0.6313676 -0.09755009 0.2253868 0.1849701 0.9565494 0.7400245 0.6073223 -0.2890041 0.3657637 0.3001745 0.8809723 0.6824632 0.560083 -0.4696285 0.4918067 0.4036152 0.7715055 0.5987037 0.4913433 -0.6325627 0.5987037 0.4913434 0.6325628 0.4918066 0.4036153 -0.7715057 0.6824633 0.560083 0.4696284 0.3657637 0.3001744 -0.8809723 0.7400245 0.6073222 0.2890041 0.2253868 0.1849702 -0.9565495 0.769324 0.6313673 0.09754967 0.0761314 0.06247943 0.9951384 0.0761314 0.06247937 -0.9951384 0.5610982 0.2999132 -0.7715056 0.7786169 0.4161791 0.4696282 0.4172968 0.2230498 -0.8809723 0.8442878 0.4512813 0.289004 0.257142 0.1374452 -0.9565495 0.8777152 0.4691482 0.09754943 0.08685767 0.04642635 0.9951384 0.08685767 0.04642635 -0.9951384 0.8777151 0.4691486 -0.09754979 0.257142 0.1374452 0.9565494 0.8442879 0.4512809 -0.2890043 0.4172968 0.2230497 0.8809723 0.7786167 0.4161794 -0.4696285 0.5610982 0.2999132 0.7715057 0.6830561 0.365101 -0.6325627 0.683056 0.3651011 0.6325629 0.2790153 0.08463817 0.9565494 0.9161056 0.2778974 -0.2890043 0.4527934 0.1373532 0.8809723 0.8448486 0.2562814 -0.4696282 0.6088271 0.1846855 0.7715056 0.7411592 0.224828 -0.6325626 0.7411591 0.2248277 0.6325629 0.6088271 0.1846854 -0.7715057 0.8448484 0.2562817 0.4696284 0.4527935 0.1373531 -0.8809723 0.9161057 0.2778975 0.2890042 0.2790153 0.08463829 -0.9565495 0.9523764 0.2889002 0.09754967 0.09424608 0.02858918 0.9951383 0.09424608 0.02858918 -0.9951384 0.9523764 0.2889001 -0.09754955 0.8786129 0.08653551 0.4696286 0.4708893 0.04637819 -0.8809724 0.952718 0.09383428 0.2890042 0.2901663 0.02857881 -0.9565495 0.9904384 0.09754931 0.09754967 0.09801268 0.009653389 0.9951384 0.09801268 0.009653329 -0.9951384 0.9904384 0.09754937 -0.09754973 0.2901662 0.02857863 0.9565494 0.952718 0.09383416 -0.2890043 0.4708894 0.04637855 0.8809723 0.878613 0.08653539 -0.4696285 0.6331589 0.06236058 0.7715056 0.7707798 0.07591497 -0.6325625 0.7707798 0.0759148 0.6325626 0.633159 0.0623607 -0.7715055 0.952718 -0.09383457 -0.289004 0.4708893 -0.04637855 0.8809724 0.8786128 -0.08653581 -0.4696285 0.633159 -0.06236094 0.7715056 0.7707798 -0.07591545 -0.6325625 0.7707799 -0.07591515 0.6325625 0.6331591 -0.0623607 -0.7715055 0.8786128 -0.08653587 0.4696286 0.4708892 -0.04637867 -0.8809725 0.952718 -0.09383469 0.2890042 0.2901662 -0.02857893 -0.9565494 0.9904384 -0.09754973 0.09754985 0.09801268 -0.009653389 0.9951383 0.09801268 -0.009653389 -0.9951383 0.9904384 -0.09754985 -0.09754973 0.2901662 -0.02857893 0.9565494 0.4527931 -0.1373536 -0.8809725 0.9161057 -0.2778976 0.289004 0.2790153 -0.08463847 -0.9565494 0.9523762 -0.2889007 0.09754943 0.09424608 -0.0285893 0.9951383 0.09424608 -0.02858924 -0.9951383 0.9523764 -0.2889002 -0.09754991 0.2790153 -0.08463853 0.9565494 0.9161055 -0.2778978 -0.2890042 0.4527933 -0.1373534 0.8809724 0.8448482 -0.2562823 -0.4696286 0.6088271 -0.184686 0.7715054 0.7411589 -0.2248284 -0.6325627 0.741159 -0.2248284 0.6325626 0.6088272 -0.1846858 -0.7715054 0.8448481 -0.2562821 0.4696286 0.7786164 -0.4161795 -0.4696287 0.5610983 -0.2999135 0.7715054 0.683056 -0.3651013 -0.6325626 0.683056 -0.3651013 0.6325626 0.5610983 -0.2999135 -0.7715054 0.7786164 -0.4161794 0.4696287 0.4172964 -0.2230499 -0.8809725 0.8442878 -0.4512814 0.289004 0.2571421 -0.1374454 -0.9565494 0.877715 -0.4691487 0.09754949 0.08685767 -0.04642641 0.9951384 0.08685767 -0.04642641 -0.9951384 0.8777149 -0.4691486 -0.09754955 0.257142 -0.1374455 0.9565494 0.8442876 -0.4512814 -0.2890041 0.4172965 -0.2230498 0.8809725 0.2253869 -0.1849703 -0.9565494 0.7693235 -0.6313679 0.09754937 0.0761314 -0.06247943 0.9951383 0.0761314 -0.06247943 -0.9951384 0.7693236 -0.6313678 -0.09754955 0.2253868 -0.1849703 0.9565494 0.7400243 -0.6073225 -0.289004 0.3657634 -0.3001745 0.8809724 0.682463 -0.560083 -0.4696288 0.4918069 -0.4036155 0.7715054 0.5987037 -0.4913434 -0.6325625 0.5987037 -0.4913436 0.6325626 0.4918068 -0.4036156 -0.7715054 0.6824629 -0.5600831 0.4696288 0.3657634 -0.3001745 -0.8809724 0.7400245 -0.6073225 0.289004 0.4036152 -0.4918069 0.7715054 0.4913433 -0.5987039 -0.6325626 0.4913433 -0.5987039 0.6325625 0.4036154 -0.4918069 -0.7715054 0.5600827 -0.6824634 0.4696287 0.3001741 -0.3657636 -0.8809725 0.6073222 -0.7400247 0.2890038 0.1849702 -0.225387 -0.9565494 0.6313674 -0.769324 0.09754943 0.06247943 -0.0761314 0.9951383 0.06247937 -0.07613146 -0.9951384 0.6313674 -0.769324 -0.09754949 0.1849702 -0.225387 0.9565495 0.607322 -0.7400248 -0.2890039 0.3001743 -0.3657636 0.8809724 0.5600829 -0.6824632 -0.4696289 0.4691483 -0.8777152 0.09754961 0.04642635 -0.08685773 0.9951384 0.04642641 -0.08685773 -0.9951383 0.4691483 -0.8777152 -0.09754961 0.1374452 -0.2571422 0.9565494 0.4512807 -0.8442881 -0.2890041 0.2230495 -0.4172967 0.8809725 0.4161791 -0.7786167 -0.4696287 0.2999132 -0.5610985 0.7715054 0.3651009 -0.6830562 -0.6325627 0.365101 -0.6830563 0.6325626 0.2999132 -0.5610985 -0.7715054 0.4161788 -0.7786169 0.4696285 0.2230494 -0.4172967 -0.8809725 0.4512811 -0.8442879 0.2890038 0.1374453 -0.2571421 -0.9565494 0.2248281 -0.7411592 -0.6325626 0.2248281 -0.7411592 0.6325626 0.1846855 -0.6088272 -0.7715055 0.2562815 -0.8448486 0.4696282 0.1373534 -0.4527933 -0.8809724 0.2778976 -0.9161057 0.2890039 0.08463835 -0.2790155 -0.9565494 0.2888999 -0.9523765 0.09754949 0.02858924 -0.09424608 0.9951384 0.02858918 -0.09424608 -0.9951384 0.2889001 -0.9523764 -0.09754979 0.08463835 -0.2790154 0.9565494 0.2778971 -0.9161058 -0.2890043 0.1373531 -0.4527932 0.8809724 0.2562819 -0.8448483 -0.4696285 0.1846857 -0.6088273 0.7715055 0.009653329 -0.09801268 0.9951384 0.009653329 -0.09801268 -0.9951384 0.09754943 -0.9904384 -0.09754973 0.02857869 -0.2901664 0.9565494 0.09383422 -0.952718 -0.2890043 0.04637837 -0.4708893 0.8809724 0.08653539 -0.8786131 -0.4696283 0.06236028 -0.6331592 0.7715055 0.07591462 -0.7707797 -0.6325628 0.0759148 -0.7707798 0.6325627 0.06236052 -0.6331593 -0.7715054 0.08653551 -0.8786131 0.4696282 0.04637825 -0.4708892 -0.8809724 0.09383434 -0.9527181 0.2890042 0.02857869 -0.2901664 -0.9565494 0.09754937 -0.9904384 0.09754961 -0.07591515 -0.7707797 0.6325628 -0.06236076 -0.6331594 -0.7715053 -0.08653593 -0.8786131 0.4696282 -0.04637849 -0.4708892 -0.8809724 -0.09383469 -0.952718 0.2890042 -0.02857893 -0.2901664 -0.9565494 -0.09754973 -0.9904384 0.09754991 -0.009653389 -0.09801268 0.9951383 -0.009653389 -0.09801268 -0.9951383 -0.09754985 -0.9904383 -0.09754979 -0.02857887 -0.2901664 0.9565494 -0.09383463 -0.9527181 -0.289004 -0.04637855 -0.4708893 0.8809725 -0.08653581 -0.878613 -0.4696282 -0.062361 -0.6331592 0.7715053 -0.07591545 -0.7707796 -0.6325627 -0.2889002 -0.9523763 -0.09755009 -0.08463859 -0.2790154 0.9565494 -0.277898 -0.9161056 -0.2890042 -0.1373534 -0.4527932 0.8809724 -0.2562823 -0.8448483 -0.4696283 -0.1846861 -0.6088273 0.7715052 -0.2248285 -0.7411588 -0.6325629 -0.2248284 -0.7411588 0.6325629 -0.1846859 -0.6088276 -0.7715051 -0.2562823 -0.8448484 0.4696282 -0.1373536 -0.452793 -0.8809725 -0.2778977 -0.9161057 0.2890039 -0.08463859 -0.2790154 -0.9565494 -0.2889007 -0.9523762 0.09754961 -0.0285893 -0.09424608 0.9951383 -0.02858924 -0.09424608 -0.9951383 -0.2999138 -0.5610985 -0.7715051 -0.4161797 -0.7786168 0.469628 -0.2230497 -0.4172967 -0.8809723 -0.4512815 -0.8442877 0.289004 -0.1374454 -0.2571421 -0.9565494 -0.4691487 -0.8777149 0.09754985 -0.04642641 -0.08685767 0.9951384 -0.04642641 -0.08685773 -0.9951384 -0.4691488 -0.8777149 -0.09754985 -0.1374453 -0.2571421 0.9565494 -0.4512816 -0.8442876 -0.289004 -0.2230499 -0.4172965 0.8809724 -0.4161793 -0.7786168 -0.4696283 -0.2999137 -0.5610986 0.7715052 -0.3651012 -0.6830556 -0.6325631 -0.365101 -0.6830559 0.6325629 -0.6073225 -0.7400245 -0.2890037 -0.3001746 -0.3657635 0.8809723 -0.5600832 -0.6824634 -0.469628 -0.4036157 -0.4918069 0.7715052 -0.4913433 -0.5987033 -0.6325632 -0.4913432 -0.5987035 0.6325631 -0.4036158 -0.4918069 -0.7715052 -0.5600833 -0.6824634 0.4696279 -0.3001746 -0.3657634 -0.8809724 -0.6073226 -0.7400243 0.2890039 -0.1849703 -0.2253869 -0.9565494 -0.631368 -0.7693234 0.09754991 -0.06247943 -0.0761314 0.9951384 -0.06247943 -0.0761314 -0.9951383 -0.6313678 -0.7693235 -0.09755003 -0.1849703 -0.2253868 0.9565494 -0.3657637 -0.3001742 -0.8809724 -0.7400247 -0.6073223 0.2890036 -0.225387 -0.1849703 -0.9565494 -0.769324 -0.6313673 0.09754985 -0.07613146 -0.06247943 0.9951383 -0.07613146 -0.06247943 -0.9951384 -0.7693238 -0.6313675 -0.09755015 -0.225387 -0.1849702 0.9565495 -0.7400246 -0.6073223 -0.2890036 -0.3657637 -0.3001744 0.8809723 -0.6824635 -0.5600831 -0.4696279 -0.4918072 -0.4036155 0.7715052 -0.5987035 -0.491343 -0.6325632 -0.5987036 -0.491343 0.6325631 -0.4918071 -0.4036155 -0.7715052 -0.6824635 -0.5600831 0.469628 -0.4172967 -0.2230496 0.8809723 -0.778617 -0.4161792 -0.469628 -0.5610987 -0.2999134 0.7715052 -0.6830559 -0.3651008 -0.6325631 -0.6830559 -0.3651008 0.6325631 -0.5610987 -0.2999134 -0.7715052 -0.778617 -0.4161793 0.4696281 -0.4172967 -0.2230495 -0.8809724 -0.844288 -0.4512812 0.2890035 -0.2571422 -0.1374452 -0.9565494 -0.8777151 -0.4691484 0.09755009 -0.08685773 -0.04642635 0.9951383 -0.08685773 -0.04642641 -0.9951384 -0.8777151 -0.4691483 -0.09755003 -0.2571422 -0.1374452 0.9565494 -0.844288 -0.4512812 -0.2890035 -0.9161059 -0.2778973 0.2890034 -0.2790155 -0.08463841 -0.9565494 -0.9523764 -0.2888999 0.09755033 -0.09424614 -0.02858924 0.9951384 -0.09424614 -0.02858924 -0.9951383 -0.9523764 -0.2888998 -0.09755027 -0.2790155 -0.08463829 0.9565494 -0.916106 -0.2778972 -0.2890035 -0.4527933 -0.1373532 0.8809723 -0.8448485 -0.2562819 -0.4696282 -0.6088277 -0.1846855 0.7715051 -0.7411588 -0.2248276 -0.6325633 -0.7411588 -0.224828 0.632563 -0.6088275 -0.1846857 -0.7715052 -0.8448488 -0.2562816 0.4696279 -0.4527933 -0.1373532 -0.8809724 -0.8786132 -0.08653545 -0.4696279 -0.6331596 -0.06236034 0.7715051 -0.7707793 -0.07591456 -0.6325633 -0.7707793 -0.07591474 0.6325632 -0.6331595 -0.06236058 -0.7715051 -0.8786132 -0.08653557 0.4696278 -0.4708893 -0.04637849 -0.8809724 -0.9527183 -0.0938344 0.2890034 -0.2901664 -0.02857863 -0.9565494 -0.9904382 -0.09754937 0.09755039 -0.09801268 -0.00965327 0.9951383 -0.09801268 -0.009653329 -0.9951383 -0.9904383 -0.09754943 -0.09755051 -0.2901664 -0.02857881 0.9565494 -0.9527183 -0.09383428 -0.2890035 -0.4708893 -0.04637837 0.8809725 -0.2901664 0.02857893 -0.9565494 -0.9904382 0.09755015 0.09755027 -0.09801268 0.009653389 0.9951383 -0.09801274 0.009653389 -0.9951384 -0.9904383 0.09754985 -0.09755057 -0.2901664 0.02857887 0.9565494 -0.9527183 0.09383463 -0.2890033 -0.4708893 0.04637855 0.8809724 -0.8786131 0.08653587 -0.4696279 -0.6331596 0.0623607 0.7715051 -0.7707793 0.07591497 -0.6325631 -0.7707793 0.07591515 0.6325632 -0.6331597 0.06236082 -0.7715051 -0.8786132 0.08653593 0.4696279 -0.4708893 0.04637849 -0.8809723 -0.9527183 0.09383475 0.2890034 -0.6088277 0.1846862 0.771505 -0.7411587 0.2248284 -0.6325631 -0.7411587 0.2248284 0.6325631 -0.6088275 0.1846859 -0.7715051 -0.8448485 0.2562823 0.4696279 -0.4527933 0.1373534 -0.8809723 -0.9161059 0.2778978 0.2890033 -0.2790154 0.08463841 -0.9565494 -0.9523761 0.2889007 0.09755003 -0.09424614 0.02858924 0.9951384 -0.09424614 0.02858924 -0.9951384 -0.9523763 0.2889003 -0.09755045 -0.2790154 0.08463847 0.9565494 -0.9161058 0.277898 -0.2890035 -0.4527933 0.1373534 0.8809723 -0.8448484 0.2562825 -0.4696279 -0.8777148 0.4691488 0.09754985 -0.08685773 0.04642647 0.9951384 -0.08685773 0.04642641 -0.9951384 -0.8777151 0.4691485 -0.09755015 -0.2571421 0.1374453 0.9565494 -0.8442876 0.4512818 -0.2890038 -0.4172967 0.2230498 0.8809724 -0.7786169 0.4161794 -0.4696279 -0.5610988 0.299914 0.771505 -0.6830555 0.3651013 -0.6325634 -0.6830558 0.365101 0.632563 -0.5610988 0.2999137 -0.7715051 -0.7786169 0.41618 0.4696276 -0.4172968 0.2230497 -0.8809724 -0.8442879 0.4512814 0.2890034 -0.2571421 0.1374453 -0.9565494 -0.5987031 0.4913433 -0.6325634 -0.5987033 0.4913432 0.6325632 -0.4918072 0.403616 -0.7715049 -0.6824636 0.5600835 0.4696276 -0.3657636 0.3001745 -0.8809723 -0.7400243 0.6073228 0.2890037 -0.2253869 0.1849703 -0.9565494 -0.7693235 0.6313678 0.09755021 -0.0761314 0.06247943 0.9951384 -0.0761314 0.06247949 -0.9951384 -0.7693234 0.6313679 -0.09755003 -0.2253869 0.1849703 0.9565495 -0.7400246 0.6073226 -0.2890034 -0.3657636 0.3001746 0.8809723 -0.6824635 0.5600835 -0.4696276 -0.4918072 0.4036161 0.7715049 -0.06247943 0.07613146 -0.9951384 -0.6313673 0.7693239 -0.09755039 -0.1849702 0.225387 0.9565495 -0.6073224 0.7400248 -0.2890032 -0.3001744 0.3657636 0.8809723 -0.5600833 0.6824636 -0.4696276 -0.4036157 0.4918076 0.7715049 -0.4913426 0.5987033 -0.6325635 -0.491343 0.5987033 0.6325633 -0.4036158 0.4918074 -0.7715049 -0.5600833 0.6824638 0.4696276 -0.3001743 0.3657638 -0.8809723 -0.6073223 0.7400249 0.2890034 -0.1849702 0.225387 -0.9565494 -0.6313673 0.7693238 0.09755039 -0.06247943 0.07613146 0.9951384 -0.2999136 0.5610991 -0.7715048 -0.4161794 0.778617 0.4696277 -0.2230496 0.4172968 -0.8809724 -0.4512811 0.8442882 0.2890031 -0.1374453 0.2571421 -0.9565494 -0.469148 0.8777152 0.09755051 -0.04642635 0.08685773 0.9951384 -0.04642641 0.08685773 -0.9951384 -0.4691482 0.8777152 -0.09755057 -0.1374452 0.2571421 0.9565494 -0.4512814 0.8442882 -0.2890027 -0.2230497 0.4172967 0.8809723 -0.4161794 0.7786172 -0.4696276 -0.2999134 0.5610993 0.7715047 -0.3651003 0.6830556 -0.6325636 -0.3651007 0.6830556 0.6325634 -0.08463829 0.2790155 0.9565494 -0.2778973 0.9161062 -0.2890028 -0.1373531 0.4527934 0.8809723 -0.256282 0.8448486 -0.4696278 -0.1846857 0.6088281 0.7715046 -0.2248275 0.7411583 -0.6325637 -0.224828 0.7411584 0.6325636 -0.1846856 0.6088282 -0.7715047 -0.2562817 0.844849 0.4696275 -0.1373531 0.4527934 -0.8809723 -0.2778975 0.9161061 0.2890027 -0.08463841 0.2790154 -0.9565494 -0.2889 0.9523763 0.09755074 -0.02858924 0.09424608 0.9951383 -0.02858924 0.09424614 -0.9951383 -0.2889 0.9523764 -0.09755069 -0.08653926 0.8786115 0.4696306 -0.04637849 0.4708893 -0.8809723 -0.09383451 0.9527196 0.2889991 -0.02857863 0.2901664 -0.9565494 -0.09755337 0.9904375 0.0975548 -0.009653747 0.09801262 0.9951384 -0.009653329 0.09801274 -0.9951384 -0.09755468 0.9904377 -0.09755092 -0.02857887 0.2901666 0.9565493 -0.09383428 0.9527185 -0.2890027 -0.04637956 0.4708887 0.8809726 -0.08653545 0.8786134 -0.4696274 -0.06236428 0.6331585 0.7715057 -0.07591938 0.7707782 -0.6325638 -0.07591491 0.770781 0.6325611 -0.06236225 0.6331598 -0.7715048 0.06236088 0.6331587 -0.7715058 0.08653277 0.8786121 0.4696308 0.04637855 0.4708896 -0.8809723 0.09383469 0.9527195 0.2889991 0.0285775 0.2901663 -0.9565495 0.09754467 0.9904389 0.09754973 0.09754973 0.9904384 -0.09754979 0.02857893 0.2901666 0.9565493 0.09383457 0.9527171 -0.2890074 0.04637622 0.4708889 0.8809728 0.08653217 0.8786133 -0.4696283 0.0623607 0.6331589 0.7715057 0.07591259 0.7707799 -0.6325628 0.07591557 0.7707809 0.6325612 0.2248283 0.7411589 -0.6325629 0.2248284 0.7411589 0.632563 0.1846858 0.6088269 -0.7715057 0.2562822 0.8448482 0.4696286 0.1373534 0.4527935 -0.8809722 0.2778978 0.9161056 0.2890039 0.08463841 0.2790151 -0.9565494 0.2889001 0.9523764 0.09754979 0.2889002 0.9523763 -0.09754973 0.08463841 0.2790151 0.9565495 0.2778975 0.9161058 -0.2890037 0.1373536 0.4527934 0.8809723 0.2562821 0.8448482 -0.4696285 0.1846857 0.6088269 0.7715056 0.4691485 0.8777151 -0.09754979 0.1374452 0.2571419 0.9565495 0.4512814 0.8442878 -0.2890039 0.2230499 0.4172967 0.8809723 0.4161794 0.7786166 -0.4696286 0.2999132 0.5610981 0.7715057 0.3651014 0.6830558 -0.6325629 0.3651012 0.6830561 0.6325627 0.2999133 0.5610981 -0.7715055 0.4161796 0.7786163 0.4696289 0.2230498 0.4172969 -0.8809723 0.4512814 0.8442878 0.2890039 0.1374453 0.2571418 -0.9565494 0.4691486 0.8777149 0.09754973 0.4913434 0.5987035 0.6325627 0.4036153 0.4918066 -0.7715056 0.560083 0.6824632 0.4696285 0.3001746 0.3657637 -0.8809723 0.6073227 0.7400241 0.2890042 0.1849702 0.2253867 -0.9565494 0.6313677 0.7693237 0.09754985 0.6313676 0.7693237 -0.09754997 0.1849702 0.2253867 0.9565495 0.6073225 0.7400245 -0.2890038 0.3001747 0.3657636 0.8809723 0.5600833 0.6824628 -0.4696288 0.4036153 0.4918066 0.7715056 0.4913433 0.5987036 -0.6325627 0.769324 0.6313672 -0.09754967 0.2253868 0.1849701 0.9565495 0.7400245 0.6073222 -0.2890041 0.3657638 0.3001744 0.8809723 0.6824633 0.560083 -0.4696284 0.4918066 0.4036153 0.7715057 0.5987036 0.4913433 -0.6325627 0.5987037 0.4913433 0.6325628 0.4918067 0.4036152 -0.7715056 0.6824632 0.560083 0.4696285 0.3657637 0.3001746 -0.8809723 0.7400245 0.6073223 0.2890041 0.2253868 0.1849701 -0.9565494 0.7693238 0.6313676 0.09755003 0.5610982 0.2999132 -0.7715057 0.7786167 0.4161794 0.4696285 0.4172968 0.2230497 -0.8809723 0.8442879 0.451281 0.2890043 0.257142 0.1374452 -0.9565494 0.8777151 0.4691486 0.09754979 0.8777153 0.4691483 -0.09754943 0.257142 0.1374452 0.9565495 0.8442878 0.4512813 -0.289004 0.4172968 0.2230497 0.8809723 0.778617 0.4161791 -0.4696282 0.5610982 0.2999132 0.7715056 0.6830559 0.3651011 -0.6325629 0.6830561 0.365101 0.6325627 0.2790153 0.08463829 0.9565495 0.9161057 0.2778975 -0.2890042 0.4527935 0.1373531 0.8809723 0.8448484 0.2562817 -0.4696284 0.6088271 0.1846854 0.7715057 0.7411591 0.2248277 -0.6325629 0.7411591 0.224828 0.6325626 0.6088271 0.1846855 -0.7715056 0.8448486 0.2562814 0.4696282 0.4527935 0.1373532 -0.8809723 0.9161056 0.2778974 0.2890043 0.2790153 0.08463817 -0.9565494 0.9523764 0.2889001 0.09754955 0.9523763 0.2889001 -0.09754967 0.878613 0.08653539 0.4696285 0.4708894 0.04637855 -0.8809723 0.952718 0.09383416 0.2890043 0.2901662 0.02857863 -0.9565494 0.9904384 0.09754937 0.09754973 0.9904384 0.09754931 -0.09754967 0.2901663 0.02857875 0.9565495 0.952718 0.09383428 -0.2890042 0.4708893 0.04637819 0.8809724 0.8786129 0.08653545 -0.4696285 0.633159 0.0623607 0.7715055 0.7707798 0.0759148 -0.6325626 0.7707799 0.07591503 0.6325625 0.6331589 0.06236058 -0.7715057 0.952718 -0.09383469 -0.2890042 0.4708892 -0.04637867 0.8809724 0.8786128 -0.08653587 -0.4696285 0.6331591 -0.0623607 0.7715054 0.7707797 -0.07591515 -0.6325627 0.7707796 -0.07591545 0.6325627 0.6331589 -0.06236094 -0.7715055 0.8786128 -0.08653581 0.4696286 0.4708893 -0.04637855 -0.8809724 0.952718 -0.09383457 0.289004 0.2901663 -0.02857899 -0.9565494 0.9904384 -0.09754985 0.09754973 0.9904384 -0.09754973 -0.09754985 0.2901663 -0.02857893 0.9565494 0.4527933 -0.1373534 -0.8809725 0.9161055 -0.2778978 0.2890042 0.2790153 -0.08463853 -0.9565494 0.9523764 -0.2889002 0.09754991 0.9523763 -0.2889006 -0.09754949 0.2790154 -0.08463847 0.9565494 0.9161057 -0.2778976 -0.289004 0.4527931 -0.1373535 0.8809725 0.8448481 -0.2562821 -0.4696287 0.6088272 -0.1846857 0.7715054 0.741159 -0.2248284 -0.6325627 0.741159 -0.2248284 0.6325627 0.6088271 -0.184686 -0.7715054 0.8448481 -0.2562822 0.4696286 0.7786164 -0.4161794 -0.4696288 0.5610983 -0.2999135 0.7715054 0.683056 -0.3651013 -0.6325626 0.6830561 -0.3651013 0.6325626 0.5610983 -0.2999135 -0.7715054 0.7786164 -0.4161795 0.4696287 0.4172965 -0.2230498 -0.8809725 0.8442876 -0.4512814 0.2890041 0.257142 -0.1374455 -0.9565494 0.8777149 -0.4691486 0.09754955 0.877715 -0.4691487 -0.09754949 0.2571421 -0.1374453 0.9565494 0.8442878 -0.4512814 -0.289004 0.4172964 -0.2230499 0.8809725 0.2253868 -0.1849703 -0.9565494 0.7693236 -0.6313678 0.09754955 0.7693235 -0.6313679 -0.09754937 0.2253869 -0.1849703 0.9565494 0.7400245 -0.6073225 -0.289004 0.3657634 -0.3001745 0.8809725 0.682463 -0.5600831 -0.4696288 0.4918067 -0.4036155 0.7715054 0.5987037 -0.4913436 -0.6325626 0.5987038 -0.4913435 0.6325626 0.4918068 -0.4036155 -0.7715055 0.682463 -0.560083 0.4696288 0.3657634 -0.3001745 -0.8809724 0.7400244 -0.6073225 0.289004 0.4036154 -0.4918069 0.7715054 0.4913433 -0.5987039 -0.6325626 0.4913433 -0.5987039 0.6325626 0.4036152 -0.4918069 -0.7715054 0.5600828 -0.6824631 0.4696289 0.3001743 -0.3657636 -0.8809724 0.607322 -0.7400248 0.2890039 0.1849702 -0.225387 -0.9565495 0.6313674 -0.769324 0.09754949 0.6313674 -0.769324 -0.09754943 0.1849702 -0.225387 0.9565494 0.6073222 -0.7400247 -0.2890038 0.3001742 -0.3657636 0.8809725 0.5600827 -0.6824634 -0.4696287 0.4691483 -0.8777152 0.09754961 0.4691483 -0.8777152 -0.09754961 0.1374453 -0.2571422 0.9565494 0.4512811 -0.8442879 -0.2890037 0.2230494 -0.4172967 0.8809725 0.4161788 -0.7786169 -0.4696285 0.2999131 -0.5610985 0.7715055 0.365101 -0.6830563 -0.6325626 0.3651009 -0.6830562 0.6325627 0.2999132 -0.5610985 -0.7715054 0.416179 -0.7786166 0.4696287 0.2230495 -0.4172967 -0.8809724 0.4512807 -0.8442881 0.2890041 0.1374452 -0.2571422 -0.9565494 0.2248281 -0.7411592 -0.6325627 0.2248281 -0.7411591 0.6325626 0.1846857 -0.6088273 -0.7715055 0.2562819 -0.8448483 0.4696285 0.1373531 -0.4527932 -0.8809724 0.2778971 -0.9161058 0.2890043 0.08463841 -0.2790154 -0.9565494 0.2889001 -0.9523764 0.09754979 0.2888999 -0.9523765 -0.09754949 0.08463835 -0.2790155 0.9565494 0.2778976 -0.9161057 -0.2890039 0.1373534 -0.4527933 0.8809724 0.2562816 -0.8448486 -0.4696282 0.1846855 -0.6088272 0.7715055 0.09754937 -0.9904384 -0.09754961 0.02857875 -0.2901664 0.9565494 0.09383434 -0.9527181 -0.2890042 0.04637819 -0.4708892 0.8809724 0.08653551 -0.8786131 -0.4696282 0.06236052 -0.6331593 0.7715054 0.0759148 -0.7707798 -0.6325627 0.07591462 -0.7707797 0.6325628 0.06236028 -0.6331592 -0.7715055 0.08653539 -0.8786131 0.4696283 0.04637837 -0.4708893 -0.8809724 0.09383422 -0.952718 0.2890043 0.02857869 -0.2901664 -0.9565494 0.09754943 -0.9904384 0.09754967 -0.07591545 -0.7707794 0.6325629 -0.062361 -0.6331592 -0.7715053 -0.08653581 -0.878613 0.4696282 -0.04637855 -0.4708893 -0.8809725 -0.09383463 -0.9527181 0.289004 -0.02857881 -0.2901664 -0.9565494 -0.09754985 -0.9904383 0.09754979 -0.09754979 -0.9904384 -0.09754991 -0.02857893 -0.2901664 0.9565494 -0.09383469 -0.952718 -0.2890042 -0.04637849 -0.4708893 0.8809724 -0.08653587 -0.8786131 -0.4696282 -0.06236076 -0.6331594 0.7715052 -0.07591515 -0.7707794 -0.6325629 -0.2889007 -0.9523763 -0.09754961 -0.08463853 -0.2790154 0.9565494 -0.2778977 -0.9161057 -0.2890039 -0.1373535 -0.4527931 0.8809725 -0.2562823 -0.8448484 -0.4696282 -0.1846859 -0.6088275 0.7715051 -0.2248284 -0.7411588 -0.6325629 -0.2248284 -0.7411588 0.6325629 -0.1846861 -0.6088273 -0.7715052 -0.2562823 -0.8448483 0.4696283 -0.1373534 -0.4527932 -0.8809724 -0.277898 -0.9161056 0.2890042 -0.08463859 -0.2790154 -0.9565494 -0.2889002 -0.9523763 0.09755009 -0.2999137 -0.5610985 -0.7715052 -0.4161793 -0.7786168 0.4696283 -0.2230499 -0.4172965 -0.8809724 -0.4512816 -0.8442876 0.289004 -0.1374453 -0.2571421 -0.9565494 -0.4691488 -0.8777149 0.09754985 -0.4691488 -0.8777149 -0.09754985 -0.1374454 -0.2571421 0.9565494 -0.4512815 -0.8442877 -0.289004 -0.2230497 -0.4172967 0.8809724 -0.4161797 -0.7786168 -0.469628 -0.2999138 -0.5610985 0.7715052 -0.365101 -0.6830559 -0.6325629 -0.3651011 -0.6830556 0.6325631 -0.6073226 -0.7400243 -0.2890039 -0.3001746 -0.3657635 0.8809724 -0.5600833 -0.6824634 -0.4696279 -0.4036158 -0.4918069 0.7715051 -0.4913432 -0.5987035 -0.6325631 -0.4913433 -0.5987033 0.6325632 -0.4036157 -0.4918069 -0.7715052 -0.5600832 -0.6824634 0.469628 -0.3001746 -0.3657635 -0.8809723 -0.6073225 -0.7400245 0.2890037 -0.1849703 -0.2253868 -0.9565494 -0.6313678 -0.7693235 0.09755009 -0.6313679 -0.7693234 -0.09754991 -0.1849703 -0.2253869 0.9565494 -0.3657636 -0.3001744 -0.8809723 -0.7400246 -0.6073223 0.2890036 -0.225387 -0.1849702 -0.9565494 -0.7693238 -0.6313675 0.09755009 -0.769324 -0.6313673 -0.09754985 -0.225387 -0.1849702 0.9565494 -0.7400247 -0.6073223 -0.2890036 -0.3657637 -0.3001742 0.8809725 -0.6824635 -0.5600831 -0.469628 -0.4918071 -0.4036155 0.7715052 -0.5987036 -0.491343 -0.6325631 -0.5987036 -0.4913429 0.6325632 -0.4918072 -0.4036154 -0.7715052 -0.6824635 -0.5600831 0.4696279 -0.4172967 -0.2230496 0.8809724 -0.7786169 -0.4161793 -0.4696281 -0.5610987 -0.2999134 0.7715052 -0.6830559 -0.3651008 -0.6325631 -0.6830559 -0.3651008 0.6325632 -0.5610987 -0.2999134 -0.7715051 -0.778617 -0.4161792 0.469628 -0.4172967 -0.2230496 -0.8809723 -0.844288 -0.4512812 0.2890035 -0.2571422 -0.1374452 -0.9565494 -0.8777151 -0.4691483 0.09755003 -0.8777151 -0.4691484 -0.09755003 -0.2571422 -0.1374452 0.9565494 -0.844288 -0.4512812 -0.2890035 -0.916106 -0.2778972 0.2890035 -0.2790155 -0.08463829 -0.9565494 -0.9523764 -0.2888998 0.09755021 -0.9523763 -0.2888999 -0.09755033 -0.2790155 -0.08463841 0.9565493 -0.9161059 -0.2778973 -0.2890034 -0.4527933 -0.1373531 0.8809724 -0.8448488 -0.2562816 -0.4696279 -0.6088275 -0.1846857 0.7715052 -0.7411588 -0.224828 -0.632563 -0.7411588 -0.2248276 0.6325633 -0.6088277 -0.1846855 -0.7715051 -0.8448485 -0.2562819 0.4696282 -0.4527933 -0.1373532 -0.8809725 -0.8786132 -0.08653557 -0.4696278 -0.6331597 -0.06236058 0.771505 -0.7707793 -0.07591474 -0.6325632 -0.7707793 -0.07591462 0.6325633 -0.6331597 -0.06236034 -0.7715049 -0.8786132 -0.08653545 0.4696279 -0.4708893 -0.04637837 -0.8809725 -0.9527183 -0.09383422 0.2890035 -0.2901664 -0.02857887 -0.9565494 -0.9904383 -0.09754943 0.09755051 -0.9904382 -0.09754937 -0.09755045 -0.2901664 -0.02857863 0.9565494 -0.9527183 -0.0938344 -0.2890034 -0.4708893 -0.04637849 0.8809724 -0.2901663 0.02857881 -0.9565494 -0.9904383 0.09754985 0.09755057 -0.9904382 0.09755015 -0.09755027 -0.2901664 0.02857893 0.9565494 -0.9527183 0.09383475 -0.2890034 -0.4708893 0.04637849 0.8809724 -0.8786132 0.08653593 -0.4696278 -0.6331597 0.06236082 0.7715051 -0.7707793 0.07591515 -0.6325632 -0.7707793 0.07591503 0.6325631 -0.6331596 0.0623607 -0.7715051 -0.8786131 0.08653587 0.4696279 -0.4708893 0.04637855 -0.8809724 -0.9527183 0.09383463 0.2890033 -0.6088275 0.1846859 0.7715051 -0.7411587 0.2248284 -0.6325631 -0.7411586 0.2248284 0.6325632 -0.6088277 0.1846862 -0.771505 -0.8448485 0.2562824 0.469628 -0.4527933 0.1373534 -0.8809723 -0.9161058 0.277898 0.2890035 -0.2790154 0.08463847 -0.9565494 -0.9523763 0.2889003 0.09755045 -0.9523761 0.2889007 -0.09754997 -0.2790154 0.08463841 0.9565494 -0.9161059 0.2778978 -0.2890033 -0.4527933 0.1373534 0.8809724 -0.8448485 0.2562823 -0.4696279 -0.8777151 0.4691485 0.09755021 -0.8777148 0.4691488 -0.09754985 -0.257142 0.1374453 0.9565494 -0.8442879 0.4512814 -0.2890034 -0.4172967 0.2230498 0.8809723 -0.7786169 0.41618 -0.4696276 -0.5610988 0.2999137 0.7715051 -0.6830558 0.365101 -0.632563 -0.6830555 0.3651013 0.6325634 -0.5610988 0.299914 -0.771505 -0.7786169 0.4161794 0.4696279 -0.4172967 0.2230498 -0.8809724 -0.8442876 0.4512818 0.2890039 -0.2571421 0.1374453 -0.9565494 -0.5987033 0.4913432 -0.6325632 -0.598703 0.4913433 0.6325634 -0.4918072 0.4036161 -0.7715049 -0.6824635 0.5600835 0.4696276 -0.3657636 0.3001746 -0.8809723 -0.7400246 0.6073226 0.2890034 -0.2253869 0.1849703 -0.9565495 -0.7693234 0.6313679 0.09755009 -0.7693235 0.6313678 -0.09755021 -0.2253868 0.1849703 0.9565494 -0.7400243 0.6073228 -0.2890037 -0.3657636 0.3001745 0.8809723 -0.6824635 0.5600834 -0.4696276 -0.4918072 0.403616 0.7715049 -0.6313673 0.7693238 -0.09755039 -0.1849702 0.225387 0.9565494 -0.6073223 0.7400249 -0.2890034 -0.3001743 0.3657638 0.8809723 -0.5600833 0.6824637 -0.4696276 -0.4036158 0.4918074 0.7715049 -0.491343 0.5987033 -0.6325633 -0.4913426 0.5987034 0.6325635 -0.4036157 0.4918076 -0.7715048 -0.5600833 0.6824636 0.4696276 -0.3001744 0.3657636 -0.8809723 -0.6073224 0.7400248 0.2890032 -0.1849702 0.225387 -0.9565495 -0.6313673 0.7693239 0.09755039 -0.2999134 0.5610993 -0.7715047 -0.4161794 0.7786172 0.4696276 -0.2230497 0.4172967 -0.8809723 -0.4512814 0.8442882 0.2890027 -0.1374452 0.2571421 -0.9565494 -0.4691482 0.8777152 0.09755057 -0.469148 0.8777152 -0.09755051 -0.1374453 0.2571421 0.9565494 -0.4512811 0.8442882 -0.2890031 -0.2230496 0.4172968 0.8809724 -0.4161795 0.778617 -0.4696277 -0.2999136 0.5610991 0.7715048 -0.3651008 0.6830557 -0.6325634 -0.3651003 0.6830556 0.6325636 -0.08463841 0.2790155 0.9565493 -0.2778975 0.9161061 -0.2890027 -0.1373532 0.4527934 0.8809724 -0.2562817 0.844849 -0.4696275 -0.1846856 0.6088282 0.7715047 -0.224828 0.7411584 -0.6325636 -0.2248275 0.7411583 0.6325637 -0.1846857 0.6088281 -0.7715047 -0.256282 0.8448486 0.4696278 -0.1373531 0.4527934 -0.8809723 -0.2778973 0.9161062 0.2890028 -0.08463829 0.2790155 -0.9565494 -0.2889 0.9523764 0.09755069 -0.2889 0.9523763 -0.09755074 -0.08653545 0.8786134 0.4696274 -0.04637956 0.4708887 -0.8809726 -0.09383845 0.9527181 0.2890028 -0.02857881 0.2901664 -0.9565494 -0.09754949 0.9904383 0.09755092 -0.09755343 0.990438 -0.09754967 -0.02858 0.2901662 0.9565494 -0.09383928 0.9527165 -0.2890074 -0.04637849 0.4708893 0.8809724 -0.08653557 0.8786134 -0.4696276 -0.06236225 0.6331598 0.7715048 -0.07591491 0.770781 -0.6325611 -0.07591938 0.7707782 0.6325638 -0.06236422 0.6331585 -0.7715057</float_array>
          <technique_common>
            <accessor source="#Sphere_001-mesh-normals-array" count="960" stride="3">
              <param name="X" type="float"/>
              <param name="Y" type="float"/>
              <param name="Z" type="float"/>
            </accessor>
          </technique_common>
        </source>
        <source id="Sphere_001-mesh-map-0">
          <float_array id="Sphere_001-mesh-map-0-array" count="5760">0.75 0.1875 0.71875 0.25 0.71875 0.1875 0.75 0.625 0.71875 0.6875 0.71875 0.625 0.75 0.1875 0.71875 0.125 0.75 0.1249998 0.75 0.5625001 0.71875 0.625 0.71875 0.5625 0.75 0.1249998 0.71875 0.06249994 0.75 0.06249994 0.75 0.5625001 0.71875 0.5 0.75 0.5 0.75 0.9375001 0.734375 1 0.71875 0.9375001 0.734375 0 0.75 0.06249994 0.71875 0.06249994 0.75 0.5 0.71875 0.4375 0.75 0.4375 0.75 0.8750001 0.71875 0.9375001 0.71875 0.875 0.75 0.375 0.71875 0.4375 0.71875 0.375 0.75 0.8125 0.71875 0.875 0.71875 0.8125 0.75 0.375 0.71875 0.3125 0.75 0.3124999 0.75 0.8125 0.71875 0.75 0.75 0.75 0.75 0.3124999 0.71875 0.25 0.75 0.25 0.75 0.6875001 0.71875 0.75 0.71875 0.6875 0.71875 0.25 0.6875 0.3125 0.6875 0.25 0.71875 0.75 0.6875 0.6875 0.71875 0.6875 0.71875 0.1875 0.6875 0.25 0.6875 0.1875 0.71875 0.6875 0.6875 0.625 0.71875 0.625 0.71875 0.125 0.6875 0.1875 0.6875 0.125 0.71875 0.625 0.6875 0.5625 0.71875 0.5625 0.71875 0.06249994 0.6875 0.125 0.6875 0.06249994 0.71875 0.5 0.6875 0.5625 0.6875 0.5 0.71875 0.9375001 0.703125 1 0.6875 0.9375001 0.703125 0 0.71875 0.06249994 0.6875 0.06249994 0.71875 0.5 0.6875 0.4375 0.71875 0.4375 0.71875 0.9375001 0.6875 0.875 0.71875 0.875 0.71875 0.375 0.6875 0.4375 0.6875 0.375 0.71875 0.875 0.6875 0.8125 0.71875 0.8125 0.71875 0.3125 0.6875 0.375 0.6875 0.3125 0.71875 0.8125 0.6875 0.75 0.71875 0.75 0.6875 0.9375001 0.671875 1 0.65625 0.9375001 0.671875 0 0.6875 0.06249994 0.65625 0.06249994 0.6875 0.5 0.65625 0.4375 0.6875 0.4375 0.6875 0.9375001 0.65625 0.875 0.6875 0.875 0.6875 0.375 0.65625 0.4375 0.65625 0.375 0.6875 0.875 0.65625 0.8125 0.6875 0.8125 0.6875 0.3125 0.65625 0.375 0.65625 0.3125 0.6875 0.75 0.65625 0.8125 0.65625 0.75 0.6875 0.25 0.65625 0.3125 0.65625 0.25 0.6875 0.75 0.65625 0.6875 0.6875 0.6875 0.6875 0.25 0.65625 0.1875 0.6875 0.1875 0.6875 0.6875 0.65625 0.625 0.6875 0.625 0.6875 0.125 0.65625 0.1875 0.65625 0.125 0.6875 0.625 0.65625 0.5625 0.6875 0.5625 0.6875 0.06249994 0.65625 0.125 0.65625 0.06249994 0.6875 0.5 0.65625 0.5625 0.65625 0.5 0.65625 0.75 0.625 0.6875 0.65625 0.6875 0.65625 0.25 0.625 0.1875 0.65625 0.1875 0.65625 0.6875 0.625 0.6250001 0.65625 0.625 0.65625 0.125 0.625 0.1875 0.625 0.125 0.65625 0.625 0.625 0.5625 0.65625 0.5625 0.65625 0.06249994 0.625 0.125 0.625 0.06249994 0.65625 0.5 0.625 0.5625 0.625 0.5 0.65625 0.9375001 0.640625 1 0.625 0.9375001 0.640625 0 0.65625 0.06249994 0.625 0.06249994 0.65625 0.5 0.625 0.4375 0.65625 0.4375 0.65625 0.9375001 0.625 0.875 0.65625 0.875 0.65625 0.375 0.625 0.4375 0.625 0.375 0.65625 0.875 0.625 0.8125 0.65625 0.8125 0.65625 0.3125 0.625 0.375 0.625 0.3125 0.65625 0.75 0.625 0.8125 0.625 0.75 0.65625 0.3125 0.625 0.25 0.65625 0.25 0.625 0.5 0.59375 0.4375 0.625 0.4375 0.625 0.9375001 0.59375 0.875 0.625 0.875 0.625 0.375 0.59375 0.4375 0.59375 0.375 0.625 0.875 0.59375 0.8125 0.625 0.8125 0.625 0.375 0.59375 0.3125 0.625 0.3125 0.625 0.75 0.59375 0.8125 0.59375 0.75 0.625 0.3125 0.59375 0.25 0.625 0.25 0.625 0.75 0.59375 0.6875 0.625 0.6875 0.625 0.25 0.59375 0.1875 0.625 0.1875 0.625 0.6250001 0.59375 0.6875 0.59375 0.6250001 0.625 0.125 0.59375 0.1875 0.59375 0.125 0.625 0.6250001 0.59375 0.5625 0.625 0.5625 0.625 0.06249994 0.59375 0.125 0.59375 0.06249994 0.625 0.5 0.59375 0.5625 0.59375 0.5 0.625 0.9375001 0.609375 1 0.59375 0.9375001 0.609375 0 0.625 0.06249994 0.59375 0.06249994 0.59375 0.25 0.5625 0.1875 0.59375 0.1875 0.59375 0.6250001 0.5625 0.6875 0.5625 0.6250001 0.59375 0.125 0.5625 0.1875 0.5625 0.125 0.59375 0.6250001 0.5625 0.5625 0.59375 0.5625 0.59375 0.06249994 0.5625 0.125 0.5625 0.06249994 0.59375 0.5 0.5625 0.5625 0.5625 0.5 0.59375 0.9375001 0.578125 1 0.5625 0.9375001 0.578125 0 0.59375 0.06249994 0.5625 0.06249994 0.59375 0.5 0.5625 0.4375 0.59375 0.4375 0.59375 0.9375001 0.5625 0.875 0.59375 0.875 0.59375 0.375 0.5625 0.4375 0.5625 0.375 0.59375 0.875 0.5625 0.8125 0.59375 0.8125 0.59375 0.375 0.5625 0.3125 0.59375 0.3125 0.59375 0.75 0.5625 0.8125 0.5625 0.75 0.59375 0.3125 0.5625 0.25 0.59375 0.25 0.59375 0.6875 0.5625 0.75 0.5625 0.6875 0.5625 0.9375001 0.53125 0.875 0.5625 0.875 0.5625 0.375 0.53125 0.4375 0.53125 0.375 0.5625 0.875 0.53125 0.8125 0.5625 0.8125 0.5625 0.375 0.53125 0.3125 0.5625 0.3125 0.5625 0.8125 0.53125 0.75 0.5625 0.75 0.5625 0.25 0.53125 0.3125 0.53125 0.25 0.5625 0.75 0.53125 0.6875 0.5625 0.6875 0.5625 0.1875 0.53125 0.25 0.53125 0.1875 0.5625 0.6250001 0.53125 0.6875 0.53125 0.6250001 0.5625 0.125 0.53125 0.1875 0.53125 0.125 0.5625 0.6250001 0.53125 0.5625 0.5625 0.5625 0.5625 0.06249994 0.53125 0.125 0.53125 0.06249994 0.5625 0.5 0.53125 0.5625 0.53125 0.5 0.5625 0.9375001 0.546875 1 0.53125 0.9375001 0.546875 0 0.5625 0.06249994 0.53125 0.06249994 0.5625 0.5 0.53125 0.4375 0.5625 0.4375 0.53125 0.6250001 0.5 0.6875001 0.5 0.6250001 0.53125 0.125 0.5 0.1875 0.5 0.125 0.53125 0.6250001 0.5 0.5625 0.53125 0.5625 0.53125 0.06249994 0.5 0.125 0.5 0.06249994 0.53125 0.5 0.5 0.5625 0.5 0.5 0.53125 0.9375001 0.515625 1 0.5 0.9375001 0.515625 0 0.53125 0.06249994 0.5 0.06249994 0.53125 0.5 0.5 0.4375 0.53125 0.4375 0.53125 0.9375001 0.5 0.875 0.53125 0.875 0.53125 0.375 0.5 0.4375 0.5 0.375 0.53125 0.875 0.5 0.8125 0.53125 0.8125 0.53125 0.375 0.5 0.3125 0.53125 0.3125 0.53125 0.8125 0.5 0.75 0.53125 0.75 0.53125 0.25 0.5 0.3125 0.5 0.25 0.53125 0.75 0.5 0.6875001 0.53125 0.6875 0.53125 0.1875 0.5 0.25 0.5 0.1875 0.5 0.375 0.46875 0.4375 0.46875 0.375 0.5 0.875 0.46875 0.8125 0.5 0.8125 0.5 0.375 0.46875 0.3125 0.5 0.3125 0.5 0.8125 0.46875 0.75 0.5 0.75 0.5 0.3125 0.46875 0.25 0.5 0.25 0.5 0.75 0.46875 0.6875 0.5 0.6875001 0.5 0.1875 0.46875 0.25 0.46875 0.1875 0.5 0.6250001 0.46875 0.6875 0.46875 0.6250001 0.5 0.125 0.46875 0.1875 0.46875 0.125 0.5 0.6250001 0.46875 0.5625 0.5 0.5625 0.5 0.06249994 0.46875 0.125 0.46875 0.06249994 0.5 0.5 0.46875 0.5625 0.46875 0.5 0.5 0.9375001 0.484375 1 0.46875 0.9375001 0.484375 0 0.5 0.06249994 0.46875 0.06249994 0.5 0.5 0.46875 0.4375 0.5 0.4375 0.5 0.9375001 0.46875 0.875 0.5 0.875 0.46875 0.125 0.4375 0.1875 0.4375 0.125 0.46875 0.6250001 0.4375 0.5625 0.46875 0.5625 0.46875 0.06249994 0.4375 0.125 0.4375 0.06249994 0.46875 0.5 0.4375 0.5625 0.4375 0.5 0.46875 0.9375001 0.453125 1 0.4375 0.9375001 0.453125 0 0.46875 0.06249994 0.4375 0.06249994 0.46875 0.5 0.4375 0.4375 0.46875 0.4375 0.46875 0.9375001 0.4375 0.875 0.46875 0.875 0.46875 0.375 0.4375 0.4375 0.4375 0.375 0.46875 0.875 0.4375 0.8125 0.46875 0.8125 0.46875 0.375 0.4375 0.3125 0.46875 0.3125 0.46875 0.8125 0.4375 0.7500001 0.46875 0.75 0.46875 0.25 0.4375 0.3125 0.4375 0.25 0.46875 0.75 0.4375 0.6875001 0.46875 0.6875 0.46875 0.1875 0.4375 0.25 0.4375 0.1875 0.46875 0.6250001 0.4375 0.6875001 0.4375 0.6250001 0.4375 0.375 0.40625 0.3125 0.4375 0.3125 0.4375 0.8125 0.40625 0.7500001 0.4375 0.7500001 0.4375 0.25 0.40625 0.3125 0.40625 0.25 0.4375 0.7500001 0.40625 0.6875001 0.4375 0.6875001 0.4375 0.1875 0.40625 0.25 0.40625 0.1875 0.4375 0.6250001 0.40625 0.6875001 0.40625 0.6250001 0.4375 0.125 0.40625 0.1875 0.40625 0.125 0.4375 0.6250001 0.40625 0.5625 0.4375 0.5625 0.4375 0.06249994 0.40625 0.125 0.40625 0.06249994 0.4375 0.5 0.40625 0.5625 0.40625 0.5 0.4375 0.9375001 0.421875 1 0.40625 0.9375001 0.421875 0 0.4375 0.06249994 0.40625 0.06249994 0.4375 0.5 0.40625 0.4375 0.4375 0.4375 0.4375 0.9375001 0.40625 0.875 0.4375 0.875 0.4375 0.375 0.40625 0.4375 0.40625 0.375 0.4375 0.875 0.40625 0.8125 0.4375 0.8125 0.40625 0.06249994 0.375 0.125 0.375 0.06249994 0.40625 0.5 0.375 0.5625 0.375 0.5 0.40625 0.9375001 0.390625 1 0.375 0.9375001 0.390625 0 0.40625 0.06249994 0.375 0.06249994 0.40625 0.5 0.375 0.4375 0.40625 0.4375 0.40625 0.9375001 0.375 0.875 0.40625 0.875 0.40625 0.375 0.375 0.4375 0.375 0.375 0.40625 0.875 0.375 0.8125 0.40625 0.8125 0.40625 0.375 0.375 0.3125 0.40625 0.3125 0.40625 0.8125 0.375 0.7500001 0.40625 0.7500001 0.40625 0.25 0.375 0.3125 0.375 0.25 0.40625 0.7500001 0.375 0.6875001 0.40625 0.6875001 0.40625 0.25 0.375 0.1875 0.40625 0.1875 0.40625 0.6250001 0.375 0.6875001 0.375 0.6250001 0.40625 0.125 0.375 0.1875 0.375 0.125 0.40625 0.6250001 0.375 0.5625 0.40625 0.5625 0.375 0.8125 0.34375 0.7500001 0.375 0.7500001 0.375 0.25 0.34375 0.3125 0.34375 0.25 0.375 0.7500001 0.34375 0.6875001 0.375 0.6875001 0.375 0.1875 0.34375 0.25 0.34375 0.1875 0.375 0.6250001 0.34375 0.6875001 0.34375 0.6250001 0.375 0.125 0.34375 0.1875 0.34375 0.125 0.375 0.6250001 0.34375 0.5625 0.375 0.5625 0.375 0.06249994 0.34375 0.125 0.34375 0.06249994 0.375 0.5 0.34375 0.5625 0.34375 0.5 0.375 0.9375001 0.359375 1 0.34375 0.9375001 0.359375 0 0.375 0.06249994 0.34375 0.06249994 0.375 0.5 0.34375 0.4375 0.375 0.4375 0.375 0.9375001 0.34375 0.875 0.375 0.875 0.375 0.375 0.34375 0.4375 0.34375 0.375 0.375 0.875 0.34375 0.8125 0.375 0.8125 0.375 0.375 0.34375 0.3125 0.375 0.3125 0.34375 0.5 0.3125 0.5625 0.3125 0.5 0.34375 0.9375001 0.328125 1 0.3125 0.9375001 0.328125 0 0.34375 0.06249994 0.3125 0.06249994 0.34375 0.5 0.3125 0.4375 0.34375 0.4375 0.34375 0.9375001 0.3125 0.8750001 0.34375 0.875 0.34375 0.375 0.3125 0.4375 0.3125 0.375 0.34375 0.875 0.3125 0.8125 0.34375 0.8125 0.34375 0.375 0.3125 0.3125 0.34375 0.3125 0.34375 0.8125 0.3125 0.7500001 0.34375 0.7500001 0.34375 0.25 0.3125 0.3125 0.3125 0.25 0.34375 0.7500001 0.3125 0.6875001 0.34375 0.6875001 0.34375 0.1875 0.3125 0.25 0.3125 0.1875 0.34375 0.6250001 0.3125 0.6875001 0.3125 0.6250001 0.34375 0.125 0.3125 0.1875 0.3125 0.1249998 0.34375 0.6250001 0.3125 0.5625 0.34375 0.5625 0.34375 0.06249994 0.3125 0.1249998 0.3125 0.06249994 0.3125 0.3125 0.28125 0.25 0.3125 0.25 0.3125 0.7500001 0.28125 0.6875001 0.3125 0.6875001 0.3125 0.1875 0.28125 0.25 0.28125 0.1875 0.3125 0.6250001 0.28125 0.6875001 0.28125 0.6250001 0.3125 0.1249998 0.28125 0.1875 0.28125 0.125 0.3125 0.6250001 0.28125 0.5625 0.3125 0.5625 0.3125 0.1249998 0.28125 0.06249994 0.3125 0.06249994 0.3125 0.5 0.28125 0.5625 0.28125 0.5 0.3125 0.9375001 0.296875 1 0.28125 0.9375001 0.296875 0 0.3125 0.06249994 0.28125 0.06249994 0.3125 0.5 0.28125 0.4375 0.3125 0.4375 0.3125 0.8750001 0.28125 0.9375001 0.28125 0.875 0.3125 0.375 0.28125 0.4375 0.28125 0.375 0.3125 0.8750001 0.28125 0.8125 0.3125 0.8125 0.3125 0.375 0.28125 0.3125 0.3125 0.3125 0.3125 0.8125 0.28125 0.7500001 0.3125 0.7500001 0.28125 0.9375001 0.265625 1 0.25 0.9375001 0.265625 0 0.28125 0.06249994 0.25 0.06249994 0.28125 0.5 0.25 0.4375 0.28125 0.4375 0.28125 0.9375001 0.25 0.8750001 0.28125 0.875 0.28125 0.375 0.25 0.4375 0.25 0.375 0.28125 0.875 0.25 0.8125 0.28125 0.8125 0.28125 0.3125 0.25 0.375 0.25 0.3125 0.28125 0.8125 0.25 0.7500001 0.28125 0.7500001 0.28125 0.25 0.25 0.3125 0.25 0.2499999 0.28125 0.7500001 0.25 0.6875001 0.28125 0.6875001 0.28125 0.1875 0.25 0.2499999 0.25 0.1875 0.28125 0.6875001 0.25 0.6250001 0.28125 0.6250001 0.28125 0.125 0.25 0.1875 0.25 0.1249998 0.28125 0.6250001 0.25 0.5625 0.28125 0.5625 0.28125 0.06249994 0.25 0.1249998 0.25 0.06249994 0.28125 0.5 0.25 0.5625 0.25 0.5 0.25 0.7500001 0.21875 0.6875001 0.25 0.6875001 0.25 0.1875 0.21875 0.2499999 0.21875 0.1875 0.25 0.6250001 0.21875 0.6875001 0.21875 0.6250001 0.25 0.1875 0.21875 0.125 0.25 0.1249998 0.25 0.6250001 0.21875 0.5625001 0.25 0.5625 0.25 0.1249998 0.21875 0.06249994 0.25 0.06249994 0.25 0.5 0.21875 0.5625001 0.21875 0.5 0.25 0.9375001 0.234375 1 0.21875 0.9375001 0.234375 0 0.25 0.06249994 0.21875 0.06249994 0.25 0.5 0.21875 0.4375 0.25 0.4375 0.25 0.8750001 0.21875 0.9375001 0.21875 0.875 0.25 0.375 0.21875 0.4375 0.21875 0.375 0.25 0.8750001 0.21875 0.8125 0.25 0.8125 0.25 0.375 0.21875 0.3125 0.25 0.3125 0.25 0.8125 0.21875 0.7500001 0.25 0.7500001 0.25 0.3125 0.21875 0.2499999 0.25 0.2499999 0.21875 0.5 0.1875 0.4375 0.21875 0.4375 0.21875 0.9375001 0.1875 0.8750001 0.21875 0.875 0.21875 0.375 0.1875 0.4375 0.1875 0.375 0.21875 0.875 0.1875 0.8125 0.21875 0.8125 0.21875 0.3125 0.1875 0.375 0.1875 0.3125 0.21875 0.8125 0.1875 0.7500001 0.21875 0.7500001 0.21875 0.2499999 0.1875 0.3125 0.1875 0.2499999 0.21875 0.7500001 0.1875 0.6875001 0.21875 0.6875001 0.21875 0.1875 0.1875 0.2499999 0.1875 0.1875 0.21875 0.6875001 0.1875 0.6250001 0.21875 0.6250001 0.21875 0.125 0.1875 0.1875 0.1875 0.1249998 0.21875 0.6250001 0.1875 0.5625001 0.21875 0.5625001 0.21875 0.06249994 0.1875 0.1249998 0.1875 0.06249994 0.21875 0.5 0.1875 0.5625001 0.1875 0.5 0.21875 0.9375001 0.203125 1 0.1875 0.9375001 0.203125 0 0.21875 0.06249994 0.1875 0.06249994 0.1875 0.2499999 0.15625 0.1875 0.1875 0.1875 0.1875 0.6250001 0.15625 0.6875001 0.15625 0.6250001 0.1875 0.1249998 0.15625 0.1875 0.15625 0.1249998 0.1875 0.6250001 0.15625 0.5625001 0.1875 0.5625001 0.1875 0.1249998 0.15625 0.06249994 0.1875 0.06249994 0.1875 0.5 0.15625 0.5625001 0.15625 0.5 0.1875 0.9375001 0.171875 1 0.15625 0.9375001 0.171875 0 0.1875 0.06249994 0.15625 0.06249994 0.1875 0.5 0.15625 0.4375 0.1875 0.4375 0.1875 0.8750001 0.15625 0.9375001 0.15625 0.8750001 0.1875 0.375 0.15625 0.4375 0.15625 0.375 0.1875 0.8750001 0.15625 0.8125001 0.1875 0.8125 0.1875 0.375 0.15625 0.3125 0.1875 0.3125 0.1875 0.8125 0.15625 0.7500001 0.1875 0.7500001 0.1875 0.2499999 0.15625 0.3125 0.15625 0.2499999 0.1875 0.7500001 0.15625 0.6875001 0.1875 0.6875001 0.15625 0.375 0.125 0.4375 0.125 0.375 0.15625 0.8750001 0.125 0.8125001 0.15625 0.8125001 0.15625 0.375 0.125 0.3125 0.15625 0.3125 0.15625 0.7500001 0.125 0.8125001 0.125 0.7500001 0.15625 0.2499999 0.125 0.3125 0.125 0.2499999 0.15625 0.7500001 0.125 0.6875001 0.15625 0.6875001 0.15625 0.2499999 0.125 0.1875 0.15625 0.1875 0.15625 0.6250001 0.125 0.6875001 0.125 0.6250001 0.15625 0.1249998 0.125 0.1875 0.125 0.1249998 0.15625 0.6250001 0.125 0.5625001 0.15625 0.5625001 0.15625 0.06249994 0.125 0.1249998 0.125 0.06249994 0.15625 0.5 0.125 0.5625001 0.125 0.5 0.15625 0.9375001 0.140625 1 0.125 0.9375001 0.140625 0 0.15625 0.06249994 0.125 0.06249994 0.15625 0.5 0.125 0.4375 0.15625 0.4375 0.15625 0.9375001 0.125 0.8750001 0.15625 0.8750001 0.125 0.1249998 0.09375 0.1875 0.09374994 0.1249998 0.125 0.6250001 0.09375 0.5625001 0.125 0.5625001 0.125 0.06249994 0.09374994 0.1249998 0.09375 0.06249994 0.125 0.5 0.09375 0.5625001 0.09375 0.5 0.125 0.9375001 0.109375 1 0.09375 0.9375001 0.109375 0 0.125 0.06249994 0.09375 0.06249994 0.125 0.5 0.09375 0.4375 0.125 0.4375 0.125 0.9375001 0.09374994 0.8750001 0.125 0.8750001 0.125 0.375 0.09375 0.4375 0.09375 0.375 0.125 0.8750001 0.09375 0.8125001 0.125 0.8125001 0.125 0.375 0.09375 0.3125 0.125 0.3125 0.125 0.7500001 0.09375 0.8125001 0.09374994 0.7500001 0.125 0.2499999 0.09375 0.3125 0.09374994 0.2499998 0.125 0.7500001 0.09375 0.6875001 0.125 0.6875001 0.125 0.2499999 0.09375 0.1875 0.125 0.1875 0.125 0.6250001 0.09375 0.6875001 0.09375 0.6250001 0.09374994 0.8750001 0.0625 0.8125001 0.09375 0.8125001 0.09375 0.375 0.0625 0.3125 0.09375 0.3125 0.09374994 0.7500001 0.0625 0.8125001 0.0625 0.7500001 0.09374994 0.2499998 0.0625 0.3125 0.0625 0.2499998 0.09374994 0.7500001 0.0625 0.6875001 0.09375 0.6875001 0.09374994 0.2499998 0.0625 0.1875 0.09375 0.1875 0.09375 0.6250001 0.0625 0.6875001 0.0625 0.6250001 0.09374994 0.1249998 0.0625 0.1875 0.0625 0.1249998 0.09375 0.6250001 0.0625 0.5625001 0.09375 0.5625001 0.09375 0.06249994 0.0625 0.1249998 0.0625 0.06249994 0.09375 0.5 0.0625 0.5625001 0.0625 0.5 0.09375 0.9375001 0.078125 1 0.0625 0.9375001 0.078125 0 0.09375 0.06249994 0.0625 0.06249994 0.09375 0.5 0.0625 0.4375 0.09375 0.4375 0.09375 0.9375001 0.0625 0.8750001 0.09374994 0.8750001 0.09375 0.375 0.0625 0.4375 0.0625 0.375 0.0625 0.6250001 0.03125 0.5625001 0.0625 0.5625001 0.0625 0.1249998 0.03124994 0.06249994 0.0625 0.06249994 0.0625 0.5 0.03125 0.5625001 0.03124994 0.5 0.0625 0.9375001 0.04687494 1 0.03124994 0.9375001 0.04687494 0 0.0625 0.06249994 0.03124994 0.06249994 0.0625 0.5 0.03125 0.4375 0.0625 0.4375 0.0625 0.9375001 0.03124994 0.8750001 0.0625 0.8750001 0.0625 0.375 0.03125 0.4375 0.03125 0.375 0.0625 0.8750001 0.03124994 0.8125001 0.0625 0.8125001 0.0625 0.375 0.03125 0.3125 0.0625 0.3125 0.0625 0.7500001 0.03124994 0.8125001 0.03124994 0.7500001 0.0625 0.2499998 0.03125 0.3125 0.03124994 0.2499998 0.0625 0.7500001 0.03125 0.6875001 0.0625 0.6875001 0.0625 0.2499998 0.03124994 0.1875 0.0625 0.1875 0.0625 0.6250001 0.03125 0.6875001 0.03125 0.6250001 0.0625 0.1249998 0.03124994 0.1875 0.03124994 0.1249998 0.03125 0.3125 0 0.375 0 0.3124999 0.03124994 0.8125001 0 0.7500001 0.03124994 0.7500001 0.03124994 0.2499998 0 0.3124999 0 0.2499998 0.03124994 0.7500001 0 0.6875001 0.03125 0.6875001 0.03124994 0.2499998 0 0.1875 0.03124994 0.1875 0.03125 0.6875001 0 0.6250001 0.03125 0.6250001 0.03124994 0.1249998 0 0.1875 0 0.1249998 0.03125 0.6250001 0 0.5625001 0.03125 0.5625001 0.03124994 0.06249994 0 0.1249998 0 0.06249994 0.03124994 0.5 0 0.5625001 0 0.5 0.03124994 0.9375001 0.01562494 1 0 0.9375001 0.01562494 0 0.03124994 0.06249994 0 0.06249994 0.03124994 0.5 0 0.4375 0.03125 0.4375 0.03124994 0.9375001 0 0.8750001 0.03124994 0.8750001 0.03125 0.375 0 0.4375 0 0.375 0.03124994 0.8750001 0 0.8125001 0.03124994 0.8125001 1 0.1249998 0.96875 0.06249994 1 0.06249994 1 0.5 0.96875 0.5625001 0.96875 0.5 1 0.9375001 0.984375 1 0.96875 0.9375001 0.984375 0 1 0.06249994 0.96875 0.06249994 1 0.5 0.96875 0.4375 1 0.4375 1 0.8750001 0.96875 0.9375001 0.96875 0.8750001 1 0.375 0.96875 0.4375 0.96875 0.375 1 0.8125001 0.96875 0.8750001 0.96875 0.8125001 1 0.375 0.96875 0.3125 1 0.3124999 1 0.7500001 0.96875 0.8125001 0.96875 0.7500001 1 0.2499998 0.96875 0.3125 0.96875 0.2499998 1 0.7500001 0.96875 0.6875001 1 0.6875001 1 0.2499998 0.96875 0.1875 1 0.1875 1 0.6250001 0.96875 0.6875001 0.96875 0.6250001 1 0.1875 0.96875 0.1249998 1 0.1249998 1 0.6250001 0.96875 0.5625001 1 0.5625001 0.96875 0.7500001 0.9375 0.8125001 0.9375 0.7500001 0.96875 0.2499998 0.9375 0.3124999 0.9375 0.2499998 0.96875 0.7500001 0.9375 0.6875001 0.96875 0.6875001 0.96875 0.2499998 0.9375 0.1875 0.96875 0.1875 0.96875 0.6875001 0.9375 0.6250001 0.96875 0.6250001 0.96875 0.1249998 0.9375 0.1875 0.9375 0.1249998 0.96875 0.6250001 0.9375 0.5625001 0.96875 0.5625001 0.96875 0.1249998 0.9375 0.06249994 0.96875 0.06249994 0.96875 0.5 0.9375 0.5625001 0.9375 0.5 0.96875 0.9375001 0.953125 1 0.9375 0.9375001 0.953125 0 0.96875 0.06249994 0.9375 0.06249994 0.96875 0.5 0.9375 0.4375 0.96875 0.4375 0.96875 0.9375001 0.9375 0.8750001 0.96875 0.8750001 0.96875 0.375 0.9375 0.4375 0.9375 0.375 0.96875 0.8750001 0.9375 0.8125001 0.96875 0.8125001 0.96875 0.3125 0.9375 0.375 0.9375 0.3124999 0.9375 0.5 0.90625 0.5625001 0.90625 0.5 0.9375 0.9375001 0.921875 1 0.90625 0.9375001 0.921875 0 0.9375 0.06249994 0.90625 0.06249994 0.9375 0.5 0.90625 0.4375 0.9375 0.4375 0.9375 0.9375001 0.90625 0.8750001 0.9375 0.8750001 0.9375 0.375 0.90625 0.4375 0.90625 0.375 0.9375 0.8750001 0.90625 0.8125001 0.9375 0.8125001 0.9375 0.375 0.90625 0.3124999 0.9375 0.3124999 0.9375 0.7500001 0.90625 0.8125001 0.90625 0.7500002 0.9375 0.2499998 0.90625 0.3124999 0.90625 0.2499998 0.9375 0.7500001 0.90625 0.6875001 0.9375 0.6875001 0.9375 0.2499998 0.90625 0.1875 0.9375 0.1875 0.9375 0.6250001 0.90625 0.6875001 0.90625 0.6250001 0.9375 0.1249998 0.90625 0.1875 0.90625 0.1249998 0.9375 0.6250001 0.90625 0.5625001 0.9375 0.5625001 0.9375 0.1249998 0.90625 0.06249994 0.9375 0.06249994 0.90625 0.2499998 0.875 0.3124999 0.875 0.2499998 0.90625 0.7500002 0.875 0.6875001 0.90625 0.6875001 0.90625 0.2499998 0.875 0.1875 0.90625 0.1875 0.90625 0.6250001 0.875 0.6875001 0.875 0.6250001 0.90625 0.1249998 0.875 0.1875 0.875 0.1249998 0.90625 0.6250001 0.875 0.5625001 0.90625 0.5625001 0.90625 0.06249994 0.875 0.1249998 0.875 0.06249994 0.90625 0.5 0.875 0.5625001 0.875 0.5 0.90625 0.9375001 0.890625 1 0.875 0.9375001 0.890625 0 0.90625 0.06249994 0.875 0.06249994 0.90625 0.5 0.875 0.4375 0.90625 0.4375 0.90625 0.9375001 0.875 0.8750001 0.90625 0.8750001 0.90625 0.375 0.875 0.4375 0.875 0.375 0.90625 0.8750001 0.875 0.8125001 0.90625 0.8125001 0.90625 0.375 0.875 0.3124999 0.90625 0.3124999 0.90625 0.7500002 0.875 0.8125001 0.875 0.7500002 0.859375 0 0.875 0.06249994 0.84375 0.06249994 0.875 0.5 0.84375 0.4375 0.875 0.4375 0.875 0.9375001 0.84375 0.8750001 0.875 0.8750001 0.875 0.375 0.84375 0.4375 0.84375 0.375 0.875 0.8125001 0.84375 0.8750001 0.84375 0.8125001 0.875 0.375 0.84375 0.3124999 0.875 0.3124999 0.875 0.7500002 0.84375 0.8125001 0.84375 0.7500002 0.875 0.2499998 0.84375 0.3124999 0.84375 0.2499998 0.875 0.7500002 0.84375 0.6875001 0.875 0.6875001 0.875 0.2499998 0.84375 0.1875 0.875 0.1875 0.875 0.6250001 0.84375 0.6875001 0.84375 0.6250001 0.875 0.1875 0.84375 0.1249998 0.875 0.1249998 0.875 0.6250001 0.84375 0.5625001 0.875 0.5625001 0.875 0.06249994 0.84375 0.1249998 0.84375 0.06249994 0.875 0.5 0.84375 0.5625001 0.84375 0.5 0.875 0.9375001 0.859375 1 0.84375 0.9375001 0.84375 0.2499998 0.8125 0.1875 0.84375 0.1875 0.84375 0.6250001 0.8125 0.6875001 0.8125 0.6250001 0.84375 0.1875 0.8125 0.1249998 0.84375 0.1249998 0.84375 0.6250001 0.8125 0.5625001 0.84375 0.5625001 0.84375 0.1249998 0.8125 0.06249994 0.84375 0.06249994 0.84375 0.5 0.8125 0.5625001 0.8125 0.5 0.84375 0.9375001 0.828125 1 0.8125 0.9375001 0.828125 0 0.84375 0.06249994 0.8125 0.06249994 0.84375 0.5 0.8125 0.4375 0.84375 0.4375 0.84375 0.8750001 0.8125 0.9375001 0.8125 0.8750001 0.84375 0.375 0.8125 0.4375 0.8125 0.375 0.84375 0.8125001 0.8125 0.8750001 0.8125 0.8125001 0.84375 0.375 0.8125 0.3124999 0.84375 0.3124999 0.84375 0.7500002 0.8125 0.8125001 0.8125 0.7500002 0.84375 0.2499998 0.8125 0.3124999 0.8125 0.2499998 0.84375 0.7500002 0.8125 0.6875001 0.84375 0.6875001 0.8125 0.9375001 0.78125 0.8750001 0.8125 0.8750001 0.8125 0.375 0.78125 0.4375 0.78125 0.375 0.8125 0.8750001 0.78125 0.8125001 0.8125 0.8125001 0.8125 0.375 0.78125 0.3124999 0.8125 0.3124999 0.8125 0.8125001 0.78125 0.7500002 0.8125 0.7500002 0.8125 0.2499998 0.78125 0.3124999 0.78125 0.2499998 0.8125 0.7500002 0.78125 0.6875001 0.8125 0.6875001 0.8125 0.2499998 0.78125 0.1875 0.8125 0.1875 0.8125 0.6250001 0.78125 0.6875001 0.78125 0.6250001 0.8125 0.1249998 0.78125 0.1875 0.78125 0.1249998 0.8125 0.6250001 0.78125 0.5625001 0.8125 0.5625001 0.8125 0.1249998 0.78125 0.06249994 0.8125 0.06249994 0.8125 0.5 0.78125 0.5625001 0.78125 0.5 0.8125 0.9375001 0.796875 1 0.78125 0.9375001 0.796875 0 0.8125 0.06249994 0.78125 0.06249994 0.8125 0.5 0.78125 0.4375 0.8125 0.4375 0.78125 0.6250001 0.75 0.6875001 0.75 0.625 0.78125 0.1875 0.75 0.1249998 0.78125 0.1249998 0.78125 0.5625001 0.75 0.625 0.75 0.5625001 0.78125 0.06249994 0.75 0.1249998 0.75 0.06249994 0.78125 0.5 0.75 0.5625001 0.75 0.5 0.78125 0.9375001 0.765625 1 0.75 0.9375001 0.765625 0 0.78125 0.06249994 0.75 0.06249994 0.78125 0.5 0.75 0.4375 0.78125 0.4375 0.78125 0.8750001 0.75 0.9375001 0.75 0.8750001 0.78125 0.4375 0.75 0.375 0.78125 0.375 0.78125 0.8125001 0.75 0.8750001 0.75 0.8125 0.78125 0.375 0.75 0.3124999 0.78125 0.3124999 0.78125 0.7500002 0.75 0.8125 0.75 0.75 0.78125 0.3124999 0.75 0.25 0.78125 0.2499998 0.78125 0.6875001 0.75 0.75 0.75 0.6875001 0.78125 0.2499998 0.75 0.1875 0.78125 0.1875 0.75 0.1875 0.75 0.25 0.71875 0.25 0.75 0.625 0.75 0.6875001 0.71875 0.6875 0.75 0.1875 0.71875 0.1875 0.71875 0.125 0.75 0.5625001 0.75 0.625 0.71875 0.625 0.75 0.1249998 0.71875 0.125 0.71875 0.06249994 0.75 0.5625001 0.71875 0.5625 0.71875 0.5 0.75 0.5 0.71875 0.5 0.71875 0.4375 0.75 0.8750001 0.75 0.9375001 0.71875 0.9375001 0.75 0.375 0.75 0.4375 0.71875 0.4375 0.75 0.8125 0.75 0.8750001 0.71875 0.875 0.75 0.375 0.71875 0.375 0.71875 0.3125 0.75 0.8125 0.71875 0.8125 0.71875 0.75 0.75 0.3124999 0.71875 0.3125 0.71875 0.25 0.75 0.6875001 0.75 0.75 0.71875 0.75 0.71875 0.25 0.71875 0.3125 0.6875 0.3125 0.71875 0.75 0.6875 0.75 0.6875 0.6875 0.71875 0.1875 0.71875 0.25 0.6875 0.25 0.71875 0.6875 0.6875 0.6875 0.6875 0.625 0.71875 0.125 0.71875 0.1875 0.6875 0.1875 0.71875 0.625 0.6875 0.625 0.6875 0.5625 0.71875 0.06249994 0.71875 0.125 0.6875 0.125 0.71875 0.5 0.71875 0.5625 0.6875 0.5625 0.71875 0.5 0.6875 0.5 0.6875 0.4375 0.71875 0.9375001 0.6875 0.9375001 0.6875 0.875 0.71875 0.375 0.71875 0.4375 0.6875 0.4375 0.71875 0.875 0.6875 0.875 0.6875 0.8125 0.71875 0.3125 0.71875 0.375 0.6875 0.375 0.71875 0.8125 0.6875 0.8125 0.6875 0.75 0.6875 0.5 0.65625 0.5 0.65625 0.4375 0.6875 0.9375001 0.65625 0.9375001 0.65625 0.875 0.6875 0.375 0.6875 0.4375 0.65625 0.4375 0.6875 0.875 0.65625 0.875 0.65625 0.8125 0.6875 0.3125 0.6875 0.375 0.65625 0.375 0.6875 0.75 0.6875 0.8125 0.65625 0.8125 0.6875 0.25 0.6875 0.3125 0.65625 0.3125 0.6875 0.75 0.65625 0.75 0.65625 0.6875 0.6875 0.25 0.65625 0.25 0.65625 0.1875 0.6875 0.6875 0.65625 0.6875 0.65625 0.625 0.6875 0.125 0.6875 0.1875 0.65625 0.1875 0.6875 0.625 0.65625 0.625 0.65625 0.5625 0.6875 0.06249994 0.6875 0.125 0.65625 0.125 0.6875 0.5 0.6875 0.5625 0.65625 0.5625 0.65625 0.75 0.625 0.75 0.625 0.6875 0.65625 0.25 0.625 0.25 0.625 0.1875 0.65625 0.6875 0.625 0.6875 0.625 0.6250001 0.65625 0.125 0.65625 0.1875 0.625 0.1875 0.65625 0.625 0.625 0.6250001 0.625 0.5625 0.65625 0.06249994 0.65625 0.125 0.625 0.125 0.65625 0.5 0.65625 0.5625 0.625 0.5625 0.65625 0.5 0.625 0.5 0.625 0.4375 0.65625 0.9375001 0.625 0.9375001 0.625 0.875 0.65625 0.375 0.65625 0.4375 0.625 0.4375 0.65625 0.875 0.625 0.875 0.625 0.8125 0.65625 0.3125 0.65625 0.375 0.625 0.375 0.65625 0.75 0.65625 0.8125 0.625 0.8125 0.65625 0.3125 0.625 0.3125 0.625 0.25 0.625 0.5 0.59375 0.5 0.59375 0.4375 0.625 0.9375001 0.59375 0.9375001 0.59375 0.875 0.625 0.375 0.625 0.4375 0.59375 0.4375 0.625 0.875 0.59375 0.875 0.59375 0.8125 0.625 0.375 0.59375 0.375 0.59375 0.3125 0.625 0.75 0.625 0.8125 0.59375 0.8125 0.625 0.3125 0.59375 0.3125 0.59375 0.25 0.625 0.75 0.59375 0.75 0.59375 0.6875 0.625 0.25 0.59375 0.25 0.59375 0.1875 0.625 0.6250001 0.625 0.6875 0.59375 0.6875 0.625 0.125 0.625 0.1875 0.59375 0.1875 0.625 0.6250001 0.59375 0.6250001 0.59375 0.5625 0.625 0.06249994 0.625 0.125 0.59375 0.125 0.625 0.5 0.625 0.5625 0.59375 0.5625 0.59375 0.25 0.5625 0.25 0.5625 0.1875 0.59375 0.6250001 0.59375 0.6875 0.5625 0.6875 0.59375 0.125 0.59375 0.1875 0.5625 0.1875 0.59375 0.6250001 0.5625 0.6250001 0.5625 0.5625 0.59375 0.06249994 0.59375 0.125 0.5625 0.125 0.59375 0.5 0.59375 0.5625 0.5625 0.5625 0.59375 0.5 0.5625 0.5 0.5625 0.4375 0.59375 0.9375001 0.5625 0.9375001 0.5625 0.875 0.59375 0.375 0.59375 0.4375 0.5625 0.4375 0.59375 0.875 0.5625 0.875 0.5625 0.8125 0.59375 0.375 0.5625 0.375 0.5625 0.3125 0.59375 0.75 0.59375 0.8125 0.5625 0.8125 0.59375 0.3125 0.5625 0.3125 0.5625 0.25 0.59375 0.6875 0.59375 0.75 0.5625 0.75 0.5625 0.9375001 0.53125 0.9375001 0.53125 0.875 0.5625 0.375 0.5625 0.4375 0.53125 0.4375 0.5625 0.875 0.53125 0.875 0.53125 0.8125 0.5625 0.375 0.53125 0.375 0.53125 0.3125 0.5625 0.8125 0.53125 0.8125 0.53125 0.75 0.5625 0.25 0.5625 0.3125 0.53125 0.3125 0.5625 0.75 0.53125 0.75 0.53125 0.6875 0.5625 0.1875 0.5625 0.25 0.53125 0.25 0.5625 0.6250001 0.5625 0.6875 0.53125 0.6875 0.5625 0.125 0.5625 0.1875 0.53125 0.1875 0.5625 0.6250001 0.53125 0.6250001 0.53125 0.5625 0.5625 0.06249994 0.5625 0.125 0.53125 0.125 0.5625 0.5 0.5625 0.5625 0.53125 0.5625 0.5625 0.5 0.53125 0.5 0.53125 0.4375 0.53125 0.6250001 0.53125 0.6875 0.5 0.6875001 0.53125 0.125 0.53125 0.1875 0.5 0.1875 0.53125 0.6250001 0.5 0.6250001 0.5 0.5625 0.53125 0.06249994 0.53125 0.125 0.5 0.125 0.53125 0.5 0.53125 0.5625 0.5 0.5625 0.53125 0.5 0.5 0.5 0.5 0.4375 0.53125 0.9375001 0.5 0.9375001 0.5 0.875 0.53125 0.375 0.53125 0.4375 0.5 0.4375 0.53125 0.875 0.5 0.875 0.5 0.8125 0.53125 0.375 0.5 0.375 0.5 0.3125 0.53125 0.8125 0.5 0.8125 0.5 0.75 0.53125 0.25 0.53125 0.3125 0.5 0.3125 0.53125 0.75 0.5 0.75 0.5 0.6875001 0.53125 0.1875 0.53125 0.25 0.5 0.25 0.5 0.375 0.5 0.4375 0.46875 0.4375 0.5 0.875 0.46875 0.875 0.46875 0.8125 0.5 0.375 0.46875 0.375 0.46875 0.3125 0.5 0.8125 0.46875 0.8125 0.46875 0.75 0.5 0.3125 0.46875 0.3125 0.46875 0.25 0.5 0.75 0.46875 0.75 0.46875 0.6875 0.5 0.1875 0.5 0.25 0.46875 0.25 0.5 0.6250001 0.5 0.6875001 0.46875 0.6875 0.5 0.125 0.5 0.1875 0.46875 0.1875 0.5 0.6250001 0.46875 0.6250001 0.46875 0.5625 0.5 0.06249994 0.5 0.125 0.46875 0.125 0.5 0.5 0.5 0.5625 0.46875 0.5625 0.5 0.5 0.46875 0.5 0.46875 0.4375 0.5 0.9375001 0.46875 0.9375001 0.46875 0.875 0.46875 0.125 0.46875 0.1875 0.4375 0.1875 0.46875 0.6250001 0.4375 0.6250001 0.4375 0.5625 0.46875 0.06249994 0.46875 0.125 0.4375 0.125 0.46875 0.5 0.46875 0.5625 0.4375 0.5625 0.46875 0.5 0.4375 0.5 0.4375 0.4375 0.46875 0.9375001 0.4375 0.9375001 0.4375 0.875 0.46875 0.375 0.46875 0.4375 0.4375 0.4375 0.46875 0.875 0.4375 0.875 0.4375 0.8125 0.46875 0.375 0.4375 0.375 0.4375 0.3125 0.46875 0.8125 0.4375 0.8125 0.4375 0.7500001 0.46875 0.25 0.46875 0.3125 0.4375 0.3125 0.46875 0.75 0.4375 0.7500001 0.4375 0.6875001 0.46875 0.1875 0.46875 0.25 0.4375 0.25 0.46875 0.6250001 0.46875 0.6875 0.4375 0.6875001 0.4375 0.375 0.40625 0.375 0.40625 0.3125 0.4375 0.8125 0.40625 0.8125 0.40625 0.7500001 0.4375 0.25 0.4375 0.3125 0.40625 0.3125 0.4375 0.7500001 0.40625 0.7500001 0.40625 0.6875001 0.4375 0.1875 0.4375 0.25 0.40625 0.25 0.4375 0.6250001 0.4375 0.6875001 0.40625 0.6875001 0.4375 0.125 0.4375 0.1875 0.40625 0.1875 0.4375 0.6250001 0.40625 0.6250001 0.40625 0.5625 0.4375 0.06249994 0.4375 0.125 0.40625 0.125 0.4375 0.5 0.4375 0.5625 0.40625 0.5625 0.4375 0.5 0.40625 0.5 0.40625 0.4375 0.4375 0.9375001 0.40625 0.9375001 0.40625 0.875 0.4375 0.375 0.4375 0.4375 0.40625 0.4375 0.4375 0.875 0.40625 0.875 0.40625 0.8125 0.40625 0.06249994 0.40625 0.125 0.375 0.125 0.40625 0.5 0.40625 0.5625 0.375 0.5625 0.40625 0.5 0.375 0.5 0.375 0.4375 0.40625 0.9375001 0.375 0.9375001 0.375 0.875 0.40625 0.375 0.40625 0.4375 0.375 0.4375 0.40625 0.875 0.375 0.875 0.375 0.8125 0.40625 0.375 0.375 0.375 0.375 0.3125 0.40625 0.8125 0.375 0.8125 0.375 0.7500001 0.40625 0.25 0.40625 0.3125 0.375 0.3125 0.40625 0.7500001 0.375 0.7500001 0.375 0.6875001 0.40625 0.25 0.375 0.25 0.375 0.1875 0.40625 0.6250001 0.40625 0.6875001 0.375 0.6875001 0.40625 0.125 0.40625 0.1875 0.375 0.1875 0.40625 0.6250001 0.375 0.6250001 0.375 0.5625 0.375 0.8125 0.34375 0.8125 0.34375 0.7500001 0.375 0.25 0.375 0.3125 0.34375 0.3125 0.375 0.7500001 0.34375 0.7500001 0.34375 0.6875001 0.375 0.1875 0.375 0.25 0.34375 0.25 0.375 0.6250001 0.375 0.6875001 0.34375 0.6875001 0.375 0.125 0.375 0.1875 0.34375 0.1875 0.375 0.6250001 0.34375 0.6250001 0.34375 0.5625 0.375 0.06249994 0.375 0.125 0.34375 0.125 0.375 0.5 0.375 0.5625 0.34375 0.5625 0.375 0.5 0.34375 0.5 0.34375 0.4375 0.375 0.9375001 0.34375 0.9375001 0.34375 0.875 0.375 0.375 0.375 0.4375 0.34375 0.4375 0.375 0.875 0.34375 0.875 0.34375 0.8125 0.375 0.375 0.34375 0.375 0.34375 0.3125 0.34375 0.5 0.34375 0.5625 0.3125 0.5625 0.34375 0.5 0.3125 0.5 0.3125 0.4375 0.34375 0.9375001 0.3125 0.9375001 0.3125 0.8750001 0.34375 0.375 0.34375 0.4375 0.3125 0.4375 0.34375 0.875 0.3125 0.8750001 0.3125 0.8125 0.34375 0.375 0.3125 0.375 0.3125 0.3125 0.34375 0.8125 0.3125 0.8125 0.3125 0.7500001 0.34375 0.25 0.34375 0.3125 0.3125 0.3125 0.34375 0.7500001 0.3125 0.7500001 0.3125 0.6875001 0.34375 0.1875 0.34375 0.25 0.3125 0.25 0.34375 0.6250001 0.34375 0.6875001 0.3125 0.6875001 0.34375 0.125 0.34375 0.1875 0.3125 0.1875 0.34375 0.6250001 0.3125 0.6250001 0.3125 0.5625 0.34375 0.06249994 0.34375 0.125 0.3125 0.1249998 0.3125 0.3125 0.28125 0.3125 0.28125 0.25 0.3125 0.7500001 0.28125 0.7500001 0.28125 0.6875001 0.3125 0.1875 0.3125 0.25 0.28125 0.25 0.3125 0.6250001 0.3125 0.6875001 0.28125 0.6875001 0.3125 0.1249998 0.3125 0.1875 0.28125 0.1875 0.3125 0.6250001 0.28125 0.6250001 0.28125 0.5625 0.3125 0.1249998 0.28125 0.125 0.28125 0.06249994 0.3125 0.5 0.3125 0.5625 0.28125 0.5625 0.3125 0.5 0.28125 0.5 0.28125 0.4375 0.3125 0.8750001 0.3125 0.9375001 0.28125 0.9375001 0.3125 0.375 0.3125 0.4375 0.28125 0.4375 0.3125 0.8750001 0.28125 0.875 0.28125 0.8125 0.3125 0.375 0.28125 0.375 0.28125 0.3125 0.3125 0.8125 0.28125 0.8125 0.28125 0.7500001 0.28125 0.5 0.25 0.5 0.25 0.4375 0.28125 0.9375001 0.25 0.9375001 0.25 0.8750001 0.28125 0.375 0.28125 0.4375 0.25 0.4375 0.28125 0.875 0.25 0.8750001 0.25 0.8125 0.28125 0.3125 0.28125 0.375 0.25 0.375 0.28125 0.8125 0.25 0.8125 0.25 0.7500001 0.28125 0.25 0.28125 0.3125 0.25 0.3125 0.28125 0.7500001 0.25 0.7500001 0.25 0.6875001 0.28125 0.1875 0.28125 0.25 0.25 0.2499999 0.28125 0.6875001 0.25 0.6875001 0.25 0.6250001 0.28125 0.125 0.28125 0.1875 0.25 0.1875 0.28125 0.6250001 0.25 0.6250001 0.25 0.5625 0.28125 0.06249994 0.28125 0.125 0.25 0.1249998 0.28125 0.5 0.28125 0.5625 0.25 0.5625 0.25 0.7500001 0.21875 0.7500001 0.21875 0.6875001 0.25 0.1875 0.25 0.2499999 0.21875 0.2499999 0.25 0.6250001 0.25 0.6875001 0.21875 0.6875001 0.25 0.1875 0.21875 0.1875 0.21875 0.125 0.25 0.6250001 0.21875 0.6250001 0.21875 0.5625001 0.25 0.1249998 0.21875 0.125 0.21875 0.06249994 0.25 0.5 0.25 0.5625 0.21875 0.5625001 0.25 0.5 0.21875 0.5 0.21875 0.4375 0.25 0.8750001 0.25 0.9375001 0.21875 0.9375001 0.25 0.375 0.25 0.4375 0.21875 0.4375 0.25 0.8750001 0.21875 0.875 0.21875 0.8125 0.25 0.375 0.21875 0.375 0.21875 0.3125 0.25 0.8125 0.21875 0.8125 0.21875 0.7500001 0.25 0.3125 0.21875 0.3125 0.21875 0.2499999 0.21875 0.5 0.1875 0.5 0.1875 0.4375 0.21875 0.9375001 0.1875 0.9375001 0.1875 0.8750001 0.21875 0.375 0.21875 0.4375 0.1875 0.4375 0.21875 0.875 0.1875 0.8750001 0.1875 0.8125 0.21875 0.3125 0.21875 0.375 0.1875 0.375 0.21875 0.8125 0.1875 0.8125 0.1875 0.7500001 0.21875 0.2499999 0.21875 0.3125 0.1875 0.3125 0.21875 0.7500001 0.1875 0.7500001 0.1875 0.6875001 0.21875 0.1875 0.21875 0.2499999 0.1875 0.2499999 0.21875 0.6875001 0.1875 0.6875001 0.1875 0.6250001 0.21875 0.125 0.21875 0.1875 0.1875 0.1875 0.21875 0.6250001 0.1875 0.6250001 0.1875 0.5625001 0.21875 0.06249994 0.21875 0.125 0.1875 0.1249998 0.21875 0.5 0.21875 0.5625001 0.1875 0.5625001 0.1875 0.2499999 0.15625 0.2499999 0.15625 0.1875 0.1875 0.6250001 0.1875 0.6875001 0.15625 0.6875001 0.1875 0.1249998 0.1875 0.1875 0.15625 0.1875 0.1875 0.6250001 0.15625 0.6250001 0.15625 0.5625001 0.1875 0.1249998 0.15625 0.1249998 0.15625 0.06249994 0.1875 0.5 0.1875 0.5625001 0.15625 0.5625001 0.1875 0.5 0.15625 0.5 0.15625 0.4375 0.1875 0.8750001 0.1875 0.9375001 0.15625 0.9375001 0.1875 0.375 0.1875 0.4375 0.15625 0.4375 0.1875 0.8750001 0.15625 0.8750001 0.15625 0.8125001 0.1875 0.375 0.15625 0.375 0.15625 0.3125 0.1875 0.8125 0.15625 0.8125001 0.15625 0.7500001 0.1875 0.2499999 0.1875 0.3125 0.15625 0.3125 0.1875 0.7500001 0.15625 0.7500001 0.15625 0.6875001 0.15625 0.375 0.15625 0.4375 0.125 0.4375 0.15625 0.8750001 0.125 0.8750001 0.125 0.8125001 0.15625 0.375 0.125 0.375 0.125 0.3125 0.15625 0.7500001 0.15625 0.8125001 0.125 0.8125001 0.15625 0.2499999 0.15625 0.3125 0.125 0.3125 0.15625 0.7500001 0.125 0.7500001 0.125 0.6875001 0.15625 0.2499999 0.125 0.2499999 0.125 0.1875 0.15625 0.6250001 0.15625 0.6875001 0.125 0.6875001 0.15625 0.1249998 0.15625 0.1875 0.125 0.1875 0.15625 0.6250001 0.125 0.6250001 0.125 0.5625001 0.15625 0.06249994 0.15625 0.1249998 0.125 0.1249998 0.15625 0.5 0.15625 0.5625001 0.125 0.5625001 0.15625 0.5 0.125 0.5 0.125 0.4375 0.15625 0.9375001 0.125 0.9375001 0.125 0.8750001 0.125 0.1249998 0.125 0.1875 0.09375 0.1875 0.125 0.6250001 0.09375 0.6250001 0.09375 0.5625001 0.125 0.06249994 0.125 0.1249998 0.09374994 0.1249998 0.125 0.5 0.125 0.5625001 0.09375 0.5625001 0.125 0.5 0.09375 0.5 0.09375 0.4375 0.125 0.9375001 0.09375 0.9375001 0.09374994 0.8750001 0.125 0.375 0.125 0.4375 0.09375 0.4375 0.125 0.8750001 0.09374994 0.8750001 0.09375 0.8125001 0.125 0.375 0.09375 0.375 0.09375 0.3125 0.125 0.7500001 0.125 0.8125001 0.09375 0.8125001 0.125 0.2499999 0.125 0.3125 0.09375 0.3125 0.125 0.7500001 0.09374994 0.7500001 0.09375 0.6875001 0.125 0.2499999 0.09374994 0.2499998 0.09375 0.1875 0.125 0.6250001 0.125 0.6875001 0.09375 0.6875001 0.09374994 0.8750001 0.0625 0.8750001 0.0625 0.8125001 0.09375 0.375 0.0625 0.375 0.0625 0.3125 0.09374994 0.7500001 0.09375 0.8125001 0.0625 0.8125001 0.09374994 0.2499998 0.09375 0.3125 0.0625 0.3125 0.09374994 0.7500001 0.0625 0.7500001 0.0625 0.6875001 0.09374994 0.2499998 0.0625 0.2499998 0.0625 0.1875 0.09375 0.6250001 0.09375 0.6875001 0.0625 0.6875001 0.09374994 0.1249998 0.09375 0.1875 0.0625 0.1875 0.09375 0.6250001 0.0625 0.6250001 0.0625 0.5625001 0.09375 0.06249994 0.09374994 0.1249998 0.0625 0.1249998 0.09375 0.5 0.09375 0.5625001 0.0625 0.5625001 0.09375 0.5 0.0625 0.5 0.0625 0.4375 0.09375 0.9375001 0.0625 0.9375001 0.0625 0.8750001 0.09375 0.375 0.09375 0.4375 0.0625 0.4375 0.0625 0.6250001 0.03125 0.6250001 0.03125 0.5625001 0.0625 0.1249998 0.03124994 0.1249998 0.03124994 0.06249994 0.0625 0.5 0.0625 0.5625001 0.03125 0.5625001 0.0625 0.5 0.03124994 0.5 0.03125 0.4375 0.0625 0.9375001 0.03124994 0.9375001 0.03124994 0.8750001 0.0625 0.375 0.0625 0.4375 0.03125 0.4375 0.0625 0.8750001 0.03124994 0.8750001 0.03124994 0.8125001 0.0625 0.375 0.03125 0.375 0.03125 0.3125 0.0625 0.7500001 0.0625 0.8125001 0.03124994 0.8125001 0.0625 0.2499998 0.0625 0.3125 0.03125 0.3125 0.0625 0.7500001 0.03124994 0.7500001 0.03125 0.6875001 0.0625 0.2499998 0.03124994 0.2499998 0.03124994 0.1875 0.0625 0.6250001 0.0625 0.6875001 0.03125 0.6875001 0.0625 0.1249998 0.0625 0.1875 0.03124994 0.1875 0.03125 0.3125 0.03125 0.375 0 0.375 0.03124994 0.8125001 0 0.8125001 0 0.7500001 0.03124994 0.2499998 0.03125 0.3125 0 0.3124999 0.03124994 0.7500001 0 0.7500001 0 0.6875001 0.03124994 0.2499998 0 0.2499998 0 0.1875 0.03125 0.6875001 0 0.6875001 0 0.6250001 0.03124994 0.1249998 0.03124994 0.1875 0 0.1875 0.03125 0.6250001 0 0.6250001 0 0.5625001 0.03124994 0.06249994 0.03124994 0.1249998 0 0.1249998 0.03124994 0.5 0.03125 0.5625001 0 0.5625001 0.03124994 0.5 0 0.5 0 0.4375 0.03124994 0.9375001 0 0.9375001 0 0.8750001 0.03125 0.375 0.03125 0.4375 0 0.4375 0.03124994 0.8750001 0 0.8750001 0 0.8125001 1 0.1249998 0.96875 0.1249998 0.96875 0.06249994 1 0.5 1 0.5625001 0.96875 0.5625001 1 0.5 0.96875 0.5 0.96875 0.4375 1 0.8750001 1 0.9375001 0.96875 0.9375001 1 0.375 1 0.4375 0.96875 0.4375 1 0.8125001 1 0.8750001 0.96875 0.8750001 1 0.375 0.96875 0.375 0.96875 0.3125 1 0.7500001 1 0.8125001 0.96875 0.8125001 1 0.2499998 1 0.3124999 0.96875 0.3125 1 0.7500001 0.96875 0.7500001 0.96875 0.6875001 1 0.2499998 0.96875 0.2499998 0.96875 0.1875 1 0.6250001 1 0.6875001 0.96875 0.6875001 1 0.1875 0.96875 0.1875 0.96875 0.1249998 1 0.6250001 0.96875 0.6250001 0.96875 0.5625001 0.96875 0.7500001 0.96875 0.8125001 0.9375 0.8125001 0.96875 0.2499998 0.96875 0.3125 0.9375 0.3124999 0.96875 0.7500001 0.9375 0.7500001 0.9375 0.6875001 0.96875 0.2499998 0.9375 0.2499998 0.9375 0.1875 0.96875 0.6875001 0.9375 0.6875001 0.9375 0.6250001 0.96875 0.1249998 0.96875 0.1875 0.9375 0.1875 0.96875 0.6250001 0.9375 0.6250001 0.9375 0.5625001 0.96875 0.1249998 0.9375 0.1249998 0.9375 0.06249994 0.96875 0.5 0.96875 0.5625001 0.9375 0.5625001 0.96875 0.5 0.9375 0.5 0.9375 0.4375 0.96875 0.9375001 0.9375 0.9375001 0.9375 0.8750001 0.96875 0.375 0.96875 0.4375 0.9375 0.4375 0.96875 0.8750001 0.9375 0.8750001 0.9375 0.8125001 0.96875 0.3125 0.96875 0.375 0.9375 0.375 0.9375 0.5 0.9375 0.5625001 0.90625 0.5625001 0.9375 0.5 0.90625 0.5 0.90625 0.4375 0.9375 0.9375001 0.90625 0.9375001 0.90625 0.8750001 0.9375 0.375 0.9375 0.4375 0.90625 0.4375 0.9375 0.8750001 0.90625 0.8750001 0.90625 0.8125001 0.9375 0.375 0.90625 0.375 0.90625 0.3124999 0.9375 0.7500001 0.9375 0.8125001 0.90625 0.8125001 0.9375 0.2499998 0.9375 0.3124999 0.90625 0.3124999 0.9375 0.7500001 0.90625 0.7500002 0.90625 0.6875001 0.9375 0.2499998 0.90625 0.2499998 0.90625 0.1875 0.9375 0.6250001 0.9375 0.6875001 0.90625 0.6875001 0.9375 0.1249998 0.9375 0.1875 0.90625 0.1875 0.9375 0.6250001 0.90625 0.6250001 0.90625 0.5625001 0.9375 0.1249998 0.90625 0.1249998 0.90625 0.06249994 0.90625 0.2499998 0.90625 0.3124999 0.875 0.3124999 0.90625 0.7500002 0.875 0.7500002 0.875 0.6875001 0.90625 0.2499998 0.875 0.2499998 0.875 0.1875 0.90625 0.6250001 0.90625 0.6875001 0.875 0.6875001 0.90625 0.1249998 0.90625 0.1875 0.875 0.1875 0.90625 0.6250001 0.875 0.6250001 0.875 0.5625001 0.90625 0.06249994 0.90625 0.1249998 0.875 0.1249998 0.90625 0.5 0.90625 0.5625001 0.875 0.5625001 0.90625 0.5 0.875 0.5 0.875 0.4375 0.90625 0.9375001 0.875 0.9375001 0.875 0.8750001 0.90625 0.375 0.90625 0.4375 0.875 0.4375 0.90625 0.8750001 0.875 0.8750001 0.875 0.8125001 0.90625 0.375 0.875 0.375 0.875 0.3124999 0.90625 0.7500002 0.90625 0.8125001 0.875 0.8125001 0.875 0.5 0.84375 0.5 0.84375 0.4375 0.875 0.9375001 0.84375 0.9375001 0.84375 0.8750001 0.875 0.375 0.875 0.4375 0.84375 0.4375 0.875 0.8125001 0.875 0.8750001 0.84375 0.8750001 0.875 0.375 0.84375 0.375 0.84375 0.3124999 0.875 0.7500002 0.875 0.8125001 0.84375 0.8125001 0.875 0.2499998 0.875 0.3124999 0.84375 0.3124999 0.875 0.7500002 0.84375 0.7500002 0.84375 0.6875001 0.875 0.2499998 0.84375 0.2499998 0.84375 0.1875 0.875 0.6250001 0.875 0.6875001 0.84375 0.6875001 0.875 0.1875 0.84375 0.1875 0.84375 0.1249998 0.875 0.6250001 0.84375 0.6250001 0.84375 0.5625001 0.875 0.06249994 0.875 0.1249998 0.84375 0.1249998 0.875 0.5 0.875 0.5625001 0.84375 0.5625001 0.84375 0.2499998 0.8125 0.2499998 0.8125 0.1875 0.84375 0.6250001 0.84375 0.6875001 0.8125 0.6875001 0.84375 0.1875 0.8125 0.1875 0.8125 0.1249998 0.84375 0.6250001 0.8125 0.6250001 0.8125 0.5625001 0.84375 0.1249998 0.8125 0.1249998 0.8125 0.06249994 0.84375 0.5 0.84375 0.5625001 0.8125 0.5625001 0.84375 0.5 0.8125 0.5 0.8125 0.4375 0.84375 0.8750001 0.84375 0.9375001 0.8125 0.9375001 0.84375 0.375 0.84375 0.4375 0.8125 0.4375 0.84375 0.8125001 0.84375 0.8750001 0.8125 0.8750001 0.84375 0.375 0.8125 0.375 0.8125 0.3124999 0.84375 0.7500002 0.84375 0.8125001 0.8125 0.8125001 0.84375 0.2499998 0.84375 0.3124999 0.8125 0.3124999 0.84375 0.7500002 0.8125 0.7500002 0.8125 0.6875001 0.8125 0.9375001 0.78125 0.9375001 0.78125 0.8750001 0.8125 0.375 0.8125 0.4375 0.78125 0.4375 0.8125 0.8750001 0.78125 0.8750001 0.78125 0.8125001 0.8125 0.375 0.78125 0.375 0.78125 0.3124999 0.8125 0.8125001 0.78125 0.8125001 0.78125 0.7500002 0.8125 0.2499998 0.8125 0.3124999 0.78125 0.3124999 0.8125 0.7500002 0.78125 0.7500002 0.78125 0.6875001 0.8125 0.2499998 0.78125 0.2499998 0.78125 0.1875 0.8125 0.6250001 0.8125 0.6875001 0.78125 0.6875001 0.8125 0.1249998 0.8125 0.1875 0.78125 0.1875 0.8125 0.6250001 0.78125 0.6250001 0.78125 0.5625001 0.8125 0.1249998 0.78125 0.1249998 0.78125 0.06249994 0.8125 0.5 0.8125 0.5625001 0.78125 0.5625001 0.8125 0.5 0.78125 0.5 0.78125 0.4375 0.78125 0.6250001 0.78125 0.6875001 0.75 0.6875001 0.78125 0.1875 0.75 0.1875 0.75 0.1249998 0.78125 0.5625001 0.78125 0.6250001 0.75 0.625 0.78125 0.06249994 0.78125 0.1249998 0.75 0.1249998 0.78125 0.5 0.78125 0.5625001 0.75 0.5625001 0.78125 0.5 0.75 0.5 0.75 0.4375 0.78125 0.8750001 0.78125 0.9375001 0.75 0.9375001 0.78125 0.4375 0.75 0.4375 0.75 0.375 0.78125 0.8125001 0.78125 0.8750001 0.75 0.8750001 0.78125 0.375 0.75 0.375 0.75 0.3124999 0.78125 0.7500002 0.78125 0.8125001 0.75 0.8125 0.78125 0.3124999 0.75 0.3124999 0.75 0.25 0.78125 0.6875001 0.78125 0.7500002 0.75 0.75 0.78125 0.2499998 0.75 0.25 0.75 0.1875</float_array>
          <technique_common>
            <accessor source="#Sphere_001-mesh-map-0-array" count="2880" stride="2">
              <param name="S" type="float"/>
              <param name="T" type="float"/>
            </accessor>
          </technique_common>
        </source>
        <vertices id="Sphere_001-mesh-vertices">
          <input semantic="POSITION" source="#Sphere_001-mesh-positions"/>
        </vertices>
        <triangles material="CL_post-material" count="960">
          <input semantic="VERTEX" source="#Sphere_001-mesh-vertices" offset="0"/>
          <input semantic="NORMAL" source="#Sphere_001-mesh-normals" offset="1"/>
          <input semantic="TEXCOORD" source="#Sphere_001-mesh-map-0" offset="2" set="0"/>
          <p>7 0 0 19 0 1 20 0 2 3 1 3 12 1 4 13 1 5 7 2 6 21 2 7 480 2 8 477 3 9 13 3 10 14 3 11 480 4 12 22 4 13 481 4 14 477 5 15 15 5 16 4 5 17 0 6 18 309 6 19 8 6 20 248 7 21 481 7 22 22 7 23 4 8 24 16 8 25 5 8 26 475 9 27 8 9 28 9 9 29 478 10 30 16 10 31 17 10 32 1 11 33 9 11 34 10 11 35 478 12 36 18 12 37 479 12 38 1 13 39 11 13 40 2 13 41 479 14 42 19 14 43 6 14 44 476 15 45 11 15 46 12 15 47 19 16 48 33 16 49 34 16 50 11 17 51 27 17 52 12 17 53 20 18 54 34 18 55 35 18 56 12 19 57 28 19 58 13 19 59 21 20 60 35 20 61 36 20 62 13 21 63 29 21 64 14 21 65 22 22 66 36 22 67 37 22 68 15 23 69 29 23 70 30 23 71 8 24 72 309 24 73 23 24 74 248 25 75 22 25 76 37 25 77 15 26 78 31 26 79 16 26 80 8 27 81 24 27 82 9 27 83 17 28 84 31 28 85 32 28 86 9 29 87 25 29 88 10 29 89 18 30 90 32 30 91 33 30 92 10 31 93 26 31 94 11 31 95 23 32 96 309 32 97 38 32 98 248 33 99 37 33 100 52 33 101 30 34 102 46 34 103 31 34 104 23 35 105 39 35 106 24 35 107 32 36 108 46 36 109 47 36 110 24 37 111 40 37 112 25 37 113 33 38 114 47 38 115 48 38 116 26 39 117 40 39 118 41 39 119 34 40 120 48 40 121 49 40 122 26 41 123 42 41 124 27 41 125 34 42 126 50 42 127 35 42 128 27 43 129 43 43 130 28 43 131 36 44 132 50 44 133 51 44 134 28 45 135 44 45 136 29 45 137 37 46 138 51 46 139 52 46 140 30 47 141 44 47 142 45 47 143 41 48 144 57 48 145 42 48 146 49 49 147 65 49 148 50 49 149 42 50 150 58 50 151 43 50 152 51 51 153 65 51 154 66 51 155 43 52 156 59 52 157 44 52 158 52 53 159 66 53 160 67 53 161 45 54 162 59 54 163 60 54 164 38 55 165 309 55 166 53 55 167 248 56 168 52 56 169 67 56 170 45 57 171 61 57 172 46 57 173 38 58 174 54 58 175 39 58 176 47 59 177 61 59 178 62 59 179 39 60 180 55 60 181 40 60 182 48 61 183 62 61 184 63 61 185 41 62 186 55 62 187 56 62 188 48 63 189 64 63 190 49 63 191 60 64 192 76 64 193 61 64 194 53 65 195 69 65 196 54 65 197 62 66 198 76 66 199 77 66 200 54 67 201 70 67 202 55 67 203 62 68 204 78 68 205 63 68 206 56 69 207 70 69 208 71 69 209 63 70 210 79 70 211 64 70 212 56 71 213 72 71 214 57 71 215 64 72 216 80 72 217 65 72 218 58 73 219 72 73 220 73 73 221 66 74 222 80 74 223 81 74 224 58 75 225 74 75 226 59 75 227 67 76 228 81 76 229 82 76 230 60 77 231 74 77 232 75 77 233 53 78 234 309 78 235 68 78 236 248 79 237 67 79 238 82 79 239 79 80 240 95 80 241 80 80 242 73 81 243 87 81 244 88 81 245 81 82 246 95 82 247 96 82 248 73 83 249 89 83 250 74 83 251 82 84 252 96 84 253 97 84 254 75 85 255 89 85 256 90 85 257 68 86 258 309 86 259 83 86 260 248 87 261 82 87 262 97 87 263 75 88 264 91 88 265 76 88 266 68 89 267 84 89 268 69 89 269 77 90 270 91 90 271 92 90 272 69 91 273 85 91 274 70 91 275 77 92 276 93 92 277 78 92 278 71 93 279 85 93 280 86 93 281 78 94 282 94 94 283 79 94 284 72 95 285 86 95 286 87 95 287 83 96 288 99 96 289 84 96 290 92 97 291 106 97 292 107 97 293 84 98 294 100 98 295 85 98 296 92 99 297 108 99 298 93 99 299 85 100 300 101 100 301 86 100 302 94 101 303 108 101 304 109 101 305 86 102 306 102 102 307 87 102 308 95 103 309 109 103 310 110 103 311 88 104 312 102 104 313 103 104 314 96 105 315 110 105 316 111 105 317 88 106 318 104 106 319 89 106 320 97 107 321 111 107 322 112 107 323 90 108 324 104 108 325 105 108 326 83 109 327 309 109 328 98 109 329 248 110 330 97 110 331 112 110 332 90 111 333 106 111 334 91 111 335 103 112 336 117 112 337 118 112 338 111 113 339 125 113 340 126 113 341 103 114 342 119 114 343 104 114 344 112 115 345 126 115 346 127 115 347 105 116 348 119 116 349 120 116 350 98 117 351 309 117 352 113 117 353 248 118 354 112 118 355 127 118 356 105 119 357 121 119 358 106 119 359 98 120 360 114 120 361 99 120 362 107 121 363 121 121 364 122 121 365 99 122 366 115 122 367 100 122 368 107 123 369 123 123 370 108 123 371 100 124 372 116 124 373 101 124 374 109 125 375 123 125 376 124 125 377 101 126 378 117 126 379 102 126 380 110 127 381 124 127 382 125 127 383 122 128 384 136 128 385 137 128 386 114 129 387 130 129 388 115 129 389 122 130 390 138 130 391 123 130 392 115 131 393 131 131 394 116 131 395 123 132 396 139 132 397 124 132 398 116 133 399 132 133 400 117 133 401 125 134 402 139 134 403 140 134 404 118 135 405 132 135 406 133 135 407 126 136 408 140 136 409 141 136 410 118 137 411 134 137 412 119 137 413 127 138 414 141 138 415 142 138 416 120 139 417 134 139 418 135 139 419 113 140 420 309 140 421 128 140 422 248 141 423 127 141 424 142 141 425 120 142 426 136 142 427 121 142 428 113 143 429 129 143 430 114 143 431 141 144 432 155 144 433 156 144 434 133 145 435 149 145 436 134 145 437 142 146 438 156 146 439 157 146 440 135 147 441 149 147 442 150 147 443 128 148 444 309 148 445 143 148 446 248 149 447 142 149 448 157 149 449 135 150 450 151 150 451 136 150 452 128 151 453 144 151 454 129 151 455 137 152 456 151 152 457 152 152 458 129 153 459 145 153 460 130 153 461 137 154 462 153 154 463 138 154 464 130 155 465 146 155 466 131 155 467 139 156 468 153 156 469 154 156 470 131 157 471 147 157 472 132 157 473 140 158 474 154 158 475 155 158 476 133 159 477 147 159 478 148 159 479 152 160 480 168 160 481 153 160 482 145 161 483 161 161 484 146 161 485 154 162 486 168 162 487 169 162 488 146 163 489 162 163 490 147 163 491 155 164 492 169 164 493 170 164 494 148 165 495 162 165 496 163 165 497 156 166 498 170 166 499 171 166 500 148 167 501 164 167 502 149 167 503 157 168 504 171 168 505 172 168 506 150 169 507 164 169 508 165 169 509 143 170 510 309 170 511 158 170 512 248 171 513 157 171 514 172 171 515 150 172 516 166 172 517 151 172 518 143 173 519 159 173 520 144 173 521 152 174 522 166 174 523 167 174 524 144 175 525 160 175 526 145 175 527 172 176 528 186 176 529 187 176 530 165 177 531 179 177 532 180 177 533 158 178 534 309 178 535 173 178 536 248 179 537 172 179 538 187 179 539 165 180 540 181 180 541 166 180 542 158 181 543 174 181 544 159 181 545 167 182 546 181 182 547 182 182 548 159 183 549 175 183 550 160 183 551 167 184 552 183 184 553 168 184 554 160 185 555 176 185 556 161 185 557 169 186 558 183 186 559 184 186 560 161 187 561 177 187 562 162 187 563 169 188 564 185 188 565 170 188 566 163 189 567 177 189 568 178 189 569 171 190 570 185 190 571 186 190 572 163 191 573 179 191 574 164 191 575 175 192 576 191 192 577 176 192 578 184 193 579 198 193 580 199 193 581 176 194 582 192 194 583 177 194 584 185 195 585 199 195 586 200 195 587 178 196 588 192 196 589 193 196 590 186 197 591 200 197 592 201 197 593 178 198 594 194 198 595 179 198 596 187 199 597 201 199 598 202 199 599 180 200 600 194 200 601 195 200 602 173 201 603 309 201 604 188 201 605 248 202 606 187 202 607 202 202 608 180 203 609 196 203 610 181 203 611 173 204 612 189 204 613 174 204 614 182 205 615 196 205 616 197 205 617 174 206 618 190 206 619 175 206 620 182 207 621 198 207 622 183 207 623 195 208 624 209 208 625 210 208 626 188 209 627 309 209 628 203 209 629 248 210 630 202 210 631 217 210 632 195 211 633 211 211 634 196 211 635 188 212 636 204 212 637 189 212 638 197 213 639 211 213 640 212 213 641 189 214 642 205 214 643 190 214 644 197 215 645 213 215 646 198 215 647 190 216 648 206 216 649 191 216 650 199 217 651 213 217 652 214 217 653 191 218 654 207 218 655 192 218 656 200 219 657 214 219 658 215 219 659 193 220 660 207 220 661 208 220 662 201 221 663 215 221 664 216 221 665 193 222 666 209 222 667 194 222 668 202 223 669 216 223 670 217 223 671 213 224 672 229 224 673 214 224 674 206 225 675 222 225 676 207 225 677 215 226 678 229 226 679 230 226 680 208 227 681 222 227 682 223 227 683 216 228 684 230 228 685 231 228 686 208 229 687 224 229 688 209 229 689 216 230 690 232 230 691 217 230 692 210 231 693 224 231 694 225 231 695 203 232 696 309 232 697 218 232 698 248 233 699 217 233 700 232 233 701 210 234 702 226 234 703 211 234 704 204 235 705 218 235 706 219 235 707 212 236 708 226 236 709 227 236 710 204 237 711 220 237 712 205 237 713 212 238 714 228 238 715 213 238 716 205 239 717 221 239 718 206 239 719 218 240 720 309 240 721 233 240 722 248 241 723 232 241 724 247 241 725 225 242 726 241 242 727 226 242 728 218 243 729 234 243 730 219 243 731 227 244 732 241 244 733 242 244 734 219 245 735 235 245 736 220 245 737 228 246 738 242 246 739 243 246 740 220 247 741 236 247 742 221 247 743 229 248 744 243 248 745 244 248 746 221 249 747 237 249 748 222 249 749 230 250 750 244 250 751 245 250 752 222 251 753 238 251 754 223 251 755 231 252 756 245 252 757 246 252 758 223 253 759 239 253 760 224 253 761 232 254 762 246 254 763 247 254 764 225 255 765 239 255 766 240 255 767 236 256 768 253 256 769 237 256 770 245 257 771 260 257 772 261 257 773 238 258 774 253 258 775 254 258 776 245 259 777 262 259 778 246 259 779 238 260 780 255 260 781 239 260 782 246 261 783 263 261 784 247 261 785 240 262 786 255 262 787 256 262 788 233 263 789 309 263 790 249 263 791 248 264 792 247 264 793 263 264 794 240 265 795 257 265 796 241 265 797 234 266 798 249 266 799 250 266 800 242 267 801 257 267 802 258 267 803 234 268 804 251 268 805 235 268 806 242 269 807 259 269 808 243 269 809 235 270 810 252 270 811 236 270 812 243 271 813 260 271 814 244 271 815 256 272 816 272 272 817 257 272 818 249 273 819 265 273 820 250 273 821 258 274 822 272 274 823 273 274 824 250 275 825 266 275 826 251 275 827 259 276 828 273 276 829 274 276 830 251 277 831 267 277 832 252 277 833 260 278 834 274 278 835 275 278 836 252 279 837 268 279 838 253 279 839 261 280 840 275 280 841 276 280 842 253 281 843 269 281 844 254 281 845 262 282 846 276 282 847 277 282 848 254 283 849 270 283 850 255 283 851 263 284 852 277 284 853 278 284 854 256 285 855 270 285 856 271 285 857 249 286 858 309 286 859 264 286 860 248 287 861 263 287 862 278 287 863 275 288 864 291 288 865 276 288 866 269 289 867 283 289 868 284 289 869 277 290 870 291 290 871 292 290 872 269 291 873 285 291 874 270 291 875 277 292 876 293 292 877 278 292 878 271 293 879 285 293 880 286 293 881 264 294 882 309 294 883 279 294 884 248 295 885 278 295 886 293 295 887 271 296 888 287 296 889 272 296 890 265 297 891 279 297 892 280 297 893 273 298 894 287 298 895 288 298 896 265 299 897 281 299 898 266 299 899 273 300 900 289 300 901 274 300 902 266 301 903 282 301 904 267 301 905 275 302 906 289 302 907 290 302 908 267 303 909 283 303 910 268 303 911 288 304 912 302 304 913 303 304 914 280 305 915 296 305 916 281 305 917 288 306 918 304 306 919 289 306 920 282 307 921 296 307 922 297 307 923 290 308 924 304 308 925 305 308 926 282 309 927 298 309 928 283 309 929 290 310 930 306 310 931 291 310 932 284 311 933 298 311 934 299 311 935 292 312 936 306 312 937 307 312 938 284 313 939 300 313 940 285 313 941 293 314 942 307 314 943 308 314 944 286 315 945 300 315 946 301 315 947 279 316 948 309 316 949 294 316 950 248 317 951 293 317 952 308 317 953 286 318 954 302 318 955 287 318 956 279 319 957 295 319 958 280 319 959 307 320 960 322 320 961 323 320 962 299 321 963 316 321 964 300 321 965 308 322 966 323 322 967 324 322 968 301 323 969 316 323 970 317 323 971 294 324 972 309 324 973 310 324 974 248 325 975 308 325 976 324 325 977 301 326 978 318 326 979 302 326 980 294 327 981 311 327 982 295 327 983 303 328 984 318 328 985 319 328 986 295 329 987 312 329 988 296 329 989 303 330 990 320 330 991 304 330 992 297 331 993 312 331 994 313 331 995 305 332 996 320 332 997 321 332 998 297 333 999 314 333 1000 298 333 1001 305 334 1002 322 334 1003 306 334 1004 299 335 1005 314 335 1006 315 335 1007 311 336 1008 327 336 1009 312 336 1010 319 337 1011 335 337 1012 320 337 1013 313 338 1014 327 338 1015 328 338 1016 321 339 1017 335 339 1018 336 339 1019 313 340 1020 329 340 1021 314 340 1022 321 341 1023 337 341 1024 322 341 1025 315 342 1026 329 342 1027 330 342 1028 323 343 1029 337 343 1030 338 343 1031 315 344 1032 331 344 1033 316 344 1034 324 345 1035 338 345 1036 339 345 1037 317 346 1038 331 346 1039 332 346 1040 310 347 1041 309 347 1042 325 347 1043 248 348 1044 324 348 1045 339 348 1046 317 349 1047 333 349 1048 318 349 1049 310 350 1050 326 350 1051 311 350 1052 319 351 1053 333 351 1054 334 351 1055 330 352 1056 346 352 1057 331 352 1058 338 353 1059 354 353 1060 339 353 1061 332 354 1062 346 354 1063 347 354 1064 325 355 1065 309 355 1066 340 355 1067 248 356 1068 339 356 1069 354 356 1070 332 357 1071 348 357 1072 333 357 1073 325 358 1074 341 358 1075 326 358 1076 334 359 1077 348 359 1078 349 359 1079 326 360 1080 342 360 1081 327 360 1082 334 361 1083 350 361 1084 335 361 1085 328 362 1086 342 362 1087 343 362 1088 336 363 1089 350 363 1090 351 363 1091 328 364 1092 344 364 1093 329 364 1094 336 365 1095 352 365 1096 337 365 1097 330 366 1098 344 366 1099 345 366 1100 338 367 1101 352 367 1102 353 367 1103 350 368 1104 364 368 1105 365 368 1106 342 369 1107 358 369 1108 343 369 1109 351 370 1110 365 370 1111 366 370 1112 343 371 1113 359 371 1114 344 371 1115 351 372 1116 367 372 1117 352 372 1118 344 373 1119 360 373 1120 345 373 1121 353 374 1122 367 374 1123 368 374 1124 345 375 1125 361 375 1126 346 375 1127 354 376 1128 368 376 1129 369 376 1130 347 377 1131 361 377 1132 362 377 1133 340 378 1134 309 378 1135 355 378 1136 248 379 1137 354 379 1138 369 379 1139 347 380 1140 363 380 1141 348 380 1142 340 381 1143 356 381 1144 341 381 1145 349 382 1146 363 382 1147 364 382 1148 341 383 1149 357 383 1150 342 383 1151 368 384 1152 384 384 1153 369 384 1154 362 385 1155 376 385 1156 377 385 1157 355 386 1158 309 386 1159 370 386 1160 248 387 1161 369 387 1162 384 387 1163 362 388 1164 378 388 1165 363 388 1166 356 389 1167 370 389 1168 371 389 1169 364 390 1170 378 390 1171 379 390 1172 357 391 1173 371 391 1174 372 391 1175 364 392 1176 380 392 1177 365 392 1178 358 393 1179 372 393 1180 373 393 1181 366 394 1182 380 394 1183 381 394 1184 358 395 1185 374 395 1186 359 395 1187 366 396 1188 382 396 1189 367 396 1190 360 397 1191 374 397 1192 375 397 1193 367 398 1194 383 398 1195 368 398 1196 360 399 1197 376 399 1198 361 399 1199 373 400 1200 387 400 1201 388 400 1202 381 401 1203 395 401 1204 396 401 1205 373 402 1206 389 402 1207 374 402 1208 381 403 1209 397 403 1210 382 403 1211 374 404 1212 390 404 1213 375 404 1214 383 405 1215 397 405 1216 398 405 1217 375 406 1218 391 406 1219 376 406 1220 383 407 1221 399 407 1222 384 407 1223 377 408 1224 391 408 1225 392 408 1226 370 409 1227 309 409 1228 385 409 1229 248 410 1230 384 410 1231 399 410 1232 377 411 1233 393 411 1234 378 411 1235 370 412 1236 386 412 1237 371 412 1238 379 413 1239 393 413 1240 394 413 1241 371 414 1242 387 414 1243 372 414 1244 380 415 1245 394 415 1246 395 415 1247 392 416 1248 406 416 1249 407 416 1250 385 417 1251 309 417 1252 400 417 1253 248 418 1254 399 418 1255 414 418 1256 392 419 1257 408 419 1258 393 419 1259 385 420 1260 401 420 1261 386 420 1262 394 421 1263 408 421 1264 409 421 1265 386 422 1266 402 422 1267 387 422 1268 394 423 1269 410 423 1270 395 423 1271 388 424 1272 402 424 1273 403 424 1274 396 425 1275 410 425 1276 411 425 1277 388 426 1278 404 426 1279 389 426 1280 396 427 1281 412 427 1282 397 427 1283 390 428 1284 404 428 1285 405 428 1286 398 429 1287 412 429 1288 413 429 1289 390 430 1290 406 430 1291 391 430 1292 398 431 1293 414 431 1294 399 431 1295 411 432 1296 425 432 1297 426 432 1298 403 433 1299 419 433 1300 404 433 1301 411 434 1302 427 434 1303 412 434 1304 405 435 1305 419 435 1306 420 435 1307 413 436 1308 427 436 1309 428 436 1310 405 437 1311 421 437 1312 406 437 1313 414 438 1314 428 438 1315 429 438 1316 407 439 1317 421 439 1318 422 439 1319 400 440 1320 309 440 1321 415 440 1322 248 441 1323 414 441 1324 429 441 1325 407 442 1326 423 442 1327 408 442 1328 400 443 1329 416 443 1330 401 443 1331 409 444 1332 423 444 1333 424 444 1334 401 445 1335 417 445 1336 402 445 1337 409 446 1338 425 446 1339 410 446 1340 403 447 1341 417 447 1342 418 447 1343 248 448 1344 429 448 1345 444 448 1346 422 449 1347 438 449 1348 423 449 1349 415 450 1350 431 450 1351 416 450 1352 424 451 1353 438 451 1354 439 451 1355 417 452 1356 431 452 1357 432 452 1358 424 453 1359 440 453 1360 425 453 1361 418 454 1362 432 454 1363 433 454 1364 426 455 1365 440 455 1366 441 455 1367 418 456 1368 434 456 1369 419 456 1370 426 457 1371 442 457 1372 427 457 1373 420 458 1374 434 458 1375 435 458 1376 427 459 1377 443 459 1378 428 459 1379 420 460 1380 436 460 1381 421 460 1382 429 461 1383 443 461 1384 444 461 1385 422 462 1386 436 462 1387 437 462 1388 415 463 1389 309 463 1390 430 463 1391 441 464 1392 457 464 1393 442 464 1394 435 465 1395 449 465 1396 450 465 1397 442 466 1398 458 466 1399 443 466 1400 435 467 1401 451 467 1402 436 467 1403 443 468 1404 459 468 1405 444 468 1406 437 469 1407 451 469 1408 452 469 1409 430 470 1410 309 470 1411 445 470 1412 248 471 1413 444 471 1414 459 471 1415 437 472 1416 453 472 1417 438 472 1418 431 473 1419 445 473 1420 446 473 1421 439 474 1422 453 474 1423 454 474 1424 432 475 1425 446 475 1426 447 475 1427 439 476 1428 455 476 1429 440 476 1430 433 477 1431 447 477 1432 448 477 1433 441 478 1434 455 478 1435 456 478 1436 433 479 1437 449 479 1438 434 479 1439 445 480 1440 461 480 1441 446 480 1442 454 481 1443 468 481 1444 469 481 1445 446 482 1446 462 482 1447 447 482 1448 454 483 1449 470 483 1450 455 483 1451 447 484 1452 463 484 1453 448 484 1454 456 485 1455 470 485 1456 471 485 1457 448 486 1458 464 486 1459 449 486 1460 456 487 1461 472 487 1462 457 487 1463 450 488 1464 464 488 1465 465 488 1466 458 489 1467 472 489 1468 473 489 1469 450 490 1470 466 490 1471 451 490 1472 458 491 1473 474 491 1474 459 491 1475 452 492 1476 466 492 1477 467 492 1478 445 493 1479 309 493 1480 460 493 1481 248 494 1482 459 494 1483 474 494 1484 452 495 1485 468 495 1486 453 495 1487 465 496 1488 476 496 1489 3 496 1490 472 497 1491 480 497 1492 473 497 1493 466 498 1494 3 498 1495 477 498 1496 474 499 1497 480 499 1498 481 499 1499 467 500 1500 477 500 1501 4 500 1502 460 501 1503 309 501 1504 0 501 1505 248 502 1506 474 502 1507 481 502 1508 467 503 1509 5 503 1510 468 503 1511 461 504 1512 0 504 1513 475 504 1514 468 505 1515 478 505 1516 469 505 1517 462 506 1518 475 506 1519 1 506 1520 469 507 1521 479 507 1522 470 507 1523 463 508 1524 1 508 1525 2 508 1526 470 509 1527 6 509 1528 471 509 1529 464 510 1530 2 510 1531 476 510 1532 471 511 1533 7 511 1534 472 511 1535 7 512 1536 6 512 1537 19 512 1538 3 513 1539 476 513 1540 12 513 1541 7 514 1542 20 514 1543 21 514 1544 477 515 1545 3 515 1546 13 515 1547 480 516 1548 21 516 1549 22 516 1550 477 517 1551 14 517 1552 15 517 1553 4 518 1554 15 518 1555 16 518 1556 475 519 1557 0 519 1558 8 519 1559 478 520 1560 5 520 1561 16 520 1562 1 521 1563 475 521 1564 9 521 1565 478 522 1566 17 522 1567 18 522 1568 1 523 1569 10 523 1570 11 523 1571 479 524 1572 18 524 1573 19 524 1574 476 525 1575 2 525 1576 11 525 1577 19 526 1578 18 526 1579 33 526 1580 11 527 1581 26 527 1582 27 527 1583 20 528 1584 19 528 1585 34 528 1586 12 529 1587 27 529 1588 28 529 1589 21 530 1590 20 530 1591 35 530 1592 13 531 1593 28 531 1594 29 531 1595 22 532 1596 21 532 1597 36 532 1598 15 533 1599 14 533 1600 29 533 1601 15 534 1602 30 534 1603 31 534 1604 8 535 1605 23 535 1606 24 535 1607 17 536 1608 16 536 1609 31 536 1610 9 537 1611 24 537 1612 25 537 1613 18 538 1614 17 538 1615 32 538 1616 10 539 1617 25 539 1618 26 539 1619 30 540 1620 45 540 1621 46 540 1622 23 541 1623 38 541 1624 39 541 1625 32 542 1626 31 542 1627 46 542 1628 24 543 1629 39 543 1630 40 543 1631 33 544 1632 32 544 1633 47 544 1634 26 545 1635 25 545 1636 40 545 1637 34 546 1638 33 546 1639 48 546 1640 26 547 1641 41 547 1642 42 547 1643 34 548 1644 49 548 1645 50 548 1646 27 549 1647 42 549 1648 43 549 1649 36 550 1650 35 550 1651 50 550 1652 28 551 1653 43 551 1654 44 551 1655 37 552 1656 36 552 1657 51 552 1658 30 553 1659 29 553 1660 44 553 1661 41 554 1662 56 554 1663 57 554 1664 49 555 1665 64 555 1666 65 555 1667 42 556 1668 57 556 1669 58 556 1670 51 557 1671 50 557 1672 65 557 1673 43 558 1674 58 558 1675 59 558 1676 52 559 1677 51 559 1678 66 559 1679 45 560 1680 44 560 1681 59 560 1682 45 561 1683 60 561 1684 61 561 1685 38 562 1686 53 562 1687 54 562 1688 47 563 1689 46 563 1690 61 563 1691 39 564 1692 54 564 1693 55 564 1694 48 565 1695 47 565 1696 62 565 1697 41 566 1698 40 566 1699 55 566 1700 48 567 1701 63 567 1702 64 567 1703 60 568 1704 75 568 1705 76 568 1706 53 569 1707 68 569 1708 69 569 1709 62 570 1710 61 570 1711 76 570 1712 54 571 1713 69 571 1714 70 571 1715 62 572 1716 77 572 1717 78 572 1718 56 573 1719 55 573 1720 70 573 1721 63 574 1722 78 574 1723 79 574 1724 56 575 1725 71 575 1726 72 575 1727 64 576 1728 79 576 1729 80 576 1730 58 577 1731 57 577 1732 72 577 1733 66 578 1734 65 578 1735 80 578 1736 58 579 1737 73 579 1738 74 579 1739 67 580 1740 66 580 1741 81 580 1742 60 581 1743 59 581 1744 74 581 1745 79 582 1746 94 582 1747 95 582 1748 73 583 1749 72 583 1750 87 583 1751 81 584 1752 80 584 1753 95 584 1754 73 585 1755 88 585 1756 89 585 1757 82 586 1758 81 586 1759 96 586 1760 75 587 1761 74 587 1762 89 587 1763 75 588 1764 90 588 1765 91 588 1766 68 589 1767 83 589 1768 84 589 1769 77 590 1770 76 590 1771 91 590 1772 69 591 1773 84 591 1774 85 591 1775 77 592 1776 92 592 1777 93 592 1778 71 593 1779 70 593 1780 85 593 1781 78 594 1782 93 594 1783 94 594 1784 72 595 1785 71 595 1786 86 595 1787 83 596 1788 98 596 1789 99 596 1790 92 597 1791 91 597 1792 106 597 1793 84 598 1794 99 598 1795 100 598 1796 92 599 1797 107 599 1798 108 599 1799 85 600 1800 100 600 1801 101 600 1802 94 601 1803 93 601 1804 108 601 1805 86 602 1806 101 602 1807 102 602 1808 95 603 1809 94 603 1810 109 603 1811 88 604 1812 87 604 1813 102 604 1814 96 605 1815 95 605 1816 110 605 1817 88 606 1818 103 606 1819 104 606 1820 97 607 1821 96 607 1822 111 607 1823 90 608 1824 89 608 1825 104 608 1826 90 609 1827 105 609 1828 106 609 1829 103 610 1830 102 610 1831 117 610 1832 111 611 1833 110 611 1834 125 611 1835 103 612 1836 118 612 1837 119 612 1838 112 613 1839 111 613 1840 126 613 1841 105 614 1842 104 614 1843 119 614 1844 105 615 1845 120 615 1846 121 615 1847 98 616 1848 113 616 1849 114 616 1850 107 617 1851 106 617 1852 121 617 1853 99 618 1854 114 618 1855 115 618 1856 107 619 1857 122 619 1858 123 619 1859 100 620 1860 115 620 1861 116 620 1862 109 621 1863 108 621 1864 123 621 1865 101 622 1866 116 622 1867 117 622 1868 110 623 1869 109 623 1870 124 623 1871 122 624 1872 121 624 1873 136 624 1874 114 625 1875 129 625 1876 130 625 1877 122 626 1878 137 626 1879 138 626 1880 115 627 1881 130 627 1882 131 627 1883 123 628 1884 138 628 1885 139 628 1886 116 629 1887 131 629 1888 132 629 1889 125 630 1890 124 630 1891 139 630 1892 118 631 1893 117 631 1894 132 631 1895 126 632 1896 125 632 1897 140 632 1898 118 633 1899 133 633 1900 134 633 1901 127 634 1902 126 634 1903 141 634 1904 120 635 1905 119 635 1906 134 635 1907 120 636 1908 135 636 1909 136 636 1910 113 637 1911 128 637 1912 129 637 1913 141 638 1914 140 638 1915 155 638 1916 133 639 1917 148 639 1918 149 639 1919 142 640 1920 141 640 1921 156 640 1922 135 641 1923 134 641 1924 149 641 1925 135 642 1926 150 642 1927 151 642 1928 128 643 1929 143 643 1930 144 643 1931 137 644 1932 136 644 1933 151 644 1934 129 645 1935 144 645 1936 145 645 1937 137 646 1938 152 646 1939 153 646 1940 130 647 1941 145 647 1942 146 647 1943 139 648 1944 138 648 1945 153 648 1946 131 649 1947 146 649 1948 147 649 1949 140 650 1950 139 650 1951 154 650 1952 133 651 1953 132 651 1954 147 651 1955 152 652 1956 167 652 1957 168 652 1958 145 653 1959 160 653 1960 161 653 1961 154 654 1962 153 654 1963 168 654 1964 146 655 1965 161 655 1966 162 655 1967 155 656 1968 154 656 1969 169 656 1970 148 657 1971 147 657 1972 162 657 1973 156 658 1974 155 658 1975 170 658 1976 148 659 1977 163 659 1978 164 659 1979 157 660 1980 156 660 1981 171 660 1982 150 661 1983 149 661 1984 164 661 1985 150 662 1986 165 662 1987 166 662 1988 143 663 1989 158 663 1990 159 663 1991 152 664 1992 151 664 1993 166 664 1994 144 665 1995 159 665 1996 160 665 1997 172 666 1998 171 666 1999 186 666 2000 165 667 2001 164 667 2002 179 667 2003 165 668 2004 180 668 2005 181 668 2006 158 669 2007 173 669 2008 174 669 2009 167 670 2010 166 670 2011 181 670 2012 159 671 2013 174 671 2014 175 671 2015 167 672 2016 182 672 2017 183 672 2018 160 673 2019 175 673 2020 176 673 2021 169 674 2022 168 674 2023 183 674 2024 161 675 2025 176 675 2026 177 675 2027 169 676 2028 184 676 2029 185 676 2030 163 677 2031 162 677 2032 177 677 2033 171 678 2034 170 678 2035 185 678 2036 163 679 2037 178 679 2038 179 679 2039 175 680 2040 190 680 2041 191 680 2042 184 681 2043 183 681 2044 198 681 2045 176 682 2046 191 682 2047 192 682 2048 185 683 2049 184 683 2050 199 683 2051 178 684 2052 177 684 2053 192 684 2054 186 685 2055 185 685 2056 200 685 2057 178 686 2058 193 686 2059 194 686 2060 187 687 2061 186 687 2062 201 687 2063 180 688 2064 179 688 2065 194 688 2066 180 689 2067 195 689 2068 196 689 2069 173 690 2070 188 690 2071 189 690 2072 182 691 2073 181 691 2074 196 691 2075 174 692 2076 189 692 2077 190 692 2078 182 693 2079 197 693 2080 198 693 2081 195 694 2082 194 694 2083 209 694 2084 195 695 2085 210 695 2086 211 695 2087 188 696 2088 203 696 2089 204 696 2090 197 697 2091 196 697 2092 211 697 2093 189 698 2094 204 698 2095 205 698 2096 197 699 2097 212 699 2098 213 699 2099 190 700 2100 205 700 2101 206 700 2102 199 701 2103 198 701 2104 213 701 2105 191 702 2106 206 702 2107 207 702 2108 200 703 2109 199 703 2110 214 703 2111 193 704 2112 192 704 2113 207 704 2114 201 705 2115 200 705 2116 215 705 2117 193 706 2118 208 706 2119 209 706 2120 202 707 2121 201 707 2122 216 707 2123 213 708 2124 228 708 2125 229 708 2126 206 709 2127 221 709 2128 222 709 2129 215 710 2130 214 710 2131 229 710 2132 208 711 2133 207 711 2134 222 711 2135 216 712 2136 215 712 2137 230 712 2138 208 713 2139 223 713 2140 224 713 2141 216 714 2142 231 714 2143 232 714 2144 210 715 2145 209 715 2146 224 715 2147 210 716 2148 225 716 2149 226 716 2150 204 717 2151 203 717 2152 218 717 2153 212 718 2154 211 718 2155 226 718 2156 204 719 2157 219 719 2158 220 719 2159 212 720 2160 227 720 2161 228 720 2162 205 721 2163 220 721 2164 221 721 2165 225 722 2166 240 722 2167 241 722 2168 218 723 2169 233 723 2170 234 723 2171 227 724 2172 226 724 2173 241 724 2174 219 725 2175 234 725 2176 235 725 2177 228 726 2178 227 726 2179 242 726 2180 220 727 2181 235 727 2182 236 727 2183 229 728 2184 228 728 2185 243 728 2186 221 729 2187 236 729 2188 237 729 2189 230 730 2190 229 730 2191 244 730 2192 222 731 2193 237 731 2194 238 731 2195 231 732 2196 230 732 2197 245 732 2198 223 733 2199 238 733 2200 239 733 2201 232 734 2202 231 734 2203 246 734 2204 225 735 2205 224 735 2206 239 735 2207 236 736 2208 252 736 2209 253 736 2210 245 737 2211 244 737 2212 260 737 2213 238 738 2214 237 738 2215 253 738 2216 245 739 2217 261 739 2218 262 739 2219 238 740 2220 254 740 2221 255 740 2222 246 741 2223 262 741 2224 263 741 2225 240 742 2226 239 742 2227 255 742 2228 240 743 2229 256 743 2230 257 743 2231 234 744 2232 233 744 2233 249 744 2234 242 745 2235 241 745 2236 257 745 2237 234 746 2238 250 746 2239 251 746 2240 242 747 2241 258 747 2242 259 747 2243 235 748 2244 251 748 2245 252 748 2246 243 749 2247 259 749 2248 260 749 2249 256 750 2250 271 750 2251 272 750 2252 249 751 2253 264 751 2254 265 751 2255 258 752 2256 257 752 2257 272 752 2258 250 753 2259 265 753 2260 266 753 2261 259 754 2262 258 754 2263 273 754 2264 251 755 2265 266 755 2266 267 755 2267 260 756 2268 259 756 2269 274 756 2270 252 757 2271 267 757 2272 268 757 2273 261 758 2274 260 758 2275 275 758 2276 253 759 2277 268 759 2278 269 759 2279 262 760 2280 261 760 2281 276 760 2282 254 761 2283 269 761 2284 270 761 2285 263 762 2286 262 762 2287 277 762 2288 256 763 2289 255 763 2290 270 763 2291 275 764 2292 290 764 2293 291 764 2294 269 765 2295 268 765 2296 283 765 2297 277 766 2298 276 766 2299 291 766 2300 269 767 2301 284 767 2302 285 767 2303 277 768 2304 292 768 2305 293 768 2306 271 769 2307 270 769 2308 285 769 2309 271 770 2310 286 770 2311 287 770 2312 265 771 2313 264 771 2314 279 771 2315 273 772 2316 272 772 2317 287 772 2318 265 773 2319 280 773 2320 281 773 2321 273 774 2322 288 774 2323 289 774 2324 266 775 2325 281 775 2326 282 775 2327 275 776 2328 274 776 2329 289 776 2330 267 777 2331 282 777 2332 283 777 2333 288 778 2334 287 778 2335 302 778 2336 280 779 2337 295 779 2338 296 779 2339 288 780 2340 303 780 2341 304 780 2342 282 781 2343 281 781 2344 296 781 2345 290 782 2346 289 782 2347 304 782 2348 282 783 2349 297 783 2350 298 783 2351 290 784 2352 305 784 2353 306 784 2354 284 785 2355 283 785 2356 298 785 2357 292 786 2358 291 786 2359 306 786 2360 284 787 2361 299 787 2362 300 787 2363 293 788 2364 292 788 2365 307 788 2366 286 789 2367 285 789 2368 300 789 2369 286 790 2370 301 790 2371 302 790 2372 279 791 2373 294 791 2374 295 791 2375 307 792 2376 306 792 2377 322 792 2378 299 793 2379 315 793 2380 316 793 2381 308 794 2382 307 794 2383 323 794 2384 301 795 2385 300 795 2386 316 795 2387 301 796 2388 317 796 2389 318 796 2390 294 797 2391 310 797 2392 311 797 2393 303 798 2394 302 798 2395 318 798 2396 295 799 2397 311 799 2398 312 799 2399 303 800 2400 319 800 2401 320 800 2402 297 801 2403 296 801 2404 312 801 2405 305 802 2406 304 802 2407 320 802 2408 297 803 2409 313 803 2410 314 803 2411 305 804 2412 321 804 2413 322 804 2414 299 805 2415 298 805 2416 314 805 2417 311 806 2418 326 806 2419 327 806 2420 319 807 2421 334 807 2422 335 807 2423 313 808 2424 312 808 2425 327 808 2426 321 809 2427 320 809 2428 335 809 2429 313 810 2430 328 810 2431 329 810 2432 321 811 2433 336 811 2434 337 811 2435 315 812 2436 314 812 2437 329 812 2438 323 813 2439 322 813 2440 337 813 2441 315 814 2442 330 814 2443 331 814 2444 324 815 2445 323 815 2446 338 815 2447 317 816 2448 316 816 2449 331 816 2450 317 817 2451 332 817 2452 333 817 2453 310 818 2454 325 818 2455 326 818 2456 319 819 2457 318 819 2458 333 819 2459 330 820 2460 345 820 2461 346 820 2462 338 821 2463 353 821 2464 354 821 2465 332 822 2466 331 822 2467 346 822 2468 332 823 2469 347 823 2470 348 823 2471 325 824 2472 340 824 2473 341 824 2474 334 825 2475 333 825 2476 348 825 2477 326 826 2478 341 826 2479 342 826 2480 334 827 2481 349 827 2482 350 827 2483 328 828 2484 327 828 2485 342 828 2486 336 829 2487 335 829 2488 350 829 2489 328 830 2490 343 830 2491 344 830 2492 336 831 2493 351 831 2494 352 831 2495 330 832 2496 329 832 2497 344 832 2498 338 833 2499 337 833 2500 352 833 2501 350 834 2502 349 834 2503 364 834 2504 342 835 2505 357 835 2506 358 835 2507 351 836 2508 350 836 2509 365 836 2510 343 837 2511 358 837 2512 359 837 2513 351 838 2514 366 838 2515 367 838 2516 344 839 2517 359 839 2518 360 839 2519 353 840 2520 352 840 2521 367 840 2522 345 841 2523 360 841 2524 361 841 2525 354 842 2526 353 842 2527 368 842 2528 347 843 2529 346 843 2530 361 843 2531 347 844 2532 362 844 2533 363 844 2534 340 845 2535 355 845 2536 356 845 2537 349 846 2538 348 846 2539 363 846 2540 341 847 2541 356 847 2542 357 847 2543 368 848 2544 383 848 2545 384 848 2546 362 849 2547 361 849 2548 376 849 2549 362 850 2550 377 850 2551 378 850 2552 356 851 2553 355 851 2554 370 851 2555 364 852 2556 363 852 2557 378 852 2558 357 853 2559 356 853 2560 371 853 2561 364 854 2562 379 854 2563 380 854 2564 358 855 2565 357 855 2566 372 855 2567 366 856 2568 365 856 2569 380 856 2570 358 857 2571 373 857 2572 374 857 2573 366 858 2574 381 858 2575 382 858 2576 360 859 2577 359 859 2578 374 859 2579 367 860 2580 382 860 2581 383 860 2582 360 861 2583 375 861 2584 376 861 2585 373 862 2586 372 862 2587 387 862 2588 381 863 2589 380 863 2590 395 863 2591 373 864 2592 388 864 2593 389 864 2594 381 865 2595 396 865 2596 397 865 2597 374 866 2598 389 866 2599 390 866 2600 383 867 2601 382 867 2602 397 867 2603 375 868 2604 390 868 2605 391 868 2606 383 869 2607 398 869 2608 399 869 2609 377 870 2610 376 870 2611 391 870 2612 377 871 2613 392 871 2614 393 871 2615 370 872 2616 385 872 2617 386 872 2618 379 873 2619 378 873 2620 393 873 2621 371 874 2622 386 874 2623 387 874 2624 380 875 2625 379 875 2626 394 875 2627 392 876 2628 391 876 2629 406 876 2630 392 877 2631 407 877 2632 408 877 2633 385 878 2634 400 878 2635 401 878 2636 394 879 2637 393 879 2638 408 879 2639 386 880 2640 401 880 2641 402 880 2642 394 881 2643 409 881 2644 410 881 2645 388 882 2646 387 882 2647 402 882 2648 396 883 2649 395 883 2650 410 883 2651 388 884 2652 403 884 2653 404 884 2654 396 885 2655 411 885 2656 412 885 2657 390 886 2658 389 886 2659 404 886 2660 398 887 2661 397 887 2662 412 887 2663 390 888 2664 405 888 2665 406 888 2666 398 889 2667 413 889 2668 414 889 2669 411 890 2670 410 890 2671 425 890 2672 403 891 2673 418 891 2674 419 891 2675 411 892 2676 426 892 2677 427 892 2678 405 893 2679 404 893 2680 419 893 2681 413 894 2682 412 894 2683 427 894 2684 405 895 2685 420 895 2686 421 895 2687 414 896 2688 413 896 2689 428 896 2690 407 897 2691 406 897 2692 421 897 2693 407 898 2694 422 898 2695 423 898 2696 400 899 2697 415 899 2698 416 899 2699 409 900 2700 408 900 2701 423 900 2702 401 901 2703 416 901 2704 417 901 2705 409 902 2706 424 902 2707 425 902 2708 403 903 2709 402 903 2710 417 903 2711 422 904 2712 437 904 2713 438 904 2714 415 905 2715 430 905 2716 431 905 2717 424 906 2718 423 906 2719 438 906 2720 417 907 2721 416 907 2722 431 907 2723 424 908 2724 439 908 2725 440 908 2726 418 909 2727 417 909 2728 432 909 2729 426 910 2730 425 910 2731 440 910 2732 418 911 2733 433 911 2734 434 911 2735 426 912 2736 441 912 2737 442 912 2738 420 913 2739 419 913 2740 434 913 2741 427 914 2742 442 914 2743 443 914 2744 420 915 2745 435 915 2746 436 915 2747 429 916 2748 428 916 2749 443 916 2750 422 917 2751 421 917 2752 436 917 2753 441 918 2754 456 918 2755 457 918 2756 435 919 2757 434 919 2758 449 919 2759 442 920 2760 457 920 2761 458 920 2762 435 921 2763 450 921 2764 451 921 2765 443 922 2766 458 922 2767 459 922 2768 437 923 2769 436 923 2770 451 923 2771 437 924 2772 452 924 2773 453 924 2774 431 925 2775 430 925 2776 445 925 2777 439 926 2778 438 926 2779 453 926 2780 432 927 2781 431 927 2782 446 927 2783 439 928 2784 454 928 2785 455 928 2786 433 929 2787 432 929 2788 447 929 2789 441 930 2790 440 930 2791 455 930 2792 433 931 2793 448 931 2794 449 931 2795 445 932 2796 460 932 2797 461 932 2798 454 933 2799 453 933 2800 468 933 2801 446 934 2802 461 934 2803 462 934 2804 454 935 2805 469 935 2806 470 935 2807 447 936 2808 462 936 2809 463 936 2810 456 937 2811 455 937 2812 470 937 2813 448 938 2814 463 938 2815 464 938 2816 456 939 2817 471 939 2818 472 939 2819 450 940 2820 449 940 2821 464 940 2822 458 941 2823 457 941 2824 472 941 2825 450 942 2826 465 942 2827 466 942 2828 458 943 2829 473 943 2830 474 943 2831 452 944 2832 451 944 2833 466 944 2834 452 945 2835 467 945 2836 468 945 2837 465 946 2838 464 946 2839 476 946 2840 472 947 2841 7 947 2842 480 947 2843 466 948 2844 465 948 2845 3 948 2846 474 949 2847 473 949 2848 480 949 2849 467 950 2850 466 950 2851 477 950 2852 467 951 2853 4 951 2854 5 951 2855 461 952 2856 460 952 2857 0 952 2858 468 953 2859 5 953 2860 478 953 2861 462 954 2862 461 954 2863 475 954 2864 469 955 2865 478 955 2866 479 955 2867 463 956 2868 462 956 2869 1 956 2870 470 957 2871 479 957 2872 6 957 2873 464 958 2874 463 958 2875 2 958 2876 471 959 2877 6 959 2878 7 959 2879</p>
        </triangles>
      </mesh>
    </geometry>
    <geometry id="Cylinder_001-mesh" name="Cylinder.001">
      <mesh>
        <source id="Cylinder_001-mesh-positions">
          <float_array id="Cylinder_001-mesh-positions-array" count="60">0 0.03999996 -0.975 0 0.03999996 0.975 0.0235114 0.03236067 -0.975 0.0235114 0.03236067 0.975 0.03804224 0.01236063 -0.975 0.03804224 0.01236063 0.975 0.03804224 -0.01236063 -0.975 0.03804224 -0.01236063 0.975 0.0235114 -0.03236067 -0.975 0.0235114 -0.03236067 0.975 0 -0.03999996 -0.975 0 -0.03999996 0.975 -0.0235114 -0.03236067 -0.975 -0.0235114 -0.03236067 0.975 -0.03804224 -0.01236063 -0.975 -0.03804224 -0.01236063 0.975 -0.03804224 0.01236063 -0.975 -0.03804224 0.01236063 0.975 -0.0235114 0.03236067 -0.975 -0.0235114 0.03236067 0.975</float_array>
          <technique_common>
            <accessor source="#Cylinder_001-mesh-positions-array" count="20" stride="3">
              <param name="X" type="float"/>
              <param name="Y" type="float"/>
              <param name="Z" type="float"/>
            </accessor>
          </technique_common>
        </source>
        <source id="Cylinder_001-mesh-normals">
          <float_array id="Cylinder_001-mesh-normals-array" count="108">0.309017 0.9510565 0 0.809017 0.5877853 0 1 0 0 0.809017 -0.5877853 0 0.309017 -0.9510565 0 -0.309017 -0.9510565 0 -0.809017 -0.5877853 0 -1 0 0 0 0 1 -0.809017 0.5877853 0 -0.309017 0.9510565 0 0 0 -1 0.309017 0.9510565 0 0.809017 0.5877853 0 1 0 0 0.809017 -0.5877853 0 0.309017 -0.9510565 0 -0.309017 -0.9510565 0 -0.809017 -0.5877853 0 -1 0 0 0 0 1 0 0 1 0 0 1 0 0 1 0 0 1 0 0 1 0 0 1 -0.809017 0.5877853 0 -0.309017 0.9510565 0 0 0 -1 0 0 -1 0 0 -1 0 0 -1 0 0 -1 0 0 -1 0 0 -1</float_array>
          <technique_common>
            <accessor source="#Cylinder_001-mesh-normals-array" count="36" stride="3">
              <param name="X" type="float"/>
              <param name="Y" type="float"/>
              <param name="Z" type="float"/>
            </accessor>
          </technique_common>
        </source>
        <source id="Cylinder_001-mesh-map-0">
          <float_array id="Cylinder_001-mesh-map-0-array" count="216">1 1 0.9 0.5 1 0.5 0.9 1 0.8 0.5 0.9 0.5 0.8 1 0.6999999 0.5 0.8 0.5 0.6999999 1 0.5999999 0.5 0.6999999 0.5 0.5999999 1 0.4999999 0.5 0.5999999 0.5 0.4999999 1 0.3999999 0.5 0.4999999 0.5 0.3999999 1 0.2999999 0.5 0.3999999 0.5 0.2999999 1 0.1999999 0.5 0.2999999 0.5 0.02174639 0.3241641 0.3910685 0.0558359 0.4782536 0.3241641 0.1999999 1 0.0999999 0.5 0.1999999 0.5 0.0999999 1 0 0.5 0.0999999 0.5 0.9782536 0.1758359 0.5217464 0.1758359 0.6089316 0.4441641 1 1 0.9 1 0.9 0.5 0.9 1 0.8 1 0.8 0.5 0.8 1 0.6999999 1 0.6999999 0.5 0.6999999 1 0.5999999 1 0.5999999 0.5 0.5999999 1 0.4999999 1 0.4999999 0.5 0.4999999 1 0.3999999 1 0.3999999 0.5 0.3999999 1 0.2999999 1 0.2999999 0.5 0.2999999 1 0.1999999 1 0.1999999 0.5 0.4782536 0.3241641 0.3910685 0.4441641 0.25 0.49 0.25 0.49 0.1089315 0.4441641 0.02174639 0.3241641 0.02174639 0.3241641 0.02174639 0.1758359 0.1089315 0.0558359 0.1089315 0.0558359 0.25 0.00999999 0.02174639 0.3241641 0.25 0.00999999 0.3910685 0.0558359 0.02174639 0.3241641 0.3910685 0.0558359 0.4782536 0.1758359 0.4782536 0.3241641 0.4782536 0.3241641 0.25 0.49 0.02174639 0.3241641 0.1999999 1 0.0999999 1 0.0999999 0.5 0.0999999 1 0 1 0 0.5 0.6089316 0.4441641 0.75 0.49 0.9782536 0.1758359 0.75 0.49 0.8910685 0.4441641 0.9782536 0.1758359 0.8910685 0.4441641 0.9782536 0.3241641 0.9782536 0.1758359 0.9782536 0.1758359 0.8910685 0.0558359 0.75 0.00999999 0.75 0.00999999 0.6089316 0.0558359 0.5217464 0.1758359 0.5217464 0.1758359 0.5217464 0.3241641 0.6089316 0.4441641 0.9782536 0.1758359 0.75 0.00999999 0.5217464 0.1758359</float_array>
          <technique_common>
            <accessor source="#Cylinder_001-mesh-map-0-array" count="108" stride="2">
              <param name="S" type="float"/>
              <param name="T" type="float"/>
            </accessor>
          </technique_common>
        </source>
        <vertices id="Cylinder_001-mesh-vertices">
          <input semantic="POSITION" source="#Cylinder_001-mesh-positions"/>
        </vertices>
        <triangles material="CL_post-material" count="36">
          <input semantic="VERTEX" source="#Cylinder_001-mesh-vertices" offset="0"/>
          <input semantic="NORMAL" source="#Cylinder_001-mesh-normals" offset="1"/>
          <input semantic="TEXCOORD" source="#Cylinder_001-mesh-map-0" offset="2" set="0"/>
          <p>1 0 0 2 0 1 0 0 2 3 1 3 4 1 4 2 1 5 5 2 6 6 2 7 4 2 8 7 3 9 8 3 10 6 3 11 9 4 12 10 4 13 8 4 14 11 5 15 12 5 16 10 5 17 13 6 18 14 6 19 12 6 20 15 7 21 16 7 22 14 7 23 17 8 24 9 8 25 5 8 26 17 9 27 18 9 28 16 9 29 19 10 30 0 10 31 18 10 32 6 11 33 14 11 34 18 11 35 1 12 36 3 12 37 2 12 38 3 13 39 5 13 40 4 13 41 5 14 42 7 14 43 6 14 44 7 15 45 9 15 46 8 15 47 9 16 48 11 16 49 10 16 50 11 17 51 13 17 52 12 17 53 13 18 54 15 18 55 14 18 56 15 19 57 17 19 58 16 19 59 5 20 60 3 20 61 1 20 62 1 21 63 19 21 64 17 21 65 17 22 66 15 22 67 13 22 68 13 23 69 11 23 70 17 23 71 11 24 72 9 24 73 17 24 74 9 25 75 7 25 76 5 25 77 5 26 78 1 26 79 17 26 80 17 27 81 19 27 82 18 27 83 19 28 84 1 28 85 0 28 86 18 29 87 0 29 88 6 29 89 0 30 90 2 30 91 6 30 92 2 31 93 4 31 94 6 31 95 6 32 96 8 32 97 10 32 98 10 33 99 12 33 100 14 33 101 14 34 102 16 34 103 18 34 104 6 35 105 10 35 106 14 35 107</p>
        </triangles>
      </mesh>
    </geometry>
    <geometry id="Sphere-mesh" name="Sphere">
      <mesh>
        <source id="Sphere-mesh-positions">
          <float_array id="Sphere-mesh-positions-array" count="1446">0 0.009364306 0.04707765 0 0.02666735 0.03991049 0 0.03394109 0.03394109 0 0.04434621 0.01836878 0 0.04799997 0 0 0.04707765 -0.009364306 0 0.03394109 -0.03394109 0 0.02666735 -0.03991049 0.001826882 0.00918436 0.04707765 0.00358355 0.0180158 0.04434621 0.005202531 0.02615493 0.03991049 0.006621539 0.03328895 0.03394109 0.007786154 0.03914362 0.02666735 0.008651494 0.0434941 0.01836878 0.00918436 0.04617309 0.009364306 0.009364306 0.04707765 0 0.00918436 0.04617309 -0.009364306 0.008651494 0.0434941 -0.01836878 0.007786154 0.03914362 -0.02666735 0.006621539 0.03328895 -0.03394109 0.005202531 0.02615493 -0.03991049 0.00358355 0.0180158 -0.04434621 0.001826882 0.00918436 -0.04707765 0.00358355 0.008651494 0.04707765 0.007029414 0.01697051 0.04434621 0.01020514 0.0246374 0.03991049 0.01298868 0.03135746 0.03394109 0.01527309 0.0368725 0.02666735 0.01697051 0.04097056 0.01836878 0.0180158 0.0434941 0.009364306 0.01836878 0.04434621 0 0.0180158 0.0434941 -0.009364306 0.01697051 0.04097056 -0.01836878 0.01527309 0.0368725 -0.02666735 0.01298868 0.03135746 -0.03394109 0.01020514 0.0246374 -0.03991049 0.007029414 0.01697051 -0.04434621 0.00358355 0.008651494 -0.04707765 0.005202531 0.007786154 0.04707765 0.01020514 0.01527309 0.04434621 0.01481556 0.0221731 0.03991049 0.01885664 0.02822101 0.03394109 0.0221731 0.03318434 0.02666735 0.0246374 0.0368725 0.01836878 0.02615493 0.03914362 0.009364306 0.02666735 0.03991049 0 0.02615493 0.03914362 -0.009364306 0.0246374 0.0368725 -0.01836878 0.0221731 0.03318434 -0.02666735 0.01885664 0.02822101 -0.03394109 0.01481556 0.0221731 -0.03991049 0.01020514 0.01527309 -0.04434621 0.005202531 0.007786154 -0.04707765 0.006621539 0.006621539 0.04707765 0.01298868 0.01298868 0.04434621 0.01885664 0.01885664 0.03991049 0.02399998 0.02399998 0.03394109 0.02822101 0.02822101 0.02666735 0.03135746 0.03135746 0.01836878 0.03328895 0.03328895 0.009364306 0.03394109 0.03394109 0 0.03328895 0.03328895 -0.009364306 0.03135746 0.03135746 -0.01836878 0.02822101 0.02822101 -0.02666735 0.02399998 0.02399998 -0.03394109 0.01885664 0.01885664 -0.03991049 0.01298868 0.01298868 -0.04434621 0.006621539 0.006621539 -0.04707765 0.007786154 0.005202531 0.04707765 0.01527309 0.01020514 0.04434621 0.0221731 0.01481556 0.03991049 0.02822101 0.01885664 0.03394109 0.03318434 0.0221731 0.02666735 0.0368725 0.0246374 0.01836878 0.03914362 0.02615493 0.009364306 0.03991049 0.02666735 0 0.03914362 0.02615493 -0.009364306 0.0368725 0.0246374 -0.01836878 0.03318434 0.0221731 -0.02666735 0.02822101 0.01885664 -0.03394109 0.0221731 0.01481556 -0.03991049 0.01527309 0.01020514 -0.04434621 0.007786154 0.005202531 -0.04707765 0.008651494 0.00358355 0.04707765 0.01697051 0.007029414 0.04434621 0.0246374 0.01020514 0.03991049 0.03135746 0.01298868 0.03394109 0.0368725 0.01527309 0.02666735 0.0409705 0.01697051 0.01836878 0.0434941 0.0180158 0.009364306 0.04434621 0.01836878 0 0.0434941 0.0180158 -0.009364306 0.0409705 0.01697051 -0.01836878 0.0368725 0.01527309 -0.02666735 0.03135746 0.01298868 -0.03394109 0.0246374 0.01020514 -0.03991049 0.01697051 0.007029414 -0.04434621 0.008651494 0.00358355 -0.04707765 0.00918436 0.001826882 0.04707765 0.0180158 0.00358355 0.04434621 0.02615493 0.005202531 0.03991049 0.03328889 0.006621539 0.03394109 0.03914362 0.007786154 0.02666735 0.0434941 0.008651494 0.01836878 0.04617309 0.00918436 0.009364306 0.04707765 0.009364306 0 0.04617309 0.00918436 -0.009364306 0.0434941 0.008651494 -0.01836878 0.03914362 0.007786154 -0.02666735 0.03328889 0.006621539 -0.03394109 0.02615493 0.005202531 -0.03991049 0.0180158 0.00358355 -0.04434621 0.00918436 0.001826882 -0.04707765 0.009364306 0 0.04707765 0.01836878 0 0.04434621 0.02666735 0 0.03991049 0.03394109 0 0.03394109 0.03991049 0 0.02666735 0.04434615 0 0.01836878 0.04707765 0 0.009364306 0.04799997 0 0 0.04707765 0 -0.009364306 0.04434615 0 -0.01836878 0.03991049 0 -0.02666735 0.03394109 0 -0.03394109 0.02666735 0 -0.03991049 0.01836878 0 -0.04434621 0.009364306 0 -0.04707765 0.00918436 -0.001826882 0.04707765 0.0180158 -0.00358355 0.04434621 0.02615493 -0.005202531 0.03991049 0.03328889 -0.006621539 0.03394109 0.03914362 -0.007786154 0.02666735 0.0434941 -0.008651494 0.01836878 0.04617309 -0.00918436 0.009364306 0.04707765 -0.009364306 0 0.04617309 -0.00918436 -0.009364306 0.0434941 -0.008651494 -0.01836878 0.03914362 -0.007786154 -0.02666735 0.03328889 -0.006621539 -0.03394109 0.02615493 -0.005202531 -0.03991049 0.0180158 -0.00358355 -0.04434621 0.00918436 -0.001826882 -0.04707765 0.008651494 -0.00358355 0.04707765 0.01697051 -0.007029414 0.04434621 0.0246374 -0.01020514 0.03991049 0.03135746 -0.01298868 0.03394109 0.0368725 -0.01527309 0.02666735 0.0409705 -0.01697051 0.01836878 0.0434941 -0.0180158 0.009364306 0.04434615 -0.01836878 0 0.0434941 -0.0180158 -0.009364306 0.0409705 -0.01697051 -0.01836878 0.0368725 -0.01527309 -0.02666735 0.03135746 -0.01298868 -0.03394109 0.0246374 -0.01020514 -0.03991049 0.01697051 -0.007029414 -0.04434621 0.008651494 -0.00358355 -0.04707765 0.007786154 -0.005202531 0.04707765 0.01527309 -0.01020514 0.04434621 0.0221731 -0.01481556 0.03991049 0.02822095 -0.01885664 0.03394109 0.03318434 -0.0221731 0.02666735 0.0368725 -0.0246374 0.01836878 0.03914362 -0.02615493 0.009364306 0.03991049 -0.02666735 0 0.03914362 -0.02615493 -0.009364306 0.0368725 -0.0246374 -0.01836878 0.03318434 -0.0221731 -0.02666735 0.02822095 -0.01885664 -0.03394109 0.0221731 -0.01481556 -0.03991049 0.01527309 -0.01020514 -0.04434621 0.007786154 -0.005202531 -0.04707765 0.006621539 -0.006621539 0.04707765 0.01298868 -0.01298868 0.04434621 0.01885664 -0.01885664 0.03991049 0.02399998 -0.02399998 0.03394109 0.02822095 -0.02822101 0.02666735 0.03135746 -0.03135746 0.01836878 0.03328889 -0.03328889 0.009364306 0.03394109 -0.03394109 0 0.03328889 -0.03328889 -0.009364306 0.03135746 -0.03135746 -0.01836878 0.02822095 -0.02822101 -0.02666735 0.02399998 -0.02399998 -0.03394109 0.01885664 -0.01885664 -0.03991049 0.01298868 -0.01298868 -0.04434621 0.006621539 -0.006621539 -0.04707765 0.005202531 -0.007786154 0.04707765 0.01020514 -0.01527309 0.04434621 0.01481556 -0.0221731 0.03991049 0.01885664 -0.02822095 0.03394109 0.02217304 -0.03318434 0.02666735 0.0246374 -0.0368725 0.01836878 0.02615493 -0.03914362 0.009364306 0.02666735 -0.03991049 0 0.02615493 -0.03914362 -0.009364306 0.0246374 -0.0368725 -0.01836878 0.02217304 -0.03318434 -0.02666735 0.01885664 -0.02822095 -0.03394109 0.01481556 -0.0221731 -0.03991049 0.01020514 -0.01527309 -0.04434621 0.005202531 -0.007786154 -0.04707765 0.00358355 -0.008651494 0.04707765 0.007029414 -0.01697051 0.04434621 0.01020514 -0.0246374 0.03991049 0.01298868 -0.03135746 0.03394109 0.01527309 -0.0368725 0.02666735 0.01697051 -0.0409705 0.01836878 0.0180158 -0.0434941 0.009364306 0.01836878 -0.04434615 0 0.0180158 -0.0434941 -0.009364306 0.01697051 -0.0409705 -0.01836878 0.01527309 -0.0368725 -0.02666735 0.01298868 -0.03135746 -0.03394109 0.01020514 -0.0246374 -0.03991049 0.007029414 -0.01697051 -0.04434621 0.00358355 -0.008651494 -0.04707765 0.001826882 -0.00918436 0.04707765 0.00358355 -0.0180158 0.04434621 0.005202531 -0.02615493 0.03991049 0.006621539 -0.03328889 0.03394109 0.007786095 -0.03914362 0.02666735 0.008651494 -0.04349404 0.01836878 0.00918436 -0.04617309 0.009364306 0.009364306 -0.04707765 0 0.00918436 -0.04617309 -0.009364306 0.008651494 -0.04349404 -0.01836878 0.007786095 -0.03914362 -0.02666735 0.006621539 -0.03328889 -0.03394109 0.005202531 -0.02615493 -0.03991049 0.00358355 -0.0180158 -0.04434621 0.001826882 -0.00918436 -0.04707765 0 -0.009364306 0.04707765 0 -0.01836878 0.04434621 0 -0.02666735 0.03991049 0 -0.03394109 0.03394109 0 -0.03991049 0.02666735 0 -0.04434615 0.01836878 0 -0.04707765 0.009364306 0 -0.04799997 0 0 -0.04707765 -0.009364306 0 -0.04434615 -0.01836878 0 -0.03991049 -0.02666735 0 -0.03394109 -0.03394109 0 -0.02666735 -0.03991049 0 -0.01836878 -0.04434621 0 -0.009364306 -0.04707765 0 0 -0.04799997 -0.001826882 -0.00918436 0.04707765 -0.00358355 -0.0180158 0.04434621 -0.005202531 -0.02615493 0.03991049 -0.006621539 -0.03328889 0.03394109 -0.007786154 -0.03914362 0.02666735 -0.008651494 -0.04349404 0.01836878 -0.00918436 -0.04617303 0.009364306 -0.009364306 -0.04707765 0 -0.00918436 -0.04617303 -0.009364306 -0.008651494 -0.04349404 -0.01836878 -0.007786154 -0.03914362 -0.02666735 -0.006621539 -0.03328889 -0.03394109 -0.005202531 -0.02615493 -0.03991049 -0.00358355 -0.0180158 -0.04434621 -0.001826882 -0.00918436 -0.04707765 -0.00358355 -0.008651494 0.04707765 -0.007029414 -0.01697051 0.04434621 -0.01020514 -0.0246374 0.03991049 -0.01298868 -0.03135746 0.03394109 -0.01527309 -0.0368725 0.02666735 -0.01697051 -0.0409705 0.01836878 -0.0180158 -0.04349404 0.009364306 -0.01836878 -0.04434615 0 -0.0180158 -0.04349404 -0.009364306 -0.01697051 -0.0409705 -0.01836878 -0.01527309 -0.0368725 -0.02666735 -0.01298868 -0.03135746 -0.03394109 -0.01020514 -0.0246374 -0.03991049 -0.007029414 -0.01697051 -0.04434621 -0.00358355 -0.008651494 -0.04707765 -0.005202531 -0.007786154 0.04707765 -0.01020514 -0.01527303 0.04434621 -0.01481556 -0.02217304 0.03991049 -0.01885664 -0.02822095 0.03394109 -0.0221731 -0.03318434 0.02666735 -0.0246374 -0.0368725 0.01836878 -0.02615493 -0.03914362 0.009364306 -0.02666735 -0.03991049 0 -0.02615493 -0.03914362 -0.009364306 -0.0246374 -0.0368725 -0.01836878 -0.0221731 -0.03318434 -0.02666735 -0.01885664 -0.02822095 -0.03394109 -0.01481556 -0.02217304 -0.03991049 -0.01020514 -0.01527303 -0.04434621 -0.005202531 -0.007786154 -0.04707765 -0.006621539 -0.006621539 0.04707765 -0.01298868 -0.01298868 0.04434621 -0.01885664 -0.01885664 0.03991049 -0.02399998 -0.02399992 0.03394109 -0.02822095 -0.02822095 0.02666735 -0.03135746 -0.03135746 0.01836878 -0.03328889 -0.03328889 0.009364306 -0.03394109 -0.03394109 0 -0.03328889 -0.03328889 -0.009364306 -0.03135746 -0.03135746 -0.01836878 -0.02822095 -0.02822095 -0.02666735 -0.02399998 -0.02399992 -0.03394109 -0.01885664 -0.01885664 -0.03991049 -0.01298868 -0.01298868 -0.04434621 -0.006621539 -0.006621539 -0.04707765 0 0 0.04799997 -0.007786154 -0.005202531 0.04707765 -0.01527309 -0.01020514 0.04434621 -0.0221731 -0.01481556 0.03991049 -0.02822095 -0.01885664 0.03394109 -0.03318434 -0.02217304 0.02666735 -0.0368725 -0.0246374 0.01836878 -0.03914362 -0.02615493 0.009364306 -0.03991049 -0.02666729 0 -0.03914362 -0.02615493 -0.009364306 -0.0368725 -0.0246374 -0.01836878 -0.03318434 -0.02217304 -0.02666735 -0.02822095 -0.01885664 -0.03394109 -0.0221731 -0.01481556 -0.03991049 -0.01527309 -0.01020514 -0.04434621 -0.007786154 -0.005202531 -0.04707765 -0.008651494 -0.00358355 0.04707765 -0.01697051 -0.007029414 0.04434621 -0.0246374 -0.01020514 0.03991049 -0.03135746 -0.01298868 0.03394109 -0.0368725 -0.01527309 0.02666735 -0.0409705 -0.01697051 0.01836878 -0.04349404 -0.0180158 0.009364306 -0.04434615 -0.01836878 0 -0.04349404 -0.0180158 -0.009364306 -0.0409705 -0.01697051 -0.01836878 -0.0368725 -0.01527309 -0.02666735 -0.03135746 -0.01298868 -0.03394109 -0.0246374 -0.01020514 -0.03991049 -0.01697051 -0.007029414 -0.04434621 -0.008651494 -0.00358355 -0.04707765 -0.00918436 -0.001826882 0.04707765 -0.0180158 -0.00358355 0.04434621 -0.02615493 -0.005202531 0.03991049 -0.03328889 -0.006621539 0.03394109 -0.03914362 -0.007786095 0.02666735 -0.04349404 -0.008651494 0.01836878 -0.04617303 -0.00918436 0.009364306 -0.04707765 -0.009364306 0 -0.04617303 -0.00918436 -0.009364306 -0.04349404 -0.008651494 -0.01836878 -0.03914362 -0.007786095 -0.02666735 -0.03328889 -0.006621539 -0.03394109 -0.02615493 -0.005202531 -0.03991049 -0.0180158 -0.00358355 -0.04434621 -0.00918436 -0.001826882 -0.04707765 -0.009364306 0 0.04707765 -0.01836878 0 0.04434621 -0.02666735 0 0.03991049 -0.03394109 0 0.03394109 -0.03991049 0 0.02666735 -0.04434615 0 0.01836878 -0.04707765 0 0.009364306 -0.04799997 0 0 -0.04707765 0 -0.009364306 -0.04434615 0 -0.01836878 -0.03991049 0 -0.02666735 -0.03394109 0 -0.03394109 -0.02666735 0 -0.03991049 -0.01836878 0 -0.04434621 -0.009364306 0 -0.04707765 -0.00918436 0.001826882 0.04707765 -0.0180158 0.00358355 0.04434621 -0.02615493 0.005202531 0.03991049 -0.03328889 0.006621539 0.03394109 -0.03914362 0.007786154 0.02666735 -0.04349404 0.008651494 0.01836878 -0.04617303 0.00918436 0.009364306 -0.04707765 0.009364306 0 -0.04617303 0.00918436 -0.009364306 -0.04349404 0.008651494 -0.01836878 -0.03914362 0.007786154 -0.02666735 -0.03328889 0.006621539 -0.03394109 -0.02615493 0.005202531 -0.03991049 -0.0180158 0.00358355 -0.04434621 -0.00918436 0.001826882 -0.04707765 -0.008651494 0.00358355 0.04707765 -0.01697051 0.007029414 0.04434621 -0.0246374 0.01020514 0.03991049 -0.03135746 0.01298868 0.03394109 -0.0368725 0.01527309 0.02666735 -0.0409705 0.01697051 0.01836878 -0.04349404 0.0180158 0.009364306 -0.04434615 0.01836878 0 -0.04349404 0.0180158 -0.009364306 -0.0409705 0.01697051 -0.01836878 -0.0368725 0.01527309 -0.02666735 -0.03135746 0.01298868 -0.03394109 -0.0246374 0.01020514 -0.03991049 -0.01697051 0.007029414 -0.04434621 -0.008651494 0.00358355 -0.04707765 -0.007786095 0.005202531 0.04707765 -0.01527303 0.01020514 0.04434621 -0.02217304 0.01481556 0.03991049 -0.02822095 0.01885664 0.03394109 -0.03318434 0.02217304 0.02666735 -0.03687244 0.0246374 0.01836878 -0.03914362 0.02615493 0.009364306 -0.03991049 0.02666735 0 -0.03914362 0.02615493 -0.009364306 -0.03687244 0.0246374 -0.01836878 -0.03318434 0.02217304 -0.02666735 -0.02822095 0.01885664 -0.03394109 -0.02217304 0.01481556 -0.03991049 -0.01527303 0.01020514 -0.04434621 -0.007786095 0.005202531 -0.04707765 -0.006621539 0.006621539 0.04707765 -0.01298868 0.01298868 0.04434621 -0.01885664 0.01885664 0.03991049 -0.02399992 0.02399992 0.03394109 -0.02822095 0.02822095 0.02666735 -0.03135746 0.03135746 0.01836878 -0.03328889 0.03328889 0.009364306 -0.03394109 0.03394109 0 -0.03328889 0.03328889 -0.009364306 -0.03135746 0.03135746 -0.01836878 -0.02822095 0.02822095 -0.02666735 -0.02399992 0.02399992 -0.03394109 -0.01885664 0.01885664 -0.03991049 -0.01298868 0.01298868 -0.04434621 -0.006621539 0.006621539 -0.04707765 -0.005202531 0.007786154 0.04707765 -0.01020514 0.01527309 0.04434621 -0.01481556 0.0221731 0.03991049 -0.01885664 0.02822095 0.03394109 -0.02217304 0.03318434 0.02666735 -0.0246374 0.0368725 0.01836878 -0.02615493 0.03914362 0.009364306 -0.02666729 0.03991049 0 -0.02615493 0.03914362 -0.009364306 -0.0246374 0.0368725 -0.01836878 -0.02217304 0.03318434 -0.02666735 -0.01885664 0.02822095 -0.03394109 -0.01481556 0.0221731 -0.03991049 -0.01020514 0.01527309 -0.04434621 -0.005202531 0.007786154 -0.04707765 -0.00358355 0.008651494 0.04707765 -0.007029414 0.01697051 0.04434621 -0.01020514 0.0246374 0.03991049 -0.01298868 0.03135746 0.03394109 -0.01527309 0.0368725 0.02666735 -0.01697051 0.0409705 0.01836878 -0.0180158 0.04349404 0.009364306 -0.01836878 0.04434615 0 -0.0180158 0.04349404 -0.009364306 -0.01697051 0.0409705 -0.01836878 -0.01527309 0.0368725 -0.02666735 -0.01298868 0.03135746 -0.03394109 -0.01020514 0.0246374 -0.03991049 -0.007029414 0.01697051 -0.04434621 -0.00358355 0.008651494 -0.04707765 -0.001826882 0.00918436 0.04707765 -0.00358355 0.0180158 0.04434621 -0.005202531 0.02615493 0.03991049 -0.006621539 0.03328889 0.03394109 -0.007786095 0.03914362 0.02666735 -0.008651494 0.04349404 0.01836878 -0.00918436 0.04617303 0.009364306 -0.009364306 0.04707765 0 -0.00918436 0.04617303 -0.009364306 -0.008651494 0.04349404 -0.01836878 -0.007786095 0.03914362 -0.02666735 -0.006621539 0.03328889 -0.03394109 -0.005202531 0.02615493 -0.03991049 -0.00358355 0.0180158 -0.04434621 -0.001826882 0.00918436 -0.04707765 0 0.01836878 0.04434621 0 0.03991049 0.02666735 0 0.04707759 0.009364306 0 0.04434615 -0.01836878 0 0.03991049 -0.02666735 0 0.01836878 -0.04434621 0 0.009364306 -0.04707765</float_array>
          <technique_common>
            <accessor source="#Sphere-mesh-positions-array" count="482" stride="3">
              <param name="X" type="float"/>
              <param name="Y" type="float"/>
              <param name="Z" type="float"/>
            </accessor>
          </technique_common>
        </source>
        <source id="Sphere-mesh-normals">
          <float_array id="Sphere-mesh-normals-array" count="2880">0.0285775 0.2901664 0.9565495 0.09383058 0.9527186 -0.2890036 0.04637855 0.4708896 0.8809723 0.08653295 0.8786136 -0.4696278 0.06236088 0.6331587 0.7715058 0.07591557 0.7707809 -0.6325611 0.07591259 0.7707799 0.6325628 0.06236064 0.6331588 -0.7715057 0.08653581 0.8786129 0.4696285 0.04637622 0.4708889 -0.8809727 0.09382975 0.9527187 0.2890036 0.02857762 0.2901664 -0.9565495 0.09754967 0.9904379 0.0975548 0.009653449 0.09801262 0.9951384 0.009652972 0.09801274 -0.9951384 0.09754979 0.9904383 -0.09754973 0.2889002 0.9523763 0.09754973 0.02858924 0.09424608 0.9951384 0.02858924 0.09424608 -0.9951384 0.2889001 0.9523764 -0.09754979 0.08463841 0.2790151 0.9565494 0.2778978 0.9161056 -0.2890039 0.1373534 0.4527935 0.8809722 0.2562822 0.8448482 -0.4696286 0.1846858 0.6088269 0.7715057 0.2248284 0.7411589 -0.6325629 0.2248283 0.7411589 0.6325629 0.1846857 0.6088269 -0.7715056 0.2562821 0.8448482 0.4696285 0.1373536 0.4527934 -0.8809722 0.2778975 0.9161058 0.2890037 0.08463835 0.2790151 -0.9565495 0.3651012 0.6830561 -0.6325627 0.3651014 0.6830558 0.6325629 0.2999132 0.5610982 -0.7715056 0.4161794 0.7786166 0.4696286 0.2230499 0.4172968 -0.8809723 0.4512814 0.8442878 0.2890039 0.1374453 0.2571419 -0.9565495 0.4691486 0.8777151 0.09754979 0.04642635 0.08685767 0.9951384 0.04642635 0.08685767 -0.9951383 0.4691486 0.8777149 -0.09754973 0.1374453 0.2571418 0.9565494 0.4512814 0.8442878 -0.2890039 0.2230498 0.4172969 0.8809723 0.4161796 0.7786162 -0.4696289 0.2999133 0.5610981 0.7715056 0.06247943 0.07613134 -0.9951383 0.6313677 0.7693237 -0.09754985 0.1849702 0.2253867 0.9565494 0.6073227 0.7400242 -0.2890042 0.3001746 0.3657637 0.8809723 0.560083 0.6824632 -0.4696285 0.4036153 0.4918066 0.7715056 0.4913435 0.5987036 -0.6325626 0.4913434 0.5987037 0.6325627 0.4036153 0.4918066 -0.7715056 0.5600833 0.6824628 0.4696288 0.3001747 0.3657636 -0.8809722 0.6073225 0.7400245 0.2890038 0.1849702 0.2253867 -0.9565495 0.6313675 0.7693238 0.09754997 0.06247943 0.07613134 0.9951384 0.4918066 0.4036153 -0.7715057 0.6824633 0.560083 0.4696284 0.3657637 0.3001744 -0.8809723 0.7400245 0.6073222 0.2890041 0.2253868 0.1849702 -0.9565495 0.769324 0.6313673 0.09754967 0.0761314 0.06247943 0.9951384 0.0761314 0.06247937 -0.9951384 0.7693238 0.6313676 -0.09755009 0.2253868 0.1849701 0.9565494 0.7400245 0.6073223 -0.2890041 0.3657637 0.3001745 0.8809723 0.6824632 0.560083 -0.4696285 0.4918067 0.4036152 0.7715055 0.5987037 0.4913433 -0.6325627 0.5987037 0.4913434 0.6325628 0.257142 0.1374452 0.9565494 0.8442879 0.4512809 -0.2890043 0.4172968 0.2230497 0.8809723 0.7786167 0.4161794 -0.4696285 0.5610982 0.2999132 0.7715057 0.6830561 0.365101 -0.6325627 0.683056 0.3651011 0.6325629 0.5610982 0.2999132 -0.7715056 0.7786169 0.4161791 0.4696282 0.4172968 0.2230498 -0.8809723 0.8442878 0.4512813 0.289004 0.257142 0.1374452 -0.9565495 0.8777152 0.4691482 0.09754943 0.08685767 0.04642635 0.9951384 0.08685767 0.04642635 -0.9951384 0.8777151 0.4691486 -0.09754979 0.8448484 0.2562817 0.4696284 0.4527935 0.1373531 -0.8809723 0.9161057 0.2778975 0.2890042 0.2790153 0.08463829 -0.9565495 0.9523764 0.2889002 0.09754967 0.09424608 0.02858918 0.9951383 0.09424608 0.02858918 -0.9951384 0.9523764 0.2889001 -0.09754955 0.2790153 0.08463817 0.9565494 0.9161056 0.2778974 -0.2890043 0.4527934 0.1373532 0.8809723 0.8448486 0.2562814 -0.4696282 0.6088271 0.1846855 0.7715056 0.7411592 0.224828 -0.6325626 0.7411591 0.2248277 0.6325629 0.6088271 0.1846854 -0.7715057 0.952718 0.09383416 -0.2890043 0.4708894 0.04637855 0.8809723 0.878613 0.08653539 -0.4696285 0.6331589 0.06236058 0.7715056 0.7707798 0.07591497 -0.6325625 0.7707798 0.0759148 0.6325626 0.633159 0.0623607 -0.7715055 0.8786129 0.08653551 0.4696286 0.4708893 0.04637819 -0.8809724 0.952718 0.09383428 0.2890042 0.2901663 0.02857881 -0.9565495 0.9904384 0.09754931 0.09754967 0.09801268 0.009653389 0.9951384 0.09801268 0.009653329 -0.9951384 0.9904384 0.09754937 -0.09754973 0.2901662 0.02857863 0.9565494 0.4708892 -0.04637867 -0.8809725 0.952718 -0.09383469 0.2890042 0.2901662 -0.02857893 -0.9565494 0.9904384 -0.09754973 0.09754985 0.09801268 -0.009653389 0.9951383 0.09801268 -0.009653389 -0.9951383 0.9904384 -0.09754985 -0.09754973 0.2901662 -0.02857893 0.9565494 0.952718 -0.09383457 -0.289004 0.4708893 -0.04637855 0.8809724 0.8786128 -0.08653581 -0.4696285 0.633159 -0.06236094 0.7715056 0.7707798 -0.07591545 -0.6325625 0.7707799 -0.07591515 0.6325625 0.6331591 -0.0623607 -0.7715055 0.8786128 -0.08653587 0.4696286 0.4527933 -0.1373534 0.8809724 0.8448482 -0.2562823 -0.4696286 0.6088271 -0.184686 0.7715054 0.7411589 -0.2248284 -0.6325627 0.741159 -0.2248284 0.6325626 0.6088272 -0.1846858 -0.7715054 0.8448481 -0.2562821 0.4696286 0.4527931 -0.1373536 -0.8809725 0.9161057 -0.2778976 0.289004 0.2790153 -0.08463847 -0.9565494 0.9523762 -0.2889007 0.09754943 0.09424608 -0.0285893 0.9951383 0.09424608 -0.02858924 -0.9951383 0.9523764 -0.2889002 -0.09754991 0.2790153 -0.08463853 0.9565494 0.9161055 -0.2778978 -0.2890042 0.8442878 -0.4512814 0.289004 0.2571421 -0.1374454 -0.9565494 0.877715 -0.4691487 0.09754949 0.08685767 -0.04642641 0.9951384 0.08685767 -0.04642641 -0.9951384 0.8777149 -0.4691486 -0.09754955 0.257142 -0.1374455 0.9565494 0.8442876 -0.4512814 -0.2890041 0.4172965 -0.2230498 0.8809725 0.7786164 -0.4161795 -0.4696287 0.5610983 -0.2999135 0.7715054 0.683056 -0.3651013 -0.6325626 0.683056 -0.3651013 0.6325626 0.5610983 -0.2999135 -0.7715054 0.7786164 -0.4161794 0.4696287 0.4172964 -0.2230499 -0.8809725 0.682463 -0.560083 -0.4696288 0.4918069 -0.4036155 0.7715054 0.5987037 -0.4913434 -0.6325625 0.5987037 -0.4913436 0.6325626 0.4918068 -0.4036156 -0.7715054 0.6824629 -0.5600831 0.4696288 0.3657634 -0.3001745 -0.8809724 0.7400245 -0.6073225 0.289004 0.2253869 -0.1849703 -0.9565494 0.7693235 -0.6313679 0.09754937 0.0761314 -0.06247943 0.9951383 0.0761314 -0.06247943 -0.9951384 0.7693236 -0.6313678 -0.09754955 0.2253868 -0.1849703 0.9565494 0.7400243 -0.6073225 -0.289004 0.3657634 -0.3001745 0.8809724 0.1849702 -0.225387 -0.9565494 0.6313674 -0.769324 0.09754943 0.06247943 -0.0761314 0.9951383 0.06247937 -0.07613146 -0.9951384 0.6313674 -0.769324 -0.09754949 0.1849702 -0.225387 0.9565495 0.607322 -0.7400248 -0.2890039 0.3001743 -0.3657636 0.8809724 0.5600829 -0.6824632 -0.4696289 0.4036152 -0.4918069 0.7715054 0.4913433 -0.5987039 -0.6325626 0.4913433 -0.5987039 0.6325625 0.4036154 -0.4918069 -0.7715054 0.5600827 -0.6824634 0.4696287 0.3001741 -0.3657636 -0.8809725 0.6073222 -0.7400247 0.2890038 0.3651009 -0.6830562 -0.6325627 0.365101 -0.6830563 0.6325626 0.2999132 -0.5610985 -0.7715054 0.4161788 -0.7786169 0.4696285 0.2230494 -0.4172967 -0.8809725 0.4512811 -0.8442879 0.2890038 0.1374453 -0.2571421 -0.9565494 0.4691483 -0.8777152 0.09754961 0.04642635 -0.08685773 0.9951384 0.04642641 -0.08685773 -0.9951383 0.4691483 -0.8777152 -0.09754961 0.1374452 -0.2571422 0.9565494 0.4512807 -0.8442881 -0.2890041 0.2230495 -0.4172967 0.8809725 0.4161791 -0.7786167 -0.4696287 0.2999132 -0.5610985 0.7715054 0.02858924 -0.09424608 0.9951384 0.02858918 -0.09424608 -0.9951384 0.2889001 -0.9523764 -0.09754979 0.08463835 -0.2790154 0.9565494 0.2778971 -0.9161058 -0.2890043 0.1373531 -0.4527932 0.8809724 0.2562819 -0.8448483 -0.4696285 0.1846857 -0.6088273 0.7715055 0.2248281 -0.7411592 -0.6325626 0.2248281 -0.7411592 0.6325626 0.1846855 -0.6088272 -0.7715055 0.2562815 -0.8448486 0.4696282 0.1373534 -0.4527933 -0.8809724 0.2778976 -0.9161057 0.2890039 0.08463835 -0.2790155 -0.9565494 0.2888999 -0.9523765 0.09754949 0.0759148 -0.7707798 0.6325627 0.06236052 -0.6331593 -0.7715054 0.08653551 -0.8786131 0.4696282 0.04637825 -0.4708892 -0.8809724 0.09383434 -0.9527181 0.2890042 0.02857869 -0.2901664 -0.9565494 0.09754937 -0.9904384 0.09754961 0.009653329 -0.09801268 0.9951384 0.009653329 -0.09801268 -0.9951384 0.09754943 -0.9904384 -0.09754973 0.02857869 -0.2901664 0.9565494 0.09383422 -0.952718 -0.2890043 0.04637837 -0.4708893 0.8809724 0.08653539 -0.8786131 -0.4696283 0.06236028 -0.6331592 0.7715055 0.07591462 -0.7707797 -0.6325628 -0.09754985 -0.9904383 -0.09754979 -0.02857887 -0.2901664 0.9565494 -0.09383463 -0.9527181 -0.289004 -0.04637855 -0.4708893 0.8809725 -0.08653581 -0.878613 -0.4696282 -0.062361 -0.6331592 0.7715053 -0.07591545 -0.7707796 -0.6325627 -0.07591515 -0.7707797 0.6325628 -0.06236076 -0.6331594 -0.7715053 -0.08653593 -0.8786131 0.4696282 -0.04637849 -0.4708892 -0.8809724 -0.09383469 -0.952718 0.2890042 -0.02857893 -0.2901664 -0.9565494 -0.09754973 -0.9904384 0.09754991 -0.009653389 -0.09801268 0.9951383 -0.009653389 -0.09801268 -0.9951383 -0.1846859 -0.6088276 -0.7715051 -0.2562823 -0.8448484 0.4696282 -0.1373536 -0.452793 -0.8809725 -0.2778977 -0.9161057 0.2890039 -0.08463859 -0.2790154 -0.9565494 -0.2889007 -0.9523762 0.09754961 -0.0285893 -0.09424608 0.9951383 -0.02858924 -0.09424608 -0.9951383 -0.2889002 -0.9523763 -0.09755009 -0.08463859 -0.2790154 0.9565494 -0.277898 -0.9161056 -0.2890042 -0.1373534 -0.4527932 0.8809724 -0.2562823 -0.8448483 -0.4696283 -0.1846861 -0.6088273 0.7715052 -0.2248285 -0.7411588 -0.6325629 -0.2248284 -0.7411588 0.6325629 -0.1374453 -0.2571421 0.9565494 -0.4512816 -0.8442876 -0.289004 -0.2230499 -0.4172965 0.8809724 -0.4161793 -0.7786168 -0.4696283 -0.2999137 -0.5610986 0.7715052 -0.3651012 -0.6830556 -0.6325631 -0.365101 -0.6830559 0.6325629 -0.2999138 -0.5610985 -0.7715051 -0.4161797 -0.7786168 0.469628 -0.2230497 -0.4172967 -0.8809723 -0.4512815 -0.8442877 0.289004 -0.1374454 -0.2571421 -0.9565494 -0.4691487 -0.8777149 0.09754985 -0.04642641 -0.08685767 0.9951384 -0.04642641 -0.08685773 -0.9951384 -0.4691488 -0.8777149 -0.09754985 -0.5600833 -0.6824634 0.4696279 -0.3001746 -0.3657634 -0.8809724 -0.6073226 -0.7400243 0.2890039 -0.1849703 -0.2253869 -0.9565494 -0.631368 -0.7693234 0.09754991 -0.06247943 -0.0761314 0.9951384 -0.06247943 -0.0761314 -0.9951383 -0.6313678 -0.7693235 -0.09755003 -0.1849703 -0.2253868 0.9565494 -0.6073225 -0.7400245 -0.2890037 -0.3001746 -0.3657635 0.8809723 -0.5600832 -0.6824634 -0.469628 -0.4036157 -0.4918069 0.7715052 -0.4913433 -0.5987033 -0.6325632 -0.4913432 -0.5987035 0.6325631 -0.4036158 -0.4918069 -0.7715052 -0.7400246 -0.6073223 -0.2890036 -0.3657637 -0.3001744 0.8809723 -0.6824635 -0.5600831 -0.4696279 -0.4918072 -0.4036155 0.7715052 -0.5987035 -0.491343 -0.6325632 -0.5987036 -0.491343 0.6325631 -0.4918071 -0.4036155 -0.7715052 -0.6824635 -0.5600831 0.469628 -0.3657637 -0.3001742 -0.8809724 -0.7400247 -0.6073223 0.2890036 -0.225387 -0.1849703 -0.9565494 -0.769324 -0.6313673 0.09754985 -0.07613146 -0.06247943 0.9951383 -0.07613146 -0.06247943 -0.9951384 -0.7693238 -0.6313675 -0.09755015 -0.225387 -0.1849702 0.9565495 -0.4172967 -0.2230495 -0.8809724 -0.844288 -0.4512812 0.2890035 -0.2571422 -0.1374452 -0.9565494 -0.8777151 -0.4691484 0.09755009 -0.08685773 -0.04642635 0.9951383 -0.08685773 -0.04642641 -0.9951384 -0.8777151 -0.4691483 -0.09755003 -0.2571422 -0.1374452 0.9565494 -0.844288 -0.4512812 -0.2890035 -0.4172967 -0.2230496 0.8809723 -0.778617 -0.4161792 -0.469628 -0.5610987 -0.2999134 0.7715052 -0.6830559 -0.3651008 -0.6325631 -0.6830559 -0.3651008 0.6325631 -0.5610987 -0.2999134 -0.7715052 -0.778617 -0.4161793 0.4696281 -0.8448485 -0.2562819 -0.4696282 -0.6088277 -0.1846855 0.7715051 -0.7411588 -0.2248276 -0.6325633 -0.7411588 -0.224828 0.632563 -0.6088275 -0.1846857 -0.7715052 -0.8448488 -0.2562816 0.4696279 -0.4527933 -0.1373532 -0.8809724 -0.9161059 -0.2778973 0.2890034 -0.2790155 -0.08463841 -0.9565494 -0.9523764 -0.2888999 0.09755033 -0.09424614 -0.02858924 0.9951384 -0.09424614 -0.02858924 -0.9951383 -0.9523764 -0.2888998 -0.09755027 -0.2790155 -0.08463829 0.9565494 -0.916106 -0.2778972 -0.2890035 -0.4527933 -0.1373532 0.8809723 -0.2901664 -0.02857863 -0.9565494 -0.9904382 -0.09754937 0.09755039 -0.09801268 -0.00965327 0.9951383 -0.09801268 -0.009653329 -0.9951383 -0.9904383 -0.09754943 -0.09755051 -0.2901664 -0.02857881 0.9565494 -0.9527183 -0.09383428 -0.2890035 -0.4708893 -0.04637837 0.8809725 -0.8786132 -0.08653545 -0.4696279 -0.6331596 -0.06236034 0.7715051 -0.7707793 -0.07591456 -0.6325633 -0.7707793 -0.07591474 0.6325632 -0.6331595 -0.06236058 -0.7715051 -0.8786132 -0.08653557 0.4696278 -0.4708893 -0.04637849 -0.8809724 -0.9527183 -0.0938344 0.2890034 -0.6331596 0.0623607 0.7715051 -0.7707793 0.07591497 -0.6325631 -0.7707793 0.07591515 0.6325632 -0.6331597 0.06236082 -0.7715051 -0.8786132 0.08653593 0.4696279 -0.4708893 0.04637849 -0.8809723 -0.9527183 0.09383475 0.2890034 -0.2901664 0.02857893 -0.9565494 -0.9904382 0.09755015 0.09755027 -0.09801268 0.009653389 0.9951383 -0.09801274 0.009653389 -0.9951384 -0.9904383 0.09754985 -0.09755057 -0.2901664 0.02857887 0.9565494 -0.9527183 0.09383463 -0.2890033 -0.4708893 0.04637855 0.8809724 -0.8786131 0.08653587 -0.4696279 -0.9523761 0.2889007 0.09755003 -0.09424614 0.02858924 0.9951384 -0.09424614 0.02858924 -0.9951384 -0.9523763 0.2889003 -0.09755045 -0.2790154 0.08463847 0.9565494 -0.9161058 0.277898 -0.2890035 -0.4527933 0.1373534 0.8809723 -0.8448484 0.2562825 -0.4696279 -0.6088277 0.1846862 0.771505 -0.7411587 0.2248284 -0.6325631 -0.7411587 0.2248284 0.6325631 -0.6088275 0.1846859 -0.7715051 -0.8448485 0.2562823 0.4696279 -0.4527933 0.1373534 -0.8809723 -0.9161059 0.2778978 0.2890033 -0.2790154 0.08463841 -0.9565494 -0.6830555 0.3651013 -0.6325634 -0.6830558 0.365101 0.632563 -0.5610988 0.2999137 -0.7715051 -0.7786169 0.41618 0.4696276 -0.4172968 0.2230497 -0.8809724 -0.8442879 0.4512814 0.2890034 -0.2571421 0.1374453 -0.9565494 -0.8777148 0.4691488 0.09754985 -0.08685773 0.04642647 0.9951384 -0.08685773 0.04642641 -0.9951384 -0.8777151 0.4691485 -0.09755015 -0.2571421 0.1374453 0.9565494 -0.8442876 0.4512818 -0.2890038 -0.4172967 0.2230498 0.8809724 -0.7786169 0.4161794 -0.4696279 -0.5610988 0.299914 0.771505 -0.0761314 0.06247943 0.9951384 -0.0761314 0.06247949 -0.9951384 -0.7693234 0.6313679 -0.09755003 -0.2253869 0.1849703 0.9565495 -0.7400246 0.6073226 -0.2890034 -0.3657636 0.3001746 0.8809723 -0.6824635 0.5600835 -0.4696276 -0.4918072 0.4036161 0.7715049 -0.5987031 0.4913433 -0.6325634 -0.5987033 0.4913432 0.6325632 -0.4918072 0.403616 -0.7715049 -0.6824636 0.5600835 0.4696276 -0.3657636 0.3001745 -0.8809723 -0.7400243 0.6073228 0.2890037 -0.2253869 0.1849703 -0.9565494 -0.7693235 0.6313678 0.09755021 -0.491343 0.5987033 0.6325633 -0.4036158 0.4918074 -0.7715049 -0.5600833 0.6824638 0.4696276 -0.3001743 0.3657638 -0.8809723 -0.6073223 0.7400249 0.2890034 -0.1849702 0.225387 -0.9565494 -0.6313673 0.7693238 0.09755039 -0.06247943 0.07613146 0.9951384 -0.06247943 0.07613146 -0.9951384 -0.6313673 0.7693239 -0.09755039 -0.1849702 0.225387 0.9565495 -0.6073224 0.7400248 -0.2890032 -0.3001744 0.3657636 0.8809723 -0.5600833 0.6824636 -0.4696276 -0.4036157 0.4918076 0.7715049 -0.4913426 0.5987033 -0.6325635 -0.4691482 0.8777152 -0.09755057 -0.1374452 0.2571421 0.9565494 -0.4512814 0.8442882 -0.2890027 -0.2230497 0.4172967 0.8809723 -0.4161794 0.7786172 -0.4696276 -0.2999134 0.5610993 0.7715047 -0.3651003 0.6830556 -0.6325636 -0.3651007 0.6830556 0.6325634 -0.2999136 0.5610991 -0.7715048 -0.4161794 0.778617 0.4696277 -0.2230496 0.4172968 -0.8809724 -0.4512811 0.8442882 0.2890031 -0.1374453 0.2571421 -0.9565494 -0.469148 0.8777152 0.09755051 -0.04642635 0.08685773 0.9951384 -0.04642641 0.08685773 -0.9951384 -0.1846856 0.6088282 -0.7715047 -0.2562817 0.844849 0.4696275 -0.1373531 0.4527934 -0.8809723 -0.2778975 0.9161061 0.2890027 -0.08463841 0.2790154 -0.9565494 -0.2889 0.9523763 0.09755074 -0.02858924 0.09424608 0.9951383 -0.02858924 0.09424614 -0.9951383 -0.2889 0.9523764 -0.09755069 -0.08463829 0.2790155 0.9565494 -0.2778973 0.9161062 -0.2890028 -0.1373531 0.4527934 0.8809723 -0.256282 0.8448486 -0.4696278 -0.1846857 0.6088281 0.7715046 -0.2248275 0.7411583 -0.6325637 -0.224828 0.7411584 0.6325636 -0.09383428 0.9527185 -0.2890027 -0.04637956 0.4708887 0.8809726 -0.08653545 0.8786134 -0.4696274 -0.06236428 0.6331585 0.7715057 -0.07591938 0.7707782 -0.6325638 -0.07591491 0.770781 0.6325611 -0.06236225 0.6331598 -0.7715048 -0.08653926 0.8786115 0.4696306 -0.04637849 0.4708893 -0.8809723 -0.09383451 0.9527196 0.2889991 -0.02857863 0.2901664 -0.9565494 -0.09755337 0.9904375 0.0975548 -0.009653747 0.09801262 0.9951384 -0.009653329 0.09801274 -0.9951384 -0.09755468 0.9904377 -0.09755092 -0.02857887 0.2901666 0.9565493 0.02857893 0.2901666 0.9565493 0.09383457 0.9527171 -0.2890074 0.04637622 0.4708889 0.8809728 0.08653217 0.8786133 -0.4696283 0.0623607 0.6331589 0.7715057 0.07591259 0.7707799 -0.6325628 0.07591557 0.7707809 0.6325612 0.06236088 0.6331587 -0.7715058 0.08653277 0.8786121 0.4696308 0.04637855 0.4708896 -0.8809723 0.09383469 0.9527195 0.2889991 0.0285775 0.2901663 -0.9565495 0.09754467 0.9904389 0.09754973 0.09754973 0.9904384 -0.09754979 0.2889001 0.9523764 0.09754979 0.2889002 0.9523763 -0.09754973 0.08463841 0.2790151 0.9565495 0.2778975 0.9161058 -0.2890037 0.1373536 0.4527934 0.8809723 0.2562821 0.8448482 -0.4696285 0.1846857 0.6088269 0.7715056 0.2248283 0.7411589 -0.6325629 0.2248284 0.7411589 0.632563 0.1846858 0.6088269 -0.7715057 0.2562822 0.8448482 0.4696286 0.1373534 0.4527935 -0.8809722 0.2778978 0.9161056 0.2890039 0.08463841 0.2790151 -0.9565494 0.3651014 0.6830558 -0.6325629 0.3651012 0.6830561 0.6325627 0.2999133 0.5610981 -0.7715055 0.4161796 0.7786163 0.4696289 0.2230498 0.4172969 -0.8809723 0.4512814 0.8442878 0.2890039 0.1374453 0.2571418 -0.9565494 0.4691486 0.8777149 0.09754973 0.4691485 0.8777151 -0.09754979 0.1374452 0.2571419 0.9565495 0.4512814 0.8442878 -0.2890039 0.2230499 0.4172967 0.8809723 0.4161794 0.7786166 -0.4696286 0.2999132 0.5610981 0.7715057 0.6313676 0.7693237 -0.09754997 0.1849702 0.2253867 0.9565495 0.6073225 0.7400245 -0.2890038 0.3001747 0.3657636 0.8809723 0.5600833 0.6824628 -0.4696288 0.4036153 0.4918066 0.7715056 0.4913433 0.5987036 -0.6325627 0.4913434 0.5987035 0.6325627 0.4036153 0.4918066 -0.7715056 0.560083 0.6824632 0.4696285 0.3001746 0.3657637 -0.8809723 0.6073227 0.7400241 0.2890042 0.1849702 0.2253867 -0.9565494 0.6313677 0.7693237 0.09754985 0.4918067 0.4036152 -0.7715056 0.6824632 0.560083 0.4696285 0.3657637 0.3001746 -0.8809723 0.7400245 0.6073223 0.2890041 0.2253868 0.1849701 -0.9565494 0.7693238 0.6313676 0.09755003 0.769324 0.6313672 -0.09754967 0.2253868 0.1849701 0.9565495 0.7400245 0.6073222 -0.2890041 0.3657638 0.3001744 0.8809723 0.6824633 0.560083 -0.4696284 0.4918066 0.4036153 0.7715057 0.5987036 0.4913433 -0.6325627 0.5987037 0.4913433 0.6325628 0.257142 0.1374452 0.9565495 0.8442878 0.4512813 -0.289004 0.4172968 0.2230497 0.8809723 0.778617 0.4161791 -0.4696282 0.5610982 0.2999132 0.7715056 0.6830559 0.3651011 -0.6325629 0.6830561 0.365101 0.6325627 0.5610982 0.2999132 -0.7715057 0.7786167 0.4161794 0.4696285 0.4172968 0.2230497 -0.8809723 0.8442879 0.451281 0.2890043 0.257142 0.1374452 -0.9565494 0.8777151 0.4691486 0.09754979 0.8777153 0.4691483 -0.09754943 0.8448486 0.2562814 0.4696282 0.4527935 0.1373532 -0.8809723 0.9161056 0.2778974 0.2890043 0.2790153 0.08463817 -0.9565494 0.9523764 0.2889001 0.09754955 0.9523763 0.2889001 -0.09754967 0.2790153 0.08463829 0.9565495 0.9161057 0.2778975 -0.2890042 0.4527935 0.1373531 0.8809723 0.8448484 0.2562817 -0.4696284 0.6088271 0.1846854 0.7715057 0.7411591 0.2248277 -0.6325629 0.7411591 0.224828 0.6325626 0.6088271 0.1846855 -0.7715056 0.952718 0.09383428 -0.2890042 0.4708893 0.04637819 0.8809724 0.8786129 0.08653545 -0.4696285 0.633159 0.0623607 0.7715055 0.7707798 0.0759148 -0.6325626 0.7707799 0.07591503 0.6325625 0.6331589 0.06236058 -0.7715057 0.878613 0.08653539 0.4696285 0.4708894 0.04637855 -0.8809723 0.952718 0.09383416 0.2890043 0.2901662 0.02857863 -0.9565494 0.9904384 0.09754937 0.09754973 0.9904384 0.09754931 -0.09754967 0.2901663 0.02857875 0.9565495 0.4708893 -0.04637855 -0.8809724 0.952718 -0.09383457 0.289004 0.2901663 -0.02857899 -0.9565494 0.9904384 -0.09754985 0.09754973 0.9904384 -0.09754973 -0.09754985 0.2901663 -0.02857893 0.9565494 0.952718 -0.09383469 -0.2890042 0.4708892 -0.04637867 0.8809724 0.8786128 -0.08653587 -0.4696285 0.6331591 -0.0623607 0.7715054 0.7707797 -0.07591515 -0.6325627 0.7707796 -0.07591545 0.6325627 0.6331589 -0.06236094 -0.7715055 0.8786128 -0.08653581 0.4696286 0.4527931 -0.1373535 0.8809725 0.8448481 -0.2562821 -0.4696287 0.6088272 -0.1846857 0.7715054 0.741159 -0.2248284 -0.6325627 0.741159 -0.2248284 0.6325627 0.6088271 -0.184686 -0.7715054 0.8448481 -0.2562822 0.4696286 0.4527933 -0.1373534 -0.8809725 0.9161055 -0.2778978 0.2890042 0.2790153 -0.08463853 -0.9565494 0.9523764 -0.2889002 0.09754991 0.9523763 -0.2889006 -0.09754949 0.2790154 -0.08463847 0.9565494 0.9161057 -0.2778976 -0.289004 0.8442876 -0.4512814 0.2890041 0.257142 -0.1374455 -0.9565494 0.8777149 -0.4691486 0.09754955 0.877715 -0.4691487 -0.09754949 0.2571421 -0.1374453 0.9565494 0.8442878 -0.4512814 -0.289004 0.4172964 -0.2230499 0.8809725 0.7786164 -0.4161794 -0.4696288 0.5610983 -0.2999135 0.7715054 0.683056 -0.3651013 -0.6325626 0.6830561 -0.3651013 0.6325626 0.5610983 -0.2999135 -0.7715054 0.7786164 -0.4161795 0.4696287 0.4172965 -0.2230498 -0.8809725 0.682463 -0.5600831 -0.4696288 0.4918067 -0.4036155 0.7715054 0.5987037 -0.4913436 -0.6325626 0.5987038 -0.4913435 0.6325626 0.4918068 -0.4036155 -0.7715055 0.682463 -0.560083 0.4696288 0.3657634 -0.3001745 -0.8809724 0.7400244 -0.6073225 0.289004 0.2253868 -0.1849703 -0.9565494 0.7693236 -0.6313678 0.09754955 0.7693235 -0.6313679 -0.09754937 0.2253869 -0.1849703 0.9565494 0.7400245 -0.6073225 -0.289004 0.3657634 -0.3001745 0.8809725 0.1849702 -0.225387 -0.9565495 0.6313674 -0.769324 0.09754949 0.6313674 -0.769324 -0.09754943 0.1849702 -0.225387 0.9565494 0.6073222 -0.7400247 -0.2890038 0.3001742 -0.3657636 0.8809725 0.5600827 -0.6824634 -0.4696287 0.4036154 -0.4918069 0.7715054 0.4913433 -0.5987039 -0.6325626 0.4913433 -0.5987039 0.6325626 0.4036152 -0.4918069 -0.7715054 0.5600828 -0.6824631 0.4696289 0.3001743 -0.3657636 -0.8809724 0.607322 -0.7400248 0.2890039 0.365101 -0.6830563 -0.6325626 0.3651009 -0.6830562 0.6325627 0.2999132 -0.5610985 -0.7715054 0.416179 -0.7786166 0.4696287 0.2230495 -0.4172967 -0.8809724 0.4512807 -0.8442881 0.2890041 0.1374452 -0.2571422 -0.9565494 0.4691483 -0.8777152 0.09754961 0.4691483 -0.8777152 -0.09754961 0.1374453 -0.2571422 0.9565494 0.4512811 -0.8442879 -0.2890037 0.2230494 -0.4172967 0.8809725 0.4161788 -0.7786169 -0.4696285 0.2999131 -0.5610985 0.7715055 0.2888999 -0.9523765 -0.09754949 0.08463835 -0.2790155 0.9565494 0.2778976 -0.9161057 -0.2890039 0.1373534 -0.4527933 0.8809724 0.2562816 -0.8448486 -0.4696282 0.1846855 -0.6088272 0.7715055 0.2248281 -0.7411592 -0.6325627 0.2248281 -0.7411591 0.6325626 0.1846857 -0.6088273 -0.7715055 0.2562819 -0.8448483 0.4696285 0.1373531 -0.4527932 -0.8809724 0.2778971 -0.9161058 0.2890043 0.08463841 -0.2790154 -0.9565494 0.2889001 -0.9523764 0.09754979 0.07591462 -0.7707797 0.6325628 0.06236028 -0.6331592 -0.7715055 0.08653539 -0.8786131 0.4696283 0.04637837 -0.4708893 -0.8809724 0.09383422 -0.952718 0.2890043 0.02857869 -0.2901664 -0.9565494 0.09754943 -0.9904384 0.09754967 0.09754937 -0.9904384 -0.09754961 0.02857875 -0.2901664 0.9565494 0.09383434 -0.9527181 -0.2890042 0.04637819 -0.4708892 0.8809724 0.08653551 -0.8786131 -0.4696282 0.06236052 -0.6331593 0.7715054 0.0759148 -0.7707798 -0.6325627 -0.09754979 -0.9904384 -0.09754991 -0.02857893 -0.2901664 0.9565494 -0.09383469 -0.952718 -0.2890042 -0.04637849 -0.4708893 0.8809724 -0.08653587 -0.8786131 -0.4696282 -0.06236076 -0.6331594 0.7715052 -0.07591515 -0.7707794 -0.6325629 -0.07591545 -0.7707794 0.6325629 -0.062361 -0.6331592 -0.7715053 -0.08653581 -0.878613 0.4696282 -0.04637855 -0.4708893 -0.8809725 -0.09383463 -0.9527181 0.289004 -0.02857881 -0.2901664 -0.9565494 -0.09754985 -0.9904383 0.09754979 -0.1846861 -0.6088273 -0.7715052 -0.2562823 -0.8448483 0.4696283 -0.1373534 -0.4527932 -0.8809724 -0.277898 -0.9161056 0.2890042 -0.08463859 -0.2790154 -0.9565494 -0.2889002 -0.9523763 0.09755009 -0.2889007 -0.9523763 -0.09754961 -0.08463853 -0.2790154 0.9565494 -0.2778977 -0.9161057 -0.2890039 -0.1373535 -0.4527931 0.8809725 -0.2562823 -0.8448484 -0.4696282 -0.1846859 -0.6088275 0.7715051 -0.2248284 -0.7411588 -0.6325629 -0.2248284 -0.7411588 0.6325629 -0.1374454 -0.2571421 0.9565494 -0.4512815 -0.8442877 -0.289004 -0.2230497 -0.4172967 0.8809724 -0.4161797 -0.7786168 -0.469628 -0.2999138 -0.5610985 0.7715052 -0.365101 -0.6830559 -0.6325629 -0.3651011 -0.6830556 0.6325631 -0.2999137 -0.5610985 -0.7715052 -0.4161793 -0.7786168 0.4696283 -0.2230499 -0.4172965 -0.8809724 -0.4512816 -0.8442876 0.289004 -0.1374453 -0.2571421 -0.9565494 -0.4691488 -0.8777149 0.09754985 -0.4691488 -0.8777149 -0.09754985 -0.5600832 -0.6824634 0.469628 -0.3001746 -0.3657635 -0.8809723 -0.6073225 -0.7400245 0.2890037 -0.1849703 -0.2253868 -0.9565494 -0.6313678 -0.7693235 0.09755009 -0.6313679 -0.7693234 -0.09754991 -0.1849703 -0.2253869 0.9565494 -0.6073226 -0.7400243 -0.2890039 -0.3001746 -0.3657635 0.8809724 -0.5600833 -0.6824634 -0.4696279 -0.4036158 -0.4918069 0.7715051 -0.4913432 -0.5987035 -0.6325631 -0.4913433 -0.5987033 0.6325632 -0.4036157 -0.4918069 -0.7715052 -0.7400247 -0.6073223 -0.2890036 -0.3657637 -0.3001742 0.8809725 -0.6824635 -0.5600831 -0.469628 -0.4918071 -0.4036155 0.7715052 -0.5987036 -0.491343 -0.6325631 -0.5987036 -0.4913429 0.6325632 -0.4918072 -0.4036154 -0.7715052 -0.6824635 -0.5600831 0.4696279 -0.3657636 -0.3001744 -0.8809723 -0.7400246 -0.6073223 0.2890036 -0.225387 -0.1849702 -0.9565494 -0.7693238 -0.6313675 0.09755009 -0.769324 -0.6313673 -0.09754985 -0.225387 -0.1849702 0.9565494 -0.4172967 -0.2230496 -0.8809723 -0.844288 -0.4512812 0.2890035 -0.2571422 -0.1374452 -0.9565494 -0.8777151 -0.4691483 0.09755003 -0.8777151 -0.4691484 -0.09755003 -0.2571422 -0.1374452 0.9565494 -0.844288 -0.4512812 -0.2890035 -0.4172967 -0.2230496 0.8809724 -0.7786169 -0.4161793 -0.4696281 -0.5610987 -0.2999134 0.7715052 -0.6830559 -0.3651008 -0.6325631 -0.6830559 -0.3651008 0.6325632 -0.5610987 -0.2999134 -0.7715051 -0.778617 -0.4161792 0.469628 -0.8448488 -0.2562816 -0.4696279 -0.6088275 -0.1846857 0.7715052 -0.7411588 -0.224828 -0.632563 -0.7411588 -0.2248276 0.6325633 -0.6088277 -0.1846855 -0.7715051 -0.8448485 -0.2562819 0.4696282 -0.4527933 -0.1373532 -0.8809725 -0.916106 -0.2778972 0.2890035 -0.2790155 -0.08463829 -0.9565494 -0.9523764 -0.2888998 0.09755021 -0.9523763 -0.2888999 -0.09755033 -0.2790155 -0.08463841 0.9565493 -0.9161059 -0.2778973 -0.2890034 -0.4527933 -0.1373531 0.8809724 -0.2901664 -0.02857887 -0.9565494 -0.9904383 -0.09754943 0.09755051 -0.9904382 -0.09754937 -0.09755045 -0.2901664 -0.02857863 0.9565494 -0.9527183 -0.0938344 -0.2890034 -0.4708893 -0.04637849 0.8809724 -0.8786132 -0.08653557 -0.4696278 -0.6331597 -0.06236058 0.771505 -0.7707793 -0.07591474 -0.6325632 -0.7707793 -0.07591462 0.6325633 -0.6331597 -0.06236034 -0.7715049 -0.8786132 -0.08653545 0.4696279 -0.4708893 -0.04637837 -0.8809725 -0.9527183 -0.09383422 0.2890035 -0.6331597 0.06236082 0.7715051 -0.7707793 0.07591515 -0.6325632 -0.7707793 0.07591503 0.6325631 -0.6331596 0.0623607 -0.7715051 -0.8786131 0.08653587 0.4696279 -0.4708893 0.04637855 -0.8809724 -0.9527183 0.09383463 0.2890033 -0.2901663 0.02857881 -0.9565494 -0.9904383 0.09754985 0.09755057 -0.9904382 0.09755015 -0.09755027 -0.2901664 0.02857893 0.9565494 -0.9527183 0.09383475 -0.2890034 -0.4708893 0.04637849 0.8809724 -0.8786132 0.08653593 -0.4696278 -0.9523763 0.2889003 0.09755045 -0.9523761 0.2889007 -0.09754997 -0.2790154 0.08463841 0.9565494 -0.9161059 0.2778978 -0.2890033 -0.4527933 0.1373534 0.8809724 -0.8448485 0.2562823 -0.4696279 -0.6088275 0.1846859 0.7715051 -0.7411587 0.2248284 -0.6325631 -0.7411586 0.2248284 0.6325632 -0.6088277 0.1846862 -0.771505 -0.8448485 0.2562824 0.469628 -0.4527933 0.1373534 -0.8809723 -0.9161058 0.277898 0.2890035 -0.2790154 0.08463847 -0.9565494 -0.6830558 0.365101 -0.632563 -0.6830555 0.3651013 0.6325634 -0.5610988 0.299914 -0.771505 -0.7786169 0.4161794 0.4696279 -0.4172967 0.2230498 -0.8809724 -0.8442876 0.4512818 0.2890039 -0.2571421 0.1374453 -0.9565494 -0.8777151 0.4691485 0.09755021 -0.8777148 0.4691488 -0.09754985 -0.257142 0.1374453 0.9565494 -0.8442879 0.4512814 -0.2890034 -0.4172967 0.2230498 0.8809723 -0.7786169 0.41618 -0.4696276 -0.5610988 0.2999137 0.7715051 -0.7693235 0.6313678 -0.09755021 -0.2253868 0.1849703 0.9565494 -0.7400243 0.6073228 -0.2890037 -0.3657636 0.3001745 0.8809723 -0.6824635 0.5600834 -0.4696276 -0.4918072 0.403616 0.7715049 -0.5987033 0.4913432 -0.6325632 -0.598703 0.4913433 0.6325634 -0.4918072 0.4036161 -0.7715049 -0.6824635 0.5600835 0.4696276 -0.3657636 0.3001746 -0.8809723 -0.7400246 0.6073226 0.2890034 -0.2253869 0.1849703 -0.9565495 -0.7693234 0.6313679 0.09755009 -0.4913426 0.5987034 0.6325635 -0.4036157 0.4918076 -0.7715048 -0.5600833 0.6824636 0.4696276 -0.3001744 0.3657636 -0.8809723 -0.6073224 0.7400248 0.2890032 -0.1849702 0.225387 -0.9565495 -0.6313673 0.7693239 0.09755039 -0.6313673 0.7693238 -0.09755039 -0.1849702 0.225387 0.9565494 -0.6073223 0.7400249 -0.2890034 -0.3001743 0.3657638 0.8809723 -0.5600833 0.6824637 -0.4696276 -0.4036158 0.4918074 0.7715049 -0.491343 0.5987033 -0.6325633 -0.469148 0.8777152 -0.09755051 -0.1374453 0.2571421 0.9565494 -0.4512811 0.8442882 -0.2890031 -0.2230496 0.4172968 0.8809724 -0.4161795 0.778617 -0.4696277 -0.2999136 0.5610991 0.7715048 -0.3651008 0.6830557 -0.6325634 -0.3651003 0.6830556 0.6325636 -0.2999134 0.5610993 -0.7715047 -0.4161794 0.7786172 0.4696276 -0.2230497 0.4172967 -0.8809723 -0.4512814 0.8442882 0.2890027 -0.1374452 0.2571421 -0.9565494 -0.4691482 0.8777152 0.09755057 -0.1846857 0.6088281 -0.7715047 -0.256282 0.8448486 0.4696278 -0.1373531 0.4527934 -0.8809723 -0.2778973 0.9161062 0.2890028 -0.08463829 0.2790155 -0.9565494 -0.2889 0.9523764 0.09755069 -0.2889 0.9523763 -0.09755074 -0.08463841 0.2790155 0.9565493 -0.2778975 0.9161061 -0.2890027 -0.1373532 0.4527934 0.8809724 -0.2562817 0.844849 -0.4696275 -0.1846856 0.6088282 0.7715047 -0.224828 0.7411584 -0.6325636 -0.2248275 0.7411583 0.6325637 -0.09383928 0.9527165 -0.2890074 -0.04637849 0.4708893 0.8809724 -0.08653557 0.8786134 -0.4696276 -0.06236225 0.6331598 0.7715048 -0.07591491 0.770781 -0.6325611 -0.07591938 0.7707782 0.6325638 -0.06236422 0.6331585 -0.7715057 -0.08653545 0.8786134 0.4696274 -0.04637956 0.4708887 -0.8809726 -0.09383845 0.9527181 0.2890028 -0.02857881 0.2901664 -0.9565494 -0.09754949 0.9904383 0.09755092 -0.09755343 0.990438 -0.09754967 -0.02858 0.2901662 0.9565494</float_array>
          <technique_common>
            <accessor source="#Sphere-mesh-normals-array" count="960" stride="3">
              <param name="X" type="float"/>
              <param name="Y" type="float"/>
              <param name="Z" type="float"/>
            </accessor>
          </technique_common>
        </source>
        <source id="Sphere-mesh-map-0">
          <float_array id="Sphere-mesh-map-0-array" count="5760">0.75 0.8750001 0.71875 0.9375001 0.71875 0.875 0.75 0.375 0.71875 0.4375 0.71875 0.375 0.75 0.8125 0.71875 0.875 0.71875 0.8125 0.75 0.375 0.71875 0.3125 0.75 0.3124999 0.75 0.8125 0.71875 0.75 0.75 0.75 0.75 0.3124999 0.71875 0.25 0.75 0.25 0.75 0.6875001 0.71875 0.75 0.71875 0.6875 0.75 0.1875 0.71875 0.25 0.71875 0.1875 0.75 0.625 0.71875 0.6875 0.71875 0.625 0.75 0.1875 0.71875 0.125 0.75 0.1249998 0.75 0.5625001 0.71875 0.625 0.71875 0.5625 0.75 0.1249998 0.71875 0.06249994 0.75 0.06249994 0.75 0.5625001 0.71875 0.5 0.75 0.5 0.75 0.9375001 0.734375 1 0.71875 0.9375001 0.734375 0 0.75 0.06249994 0.71875 0.06249994 0.75 0.5 0.71875 0.4375 0.75 0.4375 0.71875 0.5 0.6875 0.5625 0.6875 0.5 0.71875 0.9375001 0.703125 1 0.6875 0.9375001 0.703125 0 0.71875 0.06249994 0.6875 0.06249994 0.71875 0.5 0.6875 0.4375 0.71875 0.4375 0.71875 0.9375001 0.6875 0.875 0.71875 0.875 0.71875 0.375 0.6875 0.4375 0.6875 0.375 0.71875 0.875 0.6875 0.8125 0.71875 0.8125 0.71875 0.3125 0.6875 0.375 0.6875 0.3125 0.71875 0.8125 0.6875 0.75 0.71875 0.75 0.71875 0.25 0.6875 0.3125 0.6875 0.25 0.71875 0.75 0.6875 0.6875 0.71875 0.6875 0.71875 0.1875 0.6875 0.25 0.6875 0.1875 0.71875 0.6875 0.6875 0.625 0.71875 0.625 0.71875 0.125 0.6875 0.1875 0.6875 0.125 0.71875 0.625 0.6875 0.5625 0.71875 0.5625 0.71875 0.06249994 0.6875 0.125 0.6875 0.06249994 0.6875 0.25 0.65625 0.3125 0.65625 0.25 0.6875 0.75 0.65625 0.6875 0.6875 0.6875 0.6875 0.25 0.65625 0.1875 0.6875 0.1875 0.6875 0.6875 0.65625 0.625 0.6875 0.625 0.6875 0.125 0.65625 0.1875 0.65625 0.125 0.6875 0.625 0.65625 0.5625 0.6875 0.5625 0.6875 0.06249994 0.65625 0.125 0.65625 0.06249994 0.6875 0.5 0.65625 0.5625 0.65625 0.5 0.6875 0.9375001 0.671875 1 0.65625 0.9375001 0.671875 0 0.6875 0.06249994 0.65625 0.06249994 0.6875 0.5 0.65625 0.4375 0.6875 0.4375 0.6875 0.9375001 0.65625 0.875 0.6875 0.875 0.6875 0.375 0.65625 0.4375 0.65625 0.375 0.6875 0.875 0.65625 0.8125 0.6875 0.8125 0.6875 0.3125 0.65625 0.375 0.65625 0.3125 0.6875 0.75 0.65625 0.8125 0.65625 0.75 0.640625 0 0.65625 0.06249994 0.625 0.06249994 0.65625 0.5 0.625 0.4375 0.65625 0.4375 0.65625 0.9375001 0.625 0.875 0.65625 0.875 0.65625 0.375 0.625 0.4375 0.625 0.375 0.65625 0.875 0.625 0.8125 0.65625 0.8125 0.65625 0.3125 0.625 0.375 0.625 0.3125 0.65625 0.75 0.625 0.8125 0.625 0.75 0.65625 0.3125 0.625 0.25 0.65625 0.25 0.65625 0.75 0.625 0.6875 0.65625 0.6875 0.65625 0.25 0.625 0.1875 0.65625 0.1875 0.65625 0.6875 0.625 0.6250001 0.65625 0.625 0.65625 0.125 0.625 0.1875 0.625 0.125 0.65625 0.625 0.625 0.5625 0.65625 0.5625 0.65625 0.06249994 0.625 0.125 0.625 0.06249994 0.65625 0.5 0.625 0.5625 0.625 0.5 0.65625 0.9375001 0.640625 1 0.625 0.9375001 0.625 0.25 0.59375 0.1875 0.625 0.1875 0.625 0.6250001 0.59375 0.6875 0.59375 0.6250001 0.625 0.125 0.59375 0.1875 0.59375 0.125 0.625 0.6250001 0.59375 0.5625 0.625 0.5625 0.625 0.06249994 0.59375 0.125 0.59375 0.06249994 0.625 0.5 0.59375 0.5625 0.59375 0.5 0.625 0.9375001 0.609375 1 0.59375 0.9375001 0.609375 0 0.625 0.06249994 0.59375 0.06249994 0.625 0.5 0.59375 0.4375 0.625 0.4375 0.625 0.9375001 0.59375 0.875 0.625 0.875 0.625 0.375 0.59375 0.4375 0.59375 0.375 0.625 0.875 0.59375 0.8125 0.625 0.8125 0.625 0.375 0.59375 0.3125 0.625 0.3125 0.625 0.75 0.59375 0.8125 0.59375 0.75 0.625 0.3125 0.59375 0.25 0.625 0.25 0.625 0.75 0.59375 0.6875 0.625 0.6875 0.59375 0.9375001 0.5625 0.875 0.59375 0.875 0.59375 0.375 0.5625 0.4375 0.5625 0.375 0.59375 0.875 0.5625 0.8125 0.59375 0.8125 0.59375 0.375 0.5625 0.3125 0.59375 0.3125 0.59375 0.75 0.5625 0.8125 0.5625 0.75 0.59375 0.3125 0.5625 0.25 0.59375 0.25 0.59375 0.6875 0.5625 0.75 0.5625 0.6875 0.59375 0.25 0.5625 0.1875 0.59375 0.1875 0.59375 0.6250001 0.5625 0.6875 0.5625 0.6250001 0.59375 0.125 0.5625 0.1875 0.5625 0.125 0.59375 0.6250001 0.5625 0.5625 0.59375 0.5625 0.59375 0.06249994 0.5625 0.125 0.5625 0.06249994 0.59375 0.5 0.5625 0.5625 0.5625 0.5 0.59375 0.9375001 0.578125 1 0.5625 0.9375001 0.578125 0 0.59375 0.06249994 0.5625 0.06249994 0.59375 0.5 0.5625 0.4375 0.59375 0.4375 0.5625 0.6250001 0.53125 0.6875 0.53125 0.6250001 0.5625 0.125 0.53125 0.1875 0.53125 0.125 0.5625 0.6250001 0.53125 0.5625 0.5625 0.5625 0.5625 0.06249994 0.53125 0.125 0.53125 0.06249994 0.5625 0.5 0.53125 0.5625 0.53125 0.5 0.5625 0.9375001 0.546875 1 0.53125 0.9375001 0.546875 0 0.5625 0.06249994 0.53125 0.06249994 0.5625 0.5 0.53125 0.4375 0.5625 0.4375 0.5625 0.9375001 0.53125 0.875 0.5625 0.875 0.5625 0.375 0.53125 0.4375 0.53125 0.375 0.5625 0.875 0.53125 0.8125 0.5625 0.8125 0.5625 0.375 0.53125 0.3125 0.5625 0.3125 0.5625 0.8125 0.53125 0.75 0.5625 0.75 0.5625 0.25 0.53125 0.3125 0.53125 0.25 0.5625 0.75 0.53125 0.6875 0.5625 0.6875 0.5625 0.1875 0.53125 0.25 0.53125 0.1875 0.53125 0.375 0.5 0.4375 0.5 0.375 0.53125 0.875 0.5 0.8125 0.53125 0.8125 0.53125 0.375 0.5 0.3125 0.53125 0.3125 0.53125 0.8125 0.5 0.75 0.53125 0.75 0.53125 0.25 0.5 0.3125 0.5 0.25 0.53125 0.75 0.5 0.6875001 0.53125 0.6875 0.53125 0.1875 0.5 0.25 0.5 0.1875 0.53125 0.6250001 0.5 0.6875001 0.5 0.6250001 0.53125 0.125 0.5 0.1875 0.5 0.125 0.53125 0.6250001 0.5 0.5625 0.53125 0.5625 0.53125 0.06249994 0.5 0.125 0.5 0.06249994 0.53125 0.5 0.5 0.5625 0.5 0.5 0.53125 0.9375001 0.515625 1 0.5 0.9375001 0.515625 0 0.53125 0.06249994 0.5 0.06249994 0.53125 0.5 0.5 0.4375 0.53125 0.4375 0.53125 0.9375001 0.5 0.875 0.53125 0.875 0.5 0.125 0.46875 0.1875 0.46875 0.125 0.5 0.6250001 0.46875 0.5625 0.5 0.5625 0.5 0.06249994 0.46875 0.125 0.46875 0.06249994 0.5 0.5 0.46875 0.5625 0.46875 0.5 0.5 0.9375001 0.484375 1 0.46875 0.9375001 0.484375 0 0.5 0.06249994 0.46875 0.06249994 0.5 0.5 0.46875 0.4375 0.5 0.4375 0.5 0.9375001 0.46875 0.875 0.5 0.875 0.5 0.375 0.46875 0.4375 0.46875 0.375 0.5 0.875 0.46875 0.8125 0.5 0.8125 0.5 0.375 0.46875 0.3125 0.5 0.3125 0.5 0.8125 0.46875 0.75 0.5 0.75 0.5 0.3125 0.46875 0.25 0.5 0.25 0.5 0.75 0.46875 0.6875 0.5 0.6875001 0.5 0.1875 0.46875 0.25 0.46875 0.1875 0.5 0.6250001 0.46875 0.6875 0.46875 0.6250001 0.46875 0.875 0.4375 0.8125 0.46875 0.8125 0.46875 0.375 0.4375 0.3125 0.46875 0.3125 0.46875 0.8125 0.4375 0.7500001 0.46875 0.75 0.46875 0.25 0.4375 0.3125 0.4375 0.25 0.46875 0.75 0.4375 0.6875001 0.46875 0.6875 0.46875 0.1875 0.4375 0.25 0.4375 0.1875 0.46875 0.6250001 0.4375 0.6875001 0.4375 0.6250001 0.46875 0.125 0.4375 0.1875 0.4375 0.125 0.46875 0.6250001 0.4375 0.5625 0.46875 0.5625 0.46875 0.06249994 0.4375 0.125 0.4375 0.06249994 0.46875 0.5 0.4375 0.5625 0.4375 0.5 0.46875 0.9375001 0.453125 1 0.4375 0.9375001 0.453125 0 0.46875 0.06249994 0.4375 0.06249994 0.46875 0.5 0.4375 0.4375 0.46875 0.4375 0.46875 0.9375001 0.4375 0.875 0.46875 0.875 0.46875 0.375 0.4375 0.4375 0.4375 0.375 0.4375 0.6250001 0.40625 0.5625 0.4375 0.5625 0.4375 0.06249994 0.40625 0.125 0.40625 0.06249994 0.4375 0.5 0.40625 0.5625 0.40625 0.5 0.4375 0.9375001 0.421875 1 0.40625 0.9375001 0.421875 0 0.4375 0.06249994 0.40625 0.06249994 0.4375 0.5 0.40625 0.4375 0.4375 0.4375 0.4375 0.9375001 0.40625 0.875 0.4375 0.875 0.4375 0.375 0.40625 0.4375 0.40625 0.375 0.4375 0.875 0.40625 0.8125 0.4375 0.8125 0.4375 0.375 0.40625 0.3125 0.4375 0.3125 0.4375 0.8125 0.40625 0.7500001 0.4375 0.7500001 0.4375 0.25 0.40625 0.3125 0.40625 0.25 0.4375 0.7500001 0.40625 0.6875001 0.4375 0.6875001 0.4375 0.1875 0.40625 0.25 0.40625 0.1875 0.4375 0.6250001 0.40625 0.6875001 0.40625 0.6250001 0.4375 0.125 0.40625 0.1875 0.40625 0.125 0.40625 0.375 0.375 0.3125 0.40625 0.3125 0.40625 0.8125 0.375 0.7500001 0.40625 0.7500001 0.40625 0.25 0.375 0.3125 0.375 0.25 0.40625 0.7500001 0.375 0.6875001 0.40625 0.6875001 0.40625 0.25 0.375 0.1875 0.40625 0.1875 0.40625 0.6250001 0.375 0.6875001 0.375 0.6250001 0.40625 0.125 0.375 0.1875 0.375 0.125 0.40625 0.6250001 0.375 0.5625 0.40625 0.5625 0.40625 0.06249994 0.375 0.125 0.375 0.06249994 0.40625 0.5 0.375 0.5625 0.375 0.5 0.40625 0.9375001 0.390625 1 0.375 0.9375001 0.390625 0 0.40625 0.06249994 0.375 0.06249994 0.40625 0.5 0.375 0.4375 0.40625 0.4375 0.40625 0.9375001 0.375 0.875 0.40625 0.875 0.40625 0.375 0.375 0.4375 0.375 0.375 0.40625 0.875 0.375 0.8125 0.40625 0.8125 0.375 0.06249994 0.34375 0.125 0.34375 0.06249994 0.375 0.5 0.34375 0.5625 0.34375 0.5 0.375 0.9375001 0.359375 1 0.34375 0.9375001 0.359375 0 0.375 0.06249994 0.34375 0.06249994 0.375 0.5 0.34375 0.4375 0.375 0.4375 0.375 0.9375001 0.34375 0.875 0.375 0.875 0.375 0.375 0.34375 0.4375 0.34375 0.375 0.375 0.875 0.34375 0.8125 0.375 0.8125 0.375 0.375 0.34375 0.3125 0.375 0.3125 0.375 0.8125 0.34375 0.7500001 0.375 0.7500001 0.375 0.25 0.34375 0.3125 0.34375 0.25 0.375 0.7500001 0.34375 0.6875001 0.375 0.6875001 0.375 0.1875 0.34375 0.25 0.34375 0.1875 0.375 0.6250001 0.34375 0.6875001 0.34375 0.6250001 0.375 0.125 0.34375 0.1875 0.34375 0.125 0.375 0.6250001 0.34375 0.5625 0.375 0.5625 0.34375 0.25 0.3125 0.3125 0.3125 0.25 0.34375 0.7500001 0.3125 0.6875001 0.34375 0.6875001 0.34375 0.1875 0.3125 0.25 0.3125 0.1875 0.34375 0.6250001 0.3125 0.6875001 0.3125 0.6250001 0.34375 0.125 0.3125 0.1875 0.3125 0.1249998 0.34375 0.6250001 0.3125 0.5625 0.34375 0.5625 0.34375 0.06249994 0.3125 0.1249998 0.3125 0.06249994 0.34375 0.5 0.3125 0.5625 0.3125 0.5 0.34375 0.9375001 0.328125 1 0.3125 0.9375001 0.328125 0 0.34375 0.06249994 0.3125 0.06249994 0.34375 0.5 0.3125 0.4375 0.34375 0.4375 0.34375 0.9375001 0.3125 0.8750001 0.34375 0.875 0.34375 0.375 0.3125 0.4375 0.3125 0.375 0.34375 0.875 0.3125 0.8125 0.34375 0.8125 0.34375 0.375 0.3125 0.3125 0.34375 0.3125 0.34375 0.8125 0.3125 0.7500001 0.34375 0.7500001 0.3125 0.9375001 0.296875 1 0.28125 0.9375001 0.296875 0 0.3125 0.06249994 0.28125 0.06249994 0.3125 0.5 0.28125 0.4375 0.3125 0.4375 0.3125 0.8750001 0.28125 0.9375001 0.28125 0.875 0.3125 0.375 0.28125 0.4375 0.28125 0.375 0.3125 0.8750001 0.28125 0.8125 0.3125 0.8125 0.3125 0.375 0.28125 0.3125 0.3125 0.3125 0.3125 0.8125 0.28125 0.7500001 0.3125 0.7500001 0.3125 0.3125 0.28125 0.25 0.3125 0.25 0.3125 0.7500001 0.28125 0.6875001 0.3125 0.6875001 0.3125 0.1875 0.28125 0.25 0.28125 0.1875 0.3125 0.6250001 0.28125 0.6875001 0.28125 0.6250001 0.3125 0.1249998 0.28125 0.1875 0.28125 0.125 0.3125 0.6250001 0.28125 0.5625 0.3125 0.5625 0.3125 0.1249998 0.28125 0.06249994 0.3125 0.06249994 0.3125 0.5 0.28125 0.5625 0.28125 0.5 0.28125 0.7500001 0.25 0.6875001 0.28125 0.6875001 0.28125 0.1875 0.25 0.2499999 0.25 0.1875 0.28125 0.6875001 0.25 0.6250001 0.28125 0.6250001 0.28125 0.125 0.25 0.1875 0.25 0.1249998 0.28125 0.6250001 0.25 0.5625 0.28125 0.5625 0.28125 0.06249994 0.25 0.1249998 0.25 0.06249994 0.28125 0.5 0.25 0.5625 0.25 0.5 0.28125 0.9375001 0.265625 1 0.25 0.9375001 0.265625 0 0.28125 0.06249994 0.25 0.06249994 0.28125 0.5 0.25 0.4375 0.28125 0.4375 0.28125 0.9375001 0.25 0.8750001 0.28125 0.875 0.28125 0.375 0.25 0.4375 0.25 0.375 0.28125 0.875 0.25 0.8125 0.28125 0.8125 0.28125 0.3125 0.25 0.375 0.25 0.3125 0.28125 0.8125 0.25 0.7500001 0.28125 0.7500001 0.28125 0.25 0.25 0.3125 0.25 0.2499999 0.25 0.5 0.21875 0.4375 0.25 0.4375 0.25 0.8750001 0.21875 0.9375001 0.21875 0.875 0.25 0.375 0.21875 0.4375 0.21875 0.375 0.25 0.8750001 0.21875 0.8125 0.25 0.8125 0.25 0.375 0.21875 0.3125 0.25 0.3125 0.25 0.8125 0.21875 0.7500001 0.25 0.7500001 0.25 0.3125 0.21875 0.2499999 0.25 0.2499999 0.25 0.7500001 0.21875 0.6875001 0.25 0.6875001 0.25 0.1875 0.21875 0.2499999 0.21875 0.1875 0.25 0.6250001 0.21875 0.6875001 0.21875 0.6250001 0.25 0.1875 0.21875 0.125 0.25 0.1249998 0.25 0.6250001 0.21875 0.5625001 0.25 0.5625 0.25 0.1249998 0.21875 0.06249994 0.25 0.06249994 0.25 0.5 0.21875 0.5625001 0.21875 0.5 0.25 0.9375001 0.234375 1 0.21875 0.9375001 0.234375 0 0.25 0.06249994 0.21875 0.06249994 0.21875 0.1875 0.1875 0.2499999 0.1875 0.1875 0.21875 0.6875001 0.1875 0.6250001 0.21875 0.6250001 0.21875 0.125 0.1875 0.1875 0.1875 0.1249998 0.21875 0.6250001 0.1875 0.5625001 0.21875 0.5625001 0.21875 0.06249994 0.1875 0.1249998 0.1875 0.06249994 0.21875 0.5 0.1875 0.5625001 0.1875 0.5 0.21875 0.9375001 0.203125 1 0.1875 0.9375001 0.203125 0 0.21875 0.06249994 0.1875 0.06249994 0.21875 0.5 0.1875 0.4375 0.21875 0.4375 0.21875 0.9375001 0.1875 0.8750001 0.21875 0.875 0.21875 0.375 0.1875 0.4375 0.1875 0.375 0.21875 0.875 0.1875 0.8125 0.21875 0.8125 0.21875 0.3125 0.1875 0.375 0.1875 0.3125 0.21875 0.8125 0.1875 0.7500001 0.21875 0.7500001 0.21875 0.2499999 0.1875 0.3125 0.1875 0.2499999 0.21875 0.7500001 0.1875 0.6875001 0.21875 0.6875001 0.1875 0.8750001 0.15625 0.9375001 0.15625 0.8750001 0.1875 0.375 0.15625 0.4375 0.15625 0.375 0.1875 0.8750001 0.15625 0.8125001 0.1875 0.8125 0.1875 0.375 0.15625 0.3125 0.1875 0.3125 0.1875 0.8125 0.15625 0.7500001 0.1875 0.7500001 0.1875 0.2499999 0.15625 0.3125 0.15625 0.2499999 0.1875 0.7500001 0.15625 0.6875001 0.1875 0.6875001 0.1875 0.2499999 0.15625 0.1875 0.1875 0.1875 0.1875 0.6250001 0.15625 0.6875001 0.15625 0.6250001 0.1875 0.1249998 0.15625 0.1875 0.15625 0.1249998 0.1875 0.6250001 0.15625 0.5625001 0.1875 0.5625001 0.1875 0.1249998 0.15625 0.06249994 0.1875 0.06249994 0.1875 0.5 0.15625 0.5625001 0.15625 0.5 0.1875 0.9375001 0.171875 1 0.15625 0.9375001 0.171875 0 0.1875 0.06249994 0.15625 0.06249994 0.1875 0.5 0.15625 0.4375 0.1875 0.4375 0.15625 0.6250001 0.125 0.6875001 0.125 0.6250001 0.15625 0.1249998 0.125 0.1875 0.125 0.1249998 0.15625 0.6250001 0.125 0.5625001 0.15625 0.5625001 0.15625 0.06249994 0.125 0.1249998 0.125 0.06249994 0.15625 0.5 0.125 0.5625001 0.125 0.5 0.15625 0.9375001 0.140625 1 0.125 0.9375001 0.140625 0 0.15625 0.06249994 0.125 0.06249994 0.15625 0.5 0.125 0.4375 0.15625 0.4375 0.15625 0.9375001 0.125 0.8750001 0.15625 0.8750001 0.15625 0.375 0.125 0.4375 0.125 0.375 0.15625 0.8750001 0.125 0.8125001 0.15625 0.8125001 0.15625 0.375 0.125 0.3125 0.15625 0.3125 0.15625 0.7500001 0.125 0.8125001 0.125 0.7500001 0.15625 0.2499999 0.125 0.3125 0.125 0.2499999 0.15625 0.7500001 0.125 0.6875001 0.15625 0.6875001 0.15625 0.2499999 0.125 0.1875 0.15625 0.1875 0.125 0.375 0.09375 0.4375 0.09375 0.375 0.125 0.8750001 0.09375 0.8125001 0.125 0.8125001 0.125 0.375 0.09375 0.3125 0.125 0.3125 0.125 0.7500001 0.09375 0.8125001 0.09374994 0.7500001 0.125 0.2499999 0.09375 0.3125 0.09374994 0.2499998 0.125 0.7500001 0.09375 0.6875001 0.125 0.6875001 0.125 0.2499999 0.09375 0.1875 0.125 0.1875 0.125 0.6250001 0.09375 0.6875001 0.09375 0.6250001 0.125 0.1249998 0.09375 0.1875 0.09374994 0.1249998 0.125 0.6250001 0.09375 0.5625001 0.125 0.5625001 0.125 0.06249994 0.09374994 0.1249998 0.09375 0.06249994 0.125 0.5 0.09375 0.5625001 0.09375 0.5 0.125 0.9375001 0.109375 1 0.09375 0.9375001 0.109375 0 0.125 0.06249994 0.09375 0.06249994 0.125 0.5 0.09375 0.4375 0.125 0.4375 0.125 0.9375001 0.09374994 0.8750001 0.125 0.8750001 0.09374994 0.1249998 0.0625 0.1875 0.0625 0.1249998 0.09375 0.6250001 0.0625 0.5625001 0.09375 0.5625001 0.09375 0.06249994 0.0625 0.1249998 0.0625 0.06249994 0.09375 0.5 0.0625 0.5625001 0.0625 0.5 0.09375 0.9375001 0.078125 1 0.0625 0.9375001 0.078125 0 0.09375 0.06249994 0.0625 0.06249994 0.09375 0.5 0.0625 0.4375 0.09375 0.4375 0.09375 0.9375001 0.0625 0.8750001 0.09374994 0.8750001 0.09375 0.375 0.0625 0.4375 0.0625 0.375 0.09374994 0.8750001 0.0625 0.8125001 0.09375 0.8125001 0.09375 0.375 0.0625 0.3125 0.09375 0.3125 0.09374994 0.7500001 0.0625 0.8125001 0.0625 0.7500001 0.09374994 0.2499998 0.0625 0.3125 0.0625 0.2499998 0.09374994 0.7500001 0.0625 0.6875001 0.09375 0.6875001 0.09374994 0.2499998 0.0625 0.1875 0.09375 0.1875 0.09375 0.6250001 0.0625 0.6875001 0.0625 0.6250001 0.0625 0.375 0.03125 0.3125 0.0625 0.3125 0.0625 0.7500001 0.03124994 0.8125001 0.03124994 0.7500001 0.0625 0.2499998 0.03125 0.3125 0.03124994 0.2499998 0.0625 0.7500001 0.03125 0.6875001 0.0625 0.6875001 0.0625 0.2499998 0.03124994 0.1875 0.0625 0.1875 0.0625 0.6250001 0.03125 0.6875001 0.03125 0.6250001 0.0625 0.1249998 0.03124994 0.1875 0.03124994 0.1249998 0.0625 0.6250001 0.03125 0.5625001 0.0625 0.5625001 0.0625 0.1249998 0.03124994 0.06249994 0.0625 0.06249994 0.0625 0.5 0.03125 0.5625001 0.03124994 0.5 0.0625 0.9375001 0.04687494 1 0.03124994 0.9375001 0.04687494 0 0.0625 0.06249994 0.03124994 0.06249994 0.0625 0.5 0.03125 0.4375 0.0625 0.4375 0.0625 0.9375001 0.03124994 0.8750001 0.0625 0.8750001 0.0625 0.375 0.03125 0.4375 0.03125 0.375 0.0625 0.8750001 0.03124994 0.8125001 0.0625 0.8125001 0.03124994 0.06249994 0 0.1249998 0 0.06249994 0.03124994 0.5 0 0.5625001 0 0.5 0.03124994 0.9375001 0.01562494 1 0 0.9375001 0.01562494 0 0.03124994 0.06249994 0 0.06249994 0.03124994 0.5 0 0.4375 0.03125 0.4375 0.03124994 0.9375001 0 0.8750001 0.03124994 0.8750001 0.03125 0.375 0 0.4375 0 0.375 0.03124994 0.8750001 0 0.8125001 0.03124994 0.8125001 0.03125 0.3125 0 0.375 0 0.3124999 0.03124994 0.8125001 0 0.7500001 0.03124994 0.7500001 0.03124994 0.2499998 0 0.3124999 0 0.2499998 0.03124994 0.7500001 0 0.6875001 0.03125 0.6875001 0.03124994 0.2499998 0 0.1875 0.03124994 0.1875 0.03125 0.6875001 0 0.6250001 0.03125 0.6250001 0.03124994 0.1249998 0 0.1875 0 0.1249998 0.03125 0.6250001 0 0.5625001 0.03125 0.5625001 1 0.7500001 0.96875 0.8125001 0.96875 0.7500001 1 0.2499998 0.96875 0.3125 0.96875 0.2499998 1 0.7500001 0.96875 0.6875001 1 0.6875001 1 0.2499998 0.96875 0.1875 1 0.1875 1 0.6250001 0.96875 0.6875001 0.96875 0.6250001 1 0.1875 0.96875 0.1249998 1 0.1249998 1 0.6250001 0.96875 0.5625001 1 0.5625001 1 0.1249998 0.96875 0.06249994 1 0.06249994 1 0.5 0.96875 0.5625001 0.96875 0.5 1 0.9375001 0.984375 1 0.96875 0.9375001 0.984375 0 1 0.06249994 0.96875 0.06249994 1 0.5 0.96875 0.4375 1 0.4375 1 0.8750001 0.96875 0.9375001 0.96875 0.8750001 1 0.375 0.96875 0.4375 0.96875 0.375 1 0.8125001 0.96875 0.8750001 0.96875 0.8125001 1 0.375 0.96875 0.3125 1 0.3124999 0.96875 0.5 0.9375 0.5625001 0.9375 0.5 0.96875 0.9375001 0.953125 1 0.9375 0.9375001 0.953125 0 0.96875 0.06249994 0.9375 0.06249994 0.96875 0.5 0.9375 0.4375 0.96875 0.4375 0.96875 0.9375001 0.9375 0.8750001 0.96875 0.8750001 0.96875 0.375 0.9375 0.4375 0.9375 0.375 0.96875 0.8750001 0.9375 0.8125001 0.96875 0.8125001 0.96875 0.3125 0.9375 0.375 0.9375 0.3124999 0.96875 0.7500001 0.9375 0.8125001 0.9375 0.7500001 0.96875 0.2499998 0.9375 0.3124999 0.9375 0.2499998 0.96875 0.7500001 0.9375 0.6875001 0.96875 0.6875001 0.96875 0.2499998 0.9375 0.1875 0.96875 0.1875 0.96875 0.6875001 0.9375 0.6250001 0.96875 0.6250001 0.96875 0.1249998 0.9375 0.1875 0.9375 0.1249998 0.96875 0.6250001 0.9375 0.5625001 0.96875 0.5625001 0.96875 0.1249998 0.9375 0.06249994 0.96875 0.06249994 0.9375 0.2499998 0.90625 0.3124999 0.90625 0.2499998 0.9375 0.7500001 0.90625 0.6875001 0.9375 0.6875001 0.9375 0.2499998 0.90625 0.1875 0.9375 0.1875 0.9375 0.6250001 0.90625 0.6875001 0.90625 0.6250001 0.9375 0.1249998 0.90625 0.1875 0.90625 0.1249998 0.9375 0.6250001 0.90625 0.5625001 0.9375 0.5625001 0.9375 0.1249998 0.90625 0.06249994 0.9375 0.06249994 0.9375 0.5 0.90625 0.5625001 0.90625 0.5 0.9375 0.9375001 0.921875 1 0.90625 0.9375001 0.921875 0 0.9375 0.06249994 0.90625 0.06249994 0.9375 0.5 0.90625 0.4375 0.9375 0.4375 0.9375 0.9375001 0.90625 0.8750001 0.9375 0.8750001 0.9375 0.375 0.90625 0.4375 0.90625 0.375 0.9375 0.8750001 0.90625 0.8125001 0.9375 0.8125001 0.9375 0.375 0.90625 0.3124999 0.9375 0.3124999 0.9375 0.7500001 0.90625 0.8125001 0.90625 0.7500002 0.90625 0.9375001 0.890625 1 0.875 0.9375001 0.890625 0 0.90625 0.06249994 0.875 0.06249994 0.90625 0.5 0.875 0.4375 0.90625 0.4375 0.90625 0.9375001 0.875 0.8750001 0.90625 0.8750001 0.90625 0.375 0.875 0.4375 0.875 0.375 0.90625 0.8750001 0.875 0.8125001 0.90625 0.8125001 0.90625 0.375 0.875 0.3124999 0.90625 0.3124999 0.90625 0.7500002 0.875 0.8125001 0.875 0.7500002 0.90625 0.2499998 0.875 0.3124999 0.875 0.2499998 0.90625 0.7500002 0.875 0.6875001 0.90625 0.6875001 0.90625 0.2499998 0.875 0.1875 0.90625 0.1875 0.90625 0.6250001 0.875 0.6875001 0.875 0.6250001 0.90625 0.1249998 0.875 0.1875 0.875 0.1249998 0.90625 0.6250001 0.875 0.5625001 0.90625 0.5625001 0.90625 0.06249994 0.875 0.1249998 0.875 0.06249994 0.90625 0.5 0.875 0.5625001 0.875 0.5 0.875 0.7500002 0.84375 0.6875001 0.875 0.6875001 0.875 0.2499998 0.84375 0.1875 0.875 0.1875 0.875 0.6250001 0.84375 0.6875001 0.84375 0.6250001 0.875 0.1875 0.84375 0.1249998 0.875 0.1249998 0.875 0.6250001 0.84375 0.5625001 0.875 0.5625001 0.875 0.06249994 0.84375 0.1249998 0.84375 0.06249994 0.875 0.5 0.84375 0.5625001 0.84375 0.5 0.875 0.9375001 0.859375 1 0.84375 0.9375001 0.859375 0 0.875 0.06249994 0.84375 0.06249994 0.875 0.5 0.84375 0.4375 0.875 0.4375 0.875 0.9375001 0.84375 0.8750001 0.875 0.8750001 0.875 0.375 0.84375 0.4375 0.84375 0.375 0.875 0.8125001 0.84375 0.8750001 0.84375 0.8125001 0.875 0.375 0.84375 0.3124999 0.875 0.3124999 0.875 0.7500002 0.84375 0.8125001 0.84375 0.7500002 0.875 0.2499998 0.84375 0.3124999 0.84375 0.2499998 0.84375 0.5 0.8125 0.4375 0.84375 0.4375 0.84375 0.8750001 0.8125 0.9375001 0.8125 0.8750001 0.84375 0.375 0.8125 0.4375 0.8125 0.375 0.84375 0.8125001 0.8125 0.8750001 0.8125 0.8125001 0.84375 0.375 0.8125 0.3124999 0.84375 0.3124999 0.84375 0.7500002 0.8125 0.8125001 0.8125 0.7500002 0.84375 0.2499998 0.8125 0.3124999 0.8125 0.2499998 0.84375 0.7500002 0.8125 0.6875001 0.84375 0.6875001 0.84375 0.2499998 0.8125 0.1875 0.84375 0.1875 0.84375 0.6250001 0.8125 0.6875001 0.8125 0.6250001 0.84375 0.1875 0.8125 0.1249998 0.84375 0.1249998 0.84375 0.6250001 0.8125 0.5625001 0.84375 0.5625001 0.84375 0.1249998 0.8125 0.06249994 0.84375 0.06249994 0.84375 0.5 0.8125 0.5625001 0.8125 0.5 0.84375 0.9375001 0.828125 1 0.8125 0.9375001 0.828125 0 0.84375 0.06249994 0.8125 0.06249994 0.8125 0.2499998 0.78125 0.1875 0.8125 0.1875 0.8125 0.6250001 0.78125 0.6875001 0.78125 0.6250001 0.8125 0.1249998 0.78125 0.1875 0.78125 0.1249998 0.8125 0.6250001 0.78125 0.5625001 0.8125 0.5625001 0.8125 0.1249998 0.78125 0.06249994 0.8125 0.06249994 0.8125 0.5 0.78125 0.5625001 0.78125 0.5 0.8125 0.9375001 0.796875 1 0.78125 0.9375001 0.796875 0 0.8125 0.06249994 0.78125 0.06249994 0.8125 0.5 0.78125 0.4375 0.8125 0.4375 0.8125 0.9375001 0.78125 0.8750001 0.8125 0.8750001 0.8125 0.375 0.78125 0.4375 0.78125 0.375 0.8125 0.8750001 0.78125 0.8125001 0.8125 0.8125001 0.8125 0.375 0.78125 0.3124999 0.8125 0.3124999 0.8125 0.8125001 0.78125 0.7500002 0.8125 0.7500002 0.8125 0.2499998 0.78125 0.3124999 0.78125 0.2499998 0.8125 0.7500002 0.78125 0.6875001 0.8125 0.6875001 0.78125 0.4375 0.75 0.375 0.78125 0.375 0.78125 0.8125001 0.75 0.8750001 0.75 0.8125 0.78125 0.375 0.75 0.3124999 0.78125 0.3124999 0.78125 0.7500002 0.75 0.8125 0.75 0.75 0.78125 0.3124999 0.75 0.25 0.78125 0.2499998 0.78125 0.6875001 0.75 0.75 0.75 0.6875001 0.78125 0.2499998 0.75 0.1875 0.78125 0.1875 0.78125 0.6250001 0.75 0.6875001 0.75 0.625 0.78125 0.1875 0.75 0.1249998 0.78125 0.1249998 0.78125 0.5625001 0.75 0.625 0.75 0.5625001 0.78125 0.06249994 0.75 0.1249998 0.75 0.06249994 0.78125 0.5 0.75 0.5625001 0.75 0.5 0.78125 0.9375001 0.765625 1 0.75 0.9375001 0.765625 0 0.78125 0.06249994 0.75 0.06249994 0.78125 0.5 0.75 0.4375 0.78125 0.4375 0.78125 0.8750001 0.75 0.9375001 0.75 0.8750001 0.75 0.8750001 0.75 0.9375001 0.71875 0.9375001 0.75 0.375 0.75 0.4375 0.71875 0.4375 0.75 0.8125 0.75 0.8750001 0.71875 0.875 0.75 0.375 0.71875 0.375 0.71875 0.3125 0.75 0.8125 0.71875 0.8125 0.71875 0.75 0.75 0.3124999 0.71875 0.3125 0.71875 0.25 0.75 0.6875001 0.75 0.75 0.71875 0.75 0.75 0.1875 0.75 0.25 0.71875 0.25 0.75 0.625 0.75 0.6875001 0.71875 0.6875 0.75 0.1875 0.71875 0.1875 0.71875 0.125 0.75 0.5625001 0.75 0.625 0.71875 0.625 0.75 0.1249998 0.71875 0.125 0.71875 0.06249994 0.75 0.5625001 0.71875 0.5625 0.71875 0.5 0.75 0.5 0.71875 0.5 0.71875 0.4375 0.71875 0.5 0.71875 0.5625 0.6875 0.5625 0.71875 0.5 0.6875 0.5 0.6875 0.4375 0.71875 0.9375001 0.6875 0.9375001 0.6875 0.875 0.71875 0.375 0.71875 0.4375 0.6875 0.4375 0.71875 0.875 0.6875 0.875 0.6875 0.8125 0.71875 0.3125 0.71875 0.375 0.6875 0.375 0.71875 0.8125 0.6875 0.8125 0.6875 0.75 0.71875 0.25 0.71875 0.3125 0.6875 0.3125 0.71875 0.75 0.6875 0.75 0.6875 0.6875 0.71875 0.1875 0.71875 0.25 0.6875 0.25 0.71875 0.6875 0.6875 0.6875 0.6875 0.625 0.71875 0.125 0.71875 0.1875 0.6875 0.1875 0.71875 0.625 0.6875 0.625 0.6875 0.5625 0.71875 0.06249994 0.71875 0.125 0.6875 0.125 0.6875 0.25 0.6875 0.3125 0.65625 0.3125 0.6875 0.75 0.65625 0.75 0.65625 0.6875 0.6875 0.25 0.65625 0.25 0.65625 0.1875 0.6875 0.6875 0.65625 0.6875 0.65625 0.625 0.6875 0.125 0.6875 0.1875 0.65625 0.1875 0.6875 0.625 0.65625 0.625 0.65625 0.5625 0.6875 0.06249994 0.6875 0.125 0.65625 0.125 0.6875 0.5 0.6875 0.5625 0.65625 0.5625 0.6875 0.5 0.65625 0.5 0.65625 0.4375 0.6875 0.9375001 0.65625 0.9375001 0.65625 0.875 0.6875 0.375 0.6875 0.4375 0.65625 0.4375 0.6875 0.875 0.65625 0.875 0.65625 0.8125 0.6875 0.3125 0.6875 0.375 0.65625 0.375 0.6875 0.75 0.6875 0.8125 0.65625 0.8125 0.65625 0.5 0.625 0.5 0.625 0.4375 0.65625 0.9375001 0.625 0.9375001 0.625 0.875 0.65625 0.375 0.65625 0.4375 0.625 0.4375 0.65625 0.875 0.625 0.875 0.625 0.8125 0.65625 0.3125 0.65625 0.375 0.625 0.375 0.65625 0.75 0.65625 0.8125 0.625 0.8125 0.65625 0.3125 0.625 0.3125 0.625 0.25 0.65625 0.75 0.625 0.75 0.625 0.6875 0.65625 0.25 0.625 0.25 0.625 0.1875 0.65625 0.6875 0.625 0.6875 0.625 0.6250001 0.65625 0.125 0.65625 0.1875 0.625 0.1875 0.65625 0.625 0.625 0.6250001 0.625 0.5625 0.65625 0.06249994 0.65625 0.125 0.625 0.125 0.65625 0.5 0.65625 0.5625 0.625 0.5625 0.625 0.25 0.59375 0.25 0.59375 0.1875 0.625 0.6250001 0.625 0.6875 0.59375 0.6875 0.625 0.125 0.625 0.1875 0.59375 0.1875 0.625 0.6250001 0.59375 0.6250001 0.59375 0.5625 0.625 0.06249994 0.625 0.125 0.59375 0.125 0.625 0.5 0.625 0.5625 0.59375 0.5625 0.625 0.5 0.59375 0.5 0.59375 0.4375 0.625 0.9375001 0.59375 0.9375001 0.59375 0.875 0.625 0.375 0.625 0.4375 0.59375 0.4375 0.625 0.875 0.59375 0.875 0.59375 0.8125 0.625 0.375 0.59375 0.375 0.59375 0.3125 0.625 0.75 0.625 0.8125 0.59375 0.8125 0.625 0.3125 0.59375 0.3125 0.59375 0.25 0.625 0.75 0.59375 0.75 0.59375 0.6875 0.59375 0.9375001 0.5625 0.9375001 0.5625 0.875 0.59375 0.375 0.59375 0.4375 0.5625 0.4375 0.59375 0.875 0.5625 0.875 0.5625 0.8125 0.59375 0.375 0.5625 0.375 0.5625 0.3125 0.59375 0.75 0.59375 0.8125 0.5625 0.8125 0.59375 0.3125 0.5625 0.3125 0.5625 0.25 0.59375 0.6875 0.59375 0.75 0.5625 0.75 0.59375 0.25 0.5625 0.25 0.5625 0.1875 0.59375 0.6250001 0.59375 0.6875 0.5625 0.6875 0.59375 0.125 0.59375 0.1875 0.5625 0.1875 0.59375 0.6250001 0.5625 0.6250001 0.5625 0.5625 0.59375 0.06249994 0.59375 0.125 0.5625 0.125 0.59375 0.5 0.59375 0.5625 0.5625 0.5625 0.59375 0.5 0.5625 0.5 0.5625 0.4375 0.5625 0.6250001 0.5625 0.6875 0.53125 0.6875 0.5625 0.125 0.5625 0.1875 0.53125 0.1875 0.5625 0.6250001 0.53125 0.6250001 0.53125 0.5625 0.5625 0.06249994 0.5625 0.125 0.53125 0.125 0.5625 0.5 0.5625 0.5625 0.53125 0.5625 0.5625 0.5 0.53125 0.5 0.53125 0.4375 0.5625 0.9375001 0.53125 0.9375001 0.53125 0.875 0.5625 0.375 0.5625 0.4375 0.53125 0.4375 0.5625 0.875 0.53125 0.875 0.53125 0.8125 0.5625 0.375 0.53125 0.375 0.53125 0.3125 0.5625 0.8125 0.53125 0.8125 0.53125 0.75 0.5625 0.25 0.5625 0.3125 0.53125 0.3125 0.5625 0.75 0.53125 0.75 0.53125 0.6875 0.5625 0.1875 0.5625 0.25 0.53125 0.25 0.53125 0.375 0.53125 0.4375 0.5 0.4375 0.53125 0.875 0.5 0.875 0.5 0.8125 0.53125 0.375 0.5 0.375 0.5 0.3125 0.53125 0.8125 0.5 0.8125 0.5 0.75 0.53125 0.25 0.53125 0.3125 0.5 0.3125 0.53125 0.75 0.5 0.75 0.5 0.6875001 0.53125 0.1875 0.53125 0.25 0.5 0.25 0.53125 0.6250001 0.53125 0.6875 0.5 0.6875001 0.53125 0.125 0.53125 0.1875 0.5 0.1875 0.53125 0.6250001 0.5 0.6250001 0.5 0.5625 0.53125 0.06249994 0.53125 0.125 0.5 0.125 0.53125 0.5 0.53125 0.5625 0.5 0.5625 0.53125 0.5 0.5 0.5 0.5 0.4375 0.53125 0.9375001 0.5 0.9375001 0.5 0.875 0.5 0.125 0.5 0.1875 0.46875 0.1875 0.5 0.6250001 0.46875 0.6250001 0.46875 0.5625 0.5 0.06249994 0.5 0.125 0.46875 0.125 0.5 0.5 0.5 0.5625 0.46875 0.5625 0.5 0.5 0.46875 0.5 0.46875 0.4375 0.5 0.9375001 0.46875 0.9375001 0.46875 0.875 0.5 0.375 0.5 0.4375 0.46875 0.4375 0.5 0.875 0.46875 0.875 0.46875 0.8125 0.5 0.375 0.46875 0.375 0.46875 0.3125 0.5 0.8125 0.46875 0.8125 0.46875 0.75 0.5 0.3125 0.46875 0.3125 0.46875 0.25 0.5 0.75 0.46875 0.75 0.46875 0.6875 0.5 0.1875 0.5 0.25 0.46875 0.25 0.5 0.6250001 0.5 0.6875001 0.46875 0.6875 0.46875 0.875 0.4375 0.875 0.4375 0.8125 0.46875 0.375 0.4375 0.375 0.4375 0.3125 0.46875 0.8125 0.4375 0.8125 0.4375 0.7500001 0.46875 0.25 0.46875 0.3125 0.4375 0.3125 0.46875 0.75 0.4375 0.7500001 0.4375 0.6875001 0.46875 0.1875 0.46875 0.25 0.4375 0.25 0.46875 0.6250001 0.46875 0.6875 0.4375 0.6875001 0.46875 0.125 0.46875 0.1875 0.4375 0.1875 0.46875 0.6250001 0.4375 0.6250001 0.4375 0.5625 0.46875 0.06249994 0.46875 0.125 0.4375 0.125 0.46875 0.5 0.46875 0.5625 0.4375 0.5625 0.46875 0.5 0.4375 0.5 0.4375 0.4375 0.46875 0.9375001 0.4375 0.9375001 0.4375 0.875 0.46875 0.375 0.46875 0.4375 0.4375 0.4375 0.4375 0.6250001 0.40625 0.6250001 0.40625 0.5625 0.4375 0.06249994 0.4375 0.125 0.40625 0.125 0.4375 0.5 0.4375 0.5625 0.40625 0.5625 0.4375 0.5 0.40625 0.5 0.40625 0.4375 0.4375 0.9375001 0.40625 0.9375001 0.40625 0.875 0.4375 0.375 0.4375 0.4375 0.40625 0.4375 0.4375 0.875 0.40625 0.875 0.40625 0.8125 0.4375 0.375 0.40625 0.375 0.40625 0.3125 0.4375 0.8125 0.40625 0.8125 0.40625 0.7500001 0.4375 0.25 0.4375 0.3125 0.40625 0.3125 0.4375 0.7500001 0.40625 0.7500001 0.40625 0.6875001 0.4375 0.1875 0.4375 0.25 0.40625 0.25 0.4375 0.6250001 0.4375 0.6875001 0.40625 0.6875001 0.4375 0.125 0.4375 0.1875 0.40625 0.1875 0.40625 0.375 0.375 0.375 0.375 0.3125 0.40625 0.8125 0.375 0.8125 0.375 0.7500001 0.40625 0.25 0.40625 0.3125 0.375 0.3125 0.40625 0.7500001 0.375 0.7500001 0.375 0.6875001 0.40625 0.25 0.375 0.25 0.375 0.1875 0.40625 0.6250001 0.40625 0.6875001 0.375 0.6875001 0.40625 0.125 0.40625 0.1875 0.375 0.1875 0.40625 0.6250001 0.375 0.6250001 0.375 0.5625 0.40625 0.06249994 0.40625 0.125 0.375 0.125 0.40625 0.5 0.40625 0.5625 0.375 0.5625 0.40625 0.5 0.375 0.5 0.375 0.4375 0.40625 0.9375001 0.375 0.9375001 0.375 0.875 0.40625 0.375 0.40625 0.4375 0.375 0.4375 0.40625 0.875 0.375 0.875 0.375 0.8125 0.375 0.06249994 0.375 0.125 0.34375 0.125 0.375 0.5 0.375 0.5625 0.34375 0.5625 0.375 0.5 0.34375 0.5 0.34375 0.4375 0.375 0.9375001 0.34375 0.9375001 0.34375 0.875 0.375 0.375 0.375 0.4375 0.34375 0.4375 0.375 0.875 0.34375 0.875 0.34375 0.8125 0.375 0.375 0.34375 0.375 0.34375 0.3125 0.375 0.8125 0.34375 0.8125 0.34375 0.7500001 0.375 0.25 0.375 0.3125 0.34375 0.3125 0.375 0.7500001 0.34375 0.7500001 0.34375 0.6875001 0.375 0.1875 0.375 0.25 0.34375 0.25 0.375 0.6250001 0.375 0.6875001 0.34375 0.6875001 0.375 0.125 0.375 0.1875 0.34375 0.1875 0.375 0.6250001 0.34375 0.6250001 0.34375 0.5625 0.34375 0.25 0.34375 0.3125 0.3125 0.3125 0.34375 0.7500001 0.3125 0.7500001 0.3125 0.6875001 0.34375 0.1875 0.34375 0.25 0.3125 0.25 0.34375 0.6250001 0.34375 0.6875001 0.3125 0.6875001 0.34375 0.125 0.34375 0.1875 0.3125 0.1875 0.34375 0.6250001 0.3125 0.6250001 0.3125 0.5625 0.34375 0.06249994 0.34375 0.125 0.3125 0.1249998 0.34375 0.5 0.34375 0.5625 0.3125 0.5625 0.34375 0.5 0.3125 0.5 0.3125 0.4375 0.34375 0.9375001 0.3125 0.9375001 0.3125 0.8750001 0.34375 0.375 0.34375 0.4375 0.3125 0.4375 0.34375 0.875 0.3125 0.8750001 0.3125 0.8125 0.34375 0.375 0.3125 0.375 0.3125 0.3125 0.34375 0.8125 0.3125 0.8125 0.3125 0.7500001 0.3125 0.5 0.28125 0.5 0.28125 0.4375 0.3125 0.8750001 0.3125 0.9375001 0.28125 0.9375001 0.3125 0.375 0.3125 0.4375 0.28125 0.4375 0.3125 0.8750001 0.28125 0.875 0.28125 0.8125 0.3125 0.375 0.28125 0.375 0.28125 0.3125 0.3125 0.8125 0.28125 0.8125 0.28125 0.7500001 0.3125 0.3125 0.28125 0.3125 0.28125 0.25 0.3125 0.7500001 0.28125 0.7500001 0.28125 0.6875001 0.3125 0.1875 0.3125 0.25 0.28125 0.25 0.3125 0.6250001 0.3125 0.6875001 0.28125 0.6875001 0.3125 0.1249998 0.3125 0.1875 0.28125 0.1875 0.3125 0.6250001 0.28125 0.6250001 0.28125 0.5625 0.3125 0.1249998 0.28125 0.125 0.28125 0.06249994 0.3125 0.5 0.3125 0.5625 0.28125 0.5625 0.28125 0.7500001 0.25 0.7500001 0.25 0.6875001 0.28125 0.1875 0.28125 0.25 0.25 0.2499999 0.28125 0.6875001 0.25 0.6875001 0.25 0.6250001 0.28125 0.125 0.28125 0.1875 0.25 0.1875 0.28125 0.6250001 0.25 0.6250001 0.25 0.5625 0.28125 0.06249994 0.28125 0.125 0.25 0.1249998 0.28125 0.5 0.28125 0.5625 0.25 0.5625 0.28125 0.5 0.25 0.5 0.25 0.4375 0.28125 0.9375001 0.25 0.9375001 0.25 0.8750001 0.28125 0.375 0.28125 0.4375 0.25 0.4375 0.28125 0.875 0.25 0.8750001 0.25 0.8125 0.28125 0.3125 0.28125 0.375 0.25 0.375 0.28125 0.8125 0.25 0.8125 0.25 0.7500001 0.28125 0.25 0.28125 0.3125 0.25 0.3125 0.25 0.5 0.21875 0.5 0.21875 0.4375 0.25 0.8750001 0.25 0.9375001 0.21875 0.9375001 0.25 0.375 0.25 0.4375 0.21875 0.4375 0.25 0.8750001 0.21875 0.875 0.21875 0.8125 0.25 0.375 0.21875 0.375 0.21875 0.3125 0.25 0.8125 0.21875 0.8125 0.21875 0.7500001 0.25 0.3125 0.21875 0.3125 0.21875 0.2499999 0.25 0.7500001 0.21875 0.7500001 0.21875 0.6875001 0.25 0.1875 0.25 0.2499999 0.21875 0.2499999 0.25 0.6250001 0.25 0.6875001 0.21875 0.6875001 0.25 0.1875 0.21875 0.1875 0.21875 0.125 0.25 0.6250001 0.21875 0.6250001 0.21875 0.5625001 0.25 0.1249998 0.21875 0.125 0.21875 0.06249994 0.25 0.5 0.25 0.5625 0.21875 0.5625001 0.21875 0.1875 0.21875 0.2499999 0.1875 0.2499999 0.21875 0.6875001 0.1875 0.6875001 0.1875 0.6250001 0.21875 0.125 0.21875 0.1875 0.1875 0.1875 0.21875 0.6250001 0.1875 0.6250001 0.1875 0.5625001 0.21875 0.06249994 0.21875 0.125 0.1875 0.1249998 0.21875 0.5 0.21875 0.5625001 0.1875 0.5625001 0.21875 0.5 0.1875 0.5 0.1875 0.4375 0.21875 0.9375001 0.1875 0.9375001 0.1875 0.8750001 0.21875 0.375 0.21875 0.4375 0.1875 0.4375 0.21875 0.875 0.1875 0.8750001 0.1875 0.8125 0.21875 0.3125 0.21875 0.375 0.1875 0.375 0.21875 0.8125 0.1875 0.8125 0.1875 0.7500001 0.21875 0.2499999 0.21875 0.3125 0.1875 0.3125 0.21875 0.7500001 0.1875 0.7500001 0.1875 0.6875001 0.1875 0.8750001 0.1875 0.9375001 0.15625 0.9375001 0.1875 0.375 0.1875 0.4375 0.15625 0.4375 0.1875 0.8750001 0.15625 0.8750001 0.15625 0.8125001 0.1875 0.375 0.15625 0.375 0.15625 0.3125 0.1875 0.8125 0.15625 0.8125001 0.15625 0.7500001 0.1875 0.2499999 0.1875 0.3125 0.15625 0.3125 0.1875 0.7500001 0.15625 0.7500001 0.15625 0.6875001 0.1875 0.2499999 0.15625 0.2499999 0.15625 0.1875 0.1875 0.6250001 0.1875 0.6875001 0.15625 0.6875001 0.1875 0.1249998 0.1875 0.1875 0.15625 0.1875 0.1875 0.6250001 0.15625 0.6250001 0.15625 0.5625001 0.1875 0.1249998 0.15625 0.1249998 0.15625 0.06249994 0.1875 0.5 0.1875 0.5625001 0.15625 0.5625001 0.1875 0.5 0.15625 0.5 0.15625 0.4375 0.15625 0.6250001 0.15625 0.6875001 0.125 0.6875001 0.15625 0.1249998 0.15625 0.1875 0.125 0.1875 0.15625 0.6250001 0.125 0.6250001 0.125 0.5625001 0.15625 0.06249994 0.15625 0.1249998 0.125 0.1249998 0.15625 0.5 0.15625 0.5625001 0.125 0.5625001 0.15625 0.5 0.125 0.5 0.125 0.4375 0.15625 0.9375001 0.125 0.9375001 0.125 0.8750001 0.15625 0.375 0.15625 0.4375 0.125 0.4375 0.15625 0.8750001 0.125 0.8750001 0.125 0.8125001 0.15625 0.375 0.125 0.375 0.125 0.3125 0.15625 0.7500001 0.15625 0.8125001 0.125 0.8125001 0.15625 0.2499999 0.15625 0.3125 0.125 0.3125 0.15625 0.7500001 0.125 0.7500001 0.125 0.6875001 0.15625 0.2499999 0.125 0.2499999 0.125 0.1875 0.125 0.375 0.125 0.4375 0.09375 0.4375 0.125 0.8750001 0.09374994 0.8750001 0.09375 0.8125001 0.125 0.375 0.09375 0.375 0.09375 0.3125 0.125 0.7500001 0.125 0.8125001 0.09375 0.8125001 0.125 0.2499999 0.125 0.3125 0.09375 0.3125 0.125 0.7500001 0.09374994 0.7500001 0.09375 0.6875001 0.125 0.2499999 0.09374994 0.2499998 0.09375 0.1875 0.125 0.6250001 0.125 0.6875001 0.09375 0.6875001 0.125 0.1249998 0.125 0.1875 0.09375 0.1875 0.125 0.6250001 0.09375 0.6250001 0.09375 0.5625001 0.125 0.06249994 0.125 0.1249998 0.09374994 0.1249998 0.125 0.5 0.125 0.5625001 0.09375 0.5625001 0.125 0.5 0.09375 0.5 0.09375 0.4375 0.125 0.9375001 0.09375 0.9375001 0.09374994 0.8750001 0.09374994 0.1249998 0.09375 0.1875 0.0625 0.1875 0.09375 0.6250001 0.0625 0.6250001 0.0625 0.5625001 0.09375 0.06249994 0.09374994 0.1249998 0.0625 0.1249998 0.09375 0.5 0.09375 0.5625001 0.0625 0.5625001 0.09375 0.5 0.0625 0.5 0.0625 0.4375 0.09375 0.9375001 0.0625 0.9375001 0.0625 0.8750001 0.09375 0.375 0.09375 0.4375 0.0625 0.4375 0.09374994 0.8750001 0.0625 0.8750001 0.0625 0.8125001 0.09375 0.375 0.0625 0.375 0.0625 0.3125 0.09374994 0.7500001 0.09375 0.8125001 0.0625 0.8125001 0.09374994 0.2499998 0.09375 0.3125 0.0625 0.3125 0.09374994 0.7500001 0.0625 0.7500001 0.0625 0.6875001 0.09374994 0.2499998 0.0625 0.2499998 0.0625 0.1875 0.09375 0.6250001 0.09375 0.6875001 0.0625 0.6875001 0.0625 0.375 0.03125 0.375 0.03125 0.3125 0.0625 0.7500001 0.0625 0.8125001 0.03124994 0.8125001 0.0625 0.2499998 0.0625 0.3125 0.03125 0.3125 0.0625 0.7500001 0.03124994 0.7500001 0.03125 0.6875001 0.0625 0.2499998 0.03124994 0.2499998 0.03124994 0.1875 0.0625 0.6250001 0.0625 0.6875001 0.03125 0.6875001 0.0625 0.1249998 0.0625 0.1875 0.03124994 0.1875 0.0625 0.6250001 0.03125 0.6250001 0.03125 0.5625001 0.0625 0.1249998 0.03124994 0.1249998 0.03124994 0.06249994 0.0625 0.5 0.0625 0.5625001 0.03125 0.5625001 0.0625 0.5 0.03124994 0.5 0.03125 0.4375 0.0625 0.9375001 0.03124994 0.9375001 0.03124994 0.8750001 0.0625 0.375 0.0625 0.4375 0.03125 0.4375 0.0625 0.8750001 0.03124994 0.8750001 0.03124994 0.8125001 0.03124994 0.06249994 0.03124994 0.1249998 0 0.1249998 0.03124994 0.5 0.03125 0.5625001 0 0.5625001 0.03124994 0.5 0 0.5 0 0.4375 0.03124994 0.9375001 0 0.9375001 0 0.8750001 0.03125 0.375 0.03125 0.4375 0 0.4375 0.03124994 0.8750001 0 0.8750001 0 0.8125001 0.03125 0.3125 0.03125 0.375 0 0.375 0.03124994 0.8125001 0 0.8125001 0 0.7500001 0.03124994 0.2499998 0.03125 0.3125 0 0.3124999 0.03124994 0.7500001 0 0.7500001 0 0.6875001 0.03124994 0.2499998 0 0.2499998 0 0.1875 0.03125 0.6875001 0 0.6875001 0 0.6250001 0.03124994 0.1249998 0.03124994 0.1875 0 0.1875 0.03125 0.6250001 0 0.6250001 0 0.5625001 1 0.7500001 1 0.8125001 0.96875 0.8125001 1 0.2499998 1 0.3124999 0.96875 0.3125 1 0.7500001 0.96875 0.7500001 0.96875 0.6875001 1 0.2499998 0.96875 0.2499998 0.96875 0.1875 1 0.6250001 1 0.6875001 0.96875 0.6875001 1 0.1875 0.96875 0.1875 0.96875 0.1249998 1 0.6250001 0.96875 0.6250001 0.96875 0.5625001 1 0.1249998 0.96875 0.1249998 0.96875 0.06249994 1 0.5 1 0.5625001 0.96875 0.5625001 1 0.5 0.96875 0.5 0.96875 0.4375 1 0.8750001 1 0.9375001 0.96875 0.9375001 1 0.375 1 0.4375 0.96875 0.4375 1 0.8125001 1 0.8750001 0.96875 0.8750001 1 0.375 0.96875 0.375 0.96875 0.3125 0.96875 0.5 0.96875 0.5625001 0.9375 0.5625001 0.96875 0.5 0.9375 0.5 0.9375 0.4375 0.96875 0.9375001 0.9375 0.9375001 0.9375 0.8750001 0.96875 0.375 0.96875 0.4375 0.9375 0.4375 0.96875 0.8750001 0.9375 0.8750001 0.9375 0.8125001 0.96875 0.3125 0.96875 0.375 0.9375 0.375 0.96875 0.7500001 0.96875 0.8125001 0.9375 0.8125001 0.96875 0.2499998 0.96875 0.3125 0.9375 0.3124999 0.96875 0.7500001 0.9375 0.7500001 0.9375 0.6875001 0.96875 0.2499998 0.9375 0.2499998 0.9375 0.1875 0.96875 0.6875001 0.9375 0.6875001 0.9375 0.6250001 0.96875 0.1249998 0.96875 0.1875 0.9375 0.1875 0.96875 0.6250001 0.9375 0.6250001 0.9375 0.5625001 0.96875 0.1249998 0.9375 0.1249998 0.9375 0.06249994 0.9375 0.2499998 0.9375 0.3124999 0.90625 0.3124999 0.9375 0.7500001 0.90625 0.7500002 0.90625 0.6875001 0.9375 0.2499998 0.90625 0.2499998 0.90625 0.1875 0.9375 0.6250001 0.9375 0.6875001 0.90625 0.6875001 0.9375 0.1249998 0.9375 0.1875 0.90625 0.1875 0.9375 0.6250001 0.90625 0.6250001 0.90625 0.5625001 0.9375 0.1249998 0.90625 0.1249998 0.90625 0.06249994 0.9375 0.5 0.9375 0.5625001 0.90625 0.5625001 0.9375 0.5 0.90625 0.5 0.90625 0.4375 0.9375 0.9375001 0.90625 0.9375001 0.90625 0.8750001 0.9375 0.375 0.9375 0.4375 0.90625 0.4375 0.9375 0.8750001 0.90625 0.8750001 0.90625 0.8125001 0.9375 0.375 0.90625 0.375 0.90625 0.3124999 0.9375 0.7500001 0.9375 0.8125001 0.90625 0.8125001 0.90625 0.5 0.875 0.5 0.875 0.4375 0.90625 0.9375001 0.875 0.9375001 0.875 0.8750001 0.90625 0.375 0.90625 0.4375 0.875 0.4375 0.90625 0.8750001 0.875 0.8750001 0.875 0.8125001 0.90625 0.375 0.875 0.375 0.875 0.3124999 0.90625 0.7500002 0.90625 0.8125001 0.875 0.8125001 0.90625 0.2499998 0.90625 0.3124999 0.875 0.3124999 0.90625 0.7500002 0.875 0.7500002 0.875 0.6875001 0.90625 0.2499998 0.875 0.2499998 0.875 0.1875 0.90625 0.6250001 0.90625 0.6875001 0.875 0.6875001 0.90625 0.1249998 0.90625 0.1875 0.875 0.1875 0.90625 0.6250001 0.875 0.6250001 0.875 0.5625001 0.90625 0.06249994 0.90625 0.1249998 0.875 0.1249998 0.90625 0.5 0.90625 0.5625001 0.875 0.5625001 0.875 0.7500002 0.84375 0.7500002 0.84375 0.6875001 0.875 0.2499998 0.84375 0.2499998 0.84375 0.1875 0.875 0.6250001 0.875 0.6875001 0.84375 0.6875001 0.875 0.1875 0.84375 0.1875 0.84375 0.1249998 0.875 0.6250001 0.84375 0.6250001 0.84375 0.5625001 0.875 0.06249994 0.875 0.1249998 0.84375 0.1249998 0.875 0.5 0.875 0.5625001 0.84375 0.5625001 0.875 0.5 0.84375 0.5 0.84375 0.4375 0.875 0.9375001 0.84375 0.9375001 0.84375 0.8750001 0.875 0.375 0.875 0.4375 0.84375 0.4375 0.875 0.8125001 0.875 0.8750001 0.84375 0.8750001 0.875 0.375 0.84375 0.375 0.84375 0.3124999 0.875 0.7500002 0.875 0.8125001 0.84375 0.8125001 0.875 0.2499998 0.875 0.3124999 0.84375 0.3124999 0.84375 0.5 0.8125 0.5 0.8125 0.4375 0.84375 0.8750001 0.84375 0.9375001 0.8125 0.9375001 0.84375 0.375 0.84375 0.4375 0.8125 0.4375 0.84375 0.8125001 0.84375 0.8750001 0.8125 0.8750001 0.84375 0.375 0.8125 0.375 0.8125 0.3124999 0.84375 0.7500002 0.84375 0.8125001 0.8125 0.8125001 0.84375 0.2499998 0.84375 0.3124999 0.8125 0.3124999 0.84375 0.7500002 0.8125 0.7500002 0.8125 0.6875001 0.84375 0.2499998 0.8125 0.2499998 0.8125 0.1875 0.84375 0.6250001 0.84375 0.6875001 0.8125 0.6875001 0.84375 0.1875 0.8125 0.1875 0.8125 0.1249998 0.84375 0.6250001 0.8125 0.6250001 0.8125 0.5625001 0.84375 0.1249998 0.8125 0.1249998 0.8125 0.06249994 0.84375 0.5 0.84375 0.5625001 0.8125 0.5625001 0.8125 0.2499998 0.78125 0.2499998 0.78125 0.1875 0.8125 0.6250001 0.8125 0.6875001 0.78125 0.6875001 0.8125 0.1249998 0.8125 0.1875 0.78125 0.1875 0.8125 0.6250001 0.78125 0.6250001 0.78125 0.5625001 0.8125 0.1249998 0.78125 0.1249998 0.78125 0.06249994 0.8125 0.5 0.8125 0.5625001 0.78125 0.5625001 0.8125 0.5 0.78125 0.5 0.78125 0.4375 0.8125 0.9375001 0.78125 0.9375001 0.78125 0.8750001 0.8125 0.375 0.8125 0.4375 0.78125 0.4375 0.8125 0.8750001 0.78125 0.8750001 0.78125 0.8125001 0.8125 0.375 0.78125 0.375 0.78125 0.3124999 0.8125 0.8125001 0.78125 0.8125001 0.78125 0.7500002 0.8125 0.2499998 0.8125 0.3124999 0.78125 0.3124999 0.8125 0.7500002 0.78125 0.7500002 0.78125 0.6875001 0.78125 0.4375 0.75 0.4375 0.75 0.375 0.78125 0.8125001 0.78125 0.8750001 0.75 0.8750001 0.78125 0.375 0.75 0.375 0.75 0.3124999 0.78125 0.7500002 0.78125 0.8125001 0.75 0.8125 0.78125 0.3124999 0.75 0.3124999 0.75 0.25 0.78125 0.6875001 0.78125 0.7500002 0.75 0.75 0.78125 0.2499998 0.75 0.25 0.75 0.1875 0.78125 0.6250001 0.78125 0.6875001 0.75 0.6875001 0.78125 0.1875 0.75 0.1875 0.75 0.1249998 0.78125 0.5625001 0.78125 0.6250001 0.75 0.625 0.78125 0.06249994 0.78125 0.1249998 0.75 0.1249998 0.78125 0.5 0.78125 0.5625001 0.75 0.5625001 0.78125 0.5 0.75 0.5 0.75 0.4375 0.78125 0.8750001 0.78125 0.9375001 0.75 0.9375001</float_array>
          <technique_common>
            <accessor source="#Sphere-mesh-map-0-array" count="2880" stride="2">
              <param name="S" type="float"/>
              <param name="T" type="float"/>
            </accessor>
          </technique_common>
        </source>
        <vertices id="Sphere-mesh-vertices">
          <input semantic="POSITION" source="#Sphere-mesh-positions"/>
        </vertices>
        <triangles material="CL_post-material" count="960">
          <input semantic="VERTEX" source="#Sphere-mesh-vertices" offset="0"/>
          <input semantic="NORMAL" source="#Sphere-mesh-normals" offset="1"/>
          <input semantic="TEXCOORD" source="#Sphere-mesh-map-0" offset="2" set="0"/>
          <p>475 0 0 8 0 1 9 0 2 478 1 3 16 1 4 17 1 5 1 2 6 9 2 7 10 2 8 478 3 9 18 3 10 479 3 11 1 4 12 11 4 13 2 4 14 479 5 15 19 5 16 6 5 17 476 6 18 11 6 19 12 6 20 7 7 21 19 7 22 20 7 23 3 8 24 12 8 25 13 8 26 7 9 27 21 9 28 480 9 29 477 10 30 13 10 31 14 10 32 480 11 33 22 11 34 481 11 35 477 12 36 15 12 37 4 12 38 0 13 39 309 13 40 8 13 41 248 14 42 481 14 43 22 14 44 4 15 45 16 15 46 5 15 47 15 16 48 29 16 49 30 16 50 8 17 51 309 17 52 23 17 53 248 18 54 22 18 55 37 18 56 15 19 57 31 19 58 16 19 59 8 20 60 24 20 61 9 20 62 17 21 63 31 21 64 32 21 65 9 22 66 25 22 67 10 22 68 18 23 69 32 23 70 33 23 71 10 24 72 26 24 73 11 24 74 19 25 75 33 25 76 34 25 77 11 26 78 27 26 79 12 26 80 20 27 81 34 27 82 35 27 83 12 28 84 28 28 85 13 28 86 21 29 87 35 29 88 36 29 89 13 30 90 29 30 91 14 30 92 22 31 93 36 31 94 37 31 95 34 32 96 48 32 97 49 32 98 26 33 99 42 33 100 27 33 101 34 34 102 50 34 103 35 34 104 27 35 105 43 35 106 28 35 107 36 36 108 50 36 109 51 36 110 28 37 111 44 37 112 29 37 113 37 38 114 51 38 115 52 38 116 30 39 117 44 39 118 45 39 119 23 40 120 309 40 121 38 40 122 248 41 123 37 41 124 52 41 125 30 42 126 46 42 127 31 42 128 23 43 129 39 43 130 24 43 131 32 44 132 46 44 133 47 44 134 24 45 135 40 45 136 25 45 137 33 46 138 47 46 139 48 46 140 26 47 141 40 47 142 41 47 143 248 48 144 52 48 145 67 48 146 45 49 147 61 49 148 46 49 149 38 50 150 54 50 151 39 50 152 47 51 153 61 51 154 62 51 155 39 52 156 55 52 157 40 52 158 48 53 159 62 53 160 63 53 161 41 54 162 55 54 163 56 54 164 48 55 165 64 55 166 49 55 167 41 56 168 57 56 169 42 56 170 49 57 171 65 57 172 50 57 173 42 58 174 58 58 175 43 58 176 51 59 177 65 59 178 66 59 179 43 60 180 59 60 181 44 60 182 52 61 183 66 61 184 67 61 185 45 62 186 59 62 187 60 62 188 38 63 189 309 63 190 53 63 191 64 64 192 80 64 193 65 64 194 58 65 195 72 65 196 73 65 197 66 66 198 80 66 199 81 66 200 58 67 201 74 67 202 59 67 203 67 68 204 81 68 205 82 68 206 60 69 207 74 69 208 75 69 209 53 70 210 309 70 211 68 70 212 248 71 213 67 71 214 82 71 215 60 72 216 76 72 217 61 72 218 53 73 219 69 73 220 54 73 221 62 74 222 76 74 223 77 74 224 54 75 225 70 75 226 55 75 227 62 76 228 78 76 229 63 76 230 56 77 231 70 77 232 71 77 233 63 78 234 79 78 235 64 78 236 56 79 237 72 79 238 57 79 239 68 80 240 84 80 241 69 80 242 77 81 243 91 81 244 92 81 245 69 82 246 85 82 247 70 82 248 77 83 249 93 83 250 78 83 251 71 84 252 85 84 253 86 84 254 78 85 255 94 85 256 79 85 257 72 86 258 86 86 259 87 86 260 79 87 261 95 87 262 80 87 263 73 88 264 87 88 265 88 88 266 81 89 267 95 89 268 96 89 269 73 90 270 89 90 271 74 90 272 82 91 273 96 91 274 97 91 275 75 92 276 89 92 277 90 92 278 68 93 279 309 93 280 83 93 281 248 94 282 82 94 283 97 94 284 75 95 285 91 95 286 76 95 287 88 96 288 102 96 289 103 96 290 96 97 291 110 97 292 111 97 293 88 98 294 104 98 295 89 98 296 97 99 297 111 99 298 112 99 299 90 100 300 104 100 301 105 100 302 83 101 303 309 101 304 98 101 305 248 102 306 97 102 307 112 102 308 90 103 309 106 103 310 91 103 311 83 104 312 99 104 313 84 104 314 92 105 315 106 105 316 107 105 317 84 106 318 100 106 319 85 106 320 92 107 321 108 107 322 93 107 323 85 108 324 101 108 325 86 108 326 94 109 327 108 109 328 109 109 329 86 110 330 102 110 331 87 110 332 95 111 333 109 111 334 110 111 335 107 112 336 121 112 337 122 112 338 99 113 339 115 113 340 100 113 341 107 114 342 123 114 343 108 114 344 100 115 345 116 115 346 101 115 347 109 116 348 123 116 349 124 116 350 101 117 351 117 117 352 102 117 353 110 118 354 124 118 355 125 118 356 103 119 357 117 119 358 118 119 359 111 120 360 125 120 361 126 120 362 103 121 363 119 121 364 104 121 365 112 122 366 126 122 367 127 122 368 105 123 369 119 123 370 120 123 371 98 124 372 309 124 373 113 124 374 248 125 375 112 125 376 127 125 377 105 126 378 121 126 379 106 126 380 98 127 381 114 127 382 99 127 383 126 128 384 140 128 385 141 128 386 118 129 387 134 129 388 119 129 389 127 130 390 141 130 391 142 130 392 120 131 393 134 131 394 135 131 395 113 132 396 309 132 397 128 132 398 248 133 399 127 133 400 142 133 401 120 134 402 136 134 403 121 134 404 113 135 405 129 135 406 114 135 407 122 136 408 136 136 409 137 136 410 114 137 411 130 137 412 115 137 413 122 138 414 138 138 415 123 138 416 115 139 417 131 139 418 116 139 419 123 140 420 139 140 421 124 140 422 116 141 423 132 141 424 117 141 425 125 142 426 139 142 427 140 142 428 118 143 429 132 143 430 133 143 431 129 144 432 145 144 433 130 144 434 137 145 435 153 145 436 138 145 437 130 146 438 146 146 439 131 146 440 139 147 441 153 147 442 154 147 443 131 148 444 147 148 445 132 148 446 140 149 447 154 149 448 155 149 449 133 150 450 147 150 451 148 150 452 141 151 453 155 151 454 156 151 455 133 152 456 149 152 457 134 152 458 142 153 459 156 153 460 157 153 461 135 154 462 149 154 463 150 154 464 128 155 465 309 155 466 143 155 467 248 156 468 142 156 469 157 156 470 135 157 471 151 157 472 136 157 473 128 158 474 144 158 475 129 158 476 137 159 477 151 159 478 152 159 479 148 160 480 164 160 481 149 160 482 157 161 483 171 161 484 172 161 485 150 162 486 164 162 487 165 162 488 143 163 489 309 163 490 158 163 491 248 164 492 157 164 493 172 164 494 150 165 495 166 165 496 151 165 497 143 166 498 159 166 499 144 166 500 152 167 501 166 167 502 167 167 503 144 168 504 160 168 505 145 168 506 152 169 507 168 169 508 153 169 509 145 170 510 161 170 511 146 170 512 154 171 513 168 171 514 169 171 515 146 172 516 162 172 517 147 172 518 155 173 519 169 173 520 170 173 521 148 174 522 162 174 523 163 174 524 156 175 525 170 175 526 171 175 527 167 176 528 183 176 529 168 176 530 160 177 531 176 177 532 161 177 533 169 178 534 183 178 535 184 178 536 161 179 537 177 179 538 162 179 539 169 180 540 185 180 541 170 180 542 163 181 543 177 181 544 178 181 545 171 182 546 185 182 547 186 182 548 163 183 549 179 183 550 164 183 551 172 184 552 186 184 553 187 184 554 165 185 555 179 185 556 180 185 557 158 186 558 309 186 559 173 186 560 248 187 561 172 187 562 187 187 563 165 188 564 181 188 565 166 188 566 158 189 567 174 189 568 159 189 569 167 190 570 181 190 571 182 190 572 159 191 573 175 191 574 160 191 575 187 192 576 201 192 577 202 192 578 180 193 579 194 193 580 195 193 581 173 194 582 309 194 583 188 194 584 248 195 585 187 195 586 202 195 587 180 196 588 196 196 589 181 196 590 173 197 591 189 197 592 174 197 593 182 198 594 196 198 595 197 198 596 174 199 597 190 199 598 175 199 599 182 200 600 198 200 601 183 200 602 175 201 603 191 201 604 176 201 605 184 202 606 198 202 607 199 202 608 176 203 609 192 203 610 177 203 611 185 204 612 199 204 613 200 204 614 178 205 615 192 205 616 193 205 617 186 206 618 200 206 619 201 206 620 178 207 621 194 207 622 179 207 623 199 208 624 213 208 625 214 208 626 191 209 627 207 209 628 192 209 629 200 210 630 214 210 631 215 210 632 193 211 633 207 211 634 208 211 635 201 212 636 215 212 637 216 212 638 193 213 639 209 213 640 194 213 641 202 214 642 216 214 643 217 214 644 195 215 645 209 215 646 210 215 647 188 216 648 309 216 649 203 216 650 248 217 651 202 217 652 217 217 653 195 218 654 211 218 655 196 218 656 188 219 657 204 219 658 189 219 659 197 220 660 211 220 661 212 220 662 189 221 663 205 221 664 190 221 665 197 222 666 213 222 667 198 222 668 190 223 669 206 223 670 191 223 671 203 224 672 309 224 673 218 224 674 248 225 675 217 225 676 232 225 677 210 226 678 226 226 679 211 226 680 204 227 681 218 227 682 219 227 683 212 228 684 226 228 685 227 228 686 204 229 687 220 229 688 205 229 689 212 230 690 228 230 691 213 230 692 205 231 693 221 231 694 206 231 695 213 232 696 229 232 697 214 232 698 206 233 699 222 233 700 207 233 701 215 234 702 229 234 703 230 234 704 208 235 705 222 235 706 223 235 707 216 236 708 230 236 709 231 236 710 208 237 711 224 237 712 209 237 713 216 238 714 232 238 715 217 238 716 210 239 717 224 239 718 225 239 719 221 240 720 237 240 721 222 240 722 230 241 723 244 241 724 245 241 725 222 242 726 238 242 727 223 242 728 231 243 729 245 243 730 246 243 731 223 244 732 239 244 733 224 244 734 232 245 735 246 245 736 247 245 737 225 246 738 239 246 739 240 246 740 218 247 741 309 247 742 233 247 743 248 248 744 232 248 745 247 248 746 225 249 747 241 249 748 226 249 749 218 250 750 234 250 751 219 250 752 227 251 753 241 251 754 242 251 755 219 252 756 235 252 757 220 252 758 228 253 759 242 253 760 243 253 761 220 254 762 236 254 763 221 254 764 229 255 765 243 255 766 244 255 767 240 256 768 257 256 769 241 256 770 234 257 771 249 257 772 250 257 773 242 258 774 257 258 775 258 258 776 234 259 777 251 259 778 235 259 779 242 260 780 259 260 781 243 260 782 235 261 783 252 261 784 236 261 785 243 262 786 260 262 787 244 262 788 236 263 789 253 263 790 237 263 791 245 264 792 260 264 793 261 264 794 238 265 795 253 265 796 254 265 797 245 266 798 262 266 799 246 266 800 238 267 801 255 267 802 239 267 803 246 268 804 263 268 805 247 268 806 240 269 807 255 269 808 256 269 809 233 270 810 309 270 811 249 270 812 248 271 813 247 271 814 263 271 815 261 272 816 275 272 817 276 272 818 253 273 819 269 273 820 254 273 821 262 274 822 276 274 823 277 274 824 254 275 825 270 275 826 255 275 827 263 276 828 277 276 829 278 276 830 256 277 831 270 277 832 271 277 833 249 278 834 309 278 835 264 278 836 248 279 837 263 279 838 278 279 839 256 280 840 272 280 841 257 280 842 249 281 843 265 281 844 250 281 845 258 282 846 272 282 847 273 282 848 250 283 849 266 283 850 251 283 851 259 284 852 273 284 853 274 284 854 251 285 855 267 285 856 252 285 857 260 286 858 274 286 859 275 286 860 252 287 861 268 287 862 253 287 863 265 288 864 279 288 865 280 288 866 273 289 867 287 289 868 288 289 869 265 290 870 281 290 871 266 290 872 273 291 873 289 291 874 274 291 875 266 292 876 282 292 877 267 292 878 275 293 879 289 293 880 290 293 881 267 294 882 283 294 883 268 294 884 275 295 885 291 295 886 276 295 887 269 296 888 283 296 889 284 296 890 277 297 891 291 297 892 292 297 893 269 298 894 285 298 895 270 298 896 277 299 897 293 299 898 278 299 899 271 300 900 285 300 901 286 300 902 264 301 903 309 301 904 279 301 905 248 302 906 278 302 907 293 302 908 271 303 909 287 303 910 272 303 911 284 304 912 298 304 913 299 304 914 292 305 915 306 305 916 307 305 917 284 306 918 300 306 919 285 306 920 293 307 921 307 307 922 308 307 923 286 308 924 300 308 925 301 308 926 279 309 927 309 309 928 294 309 929 248 310 930 293 310 931 308 310 932 286 311 933 302 311 934 287 311 935 279 312 936 295 312 937 280 312 938 288 313 939 302 313 940 303 313 941 280 314 942 296 314 943 281 314 944 288 315 945 304 315 946 289 315 947 282 316 948 296 316 949 297 316 950 290 317 951 304 317 952 305 317 953 282 318 954 298 318 955 283 318 956 290 319 957 306 319 958 291 319 959 303 320 960 318 320 961 319 320 962 295 321 963 312 321 964 296 321 965 303 322 966 320 322 967 304 322 968 297 323 969 312 323 970 313 323 971 305 324 972 320 324 973 321 324 974 297 325 975 314 325 976 298 325 977 305 326 978 322 326 979 306 326 980 299 327 981 314 327 982 315 327 983 307 328 984 322 328 985 323 328 986 299 329 987 316 329 988 300 329 989 308 330 990 323 330 991 324 330 992 301 331 993 316 331 994 317 331 995 294 332 996 309 332 997 310 332 998 248 333 999 308 333 1000 324 333 1001 301 334 1002 318 334 1003 302 334 1004 294 335 1005 311 335 1006 295 335 1007 323 336 1008 337 336 1009 338 336 1010 315 337 1011 331 337 1012 316 337 1013 324 338 1014 338 338 1015 339 338 1016 317 339 1017 331 339 1018 332 339 1019 310 340 1020 309 340 1021 325 340 1022 248 341 1023 324 341 1024 339 341 1025 317 342 1026 333 342 1027 318 342 1028 310 343 1029 326 343 1030 311 343 1031 319 344 1032 333 344 1033 334 344 1034 311 345 1035 327 345 1036 312 345 1037 319 346 1038 335 346 1039 320 346 1040 313 347 1041 327 347 1042 328 347 1043 321 348 1044 335 348 1045 336 348 1046 313 349 1047 329 349 1048 314 349 1049 321 350 1050 337 350 1051 322 350 1052 315 351 1053 329 351 1054 330 351 1055 334 352 1056 350 352 1057 335 352 1058 328 353 1059 342 353 1060 343 353 1061 336 354 1062 350 354 1063 351 354 1064 328 355 1065 344 355 1066 329 355 1067 336 356 1068 352 356 1069 337 356 1070 330 357 1071 344 357 1072 345 357 1073 338 358 1074 352 358 1075 353 358 1076 330 359 1077 346 359 1078 331 359 1079 338 360 1080 354 360 1081 339 360 1082 332 361 1083 346 361 1084 347 361 1085 325 362 1086 309 362 1087 340 362 1088 248 363 1089 339 363 1090 354 363 1091 332 364 1092 348 364 1093 333 364 1094 325 365 1095 341 365 1096 326 365 1097 334 366 1098 348 366 1099 349 366 1100 326 367 1101 342 367 1102 327 367 1103 354 368 1104 368 368 1105 369 368 1106 347 369 1107 361 369 1108 362 369 1109 340 370 1110 309 370 1111 355 370 1112 248 371 1113 354 371 1114 369 371 1115 347 372 1116 363 372 1117 348 372 1118 340 373 1119 356 373 1120 341 373 1121 349 374 1122 363 374 1123 364 374 1124 341 375 1125 357 375 1126 342 375 1127 350 376 1128 364 376 1129 365 376 1130 342 377 1131 358 377 1132 343 377 1133 351 378 1134 365 378 1135 366 378 1136 343 379 1137 359 379 1138 344 379 1139 351 380 1140 367 380 1141 352 380 1142 344 381 1143 360 381 1144 345 381 1145 353 382 1146 367 382 1147 368 382 1148 345 383 1149 361 383 1150 346 383 1151 358 384 1152 372 384 1153 373 384 1154 366 385 1155 380 385 1156 381 385 1157 358 386 1158 374 386 1159 359 386 1160 366 387 1161 382 387 1162 367 387 1163 360 388 1164 374 388 1165 375 388 1166 367 389 1167 383 389 1168 368 389 1169 360 390 1170 376 390 1171 361 390 1172 368 391 1173 384 391 1174 369 391 1175 362 392 1176 376 392 1177 377 392 1178 355 393 1179 309 393 1180 370 393 1181 248 394 1182 369 394 1183 384 394 1184 362 395 1185 378 395 1186 363 395 1187 356 396 1188 370 396 1189 371 396 1190 364 397 1191 378 397 1192 379 397 1193 357 398 1194 371 398 1195 372 398 1196 364 399 1197 380 399 1198 365 399 1199 377 400 1200 391 400 1201 392 400 1202 370 401 1203 309 401 1204 385 401 1205 248 402 1206 384 402 1207 399 402 1208 377 403 1209 393 403 1210 378 403 1211 370 404 1212 386 404 1213 371 404 1214 379 405 1215 393 405 1216 394 405 1217 371 406 1218 387 406 1219 372 406 1220 380 407 1221 394 407 1222 395 407 1223 373 408 1224 387 408 1225 388 408 1226 381 409 1227 395 409 1228 396 409 1229 373 410 1230 389 410 1231 374 410 1232 381 411 1233 397 411 1234 382 411 1235 374 412 1236 390 412 1237 375 412 1238 383 413 1239 397 413 1240 398 413 1241 375 414 1242 391 414 1243 376 414 1244 383 415 1245 399 415 1246 384 415 1247 396 416 1248 410 416 1249 411 416 1250 388 417 1251 404 417 1252 389 417 1253 396 418 1254 412 418 1255 397 418 1256 390 419 1257 404 419 1258 405 419 1259 398 420 1260 412 420 1261 413 420 1262 390 421 1263 406 421 1264 391 421 1265 398 422 1266 414 422 1267 399 422 1268 392 423 1269 406 423 1270 407 423 1271 385 424 1272 309 424 1273 400 424 1274 248 425 1275 399 425 1276 414 425 1277 392 426 1278 408 426 1279 393 426 1280 385 427 1281 401 427 1282 386 427 1283 394 428 1284 408 428 1285 409 428 1286 386 429 1287 402 429 1288 387 429 1289 394 430 1290 410 430 1291 395 430 1292 388 431 1293 402 431 1294 403 431 1295 400 432 1296 309 432 1297 415 432 1298 248 433 1299 414 433 1300 429 433 1301 407 434 1302 423 434 1303 408 434 1304 400 435 1305 416 435 1306 401 435 1307 409 436 1308 423 436 1309 424 436 1310 401 437 1311 417 437 1312 402 437 1313 409 438 1314 425 438 1315 410 438 1316 403 439 1317 417 439 1318 418 439 1319 411 440 1320 425 440 1321 426 440 1322 403 441 1323 419 441 1324 404 441 1325 411 442 1326 427 442 1327 412 442 1328 405 443 1329 419 443 1330 420 443 1331 413 444 1332 427 444 1333 428 444 1334 405 445 1335 421 445 1336 406 445 1337 414 446 1338 428 446 1339 429 446 1340 407 447 1341 421 447 1342 422 447 1343 418 448 1344 434 448 1345 419 448 1346 426 449 1347 442 449 1348 427 449 1349 420 450 1350 434 450 1351 435 450 1352 427 451 1353 443 451 1354 428 451 1355 420 452 1356 436 452 1357 421 452 1358 429 453 1359 443 453 1360 444 453 1361 422 454 1362 436 454 1363 437 454 1364 415 455 1365 309 455 1366 430 455 1367 248 456 1368 429 456 1369 444 456 1370 422 457 1371 438 457 1372 423 457 1373 415 458 1374 431 458 1375 416 458 1376 424 459 1377 438 459 1378 439 459 1379 417 460 1380 431 460 1381 432 460 1382 424 461 1383 440 461 1384 425 461 1385 418 462 1386 432 462 1387 433 462 1388 426 463 1389 440 463 1390 441 463 1391 437 464 1392 453 464 1393 438 464 1394 431 465 1395 445 465 1396 446 465 1397 439 466 1398 453 466 1399 454 466 1400 432 467 1401 446 467 1402 447 467 1403 439 468 1404 455 468 1405 440 468 1406 433 469 1407 447 469 1408 448 469 1409 441 470 1410 455 470 1411 456 470 1412 433 471 1413 449 471 1414 434 471 1415 441 472 1416 457 472 1417 442 472 1418 435 473 1419 449 473 1420 450 473 1421 442 474 1422 458 474 1423 443 474 1424 435 475 1425 451 475 1426 436 475 1427 443 476 1428 459 476 1429 444 476 1430 437 477 1431 451 477 1432 452 477 1433 430 478 1434 309 478 1435 445 478 1436 248 479 1437 444 479 1438 459 479 1439 456 480 1440 472 480 1441 457 480 1442 450 481 1443 464 481 1444 465 481 1445 458 482 1446 472 482 1447 473 482 1448 450 483 1449 466 483 1450 451 483 1451 458 484 1452 474 484 1453 459 484 1454 452 485 1455 466 485 1456 467 485 1457 445 486 1458 309 486 1459 460 486 1460 248 487 1461 459 487 1462 474 487 1463 452 488 1464 468 488 1465 453 488 1466 445 489 1467 461 489 1468 446 489 1469 454 490 1470 468 490 1471 469 490 1472 446 491 1473 462 491 1474 447 491 1475 454 492 1476 470 492 1477 455 492 1478 447 493 1479 463 493 1480 448 493 1481 456 494 1482 470 494 1483 471 494 1484 448 495 1485 464 495 1486 449 495 1487 468 496 1488 478 496 1489 469 496 1490 462 497 1491 475 497 1492 1 497 1493 469 498 1494 479 498 1495 470 498 1496 463 499 1497 1 499 1498 2 499 1499 470 500 1500 6 500 1501 471 500 1502 464 501 1503 2 501 1504 476 501 1505 471 502 1506 7 502 1507 472 502 1508 465 503 1509 476 503 1510 3 503 1511 472 504 1512 480 504 1513 473 504 1514 466 505 1515 3 505 1516 477 505 1517 474 506 1518 480 506 1519 481 506 1520 467 507 1521 477 507 1522 4 507 1523 460 508 1524 309 508 1525 0 508 1526 248 509 1527 474 509 1528 481 509 1529 467 510 1530 5 510 1531 468 510 1532 461 511 1533 0 511 1534 475 511 1535 475 512 1536 0 512 1537 8 512 1538 478 513 1539 5 513 1540 16 513 1541 1 514 1542 475 514 1543 9 514 1544 478 515 1545 17 515 1546 18 515 1547 1 516 1548 10 516 1549 11 516 1550 479 517 1551 18 517 1552 19 517 1553 476 518 1554 2 518 1555 11 518 1556 7 519 1557 6 519 1558 19 519 1559 3 520 1560 476 520 1561 12 520 1562 7 521 1563 20 521 1564 21 521 1565 477 522 1566 3 522 1567 13 522 1568 480 523 1569 21 523 1570 22 523 1571 477 524 1572 14 524 1573 15 524 1574 4 525 1575 15 525 1576 16 525 1577 15 526 1578 14 526 1579 29 526 1580 15 527 1581 30 527 1582 31 527 1583 8 528 1584 23 528 1585 24 528 1586 17 529 1587 16 529 1588 31 529 1589 9 530 1590 24 530 1591 25 530 1592 18 531 1593 17 531 1594 32 531 1595 10 532 1596 25 532 1597 26 532 1598 19 533 1599 18 533 1600 33 533 1601 11 534 1602 26 534 1603 27 534 1604 20 535 1605 19 535 1606 34 535 1607 12 536 1608 27 536 1609 28 536 1610 21 537 1611 20 537 1612 35 537 1613 13 538 1614 28 538 1615 29 538 1616 22 539 1617 21 539 1618 36 539 1619 34 540 1620 33 540 1621 48 540 1622 26 541 1623 41 541 1624 42 541 1625 34 542 1626 49 542 1627 50 542 1628 27 543 1629 42 543 1630 43 543 1631 36 544 1632 35 544 1633 50 544 1634 28 545 1635 43 545 1636 44 545 1637 37 546 1638 36 546 1639 51 546 1640 30 547 1641 29 547 1642 44 547 1643 30 548 1644 45 548 1645 46 548 1646 23 549 1647 38 549 1648 39 549 1649 32 550 1650 31 550 1651 46 550 1652 24 551 1653 39 551 1654 40 551 1655 33 552 1656 32 552 1657 47 552 1658 26 553 1659 25 553 1660 40 553 1661 45 554 1662 60 554 1663 61 554 1664 38 555 1665 53 555 1666 54 555 1667 47 556 1668 46 556 1669 61 556 1670 39 557 1671 54 557 1672 55 557 1673 48 558 1674 47 558 1675 62 558 1676 41 559 1677 40 559 1678 55 559 1679 48 560 1680 63 560 1681 64 560 1682 41 561 1683 56 561 1684 57 561 1685 49 562 1686 64 562 1687 65 562 1688 42 563 1689 57 563 1690 58 563 1691 51 564 1692 50 564 1693 65 564 1694 43 565 1695 58 565 1696 59 565 1697 52 566 1698 51 566 1699 66 566 1700 45 567 1701 44 567 1702 59 567 1703 64 568 1704 79 568 1705 80 568 1706 58 569 1707 57 569 1708 72 569 1709 66 570 1710 65 570 1711 80 570 1712 58 571 1713 73 571 1714 74 571 1715 67 572 1716 66 572 1717 81 572 1718 60 573 1719 59 573 1720 74 573 1721 60 574 1722 75 574 1723 76 574 1724 53 575 1725 68 575 1726 69 575 1727 62 576 1728 61 576 1729 76 576 1730 54 577 1731 69 577 1732 70 577 1733 62 578 1734 77 578 1735 78 578 1736 56 579 1737 55 579 1738 70 579 1739 63 580 1740 78 580 1741 79 580 1742 56 581 1743 71 581 1744 72 581 1745 68 582 1746 83 582 1747 84 582 1748 77 583 1749 76 583 1750 91 583 1751 69 584 1752 84 584 1753 85 584 1754 77 585 1755 92 585 1756 93 585 1757 71 586 1758 70 586 1759 85 586 1760 78 587 1761 93 587 1762 94 587 1763 72 588 1764 71 588 1765 86 588 1766 79 589 1767 94 589 1768 95 589 1769 73 590 1770 72 590 1771 87 590 1772 81 591 1773 80 591 1774 95 591 1775 73 592 1776 88 592 1777 89 592 1778 82 593 1779 81 593 1780 96 593 1781 75 594 1782 74 594 1783 89 594 1784 75 595 1785 90 595 1786 91 595 1787 88 596 1788 87 596 1789 102 596 1790 96 597 1791 95 597 1792 110 597 1793 88 598 1794 103 598 1795 104 598 1796 97 599 1797 96 599 1798 111 599 1799 90 600 1800 89 600 1801 104 600 1802 90 601 1803 105 601 1804 106 601 1805 83 602 1806 98 602 1807 99 602 1808 92 603 1809 91 603 1810 106 603 1811 84 604 1812 99 604 1813 100 604 1814 92 605 1815 107 605 1816 108 605 1817 85 606 1818 100 606 1819 101 606 1820 94 607 1821 93 607 1822 108 607 1823 86 608 1824 101 608 1825 102 608 1826 95 609 1827 94 609 1828 109 609 1829 107 610 1830 106 610 1831 121 610 1832 99 611 1833 114 611 1834 115 611 1835 107 612 1836 122 612 1837 123 612 1838 100 613 1839 115 613 1840 116 613 1841 109 614 1842 108 614 1843 123 614 1844 101 615 1845 116 615 1846 117 615 1847 110 616 1848 109 616 1849 124 616 1850 103 617 1851 102 617 1852 117 617 1853 111 618 1854 110 618 1855 125 618 1856 103 619 1857 118 619 1858 119 619 1859 112 620 1860 111 620 1861 126 620 1862 105 621 1863 104 621 1864 119 621 1865 105 622 1866 120 622 1867 121 622 1868 98 623 1869 113 623 1870 114 623 1871 126 624 1872 125 624 1873 140 624 1874 118 625 1875 133 625 1876 134 625 1877 127 626 1878 126 626 1879 141 626 1880 120 627 1881 119 627 1882 134 627 1883 120 628 1884 135 628 1885 136 628 1886 113 629 1887 128 629 1888 129 629 1889 122 630 1890 121 630 1891 136 630 1892 114 631 1893 129 631 1894 130 631 1895 122 632 1896 137 632 1897 138 632 1898 115 633 1899 130 633 1900 131 633 1901 123 634 1902 138 634 1903 139 634 1904 116 635 1905 131 635 1906 132 635 1907 125 636 1908 124 636 1909 139 636 1910 118 637 1911 117 637 1912 132 637 1913 129 638 1914 144 638 1915 145 638 1916 137 639 1917 152 639 1918 153 639 1919 130 640 1920 145 640 1921 146 640 1922 139 641 1923 138 641 1924 153 641 1925 131 642 1926 146 642 1927 147 642 1928 140 643 1929 139 643 1930 154 643 1931 133 644 1932 132 644 1933 147 644 1934 141 645 1935 140 645 1936 155 645 1937 133 646 1938 148 646 1939 149 646 1940 142 647 1941 141 647 1942 156 647 1943 135 648 1944 134 648 1945 149 648 1946 135 649 1947 150 649 1948 151 649 1949 128 650 1950 143 650 1951 144 650 1952 137 651 1953 136 651 1954 151 651 1955 148 652 1956 163 652 1957 164 652 1958 157 653 1959 156 653 1960 171 653 1961 150 654 1962 149 654 1963 164 654 1964 150 655 1965 165 655 1966 166 655 1967 143 656 1968 158 656 1969 159 656 1970 152 657 1971 151 657 1972 166 657 1973 144 658 1974 159 658 1975 160 658 1976 152 659 1977 167 659 1978 168 659 1979 145 660 1980 160 660 1981 161 660 1982 154 661 1983 153 661 1984 168 661 1985 146 662 1986 161 662 1987 162 662 1988 155 663 1989 154 663 1990 169 663 1991 148 664 1992 147 664 1993 162 664 1994 156 665 1995 155 665 1996 170 665 1997 167 666 1998 182 666 1999 183 666 2000 160 667 2001 175 667 2002 176 667 2003 169 668 2004 168 668 2005 183 668 2006 161 669 2007 176 669 2008 177 669 2009 169 670 2010 184 670 2011 185 670 2012 163 671 2013 162 671 2014 177 671 2015 171 672 2016 170 672 2017 185 672 2018 163 673 2019 178 673 2020 179 673 2021 172 674 2022 171 674 2023 186 674 2024 165 675 2025 164 675 2026 179 675 2027 165 676 2028 180 676 2029 181 676 2030 158 677 2031 173 677 2032 174 677 2033 167 678 2034 166 678 2035 181 678 2036 159 679 2037 174 679 2038 175 679 2039 187 680 2040 186 680 2041 201 680 2042 180 681 2043 179 681 2044 194 681 2045 180 682 2046 195 682 2047 196 682 2048 173 683 2049 188 683 2050 189 683 2051 182 684 2052 181 684 2053 196 684 2054 174 685 2055 189 685 2056 190 685 2057 182 686 2058 197 686 2059 198 686 2060 175 687 2061 190 687 2062 191 687 2063 184 688 2064 183 688 2065 198 688 2066 176 689 2067 191 689 2068 192 689 2069 185 690 2070 184 690 2071 199 690 2072 178 691 2073 177 691 2074 192 691 2075 186 692 2076 185 692 2077 200 692 2078 178 693 2079 193 693 2080 194 693 2081 199 694 2082 198 694 2083 213 694 2084 191 695 2085 206 695 2086 207 695 2087 200 696 2088 199 696 2089 214 696 2090 193 697 2091 192 697 2092 207 697 2093 201 698 2094 200 698 2095 215 698 2096 193 699 2097 208 699 2098 209 699 2099 202 700 2100 201 700 2101 216 700 2102 195 701 2103 194 701 2104 209 701 2105 195 702 2106 210 702 2107 211 702 2108 188 703 2109 203 703 2110 204 703 2111 197 704 2112 196 704 2113 211 704 2114 189 705 2115 204 705 2116 205 705 2117 197 706 2118 212 706 2119 213 706 2120 190 707 2121 205 707 2122 206 707 2123 210 708 2124 225 708 2125 226 708 2126 204 709 2127 203 709 2128 218 709 2129 212 710 2130 211 710 2131 226 710 2132 204 711 2133 219 711 2134 220 711 2135 212 712 2136 227 712 2137 228 712 2138 205 713 2139 220 713 2140 221 713 2141 213 714 2142 228 714 2143 229 714 2144 206 715 2145 221 715 2146 222 715 2147 215 716 2148 214 716 2149 229 716 2150 208 717 2151 207 717 2152 222 717 2153 216 718 2154 215 718 2155 230 718 2156 208 719 2157 223 719 2158 224 719 2159 216 720 2160 231 720 2161 232 720 2162 210 721 2163 209 721 2164 224 721 2165 221 722 2166 236 722 2167 237 722 2168 230 723 2169 229 723 2170 244 723 2171 222 724 2172 237 724 2173 238 724 2174 231 725 2175 230 725 2176 245 725 2177 223 726 2178 238 726 2179 239 726 2180 232 727 2181 231 727 2182 246 727 2183 225 728 2184 224 728 2185 239 728 2186 225 729 2187 240 729 2188 241 729 2189 218 730 2190 233 730 2191 234 730 2192 227 731 2193 226 731 2194 241 731 2195 219 732 2196 234 732 2197 235 732 2198 228 733 2199 227 733 2200 242 733 2201 220 734 2202 235 734 2203 236 734 2204 229 735 2205 228 735 2206 243 735 2207 240 736 2208 256 736 2209 257 736 2210 234 737 2211 233 737 2212 249 737 2213 242 738 2214 241 738 2215 257 738 2216 234 739 2217 250 739 2218 251 739 2219 242 740 2220 258 740 2221 259 740 2222 235 741 2223 251 741 2224 252 741 2225 243 742 2226 259 742 2227 260 742 2228 236 743 2229 252 743 2230 253 743 2231 245 744 2232 244 744 2233 260 744 2234 238 745 2235 237 745 2236 253 745 2237 245 746 2238 261 746 2239 262 746 2240 238 747 2241 254 747 2242 255 747 2243 246 748 2244 262 748 2245 263 748 2246 240 749 2247 239 749 2248 255 749 2249 261 750 2250 260 750 2251 275 750 2252 253 751 2253 268 751 2254 269 751 2255 262 752 2256 261 752 2257 276 752 2258 254 753 2259 269 753 2260 270 753 2261 263 754 2262 262 754 2263 277 754 2264 256 755 2265 255 755 2266 270 755 2267 256 756 2268 271 756 2269 272 756 2270 249 757 2271 264 757 2272 265 757 2273 258 758 2274 257 758 2275 272 758 2276 250 759 2277 265 759 2278 266 759 2279 259 760 2280 258 760 2281 273 760 2282 251 761 2283 266 761 2284 267 761 2285 260 762 2286 259 762 2287 274 762 2288 252 763 2289 267 763 2290 268 763 2291 265 764 2292 264 764 2293 279 764 2294 273 765 2295 272 765 2296 287 765 2297 265 766 2298 280 766 2299 281 766 2300 273 767 2301 288 767 2302 289 767 2303 266 768 2304 281 768 2305 282 768 2306 275 769 2307 274 769 2308 289 769 2309 267 770 2310 282 770 2311 283 770 2312 275 771 2313 290 771 2314 291 771 2315 269 772 2316 268 772 2317 283 772 2318 277 773 2319 276 773 2320 291 773 2321 269 774 2322 284 774 2323 285 774 2324 277 775 2325 292 775 2326 293 775 2327 271 776 2328 270 776 2329 285 776 2330 271 777 2331 286 777 2332 287 777 2333 284 778 2334 283 778 2335 298 778 2336 292 779 2337 291 779 2338 306 779 2339 284 780 2340 299 780 2341 300 780 2342 293 781 2343 292 781 2344 307 781 2345 286 782 2346 285 782 2347 300 782 2348 286 783 2349 301 783 2350 302 783 2351 279 784 2352 294 784 2353 295 784 2354 288 785 2355 287 785 2356 302 785 2357 280 786 2358 295 786 2359 296 786 2360 288 787 2361 303 787 2362 304 787 2363 282 788 2364 281 788 2365 296 788 2366 290 789 2367 289 789 2368 304 789 2369 282 790 2370 297 790 2371 298 790 2372 290 791 2373 305 791 2374 306 791 2375 303 792 2376 302 792 2377 318 792 2378 295 793 2379 311 793 2380 312 793 2381 303 794 2382 319 794 2383 320 794 2384 297 795 2385 296 795 2386 312 795 2387 305 796 2388 304 796 2389 320 796 2390 297 797 2391 313 797 2392 314 797 2393 305 798 2394 321 798 2395 322 798 2396 299 799 2397 298 799 2398 314 799 2399 307 800 2400 306 800 2401 322 800 2402 299 801 2403 315 801 2404 316 801 2405 308 802 2406 307 802 2407 323 802 2408 301 803 2409 300 803 2410 316 803 2411 301 804 2412 317 804 2413 318 804 2414 294 805 2415 310 805 2416 311 805 2417 323 806 2418 322 806 2419 337 806 2420 315 807 2421 330 807 2422 331 807 2423 324 808 2424 323 808 2425 338 808 2426 317 809 2427 316 809 2428 331 809 2429 317 810 2430 332 810 2431 333 810 2432 310 811 2433 325 811 2434 326 811 2435 319 812 2436 318 812 2437 333 812 2438 311 813 2439 326 813 2440 327 813 2441 319 814 2442 334 814 2443 335 814 2444 313 815 2445 312 815 2446 327 815 2447 321 816 2448 320 816 2449 335 816 2450 313 817 2451 328 817 2452 329 817 2453 321 818 2454 336 818 2455 337 818 2456 315 819 2457 314 819 2458 329 819 2459 334 820 2460 349 820 2461 350 820 2462 328 821 2463 327 821 2464 342 821 2465 336 822 2466 335 822 2467 350 822 2468 328 823 2469 343 823 2470 344 823 2471 336 824 2472 351 824 2473 352 824 2474 330 825 2475 329 825 2476 344 825 2477 338 826 2478 337 826 2479 352 826 2480 330 827 2481 345 827 2482 346 827 2483 338 828 2484 353 828 2485 354 828 2486 332 829 2487 331 829 2488 346 829 2489 332 830 2490 347 830 2491 348 830 2492 325 831 2493 340 831 2494 341 831 2495 334 832 2496 333 832 2497 348 832 2498 326 833 2499 341 833 2500 342 833 2501 354 834 2502 353 834 2503 368 834 2504 347 835 2505 346 835 2506 361 835 2507 347 836 2508 362 836 2509 363 836 2510 340 837 2511 355 837 2512 356 837 2513 349 838 2514 348 838 2515 363 838 2516 341 839 2517 356 839 2518 357 839 2519 350 840 2520 349 840 2521 364 840 2522 342 841 2523 357 841 2524 358 841 2525 351 842 2526 350 842 2527 365 842 2528 343 843 2529 358 843 2530 359 843 2531 351 844 2532 366 844 2533 367 844 2534 344 845 2535 359 845 2536 360 845 2537 353 846 2538 352 846 2539 367 846 2540 345 847 2541 360 847 2542 361 847 2543 358 848 2544 357 848 2545 372 848 2546 366 849 2547 365 849 2548 380 849 2549 358 850 2550 373 850 2551 374 850 2552 366 851 2553 381 851 2554 382 851 2555 360 852 2556 359 852 2557 374 852 2558 367 853 2559 382 853 2560 383 853 2561 360 854 2562 375 854 2563 376 854 2564 368 855 2565 383 855 2566 384 855 2567 362 856 2568 361 856 2569 376 856 2570 362 857 2571 377 857 2572 378 857 2573 356 858 2574 355 858 2575 370 858 2576 364 859 2577 363 859 2578 378 859 2579 357 860 2580 356 860 2581 371 860 2582 364 861 2583 379 861 2584 380 861 2585 377 862 2586 376 862 2587 391 862 2588 377 863 2589 392 863 2590 393 863 2591 370 864 2592 385 864 2593 386 864 2594 379 865 2595 378 865 2596 393 865 2597 371 866 2598 386 866 2599 387 866 2600 380 867 2601 379 867 2602 394 867 2603 373 868 2604 372 868 2605 387 868 2606 381 869 2607 380 869 2608 395 869 2609 373 870 2610 388 870 2611 389 870 2612 381 871 2613 396 871 2614 397 871 2615 374 872 2616 389 872 2617 390 872 2618 383 873 2619 382 873 2620 397 873 2621 375 874 2622 390 874 2623 391 874 2624 383 875 2625 398 875 2626 399 875 2627 396 876 2628 395 876 2629 410 876 2630 388 877 2631 403 877 2632 404 877 2633 396 878 2634 411 878 2635 412 878 2636 390 879 2637 389 879 2638 404 879 2639 398 880 2640 397 880 2641 412 880 2642 390 881 2643 405 881 2644 406 881 2645 398 882 2646 413 882 2647 414 882 2648 392 883 2649 391 883 2650 406 883 2651 392 884 2652 407 884 2653 408 884 2654 385 885 2655 400 885 2656 401 885 2657 394 886 2658 393 886 2659 408 886 2660 386 887 2661 401 887 2662 402 887 2663 394 888 2664 409 888 2665 410 888 2666 388 889 2667 387 889 2668 402 889 2669 407 890 2670 422 890 2671 423 890 2672 400 891 2673 415 891 2674 416 891 2675 409 892 2676 408 892 2677 423 892 2678 401 893 2679 416 893 2680 417 893 2681 409 894 2682 424 894 2683 425 894 2684 403 895 2685 402 895 2686 417 895 2687 411 896 2688 410 896 2689 425 896 2690 403 897 2691 418 897 2692 419 897 2693 411 898 2694 426 898 2695 427 898 2696 405 899 2697 404 899 2698 419 899 2699 413 900 2700 412 900 2701 427 900 2702 405 901 2703 420 901 2704 421 901 2705 414 902 2706 413 902 2707 428 902 2708 407 903 2709 406 903 2710 421 903 2711 418 904 2712 433 904 2713 434 904 2714 426 905 2715 441 905 2716 442 905 2717 420 906 2718 419 906 2719 434 906 2720 427 907 2721 442 907 2722 443 907 2723 420 908 2724 435 908 2725 436 908 2726 429 909 2727 428 909 2728 443 909 2729 422 910 2730 421 910 2731 436 910 2732 422 911 2733 437 911 2734 438 911 2735 415 912 2736 430 912 2737 431 912 2738 424 913 2739 423 913 2740 438 913 2741 417 914 2742 416 914 2743 431 914 2744 424 915 2745 439 915 2746 440 915 2747 418 916 2748 417 916 2749 432 916 2750 426 917 2751 425 917 2752 440 917 2753 437 918 2754 452 918 2755 453 918 2756 431 919 2757 430 919 2758 445 919 2759 439 920 2760 438 920 2761 453 920 2762 432 921 2763 431 921 2764 446 921 2765 439 922 2766 454 922 2767 455 922 2768 433 923 2769 432 923 2770 447 923 2771 441 924 2772 440 924 2773 455 924 2774 433 925 2775 448 925 2776 449 925 2777 441 926 2778 456 926 2779 457 926 2780 435 927 2781 434 927 2782 449 927 2783 442 928 2784 457 928 2785 458 928 2786 435 929 2787 450 929 2788 451 929 2789 443 930 2790 458 930 2791 459 930 2792 437 931 2793 436 931 2794 451 931 2795 456 932 2796 471 932 2797 472 932 2798 450 933 2799 449 933 2800 464 933 2801 458 934 2802 457 934 2803 472 934 2804 450 935 2805 465 935 2806 466 935 2807 458 936 2808 473 936 2809 474 936 2810 452 937 2811 451 937 2812 466 937 2813 452 938 2814 467 938 2815 468 938 2816 445 939 2817 460 939 2818 461 939 2819 454 940 2820 453 940 2821 468 940 2822 446 941 2823 461 941 2824 462 941 2825 454 942 2826 469 942 2827 470 942 2828 447 943 2829 462 943 2830 463 943 2831 456 944 2832 455 944 2833 470 944 2834 448 945 2835 463 945 2836 464 945 2837 468 946 2838 5 946 2839 478 946 2840 462 947 2841 461 947 2842 475 947 2843 469 948 2844 478 948 2845 479 948 2846 463 949 2847 462 949 2848 1 949 2849 470 950 2850 479 950 2851 6 950 2852 464 951 2853 463 951 2854 2 951 2855 471 952 2856 6 952 2857 7 952 2858 465 953 2859 464 953 2860 476 953 2861 472 954 2862 7 954 2863 480 954 2864 466 955 2865 465 955 2866 3 955 2867 474 956 2868 473 956 2869 480 956 2870 467 957 2871 466 957 2872 477 957 2873 467 958 2874 4 958 2875 5 958 2876 461 959 2877 460 959 2878 0 959 2879</p>
        </triangles>
      </mesh>
    </geometry>
    <geometry id="Cylinder-mesh" name="Cylinder">
      <mesh>
        <source id="Cylinder-mesh-positions">
          <float_array id="Cylinder-mesh-positions-array" count="60">0 0.03999996 -0.975 0 0.03999996 0.975 0.0235114 0.03236067 -0.975 0.0235114 0.03236067 0.975 0.03804224 0.01236063 -0.975 0.03804224 0.01236063 0.975 0.03804224 -0.01236063 -0.975 0.03804224 -0.01236063 0.975 0.0235114 -0.03236067 -0.975 0.0235114 -0.03236067 0.975 0 -0.03999996 -0.975 0 -0.03999996 0.975 -0.0235114 -0.03236067 -0.975 -0.0235114 -0.03236067 0.975 -0.03804224 -0.01236063 -0.975 -0.03804224 -0.01236063 0.975 -0.03804224 0.01236063 -0.975 -0.03804224 0.01236063 0.975 -0.0235114 0.03236067 -0.975 -0.0235114 0.03236067 0.975</float_array>
          <technique_common>
            <accessor source="#Cylinder-mesh-positions-array" count="20" stride="3">
              <param name="X" type="float"/>
              <param name="Y" type="float"/>
              <param name="Z" type="float"/>
            </accessor>
          </technique_common>
        </source>
        <source id="Cylinder-mesh-normals">
          <float_array id="Cylinder-mesh-normals-array" count="108">0.309017 0.9510565 0 0.809017 0.5877853 0 1 0 0 0.809017 -0.5877853 0 0.309017 -0.9510565 0 -0.309017 -0.9510565 0 -0.809017 -0.5877853 0 -1 0 0 0 0 1 -0.809017 0.5877853 0 -0.309017 0.9510565 0 0 0 -1 0.309017 0.9510565 0 0.809017 0.5877853 0 1 0 0 0.809017 -0.5877853 0 0.309017 -0.9510565 0 -0.309017 -0.9510565 0 -0.809017 -0.5877853 0 -1 0 0 0 0 1 0 0 1 0 0 1 0 0 1 0 0 1 0 0 1 0 0 1 -0.809017 0.5877853 0 -0.309017 0.9510565 0 0 0 -1 0 0 -1 0 0 -1 0 0 -1 0 0 -1 0 0 -1 0 0 -1</float_array>
          <technique_common>
            <accessor source="#Cylinder-mesh-normals-array" count="36" stride="3">
              <param name="X" type="float"/>
              <param name="Y" type="float"/>
              <param name="Z" type="float"/>
            </accessor>
          </technique_common>
        </source>
        <source id="Cylinder-mesh-map-0">
          <float_array id="Cylinder-mesh-map-0-array" count="216">1 1 0.9 0.5 1 0.5 0.9 1 0.8 0.5 0.9 0.5 0.8 1 0.6999999 0.5 0.8 0.5 0.6999999 1 0.5999999 0.5 0.6999999 0.5 0.5999999 1 0.4999999 0.5 0.5999999 0.5 0.4999999 1 0.3999999 0.5 0.4999999 0.5 0.3999999 1 0.2999999 0.5 0.3999999 0.5 0.2999999 1 0.1999999 0.5 0.2999999 0.5 0.02174639 0.3241641 0.3910685 0.0558359 0.4782536 0.3241641 0.1999999 1 0.0999999 0.5 0.1999999 0.5 0.0999999 1 0 0.5 0.0999999 0.5 0.9782536 0.1758359 0.5217464 0.1758359 0.6089316 0.4441641 1 1 0.9 1 0.9 0.5 0.9 1 0.8 1 0.8 0.5 0.8 1 0.6999999 1 0.6999999 0.5 0.6999999 1 0.5999999 1 0.5999999 0.5 0.5999999 1 0.4999999 1 0.4999999 0.5 0.4999999 1 0.3999999 1 0.3999999 0.5 0.3999999 1 0.2999999 1 0.2999999 0.5 0.2999999 1 0.1999999 1 0.1999999 0.5 0.4782536 0.3241641 0.3910685 0.4441641 0.25 0.49 0.25 0.49 0.1089315 0.4441641 0.02174639 0.3241641 0.02174639 0.3241641 0.02174639 0.1758359 0.1089315 0.0558359 0.1089315 0.0558359 0.25 0.00999999 0.02174639 0.3241641 0.25 0.00999999 0.3910685 0.0558359 0.02174639 0.3241641 0.3910685 0.0558359 0.4782536 0.1758359 0.4782536 0.3241641 0.4782536 0.3241641 0.25 0.49 0.02174639 0.3241641 0.1999999 1 0.0999999 1 0.0999999 0.5 0.0999999 1 0 1 0 0.5 0.6089316 0.4441641 0.75 0.49 0.9782536 0.1758359 0.75 0.49 0.8910685 0.4441641 0.9782536 0.1758359 0.8910685 0.4441641 0.9782536 0.3241641 0.9782536 0.1758359 0.9782536 0.1758359 0.8910685 0.0558359 0.75 0.00999999 0.75 0.00999999 0.6089316 0.0558359 0.5217464 0.1758359 0.5217464 0.1758359 0.5217464 0.3241641 0.6089316 0.4441641 0.9782536 0.1758359 0.75 0.00999999 0.5217464 0.1758359</float_array>
          <technique_common>
            <accessor source="#Cylinder-mesh-map-0-array" count="108" stride="2">
              <param name="S" type="float"/>
              <param name="T" type="float"/>
            </accessor>
          </technique_common>
        </source>
        <vertices id="Cylinder-mesh-vertices">
          <input semantic="POSITION" source="#Cylinder-mesh-positions"/>
        </vertices>
        <triangles material="CL_post-material" count="36">
          <input semantic="VERTEX" source="#Cylinder-mesh-vertices" offset="0"/>
          <input semantic="NORMAL" source="#Cylinder-mesh-normals" offset="1"/>
          <input semantic="TEXCOORD" source="#Cylinder-mesh-map-0" offset="2" set="0"/>
          <p>1 0 0 2 0 1 0 0 2 3 1 3 4 1 4 2 1 5 5 2 6 6 2 7 4 2 8 7 3 9 8 3 10 6 3 11 9 4 12 10 4 13 8 4 14 11 5 15 12 5 16 10 5 17 13 6 18 14 6 19 12 6 20 15 7 21 16 7 22 14 7 23 17 8 24 9 8 25 5 8 26 17 9 27 18 9 28 16 9 29 19 10 30 0 10 31 18 10 32 6 11 33 14 11 34 18 11 35 1 12 36 3 12 37 2 12 38 3 13 39 5 13 40 4 13 41 5 14 42 7 14 43 6 14 44 7 15 45 9 15 46 8 15 47 9 16 48 11 16 49 10 16 50 11 17 51 13 17 52 12 17 53 13 18 54 15 18 55 14 18 56 15 19 57 17 19 58 16 19 59 5 20 60 3 20 61 1 20 62 1 21 63 19 21 64 17 21 65 17 22 66 15 22 67 13 22 68 13 23 69 11 23 70 17 23 71 11 24 72 9 24 73 17 24 74 9 25 75 7 25 76 5 25 77 5 26 78 1 26 79 17 26 80 17 27 81 19 27 82 18 27 83 19 28 84 1 28 85 0 28 86 18 29 87 0 29 88 6 29 89 0 30 90 2 30 91 6 30 92 2 31 93 4 31 94 6 31 95 6 32 96 8 32 97 10 32 98 10 33 99 12 33 100 14 33 101 14 34 102 16 34 103 18 34 104 6 35 105 10 35 106 14 35 107</p>
        </triangles>
      </mesh>
    </geometry>
  </library_geometries>
  <library_visual_scenes>
    <visual_scene id="Scene" name="Scene">
      <node id="cl_root" name="cl_root" type="NODE">
        <matrix sid="transform">1 0 0 0 0 1 0 0 0 0 1 0 0 0 0 1</matrix>
        <node id="post_0" name="post_0" type="NODE">
          <matrix sid="transform">1 0 0 0.04 0 1 0 0 0 0 1 0.975 0 0 0 1</matrix>
          <instance_geometry url="#Cylinder-mesh" name="post_0">
            <bind_material>
              <technique_common>
                <instance_material symbol="CL_post-material" target="#CL_post-material">
                  <bind_vertex_input semantic="UVMap" input_semantic="TEXCOORD" input_set="0"/>
                </instance_material>
              </technique_common>
            </bind_material>
          </instance_geometry>
        </node>
        <node id="cap_0" name="cap_0" type="NODE">
          <matrix sid="transform">1 0 0 0.04 0 1 0 0 0 0 1 1.92 0 0 0 1</matrix>
          <instance_geometry url="#Sphere-mesh" name="cap_0">
            <bind_material>
              <technique_common>
                <instance_material symbol="CL_post-material" target="#CL_post-material">
                  <bind_vertex_input semantic="UVMap" input_semantic="TEXCOORD" input_set="0"/>
                </instance_material>
              </technique_common>
            </bind_material>
          </instance_geometry>
        </node>
        <node id="post_1" name="post_1" type="NODE">
          <matrix sid="transform">1 0 0 2.96 0 1 0 0 0 0 1 0.975 0 0 0 1</matrix>
          <instance_geometry url="#Cylinder_001-mesh" name="post_1">
            <bind_material>
              <technique_common>
                <instance_material symbol="CL_post-material" target="#CL_post-material">
                  <bind_vertex_input semantic="UVMap" input_semantic="TEXCOORD" input_set="0"/>
                </instance_material>
              </technique_common>
            </bind_material>
          </instance_geometry>
        </node>
        <node id="cap_1" name="cap_1" type="NODE">
          <matrix sid="transform">1 0 0 2.96 0 1 0 0 0 0 1 1.92 0 0 0 1</matrix>
          <instance_geometry url="#Sphere_001-mesh" name="cap_1">
            <bind_material>
              <technique_common>
                <instance_material symbol="CL_post-material" target="#CL_post-material">
                  <bind_vertex_input semantic="UVMap" input_semantic="TEXCOORD" input_set="0"/>
                </instance_material>
              </technique_common>
            </bind_material>
          </instance_geometry>
        </node>
        <node id="top_rail" name="top_rail" type="NODE">
          <matrix sid="transform">1 0 0 1.5 0 1 0 0 0 0 1 1.8 0 0 0 1</matrix>
          <instance_geometry url="#Cylinder_002-mesh" name="top_rail">
            <bind_material>
              <technique_common>
                <instance_material symbol="CL_post-material" target="#CL_post-material">
                  <bind_vertex_input semantic="UVMap" input_semantic="TEXCOORD" input_set="0"/>
                </instance_material>
              </technique_common>
            </bind_material>
          </instance_geometry>
        </node>
        <node id="mesh" name="mesh" type="NODE">
          <matrix sid="transform">1 0 0 1.5 0 1 0 0 0 0 1 0.9 0 0 0 1</matrix>
          <instance_geometry url="#Cube-mesh" name="mesh">
            <bind_material>
              <technique_common>
                <instance_material symbol="CL_mesh-material" target="#CL_mesh-material">
                  <bind_vertex_input semantic="UVMap" input_semantic="TEXCOORD" input_set="0"/>
                </instance_material>
              </technique_common>
            </bind_material>
          </instance_geometry>
        </node>
      </node>
    </visual_scene>
  </library_visual_scenes>
  <scene>
    <instance_visual_scene url="#Scene"/>
  </scene>
</COLLADA>