<?xml version="1.0" encoding="utf-8"?>
<COLLADA xmlns="http://www.collada.org/2005/11/COLLADASchema" version="1.4.1" xmlns:xsi="http://www.w3.org/2001/XMLSchema-instance">
  <asset>
    <contributor>
      <author>Blender User</author>
      <authoring_tool>Blender 4.2.9 LTS commit date:2025-04-14, commit time:12:24, hash:a10f621e649a</authoring_tool>
    </contributor>
    <created>2026-08-01T07:39:46</created>
    <modified>2026-08-01T07:39:46</modified>
    <unit name="meter" meter="1"/>
    <up_axis>Z_UP</up_axis>
  </asset>
  <library_effects>
    <effect id="CL_mesh-effect">
      <profile_COMMON>
        <newparam sid="chainlink_png-surface">
          <surface type="2D">
            <init_from>chainlink_png</init_from>
          </surface>
        </newparam>
        <newparam sid="chainlink_png-sampler">
          <sampler2D>
            <source>chainlink_png-surface</source>
          </sampler2D>
        </newparam>
        <technique sid="common">
          <lambert>
            <emission>
              <color sid="emission">0 0 0 1</color>
            </emission>
            <diffuse>
              <texture texture="chainlink_png-sampler" texcoord="UVMap"/>
            </diffuse>
            <reflectivity>
              <float sid="specular">0.6</float>
            </reflectivity>
            <index_of_refraction>
              <float sid="ior">1.5</float>
            </index_of_refraction>
          </lambert>
        </technique>
      </profile_COMMON>
    </effect>
    <effect id="CL_post-effect">
      <profile_COMMON>
        <newparam sid="fence_post_png-surface">
          <surface type="2D">
            <init_from>fence_post_png</init_from>
          </surface>
        </newparam>
        <newparam sid="fence_post_png-sampler">
          <sampler2D>
            <source>fence_post_png-surface</source>
          </sampler2D>
        </newparam>
        <technique sid="common">
          <lambert>
            <emission>
              <color sid="emission">0 0 0 1</color>
            </emission>
            <diffuse>
              <texture texture="fence_post_png-sampler" texcoord="UVMap"/>
            </diffuse>
            <reflectivity>
              <float sid="specular">0.7</float>
            </reflectivity>
            <index_of_refraction>
              <float sid="ior">1.5</float>
            </index_of_refraction>
          </lambert>
        </technique>
      </profile_COMMON>
    </effect>
  </library_effects>
  <library_images>
    <image id="chainlink_png" name="chainlink_png">
      <init_from>chainlink.png</init_from>
    </image>
    <image id="fence_post_png" name="fence_post_png">
      <init_from>fence_post.png</init_from>
    </image>
  </library_images>
  <library_materials>
    <material id="CL_mesh-material" name="CL_mesh">
      <instance_effect url="#CL_mesh-effect"/>
    </material>
    <material id="CL_post-material" name="CL_post">
      <instance_effect url="#CL_post-effect"/>
    </material>
  </library_materials>
  <library_geometries>
    <geometry id="Cube-mesh" name="Cube">
      <mesh>
        <source id="Cube-mesh-positions">
          <float_array id="Cube-mesh-positions-array" count="24">-0.92 -0.00999999 -0.828 -0.92 -0.00999999 0.828 -0.92 0.00999999 -0.828 -0.92 0.00999999 0.828 0.92 -0.00999999 -0.828 0.92 -0.00999999 0.828 0.92 0.00999999 -0.828 0.92 0.00999999 0.828</float_array>
          <technique_common>
            <accessor source="#Cube-mesh-positions-array" count="8" stride="3">
              <param name="X" type="float"/>
              <param name="Y" type="float"/>
              <param name="Z" type="float"/>
            </accessor>
          </technique_common>
        </source>
        <source id="Cube-mesh-normals">
          <float_array id="Cube-mesh-normals-array" count="36">-1 0 0 0 1 0 1 0 0 0 -1 0 0 0 -1 0 0 1 -1 0 0 0 1 0 1 0 0 0 -1 0 0 0 -1 0 0 1</float_array>
          <technique_common>
            <accessor source="#Cube-mesh-normals-array" count="12" stride="3">
              <param name="X" type="float"/>
              <param name="Y" type="float"/>
              <param name="Z" type="float"/>
            </accessor>
          </technique_common>
        </source>
        <source id="Cube-mesh-map-0">
          <float_array id="Cube-mesh-map-0-array" count="72">0.9917619 0.002452433 0.9975476 0.4815115 0.9917619 0.4815115 0.002452433 0.5347403 0.4815115 0.002452492 0.4815115 0.5347403 0.9917619 0.4864164 0.9975476 0.9654754 0.9917619 0.9654754 0.4864164 0.5347403 0.9654755 0.002452492 0.9654754 0.5347403 0.9761662 0.5347403 0.9703805 0.002452433 0.9761662 0.002452433 0.9868569 0.5347403 0.9810712 0.002452433 0.9868569 0.002452433 0.9917619 0.002452433 0.9975476 0.002452433 0.9975476 0.4815115 0.002452433 0.5347403 0.002452492 0.002452433 0.4815115 0.002452492 0.9917619 0.4864164 0.9975476 0.4864164 0.9975476 0.9654754 0.4864164 0.5347403 0.4864165 0.002452433 0.9654755 0.002452492 0.9761662 0.5347403 0.9703804 0.5347403 0.9703805 0.002452433 0.9868569 0.5347403 0.9810711 0.5347403 0.9810712 0.002452433</float_array>
          <technique_common>
            <accessor source="#Cube-mesh-map-0-array" count="36" stride="2">
              <param name="S" type="float"/>
              <param name="T" type="float"/>
            </accessor>
          </technique_common>
        </source>
        <vertices id="Cube-mesh-vertices">
          <input semantic="POSITION" source="#Cube-mesh-positions"/>
        </vertices>
        <triangles material="CL_mesh-material" count="12">
          <input semantic="VERTEX" source="#Cube-mesh-vertices" offset="0"/>
          <input semantic="NORMAL" source="#Cube-mesh-normals" offset="1"/>
          <input semantic="TEXCOORD" source="#Cube-mesh-map-0" offset="2" set="0"/>
          <p>1 0 0 2 0 1 0 0 2 3 1 3 6 1 4 2 1 5 7 2 6 4 2 7 6 2 8 5 3 9 0 3 10 4 3 11 6 4 12 0 4 13 2 4 14 3 5 15 5 5 16 7 5 17 1 6 18 3 6 19 2 6 20 3 7 21 7 7 22 6 7 23 7 8 24 5 8 25 4 8 26 5 9 27 1 9 28 0 9 29 6 10 30 4 10 31 0 10 32 3 11 33 1 11 34 5 11 35</p>
        </triangles>
      </mesh>
    </geometry>
    <geometry id="Cylinder_002-mesh" name="Cylinder.002">
      <mesh>
        <source id="Cylinder_002-mesh-positions">
          <float_array id="Cylinder_002-mesh-positions-array" count="48">-0.96 0.02499997 0 0.96 0.02499997 0 -0.96 0.01767766 -0.0176776 0.96 0.01767766 -0.01767766 -0.96 0 -0.02499991 0.96 0 -0.02500003 -0.96 -0.01767766 -0.0176776 0.96 -0.01767766 -0.01767766 -0.96 -0.02499997 0 0.96 -0.02499997 0 -0.96 -0.01767766 0.01767766 0.96 -0.01767766 0.0176776 -0.96 0 0.02500003 0.96 0 0.02499991 -0.96 0.01767766 0.01767766 0.96 0.01767766 0.0176776</float_array>
          <technique_common>
            <accessor source="#Cylinder_002-mesh-positions-array" count="16" stride="3">
              <param name="X" type="float"/>
              <param name="Y" type="float"/>
              <param name="Z" type="float"/>
            </accessor>
          </technique_common>
        </source>
        <source id="Cylinder_002-mesh-normals">
          <float_array id="Cylinder_002-mesh-normals-array" count="84">0 0.9238796 -0.3826834 0 0.3826834 -0.9238796 0 -0.3826834 -0.9238796 0 -0.9238796 -0.3826834 0 -0.9238796 0.3826834 0 -0.3826834 0.9238796 1 0 0 0 0.3826834 0.9238796 0 0.9238796 0.3826834 -1 0 0 0 0.9238796 -0.3826834 0 0.3826834 -0.9238796 0 -0.3826834 -0.9238796 0 -0.9238796 -0.3826834 0 -0.9238796 0.3826834 0 -0.3826834 0.9238796 1 0 0 1 0 0 1 0 0 1 0 0 1 0 0 0 0.3826834 0.9238796 0 0.9238796 0.3826834 -1 0 0 -1 0 0 -1 0 0 -1 0 0 -1 0 0</float_array>
          <technique_common>
            <accessor source="#Cylinder_002-mesh-normals-array" count="28" stride="3">
              <param name="X" type="float"/>
              <param name="Y" type="float"/>
              <param name="Z" type="float"/>
            </accessor>
          </technique_common>
        </source>
        <source id="Cylinder_002-mesh-map-0">
          <float_array id="Cylinder_002-mesh-map-0-array" count="168">1 1 0.875 0.5 1 0.5 0.875 1 0.75 0.5 0.875 0.5 0.75 1 0.625 0.5 0.75 0.5 0.625 1 0.5 0.5 0.625 0.5 0.5 1 0.375 0.5 0.5 0.5 0.375 1 0.25 0.5 0.375 0.5 0.00999999 0.25 0.25 0.00999999 0.49 0.25 0.25 1 0.125 0.5 0.25 0.5 0.125 1 0 0.5 0.125 0.5 0.9197056 0.08029437 0.5802944 0.08029437 0.5802944 0.4197056 1 1 0.875 1 0.875 0.5 0.875 1 0.75 1 0.75 0.5 0.75 1 0.625 1 0.625 0.5 0.625 1 0.5 1 0.5 0.5 0.5 1 0.375 1 0.375 0.5 0.375 1 0.25 1 0.25 0.5 0.49 0.25 0.4197056 0.4197056 0.25 0.49 0.25 0.49 0.08029437 0.4197056 0.00999999 0.25 0.00999999 0.25 0.08029437 0.08029437 0.25 0.00999999 0.25 0.00999999 0.4197056 0.08029437 0.49 0.25 0.49 0.25 0.25 0.49 0.00999999 0.25 0.25 1 0.125 1 0.125 0.5 0.125 1 0 1 0 0.5 0.5802944 0.4197056 0.75 0.49 0.9197056 0.4197056 0.9197056 0.4197056 0.99 0.25 0.9197056 0.08029437 0.9197056 0.08029437 0.75 0.00999999 0.5802944 0.08029437 0.5802944 0.08029437 0.51 0.25 0.5802944 0.4197056 0.5802944 0.4197056 0.9197056 0.4197056 0.9197056 0.08029437</float_array>
          <technique_common>
            <accessor source="#Cylinder_002-mesh-map-0-array" count="84" stride="2">
              <param name="S" type="float"/>
              <param name="T" type="float"/>
            </accessor>
          </technique_common>
        </source>
        <vertices id="Cylinder_002-mesh-vertices">
          <input semantic="POSITION" source="#Cylinder_002-mesh-positions"/>
        </vertices>
        <triangles material="CL_post-material" count="28">
          <input semantic="VERTEX" source="#Cylinder_002-mesh-vertices" offset="0"/>
          <input semantic="NORMAL" source="#Cylinder_002-mesh-normals" offset="1"/>
          <input semantic="TEXCOORD" source="#Cylinder_002-mesh-map-0" offset="2" set="0"/>
          <p>1 0 0 2 0 1 0 0 2 3 1 3 4 1 4 2 1 5 5 2 6 6 2 7 4 2 8 7 3 9 8 3 10 6 3 11 9 4 12 10 4 13 8 4 14 11 5 15 12 5 16 10 5 17 13 6 18 9 6 19 5 6 20 13 7 21 14 7 22 12 7 23 15 8 24 0 8 25 14 8 26 6 9 27 10 9 28 14 9 29 1 10 30 3 10 31 2 10 32 3 11 33 5 11 34 4 11 35 5 12 36 7 12 37 6 12 38 7 13 39 9 13 40 8 13 41 9 14 42 11 14 43 10 14 44 11 15 45 13 15 46 12 15 47 5 16 48 3 16 49 1 16 50 1 17 51 15 17 52 13 17 53 13 18 54 11 18 55 9 18 56 9 19 57 7 19 58 5 19 59 5 20 60 1 20 61 13 20 62 13 21 63 15 21 64 14 21 65 15 22 66 1 22 67 0 22 68 14 23 69 0 23 70 2 23 71 2 24 72 4 24 73 6 24 74 6 25 75 8 25 76 10 25 77 10 26 78 12 26 79 14 26 80 14 27 81 2 27 82 6 27 83</p>
        </triangles>
      </mesh>
    </geometry>
    <geometry id="Sphere_001-mesh" name="Sphere.001">
      <mesh>
        <source id="Sphere_001-mesh-positions">
          <float_array id="Sphere_001-mesh-positions-array" count="1446">0 0.009364306 0.04707765 0 0.02666735 0.03991049 0 0.03394109 0.03394109 0 0.04434621 0.01836878 0 0.04799997 0 0 0.04707765 -0.009364306 0 0.03394109 -0.03394109 0 0.02666735 -0.03991049 0.001826882 0.00918436 0.04707765 0.00358355 0.0180158 0.04434621 0.005202531 0.02615493 0.03991049 0.006621539 0.03328895 0.03394109 0.007786154 0.03914362 0.02666735 0.008651494 0.0434941 0.01836878 0.00918436 0.04617309 0.009364306 0.009364306 0.04707765 0 0.00918436 0.04617309 -0.009364306 0.008651494 0.0434941 -0.01836878 0.007786154 0.03914362 -0.02666735 0.006621539 0.03328895 -0.03394109 0.005202531 0.02615493 -0.03991049 0.00358355 0.0180158 -0.04434621 0.001826882 0.00918436 -0.04707765 0.00358355 0.008651494 0.04707765 0.007029414 0.01697051 0.04434621 0.01020514 0.0246374 0.03991049 0.01298868 0.03135746 0.03394109 0.01527309 0.0368725 0.02666735 0.01697051 0.04097056 0.01836878 0.0180158 0.0434941 0.009364306 0.01836878 0.04434621 0 0.0180158 0.0434941 -0.009364306 0.01697051 0.04097056 -0.01836878 0.01527309 0.0368725 -0.02666735 0.01298868 0.03135746 -0.03394109 0.01020514 0.0246374 -0.03991049 0.007029414 0.01697051 -0.04434621 0.00358355 0.008651494 -0.04707765 0.005202531 0.007786154 0.04707765 0.01020514 0.01527309 0.04434621 0.01481556 0.0221731 0.03991049 0.01885664 0.02822101 0.03394109 0.0221731 0.03318434 0.02666735 0.0246374 0.0368725 0.01836878 0.02615493 0.03914362 0.009364306 0.02666735 0.03991049 0 0.02615493 0.03914362 -0.009364306 0.0246374 0.0368725 -0.01836878 0.0221731 0.03318434 -0.02666735 0.01885664 0.02822101 -0.03394109 0.01481556 0.0221731 -0.03991049 0.01020514 0.01527309 -0.04434621 0.005202531 0.007786154 -0.04707765 0.006621539 0.006621539 0.04707765 0.01298868 0.01298868 0.04434621 0.01885664 0.01885664 0.03991049 0.02399998 0.02399998 0.03394109 0.02822101 0.02822101 0.02666735 0.03135746 0.03135746 0.01836878 0.03328895 0.03328895 0.009364306 0.03394109 0.03394109 0 0.03328895 0.03328895 -0.009364306 0.03135746 0.03135746 -0.01836878 0.02822101 0.02822101 -0.02666735 0.02399998 0.02399998 -0.03394109 0.01885664 0.01885664 -0.03991049 0.01298868 0.01298868 -0.04434621 0.006621539 0.006621539 -0.04707765 0.007786154 0.005202531 0.04707765 0.01527309 0.01020514 0.04434621 0.0221731 0.01481556 0.03991049 0.02822101 0.01885664 0.03394109 0.03318434 0.0221731 0.02666735 0.0368725 0.0246374 0.01836878 0.03914362 0.02615493 0.009364306 0.03991049 0.02666735 0 0.03914362 0.02615493 -0.009364306 0.0368725 0.0246374 -0.01836878 0.03318434 0.0221731 -0.02666735 0.02822101 0.01885664 -0.03394109 0.0221731 0.01481556 -0.03991049 0.01527309 0.01020514 -0.04434621 0.007786154 0.005202531 -0.04707765 0.008651494 0.00358355 0.04707765 0.01697051 0.007029414 0.04434621 0.0246374 0.01020514 0.03991049 0.03135746 0.01298868 0.03394109 0.0368725 0.01527309 0.02666735 0.0409705 0.01697051 0.01836878 0.0434941 0.0180158 0.009364306 0.04434621 0.01836878 0 0.0434941 0.0180158 -0.009364306 0.0409705 0.01697051 -0.01836878 0.0368725 0.01527309 -0.02666735 0.03135746 0.01298868 -0.03394109 0.0246374 0.01020514 -0.03991049 0.01697051 0.007029414 -0.04434621 0.008651494 0.00358355 -0.04707765 0.00918436 0.001826882 0.04707765 0.0180158 0.00358355 0.04434621 0.02615493 0.005202531 0.03991049 0.03328889 0.006621539 0.03394109 0.03914362 0.007786154 0.02666735 0.0434941 0.008651494 0.01836878 0.04617309 0.00918436 0.009364306 0.04707765 0.009364306 0 0.04617309 0.00918436 -0.009364306 0.0434941 0.008651494 -0.01836878 0.03914362 0.007786154 -0.02666735 0.03328889 0.006621539 -0.03394109 0.02615493 0.005202531 -0.03991049 0.0180158 0.00358355 -0.04434621 0.00918436 0.001826882 -0.04707765 0.009364306 0 0.04707765 0.01836878 0 0.04434621 0.02666735 0 0.03991049 0.03394109 0 0.03394109 0.03991049 0 0.02666735 0.04434615 0 0.01836878 0.04707765 0 0.009364306 0.04799997 0 0 0.04707765 0 -0.009364306 0.04434615 0 -0.01836878 0.03991049 0 -0.02666735 0.03394109 0 -0.03394109 0.02666735 0 -0.03991049 0.01836878 0 -0.04434621 0.009364306 0 -0.04707765 0.00918436 -0.001826882 0.04707765 0.0180158 -0.00358355 0.04434621 0.02615493 -0.005202531 0.03991049 0.03328889 -0.006621539 0.03394109 0.03914362 -0.007786154 0.02666735 0.0434941 -0.008651494 0.01836878 0.04617309 -0.00918436 0.009364306 0.04707765 -0.009364306 0 0.04617309 -0.00918436 -0.009364306 0.0434941 -0.008651494 -0.01836878 0.03914362 -0.007786154 -0.02666735 0.03328889 -0.006621539 -0.03394109 0.02615493 -0.005202531 -0.03991049 0.0180158 -0.00358355 -0.04434621 0.00918436 -0.001826882 -0.04707765 0.008651494 -0.00358355 0.04707765 0.01697051 -0.007029414 0.04434621 0.0246374 -0.01020514 0.03991049 0.03135746 -0.01298868 0.03394109 0.0368725 -0.01527309 0.02666735 0.0409705 -0.01697051 0.01836878 0.0434941 -0.0180158 0.009364306 0.04434615 -0.01836878 0 0.0434941 -0.0180158 -0.009364306 0.0409705 -0.01697051 -0.01836878 0.0368725 -0.01527309 -0.02666735 0.03135746 -0.01298868 -0.03394109 0.0246374 -0.01020514 -0.03991049 0.01697051 -0.007029414 -0.04434621 0.008651494 -0.00358355 -0.04707765 0.007786154 -0.005202531 0.04707765 0.01527309 -0.01020514 0.04434621 0.0221731 -0.01481556 0.03991049 0.02822095 -0.01885664 0.03394109 0.03318434 -0.0221731 0.02666735 0.0368725 -0.0246374 0.01836878 0.03914362 -0.02615493 0.009364306 0.03991049 -0.02666735 0 0.03914362 -0.02615493 -0.009364306 0.0368725 -0.0246374 -0.01836878 0.03318434 -0.0221731 -0.02666735 0.02822095 -0.01885664 -0.03394109 0.0221731 -0.01481556 -0.03991049 0.01527309 -0.01020514 -0.04434621 0.007786154 -0.005202531 -0.04707765 0.006621539 -0.006621539 0.04707765 0.01298868 -0.01298868 0.04434621 0.01885664 -0.01885664 0.03991049 0.02399998 -0.02399998 0.03394109 0.02822095 -0.02822101 0.02666735 0.03135746 -0.03135746 0.01836878 0.03328889 -0.03328889 0.009364306 0.03394109 -0.03394109 0 0.03328889 -0.03328889 -0.009364306 0.03135746 -0.03135746 -0.01836878 0.02822095 -0.02822101 -0.02666735 0.02399998 -0.02399998 -0.03394109 0.01885664 -0.01885664 -0.03991049 0.01298868 -0.01298868 -0.04434621 0.006621539 -0.006621539 -0.04707765 0.005202531 -0.007786154 0.04707765 0.01020514 -0.01527309 0.04434621 0.01481556 -0.0221731 0.03991049 0.01885664 -0.02822095 0.03394109 0.02217304 -0.03318434 0.02666735 0.0246374 -0.0368725 0.01836878 0.02615493 -0.03914362 0.009364306 0.02666735 -0.03991049 0 0.02615493 -0.03914362 -0.009364306 0.0246374 -0.0368725 -0.01836878 0.02217304 -0.03318434 -0.02666735 0.01885664 -0.02822095 -0.03394109 0.01481556 -0.0221731 -0.03991049 0.01020514 -0.01527309 -0.04434621 0.005202531 -0.007786154 -0.04707765 0.00358355 -0.008651494 0.04707765 0.007029414 -0.01697051 0.04434621 0.01020514 -0.0246374 0.03991049 0.01298868 -0.03135746 0.03394109 0.01527309 -0.0368725 0.02666735 0.01697051 -0.0409705 0.01836878 0.0180158 -0.0434941 0.009364306 0.01836878 -0.04434615 0 0.0180158 -0.0434941 -0.009364306 0.01697051 -0.0409705 -0.01836878 0.01527309 -0.0368725 -0.02666735 0.01298868 -0.03135746 -0.03394109 0.01020514 -0.0246374 -0.03991049 0.007029414 -0.01697051 -0.04434621 0.00358355 -0.008651494 -0.04707765 0.001826882 -0.00918436 0.04707765 0.00358355 -0.0180158 0.04434621 0.005202531 -0.02615493 0.03991049 0.006621539 -0.03328889 0.03394109 0.007786095 -0.03914362 0.02666735 0.008651494 -0.04349404 0.01836878 0.00918436 -0.04617309 0.009364306 0.009364306 -0.04707765 0 0.00918436 -0.04617309 -0.009364306 0.008651494 -0.04349404 -0.01836878 0.007786095 -0.03914362 -0.02666735 0.006621539 -0.03328889 -0.03394109 0.005202531 -0.02615493 -0.03991049 0.00358355 -0.0180158 -0.04434621 0.001826882 -0.00918436 -0.04707765 0 -0.009364306 0.04707765 0 -0.01836878 0.04434621 0 -0.02666735 0.03991049 0 -0.03394109 0.03394109 0 -0.03991049 0.02666735 0 -0.04434615 0.01836878 0 -0.04707765 0.009364306 0 -0.04799997 0 0 -0.04707765 -0.009364306 0 -0.04434615 -0.01836878 0 -0.03991049 -0.02666735 0 -0.03394109 -0.03394109 0 -0.02666735 -0.03991049 0 -0.01836878 -0.04434621 0 -0.009364306 -0.04707765 0 0 -0.04799997 -0.001826882 -0.00918436 0.04707765 -0.00358355 -0.0180158 0.04434621 -0.005202531 -0.02615493 0.03991049 -0.006621539 -0.03328889 0.03394109 -0.007786154 -0.03914362 0.02666735 -0.008651494 -0.04349404 0.01836878 -0.00918436 -0.04617303 0.009364306 -0.009364306 -0.04707765 0 -0.00918436 -0.04617303 -0.009364306 -0.008651494 -0.04349404 -0.01836878 -0.007786154 -0.03914362 -0.02666735 -0.006621539 -0.03328889 -0.03394109 -0.005202531 -0.02615493 -0.03991049 -0.00358355 -0.0180158 -0.04434621 -0.001826882 -0.00918436 -0.04707765 -0.00358355 -0.008651494 0.04707765 -0.007029414 -0.01697051 0.04434621 -0.01020514 -0.0246374 0.03991049 -0.01298868 -0.03135746 0.03394109 -0.01527309 -0.0368725 0.02666735 -0.01697051 -0.0409705 0.01836878 -0.0180158 -0.04349404 0.009364306 -0.01836878 -0.04434615 0 -0.0180158 -0.04349404 -0.009364306 -0.01697051 -0.0409705 -0.01836878 -0.01527309 -0.0368725 -0.02666735 -0.01298868 -0.03135746 -0.03394109 -0.01020514 -0.0246374 -0.03991049 -0.007029414 -0.01697051 -0.04434621 -0.00358355 -0.008651494 -0.04707765 -0.005202531 -0.007786154 0.04707765 -0.01020514 -0.01527303 0.04434621 -0.01481556 -0.02217304 0.03991049 -0.01885664 -0.02822095 0.03394109 -0.0221731 -0.03318434 0.02666735 -0.0246374 -0.0368725 0.01836878 -0.02615493 -0.03914362 0.009364306 -0.02666735 -0.03991049 0 -0.02615493 -0.03914362 -0.009364306 -0.0246374 -0.0368725 -0.01836878 -0.0221731 -0.03318434 -0.02666735 -0.01885664 -0.02822095 -0.03394109 -0.01481556 -0.02217304 -0.03991049 -0.01020514 -0.01527303 -0.04434621 -0.005202531 -0.007786154 -0.04707765 -0.006621539 -0.006621539 0.04707765 -0.01298868 -0.01298868 0.04434621 -0.01885664 -0.01885664 0.03991049 -0.02399998 -0.02399992 0.03394109 -0.02822095 -0.02822095 0.02666735 -0.03135746 -0.03135746 0.01836878 -0.03328889 -0.03328889 0.009364306 -0.03394109 -0.03394109 0 -0.03328889 -0.03328889 -0.009364306 -0.03135746 -0.03135746 -0.01836878 -0.02822095 -0.02822095 -0.02666735 -0.02399998 -0.02399992 -0.03394109 -0.01885664 -0.01885664 -0.03991049 -0.01298868 -0.01298868 -0.04434621 -0.006621539 -0.006621539 -0.04707765 0 0 0.04799997 -0.007786154 -0.005202531 0.04707765 -0.01527309 -0.01020514 0.04434621 -0.0221731 -0.01481556 0.03991049 -0.02822095 -0.01885664 0.03394109 -0.03318434 -0.02217304 0.02666735 -0.0368725 -0.0246374 0.01836878 -0.03914362 -0.02615493 0.009364306 -0.03991049 -0.02666729 0 -0.03914362 -0.02615493 -0.009364306 -0.0368725 -0.0246374 -0.01836878 -0.03318434 -0.02217304 -0.02666735 -0.02822095 -0.01885664 -0.03394109 -0.0221731 -0.01481556 -0.03991049 -0.01527309 -0.01020514 -0.04434621 -0.007786154 -0.005202531 -0.04707765 -0.008651494 -0.00358355 0.04707765 -0.01697051 -0.007029414 0.04434621 -0.0246374 -0.01020514 0.03991049 -0.03135746 -0.01298868 0.03394109 -0.0368725 -0.01527309 0.02666735 -0.0409705 -0.01697051 0.01836878 -0.04349404 -0.0180158 0.009364306 -0.04434615 -0.01836878 0 -0.04349404 -0.0180158 -0.009364306 -0.0409705 -0.01697051 -0.01836878 -0.0368725 -0.01527309 -0.02666735 -0.03135746 -0.01298868 -0.03394109 -0.0246374 -0.01020514 -0.03991049 -0.01697051 -0.007029414 -0.04434621 -0.008651494 -0.00358355 -0.04707765 -0.00918436 -0.001826882 0.04707765 -0.0180158 -0.00358355 0.04434621 -0.02615493 -0.005202531 0.03991049 -0.03328889 -0.006621539 0.03394109 -0.03914362 -0.007786095 0.02666735 -0.04349404 -0.008651494 0.01836878 -0.04617303 -0.00918436 0.009364306 -0.04707765 -0.009364306 0 -0.04617303 -0.00918436 -0.009364306 -0.04349404 -0.008651494 -0.01836878 -0.03914362 -0.007786095 -0.02666735 -0.03328889 -0.006621539 -0.03394109 -0.02615493 -0.005202531 -0.03991049 -0.0180158 -0.00358355 -0.04434621 -0.00918436 -0.001826882 -0.04707765 -0.009364306 0 0.04707765 -0.01836878 0 0.04434621 -0.02666735 0 0.03991049 -0.03394109 0 0.03394109 -0.03991049 0 0.02666735 -0.04434615 0 0.01836878 -0.04707765 0 0.009364306 -0.04799997 0 0 -0.04707765 0 -0.009364306 -0.04434615 0 -0.01836878 -0.03991049 0 -0.02666735 -0.03394109 0 -0.03394109 -0.02666735 0 -0.03991049 -0.01836878 0 -0.04434621 -0.009364306 0 -0.04707765 -0.00918436 0.001826882 0.04707765 -0.0180158 0.00358355 0.04434621 -0.02615493 0.005202531 0.03991049 -0.03328889 0.006621539 0.03394109 -0.03914362 0.007786154 0.02666735 -0.04349404 0.008651494 0.01836878 -0.04617303 0.00918436 0.009364306 -0.04707765 0.009364306 0 -0.04617303 0.00918436 -0.009364306 -0.04349404 0.008651494 -0.01836878 -0.03914362 0.007786154 -0.02666735 -0.03328889 0.006621539 -0.03394109 -0.02615493 0.005202531 -0.03991049 -0.0180158 0.00358355 -0.04434621 -0.00918436 0.001826882 -0.04707765 -0.008651494 0.00358355 0.04707765 -0.01697051 0.007029414 0.04434621 -0.0246374 0.01020514 0.03991049 -0.03135746 0.01298868 0.03394109 -0.0368725 0.01527309 0.02666735 -0.0409705 0.01697051 0.01836878 -0.04349404 0.0180158 0.009364306 -0.04434615 0.01836878 0 -0.04349404 0.0180158 -0.009364306 -0.0409705 0.01697051 -0.01836878 -0.0368725 0.01527309 -0.02666735 -0.03135746 0.01298868 -0.03394109 -0.0246374 0.01020514 -0.03991049 -0.01697051 0.007029414 -0.04434621 -0.008651494 0.00358355 -0.04707765 -0.007786095 0.005202531 0.04707765 -0.01527303 0.01020514 0.04434621 -0.02217304 0.01481556 0.03991049 -0.02822095 0.01885664 0.03394109 -0.03318434 0.02217304 0.02666735 -0.03687244 0.0246374 0.01836878 -0.03914362 0.02615493 0.009364306 -0.03991049 0.02666735 0 -0.03914362 0.02615493 -0.009364306 -0.03687244 0.0246374 -0.01836878 -0.03318434 0.02217304 -0.02666735 -0.02822095 0.01885664 -0.03394109 -0.02217304 0.01481556 -0.03991049 -0.01527303 0.01020514 -0.04434621 -0.007786095 0.005202531 -0.04707765 -0.006621539 0.006621539 0.04707765 -0.01298868 0.01298868 0.04434621 -0.01885664 0.01885664 0.03991049 -0.02399992 0.02399992 0.03394109 -0.02822095 0.02822095 0.02666735 -0.03135746 0.03135746 0.01836878 -0.03328889 0.03328889 0.009364306 -0.03394109 0.03394109 0 -0.03328889 0.03328889 -0.009364306 -0.03135746 0.03135746 -0.01836878 -0.02822095 0.02822095 -0.02666735 -0.02399992 0.02399992 -0.03394109 -0.01885664 0.01885664 -0.03991049 -0.01298868 0.01298868 -0.04434621 -0.006621539 0.006621539 -0.04707765 -0.005202531 0.007786154 0.04707765 -0.01020514 0.01527309 0.04434621 -0.01481556 0.0221731 0.03991049 -0.01885664 0.02822095 0.03394109 -0.02217304 0.03318434 0.02666735 -0.0246374 0.0368725 0.01836878 -0.02615493 0.03914362 0.009364306 -0.02666729 0.03991049 0 -0.02615493 0.03914362 -0.009364306 -0.0246374 0.0368725 -0.01836878 -0.02217304 0.03318434 -0.02666735 -0.01885664 0.02822095 -0.03394109 -0.01481556 0.0221731 -0.03991049 -0.01020514 0.01527309 -0.04434621 -0.005202531 0.007786154 -0.04707765 -0.00358355 0.008651494 0.04707765 -0.007029414 0.01697051 0.04434621 -0.01020514 0.0246374 0.03991049 -0.01298868 0.03135746 0.03394109 -0.01527309 0.0368725 0.02666735 -0.01697051 0.0409705 0.01836878 -0.0180158 0.04349404 0.009364306 -0.01836878 0.04434615 0 -0.0180158 0.04349404 -0.009364306 -0.01697051 0.0409705 -0.01836878 -0.01527309 0.0368725 -0.02666735 -0.01298868 0.03135746 -0.03394109 -0.01020514 0.0246374 -0.03991049 -0.007029414 0.01697051 -0.04434621 -0.00358355 0.008651494 -0.04707765 -0.001826882 0.00918436 0.04707765 -0.00358355 0.0180158 0.04434621 -0.005202531 0.02615493 0.03991049 -0.006621539 0.03328889 0.03394109 -0.007786095 0.03914362 0.02666735 -0.008651494 0.04349404 0.01836878 -0.00918436 0.04617303 0.009364306 -0.009364306 0.04707765 0 -0.00918436 0.04617303 -0.009364306 -0.008651494 0.04349404 -0.01836878 -0.007786095 0.03914362 -0.02666735 -0.006621539 0.03328889 -0.03394109 -0.005202531 0.02615493 -0.03991049 -0.00358355 0.0180158 -0.04434621 -0.001826882 0.00918436 -0.04707765 0 0.01836878 0.04434621 0 0.03991049 0.02666735 0 0.04707759 0.009364306 0 0.04434615 -0.01836878 0 0.03991049 -0.02666735 0 0.01836878 -0.04434621 0 0.009364306 -0.04707765</float_array>
          <technique_common>
            <accessor source="#Sphere_001-mesh-positions-array" count="482" stride="3">
              <param name="X" type="float"/>
              <param name="Y" type="float"/>
              <param name="Z" type="float"/>
            </accessor>
          </technique_common>
        </source>
        <source id="Sphere_001-mesh-normals">
          <float_array id="Sphere_001-mesh-normals-array" count="2880">0.09754979 0.9904383 -0.09754973 0.0285775 0.2901664 0.9565495 0.09383058 0.9527186 -0.2890036 0.04637855 0.4708896 0.8809723 0.08653295 0.8786136 -0.4696278 0.06236088 0.6331587 0.7715058 0.07591557 0.7707809 -0.6325611 0.07591259 0.7707799 0.6325628 0.06236064 0.6331588 -0.7715057 0.08653581 0.8786129 0.4696285 0.04637622 0.4708889 -0.8809727 0.09382975 0.9527187 0.2890036 0.02857762 0.2901664 -0.9565495 0.09754967 0.9904379 0.0975548 0.009653449 0.09801262 0.9951384 0.009652972 0.09801274 -0.9951384 0.08463835 0.2790151 -0.9565495 0.2889002 0.9523763 0.09754973 0.02858924 0.09424608 0.9951384 0.02858924 0.09424608 -0.9951384 0.2889001 0.9523764 -0.09754979 0.08463841 0.2790151 0.9565494 0.2778978 0.9161056 -0.2890039 0.1373534 0.4527935 0.8809722 0.2562822 0.8448482 -0.4696286 0.1846858 0.6088269 0.7715057 0.2248284 0.7411589 -0.6325629 0.2248283 0.7411589 0.6325629 0.1846857 0.6088269 -0.7715056 0.2562821 0.8448482 0.4696285 0.1373536 0.4527934 -0.8809722 0.2778975 0.9161058 0.2890037 0.3651012 0.6830561 -0.6325627 0.3651014 0.6830558 0.6325629 0.2999132 0.5610982 -0.7715056 0.4161794 0.7786166 0.4696286 0.2230499 0.4172968 -0.8809723 0.4512814 0.8442878 0.2890039 0.1374453 0.2571419 -0.9565495 0.4691486 0.8777151 0.09754979 0.04642635 0.08685767 0.9951384 0.04642635 0.08685767 -0.9951383 0.4691486 0.8777149 -0.09754973 0.1374453 0.2571418 0.9565494 0.4512814 0.8442878 -0.2890039 0.2230498 0.4172969 0.8809723 0.4161796 0.7786162 -0.4696289 0.2999133 0.5610981 0.7715056 0.06247943 0.07613134 0.9951384 0.06247943 0.07613134 -0.9951383 0.6313677 0.7693237 -0.09754985 0.1849702 0.2253867 0.9565494 0.6073227 0.7400242 -0.2890042 0.3001746 0.3657637 0.8809723 0.560083 0.6824632 -0.4696285 0.4036153 0.4918066 0.7715056 0.4913435 0.5987036 -0.6325626 0.4913434 0.5987037 0.6325627 0.4036153 0.4918066 -0.7715056 0.5600833 0.6824628 0.4696288 0.3001747 0.3657636 -0.8809722 0.6073225 0.7400245 0.2890038 0.1849702 0.2253867 -0.9565495 0.6313675 0.7693238 0.09754997 0.5987037 0.4913434 0.6325628 0.4918066 0.4036153 -0.7715057 0.6824633 0.560083 0.4696284 0.3657637 0.3001744 -0.8809723 0.7400245 0.6073222 0.2890041 0.2253868 0.1849702 -0.9565495 0.769324 0.6313673 0.09754967 0.0761314 0.06247943 0.9951384 0.0761314 0.06247937 -0.9951384 0.7693238 0.6313676 -0.09755009 0.2253868 0.1849701 0.9565494 0.7400245 0.6073223 -0.2890041 0.3657637 0.3001745 0.8809723 0.6824632 0.560083 -0.4696285 0.4918067 0.4036152 0.7715055 0.5987037 0.4913433 -0.6325627 0.8777151 0.4691486 -0.09754979 0.257142 0.1374452 0.9565494 0.8442879 0.4512809 -0.2890043 0.4172968 0.2230497 0.8809723 0.7786167 0.4161794 -0.4696285 0.5610982 0.2999132 0.7715057 0.6830561 0.365101 -0.6325627 0.683056 0.3651011 0.6325629 0.5610982 0.2999132 -0.7715056 0.7786169 0.4161791 0.4696282 0.4172968 0.2230498 -0.8809723 0.8442878 0.4512813 0.289004 0.257142 0.1374452 -0.9565495 0.8777152 0.4691482 0.09754943 0.08685767 0.04642635 0.9951384 0.08685767 0.04642635 -0.9951384 0.6088271 0.1846854 -0.7715057 0.8448484 0.2562817 0.4696284 0.4527935 0.1373531 -0.8809723 0.9161057 0.2778975 0.2890042 0.2790153 0.08463829 -0.9565495 0.9523764 0.2889002 0.09754967 0.09424608 0.02858918 0.9951383 0.09424608 0.02858918 -0.9951384 0.9523764 0.2889001 -0.09754955 0.2790153 0.08463817 0.9565494 0.9161056 0.2778974 -0.2890043 0.4527934 0.1373532 0.8809723 0.8448486 0.2562814 -0.4696282 0.6088271 0.1846855 0.7715056 0.7411592 0.224828 -0.6325626 0.7411591 0.2248277 0.6325629 0.2901662 0.02857863 0.9565494 0.952718 0.09383416 -0.2890043 0.4708894 0.04637855 0.8809723 0.878613 0.08653539 -0.4696285 0.6331589 0.06236058 0.7715056 0.7707798 0.07591497 -0.6325625 0.7707798 0.0759148 0.6325626 0.633159 0.0623607 -0.7715055 0.8786129 0.08653551 0.4696286 0.4708893 0.04637819 -0.8809724 0.952718 0.09383428 0.2890042 0.2901663 0.02857881 -0.9565495 0.9904384 0.09754931 0.09754967 0.09801268 0.009653389 0.9951384 0.09801268 0.009653329 -0.9951384 0.9904384 0.09754937 -0.09754973 0.8786128 -0.08653587 0.4696286 0.4708892 -0.04637867 -0.8809725 0.952718 -0.09383469 0.2890042 0.2901662 -0.02857893 -0.9565494 0.9904384 -0.09754973 0.09754985 0.09801268 -0.009653389 0.9951383 0.09801268 -0.009653389 -0.9951383 0.9904384 -0.09754985 -0.09754973 0.2901662 -0.02857893 0.9565494 0.952718 -0.09383457 -0.289004 0.4708893 -0.04637855 0.8809724 0.8786128 -0.08653581 -0.4696285 0.633159 -0.06236094 0.7715056 0.7707798 -0.07591545 -0.6325625 0.7707799 -0.07591515 0.6325625 0.6331591 -0.0623607 -0.7715055 0.9161055 -0.2778978 -0.2890042 0.4527933 -0.1373534 0.8809724 0.8448482 -0.2562823 -0.4696286 0.6088271 -0.184686 0.7715054 0.7411589 -0.2248284 -0.6325627 0.741159 -0.2248284 0.6325626 0.6088272 -0.1846858 -0.7715054 0.8448481 -0.2562821 0.4696286 0.4527931 -0.1373536 -0.8809725 0.9161057 -0.2778976 0.289004 0.2790153 -0.08463847 -0.9565494 0.9523762 -0.2889007 0.09754943 0.09424608 -0.0285893 0.9951383 0.09424608 -0.02858924 -0.9951383 0.9523764 -0.2889002 -0.09754991 0.2790153 -0.08463853 0.9565494 0.4172964 -0.2230499 -0.8809725 0.8442878 -0.4512814 0.289004 0.2571421 -0.1374454 -0.9565494 0.877715 -0.4691487 0.09754949 0.08685767 -0.04642641 0.9951384 0.08685767 -0.04642641 -0.9951384 0.8777149 -0.4691486 -0.09754955 0.257142 -0.1374455 0.9565494 0.8442876 -0.4512814 -0.2890041 0.4172965 -0.2230498 0.8809725 0.7786164 -0.4161795 -0.4696287 0.5610983 -0.2999135 0.7715054 0.683056 -0.3651013 -0.6325626 0.683056 -0.3651013 0.6325626 0.5610983 -0.2999135 -0.7715054 0.7786164 -0.4161794 0.4696287 0.682463 -0.560083 -0.4696288 0.4918069 -0.4036155 0.7715054 0.5987037 -0.4913434 -0.6325625 0.5987037 -0.4913436 0.6325626 0.4918068 -0.4036156 -0.7715054 0.6824629 -0.5600831 0.4696288 0.3657634 -0.3001745 -0.8809724 0.7400245 -0.6073225 0.289004 0.2253869 -0.1849703 -0.9565494 0.7693235 -0.6313679 0.09754937 0.0761314 -0.06247943 0.9951383 0.0761314 -0.06247943 -0.9951384 0.7693236 -0.6313678 -0.09754955 0.2253868 -0.1849703 0.9565494 0.7400243 -0.6073225 -0.289004 0.3657634 -0.3001745 0.8809724 0.1849702 -0.225387 -0.9565494 0.6313674 -0.769324 0.09754943 0.06247943 -0.0761314 0.9951383 0.06247937 -0.07613146 -0.9951384 0.6313674 -0.769324 -0.09754949 0.1849702 -0.225387 0.9565495 0.607322 -0.7400248 -0.2890039 0.3001743 -0.3657636 0.8809724 0.5600829 -0.6824632 -0.4696289 0.4036152 -0.4918069 0.7715054 0.4913433 -0.5987039 -0.6325626 0.4913433 -0.5987039 0.6325625 0.4036154 -0.4918069 -0.7715054 0.5600827 -0.6824634 0.4696287 0.3001741 -0.3657636 -0.8809725 0.6073222 -0.7400247 0.2890038 0.2999132 -0.5610985 0.7715054 0.3651009 -0.6830562 -0.6325627 0.365101 -0.6830563 0.6325626 0.2999132 -0.5610985 -0.7715054 0.4161788 -0.7786169 0.4696285 0.2230494 -0.4172967 -0.8809725 0.4512811 -0.8442879 0.2890038 0.1374453 -0.2571421 -0.9565494 0.4691483 -0.8777152 0.09754961 0.04642635 -0.08685773 0.9951384 0.04642641 -0.08685773 -0.9951383 0.4691483 -0.8777152 -0.09754961 0.1374452 -0.2571422 0.9565494 0.4512807 -0.8442881 -0.2890041 0.2230495 -0.4172967 0.8809725 0.4161791 -0.7786167 -0.4696287 0.2888999 -0.9523765 0.09754949 0.02858924 -0.09424608 0.9951384 0.02858918 -0.09424608 -0.9951384 0.2889001 -0.9523764 -0.09754979 0.08463835 -0.2790154 0.9565494 0.2778971 -0.9161058 -0.2890043 0.1373531 -0.4527932 0.8809724 0.2562819 -0.8448483 -0.4696285 0.1846857 -0.6088273 0.7715055 0.2248281 -0.7411592 -0.6325626 0.2248281 -0.7411592 0.6325626 0.1846855 -0.6088272 -0.7715055 0.2562815 -0.8448486 0.4696282 0.1373534 -0.4527933 -0.8809724 0.2778976 -0.9161057 0.2890039 0.08463835 -0.2790155 -0.9565494 0.07591462 -0.7707797 -0.6325628 0.0759148 -0.7707798 0.6325627 0.06236052 -0.6331593 -0.7715054 0.08653551 -0.8786131 0.4696282 0.04637825 -0.4708892 -0.8809724 0.09383434 -0.9527181 0.2890042 0.02857869 -0.2901664 -0.9565494 0.09754937 -0.9904384 0.09754961 0.009653329 -0.09801268 0.9951384 0.009653329 -0.09801268 -0.9951384 0.09754943 -0.9904384 -0.09754973 0.02857869 -0.2901664 0.9565494 0.09383422 -0.952718 -0.2890043 0.04637837 -0.4708893 0.8809724 0.08653539 -0.8786131 -0.4696283 0.06236028 -0.6331592 0.7715055 -0.009653389 -0.09801268 0.9951383 -0.009653389 -0.09801268 -0.9951383 -0.09754985 -0.9904383 -0.09754979 -0.02857887 -0.2901664 0.9565494 -0.09383463 -0.9527181 -0.289004 -0.04637855 -0.4708893 0.8809725 -0.08653581 -0.878613 -0.4696282 -0.062361 -0.6331592 0.7715053 -0.07591545 -0.7707796 -0.6325627 -0.07591515 -0.7707797 0.6325628 -0.06236076 -0.6331594 -0.7715053 -0.08653593 -0.8786131 0.4696282 -0.04637849 -0.4708892 -0.8809724 -0.09383469 -0.952718 0.2890042 -0.02857893 -0.2901664 -0.9565494 -0.09754973 -0.9904384 0.09754991 -0.2248284 -0.7411588 0.6325629 -0.1846859 -0.6088276 -0.7715051 -0.2562823 -0.8448484 0.4696282 -0.1373536 -0.452793 -0.8809725 -0.2778977 -0.9161057 0.2890039 -0.08463859 -0.2790154 -0.9565494 -0.2889007 -0.9523762 0.09754961 -0.0285893 -0.09424608 0.9951383 -0.02858924 -0.09424608 -0.9951383 -0.2889002 -0.9523763 -0.09755009 -0.08463859 -0.2790154 0.9565494 -0.277898 -0.9161056 -0.2890042 -0.1373534 -0.4527932 0.8809724 -0.2562823 -0.8448483 -0.4696283 -0.1846861 -0.6088273 0.7715052 -0.2248285 -0.7411588 -0.6325629 -0.4691488 -0.8777149 -0.09754985 -0.1374453 -0.2571421 0.9565494 -0.4512816 -0.8442876 -0.289004 -0.2230499 -0.4172965 0.8809724 -0.4161793 -0.7786168 -0.4696283 -0.2999137 -0.5610986 0.7715052 -0.3651012 -0.6830556 -0.6325631 -0.365101 -0.6830559 0.6325629 -0.2999138 -0.5610985 -0.7715051 -0.4161797 -0.7786168 0.469628 -0.2230497 -0.4172967 -0.8809723 -0.4512815 -0.8442877 0.289004 -0.1374454 -0.2571421 -0.9565494 -0.4691487 -0.8777149 0.09754985 -0.04642641 -0.08685767 0.9951384 -0.04642641 -0.08685773 -0.9951384 -0.4036158 -0.4918069 -0.7715052 -0.5600833 -0.6824634 0.4696279 -0.3001746 -0.3657634 -0.8809724 -0.6073226 -0.7400243 0.2890039 -0.1849703 -0.2253869 -0.9565494 -0.631368 -0.7693234 0.09754991 -0.06247943 -0.0761314 0.9951384 -0.06247943 -0.0761314 -0.9951383 -0.6313678 -0.7693235 -0.09755003 -0.1849703 -0.2253868 0.9565494 -0.6073225 -0.7400245 -0.2890037 -0.3001746 -0.3657635 0.8809723 -0.5600832 -0.6824634 -0.469628 -0.4036157 -0.4918069 0.7715052 -0.4913433 -0.5987033 -0.6325632 -0.4913432 -0.5987035 0.6325631 -0.7400246 -0.6073223 -0.2890036 -0.3657637 -0.3001744 0.8809723 -0.6824635 -0.5600831 -0.4696279 -0.4918072 -0.4036155 0.7715052 -0.5987035 -0.491343 -0.6325632 -0.5987036 -0.491343 0.6325631 -0.4918071 -0.4036155 -0.7715052 -0.6824635 -0.5600831 0.469628 -0.3657637 -0.3001742 -0.8809724 -0.7400247 -0.6073223 0.2890036 -0.225387 -0.1849703 -0.9565494 -0.769324 -0.6313673 0.09754985 -0.07613146 -0.06247943 0.9951383 -0.07613146 -0.06247943 -0.9951384 -0.7693238 -0.6313675 -0.09755015 -0.225387 -0.1849702 0.9565495 -0.4172967 -0.2230495 -0.8809724 -0.844288 -0.4512812 0.2890035 -0.2571422 -0.1374452 -0.9565494 -0.8777151 -0.4691484 0.09755009 -0.08685773 -0.04642635 0.9951383 -0.08685773 -0.04642641 -0.9951384 -0.8777151 -0.4691483 -0.09755003 -0.2571422 -0.1374452 0.9565494 -0.844288 -0.4512812 -0.2890035 -0.4172967 -0.2230496 0.8809723 -0.778617 -0.4161792 -0.469628 -0.5610987 -0.2999134 0.7715052 -0.6830559 -0.3651008 -0.6325631 -0.6830559 -0.3651008 0.6325631 -0.5610987 -0.2999134 -0.7715052 -0.778617 -0.4161793 0.4696281 -0.4527933 -0.1373532 0.8809723 -0.8448485 -0.2562819 -0.4696282 -0.6088277 -0.1846855 0.7715051 -0.7411588 -0.2248276 -0.6325633 -0.7411588 -0.224828 0.632563 -0.6088275 -0.1846857 -0.7715052 -0.8448488 -0.2562816 0.4696279 -0.4527933 -0.1373532 -0.8809724 -0.9161059 -0.2778973 0.2890034 -0.2790155 -0.08463841 -0.9565494 -0.9523764 -0.2888999 0.09755033 -0.09424614 -0.02858924 0.9951384 -0.09424614 -0.02858924 -0.9951383 -0.9523764 -0.2888998 -0.09755027 -0.2790155 -0.08463829 0.9565494 -0.916106 -0.2778972 -0.2890035 -0.9527183 -0.0938344 0.2890034 -0.2901664 -0.02857863 -0.9565494 -0.9904382 -0.09754937 0.09755039 -0.09801268 -0.00965327 0.9951383 -0.09801268 -0.009653329 -0.9951383 -0.9904383 -0.09754943 -0.09755051 -0.2901664 -0.02857881 0.9565494 -0.9527183 -0.09383428 -0.2890035 -0.4708893 -0.04637837 0.8809725 -0.8786132 -0.08653545 -0.4696279 -0.6331596 -0.06236034 0.7715051 -0.7707793 -0.07591456 -0.6325633 -0.7707793 -0.07591474 0.6325632 -0.6331595 -0.06236058 -0.7715051 -0.8786132 -0.08653557 0.4696278 -0.4708893 -0.04637849 -0.8809724 -0.8786131 0.08653587 -0.4696279 -0.6331596 0.0623607 0.7715051 -0.7707793 0.07591497 -0.6325631 -0.7707793 0.07591515 0.6325632 -0.6331597 0.06236082 -0.7715051 -0.8786132 0.08653593 0.4696279 -0.4708893 0.04637849 -0.8809723 -0.9527183 0.09383475 0.2890034 -0.2901664 0.02857893 -0.9565494 -0.9904382 0.09755015 0.09755027 -0.09801268 0.009653389 0.9951383 -0.09801274 0.009653389 -0.9951384 -0.9904383 0.09754985 -0.09755057 -0.2901664 0.02857887 0.9565494 -0.9527183 0.09383463 -0.2890033 -0.4708893 0.04637855 0.8809724 -0.2790154 0.08463841 -0.9565494 -0.9523761 0.2889007 0.09755003 -0.09424614 0.02858924 0.9951384 -0.09424614 0.02858924 -0.9951384 -0.9523763 0.2889003 -0.09755045 -0.2790154 0.08463847 0.9565494 -0.9161058 0.277898 -0.2890035 -0.4527933 0.1373534 0.8809723 -0.8448484 0.2562825 -0.4696279 -0.6088277 0.1846862 0.771505 -0.7411587 0.2248284 -0.6325631 -0.7411587 0.2248284 0.6325631 -0.6088275 0.1846859 -0.7715051 -0.8448485 0.2562823 0.4696279 -0.4527933 0.1373534 -0.8809723 -0.9161059 0.2778978 0.2890033 -0.5610988 0.299914 0.771505 -0.6830555 0.3651013 -0.6325634 -0.6830558 0.365101 0.632563 -0.5610988 0.2999137 -0.7715051 -0.7786169 0.41618 0.4696276 -0.4172968 0.2230497 -0.8809724 -0.8442879 0.4512814 0.2890034 -0.2571421 0.1374453 -0.9565494 -0.8777148 0.4691488 0.09754985 -0.08685773 0.04642647 0.9951384 -0.08685773 0.04642641 -0.9951384 -0.8777151 0.4691485 -0.09755015 -0.2571421 0.1374453 0.9565494 -0.8442876 0.4512818 -0.2890038 -0.4172967 0.2230498 0.8809724 -0.7786169 0.4161794 -0.4696279 -0.7693235 0.6313678 0.09755021 -0.0761314 0.06247943 0.9951384 -0.0761314 0.06247949 -0.9951384 -0.7693234 0.6313679 -0.09755003 -0.2253869 0.1849703 0.9565495 -0.7400246 0.6073226 -0.2890034 -0.3657636 0.3001746 0.8809723 -0.6824635 0.5600835 -0.4696276 -0.4918072 0.4036161 0.7715049 -0.5987031 0.4913433 -0.6325634 -0.5987033 0.4913432 0.6325632 -0.4918072 0.403616 -0.7715049 -0.6824636 0.5600835 0.4696276 -0.3657636 0.3001745 -0.8809723 -0.7400243 0.6073228 0.2890037 -0.2253869 0.1849703 -0.9565494 -0.4913426 0.5987033 -0.6325635 -0.491343 0.5987033 0.6325633 -0.4036158 0.4918074 -0.7715049 -0.5600833 0.6824638 0.4696276 -0.3001743 0.3657638 -0.8809723 -0.6073223 0.7400249 0.2890034 -0.1849702 0.225387 -0.9565494 -0.6313673 0.7693238 0.09755039 -0.06247943 0.07613146 0.9951384 -0.06247943 0.07613146 -0.9951384 -0.6313673 0.7693239 -0.09755039 -0.1849702 0.225387 0.9565495 -0.6073224 0.7400248 -0.2890032 -0.3001744 0.3657636 0.8809723 -0.5600833 0.6824636 -0.4696276 -0.4036157 0.4918076 0.7715049 -0.04642641 0.08685773 -0.9951384 -0.4691482 0.8777152 -0.09755057 -0.1374452 0.2571421 0.9565494 -0.4512814 0.8442882 -0.2890027 -0.2230497 0.4172967 0.8809723 -0.4161794 0.7786172 -0.4696276 -0.2999134 0.5610993 0.7715047 -0.3651003 0.6830556 -0.6325636 -0.3651007 0.6830556 0.6325634 -0.2999136 0.5610991 -0.7715048 -0.4161794 0.778617 0.4696277 -0.2230496 0.4172968 -0.8809724 -0.4512811 0.8442882 0.2890031 -0.1374453 0.2571421 -0.9565494 -0.469148 0.8777152 0.09755051 -0.04642635 0.08685773 0.9951384 -0.1846856 0.6088282 -0.7715047 -0.2562817 0.844849 0.4696275 -0.1373531 0.4527934 -0.8809723 -0.2778975 0.9161061 0.2890027 -0.08463841 0.2790154 -0.9565494 -0.2889 0.9523763 0.09755074 -0.02858924 0.09424608 0.9951383 -0.02858924 0.09424614 -0.9951383 -0.2889 0.9523764 -0.09755069 -0.08463829 0.2790155 0.9565494 -0.2778973 0.9161062 -0.2890028 -0.1373531 0.4527934 0.8809723 -0.256282 0.8448486 -0.4696278 -0.1846857 0.6088281 0.7715046 -0.2248275 0.7411583 -0.6325637 -0.224828 0.7411584 0.6325636 -0.02857887 0.2901666 0.9565493 -0.09383428 0.9527185 -0.2890027 -0.04637956 0.4708887 0.8809726 -0.08653545 0.8786134 -0.4696274 -0.06236428 0.6331585 0.7715057 -0.07591938 0.7707782 -0.6325638 -0.07591491 0.770781 0.6325611 -0.06236225 0.6331598 -0.7715048 -0.08653926 0.8786115 0.4696306 -0.04637849 0.4708893 -0.8809723 -0.09383451 0.9527196 0.2889991 -0.02857863 0.2901664 -0.9565494 -0.09755337 0.9904375 0.0975548 -0.009653747 0.09801262 0.9951384 -0.009653329 0.09801274 -0.9951384 -0.09755468 0.9904377 -0.09755092 0.09754973 0.9904384 -0.09754979 0.02857893 0.2901666 0.9565493 0.09383457 0.9527171 -0.2890074 0.04637622 0.4708889 0.8809728 0.08653217 0.8786133 -0.4696283 0.0623607 0.6331589 0.7715057 0.07591259 0.7707799 -0.6325628 0.07591557 0.7707809 0.6325612 0.06236088 0.6331587 -0.7715058 0.08653277 0.8786121 0.4696308 0.04637855 0.4708896 -0.8809723 0.09383469 0.9527195 0.2889991 0.0285775 0.2901663 -0.9565495 0.09754467 0.9904389 0.09754973 0.08463841 0.2790151 -0.9565494 0.2889001 0.9523764 0.09754979 0.2889002 0.9523763 -0.09754973 0.08463841 0.2790151 0.9565495 0.2778975 0.9161058 -0.2890037 0.1373536 0.4527934 0.8809723 0.2562821 0.8448482 -0.4696285 0.1846857 0.6088269 0.7715056 0.2248283 0.7411589 -0.6325629 0.2248284 0.7411589 0.632563 0.1846858 0.6088269 -0.7715057 0.2562822 0.8448482 0.4696286 0.1373534 0.4527935 -0.8809722 0.2778978 0.9161056 0.2890039 0.3651014 0.6830558 -0.6325629 0.3651012 0.6830561 0.6325627 0.2999133 0.5610981 -0.7715055 0.4161796 0.7786163 0.4696289 0.2230498 0.4172969 -0.8809723 0.4512814 0.8442878 0.2890039 0.1374453 0.2571418 -0.9565494 0.4691486 0.8777149 0.09754973 0.4691485 0.8777151 -0.09754979 0.1374452 0.2571419 0.9565495 0.4512814 0.8442878 -0.2890039 0.2230499 0.4172967 0.8809723 0.4161794 0.7786166 -0.4696286 0.2999132 0.5610981 0.7715057 0.6313676 0.7693237 -0.09754997 0.1849702 0.2253867 0.9565495 0.6073225 0.7400245 -0.2890038 0.3001747 0.3657636 0.8809723 0.5600833 0.6824628 -0.4696288 0.4036153 0.4918066 0.7715056 0.4913433 0.5987036 -0.6325627 0.4913434 0.5987035 0.6325627 0.4036153 0.4918066 -0.7715056 0.560083 0.6824632 0.4696285 0.3001746 0.3657637 -0.8809723 0.6073227 0.7400241 0.2890042 0.1849702 0.2253867 -0.9565494 0.6313677 0.7693237 0.09754985 0.5987037 0.4913433 0.6325628 0.4918067 0.4036152 -0.7715056 0.6824632 0.560083 0.4696285 0.3657637 0.3001746 -0.8809723 0.7400245 0.6073223 0.2890041 0.2253868 0.1849701 -0.9565494 0.7693238 0.6313676 0.09755003 0.769324 0.6313672 -0.09754967 0.2253868 0.1849701 0.9565495 0.7400245 0.6073222 -0.2890041 0.3657638 0.3001744 0.8809723 0.6824633 0.560083 -0.4696284 0.4918066 0.4036153 0.7715057 0.5987036 0.4913433 -0.6325627 0.8777153 0.4691483 -0.09754943 0.257142 0.1374452 0.9565495 0.8442878 0.4512813 -0.289004 0.4172968 0.2230497 0.8809723 0.778617 0.4161791 -0.4696282 0.5610982 0.2999132 0.7715056 0.6830559 0.3651011 -0.6325629 0.6830561 0.365101 0.6325627 0.5610982 0.2999132 -0.7715057 0.7786167 0.4161794 0.4696285 0.4172968 0.2230497 -0.8809723 0.8442879 0.451281 0.2890043 0.257142 0.1374452 -0.9565494 0.8777151 0.4691486 0.09754979 0.6088271 0.1846855 -0.7715056 0.8448486 0.2562814 0.4696282 0.4527935 0.1373532 -0.8809723 0.9161056 0.2778974 0.2890043 0.2790153 0.08463817 -0.9565494 0.9523764 0.2889001 0.09754955 0.9523763 0.2889001 -0.09754967 0.2790153 0.08463829 0.9565495 0.9161057 0.2778975 -0.2890042 0.4527935 0.1373531 0.8809723 0.8448484 0.2562817 -0.4696284 0.6088271 0.1846854 0.7715057 0.7411591 0.2248277 -0.6325629 0.7411591 0.224828 0.6325626 0.2901663 0.02857875 0.9565495 0.952718 0.09383428 -0.2890042 0.4708893 0.04637819 0.8809724 0.8786129 0.08653545 -0.4696285 0.633159 0.0623607 0.7715055 0.7707798 0.0759148 -0.6325626 0.7707799 0.07591503 0.6325625 0.6331589 0.06236058 -0.7715057 0.878613 0.08653539 0.4696285 0.4708894 0.04637855 -0.8809723 0.952718 0.09383416 0.2890043 0.2901662 0.02857863 -0.9565494 0.9904384 0.09754937 0.09754973 0.9904384 0.09754931 -0.09754967 0.8786128 -0.08653581 0.4696286 0.4708893 -0.04637855 -0.8809724 0.952718 -0.09383457 0.289004 0.2901663 -0.02857899 -0.9565494 0.9904384 -0.09754985 0.09754973 0.9904384 -0.09754973 -0.09754985 0.2901663 -0.02857893 0.9565494 0.952718 -0.09383469 -0.2890042 0.4708892 -0.04637867 0.8809724 0.8786128 -0.08653587 -0.4696285 0.6331591 -0.0623607 0.7715054 0.7707797 -0.07591515 -0.6325627 0.7707796 -0.07591545 0.6325627 0.6331589 -0.06236094 -0.7715055 0.9161057 -0.2778976 -0.289004 0.4527931 -0.1373535 0.8809725 0.8448481 -0.2562821 -0.4696287 0.6088272 -0.1846857 0.7715054 0.741159 -0.2248284 -0.6325627 0.741159 -0.2248284 0.6325627 0.6088271 -0.184686 -0.7715054 0.8448481 -0.2562822 0.4696286 0.4527933 -0.1373534 -0.8809725 0.9161055 -0.2778978 0.2890042 0.2790153 -0.08463853 -0.9565494 0.9523764 -0.2889002 0.09754991 0.9523763 -0.2889006 -0.09754949 0.2790154 -0.08463847 0.9565494 0.4172965 -0.2230498 -0.8809725 0.8442876 -0.4512814 0.2890041 0.257142 -0.1374455 -0.9565494 0.8777149 -0.4691486 0.09754955 0.877715 -0.4691487 -0.09754949 0.2571421 -0.1374453 0.9565494 0.8442878 -0.4512814 -0.289004 0.4172964 -0.2230499 0.8809725 0.7786164 -0.4161794 -0.4696288 0.5610983 -0.2999135 0.7715054 0.683056 -0.3651013 -0.6325626 0.6830561 -0.3651013 0.6325626 0.5610983 -0.2999135 -0.7715054 0.7786164 -0.4161795 0.4696287 0.682463 -0.5600831 -0.4696288 0.4918067 -0.4036155 0.7715054 0.5987037 -0.4913436 -0.6325626 0.5987038 -0.4913435 0.6325626 0.4918068 -0.4036155 -0.7715055 0.682463 -0.560083 0.4696288 0.3657634 -0.3001745 -0.8809724 0.7400244 -0.6073225 0.289004 0.2253868 -0.1849703 -0.9565494 0.7693236 -0.6313678 0.09754955 0.7693235 -0.6313679 -0.09754937 0.2253869 -0.1849703 0.9565494 0.7400245 -0.6073225 -0.289004 0.3657634 -0.3001745 0.8809725 0.1849702 -0.225387 -0.9565495 0.6313674 -0.769324 0.09754949 0.6313674 -0.769324 -0.09754943 0.1849702 -0.225387 0.9565494 0.6073222 -0.7400247 -0.2890038 0.3001742 -0.3657636 0.8809725 0.5600827 -0.6824634 -0.4696287 0.4036154 -0.4918069 0.7715054 0.4913433 -0.5987039 -0.6325626 0.4913433 -0.5987039 0.6325626 0.4036152 -0.4918069 -0.7715054 0.5600828 -0.6824631 0.4696289 0.3001743 -0.3657636 -0.8809724 0.607322 -0.7400248 0.2890039 0.2999131 -0.5610985 0.7715055 0.365101 -0.6830563 -0.6325626 0.3651009 -0.6830562 0.6325627 0.2999132 -0.5610985 -0.7715054 0.416179 -0.7786166 0.4696287 0.2230495 -0.4172967 -0.8809724 0.4512807 -0.8442881 0.2890041 0.1374452 -0.2571422 -0.9565494 0.4691483 -0.8777152 0.09754961 0.4691483 -0.8777152 -0.09754961 0.1374453 -0.2571422 0.9565494 0.4512811 -0.8442879 -0.2890037 0.2230494 -0.4172967 0.8809725 0.4161788 -0.7786169 -0.4696285 0.2889001 -0.9523764 0.09754979 0.2888999 -0.9523765 -0.09754949 0.08463835 -0.2790155 0.9565494 0.2778976 -0.9161057 -0.2890039 0.1373534 -0.4527933 0.8809724 0.2562816 -0.8448486 -0.4696282 0.1846855 -0.6088272 0.7715055 0.2248281 -0.7411592 -0.6325627 0.2248281 -0.7411591 0.6325626 0.1846857 -0.6088273 -0.7715055 0.2562819 -0.8448483 0.4696285 0.1373531 -0.4527932 -0.8809724 0.2778971 -0.9161058 0.2890043 0.08463841 -0.2790154 -0.9565494 0.0759148 -0.7707798 -0.6325627 0.07591462 -0.7707797 0.6325628 0.06236028 -0.6331592 -0.7715055 0.08653539 -0.8786131 0.4696283 0.04637837 -0.4708893 -0.8809724 0.09383422 -0.952718 0.2890043 0.02857869 -0.2901664 -0.9565494 0.09754943 -0.9904384 0.09754967 0.09754937 -0.9904384 -0.09754961 0.02857875 -0.2901664 0.9565494 0.09383434 -0.9527181 -0.2890042 0.04637819 -0.4708892 0.8809724 0.08653551 -0.8786131 -0.4696282 0.06236052 -0.6331593 0.7715054 -0.09754979 -0.9904384 -0.09754991 -0.02857893 -0.2901664 0.9565494 -0.09383469 -0.952718 -0.2890042 -0.04637849 -0.4708893 0.8809724 -0.08653587 -0.8786131 -0.4696282 -0.06236076 -0.6331594 0.7715052 -0.07591515 -0.7707794 -0.6325629 -0.07591545 -0.7707794 0.6325629 -0.062361 -0.6331592 -0.7715053 -0.08653581 -0.878613 0.4696282 -0.04637855 -0.4708893 -0.8809725 -0.09383463 -0.9527181 0.289004 -0.02857881 -0.2901664 -0.9565494 -0.09754985 -0.9904383 0.09754979 -0.2248284 -0.7411588 0.6325629 -0.1846861 -0.6088273 -0.7715052 -0.2562823 -0.8448483 0.4696283 -0.1373534 -0.4527932 -0.8809724 -0.277898 -0.9161056 0.2890042 -0.08463859 -0.2790154 -0.9565494 -0.2889002 -0.9523763 0.09755009 -0.2889007 -0.9523763 -0.09754961 -0.08463853 -0.2790154 0.9565494 -0.2778977 -0.9161057 -0.2890039 -0.1373535 -0.4527931 0.8809725 -0.2562823 -0.8448484 -0.4696282 -0.1846859 -0.6088275 0.7715051 -0.2248284 -0.7411588 -0.6325629 -0.4691488 -0.8777149 -0.09754985 -0.1374454 -0.2571421 0.9565494 -0.4512815 -0.8442877 -0.289004 -0.2230497 -0.4172967 0.8809724 -0.4161797 -0.7786168 -0.469628 -0.2999138 -0.5610985 0.7715052 -0.365101 -0.6830559 -0.6325629 -0.3651011 -0.6830556 0.6325631 -0.2999137 -0.5610985 -0.7715052 -0.4161793 -0.7786168 0.4696283 -0.2230499 -0.4172965 -0.8809724 -0.4512816 -0.8442876 0.289004 -0.1374453 -0.2571421 -0.9565494 -0.4691488 -0.8777149 0.09754985 -0.4036157 -0.4918069 -0.7715052 -0.5600832 -0.6824634 0.469628 -0.3001746 -0.3657635 -0.8809723 -0.6073225 -0.7400245 0.2890037 -0.1849703 -0.2253868 -0.9565494 -0.6313678 -0.7693235 0.09755009 -0.6313679 -0.7693234 -0.09754991 -0.1849703 -0.2253869 0.9565494 -0.6073226 -0.7400243 -0.2890039 -0.3001746 -0.3657635 0.8809724 -0.5600833 -0.6824634 -0.4696279 -0.4036158 -0.4918069 0.7715051 -0.4913432 -0.5987035 -0.6325631 -0.4913433 -0.5987033 0.6325632 -0.7400247 -0.6073223 -0.2890036 -0.3657637 -0.3001742 0.8809725 -0.6824635 -0.5600831 -0.469628 -0.4918071 -0.4036155 0.7715052 -0.5987036 -0.491343 -0.6325631 -0.5987036 -0.4913429 0.6325632 -0.4918072 -0.4036154 -0.7715052 -0.6824635 -0.5600831 0.4696279 -0.3657636 -0.3001744 -0.8809723 -0.7400246 -0.6073223 0.2890036 -0.225387 -0.1849702 -0.9565494 -0.7693238 -0.6313675 0.09755009 -0.769324 -0.6313673 -0.09754985 -0.225387 -0.1849702 0.9565494 -0.4172967 -0.2230496 -0.8809723 -0.844288 -0.4512812 0.2890035 -0.2571422 -0.1374452 -0.9565494 -0.8777151 -0.4691483 0.09755003 -0.8777151 -0.4691484 -0.09755003 -0.2571422 -0.1374452 0.9565494 -0.844288 -0.4512812 -0.2890035 -0.4172967 -0.2230496 0.8809724 -0.7786169 -0.4161793 -0.4696281 -0.5610987 -0.2999134 0.7715052 -0.6830559 -0.3651008 -0.6325631 -0.6830559 -0.3651008 0.6325632 -0.5610987 -0.2999134 -0.7715051 -0.778617 -0.4161792 0.469628 -0.4527933 -0.1373531 0.8809724 -0.8448488 -0.2562816 -0.4696279 -0.6088275 -0.1846857 0.7715052 -0.7411588 -0.224828 -0.632563 -0.7411588 -0.2248276 0.6325633 -0.6088277 -0.1846855 -0.7715051 -0.8448485 -0.2562819 0.4696282 -0.4527933 -0.1373532 -0.8809725 -0.916106 -0.2778972 0.2890035 -0.2790155 -0.08463829 -0.9565494 -0.9523764 -0.2888998 0.09755021 -0.9523763 -0.2888999 -0.09755033 -0.2790155 -0.08463841 0.9565493 -0.9161059 -0.2778973 -0.2890034 -0.9527183 -0.09383422 0.2890035 -0.2901664 -0.02857887 -0.9565494 -0.9904383 -0.09754943 0.09755051 -0.9904382 -0.09754937 -0.09755045 -0.2901664 -0.02857863 0.9565494 -0.9527183 -0.0938344 -0.2890034 -0.4708893 -0.04637849 0.8809724 -0.8786132 -0.08653557 -0.4696278 -0.6331597 -0.06236058 0.771505 -0.7707793 -0.07591474 -0.6325632 -0.7707793 -0.07591462 0.6325633 -0.6331597 -0.06236034 -0.7715049 -0.8786132 -0.08653545 0.4696279 -0.4708893 -0.04637837 -0.8809725 -0.8786132 0.08653593 -0.4696278 -0.6331597 0.06236082 0.7715051 -0.7707793 0.07591515 -0.6325632 -0.7707793 0.07591503 0.6325631 -0.6331596 0.0623607 -0.7715051 -0.8786131 0.08653587 0.4696279 -0.4708893 0.04637855 -0.8809724 -0.9527183 0.09383463 0.2890033 -0.2901663 0.02857881 -0.9565494 -0.9904383 0.09754985 0.09755057 -0.9904382 0.09755015 -0.09755027 -0.2901664 0.02857893 0.9565494 -0.9527183 0.09383475 -0.2890034 -0.4708893 0.04637849 0.8809724 -0.2790154 0.08463847 -0.9565494 -0.9523763 0.2889003 0.09755045 -0.9523761 0.2889007 -0.09754997 -0.2790154 0.08463841 0.9565494 -0.9161059 0.2778978 -0.2890033 -0.4527933 0.1373534 0.8809724 -0.8448485 0.2562823 -0.4696279 -0.6088275 0.1846859 0.7715051 -0.7411587 0.2248284 -0.6325631 -0.7411586 0.2248284 0.6325632 -0.6088277 0.1846862 -0.771505 -0.8448485 0.2562824 0.469628 -0.4527933 0.1373534 -0.8809723 -0.9161058 0.277898 0.2890035 -0.5610988 0.2999137 0.7715051 -0.6830558 0.365101 -0.632563 -0.6830555 0.3651013 0.6325634 -0.5610988 0.299914 -0.771505 -0.7786169 0.4161794 0.4696279 -0.4172967 0.2230498 -0.8809724 -0.8442876 0.4512818 0.2890039 -0.2571421 0.1374453 -0.9565494 -0.8777151 0.4691485 0.09755021 -0.8777148 0.4691488 -0.09754985 -0.257142 0.1374453 0.9565494 -0.8442879 0.4512814 -0.2890034 -0.4172967 0.2230498 0.8809723 -0.7786169 0.41618 -0.4696276 -0.7693234 0.6313679 0.09755009 -0.7693235 0.6313678 -0.09755021 -0.2253868 0.1849703 0.9565494 -0.7400243 0.6073228 -0.2890037 -0.3657636 0.3001745 0.8809723 -0.6824635 0.5600834 -0.4696276 -0.4918072 0.403616 0.7715049 -0.5987033 0.4913432 -0.6325632 -0.598703 0.4913433 0.6325634 -0.4918072 0.4036161 -0.7715049 -0.6824635 0.5600835 0.4696276 -0.3657636 0.3001746 -0.8809723 -0.7400246 0.6073226 0.2890034 -0.2253869 0.1849703 -0.9565495 -0.491343 0.5987033 -0.6325633 -0.4913426 0.5987034 0.6325635 -0.4036157 0.4918076 -0.7715048 -0.5600833 0.6824636 0.4696276 -0.3001744 0.3657636 -0.8809723 -0.6073224 0.7400248 0.2890032 -0.1849702 0.225387 -0.9565495 -0.6313673 0.7693239 0.09755039 -0.6313673 0.7693238 -0.09755039 -0.1849702 0.225387 0.9565494 -0.6073223 0.7400249 -0.2890034 -0.3001743 0.3657638 0.8809723 -0.5600833 0.6824637 -0.4696276 -0.4036158 0.4918074 0.7715049 -0.469148 0.8777152 -0.09755051 -0.1374453 0.2571421 0.9565494 -0.4512811 0.8442882 -0.2890031 -0.2230496 0.4172968 0.8809724 -0.4161795 0.778617 -0.4696277 -0.2999136 0.5610991 0.7715048 -0.3651008 0.6830557 -0.6325634 -0.3651003 0.6830556 0.6325636 -0.2999134 0.5610993 -0.7715047 -0.4161794 0.7786172 0.4696276 -0.2230497 0.4172967 -0.8809723 -0.4512814 0.8442882 0.2890027 -0.1374452 0.2571421 -0.9565494 -0.4691482 0.8777152 0.09755057 -0.1846857 0.6088281 -0.7715047 -0.256282 0.8448486 0.4696278 -0.1373531 0.4527934 -0.8809723 -0.2778973 0.9161062 0.2890028 -0.08463829 0.2790155 -0.9565494 -0.2889 0.9523764 0.09755069 -0.2889 0.9523763 -0.09755074 -0.08463841 0.2790155 0.9565493 -0.2778975 0.9161061 -0.2890027 -0.1373532 0.4527934 0.8809724 -0.2562817 0.844849 -0.4696275 -0.1846856 0.6088282 0.7715047 -0.224828 0.7411584 -0.6325636 -0.2248275 0.7411583 0.6325637 -0.02858 0.2901662 0.9565494 -0.09383928 0.9527165 -0.2890074 -0.04637849 0.4708893 0.8809724 -0.08653557 0.8786134 -0.4696276 -0.06236225 0.6331598 0.7715048 -0.07591491 0.770781 -0.6325611 -0.07591938 0.7707782 0.6325638 -0.06236422 0.6331585 -0.7715057 -0.08653545 0.8786134 0.4696274 -0.04637956 0.4708887 -0.8809726 -0.09383845 0.9527181 0.2890028 -0.02857881 0.2901664 -0.9565494 -0.09754949 0.9904383 0.09755092 -0.09755343 0.990438 -0.09754967</float_array>
          <technique_common>
            <accessor source="#Sphere_001-mesh-normals-array" count="960" stride="3">
              <param name="X" type="float"/>
              <param name="Y" type="float"/>
              <param name="Z" type="float"/>
            </accessor>
          </technique_common>
        </source>
        <source id="Sphere_001-mesh-map-0">
          <float_array id="Sphere_001-mesh-map-0-array" count="5760">0.75 0.5 0.71875 0.4375 0.75 0.4375 0.75 0.8750001 0.71875 0.9375001 0.71875 0.875 0.75 0.375 0.71875 0.4375 0.71875 0.375 0.75 0.8125 0.71875 0.875 0.71875 0.8125 0.75 0.375 0.71875 0.3125 0.75 0.3124999 0.75 0.8125 0.71875 0.75 0.75 0.75 0.75 0.3124999 0.71875 0.25 0.75 0.25 0.75 0.6875001 0.71875 0.75 0.71875 0.6875 0.75 0.1875 0.71875 0.25 0.71875 0.1875 0.75 0.625 0.71875 0.6875 0.71875 0.625 0.75 0.1875 0.71875 0.125 0.75 0.1249998 0.75 0.5625001 0.71875 0.625 0.71875 0.5625 0.75 0.1249998 0.71875 0.06249994 0.75 0.06249994 0.75 0.5625001 0.71875 0.5 0.75 0.5 0.75 0.9375001 0.734375 1 0.71875 0.9375001 0.734375 0 0.75 0.06249994 0.71875 0.06249994 0.71875 0.06249994 0.6875 0.125 0.6875 0.06249994 0.71875 0.5 0.6875 0.5625 0.6875 0.5 0.71875 0.9375001 0.703125 1 0.6875 0.9375001 0.703125 0 0.71875 0.06249994 0.6875 0.06249994 0.71875 0.5 0.6875 0.4375 0.71875 0.4375 0.71875 0.9375001 0.6875 0.875 0.71875 0.875 0.71875 0.375 0.6875 0.4375 0.6875 0.375 0.71875 0.875 0.6875 0.8125 0.71875 0.8125 0.71875 0.3125 0.6875 0.375 0.6875 0.3125 0.71875 0.8125 0.6875 0.75 0.71875 0.75 0.71875 0.25 0.6875 0.3125 0.6875 0.25 0.71875 0.75 0.6875 0.6875 0.71875 0.6875 0.71875 0.1875 0.6875 0.25 0.6875 0.1875 0.71875 0.6875 0.6875 0.625 0.71875 0.625 0.71875 0.125 0.6875 0.1875 0.6875 0.125 0.71875 0.625 0.6875 0.5625 0.71875 0.5625 0.6875 0.25 0.65625 0.3125 0.65625 0.25 0.6875 0.75 0.65625 0.6875 0.6875 0.6875 0.6875 0.25 0.65625 0.1875 0.6875 0.1875 0.6875 0.6875 0.65625 0.625 0.6875 0.625 0.6875 0.125 0.65625 0.1875 0.65625 0.125 0.6875 0.625 0.65625 0.5625 0.6875 0.5625 0.6875 0.06249994 0.65625 0.125 0.65625 0.06249994 0.6875 0.5 0.65625 0.5625 0.65625 0.5 0.6875 0.9375001 0.671875 1 0.65625 0.9375001 0.671875 0 0.6875 0.06249994 0.65625 0.06249994 0.6875 0.5 0.65625 0.4375 0.6875 0.4375 0.6875 0.9375001 0.65625 0.875 0.6875 0.875 0.6875 0.375 0.65625 0.4375 0.65625 0.375 0.6875 0.875 0.65625 0.8125 0.6875 0.8125 0.6875 0.3125 0.65625 0.375 0.65625 0.3125 0.6875 0.75 0.65625 0.8125 0.65625 0.75 0.65625 0.9375001 0.640625 1 0.625 0.9375001 0.640625 0 0.65625 0.06249994 0.625 0.06249994 0.65625 0.5 0.625 0.4375 0.65625 0.4375 0.65625 0.9375001 0.625 0.875 0.65625 0.875 0.65625 0.375 0.625 0.4375 0.625 0.375 0.65625 0.875 0.625 0.8125 0.65625 0.8125 0.65625 0.3125 0.625 0.375 0.625 0.3125 0.65625 0.75 0.625 0.8125 0.625 0.75 0.65625 0.3125 0.625 0.25 0.65625 0.25 0.65625 0.75 0.625 0.6875 0.65625 0.6875 0.65625 0.25 0.625 0.1875 0.65625 0.1875 0.65625 0.6875 0.625 0.6250001 0.65625 0.625 0.65625 0.125 0.625 0.1875 0.625 0.125 0.65625 0.625 0.625 0.5625 0.65625 0.5625 0.65625 0.06249994 0.625 0.125 0.625 0.06249994 0.65625 0.5 0.625 0.5625 0.625 0.5 0.625 0.75 0.59375 0.6875 0.625 0.6875 0.625 0.25 0.59375 0.1875 0.625 0.1875 0.625 0.6250001 0.59375 0.6875 0.59375 0.6250001 0.625 0.125 0.59375 0.1875 0.59375 0.125 0.625 0.6250001 0.59375 0.5625 0.625 0.5625 0.625 0.06249994 0.59375 0.125 0.59375 0.06249994 0.625 0.5 0.59375 0.5625 0.59375 0.5 0.625 0.9375001 0.609375 1 0.59375 0.9375001 0.609375 0 0.625 0.06249994 0.59375 0.06249994 0.625 0.5 0.59375 0.4375 0.625 0.4375 0.625 0.9375001 0.59375 0.875 0.625 0.875 0.625 0.375 0.59375 0.4375 0.59375 0.375 0.625 0.875 0.59375 0.8125 0.625 0.8125 0.625 0.375 0.59375 0.3125 0.625 0.3125 0.625 0.75 0.59375 0.8125 0.59375 0.75 0.625 0.3125 0.59375 0.25 0.625 0.25 0.59375 0.5 0.5625 0.4375 0.59375 0.4375 0.59375 0.9375001 0.5625 0.875 0.59375 0.875 0.59375 0.375 0.5625 0.4375 0.5625 0.375 0.59375 0.875 0.5625 0.8125 0.59375 0.8125 0.59375 0.375 0.5625 0.3125 0.59375 0.3125 0.59375 0.75 0.5625 0.8125 0.5625 0.75 0.59375 0.3125 0.5625 0.25 0.59375 0.25 0.59375 0.6875 0.5625 0.75 0.5625 0.6875 0.59375 0.25 0.5625 0.1875 0.59375 0.1875 0.59375 0.6250001 0.5625 0.6875 0.5625 0.6250001 0.59375 0.125 0.5625 0.1875 0.5625 0.125 0.59375 0.6250001 0.5625 0.5625 0.59375 0.5625 0.59375 0.06249994 0.5625 0.125 0.5625 0.06249994 0.59375 0.5 0.5625 0.5625 0.5625 0.5 0.59375 0.9375001 0.578125 1 0.5625 0.9375001 0.578125 0 0.59375 0.06249994 0.5625 0.06249994 0.5625 0.1875 0.53125 0.25 0.53125 0.1875 0.5625 0.6250001 0.53125 0.6875 0.53125 0.6250001 0.5625 0.125 0.53125 0.1875 0.53125 0.125 0.5625 0.6250001 0.53125 0.5625 0.5625 0.5625 0.5625 0.06249994 0.53125 0.125 0.53125 0.06249994 0.5625 0.5 0.53125 0.5625 0.53125 0.5 0.5625 0.9375001 0.546875 1 0.53125 0.9375001 0.546875 0 0.5625 0.06249994 0.53125 0.06249994 0.5625 0.5 0.53125 0.4375 0.5625 0.4375 0.5625 0.9375001 0.53125 0.875 0.5625 0.875 0.5625 0.375 0.53125 0.4375 0.53125 0.375 0.5625 0.875 0.53125 0.8125 0.5625 0.8125 0.5625 0.375 0.53125 0.3125 0.5625 0.3125 0.5625 0.8125 0.53125 0.75 0.5625 0.75 0.5625 0.25 0.53125 0.3125 0.53125 0.25 0.5625 0.75 0.53125 0.6875 0.5625 0.6875 0.53125 0.9375001 0.5 0.875 0.53125 0.875 0.53125 0.375 0.5 0.4375 0.5 0.375 0.53125 0.875 0.5 0.8125 0.53125 0.8125 0.53125 0.375 0.5 0.3125 0.53125 0.3125 0.53125 0.8125 0.5 0.75 0.53125 0.75 0.53125 0.25 0.5 0.3125 0.5 0.25 0.53125 0.75 0.5 0.6875001 0.53125 0.6875 0.53125 0.1875 0.5 0.25 0.5 0.1875 0.53125 0.6250001 0.5 0.6875001 0.5 0.6250001 0.53125 0.125 0.5 0.1875 0.5 0.125 0.53125 0.6250001 0.5 0.5625 0.53125 0.5625 0.53125 0.06249994 0.5 0.125 0.5 0.06249994 0.53125 0.5 0.5 0.5625 0.5 0.5 0.53125 0.9375001 0.515625 1 0.5 0.9375001 0.515625 0 0.53125 0.06249994 0.5 0.06249994 0.53125 0.5 0.5 0.4375 0.53125 0.4375 0.5 0.6250001 0.46875 0.6875 0.46875 0.6250001 0.5 0.125 0.46875 0.1875 0.46875 0.125 0.5 0.6250001 0.46875 0.5625 0.5 0.5625 0.5 0.06249994 0.46875 0.125 0.46875 0.06249994 0.5 0.5 0.46875 0.5625 0.46875 0.5 0.5 0.9375001 0.484375 1 0.46875 0.9375001 0.484375 0 0.5 0.06249994 0.46875 0.06249994 0.5 0.5 0.46875 0.4375 0.5 0.4375 0.5 0.9375001 0.46875 0.875 0.5 0.875 0.5 0.375 0.46875 0.4375 0.46875 0.375 0.5 0.875 0.46875 0.8125 0.5 0.8125 0.5 0.375 0.46875 0.3125 0.5 0.3125 0.5 0.8125 0.46875 0.75 0.5 0.75 0.5 0.3125 0.46875 0.25 0.5 0.25 0.5 0.75 0.46875 0.6875 0.5 0.6875001 0.5 0.1875 0.46875 0.25 0.46875 0.1875 0.46875 0.375 0.4375 0.4375 0.4375 0.375 0.46875 0.875 0.4375 0.8125 0.46875 0.8125 0.46875 0.375 0.4375 0.3125 0.46875 0.3125 0.46875 0.8125 0.4375 0.7500001 0.46875 0.75 0.46875 0.25 0.4375 0.3125 0.4375 0.25 0.46875 0.75 0.4375 0.6875001 0.46875 0.6875 0.46875 0.1875 0.4375 0.25 0.4375 0.1875 0.46875 0.6250001 0.4375 0.6875001 0.4375 0.6250001 0.46875 0.125 0.4375 0.1875 0.4375 0.125 0.46875 0.6250001 0.4375 0.5625 0.46875 0.5625 0.46875 0.06249994 0.4375 0.125 0.4375 0.06249994 0.46875 0.5 0.4375 0.5625 0.4375 0.5 0.46875 0.9375001 0.453125 1 0.4375 0.9375001 0.453125 0 0.46875 0.06249994 0.4375 0.06249994 0.46875 0.5 0.4375 0.4375 0.46875 0.4375 0.46875 0.9375001 0.4375 0.875 0.46875 0.875 0.4375 0.125 0.40625 0.1875 0.40625 0.125 0.4375 0.6250001 0.40625 0.5625 0.4375 0.5625 0.4375 0.06249994 0.40625 0.125 0.40625 0.06249994 0.4375 0.5 0.40625 0.5625 0.40625 0.5 0.4375 0.9375001 0.421875 1 0.40625 0.9375001 0.421875 0 0.4375 0.06249994 0.40625 0.06249994 0.4375 0.5 0.40625 0.4375 0.4375 0.4375 0.4375 0.9375001 0.40625 0.875 0.4375 0.875 0.4375 0.375 0.40625 0.4375 0.40625 0.375 0.4375 0.875 0.40625 0.8125 0.4375 0.8125 0.4375 0.375 0.40625 0.3125 0.4375 0.3125 0.4375 0.8125 0.40625 0.7500001 0.4375 0.7500001 0.4375 0.25 0.40625 0.3125 0.40625 0.25 0.4375 0.7500001 0.40625 0.6875001 0.4375 0.6875001 0.4375 0.1875 0.40625 0.25 0.40625 0.1875 0.4375 0.6250001 0.40625 0.6875001 0.40625 0.6250001 0.40625 0.375 0.375 0.3125 0.40625 0.3125 0.40625 0.8125 0.375 0.7500001 0.40625 0.7500001 0.40625 0.25 0.375 0.3125 0.375 0.25 0.40625 0.7500001 0.375 0.6875001 0.40625 0.6875001 0.40625 0.25 0.375 0.1875 0.40625 0.1875 0.40625 0.6250001 0.375 0.6875001 0.375 0.6250001 0.40625 0.125 0.375 0.1875 0.375 0.125 0.40625 0.6250001 0.375 0.5625 0.40625 0.5625 0.40625 0.06249994 0.375 0.125 0.375 0.06249994 0.40625 0.5 0.375 0.5625 0.375 0.5 0.40625 0.9375001 0.390625 1 0.375 0.9375001 0.390625 0 0.40625 0.06249994 0.375 0.06249994 0.40625 0.5 0.375 0.4375 0.40625 0.4375 0.40625 0.9375001 0.375 0.875 0.40625 0.875 0.40625 0.375 0.375 0.4375 0.375 0.375 0.40625 0.875 0.375 0.8125 0.40625 0.8125 0.375 0.06249994 0.34375 0.125 0.34375 0.06249994 0.375 0.5 0.34375 0.5625 0.34375 0.5 0.375 0.9375001 0.359375 1 0.34375 0.9375001 0.359375 0 0.375 0.06249994 0.34375 0.06249994 0.375 0.5 0.34375 0.4375 0.375 0.4375 0.375 0.9375001 0.34375 0.875 0.375 0.875 0.375 0.375 0.34375 0.4375 0.34375 0.375 0.375 0.875 0.34375 0.8125 0.375 0.8125 0.375 0.375 0.34375 0.3125 0.375 0.3125 0.375 0.8125 0.34375 0.7500001 0.375 0.7500001 0.375 0.25 0.34375 0.3125 0.34375 0.25 0.375 0.7500001 0.34375 0.6875001 0.375 0.6875001 0.375 0.1875 0.34375 0.25 0.34375 0.1875 0.375 0.6250001 0.34375 0.6875001 0.34375 0.6250001 0.375 0.125 0.34375 0.1875 0.34375 0.125 0.375 0.6250001 0.34375 0.5625 0.375 0.5625 0.34375 0.8125 0.3125 0.7500001 0.34375 0.7500001 0.34375 0.25 0.3125 0.3125 0.3125 0.25 0.34375 0.7500001 0.3125 0.6875001 0.34375 0.6875001 0.34375 0.1875 0.3125 0.25 0.3125 0.1875 0.34375 0.6250001 0.3125 0.6875001 0.3125 0.6250001 0.34375 0.125 0.3125 0.1875 0.3125 0.1249998 0.34375 0.6250001 0.3125 0.5625 0.34375 0.5625 0.34375 0.06249994 0.3125 0.1249998 0.3125 0.06249994 0.34375 0.5 0.3125 0.5625 0.3125 0.5 0.34375 0.9375001 0.328125 1 0.3125 0.9375001 0.328125 0 0.34375 0.06249994 0.3125 0.06249994 0.34375 0.5 0.3125 0.4375 0.34375 0.4375 0.34375 0.9375001 0.3125 0.8750001 0.34375 0.875 0.34375 0.375 0.3125 0.4375 0.3125 0.375 0.34375 0.875 0.3125 0.8125 0.34375 0.8125 0.34375 0.375 0.3125 0.3125 0.34375 0.3125 0.3125 0.5 0.28125 0.5625 0.28125 0.5 0.3125 0.9375001 0.296875 1 0.28125 0.9375001 0.296875 0 0.3125 0.06249994 0.28125 0.06249994 0.3125 0.5 0.28125 0.4375 0.3125 0.4375 0.3125 0.8750001 0.28125 0.9375001 0.28125 0.875 0.3125 0.375 0.28125 0.4375 0.28125 0.375 0.3125 0.8750001 0.28125 0.8125 0.3125 0.8125 0.3125 0.375 0.28125 0.3125 0.3125 0.3125 0.3125 0.8125 0.28125 0.7500001 0.3125 0.7500001 0.3125 0.3125 0.28125 0.25 0.3125 0.25 0.3125 0.7500001 0.28125 0.6875001 0.3125 0.6875001 0.3125 0.1875 0.28125 0.25 0.28125 0.1875 0.3125 0.6250001 0.28125 0.6875001 0.28125 0.6250001 0.3125 0.1249998 0.28125 0.1875 0.28125 0.125 0.3125 0.6250001 0.28125 0.5625 0.3125 0.5625 0.3125 0.1249998 0.28125 0.06249994 0.3125 0.06249994 0.28125 0.25 0.25 0.3125 0.25 0.2499999 0.28125 0.7500001 0.25 0.6875001 0.28125 0.6875001 0.28125 0.1875 0.25 0.2499999 0.25 0.1875 0.28125 0.6875001 0.25 0.6250001 0.28125 0.6250001 0.28125 0.125 0.25 0.1875 0.25 0.1249998 0.28125 0.6250001 0.25 0.5625 0.28125 0.5625 0.28125 0.06249994 0.25 0.1249998 0.25 0.06249994 0.28125 0.5 0.25 0.5625 0.25 0.5 0.28125 0.9375001 0.265625 1 0.25 0.9375001 0.265625 0 0.28125 0.06249994 0.25 0.06249994 0.28125 0.5 0.25 0.4375 0.28125 0.4375 0.28125 0.9375001 0.25 0.8750001 0.28125 0.875 0.28125 0.375 0.25 0.4375 0.25 0.375 0.28125 0.875 0.25 0.8125 0.28125 0.8125 0.28125 0.3125 0.25 0.375 0.25 0.3125 0.28125 0.8125 0.25 0.7500001 0.28125 0.7500001 0.25 0.9375001 0.234375 1 0.21875 0.9375001 0.234375 0 0.25 0.06249994 0.21875 0.06249994 0.25 0.5 0.21875 0.4375 0.25 0.4375 0.25 0.8750001 0.21875 0.9375001 0.21875 0.875 0.25 0.375 0.21875 0.4375 0.21875 0.375 0.25 0.8750001 0.21875 0.8125 0.25 0.8125 0.25 0.375 0.21875 0.3125 0.25 0.3125 0.25 0.8125 0.21875 0.7500001 0.25 0.7500001 0.25 0.3125 0.21875 0.2499999 0.25 0.2499999 0.25 0.7500001 0.21875 0.6875001 0.25 0.6875001 0.25 0.1875 0.21875 0.2499999 0.21875 0.1875 0.25 0.6250001 0.21875 0.6875001 0.21875 0.6250001 0.25 0.1875 0.21875 0.125 0.25 0.1249998 0.25 0.6250001 0.21875 0.5625001 0.25 0.5625 0.25 0.1249998 0.21875 0.06249994 0.25 0.06249994 0.25 0.5 0.21875 0.5625001 0.21875 0.5 0.21875 0.7500001 0.1875 0.6875001 0.21875 0.6875001 0.21875 0.1875 0.1875 0.2499999 0.1875 0.1875 0.21875 0.6875001 0.1875 0.6250001 0.21875 0.6250001 0.21875 0.125 0.1875 0.1875 0.1875 0.1249998 0.21875 0.6250001 0.1875 0.5625001 0.21875 0.5625001 0.21875 0.06249994 0.1875 0.1249998 0.1875 0.06249994 0.21875 0.5 0.1875 0.5625001 0.1875 0.5 0.21875 0.9375001 0.203125 1 0.1875 0.9375001 0.203125 0 0.21875 0.06249994 0.1875 0.06249994 0.21875 0.5 0.1875 0.4375 0.21875 0.4375 0.21875 0.9375001 0.1875 0.8750001 0.21875 0.875 0.21875 0.375 0.1875 0.4375 0.1875 0.375 0.21875 0.875 0.1875 0.8125 0.21875 0.8125 0.21875 0.3125 0.1875 0.375 0.1875 0.3125 0.21875 0.8125 0.1875 0.7500001 0.21875 0.7500001 0.21875 0.2499999 0.1875 0.3125 0.1875 0.2499999 0.1875 0.5 0.15625 0.4375 0.1875 0.4375 0.1875 0.8750001 0.15625 0.9375001 0.15625 0.8750001 0.1875 0.375 0.15625 0.4375 0.15625 0.375 0.1875 0.8750001 0.15625 0.8125001 0.1875 0.8125 0.1875 0.375 0.15625 0.3125 0.1875 0.3125 0.1875 0.8125 0.15625 0.7500001 0.1875 0.7500001 0.1875 0.2499999 0.15625 0.3125 0.15625 0.2499999 0.1875 0.7500001 0.15625 0.6875001 0.1875 0.6875001 0.1875 0.2499999 0.15625 0.1875 0.1875 0.1875 0.1875 0.6250001 0.15625 0.6875001 0.15625 0.6250001 0.1875 0.1249998 0.15625 0.1875 0.15625 0.1249998 0.1875 0.6250001 0.15625 0.5625001 0.1875 0.5625001 0.1875 0.1249998 0.15625 0.06249994 0.1875 0.06249994 0.1875 0.5 0.15625 0.5625001 0.15625 0.5 0.1875 0.9375001 0.171875 1 0.15625 0.9375001 0.171875 0 0.1875 0.06249994 0.15625 0.06249994 0.15625 0.2499999 0.125 0.1875 0.15625 0.1875 0.15625 0.6250001 0.125 0.6875001 0.125 0.6250001 0.15625 0.1249998 0.125 0.1875 0.125 0.1249998 0.15625 0.6250001 0.125 0.5625001 0.15625 0.5625001 0.15625 0.06249994 0.125 0.1249998 0.125 0.06249994 0.15625 0.5 0.125 0.5625001 0.125 0.5 0.15625 0.9375001 0.140625 1 0.125 0.9375001 0.140625 0 0.15625 0.06249994 0.125 0.06249994 0.15625 0.5 0.125 0.4375 0.15625 0.4375 0.15625 0.9375001 0.125 0.8750001 0.15625 0.8750001 0.15625 0.375 0.125 0.4375 0.125 0.375 0.15625 0.8750001 0.125 0.8125001 0.15625 0.8125001 0.15625 0.375 0.125 0.3125 0.15625 0.3125 0.15625 0.7500001 0.125 0.8125001 0.125 0.7500001 0.15625 0.2499999 0.125 0.3125 0.125 0.2499999 0.15625 0.7500001 0.125 0.6875001 0.15625 0.6875001 0.125 0.375 0.09375 0.4375 0.09375 0.375 0.125 0.8750001 0.09375 0.8125001 0.125 0.8125001 0.125 0.375 0.09375 0.3125 0.125 0.3125 0.125 0.7500001 0.09375 0.8125001 0.09374994 0.7500001 0.125 0.2499999 0.09375 0.3125 0.09374994 0.2499998 0.125 0.7500001 0.09375 0.6875001 0.125 0.6875001 0.125 0.2499999 0.09375 0.1875 0.125 0.1875 0.125 0.6250001 0.09375 0.6875001 0.09375 0.6250001 0.125 0.1249998 0.09375 0.1875 0.09374994 0.1249998 0.125 0.6250001 0.09375 0.5625001 0.125 0.5625001 0.125 0.06249994 0.09374994 0.1249998 0.09375 0.06249994 0.125 0.5 0.09375 0.5625001 0.09375 0.5 0.125 0.9375001 0.109375 1 0.09375 0.9375001 0.109375 0 0.125 0.06249994 0.09375 0.06249994 0.125 0.5 0.09375 0.4375 0.125 0.4375 0.125 0.9375001 0.09374994 0.8750001 0.125 0.8750001 0.09374994 0.1249998 0.0625 0.1875 0.0625 0.1249998 0.09375 0.6250001 0.0625 0.5625001 0.09375 0.5625001 0.09375 0.06249994 0.0625 0.1249998 0.0625 0.06249994 0.09375 0.5 0.0625 0.5625001 0.0625 0.5 0.09375 0.9375001 0.078125 1 0.0625 0.9375001 0.078125 0 0.09375 0.06249994 0.0625 0.06249994 0.09375 0.5 0.0625 0.4375 0.09375 0.4375 0.09375 0.9375001 0.0625 0.8750001 0.09374994 0.8750001 0.09375 0.375 0.0625 0.4375 0.0625 0.375 0.09374994 0.8750001 0.0625 0.8125001 0.09375 0.8125001 0.09375 0.375 0.0625 0.3125 0.09375 0.3125 0.09374994 0.7500001 0.0625 0.8125001 0.0625 0.7500001 0.09374994 0.2499998 0.0625 0.3125 0.0625 0.2499998 0.09374994 0.7500001 0.0625 0.6875001 0.09375 0.6875001 0.09374994 0.2499998 0.0625 0.1875 0.09375 0.1875 0.09375 0.6250001 0.0625 0.6875001 0.0625 0.6250001 0.0625 0.8750001 0.03124994 0.8125001 0.0625 0.8125001 0.0625 0.375 0.03125 0.3125 0.0625 0.3125 0.0625 0.7500001 0.03124994 0.8125001 0.03124994 0.7500001 0.0625 0.2499998 0.03125 0.3125 0.03124994 0.2499998 0.0625 0.7500001 0.03125 0.6875001 0.0625 0.6875001 0.0625 0.2499998 0.03124994 0.1875 0.0625 0.1875 0.0625 0.6250001 0.03125 0.6875001 0.03125 0.6250001 0.0625 0.1249998 0.03124994 0.1875 0.03124994 0.1249998 0.0625 0.6250001 0.03125 0.5625001 0.0625 0.5625001 0.0625 0.1249998 0.03124994 0.06249994 0.0625 0.06249994 0.0625 0.5 0.03125 0.5625001 0.03124994 0.5 0.0625 0.9375001 0.04687494 1 0.03124994 0.9375001 0.04687494 0 0.0625 0.06249994 0.03124994 0.06249994 0.0625 0.5 0.03125 0.4375 0.0625 0.4375 0.0625 0.9375001 0.03124994 0.8750001 0.0625 0.8750001 0.0625 0.375 0.03125 0.4375 0.03125 0.375 0.03125 0.6250001 0 0.5625001 0.03125 0.5625001 0.03124994 0.06249994 0 0.1249998 0 0.06249994 0.03124994 0.5 0 0.5625001 0 0.5 0.03124994 0.9375001 0.01562494 1 0 0.9375001 0.01562494 0 0.03124994 0.06249994 0 0.06249994 0.03124994 0.5 0 0.4375 0.03125 0.4375 0.03124994 0.9375001 0 0.8750001 0.03124994 0.8750001 0.03125 0.375 0 0.4375 0 0.375 0.03124994 0.8750001 0 0.8125001 0.03124994 0.8125001 0.03125 0.3125 0 0.375 0 0.3124999 0.03124994 0.8125001 0 0.7500001 0.03124994 0.7500001 0.03124994 0.2499998 0 0.3124999 0 0.2499998 0.03124994 0.7500001 0 0.6875001 0.03125 0.6875001 0.03124994 0.2499998 0 0.1875 0.03124994 0.1875 0.03125 0.6875001 0 0.6250001 0.03125 0.6250001 0.03124994 0.1249998 0 0.1875 0 0.1249998 1 0.375 0.96875 0.3125 1 0.3124999 1 0.7500001 0.96875 0.8125001 0.96875 0.7500001 1 0.2499998 0.96875 0.3125 0.96875 0.2499998 1 0.7500001 0.96875 0.6875001 1 0.6875001 1 0.2499998 0.96875 0.1875 1 0.1875 1 0.6250001 0.96875 0.6875001 0.96875 0.6250001 1 0.1875 0.96875 0.1249998 1 0.1249998 1 0.6250001 0.96875 0.5625001 1 0.5625001 1 0.1249998 0.96875 0.06249994 1 0.06249994 1 0.5 0.96875 0.5625001 0.96875 0.5 1 0.9375001 0.984375 1 0.96875 0.9375001 0.984375 0 1 0.06249994 0.96875 0.06249994 1 0.5 0.96875 0.4375 1 0.4375 1 0.8750001 0.96875 0.9375001 0.96875 0.8750001 1 0.375 0.96875 0.4375 0.96875 0.375 1 0.8125001 0.96875 0.8750001 0.96875 0.8125001 0.96875 0.1249998 0.9375 0.06249994 0.96875 0.06249994 0.96875 0.5 0.9375 0.5625001 0.9375 0.5 0.96875 0.9375001 0.953125 1 0.9375 0.9375001 0.953125 0 0.96875 0.06249994 0.9375 0.06249994 0.96875 0.5 0.9375 0.4375 0.96875 0.4375 0.96875 0.9375001 0.9375 0.8750001 0.96875 0.8750001 0.96875 0.375 0.9375 0.4375 0.9375 0.375 0.96875 0.8750001 0.9375 0.8125001 0.96875 0.8125001 0.96875 0.3125 0.9375 0.375 0.9375 0.3124999 0.96875 0.7500001 0.9375 0.8125001 0.9375 0.7500001 0.96875 0.2499998 0.9375 0.3124999 0.9375 0.2499998 0.96875 0.7500001 0.9375 0.6875001 0.96875 0.6875001 0.96875 0.2499998 0.9375 0.1875 0.96875 0.1875 0.96875 0.6875001 0.9375 0.6250001 0.96875 0.6250001 0.96875 0.1249998 0.9375 0.1875 0.9375 0.1249998 0.96875 0.6250001 0.9375 0.5625001 0.96875 0.5625001 0.9375 0.7500001 0.90625 0.8125001 0.90625 0.7500002 0.9375 0.2499998 0.90625 0.3124999 0.90625 0.2499998 0.9375 0.7500001 0.90625 0.6875001 0.9375 0.6875001 0.9375 0.2499998 0.90625 0.1875 0.9375 0.1875 0.9375 0.6250001 0.90625 0.6875001 0.90625 0.6250001 0.9375 0.1249998 0.90625 0.1875 0.90625 0.1249998 0.9375 0.6250001 0.90625 0.5625001 0.9375 0.5625001 0.9375 0.1249998 0.90625 0.06249994 0.9375 0.06249994 0.9375 0.5 0.90625 0.5625001 0.90625 0.5 0.9375 0.9375001 0.921875 1 0.90625 0.9375001 0.921875 0 0.9375 0.06249994 0.90625 0.06249994 0.9375 0.5 0.90625 0.4375 0.9375 0.4375 0.9375 0.9375001 0.90625 0.8750001 0.9375 0.8750001 0.9375 0.375 0.90625 0.4375 0.90625 0.375 0.9375 0.8750001 0.90625 0.8125001 0.9375 0.8125001 0.9375 0.375 0.90625 0.3124999 0.9375 0.3124999 0.90625 0.5 0.875 0.5625001 0.875 0.5 0.90625 0.9375001 0.890625 1 0.875 0.9375001 0.890625 0 0.90625 0.06249994 0.875 0.06249994 0.90625 0.5 0.875 0.4375 0.90625 0.4375 0.90625 0.9375001 0.875 0.8750001 0.90625 0.8750001 0.90625 0.375 0.875 0.4375 0.875 0.375 0.90625 0.8750001 0.875 0.8125001 0.90625 0.8125001 0.90625 0.375 0.875 0.3124999 0.90625 0.3124999 0.90625 0.7500002 0.875 0.8125001 0.875 0.7500002 0.90625 0.2499998 0.875 0.3124999 0.875 0.2499998 0.90625 0.7500002 0.875 0.6875001 0.90625 0.6875001 0.90625 0.2499998 0.875 0.1875 0.90625 0.1875 0.90625 0.6250001 0.875 0.6875001 0.875 0.6250001 0.90625 0.1249998 0.875 0.1875 0.875 0.1249998 0.90625 0.6250001 0.875 0.5625001 0.90625 0.5625001 0.90625 0.06249994 0.875 0.1249998 0.875 0.06249994 0.875 0.2499998 0.84375 0.3124999 0.84375 0.2499998 0.875 0.7500002 0.84375 0.6875001 0.875 0.6875001 0.875 0.2499998 0.84375 0.1875 0.875 0.1875 0.875 0.6250001 0.84375 0.6875001 0.84375 0.6250001 0.875 0.1875 0.84375 0.1249998 0.875 0.1249998 0.875 0.6250001 0.84375 0.5625001 0.875 0.5625001 0.875 0.06249994 0.84375 0.1249998 0.84375 0.06249994 0.875 0.5 0.84375 0.5625001 0.84375 0.5 0.875 0.9375001 0.859375 1 0.84375 0.9375001 0.859375 0 0.875 0.06249994 0.84375 0.06249994 0.875 0.5 0.84375 0.4375 0.875 0.4375 0.875 0.9375001 0.84375 0.8750001 0.875 0.8750001 0.875 0.375 0.84375 0.4375 0.84375 0.375 0.875 0.8125001 0.84375 0.8750001 0.84375 0.8125001 0.875 0.375 0.84375 0.3124999 0.875 0.3124999 0.875 0.7500002 0.84375 0.8125001 0.84375 0.7500002 0.828125 0 0.84375 0.06249994 0.8125 0.06249994 0.84375 0.5 0.8125 0.4375 0.84375 0.4375 0.84375 0.8750001 0.8125 0.9375001 0.8125 0.8750001 0.84375 0.375 0.8125 0.4375 0.8125 0.375 0.84375 0.8125001 0.8125 0.8750001 0.8125 0.8125001 0.84375 0.375 0.8125 0.3124999 0.84375 0.3124999 0.84375 0.7500002 0.8125 0.8125001 0.8125 0.7500002 0.84375 0.2499998 0.8125 0.3124999 0.8125 0.2499998 0.84375 0.7500002 0.8125 0.6875001 0.84375 0.6875001 0.84375 0.2499998 0.8125 0.1875 0.84375 0.1875 0.84375 0.6250001 0.8125 0.6875001 0.8125 0.6250001 0.84375 0.1875 0.8125 0.1249998 0.84375 0.1249998 0.84375 0.6250001 0.8125 0.5625001 0.84375 0.5625001 0.84375 0.1249998 0.8125 0.06249994 0.84375 0.06249994 0.84375 0.5 0.8125 0.5625001 0.8125 0.5 0.84375 0.9375001 0.828125 1 0.8125 0.9375001 0.8125 0.2499998 0.78125 0.1875 0.8125 0.1875 0.8125 0.6250001 0.78125 0.6875001 0.78125 0.6250001 0.8125 0.1249998 0.78125 0.1875 0.78125 0.1249998 0.8125 0.6250001 0.78125 0.5625001 0.8125 0.5625001 0.8125 0.1249998 0.78125 0.06249994 0.8125 0.06249994 0.8125 0.5 0.78125 0.5625001 0.78125 0.5 0.8125 0.9375001 0.796875 1 0.78125 0.9375001 0.796875 0 0.8125 0.06249994 0.78125 0.06249994 0.8125 0.5 0.78125 0.4375 0.8125 0.4375 0.8125 0.9375001 0.78125 0.8750001 0.8125 0.8750001 0.8125 0.375 0.78125 0.4375 0.78125 0.375 0.8125 0.8750001 0.78125 0.8125001 0.8125 0.8125001 0.8125 0.375 0.78125 0.3124999 0.8125 0.3124999 0.8125 0.8125001 0.78125 0.7500002 0.8125 0.7500002 0.8125 0.2499998 0.78125 0.3124999 0.78125 0.2499998 0.8125 0.7500002 0.78125 0.6875001 0.8125 0.6875001 0.78125 0.8750001 0.75 0.9375001 0.75 0.8750001 0.78125 0.4375 0.75 0.375 0.78125 0.375 0.78125 0.8125001 0.75 0.8750001 0.75 0.8125 0.78125 0.375 0.75 0.3124999 0.78125 0.3124999 0.78125 0.7500002 0.75 0.8125 0.75 0.75 0.78125 0.3124999 0.75 0.25 0.78125 0.2499998 0.78125 0.6875001 0.75 0.75 0.75 0.6875001 0.78125 0.2499998 0.75 0.1875 0.78125 0.1875 0.78125 0.6250001 0.75 0.6875001 0.75 0.625 0.78125 0.1875 0.75 0.1249998 0.78125 0.1249998 0.78125 0.5625001 0.75 0.625 0.75 0.5625001 0.78125 0.06249994 0.75 0.1249998 0.75 0.06249994 0.78125 0.5 0.75 0.5625001 0.75 0.5 0.78125 0.9375001 0.765625 1 0.75 0.9375001 0.765625 0 0.78125 0.06249994 0.75 0.06249994 0.78125 0.5 0.75 0.4375 0.78125 0.4375 0.75 0.5 0.71875 0.5 0.71875 0.4375 0.75 0.8750001 0.75 0.9375001 0.71875 0.9375001 0.75 0.375 0.75 0.4375 0.71875 0.4375 0.75 0.8125 0.75 0.8750001 0.71875 0.875 0.75 0.375 0.71875 0.375 0.71875 0.3125 0.75 0.8125 0.71875 0.8125 0.71875 0.75 0.75 0.3124999 0.71875 0.3125 0.71875 0.25 0.75 0.6875001 0.75 0.75 0.71875 0.75 0.75 0.1875 0.75 0.25 0.71875 0.25 0.75 0.625 0.75 0.6875001 0.71875 0.6875 0.75 0.1875 0.71875 0.1875 0.71875 0.125 0.75 0.5625001 0.75 0.625 0.71875 0.625 0.75 0.1249998 0.71875 0.125 0.71875 0.06249994 0.75 0.5625001 0.71875 0.5625 0.71875 0.5 0.71875 0.06249994 0.71875 0.125 0.6875 0.125 0.71875 0.5 0.71875 0.5625 0.6875 0.5625 0.71875 0.5 0.6875 0.5 0.6875 0.4375 0.71875 0.9375001 0.6875 0.9375001 0.6875 0.875 0.71875 0.375 0.71875 0.4375 0.6875 0.4375 0.71875 0.875 0.6875 0.875 0.6875 0.8125 0.71875 0.3125 0.71875 0.375 0.6875 0.375 0.71875 0.8125 0.6875 0.8125 0.6875 0.75 0.71875 0.25 0.71875 0.3125 0.6875 0.3125 0.71875 0.75 0.6875 0.75 0.6875 0.6875 0.71875 0.1875 0.71875 0.25 0.6875 0.25 0.71875 0.6875 0.6875 0.6875 0.6875 0.625 0.71875 0.125 0.71875 0.1875 0.6875 0.1875 0.71875 0.625 0.6875 0.625 0.6875 0.5625 0.6875 0.25 0.6875 0.3125 0.65625 0.3125 0.6875 0.75 0.65625 0.75 0.65625 0.6875 0.6875 0.25 0.65625 0.25 0.65625 0.1875 0.6875 0.6875 0.65625 0.6875 0.65625 0.625 0.6875 0.125 0.6875 0.1875 0.65625 0.1875 0.6875 0.625 0.65625 0.625 0.65625 0.5625 0.6875 0.06249994 0.6875 0.125 0.65625 0.125 0.6875 0.5 0.6875 0.5625 0.65625 0.5625 0.6875 0.5 0.65625 0.5 0.65625 0.4375 0.6875 0.9375001 0.65625 0.9375001 0.65625 0.875 0.6875 0.375 0.6875 0.4375 0.65625 0.4375 0.6875 0.875 0.65625 0.875 0.65625 0.8125 0.6875 0.3125 0.6875 0.375 0.65625 0.375 0.6875 0.75 0.6875 0.8125 0.65625 0.8125 0.65625 0.5 0.625 0.5 0.625 0.4375 0.65625 0.9375001 0.625 0.9375001 0.625 0.875 0.65625 0.375 0.65625 0.4375 0.625 0.4375 0.65625 0.875 0.625 0.875 0.625 0.8125 0.65625 0.3125 0.65625 0.375 0.625 0.375 0.65625 0.75 0.65625 0.8125 0.625 0.8125 0.65625 0.3125 0.625 0.3125 0.625 0.25 0.65625 0.75 0.625 0.75 0.625 0.6875 0.65625 0.25 0.625 0.25 0.625 0.1875 0.65625 0.6875 0.625 0.6875 0.625 0.6250001 0.65625 0.125 0.65625 0.1875 0.625 0.1875 0.65625 0.625 0.625 0.6250001 0.625 0.5625 0.65625 0.06249994 0.65625 0.125 0.625 0.125 0.65625 0.5 0.65625 0.5625 0.625 0.5625 0.625 0.75 0.59375 0.75 0.59375 0.6875 0.625 0.25 0.59375 0.25 0.59375 0.1875 0.625 0.6250001 0.625 0.6875 0.59375 0.6875 0.625 0.125 0.625 0.1875 0.59375 0.1875 0.625 0.6250001 0.59375 0.6250001 0.59375 0.5625 0.625 0.06249994 0.625 0.125 0.59375 0.125 0.625 0.5 0.625 0.5625 0.59375 0.5625 0.625 0.5 0.59375 0.5 0.59375 0.4375 0.625 0.9375001 0.59375 0.9375001 0.59375 0.875 0.625 0.375 0.625 0.4375 0.59375 0.4375 0.625 0.875 0.59375 0.875 0.59375 0.8125 0.625 0.375 0.59375 0.375 0.59375 0.3125 0.625 0.75 0.625 0.8125 0.59375 0.8125 0.625 0.3125 0.59375 0.3125 0.59375 0.25 0.59375 0.5 0.5625 0.5 0.5625 0.4375 0.59375 0.9375001 0.5625 0.9375001 0.5625 0.875 0.59375 0.375 0.59375 0.4375 0.5625 0.4375 0.59375 0.875 0.5625 0.875 0.5625 0.8125 0.59375 0.375 0.5625 0.375 0.5625 0.3125 0.59375 0.75 0.59375 0.8125 0.5625 0.8125 0.59375 0.3125 0.5625 0.3125 0.5625 0.25 0.59375 0.6875 0.59375 0.75 0.5625 0.75 0.59375 0.25 0.5625 0.25 0.5625 0.1875 0.59375 0.6250001 0.59375 0.6875 0.5625 0.6875 0.59375 0.125 0.59375 0.1875 0.5625 0.1875 0.59375 0.6250001 0.5625 0.6250001 0.5625 0.5625 0.59375 0.06249994 0.59375 0.125 0.5625 0.125 0.59375 0.5 0.59375 0.5625 0.5625 0.5625 0.5625 0.1875 0.5625 0.25 0.53125 0.25 0.5625 0.6250001 0.5625 0.6875 0.53125 0.6875 0.5625 0.125 0.5625 0.1875 0.53125 0.1875 0.5625 0.6250001 0.53125 0.6250001 0.53125 0.5625 0.5625 0.06249994 0.5625 0.125 0.53125 0.125 0.5625 0.5 0.5625 0.5625 0.53125 0.5625 0.5625 0.5 0.53125 0.5 0.53125 0.4375 0.5625 0.9375001 0.53125 0.9375001 0.53125 0.875 0.5625 0.375 0.5625 0.4375 0.53125 0.4375 0.5625 0.875 0.53125 0.875 0.53125 0.8125 0.5625 0.375 0.53125 0.375 0.53125 0.3125 0.5625 0.8125 0.53125 0.8125 0.53125 0.75 0.5625 0.25 0.5625 0.3125 0.53125 0.3125 0.5625 0.75 0.53125 0.75 0.53125 0.6875 0.53125 0.9375001 0.5 0.9375001 0.5 0.875 0.53125 0.375 0.53125 0.4375 0.5 0.4375 0.53125 0.875 0.5 0.875 0.5 0.8125 0.53125 0.375 0.5 0.375 0.5 0.3125 0.53125 0.8125 0.5 0.8125 0.5 0.75 0.53125 0.25 0.53125 0.3125 0.5 0.3125 0.53125 0.75 0.5 0.75 0.5 0.6875001 0.53125 0.1875 0.53125 0.25 0.5 0.25 0.53125 0.6250001 0.53125 0.6875 0.5 0.6875001 0.53125 0.125 0.53125 0.1875 0.5 0.1875 0.53125 0.6250001 0.5 0.6250001 0.5 0.5625 0.53125 0.06249994 0.53125 0.125 0.5 0.125 0.53125 0.5 0.53125 0.5625 0.5 0.5625 0.53125 0.5 0.5 0.5 0.5 0.4375 0.5 0.6250001 0.5 0.6875001 0.46875 0.6875 0.5 0.125 0.5 0.1875 0.46875 0.1875 0.5 0.6250001 0.46875 0.6250001 0.46875 0.5625 0.5 0.06249994 0.5 0.125 0.46875 0.125 0.5 0.5 0.5 0.5625 0.46875 0.5625 0.5 0.5 0.46875 0.5 0.46875 0.4375 0.5 0.9375001 0.46875 0.9375001 0.46875 0.875 0.5 0.375 0.5 0.4375 0.46875 0.4375 0.5 0.875 0.46875 0.875 0.46875 0.8125 0.5 0.375 0.46875 0.375 0.46875 0.3125 0.5 0.8125 0.46875 0.8125 0.46875 0.75 0.5 0.3125 0.46875 0.3125 0.46875 0.25 0.5 0.75 0.46875 0.75 0.46875 0.6875 0.5 0.1875 0.5 0.25 0.46875 0.25 0.46875 0.375 0.46875 0.4375 0.4375 0.4375 0.46875 0.875 0.4375 0.875 0.4375 0.8125 0.46875 0.375 0.4375 0.375 0.4375 0.3125 0.46875 0.8125 0.4375 0.8125 0.4375 0.7500001 0.46875 0.25 0.46875 0.3125 0.4375 0.3125 0.46875 0.75 0.4375 0.7500001 0.4375 0.6875001 0.46875 0.1875 0.46875 0.25 0.4375 0.25 0.46875 0.6250001 0.46875 0.6875 0.4375 0.6875001 0.46875 0.125 0.46875 0.1875 0.4375 0.1875 0.46875 0.6250001 0.4375 0.6250001 0.4375 0.5625 0.46875 0.06249994 0.46875 0.125 0.4375 0.125 0.46875 0.5 0.46875 0.5625 0.4375 0.5625 0.46875 0.5 0.4375 0.5 0.4375 0.4375 0.46875 0.9375001 0.4375 0.9375001 0.4375 0.875 0.4375 0.125 0.4375 0.1875 0.40625 0.1875 0.4375 0.6250001 0.40625 0.6250001 0.40625 0.5625 0.4375 0.06249994 0.4375 0.125 0.40625 0.125 0.4375 0.5 0.4375 0.5625 0.40625 0.5625 0.4375 0.5 0.40625 0.5 0.40625 0.4375 0.4375 0.9375001 0.40625 0.9375001 0.40625 0.875 0.4375 0.375 0.4375 0.4375 0.40625 0.4375 0.4375 0.875 0.40625 0.875 0.40625 0.8125 0.4375 0.375 0.40625 0.375 0.40625 0.3125 0.4375 0.8125 0.40625 0.8125 0.40625 0.7500001 0.4375 0.25 0.4375 0.3125 0.40625 0.3125 0.4375 0.7500001 0.40625 0.7500001 0.40625 0.6875001 0.4375 0.1875 0.4375 0.25 0.40625 0.25 0.4375 0.6250001 0.4375 0.6875001 0.40625 0.6875001 0.40625 0.375 0.375 0.375 0.375 0.3125 0.40625 0.8125 0.375 0.8125 0.375 0.7500001 0.40625 0.25 0.40625 0.3125 0.375 0.3125 0.40625 0.7500001 0.375 0.7500001 0.375 0.6875001 0.40625 0.25 0.375 0.25 0.375 0.1875 0.40625 0.6250001 0.40625 0.6875001 0.375 0.6875001 0.40625 0.125 0.40625 0.1875 0.375 0.1875 0.40625 0.6250001 0.375 0.6250001 0.375 0.5625 0.40625 0.06249994 0.40625 0.125 0.375 0.125 0.40625 0.5 0.40625 0.5625 0.375 0.5625 0.40625 0.5 0.375 0.5 0.375 0.4375 0.40625 0.9375001 0.375 0.9375001 0.375 0.875 0.40625 0.375 0.40625 0.4375 0.375 0.4375 0.40625 0.875 0.375 0.875 0.375 0.8125 0.375 0.06249994 0.375 0.125 0.34375 0.125 0.375 0.5 0.375 0.5625 0.34375 0.5625 0.375 0.5 0.34375 0.5 0.34375 0.4375 0.375 0.9375001 0.34375 0.9375001 0.34375 0.875 0.375 0.375 0.375 0.4375 0.34375 0.4375 0.375 0.875 0.34375 0.875 0.34375 0.8125 0.375 0.375 0.34375 0.375 0.34375 0.3125 0.375 0.8125 0.34375 0.8125 0.34375 0.7500001 0.375 0.25 0.375 0.3125 0.34375 0.3125 0.375 0.7500001 0.34375 0.7500001 0.34375 0.6875001 0.375 0.1875 0.375 0.25 0.34375 0.25 0.375 0.6250001 0.375 0.6875001 0.34375 0.6875001 0.375 0.125 0.375 0.1875 0.34375 0.1875 0.375 0.6250001 0.34375 0.6250001 0.34375 0.5625 0.34375 0.8125 0.3125 0.8125 0.3125 0.7500001 0.34375 0.25 0.34375 0.3125 0.3125 0.3125 0.34375 0.7500001 0.3125 0.7500001 0.3125 0.6875001 0.34375 0.1875 0.34375 0.25 0.3125 0.25 0.34375 0.6250001 0.34375 0.6875001 0.3125 0.6875001 0.34375 0.125 0.34375 0.1875 0.3125 0.1875 0.34375 0.6250001 0.3125 0.6250001 0.3125 0.5625 0.34375 0.06249994 0.34375 0.125 0.3125 0.1249998 0.34375 0.5 0.34375 0.5625 0.3125 0.5625 0.34375 0.5 0.3125 0.5 0.3125 0.4375 0.34375 0.9375001 0.3125 0.9375001 0.3125 0.8750001 0.34375 0.375 0.34375 0.4375 0.3125 0.4375 0.34375 0.875 0.3125 0.8750001 0.3125 0.8125 0.34375 0.375 0.3125 0.375 0.3125 0.3125 0.3125 0.5 0.3125 0.5625 0.28125 0.5625 0.3125 0.5 0.28125 0.5 0.28125 0.4375 0.3125 0.8750001 0.3125 0.9375001 0.28125 0.9375001 0.3125 0.375 0.3125 0.4375 0.28125 0.4375 0.3125 0.8750001 0.28125 0.875 0.28125 0.8125 0.3125 0.375 0.28125 0.375 0.28125 0.3125 0.3125 0.8125 0.28125 0.8125 0.28125 0.7500001 0.3125 0.3125 0.28125 0.3125 0.28125 0.25 0.3125 0.7500001 0.28125 0.7500001 0.28125 0.6875001 0.3125 0.1875 0.3125 0.25 0.28125 0.25 0.3125 0.6250001 0.3125 0.6875001 0.28125 0.6875001 0.3125 0.1249998 0.3125 0.1875 0.28125 0.1875 0.3125 0.6250001 0.28125 0.6250001 0.28125 0.5625 0.3125 0.1249998 0.28125 0.125 0.28125 0.06249994 0.28125 0.25 0.28125 0.3125 0.25 0.3125 0.28125 0.7500001 0.25 0.7500001 0.25 0.6875001 0.28125 0.1875 0.28125 0.25 0.25 0.2499999 0.28125 0.6875001 0.25 0.6875001 0.25 0.6250001 0.28125 0.125 0.28125 0.1875 0.25 0.1875 0.28125 0.6250001 0.25 0.6250001 0.25 0.5625 0.28125 0.06249994 0.28125 0.125 0.25 0.1249998 0.28125 0.5 0.28125 0.5625 0.25 0.5625 0.28125 0.5 0.25 0.5 0.25 0.4375 0.28125 0.9375001 0.25 0.9375001 0.25 0.8750001 0.28125 0.375 0.28125 0.4375 0.25 0.4375 0.28125 0.875 0.25 0.8750001 0.25 0.8125 0.28125 0.3125 0.28125 0.375 0.25 0.375 0.28125 0.8125 0.25 0.8125 0.25 0.7500001 0.25 0.5 0.21875 0.5 0.21875 0.4375 0.25 0.8750001 0.25 0.9375001 0.21875 0.9375001 0.25 0.375 0.25 0.4375 0.21875 0.4375 0.25 0.8750001 0.21875 0.875 0.21875 0.8125 0.25 0.375 0.21875 0.375 0.21875 0.3125 0.25 0.8125 0.21875 0.8125 0.21875 0.7500001 0.25 0.3125 0.21875 0.3125 0.21875 0.2499999 0.25 0.7500001 0.21875 0.7500001 0.21875 0.6875001 0.25 0.1875 0.25 0.2499999 0.21875 0.2499999 0.25 0.6250001 0.25 0.6875001 0.21875 0.6875001 0.25 0.1875 0.21875 0.1875 0.21875 0.125 0.25 0.6250001 0.21875 0.6250001 0.21875 0.5625001 0.25 0.1249998 0.21875 0.125 0.21875 0.06249994 0.25 0.5 0.25 0.5625 0.21875 0.5625001 0.21875 0.7500001 0.1875 0.7500001 0.1875 0.6875001 0.21875 0.1875 0.21875 0.2499999 0.1875 0.2499999 0.21875 0.6875001 0.1875 0.6875001 0.1875 0.6250001 0.21875 0.125 0.21875 0.1875 0.1875 0.1875 0.21875 0.6250001 0.1875 0.6250001 0.1875 0.5625001 0.21875 0.06249994 0.21875 0.125 0.1875 0.1249998 0.21875 0.5 0.21875 0.5625001 0.1875 0.5625001 0.21875 0.5 0.1875 0.5 0.1875 0.4375 0.21875 0.9375001 0.1875 0.9375001 0.1875 0.8750001 0.21875 0.375 0.21875 0.4375 0.1875 0.4375 0.21875 0.875 0.1875 0.8750001 0.1875 0.8125 0.21875 0.3125 0.21875 0.375 0.1875 0.375 0.21875 0.8125 0.1875 0.8125 0.1875 0.7500001 0.21875 0.2499999 0.21875 0.3125 0.1875 0.3125 0.1875 0.5 0.15625 0.5 0.15625 0.4375 0.1875 0.8750001 0.1875 0.9375001 0.15625 0.9375001 0.1875 0.375 0.1875 0.4375 0.15625 0.4375 0.1875 0.8750001 0.15625 0.8750001 0.15625 0.8125001 0.1875 0.375 0.15625 0.375 0.15625 0.3125 0.1875 0.8125 0.15625 0.8125001 0.15625 0.7500001 0.1875 0.2499999 0.1875 0.3125 0.15625 0.3125 0.1875 0.7500001 0.15625 0.7500001 0.15625 0.6875001 0.1875 0.2499999 0.15625 0.2499999 0.15625 0.1875 0.1875 0.6250001 0.1875 0.6875001 0.15625 0.6875001 0.1875 0.1249998 0.1875 0.1875 0.15625 0.1875 0.1875 0.6250001 0.15625 0.6250001 0.15625 0.5625001 0.1875 0.1249998 0.15625 0.1249998 0.15625 0.06249994 0.1875 0.5 0.1875 0.5625001 0.15625 0.5625001 0.15625 0.2499999 0.125 0.2499999 0.125 0.1875 0.15625 0.6250001 0.15625 0.6875001 0.125 0.6875001 0.15625 0.1249998 0.15625 0.1875 0.125 0.1875 0.15625 0.6250001 0.125 0.6250001 0.125 0.5625001 0.15625 0.06249994 0.15625 0.1249998 0.125 0.1249998 0.15625 0.5 0.15625 0.5625001 0.125 0.5625001 0.15625 0.5 0.125 0.5 0.125 0.4375 0.15625 0.9375001 0.125 0.9375001 0.125 0.8750001 0.15625 0.375 0.15625 0.4375 0.125 0.4375 0.15625 0.8750001 0.125 0.8750001 0.125 0.8125001 0.15625 0.375 0.125 0.375 0.125 0.3125 0.15625 0.7500001 0.15625 0.8125001 0.125 0.8125001 0.15625 0.2499999 0.15625 0.3125 0.125 0.3125 0.15625 0.7500001 0.125 0.7500001 0.125 0.6875001 0.125 0.375 0.125 0.4375 0.09375 0.4375 0.125 0.8750001 0.09374994 0.8750001 0.09375 0.8125001 0.125 0.375 0.09375 0.375 0.09375 0.3125 0.125 0.7500001 0.125 0.8125001 0.09375 0.8125001 0.125 0.2499999 0.125 0.3125 0.09375 0.3125 0.125 0.7500001 0.09374994 0.7500001 0.09375 0.6875001 0.125 0.2499999 0.09374994 0.2499998 0.09375 0.1875 0.125 0.6250001 0.125 0.6875001 0.09375 0.6875001 0.125 0.1249998 0.125 0.1875 0.09375 0.1875 0.125 0.6250001 0.09375 0.6250001 0.09375 0.5625001 0.125 0.06249994 0.125 0.1249998 0.09374994 0.1249998 0.125 0.5 0.125 0.5625001 0.09375 0.5625001 0.125 0.5 0.09375 0.5 0.09375 0.4375 0.125 0.9375001 0.09375 0.9375001 0.09374994 0.8750001 0.09374994 0.1249998 0.09375 0.1875 0.0625 0.1875 0.09375 0.6250001 0.0625 0.6250001 0.0625 0.5625001 0.09375 0.06249994 0.09374994 0.1249998 0.0625 0.1249998 0.09375 0.5 0.09375 0.5625001 0.0625 0.5625001 0.09375 0.5 0.0625 0.5 0.0625 0.4375 0.09375 0.9375001 0.0625 0.9375001 0.0625 0.8750001 0.09375 0.375 0.09375 0.4375 0.0625 0.4375 0.09374994 0.8750001 0.0625 0.8750001 0.0625 0.8125001 0.09375 0.375 0.0625 0.375 0.0625 0.3125 0.09374994 0.7500001 0.09375 0.8125001 0.0625 0.8125001 0.09374994 0.2499998 0.09375 0.3125 0.0625 0.3125 0.09374994 0.7500001 0.0625 0.7500001 0.0625 0.6875001 0.09374994 0.2499998 0.0625 0.2499998 0.0625 0.1875 0.09375 0.6250001 0.09375 0.6875001 0.0625 0.6875001 0.0625 0.8750001 0.03124994 0.8750001 0.03124994 0.8125001 0.0625 0.375 0.03125 0.375 0.03125 0.3125 0.0625 0.7500001 0.0625 0.8125001 0.03124994 0.8125001 0.0625 0.2499998 0.0625 0.3125 0.03125 0.3125 0.0625 0.7500001 0.03124994 0.7500001 0.03125 0.6875001 0.0625 0.2499998 0.03124994 0.2499998 0.03124994 0.1875 0.0625 0.6250001 0.0625 0.6875001 0.03125 0.6875001 0.0625 0.1249998 0.0625 0.1875 0.03124994 0.1875 0.0625 0.6250001 0.03125 0.6250001 0.03125 0.5625001 0.0625 0.1249998 0.03124994 0.1249998 0.03124994 0.06249994 0.0625 0.5 0.0625 0.5625001 0.03125 0.5625001 0.0625 0.5 0.03124994 0.5 0.03125 0.4375 0.0625 0.9375001 0.03124994 0.9375001 0.03124994 0.8750001 0.0625 0.375 0.0625 0.4375 0.03125 0.4375 0.03125 0.6250001 0 0.6250001 0 0.5625001 0.03124994 0.06249994 0.03124994 0.1249998 0 0.1249998 0.03124994 0.5 0.03125 0.5625001 0 0.5625001 0.03124994 0.5 0 0.5 0 0.4375 0.03124994 0.9375001 0 0.9375001 0 0.8750001 0.03125 0.375 0.03125 0.4375 0 0.4375 0.03124994 0.8750001 0 0.8750001 0 0.8125001 0.03125 0.3125 0.03125 0.375 0 0.375 0.03124994 0.8125001 0 0.8125001 0 0.7500001 0.03124994 0.2499998 0.03125 0.3125 0 0.3124999 0.03124994 0.7500001 0 0.7500001 0 0.6875001 0.03124994 0.2499998 0 0.2499998 0 0.1875 0.03125 0.6875001 0 0.6875001 0 0.6250001 0.03124994 0.1249998 0.03124994 0.1875 0 0.1875 1 0.375 0.96875 0.375 0.96875 0.3125 1 0.7500001 1 0.8125001 0.96875 0.8125001 1 0.2499998 1 0.3124999 0.96875 0.3125 1 0.7500001 0.96875 0.7500001 0.96875 0.6875001 1 0.2499998 0.96875 0.2499998 0.96875 0.1875 1 0.6250001 1 0.6875001 0.96875 0.6875001 1 0.1875 0.96875 0.1875 0.96875 0.1249998 1 0.6250001 0.96875 0.6250001 0.96875 0.5625001 1 0.1249998 0.96875 0.1249998 0.96875 0.06249994 1 0.5 1 0.5625001 0.96875 0.5625001 1 0.5 0.96875 0.5 0.96875 0.4375 1 0.8750001 1 0.9375001 0.96875 0.9375001 1 0.375 1 0.4375 0.96875 0.4375 1 0.8125001 1 0.8750001 0.96875 0.8750001 0.96875 0.1249998 0.9375 0.1249998 0.9375 0.06249994 0.96875 0.5 0.96875 0.5625001 0.9375 0.5625001 0.96875 0.5 0.9375 0.5 0.9375 0.4375 0.96875 0.9375001 0.9375 0.9375001 0.9375 0.8750001 0.96875 0.375 0.96875 0.4375 0.9375 0.4375 0.96875 0.8750001 0.9375 0.8750001 0.9375 0.8125001 0.96875 0.3125 0.96875 0.375 0.9375 0.375 0.96875 0.7500001 0.96875 0.8125001 0.9375 0.8125001 0.96875 0.2499998 0.96875 0.3125 0.9375 0.3124999 0.96875 0.7500001 0.9375 0.7500001 0.9375 0.6875001 0.96875 0.2499998 0.9375 0.2499998 0.9375 0.1875 0.96875 0.6875001 0.9375 0.6875001 0.9375 0.6250001 0.96875 0.1249998 0.96875 0.1875 0.9375 0.1875 0.96875 0.6250001 0.9375 0.6250001 0.9375 0.5625001 0.9375 0.7500001 0.9375 0.8125001 0.90625 0.8125001 0.9375 0.2499998 0.9375 0.3124999 0.90625 0.3124999 0.9375 0.7500001 0.90625 0.7500002 0.90625 0.6875001 0.9375 0.2499998 0.90625 0.2499998 0.90625 0.1875 0.9375 0.6250001 0.9375 0.6875001 0.90625 0.6875001 0.9375 0.1249998 0.9375 0.1875 0.90625 0.1875 0.9375 0.6250001 0.90625 0.6250001 0.90625 0.5625001 0.9375 0.1249998 0.90625 0.1249998 0.90625 0.06249994 0.9375 0.5 0.9375 0.5625001 0.90625 0.5625001 0.9375 0.5 0.90625 0.5 0.90625 0.4375 0.9375 0.9375001 0.90625 0.9375001 0.90625 0.8750001 0.9375 0.375 0.9375 0.4375 0.90625 0.4375 0.9375 0.8750001 0.90625 0.8750001 0.90625 0.8125001 0.9375 0.375 0.90625 0.375 0.90625 0.3124999 0.90625 0.5 0.90625 0.5625001 0.875 0.5625001 0.90625 0.5 0.875 0.5 0.875 0.4375 0.90625 0.9375001 0.875 0.9375001 0.875 0.8750001 0.90625 0.375 0.90625 0.4375 0.875 0.4375 0.90625 0.8750001 0.875 0.8750001 0.875 0.8125001 0.90625 0.375 0.875 0.375 0.875 0.3124999 0.90625 0.7500002 0.90625 0.8125001 0.875 0.8125001 0.90625 0.2499998 0.90625 0.3124999 0.875 0.3124999 0.90625 0.7500002 0.875 0.7500002 0.875 0.6875001 0.90625 0.2499998 0.875 0.2499998 0.875 0.1875 0.90625 0.6250001 0.90625 0.6875001 0.875 0.6875001 0.90625 0.1249998 0.90625 0.1875 0.875 0.1875 0.90625 0.6250001 0.875 0.6250001 0.875 0.5625001 0.90625 0.06249994 0.90625 0.1249998 0.875 0.1249998 0.875 0.2499998 0.875 0.3124999 0.84375 0.3124999 0.875 0.7500002 0.84375 0.7500002 0.84375 0.6875001 0.875 0.2499998 0.84375 0.2499998 0.84375 0.1875 0.875 0.6250001 0.875 0.6875001 0.84375 0.6875001 0.875 0.1875 0.84375 0.1875 0.84375 0.1249998 0.875 0.6250001 0.84375 0.6250001 0.84375 0.5625001 0.875 0.06249994 0.875 0.1249998 0.84375 0.1249998 0.875 0.5 0.875 0.5625001 0.84375 0.5625001 0.875 0.5 0.84375 0.5 0.84375 0.4375 0.875 0.9375001 0.84375 0.9375001 0.84375 0.8750001 0.875 0.375 0.875 0.4375 0.84375 0.4375 0.875 0.8125001 0.875 0.8750001 0.84375 0.8750001 0.875 0.375 0.84375 0.375 0.84375 0.3124999 0.875 0.7500002 0.875 0.8125001 0.84375 0.8125001 0.84375 0.5 0.8125 0.5 0.8125 0.4375 0.84375 0.8750001 0.84375 0.9375001 0.8125 0.9375001 0.84375 0.375 0.84375 0.4375 0.8125 0.4375 0.84375 0.8125001 0.84375 0.8750001 0.8125 0.8750001 0.84375 0.375 0.8125 0.375 0.8125 0.3124999 0.84375 0.7500002 0.84375 0.8125001 0.8125 0.8125001 0.84375 0.2499998 0.84375 0.3124999 0.8125 0.3124999 0.84375 0.7500002 0.8125 0.7500002 0.8125 0.6875001 0.84375 0.2499998 0.8125 0.2499998 0.8125 0.1875 0.84375 0.6250001 0.84375 0.6875001 0.8125 0.6875001 0.84375 0.1875 0.8125 0.1875 0.8125 0.1249998 0.84375 0.6250001 0.8125 0.6250001 0.8125 0.5625001 0.84375 0.1249998 0.8125 0.1249998 0.8125 0.06249994 0.84375 0.5 0.84375 0.5625001 0.8125 0.5625001 0.8125 0.2499998 0.78125 0.2499998 0.78125 0.1875 0.8125 0.6250001 0.8125 0.6875001 0.78125 0.6875001 0.8125 0.1249998 0.8125 0.1875 0.78125 0.1875 0.8125 0.6250001 0.78125 0.6250001 0.78125 0.5625001 0.8125 0.1249998 0.78125 0.1249998 0.78125 0.06249994 0.8125 0.5 0.8125 0.5625001 0.78125 0.5625001 0.8125 0.5 0.78125 0.5 0.78125 0.4375 0.8125 0.9375001 0.78125 0.9375001 0.78125 0.8750001 0.8125 0.375 0.8125 0.4375 0.78125 0.4375 0.8125 0.8750001 0.78125 0.8750001 0.78125 0.8125001 0.8125 0.375 0.78125 0.375 0.78125 0.3124999 0.8125 0.8125001 0.78125 0.8125001 0.78125 0.7500002 0.8125 0.2499998 0.8125 0.3124999 0.78125 0.3124999 0.8125 0.7500002 0.78125 0.7500002 0.78125 0.6875001 0.78125 0.8750001 0.78125 0.9375001 0.75 0.9375001 0.78125 0.4375 0.75 0.4375 0.75 0.375 0.78125 0.8125001 0.78125 0.8750001 0.75 0.8750001 0.78125 0.375 0.75 0.375 0.75 0.3124999 0.78125 0.7500002 0.78125 0.8125001 0.75 0.8125 0.78125 0.3124999 0.75 0.3124999 0.75 0.25 0.78125 0.6875001 0.78125 0.7500002 0.75 0.75 0.78125 0.2499998 0.75 0.25 0.75 0.1875 0.78125 0.6250001 0.78125 0.6875001 0.75 0.6875001 0.78125 0.1875 0.75 0.1875 0.75 0.1249998 0.78125 0.5625001 0.78125 0.6250001 0.75 0.625 0.78125 0.06249994 0.78125 0.1249998 0.75 0.1249998 0.78125 0.5 0.78125 0.5625001 0.75 0.5625001 0.78125 0.5 0.75 0.5 0.75 0.4375</float_array>
          <technique_common>
            <accessor source="#Sphere_001-mesh-map-0-array" count="2880" stride="2">
              <param name="S" type="float"/>
              <param name="T" type="float"/>
            </accessor>
          </technique_common>
        </source>
        <vertices id="Sphere_001-mesh-vertices">
          <input semantic="POSITION" source="#Sphere_001-mesh-positions"/>
        </vertices>
        <triangles material="CL_post-material" count="960">
          <input semantic="VERTEX" source="#Sphere_001-mesh-vertices" offset="0"/>
          <input semantic="NORMAL" source="#Sphere_001-mesh-normals" offset="1"/>
          <input semantic="TEXCOORD" source="#Sphere_001-mesh-map-0" offset="2" set="0"/>
          <p>4 0 0 16 0 1 5 0 2 475 1 3 8 1 4 9 1 5 478 2 6 16 2 7 17 2 8 1 3 9 9 3 10 10 3 11 478 4 12 18 4 13 479 4 14 1 5 15 11 5 16 2 5 17 479 6 18 19 6 19 6 6 20 476 7 21 11 7 22 12 7 23 7 8 24 19 8 25 20 8 26 3 9 27 12 9 28 13 9 29 7 10 30 21 10 31 480 10 32 477 11 33 13 11 34 14 11 35 480 12 36 22 12 37 481 12 38 477 13 39 15 13 40 4 13 41 0 14 42 309 14 43 8 14 44 248 15 45 481 15 46 22 15 47 22 16 48 36 16 49 37 16 50 15 17 51 29 17 52 30 17 53 8 18 54 309 18 55 23 18 56 248 19 57 22 19 58 37 19 59 15 20 60 31 20 61 16 20 62 8 21 63 24 21 64 9 21 65 17 22 66 31 22 67 32 22 68 9 23 69 25 23 70 10 23 71 18 24 72 32 24 73 33 24 74 10 25 75 26 25 76 11 25 77 19 26 78 33 26 79 34 26 80 11 27 81 27 27 82 12 27 83 20 28 84 34 28 85 35 28 86 12 29 87 28 29 88 13 29 89 21 30 90 35 30 91 36 30 92 13 31 93 29 31 94 14 31 95 34 32 96 48 32 97 49 32 98 26 33 99 42 33 100 27 33 101 34 34 102 50 34 103 35 34 104 27 35 105 43 35 106 28 35 107 36 36 108 50 36 109 51 36 110 28 37 111 44 37 112 29 37 113 37 38 114 51 38 115 52 38 116 30 39 117 44 39 118 45 39 119 23 40 120 309 40 121 38 40 122 248 41 123 37 41 124 52 41 125 30 42 126 46 42 127 31 42 128 23 43 129 39 43 130 24 43 131 32 44 132 46 44 133 47 44 134 24 45 135 40 45 136 25 45 137 33 46 138 47 46 139 48 46 140 26 47 141 40 47 142 41 47 143 38 48 144 309 48 145 53 48 146 248 49 147 52 49 148 67 49 149 45 50 150 61 50 151 46 50 152 38 51 153 54 51 154 39 51 155 47 52 156 61 52 157 62 52 158 39 53 159 55 53 160 40 53 161 48 54 162 62 54 163 63 54 164 41 55 165 55 55 166 56 55 167 48 56 168 64 56 169 49 56 170 41 57 171 57 57 172 42 57 173 49 58 174 65 58 175 50 58 176 42 59 177 58 59 178 43 59 179 51 60 180 65 60 181 66 60 182 43 61 183 59 61 184 44 61 185 52 62 186 66 62 187 67 62 188 45 63 189 59 63 190 60 63 191 56 64 192 72 64 193 57 64 194 64 65 195 80 65 196 65 65 197 58 66 198 72 66 199 73 66 200 66 67 201 80 67 202 81 67 203 58 68 204 74 68 205 59 68 206 67 69 207 81 69 208 82 69 209 60 70 210 74 70 211 75 70 212 53 71 213 309 71 214 68 71 215 248 72 216 67 72 217 82 72 218 60 73 219 76 73 220 61 73 221 53 74 222 69 74 223 54 74 224 62 75 225 76 75 226 77 75 227 54 76 228 70 76 229 55 76 230 62 77 231 78 77 232 63 77 233 56 78 234 70 78 235 71 78 236 63 79 237 79 79 238 64 79 239 75 80 240 91 80 241 76 80 242 68 81 243 84 81 244 69 81 245 77 82 246 91 82 247 92 82 248 69 83 249 85 83 250 70 83 251 77 84 252 93 84 253 78 84 254 71 85 255 85 85 256 86 85 257 78 86 258 94 86 259 79 86 260 72 87 261 86 87 262 87 87 263 79 88 264 95 88 265 80 88 266 73 89 267 87 89 268 88 89 269 81 90 270 95 90 271 96 90 272 73 91 273 89 91 274 74 91 275 82 92 276 96 92 277 97 92 278 75 93 279 89 93 280 90 93 281 68 94 282 309 94 283 83 94 284 248 95 285 82 95 286 97 95 287 95 96 288 109 96 289 110 96 290 88 97 291 102 97 292 103 97 293 96 98 294 110 98 295 111 98 296 88 99 297 104 99 298 89 99 299 97 100 300 111 100 301 112 100 302 90 101 303 104 101 304 105 101 305 83 102 306 309 102 307 98 102 308 248 103 309 97 103 310 112 103 311 90 104 312 106 104 313 91 104 314 83 105 315 99 105 316 84 105 317 92 106 318 106 106 319 107 106 320 84 107 321 100 107 322 85 107 323 92 108 324 108 108 325 93 108 326 85 109 327 101 109 328 86 109 329 94 110 330 108 110 331 109 110 332 86 111 333 102 111 334 87 111 335 98 112 336 114 112 337 99 112 338 107 113 339 121 113 340 122 113 341 99 114 342 115 114 343 100 114 344 107 115 345 123 115 346 108 115 347 100 116 348 116 116 349 101 116 350 109 117 351 123 117 352 124 117 353 101 118 354 117 118 355 102 118 356 110 119 357 124 119 358 125 119 359 103 120 360 117 120 361 118 120 362 111 121 363 125 121 364 126 121 365 103 122 366 119 122 367 104 122 368 112 123 369 126 123 370 127 123 371 105 124 372 119 124 373 120 124 374 98 125 375 309 125 376 113 125 377 248 126 378 112 126 379 127 126 380 105 127 381 121 127 382 106 127 383 118 128 384 132 128 385 133 128 386 126 129 387 140 129 388 141 129 389 118 130 390 134 130 391 119 130 392 127 131 393 141 131 394 142 131 395 120 132 396 134 132 397 135 132 398 113 133 399 309 133 400 128 133 401 248 134 402 127 134 403 142 134 404 120 135 405 136 135 406 121 135 407 113 136 408 129 136 409 114 136 410 122 137 411 136 137 412 137 137 413 114 138 414 130 138 415 115 138 416 122 139 417 138 139 418 123 139 419 115 140 420 131 140 421 116 140 422 123 141 423 139 141 424 124 141 425 116 142 426 132 142 427 117 142 428 125 143 429 139 143 430 140 143 431 137 144 432 151 144 433 152 144 434 129 145 435 145 145 436 130 145 437 137 146 438 153 146 439 138 146 440 130 147 441 146 147 442 131 147 443 139 148 444 153 148 445 154 148 446 131 149 447 147 149 448 132 149 449 140 150 450 154 150 451 155 150 452 133 151 453 147 151 454 148 151 455 141 152 456 155 152 457 156 152 458 133 153 459 149 153 460 134 153 461 142 154 462 156 154 463 157 154 464 135 155 465 149 155 466 150 155 467 128 156 468 309 156 469 143 156 470 248 157 471 142 157 472 157 157 473 135 158 474 151 158 475 136 158 476 128 159 477 144 159 478 129 159 479 156 160 480 170 160 481 171 160 482 148 161 483 164 161 484 149 161 485 157 162 486 171 162 487 172 162 488 150 163 489 164 163 490 165 163 491 143 164 492 309 164 493 158 164 494 248 165 495 157 165 496 172 165 497 150 166 498 166 166 499 151 166 500 143 167 501 159 167 502 144 167 503 152 168 504 166 168 505 167 168 506 144 169 507 160 169 508 145 169 509 152 170 510 168 170 511 153 170 512 145 171 513 161 171 514 146 171 515 154 172 516 168 172 517 169 172 518 146 173 519 162 173 520 147 173 521 155 174 522 169 174 523 170 174 524 148 175 525 162 175 526 163 175 527 167 176 528 183 176 529 168 176 530 160 177 531 176 177 532 161 177 533 169 178 534 183 178 535 184 178 536 161 179 537 177 179 538 162 179 539 169 180 540 185 180 541 170 180 542 163 181 543 177 181 544 178 181 545 171 182 546 185 182 547 186 182 548 163 183 549 179 183 550 164 183 551 172 184 552 186 184 553 187 184 554 165 185 555 179 185 556 180 185 557 158 186 558 309 186 559 173 186 560 248 187 561 172 187 562 187 187 563 165 188 564 181 188 565 166 188 566 158 189 567 174 189 568 159 189 569 167 190 570 181 190 571 182 190 572 159 191 573 175 191 574 160 191 575 187 192 576 201 192 577 202 192 578 180 193 579 194 193 580 195 193 581 173 194 582 309 194 583 188 194 584 248 195 585 187 195 586 202 195 587 180 196 588 196 196 589 181 196 590 173 197 591 189 197 592 174 197 593 182 198 594 196 198 595 197 198 596 174 199 597 190 199 598 175 199 599 182 200 600 198 200 601 183 200 602 175 201 603 191 201 604 176 201 605 184 202 606 198 202 607 199 202 608 176 203 609 192 203 610 177 203 611 185 204 612 199 204 613 200 204 614 178 205 615 192 205 616 193 205 617 186 206 618 200 206 619 201 206 620 178 207 621 194 207 622 179 207 623 190 208 624 206 208 625 191 208 626 199 209 627 213 209 628 214 209 629 191 210 630 207 210 631 192 210 632 200 211 633 214 211 634 215 211 635 193 212 636 207 212 637 208 212 638 201 213 639 215 213 640 216 213 641 193 214 642 209 214 643 194 214 644 202 215 645 216 215 646 217 215 647 195 216 648 209 216 649 210 216 650 188 217 651 309 217 652 203 217 653 248 218 654 202 218 655 217 218 656 195 219 657 211 219 658 196 219 659 188 220 660 204 220 661 189 220 662 197 221 663 211 221 664 212 221 665 189 222 666 205 222 667 190 222 668 197 223 669 213 223 670 198 223 671 210 224 672 224 224 673 225 224 674 203 225 675 309 225 676 218 225 677 248 226 678 217 226 679 232 226 680 210 227 681 226 227 682 211 227 683 204 228 684 218 228 685 219 228 686 212 229 687 226 229 688 227 229 689 204 230 690 220 230 691 205 230 692 212 231 693 228 231 694 213 231 695 205 232 696 221 232 697 206 232 698 213 233 699 229 233 700 214 233 701 206 234 702 222 234 703 207 234 704 215 235 705 229 235 706 230 235 707 208 236 708 222 236 709 223 236 710 216 237 711 230 237 712 231 237 713 208 238 714 224 238 715 209 238 716 216 239 717 232 239 718 217 239 719 229 240 720 243 240 721 244 240 722 221 241 723 237 241 724 222 241 725 230 242 726 244 242 727 245 242 728 222 243 729 238 243 730 223 243 731 231 244 732 245 244 733 246 244 734 223 245 735 239 245 736 224 245 737 232 246 738 246 246 739 247 246 740 225 247 741 239 247 742 240 247 743 218 248 744 309 248 745 233 248 746 248 249 747 232 249 748 247 249 749 225 250 750 241 250 751 226 250 752 218 251 753 234 251 754 219 251 755 227 252 756 241 252 757 242 252 758 219 253 759 235 253 760 220 253 761 228 254 762 242 254 763 243 254 764 220 255 765 236 255 766 221 255 767 233 256 768 309 256 769 249 256 770 248 257 771 247 257 772 263 257 773 240 258 774 257 258 775 241 258 776 234 259 777 249 259 778 250 259 779 242 260 780 257 260 781 258 260 782 234 261 783 251 261 784 235 261 785 242 262 786 259 262 787 243 262 788 235 263 789 252 263 790 236 263 791 243 264 792 260 264 793 244 264 794 236 265 795 253 265 796 237 265 797 245 266 798 260 266 799 261 266 800 238 267 801 253 267 802 254 267 803 245 268 804 262 268 805 246 268 806 238 269 807 255 269 808 239 269 809 246 270 810 263 270 811 247 270 812 240 271 813 255 271 814 256 271 815 252 272 816 268 272 817 253 272 818 261 273 819 275 273 820 276 273 821 253 274 822 269 274 823 254 274 824 262 275 825 276 275 826 277 275 827 254 276 828 270 276 829 255 276 830 263 277 831 277 277 832 278 277 833 256 278 834 270 278 835 271 278 836 249 279 837 309 279 838 264 279 839 248 280 840 263 280 841 278 280 842 256 281 843 272 281 844 257 281 845 249 282 846 265 282 847 250 282 848 258 283 849 272 283 850 273 283 851 250 284 852 266 284 853 251 284 854 259 285 855 273 285 856 274 285 857 251 286 858 267 286 859 252 286 860 260 287 861 274 287 862 275 287 863 271 288 864 287 288 865 272 288 866 265 289 867 279 289 868 280 289 869 273 290 870 287 290 871 288 290 872 265 291 873 281 291 874 266 291 875 273 292 876 289 292 877 274 292 878 266 293 879 282 293 880 267 293 881 275 294 882 289 294 883 290 294 884 267 295 885 283 295 886 268 295 887 275 296 888 291 296 889 276 296 890 269 297 891 283 297 892 284 297 893 277 298 894 291 298 895 292 298 896 269 299 897 285 299 898 270 299 899 277 300 900 293 300 901 278 300 902 271 301 903 285 301 904 286 301 905 264 302 906 309 302 907 279 302 908 248 303 909 278 303 910 293 303 911 290 304 912 306 304 913 291 304 914 284 305 915 298 305 916 299 305 917 292 306 918 306 306 919 307 306 920 284 307 921 300 307 922 285 307 923 293 308 924 307 308 925 308 308 926 286 309 927 300 309 928 301 309 929 279 310 930 309 310 931 294 310 932 248 311 933 293 311 934 308 311 935 286 312 936 302 312 937 287 312 938 279 313 939 295 313 940 280 313 941 288 314 942 302 314 943 303 314 944 280 315 945 296 315 946 281 315 947 288 316 948 304 316 949 289 316 950 282 317 951 296 317 952 297 317 953 290 318 954 304 318 955 305 318 956 282 319 957 298 319 958 283 319 959 303 320 960 318 320 961 319 320 962 295 321 963 312 321 964 296 321 965 303 322 966 320 322 967 304 322 968 297 323 969 312 323 970 313 323 971 305 324 972 320 324 973 321 324 974 297 325 975 314 325 976 298 325 977 305 326 978 322 326 979 306 326 980 299 327 981 314 327 982 315 327 983 307 328 984 322 328 985 323 328 986 299 329 987 316 329 988 300 329 989 308 330 990 323 330 991 324 330 992 301 331 993 316 331 994 317 331 995 294 332 996 309 332 997 310 332 998 248 333 999 308 333 1000 324 333 1001 301 334 1002 318 334 1003 302 334 1004 294 335 1005 311 335 1006 295 335 1007 323 336 1008 337 336 1009 338 336 1010 315 337 1011 331 337 1012 316 337 1013 324 338 1014 338 338 1015 339 338 1016 317 339 1017 331 339 1018 332 339 1019 310 340 1020 309 340 1021 325 340 1022 248 341 1023 324 341 1024 339 341 1025 317 342 1026 333 342 1027 318 342 1028 310 343 1029 326 343 1030 311 343 1031 319 344 1032 333 344 1033 334 344 1034 311 345 1035 327 345 1036 312 345 1037 319 346 1038 335 346 1039 320 346 1040 313 347 1041 327 347 1042 328 347 1043 321 348 1044 335 348 1045 336 348 1046 313 349 1047 329 349 1048 314 349 1049 321 350 1050 337 350 1051 322 350 1052 315 351 1053 329 351 1054 330 351 1055 326 352 1056 342 352 1057 327 352 1058 334 353 1059 350 353 1060 335 353 1061 328 354 1062 342 354 1063 343 354 1064 336 355 1065 350 355 1066 351 355 1067 328 356 1068 344 356 1069 329 356 1070 336 357 1071 352 357 1072 337 357 1073 330 358 1074 344 358 1075 345 358 1076 338 359 1077 352 359 1078 353 359 1079 330 360 1080 346 360 1081 331 360 1082 338 361 1083 354 361 1084 339 361 1085 332 362 1086 346 362 1087 347 362 1088 325 363 1089 309 363 1090 340 363 1091 248 364 1092 339 364 1093 354 364 1094 332 365 1095 348 365 1096 333 365 1097 325 366 1098 341 366 1099 326 366 1100 334 367 1101 348 367 1102 349 367 1103 345 368 1104 361 368 1105 346 368 1106 354 369 1107 368 369 1108 369 369 1109 347 370 1110 361 370 1111 362 370 1112 340 371 1113 309 371 1114 355 371 1115 248 372 1116 354 372 1117 369 372 1118 347 373 1119 363 373 1120 348 373 1121 340 374 1122 356 374 1123 341 374 1124 349 375 1125 363 375 1126 364 375 1127 341 376 1128 357 376 1129 342 376 1130 350 377 1131 364 377 1132 365 377 1133 342 378 1134 358 378 1135 343 378 1136 351 379 1137 365 379 1138 366 379 1139 343 380 1140 359 380 1141 344 380 1142 351 381 1143 367 381 1144 352 381 1145 344 382 1146 360 382 1147 345 382 1148 353 383 1149 367 383 1150 368 383 1151 364 384 1152 380 384 1153 365 384 1154 358 385 1155 372 385 1156 373 385 1157 366 386 1158 380 386 1159 381 386 1160 358 387 1161 374 387 1162 359 387 1163 366 388 1164 382 388 1165 367 388 1166 360 389 1167 374 389 1168 375 389 1169 367 390 1170 383 390 1171 368 390 1172 360 391 1173 376 391 1174 361 391 1175 368 392 1176 384 392 1177 369 392 1178 362 393 1179 376 393 1180 377 393 1181 355 394 1182 309 394 1183 370 394 1184 248 395 1185 369 395 1186 384 395 1187 362 396 1188 378 396 1189 363 396 1190 356 397 1191 370 397 1192 371 397 1193 364 398 1194 378 398 1195 379 398 1196 357 399 1197 371 399 1198 372 399 1199 383 400 1200 399 400 1201 384 400 1202 377 401 1203 391 401 1204 392 401 1205 370 402 1206 309 402 1207 385 402 1208 248 403 1209 384 403 1210 399 403 1211 377 404 1212 393 404 1213 378 404 1214 370 405 1215 386 405 1216 371 405 1217 379 406 1218 393 406 1219 394 406 1220 371 407 1221 387 407 1222 372 407 1223 380 408 1224 394 408 1225 395 408 1226 373 409 1227 387 409 1228 388 409 1229 381 410 1230 395 410 1231 396 410 1232 373 411 1233 389 411 1234 374 411 1235 381 412 1236 397 412 1237 382 412 1238 374 413 1239 390 413 1240 375 413 1241 383 414 1242 397 414 1243 398 414 1244 375 415 1245 391 415 1246 376 415 1247 388 416 1248 402 416 1249 403 416 1250 396 417 1251 410 417 1252 411 417 1253 388 418 1254 404 418 1255 389 418 1256 396 419 1257 412 419 1258 397 419 1259 390 420 1260 404 420 1261 405 420 1262 398 421 1263 412 421 1264 413 421 1265 390 422 1266 406 422 1267 391 422 1268 398 423 1269 414 423 1270 399 423 1271 392 424 1272 406 424 1273 407 424 1274 385 425 1275 309 425 1276 400 425 1277 248 426 1278 399 426 1279 414 426 1280 392 427 1281 408 427 1282 393 427 1283 385 428 1284 401 428 1285 386 428 1286 394 429 1287 408 429 1288 409 429 1289 386 430 1290 402 430 1291 387 430 1292 394 431 1293 410 431 1294 395 431 1295 407 432 1296 421 432 1297 422 432 1298 400 433 1299 309 433 1300 415 433 1301 248 434 1302 414 434 1303 429 434 1304 407 435 1305 423 435 1306 408 435 1307 400 436 1308 416 436 1309 401 436 1310 409 437 1311 423 437 1312 424 437 1313 401 438 1314 417 438 1315 402 438 1316 409 439 1317 425 439 1318 410 439 1319 403 440 1320 417 440 1321 418 440 1322 411 441 1323 425 441 1324 426 441 1325 403 442 1326 419 442 1327 404 442 1328 411 443 1329 427 443 1330 412 443 1331 405 444 1332 419 444 1333 420 444 1334 413 445 1335 427 445 1336 428 445 1337 405 446 1338 421 446 1339 406 446 1340 414 447 1341 428 447 1342 429 447 1343 426 448 1344 440 448 1345 441 448 1346 418 449 1347 434 449 1348 419 449 1349 426 450 1350 442 450 1351 427 450 1352 420 451 1353 434 451 1354 435 451 1355 427 452 1356 443 452 1357 428 452 1358 420 453 1359 436 453 1360 421 453 1361 429 454 1362 443 454 1363 444 454 1364 422 455 1365 436 455 1366 437 455 1367 415 456 1368 309 456 1369 430 456 1370 248 457 1371 429 457 1372 444 457 1373 422 458 1374 438 458 1375 423 458 1376 415 459 1377 431 459 1378 416 459 1379 424 460 1380 438 460 1381 439 460 1382 417 461 1383 431 461 1384 432 461 1385 424 462 1386 440 462 1387 425 462 1388 418 463 1389 432 463 1390 433 463 1391 248 464 1392 444 464 1393 459 464 1394 437 465 1395 453 465 1396 438 465 1397 431 466 1398 445 466 1399 446 466 1400 439 467 1401 453 467 1402 454 467 1403 432 468 1404 446 468 1405 447 468 1406 439 469 1407 455 469 1408 440 469 1409 433 470 1410 447 470 1411 448 470 1412 441 471 1413 455 471 1414 456 471 1415 433 472 1416 449 472 1417 434 472 1418 441 473 1419 457 473 1420 442 473 1421 435 474 1422 449 474 1423 450 474 1424 442 475 1425 458 475 1426 443 475 1427 435 476 1428 451 476 1429 436 476 1430 443 477 1431 459 477 1432 444 477 1433 437 478 1434 451 478 1435 452 478 1436 430 479 1437 309 479 1438 445 479 1439 456 480 1440 472 480 1441 457 480 1442 450 481 1443 464 481 1444 465 481 1445 458 482 1446 472 482 1447 473 482 1448 450 483 1449 466 483 1450 451 483 1451 458 484 1452 474 484 1453 459 484 1454 452 485 1455 466 485 1456 467 485 1457 445 486 1458 309 486 1459 460 486 1460 248 487 1461 459 487 1462 474 487 1463 452 488 1464 468 488 1465 453 488 1466 445 489 1467 461 489 1468 446 489 1469 454 490 1470 468 490 1471 469 490 1472 446 491 1473 462 491 1474 447 491 1475 454 492 1476 470 492 1477 455 492 1478 447 493 1479 463 493 1480 448 493 1481 456 494 1482 470 494 1483 471 494 1484 448 495 1485 464 495 1486 449 495 1487 461 496 1488 0 496 1489 475 496 1490 468 497 1491 478 497 1492 469 497 1493 462 498 1494 475 498 1495 1 498 1496 469 499 1497 479 499 1498 470 499 1499 463 500 1500 1 500 1501 2 500 1502 470 501 1503 6 501 1504 471 501 1505 464 502 1506 2 502 1507 476 502 1508 471 503 1509 7 503 1510 472 503 1511 465 504 1512 476 504 1513 3 504 1514 472 505 1515 480 505 1516 473 505 1517 466 506 1518 3 506 1519 477 506 1520 474 507 1521 480 507 1522 481 507 1523 467 508 1524 477 508 1525 4 508 1526 460 509 1527 309 509 1528 0 509 1529 248 510 1530 474 510 1531 481 510 1532 467 511 1533 5 511 1534 468 511 1535 4 512 1536 15 512 1537 16 512 1538 475 513 1539 0 513 1540 8 513 1541 478 514 1542 5 514 1543 16 514 1544 1 515 1545 475 515 1546 9 515 1547 478 516 1548 17 516 1549 18 516 1550 1 517 1551 10 517 1552 11 517 1553 479 518 1554 18 518 1555 19 518 1556 476 519 1557 2 519 1558 11 519 1559 7 520 1560 6 520 1561 19 520 1562 3 521 1563 476 521 1564 12 521 1565 7 522 1566 20 522 1567 21 522 1568 477 523 1569 3 523 1570 13 523 1571 480 524 1572 21 524 1573 22 524 1574 477 525 1575 14 525 1576 15 525 1577 22 526 1578 21 526 1579 36 526 1580 15 527 1581 14 527 1582 29 527 1583 15 528 1584 30 528 1585 31 528 1586 8 529 1587 23 529 1588 24 529 1589 17 530 1590 16 530 1591 31 530 1592 9 531 1593 24 531 1594 25 531 1595 18 532 1596 17 532 1597 32 532 1598 10 533 1599 25 533 1600 26 533 1601 19 534 1602 18 534 1603 33 534 1604 11 535 1605 26 535 1606 27 535 1607 20 536 1608 19 536 1609 34 536 1610 12 537 1611 27 537 1612 28 537 1613 21 538 1614 20 538 1615 35 538 1616 13 539 1617 28 539 1618 29 539 1619 34 540 1620 33 540 1621 48 540 1622 26 541 1623 41 541 1624 42 541 1625 34 542 1626 49 542 1627 50 542 1628 27 543 1629 42 543 1630 43 543 1631 36 544 1632 35 544 1633 50 544 1634 28 545 1635 43 545 1636 44 545 1637 37 546 1638 36 546 1639 51 546 1640 30 547 1641 29 547 1642 44 547 1643 30 548 1644 45 548 1645 46 548 1646 23 549 1647 38 549 1648 39 549 1649 32 550 1650 31 550 1651 46 550 1652 24 551 1653 39 551 1654 40 551 1655 33 552 1656 32 552 1657 47 552 1658 26 553 1659 25 553 1660 40 553 1661 45 554 1662 60 554 1663 61 554 1664 38 555 1665 53 555 1666 54 555 1667 47 556 1668 46 556 1669 61 556 1670 39 557 1671 54 557 1672 55 557 1673 48 558 1674 47 558 1675 62 558 1676 41 559 1677 40 559 1678 55 559 1679 48 560 1680 63 560 1681 64 560 1682 41 561 1683 56 561 1684 57 561 1685 49 562 1686 64 562 1687 65 562 1688 42 563 1689 57 563 1690 58 563 1691 51 564 1692 50 564 1693 65 564 1694 43 565 1695 58 565 1696 59 565 1697 52 566 1698 51 566 1699 66 566 1700 45 567 1701 44 567 1702 59 567 1703 56 568 1704 71 568 1705 72 568 1706 64 569 1707 79 569 1708 80 569 1709 58 570 1710 57 570 1711 72 570 1712 66 571 1713 65 571 1714 80 571 1715 58 572 1716 73 572 1717 74 572 1718 67 573 1719 66 573 1720 81 573 1721 60 574 1722 59 574 1723 74 574 1724 60 575 1725 75 575 1726 76 575 1727 53 576 1728 68 576 1729 69 576 1730 62 577 1731 61 577 1732 76 577 1733 54 578 1734 69 578 1735 70 578 1736 62 579 1737 77 579 1738 78 579 1739 56 580 1740 55 580 1741 70 580 1742 63 581 1743 78 581 1744 79 581 1745 75 582 1746 90 582 1747 91 582 1748 68 583 1749 83 583 1750 84 583 1751 77 584 1752 76 584 1753 91 584 1754 69 585 1755 84 585 1756 85 585 1757 77 586 1758 92 586 1759 93 586 1760 71 587 1761 70 587 1762 85 587 1763 78 588 1764 93 588 1765 94 588 1766 72 589 1767 71 589 1768 86 589 1769 79 590 1770 94 590 1771 95 590 1772 73 591 1773 72 591 1774 87 591 1775 81 592 1776 80 592 1777 95 592 1778 73 593 1779 88 593 1780 89 593 1781 82 594 1782 81 594 1783 96 594 1784 75 595 1785 74 595 1786 89 595 1787 95 596 1788 94 596 1789 109 596 1790 88 597 1791 87 597 1792 102 597 1793 96 598 1794 95 598 1795 110 598 1796 88 599 1797 103 599 1798 104 599 1799 97 600 1800 96 600 1801 111 600 1802 90 601 1803 89 601 1804 104 601 1805 90 602 1806 105 602 1807 106 602 1808 83 603 1809 98 603 1810 99 603 1811 92 604 1812 91 604 1813 106 604 1814 84 605 1815 99 605 1816 100 605 1817 92 606 1818 107 606 1819 108 606 1820 85 607 1821 100 607 1822 101 607 1823 94 608 1824 93 608 1825 108 608 1826 86 609 1827 101 609 1828 102 609 1829 98 610 1830 113 610 1831 114 610 1832 107 611 1833 106 611 1834 121 611 1835 99 612 1836 114 612 1837 115 612 1838 107 613 1839 122 613 1840 123 613 1841 100 614 1842 115 614 1843 116 614 1844 109 615 1845 108 615 1846 123 615 1847 101 616 1848 116 616 1849 117 616 1850 110 617 1851 109 617 1852 124 617 1853 103 618 1854 102 618 1855 117 618 1856 111 619 1857 110 619 1858 125 619 1859 103 620 1860 118 620 1861 119 620 1862 112 621 1863 111 621 1864 126 621 1865 105 622 1866 104 622 1867 119 622 1868 105 623 1869 120 623 1870 121 623 1871 118 624 1872 117 624 1873 132 624 1874 126 625 1875 125 625 1876 140 625 1877 118 626 1878 133 626 1879 134 626 1880 127 627 1881 126 627 1882 141 627 1883 120 628 1884 119 628 1885 134 628 1886 120 629 1887 135 629 1888 136 629 1889 113 630 1890 128 630 1891 129 630 1892 122 631 1893 121 631 1894 136 631 1895 114 632 1896 129 632 1897 130 632 1898 122 633 1899 137 633 1900 138 633 1901 115 634 1902 130 634 1903 131 634 1904 123 635 1905 138 635 1906 139 635 1907 116 636 1908 131 636 1909 132 636 1910 125 637 1911 124 637 1912 139 637 1913 137 638 1914 136 638 1915 151 638 1916 129 639 1917 144 639 1918 145 639 1919 137 640 1920 152 640 1921 153 640 1922 130 641 1923 145 641 1924 146 641 1925 139 642 1926 138 642 1927 153 642 1928 131 643 1929 146 643 1930 147 643 1931 140 644 1932 139 644 1933 154 644 1934 133 645 1935 132 645 1936 147 645 1937 141 646 1938 140 646 1939 155 646 1940 133 647 1941 148 647 1942 149 647 1943 142 648 1944 141 648 1945 156 648 1946 135 649 1947 134 649 1948 149 649 1949 135 650 1950 150 650 1951 151 650 1952 128 651 1953 143 651 1954 144 651 1955 156 652 1956 155 652 1957 170 652 1958 148 653 1959 163 653 1960 164 653 1961 157 654 1962 156 654 1963 171 654 1964 150 655 1965 149 655 1966 164 655 1967 150 656 1968 165 656 1969 166 656 1970 143 657 1971 158 657 1972 159 657 1973 152 658 1974 151 658 1975 166 658 1976 144 659 1977 159 659 1978 160 659 1979 152 660 1980 167 660 1981 168 660 1982 145 661 1983 160 661 1984 161 661 1985 154 662 1986 153 662 1987 168 662 1988 146 663 1989 161 663 1990 162 663 1991 155 664 1992 154 664 1993 169 664 1994 148 665 1995 147 665 1996 162 665 1997 167 666 1998 182 666 1999 183 666 2000 160 667 2001 175 667 2002 176 667 2003 169 668 2004 168 668 2005 183 668 2006 161 669 2007 176 669 2008 177 669 2009 169 670 2010 184 670 2011 185 670 2012 163 671 2013 162 671 2014 177 671 2015 171 672 2016 170 672 2017 185 672 2018 163 673 2019 178 673 2020 179 673 2021 172 674 2022 171 674 2023 186 674 2024 165 675 2025 164 675 2026 179 675 2027 165 676 2028 180 676 2029 181 676 2030 158 677 2031 173 677 2032 174 677 2033 167 678 2034 166 678 2035 181 678 2036 159 679 2037 174 679 2038 175 679 2039 187 680 2040 186 680 2041 201 680 2042 180 681 2043 179 681 2044 194 681 2045 180 682 2046 195 682 2047 196 682 2048 173 683 2049 188 683 2050 189 683 2051 182 684 2052 181 684 2053 196 684 2054 174 685 2055 189 685 2056 190 685 2057 182 686 2058 197 686 2059 198 686 2060 175 687 2061 190 687 2062 191 687 2063 184 688 2064 183 688 2065 198 688 2066 176 689 2067 191 689 2068 192 689 2069 185 690 2070 184 690 2071 199 690 2072 178 691 2073 177 691 2074 192 691 2075 186 692 2076 185 692 2077 200 692 2078 178 693 2079 193 693 2080 194 693 2081 190 694 2082 205 694 2083 206 694 2084 199 695 2085 198 695 2086 213 695 2087 191 696 2088 206 696 2089 207 696 2090 200 697 2091 199 697 2092 214 697 2093 193 698 2094 192 698 2095 207 698 2096 201 699 2097 200 699 2098 215 699 2099 193 700 2100 208 700 2101 209 700 2102 202 701 2103 201 701 2104 216 701 2105 195 702 2106 194 702 2107 209 702 2108 195 703 2109 210 703 2110 211 703 2111 188 704 2112 203 704 2113 204 704 2114 197 705 2115 196 705 2116 211 705 2117 189 706 2118 204 706 2119 205 706 2120 197 707 2121 212 707 2122 213 707 2123 210 708 2124 209 708 2125 224 708 2126 210 709 2127 225 709 2128 226 709 2129 204 710 2130 203 710 2131 218 710 2132 212 711 2133 211 711 2134 226 711 2135 204 712 2136 219 712 2137 220 712 2138 212 713 2139 227 713 2140 228 713 2141 205 714 2142 220 714 2143 221 714 2144 213 715 2145 228 715 2146 229 715 2147 206 716 2148 221 716 2149 222 716 2150 215 717 2151 214 717 2152 229 717 2153 208 718 2154 207 718 2155 222 718 2156 216 719 2157 215 719 2158 230 719 2159 208 720 2160 223 720 2161 224 720 2162 216 721 2163 231 721 2164 232 721 2165 229 722 2166 228 722 2167 243 722 2168 221 723 2169 236 723 2170 237 723 2171 230 724 2172 229 724 2173 244 724 2174 222 725 2175 237 725 2176 238 725 2177 231 726 2178 230 726 2179 245 726 2180 223 727 2181 238 727 2182 239 727 2183 232 728 2184 231 728 2185 246 728 2186 225 729 2187 224 729 2188 239 729 2189 225 730 2190 240 730 2191 241 730 2192 218 731 2193 233 731 2194 234 731 2195 227 732 2196 226 732 2197 241 732 2198 219 733 2199 234 733 2200 235 733 2201 228 734 2202 227 734 2203 242 734 2204 220 735 2205 235 735 2206 236 735 2207 240 736 2208 256 736 2209 257 736 2210 234 737 2211 233 737 2212 249 737 2213 242 738 2214 241 738 2215 257 738 2216 234 739 2217 250 739 2218 251 739 2219 242 740 2220 258 740 2221 259 740 2222 235 741 2223 251 741 2224 252 741 2225 243 742 2226 259 742 2227 260 742 2228 236 743 2229 252 743 2230 253 743 2231 245 744 2232 244 744 2233 260 744 2234 238 745 2235 237 745 2236 253 745 2237 245 746 2238 261 746 2239 262 746 2240 238 747 2241 254 747 2242 255 747 2243 246 748 2244 262 748 2245 263 748 2246 240 749 2247 239 749 2248 255 749 2249 252 750 2250 267 750 2251 268 750 2252 261 751 2253 260 751 2254 275 751 2255 253 752 2256 268 752 2257 269 752 2258 262 753 2259 261 753 2260 276 753 2261 254 754 2262 269 754 2263 270 754 2264 263 755 2265 262 755 2266 277 755 2267 256 756 2268 255 756 2269 270 756 2270 256 757 2271 271 757 2272 272 757 2273 249 758 2274 264 758 2275 265 758 2276 258 759 2277 257 759 2278 272 759 2279 250 760 2280 265 760 2281 266 760 2282 259 761 2283 258 761 2284 273 761 2285 251 762 2286 266 762 2287 267 762 2288 260 763 2289 259 763 2290 274 763 2291 271 764 2292 286 764 2293 287 764 2294 265 765 2295 264 765 2296 279 765 2297 273 766 2298 272 766 2299 287 766 2300 265 767 2301 280 767 2302 281 767 2303 273 768 2304 288 768 2305 289 768 2306 266 769 2307 281 769 2308 282 769 2309 275 770 2310 274 770 2311 289 770 2312 267 771 2313 282 771 2314 283 771 2315 275 772 2316 290 772 2317 291 772 2318 269 773 2319 268 773 2320 283 773 2321 277 774 2322 276 774 2323 291 774 2324 269 775 2325 284 775 2326 285 775 2327 277 776 2328 292 776 2329 293 776 2330 271 777 2331 270 777 2332 285 777 2333 290 778 2334 305 778 2335 306 778 2336 284 779 2337 283 779 2338 298 779 2339 292 780 2340 291 780 2341 306 780 2342 284 781 2343 299 781 2344 300 781 2345 293 782 2346 292 782 2347 307 782 2348 286 783 2349 285 783 2350 300 783 2351 286 784 2352 301 784 2353 302 784 2354 279 785 2355 294 785 2356 295 785 2357 288 786 2358 287 786 2359 302 786 2360 280 787 2361 295 787 2362 296 787 2363 288 788 2364 303 788 2365 304 788 2366 282 789 2367 281 789 2368 296 789 2369 290 790 2370 289 790 2371 304 790 2372 282 791 2373 297 791 2374 298 791 2375 303 792 2376 302 792 2377 318 792 2378 295 793 2379 311 793 2380 312 793 2381 303 794 2382 319 794 2383 320 794 2384 297 795 2385 296 795 2386 312 795 2387 305 796 2388 304 796 2389 320 796 2390 297 797 2391 313 797 2392 314 797 2393 305 798 2394 321 798 2395 322 798 2396 299 799 2397 298 799 2398 314 799 2399 307 800 2400 306 800 2401 322 800 2402 299 801 2403 315 801 2404 316 801 2405 308 802 2406 307 802 2407 323 802 2408 301 803 2409 300 803 2410 316 803 2411 301 804 2412 317 804 2413 318 804 2414 294 805 2415 310 805 2416 311 805 2417 323 806 2418 322 806 2419 337 806 2420 315 807 2421 330 807 2422 331 807 2423 324 808 2424 323 808 2425 338 808 2426 317 809 2427 316 809 2428 331 809 2429 317 810 2430 332 810 2431 333 810 2432 310 811 2433 325 811 2434 326 811 2435 319 812 2436 318 812 2437 333 812 2438 311 813 2439 326 813 2440 327 813 2441 319 814 2442 334 814 2443 335 814 2444 313 815 2445 312 815 2446 327 815 2447 321 816 2448 320 816 2449 335 816 2450 313 817 2451 328 817 2452 329 817 2453 321 818 2454 336 818 2455 337 818 2456 315 819 2457 314 819 2458 329 819 2459 326 820 2460 341 820 2461 342 820 2462 334 821 2463 349 821 2464 350 821 2465 328 822 2466 327 822 2467 342 822 2468 336 823 2469 335 823 2470 350 823 2471 328 824 2472 343 824 2473 344 824 2474 336 825 2475 351 825 2476 352 825 2477 330 826 2478 329 826 2479 344 826 2480 338 827 2481 337 827 2482 352 827 2483 330 828 2484 345 828 2485 346 828 2486 338 829 2487 353 829 2488 354 829 2489 332 830 2490 331 830 2491 346 830 2492 332 831 2493 347 831 2494 348 831 2495 325 832 2496 340 832 2497 341 832 2498 334 833 2499 333 833 2500 348 833 2501 345 834 2502 360 834 2503 361 834 2504 354 835 2505 353 835 2506 368 835 2507 347 836 2508 346 836 2509 361 836 2510 347 837 2511 362 837 2512 363 837 2513 340 838 2514 355 838 2515 356 838 2516 349 839 2517 348 839 2518 363 839 2519 341 840 2520 356 840 2521 357 840 2522 350 841 2523 349 841 2524 364 841 2525 342 842 2526 357 842 2527 358 842 2528 351 843 2529 350 843 2530 365 843 2531 343 844 2532 358 844 2533 359 844 2534 351 845 2535 366 845 2536 367 845 2537 344 846 2538 359 846 2539 360 846 2540 353 847 2541 352 847 2542 367 847 2543 364 848 2544 379 848 2545 380 848 2546 358 849 2547 357 849 2548 372 849 2549 366 850 2550 365 850 2551 380 850 2552 358 851 2553 373 851 2554 374 851 2555 366 852 2556 381 852 2557 382 852 2558 360 853 2559 359 853 2560 374 853 2561 367 854 2562 382 854 2563 383 854 2564 360 855 2565 375 855 2566 376 855 2567 368 856 2568 383 856 2569 384 856 2570 362 857 2571 361 857 2572 376 857 2573 362 858 2574 377 858 2575 378 858 2576 356 859 2577 355 859 2578 370 859 2579 364 860 2580 363 860 2581 378 860 2582 357 861 2583 356 861 2584 371 861 2585 383 862 2586 398 862 2587 399 862 2588 377 863 2589 376 863 2590 391 863 2591 377 864 2592 392 864 2593 393 864 2594 370 865 2595 385 865 2596 386 865 2597 379 866 2598 378 866 2599 393 866 2600 371 867 2601 386 867 2602 387 867 2603 380 868 2604 379 868 2605 394 868 2606 373 869 2607 372 869 2608 387 869 2609 381 870 2610 380 870 2611 395 870 2612 373 871 2613 388 871 2614 389 871 2615 381 872 2616 396 872 2617 397 872 2618 374 873 2619 389 873 2620 390 873 2621 383 874 2622 382 874 2623 397 874 2624 375 875 2625 390 875 2626 391 875 2627 388 876 2628 387 876 2629 402 876 2630 396 877 2631 395 877 2632 410 877 2633 388 878 2634 403 878 2635 404 878 2636 396 879 2637 411 879 2638 412 879 2639 390 880 2640 389 880 2641 404 880 2642 398 881 2643 397 881 2644 412 881 2645 390 882 2646 405 882 2647 406 882 2648 398 883 2649 413 883 2650 414 883 2651 392 884 2652 391 884 2653 406 884 2654 392 885 2655 407 885 2656 408 885 2657 385 886 2658 400 886 2659 401 886 2660 394 887 2661 393 887 2662 408 887 2663 386 888 2664 401 888 2665 402 888 2666 394 889 2667 409 889 2668 410 889 2669 407 890 2670 406 890 2671 421 890 2672 407 891 2673 422 891 2674 423 891 2675 400 892 2676 415 892 2677 416 892 2678 409 893 2679 408 893 2680 423 893 2681 401 894 2682 416 894 2683 417 894 2684 409 895 2685 424 895 2686 425 895 2687 403 896 2688 402 896 2689 417 896 2690 411 897 2691 410 897 2692 425 897 2693 403 898 2694 418 898 2695 419 898 2696 411 899 2697 426 899 2698 427 899 2699 405 900 2700 404 900 2701 419 900 2702 413 901 2703 412 901 2704 427 901 2705 405 902 2706 420 902 2707 421 902 2708 414 903 2709 413 903 2710 428 903 2711 426 904 2712 425 904 2713 440 904 2714 418 905 2715 433 905 2716 434 905 2717 426 906 2718 441 906 2719 442 906 2720 420 907 2721 419 907 2722 434 907 2723 427 908 2724 442 908 2725 443 908 2726 420 909 2727 435 909 2728 436 909 2729 429 910 2730 428 910 2731 443 910 2732 422 911 2733 421 911 2734 436 911 2735 422 912 2736 437 912 2737 438 912 2738 415 913 2739 430 913 2740 431 913 2741 424 914 2742 423 914 2743 438 914 2744 417 915 2745 416 915 2746 431 915 2747 424 916 2748 439 916 2749 440 916 2750 418 917 2751 417 917 2752 432 917 2753 437 918 2754 452 918 2755 453 918 2756 431 919 2757 430 919 2758 445 919 2759 439 920 2760 438 920 2761 453 920 2762 432 921 2763 431 921 2764 446 921 2765 439 922 2766 454 922 2767 455 922 2768 433 923 2769 432 923 2770 447 923 2771 441 924 2772 440 924 2773 455 924 2774 433 925 2775 448 925 2776 449 925 2777 441 926 2778 456 926 2779 457 926 2780 435 927 2781 434 927 2782 449 927 2783 442 928 2784 457 928 2785 458 928 2786 435 929 2787 450 929 2788 451 929 2789 443 930 2790 458 930 2791 459 930 2792 437 931 2793 436 931 2794 451 931 2795 456 932 2796 471 932 2797 472 932 2798 450 933 2799 449 933 2800 464 933 2801 458 934 2802 457 934 2803 472 934 2804 450 935 2805 465 935 2806 466 935 2807 458 936 2808 473 936 2809 474 936 2810 452 937 2811 451 937 2812 466 937 2813 452 938 2814 467 938 2815 468 938 2816 445 939 2817 460 939 2818 461 939 2819 454 940 2820 453 940 2821 468 940 2822 446 941 2823 461 941 2824 462 941 2825 454 942 2826 469 942 2827 470 942 2828 447 943 2829 462 943 2830 463 943 2831 456 944 2832 455 944 2833 470 944 2834 448 945 2835 463 945 2836 464 945 2837 461 946 2838 460 946 2839 0 946 2840 468 947 2841 5 947 2842 478 947 2843 462 948 2844 461 948 2845 475 948 2846 469 949 2847 478 949 2848 479 949 2849 463 950 2850 462 950 2851 1 950 2852 470 951 2853 479 951 2854 6 951 2855 464 952 2856 463 952 2857 2 952 2858 471 953 2859 6 953 2860 7 953 2861 465 954 2862 464 954 2863 476 954 2864 472 955 2865 7 955 2866 480 955 2867 466 956 2868 465 956 2869 3 956 2870 474 957 2871 473 957 2872 480 957 2873 467 958 2874 466 958 2875 477 958 2876 467 959 2877 4 959 2878 5 959 2879</p>
        </triangles>
      </mesh>
    </geometry>
    <geometry id="Cylinder_001-mesh" name="Cylinder.001">
      <mesh>
        <source id="Cylinder_001-mesh-positions">
          <float_array id="Cylinder_001-mesh-positions-array" count="60">0 0.03999996 -0.975 0 0.03999996 0.975 0.0235114 0.03236067 -0.975 0.0235114 0.03236067 0.975 0.03804224 0.01236063 -0.975 0.03804224 0.01236063 0.975 0.03804224 -0.01236063 -0.975 0.03804224 -0.01236063 0.975 0.0235114 -0.03236067 -0.975 0.0235114 -0.03236067 0.975 0 -0.03999996 -0.975 0 -0.03999996 0.975 -0.0235114 -0.03236067 -0.975 -0.0235114 -0.03236067 0.975 -0.03804224 -0.01236063 -0.975 -0.03804224 -0.01236063 0.975 -0.03804224 0.01236063 -0.975 -0.03804224 0.01236063 0.975 -0.0235114 0.03236067 -0.975 -0.0235114 0.03236067 0.975</float_array>
          <technique_common>
            <accessor source="#Cylinder_001-mesh-positions-array" count="20" stride="3">
              <param name="X" type="float"/>
              <param name="Y" type="float"/>
              <param name="Z" type="float"/>
            </accessor>
          </technique_common>
        </source>
        <source id="Cylinder_001-mesh-normals">
          <float_array id="Cylinder_001-mesh-normals-array" count="108">0.309017 0.9510565 0 0.809017 0.5877853 0 1 0 0 0.809017 -0.5877853 0 0.309017 -0.9510565 0 -0.309017 -0.9510565 0 -0.809017 -0.5877853 0 -1 0 0 0 0 1 -0.809017 0.5877853 0 -0.309017 0.9510565 0 0 0 -1 0.309017 0.9510565 0 0.809017 0.5877853 0 1 0 0 0.809017 -0.5877853 0 0.309017 -0.9510565 0 -0.309017 -0.9510565 0 -0.809017 -0.5877853 0 -1 0 0 0 0 1 0 0 1 0 0 1 0 0 1 0 0 1 0 0 1 0 0 1 -0.809017 0.5877853 0 -0.309017 0.9510565 0 0 0 -1 0 0 -1 0 0 -1 0 0 -1 0 0 -1 0 0 -1 0 0 -1</float_array>
          <technique_common>
            <accessor source="#Cylinder_001-mesh-normals-array" count="36" stride="3">
              <param name="X" type="float"/>
              <param name="Y" type="float"/>
              <param name="Z" type="float"/>
            </accessor>
          </technique_common>
        </source>
        <source id="Cylinder_001-mesh-map-0">
          <float_array id="Cylinder_001-mesh-map-0-array" count="216">1 1 0.9 0.5 1 0.5 0.9 1 0.8 0.5 0.9 0.5 0.8 1 0.6999999 0.5 0.8 0.5 0.6999999 1 0.5999999 0.5 0.6999999 0.5 0.5999999 1 0.4999999 0.5 0.5999999 0.5 0.4999999 1 0.3999999 0.5 0.4999999 0.5 0.3999999 1 0.2999999 0.5 0.3999999 0.5 0.2999999 1 0.1999999 0.5 0.2999999 0.5 0.02174639 0.3241641 0.3910685 0.0558359 0.4782536 0.3241641 0.1999999 1 0.0999999 0.5 0.1999999 0.5 0.0999999 1 0 0.5 0.0999999 0.5 0.9782536 0.1758359 0.5217464 0.1758359 0.6089316 0.4441641 1 1 0.9 1 0.9 0.5 0.9 1 0.8 1 0.8 0.5 0.8 1 0.6999999 1 0.6999999 0.5 0.6999999 1 0.5999999 1 0.5999999 0.5 0.5999999 1 0.4999999 1 0.4999999 0.5 0.4999999 1 0.3999999 1 0.3999999 0.5 0.3999999 1 0.2999999 1 0.2999999 0.5 0.2999999 1 0.1999999 1 0.1999999 0.5 0.4782536 0.3241641 0.3910685 0.4441641 0.25 0.49 0.25 0.49 0.1089315 0.4441641 0.02174639 0.3241641 0.02174639 0.3241641 0.02174639 0.1758359 0.1089315 0.0558359 0.1089315 0.0558359 0.25 0.00999999 0.02174639 0.3241641 0.25 0.00999999 0.3910685 0.0558359 0.02174639 0.3241641 0.3910685 0.0558359 0.4782536 0.1758359 0.4782536 0.3241641 0.4782536 0.3241641 0.25 0.49 0.02174639 0.3241641 0.1999999 1 0.0999999 1 0.0999999 0.5 0.0999999 1 0 1 0 0.5 0.6089316 0.4441641 0.75 0.49 0.9782536 0.1758359 0.75 0.49 0.8910685 0.4441641 0.9782536 0.1758359 0.8910685 0.4441641 0.9782536 0.3241641 0.9782536 0.1758359 0.9782536 0.1758359 0.8910685 0.0558359 0.75 0.00999999 0.75 0.00999999 0.6089316 0.0558359 0.5217464 0.1758359 0.5217464 0.1758359 0.5217464 0.3241641 0.6089316 0.4441641 0.9782536 0.1758359 0.75 0.00999999 0.5217464 0.1758359</float_array>
          <technique_common>
            <accessor source="#Cylinder_001-mesh-map-0-array" count="108" stride="2">
              <param name="S" type="float"/>
              <param name="T" type="float"/>
            </accessor>
          </technique_common>
        </source>
        <vertices id="Cylinder_001-mesh-vertices">
          <input semantic="POSITION" source="#Cylinder_001-mesh-positions"/>
        </vertices>
        <triangles material="CL_post-material" count="36">
          <input semantic="VERTEX" source="#Cylinder_001-mesh-vertices" offset="0"/>
          <input semantic="NORMAL" source="#Cylinder_001-mesh-normals" offset="1"/>
          <input semantic="TEXCOORD" source="#Cylinder_001-mesh-map-0" offset="2" set="0"/>
          <p>1 0 0 2 0 1 0 0 2 3 1 3 4 1 4 2 1 5 5 2 6 6 2 7 4 2 8 7 3 9 8 3 10 6 3 11 9 4 12 10 4 13 8 4 14 11 5 15 12 5 16 10 5 17 13 6 18 14 6 19 12 6 20 15 7 21 16 7 22 14 7 23 17 8 24 9 8 25 5 8 26 17 9 27 18 9 28 16 9 29 19 10 30 0 10 31 18 10 32 6 11 33 14 11 34 18 11 35 1 12 36 3 12 37 2 12 38 3 13 39 5 13 40 4 13 41 5 14 42 7 14 43 6 14 44 7 15 45 9 15 46 8 15 47 9 16 48 11 16 49 10 16 50 11 17 51 13 17 52 12 17 53 13 18 54 15 18 55 14 18 56 15 19 57 17 19 58 16 19 59 5 20 60 3 20 61 1 20 62 1 21 63 19 21 64 17 21 65 17 22 66 15 22 67 13 22 68 13 23 69 11 23 70 17 23 71 11 24 72 9 24 73 17 24 74 9 25 75 7 25 76 5 25 77 5 26 78 1 26 79 17 26 80 17 27 81 19 27 82 18 27 83 19 28 84 1 28 85 0 28 86 18 29 87 0 29 88 6 29 89 0 30 90 2 30 91 6 30 92 2 31 93 4 31 94 6 31 95 6 32 96 8 32 97 10 32 98 10 33 99 12 33 100 14 33 101 14 34 102 16 34 103 18 34 104 6 35 105 10 35 106 14 35 107</p>
        </triangles>
      </mesh>
    </geometry>
    <geometry id="Sphere-mesh" name="Sphere">
      <mesh>
        <source id="Sphere-mesh-positions">
          <float_array id="Sphere-mesh-positions-array" count="1446">0 0.009364306 0.04707765 0 0.02666735 0.03991049 0 0.03394109 0.03394109 0 0.04434621 0.01836878 0 0.04799997 0 0 0.04707765 -0.009364306 0 0.03394109 -0.03394109 0 0.02666735 -0.03991049 0.001826882 0.00918436 0.04707765 0.00358355 0.0180158 0.04434621 0.005202531 0.02615493 0.03991049 0.006621539 0.03328895 0.03394109 0.007786154 0.03914362 0.02666735 0.008651494 0.0434941 0.01836878 0.00918436 0.04617309 0.009364306 0.009364306 0.04707765 0 0.00918436 0.04617309 -0.009364306 0.008651494 0.0434941 -0.01836878 0.007786154 0.03914362 -0.02666735 0.006621539 0.03328895 -0.03394109 0.005202531 0.02615493 -0.03991049 0.00358355 0.0180158 -0.04434621 0.001826882 0.00918436 -0.04707765 0.00358355 0.008651494 0.04707765 0.007029414 0.01697051 0.04434621 0.01020514 0.0246374 0.03991049 0.01298868 0.03135746 0.03394109 0.01527309 0.0368725 0.02666735 0.01697051 0.04097056 0.01836878 0.0180158 0.0434941 0.009364306 0.01836878 0.04434621 0 0.0180158 0.0434941 -0.009364306 0.01697051 0.04097056 -0.01836878 0.01527309 0.0368725 -0.02666735 0.01298868 0.03135746 -0.03394109 0.01020514 0.0246374 -0.03991049 0.007029414 0.01697051 -0.04434621 0.00358355 0.008651494 -0.04707765 0.005202531 0.007786154 0.04707765 0.01020514 0.01527309 0.04434621 0.01481556 0.0221731 0.03991049 0.01885664 0.02822101 0.03394109 0.0221731 0.03318434 0.02666735 0.0246374 0.0368725 0.01836878 0.02615493 0.03914362 0.009364306 0.02666735 0.03991049 0 0.02615493 0.03914362 -0.009364306 0.0246374 0.0368725 -0.01836878 0.0221731 0.03318434 -0.02666735 0.01885664 0.02822101 -0.03394109 0.01481556 0.0221731 -0.03991049 0.01020514 0.01527309 -0.04434621 0.005202531 0.007786154 -0.04707765 0.006621539 0.006621539 0.04707765 0.01298868 0.01298868 0.04434621 0.01885664 0.01885664 0.03991049 0.02399998 0.02399998 0.03394109 0.02822101 0.02822101 0.02666735 0.03135746 0.03135746 0.01836878 0.03328895 0.03328895 0.009364306 0.03394109 0.03394109 0 0.03328895 0.03328895 -0.009364306 0.03135746 0.03135746 -0.01836878 0.02822101 0.02822101 -0.02666735 0.02399998 0.02399998 -0.03394109 0.01885664 0.01885664 -0.03991049 0.01298868 0.01298868 -0.04434621 0.006621539 0.006621539 -0.04707765 0.007786154 0.005202531 0.04707765 0.01527309 0.01020514 0.04434621 0.0221731 0.01481556 0.03991049 0.02822101 0.01885664 0.03394109 0.03318434 0.0221731 0.02666735 0.0368725 0.0246374 0.01836878 0.03914362 0.02615493 0.009364306 0.03991049 0.02666735 0 0.03914362 0.02615493 -0.009364306 0.0368725 0.0246374 -0.01836878 0.03318434 0.0221731 -0.02666735 0.02822101 0.01885664 -0.03394109 0.0221731 0.01481556 -0.03991049 0.01527309 0.01020514 -0.04434621 0.007786154 0.005202531 -0.04707765 0.008651494 0.00358355 0.04707765 0.01697051 0.007029414 0.04434621 0.0246374 0.01020514 0.03991049 0.03135746 0.01298868 0.03394109 0.0368725 0.01527309 0.02666735 0.0409705 0.01697051 0.01836878 0.0434941 0.0180158 0.009364306 0.04434621 0.01836878 0 0.0434941 0.0180158 -0.009364306 0.0409705 0.01697051 -0.01836878 0.0368725 0.01527309 -0.02666735 0.03135746 0.01298868 -0.03394109 0.0246374 0.01020514 -0.03991049 0.01697051 0.007029414 -0.04434621 0.008651494 0.00358355 -0.04707765 0.00918436 0.001826882 0.04707765 0.0180158 0.00358355 0.04434621 0.02615493 0.005202531 0.03991049 0.03328889 0.006621539 0.03394109 0.03914362 0.007786154 0.02666735 0.0434941 0.008651494 0.01836878 0.04617309 0.00918436 0.009364306 0.04707765 0.009364306 0 0.04617309 0.00918436 -0.009364306 0.0434941 0.008651494 -0.01836878 0.03914362 0.007786154 -0.02666735 0.03328889 0.006621539 -0.03394109 0.02615493 0.005202531 -0.03991049 0.0180158 0.00358355 -0.04434621 0.00918436 0.001826882 -0.04707765 0.009364306 0 0.04707765 0.01836878 0 0.04434621 0.02666735 0 0.03991049 0.03394109 0 0.03394109 0.03991049 0 0.02666735 0.04434615 0 0.01836878 0.04707765 0 0.009364306 0.04799997 0 0 0.04707765 0 -0.009364306 0.04434615 0 -0.01836878 0.03991049 0 -0.02666735 0.03394109 0 -0.03394109 0.02666735 0 -0.03991049 0.01836878 0 -0.04434621 0.009364306 0 -0.04707765 0.00918436 -0.001826882 0.04707765 0.0180158 -0.00358355 0.04434621 0.02615493 -0.005202531 0.03991049 0.03328889 -0.006621539 0.03394109 0.03914362 -0.007786154 0.02666735 0.0434941 -0.008651494 0.01836878 0.04617309 -0.00918436 0.009364306 0.04707765 -0.009364306 0 0.04617309 -0.00918436 -0.009364306 0.0434941 -0.008651494 -0.01836878 0.03914362 -0.007786154 -0.02666735 0.03328889 -0.006621539 -0.03394109 0.02615493 -0.005202531 -0.03991049 0.0180158 -0.00358355 -0.04434621 0.00918436 -0.001826882 -0.04707765 0.008651494 -0.00358355 0.04707765 0.01697051 -0.007029414 0.04434621 0.0246374 -0.01020514 0.03991049 0.03135746 -0.01298868 0.03394109 0.0368725 -0.01527309 0.02666735 0.0409705 -0.01697051 0.01836878 0.0434941 -0.0180158 0.009364306 0.04434615 -0.01836878 0 0.0434941 -0.0180158 -0.009364306 0.0409705 -0.01697051 -0.01836878 0.0368725 -0.01527309 -0.02666735 0.03135746 -0.01298868 -0.03394109 0.0246374 -0.01020514 -0.03991049 0.01697051 -0.007029414 -0.04434621 0.008651494 -0.00358355 -0.04707765 0.007786154 -0.005202531 0.04707765 0.01527309 -0.01020514 0.04434621 0.0221731 -0.01481556 0.03991049 0.02822095 -0.01885664 0.03394109 0.03318434 -0.0221731 0.02666735 0.0368725 -0.0246374 0.01836878 0.03914362 -0.02615493 0.009364306 0.03991049 -0.02666735 0 0.03914362 -0.02615493 -0.009364306 0.0368725 -0.0246374 -0.01836878 0.03318434 -0.0221731 -0.02666735 0.02822095 -0.01885664 -0.03394109 0.0221731 -0.01481556 -0.03991049 0.01527309 -0.01020514 -0.04434621 0.007786154 -0.005202531 -0.04707765 0.006621539 -0.006621539 0.04707765 0.01298868 -0.01298868 0.04434621 0.01885664 -0.01885664 0.03991049 0.02399998 -0.02399998 0.03394109 0.02822095 -0.02822101 0.02666735 0.03135746 -0.03135746 0.01836878 0.03328889 -0.03328889 0.009364306 0.03394109 -0.03394109 0 0.03328889 -0.03328889 -0.009364306 0.03135746 -0.03135746 -0.01836878 0.02822095 -0.02822101 -0.02666735 0.02399998 -0.02399998 -0.03394109 0.01885664 -0.01885664 -0.03991049 0.01298868 -0.01298868 -0.04434621 0.006621539 -0.006621539 -0.04707765 0.005202531 -0.007786154 0.04707765 0.01020514 -0.01527309 0.04434621 0.01481556 -0.0221731 0.03991049 0.01885664 -0.02822095 0.03394109 0.02217304 -0.03318434 0.02666735 0.0246374 -0.0368725 0.01836878 0.02615493 -0.03914362 0.009364306 0.02666735 -0.03991049 0 0.02615493 -0.03914362 -0.009364306 0.0246374 -0.0368725 -0.01836878 0.02217304 -0.03318434 -0.02666735 0.01885664 -0.02822095 -0.03394109 0.01481556 -0.0221731 -0.03991049 0.01020514 -0.01527309 -0.04434621 0.005202531 -0.007786154 -0.04707765 0.00358355 -0.008651494 0.04707765 0.007029414 -0.01697051 0.04434621 0.01020514 -0.0246374 0.03991049 0.01298868 -0.03135746 0.03394109 0.01527309 -0.0368725 0.02666735 0.01697051 -0.0409705 0.01836878 0.0180158 -0.0434941 0.009364306 0.01836878 -0.04434615 0 0.0180158 -0.0434941 -0.009364306 0.01697051 -0.0409705 -0.01836878 0.01527309 -0.0368725 -0.02666735 0.01298868 -0.03135746 -0.03394109 0.01020514 -0.0246374 -0.03991049 0.007029414 -0.01697051 -0.04434621 0.00358355 -0.008651494 -0.04707765 0.001826882 -0.00918436 0.04707765 0.00358355 -0.0180158 0.04434621 0.005202531 -0.02615493 0.03991049 0.006621539 -0.03328889 0.03394109 0.007786095 -0.03914362 0.02666735 0.008651494 -0.04349404 0.01836878 0.00918436 -0.04617309 0.009364306 0.009364306 -0.04707765 0 0.00918436 -0.04617309 -0.009364306 0.008651494 -0.04349404 -0.01836878 0.007786095 -0.03914362 -0.02666735 0.006621539 -0.03328889 -0.03394109 0.005202531 -0.02615493 -0.03991049 0.00358355 -0.0180158 -0.04434621 0.001826882 -0.00918436 -0.04707765 0 -0.009364306 0.04707765 0 -0.01836878 0.04434621 0 -0.02666735 0.03991049 0 -0.03394109 0.03394109 0 -0.03991049 0.02666735 0 -0.04434615 0.01836878 0 -0.04707765 0.009364306 0 -0.04799997 0 0 -0.04707765 -0.009364306 0 -0.04434615 -0.01836878 0 -0.03991049 -0.02666735 0 -0.03394109 -0.03394109 0 -0.02666735 -0.03991049 0 -0.01836878 -0.04434621 0 -0.009364306 -0.04707765 0 0 -0.04799997 -0.001826882 -0.00918436 0.04707765 -0.00358355 -0.0180158 0.04434621 -0.005202531 -0.02615493 0.03991049 -0.006621539 -0.03328889 0.03394109 -0.007786154 -0.03914362 0.02666735 -0.008651494 -0.04349404 0.01836878 -0.00918436 -0.04617303 0.009364306 -0.009364306 -0.04707765 0 -0.00918436 -0.04617303 -0.009364306 -0.008651494 -0.04349404 -0.01836878 -0.007786154 -0.03914362 -0.02666735 -0.006621539 -0.03328889 -0.03394109 -0.005202531 -0.02615493 -0.03991049 -0.00358355 -0.0180158 -0.04434621 -0.001826882 -0.00918436 -0.04707765 -0.00358355 -0.008651494 0.04707765 -0.007029414 -0.01697051 0.04434621 -0.01020514 -0.0246374 0.03991049 -0.01298868 -0.03135746 0.03394109 -0.01527309 -0.0368725 0.02666735 -0.01697051 -0.0409705 0.01836878 -0.0180158 -0.04349404 0.009364306 -0.01836878 -0.04434615 0 -0.0180158 -0.04349404 -0.009364306 -0.01697051 -0.0409705 -0.01836878 -0.01527309 -0.0368725 -0.02666735 -0.01298868 -0.03135746 -0.03394109 -0.01020514 -0.0246374 -0.03991049 -0.007029414 -0.01697051 -0.04434621 -0.00358355 -0.008651494 -0.04707765 -0.005202531 -0.007786154 0.04707765 -0.01020514 -0.01527303 0.04434621 -0.01481556 -0.02217304 0.03991049 -0.01885664 -0.02822095 0.03394109 -0.0221731 -0.03318434 0.02666735 -0.0246374 -0.0368725 0.01836878 -0.02615493 -0.03914362 0.009364306 -0.02666735 -0.03991049 0 -0.02615493 -0.03914362 -0.009364306 -0.0246374 -0.0368725 -0.01836878 -0.0221731 -0.03318434 -0.02666735 -0.01885664 -0.02822095 -0.03394109 -0.01481556 -0.02217304 -0.03991049 -0.01020514 -0.01527303 -0.04434621 -0.005202531 -0.007786154 -0.04707765 -0.006621539 -0.006621539 0.04707765 -0.01298868 -0.01298868 0.04434621 -0.01885664 -0.01885664 0.03991049 -0.02399998 -0.02399992 0.03394109 -0.02822095 -0.02822095 0.02666735 -0.03135746 -0.03135746 0.01836878 -0.03328889 -0.03328889 0.009364306 -0.03394109 -0.03394109 0 -0.03328889 -0.03328889 -0.009364306 -0.03135746 -0.03135746 -0.01836878 -0.02822095 -0.02822095 -0.02666735 -0.02399998 -0.02399992 -0.03394109 -0.01885664 -0.01885664 -0.03991049 -0.01298868 -0.01298868 -0.04434621 -0.006621539 -0.006621539 -0.04707765 0 0 0.04799997 -0.007786154 -0.005202531 0.04707765 -0.01527309 -0.01020514 0.04434621 -0.0221731 -0.01481556 0.03991049 -0.02822095 -0.01885664 0.03394109 -0.03318434 -0.02217304 0.02666735 -0.0368725 -0.0246374 0.01836878 -0.03914362 -0.02615493 0.009364306 -0.03991049 -0.02666729 0 -0.03914362 -0.02615493 -0.009364306 -0.0368725 -0.0246374 -0.01836878 -0.03318434 -0.02217304 -0.02666735 -0.02822095 -0.01885664 -0.03394109 -0.0221731 -0.01481556 -0.03991049 -0.01527309 -0.01020514 -0.04434621 -0.007786154 -0.005202531 -0.04707765 -0.008651494 -0.00358355 0.04707765 -0.01697051 -0.007029414 0.04434621 -0.0246374 -0.01020514 0.03991049 -0.03135746 -0.01298868 0.03394109 -0.0368725 -0.01527309 0.02666735 -0.0409705 -0.01697051 0.01836878 -0.04349404 -0.0180158 0.009364306 -0.04434615 -0.01836878 0 -0.04349404 -0.0180158 -0.009364306 -0.0409705 -0.01697051 -0.01836878 -0.0368725 -0.01527309 -0.02666735 -0.03135746 -0.01298868 -0.03394109 -0.0246374 -0.01020514 -0.03991049 -0.01697051 -0.007029414 -0.04434621 -0.008651494 -0.00358355 -0.04707765 -0.00918436 -0.001826882 0.04707765 -0.0180158 -0.00358355 0.04434621 -0.02615493 -0.005202531 0.03991049 -0.03328889 -0.006621539 0.03394109 -0.03914362 -0.007786095 0.02666735 -0.04349404 -0.008651494 0.01836878 -0.04617303 -0.00918436 0.009364306 -0.04707765 -0.009364306 0 -0.04617303 -0.00918436 -0.009364306 -0.04349404 -0.008651494 -0.01836878 -0.03914362 -0.007786095 -0.02666735 -0.03328889 -0.006621539 -0.03394109 -0.02615493 -0.005202531 -0.03991049 -0.0180158 -0.00358355 -0.04434621 -0.00918436 -0.001826882 -0.04707765 -0.009364306 0 0.04707765 -0.01836878 0 0.04434621 -0.02666735 0 0.03991049 -0.03394109 0 0.03394109 -0.03991049 0 0.02666735 -0.04434615 0 0.01836878 -0.04707765 0 0.009364306 -0.04799997 0 0 -0.04707765 0 -0.009364306 -0.04434615 0 -0.01836878 -0.03991049 0 -0.02666735 -0.03394109 0 -0.03394109 -0.02666735 0 -0.03991049 -0.01836878 0 -0.04434621 -0.009364306 0 -0.04707765 -0.00918436 0.001826882 0.04707765 -0.0180158 0.00358355 0.04434621 -0.02615493 0.005202531 0.03991049 -0.03328889 0.006621539 0.03394109 -0.03914362 0.007786154 0.02666735 -0.04349404 0.008651494 0.01836878 -0.04617303 0.00918436 0.009364306 -0.04707765 0.009364306 0 -0.04617303 0.00918436 -0.009364306 -0.04349404 0.008651494 -0.01836878 -0.03914362 0.007786154 -0.02666735 -0.03328889 0.006621539 -0.03394109 -0.02615493 0.005202531 -0.03991049 -0.0180158 0.00358355 -0.04434621 -0.00918436 0.001826882 -0.04707765 -0.008651494 0.00358355 0.04707765 -0.01697051 0.007029414 0.04434621 -0.0246374 0.01020514 0.03991049 -0.03135746 0.01298868 0.03394109 -0.0368725 0.01527309 0.02666735 -0.0409705 0.01697051 0.01836878 -0.04349404 0.0180158 0.009364306 -0.04434615 0.01836878 0 -0.04349404 0.0180158 -0.009364306 -0.0409705 0.01697051 -0.01836878 -0.0368725 0.01527309 -0.02666735 -0.03135746 0.01298868 -0.03394109 -0.0246374 0.01020514 -0.03991049 -0.01697051 0.007029414 -0.04434621 -0.008651494 0.00358355 -0.04707765 -0.007786095 0.005202531 0.04707765 -0.01527303 0.01020514 0.04434621 -0.02217304 0.01481556 0.03991049 -0.02822095 0.01885664 0.03394109 -0.03318434 0.02217304 0.02666735 -0.03687244 0.0246374 0.01836878 -0.03914362 0.02615493 0.009364306 -0.03991049 0.02666735 0 -0.03914362 0.02615493 -0.009364306 -0.03687244 0.0246374 -0.01836878 -0.03318434 0.02217304 -0.02666735 -0.02822095 0.01885664 -0.03394109 -0.02217304 0.01481556 -0.03991049 -0.01527303 0.01020514 -0.04434621 -0.007786095 0.005202531 -0.04707765 -0.006621539 0.006621539 0.04707765 -0.01298868 0.01298868 0.04434621 -0.01885664 0.01885664 0.03991049 -0.02399992 0.02399992 0.03394109 -0.02822095 0.02822095 0.02666735 -0.03135746 0.03135746 0.01836878 -0.03328889 0.03328889 0.009364306 -0.03394109 0.03394109 0 -0.03328889 0.03328889 -0.009364306 -0.03135746 0.03135746 -0.01836878 -0.02822095 0.02822095 -0.02666735 -0.02399992 0.02399992 -0.03394109 -0.01885664 0.01885664 -0.03991049 -0.01298868 0.01298868 -0.04434621 -0.006621539 0.006621539 -0.04707765 -0.005202531 0.007786154 0.04707765 -0.01020514 0.01527309 0.04434621 -0.01481556 0.0221731 0.03991049 -0.01885664 0.02822095 0.03394109 -0.02217304 0.03318434 0.02666735 -0.0246374 0.0368725 0.01836878 -0.02615493 0.03914362 0.009364306 -0.02666729 0.03991049 0 -0.02615493 0.03914362 -0.009364306 -0.0246374 0.0368725 -0.01836878 -0.02217304 0.03318434 -0.02666735 -0.01885664 0.02822095 -0.03394109 -0.01481556 0.0221731 -0.03991049 -0.01020514 0.01527309 -0.04434621 -0.005202531 0.007786154 -0.04707765 -0.00358355 0.008651494 0.04707765 -0.007029414 0.01697051 0.04434621 -0.01020514 0.0246374 0.03991049 -0.01298868 0.03135746 0.03394109 -0.01527309 0.0368725 0.02666735 -0.01697051 0.0409705 0.01836878 -0.0180158 0.04349404 0.009364306 -0.01836878 0.04434615 0 -0.0180158 0.04349404 -0.009364306 -0.01697051 0.0409705 -0.01836878 -0.01527309 0.0368725 -0.02666735 -0.01298868 0.03135746 -0.03394109 -0.01020514 0.0246374 -0.03991049 -0.007029414 0.01697051 -0.04434621 -0.00358355 0.008651494 -0.04707765 -0.001826882 0.00918436 0.04707765 -0.00358355 0.0180158 0.04434621 -0.005202531 0.02615493 0.03991049 -0.006621539 0.03328889 0.03394109 -0.007786095 0.03914362 0.02666735 -0.008651494 0.04349404 0.01836878 -0.00918436 0.04617303 0.009364306 -0.009364306 0.04707765 0 -0.00918436 0.04617303 -0.009364306 -0.008651494 0.04349404 -0.01836878 -0.007786095 0.03914362 -0.02666735 -0.006621539 0.03328889 -0.03394109 -0.005202531 0.02615493 -0.03991049 -0.00358355 0.0180158 -0.04434621 -0.001826882 0.00918436 -0.04707765 0 0.01836878 0.04434621 0 0.03991049 0.02666735 0 0.04707759 0.009364306 0 0.04434615 -0.01836878 0 0.03991049 -0.02666735 0 0.01836878 -0.04434621 0 0.009364306 -0.04707765</float_array>
          <technique_common>
            <accessor source="#Sphere-mesh-positions-array" count="482" stride="3">
              <param name="X" type="float"/>
              <param name="Y" type="float"/>
              <param name="Z" type="float"/>
            </accessor>
          </technique_common>
        </source>
        <source id="Sphere-mesh-normals">
          <float_array id="Sphere-mesh-normals-array" count="2880">0.06236088 0.6331587 0.7715058 0.07591557 0.7707809 -0.6325611 0.07591259 0.7707799 0.6325628 0.06236064 0.6331588 -0.7715057 0.08653581 0.8786129 0.4696285 0.04637622 0.4708889 -0.8809727 0.09382975 0.9527187 0.2890036 0.02857762 0.2901664 -0.9565495 0.09754967 0.9904379 0.0975548 0.009653449 0.09801262 0.9951384 0.009652972 0.09801274 -0.9951384 0.09754979 0.9904383 -0.09754973 0.0285775 0.2901664 0.9565495 0.09383058 0.9527186 -0.2890036 0.04637855 0.4708896 0.8809723 0.08653295 0.8786136 -0.4696278 0.2778978 0.9161056 -0.2890039 0.1373534 0.4527935 0.8809722 0.2562822 0.8448482 -0.4696286 0.1846858 0.6088269 0.7715057 0.2248284 0.7411589 -0.6325629 0.2248283 0.7411589 0.6325629 0.1846857 0.6088269 -0.7715056 0.2562821 0.8448482 0.4696285 0.1373536 0.4527934 -0.8809722 0.2778975 0.9161058 0.2890037 0.08463835 0.2790151 -0.9565495 0.2889002 0.9523763 0.09754973 0.02858924 0.09424608 0.9951384 0.02858924 0.09424608 -0.9951384 0.2889001 0.9523764 -0.09754979 0.08463841 0.2790151 0.9565494 0.2230499 0.4172968 -0.8809723 0.4512814 0.8442878 0.2890039 0.1374453 0.2571419 -0.9565495 0.4691486 0.8777151 0.09754979 0.04642635 0.08685767 0.9951384 0.04642635 0.08685767 -0.9951383 0.4691486 0.8777149 -0.09754973 0.1374453 0.2571418 0.9565494 0.4512814 0.8442878 -0.2890039 0.2230498 0.4172969 0.8809723 0.4161796 0.7786162 -0.4696289 0.2999133 0.5610981 0.7715056 0.3651012 0.6830561 -0.6325627 0.3651014 0.6830558 0.6325629 0.2999132 0.5610982 -0.7715056 0.4161794 0.7786166 0.4696286 0.560083 0.6824632 -0.4696285 0.4036153 0.4918066 0.7715056 0.4913435 0.5987036 -0.6325626 0.4913434 0.5987037 0.6325627 0.4036153 0.4918066 -0.7715056 0.5600833 0.6824628 0.4696288 0.3001747 0.3657636 -0.8809722 0.6073225 0.7400245 0.2890038 0.1849702 0.2253867 -0.9565495 0.6313675 0.7693238 0.09754997 0.06247943 0.07613134 0.9951384 0.06247943 0.07613134 -0.9951383 0.6313677 0.7693237 -0.09754985 0.1849702 0.2253867 0.9565494 0.6073227 0.7400242 -0.2890042 0.3001746 0.3657637 0.8809723 0.2253868 0.1849702 -0.9565495 0.769324 0.6313673 0.09754967 0.0761314 0.06247943 0.9951384 0.0761314 0.06247937 -0.9951384 0.7693238 0.6313676 -0.09755009 0.2253868 0.1849701 0.9565494 0.7400245 0.6073223 -0.2890041 0.3657637 0.3001745 0.8809723 0.6824632 0.560083 -0.4696285 0.4918067 0.4036152 0.7715055 0.5987037 0.4913433 -0.6325627 0.5987037 0.4913434 0.6325628 0.4918066 0.4036153 -0.7715057 0.6824633 0.560083 0.4696284 0.3657637 0.3001744 -0.8809723 0.7400245 0.6073222 0.2890041 0.5610982 0.2999132 0.7715057 0.6830561 0.365101 -0.6325627 0.683056 0.3651011 0.6325629 0.5610982 0.2999132 -0.7715056 0.7786169 0.4161791 0.4696282 0.4172968 0.2230498 -0.8809723 0.8442878 0.4512813 0.289004 0.257142 0.1374452 -0.9565495 0.8777152 0.4691482 0.09754943 0.08685767 0.04642635 0.9951384 0.08685767 0.04642635 -0.9951384 0.8777151 0.4691486 -0.09754979 0.257142 0.1374452 0.9565494 0.8442879 0.4512809 -0.2890043 0.4172968 0.2230497 0.8809723 0.7786167 0.4161794 -0.4696285 0.9523764 0.2889002 0.09754967 0.09424608 0.02858918 0.9951383 0.09424608 0.02858918 -0.9951384 0.9523764 0.2889001 -0.09754955 0.2790153 0.08463817 0.9565494 0.9161056 0.2778974 -0.2890043 0.4527934 0.1373532 0.8809723 0.8448486 0.2562814 -0.4696282 0.6088271 0.1846855 0.7715056 0.7411592 0.224828 -0.6325626 0.7411591 0.2248277 0.6325629 0.6088271 0.1846854 -0.7715057 0.8448484 0.2562817 0.4696284 0.4527935 0.1373531 -0.8809723 0.9161057 0.2778975 0.2890042 0.2790153 0.08463829 -0.9565495 0.7707798 0.07591497 -0.6325625 0.7707798 0.0759148 0.6325626 0.633159 0.0623607 -0.7715055 0.8786129 0.08653551 0.4696286 0.4708893 0.04637819 -0.8809724 0.952718 0.09383428 0.2890042 0.2901663 0.02857881 -0.9565495 0.9904384 0.09754931 0.09754967 0.09801268 0.009653389 0.9951384 0.09801268 0.009653329 -0.9951384 0.9904384 0.09754937 -0.09754973 0.2901662 0.02857863 0.9565494 0.952718 0.09383416 -0.2890043 0.4708894 0.04637855 0.8809723 0.878613 0.08653539 -0.4696285 0.6331589 0.06236058 0.7715056 0.09801268 -0.009653389 0.9951383 0.09801268 -0.009653389 -0.9951383 0.9904384 -0.09754985 -0.09754973 0.2901662 -0.02857893 0.9565494 0.952718 -0.09383457 -0.289004 0.4708893 -0.04637855 0.8809724 0.8786128 -0.08653581 -0.4696285 0.633159 -0.06236094 0.7715056 0.7707798 -0.07591545 -0.6325625 0.7707799 -0.07591515 0.6325625 0.6331591 -0.0623607 -0.7715055 0.8786128 -0.08653587 0.4696286 0.4708892 -0.04637867 -0.8809725 0.952718 -0.09383469 0.2890042 0.2901662 -0.02857893 -0.9565494 0.9904384 -0.09754973 0.09754985 0.741159 -0.2248284 0.6325626 0.6088272 -0.1846858 -0.7715054 0.8448481 -0.2562821 0.4696286 0.4527931 -0.1373536 -0.8809725 0.9161057 -0.2778976 0.289004 0.2790153 -0.08463847 -0.9565494 0.9523762 -0.2889007 0.09754943 0.09424608 -0.0285893 0.9951383 0.09424608 -0.02858924 -0.9951383 0.9523764 -0.2889002 -0.09754991 0.2790153 -0.08463853 0.9565494 0.9161055 -0.2778978 -0.2890042 0.4527933 -0.1373534 0.8809724 0.8448482 -0.2562823 -0.4696286 0.6088271 -0.184686 0.7715054 0.7411589 -0.2248284 -0.6325627 0.8777149 -0.4691486 -0.09754955 0.257142 -0.1374455 0.9565494 0.8442876 -0.4512814 -0.2890041 0.4172965 -0.2230498 0.8809725 0.7786164 -0.4161795 -0.4696287 0.5610983 -0.2999135 0.7715054 0.683056 -0.3651013 -0.6325626 0.683056 -0.3651013 0.6325626 0.5610983 -0.2999135 -0.7715054 0.7786164 -0.4161794 0.4696287 0.4172964 -0.2230499 -0.8809725 0.8442878 -0.4512814 0.289004 0.2571421 -0.1374454 -0.9565494 0.877715 -0.4691487 0.09754949 0.08685767 -0.04642641 0.9951384 0.08685767 -0.04642641 -0.9951384 0.4918068 -0.4036156 -0.7715054 0.6824629 -0.5600831 0.4696288 0.3657634 -0.3001745 -0.8809724 0.7400245 -0.6073225 0.289004 0.2253869 -0.1849703 -0.9565494 0.7693235 -0.6313679 0.09754937 0.0761314 -0.06247943 0.9951383 0.0761314 -0.06247943 -0.9951384 0.7693236 -0.6313678 -0.09754955 0.2253868 -0.1849703 0.9565494 0.7400243 -0.6073225 -0.289004 0.3657634 -0.3001745 0.8809724 0.682463 -0.560083 -0.4696288 0.4918069 -0.4036155 0.7715054 0.5987037 -0.4913434 -0.6325625 0.5987037 -0.4913436 0.6325626 0.607322 -0.7400248 -0.2890039 0.3001743 -0.3657636 0.8809724 0.5600829 -0.6824632 -0.4696289 0.4036152 -0.4918069 0.7715054 0.4913433 -0.5987039 -0.6325626 0.4913433 -0.5987039 0.6325625 0.4036154 -0.4918069 -0.7715054 0.5600827 -0.6824634 0.4696287 0.3001741 -0.3657636 -0.8809725 0.6073222 -0.7400247 0.2890038 0.1849702 -0.225387 -0.9565494 0.6313674 -0.769324 0.09754943 0.06247943 -0.0761314 0.9951383 0.06247937 -0.07613146 -0.9951384 0.6313674 -0.769324 -0.09754949 0.1849702 -0.225387 0.9565495 0.2230494 -0.4172967 -0.8809725 0.4512811 -0.8442879 0.2890038 0.1374453 -0.2571421 -0.9565494 0.4691483 -0.8777152 0.09754961 0.04642635 -0.08685773 0.9951384 0.04642641 -0.08685773 -0.9951383 0.4691483 -0.8777152 -0.09754961 0.1374452 -0.2571422 0.9565494 0.4512807 -0.8442881 -0.2890041 0.2230495 -0.4172967 0.8809725 0.4161791 -0.7786167 -0.4696287 0.2999132 -0.5610985 0.7715054 0.3651009 -0.6830562 -0.6325627 0.365101 -0.6830563 0.6325626 0.2999132 -0.5610985 -0.7715054 0.4161788 -0.7786169 0.4696285 0.1373531 -0.4527932 0.8809724 0.2562819 -0.8448483 -0.4696285 0.1846857 -0.6088273 0.7715055 0.2248281 -0.7411592 -0.6325626 0.2248281 -0.7411592 0.6325626 0.1846855 -0.6088272 -0.7715055 0.2562815 -0.8448486 0.4696282 0.1373534 -0.4527933 -0.8809724 0.2778976 -0.9161057 0.2890039 0.08463835 -0.2790155 -0.9565494 0.2888999 -0.9523765 0.09754949 0.02858924 -0.09424608 0.9951384 0.02858918 -0.09424608 -0.9951384 0.2889001 -0.9523764 -0.09754979 0.08463835 -0.2790154 0.9565494 0.2778971 -0.9161058 -0.2890043 0.09383434 -0.9527181 0.2890042 0.02857869 -0.2901664 -0.9565494 0.09754937 -0.9904384 0.09754961 0.009653329 -0.09801268 0.9951384 0.009653329 -0.09801268 -0.9951384 0.09754943 -0.9904384 -0.09754973 0.02857869 -0.2901664 0.9565494 0.09383422 -0.952718 -0.2890043 0.04637837 -0.4708893 0.8809724 0.08653539 -0.8786131 -0.4696283 0.06236028 -0.6331592 0.7715055 0.07591462 -0.7707797 -0.6325628 0.0759148 -0.7707798 0.6325627 0.06236052 -0.6331593 -0.7715054 0.08653551 -0.8786131 0.4696282 0.04637825 -0.4708892 -0.8809724 -0.08653581 -0.878613 -0.4696282 -0.062361 -0.6331592 0.7715053 -0.07591545 -0.7707796 -0.6325627 -0.07591515 -0.7707797 0.6325628 -0.06236076 -0.6331594 -0.7715053 -0.08653593 -0.8786131 0.4696282 -0.04637849 -0.4708892 -0.8809724 -0.09383469 -0.952718 0.2890042 -0.02857893 -0.2901664 -0.9565494 -0.09754973 -0.9904384 0.09754991 -0.009653389 -0.09801268 0.9951383 -0.009653389 -0.09801268 -0.9951383 -0.09754985 -0.9904383 -0.09754979 -0.02857887 -0.2901664 0.9565494 -0.09383463 -0.9527181 -0.289004 -0.04637855 -0.4708893 0.8809725 -0.08463859 -0.2790154 -0.9565494 -0.2889007 -0.9523762 0.09754961 -0.0285893 -0.09424608 0.9951383 -0.02858924 -0.09424608 -0.9951383 -0.2889002 -0.9523763 -0.09755009 -0.08463859 -0.2790154 0.9565494 -0.277898 -0.9161056 -0.2890042 -0.1373534 -0.4527932 0.8809724 -0.2562823 -0.8448483 -0.4696283 -0.1846861 -0.6088273 0.7715052 -0.2248285 -0.7411588 -0.6325629 -0.2248284 -0.7411588 0.6325629 -0.1846859 -0.6088276 -0.7715051 -0.2562823 -0.8448484 0.4696282 -0.1373536 -0.452793 -0.8809725 -0.2778977 -0.9161057 0.2890039 -0.2999137 -0.5610986 0.7715052 -0.3651012 -0.6830556 -0.6325631 -0.365101 -0.6830559 0.6325629 -0.2999138 -0.5610985 -0.7715051 -0.4161797 -0.7786168 0.469628 -0.2230497 -0.4172967 -0.8809723 -0.4512815 -0.8442877 0.289004 -0.1374454 -0.2571421 -0.9565494 -0.4691487 -0.8777149 0.09754985 -0.04642641 -0.08685767 0.9951384 -0.04642641 -0.08685773 -0.9951384 -0.4691488 -0.8777149 -0.09754985 -0.1374453 -0.2571421 0.9565494 -0.4512816 -0.8442876 -0.289004 -0.2230499 -0.4172965 0.8809724 -0.4161793 -0.7786168 -0.4696283 -0.631368 -0.7693234 0.09754991 -0.06247943 -0.0761314 0.9951384 -0.06247943 -0.0761314 -0.9951383 -0.6313678 -0.7693235 -0.09755003 -0.1849703 -0.2253868 0.9565494 -0.6073225 -0.7400245 -0.2890037 -0.3001746 -0.3657635 0.8809723 -0.5600832 -0.6824634 -0.469628 -0.4036157 -0.4918069 0.7715052 -0.4913433 -0.5987033 -0.6325632 -0.4913432 -0.5987035 0.6325631 -0.4036158 -0.4918069 -0.7715052 -0.5600833 -0.6824634 0.4696279 -0.3001746 -0.3657634 -0.8809724 -0.6073226 -0.7400243 0.2890039 -0.1849703 -0.2253869 -0.9565494 -0.5987035 -0.491343 -0.6325632 -0.5987036 -0.491343 0.6325631 -0.4918071 -0.4036155 -0.7715052 -0.6824635 -0.5600831 0.469628 -0.3657637 -0.3001742 -0.8809724 -0.7400247 -0.6073223 0.2890036 -0.225387 -0.1849703 -0.9565494 -0.769324 -0.6313673 0.09754985 -0.07613146 -0.06247943 0.9951383 -0.07613146 -0.06247943 -0.9951384 -0.7693238 -0.6313675 -0.09755015 -0.225387 -0.1849702 0.9565495 -0.7400246 -0.6073223 -0.2890036 -0.3657637 -0.3001744 0.8809723 -0.6824635 -0.5600831 -0.4696279 -0.4918072 -0.4036155 0.7715052 -0.08685773 -0.04642641 -0.9951384 -0.8777151 -0.4691483 -0.09755003 -0.2571422 -0.1374452 0.9565494 -0.844288 -0.4512812 -0.2890035 -0.4172967 -0.2230496 0.8809723 -0.778617 -0.4161792 -0.469628 -0.5610987 -0.2999134 0.7715052 -0.6830559 -0.3651008 -0.6325631 -0.6830559 -0.3651008 0.6325631 -0.5610987 -0.2999134 -0.7715052 -0.778617 -0.4161793 0.4696281 -0.4172967 -0.2230495 -0.8809724 -0.844288 -0.4512812 0.2890035 -0.2571422 -0.1374452 -0.9565494 -0.8777151 -0.4691484 0.09755009 -0.08685773 -0.04642635 0.9951383 -0.6088275 -0.1846857 -0.7715052 -0.8448488 -0.2562816 0.4696279 -0.4527933 -0.1373532 -0.8809724 -0.9161059 -0.2778973 0.2890034 -0.2790155 -0.08463841 -0.9565494 -0.9523764 -0.2888999 0.09755033 -0.09424614 -0.02858924 0.9951384 -0.09424614 -0.02858924 -0.9951383 -0.9523764 -0.2888998 -0.09755027 -0.2790155 -0.08463829 0.9565494 -0.916106 -0.2778972 -0.2890035 -0.4527933 -0.1373532 0.8809723 -0.8448485 -0.2562819 -0.4696282 -0.6088277 -0.1846855 0.7715051 -0.7411588 -0.2248276 -0.6325633 -0.7411588 -0.224828 0.632563 -0.2901664 -0.02857881 0.9565494 -0.9527183 -0.09383428 -0.2890035 -0.4708893 -0.04637837 0.8809725 -0.8786132 -0.08653545 -0.4696279 -0.6331596 -0.06236034 0.7715051 -0.7707793 -0.07591456 -0.6325633 -0.7707793 -0.07591474 0.6325632 -0.6331595 -0.06236058 -0.7715051 -0.8786132 -0.08653557 0.4696278 -0.4708893 -0.04637849 -0.8809724 -0.9527183 -0.0938344 0.2890034 -0.2901664 -0.02857863 -0.9565494 -0.9904382 -0.09754937 0.09755039 -0.09801268 -0.00965327 0.9951383 -0.09801268 -0.009653329 -0.9951383 -0.9904383 -0.09754943 -0.09755051 -0.8786132 0.08653593 0.4696279 -0.4708893 0.04637849 -0.8809723 -0.9527183 0.09383475 0.2890034 -0.2901664 0.02857893 -0.9565494 -0.9904382 0.09755015 0.09755027 -0.09801268 0.009653389 0.9951383 -0.09801274 0.009653389 -0.9951384 -0.9904383 0.09754985 -0.09755057 -0.2901664 0.02857887 0.9565494 -0.9527183 0.09383463 -0.2890033 -0.4708893 0.04637855 0.8809724 -0.8786131 0.08653587 -0.4696279 -0.6331596 0.0623607 0.7715051 -0.7707793 0.07591497 -0.6325631 -0.7707793 0.07591515 0.6325632 -0.6331597 0.06236082 -0.7715051 -0.9161058 0.277898 -0.2890035 -0.4527933 0.1373534 0.8809723 -0.8448484 0.2562825 -0.4696279 -0.6088277 0.1846862 0.771505 -0.7411587 0.2248284 -0.6325631 -0.7411587 0.2248284 0.6325631 -0.6088275 0.1846859 -0.7715051 -0.8448485 0.2562823 0.4696279 -0.4527933 0.1373534 -0.8809723 -0.9161059 0.2778978 0.2890033 -0.2790154 0.08463841 -0.9565494 -0.9523761 0.2889007 0.09755003 -0.09424614 0.02858924 0.9951384 -0.09424614 0.02858924 -0.9951384 -0.9523763 0.2889003 -0.09755045 -0.2790154 0.08463847 0.9565494 -0.4172968 0.2230497 -0.8809724 -0.8442879 0.4512814 0.2890034 -0.2571421 0.1374453 -0.9565494 -0.8777148 0.4691488 0.09754985 -0.08685773 0.04642647 0.9951384 -0.08685773 0.04642641 -0.9951384 -0.8777151 0.4691485 -0.09755015 -0.2571421 0.1374453 0.9565494 -0.8442876 0.4512818 -0.2890038 -0.4172967 0.2230498 0.8809724 -0.7786169 0.4161794 -0.4696279 -0.5610988 0.299914 0.771505 -0.6830555 0.3651013 -0.6325634 -0.6830558 0.365101 0.632563 -0.5610988 0.2999137 -0.7715051 -0.7786169 0.41618 0.4696276 -0.3657636 0.3001746 0.8809723 -0.6824635 0.5600835 -0.4696276 -0.4918072 0.4036161 0.7715049 -0.5987031 0.4913433 -0.6325634 -0.5987033 0.4913432 0.6325632 -0.4918072 0.403616 -0.7715049 -0.6824636 0.5600835 0.4696276 -0.3657636 0.3001745 -0.8809723 -0.7400243 0.6073228 0.2890037 -0.2253869 0.1849703 -0.9565494 -0.7693235 0.6313678 0.09755021 -0.0761314 0.06247943 0.9951384 -0.0761314 0.06247949 -0.9951384 -0.7693234 0.6313679 -0.09755003 -0.2253869 0.1849703 0.9565495 -0.7400246 0.6073226 -0.2890034 -0.6073223 0.7400249 0.2890034 -0.1849702 0.225387 -0.9565494 -0.6313673 0.7693238 0.09755039 -0.06247943 0.07613146 0.9951384 -0.06247943 0.07613146 -0.9951384 -0.6313673 0.7693239 -0.09755039 -0.1849702 0.225387 0.9565495 -0.6073224 0.7400248 -0.2890032 -0.3001744 0.3657636 0.8809723 -0.5600833 0.6824636 -0.4696276 -0.4036157 0.4918076 0.7715049 -0.4913426 0.5987033 -0.6325635 -0.491343 0.5987033 0.6325633 -0.4036158 0.4918074 -0.7715049 -0.5600833 0.6824638 0.4696276 -0.3001743 0.3657638 -0.8809723 -0.4161794 0.7786172 -0.4696276 -0.2999134 0.5610993 0.7715047 -0.3651003 0.6830556 -0.6325636 -0.3651007 0.6830556 0.6325634 -0.2999136 0.5610991 -0.7715048 -0.4161794 0.778617 0.4696277 -0.2230496 0.4172968 -0.8809724 -0.4512811 0.8442882 0.2890031 -0.1374453 0.2571421 -0.9565494 -0.469148 0.8777152 0.09755051 -0.04642635 0.08685773 0.9951384 -0.04642641 0.08685773 -0.9951384 -0.4691482 0.8777152 -0.09755057 -0.1374452 0.2571421 0.9565494 -0.4512814 0.8442882 -0.2890027 -0.2230497 0.4172967 0.8809723 -0.08463841 0.2790154 -0.9565494 -0.2889 0.9523763 0.09755074 -0.02858924 0.09424608 0.9951383 -0.02858924 0.09424614 -0.9951383 -0.2889 0.9523764 -0.09755069 -0.08463829 0.2790155 0.9565494 -0.2778973 0.9161062 -0.2890028 -0.1373531 0.4527934 0.8809723 -0.256282 0.8448486 -0.4696278 -0.1846857 0.6088281 0.7715046 -0.2248275 0.7411583 -0.6325637 -0.224828 0.7411584 0.6325636 -0.1846856 0.6088282 -0.7715047 -0.2562817 0.844849 0.4696275 -0.1373531 0.4527934 -0.8809723 -0.2778975 0.9161061 0.2890027 -0.07591938 0.7707782 -0.6325638 -0.07591491 0.770781 0.6325611 -0.06236225 0.6331598 -0.7715048 -0.08653926 0.8786115 0.4696306 -0.04637849 0.4708893 -0.8809723 -0.09383451 0.9527196 0.2889991 -0.02857863 0.2901664 -0.9565494 -0.09755337 0.9904375 0.0975548 -0.009653747 0.09801262 0.9951384 -0.009653329 0.09801274 -0.9951384 -0.09755468 0.9904377 -0.09755092 -0.02857887 0.2901666 0.9565493 -0.09383428 0.9527185 -0.2890027 -0.04637956 0.4708887 0.8809726 -0.08653545 0.8786134 -0.4696274 -0.06236428 0.6331585 0.7715057 0.0623607 0.6331589 0.7715057 0.07591259 0.7707799 -0.6325628 0.07591557 0.7707809 0.6325612 0.06236088 0.6331587 -0.7715058 0.08653277 0.8786121 0.4696308 0.04637855 0.4708896 -0.8809723 0.09383469 0.9527195 0.2889991 0.0285775 0.2901663 -0.9565495 0.09754467 0.9904389 0.09754973 0.09754973 0.9904384 -0.09754979 0.02857893 0.2901666 0.9565493 0.09383457 0.9527171 -0.2890074 0.04637622 0.4708889 0.8809728 0.08653217 0.8786133 -0.4696283 0.2778975 0.9161058 -0.2890037 0.1373536 0.4527934 0.8809723 0.2562821 0.8448482 -0.4696285 0.1846857 0.6088269 0.7715056 0.2248283 0.7411589 -0.6325629 0.2248284 0.7411589 0.632563 0.1846858 0.6088269 -0.7715057 0.2562822 0.8448482 0.4696286 0.1373534 0.4527935 -0.8809722 0.2778978 0.9161056 0.2890039 0.08463841 0.2790151 -0.9565494 0.2889001 0.9523764 0.09754979 0.2889002 0.9523763 -0.09754973 0.08463841 0.2790151 0.9565495 0.2230498 0.4172969 -0.8809723 0.4512814 0.8442878 0.2890039 0.1374453 0.2571418 -0.9565494 0.4691486 0.8777149 0.09754973 0.4691485 0.8777151 -0.09754979 0.1374452 0.2571419 0.9565495 0.4512814 0.8442878 -0.2890039 0.2230499 0.4172967 0.8809723 0.4161794 0.7786166 -0.4696286 0.2999132 0.5610981 0.7715057 0.3651014 0.6830558 -0.6325629 0.3651012 0.6830561 0.6325627 0.2999133 0.5610981 -0.7715055 0.4161796 0.7786163 0.4696289 0.5600833 0.6824628 -0.4696288 0.4036153 0.4918066 0.7715056 0.4913433 0.5987036 -0.6325627 0.4913434 0.5987035 0.6325627 0.4036153 0.4918066 -0.7715056 0.560083 0.6824632 0.4696285 0.3001746 0.3657637 -0.8809723 0.6073227 0.7400241 0.2890042 0.1849702 0.2253867 -0.9565494 0.6313677 0.7693237 0.09754985 0.6313676 0.7693237 -0.09754997 0.1849702 0.2253867 0.9565495 0.6073225 0.7400245 -0.2890038 0.3001747 0.3657636 0.8809723 0.2253868 0.1849701 -0.9565494 0.7693238 0.6313676 0.09755003 0.769324 0.6313672 -0.09754967 0.2253868 0.1849701 0.9565495 0.7400245 0.6073222 -0.2890041 0.3657638 0.3001744 0.8809723 0.6824633 0.560083 -0.4696284 0.4918066 0.4036153 0.7715057 0.5987036 0.4913433 -0.6325627 0.5987037 0.4913433 0.6325628 0.4918067 0.4036152 -0.7715056 0.6824632 0.560083 0.4696285 0.3657637 0.3001746 -0.8809723 0.7400245 0.6073223 0.2890041 0.5610982 0.2999132 0.7715056 0.6830559 0.3651011 -0.6325629 0.6830561 0.365101 0.6325627 0.5610982 0.2999132 -0.7715057 0.7786167 0.4161794 0.4696285 0.4172968 0.2230497 -0.8809723 0.8442879 0.451281 0.2890043 0.257142 0.1374452 -0.9565494 0.8777151 0.4691486 0.09754979 0.8777153 0.4691483 -0.09754943 0.257142 0.1374452 0.9565495 0.8442878 0.4512813 -0.289004 0.4172968 0.2230497 0.8809723 0.778617 0.4161791 -0.4696282 0.9523764 0.2889001 0.09754955 0.9523763 0.2889001 -0.09754967 0.2790153 0.08463829 0.9565495 0.9161057 0.2778975 -0.2890042 0.4527935 0.1373531 0.8809723 0.8448484 0.2562817 -0.4696284 0.6088271 0.1846854 0.7715057 0.7411591 0.2248277 -0.6325629 0.7411591 0.224828 0.6325626 0.6088271 0.1846855 -0.7715056 0.8448486 0.2562814 0.4696282 0.4527935 0.1373532 -0.8809723 0.9161056 0.2778974 0.2890043 0.2790153 0.08463817 -0.9565494 0.7707798 0.0759148 -0.6325626 0.7707799 0.07591503 0.6325625 0.6331589 0.06236058 -0.7715057 0.878613 0.08653539 0.4696285 0.4708894 0.04637855 -0.8809723 0.952718 0.09383416 0.2890043 0.2901662 0.02857863 -0.9565494 0.9904384 0.09754937 0.09754973 0.9904384 0.09754931 -0.09754967 0.2901663 0.02857875 0.9565495 0.952718 0.09383428 -0.2890042 0.4708893 0.04637819 0.8809724 0.8786129 0.08653545 -0.4696285 0.633159 0.0623607 0.7715055 0.9904384 -0.09754973 -0.09754985 0.2901663 -0.02857893 0.9565494 0.952718 -0.09383469 -0.2890042 0.4708892 -0.04637867 0.8809724 0.8786128 -0.08653587 -0.4696285 0.6331591 -0.0623607 0.7715054 0.7707797 -0.07591515 -0.6325627 0.7707796 -0.07591545 0.6325627 0.6331589 -0.06236094 -0.7715055 0.8786128 -0.08653581 0.4696286 0.4708893 -0.04637855 -0.8809724 0.952718 -0.09383457 0.289004 0.2901663 -0.02857899 -0.9565494 0.9904384 -0.09754985 0.09754973 0.741159 -0.2248284 0.6325627 0.6088271 -0.184686 -0.7715054 0.8448481 -0.2562822 0.4696286 0.4527933 -0.1373534 -0.8809725 0.9161055 -0.2778978 0.2890042 0.2790153 -0.08463853 -0.9565494 0.9523764 -0.2889002 0.09754991 0.9523763 -0.2889006 -0.09754949 0.2790154 -0.08463847 0.9565494 0.9161057 -0.2778976 -0.289004 0.4527931 -0.1373535 0.8809725 0.8448481 -0.2562821 -0.4696287 0.6088272 -0.1846857 0.7715054 0.741159 -0.2248284 -0.6325627 0.877715 -0.4691487 -0.09754949 0.2571421 -0.1374453 0.9565494 0.8442878 -0.4512814 -0.289004 0.4172964 -0.2230499 0.8809725 0.7786164 -0.4161794 -0.4696288 0.5610983 -0.2999135 0.7715054 0.683056 -0.3651013 -0.6325626 0.6830561 -0.3651013 0.6325626 0.5610983 -0.2999135 -0.7715054 0.7786164 -0.4161795 0.4696287 0.4172965 -0.2230498 -0.8809725 0.8442876 -0.4512814 0.2890041 0.257142 -0.1374455 -0.9565494 0.8777149 -0.4691486 0.09754955 0.4918068 -0.4036155 -0.7715055 0.682463 -0.560083 0.4696288 0.3657634 -0.3001745 -0.8809724 0.7400244 -0.6073225 0.289004 0.2253868 -0.1849703 -0.9565494 0.7693236 -0.6313678 0.09754955 0.7693235 -0.6313679 -0.09754937 0.2253869 -0.1849703 0.9565494 0.7400245 -0.6073225 -0.289004 0.3657634 -0.3001745 0.8809725 0.682463 -0.5600831 -0.4696288 0.4918067 -0.4036155 0.7715054 0.5987037 -0.4913436 -0.6325626 0.5987038 -0.4913435 0.6325626 0.6073222 -0.7400247 -0.2890038 0.3001742 -0.3657636 0.8809725 0.5600827 -0.6824634 -0.4696287 0.4036154 -0.4918069 0.7715054 0.4913433 -0.5987039 -0.6325626 0.4913433 -0.5987039 0.6325626 0.4036152 -0.4918069 -0.7715054 0.5600828 -0.6824631 0.4696289 0.3001743 -0.3657636 -0.8809724 0.607322 -0.7400248 0.2890039 0.1849702 -0.225387 -0.9565495 0.6313674 -0.769324 0.09754949 0.6313674 -0.769324 -0.09754943 0.1849702 -0.225387 0.9565494 0.2230495 -0.4172967 -0.8809724 0.4512807 -0.8442881 0.2890041 0.1374452 -0.2571422 -0.9565494 0.4691483 -0.8777152 0.09754961 0.4691483 -0.8777152 -0.09754961 0.1374453 -0.2571422 0.9565494 0.4512811 -0.8442879 -0.2890037 0.2230494 -0.4172967 0.8809725 0.4161788 -0.7786169 -0.4696285 0.2999131 -0.5610985 0.7715055 0.365101 -0.6830563 -0.6325626 0.3651009 -0.6830562 0.6325627 0.2999132 -0.5610985 -0.7715054 0.416179 -0.7786166 0.4696287 0.1373534 -0.4527933 0.8809724 0.2562816 -0.8448486 -0.4696282 0.1846855 -0.6088272 0.7715055 0.2248281 -0.7411592 -0.6325627 0.2248281 -0.7411591 0.6325626 0.1846857 -0.6088273 -0.7715055 0.2562819 -0.8448483 0.4696285 0.1373531 -0.4527932 -0.8809724 0.2778971 -0.9161058 0.2890043 0.08463841 -0.2790154 -0.9565494 0.2889001 -0.9523764 0.09754979 0.2888999 -0.9523765 -0.09754949 0.08463835 -0.2790155 0.9565494 0.2778976 -0.9161057 -0.2890039 0.09383422 -0.952718 0.2890043 0.02857869 -0.2901664 -0.9565494 0.09754943 -0.9904384 0.09754967 0.09754937 -0.9904384 -0.09754961 0.02857875 -0.2901664 0.9565494 0.09383434 -0.9527181 -0.2890042 0.04637819 -0.4708892 0.8809724 0.08653551 -0.8786131 -0.4696282 0.06236052 -0.6331593 0.7715054 0.0759148 -0.7707798 -0.6325627 0.07591462 -0.7707797 0.6325628 0.06236028 -0.6331592 -0.7715055 0.08653539 -0.8786131 0.4696283 0.04637837 -0.4708893 -0.8809724 -0.08653587 -0.8786131 -0.4696282 -0.06236076 -0.6331594 0.7715052 -0.07591515 -0.7707794 -0.6325629 -0.07591545 -0.7707794 0.6325629 -0.062361 -0.6331592 -0.7715053 -0.08653581 -0.878613 0.4696282 -0.04637855 -0.4708893 -0.8809725 -0.09383463 -0.9527181 0.289004 -0.02857881 -0.2901664 -0.9565494 -0.09754985 -0.9904383 0.09754979 -0.09754979 -0.9904384 -0.09754991 -0.02857893 -0.2901664 0.9565494 -0.09383469 -0.952718 -0.2890042 -0.04637849 -0.4708893 0.8809724 -0.08463859 -0.2790154 -0.9565494 -0.2889002 -0.9523763 0.09755009 -0.2889007 -0.9523763 -0.09754961 -0.08463853 -0.2790154 0.9565494 -0.2778977 -0.9161057 -0.2890039 -0.1373535 -0.4527931 0.8809725 -0.2562823 -0.8448484 -0.4696282 -0.1846859 -0.6088275 0.7715051 -0.2248284 -0.7411588 -0.6325629 -0.2248284 -0.7411588 0.6325629 -0.1846861 -0.6088273 -0.7715052 -0.2562823 -0.8448483 0.4696283 -0.1373534 -0.4527932 -0.8809724 -0.277898 -0.9161056 0.2890042 -0.2999138 -0.5610985 0.7715052 -0.365101 -0.6830559 -0.6325629 -0.3651011 -0.6830556 0.6325631 -0.2999137 -0.5610985 -0.7715052 -0.4161793 -0.7786168 0.4696283 -0.2230499 -0.4172965 -0.8809724 -0.4512816 -0.8442876 0.289004 -0.1374453 -0.2571421 -0.9565494 -0.4691488 -0.8777149 0.09754985 -0.4691488 -0.8777149 -0.09754985 -0.1374454 -0.2571421 0.9565494 -0.4512815 -0.8442877 -0.289004 -0.2230497 -0.4172967 0.8809724 -0.4161797 -0.7786168 -0.469628 -0.6313678 -0.7693235 0.09755009 -0.6313679 -0.7693234 -0.09754991 -0.1849703 -0.2253869 0.9565494 -0.6073226 -0.7400243 -0.2890039 -0.3001746 -0.3657635 0.8809724 -0.5600833 -0.6824634 -0.4696279 -0.4036158 -0.4918069 0.7715051 -0.4913432 -0.5987035 -0.6325631 -0.4913433 -0.5987033 0.6325632 -0.4036157 -0.4918069 -0.7715052 -0.5600832 -0.6824634 0.469628 -0.3001746 -0.3657635 -0.8809723 -0.6073225 -0.7400245 0.2890037 -0.1849703 -0.2253868 -0.9565494 -0.5987036 -0.491343 -0.6325631 -0.5987036 -0.4913429 0.6325632 -0.4918072 -0.4036154 -0.7715052 -0.6824635 -0.5600831 0.4696279 -0.3657636 -0.3001744 -0.8809723 -0.7400246 -0.6073223 0.2890036 -0.225387 -0.1849702 -0.9565494 -0.7693238 -0.6313675 0.09755009 -0.769324 -0.6313673 -0.09754985 -0.225387 -0.1849702 0.9565494 -0.7400247 -0.6073223 -0.2890036 -0.3657637 -0.3001742 0.8809725 -0.6824635 -0.5600831 -0.469628 -0.4918071 -0.4036155 0.7715052 -0.8777151 -0.4691484 -0.09755003 -0.2571422 -0.1374452 0.9565494 -0.844288 -0.4512812 -0.2890035 -0.4172967 -0.2230496 0.8809724 -0.7786169 -0.4161793 -0.4696281 -0.5610987 -0.2999134 0.7715052 -0.6830559 -0.3651008 -0.6325631 -0.6830559 -0.3651008 0.6325632 -0.5610987 -0.2999134 -0.7715051 -0.778617 -0.4161792 0.469628 -0.4172967 -0.2230496 -0.8809723 -0.844288 -0.4512812 0.2890035 -0.2571422 -0.1374452 -0.9565494 -0.8777151 -0.4691483 0.09755003 -0.6088277 -0.1846855 -0.7715051 -0.8448485 -0.2562819 0.4696282 -0.4527933 -0.1373532 -0.8809725 -0.916106 -0.2778972 0.2890035 -0.2790155 -0.08463829 -0.9565494 -0.9523764 -0.2888998 0.09755021 -0.9523763 -0.2888999 -0.09755033 -0.2790155 -0.08463841 0.9565493 -0.9161059 -0.2778973 -0.2890034 -0.4527933 -0.1373531 0.8809724 -0.8448488 -0.2562816 -0.4696279 -0.6088275 -0.1846857 0.7715052 -0.7411588 -0.224828 -0.632563 -0.7411588 -0.2248276 0.6325633 -0.2901664 -0.02857863 0.9565494 -0.9527183 -0.0938344 -0.2890034 -0.4708893 -0.04637849 0.8809724 -0.8786132 -0.08653557 -0.4696278 -0.6331597 -0.06236058 0.771505 -0.7707793 -0.07591474 -0.6325632 -0.7707793 -0.07591462 0.6325633 -0.6331597 -0.06236034 -0.7715049 -0.8786132 -0.08653545 0.4696279 -0.4708893 -0.04637837 -0.8809725 -0.9527183 -0.09383422 0.2890035 -0.2901664 -0.02857887 -0.9565494 -0.9904383 -0.09754943 0.09755051 -0.9904382 -0.09754937 -0.09755045 -0.8786131 0.08653587 0.4696279 -0.4708893 0.04637855 -0.8809724 -0.9527183 0.09383463 0.2890033 -0.2901663 0.02857881 -0.9565494 -0.9904383 0.09754985 0.09755057 -0.9904382 0.09755015 -0.09755027 -0.2901664 0.02857893 0.9565494 -0.9527183 0.09383475 -0.2890034 -0.4708893 0.04637849 0.8809724 -0.8786132 0.08653593 -0.4696278 -0.6331597 0.06236082 0.7715051 -0.7707793 0.07591515 -0.6325632 -0.7707793 0.07591503 0.6325631 -0.6331596 0.0623607 -0.7715051 -0.9161059 0.2778978 -0.2890033 -0.4527933 0.1373534 0.8809724 -0.8448485 0.2562823 -0.4696279 -0.6088275 0.1846859 0.7715051 -0.7411587 0.2248284 -0.6325631 -0.7411586 0.2248284 0.6325632 -0.6088277 0.1846862 -0.771505 -0.8448485 0.2562824 0.469628 -0.4527933 0.1373534 -0.8809723 -0.9161058 0.277898 0.2890035 -0.2790154 0.08463847 -0.9565494 -0.9523763 0.2889003 0.09755045 -0.9523761 0.2889007 -0.09754997 -0.2790154 0.08463841 0.9565494 -0.4172967 0.2230498 -0.8809724 -0.8442876 0.4512818 0.2890039 -0.2571421 0.1374453 -0.9565494 -0.8777151 0.4691485 0.09755021 -0.8777148 0.4691488 -0.09754985 -0.257142 0.1374453 0.9565494 -0.8442879 0.4512814 -0.2890034 -0.4172967 0.2230498 0.8809723 -0.7786169 0.41618 -0.4696276 -0.5610988 0.2999137 0.7715051 -0.6830558 0.365101 -0.632563 -0.6830555 0.3651013 0.6325634 -0.5610988 0.299914 -0.771505 -0.7786169 0.4161794 0.4696279 -0.3657636 0.3001745 0.8809723 -0.6824635 0.5600834 -0.4696276 -0.4918072 0.403616 0.7715049 -0.5987033 0.4913432 -0.6325632 -0.598703 0.4913433 0.6325634 -0.4918072 0.4036161 -0.7715049 -0.6824635 0.5600835 0.4696276 -0.3657636 0.3001746 -0.8809723 -0.7400246 0.6073226 0.2890034 -0.2253869 0.1849703 -0.9565495 -0.7693234 0.6313679 0.09755009 -0.7693235 0.6313678 -0.09755021 -0.2253868 0.1849703 0.9565494 -0.7400243 0.6073228 -0.2890037 -0.6073224 0.7400248 0.2890032 -0.1849702 0.225387 -0.9565495 -0.6313673 0.7693239 0.09755039 -0.6313673 0.7693238 -0.09755039 -0.1849702 0.225387 0.9565494 -0.6073223 0.7400249 -0.2890034 -0.3001743 0.3657638 0.8809723 -0.5600833 0.6824637 -0.4696276 -0.4036158 0.4918074 0.7715049 -0.491343 0.5987033 -0.6325633 -0.4913426 0.5987034 0.6325635 -0.4036157 0.4918076 -0.7715048 -0.5600833 0.6824636 0.4696276 -0.3001744 0.3657636 -0.8809723 -0.4161795 0.778617 -0.4696277 -0.2999136 0.5610991 0.7715048 -0.3651008 0.6830557 -0.6325634 -0.3651003 0.6830556 0.6325636 -0.2999134 0.5610993 -0.7715047 -0.4161794 0.7786172 0.4696276 -0.2230497 0.4172967 -0.8809723 -0.4512814 0.8442882 0.2890027 -0.1374452 0.2571421 -0.9565494 -0.4691482 0.8777152 0.09755057 -0.469148 0.8777152 -0.09755051 -0.1374453 0.2571421 0.9565494 -0.4512811 0.8442882 -0.2890031 -0.2230496 0.4172968 0.8809724 -0.08463829 0.2790155 -0.9565494 -0.2889 0.9523764 0.09755069 -0.2889 0.9523763 -0.09755074 -0.08463841 0.2790155 0.9565493 -0.2778975 0.9161061 -0.2890027 -0.1373532 0.4527934 0.8809724 -0.2562817 0.844849 -0.4696275 -0.1846856 0.6088282 0.7715047 -0.224828 0.7411584 -0.6325636 -0.2248275 0.7411583 0.6325637 -0.1846857 0.6088281 -0.7715047 -0.256282 0.8448486 0.4696278 -0.1373531 0.4527934 -0.8809723 -0.2778973 0.9161062 0.2890028 -0.07591491 0.770781 -0.6325611 -0.07591938 0.7707782 0.6325638 -0.06236422 0.6331585 -0.7715057 -0.08653545 0.8786134 0.4696274 -0.04637956 0.4708887 -0.8809726 -0.09383845 0.9527181 0.2890028 -0.02857881 0.2901664 -0.9565494 -0.09754949 0.9904383 0.09755092 -0.09755343 0.990438 -0.09754967 -0.02858 0.2901662 0.9565494 -0.09383928 0.9527165 -0.2890074 -0.04637849 0.4708893 0.8809724 -0.08653557 0.8786134 -0.4696276 -0.06236225 0.6331598 0.7715048</float_array>
          <technique_common>
            <accessor source="#Sphere-mesh-normals-array" count="960" stride="3">
              <param name="X" type="float"/>
              <param name="Y" type="float"/>
              <param name="Z" type="float"/>
            </accessor>
          </technique_common>
        </source>
        <source id="Sphere-mesh-map-0">
          <float_array id="Sphere-mesh-map-0-array" count="5760">0.75 0.8125 0.71875 0.75 0.75 0.75 0.75 0.3124999 0.71875 0.25 0.75 0.25 0.75 0.6875001 0.71875 0.75 0.71875 0.6875 0.75 0.1875 0.71875 0.25 0.71875 0.1875 0.75 0.625 0.71875 0.6875 0.71875 0.625 0.75 0.1875 0.71875 0.125 0.75 0.1249998 0.75 0.5625001 0.71875 0.625 0.71875 0.5625 0.75 0.1249998 0.71875 0.06249994 0.75 0.06249994 0.75 0.5625001 0.71875 0.5 0.75 0.5 0.75 0.9375001 0.734375 1 0.71875 0.9375001 0.734375 0 0.75 0.06249994 0.71875 0.06249994 0.75 0.5 0.71875 0.4375 0.75 0.4375 0.75 0.8750001 0.71875 0.9375001 0.71875 0.875 0.75 0.375 0.71875 0.4375 0.71875 0.375 0.75 0.8125 0.71875 0.875 0.71875 0.8125 0.75 0.375 0.71875 0.3125 0.75 0.3124999 0.71875 0.375 0.6875 0.4375 0.6875 0.375 0.71875 0.875 0.6875 0.8125 0.71875 0.8125 0.71875 0.3125 0.6875 0.375 0.6875 0.3125 0.71875 0.8125 0.6875 0.75 0.71875 0.75 0.71875 0.25 0.6875 0.3125 0.6875 0.25 0.71875 0.75 0.6875 0.6875 0.71875 0.6875 0.71875 0.1875 0.6875 0.25 0.6875 0.1875 0.71875 0.6875 0.6875 0.625 0.71875 0.625 0.71875 0.125 0.6875 0.1875 0.6875 0.125 0.71875 0.625 0.6875 0.5625 0.71875 0.5625 0.71875 0.06249994 0.6875 0.125 0.6875 0.06249994 0.71875 0.5 0.6875 0.5625 0.6875 0.5 0.71875 0.9375001 0.703125 1 0.6875 0.9375001 0.703125 0 0.71875 0.06249994 0.6875 0.06249994 0.71875 0.5 0.6875 0.4375 0.71875 0.4375 0.71875 0.9375001 0.6875 0.875 0.71875 0.875 0.6875 0.125 0.65625 0.1875 0.65625 0.125 0.6875 0.625 0.65625 0.5625 0.6875 0.5625 0.6875 0.06249994 0.65625 0.125 0.65625 0.06249994 0.6875 0.5 0.65625 0.5625 0.65625 0.5 0.6875 0.9375001 0.671875 1 0.65625 0.9375001 0.671875 0 0.6875 0.06249994 0.65625 0.06249994 0.6875 0.5 0.65625 0.4375 0.6875 0.4375 0.6875 0.9375001 0.65625 0.875 0.6875 0.875 0.6875 0.375 0.65625 0.4375 0.65625 0.375 0.6875 0.875 0.65625 0.8125 0.6875 0.8125 0.6875 0.3125 0.65625 0.375 0.65625 0.3125 0.6875 0.75 0.65625 0.8125 0.65625 0.75 0.6875 0.25 0.65625 0.3125 0.65625 0.25 0.6875 0.75 0.65625 0.6875 0.6875 0.6875 0.6875 0.25 0.65625 0.1875 0.6875 0.1875 0.6875 0.6875 0.65625 0.625 0.6875 0.625 0.65625 0.3125 0.625 0.375 0.625 0.3125 0.65625 0.75 0.625 0.8125 0.625 0.75 0.65625 0.3125 0.625 0.25 0.65625 0.25 0.65625 0.75 0.625 0.6875 0.65625 0.6875 0.65625 0.25 0.625 0.1875 0.65625 0.1875 0.65625 0.6875 0.625 0.6250001 0.65625 0.625 0.65625 0.125 0.625 0.1875 0.625 0.125 0.65625 0.625 0.625 0.5625 0.65625 0.5625 0.65625 0.06249994 0.625 0.125 0.625 0.06249994 0.65625 0.5 0.625 0.5625 0.625 0.5 0.65625 0.9375001 0.640625 1 0.625 0.9375001 0.640625 0 0.65625 0.06249994 0.625 0.06249994 0.65625 0.5 0.625 0.4375 0.65625 0.4375 0.65625 0.9375001 0.625 0.875 0.65625 0.875 0.65625 0.375 0.625 0.4375 0.625 0.375 0.65625 0.875 0.625 0.8125 0.65625 0.8125 0.625 0.06249994 0.59375 0.125 0.59375 0.06249994 0.625 0.5 0.59375 0.5625 0.59375 0.5 0.625 0.9375001 0.609375 1 0.59375 0.9375001 0.609375 0 0.625 0.06249994 0.59375 0.06249994 0.625 0.5 0.59375 0.4375 0.625 0.4375 0.625 0.9375001 0.59375 0.875 0.625 0.875 0.625 0.375 0.59375 0.4375 0.59375 0.375 0.625 0.875 0.59375 0.8125 0.625 0.8125 0.625 0.375 0.59375 0.3125 0.625 0.3125 0.625 0.75 0.59375 0.8125 0.59375 0.75 0.625 0.3125 0.59375 0.25 0.625 0.25 0.625 0.75 0.59375 0.6875 0.625 0.6875 0.625 0.25 0.59375 0.1875 0.625 0.1875 0.625 0.6250001 0.59375 0.6875 0.59375 0.6250001 0.625 0.125 0.59375 0.1875 0.59375 0.125 0.625 0.6250001 0.59375 0.5625 0.625 0.5625 0.59375 0.75 0.5625 0.8125 0.5625 0.75 0.59375 0.3125 0.5625 0.25 0.59375 0.25 0.59375 0.6875 0.5625 0.75 0.5625 0.6875 0.59375 0.25 0.5625 0.1875 0.59375 0.1875 0.59375 0.6250001 0.5625 0.6875 0.5625 0.6250001 0.59375 0.125 0.5625 0.1875 0.5625 0.125 0.59375 0.6250001 0.5625 0.5625 0.59375 0.5625 0.59375 0.06249994 0.5625 0.125 0.5625 0.06249994 0.59375 0.5 0.5625 0.5625 0.5625 0.5 0.59375 0.9375001 0.578125 1 0.5625 0.9375001 0.578125 0 0.59375 0.06249994 0.5625 0.06249994 0.59375 0.5 0.5625 0.4375 0.59375 0.4375 0.59375 0.9375001 0.5625 0.875 0.59375 0.875 0.59375 0.375 0.5625 0.4375 0.5625 0.375 0.59375 0.875 0.5625 0.8125 0.59375 0.8125 0.59375 0.375 0.5625 0.3125 0.59375 0.3125 0.5625 0.5 0.53125 0.5625 0.53125 0.5 0.5625 0.9375001 0.546875 1 0.53125 0.9375001 0.546875 0 0.5625 0.06249994 0.53125 0.06249994 0.5625 0.5 0.53125 0.4375 0.5625 0.4375 0.5625 0.9375001 0.53125 0.875 0.5625 0.875 0.5625 0.375 0.53125 0.4375 0.53125 0.375 0.5625 0.875 0.53125 0.8125 0.5625 0.8125 0.5625 0.375 0.53125 0.3125 0.5625 0.3125 0.5625 0.8125 0.53125 0.75 0.5625 0.75 0.5625 0.25 0.53125 0.3125 0.53125 0.25 0.5625 0.75 0.53125 0.6875 0.5625 0.6875 0.5625 0.1875 0.53125 0.25 0.53125 0.1875 0.5625 0.6250001 0.53125 0.6875 0.53125 0.6250001 0.5625 0.125 0.53125 0.1875 0.53125 0.125 0.5625 0.6250001 0.53125 0.5625 0.5625 0.5625 0.5625 0.06249994 0.53125 0.125 0.53125 0.06249994 0.53125 0.25 0.5 0.3125 0.5 0.25 0.53125 0.75 0.5 0.6875001 0.53125 0.6875 0.53125 0.1875 0.5 0.25 0.5 0.1875 0.53125 0.6250001 0.5 0.6875001 0.5 0.6250001 0.53125 0.125 0.5 0.1875 0.5 0.125 0.53125 0.6250001 0.5 0.5625 0.53125 0.5625 0.53125 0.06249994 0.5 0.125 0.5 0.06249994 0.53125 0.5 0.5 0.5625 0.5 0.5 0.53125 0.9375001 0.515625 1 0.5 0.9375001 0.515625 0 0.53125 0.06249994 0.5 0.06249994 0.53125 0.5 0.5 0.4375 0.53125 0.4375 0.53125 0.9375001 0.5 0.875 0.53125 0.875 0.53125 0.375 0.5 0.4375 0.5 0.375 0.53125 0.875 0.5 0.8125 0.53125 0.8125 0.53125 0.375 0.5 0.3125 0.53125 0.3125 0.53125 0.8125 0.5 0.75 0.53125 0.75 0.5 0.9375001 0.484375 1 0.46875 0.9375001 0.484375 0 0.5 0.06249994 0.46875 0.06249994 0.5 0.5 0.46875 0.4375 0.5 0.4375 0.5 0.9375001 0.46875 0.875 0.5 0.875 0.5 0.375 0.46875 0.4375 0.46875 0.375 0.5 0.875 0.46875 0.8125 0.5 0.8125 0.5 0.375 0.46875 0.3125 0.5 0.3125 0.5 0.8125 0.46875 0.75 0.5 0.75 0.5 0.3125 0.46875 0.25 0.5 0.25 0.5 0.75 0.46875 0.6875 0.5 0.6875001 0.5 0.1875 0.46875 0.25 0.46875 0.1875 0.5 0.6250001 0.46875 0.6875 0.46875 0.6250001 0.5 0.125 0.46875 0.1875 0.46875 0.125 0.5 0.6250001 0.46875 0.5625 0.5 0.5625 0.5 0.06249994 0.46875 0.125 0.46875 0.06249994 0.5 0.5 0.46875 0.5625 0.46875 0.5 0.46875 0.75 0.4375 0.6875001 0.46875 0.6875 0.46875 0.1875 0.4375 0.25 0.4375 0.1875 0.46875 0.6250001 0.4375 0.6875001 0.4375 0.6250001 0.46875 0.125 0.4375 0.1875 0.4375 0.125 0.46875 0.6250001 0.4375 0.5625 0.46875 0.5625 0.46875 0.06249994 0.4375 0.125 0.4375 0.06249994 0.46875 0.5 0.4375 0.5625 0.4375 0.5 0.46875 0.9375001 0.453125 1 0.4375 0.9375001 0.453125 0 0.46875 0.06249994 0.4375 0.06249994 0.46875 0.5 0.4375 0.4375 0.46875 0.4375 0.46875 0.9375001 0.4375 0.875 0.46875 0.875 0.46875 0.375 0.4375 0.4375 0.4375 0.375 0.46875 0.875 0.4375 0.8125 0.46875 0.8125 0.46875 0.375 0.4375 0.3125 0.46875 0.3125 0.46875 0.8125 0.4375 0.7500001 0.46875 0.75 0.46875 0.25 0.4375 0.3125 0.4375 0.25 0.4375 0.5 0.40625 0.4375 0.4375 0.4375 0.4375 0.9375001 0.40625 0.875 0.4375 0.875 0.4375 0.375 0.40625 0.4375 0.40625 0.375 0.4375 0.875 0.40625 0.8125 0.4375 0.8125 0.4375 0.375 0.40625 0.3125 0.4375 0.3125 0.4375 0.8125 0.40625 0.7500001 0.4375 0.7500001 0.4375 0.25 0.40625 0.3125 0.40625 0.25 0.4375 0.7500001 0.40625 0.6875001 0.4375 0.6875001 0.4375 0.1875 0.40625 0.25 0.40625 0.1875 0.4375 0.6250001 0.40625 0.6875001 0.40625 0.6250001 0.4375 0.125 0.40625 0.1875 0.40625 0.125 0.4375 0.6250001 0.40625 0.5625 0.4375 0.5625 0.4375 0.06249994 0.40625 0.125 0.40625 0.06249994 0.4375 0.5 0.40625 0.5625 0.40625 0.5 0.4375 0.9375001 0.421875 1 0.40625 0.9375001 0.421875 0 0.4375 0.06249994 0.40625 0.06249994 0.40625 0.25 0.375 0.1875 0.40625 0.1875 0.40625 0.6250001 0.375 0.6875001 0.375 0.6250001 0.40625 0.125 0.375 0.1875 0.375 0.125 0.40625 0.6250001 0.375 0.5625 0.40625 0.5625 0.40625 0.06249994 0.375 0.125 0.375 0.06249994 0.40625 0.5 0.375 0.5625 0.375 0.5 0.40625 0.9375001 0.390625 1 0.375 0.9375001 0.390625 0 0.40625 0.06249994 0.375 0.06249994 0.40625 0.5 0.375 0.4375 0.40625 0.4375 0.40625 0.9375001 0.375 0.875 0.40625 0.875 0.40625 0.375 0.375 0.4375 0.375 0.375 0.40625 0.875 0.375 0.8125 0.40625 0.8125 0.40625 0.375 0.375 0.3125 0.40625 0.3125 0.40625 0.8125 0.375 0.7500001 0.40625 0.7500001 0.40625 0.25 0.375 0.3125 0.375 0.25 0.40625 0.7500001 0.375 0.6875001 0.40625 0.6875001 0.375 0.375 0.34375 0.4375 0.34375 0.375 0.375 0.875 0.34375 0.8125 0.375 0.8125 0.375 0.375 0.34375 0.3125 0.375 0.3125 0.375 0.8125 0.34375 0.7500001 0.375 0.7500001 0.375 0.25 0.34375 0.3125 0.34375 0.25 0.375 0.7500001 0.34375 0.6875001 0.375 0.6875001 0.375 0.1875 0.34375 0.25 0.34375 0.1875 0.375 0.6250001 0.34375 0.6875001 0.34375 0.6250001 0.375 0.125 0.34375 0.1875 0.34375 0.125 0.375 0.6250001 0.34375 0.5625 0.375 0.5625 0.375 0.06249994 0.34375 0.125 0.34375 0.06249994 0.375 0.5 0.34375 0.5625 0.34375 0.5 0.375 0.9375001 0.359375 1 0.34375 0.9375001 0.359375 0 0.375 0.06249994 0.34375 0.06249994 0.375 0.5 0.34375 0.4375 0.375 0.4375 0.375 0.9375001 0.34375 0.875 0.375 0.875 0.34375 0.125 0.3125 0.1875 0.3125 0.1249998 0.34375 0.6250001 0.3125 0.5625 0.34375 0.5625 0.34375 0.06249994 0.3125 0.1249998 0.3125 0.06249994 0.34375 0.5 0.3125 0.5625 0.3125 0.5 0.34375 0.9375001 0.328125 1 0.3125 0.9375001 0.328125 0 0.34375 0.06249994 0.3125 0.06249994 0.34375 0.5 0.3125 0.4375 0.34375 0.4375 0.34375 0.9375001 0.3125 0.8750001 0.34375 0.875 0.34375 0.375 0.3125 0.4375 0.3125 0.375 0.34375 0.875 0.3125 0.8125 0.34375 0.8125 0.34375 0.375 0.3125 0.3125 0.34375 0.3125 0.34375 0.8125 0.3125 0.7500001 0.34375 0.7500001 0.34375 0.25 0.3125 0.3125 0.3125 0.25 0.34375 0.7500001 0.3125 0.6875001 0.34375 0.6875001 0.34375 0.1875 0.3125 0.25 0.3125 0.1875 0.34375 0.6250001 0.3125 0.6875001 0.3125 0.6250001 0.3125 0.8750001 0.28125 0.8125 0.3125 0.8125 0.3125 0.375 0.28125 0.3125 0.3125 0.3125 0.3125 0.8125 0.28125 0.7500001 0.3125 0.7500001 0.3125 0.3125 0.28125 0.25 0.3125 0.25 0.3125 0.7500001 0.28125 0.6875001 0.3125 0.6875001 0.3125 0.1875 0.28125 0.25 0.28125 0.1875 0.3125 0.6250001 0.28125 0.6875001 0.28125 0.6250001 0.3125 0.1249998 0.28125 0.1875 0.28125 0.125 0.3125 0.6250001 0.28125 0.5625 0.3125 0.5625 0.3125 0.1249998 0.28125 0.06249994 0.3125 0.06249994 0.3125 0.5 0.28125 0.5625 0.28125 0.5 0.3125 0.9375001 0.296875 1 0.28125 0.9375001 0.296875 0 0.3125 0.06249994 0.28125 0.06249994 0.3125 0.5 0.28125 0.4375 0.3125 0.4375 0.3125 0.8750001 0.28125 0.9375001 0.28125 0.875 0.3125 0.375 0.28125 0.4375 0.28125 0.375 0.28125 0.6250001 0.25 0.5625 0.28125 0.5625 0.28125 0.06249994 0.25 0.1249998 0.25 0.06249994 0.28125 0.5 0.25 0.5625 0.25 0.5 0.28125 0.9375001 0.265625 1 0.25 0.9375001 0.265625 0 0.28125 0.06249994 0.25 0.06249994 0.28125 0.5 0.25 0.4375 0.28125 0.4375 0.28125 0.9375001 0.25 0.8750001 0.28125 0.875 0.28125 0.375 0.25 0.4375 0.25 0.375 0.28125 0.875 0.25 0.8125 0.28125 0.8125 0.28125 0.3125 0.25 0.375 0.25 0.3125 0.28125 0.8125 0.25 0.7500001 0.28125 0.7500001 0.28125 0.25 0.25 0.3125 0.25 0.2499999 0.28125 0.7500001 0.25 0.6875001 0.28125 0.6875001 0.28125 0.1875 0.25 0.2499999 0.25 0.1875 0.28125 0.6875001 0.25 0.6250001 0.28125 0.6250001 0.28125 0.125 0.25 0.1875 0.25 0.1249998 0.25 0.375 0.21875 0.3125 0.25 0.3125 0.25 0.8125 0.21875 0.7500001 0.25 0.7500001 0.25 0.3125 0.21875 0.2499999 0.25 0.2499999 0.25 0.7500001 0.21875 0.6875001 0.25 0.6875001 0.25 0.1875 0.21875 0.2499999 0.21875 0.1875 0.25 0.6250001 0.21875 0.6875001 0.21875 0.6250001 0.25 0.1875 0.21875 0.125 0.25 0.1249998 0.25 0.6250001 0.21875 0.5625001 0.25 0.5625 0.25 0.1249998 0.21875 0.06249994 0.25 0.06249994 0.25 0.5 0.21875 0.5625001 0.21875 0.5 0.25 0.9375001 0.234375 1 0.21875 0.9375001 0.234375 0 0.25 0.06249994 0.21875 0.06249994 0.25 0.5 0.21875 0.4375 0.25 0.4375 0.25 0.8750001 0.21875 0.9375001 0.21875 0.875 0.25 0.375 0.21875 0.4375 0.21875 0.375 0.25 0.8750001 0.21875 0.8125 0.25 0.8125 0.21875 0.06249994 0.1875 0.1249998 0.1875 0.06249994 0.21875 0.5 0.1875 0.5625001 0.1875 0.5 0.21875 0.9375001 0.203125 1 0.1875 0.9375001 0.203125 0 0.21875 0.06249994 0.1875 0.06249994 0.21875 0.5 0.1875 0.4375 0.21875 0.4375 0.21875 0.9375001 0.1875 0.8750001 0.21875 0.875 0.21875 0.375 0.1875 0.4375 0.1875 0.375 0.21875 0.875 0.1875 0.8125 0.21875 0.8125 0.21875 0.3125 0.1875 0.375 0.1875 0.3125 0.21875 0.8125 0.1875 0.7500001 0.21875 0.7500001 0.21875 0.2499999 0.1875 0.3125 0.1875 0.2499999 0.21875 0.7500001 0.1875 0.6875001 0.21875 0.6875001 0.21875 0.1875 0.1875 0.2499999 0.1875 0.1875 0.21875 0.6875001 0.1875 0.6250001 0.21875 0.6250001 0.21875 0.125 0.1875 0.1875 0.1875 0.1249998 0.21875 0.6250001 0.1875 0.5625001 0.21875 0.5625001 0.1875 0.8125 0.15625 0.7500001 0.1875 0.7500001 0.1875 0.2499999 0.15625 0.3125 0.15625 0.2499999 0.1875 0.7500001 0.15625 0.6875001 0.1875 0.6875001 0.1875 0.2499999 0.15625 0.1875 0.1875 0.1875 0.1875 0.6250001 0.15625 0.6875001 0.15625 0.6250001 0.1875 0.1249998 0.15625 0.1875 0.15625 0.1249998 0.1875 0.6250001 0.15625 0.5625001 0.1875 0.5625001 0.1875 0.1249998 0.15625 0.06249994 0.1875 0.06249994 0.1875 0.5 0.15625 0.5625001 0.15625 0.5 0.1875 0.9375001 0.171875 1 0.15625 0.9375001 0.171875 0 0.1875 0.06249994 0.15625 0.06249994 0.1875 0.5 0.15625 0.4375 0.1875 0.4375 0.1875 0.8750001 0.15625 0.9375001 0.15625 0.8750001 0.1875 0.375 0.15625 0.4375 0.15625 0.375 0.1875 0.8750001 0.15625 0.8125001 0.1875 0.8125 0.1875 0.375 0.15625 0.3125 0.1875 0.3125 0.15625 0.5 0.125 0.5625001 0.125 0.5 0.15625 0.9375001 0.140625 1 0.125 0.9375001 0.140625 0 0.15625 0.06249994 0.125 0.06249994 0.15625 0.5 0.125 0.4375 0.15625 0.4375 0.15625 0.9375001 0.125 0.8750001 0.15625 0.8750001 0.15625 0.375 0.125 0.4375 0.125 0.375 0.15625 0.8750001 0.125 0.8125001 0.15625 0.8125001 0.15625 0.375 0.125 0.3125 0.15625 0.3125 0.15625 0.7500001 0.125 0.8125001 0.125 0.7500001 0.15625 0.2499999 0.125 0.3125 0.125 0.2499999 0.15625 0.7500001 0.125 0.6875001 0.15625 0.6875001 0.15625 0.2499999 0.125 0.1875 0.15625 0.1875 0.15625 0.6250001 0.125 0.6875001 0.125 0.6250001 0.15625 0.1249998 0.125 0.1875 0.125 0.1249998 0.15625 0.6250001 0.125 0.5625001 0.15625 0.5625001 0.15625 0.06249994 0.125 0.1249998 0.125 0.06249994 0.125 0.2499999 0.09375 0.3125 0.09374994 0.2499998 0.125 0.7500001 0.09375 0.6875001 0.125 0.6875001 0.125 0.2499999 0.09375 0.1875 0.125 0.1875 0.125 0.6250001 0.09375 0.6875001 0.09375 0.6250001 0.125 0.1249998 0.09375 0.1875 0.09374994 0.1249998 0.125 0.6250001 0.09375 0.5625001 0.125 0.5625001 0.125 0.06249994 0.09374994 0.1249998 0.09375 0.06249994 0.125 0.5 0.09375 0.5625001 0.09375 0.5 0.125 0.9375001 0.109375 1 0.09375 0.9375001 0.109375 0 0.125 0.06249994 0.09375 0.06249994 0.125 0.5 0.09375 0.4375 0.125 0.4375 0.125 0.9375001 0.09374994 0.8750001 0.125 0.8750001 0.125 0.375 0.09375 0.4375 0.09375 0.375 0.125 0.8750001 0.09375 0.8125001 0.125 0.8125001 0.125 0.375 0.09375 0.3125 0.125 0.3125 0.125 0.7500001 0.09375 0.8125001 0.09374994 0.7500001 0.078125 0 0.09375 0.06249994 0.0625 0.06249994 0.09375 0.5 0.0625 0.4375 0.09375 0.4375 0.09375 0.9375001 0.0625 0.8750001 0.09374994 0.8750001 0.09375 0.375 0.0625 0.4375 0.0625 0.375 0.09374994 0.8750001 0.0625 0.8125001 0.09375 0.8125001 0.09375 0.375 0.0625 0.3125 0.09375 0.3125 0.09374994 0.7500001 0.0625 0.8125001 0.0625 0.7500001 0.09374994 0.2499998 0.0625 0.3125 0.0625 0.2499998 0.09374994 0.7500001 0.0625 0.6875001 0.09375 0.6875001 0.09374994 0.2499998 0.0625 0.1875 0.09375 0.1875 0.09375 0.6250001 0.0625 0.6875001 0.0625 0.6250001 0.09374994 0.1249998 0.0625 0.1875 0.0625 0.1249998 0.09375 0.6250001 0.0625 0.5625001 0.09375 0.5625001 0.09375 0.06249994 0.0625 0.1249998 0.0625 0.06249994 0.09375 0.5 0.0625 0.5625001 0.0625 0.5 0.09375 0.9375001 0.078125 1 0.0625 0.9375001 0.0625 0.2499998 0.03124994 0.1875 0.0625 0.1875 0.0625 0.6250001 0.03125 0.6875001 0.03125 0.6250001 0.0625 0.1249998 0.03124994 0.1875 0.03124994 0.1249998 0.0625 0.6250001 0.03125 0.5625001 0.0625 0.5625001 0.0625 0.1249998 0.03124994 0.06249994 0.0625 0.06249994 0.0625 0.5 0.03125 0.5625001 0.03124994 0.5 0.0625 0.9375001 0.04687494 1 0.03124994 0.9375001 0.04687494 0 0.0625 0.06249994 0.03124994 0.06249994 0.0625 0.5 0.03125 0.4375 0.0625 0.4375 0.0625 0.9375001 0.03124994 0.8750001 0.0625 0.8750001 0.0625 0.375 0.03125 0.4375 0.03125 0.375 0.0625 0.8750001 0.03124994 0.8125001 0.0625 0.8125001 0.0625 0.375 0.03125 0.3125 0.0625 0.3125 0.0625 0.7500001 0.03124994 0.8125001 0.03124994 0.7500001 0.0625 0.2499998 0.03125 0.3125 0.03124994 0.2499998 0.0625 0.7500001 0.03125 0.6875001 0.0625 0.6875001 0.03124994 0.9375001 0 0.8750001 0.03124994 0.8750001 0.03125 0.375 0 0.4375 0 0.375 0.03124994 0.8750001 0 0.8125001 0.03124994 0.8125001 0.03125 0.3125 0 0.375 0 0.3124999 0.03124994 0.8125001 0 0.7500001 0.03124994 0.7500001 0.03124994 0.2499998 0 0.3124999 0 0.2499998 0.03124994 0.7500001 0 0.6875001 0.03125 0.6875001 0.03124994 0.2499998 0 0.1875 0.03124994 0.1875 0.03125 0.6875001 0 0.6250001 0.03125 0.6250001 0.03124994 0.1249998 0 0.1875 0 0.1249998 0.03125 0.6250001 0 0.5625001 0.03125 0.5625001 0.03124994 0.06249994 0 0.1249998 0 0.06249994 0.03124994 0.5 0 0.5625001 0 0.5 0.03124994 0.9375001 0.01562494 1 0 0.9375001 0.01562494 0 0.03124994 0.06249994 0 0.06249994 0.03124994 0.5 0 0.4375 0.03125 0.4375 1 0.6250001 0.96875 0.6875001 0.96875 0.6250001 1 0.1875 0.96875 0.1249998 1 0.1249998 1 0.6250001 0.96875 0.5625001 1 0.5625001 1 0.1249998 0.96875 0.06249994 1 0.06249994 1 0.5 0.96875 0.5625001 0.96875 0.5 1 0.9375001 0.984375 1 0.96875 0.9375001 0.984375 0 1 0.06249994 0.96875 0.06249994 1 0.5 0.96875 0.4375 1 0.4375 1 0.8750001 0.96875 0.9375001 0.96875 0.8750001 1 0.375 0.96875 0.4375 0.96875 0.375 1 0.8125001 0.96875 0.8750001 0.96875 0.8125001 1 0.375 0.96875 0.3125 1 0.3124999 1 0.7500001 0.96875 0.8125001 0.96875 0.7500001 1 0.2499998 0.96875 0.3125 0.96875 0.2499998 1 0.7500001 0.96875 0.6875001 1 0.6875001 1 0.2499998 0.96875 0.1875 1 0.1875 0.96875 0.375 0.9375 0.4375 0.9375 0.375 0.96875 0.8750001 0.9375 0.8125001 0.96875 0.8125001 0.96875 0.3125 0.9375 0.375 0.9375 0.3124999 0.96875 0.7500001 0.9375 0.8125001 0.9375 0.7500001 0.96875 0.2499998 0.9375 0.3124999 0.9375 0.2499998 0.96875 0.7500001 0.9375 0.6875001 0.96875 0.6875001 0.96875 0.2499998 0.9375 0.1875 0.96875 0.1875 0.96875 0.6875001 0.9375 0.6250001 0.96875 0.6250001 0.96875 0.1249998 0.9375 0.1875 0.9375 0.1249998 0.96875 0.6250001 0.9375 0.5625001 0.96875 0.5625001 0.96875 0.1249998 0.9375 0.06249994 0.96875 0.06249994 0.96875 0.5 0.9375 0.5625001 0.9375 0.5 0.96875 0.9375001 0.953125 1 0.9375 0.9375001 0.953125 0 0.96875 0.06249994 0.9375 0.06249994 0.96875 0.5 0.9375 0.4375 0.96875 0.4375 0.96875 0.9375001 0.9375 0.8750001 0.96875 0.8750001 0.9375 0.1249998 0.90625 0.1875 0.90625 0.1249998 0.9375 0.6250001 0.90625 0.5625001 0.9375 0.5625001 0.9375 0.1249998 0.90625 0.06249994 0.9375 0.06249994 0.9375 0.5 0.90625 0.5625001 0.90625 0.5 0.9375 0.9375001 0.921875 1 0.90625 0.9375001 0.921875 0 0.9375 0.06249994 0.90625 0.06249994 0.9375 0.5 0.90625 0.4375 0.9375 0.4375 0.9375 0.9375001 0.90625 0.8750001 0.9375 0.8750001 0.9375 0.375 0.90625 0.4375 0.90625 0.375 0.9375 0.8750001 0.90625 0.8125001 0.9375 0.8125001 0.9375 0.375 0.90625 0.3124999 0.9375 0.3124999 0.9375 0.7500001 0.90625 0.8125001 0.90625 0.7500002 0.9375 0.2499998 0.90625 0.3124999 0.90625 0.2499998 0.9375 0.7500001 0.90625 0.6875001 0.9375 0.6875001 0.9375 0.2499998 0.90625 0.1875 0.9375 0.1875 0.9375 0.6250001 0.90625 0.6875001 0.90625 0.6250001 0.90625 0.8750001 0.875 0.8125001 0.90625 0.8125001 0.90625 0.375 0.875 0.3124999 0.90625 0.3124999 0.90625 0.7500002 0.875 0.8125001 0.875 0.7500002 0.90625 0.2499998 0.875 0.3124999 0.875 0.2499998 0.90625 0.7500002 0.875 0.6875001 0.90625 0.6875001 0.90625 0.2499998 0.875 0.1875 0.90625 0.1875 0.90625 0.6250001 0.875 0.6875001 0.875 0.6250001 0.90625 0.1249998 0.875 0.1875 0.875 0.1249998 0.90625 0.6250001 0.875 0.5625001 0.90625 0.5625001 0.90625 0.06249994 0.875 0.1249998 0.875 0.06249994 0.90625 0.5 0.875 0.5625001 0.875 0.5 0.90625 0.9375001 0.890625 1 0.875 0.9375001 0.890625 0 0.90625 0.06249994 0.875 0.06249994 0.90625 0.5 0.875 0.4375 0.90625 0.4375 0.90625 0.9375001 0.875 0.8750001 0.90625 0.8750001 0.90625 0.375 0.875 0.4375 0.875 0.375 0.875 0.6250001 0.84375 0.5625001 0.875 0.5625001 0.875 0.06249994 0.84375 0.1249998 0.84375 0.06249994 0.875 0.5 0.84375 0.5625001 0.84375 0.5 0.875 0.9375001 0.859375 1 0.84375 0.9375001 0.859375 0 0.875 0.06249994 0.84375 0.06249994 0.875 0.5 0.84375 0.4375 0.875 0.4375 0.875 0.9375001 0.84375 0.8750001 0.875 0.8750001 0.875 0.375 0.84375 0.4375 0.84375 0.375 0.875 0.8125001 0.84375 0.8750001 0.84375 0.8125001 0.875 0.375 0.84375 0.3124999 0.875 0.3124999 0.875 0.7500002 0.84375 0.8125001 0.84375 0.7500002 0.875 0.2499998 0.84375 0.3124999 0.84375 0.2499998 0.875 0.7500002 0.84375 0.6875001 0.875 0.6875001 0.875 0.2499998 0.84375 0.1875 0.875 0.1875 0.875 0.6250001 0.84375 0.6875001 0.84375 0.6250001 0.875 0.1875 0.84375 0.1249998 0.875 0.1249998 0.84375 0.375 0.8125 0.3124999 0.84375 0.3124999 0.84375 0.7500002 0.8125 0.8125001 0.8125 0.7500002 0.84375 0.2499998 0.8125 0.3124999 0.8125 0.2499998 0.84375 0.7500002 0.8125 0.6875001 0.84375 0.6875001 0.84375 0.2499998 0.8125 0.1875 0.84375 0.1875 0.84375 0.6250001 0.8125 0.6875001 0.8125 0.6250001 0.84375 0.1875 0.8125 0.1249998 0.84375 0.1249998 0.84375 0.6250001 0.8125 0.5625001 0.84375 0.5625001 0.84375 0.1249998 0.8125 0.06249994 0.84375 0.06249994 0.84375 0.5 0.8125 0.5625001 0.8125 0.5 0.84375 0.9375001 0.828125 1 0.8125 0.9375001 0.828125 0 0.84375 0.06249994 0.8125 0.06249994 0.84375 0.5 0.8125 0.4375 0.84375 0.4375 0.84375 0.8750001 0.8125 0.9375001 0.8125 0.8750001 0.84375 0.375 0.8125 0.4375 0.8125 0.375 0.84375 0.8125001 0.8125 0.8750001 0.8125 0.8125001 0.8125 0.1249998 0.78125 0.06249994 0.8125 0.06249994 0.8125 0.5 0.78125 0.5625001 0.78125 0.5 0.8125 0.9375001 0.796875 1 0.78125 0.9375001 0.796875 0 0.8125 0.06249994 0.78125 0.06249994 0.8125 0.5 0.78125 0.4375 0.8125 0.4375 0.8125 0.9375001 0.78125 0.8750001 0.8125 0.8750001 0.8125 0.375 0.78125 0.4375 0.78125 0.375 0.8125 0.8750001 0.78125 0.8125001 0.8125 0.8125001 0.8125 0.375 0.78125 0.3124999 0.8125 0.3124999 0.8125 0.8125001 0.78125 0.7500002 0.8125 0.7500002 0.8125 0.2499998 0.78125 0.3124999 0.78125 0.2499998 0.8125 0.7500002 0.78125 0.6875001 0.8125 0.6875001 0.8125 0.2499998 0.78125 0.1875 0.8125 0.1875 0.8125 0.6250001 0.78125 0.6875001 0.78125 0.6250001 0.8125 0.1249998 0.78125 0.1875 0.78125 0.1249998 0.8125 0.6250001 0.78125 0.5625001 0.8125 0.5625001 0.78125 0.3124999 0.75 0.25 0.78125 0.2499998 0.78125 0.6875001 0.75 0.75 0.75 0.6875001 0.78125 0.2499998 0.75 0.1875 0.78125 0.1875 0.78125 0.6250001 0.75 0.6875001 0.75 0.625 0.78125 0.1875 0.75 0.1249998 0.78125 0.1249998 0.78125 0.5625001 0.75 0.625 0.75 0.5625001 0.78125 0.06249994 0.75 0.1249998 0.75 0.06249994 0.78125 0.5 0.75 0.5625001 0.75 0.5 0.78125 0.9375001 0.765625 1 0.75 0.9375001 0.765625 0 0.78125 0.06249994 0.75 0.06249994 0.78125 0.5 0.75 0.4375 0.78125 0.4375 0.78125 0.8750001 0.75 0.9375001 0.75 0.8750001 0.78125 0.4375 0.75 0.375 0.78125 0.375 0.78125 0.8125001 0.75 0.8750001 0.75 0.8125 0.78125 0.375 0.75 0.3124999 0.78125 0.3124999 0.78125 0.7500002 0.75 0.8125 0.75 0.75 0.75 0.8125 0.71875 0.8125 0.71875 0.75 0.75 0.3124999 0.71875 0.3125 0.71875 0.25 0.75 0.6875001 0.75 0.75 0.71875 0.75 0.75 0.1875 0.75 0.25 0.71875 0.25 0.75 0.625 0.75 0.6875001 0.71875 0.6875 0.75 0.1875 0.71875 0.1875 0.71875 0.125 0.75 0.5625001 0.75 0.625 0.71875 0.625 0.75 0.1249998 0.71875 0.125 0.71875 0.06249994 0.75 0.5625001 0.71875 0.5625 0.71875 0.5 0.75 0.5 0.71875 0.5 0.71875 0.4375 0.75 0.8750001 0.75 0.9375001 0.71875 0.9375001 0.75 0.375 0.75 0.4375 0.71875 0.4375 0.75 0.8125 0.75 0.8750001 0.71875 0.875 0.75 0.375 0.71875 0.375 0.71875 0.3125 0.71875 0.375 0.71875 0.4375 0.6875 0.4375 0.71875 0.875 0.6875 0.875 0.6875 0.8125 0.71875 0.3125 0.71875 0.375 0.6875 0.375 0.71875 0.8125 0.6875 0.8125 0.6875 0.75 0.71875 0.25 0.71875 0.3125 0.6875 0.3125 0.71875 0.75 0.6875 0.75 0.6875 0.6875 0.71875 0.1875 0.71875 0.25 0.6875 0.25 0.71875 0.6875 0.6875 0.6875 0.6875 0.625 0.71875 0.125 0.71875 0.1875 0.6875 0.1875 0.71875 0.625 0.6875 0.625 0.6875 0.5625 0.71875 0.06249994 0.71875 0.125 0.6875 0.125 0.71875 0.5 0.71875 0.5625 0.6875 0.5625 0.71875 0.5 0.6875 0.5 0.6875 0.4375 0.71875 0.9375001 0.6875 0.9375001 0.6875 0.875 0.6875 0.125 0.6875 0.1875 0.65625 0.1875 0.6875 0.625 0.65625 0.625 0.65625 0.5625 0.6875 0.06249994 0.6875 0.125 0.65625 0.125 0.6875 0.5 0.6875 0.5625 0.65625 0.5625 0.6875 0.5 0.65625 0.5 0.65625 0.4375 0.6875 0.9375001 0.65625 0.9375001 0.65625 0.875 0.6875 0.375 0.6875 0.4375 0.65625 0.4375 0.6875 0.875 0.65625 0.875 0.65625 0.8125 0.6875 0.3125 0.6875 0.375 0.65625 0.375 0.6875 0.75 0.6875 0.8125 0.65625 0.8125 0.6875 0.25 0.6875 0.3125 0.65625 0.3125 0.6875 0.75 0.65625 0.75 0.65625 0.6875 0.6875 0.25 0.65625 0.25 0.65625 0.1875 0.6875 0.6875 0.65625 0.6875 0.65625 0.625 0.65625 0.3125 0.65625 0.375 0.625 0.375 0.65625 0.75 0.65625 0.8125 0.625 0.8125 0.65625 0.3125 0.625 0.3125 0.625 0.25 0.65625 0.75 0.625 0.75 0.625 0.6875 0.65625 0.25 0.625 0.25 0.625 0.1875 0.65625 0.6875 0.625 0.6875 0.625 0.6250001 0.65625 0.125 0.65625 0.1875 0.625 0.1875 0.65625 0.625 0.625 0.6250001 0.625 0.5625 0.65625 0.06249994 0.65625 0.125 0.625 0.125 0.65625 0.5 0.65625 0.5625 0.625 0.5625 0.65625 0.5 0.625 0.5 0.625 0.4375 0.65625 0.9375001 0.625 0.9375001 0.625 0.875 0.65625 0.375 0.65625 0.4375 0.625 0.4375 0.65625 0.875 0.625 0.875 0.625 0.8125 0.625 0.06249994 0.625 0.125 0.59375 0.125 0.625 0.5 0.625 0.5625 0.59375 0.5625 0.625 0.5 0.59375 0.5 0.59375 0.4375 0.625 0.9375001 0.59375 0.9375001 0.59375 0.875 0.625 0.375 0.625 0.4375 0.59375 0.4375 0.625 0.875 0.59375 0.875 0.59375 0.8125 0.625 0.375 0.59375 0.375 0.59375 0.3125 0.625 0.75 0.625 0.8125 0.59375 0.8125 0.625 0.3125 0.59375 0.3125 0.59375 0.25 0.625 0.75 0.59375 0.75 0.59375 0.6875 0.625 0.25 0.59375 0.25 0.59375 0.1875 0.625 0.6250001 0.625 0.6875 0.59375 0.6875 0.625 0.125 0.625 0.1875 0.59375 0.1875 0.625 0.6250001 0.59375 0.6250001 0.59375 0.5625 0.59375 0.75 0.59375 0.8125 0.5625 0.8125 0.59375 0.3125 0.5625 0.3125 0.5625 0.25 0.59375 0.6875 0.59375 0.75 0.5625 0.75 0.59375 0.25 0.5625 0.25 0.5625 0.1875 0.59375 0.6250001 0.59375 0.6875 0.5625 0.6875 0.59375 0.125 0.59375 0.1875 0.5625 0.1875 0.59375 0.6250001 0.5625 0.6250001 0.5625 0.5625 0.59375 0.06249994 0.59375 0.125 0.5625 0.125 0.59375 0.5 0.59375 0.5625 0.5625 0.5625 0.59375 0.5 0.5625 0.5 0.5625 0.4375 0.59375 0.9375001 0.5625 0.9375001 0.5625 0.875 0.59375 0.375 0.59375 0.4375 0.5625 0.4375 0.59375 0.875 0.5625 0.875 0.5625 0.8125 0.59375 0.375 0.5625 0.375 0.5625 0.3125 0.5625 0.5 0.5625 0.5625 0.53125 0.5625 0.5625 0.5 0.53125 0.5 0.53125 0.4375 0.5625 0.9375001 0.53125 0.9375001 0.53125 0.875 0.5625 0.375 0.5625 0.4375 0.53125 0.4375 0.5625 0.875 0.53125 0.875 0.53125 0.8125 0.5625 0.375 0.53125 0.375 0.53125 0.3125 0.5625 0.8125 0.53125 0.8125 0.53125 0.75 0.5625 0.25 0.5625 0.3125 0.53125 0.3125 0.5625 0.75 0.53125 0.75 0.53125 0.6875 0.5625 0.1875 0.5625 0.25 0.53125 0.25 0.5625 0.6250001 0.5625 0.6875 0.53125 0.6875 0.5625 0.125 0.5625 0.1875 0.53125 0.1875 0.5625 0.6250001 0.53125 0.6250001 0.53125 0.5625 0.5625 0.06249994 0.5625 0.125 0.53125 0.125 0.53125 0.25 0.53125 0.3125 0.5 0.3125 0.53125 0.75 0.5 0.75 0.5 0.6875001 0.53125 0.1875 0.53125 0.25 0.5 0.25 0.53125 0.6250001 0.53125 0.6875 0.5 0.6875001 0.53125 0.125 0.53125 0.1875 0.5 0.1875 0.53125 0.6250001 0.5 0.6250001 0.5 0.5625 0.53125 0.06249994 0.53125 0.125 0.5 0.125 0.53125 0.5 0.53125 0.5625 0.5 0.5625 0.53125 0.5 0.5 0.5 0.5 0.4375 0.53125 0.9375001 0.5 0.9375001 0.5 0.875 0.53125 0.375 0.53125 0.4375 0.5 0.4375 0.53125 0.875 0.5 0.875 0.5 0.8125 0.53125 0.375 0.5 0.375 0.5 0.3125 0.53125 0.8125 0.5 0.8125 0.5 0.75 0.5 0.5 0.46875 0.5 0.46875 0.4375 0.5 0.9375001 0.46875 0.9375001 0.46875 0.875 0.5 0.375 0.5 0.4375 0.46875 0.4375 0.5 0.875 0.46875 0.875 0.46875 0.8125 0.5 0.375 0.46875 0.375 0.46875 0.3125 0.5 0.8125 0.46875 0.8125 0.46875 0.75 0.5 0.3125 0.46875 0.3125 0.46875 0.25 0.5 0.75 0.46875 0.75 0.46875 0.6875 0.5 0.1875 0.5 0.25 0.46875 0.25 0.5 0.6250001 0.5 0.6875001 0.46875 0.6875 0.5 0.125 0.5 0.1875 0.46875 0.1875 0.5 0.6250001 0.46875 0.6250001 0.46875 0.5625 0.5 0.06249994 0.5 0.125 0.46875 0.125 0.5 0.5 0.5 0.5625 0.46875 0.5625 0.46875 0.75 0.4375 0.7500001 0.4375 0.6875001 0.46875 0.1875 0.46875 0.25 0.4375 0.25 0.46875 0.6250001 0.46875 0.6875 0.4375 0.6875001 0.46875 0.125 0.46875 0.1875 0.4375 0.1875 0.46875 0.6250001 0.4375 0.6250001 0.4375 0.5625 0.46875 0.06249994 0.46875 0.125 0.4375 0.125 0.46875 0.5 0.46875 0.5625 0.4375 0.5625 0.46875 0.5 0.4375 0.5 0.4375 0.4375 0.46875 0.9375001 0.4375 0.9375001 0.4375 0.875 0.46875 0.375 0.46875 0.4375 0.4375 0.4375 0.46875 0.875 0.4375 0.875 0.4375 0.8125 0.46875 0.375 0.4375 0.375 0.4375 0.3125 0.46875 0.8125 0.4375 0.8125 0.4375 0.7500001 0.46875 0.25 0.46875 0.3125 0.4375 0.3125 0.4375 0.5 0.40625 0.5 0.40625 0.4375 0.4375 0.9375001 0.40625 0.9375001 0.40625 0.875 0.4375 0.375 0.4375 0.4375 0.40625 0.4375 0.4375 0.875 0.40625 0.875 0.40625 0.8125 0.4375 0.375 0.40625 0.375 0.40625 0.3125 0.4375 0.8125 0.40625 0.8125 0.40625 0.7500001 0.4375 0.25 0.4375 0.3125 0.40625 0.3125 0.4375 0.7500001 0.40625 0.7500001 0.40625 0.6875001 0.4375 0.1875 0.4375 0.25 0.40625 0.25 0.4375 0.6250001 0.4375 0.6875001 0.40625 0.6875001 0.4375 0.125 0.4375 0.1875 0.40625 0.1875 0.4375 0.6250001 0.40625 0.6250001 0.40625 0.5625 0.4375 0.06249994 0.4375 0.125 0.40625 0.125 0.4375 0.5 0.4375 0.5625 0.40625 0.5625 0.40625 0.25 0.375 0.25 0.375 0.1875 0.40625 0.6250001 0.40625 0.6875001 0.375 0.6875001 0.40625 0.125 0.40625 0.1875 0.375 0.1875 0.40625 0.6250001 0.375 0.6250001 0.375 0.5625 0.40625 0.06249994 0.40625 0.125 0.375 0.125 0.40625 0.5 0.40625 0.5625 0.375 0.5625 0.40625 0.5 0.375 0.5 0.375 0.4375 0.40625 0.9375001 0.375 0.9375001 0.375 0.875 0.40625 0.375 0.40625 0.4375 0.375 0.4375 0.40625 0.875 0.375 0.875 0.375 0.8125 0.40625 0.375 0.375 0.375 0.375 0.3125 0.40625 0.8125 0.375 0.8125 0.375 0.7500001 0.40625 0.25 0.40625 0.3125 0.375 0.3125 0.40625 0.7500001 0.375 0.7500001 0.375 0.6875001 0.375 0.375 0.375 0.4375 0.34375 0.4375 0.375 0.875 0.34375 0.875 0.34375 0.8125 0.375 0.375 0.34375 0.375 0.34375 0.3125 0.375 0.8125 0.34375 0.8125 0.34375 0.7500001 0.375 0.25 0.375 0.3125 0.34375 0.3125 0.375 0.7500001 0.34375 0.7500001 0.34375 0.6875001 0.375 0.1875 0.375 0.25 0.34375 0.25 0.375 0.6250001 0.375 0.6875001 0.34375 0.6875001 0.375 0.125 0.375 0.1875 0.34375 0.1875 0.375 0.6250001 0.34375 0.6250001 0.34375 0.5625 0.375 0.06249994 0.375 0.125 0.34375 0.125 0.375 0.5 0.375 0.5625 0.34375 0.5625 0.375 0.5 0.34375 0.5 0.34375 0.4375 0.375 0.9375001 0.34375 0.9375001 0.34375 0.875 0.34375 0.125 0.34375 0.1875 0.3125 0.1875 0.34375 0.6250001 0.3125 0.6250001 0.3125 0.5625 0.34375 0.06249994 0.34375 0.125 0.3125 0.1249998 0.34375 0.5 0.34375 0.5625 0.3125 0.5625 0.34375 0.5 0.3125 0.5 0.3125 0.4375 0.34375 0.9375001 0.3125 0.9375001 0.3125 0.8750001 0.34375 0.375 0.34375 0.4375 0.3125 0.4375 0.34375 0.875 0.3125 0.8750001 0.3125 0.8125 0.34375 0.375 0.3125 0.375 0.3125 0.3125 0.34375 0.8125 0.3125 0.8125 0.3125 0.7500001 0.34375 0.25 0.34375 0.3125 0.3125 0.3125 0.34375 0.7500001 0.3125 0.7500001 0.3125 0.6875001 0.34375 0.1875 0.34375 0.25 0.3125 0.25 0.34375 0.6250001 0.34375 0.6875001 0.3125 0.6875001 0.3125 0.8750001 0.28125 0.875 0.28125 0.8125 0.3125 0.375 0.28125 0.375 0.28125 0.3125 0.3125 0.8125 0.28125 0.8125 0.28125 0.7500001 0.3125 0.3125 0.28125 0.3125 0.28125 0.25 0.3125 0.7500001 0.28125 0.7500001 0.28125 0.6875001 0.3125 0.1875 0.3125 0.25 0.28125 0.25 0.3125 0.6250001 0.3125 0.6875001 0.28125 0.6875001 0.3125 0.1249998 0.3125 0.1875 0.28125 0.1875 0.3125 0.6250001 0.28125 0.6250001 0.28125 0.5625 0.3125 0.1249998 0.28125 0.125 0.28125 0.06249994 0.3125 0.5 0.3125 0.5625 0.28125 0.5625 0.3125 0.5 0.28125 0.5 0.28125 0.4375 0.3125 0.8750001 0.3125 0.9375001 0.28125 0.9375001 0.3125 0.375 0.3125 0.4375 0.28125 0.4375 0.28125 0.6250001 0.25 0.6250001 0.25 0.5625 0.28125 0.06249994 0.28125 0.125 0.25 0.1249998 0.28125 0.5 0.28125 0.5625 0.25 0.5625 0.28125 0.5 0.25 0.5 0.25 0.4375 0.28125 0.9375001 0.25 0.9375001 0.25 0.8750001 0.28125 0.375 0.28125 0.4375 0.25 0.4375 0.28125 0.875 0.25 0.8750001 0.25 0.8125 0.28125 0.3125 0.28125 0.375 0.25 0.375 0.28125 0.8125 0.25 0.8125 0.25 0.7500001 0.28125 0.25 0.28125 0.3125 0.25 0.3125 0.28125 0.7500001 0.25 0.7500001 0.25 0.6875001 0.28125 0.1875 0.28125 0.25 0.25 0.2499999 0.28125 0.6875001 0.25 0.6875001 0.25 0.6250001 0.28125 0.125 0.28125 0.1875 0.25 0.1875 0.25 0.375 0.21875 0.375 0.21875 0.3125 0.25 0.8125 0.21875 0.8125 0.21875 0.7500001 0.25 0.3125 0.21875 0.3125 0.21875 0.2499999 0.25 0.7500001 0.21875 0.7500001 0.21875 0.6875001 0.25 0.1875 0.25 0.2499999 0.21875 0.2499999 0.25 0.6250001 0.25 0.6875001 0.21875 0.6875001 0.25 0.1875 0.21875 0.1875 0.21875 0.125 0.25 0.6250001 0.21875 0.6250001 0.21875 0.5625001 0.25 0.1249998 0.21875 0.125 0.21875 0.06249994 0.25 0.5 0.25 0.5625 0.21875 0.5625001 0.25 0.5 0.21875 0.5 0.21875 0.4375 0.25 0.8750001 0.25 0.9375001 0.21875 0.9375001 0.25 0.375 0.25 0.4375 0.21875 0.4375 0.25 0.8750001 0.21875 0.875 0.21875 0.8125 0.21875 0.06249994 0.21875 0.125 0.1875 0.1249998 0.21875 0.5 0.21875 0.5625001 0.1875 0.5625001 0.21875 0.5 0.1875 0.5 0.1875 0.4375 0.21875 0.9375001 0.1875 0.9375001 0.1875 0.8750001 0.21875 0.375 0.21875 0.4375 0.1875 0.4375 0.21875 0.875 0.1875 0.8750001 0.1875 0.8125 0.21875 0.3125 0.21875 0.375 0.1875 0.375 0.21875 0.8125 0.1875 0.8125 0.1875 0.7500001 0.21875 0.2499999 0.21875 0.3125 0.1875 0.3125 0.21875 0.7500001 0.1875 0.7500001 0.1875 0.6875001 0.21875 0.1875 0.21875 0.2499999 0.1875 0.2499999 0.21875 0.6875001 0.1875 0.6875001 0.1875 0.6250001 0.21875 0.125 0.21875 0.1875 0.1875 0.1875 0.21875 0.6250001 0.1875 0.6250001 0.1875 0.5625001 0.1875 0.8125 0.15625 0.8125001 0.15625 0.7500001 0.1875 0.2499999 0.1875 0.3125 0.15625 0.3125 0.1875 0.7500001 0.15625 0.7500001 0.15625 0.6875001 0.1875 0.2499999 0.15625 0.2499999 0.15625 0.1875 0.1875 0.6250001 0.1875 0.6875001 0.15625 0.6875001 0.1875 0.1249998 0.1875 0.1875 0.15625 0.1875 0.1875 0.6250001 0.15625 0.6250001 0.15625 0.5625001 0.1875 0.1249998 0.15625 0.1249998 0.15625 0.06249994 0.1875 0.5 0.1875 0.5625001 0.15625 0.5625001 0.1875 0.5 0.15625 0.5 0.15625 0.4375 0.1875 0.8750001 0.1875 0.9375001 0.15625 0.9375001 0.1875 0.375 0.1875 0.4375 0.15625 0.4375 0.1875 0.8750001 0.15625 0.8750001 0.15625 0.8125001 0.1875 0.375 0.15625 0.375 0.15625 0.3125 0.15625 0.5 0.15625 0.5625001 0.125 0.5625001 0.15625 0.5 0.125 0.5 0.125 0.4375 0.15625 0.9375001 0.125 0.9375001 0.125 0.8750001 0.15625 0.375 0.15625 0.4375 0.125 0.4375 0.15625 0.8750001 0.125 0.8750001 0.125 0.8125001 0.15625 0.375 0.125 0.375 0.125 0.3125 0.15625 0.7500001 0.15625 0.8125001 0.125 0.8125001 0.15625 0.2499999 0.15625 0.3125 0.125 0.3125 0.15625 0.7500001 0.125 0.7500001 0.125 0.6875001 0.15625 0.2499999 0.125 0.2499999 0.125 0.1875 0.15625 0.6250001 0.15625 0.6875001 0.125 0.6875001 0.15625 0.1249998 0.15625 0.1875 0.125 0.1875 0.15625 0.6250001 0.125 0.6250001 0.125 0.5625001 0.15625 0.06249994 0.15625 0.1249998 0.125 0.1249998 0.125 0.2499999 0.125 0.3125 0.09375 0.3125 0.125 0.7500001 0.09374994 0.7500001 0.09375 0.6875001 0.125 0.2499999 0.09374994 0.2499998 0.09375 0.1875 0.125 0.6250001 0.125 0.6875001 0.09375 0.6875001 0.125 0.1249998 0.125 0.1875 0.09375 0.1875 0.125 0.6250001 0.09375 0.6250001 0.09375 0.5625001 0.125 0.06249994 0.125 0.1249998 0.09374994 0.1249998 0.125 0.5 0.125 0.5625001 0.09375 0.5625001 0.125 0.5 0.09375 0.5 0.09375 0.4375 0.125 0.9375001 0.09375 0.9375001 0.09374994 0.8750001 0.125 0.375 0.125 0.4375 0.09375 0.4375 0.125 0.8750001 0.09374994 0.8750001 0.09375 0.8125001 0.125 0.375 0.09375 0.375 0.09375 0.3125 0.125 0.7500001 0.125 0.8125001 0.09375 0.8125001 0.09375 0.5 0.0625 0.5 0.0625 0.4375 0.09375 0.9375001 0.0625 0.9375001 0.0625 0.8750001 0.09375 0.375 0.09375 0.4375 0.0625 0.4375 0.09374994 0.8750001 0.0625 0.8750001 0.0625 0.8125001 0.09375 0.375 0.0625 0.375 0.0625 0.3125 0.09374994 0.7500001 0.09375 0.8125001 0.0625 0.8125001 0.09374994 0.2499998 0.09375 0.3125 0.0625 0.3125 0.09374994 0.7500001 0.0625 0.7500001 0.0625 0.6875001 0.09374994 0.2499998 0.0625 0.2499998 0.0625 0.1875 0.09375 0.6250001 0.09375 0.6875001 0.0625 0.6875001 0.09374994 0.1249998 0.09375 0.1875 0.0625 0.1875 0.09375 0.6250001 0.0625 0.6250001 0.0625 0.5625001 0.09375 0.06249994 0.09374994 0.1249998 0.0625 0.1249998 0.09375 0.5 0.09375 0.5625001 0.0625 0.5625001 0.0625 0.2499998 0.03124994 0.2499998 0.03124994 0.1875 0.0625 0.6250001 0.0625 0.6875001 0.03125 0.6875001 0.0625 0.1249998 0.0625 0.1875 0.03124994 0.1875 0.0625 0.6250001 0.03125 0.6250001 0.03125 0.5625001 0.0625 0.1249998 0.03124994 0.1249998 0.03124994 0.06249994 0.0625 0.5 0.0625 0.5625001 0.03125 0.5625001 0.0625 0.5 0.03124994 0.5 0.03125 0.4375 0.0625 0.9375001 0.03124994 0.9375001 0.03124994 0.8750001 0.0625 0.375 0.0625 0.4375 0.03125 0.4375 0.0625 0.8750001 0.03124994 0.8750001 0.03124994 0.8125001 0.0625 0.375 0.03125 0.375 0.03125 0.3125 0.0625 0.7500001 0.0625 0.8125001 0.03124994 0.8125001 0.0625 0.2499998 0.0625 0.3125 0.03125 0.3125 0.0625 0.7500001 0.03124994 0.7500001 0.03125 0.6875001 0.03124994 0.9375001 0 0.9375001 0 0.8750001 0.03125 0.375 0.03125 0.4375 0 0.4375 0.03124994 0.8750001 0 0.8750001 0 0.8125001 0.03125 0.3125 0.03125 0.375 0 0.375 0.03124994 0.8125001 0 0.8125001 0 0.7500001 0.03124994 0.2499998 0.03125 0.3125 0 0.3124999 0.03124994 0.7500001 0 0.7500001 0 0.6875001 0.03124994 0.2499998 0 0.2499998 0 0.1875 0.03125 0.6875001 0 0.6875001 0 0.6250001 0.03124994 0.1249998 0.03124994 0.1875 0 0.1875 0.03125 0.6250001 0 0.6250001 0 0.5625001 0.03124994 0.06249994 0.03124994 0.1249998 0 0.1249998 0.03124994 0.5 0.03125 0.5625001 0 0.5625001 0.03124994 0.5 0 0.5 0 0.4375 1 0.6250001 1 0.6875001 0.96875 0.6875001 1 0.1875 0.96875 0.1875 0.96875 0.1249998 1 0.6250001 0.96875 0.6250001 0.96875 0.5625001 1 0.1249998 0.96875 0.1249998 0.96875 0.06249994 1 0.5 1 0.5625001 0.96875 0.5625001 1 0.5 0.96875 0.5 0.96875 0.4375 1 0.8750001 1 0.9375001 0.96875 0.9375001 1 0.375 1 0.4375 0.96875 0.4375 1 0.8125001 1 0.8750001 0.96875 0.8750001 1 0.375 0.96875 0.375 0.96875 0.3125 1 0.7500001 1 0.8125001 0.96875 0.8125001 1 0.2499998 1 0.3124999 0.96875 0.3125 1 0.7500001 0.96875 0.7500001 0.96875 0.6875001 1 0.2499998 0.96875 0.2499998 0.96875 0.1875 0.96875 0.375 0.96875 0.4375 0.9375 0.4375 0.96875 0.8750001 0.9375 0.8750001 0.9375 0.8125001 0.96875 0.3125 0.96875 0.375 0.9375 0.375 0.96875 0.7500001 0.96875 0.8125001 0.9375 0.8125001 0.96875 0.2499998 0.96875 0.3125 0.9375 0.3124999 0.96875 0.7500001 0.9375 0.7500001 0.9375 0.6875001 0.96875 0.2499998 0.9375 0.2499998 0.9375 0.1875 0.96875 0.6875001 0.9375 0.6875001 0.9375 0.6250001 0.96875 0.1249998 0.96875 0.1875 0.9375 0.1875 0.96875 0.6250001 0.9375 0.6250001 0.9375 0.5625001 0.96875 0.1249998 0.9375 0.1249998 0.9375 0.06249994 0.96875 0.5 0.96875 0.5625001 0.9375 0.5625001 0.96875 0.5 0.9375 0.5 0.9375 0.4375 0.96875 0.9375001 0.9375 0.9375001 0.9375 0.8750001 0.9375 0.1249998 0.9375 0.1875 0.90625 0.1875 0.9375 0.6250001 0.90625 0.6250001 0.90625 0.5625001 0.9375 0.1249998 0.90625 0.1249998 0.90625 0.06249994 0.9375 0.5 0.9375 0.5625001 0.90625 0.5625001 0.9375 0.5 0.90625 0.5 0.90625 0.4375 0.9375 0.9375001 0.90625 0.9375001 0.90625 0.8750001 0.9375 0.375 0.9375 0.4375 0.90625 0.4375 0.9375 0.8750001 0.90625 0.8750001 0.90625 0.8125001 0.9375 0.375 0.90625 0.375 0.90625 0.3124999 0.9375 0.7500001 0.9375 0.8125001 0.90625 0.8125001 0.9375 0.2499998 0.9375 0.3124999 0.90625 0.3124999 0.9375 0.7500001 0.90625 0.7500002 0.90625 0.6875001 0.9375 0.2499998 0.90625 0.2499998 0.90625 0.1875 0.9375 0.6250001 0.9375 0.6875001 0.90625 0.6875001 0.90625 0.8750001 0.875 0.8750001 0.875 0.8125001 0.90625 0.375 0.875 0.375 0.875 0.3124999 0.90625 0.7500002 0.90625 0.8125001 0.875 0.8125001 0.90625 0.2499998 0.90625 0.3124999 0.875 0.3124999 0.90625 0.7500002 0.875 0.7500002 0.875 0.6875001 0.90625 0.2499998 0.875 0.2499998 0.875 0.1875 0.90625 0.6250001 0.90625 0.6875001 0.875 0.6875001 0.90625 0.1249998 0.90625 0.1875 0.875 0.1875 0.90625 0.6250001 0.875 0.6250001 0.875 0.5625001 0.90625 0.06249994 0.90625 0.1249998 0.875 0.1249998 0.90625 0.5 0.90625 0.5625001 0.875 0.5625001 0.90625 0.5 0.875 0.5 0.875 0.4375 0.90625 0.9375001 0.875 0.9375001 0.875 0.8750001 0.90625 0.375 0.90625 0.4375 0.875 0.4375 0.875 0.6250001 0.84375 0.6250001 0.84375 0.5625001 0.875 0.06249994 0.875 0.1249998 0.84375 0.1249998 0.875 0.5 0.875 0.5625001 0.84375 0.5625001 0.875 0.5 0.84375 0.5 0.84375 0.4375 0.875 0.9375001 0.84375 0.9375001 0.84375 0.8750001 0.875 0.375 0.875 0.4375 0.84375 0.4375 0.875 0.8125001 0.875 0.8750001 0.84375 0.8750001 0.875 0.375 0.84375 0.375 0.84375 0.3124999 0.875 0.7500002 0.875 0.8125001 0.84375 0.8125001 0.875 0.2499998 0.875 0.3124999 0.84375 0.3124999 0.875 0.7500002 0.84375 0.7500002 0.84375 0.6875001 0.875 0.2499998 0.84375 0.2499998 0.84375 0.1875 0.875 0.6250001 0.875 0.6875001 0.84375 0.6875001 0.875 0.1875 0.84375 0.1875 0.84375 0.1249998 0.84375 0.375 0.8125 0.375 0.8125 0.3124999 0.84375 0.7500002 0.84375 0.8125001 0.8125 0.8125001 0.84375 0.2499998 0.84375 0.3124999 0.8125 0.3124999 0.84375 0.7500002 0.8125 0.7500002 0.8125 0.6875001 0.84375 0.2499998 0.8125 0.2499998 0.8125 0.1875 0.84375 0.6250001 0.84375 0.6875001 0.8125 0.6875001 0.84375 0.1875 0.8125 0.1875 0.8125 0.1249998 0.84375 0.6250001 0.8125 0.6250001 0.8125 0.5625001 0.84375 0.1249998 0.8125 0.1249998 0.8125 0.06249994 0.84375 0.5 0.84375 0.5625001 0.8125 0.5625001 0.84375 0.5 0.8125 0.5 0.8125 0.4375 0.84375 0.8750001 0.84375 0.9375001 0.8125 0.9375001 0.84375 0.375 0.84375 0.4375 0.8125 0.4375 0.84375 0.8125001 0.84375 0.8750001 0.8125 0.8750001 0.8125 0.1249998 0.78125 0.1249998 0.78125 0.06249994 0.8125 0.5 0.8125 0.5625001 0.78125 0.5625001 0.8125 0.5 0.78125 0.5 0.78125 0.4375 0.8125 0.9375001 0.78125 0.9375001 0.78125 0.8750001 0.8125 0.375 0.8125 0.4375 0.78125 0.4375 0.8125 0.8750001 0.78125 0.8750001 0.78125 0.8125001 0.8125 0.375 0.78125 0.375 0.78125 0.3124999 0.8125 0.8125001 0.78125 0.8125001 0.78125 0.7500002 0.8125 0.2499998 0.8125 0.3124999 0.78125 0.3124999 0.8125 0.7500002 0.78125 0.7500002 0.78125 0.6875001 0.8125 0.2499998 0.78125 0.2499998 0.78125 0.1875 0.8125 0.6250001 0.8125 0.6875001 0.78125 0.6875001 0.8125 0.1249998 0.8125 0.1875 0.78125 0.1875 0.8125 0.6250001 0.78125 0.6250001 0.78125 0.5625001 0.78125 0.3124999 0.75 0.3124999 0.75 0.25 0.78125 0.6875001 0.78125 0.7500002 0.75 0.75 0.78125 0.2499998 0.75 0.25 0.75 0.1875 0.78125 0.6250001 0.78125 0.6875001 0.75 0.6875001 0.78125 0.1875 0.75 0.1875 0.75 0.1249998 0.78125 0.5625001 0.78125 0.6250001 0.75 0.625 0.78125 0.06249994 0.78125 0.1249998 0.75 0.1249998 0.78125 0.5 0.78125 0.5625001 0.75 0.5625001 0.78125 0.5 0.75 0.5 0.75 0.4375 0.78125 0.8750001 0.78125 0.9375001 0.75 0.9375001 0.78125 0.4375 0.75 0.4375 0.75 0.375 0.78125 0.8125001 0.78125 0.8750001 0.75 0.8750001 0.78125 0.375 0.75 0.375 0.75 0.3124999 0.78125 0.7500002 0.78125 0.8125001 0.75 0.8125</float_array>
          <technique_common>
            <accessor source="#Sphere-mesh-map-0-array" count="2880" stride="2">
              <param name="S" type="float"/>
              <param name="T" type="float"/>
            </accessor>
          </technique_common>
        </source>
        <vertices id="Sphere-mesh-vertices">
          <input semantic="POSITION" source="#Sphere-mesh-positions"/>
        </vertices>
        <triangles material="CL_post-material" count="960">
          <input semantic="VERTEX" source="#Sphere-mesh-vertices" offset="0"/>
          <input semantic="NORMAL" source="#Sphere-mesh-normals" offset="1"/>
          <input semantic="TEXCOORD" source="#Sphere-mesh-map-0" offset="2" set="0"/>
          <p>1 0 0 11 0 1 2 0 2 479 1 3 19 1 4 6 1 5 476 2 6 11 2 7 12 2 8 7 3 9 19 3 10 20 3 11 3 4 12 12 4 13 13 4 14 7 5 15 21 5 16 480 5 17 477 6 18 13 6 19 14 6 20 480 7 21 22 7 22 481 7 23 477 8 24 15 8 25 4 8 26 0 9 27 309 9 28 8 9 29 248 10 30 481 10 31 22 10 32 4 11 33 16 11 34 5 11 35 475 12 36 8 12 37 9 12 38 478 13 39 16 13 40 17 13 41 1 14 42 9 14 43 10 14 44 478 15 45 18 15 46 479 15 47 17 16 48 31 16 49 32 16 50 9 17 51 25 17 52 10 17 53 18 18 54 32 18 55 33 18 56 10 19 57 26 19 58 11 19 59 19 20 60 33 20 61 34 20 62 11 21 63 27 21 64 12 21 65 20 22 66 34 22 67 35 22 68 12 23 69 28 23 70 13 23 71 21 24 72 35 24 73 36 24 74 13 25 75 29 25 76 14 25 77 22 26 78 36 26 79 37 26 80 15 27 81 29 27 82 30 27 83 8 28 84 309 28 85 23 28 86 248 29 87 22 29 88 37 29 89 15 30 90 31 30 91 16 30 92 8 31 93 24 31 94 9 31 95 36 32 96 50 32 97 51 32 98 28 33 99 44 33 100 29 33 101 37 34 102 51 34 103 52 34 104 30 35 105 44 35 106 45 35 107 23 36 108 309 36 109 38 36 110 248 37 111 37 37 112 52 37 113 30 38 114 46 38 115 31 38 116 23 39 117 39 39 118 24 39 119 32 40 120 46 40 121 47 40 122 24 41 123 40 41 124 25 41 125 33 42 126 47 42 127 48 42 128 26 43 129 40 43 130 41 43 131 34 44 132 48 44 133 49 44 134 26 45 135 42 45 136 27 45 137 34 46 138 50 46 139 35 46 140 27 47 141 43 47 142 28 47 143 48 48 144 62 48 145 63 48 146 41 49 147 55 49 148 56 49 149 48 50 150 64 50 151 49 50 152 41 51 153 57 51 154 42 51 155 49 52 156 65 52 157 50 52 158 42 53 159 58 53 160 43 53 161 51 54 162 65 54 163 66 54 164 43 55 165 59 55 166 44 55 167 52 56 168 66 56 169 67 56 170 45 57 171 59 57 172 60 57 173 38 58 174 309 58 175 53 58 176 248 59 177 52 59 178 67 59 179 45 60 180 61 60 181 46 60 182 38 61 183 54 61 184 39 61 185 47 62 186 61 62 187 62 62 188 39 63 189 55 63 190 40 63 191 67 64 192 81 64 193 82 64 194 60 65 195 74 65 196 75 65 197 53 66 198 309 66 199 68 66 200 248 67 201 67 67 202 82 67 203 60 68 204 76 68 205 61 68 206 53 69 207 69 69 208 54 69 209 62 70 210 76 70 211 77 70 212 54 71 213 70 71 214 55 71 215 62 72 216 78 72 217 63 72 218 56 73 219 70 73 220 71 73 221 63 74 222 79 74 223 64 74 224 56 75 225 72 75 226 57 75 227 64 76 228 80 76 229 65 76 230 58 77 231 72 77 232 73 77 233 66 78 234 80 78 235 81 78 236 58 79 237 74 79 238 59 79 239 71 80 240 85 80 241 86 80 242 78 81 243 94 81 244 79 81 245 72 82 246 86 82 247 87 82 248 79 83 249 95 83 250 80 83 251 73 84 252 87 84 253 88 84 254 81 85 255 95 85 256 96 85 257 73 86 258 89 86 259 74 86 260 82 87 261 96 87 262 97 87 263 75 88 264 89 88 265 90 88 266 68 89 267 309 89 268 83 89 269 248 90 270 82 90 271 97 90 272 75 91 273 91 91 274 76 91 275 68 92 276 84 92 277 69 92 278 77 93 279 91 93 280 92 93 281 69 94 282 85 94 283 70 94 284 77 95 285 93 95 286 78 95 287 90 96 288 104 96 289 105 96 290 83 97 291 309 97 292 98 97 293 248 98 294 97 98 295 112 98 296 90 99 297 106 99 298 91 99 299 83 100 300 99 100 301 84 100 302 92 101 303 106 101 304 107 101 305 84 102 306 100 102 307 85 102 308 92 103 309 108 103 310 93 103 311 85 104 312 101 104 313 86 104 314 94 105 315 108 105 316 109 105 317 86 106 318 102 106 319 87 106 320 95 107 321 109 107 322 110 107 323 88 108 324 102 108 325 103 108 326 96 109 327 110 109 328 111 109 329 88 110 330 104 110 331 89 110 332 97 111 333 111 111 334 112 111 335 109 112 336 123 112 337 124 112 338 101 113 339 117 113 340 102 113 341 110 114 342 124 114 343 125 114 344 103 115 345 117 115 346 118 115 347 111 116 348 125 116 349 126 116 350 103 117 351 119 117 352 104 117 353 112 118 354 126 118 355 127 118 356 105 119 357 119 119 358 120 119 359 98 120 360 309 120 361 113 120 362 248 121 363 112 121 364 127 121 365 105 122 366 121 122 367 106 122 368 98 123 369 114 123 370 99 123 371 107 124 372 121 124 373 122 124 374 99 125 375 115 125 376 100 125 377 107 126 378 123 126 379 108 126 380 100 127 381 116 127 382 101 127 383 113 128 384 309 128 385 128 128 386 248 129 387 127 129 388 142 129 389 120 130 390 136 130 391 121 130 392 113 131 393 129 131 394 114 131 395 122 132 396 136 132 397 137 132 398 114 133 399 130 133 400 115 133 401 122 134 402 138 134 403 123 134 404 115 135 405 131 135 406 116 135 407 123 136 408 139 136 409 124 136 410 116 137 411 132 137 412 117 137 413 125 138 414 139 138 415 140 138 416 118 139 417 132 139 418 133 139 419 126 140 420 140 140 421 141 140 422 118 141 423 134 141 424 119 141 425 127 142 426 141 142 427 142 142 428 120 143 429 134 143 430 135 143 431 131 144 432 147 144 433 132 144 434 140 145 435 154 145 436 155 145 437 133 146 438 147 146 439 148 146 440 141 147 441 155 147 442 156 147 443 133 148 444 149 148 445 134 148 446 142 149 447 156 149 448 157 149 449 135 150 450 149 150 451 150 150 452 128 151 453 309 151 454 143 151 455 248 152 456 142 152 457 157 152 458 135 153 459 151 153 460 136 153 461 128 154 462 144 154 463 129 154 464 137 155 465 151 155 466 152 155 467 129 156 468 145 156 469 130 156 470 137 157 471 153 157 472 138 157 473 130 158 474 146 158 475 131 158 476 139 159 477 153 159 478 154 159 479 150 160 480 166 160 481 151 160 482 143 161 483 159 161 484 144 161 485 152 162 486 166 162 487 167 162 488 144 163 489 160 163 490 145 163 491 152 164 492 168 164 493 153 164 494 145 165 495 161 165 496 146 165 497 154 166 498 168 166 499 169 166 500 146 167 501 162 167 502 147 167 503 155 168 504 169 168 505 170 168 506 148 169 507 162 169 508 163 169 509 156 170 510 170 170 511 171 170 512 148 171 513 164 171 514 149 171 515 157 172 516 171 172 517 172 172 518 150 173 519 164 173 520 165 173 521 143 174 522 309 174 523 158 174 524 248 175 525 157 175 526 172 175 527 169 176 528 185 176 529 170 176 530 163 177 531 177 177 532 178 177 533 171 178 534 185 178 535 186 178 536 163 179 537 179 179 538 164 179 539 172 180 540 186 180 541 187 180 542 165 181 543 179 181 544 180 181 545 158 182 546 309 182 547 173 182 548 248 183 549 172 183 550 187 183 551 165 184 552 181 184 553 166 184 554 158 185 555 174 185 556 159 185 557 167 186 558 181 186 559 182 186 560 159 187 561 175 187 562 160 187 563 167 188 564 183 188 565 168 188 566 160 189 567 176 189 568 161 189 569 169 190 570 183 190 571 184 190 572 161 191 573 177 191 574 162 191 575 182 192 576 196 192 577 197 192 578 174 193 579 190 193 580 175 193 581 182 194 582 198 194 583 183 194 584 175 195 585 191 195 586 176 195 587 184 196 588 198 196 589 199 196 590 176 197 591 192 197 592 177 197 593 185 198 594 199 198 595 200 198 596 178 199 597 192 199 598 193 199 599 186 200 600 200 200 601 201 200 602 178 201 603 194 201 604 179 201 605 187 202 606 201 202 607 202 202 608 180 203 609 194 203 610 195 203 611 173 204 612 309 204 613 188 204 614 248 205 615 187 205 616 202 205 617 180 206 618 196 206 619 181 206 620 173 207 621 189 207 622 174 207 623 201 208 624 215 208 625 216 208 626 193 209 627 209 209 628 194 209 629 202 210 630 216 210 631 217 210 632 195 211 633 209 211 634 210 211 635 188 212 636 309 212 637 203 212 638 248 213 639 202 213 640 217 213 641 195 214 642 211 214 643 196 214 644 188 215 645 204 215 646 189 215 647 197 216 648 211 216 649 212 216 650 189 217 651 205 217 652 190 217 653 197 218 654 213 218 655 198 218 656 190 219 657 206 219 658 191 219 659 199 220 660 213 220 661 214 220 662 191 221 663 207 221 664 192 221 665 200 222 666 214 222 667 215 222 668 193 223 669 207 223 670 208 223 671 204 224 672 220 224 673 205 224 674 212 225 675 228 225 676 213 225 677 205 226 678 221 226 679 206 226 680 213 227 681 229 227 682 214 227 683 206 228 684 222 228 685 207 228 686 215 229 687 229 229 688 230 229 689 208 230 690 222 230 691 223 230 692 216 231 693 230 231 694 231 231 695 208 232 696 224 232 697 209 232 698 216 233 699 232 233 700 217 233 701 210 234 702 224 234 703 225 234 704 203 235 705 309 235 706 218 235 707 248 236 708 217 236 709 232 236 710 210 237 711 226 237 712 211 237 713 204 238 714 218 238 715 219 238 716 212 239 717 226 239 718 227 239 719 223 240 720 239 240 721 224 240 722 232 241 723 246 241 724 247 241 725 225 242 726 239 242 727 240 242 728 218 243 729 309 243 730 233 243 731 248 244 732 232 244 733 247 244 734 225 245 735 241 245 736 226 245 737 218 246 738 234 246 739 219 246 740 227 247 741 241 247 742 242 247 743 219 248 744 235 248 745 220 248 746 228 249 747 242 249 748 243 249 749 220 250 750 236 250 751 221 250 752 229 251 753 243 251 754 244 251 755 221 252 756 237 252 757 222 252 758 230 253 759 244 253 760 245 253 761 222 254 762 238 254 763 223 254 764 231 255 765 245 255 766 246 255 767 242 256 768 259 256 769 243 256 770 235 257 771 252 257 772 236 257 773 243 258 774 260 258 775 244 258 776 236 259 777 253 259 778 237 259 779 245 260 780 260 260 781 261 260 782 238 261 783 253 261 784 254 261 785 245 262 786 262 262 787 246 262 788 238 263 789 255 263 790 239 263 791 246 264 792 263 264 793 247 264 794 240 265 795 255 265 796 256 265 797 233 266 798 309 266 799 249 266 800 248 267 801 247 267 802 263 267 803 240 268 804 257 268 805 241 268 806 234 269 807 249 269 808 250 269 809 242 270 810 257 270 811 258 270 812 234 271 813 251 271 814 235 271 815 263 272 816 277 272 817 278 272 818 256 273 819 270 273 820 271 273 821 249 274 822 309 274 823 264 274 824 248 275 825 263 275 826 278 275 827 256 276 828 272 276 829 257 276 830 249 277 831 265 277 832 250 277 833 258 278 834 272 278 835 273 278 836 250 279 837 266 279 838 251 279 839 259 280 840 273 280 841 274 280 842 251 281 843 267 281 844 252 281 845 260 282 846 274 282 847 275 282 848 252 283 849 268 283 850 253 283 851 261 284 852 275 284 853 276 284 854 253 285 855 269 285 856 254 285 857 262 286 858 276 286 859 277 286 860 254 287 861 270 287 862 255 287 863 266 288 864 282 288 865 267 288 866 275 289 867 289 289 868 290 289 869 267 290 870 283 290 871 268 290 872 275 291 873 291 291 874 276 291 875 269 292 876 283 292 877 284 292 878 277 293 879 291 293 880 292 293 881 269 294 882 285 294 883 270 294 884 277 295 885 293 295 886 278 295 887 271 296 888 285 296 889 286 296 890 264 297 891 309 297 892 279 297 893 248 298 894 278 298 895 293 298 896 271 299 897 287 299 898 272 299 899 265 300 900 279 300 901 280 300 902 273 301 903 287 301 904 288 301 905 265 302 906 281 302 907 266 302 908 273 303 909 289 303 910 274 303 911 286 304 912 300 304 913 301 304 914 279 305 915 309 305 916 294 305 917 248 306 918 293 306 919 308 306 920 286 307 921 302 307 922 287 307 923 279 308 924 295 308 925 280 308 926 288 309 927 302 309 928 303 309 929 280 310 930 296 310 931 281 310 932 288 311 933 304 311 934 289 311 935 282 312 936 296 312 937 297 312 938 290 313 939 304 313 940 305 313 941 282 314 942 298 314 943 283 314 944 290 315 945 306 315 946 291 315 947 284 316 948 298 316 949 299 316 950 292 317 951 306 317 952 307 317 953 284 318 954 300 318 955 285 318 956 293 319 957 307 319 958 308 319 959 305 320 960 320 320 961 321 320 962 297 321 963 314 321 964 298 321 965 305 322 966 322 322 967 306 322 968 299 323 969 314 323 970 315 323 971 307 324 972 322 324 973 323 324 974 299 325 975 316 325 976 300 325 977 308 326 978 323 326 979 324 326 980 301 327 981 316 327 982 317 327 983 294 328 984 309 328 985 310 328 986 248 329 987 308 329 988 324 329 989 301 330 990 318 330 991 302 330 992 294 331 993 311 331 994 295 331 995 303 332 996 318 332 997 319 332 998 295 333 999 312 333 1000 296 333 1001 303 334 1002 320 334 1003 304 334 1004 297 335 1005 312 335 1006 313 335 1007 248 336 1008 324 336 1009 339 336 1010 317 337 1011 333 337 1012 318 337 1013 310 338 1014 326 338 1015 311 338 1016 319 339 1017 333 339 1018 334 339 1019 311 340 1020 327 340 1021 312 340 1022 319 341 1023 335 341 1024 320 341 1025 313 342 1026 327 342 1027 328 342 1028 321 343 1029 335 343 1030 336 343 1031 313 344 1032 329 344 1033 314 344 1034 321 345 1035 337 345 1036 322 345 1037 315 346 1038 329 346 1039 330 346 1040 323 347 1041 337 347 1042 338 347 1043 315 348 1044 331 348 1045 316 348 1046 324 349 1047 338 349 1048 339 349 1049 317 350 1050 331 350 1051 332 350 1052 310 351 1053 309 351 1054 325 351 1055 336 352 1056 352 352 1057 337 352 1058 330 353 1059 344 353 1060 345 353 1061 338 354 1062 352 354 1063 353 354 1064 330 355 1065 346 355 1066 331 355 1067 338 356 1068 354 356 1069 339 356 1070 332 357 1071 346 357 1072 347 357 1073 325 358 1074 309 358 1075 340 358 1076 248 359 1077 339 359 1078 354 359 1079 332 360 1080 348 360 1081 333 360 1082 325 361 1083 341 361 1084 326 361 1085 334 362 1086 348 362 1087 349 362 1088 326 363 1089 342 363 1090 327 363 1091 334 364 1092 350 364 1093 335 364 1094 328 365 1095 342 365 1096 343 365 1097 336 366 1098 350 366 1099 351 366 1100 328 367 1101 344 367 1102 329 367 1103 340 368 1104 356 368 1105 341 368 1106 349 369 1107 363 369 1108 364 369 1109 341 370 1110 357 370 1111 342 370 1112 350 371 1113 364 371 1114 365 371 1115 342 372 1116 358 372 1117 343 372 1118 351 373 1119 365 373 1120 366 373 1121 343 374 1122 359 374 1123 344 374 1124 351 375 1125 367 375 1126 352 375 1127 344 376 1128 360 376 1129 345 376 1130 353 377 1131 367 377 1132 368 377 1133 345 378 1134 361 378 1135 346 378 1136 354 379 1137 368 379 1138 369 379 1139 347 380 1140 361 380 1141 362 380 1142 340 381 1143 309 381 1144 355 381 1145 248 382 1146 354 382 1147 369 382 1148 347 383 1149 363 383 1150 348 383 1151 360 384 1152 374 384 1153 375 384 1154 367 385 1155 383 385 1156 368 385 1157 360 386 1158 376 386 1159 361 386 1160 368 387 1161 384 387 1162 369 387 1163 362 388 1164 376 388 1165 377 388 1166 355 389 1167 309 389 1168 370 389 1169 248 390 1170 369 390 1171 384 390 1172 362 391 1173 378 391 1174 363 391 1175 356 392 1176 370 392 1177 371 392 1178 364 393 1179 378 393 1180 379 393 1181 357 394 1182 371 394 1183 372 394 1184 364 395 1185 380 395 1186 365 395 1187 358 396 1188 372 396 1189 373 396 1190 366 397 1191 380 397 1192 381 397 1193 358 398 1194 374 398 1195 359 398 1196 366 399 1197 382 399 1198 367 399 1199 379 400 1200 393 400 1201 394 400 1202 371 401 1203 387 401 1204 372 401 1205 380 402 1206 394 402 1207 395 402 1208 373 403 1209 387 403 1210 388 403 1211 381 404 1212 395 404 1213 396 404 1214 373 405 1215 389 405 1216 374 405 1217 381 406 1218 397 406 1219 382 406 1220 374 407 1221 390 407 1222 375 407 1223 383 408 1224 397 408 1225 398 408 1226 375 409 1227 391 409 1228 376 409 1229 383 410 1230 399 410 1231 384 410 1232 377 411 1233 391 411 1234 392 411 1235 370 412 1236 309 412 1237 385 412 1238 248 413 1239 384 413 1240 399 413 1241 377 414 1242 393 414 1243 378 414 1244 370 415 1245 386 415 1246 371 415 1247 398 416 1248 412 416 1249 413 416 1250 390 417 1251 406 417 1252 391 417 1253 398 418 1254 414 418 1255 399 418 1256 392 419 1257 406 419 1258 407 419 1259 385 420 1260 309 420 1261 400 420 1262 248 421 1263 399 421 1264 414 421 1265 392 422 1266 408 422 1267 393 422 1268 385 423 1269 401 423 1270 386 423 1271 394 424 1272 408 424 1273 409 424 1274 386 425 1275 402 425 1276 387 425 1277 394 426 1278 410 426 1279 395 426 1280 388 427 1281 402 427 1282 403 427 1283 396 428 1284 410 428 1285 411 428 1286 388 429 1287 404 429 1288 389 429 1289 396 430 1290 412 430 1291 397 430 1292 390 431 1293 404 431 1294 405 431 1295 401 432 1296 417 432 1297 402 432 1298 409 433 1299 425 433 1300 410 433 1301 403 434 1302 417 434 1303 418 434 1304 411 435 1305 425 435 1306 426 435 1307 403 436 1308 419 436 1309 404 436 1310 411 437 1311 427 437 1312 412 437 1313 405 438 1314 419 438 1315 420 438 1316 413 439 1317 427 439 1318 428 439 1319 405 440 1320 421 440 1321 406 440 1322 414 441 1323 428 441 1324 429 441 1325 407 442 1326 421 442 1327 422 442 1328 400 443 1329 309 443 1330 415 443 1331 248 444 1332 414 444 1333 429 444 1334 407 445 1335 423 445 1336 408 445 1337 400 446 1338 416 446 1339 401 446 1340 409 447 1341 423 447 1342 424 447 1343 420 448 1344 436 448 1345 421 448 1346 429 449 1347 443 449 1348 444 449 1349 422 450 1350 436 450 1351 437 450 1352 415 451 1353 309 451 1354 430 451 1355 248 452 1356 429 452 1357 444 452 1358 422 453 1359 438 453 1360 423 453 1361 415 454 1362 431 454 1363 416 454 1364 424 455 1365 438 455 1366 439 455 1367 417 456 1368 431 456 1369 432 456 1370 424 457 1371 440 457 1372 425 457 1373 418 458 1374 432 458 1375 433 458 1376 426 459 1377 440 459 1378 441 459 1379 418 460 1380 434 460 1381 419 460 1382 426 461 1383 442 461 1384 427 461 1385 420 462 1386 434 462 1387 435 462 1388 427 463 1389 443 463 1390 428 463 1391 439 464 1392 455 464 1393 440 464 1394 433 465 1395 447 465 1396 448 465 1397 441 466 1398 455 466 1399 456 466 1400 433 467 1401 449 467 1402 434 467 1403 441 468 1404 457 468 1405 442 468 1406 435 469 1407 449 469 1408 450 469 1409 442 470 1410 458 470 1411 443 470 1412 435 471 1413 451 471 1414 436 471 1415 443 472 1416 459 472 1417 444 472 1418 437 473 1419 451 473 1420 452 473 1421 430 474 1422 309 474 1423 445 474 1424 248 475 1425 444 475 1426 459 475 1427 437 476 1428 453 476 1429 438 476 1430 431 477 1431 445 477 1432 446 477 1433 439 478 1434 453 478 1435 454 478 1436 432 479 1437 446 479 1438 447 479 1439 458 480 1440 474 480 1441 459 480 1442 452 481 1443 466 481 1444 467 481 1445 445 482 1446 309 482 1447 460 482 1448 248 483 1449 459 483 1450 474 483 1451 452 484 1452 468 484 1453 453 484 1454 445 485 1455 461 485 1456 446 485 1457 454 486 1458 468 486 1459 469 486 1460 446 487 1461 462 487 1462 447 487 1463 454 488 1464 470 488 1465 455 488 1466 447 489 1467 463 489 1468 448 489 1469 456 490 1470 470 490 1471 471 490 1472 448 491 1473 464 491 1474 449 491 1475 456 492 1476 472 492 1477 457 492 1478 450 493 1479 464 493 1480 465 493 1481 458 494 1482 472 494 1483 473 494 1484 450 495 1485 466 495 1486 451 495 1487 470 496 1488 6 496 1489 471 496 1490 464 497 1491 2 497 1492 476 497 1493 471 498 1494 7 498 1495 472 498 1496 465 499 1497 476 499 1498 3 499 1499 472 500 1500 480 500 1501 473 500 1502 466 501 1503 3 501 1504 477 501 1505 474 502 1506 480 502 1507 481 502 1508 467 503 1509 477 503 1510 4 503 1511 460 504 1512 309 504 1513 0 504 1514 248 505 1515 474 505 1516 481 505 1517 467 506 1518 5 506 1519 468 506 1520 461 507 1521 0 507 1522 475 507 1523 468 508 1524 478 508 1525 469 508 1526 462 509 1527 475 509 1528 1 509 1529 469 510 1530 479 510 1531 470 510 1532 463 511 1533 1 511 1534 2 511 1535 1 512 1536 10 512 1537 11 512 1538 479 513 1539 18 513 1540 19 513 1541 476 514 1542 2 514 1543 11 514 1544 7 515 1545 6 515 1546 19 515 1547 3 516 1548 476 516 1549 12 516 1550 7 517 1551 20 517 1552 21 517 1553 477 518 1554 3 518 1555 13 518 1556 480 519 1557 21 519 1558 22 519 1559 477 520 1560 14 520 1561 15 520 1562 4 521 1563 15 521 1564 16 521 1565 475 522 1566 0 522 1567 8 522 1568 478 523 1569 5 523 1570 16 523 1571 1 524 1572 475 524 1573 9 524 1574 478 525 1575 17 525 1576 18 525 1577 17 526 1578 16 526 1579 31 526 1580 9 527 1581 24 527 1582 25 527 1583 18 528 1584 17 528 1585 32 528 1586 10 529 1587 25 529 1588 26 529 1589 19 530 1590 18 530 1591 33 530 1592 11 531 1593 26 531 1594 27 531 1595 20 532 1596 19 532 1597 34 532 1598 12 533 1599 27 533 1600 28 533 1601 21 534 1602 20 534 1603 35 534 1604 13 535 1605 28 535 1606 29 535 1607 22 536 1608 21 536 1609 36 536 1610 15 537 1611 14 537 1612 29 537 1613 15 538 1614 30 538 1615 31 538 1616 8 539 1617 23 539 1618 24 539 1619 36 540 1620 35 540 1621 50 540 1622 28 541 1623 43 541 1624 44 541 1625 37 542 1626 36 542 1627 51 542 1628 30 543 1629 29 543 1630 44 543 1631 30 544 1632 45 544 1633 46 544 1634 23 545 1635 38 545 1636 39 545 1637 32 546 1638 31 546 1639 46 546 1640 24 547 1641 39 547 1642 40 547 1643 33 548 1644 32 548 1645 47 548 1646 26 549 1647 25 549 1648 40 549 1649 34 550 1650 33 550 1651 48 550 1652 26 551 1653 41 551 1654 42 551 1655 34 552 1656 49 552 1657 50 552 1658 27 553 1659 42 553 1660 43 553 1661 48 554 1662 47 554 1663 62 554 1664 41 555 1665 40 555 1666 55 555 1667 48 556 1668 63 556 1669 64 556 1670 41 557 1671 56 557 1672 57 557 1673 49 558 1674 64 558 1675 65 558 1676 42 559 1677 57 559 1678 58 559 1679 51 560 1680 50 560 1681 65 560 1682 43 561 1683 58 561 1684 59 561 1685 52 562 1686 51 562 1687 66 562 1688 45 563 1689 44 563 1690 59 563 1691 45 564 1692 60 564 1693 61 564 1694 38 565 1695 53 565 1696 54 565 1697 47 566 1698 46 566 1699 61 566 1700 39 567 1701 54 567 1702 55 567 1703 67 568 1704 66 568 1705 81 568 1706 60 569 1707 59 569 1708 74 569 1709 60 570 1710 75 570 1711 76 570 1712 53 571 1713 68 571 1714 69 571 1715 62 572 1716 61 572 1717 76 572 1718 54 573 1719 69 573 1720 70 573 1721 62 574 1722 77 574 1723 78 574 1724 56 575 1725 55 575 1726 70 575 1727 63 576 1728 78 576 1729 79 576 1730 56 577 1731 71 577 1732 72 577 1733 64 578 1734 79 578 1735 80 578 1736 58 579 1737 57 579 1738 72 579 1739 66 580 1740 65 580 1741 80 580 1742 58 581 1743 73 581 1744 74 581 1745 71 582 1746 70 582 1747 85 582 1748 78 583 1749 93 583 1750 94 583 1751 72 584 1752 71 584 1753 86 584 1754 79 585 1755 94 585 1756 95 585 1757 73 586 1758 72 586 1759 87 586 1760 81 587 1761 80 587 1762 95 587 1763 73 588 1764 88 588 1765 89 588 1766 82 589 1767 81 589 1768 96 589 1769 75 590 1770 74 590 1771 89 590 1772 75 591 1773 90 591 1774 91 591 1775 68 592 1776 83 592 1777 84 592 1778 77 593 1779 76 593 1780 91 593 1781 69 594 1782 84 594 1783 85 594 1784 77 595 1785 92 595 1786 93 595 1787 90 596 1788 89 596 1789 104 596 1790 90 597 1791 105 597 1792 106 597 1793 83 598 1794 98 598 1795 99 598 1796 92 599 1797 91 599 1798 106 599 1799 84 600 1800 99 600 1801 100 600 1802 92 601 1803 107 601 1804 108 601 1805 85 602 1806 100 602 1807 101 602 1808 94 603 1809 93 603 1810 108 603 1811 86 604 1812 101 604 1813 102 604 1814 95 605 1815 94 605 1816 109 605 1817 88 606 1818 87 606 1819 102 606 1820 96 607 1821 95 607 1822 110 607 1823 88 608 1824 103 608 1825 104 608 1826 97 609 1827 96 609 1828 111 609 1829 109 610 1830 108 610 1831 123 610 1832 101 611 1833 116 611 1834 117 611 1835 110 612 1836 109 612 1837 124 612 1838 103 613 1839 102 613 1840 117 613 1841 111 614 1842 110 614 1843 125 614 1844 103 615 1845 118 615 1846 119 615 1847 112 616 1848 111 616 1849 126 616 1850 105 617 1851 104 617 1852 119 617 1853 105 618 1854 120 618 1855 121 618 1856 98 619 1857 113 619 1858 114 619 1859 107 620 1860 106 620 1861 121 620 1862 99 621 1863 114 621 1864 115 621 1865 107 622 1866 122 622 1867 123 622 1868 100 623 1869 115 623 1870 116 623 1871 120 624 1872 135 624 1873 136 624 1874 113 625 1875 128 625 1876 129 625 1877 122 626 1878 121 626 1879 136 626 1880 114 627 1881 129 627 1882 130 627 1883 122 628 1884 137 628 1885 138 628 1886 115 629 1887 130 629 1888 131 629 1889 123 630 1890 138 630 1891 139 630 1892 116 631 1893 131 631 1894 132 631 1895 125 632 1896 124 632 1897 139 632 1898 118 633 1899 117 633 1900 132 633 1901 126 634 1902 125 634 1903 140 634 1904 118 635 1905 133 635 1906 134 635 1907 127 636 1908 126 636 1909 141 636 1910 120 637 1911 119 637 1912 134 637 1913 131 638 1914 146 638 1915 147 638 1916 140 639 1917 139 639 1918 154 639 1919 133 640 1920 132 640 1921 147 640 1922 141 641 1923 140 641 1924 155 641 1925 133 642 1926 148 642 1927 149 642 1928 142 643 1929 141 643 1930 156 643 1931 135 644 1932 134 644 1933 149 644 1934 135 645 1935 150 645 1936 151 645 1937 128 646 1938 143 646 1939 144 646 1940 137 647 1941 136 647 1942 151 647 1943 129 648 1944 144 648 1945 145 648 1946 137 649 1947 152 649 1948 153 649 1949 130 650 1950 145 650 1951 146 650 1952 139 651 1953 138 651 1954 153 651 1955 150 652 1956 165 652 1957 166 652 1958 143 653 1959 158 653 1960 159 653 1961 152 654 1962 151 654 1963 166 654 1964 144 655 1965 159 655 1966 160 655 1967 152 656 1968 167 656 1969 168 656 1970 145 657 1971 160 657 1972 161 657 1973 154 658 1974 153 658 1975 168 658 1976 146 659 1977 161 659 1978 162 659 1979 155 660 1980 154 660 1981 169 660 1982 148 661 1983 147 661 1984 162 661 1985 156 662 1986 155 662 1987 170 662 1988 148 663 1989 163 663 1990 164 663 1991 157 664 1992 156 664 1993 171 664 1994 150 665 1995 149 665 1996 164 665 1997 169 666 1998 184 666 1999 185 666 2000 163 667 2001 162 667 2002 177 667 2003 171 668 2004 170 668 2005 185 668 2006 163 669 2007 178 669 2008 179 669 2009 172 670 2010 171 670 2011 186 670 2012 165 671 2013 164 671 2014 179 671 2015 165 672 2016 180 672 2017 181 672 2018 158 673 2019 173 673 2020 174 673 2021 167 674 2022 166 674 2023 181 674 2024 159 675 2025 174 675 2026 175 675 2027 167 676 2028 182 676 2029 183 676 2030 160 677 2031 175 677 2032 176 677 2033 169 678 2034 168 678 2035 183 678 2036 161 679 2037 176 679 2038 177 679 2039 182 680 2040 181 680 2041 196 680 2042 174 681 2043 189 681 2044 190 681 2045 182 682 2046 197 682 2047 198 682 2048 175 683 2049 190 683 2050 191 683 2051 184 684 2052 183 684 2053 198 684 2054 176 685 2055 191 685 2056 192 685 2057 185 686 2058 184 686 2059 199 686 2060 178 687 2061 177 687 2062 192 687 2063 186 688 2064 185 688 2065 200 688 2066 178 689 2067 193 689 2068 194 689 2069 187 690 2070 186 690 2071 201 690 2072 180 691 2073 179 691 2074 194 691 2075 180 692 2076 195 692 2077 196 692 2078 173 693 2079 188 693 2080 189 693 2081 201 694 2082 200 694 2083 215 694 2084 193 695 2085 208 695 2086 209 695 2087 202 696 2088 201 696 2089 216 696 2090 195 697 2091 194 697 2092 209 697 2093 195 698 2094 210 698 2095 211 698 2096 188 699 2097 203 699 2098 204 699 2099 197 700 2100 196 700 2101 211 700 2102 189 701 2103 204 701 2104 205 701 2105 197 702 2106 212 702 2107 213 702 2108 190 703 2109 205 703 2110 206 703 2111 199 704 2112 198 704 2113 213 704 2114 191 705 2115 206 705 2116 207 705 2117 200 706 2118 199 706 2119 214 706 2120 193 707 2121 192 707 2122 207 707 2123 204 708 2124 219 708 2125 220 708 2126 212 709 2127 227 709 2128 228 709 2129 205 710 2130 220 710 2131 221 710 2132 213 711 2133 228 711 2134 229 711 2135 206 712 2136 221 712 2137 222 712 2138 215 713 2139 214 713 2140 229 713 2141 208 714 2142 207 714 2143 222 714 2144 216 715 2145 215 715 2146 230 715 2147 208 716 2148 223 716 2149 224 716 2150 216 717 2151 231 717 2152 232 717 2153 210 718 2154 209 718 2155 224 718 2156 210 719 2157 225 719 2158 226 719 2159 204 720 2160 203 720 2161 218 720 2162 212 721 2163 211 721 2164 226 721 2165 223 722 2166 238 722 2167 239 722 2168 232 723 2169 231 723 2170 246 723 2171 225 724 2172 224 724 2173 239 724 2174 225 725 2175 240 725 2176 241 725 2177 218 726 2178 233 726 2179 234 726 2180 227 727 2181 226 727 2182 241 727 2183 219 728 2184 234 728 2185 235 728 2186 228 729 2187 227 729 2188 242 729 2189 220 730 2190 235 730 2191 236 730 2192 229 731 2193 228 731 2194 243 731 2195 221 732 2196 236 732 2197 237 732 2198 230 733 2199 229 733 2200 244 733 2201 222 734 2202 237 734 2203 238 734 2204 231 735 2205 230 735 2206 245 735 2207 242 736 2208 258 736 2209 259 736 2210 235 737 2211 251 737 2212 252 737 2213 243 738 2214 259 738 2215 260 738 2216 236 739 2217 252 739 2218 253 739 2219 245 740 2220 244 740 2221 260 740 2222 238 741 2223 237 741 2224 253 741 2225 245 742 2226 261 742 2227 262 742 2228 238 743 2229 254 743 2230 255 743 2231 246 744 2232 262 744 2233 263 744 2234 240 745 2235 239 745 2236 255 745 2237 240 746 2238 256 746 2239 257 746 2240 234 747 2241 233 747 2242 249 747 2243 242 748 2244 241 748 2245 257 748 2246 234 749 2247 250 749 2248 251 749 2249 263 750 2250 262 750 2251 277 750 2252 256 751 2253 255 751 2254 270 751 2255 256 752 2256 271 752 2257 272 752 2258 249 753 2259 264 753 2260 265 753 2261 258 754 2262 257 754 2263 272 754 2264 250 755 2265 265 755 2266 266 755 2267 259 756 2268 258 756 2269 273 756 2270 251 757 2271 266 757 2272 267 757 2273 260 758 2274 259 758 2275 274 758 2276 252 759 2277 267 759 2278 268 759 2279 261 760 2280 260 760 2281 275 760 2282 253 761 2283 268 761 2284 269 761 2285 262 762 2286 261 762 2287 276 762 2288 254 763 2289 269 763 2290 270 763 2291 266 764 2292 281 764 2293 282 764 2294 275 765 2295 274 765 2296 289 765 2297 267 766 2298 282 766 2299 283 766 2300 275 767 2301 290 767 2302 291 767 2303 269 768 2304 268 768 2305 283 768 2306 277 769 2307 276 769 2308 291 769 2309 269 770 2310 284 770 2311 285 770 2312 277 771 2313 292 771 2314 293 771 2315 271 772 2316 270 772 2317 285 772 2318 271 773 2319 286 773 2320 287 773 2321 265 774 2322 264 774 2323 279 774 2324 273 775 2325 272 775 2326 287 775 2327 265 776 2328 280 776 2329 281 776 2330 273 777 2331 288 777 2332 289 777 2333 286 778 2334 285 778 2335 300 778 2336 286 779 2337 301 779 2338 302 779 2339 279 780 2340 294 780 2341 295 780 2342 288 781 2343 287 781 2344 302 781 2345 280 782 2346 295 782 2347 296 782 2348 288 783 2349 303 783 2350 304 783 2351 282 784 2352 281 784 2353 296 784 2354 290 785 2355 289 785 2356 304 785 2357 282 786 2358 297 786 2359 298 786 2360 290 787 2361 305 787 2362 306 787 2363 284 788 2364 283 788 2365 298 788 2366 292 789 2367 291 789 2368 306 789 2369 284 790 2370 299 790 2371 300 790 2372 293 791 2373 292 791 2374 307 791 2375 305 792 2376 304 792 2377 320 792 2378 297 793 2379 313 793 2380 314 793 2381 305 794 2382 321 794 2383 322 794 2384 299 795 2385 298 795 2386 314 795 2387 307 796 2388 306 796 2389 322 796 2390 299 797 2391 315 797 2392 316 797 2393 308 798 2394 307 798 2395 323 798 2396 301 799 2397 300 799 2398 316 799 2399 301 800 2400 317 800 2401 318 800 2402 294 801 2403 310 801 2404 311 801 2405 303 802 2406 302 802 2407 318 802 2408 295 803 2409 311 803 2410 312 803 2411 303 804 2412 319 804 2413 320 804 2414 297 805 2415 296 805 2416 312 805 2417 317 806 2418 332 806 2419 333 806 2420 310 807 2421 325 807 2422 326 807 2423 319 808 2424 318 808 2425 333 808 2426 311 809 2427 326 809 2428 327 809 2429 319 810 2430 334 810 2431 335 810 2432 313 811 2433 312 811 2434 327 811 2435 321 812 2436 320 812 2437 335 812 2438 313 813 2439 328 813 2440 329 813 2441 321 814 2442 336 814 2443 337 814 2444 315 815 2445 314 815 2446 329 815 2447 323 816 2448 322 816 2449 337 816 2450 315 817 2451 330 817 2452 331 817 2453 324 818 2454 323 818 2455 338 818 2456 317 819 2457 316 819 2458 331 819 2459 336 820 2460 351 820 2461 352 820 2462 330 821 2463 329 821 2464 344 821 2465 338 822 2466 337 822 2467 352 822 2468 330 823 2469 345 823 2470 346 823 2471 338 824 2472 353 824 2473 354 824 2474 332 825 2475 331 825 2476 346 825 2477 332 826 2478 347 826 2479 348 826 2480 325 827 2481 340 827 2482 341 827 2483 334 828 2484 333 828 2485 348 828 2486 326 829 2487 341 829 2488 342 829 2489 334 830 2490 349 830 2491 350 830 2492 328 831 2493 327 831 2494 342 831 2495 336 832 2496 335 832 2497 350 832 2498 328 833 2499 343 833 2500 344 833 2501 340 834 2502 355 834 2503 356 834 2504 349 835 2505 348 835 2506 363 835 2507 341 836 2508 356 836 2509 357 836 2510 350 837 2511 349 837 2512 364 837 2513 342 838 2514 357 838 2515 358 838 2516 351 839 2517 350 839 2518 365 839 2519 343 840 2520 358 840 2521 359 840 2522 351 841 2523 366 841 2524 367 841 2525 344 842 2526 359 842 2527 360 842 2528 353 843 2529 352 843 2530 367 843 2531 345 844 2532 360 844 2533 361 844 2534 354 845 2535 353 845 2536 368 845 2537 347 846 2538 346 846 2539 361 846 2540 347 847 2541 362 847 2542 363 847 2543 360 848 2544 359 848 2545 374 848 2546 367 849 2547 382 849 2548 383 849 2549 360 850 2550 375 850 2551 376 850 2552 368 851 2553 383 851 2554 384 851 2555 362 852 2556 361 852 2557 376 852 2558 362 853 2559 377 853 2560 378 853 2561 356 854 2562 355 854 2563 370 854 2564 364 855 2565 363 855 2566 378 855 2567 357 856 2568 356 856 2569 371 856 2570 364 857 2571 379 857 2572 380 857 2573 358 858 2574 357 858 2575 372 858 2576 366 859 2577 365 859 2578 380 859 2579 358 860 2580 373 860 2581 374 860 2582 366 861 2583 381 861 2584 382 861 2585 379 862 2586 378 862 2587 393 862 2588 371 863 2589 386 863 2590 387 863 2591 380 864 2592 379 864 2593 394 864 2594 373 865 2595 372 865 2596 387 865 2597 381 866 2598 380 866 2599 395 866 2600 373 867 2601 388 867 2602 389 867 2603 381 868 2604 396 868 2605 397 868 2606 374 869 2607 389 869 2608 390 869 2609 383 870 2610 382 870 2611 397 870 2612 375 871 2613 390 871 2614 391 871 2615 383 872 2616 398 872 2617 399 872 2618 377 873 2619 376 873 2620 391 873 2621 377 874 2622 392 874 2623 393 874 2624 370 875 2625 385 875 2626 386 875 2627 398 876 2628 397 876 2629 412 876 2630 390 877 2631 405 877 2632 406 877 2633 398 878 2634 413 878 2635 414 878 2636 392 879 2637 391 879 2638 406 879 2639 392 880 2640 407 880 2641 408 880 2642 385 881 2643 400 881 2644 401 881 2645 394 882 2646 393 882 2647 408 882 2648 386 883 2649 401 883 2650 402 883 2651 394 884 2652 409 884 2653 410 884 2654 388 885 2655 387 885 2656 402 885 2657 396 886 2658 395 886 2659 410 886 2660 388 887 2661 403 887 2662 404 887 2663 396 888 2664 411 888 2665 412 888 2666 390 889 2667 389 889 2668 404 889 2669 401 890 2670 416 890 2671 417 890 2672 409 891 2673 424 891 2674 425 891 2675 403 892 2676 402 892 2677 417 892 2678 411 893 2679 410 893 2680 425 893 2681 403 894 2682 418 894 2683 419 894 2684 411 895 2685 426 895 2686 427 895 2687 405 896 2688 404 896 2689 419 896 2690 413 897 2691 412 897 2692 427 897 2693 405 898 2694 420 898 2695 421 898 2696 414 899 2697 413 899 2698 428 899 2699 407 900 2700 406 900 2701 421 900 2702 407 901 2703 422 901 2704 423 901 2705 400 902 2706 415 902 2707 416 902 2708 409 903 2709 408 903 2710 423 903 2711 420 904 2712 435 904 2713 436 904 2714 429 905 2715 428 905 2716 443 905 2717 422 906 2718 421 906 2719 436 906 2720 422 907 2721 437 907 2722 438 907 2723 415 908 2724 430 908 2725 431 908 2726 424 909 2727 423 909 2728 438 909 2729 417 910 2730 416 910 2731 431 910 2732 424 911 2733 439 911 2734 440 911 2735 418 912 2736 417 912 2737 432 912 2738 426 913 2739 425 913 2740 440 913 2741 418 914 2742 433 914 2743 434 914 2744 426 915 2745 441 915 2746 442 915 2747 420 916 2748 419 916 2749 434 916 2750 427 917 2751 442 917 2752 443 917 2753 439 918 2754 454 918 2755 455 918 2756 433 919 2757 432 919 2758 447 919 2759 441 920 2760 440 920 2761 455 920 2762 433 921 2763 448 921 2764 449 921 2765 441 922 2766 456 922 2767 457 922 2768 435 923 2769 434 923 2770 449 923 2771 442 924 2772 457 924 2773 458 924 2774 435 925 2775 450 925 2776 451 925 2777 443 926 2778 458 926 2779 459 926 2780 437 927 2781 436 927 2782 451 927 2783 437 928 2784 452 928 2785 453 928 2786 431 929 2787 430 929 2788 445 929 2789 439 930 2790 438 930 2791 453 930 2792 432 931 2793 431 931 2794 446 931 2795 458 932 2796 473 932 2797 474 932 2798 452 933 2799 451 933 2800 466 933 2801 452 934 2802 467 934 2803 468 934 2804 445 935 2805 460 935 2806 461 935 2807 454 936 2808 453 936 2809 468 936 2810 446 937 2811 461 937 2812 462 937 2813 454 938 2814 469 938 2815 470 938 2816 447 939 2817 462 939 2818 463 939 2819 456 940 2820 455 940 2821 470 940 2822 448 941 2823 463 941 2824 464 941 2825 456 942 2826 471 942 2827 472 942 2828 450 943 2829 449 943 2830 464 943 2831 458 944 2832 457 944 2833 472 944 2834 450 945 2835 465 945 2836 466 945 2837 470 946 2838 479 946 2839 6 946 2840 464 947 2841 463 947 2842 2 947 2843 471 948 2844 6 948 2845 7 948 2846 465 949 2847 464 949 2848 476 949 2849 472 950 2850 7 950 2851 480 950 2852 466 951 2853 465 951 2854 3 951 2855 474 952 2856 473 952 2857 480 952 2858 467 953 2859 466 953 2860 477 953 2861 467 954 2862 4 954 2863 5 954 2864 461 955 2865 460 955 2866 0 955 2867 468 956 2868 5 956 2869 478 956 2870 462 957 2871 461 957 2872 475 957 2873 469 958 2874 478 958 2875 479 958 2876 463 959 2877 462 959 2878 1 959 2879</p>
        </triangles>
      </mesh>
    </geometry>
    <geometry id="Cylinder-mesh" name="Cylinder">
      <mesh>
        <source id="Cylinder-mesh-positions">
          <float_array id="Cylinder-mesh-positions-array" count="60">0 0.03999996 -0.975 0 0.03999996 0.975 0.0235114 0.03236067 -0.975 0.0235114 0.03236067 0.975 0.03804224 0.01236063 -0.975 0.03804224 0.01236063 0.975 0.03804224 -0.01236063 -0.975 0.03804224 -0.01236063 0.975 0.0235114 -0.03236067 -0.975 0.0235114 -0.03236067 0.975 0 -0.03999996 -0.975 0 -0.03999996 0.975 -0.0235114 -0.03236067 -0.975 -0.0235114 -0.03236067 0.975 -0.03804224 -0.01236063 -0.975 -0.03804224 -0.01236063 0.975 -0.03804224 0.01236063 -0.975 -0.03804224 0.01236063 0.975 -0.0235114 0.03236067 -0.975 -0.0235114 0.03236067 0.975</float_array>
          <technique_common>
            <accessor source="#Cylinder-mesh-positions-array" count="20" stride="3">
              <param name="X" type="float"/>
              <param name="Y" type="float"/>
              <param name="Z" type="float"/>
            </accessor>
          </technique_common>
        </source>
        <source id="Cylinder-mesh-normals">
          <float_array id="Cylinder-mesh-normals-array" count="108">0.309017 0.9510565 0 0.809017 0.5877853 0 1 0 0 0.809017 -0.5877853 0 0.309017 -0.9510565 0 -0.309017 -0.9510565 0 -0.809017 -0.5877853 0 -1 0 0 0 0 1 -0.809017 0.5877853 0 -0.309017 0.9510565 0 0 0 -1 0.309017 0.9510565 0 0.809017 0.5877853 0 1 0 0 0.809017 -0.5877853 0 0.309017 -0.9510565 0 -0.309017 -0.9510565 0 -0.809017 -0.5877853 0 -1 0 0 0 0 1 0 0 1 0 0 1 0 0 1 0 0 1 0 0 1 0 0 1 -0.809017 0.5877853 0 -0.309017 0.9510565 0 0 0 -1 0 0 -1 0 0 -1 0 0 -1 0 0 -1 0 0 -1 0 0 -1</float_array>
          <technique_common>
            <accessor source="#Cylinder-mesh-normals-array" count="36" stride="3">
              <param name="X" type="float"/>
              <param name="Y" type="float"/>
              <param name="Z" type="float"/>
            </accessor>
          </technique_common>
        </source>
        <source id="Cylinder-mesh-map-0">
          <float_array id="Cylinder-mesh-map-0-array" count="216">1 1 0.9 0.5 1 0.5 0.9 1 0.8 0.5 0.9 0.5 0.8 1 0.6999999 0.5 0.8 0.5 0.6999999 1 0.5999999 0.5 0.6999999 0.5 0.5999999 1 0.4999999 0.5 0.5999999 0.5 0.4999999 1 0.3999999 0.5 0.4999999 0.5 0.3999999 1 0.2999999 0.5 0.3999999 0.5 0.2999999 1 0.1999999 0.5 0.2999999 0.5 0.02174639 0.3241641 0.3910685 0.0558359 0.4782536 0.3241641 0.1999999 1 0.0999999 0.5 0.1999999 0.5 0.0999999 1 0 0.5 0.0999999 0.5 0.9782536 0.1758359 0.5217464 0.1758359 0.6089316 0.4441641 1 1 0.9 1 0.9 0.5 0.9 1 0.8 1 0.8 0.5 0.8 1 0.6999999 1 0.6999999 0.5 0.6999999 1 0.5999999 1 0.5999999 0.5 0.5999999 1 0.4999999 1 0.4999999 0.5 0.4999999 1 0.3999999 1 0.3999999 0.5 0.3999999 1 0.2999999 1 0.2999999 0.5 0.2999999 1 0.1999999 1 0.1999999 0.5 0.4782536 0.3241641 0.3910685 0.4441641 0.25 0.49 0.25 0.49 0.1089315 0.4441641 0.02174639 0.3241641 0.02174639 0.3241641 0.02174639 0.1758359 0.1089315 0.0558359 0.1089315 0.0558359 0.25 0.00999999 0.02174639 0.3241641 0.25 0.00999999 0.3910685 0.0558359 0.02174639 0.3241641 0.3910685 0.0558359 0.4782536 0.1758359 0.4782536 0.3241641 0.4782536 0.3241641 0.25 0.49 0.02174639 0.3241641 0.1999999 1 0.0999999 1 0.0999999 0.5 0.0999999 1 0 1 0 0.5 0.6089316 0.4441641 0.75 0.49 0.9782536 0.1758359 0.75 0.49 0.8910685 0.4441641 0.9782536 0.1758359 0.8910685 0.4441641 0.9782536 0.3241641 0.9782536 0.1758359 0.9782536 0.1758359 0.8910685 0.0558359 0.75 0.00999999 0.75 0.00999999 0.6089316 0.0558359 0.5217464 0.1758359 0.5217464 0.1758359 0.5217464 0.3241641 0.6089316 0.4441641 0.9782536 0.1758359 0.75 0.00999999 0.5217464 0.1758359</float_array>
          <technique_common>
            <accessor source="#Cylinder-mesh-map-0-array" count="108" stride="2">
              <param name="S" type="float"/>
              <param name="T" type="float"/>
            </accessor>
          </technique_common>
        </source>
        <vertices id="Cylinder-mesh-vertices">
          <input semantic="POSITION" source="#Cylinder-mesh-positions"/>
        </vertices>
        <triangles material="CL_post-material" count="36">
          <input semantic="VERTEX" source="#Cylinder-mesh-vertices" offset="0"/>
          <input semantic="NORMAL" source="#Cylinder-mesh-normals" offset="1"/>
          <input semantic="TEXCOORD" source="#Cylinder-mesh-map-0" offset="2" set="0"/>
          <p>1 0 0 2 0 1 0 0 2 3 1 3 4 1 4 2 1 5 5 2 6 6 2 7 4 2 8 7 3 9 8 3 10 6 3 11 9 4 12 10 4 13 8 4 14 11 5 15 12 5 16 10 5 17 13 6 18 14 6 19 12 6 20 15 7 21 16 7 22 14 7 23 17 8 24 9 8 25 5 8 26 17 9 27 18 9 28 16 9 29 19 10 30 0 10 31 18 10 32 6 11 33 14 11 34 18 11 35 1 12 36 3 12 37 2 12 38 3 13 39 5 13 40 4 13 41 5 14 42 7 14 43 6 14 44 7 15 45 9 15 46 8 15 47 9 16 48 11 16 49 10 16 50 11 17 51 13 17 52 12 17 53 13 18 54 15 18 55 14 18 56 15 19 57 17 19 58 16 19 59 5 20 60 3 20 61 1 20 62 1 21 63 19 21 64 17 21 65 17 22 66 15 22 67 13 22 68 13 23 69 11 23 70 17 23 71 11 24 72 9 24 73 17 24 74 9 25 75 7 25 76 5 25 77 5 26 78 1 26 79 17 26 80 17 27 81 19 27 82 18 27 83 19 28 84 1 28 85 0 28 86 18 29 87 0 29 88 6 29 89 0 30 90 2 30 91 6 30 92 2 31 93 4 31 94 6 31 95 6 32 96 8 32 97 10 32 98 10 33 99 12 33 100 14 33 101 14 34 102 16 34 103 18 34 104 6 35 105 10 35 106 14 35 107</p>
        </triangles>
      </mesh>
    </geometry>
  </library_geometries>
  <library_visual_scenes>
    <visual_scene id="Scene" name="Scene">
      <node id="cl_root" name="cl_root" type="NODE">
        <matrix sid="transform">1 0 0 0 0 1 0 0 0 0 1 0 0 0 0 1</matrix>
        <node id="post_0" name="post_0" type="NODE">
          <matrix sid="transform">1 0 0 0.04 0 1 0 0 0 0 1 0.975 0 0 0 1</matrix>
          <instance_geometry url="#Cylinder-mesh" name="post_0">
            <bind_material>
              <technique_common>
                <instance_material symbol="CL_post-material" target="#CL_post-material">
                  <bind_vertex_input semantic="UVMap" input_semantic="TEXCOORD" input_set="0"/>
                </instance_material>
              </technique_common>
            </bind_material>
          </instance_geometry>
        </node>
        <node id="cap_0" name="cap_0" type="NODE">
          <matrix sid="transform">1 0 0 0.04 0 1 0 0 0 0 1 1.92 0 0 0 1</matrix>
          <instance_geometry url="#Sphere-mesh" name="cap_0">
            <bind_material>
              <technique_common>
                <instance_material symbol="CL_post-material" target="#CL_post-material">
                  <bind_vertex_input semantic="UVMap" input_semantic="TEXCOORD" input_set="0"/>
                </instance_material>
              </technique_common>
            </bind_material>
          </instance_geometry>
        </node>
        <node id="post_1" name="post_1" type="NODE">
          <matrix sid="transform">1 0 0 1.96 0 1 0 0 0 0 1 0.975 0 0 0 1</matrix>
          <instance_geometry url="#Cylinder_001-mesh" name="post_1">
            <bind_material>
              <technique_common>
                <instance_material symbol="CL_post-material" target="#CL_post-material">
                  <bind_vertex_input semantic="UVMap" input_semantic="TEXCOORD" input_set="0"/>
                </instance_material>
              </technique_common>
            </bind_material>
          </instance_geometry>
        </node>
        <node id="cap_1" name="cap_1" type="NODE">
          <matrix sid="transform">1 0 0 1.96 0 1 0 0 0 0 1 1.92 0 0 0 1</matrix>
          <instance_geometry url="#Sphere_001-mesh" name="cap_1">
            <bind_material>
              <technique_common>
                <instance_material symbol="CL_post-material" target="#CL_post-material">
                  <bind_vertex_input semantic="UVMap" input_semantic="TEXCOORD" input_set="0"/>
                </instance_material>
              </technique_common>
            </bind_material>
          </instance_geometry>
        </node>
        <node id="top_rail" name="top_rail" type="NODE">
          <matrix sid="transform">1 0 0 1 0 1 0 0 0 0 1 1.8 0 0 0 1</matrix>
          <instance_geometry url="#Cylinder_002-mesh" name="top_rail">
            <bind_material>
              <technique_common>
                <instance_material symbol="CL_post-material" target="#CL_post-material">
                  <bind_vertex_input semantic="UVMap" input_semantic="TEXCOORD" input_set="0"/>
                </instance_material>
              </technique_common>
            </bind_material>
          </instance_geometry>
        </node>
        <node id="mesh" name="mesh" type="NODE">
          <matrix sid="transform">1 0 0 1 0 1 0 0 0 0 1 0.9 0 0 0 1</matrix>
          <instance_geometry url="#Cube-mesh" name="mesh">
            <bind_material>
              <technique_common>
                <instance_material symbol="CL_mesh-material" target="#CL_mesh-material">
                  <bind_vertex_input semantic="UVMap" input_semantic="TEXCOORD" input_set="0"/>
                </instance_material>
              </technique_common>
            </bind_material>
          </instance_geometry>
        </node>
      </node>
    </visual_scene>
  </library_visual_scenes>
  <scene>
    <instance_visual_scene url="#Scene"/>
  </scene>
</COLLADA>