<?xml version="1.0" encoding="utf-8"?>
<COLLADA xmlns="http://www.collada.org/2005/11/COLLADASchema" version="1.4.1" xmlns:xsi="http://www.w3.org/2001/XMLSchema-instance">
  <asset>
    <contributor>
      <author>Blender User</author>
      <authoring_tool>Blender 4.2.9 LTS commit date:2025-04-14, commit time:12:24, hash:a10f621e649a</authoring_tool>
    </contributor>
    <created>2026-08-01T07:39:46</created>
    <modified>2026-08-01T07:39:46</modified>
    <unit name="meter" meter="1"/>
    <up_axis>Z_UP</up_axis>
  </asset>
  <library_effects>
    <effect id="CL_mesh-effect">
      <profile_COMMON>
        <newparam sid="chainlink_png-surface">
          <surface type="2D">
            <init_from>chainlink_png</init_from>
          </surface>
        </newparam>
        <newparam sid="chainlink_png-sampler">
          <sampler2D>
            <source>chainlink_png-surface</source>
          </sampler2D>
        </newparam>
        <technique sid="common">
          <lambert>
            <emission>
              <color sid="emission">0 0 0 1</color>
            </emission>
            <diffuse>
              <texture texture="chainlink_png-sampler" texcoord="UVMap"/>
            </diffuse>
            <reflectivity>
              <float sid="specular">0.6</float>
            </reflectivity>
            <index_of_refraction>
              <float sid="ior">1.5</float>
            </index_of_refraction>
          </lambert>
        </technique>
      </profile_COMMON>
    </effect>
    <effect id="CL_post-effect">
      <profile_COMMON>
        <newparam sid="fence_post_png-surface">
          <surface type="2D">
            <init_from>fence_post_png</init_from>
          </surface>
        </newparam>
        <newparam sid="fence_post_png-sampler">
          <sampler2D>
            <source>fence_post_png-surface</source>
          </sampler2D>
        </newparam>
        <technique sid="common">
          <lambert>
            <emission>
              <color sid="emission">0 0 0 1</color>
            </emission>
            <diffuse>
              <texture texture="fence_post_png-sampler" texcoord="UVMap"/>
            </diffuse>
            <reflectivity>
              <float sid="specular">0.7</float>
            </reflectivity>
            <index_of_refraction>
              <float sid="ior">1.5</float>
            </index_of_refraction>
          </lambert>
        </technique>
      </profile_COMMON>
    </effect>
  </library_effects>
  <library_images>
    <image id="chainlink_png" name="chainlink_png">
      <init_from>chainlink.png</init_from>
    </image>
    <image id="fence_post_png" name="fence_post_png">
      <init_from>fence_post.png</init_from>
    </image>
  </library_images>
  <library_materials>
    <material id="CL_mesh-material" name="CL_mesh">
      <instance_effect url="#CL_mesh-effect"/>
    </material>
    <material id="CL_post-material" name="CL_post">
      <instance_effect url="#CL_post-effect"/>
    </material>
  </library_materials>
  <library_geometries>
    <geometry id="Cube-mesh" name="Cube">
      <mesh>
        <source id="Cube-mesh-positions">
          <float_array id="Cube-mesh-positions-array" count="24">-1.42 -0.00999999 -0.828 -1.42 -0.00999999 0.828 -1.42 0.00999999 -0.828 -1.42 0.00999999 0.828 1.42 -0.00999999 -0.828 1.42 -0.00999999 0.828 1.42 0.00999999 -0.828 1.42 0.00999999 0.828</float_array>
          <technique_common>
            <accessor source="#Cube-mesh-positions-array" count="8" stride="3">
              <param name="X" type="float"/>
              <param name="Y" type="float"/>
              <param name="Z" type="float"/>
            </accessor>
          </technique_common>
        </source>
        <source id="Cube-mesh-normals">
          <float_array id="Cube-mesh-normals-array" count="36">-1 0 0 0 1 0 1 0 0 0 -1 0 0 0 -1 0 0 1 -1 0 0 0 1 0 1 0 0 0 -1 0 0 0 -1 0 0 1</float_array>
          <technique_common>
            <accessor source="#Cube-mesh-normals-array" count="12" stride="3">
              <param name="X" type="float"/>
              <param name="Y" type="float"/>
              <param name="Z" type="float"/>
            </accessor>
          </technique_common>
        </source>
        <source id="Cube-mesh-map-0">
          <float_array id="Cube-mesh-map-0-array" count="72">0.9912659 0.002979576 0.9970204 0.4794496 0.9912659 0.4794496 0.002979636 0.8201142 0.4794498 0.002979636 0.4794497 0.8201143 0.9912659 0.4854089 0.9970204 0.961879 0.9912659 0.961879 0.485409 0.8201142 0.9618791 0.002979636 0.961879 0.8201143 0.9735928 0.8201142 0.9678384 0.002979576 0.9735929 0.002979576 0.9853066 0.8201142 0.9795522 0.002979576 0.9853066 0.002979576 0.9912659 0.002979576 0.9970204 0.002979576 0.9970204 0.4794496 0.002979636 0.8201142 0.002979695 0.002979576 0.4794498 0.002979636 0.9912659 0.4854089 0.9970204 0.4854089 0.9970204 0.961879 0.485409 0.8201142 0.485409 0.002979576 0.9618791 0.002979636 0.9735928 0.8201142 0.9678384 0.8201142 0.9678384 0.002979576 0.9853066 0.8201142 0.9795521 0.8201142 0.9795522 0.002979576</float_array>
          <technique_common>
            <accessor source="#Cube-mesh-map-0-array" count="36" stride="2">
              <param name="S" type="float"/>
              <param name="T" type="float"/>
            </accessor>
          </technique_common>
        </source>
        <vertices id="Cube-mesh-vertices">
          <input semantic="POSITION" source="#Cube-mesh-positions"/>
        </vertices>
        <triangles material="CL_mesh-material" count="12">
          <input semantic="VERTEX" source="#Cube-mesh-vertices" offset="0"/>
          <input semantic="NORMAL" source="#Cube-mesh-normals" offset="1"/>
          <input semantic="TEXCOORD" source="#Cube-mesh-map-0" offset="2" set="0"/>
          <p>1 0 0 2 0 1 0 0 2 3 1 3 6 1 4 2 1 5 7 2 6 4 2 7 6 2 8 5 3 9 0 3 10 4 3 11 6 4 12 0 4 13 2 4 14 3 5 15 5 5 16 7 5 17 1 6 18 3 6 19 2 6 20 3 7 21 7 7 22 6 7 23 7 8 24 5 8 25 4 8 26 5 9 27 1 9 28 0 9 29 6 10 30 4 10 31 0 10 32 3 11 33 1 11 34 5 11 35</p>
        </triangles>
      </mesh>
    </geometry>
    <geometry id="Cylinder_002-mesh" name="Cylinder.002">
      <mesh>
        <source id="Cylinder_002-mesh-positions">
          <float_array id="Cylinder_002-mesh-positions-array" count="48">-1.46 0.02499997 0 1.46 0.02499997 0 -1.46 0.01767766 -0.0176776 1.46 0.01767766 -0.01767772 -1.46 0 -0.02499991 1.46 0 -0.02500003 -1.46 -0.01767766 -0.0176776 1.46 -0.01767766 -0.01767772 -1.46 -0.02499997 0 1.46 -0.02499997 0 -1.46 -0.01767766 0.01767772 1.46 -0.01767766 0.0176776 -1.46 0 0.02500003 1.46 0 0.02499991 -1.46 0.01767766 0.01767772 1.46 0.01767766 0.0176776</float_array>
          <technique_common>
            <accessor source="#Cylinder_002-mesh-positions-array" count="16" stride="3">
              <param name="X" type="float"/>
              <param name="Y" type="float"/>
              <param name="Z" type="float"/>
            </accessor>
          </technique_common>
        </source>
        <source id="Cylinder_002-mesh-normals">
          <float_array id="Cylinder_002-mesh-normals-array" count="84">0 0.9238796 -0.3826834 0 0.3826834 -0.9238796 0 -0.3826834 -0.9238796 0 -0.9238796 -0.3826834 0 -0.9238796 0.3826834 0 -0.3826834 0.9238796 1 0 0 0 0.3826834 0.9238796 0 0.9238796 0.3826834 -1 0 0 0 0.9238796 -0.3826834 0 0.3826834 -0.9238796 0 -0.3826834 -0.9238796 0 -0.9238796 -0.3826834 0 -0.9238796 0.3826834 0 -0.3826834 0.9238796 1 0 0 1 0 0 1 0 0 1 0 0 1 0 0 0 0.3826834 0.9238796 0 0.9238796 0.3826834 -1 0 0 -1 0 0 -1 0 0 -1 0 0 -1 0 0</float_array>
          <technique_common>
            <accessor source="#Cylinder_002-mesh-normals-array" count="28" stride="3">
              <param name="X" type="float"/>
              <param name="Y" type="float"/>
              <param name="Z" type="float"/>
            </accessor>
          </technique_common>
        </source>
        <source id="Cylinder_002-mesh-map-0">
          <float_array id="Cylinder_002-mesh-map-0-array" count="168">1 1 0.875 0.5 1 0.5 0.875 1 0.75 0.5 0.875 0.5 0.75 1 0.625 0.5 0.75 0.5 0.625 1 0.5 0.5 0.625 0.5 0.5 1 0.375 0.5 0.5 0.5 0.375 1 0.25 0.5 0.375 0.5 0.00999999 0.25 0.25 0.00999999 0.49 0.25 0.25 1 0.125 0.5 0.25 0.5 0.125 1 0 0.5 0.125 0.5 0.9197056 0.08029437 0.5802944 0.08029437 0.5802944 0.4197056 1 1 0.875 1 0.875 0.5 0.875 1 0.75 1 0.75 0.5 0.75 1 0.625 1 0.625 0.5 0.625 1 0.5 1 0.5 0.5 0.5 1 0.375 1 0.375 0.5 0.375 1 0.25 1 0.25 0.5 0.49 0.25 0.4197056 0.4197056 0.25 0.49 0.25 0.49 0.08029437 0.4197056 0.00999999 0.25 0.00999999 0.25 0.08029437 0.08029437 0.25 0.00999999 0.25 0.00999999 0.4197056 0.08029437 0.49 0.25 0.49 0.25 0.25 0.49 0.00999999 0.25 0.25 1 0.125 1 0.125 0.5 0.125 1 0 1 0 0.5 0.5802944 0.4197056 0.75 0.49 0.9197056 0.4197056 0.9197056 0.4197056 0.99 0.25 0.9197056 0.08029437 0.9197056 0.08029437 0.75 0.00999999 0.5802944 0.08029437 0.5802944 0.08029437 0.51 0.25 0.5802944 0.4197056 0.5802944 0.4197056 0.9197056 0.4197056 0.9197056 0.08029437</float_array>
          <technique_common>
            <accessor source="#Cylinder_002-mesh-map-0-array" count="84" stride="2">
              <param name="S" type="float"/>
              <param name="T" type="float"/>
            </accessor>
          </technique_common>
        </source>
        <vertices id="Cylinder_002-mesh-vertices">
          <input semantic="POSITION" source="#Cylinder_002-mesh-positions"/>
        </vertices>
        <triangles material="CL_post-material" count="28">
          <input semantic="VERTEX" source="#Cylinder_002-mesh-vertices" offset="0"/>
          <input semantic="NORMAL" source="#Cylinder_002-mesh-normals" offset="1"/>
          <input semantic="TEXCOORD" source="#Cylinder_002-mesh-map-0" offset="2" set="0"/>
          <p>1 0 0 2 0 1 0 0 2 3 1 3 4 1 4 2 1 5 5 2 6 6 2 7 4 2 8 7 3 9 8 3 10 6 3 11 9 4 12 10 4 13 8 4 14 11 5 15 12 5 16 10 5 17 13 6 18 9 6 19 5 6 20 13 7 21 14 7 22 12 7 23 15 8 24 0 8 25 14 8 26 6 9 27 10 9 28 14 9 29 1 10 30 3 10 31 2 10 32 3 11 33 5 11 34 4 11 35 5 12 36 7 12 37 6 12 38 7 13 39 9 13 40 8 13 41 9 14 42 11 14 43 10 14 44 11 15 45 13 15 46 12 15 47 5 16 48 3 16 49 1 16 50 1 17 51 15 17 52 13 17 53 13 18 54 11 18 55 9 18 56 9 19 57 7 19 58 5 19 59 5 20 60 1 20 61 13 20 62 13 21 63 15 21 64 14 21 65 15 22 66 1 22 67 0 22 68 14 23 69 0 23 70 2 23 71 2 24 72 4 24 73 6 24 74 6 25 75 8 25 76 10 25 77 10 26 78 12 26 79 14 26 80 14 27 81 2 27 82 6 27 83</p>
        </triangles>
      </mesh>
    </geometry>
    <geometry id="Sphere_001-mesh" name="Sphere.001">
      <mesh>
        <source id="Sphere_001-mesh-positions">
          <float_array id="Sphere_001-mesh-positions-array" count="1446">0 0.009364306 0.04707765 0 0.02666735 0.03991049 0 0.03394109 0.03394109 0 0.04434621 0.01836878 0 0.04799997 0 0 0.04707765 -0.009364306 0 0.03394109 -0.03394109 0 0.02666735 -0.03991049 0.001826882 0.00918436 0.04707765 0.00358355 0.0180158 0.04434621 0.005202531 0.02615493 0.03991049 0.006621539 0.03328895 0.03394109 0.007786154 0.03914362 0.02666735 0.008651494 0.0434941 0.01836878 0.00918436 0.04617309 0.009364306 0.009364306 0.04707765 0 0.00918436 0.04617309 -0.009364306 0.008651494 0.0434941 -0.01836878 0.007786154 0.03914362 -0.02666735 0.006621539 0.03328895 -0.03394109 0.005202531 0.02615493 -0.03991049 0.00358355 0.0180158 -0.04434621 0.001826882 0.00918436 -0.04707765 0.00358355 0.008651494 0.04707765 0.007029414 0.01697051 0.04434621 0.01020514 0.0246374 0.03991049 0.01298868 0.03135746 0.03394109 0.01527309 0.0368725 0.02666735 0.01697051 0.04097056 0.01836878 0.0180158 0.0434941 0.009364306 0.01836878 0.04434621 0 0.0180158 0.0434941 -0.009364306 0.01697051 0.04097056 -0.01836878 0.01527309 0.0368725 -0.02666735 0.01298868 0.03135746 -0.03394109 0.01020514 0.0246374 -0.03991049 0.007029414 0.01697051 -0.04434621 0.00358355 0.008651494 -0.04707765 0.005202531 0.007786154 0.04707765 0.01020514 0.01527309 0.04434621 0.01481556 0.0221731 0.03991049 0.01885664 0.02822101 0.03394109 0.0221731 0.03318434 0.02666735 0.0246374 0.0368725 0.01836878 0.02615493 0.03914362 0.009364306 0.02666735 0.03991049 0 0.02615493 0.03914362 -0.009364306 0.0246374 0.0368725 -0.01836878 0.0221731 0.03318434 -0.02666735 0.01885664 0.02822101 -0.03394109 0.01481556 0.0221731 -0.03991049 0.01020514 0.01527309 -0.04434621 0.005202531 0.007786154 -0.04707765 0.006621539 0.006621539 0.04707765 0.01298868 0.01298868 0.04434621 0.01885664 0.01885664 0.03991049 0.02399998 0.02399998 0.03394109 0.02822101 0.02822101 0.02666735 0.03135746 0.03135746 0.01836878 0.03328895 0.03328895 0.009364306 0.03394109 0.03394109 0 0.03328895 0.03328895 -0.009364306 0.03135746 0.03135746 -0.01836878 0.02822101 0.02822101 -0.02666735 0.02399998 0.02399998 -0.03394109 0.01885664 0.01885664 -0.03991049 0.01298868 0.01298868 -0.04434621 0.006621539 0.006621539 -0.04707765 0.007786154 0.005202531 0.04707765 0.01527309 0.01020514 0.04434621 0.0221731 0.01481556 0.03991049 0.02822101 0.01885664 0.03394109 0.03318434 0.0221731 0.02666735 0.0368725 0.0246374 0.01836878 0.03914362 0.02615493 0.009364306 0.03991049 0.02666735 0 0.03914362 0.02615493 -0.009364306 0.0368725 0.0246374 -0.01836878 0.03318434 0.0221731 -0.02666735 0.02822101 0.01885664 -0.03394109 0.0221731 0.01481556 -0.03991049 0.01527309 0.01020514 -0.04434621 0.007786154 0.005202531 -0.04707765 0.008651494 0.00358355 0.04707765 0.01697051 0.007029414 0.04434621 0.0246374 0.01020514 0.03991049 0.03135746 0.01298868 0.03394109 0.0368725 0.01527309 0.02666735 0.0409705 0.01697051 0.01836878 0.0434941 0.0180158 0.009364306 0.04434621 0.01836878 0 0.0434941 0.0180158 -0.009364306 0.0409705 0.01697051 -0.01836878 0.0368725 0.01527309 -0.02666735 0.03135746 0.01298868 -0.03394109 0.0246374 0.01020514 -0.03991049 0.01697051 0.007029414 -0.04434621 0.008651494 0.00358355 -0.04707765 0.00918436 0.001826882 0.04707765 0.0180158 0.00358355 0.04434621 0.02615493 0.005202531 0.03991049 0.03328889 0.006621539 0.03394109 0.03914362 0.007786154 0.02666735 0.0434941 0.008651494 0.01836878 0.04617309 0.00918436 0.009364306 0.04707765 0.009364306 0 0.04617309 0.00918436 -0.009364306 0.0434941 0.008651494 -0.01836878 0.03914362 0.007786154 -0.02666735 0.03328889 0.006621539 -0.03394109 0.02615493 0.005202531 -0.03991049 0.0180158 0.00358355 -0.04434621 0.00918436 0.001826882 -0.04707765 0.009364306 0 0.04707765 0.01836878 0 0.04434621 0.02666735 0 0.03991049 0.03394109 0 0.03394109 0.03991049 0 0.02666735 0.04434615 0 0.01836878 0.04707765 0 0.009364306 0.04799997 0 0 0.04707765 0 -0.009364306 0.04434615 0 -0.01836878 0.03991049 0 -0.02666735 0.03394109 0 -0.03394109 0.02666735 0 -0.03991049 0.01836878 0 -0.04434621 0.009364306 0 -0.04707765 0.00918436 -0.001826882 0.04707765 0.0180158 -0.00358355 0.04434621 0.02615493 -0.005202531 0.03991049 0.03328889 -0.006621539 0.03394109 0.03914362 -0.007786154 0.02666735 0.0434941 -0.008651494 0.01836878 0.04617309 -0.00918436 0.009364306 0.04707765 -0.009364306 0 0.04617309 -0.00918436 -0.009364306 0.0434941 -0.008651494 -0.01836878 0.03914362 -0.007786154 -0.02666735 0.03328889 -0.006621539 -0.03394109 0.02615493 -0.005202531 -0.03991049 0.0180158 -0.00358355 -0.04434621 0.00918436 -0.001826882 -0.04707765 0.008651494 -0.00358355 0.04707765 0.01697051 -0.007029414 0.04434621 0.0246374 -0.01020514 0.03991049 0.03135746 -0.01298868 0.03394109 0.0368725 -0.01527309 0.02666735 0.0409705 -0.01697051 0.01836878 0.0434941 -0.0180158 0.009364306 0.04434615 -0.01836878 0 0.0434941 -0.0180158 -0.009364306 0.0409705 -0.01697051 -0.01836878 0.0368725 -0.01527309 -0.02666735 0.03135746 -0.01298868 -0.03394109 0.0246374 -0.01020514 -0.03991049 0.01697051 -0.007029414 -0.04434621 0.008651494 -0.00358355 -0.04707765 0.007786154 -0.005202531 0.04707765 0.01527309 -0.01020514 0.04434621 0.0221731 -0.01481556 0.03991049 0.02822095 -0.01885664 0.03394109 0.03318434 -0.0221731 0.02666735 0.0368725 -0.0246374 0.01836878 0.03914362 -0.02615493 0.009364306 0.03991049 -0.02666735 0 0.03914362 -0.02615493 -0.009364306 0.0368725 -0.0246374 -0.01836878 0.03318434 -0.0221731 -0.02666735 0.02822095 -0.01885664 -0.03394109 0.0221731 -0.01481556 -0.03991049 0.01527309 -0.01020514 -0.04434621 0.007786154 -0.005202531 -0.04707765 0.006621539 -0.006621539 0.04707765 0.01298868 -0.01298868 0.04434621 0.01885664 -0.01885664 0.03991049 0.02399998 -0.02399998 0.03394109 0.02822095 -0.02822101 0.02666735 0.03135746 -0.03135746 0.01836878 0.03328889 -0.03328889 0.009364306 0.03394109 -0.03394109 0 0.03328889 -0.03328889 -0.009364306 0.03135746 -0.03135746 -0.01836878 0.02822095 -0.02822101 -0.02666735 0.02399998 -0.02399998 -0.03394109 0.01885664 -0.01885664 -0.03991049 0.01298868 -0.01298868 -0.04434621 0.006621539 -0.006621539 -0.04707765 0.005202531 -0.007786154 0.04707765 0.01020514 -0.01527309 0.04434621 0.01481556 -0.0221731 0.03991049 0.01885664 -0.02822095 0.03394109 0.02217304 -0.03318434 0.02666735 0.0246374 -0.0368725 0.01836878 0.02615493 -0.03914362 0.009364306 0.02666735 -0.03991049 0 0.02615493 -0.03914362 -0.009364306 0.0246374 -0.0368725 -0.01836878 0.02217304 -0.03318434 -0.02666735 0.01885664 -0.02822095 -0.03394109 0.01481556 -0.0221731 -0.03991049 0.01020514 -0.01527309 -0.04434621 0.005202531 -0.007786154 -0.04707765 0.00358355 -0.008651494 0.04707765 0.007029414 -0.01697051 0.04434621 0.01020514 -0.0246374 0.03991049 0.01298868 -0.03135746 0.03394109 0.01527309 -0.0368725 0.02666735 0.01697051 -0.0409705 0.01836878 0.0180158 -0.0434941 0.009364306 0.01836878 -0.04434615 0 0.0180158 -0.0434941 -0.009364306 0.01697051 -0.0409705 -0.01836878 0.01527309 -0.0368725 -0.02666735 0.01298868 -0.03135746 -0.03394109 0.01020514 -0.0246374 -0.03991049 0.007029414 -0.01697051 -0.04434621 0.00358355 -0.008651494 -0.04707765 0.001826882 -0.00918436 0.04707765 0.00358355 -0.0180158 0.04434621 0.005202531 -0.02615493 0.03991049 0.006621539 -0.03328889 0.03394109 0.007786095 -0.03914362 0.02666735 0.008651494 -0.04349404 0.01836878 0.00918436 -0.04617309 0.009364306 0.009364306 -0.04707765 0 0.00918436 -0.04617309 -0.009364306 0.008651494 -0.04349404 -0.01836878 0.007786095 -0.03914362 -0.02666735 0.006621539 -0.03328889 -0.03394109 0.005202531 -0.02615493 -0.03991049 0.00358355 -0.0180158 -0.04434621 0.001826882 -0.00918436 -0.04707765 0 -0.009364306 0.04707765 0 -0.01836878 0.04434621 0 -0.02666735 0.03991049 0 -0.03394109 0.03394109 0 -0.03991049 0.02666735 0 -0.04434615 0.01836878 0 -0.04707765 0.009364306 0 -0.04799997 0 0 -0.04707765 -0.009364306 0 -0.04434615 -0.01836878 0 -0.03991049 -0.02666735 0 -0.03394109 -0.03394109 0 -0.02666735 -0.03991049 0 -0.01836878 -0.04434621 0 -0.009364306 -0.04707765 0 0 -0.04799997 -0.001826882 -0.00918436 0.04707765 -0.00358355 -0.0180158 0.04434621 -0.005202531 -0.02615493 0.03991049 -0.006621539 -0.03328889 0.03394109 -0.007786154 -0.03914362 0.02666735 -0.008651494 -0.04349404 0.01836878 -0.00918436 -0.04617303 0.009364306 -0.009364306 -0.04707765 0 -0.00918436 -0.04617303 -0.009364306 -0.008651494 -0.04349404 -0.01836878 -0.007786154 -0.03914362 -0.02666735 -0.006621539 -0.03328889 -0.03394109 -0.005202531 -0.02615493 -0.03991049 -0.00358355 -0.0180158 -0.04434621 -0.001826882 -0.00918436 -0.04707765 -0.00358355 -0.008651494 0.04707765 -0.007029414 -0.01697051 0.04434621 -0.01020514 -0.0246374 0.03991049 -0.01298868 -0.03135746 0.03394109 -0.01527309 -0.0368725 0.02666735 -0.01697051 -0.0409705 0.01836878 -0.0180158 -0.04349404 0.009364306 -0.01836878 -0.04434615 0 -0.0180158 -0.04349404 -0.009364306 -0.01697051 -0.0409705 -0.01836878 -0.01527309 -0.0368725 -0.02666735 -0.01298868 -0.03135746 -0.03394109 -0.01020514 -0.0246374 -0.03991049 -0.007029414 -0.01697051 -0.04434621 -0.00358355 -0.008651494 -0.04707765 -0.005202531 -0.007786154 0.04707765 -0.01020514 -0.01527303 0.04434621 -0.01481556 -0.02217304 0.03991049 -0.01885664 -0.02822095 0.03394109 -0.0221731 -0.03318434 0.02666735 -0.0246374 -0.0368725 0.01836878 -0.02615493 -0.03914362 0.009364306 -0.02666735 -0.03991049 0 -0.02615493 -0.03914362 -0.009364306 -0.0246374 -0.0368725 -0.01836878 -0.0221731 -0.03318434 -0.02666735 -0.01885664 -0.02822095 -0.03394109 -0.01481556 -0.02217304 -0.03991049 -0.01020514 -0.01527303 -0.04434621 -0.005202531 -0.007786154 -0.04707765 -0.006621539 -0.006621539 0.04707765 -0.01298868 -0.01298868 0.04434621 -0.01885664 -0.01885664 0.03991049 -0.02399998 -0.02399992 0.03394109 -0.02822095 -0.02822095 0.02666735 -0.03135746 -0.03135746 0.01836878 -0.03328889 -0.03328889 0.009364306 -0.03394109 -0.03394109 0 -0.03328889 -0.03328889 -0.009364306 -0.03135746 -0.03135746 -0.01836878 -0.02822095 -0.02822095 -0.02666735 -0.02399998 -0.02399992 -0.03394109 -0.01885664 -0.01885664 -0.03991049 -0.01298868 -0.01298868 -0.04434621 -0.006621539 -0.006621539 -0.04707765 0 0 0.04799997 -0.007786154 -0.005202531 0.04707765 -0.01527309 -0.01020514 0.04434621 -0.0221731 -0.01481556 0.03991049 -0.02822095 -0.01885664 0.03394109 -0.03318434 -0.02217304 0.02666735 -0.0368725 -0.0246374 0.01836878 -0.03914362 -0.02615493 0.009364306 -0.03991049 -0.02666729 0 -0.03914362 -0.02615493 -0.009364306 -0.0368725 -0.0246374 -0.01836878 -0.03318434 -0.02217304 -0.02666735 -0.02822095 -0.01885664 -0.03394109 -0.0221731 -0.01481556 -0.03991049 -0.01527309 -0.01020514 -0.04434621 -0.007786154 -0.005202531 -0.04707765 -0.008651494 -0.00358355 0.04707765 -0.01697051 -0.007029414 0.04434621 -0.0246374 -0.01020514 0.03991049 -0.03135746 -0.01298868 0.03394109 -0.0368725 -0.01527309 0.02666735 -0.0409705 -0.01697051 0.01836878 -0.04349404 -0.0180158 0.009364306 -0.04434615 -0.01836878 0 -0.04349404 -0.0180158 -0.009364306 -0.0409705 -0.01697051 -0.01836878 -0.0368725 -0.01527309 -0.02666735 -0.03135746 -0.01298868 -0.03394109 -0.0246374 -0.01020514 -0.03991049 -0.01697051 -0.007029414 -0.04434621 -0.008651494 -0.00358355 -0.04707765 -0.00918436 -0.001826882 0.04707765 -0.0180158 -0.00358355 0.04434621 -0.02615493 -0.005202531 0.03991049 -0.03328889 -0.006621539 0.03394109 -0.03914362 -0.007786095 0.02666735 -0.04349404 -0.008651494 0.01836878 -0.04617303 -0.00918436 0.009364306 -0.04707765 -0.009364306 0 -0.04617303 -0.00918436 -0.009364306 -0.04349404 -0.008651494 -0.01836878 -0.03914362 -0.007786095 -0.02666735 -0.03328889 -0.006621539 -0.03394109 -0.02615493 -0.005202531 -0.03991049 -0.0180158 -0.00358355 -0.04434621 -0.00918436 -0.001826882 -0.04707765 -0.009364306 0 0.04707765 -0.01836878 0 0.04434621 -0.02666735 0 0.03991049 -0.03394109 0 0.03394109 -0.03991049 0 0.02666735 -0.04434615 0 0.01836878 -0.04707765 0 0.009364306 -0.04799997 0 0 -0.04707765 0 -0.009364306 -0.04434615 0 -0.01836878 -0.03991049 0 -0.02666735 -0.03394109 0 -0.03394109 -0.02666735 0 -0.03991049 -0.01836878 0 -0.04434621 -0.009364306 0 -0.04707765 -0.00918436 0.001826882 0.04707765 -0.0180158 0.00358355 0.04434621 -0.02615493 0.005202531 0.03991049 -0.03328889 0.006621539 0.03394109 -0.03914362 0.007786154 0.02666735 -0.04349404 0.008651494 0.01836878 -0.04617303 0.00918436 0.009364306 -0.04707765 0.009364306 0 -0.04617303 0.00918436 -0.009364306 -0.04349404 0.008651494 -0.01836878 -0.03914362 0.007786154 -0.02666735 -0.03328889 0.006621539 -0.03394109 -0.02615493 0.005202531 -0.03991049 -0.0180158 0.00358355 -0.04434621 -0.00918436 0.001826882 -0.04707765 -0.008651494 0.00358355 0.04707765 -0.01697051 0.007029414 0.04434621 -0.0246374 0.01020514 0.03991049 -0.03135746 0.01298868 0.03394109 -0.0368725 0.01527309 0.02666735 -0.0409705 0.01697051 0.01836878 -0.04349404 0.0180158 0.009364306 -0.04434615 0.01836878 0 -0.04349404 0.0180158 -0.009364306 -0.0409705 0.01697051 -0.01836878 -0.0368725 0.01527309 -0.02666735 -0.03135746 0.01298868 -0.03394109 -0.0246374 0.01020514 -0.03991049 -0.01697051 0.007029414 -0.04434621 -0.008651494 0.00358355 -0.04707765 -0.007786095 0.005202531 0.04707765 -0.01527303 0.01020514 0.04434621 -0.02217304 0.01481556 0.03991049 -0.02822095 0.01885664 0.03394109 -0.03318434 0.02217304 0.02666735 -0.03687244 0.0246374 0.01836878 -0.03914362 0.02615493 0.009364306 -0.03991049 0.02666735 0 -0.03914362 0.02615493 -0.009364306 -0.03687244 0.0246374 -0.01836878 -0.03318434 0.02217304 -0.02666735 -0.02822095 0.01885664 -0.03394109 -0.02217304 0.01481556 -0.03991049 -0.01527303 0.01020514 -0.04434621 -0.007786095 0.005202531 -0.04707765 -0.006621539 0.006621539 0.04707765 -0.01298868 0.01298868 0.04434621 -0.01885664 0.01885664 0.03991049 -0.02399992 0.02399992 0.03394109 -0.02822095 0.02822095 0.02666735 -0.03135746 0.03135746 0.01836878 -0.03328889 0.03328889 0.009364306 -0.03394109 0.03394109 0 -0.03328889 0.03328889 -0.009364306 -0.03135746 0.03135746 -0.01836878 -0.02822095 0.02822095 -0.02666735 -0.02399992 0.02399992 -0.03394109 -0.01885664 0.01885664 -0.03991049 -0.01298868 0.01298868 -0.04434621 -0.006621539 0.006621539 -0.04707765 -0.005202531 0.007786154 0.04707765 -0.01020514 0.01527309 0.04434621 -0.01481556 0.0221731 0.03991049 -0.01885664 0.02822095 0.03394109 -0.02217304 0.03318434 0.02666735 -0.0246374 0.0368725 0.01836878 -0.02615493 0.03914362 0.009364306 -0.02666729 0.03991049 0 -0.02615493 0.03914362 -0.009364306 -0.0246374 0.0368725 -0.01836878 -0.02217304 0.03318434 -0.02666735 -0.01885664 0.02822095 -0.03394109 -0.01481556 0.0221731 -0.03991049 -0.01020514 0.01527309 -0.04434621 -0.005202531 0.007786154 -0.04707765 -0.00358355 0.008651494 0.04707765 -0.007029414 0.01697051 0.04434621 -0.01020514 0.0246374 0.03991049 -0.01298868 0.03135746 0.03394109 -0.01527309 0.0368725 0.02666735 -0.01697051 0.0409705 0.01836878 -0.0180158 0.04349404 0.009364306 -0.01836878 0.04434615 0 -0.0180158 0.04349404 -0.009364306 -0.01697051 0.0409705 -0.01836878 -0.01527309 0.0368725 -0.02666735 -0.01298868 0.03135746 -0.03394109 -0.01020514 0.0246374 -0.03991049 -0.007029414 0.01697051 -0.04434621 -0.00358355 0.008651494 -0.04707765 -0.001826882 0.00918436 0.04707765 -0.00358355 0.0180158 0.04434621 -0.005202531 0.02615493 0.03991049 -0.006621539 0.03328889 0.03394109 -0.007786095 0.03914362 0.02666735 -0.008651494 0.04349404 0.01836878 -0.00918436 0.04617303 0.009364306 -0.009364306 0.04707765 0 -0.00918436 0.04617303 -0.009364306 -0.008651494 0.04349404 -0.01836878 -0.007786095 0.03914362 -0.02666735 -0.006621539 0.03328889 -0.03394109 -0.005202531 0.02615493 -0.03991049 -0.00358355 0.0180158 -0.04434621 -0.001826882 0.00918436 -0.04707765 0 0.01836878 0.04434621 0 0.03991049 0.02666735 0 0.04707759 0.009364306 0 0.04434615 -0.01836878 0 0.03991049 -0.02666735 0 0.01836878 -0.04434621 0 0.009364306 -0.04707765</float_array>
          <technique_common>
            <accessor source="#Sphere_001-mesh-positions-array" count="482" stride="3">
              <param name="X" type="float"/>
              <param name="Y" type="float"/>
              <param name="Z" type="float"/>
            </accessor>
          </technique_common>
        </source>
        <source id="Sphere_001-mesh-normals">
          <float_array id="Sphere_001-mesh-normals-array" count="2880">0.09382975 0.9527187 0.2890036 0.02857762 0.2901664 -0.9565495 0.09754967 0.9904379 0.0975548 0.009653449 0.09801262 0.9951384 0.009652972 0.09801274 -0.9951384 0.09754979 0.9904383 -0.09754973 0.0285775 0.2901664 0.9565495 0.09383058 0.9527186 -0.2890036 0.04637855 0.4708896 0.8809723 0.08653295 0.8786136 -0.4696278 0.06236088 0.6331587 0.7715058 0.07591557 0.7707809 -0.6325611 0.07591259 0.7707799 0.6325628 0.06236064 0.6331588 -0.7715057 0.08653581 0.8786129 0.4696285 0.04637622 0.4708889 -0.8809727 0.2562821 0.8448482 0.4696285 0.1373536 0.4527934 -0.8809722 0.2778975 0.9161058 0.2890037 0.08463835 0.2790151 -0.9565495 0.2889002 0.9523763 0.09754973 0.02858924 0.09424608 0.9951384 0.02858924 0.09424608 -0.9951384 0.2889001 0.9523764 -0.09754979 0.08463841 0.2790151 0.9565494 0.2778978 0.9161056 -0.2890039 0.1373534 0.4527935 0.8809722 0.2562822 0.8448482 -0.4696286 0.1846858 0.6088269 0.7715057 0.2248284 0.7411589 -0.6325629 0.2248283 0.7411589 0.6325629 0.1846857 0.6088269 -0.7715056 0.4512814 0.8442878 -0.2890039 0.2230498 0.4172969 0.8809723 0.4161796 0.7786162 -0.4696289 0.2999133 0.5610981 0.7715056 0.3651012 0.6830561 -0.6325627 0.3651014 0.6830558 0.6325629 0.2999132 0.5610982 -0.7715056 0.4161794 0.7786166 0.4696286 0.2230499 0.4172968 -0.8809723 0.4512814 0.8442878 0.2890039 0.1374453 0.2571419 -0.9565495 0.4691486 0.8777151 0.09754979 0.04642635 0.08685767 0.9951384 0.04642635 0.08685767 -0.9951383 0.4691486 0.8777149 -0.09754973 0.1374453 0.2571418 0.9565494 0.3001747 0.3657636 -0.8809722 0.6073225 0.7400245 0.2890038 0.1849702 0.2253867 -0.9565495 0.6313675 0.7693238 0.09754997 0.06247943 0.07613134 0.9951384 0.06247943 0.07613134 -0.9951383 0.6313677 0.7693237 -0.09754985 0.1849702 0.2253867 0.9565494 0.6073227 0.7400242 -0.2890042 0.3001746 0.3657637 0.8809723 0.560083 0.6824632 -0.4696285 0.4036153 0.4918066 0.7715056 0.4913435 0.5987036 -0.6325626 0.4913434 0.5987037 0.6325627 0.4036153 0.4918066 -0.7715056 0.5600833 0.6824628 0.4696288 0.3657637 0.3001745 0.8809723 0.6824632 0.560083 -0.4696285 0.4918067 0.4036152 0.7715055 0.5987037 0.4913433 -0.6325627 0.5987037 0.4913434 0.6325628 0.4918066 0.4036153 -0.7715057 0.6824633 0.560083 0.4696284 0.3657637 0.3001744 -0.8809723 0.7400245 0.6073222 0.2890041 0.2253868 0.1849702 -0.9565495 0.769324 0.6313673 0.09754967 0.0761314 0.06247943 0.9951384 0.0761314 0.06247937 -0.9951384 0.7693238 0.6313676 -0.09755009 0.2253868 0.1849701 0.9565494 0.7400245 0.6073223 -0.2890041 0.8442878 0.4512813 0.289004 0.257142 0.1374452 -0.9565495 0.8777152 0.4691482 0.09754943 0.08685767 0.04642635 0.9951384 0.08685767 0.04642635 -0.9951384 0.8777151 0.4691486 -0.09754979 0.257142 0.1374452 0.9565494 0.8442879 0.4512809 -0.2890043 0.4172968 0.2230497 0.8809723 0.7786167 0.4161794 -0.4696285 0.5610982 0.2999132 0.7715057 0.6830561 0.365101 -0.6325627 0.683056 0.3651011 0.6325629 0.5610982 0.2999132 -0.7715056 0.7786169 0.4161791 0.4696282 0.4172968 0.2230498 -0.8809723 0.8448486 0.2562814 -0.4696282 0.6088271 0.1846855 0.7715056 0.7411592 0.224828 -0.6325626 0.7411591 0.2248277 0.6325629 0.6088271 0.1846854 -0.7715057 0.8448484 0.2562817 0.4696284 0.4527935 0.1373531 -0.8809723 0.9161057 0.2778975 0.2890042 0.2790153 0.08463829 -0.9565495 0.9523764 0.2889002 0.09754967 0.09424608 0.02858918 0.9951383 0.09424608 0.02858918 -0.9951384 0.9523764 0.2889001 -0.09754955 0.2790153 0.08463817 0.9565494 0.9161056 0.2778974 -0.2890043 0.4527934 0.1373532 0.8809723 0.2901663 0.02857881 -0.9565495 0.9904384 0.09754931 0.09754967 0.09801268 0.009653389 0.9951384 0.09801268 0.009653329 -0.9951384 0.9904384 0.09754937 -0.09754973 0.2901662 0.02857863 0.9565494 0.952718 0.09383416 -0.2890043 0.4708894 0.04637855 0.8809723 0.878613 0.08653539 -0.4696285 0.6331589 0.06236058 0.7715056 0.7707798 0.07591497 -0.6325625 0.7707798 0.0759148 0.6325626 0.633159 0.0623607 -0.7715055 0.8786129 0.08653551 0.4696286 0.4708893 0.04637819 -0.8809724 0.952718 0.09383428 0.2890042 0.7707798 -0.07591545 -0.6325625 0.7707799 -0.07591515 0.6325625 0.6331591 -0.0623607 -0.7715055 0.8786128 -0.08653587 0.4696286 0.4708892 -0.04637867 -0.8809725 0.952718 -0.09383469 0.2890042 0.2901662 -0.02857893 -0.9565494 0.9904384 -0.09754973 0.09754985 0.09801268 -0.009653389 0.9951383 0.09801268 -0.009653389 -0.9951383 0.9904384 -0.09754985 -0.09754973 0.2901662 -0.02857893 0.9565494 0.952718 -0.09383457 -0.289004 0.4708893 -0.04637855 0.8809724 0.8786128 -0.08653581 -0.4696285 0.633159 -0.06236094 0.7715056 0.09424608 -0.0285893 0.9951383 0.09424608 -0.02858924 -0.9951383 0.9523764 -0.2889002 -0.09754991 0.2790153 -0.08463853 0.9565494 0.9161055 -0.2778978 -0.2890042 0.4527933 -0.1373534 0.8809724 0.8448482 -0.2562823 -0.4696286 0.6088271 -0.184686 0.7715054 0.7411589 -0.2248284 -0.6325627 0.741159 -0.2248284 0.6325626 0.6088272 -0.1846858 -0.7715054 0.8448481 -0.2562821 0.4696286 0.4527931 -0.1373536 -0.8809725 0.9161057 -0.2778976 0.289004 0.2790153 -0.08463847 -0.9565494 0.9523762 -0.2889007 0.09754943 0.683056 -0.3651013 0.6325626 0.5610983 -0.2999135 -0.7715054 0.7786164 -0.4161794 0.4696287 0.4172964 -0.2230499 -0.8809725 0.8442878 -0.4512814 0.289004 0.2571421 -0.1374454 -0.9565494 0.877715 -0.4691487 0.09754949 0.08685767 -0.04642641 0.9951384 0.08685767 -0.04642641 -0.9951384 0.8777149 -0.4691486 -0.09754955 0.257142 -0.1374455 0.9565494 0.8442876 -0.4512814 -0.2890041 0.4172965 -0.2230498 0.8809725 0.7786164 -0.4161795 -0.4696287 0.5610983 -0.2999135 0.7715054 0.683056 -0.3651013 -0.6325626 0.7693236 -0.6313678 -0.09754955 0.2253868 -0.1849703 0.9565494 0.7400243 -0.6073225 -0.289004 0.3657634 -0.3001745 0.8809724 0.682463 -0.560083 -0.4696288 0.4918069 -0.4036155 0.7715054 0.5987037 -0.4913434 -0.6325625 0.5987037 -0.4913436 0.6325626 0.4918068 -0.4036156 -0.7715054 0.6824629 -0.5600831 0.4696288 0.3657634 -0.3001745 -0.8809724 0.7400245 -0.6073225 0.289004 0.2253869 -0.1849703 -0.9565494 0.7693235 -0.6313679 0.09754937 0.0761314 -0.06247943 0.9951383 0.0761314 -0.06247943 -0.9951384 0.4036154 -0.4918069 -0.7715054 0.5600827 -0.6824634 0.4696287 0.3001741 -0.3657636 -0.8809725 0.6073222 -0.7400247 0.2890038 0.1849702 -0.225387 -0.9565494 0.6313674 -0.769324 0.09754943 0.06247943 -0.0761314 0.9951383 0.06247937 -0.07613146 -0.9951384 0.6313674 -0.769324 -0.09754949 0.1849702 -0.225387 0.9565495 0.607322 -0.7400248 -0.2890039 0.3001743 -0.3657636 0.8809724 0.5600829 -0.6824632 -0.4696289 0.4036152 -0.4918069 0.7715054 0.4913433 -0.5987039 -0.6325626 0.4913433 -0.5987039 0.6325625 0.1374452 -0.2571422 0.9565494 0.4512807 -0.8442881 -0.2890041 0.2230495 -0.4172967 0.8809725 0.4161791 -0.7786167 -0.4696287 0.2999132 -0.5610985 0.7715054 0.3651009 -0.6830562 -0.6325627 0.365101 -0.6830563 0.6325626 0.2999132 -0.5610985 -0.7715054 0.4161788 -0.7786169 0.4696285 0.2230494 -0.4172967 -0.8809725 0.4512811 -0.8442879 0.2890038 0.1374453 -0.2571421 -0.9565494 0.4691483 -0.8777152 0.09754961 0.04642635 -0.08685773 0.9951384 0.04642641 -0.08685773 -0.9951383 0.4691483 -0.8777152 -0.09754961 0.2562815 -0.8448486 0.4696282 0.1373534 -0.4527933 -0.8809724 0.2778976 -0.9161057 0.2890039 0.08463835 -0.2790155 -0.9565494 0.2888999 -0.9523765 0.09754949 0.02858924 -0.09424608 0.9951384 0.02858918 -0.09424608 -0.9951384 0.2889001 -0.9523764 -0.09754979 0.08463835 -0.2790154 0.9565494 0.2778971 -0.9161058 -0.2890043 0.1373531 -0.4527932 0.8809724 0.2562819 -0.8448483 -0.4696285 0.1846857 -0.6088273 0.7715055 0.2248281 -0.7411592 -0.6325626 0.2248281 -0.7411592 0.6325626 0.1846855 -0.6088272 -0.7715055 0.09383422 -0.952718 -0.2890043 0.04637837 -0.4708893 0.8809724 0.08653539 -0.8786131 -0.4696283 0.06236028 -0.6331592 0.7715055 0.07591462 -0.7707797 -0.6325628 0.0759148 -0.7707798 0.6325627 0.06236052 -0.6331593 -0.7715054 0.08653551 -0.8786131 0.4696282 0.04637825 -0.4708892 -0.8809724 0.09383434 -0.9527181 0.2890042 0.02857869 -0.2901664 -0.9565494 0.09754937 -0.9904384 0.09754961 0.009653329 -0.09801268 0.9951384 0.009653329 -0.09801268 -0.9951384 0.09754943 -0.9904384 -0.09754973 0.02857869 -0.2901664 0.9565494 -0.04637849 -0.4708892 -0.8809724 -0.09383469 -0.952718 0.2890042 -0.02857893 -0.2901664 -0.9565494 -0.09754973 -0.9904384 0.09754991 -0.009653389 -0.09801268 0.9951383 -0.009653389 -0.09801268 -0.9951383 -0.09754985 -0.9904383 -0.09754979 -0.02857887 -0.2901664 0.9565494 -0.09383463 -0.9527181 -0.289004 -0.04637855 -0.4708893 0.8809725 -0.08653581 -0.878613 -0.4696282 -0.062361 -0.6331592 0.7715053 -0.07591545 -0.7707796 -0.6325627 -0.07591515 -0.7707797 0.6325628 -0.06236076 -0.6331594 -0.7715053 -0.08653593 -0.8786131 0.4696282 -0.2562823 -0.8448483 -0.4696283 -0.1846861 -0.6088273 0.7715052 -0.2248285 -0.7411588 -0.6325629 -0.2248284 -0.7411588 0.6325629 -0.1846859 -0.6088276 -0.7715051 -0.2562823 -0.8448484 0.4696282 -0.1373536 -0.452793 -0.8809725 -0.2778977 -0.9161057 0.2890039 -0.08463859 -0.2790154 -0.9565494 -0.2889007 -0.9523762 0.09754961 -0.0285893 -0.09424608 0.9951383 -0.02858924 -0.09424608 -0.9951383 -0.2889002 -0.9523763 -0.09755009 -0.08463859 -0.2790154 0.9565494 -0.277898 -0.9161056 -0.2890042 -0.1373534 -0.4527932 0.8809724 -0.1374454 -0.2571421 -0.9565494 -0.4691487 -0.8777149 0.09754985 -0.04642641 -0.08685767 0.9951384 -0.04642641 -0.08685773 -0.9951384 -0.4691488 -0.8777149 -0.09754985 -0.1374453 -0.2571421 0.9565494 -0.4512816 -0.8442876 -0.289004 -0.2230499 -0.4172965 0.8809724 -0.4161793 -0.7786168 -0.4696283 -0.2999137 -0.5610986 0.7715052 -0.3651012 -0.6830556 -0.6325631 -0.365101 -0.6830559 0.6325629 -0.2999138 -0.5610985 -0.7715051 -0.4161797 -0.7786168 0.469628 -0.2230497 -0.4172967 -0.8809723 -0.4512815 -0.8442877 0.289004 -0.4036157 -0.4918069 0.7715052 -0.4913433 -0.5987033 -0.6325632 -0.4913432 -0.5987035 0.6325631 -0.4036158 -0.4918069 -0.7715052 -0.5600833 -0.6824634 0.4696279 -0.3001746 -0.3657634 -0.8809724 -0.6073226 -0.7400243 0.2890039 -0.1849703 -0.2253869 -0.9565494 -0.631368 -0.7693234 0.09754991 -0.06247943 -0.0761314 0.9951384 -0.06247943 -0.0761314 -0.9951383 -0.6313678 -0.7693235 -0.09755003 -0.1849703 -0.2253868 0.9565494 -0.6073225 -0.7400245 -0.2890037 -0.3001746 -0.3657635 0.8809723 -0.5600832 -0.6824634 -0.469628 -0.769324 -0.6313673 0.09754985 -0.07613146 -0.06247943 0.9951383 -0.07613146 -0.06247943 -0.9951384 -0.7693238 -0.6313675 -0.09755015 -0.225387 -0.1849702 0.9565495 -0.7400246 -0.6073223 -0.2890036 -0.3657637 -0.3001744 0.8809723 -0.6824635 -0.5600831 -0.4696279 -0.4918072 -0.4036155 0.7715052 -0.5987035 -0.491343 -0.6325632 -0.5987036 -0.491343 0.6325631 -0.4918071 -0.4036155 -0.7715052 -0.6824635 -0.5600831 0.469628 -0.3657637 -0.3001742 -0.8809724 -0.7400247 -0.6073223 0.2890036 -0.225387 -0.1849703 -0.9565494 -0.6830559 -0.3651008 -0.6325631 -0.6830559 -0.3651008 0.6325631 -0.5610987 -0.2999134 -0.7715052 -0.778617 -0.4161793 0.4696281 -0.4172967 -0.2230495 -0.8809724 -0.844288 -0.4512812 0.2890035 -0.2571422 -0.1374452 -0.9565494 -0.8777151 -0.4691484 0.09755009 -0.08685773 -0.04642635 0.9951383 -0.08685773 -0.04642641 -0.9951384 -0.8777151 -0.4691483 -0.09755003 -0.2571422 -0.1374452 0.9565494 -0.844288 -0.4512812 -0.2890035 -0.4172967 -0.2230496 0.8809723 -0.778617 -0.4161792 -0.469628 -0.5610987 -0.2999134 0.7715052 -0.09424614 -0.02858924 0.9951384 -0.09424614 -0.02858924 -0.9951383 -0.9523764 -0.2888998 -0.09755027 -0.2790155 -0.08463829 0.9565494 -0.916106 -0.2778972 -0.2890035 -0.4527933 -0.1373532 0.8809723 -0.8448485 -0.2562819 -0.4696282 -0.6088277 -0.1846855 0.7715051 -0.7411588 -0.2248276 -0.6325633 -0.7411588 -0.224828 0.632563 -0.6088275 -0.1846857 -0.7715052 -0.8448488 -0.2562816 0.4696279 -0.4527933 -0.1373532 -0.8809724 -0.9161059 -0.2778973 0.2890034 -0.2790155 -0.08463841 -0.9565494 -0.9523764 -0.2888999 0.09755033 -0.7707793 -0.07591474 0.6325632 -0.6331595 -0.06236058 -0.7715051 -0.8786132 -0.08653557 0.4696278 -0.4708893 -0.04637849 -0.8809724 -0.9527183 -0.0938344 0.2890034 -0.2901664 -0.02857863 -0.9565494 -0.9904382 -0.09754937 0.09755039 -0.09801268 -0.00965327 0.9951383 -0.09801268 -0.009653329 -0.9951383 -0.9904383 -0.09754943 -0.09755051 -0.2901664 -0.02857881 0.9565494 -0.9527183 -0.09383428 -0.2890035 -0.4708893 -0.04637837 0.8809725 -0.8786132 -0.08653545 -0.4696279 -0.6331596 -0.06236034 0.7715051 -0.7707793 -0.07591456 -0.6325633 -0.9904383 0.09754985 -0.09755057 -0.2901664 0.02857887 0.9565494 -0.9527183 0.09383463 -0.2890033 -0.4708893 0.04637855 0.8809724 -0.8786131 0.08653587 -0.4696279 -0.6331596 0.0623607 0.7715051 -0.7707793 0.07591497 -0.6325631 -0.7707793 0.07591515 0.6325632 -0.6331597 0.06236082 -0.7715051 -0.8786132 0.08653593 0.4696279 -0.4708893 0.04637849 -0.8809723 -0.9527183 0.09383475 0.2890034 -0.2901664 0.02857893 -0.9565494 -0.9904382 0.09755015 0.09755027 -0.09801268 0.009653389 0.9951383 -0.09801274 0.009653389 -0.9951384 -0.6088275 0.1846859 -0.7715051 -0.8448485 0.2562823 0.4696279 -0.4527933 0.1373534 -0.8809723 -0.9161059 0.2778978 0.2890033 -0.2790154 0.08463841 -0.9565494 -0.9523761 0.2889007 0.09755003 -0.09424614 0.02858924 0.9951384 -0.09424614 0.02858924 -0.9951384 -0.9523763 0.2889003 -0.09755045 -0.2790154 0.08463847 0.9565494 -0.9161058 0.277898 -0.2890035 -0.4527933 0.1373534 0.8809723 -0.8448484 0.2562825 -0.4696279 -0.6088277 0.1846862 0.771505 -0.7411587 0.2248284 -0.6325631 -0.7411587 0.2248284 0.6325631 -0.8442876 0.4512818 -0.2890038 -0.4172967 0.2230498 0.8809724 -0.7786169 0.4161794 -0.4696279 -0.5610988 0.299914 0.771505 -0.6830555 0.3651013 -0.6325634 -0.6830558 0.365101 0.632563 -0.5610988 0.2999137 -0.7715051 -0.7786169 0.41618 0.4696276 -0.4172968 0.2230497 -0.8809724 -0.8442879 0.4512814 0.2890034 -0.2571421 0.1374453 -0.9565494 -0.8777148 0.4691488 0.09754985 -0.08685773 0.04642647 0.9951384 -0.08685773 0.04642641 -0.9951384 -0.8777151 0.4691485 -0.09755015 -0.2571421 0.1374453 0.9565494 -0.3657636 0.3001745 -0.8809723 -0.7400243 0.6073228 0.2890037 -0.2253869 0.1849703 -0.9565494 -0.7693235 0.6313678 0.09755021 -0.0761314 0.06247943 0.9951384 -0.0761314 0.06247949 -0.9951384 -0.7693234 0.6313679 -0.09755003 -0.2253869 0.1849703 0.9565495 -0.7400246 0.6073226 -0.2890034 -0.3657636 0.3001746 0.8809723 -0.6824635 0.5600835 -0.4696276 -0.4918072 0.4036161 0.7715049 -0.5987031 0.4913433 -0.6325634 -0.5987033 0.4913432 0.6325632 -0.4918072 0.403616 -0.7715049 -0.6824636 0.5600835 0.4696276 -0.3001744 0.3657636 0.8809723 -0.5600833 0.6824636 -0.4696276 -0.4036157 0.4918076 0.7715049 -0.4913426 0.5987033 -0.6325635 -0.491343 0.5987033 0.6325633 -0.4036158 0.4918074 -0.7715049 -0.5600833 0.6824638 0.4696276 -0.3001743 0.3657638 -0.8809723 -0.6073223 0.7400249 0.2890034 -0.1849702 0.225387 -0.9565494 -0.6313673 0.7693238 0.09755039 -0.06247943 0.07613146 0.9951384 -0.06247943 0.07613146 -0.9951384 -0.6313673 0.7693239 -0.09755039 -0.1849702 0.225387 0.9565495 -0.6073224 0.7400248 -0.2890032 -0.4512811 0.8442882 0.2890031 -0.1374453 0.2571421 -0.9565494 -0.469148 0.8777152 0.09755051 -0.04642635 0.08685773 0.9951384 -0.04642641 0.08685773 -0.9951384 -0.4691482 0.8777152 -0.09755057 -0.1374452 0.2571421 0.9565494 -0.4512814 0.8442882 -0.2890027 -0.2230497 0.4172967 0.8809723 -0.4161794 0.7786172 -0.4696276 -0.2999134 0.5610993 0.7715047 -0.3651003 0.6830556 -0.6325636 -0.3651007 0.6830556 0.6325634 -0.2999136 0.5610991 -0.7715048 -0.4161794 0.778617 0.4696277 -0.2230496 0.4172968 -0.8809724 -0.256282 0.8448486 -0.4696278 -0.1846857 0.6088281 0.7715046 -0.2248275 0.7411583 -0.6325637 -0.224828 0.7411584 0.6325636 -0.1846856 0.6088282 -0.7715047 -0.2562817 0.844849 0.4696275 -0.1373531 0.4527934 -0.8809723 -0.2778975 0.9161061 0.2890027 -0.08463841 0.2790154 -0.9565494 -0.2889 0.9523763 0.09755074 -0.02858924 0.09424608 0.9951383 -0.02858924 0.09424614 -0.9951383 -0.2889 0.9523764 -0.09755069 -0.08463829 0.2790155 0.9565494 -0.2778973 0.9161062 -0.2890028 -0.1373531 0.4527934 0.8809723 -0.02857863 0.2901664 -0.9565494 -0.09755337 0.9904375 0.0975548 -0.009653747 0.09801262 0.9951384 -0.009653329 0.09801274 -0.9951384 -0.09755468 0.9904377 -0.09755092 -0.02857887 0.2901666 0.9565493 -0.09383428 0.9527185 -0.2890027 -0.04637956 0.4708887 0.8809726 -0.08653545 0.8786134 -0.4696274 -0.06236428 0.6331585 0.7715057 -0.07591938 0.7707782 -0.6325638 -0.07591491 0.770781 0.6325611 -0.06236225 0.6331598 -0.7715048 -0.08653926 0.8786115 0.4696306 -0.04637849 0.4708893 -0.8809723 -0.09383451 0.9527196 0.2889991 0.09383469 0.9527195 0.2889991 0.0285775 0.2901663 -0.9565495 0.09754467 0.9904389 0.09754973 0.09754973 0.9904384 -0.09754979 0.02857893 0.2901666 0.9565493 0.09383457 0.9527171 -0.2890074 0.04637622 0.4708889 0.8809728 0.08653217 0.8786133 -0.4696283 0.0623607 0.6331589 0.7715057 0.07591259 0.7707799 -0.6325628 0.07591557 0.7707809 0.6325612 0.06236088 0.6331587 -0.7715058 0.08653277 0.8786121 0.4696308 0.04637855 0.4708896 -0.8809723 0.2562822 0.8448482 0.4696286 0.1373534 0.4527935 -0.8809722 0.2778978 0.9161056 0.2890039 0.08463841 0.2790151 -0.9565494 0.2889001 0.9523764 0.09754979 0.2889002 0.9523763 -0.09754973 0.08463841 0.2790151 0.9565495 0.2778975 0.9161058 -0.2890037 0.1373536 0.4527934 0.8809723 0.2562821 0.8448482 -0.4696285 0.1846857 0.6088269 0.7715056 0.2248283 0.7411589 -0.6325629 0.2248284 0.7411589 0.632563 0.1846858 0.6088269 -0.7715057 0.4512814 0.8442878 -0.2890039 0.2230499 0.4172967 0.8809723 0.4161794 0.7786166 -0.4696286 0.2999132 0.5610981 0.7715057 0.3651014 0.6830558 -0.6325629 0.3651012 0.6830561 0.6325627 0.2999133 0.5610981 -0.7715055 0.4161796 0.7786163 0.4696289 0.2230498 0.4172969 -0.8809723 0.4512814 0.8442878 0.2890039 0.1374453 0.2571418 -0.9565494 0.4691486 0.8777149 0.09754973 0.4691485 0.8777151 -0.09754979 0.1374452 0.2571419 0.9565495 0.3001746 0.3657637 -0.8809723 0.6073227 0.7400241 0.2890042 0.1849702 0.2253867 -0.9565494 0.6313677 0.7693237 0.09754985 0.6313676 0.7693237 -0.09754997 0.1849702 0.2253867 0.9565495 0.6073225 0.7400245 -0.2890038 0.3001747 0.3657636 0.8809723 0.5600833 0.6824628 -0.4696288 0.4036153 0.4918066 0.7715056 0.4913433 0.5987036 -0.6325627 0.4913434 0.5987035 0.6325627 0.4036153 0.4918066 -0.7715056 0.560083 0.6824632 0.4696285 0.3657638 0.3001744 0.8809723 0.6824633 0.560083 -0.4696284 0.4918066 0.4036153 0.7715057 0.5987036 0.4913433 -0.6325627 0.5987037 0.4913433 0.6325628 0.4918067 0.4036152 -0.7715056 0.6824632 0.560083 0.4696285 0.3657637 0.3001746 -0.8809723 0.7400245 0.6073223 0.2890041 0.2253868 0.1849701 -0.9565494 0.7693238 0.6313676 0.09755003 0.769324 0.6313672 -0.09754967 0.2253868 0.1849701 0.9565495 0.7400245 0.6073222 -0.2890041 0.8442879 0.451281 0.2890043 0.257142 0.1374452 -0.9565494 0.8777151 0.4691486 0.09754979 0.8777153 0.4691483 -0.09754943 0.257142 0.1374452 0.9565495 0.8442878 0.4512813 -0.289004 0.4172968 0.2230497 0.8809723 0.778617 0.4161791 -0.4696282 0.5610982 0.2999132 0.7715056 0.6830559 0.3651011 -0.6325629 0.6830561 0.365101 0.6325627 0.5610982 0.2999132 -0.7715057 0.7786167 0.4161794 0.4696285 0.4172968 0.2230497 -0.8809723 0.8448484 0.2562817 -0.4696284 0.6088271 0.1846854 0.7715057 0.7411591 0.2248277 -0.6325629 0.7411591 0.224828 0.6325626 0.6088271 0.1846855 -0.7715056 0.8448486 0.2562814 0.4696282 0.4527935 0.1373532 -0.8809723 0.9161056 0.2778974 0.2890043 0.2790153 0.08463817 -0.9565494 0.9523764 0.2889001 0.09754955 0.9523763 0.2889001 -0.09754967 0.2790153 0.08463829 0.9565495 0.9161057 0.2778975 -0.2890042 0.4527935 0.1373531 0.8809723 0.2901662 0.02857863 -0.9565494 0.9904384 0.09754937 0.09754973 0.9904384 0.09754931 -0.09754967 0.2901663 0.02857875 0.9565495 0.952718 0.09383428 -0.2890042 0.4708893 0.04637819 0.8809724 0.8786129 0.08653545 -0.4696285 0.633159 0.0623607 0.7715055 0.7707798 0.0759148 -0.6325626 0.7707799 0.07591503 0.6325625 0.6331589 0.06236058 -0.7715057 0.878613 0.08653539 0.4696285 0.4708894 0.04637855 -0.8809723 0.952718 0.09383416 0.2890043 0.7707797 -0.07591515 -0.6325627 0.7707796 -0.07591545 0.6325627 0.6331589 -0.06236094 -0.7715055 0.8786128 -0.08653581 0.4696286 0.4708893 -0.04637855 -0.8809724 0.952718 -0.09383457 0.289004 0.2901663 -0.02857899 -0.9565494 0.9904384 -0.09754985 0.09754973 0.9904384 -0.09754973 -0.09754985 0.2901663 -0.02857893 0.9565494 0.952718 -0.09383469 -0.2890042 0.4708892 -0.04637867 0.8809724 0.8786128 -0.08653587 -0.4696285 0.6331591 -0.0623607 0.7715054 0.9523763 -0.2889006 -0.09754949 0.2790154 -0.08463847 0.9565494 0.9161057 -0.2778976 -0.289004 0.4527931 -0.1373535 0.8809725 0.8448481 -0.2562821 -0.4696287 0.6088272 -0.1846857 0.7715054 0.741159 -0.2248284 -0.6325627 0.741159 -0.2248284 0.6325627 0.6088271 -0.184686 -0.7715054 0.8448481 -0.2562822 0.4696286 0.4527933 -0.1373534 -0.8809725 0.9161055 -0.2778978 0.2890042 0.2790153 -0.08463853 -0.9565494 0.9523764 -0.2889002 0.09754991 0.6830561 -0.3651013 0.6325626 0.5610983 -0.2999135 -0.7715054 0.7786164 -0.4161795 0.4696287 0.4172965 -0.2230498 -0.8809725 0.8442876 -0.4512814 0.2890041 0.257142 -0.1374455 -0.9565494 0.8777149 -0.4691486 0.09754955 0.877715 -0.4691487 -0.09754949 0.2571421 -0.1374453 0.9565494 0.8442878 -0.4512814 -0.289004 0.4172964 -0.2230499 0.8809725 0.7786164 -0.4161794 -0.4696288 0.5610983 -0.2999135 0.7715054 0.683056 -0.3651013 -0.6325626 0.7693235 -0.6313679 -0.09754937 0.2253869 -0.1849703 0.9565494 0.7400245 -0.6073225 -0.289004 0.3657634 -0.3001745 0.8809725 0.682463 -0.5600831 -0.4696288 0.4918067 -0.4036155 0.7715054 0.5987037 -0.4913436 -0.6325626 0.5987038 -0.4913435 0.6325626 0.4918068 -0.4036155 -0.7715055 0.682463 -0.560083 0.4696288 0.3657634 -0.3001745 -0.8809724 0.7400244 -0.6073225 0.289004 0.2253868 -0.1849703 -0.9565494 0.7693236 -0.6313678 0.09754955 0.4036152 -0.4918069 -0.7715054 0.5600828 -0.6824631 0.4696289 0.3001743 -0.3657636 -0.8809724 0.607322 -0.7400248 0.2890039 0.1849702 -0.225387 -0.9565495 0.6313674 -0.769324 0.09754949 0.6313674 -0.769324 -0.09754943 0.1849702 -0.225387 0.9565494 0.6073222 -0.7400247 -0.2890038 0.3001742 -0.3657636 0.8809725 0.5600827 -0.6824634 -0.4696287 0.4036154 -0.4918069 0.7715054 0.4913433 -0.5987039 -0.6325626 0.4913433 -0.5987039 0.6325626 0.1374453 -0.2571422 0.9565494 0.4512811 -0.8442879 -0.2890037 0.2230494 -0.4172967 0.8809725 0.4161788 -0.7786169 -0.4696285 0.2999131 -0.5610985 0.7715055 0.365101 -0.6830563 -0.6325626 0.3651009 -0.6830562 0.6325627 0.2999132 -0.5610985 -0.7715054 0.416179 -0.7786166 0.4696287 0.2230495 -0.4172967 -0.8809724 0.4512807 -0.8442881 0.2890041 0.1374452 -0.2571422 -0.9565494 0.4691483 -0.8777152 0.09754961 0.4691483 -0.8777152 -0.09754961 0.2562819 -0.8448483 0.4696285 0.1373531 -0.4527932 -0.8809724 0.2778971 -0.9161058 0.2890043 0.08463841 -0.2790154 -0.9565494 0.2889001 -0.9523764 0.09754979 0.2888999 -0.9523765 -0.09754949 0.08463835 -0.2790155 0.9565494 0.2778976 -0.9161057 -0.2890039 0.1373534 -0.4527933 0.8809724 0.2562816 -0.8448486 -0.4696282 0.1846855 -0.6088272 0.7715055 0.2248281 -0.7411592 -0.6325627 0.2248281 -0.7411591 0.6325626 0.1846857 -0.6088273 -0.7715055 0.09383434 -0.9527181 -0.2890042 0.04637819 -0.4708892 0.8809724 0.08653551 -0.8786131 -0.4696282 0.06236052 -0.6331593 0.7715054 0.0759148 -0.7707798 -0.6325627 0.07591462 -0.7707797 0.6325628 0.06236028 -0.6331592 -0.7715055 0.08653539 -0.8786131 0.4696283 0.04637837 -0.4708893 -0.8809724 0.09383422 -0.952718 0.2890043 0.02857869 -0.2901664 -0.9565494 0.09754943 -0.9904384 0.09754967 0.09754937 -0.9904384 -0.09754961 0.02857875 -0.2901664 0.9565494 -0.04637855 -0.4708893 -0.8809725 -0.09383463 -0.9527181 0.289004 -0.02857881 -0.2901664 -0.9565494 -0.09754985 -0.9904383 0.09754979 -0.09754979 -0.9904384 -0.09754991 -0.02857893 -0.2901664 0.9565494 -0.09383469 -0.952718 -0.2890042 -0.04637849 -0.4708893 0.8809724 -0.08653587 -0.8786131 -0.4696282 -0.06236076 -0.6331594 0.7715052 -0.07591515 -0.7707794 -0.6325629 -0.07591545 -0.7707794 0.6325629 -0.062361 -0.6331592 -0.7715053 -0.08653581 -0.878613 0.4696282 -0.2562823 -0.8448484 -0.4696282 -0.1846859 -0.6088275 0.7715051 -0.2248284 -0.7411588 -0.6325629 -0.2248284 -0.7411588 0.6325629 -0.1846861 -0.6088273 -0.7715052 -0.2562823 -0.8448483 0.4696283 -0.1373534 -0.4527932 -0.8809724 -0.277898 -0.9161056 0.2890042 -0.08463859 -0.2790154 -0.9565494 -0.2889002 -0.9523763 0.09755009 -0.2889007 -0.9523763 -0.09754961 -0.08463853 -0.2790154 0.9565494 -0.2778977 -0.9161057 -0.2890039 -0.1373535 -0.4527931 0.8809725 -0.1374453 -0.2571421 -0.9565494 -0.4691488 -0.8777149 0.09754985 -0.4691488 -0.8777149 -0.09754985 -0.1374454 -0.2571421 0.9565494 -0.4512815 -0.8442877 -0.289004 -0.2230497 -0.4172967 0.8809724 -0.4161797 -0.7786168 -0.469628 -0.2999138 -0.5610985 0.7715052 -0.365101 -0.6830559 -0.6325629 -0.3651011 -0.6830556 0.6325631 -0.2999137 -0.5610985 -0.7715052 -0.4161793 -0.7786168 0.4696283 -0.2230499 -0.4172965 -0.8809724 -0.4512816 -0.8442876 0.289004 -0.4036158 -0.4918069 0.7715051 -0.4913432 -0.5987035 -0.6325631 -0.4913433 -0.5987033 0.6325632 -0.4036157 -0.4918069 -0.7715052 -0.5600832 -0.6824634 0.469628 -0.3001746 -0.3657635 -0.8809723 -0.6073225 -0.7400245 0.2890037 -0.1849703 -0.2253868 -0.9565494 -0.6313678 -0.7693235 0.09755009 -0.6313679 -0.7693234 -0.09754991 -0.1849703 -0.2253869 0.9565494 -0.6073226 -0.7400243 -0.2890039 -0.3001746 -0.3657635 0.8809724 -0.5600833 -0.6824634 -0.4696279 -0.7693238 -0.6313675 0.09755009 -0.769324 -0.6313673 -0.09754985 -0.225387 -0.1849702 0.9565494 -0.7400247 -0.6073223 -0.2890036 -0.3657637 -0.3001742 0.8809725 -0.6824635 -0.5600831 -0.469628 -0.4918071 -0.4036155 0.7715052 -0.5987036 -0.491343 -0.6325631 -0.5987036 -0.4913429 0.6325632 -0.4918072 -0.4036154 -0.7715052 -0.6824635 -0.5600831 0.4696279 -0.3657636 -0.3001744 -0.8809723 -0.7400246 -0.6073223 0.2890036 -0.225387 -0.1849702 -0.9565494 -0.6830559 -0.3651008 -0.6325631 -0.6830559 -0.3651008 0.6325632 -0.5610987 -0.2999134 -0.7715051 -0.778617 -0.4161792 0.469628 -0.4172967 -0.2230496 -0.8809723 -0.844288 -0.4512812 0.2890035 -0.2571422 -0.1374452 -0.9565494 -0.8777151 -0.4691483 0.09755003 -0.8777151 -0.4691484 -0.09755003 -0.2571422 -0.1374452 0.9565494 -0.844288 -0.4512812 -0.2890035 -0.4172967 -0.2230496 0.8809724 -0.7786169 -0.4161793 -0.4696281 -0.5610987 -0.2999134 0.7715052 -0.9523763 -0.2888999 -0.09755033 -0.2790155 -0.08463841 0.9565493 -0.9161059 -0.2778973 -0.2890034 -0.4527933 -0.1373531 0.8809724 -0.8448488 -0.2562816 -0.4696279 -0.6088275 -0.1846857 0.7715052 -0.7411588 -0.224828 -0.632563 -0.7411588 -0.2248276 0.6325633 -0.6088277 -0.1846855 -0.7715051 -0.8448485 -0.2562819 0.4696282 -0.4527933 -0.1373532 -0.8809725 -0.916106 -0.2778972 0.2890035 -0.2790155 -0.08463829 -0.9565494 -0.9523764 -0.2888998 0.09755021 -0.7707793 -0.07591462 0.6325633 -0.6331597 -0.06236034 -0.7715049 -0.8786132 -0.08653545 0.4696279 -0.4708893 -0.04637837 -0.8809725 -0.9527183 -0.09383422 0.2890035 -0.2901664 -0.02857887 -0.9565494 -0.9904383 -0.09754943 0.09755051 -0.9904382 -0.09754937 -0.09755045 -0.2901664 -0.02857863 0.9565494 -0.9527183 -0.0938344 -0.2890034 -0.4708893 -0.04637849 0.8809724 -0.8786132 -0.08653557 -0.4696278 -0.6331597 -0.06236058 0.771505 -0.7707793 -0.07591474 -0.6325632 -0.9904382 0.09755015 -0.09755027 -0.2901664 0.02857893 0.9565494 -0.9527183 0.09383475 -0.2890034 -0.4708893 0.04637849 0.8809724 -0.8786132 0.08653593 -0.4696278 -0.6331597 0.06236082 0.7715051 -0.7707793 0.07591515 -0.6325632 -0.7707793 0.07591503 0.6325631 -0.6331596 0.0623607 -0.7715051 -0.8786131 0.08653587 0.4696279 -0.4708893 0.04637855 -0.8809724 -0.9527183 0.09383463 0.2890033 -0.2901663 0.02857881 -0.9565494 -0.9904383 0.09754985 0.09755057 -0.6088277 0.1846862 -0.771505 -0.8448485 0.2562824 0.469628 -0.4527933 0.1373534 -0.8809723 -0.9161058 0.277898 0.2890035 -0.2790154 0.08463847 -0.9565494 -0.9523763 0.2889003 0.09755045 -0.9523761 0.2889007 -0.09754997 -0.2790154 0.08463841 0.9565494 -0.9161059 0.2778978 -0.2890033 -0.4527933 0.1373534 0.8809724 -0.8448485 0.2562823 -0.4696279 -0.6088275 0.1846859 0.7715051 -0.7411587 0.2248284 -0.6325631 -0.7411586 0.2248284 0.6325632 -0.8442879 0.4512814 -0.2890034 -0.4172967 0.2230498 0.8809723 -0.7786169 0.41618 -0.4696276 -0.5610988 0.2999137 0.7715051 -0.6830558 0.365101 -0.632563 -0.6830555 0.3651013 0.6325634 -0.5610988 0.299914 -0.771505 -0.7786169 0.4161794 0.4696279 -0.4172967 0.2230498 -0.8809724 -0.8442876 0.4512818 0.2890039 -0.2571421 0.1374453 -0.9565494 -0.8777151 0.4691485 0.09755021 -0.8777148 0.4691488 -0.09754985 -0.257142 0.1374453 0.9565494 -0.3657636 0.3001746 -0.8809723 -0.7400246 0.6073226 0.2890034 -0.2253869 0.1849703 -0.9565495 -0.7693234 0.6313679 0.09755009 -0.7693235 0.6313678 -0.09755021 -0.2253868 0.1849703 0.9565494 -0.7400243 0.6073228 -0.2890037 -0.3657636 0.3001745 0.8809723 -0.6824635 0.5600834 -0.4696276 -0.4918072 0.403616 0.7715049 -0.5987033 0.4913432 -0.6325632 -0.598703 0.4913433 0.6325634 -0.4918072 0.4036161 -0.7715049 -0.6824635 0.5600835 0.4696276 -0.3001743 0.3657638 0.8809723 -0.5600833 0.6824637 -0.4696276 -0.4036158 0.4918074 0.7715049 -0.491343 0.5987033 -0.6325633 -0.4913426 0.5987034 0.6325635 -0.4036157 0.4918076 -0.7715048 -0.5600833 0.6824636 0.4696276 -0.3001744 0.3657636 -0.8809723 -0.6073224 0.7400248 0.2890032 -0.1849702 0.225387 -0.9565495 -0.6313673 0.7693239 0.09755039 -0.6313673 0.7693238 -0.09755039 -0.1849702 0.225387 0.9565494 -0.6073223 0.7400249 -0.2890034 -0.4512814 0.8442882 0.2890027 -0.1374452 0.2571421 -0.9565494 -0.4691482 0.8777152 0.09755057 -0.469148 0.8777152 -0.09755051 -0.1374453 0.2571421 0.9565494 -0.4512811 0.8442882 -0.2890031 -0.2230496 0.4172968 0.8809724 -0.4161795 0.778617 -0.4696277 -0.2999136 0.5610991 0.7715048 -0.3651008 0.6830557 -0.6325634 -0.3651003 0.6830556 0.6325636 -0.2999134 0.5610993 -0.7715047 -0.4161794 0.7786172 0.4696276 -0.2230497 0.4172967 -0.8809723 -0.2562817 0.844849 -0.4696275 -0.1846856 0.6088282 0.7715047 -0.224828 0.7411584 -0.6325636 -0.2248275 0.7411583 0.6325637 -0.1846857 0.6088281 -0.7715047 -0.256282 0.8448486 0.4696278 -0.1373531 0.4527934 -0.8809723 -0.2778973 0.9161062 0.2890028 -0.08463829 0.2790155 -0.9565494 -0.2889 0.9523764 0.09755069 -0.2889 0.9523763 -0.09755074 -0.08463841 0.2790155 0.9565493 -0.2778975 0.9161061 -0.2890027 -0.1373532 0.4527934 0.8809724 -0.02857881 0.2901664 -0.9565494 -0.09754949 0.9904383 0.09755092 -0.09755343 0.990438 -0.09754967 -0.02858 0.2901662 0.9565494 -0.09383928 0.9527165 -0.2890074 -0.04637849 0.4708893 0.8809724 -0.08653557 0.8786134 -0.4696276 -0.06236225 0.6331598 0.7715048 -0.07591491 0.770781 -0.6325611 -0.07591938 0.7707782 0.6325638 -0.06236422 0.6331585 -0.7715057 -0.08653545 0.8786134 0.4696274 -0.04637956 0.4708887 -0.8809726 -0.09383845 0.9527181 0.2890028</float_array>
          <technique_common>
            <accessor source="#Sphere_001-mesh-normals-array" count="960" stride="3">
              <param name="X" type="float"/>
              <param name="Y" type="float"/>
              <param name="Z" type="float"/>
            </accessor>
          </technique_common>
        </source>
        <source id="Sphere_001-mesh-map-0">
          <float_array id="Sphere_001-mesh-map-0-array" count="5760">0.75 0.5625001 0.71875 0.625 0.71875 0.5625 0.75 0.1249998 0.71875 0.06249994 0.75 0.06249994 0.75 0.5625001 0.71875 0.5 0.75 0.5 0.75 0.9375001 0.734375 1 0.71875 0.9375001 0.734375 0 0.75 0.06249994 0.71875 0.06249994 0.75 0.5 0.71875 0.4375 0.75 0.4375 0.75 0.8750001 0.71875 0.9375001 0.71875 0.875 0.75 0.375 0.71875 0.4375 0.71875 0.375 0.75 0.8125 0.71875 0.875 0.71875 0.8125 0.75 0.375 0.71875 0.3125 0.75 0.3124999 0.75 0.8125 0.71875 0.75 0.75 0.75 0.75 0.3124999 0.71875 0.25 0.75 0.25 0.75 0.6875001 0.71875 0.75 0.71875 0.6875 0.75 0.1875 0.71875 0.25 0.71875 0.1875 0.75 0.625 0.71875 0.6875 0.71875 0.625 0.75 0.1875 0.71875 0.125 0.75 0.1249998 0.71875 0.6875 0.6875 0.625 0.71875 0.625 0.71875 0.125 0.6875 0.1875 0.6875 0.125 0.71875 0.625 0.6875 0.5625 0.71875 0.5625 0.71875 0.06249994 0.6875 0.125 0.6875 0.06249994 0.71875 0.5 0.6875 0.5625 0.6875 0.5 0.71875 0.9375001 0.703125 1 0.6875 0.9375001 0.703125 0 0.71875 0.06249994 0.6875 0.06249994 0.71875 0.5 0.6875 0.4375 0.71875 0.4375 0.71875 0.9375001 0.6875 0.875 0.71875 0.875 0.71875 0.375 0.6875 0.4375 0.6875 0.375 0.71875 0.875 0.6875 0.8125 0.71875 0.8125 0.71875 0.3125 0.6875 0.375 0.6875 0.3125 0.71875 0.8125 0.6875 0.75 0.71875 0.75 0.71875 0.25 0.6875 0.3125 0.6875 0.25 0.71875 0.75 0.6875 0.6875 0.71875 0.6875 0.71875 0.1875 0.6875 0.25 0.6875 0.1875 0.6875 0.375 0.65625 0.4375 0.65625 0.375 0.6875 0.875 0.65625 0.8125 0.6875 0.8125 0.6875 0.3125 0.65625 0.375 0.65625 0.3125 0.6875 0.75 0.65625 0.8125 0.65625 0.75 0.6875 0.25 0.65625 0.3125 0.65625 0.25 0.6875 0.75 0.65625 0.6875 0.6875 0.6875 0.6875 0.25 0.65625 0.1875 0.6875 0.1875 0.6875 0.6875 0.65625 0.625 0.6875 0.625 0.6875 0.125 0.65625 0.1875 0.65625 0.125 0.6875 0.625 0.65625 0.5625 0.6875 0.5625 0.6875 0.06249994 0.65625 0.125 0.65625 0.06249994 0.6875 0.5 0.65625 0.5625 0.65625 0.5 0.6875 0.9375001 0.671875 1 0.65625 0.9375001 0.671875 0 0.6875 0.06249994 0.65625 0.06249994 0.6875 0.5 0.65625 0.4375 0.6875 0.4375 0.6875 0.9375001 0.65625 0.875 0.6875 0.875 0.65625 0.125 0.625 0.1875 0.625 0.125 0.65625 0.625 0.625 0.5625 0.65625 0.5625 0.65625 0.06249994 0.625 0.125 0.625 0.06249994 0.65625 0.5 0.625 0.5625 0.625 0.5 0.65625 0.9375001 0.640625 1 0.625 0.9375001 0.640625 0 0.65625 0.06249994 0.625 0.06249994 0.65625 0.5 0.625 0.4375 0.65625 0.4375 0.65625 0.9375001 0.625 0.875 0.65625 0.875 0.65625 0.375 0.625 0.4375 0.625 0.375 0.65625 0.875 0.625 0.8125 0.65625 0.8125 0.65625 0.3125 0.625 0.375 0.625 0.3125 0.65625 0.75 0.625 0.8125 0.625 0.75 0.65625 0.3125 0.625 0.25 0.65625 0.25 0.65625 0.75 0.625 0.6875 0.65625 0.6875 0.65625 0.25 0.625 0.1875 0.65625 0.1875 0.65625 0.6875 0.625 0.6250001 0.65625 0.625 0.625 0.875 0.59375 0.8125 0.625 0.8125 0.625 0.375 0.59375 0.3125 0.625 0.3125 0.625 0.75 0.59375 0.8125 0.59375 0.75 0.625 0.3125 0.59375 0.25 0.625 0.25 0.625 0.75 0.59375 0.6875 0.625 0.6875 0.625 0.25 0.59375 0.1875 0.625 0.1875 0.625 0.6250001 0.59375 0.6875 0.59375 0.6250001 0.625 0.125 0.59375 0.1875 0.59375 0.125 0.625 0.6250001 0.59375 0.5625 0.625 0.5625 0.625 0.06249994 0.59375 0.125 0.59375 0.06249994 0.625 0.5 0.59375 0.5625 0.59375 0.5 0.625 0.9375001 0.609375 1 0.59375 0.9375001 0.609375 0 0.625 0.06249994 0.59375 0.06249994 0.625 0.5 0.59375 0.4375 0.625 0.4375 0.625 0.9375001 0.59375 0.875 0.625 0.875 0.625 0.375 0.59375 0.4375 0.59375 0.375 0.59375 0.6250001 0.5625 0.5625 0.59375 0.5625 0.59375 0.06249994 0.5625 0.125 0.5625 0.06249994 0.59375 0.5 0.5625 0.5625 0.5625 0.5 0.59375 0.9375001 0.578125 1 0.5625 0.9375001 0.578125 0 0.59375 0.06249994 0.5625 0.06249994 0.59375 0.5 0.5625 0.4375 0.59375 0.4375 0.59375 0.9375001 0.5625 0.875 0.59375 0.875 0.59375 0.375 0.5625 0.4375 0.5625 0.375 0.59375 0.875 0.5625 0.8125 0.59375 0.8125 0.59375 0.375 0.5625 0.3125 0.59375 0.3125 0.59375 0.75 0.5625 0.8125 0.5625 0.75 0.59375 0.3125 0.5625 0.25 0.59375 0.25 0.59375 0.6875 0.5625 0.75 0.5625 0.6875 0.59375 0.25 0.5625 0.1875 0.59375 0.1875 0.59375 0.6250001 0.5625 0.6875 0.5625 0.6250001 0.59375 0.125 0.5625 0.1875 0.5625 0.125 0.5625 0.375 0.53125 0.3125 0.5625 0.3125 0.5625 0.8125 0.53125 0.75 0.5625 0.75 0.5625 0.25 0.53125 0.3125 0.53125 0.25 0.5625 0.75 0.53125 0.6875 0.5625 0.6875 0.5625 0.1875 0.53125 0.25 0.53125 0.1875 0.5625 0.6250001 0.53125 0.6875 0.53125 0.6250001 0.5625 0.125 0.53125 0.1875 0.53125 0.125 0.5625 0.6250001 0.53125 0.5625 0.5625 0.5625 0.5625 0.06249994 0.53125 0.125 0.53125 0.06249994 0.5625 0.5 0.53125 0.5625 0.53125 0.5 0.5625 0.9375001 0.546875 1 0.53125 0.9375001 0.546875 0 0.5625 0.06249994 0.53125 0.06249994 0.5625 0.5 0.53125 0.4375 0.5625 0.4375 0.5625 0.9375001 0.53125 0.875 0.5625 0.875 0.5625 0.375 0.53125 0.4375 0.53125 0.375 0.5625 0.875 0.53125 0.8125 0.5625 0.8125 0.53125 0.06249994 0.5 0.125 0.5 0.06249994 0.53125 0.5 0.5 0.5625 0.5 0.5 0.53125 0.9375001 0.515625 1 0.5 0.9375001 0.515625 0 0.53125 0.06249994 0.5 0.06249994 0.53125 0.5 0.5 0.4375 0.53125 0.4375 0.53125 0.9375001 0.5 0.875 0.53125 0.875 0.53125 0.375 0.5 0.4375 0.5 0.375 0.53125 0.875 0.5 0.8125 0.53125 0.8125 0.53125 0.375 0.5 0.3125 0.53125 0.3125 0.53125 0.8125 0.5 0.75 0.53125 0.75 0.53125 0.25 0.5 0.3125 0.5 0.25 0.53125 0.75 0.5 0.6875001 0.53125 0.6875 0.53125 0.1875 0.5 0.25 0.5 0.1875 0.53125 0.6250001 0.5 0.6875001 0.5 0.6250001 0.53125 0.125 0.5 0.1875 0.5 0.125 0.53125 0.6250001 0.5 0.5625 0.53125 0.5625 0.5 0.3125 0.46875 0.25 0.5 0.25 0.5 0.75 0.46875 0.6875 0.5 0.6875001 0.5 0.1875 0.46875 0.25 0.46875 0.1875 0.5 0.6250001 0.46875 0.6875 0.46875 0.6250001 0.5 0.125 0.46875 0.1875 0.46875 0.125 0.5 0.6250001 0.46875 0.5625 0.5 0.5625 0.5 0.06249994 0.46875 0.125 0.46875 0.06249994 0.5 0.5 0.46875 0.5625 0.46875 0.5 0.5 0.9375001 0.484375 1 0.46875 0.9375001 0.484375 0 0.5 0.06249994 0.46875 0.06249994 0.5 0.5 0.46875 0.4375 0.5 0.4375 0.5 0.9375001 0.46875 0.875 0.5 0.875 0.5 0.375 0.46875 0.4375 0.46875 0.375 0.5 0.875 0.46875 0.8125 0.5 0.8125 0.5 0.375 0.46875 0.3125 0.5 0.3125 0.5 0.8125 0.46875 0.75 0.5 0.75 0.46875 0.9375001 0.453125 1 0.4375 0.9375001 0.453125 0 0.46875 0.06249994 0.4375 0.06249994 0.46875 0.5 0.4375 0.4375 0.46875 0.4375 0.46875 0.9375001 0.4375 0.875 0.46875 0.875 0.46875 0.375 0.4375 0.4375 0.4375 0.375 0.46875 0.875 0.4375 0.8125 0.46875 0.8125 0.46875 0.375 0.4375 0.3125 0.46875 0.3125 0.46875 0.8125 0.4375 0.7500001 0.46875 0.75 0.46875 0.25 0.4375 0.3125 0.4375 0.25 0.46875 0.75 0.4375 0.6875001 0.46875 0.6875 0.46875 0.1875 0.4375 0.25 0.4375 0.1875 0.46875 0.6250001 0.4375 0.6875001 0.4375 0.6250001 0.46875 0.125 0.4375 0.1875 0.4375 0.125 0.46875 0.6250001 0.4375 0.5625 0.46875 0.5625 0.46875 0.06249994 0.4375 0.125 0.4375 0.06249994 0.46875 0.5 0.4375 0.5625 0.4375 0.5 0.4375 0.7500001 0.40625 0.6875001 0.4375 0.6875001 0.4375 0.1875 0.40625 0.25 0.40625 0.1875 0.4375 0.6250001 0.40625 0.6875001 0.40625 0.6250001 0.4375 0.125 0.40625 0.1875 0.40625 0.125 0.4375 0.6250001 0.40625 0.5625 0.4375 0.5625 0.4375 0.06249994 0.40625 0.125 0.40625 0.06249994 0.4375 0.5 0.40625 0.5625 0.40625 0.5 0.4375 0.9375001 0.421875 1 0.40625 0.9375001 0.421875 0 0.4375 0.06249994 0.40625 0.06249994 0.4375 0.5 0.40625 0.4375 0.4375 0.4375 0.4375 0.9375001 0.40625 0.875 0.4375 0.875 0.4375 0.375 0.40625 0.4375 0.40625 0.375 0.4375 0.875 0.40625 0.8125 0.4375 0.8125 0.4375 0.375 0.40625 0.3125 0.4375 0.3125 0.4375 0.8125 0.40625 0.7500001 0.4375 0.7500001 0.4375 0.25 0.40625 0.3125 0.40625 0.25 0.40625 0.5 0.375 0.4375 0.40625 0.4375 0.40625 0.9375001 0.375 0.875 0.40625 0.875 0.40625 0.375 0.375 0.4375 0.375 0.375 0.40625 0.875 0.375 0.8125 0.40625 0.8125 0.40625 0.375 0.375 0.3125 0.40625 0.3125 0.40625 0.8125 0.375 0.7500001 0.40625 0.7500001 0.40625 0.25 0.375 0.3125 0.375 0.25 0.40625 0.7500001 0.375 0.6875001 0.40625 0.6875001 0.40625 0.25 0.375 0.1875 0.40625 0.1875 0.40625 0.6250001 0.375 0.6875001 0.375 0.6250001 0.40625 0.125 0.375 0.1875 0.375 0.125 0.40625 0.6250001 0.375 0.5625 0.40625 0.5625 0.40625 0.06249994 0.375 0.125 0.375 0.06249994 0.40625 0.5 0.375 0.5625 0.375 0.5 0.40625 0.9375001 0.390625 1 0.375 0.9375001 0.390625 0 0.40625 0.06249994 0.375 0.06249994 0.375 0.1875 0.34375 0.25 0.34375 0.1875 0.375 0.6250001 0.34375 0.6875001 0.34375 0.6250001 0.375 0.125 0.34375 0.1875 0.34375 0.125 0.375 0.6250001 0.34375 0.5625 0.375 0.5625 0.375 0.06249994 0.34375 0.125 0.34375 0.06249994 0.375 0.5 0.34375 0.5625 0.34375 0.5 0.375 0.9375001 0.359375 1 0.34375 0.9375001 0.359375 0 0.375 0.06249994 0.34375 0.06249994 0.375 0.5 0.34375 0.4375 0.375 0.4375 0.375 0.9375001 0.34375 0.875 0.375 0.875 0.375 0.375 0.34375 0.4375 0.34375 0.375 0.375 0.875 0.34375 0.8125 0.375 0.8125 0.375 0.375 0.34375 0.3125 0.375 0.3125 0.375 0.8125 0.34375 0.7500001 0.375 0.7500001 0.375 0.25 0.34375 0.3125 0.34375 0.25 0.375 0.7500001 0.34375 0.6875001 0.375 0.6875001 0.34375 0.9375001 0.3125 0.8750001 0.34375 0.875 0.34375 0.375 0.3125 0.4375 0.3125 0.375 0.34375 0.875 0.3125 0.8125 0.34375 0.8125 0.34375 0.375 0.3125 0.3125 0.34375 0.3125 0.34375 0.8125 0.3125 0.7500001 0.34375 0.7500001 0.34375 0.25 0.3125 0.3125 0.3125 0.25 0.34375 0.7500001 0.3125 0.6875001 0.34375 0.6875001 0.34375 0.1875 0.3125 0.25 0.3125 0.1875 0.34375 0.6250001 0.3125 0.6875001 0.3125 0.6250001 0.34375 0.125 0.3125 0.1875 0.3125 0.1249998 0.34375 0.6250001 0.3125 0.5625 0.34375 0.5625 0.34375 0.06249994 0.3125 0.1249998 0.3125 0.06249994 0.34375 0.5 0.3125 0.5625 0.3125 0.5 0.34375 0.9375001 0.328125 1 0.3125 0.9375001 0.328125 0 0.34375 0.06249994 0.3125 0.06249994 0.34375 0.5 0.3125 0.4375 0.34375 0.4375 0.3125 0.6250001 0.28125 0.6875001 0.28125 0.6250001 0.3125 0.1249998 0.28125 0.1875 0.28125 0.125 0.3125 0.6250001 0.28125 0.5625 0.3125 0.5625 0.3125 0.1249998 0.28125 0.06249994 0.3125 0.06249994 0.3125 0.5 0.28125 0.5625 0.28125 0.5 0.3125 0.9375001 0.296875 1 0.28125 0.9375001 0.296875 0 0.3125 0.06249994 0.28125 0.06249994 0.3125 0.5 0.28125 0.4375 0.3125 0.4375 0.3125 0.8750001 0.28125 0.9375001 0.28125 0.875 0.3125 0.375 0.28125 0.4375 0.28125 0.375 0.3125 0.8750001 0.28125 0.8125 0.3125 0.8125 0.3125 0.375 0.28125 0.3125 0.3125 0.3125 0.3125 0.8125 0.28125 0.7500001 0.3125 0.7500001 0.3125 0.3125 0.28125 0.25 0.3125 0.25 0.3125 0.7500001 0.28125 0.6875001 0.3125 0.6875001 0.3125 0.1875 0.28125 0.25 0.28125 0.1875 0.28125 0.375 0.25 0.4375 0.25 0.375 0.28125 0.875 0.25 0.8125 0.28125 0.8125 0.28125 0.3125 0.25 0.375 0.25 0.3125 0.28125 0.8125 0.25 0.7500001 0.28125 0.7500001 0.28125 0.25 0.25 0.3125 0.25 0.2499999 0.28125 0.7500001 0.25 0.6875001 0.28125 0.6875001 0.28125 0.1875 0.25 0.2499999 0.25 0.1875 0.28125 0.6875001 0.25 0.6250001 0.28125 0.6250001 0.28125 0.125 0.25 0.1875 0.25 0.1249998 0.28125 0.6250001 0.25 0.5625 0.28125 0.5625 0.28125 0.06249994 0.25 0.1249998 0.25 0.06249994 0.28125 0.5 0.25 0.5625 0.25 0.5 0.28125 0.9375001 0.265625 1 0.25 0.9375001 0.265625 0 0.28125 0.06249994 0.25 0.06249994 0.28125 0.5 0.25 0.4375 0.28125 0.4375 0.28125 0.9375001 0.25 0.8750001 0.28125 0.875 0.25 0.1875 0.21875 0.125 0.25 0.1249998 0.25 0.6250001 0.21875 0.5625001 0.25 0.5625 0.25 0.1249998 0.21875 0.06249994 0.25 0.06249994 0.25 0.5 0.21875 0.5625001 0.21875 0.5 0.25 0.9375001 0.234375 1 0.21875 0.9375001 0.234375 0 0.25 0.06249994 0.21875 0.06249994 0.25 0.5 0.21875 0.4375 0.25 0.4375 0.25 0.8750001 0.21875 0.9375001 0.21875 0.875 0.25 0.375 0.21875 0.4375 0.21875 0.375 0.25 0.8750001 0.21875 0.8125 0.25 0.8125 0.25 0.375 0.21875 0.3125 0.25 0.3125 0.25 0.8125 0.21875 0.7500001 0.25 0.7500001 0.25 0.3125 0.21875 0.2499999 0.25 0.2499999 0.25 0.7500001 0.21875 0.6875001 0.25 0.6875001 0.25 0.1875 0.21875 0.2499999 0.21875 0.1875 0.25 0.6250001 0.21875 0.6875001 0.21875 0.6250001 0.21875 0.3125 0.1875 0.375 0.1875 0.3125 0.21875 0.8125 0.1875 0.7500001 0.21875 0.7500001 0.21875 0.2499999 0.1875 0.3125 0.1875 0.2499999 0.21875 0.7500001 0.1875 0.6875001 0.21875 0.6875001 0.21875 0.1875 0.1875 0.2499999 0.1875 0.1875 0.21875 0.6875001 0.1875 0.6250001 0.21875 0.6250001 0.21875 0.125 0.1875 0.1875 0.1875 0.1249998 0.21875 0.6250001 0.1875 0.5625001 0.21875 0.5625001 0.21875 0.06249994 0.1875 0.1249998 0.1875 0.06249994 0.21875 0.5 0.1875 0.5625001 0.1875 0.5 0.21875 0.9375001 0.203125 1 0.1875 0.9375001 0.203125 0 0.21875 0.06249994 0.1875 0.06249994 0.21875 0.5 0.1875 0.4375 0.21875 0.4375 0.21875 0.9375001 0.1875 0.8750001 0.21875 0.875 0.21875 0.375 0.1875 0.4375 0.1875 0.375 0.21875 0.875 0.1875 0.8125 0.21875 0.8125 0.1875 0.1249998 0.15625 0.06249994 0.1875 0.06249994 0.1875 0.5 0.15625 0.5625001 0.15625 0.5 0.1875 0.9375001 0.171875 1 0.15625 0.9375001 0.171875 0 0.1875 0.06249994 0.15625 0.06249994 0.1875 0.5 0.15625 0.4375 0.1875 0.4375 0.1875 0.8750001 0.15625 0.9375001 0.15625 0.8750001 0.1875 0.375 0.15625 0.4375 0.15625 0.375 0.1875 0.8750001 0.15625 0.8125001 0.1875 0.8125 0.1875 0.375 0.15625 0.3125 0.1875 0.3125 0.1875 0.8125 0.15625 0.7500001 0.1875 0.7500001 0.1875 0.2499999 0.15625 0.3125 0.15625 0.2499999 0.1875 0.7500001 0.15625 0.6875001 0.1875 0.6875001 0.1875 0.2499999 0.15625 0.1875 0.1875 0.1875 0.1875 0.6250001 0.15625 0.6875001 0.15625 0.6250001 0.1875 0.1249998 0.15625 0.1875 0.15625 0.1249998 0.1875 0.6250001 0.15625 0.5625001 0.1875 0.5625001 0.15625 0.7500001 0.125 0.8125001 0.125 0.7500001 0.15625 0.2499999 0.125 0.3125 0.125 0.2499999 0.15625 0.7500001 0.125 0.6875001 0.15625 0.6875001 0.15625 0.2499999 0.125 0.1875 0.15625 0.1875 0.15625 0.6250001 0.125 0.6875001 0.125 0.6250001 0.15625 0.1249998 0.125 0.1875 0.125 0.1249998 0.15625 0.6250001 0.125 0.5625001 0.15625 0.5625001 0.15625 0.06249994 0.125 0.1249998 0.125 0.06249994 0.15625 0.5 0.125 0.5625001 0.125 0.5 0.15625 0.9375001 0.140625 1 0.125 0.9375001 0.140625 0 0.15625 0.06249994 0.125 0.06249994 0.15625 0.5 0.125 0.4375 0.15625 0.4375 0.15625 0.9375001 0.125 0.8750001 0.15625 0.8750001 0.15625 0.375 0.125 0.4375 0.125 0.375 0.15625 0.8750001 0.125 0.8125001 0.15625 0.8125001 0.15625 0.375 0.125 0.3125 0.15625 0.3125 0.125 0.5 0.09375 0.5625001 0.09375 0.5 0.125 0.9375001 0.109375 1 0.09375 0.9375001 0.109375 0 0.125 0.06249994 0.09375 0.06249994 0.125 0.5 0.09375 0.4375 0.125 0.4375 0.125 0.9375001 0.09374994 0.8750001 0.125 0.8750001 0.125 0.375 0.09375 0.4375 0.09375 0.375 0.125 0.8750001 0.09375 0.8125001 0.125 0.8125001 0.125 0.375 0.09375 0.3125 0.125 0.3125 0.125 0.7500001 0.09375 0.8125001 0.09374994 0.7500001 0.125 0.2499999 0.09375 0.3125 0.09374994 0.2499998 0.125 0.7500001 0.09375 0.6875001 0.125 0.6875001 0.125 0.2499999 0.09375 0.1875 0.125 0.1875 0.125 0.6250001 0.09375 0.6875001 0.09375 0.6250001 0.125 0.1249998 0.09375 0.1875 0.09374994 0.1249998 0.125 0.6250001 0.09375 0.5625001 0.125 0.5625001 0.125 0.06249994 0.09374994 0.1249998 0.09375 0.06249994 0.09374994 0.2499998 0.0625 0.3125 0.0625 0.2499998 0.09374994 0.7500001 0.0625 0.6875001 0.09375 0.6875001 0.09374994 0.2499998 0.0625 0.1875 0.09375 0.1875 0.09375 0.6250001 0.0625 0.6875001 0.0625 0.6250001 0.09374994 0.1249998 0.0625 0.1875 0.0625 0.1249998 0.09375 0.6250001 0.0625 0.5625001 0.09375 0.5625001 0.09375 0.06249994 0.0625 0.1249998 0.0625 0.06249994 0.09375 0.5 0.0625 0.5625001 0.0625 0.5 0.09375 0.9375001 0.078125 1 0.0625 0.9375001 0.078125 0 0.09375 0.06249994 0.0625 0.06249994 0.09375 0.5 0.0625 0.4375 0.09375 0.4375 0.09375 0.9375001 0.0625 0.8750001 0.09374994 0.8750001 0.09375 0.375 0.0625 0.4375 0.0625 0.375 0.09374994 0.8750001 0.0625 0.8125001 0.09375 0.8125001 0.09375 0.375 0.0625 0.3125 0.09375 0.3125 0.09374994 0.7500001 0.0625 0.8125001 0.0625 0.7500001 0.0625 0.9375001 0.04687494 1 0.03124994 0.9375001 0.04687494 0 0.0625 0.06249994 0.03124994 0.06249994 0.0625 0.5 0.03125 0.4375 0.0625 0.4375 0.0625 0.9375001 0.03124994 0.8750001 0.0625 0.8750001 0.0625 0.375 0.03125 0.4375 0.03125 0.375 0.0625 0.8750001 0.03124994 0.8125001 0.0625 0.8125001 0.0625 0.375 0.03125 0.3125 0.0625 0.3125 0.0625 0.7500001 0.03124994 0.8125001 0.03124994 0.7500001 0.0625 0.2499998 0.03125 0.3125 0.03124994 0.2499998 0.0625 0.7500001 0.03125 0.6875001 0.0625 0.6875001 0.0625 0.2499998 0.03124994 0.1875 0.0625 0.1875 0.0625 0.6250001 0.03125 0.6875001 0.03125 0.6250001 0.0625 0.1249998 0.03124994 0.1875 0.03124994 0.1249998 0.0625 0.6250001 0.03125 0.5625001 0.0625 0.5625001 0.0625 0.1249998 0.03124994 0.06249994 0.0625 0.06249994 0.0625 0.5 0.03125 0.5625001 0.03124994 0.5 0.03124994 0.7500001 0 0.6875001 0.03125 0.6875001 0.03124994 0.2499998 0 0.1875 0.03124994 0.1875 0.03125 0.6875001 0 0.6250001 0.03125 0.6250001 0.03124994 0.1249998 0 0.1875 0 0.1249998 0.03125 0.6250001 0 0.5625001 0.03125 0.5625001 0.03124994 0.06249994 0 0.1249998 0 0.06249994 0.03124994 0.5 0 0.5625001 0 0.5 0.03124994 0.9375001 0.01562494 1 0 0.9375001 0.01562494 0 0.03124994 0.06249994 0 0.06249994 0.03124994 0.5 0 0.4375 0.03125 0.4375 0.03124994 0.9375001 0 0.8750001 0.03124994 0.8750001 0.03125 0.375 0 0.4375 0 0.375 0.03124994 0.8750001 0 0.8125001 0.03124994 0.8125001 0.03125 0.3125 0 0.375 0 0.3124999 0.03124994 0.8125001 0 0.7500001 0.03124994 0.7500001 0.03124994 0.2499998 0 0.3124999 0 0.2499998 1 0.5 0.96875 0.4375 1 0.4375 1 0.8750001 0.96875 0.9375001 0.96875 0.8750001 1 0.375 0.96875 0.4375 0.96875 0.375 1 0.8125001 0.96875 0.8750001 0.96875 0.8125001 1 0.375 0.96875 0.3125 1 0.3124999 1 0.7500001 0.96875 0.8125001 0.96875 0.7500001 1 0.2499998 0.96875 0.3125 0.96875 0.2499998 1 0.7500001 0.96875 0.6875001 1 0.6875001 1 0.2499998 0.96875 0.1875 1 0.1875 1 0.6250001 0.96875 0.6875001 0.96875 0.6250001 1 0.1875 0.96875 0.1249998 1 0.1249998 1 0.6250001 0.96875 0.5625001 1 0.5625001 1 0.1249998 0.96875 0.06249994 1 0.06249994 1 0.5 0.96875 0.5625001 0.96875 0.5 1 0.9375001 0.984375 1 0.96875 0.9375001 0.984375 0 1 0.06249994 0.96875 0.06249994 0.96875 0.2499998 0.9375 0.1875 0.96875 0.1875 0.96875 0.6875001 0.9375 0.6250001 0.96875 0.6250001 0.96875 0.1249998 0.9375 0.1875 0.9375 0.1249998 0.96875 0.6250001 0.9375 0.5625001 0.96875 0.5625001 0.96875 0.1249998 0.9375 0.06249994 0.96875 0.06249994 0.96875 0.5 0.9375 0.5625001 0.9375 0.5 0.96875 0.9375001 0.953125 1 0.9375 0.9375001 0.953125 0 0.96875 0.06249994 0.9375 0.06249994 0.96875 0.5 0.9375 0.4375 0.96875 0.4375 0.96875 0.9375001 0.9375 0.8750001 0.96875 0.8750001 0.96875 0.375 0.9375 0.4375 0.9375 0.375 0.96875 0.8750001 0.9375 0.8125001 0.96875 0.8125001 0.96875 0.3125 0.9375 0.375 0.9375 0.3124999 0.96875 0.7500001 0.9375 0.8125001 0.9375 0.7500001 0.96875 0.2499998 0.9375 0.3124999 0.9375 0.2499998 0.96875 0.7500001 0.9375 0.6875001 0.96875 0.6875001 0.9375 0.375 0.90625 0.4375 0.90625 0.375 0.9375 0.8750001 0.90625 0.8125001 0.9375 0.8125001 0.9375 0.375 0.90625 0.3124999 0.9375 0.3124999 0.9375 0.7500001 0.90625 0.8125001 0.90625 0.7500002 0.9375 0.2499998 0.90625 0.3124999 0.90625 0.2499998 0.9375 0.7500001 0.90625 0.6875001 0.9375 0.6875001 0.9375 0.2499998 0.90625 0.1875 0.9375 0.1875 0.9375 0.6250001 0.90625 0.6875001 0.90625 0.6250001 0.9375 0.1249998 0.90625 0.1875 0.90625 0.1249998 0.9375 0.6250001 0.90625 0.5625001 0.9375 0.5625001 0.9375 0.1249998 0.90625 0.06249994 0.9375 0.06249994 0.9375 0.5 0.90625 0.5625001 0.90625 0.5 0.9375 0.9375001 0.921875 1 0.90625 0.9375001 0.921875 0 0.9375 0.06249994 0.90625 0.06249994 0.9375 0.5 0.90625 0.4375 0.9375 0.4375 0.9375 0.9375001 0.90625 0.8750001 0.9375 0.8750001 0.90625 0.1249998 0.875 0.1875 0.875 0.1249998 0.90625 0.6250001 0.875 0.5625001 0.90625 0.5625001 0.90625 0.06249994 0.875 0.1249998 0.875 0.06249994 0.90625 0.5 0.875 0.5625001 0.875 0.5 0.90625 0.9375001 0.890625 1 0.875 0.9375001 0.890625 0 0.90625 0.06249994 0.875 0.06249994 0.90625 0.5 0.875 0.4375 0.90625 0.4375 0.90625 0.9375001 0.875 0.8750001 0.90625 0.8750001 0.90625 0.375 0.875 0.4375 0.875 0.375 0.90625 0.8750001 0.875 0.8125001 0.90625 0.8125001 0.90625 0.375 0.875 0.3124999 0.90625 0.3124999 0.90625 0.7500002 0.875 0.8125001 0.875 0.7500002 0.90625 0.2499998 0.875 0.3124999 0.875 0.2499998 0.90625 0.7500002 0.875 0.6875001 0.90625 0.6875001 0.90625 0.2499998 0.875 0.1875 0.90625 0.1875 0.90625 0.6250001 0.875 0.6875001 0.875 0.6250001 0.875 0.8125001 0.84375 0.8750001 0.84375 0.8125001 0.875 0.375 0.84375 0.3124999 0.875 0.3124999 0.875 0.7500002 0.84375 0.8125001 0.84375 0.7500002 0.875 0.2499998 0.84375 0.3124999 0.84375 0.2499998 0.875 0.7500002 0.84375 0.6875001 0.875 0.6875001 0.875 0.2499998 0.84375 0.1875 0.875 0.1875 0.875 0.6250001 0.84375 0.6875001 0.84375 0.6250001 0.875 0.1875 0.84375 0.1249998 0.875 0.1249998 0.875 0.6250001 0.84375 0.5625001 0.875 0.5625001 0.875 0.06249994 0.84375 0.1249998 0.84375 0.06249994 0.875 0.5 0.84375 0.5625001 0.84375 0.5 0.875 0.9375001 0.859375 1 0.84375 0.9375001 0.859375 0 0.875 0.06249994 0.84375 0.06249994 0.875 0.5 0.84375 0.4375 0.875 0.4375 0.875 0.9375001 0.84375 0.8750001 0.875 0.8750001 0.875 0.375 0.84375 0.4375 0.84375 0.375 0.84375 0.6250001 0.8125 0.5625001 0.84375 0.5625001 0.84375 0.1249998 0.8125 0.06249994 0.84375 0.06249994 0.84375 0.5 0.8125 0.5625001 0.8125 0.5 0.84375 0.9375001 0.828125 1 0.8125 0.9375001 0.828125 0 0.84375 0.06249994 0.8125 0.06249994 0.84375 0.5 0.8125 0.4375 0.84375 0.4375 0.84375 0.8750001 0.8125 0.9375001 0.8125 0.8750001 0.84375 0.375 0.8125 0.4375 0.8125 0.375 0.84375 0.8125001 0.8125 0.8750001 0.8125 0.8125001 0.84375 0.375 0.8125 0.3124999 0.84375 0.3124999 0.84375 0.7500002 0.8125 0.8125001 0.8125 0.7500002 0.84375 0.2499998 0.8125 0.3124999 0.8125 0.2499998 0.84375 0.7500002 0.8125 0.6875001 0.84375 0.6875001 0.84375 0.2499998 0.8125 0.1875 0.84375 0.1875 0.84375 0.6250001 0.8125 0.6875001 0.8125 0.6250001 0.84375 0.1875 0.8125 0.1249998 0.84375 0.1249998 0.8125 0.375 0.78125 0.3124999 0.8125 0.3124999 0.8125 0.8125001 0.78125 0.7500002 0.8125 0.7500002 0.8125 0.2499998 0.78125 0.3124999 0.78125 0.2499998 0.8125 0.7500002 0.78125 0.6875001 0.8125 0.6875001 0.8125 0.2499998 0.78125 0.1875 0.8125 0.1875 0.8125 0.6250001 0.78125 0.6875001 0.78125 0.6250001 0.8125 0.1249998 0.78125 0.1875 0.78125 0.1249998 0.8125 0.6250001 0.78125 0.5625001 0.8125 0.5625001 0.8125 0.1249998 0.78125 0.06249994 0.8125 0.06249994 0.8125 0.5 0.78125 0.5625001 0.78125 0.5 0.8125 0.9375001 0.796875 1 0.78125 0.9375001 0.796875 0 0.8125 0.06249994 0.78125 0.06249994 0.8125 0.5 0.78125 0.4375 0.8125 0.4375 0.8125 0.9375001 0.78125 0.8750001 0.8125 0.8750001 0.8125 0.375 0.78125 0.4375 0.78125 0.375 0.8125 0.8750001 0.78125 0.8125001 0.8125 0.8125001 0.78125 0.06249994 0.75 0.1249998 0.75 0.06249994 0.78125 0.5 0.75 0.5625001 0.75 0.5 0.78125 0.9375001 0.765625 1 0.75 0.9375001 0.765625 0 0.78125 0.06249994 0.75 0.06249994 0.78125 0.5 0.75 0.4375 0.78125 0.4375 0.78125 0.8750001 0.75 0.9375001 0.75 0.8750001 0.78125 0.4375 0.75 0.375 0.78125 0.375 0.78125 0.8125001 0.75 0.8750001 0.75 0.8125 0.78125 0.375 0.75 0.3124999 0.78125 0.3124999 0.78125 0.7500002 0.75 0.8125 0.75 0.75 0.78125 0.3124999 0.75 0.25 0.78125 0.2499998 0.78125 0.6875001 0.75 0.75 0.75 0.6875001 0.78125 0.2499998 0.75 0.1875 0.78125 0.1875 0.78125 0.6250001 0.75 0.6875001 0.75 0.625 0.78125 0.1875 0.75 0.1249998 0.78125 0.1249998 0.78125 0.5625001 0.75 0.625 0.75 0.5625001 0.75 0.5625001 0.75 0.625 0.71875 0.625 0.75 0.1249998 0.71875 0.125 0.71875 0.06249994 0.75 0.5625001 0.71875 0.5625 0.71875 0.5 0.75 0.5 0.71875 0.5 0.71875 0.4375 0.75 0.8750001 0.75 0.9375001 0.71875 0.9375001 0.75 0.375 0.75 0.4375 0.71875 0.4375 0.75 0.8125 0.75 0.8750001 0.71875 0.875 0.75 0.375 0.71875 0.375 0.71875 0.3125 0.75 0.8125 0.71875 0.8125 0.71875 0.75 0.75 0.3124999 0.71875 0.3125 0.71875 0.25 0.75 0.6875001 0.75 0.75 0.71875 0.75 0.75 0.1875 0.75 0.25 0.71875 0.25 0.75 0.625 0.75 0.6875001 0.71875 0.6875 0.75 0.1875 0.71875 0.1875 0.71875 0.125 0.71875 0.6875 0.6875 0.6875 0.6875 0.625 0.71875 0.125 0.71875 0.1875 0.6875 0.1875 0.71875 0.625 0.6875 0.625 0.6875 0.5625 0.71875 0.06249994 0.71875 0.125 0.6875 0.125 0.71875 0.5 0.71875 0.5625 0.6875 0.5625 0.71875 0.5 0.6875 0.5 0.6875 0.4375 0.71875 0.9375001 0.6875 0.9375001 0.6875 0.875 0.71875 0.375 0.71875 0.4375 0.6875 0.4375 0.71875 0.875 0.6875 0.875 0.6875 0.8125 0.71875 0.3125 0.71875 0.375 0.6875 0.375 0.71875 0.8125 0.6875 0.8125 0.6875 0.75 0.71875 0.25 0.71875 0.3125 0.6875 0.3125 0.71875 0.75 0.6875 0.75 0.6875 0.6875 0.71875 0.1875 0.71875 0.25 0.6875 0.25 0.6875 0.375 0.6875 0.4375 0.65625 0.4375 0.6875 0.875 0.65625 0.875 0.65625 0.8125 0.6875 0.3125 0.6875 0.375 0.65625 0.375 0.6875 0.75 0.6875 0.8125 0.65625 0.8125 0.6875 0.25 0.6875 0.3125 0.65625 0.3125 0.6875 0.75 0.65625 0.75 0.65625 0.6875 0.6875 0.25 0.65625 0.25 0.65625 0.1875 0.6875 0.6875 0.65625 0.6875 0.65625 0.625 0.6875 0.125 0.6875 0.1875 0.65625 0.1875 0.6875 0.625 0.65625 0.625 0.65625 0.5625 0.6875 0.06249994 0.6875 0.125 0.65625 0.125 0.6875 0.5 0.6875 0.5625 0.65625 0.5625 0.6875 0.5 0.65625 0.5 0.65625 0.4375 0.6875 0.9375001 0.65625 0.9375001 0.65625 0.875 0.65625 0.125 0.65625 0.1875 0.625 0.1875 0.65625 0.625 0.625 0.6250001 0.625 0.5625 0.65625 0.06249994 0.65625 0.125 0.625 0.125 0.65625 0.5 0.65625 0.5625 0.625 0.5625 0.65625 0.5 0.625 0.5 0.625 0.4375 0.65625 0.9375001 0.625 0.9375001 0.625 0.875 0.65625 0.375 0.65625 0.4375 0.625 0.4375 0.65625 0.875 0.625 0.875 0.625 0.8125 0.65625 0.3125 0.65625 0.375 0.625 0.375 0.65625 0.75 0.65625 0.8125 0.625 0.8125 0.65625 0.3125 0.625 0.3125 0.625 0.25 0.65625 0.75 0.625 0.75 0.625 0.6875 0.65625 0.25 0.625 0.25 0.625 0.1875 0.65625 0.6875 0.625 0.6875 0.625 0.6250001 0.625 0.875 0.59375 0.875 0.59375 0.8125 0.625 0.375 0.59375 0.375 0.59375 0.3125 0.625 0.75 0.625 0.8125 0.59375 0.8125 0.625 0.3125 0.59375 0.3125 0.59375 0.25 0.625 0.75 0.59375 0.75 0.59375 0.6875 0.625 0.25 0.59375 0.25 0.59375 0.1875 0.625 0.6250001 0.625 0.6875 0.59375 0.6875 0.625 0.125 0.625 0.1875 0.59375 0.1875 0.625 0.6250001 0.59375 0.6250001 0.59375 0.5625 0.625 0.06249994 0.625 0.125 0.59375 0.125 0.625 0.5 0.625 0.5625 0.59375 0.5625 0.625 0.5 0.59375 0.5 0.59375 0.4375 0.625 0.9375001 0.59375 0.9375001 0.59375 0.875 0.625 0.375 0.625 0.4375 0.59375 0.4375 0.59375 0.6250001 0.5625 0.6250001 0.5625 0.5625 0.59375 0.06249994 0.59375 0.125 0.5625 0.125 0.59375 0.5 0.59375 0.5625 0.5625 0.5625 0.59375 0.5 0.5625 0.5 0.5625 0.4375 0.59375 0.9375001 0.5625 0.9375001 0.5625 0.875 0.59375 0.375 0.59375 0.4375 0.5625 0.4375 0.59375 0.875 0.5625 0.875 0.5625 0.8125 0.59375 0.375 0.5625 0.375 0.5625 0.3125 0.59375 0.75 0.59375 0.8125 0.5625 0.8125 0.59375 0.3125 0.5625 0.3125 0.5625 0.25 0.59375 0.6875 0.59375 0.75 0.5625 0.75 0.59375 0.25 0.5625 0.25 0.5625 0.1875 0.59375 0.6250001 0.59375 0.6875 0.5625 0.6875 0.59375 0.125 0.59375 0.1875 0.5625 0.1875 0.5625 0.375 0.53125 0.375 0.53125 0.3125 0.5625 0.8125 0.53125 0.8125 0.53125 0.75 0.5625 0.25 0.5625 0.3125 0.53125 0.3125 0.5625 0.75 0.53125 0.75 0.53125 0.6875 0.5625 0.1875 0.5625 0.25 0.53125 0.25 0.5625 0.6250001 0.5625 0.6875 0.53125 0.6875 0.5625 0.125 0.5625 0.1875 0.53125 0.1875 0.5625 0.6250001 0.53125 0.6250001 0.53125 0.5625 0.5625 0.06249994 0.5625 0.125 0.53125 0.125 0.5625 0.5 0.5625 0.5625 0.53125 0.5625 0.5625 0.5 0.53125 0.5 0.53125 0.4375 0.5625 0.9375001 0.53125 0.9375001 0.53125 0.875 0.5625 0.375 0.5625 0.4375 0.53125 0.4375 0.5625 0.875 0.53125 0.875 0.53125 0.8125 0.53125 0.06249994 0.53125 0.125 0.5 0.125 0.53125 0.5 0.53125 0.5625 0.5 0.5625 0.53125 0.5 0.5 0.5 0.5 0.4375 0.53125 0.9375001 0.5 0.9375001 0.5 0.875 0.53125 0.375 0.53125 0.4375 0.5 0.4375 0.53125 0.875 0.5 0.875 0.5 0.8125 0.53125 0.375 0.5 0.375 0.5 0.3125 0.53125 0.8125 0.5 0.8125 0.5 0.75 0.53125 0.25 0.53125 0.3125 0.5 0.3125 0.53125 0.75 0.5 0.75 0.5 0.6875001 0.53125 0.1875 0.53125 0.25 0.5 0.25 0.53125 0.6250001 0.53125 0.6875 0.5 0.6875001 0.53125 0.125 0.53125 0.1875 0.5 0.1875 0.53125 0.6250001 0.5 0.6250001 0.5 0.5625 0.5 0.3125 0.46875 0.3125 0.46875 0.25 0.5 0.75 0.46875 0.75 0.46875 0.6875 0.5 0.1875 0.5 0.25 0.46875 0.25 0.5 0.6250001 0.5 0.6875001 0.46875 0.6875 0.5 0.125 0.5 0.1875 0.46875 0.1875 0.5 0.6250001 0.46875 0.6250001 0.46875 0.5625 0.5 0.06249994 0.5 0.125 0.46875 0.125 0.5 0.5 0.5 0.5625 0.46875 0.5625 0.5 0.5 0.46875 0.5 0.46875 0.4375 0.5 0.9375001 0.46875 0.9375001 0.46875 0.875 0.5 0.375 0.5 0.4375 0.46875 0.4375 0.5 0.875 0.46875 0.875 0.46875 0.8125 0.5 0.375 0.46875 0.375 0.46875 0.3125 0.5 0.8125 0.46875 0.8125 0.46875 0.75 0.46875 0.5 0.4375 0.5 0.4375 0.4375 0.46875 0.9375001 0.4375 0.9375001 0.4375 0.875 0.46875 0.375 0.46875 0.4375 0.4375 0.4375 0.46875 0.875 0.4375 0.875 0.4375 0.8125 0.46875 0.375 0.4375 0.375 0.4375 0.3125 0.46875 0.8125 0.4375 0.8125 0.4375 0.7500001 0.46875 0.25 0.46875 0.3125 0.4375 0.3125 0.46875 0.75 0.4375 0.7500001 0.4375 0.6875001 0.46875 0.1875 0.46875 0.25 0.4375 0.25 0.46875 0.6250001 0.46875 0.6875 0.4375 0.6875001 0.46875 0.125 0.46875 0.1875 0.4375 0.1875 0.46875 0.6250001 0.4375 0.6250001 0.4375 0.5625 0.46875 0.06249994 0.46875 0.125 0.4375 0.125 0.46875 0.5 0.46875 0.5625 0.4375 0.5625 0.4375 0.7500001 0.40625 0.7500001 0.40625 0.6875001 0.4375 0.1875 0.4375 0.25 0.40625 0.25 0.4375 0.6250001 0.4375 0.6875001 0.40625 0.6875001 0.4375 0.125 0.4375 0.1875 0.40625 0.1875 0.4375 0.6250001 0.40625 0.6250001 0.40625 0.5625 0.4375 0.06249994 0.4375 0.125 0.40625 0.125 0.4375 0.5 0.4375 0.5625 0.40625 0.5625 0.4375 0.5 0.40625 0.5 0.40625 0.4375 0.4375 0.9375001 0.40625 0.9375001 0.40625 0.875 0.4375 0.375 0.4375 0.4375 0.40625 0.4375 0.4375 0.875 0.40625 0.875 0.40625 0.8125 0.4375 0.375 0.40625 0.375 0.40625 0.3125 0.4375 0.8125 0.40625 0.8125 0.40625 0.7500001 0.4375 0.25 0.4375 0.3125 0.40625 0.3125 0.40625 0.5 0.375 0.5 0.375 0.4375 0.40625 0.9375001 0.375 0.9375001 0.375 0.875 0.40625 0.375 0.40625 0.4375 0.375 0.4375 0.40625 0.875 0.375 0.875 0.375 0.8125 0.40625 0.375 0.375 0.375 0.375 0.3125 0.40625 0.8125 0.375 0.8125 0.375 0.7500001 0.40625 0.25 0.40625 0.3125 0.375 0.3125 0.40625 0.7500001 0.375 0.7500001 0.375 0.6875001 0.40625 0.25 0.375 0.25 0.375 0.1875 0.40625 0.6250001 0.40625 0.6875001 0.375 0.6875001 0.40625 0.125 0.40625 0.1875 0.375 0.1875 0.40625 0.6250001 0.375 0.6250001 0.375 0.5625 0.40625 0.06249994 0.40625 0.125 0.375 0.125 0.40625 0.5 0.40625 0.5625 0.375 0.5625 0.375 0.1875 0.375 0.25 0.34375 0.25 0.375 0.6250001 0.375 0.6875001 0.34375 0.6875001 0.375 0.125 0.375 0.1875 0.34375 0.1875 0.375 0.6250001 0.34375 0.6250001 0.34375 0.5625 0.375 0.06249994 0.375 0.125 0.34375 0.125 0.375 0.5 0.375 0.5625 0.34375 0.5625 0.375 0.5 0.34375 0.5 0.34375 0.4375 0.375 0.9375001 0.34375 0.9375001 0.34375 0.875 0.375 0.375 0.375 0.4375 0.34375 0.4375 0.375 0.875 0.34375 0.875 0.34375 0.8125 0.375 0.375 0.34375 0.375 0.34375 0.3125 0.375 0.8125 0.34375 0.8125 0.34375 0.7500001 0.375 0.25 0.375 0.3125 0.34375 0.3125 0.375 0.7500001 0.34375 0.7500001 0.34375 0.6875001 0.34375 0.9375001 0.3125 0.9375001 0.3125 0.8750001 0.34375 0.375 0.34375 0.4375 0.3125 0.4375 0.34375 0.875 0.3125 0.8750001 0.3125 0.8125 0.34375 0.375 0.3125 0.375 0.3125 0.3125 0.34375 0.8125 0.3125 0.8125 0.3125 0.7500001 0.34375 0.25 0.34375 0.3125 0.3125 0.3125 0.34375 0.7500001 0.3125 0.7500001 0.3125 0.6875001 0.34375 0.1875 0.34375 0.25 0.3125 0.25 0.34375 0.6250001 0.34375 0.6875001 0.3125 0.6875001 0.34375 0.125 0.34375 0.1875 0.3125 0.1875 0.34375 0.6250001 0.3125 0.6250001 0.3125 0.5625 0.34375 0.06249994 0.34375 0.125 0.3125 0.1249998 0.34375 0.5 0.34375 0.5625 0.3125 0.5625 0.34375 0.5 0.3125 0.5 0.3125 0.4375 0.3125 0.6250001 0.3125 0.6875001 0.28125 0.6875001 0.3125 0.1249998 0.3125 0.1875 0.28125 0.1875 0.3125 0.6250001 0.28125 0.6250001 0.28125 0.5625 0.3125 0.1249998 0.28125 0.125 0.28125 0.06249994 0.3125 0.5 0.3125 0.5625 0.28125 0.5625 0.3125 0.5 0.28125 0.5 0.28125 0.4375 0.3125 0.8750001 0.3125 0.9375001 0.28125 0.9375001 0.3125 0.375 0.3125 0.4375 0.28125 0.4375 0.3125 0.8750001 0.28125 0.875 0.28125 0.8125 0.3125 0.375 0.28125 0.375 0.28125 0.3125 0.3125 0.8125 0.28125 0.8125 0.28125 0.7500001 0.3125 0.3125 0.28125 0.3125 0.28125 0.25 0.3125 0.7500001 0.28125 0.7500001 0.28125 0.6875001 0.3125 0.1875 0.3125 0.25 0.28125 0.25 0.28125 0.375 0.28125 0.4375 0.25 0.4375 0.28125 0.875 0.25 0.8750001 0.25 0.8125 0.28125 0.3125 0.28125 0.375 0.25 0.375 0.28125 0.8125 0.25 0.8125 0.25 0.7500001 0.28125 0.25 0.28125 0.3125 0.25 0.3125 0.28125 0.7500001 0.25 0.7500001 0.25 0.6875001 0.28125 0.1875 0.28125 0.25 0.25 0.2499999 0.28125 0.6875001 0.25 0.6875001 0.25 0.6250001 0.28125 0.125 0.28125 0.1875 0.25 0.1875 0.28125 0.6250001 0.25 0.6250001 0.25 0.5625 0.28125 0.06249994 0.28125 0.125 0.25 0.1249998 0.28125 0.5 0.28125 0.5625 0.25 0.5625 0.28125 0.5 0.25 0.5 0.25 0.4375 0.28125 0.9375001 0.25 0.9375001 0.25 0.8750001 0.25 0.1875 0.21875 0.1875 0.21875 0.125 0.25 0.6250001 0.21875 0.6250001 0.21875 0.5625001 0.25 0.1249998 0.21875 0.125 0.21875 0.06249994 0.25 0.5 0.25 0.5625 0.21875 0.5625001 0.25 0.5 0.21875 0.5 0.21875 0.4375 0.25 0.8750001 0.25 0.9375001 0.21875 0.9375001 0.25 0.375 0.25 0.4375 0.21875 0.4375 0.25 0.8750001 0.21875 0.875 0.21875 0.8125 0.25 0.375 0.21875 0.375 0.21875 0.3125 0.25 0.8125 0.21875 0.8125 0.21875 0.7500001 0.25 0.3125 0.21875 0.3125 0.21875 0.2499999 0.25 0.7500001 0.21875 0.7500001 0.21875 0.6875001 0.25 0.1875 0.25 0.2499999 0.21875 0.2499999 0.25 0.6250001 0.25 0.6875001 0.21875 0.6875001 0.21875 0.3125 0.21875 0.375 0.1875 0.375 0.21875 0.8125 0.1875 0.8125 0.1875 0.7500001 0.21875 0.2499999 0.21875 0.3125 0.1875 0.3125 0.21875 0.7500001 0.1875 0.7500001 0.1875 0.6875001 0.21875 0.1875 0.21875 0.2499999 0.1875 0.2499999 0.21875 0.6875001 0.1875 0.6875001 0.1875 0.6250001 0.21875 0.125 0.21875 0.1875 0.1875 0.1875 0.21875 0.6250001 0.1875 0.6250001 0.1875 0.5625001 0.21875 0.06249994 0.21875 0.125 0.1875 0.1249998 0.21875 0.5 0.21875 0.5625001 0.1875 0.5625001 0.21875 0.5 0.1875 0.5 0.1875 0.4375 0.21875 0.9375001 0.1875 0.9375001 0.1875 0.8750001 0.21875 0.375 0.21875 0.4375 0.1875 0.4375 0.21875 0.875 0.1875 0.8750001 0.1875 0.8125 0.1875 0.1249998 0.15625 0.1249998 0.15625 0.06249994 0.1875 0.5 0.1875 0.5625001 0.15625 0.5625001 0.1875 0.5 0.15625 0.5 0.15625 0.4375 0.1875 0.8750001 0.1875 0.9375001 0.15625 0.9375001 0.1875 0.375 0.1875 0.4375 0.15625 0.4375 0.1875 0.8750001 0.15625 0.8750001 0.15625 0.8125001 0.1875 0.375 0.15625 0.375 0.15625 0.3125 0.1875 0.8125 0.15625 0.8125001 0.15625 0.7500001 0.1875 0.2499999 0.1875 0.3125 0.15625 0.3125 0.1875 0.7500001 0.15625 0.7500001 0.15625 0.6875001 0.1875 0.2499999 0.15625 0.2499999 0.15625 0.1875 0.1875 0.6250001 0.1875 0.6875001 0.15625 0.6875001 0.1875 0.1249998 0.1875 0.1875 0.15625 0.1875 0.1875 0.6250001 0.15625 0.6250001 0.15625 0.5625001 0.15625 0.7500001 0.15625 0.8125001 0.125 0.8125001 0.15625 0.2499999 0.15625 0.3125 0.125 0.3125 0.15625 0.7500001 0.125 0.7500001 0.125 0.6875001 0.15625 0.2499999 0.125 0.2499999 0.125 0.1875 0.15625 0.6250001 0.15625 0.6875001 0.125 0.6875001 0.15625 0.1249998 0.15625 0.1875 0.125 0.1875 0.15625 0.6250001 0.125 0.6250001 0.125 0.5625001 0.15625 0.06249994 0.15625 0.1249998 0.125 0.1249998 0.15625 0.5 0.15625 0.5625001 0.125 0.5625001 0.15625 0.5 0.125 0.5 0.125 0.4375 0.15625 0.9375001 0.125 0.9375001 0.125 0.8750001 0.15625 0.375 0.15625 0.4375 0.125 0.4375 0.15625 0.8750001 0.125 0.8750001 0.125 0.8125001 0.15625 0.375 0.125 0.375 0.125 0.3125 0.125 0.5 0.125 0.5625001 0.09375 0.5625001 0.125 0.5 0.09375 0.5 0.09375 0.4375 0.125 0.9375001 0.09375 0.9375001 0.09374994 0.8750001 0.125 0.375 0.125 0.4375 0.09375 0.4375 0.125 0.8750001 0.09374994 0.8750001 0.09375 0.8125001 0.125 0.375 0.09375 0.375 0.09375 0.3125 0.125 0.7500001 0.125 0.8125001 0.09375 0.8125001 0.125 0.2499999 0.125 0.3125 0.09375 0.3125 0.125 0.7500001 0.09374994 0.7500001 0.09375 0.6875001 0.125 0.2499999 0.09374994 0.2499998 0.09375 0.1875 0.125 0.6250001 0.125 0.6875001 0.09375 0.6875001 0.125 0.1249998 0.125 0.1875 0.09375 0.1875 0.125 0.6250001 0.09375 0.6250001 0.09375 0.5625001 0.125 0.06249994 0.125 0.1249998 0.09374994 0.1249998 0.09374994 0.2499998 0.09375 0.3125 0.0625 0.3125 0.09374994 0.7500001 0.0625 0.7500001 0.0625 0.6875001 0.09374994 0.2499998 0.0625 0.2499998 0.0625 0.1875 0.09375 0.6250001 0.09375 0.6875001 0.0625 0.6875001 0.09374994 0.1249998 0.09375 0.1875 0.0625 0.1875 0.09375 0.6250001 0.0625 0.6250001 0.0625 0.5625001 0.09375 0.06249994 0.09374994 0.1249998 0.0625 0.1249998 0.09375 0.5 0.09375 0.5625001 0.0625 0.5625001 0.09375 0.5 0.0625 0.5 0.0625 0.4375 0.09375 0.9375001 0.0625 0.9375001 0.0625 0.8750001 0.09375 0.375 0.09375 0.4375 0.0625 0.4375 0.09374994 0.8750001 0.0625 0.8750001 0.0625 0.8125001 0.09375 0.375 0.0625 0.375 0.0625 0.3125 0.09374994 0.7500001 0.09375 0.8125001 0.0625 0.8125001 0.0625 0.5 0.03124994 0.5 0.03125 0.4375 0.0625 0.9375001 0.03124994 0.9375001 0.03124994 0.8750001 0.0625 0.375 0.0625 0.4375 0.03125 0.4375 0.0625 0.8750001 0.03124994 0.8750001 0.03124994 0.8125001 0.0625 0.375 0.03125 0.375 0.03125 0.3125 0.0625 0.7500001 0.0625 0.8125001 0.03124994 0.8125001 0.0625 0.2499998 0.0625 0.3125 0.03125 0.3125 0.0625 0.7500001 0.03124994 0.7500001 0.03125 0.6875001 0.0625 0.2499998 0.03124994 0.2499998 0.03124994 0.1875 0.0625 0.6250001 0.0625 0.6875001 0.03125 0.6875001 0.0625 0.1249998 0.0625 0.1875 0.03124994 0.1875 0.0625 0.6250001 0.03125 0.6250001 0.03125 0.5625001 0.0625 0.1249998 0.03124994 0.1249998 0.03124994 0.06249994 0.0625 0.5 0.0625 0.5625001 0.03125 0.5625001 0.03124994 0.7500001 0 0.7500001 0 0.6875001 0.03124994 0.2499998 0 0.2499998 0 0.1875 0.03125 0.6875001 0 0.6875001 0 0.6250001 0.03124994 0.1249998 0.03124994 0.1875 0 0.1875 0.03125 0.6250001 0 0.6250001 0 0.5625001 0.03124994 0.06249994 0.03124994 0.1249998 0 0.1249998 0.03124994 0.5 0.03125 0.5625001 0 0.5625001 0.03124994 0.5 0 0.5 0 0.4375 0.03124994 0.9375001 0 0.9375001 0 0.8750001 0.03125 0.375 0.03125 0.4375 0 0.4375 0.03124994 0.8750001 0 0.8750001 0 0.8125001 0.03125 0.3125 0.03125 0.375 0 0.375 0.03124994 0.8125001 0 0.8125001 0 0.7500001 0.03124994 0.2499998 0.03125 0.3125 0 0.3124999 1 0.5 0.96875 0.5 0.96875 0.4375 1 0.8750001 1 0.9375001 0.96875 0.9375001 1 0.375 1 0.4375 0.96875 0.4375 1 0.8125001 1 0.8750001 0.96875 0.8750001 1 0.375 0.96875 0.375 0.96875 0.3125 1 0.7500001 1 0.8125001 0.96875 0.8125001 1 0.2499998 1 0.3124999 0.96875 0.3125 1 0.7500001 0.96875 0.7500001 0.96875 0.6875001 1 0.2499998 0.96875 0.2499998 0.96875 0.1875 1 0.6250001 1 0.6875001 0.96875 0.6875001 1 0.1875 0.96875 0.1875 0.96875 0.1249998 1 0.6250001 0.96875 0.6250001 0.96875 0.5625001 1 0.1249998 0.96875 0.1249998 0.96875 0.06249994 1 0.5 1 0.5625001 0.96875 0.5625001 0.96875 0.2499998 0.9375 0.2499998 0.9375 0.1875 0.96875 0.6875001 0.9375 0.6875001 0.9375 0.6250001 0.96875 0.1249998 0.96875 0.1875 0.9375 0.1875 0.96875 0.6250001 0.9375 0.6250001 0.9375 0.5625001 0.96875 0.1249998 0.9375 0.1249998 0.9375 0.06249994 0.96875 0.5 0.96875 0.5625001 0.9375 0.5625001 0.96875 0.5 0.9375 0.5 0.9375 0.4375 0.96875 0.9375001 0.9375 0.9375001 0.9375 0.8750001 0.96875 0.375 0.96875 0.4375 0.9375 0.4375 0.96875 0.8750001 0.9375 0.8750001 0.9375 0.8125001 0.96875 0.3125 0.96875 0.375 0.9375 0.375 0.96875 0.7500001 0.96875 0.8125001 0.9375 0.8125001 0.96875 0.2499998 0.96875 0.3125 0.9375 0.3124999 0.96875 0.7500001 0.9375 0.7500001 0.9375 0.6875001 0.9375 0.375 0.9375 0.4375 0.90625 0.4375 0.9375 0.8750001 0.90625 0.8750001 0.90625 0.8125001 0.9375 0.375 0.90625 0.375 0.90625 0.3124999 0.9375 0.7500001 0.9375 0.8125001 0.90625 0.8125001 0.9375 0.2499998 0.9375 0.3124999 0.90625 0.3124999 0.9375 0.7500001 0.90625 0.7500002 0.90625 0.6875001 0.9375 0.2499998 0.90625 0.2499998 0.90625 0.1875 0.9375 0.6250001 0.9375 0.6875001 0.90625 0.6875001 0.9375 0.1249998 0.9375 0.1875 0.90625 0.1875 0.9375 0.6250001 0.90625 0.6250001 0.90625 0.5625001 0.9375 0.1249998 0.90625 0.1249998 0.90625 0.06249994 0.9375 0.5 0.9375 0.5625001 0.90625 0.5625001 0.9375 0.5 0.90625 0.5 0.90625 0.4375 0.9375 0.9375001 0.90625 0.9375001 0.90625 0.8750001 0.90625 0.1249998 0.90625 0.1875 0.875 0.1875 0.90625 0.6250001 0.875 0.6250001 0.875 0.5625001 0.90625 0.06249994 0.90625 0.1249998 0.875 0.1249998 0.90625 0.5 0.90625 0.5625001 0.875 0.5625001 0.90625 0.5 0.875 0.5 0.875 0.4375 0.90625 0.9375001 0.875 0.9375001 0.875 0.8750001 0.90625 0.375 0.90625 0.4375 0.875 0.4375 0.90625 0.8750001 0.875 0.8750001 0.875 0.8125001 0.90625 0.375 0.875 0.375 0.875 0.3124999 0.90625 0.7500002 0.90625 0.8125001 0.875 0.8125001 0.90625 0.2499998 0.90625 0.3124999 0.875 0.3124999 0.90625 0.7500002 0.875 0.7500002 0.875 0.6875001 0.90625 0.2499998 0.875 0.2499998 0.875 0.1875 0.90625 0.6250001 0.90625 0.6875001 0.875 0.6875001 0.875 0.8125001 0.875 0.8750001 0.84375 0.8750001 0.875 0.375 0.84375 0.375 0.84375 0.3124999 0.875 0.7500002 0.875 0.8125001 0.84375 0.8125001 0.875 0.2499998 0.875 0.3124999 0.84375 0.3124999 0.875 0.7500002 0.84375 0.7500002 0.84375 0.6875001 0.875 0.2499998 0.84375 0.2499998 0.84375 0.1875 0.875 0.6250001 0.875 0.6875001 0.84375 0.6875001 0.875 0.1875 0.84375 0.1875 0.84375 0.1249998 0.875 0.6250001 0.84375 0.6250001 0.84375 0.5625001 0.875 0.06249994 0.875 0.1249998 0.84375 0.1249998 0.875 0.5 0.875 0.5625001 0.84375 0.5625001 0.875 0.5 0.84375 0.5 0.84375 0.4375 0.875 0.9375001 0.84375 0.9375001 0.84375 0.8750001 0.875 0.375 0.875 0.4375 0.84375 0.4375 0.84375 0.6250001 0.8125 0.6250001 0.8125 0.5625001 0.84375 0.1249998 0.8125 0.1249998 0.8125 0.06249994 0.84375 0.5 0.84375 0.5625001 0.8125 0.5625001 0.84375 0.5 0.8125 0.5 0.8125 0.4375 0.84375 0.8750001 0.84375 0.9375001 0.8125 0.9375001 0.84375 0.375 0.84375 0.4375 0.8125 0.4375 0.84375 0.8125001 0.84375 0.8750001 0.8125 0.8750001 0.84375 0.375 0.8125 0.375 0.8125 0.3124999 0.84375 0.7500002 0.84375 0.8125001 0.8125 0.8125001 0.84375 0.2499998 0.84375 0.3124999 0.8125 0.3124999 0.84375 0.7500002 0.8125 0.7500002 0.8125 0.6875001 0.84375 0.2499998 0.8125 0.2499998 0.8125 0.1875 0.84375 0.6250001 0.84375 0.6875001 0.8125 0.6875001 0.84375 0.1875 0.8125 0.1875 0.8125 0.1249998 0.8125 0.375 0.78125 0.375 0.78125 0.3124999 0.8125 0.8125001 0.78125 0.8125001 0.78125 0.7500002 0.8125 0.2499998 0.8125 0.3124999 0.78125 0.3124999 0.8125 0.7500002 0.78125 0.7500002 0.78125 0.6875001 0.8125 0.2499998 0.78125 0.2499998 0.78125 0.1875 0.8125 0.6250001 0.8125 0.6875001 0.78125 0.6875001 0.8125 0.1249998 0.8125 0.1875 0.78125 0.1875 0.8125 0.6250001 0.78125 0.6250001 0.78125 0.5625001 0.8125 0.1249998 0.78125 0.1249998 0.78125 0.06249994 0.8125 0.5 0.8125 0.5625001 0.78125 0.5625001 0.8125 0.5 0.78125 0.5 0.78125 0.4375 0.8125 0.9375001 0.78125 0.9375001 0.78125 0.8750001 0.8125 0.375 0.8125 0.4375 0.78125 0.4375 0.8125 0.8750001 0.78125 0.8750001 0.78125 0.8125001 0.78125 0.06249994 0.78125 0.1249998 0.75 0.1249998 0.78125 0.5 0.78125 0.5625001 0.75 0.5625001 0.78125 0.5 0.75 0.5 0.75 0.4375 0.78125 0.8750001 0.78125 0.9375001 0.75 0.9375001 0.78125 0.4375 0.75 0.4375 0.75 0.375 0.78125 0.8125001 0.78125 0.8750001 0.75 0.8750001 0.78125 0.375 0.75 0.375 0.75 0.3124999 0.78125 0.7500002 0.78125 0.8125001 0.75 0.8125 0.78125 0.3124999 0.75 0.3124999 0.75 0.25 0.78125 0.6875001 0.78125 0.7500002 0.75 0.75 0.78125 0.2499998 0.75 0.25 0.75 0.1875 0.78125 0.6250001 0.78125 0.6875001 0.75 0.6875001 0.78125 0.1875 0.75 0.1875 0.75 0.1249998 0.78125 0.5625001 0.78125 0.6250001 0.75 0.625</float_array>
          <technique_common>
            <accessor source="#Sphere_001-mesh-map-0-array" count="2880" stride="2">
              <param name="S" type="float"/>
              <param name="T" type="float"/>
            </accessor>
          </technique_common>
        </source>
        <vertices id="Sphere_001-mesh-vertices">
          <input semantic="POSITION" source="#Sphere_001-mesh-positions"/>
        </vertices>
        <triangles material="CL_post-material" count="960">
          <input semantic="VERTEX" source="#Sphere_001-mesh-vertices" offset="0"/>
          <input semantic="NORMAL" source="#Sphere_001-mesh-normals" offset="1"/>
          <input semantic="TEXCOORD" source="#Sphere_001-mesh-map-0" offset="2" set="0"/>
          <p>477 0 0 13 0 1 14 0 2 480 1 3 22 1 4 481 1 5 477 2 6 15 2 7 4 2 8 0 3 9 309 3 10 8 3 11 248 4 12 481 4 13 22 4 14 4 5 15 16 5 16 5 5 17 475 6 18 8 6 19 9 6 20 478 7 21 16 7 22 17 7 23 1 8 24 9 8 25 10 8 26 478 9 27 18 9 28 479 9 29 1 10 30 11 10 31 2 10 32 479 11 33 19 11 34 6 11 35 476 12 36 11 12 37 12 12 38 7 13 39 19 13 40 20 13 41 3 14 42 12 14 43 13 14 44 7 15 45 21 15 46 480 15 47 12 16 48 28 16 49 13 16 50 21 17 51 35 17 52 36 17 53 13 18 54 29 18 55 14 18 56 22 19 57 36 19 58 37 19 59 15 20 60 29 20 61 30 20 62 8 21 63 309 21 64 23 21 65 248 22 66 22 22 67 37 22 68 15 23 69 31 23 70 16 23 71 8 24 72 24 24 73 9 24 74 17 25 75 31 25 76 32 25 77 9 26 78 25 26 79 10 26 80 18 27 81 32 27 82 33 27 83 10 28 84 26 28 85 11 28 86 19 29 87 33 29 88 34 29 89 11 30 90 27 30 91 12 30 92 20 31 93 34 31 94 35 31 95 32 32 96 46 32 97 47 32 98 24 33 99 40 33 100 25 33 101 33 34 102 47 34 103 48 34 104 26 35 105 40 35 106 41 35 107 34 36 108 48 36 109 49 36 110 26 37 111 42 37 112 27 37 113 34 38 114 50 38 115 35 38 116 27 39 117 43 39 118 28 39 119 36 40 120 50 40 121 51 40 122 28 41 123 44 41 124 29 41 125 37 42 126 51 42 127 52 42 128 30 43 129 44 43 130 45 43 131 23 44 132 309 44 133 38 44 134 248 45 135 37 45 136 52 45 137 30 46 138 46 46 139 31 46 140 23 47 141 39 47 142 24 47 143 51 48 144 65 48 145 66 48 146 43 49 147 59 49 148 44 49 149 52 50 150 66 50 151 67 50 152 45 51 153 59 51 154 60 51 155 38 52 156 309 52 157 53 52 158 248 53 159 52 53 160 67 53 161 45 54 162 61 54 163 46 54 164 38 55 165 54 55 166 39 55 167 47 56 168 61 56 169 62 56 170 39 57 171 55 57 172 40 57 173 48 58 174 62 58 175 63 58 176 41 59 177 55 59 178 56 59 179 48 60 180 64 60 181 49 60 182 41 61 183 57 61 184 42 61 185 49 62 186 65 62 187 50 62 188 42 63 189 58 63 190 43 63 191 54 64 192 70 64 193 55 64 194 62 65 195 78 65 196 63 65 197 56 66 198 70 66 199 71 66 200 63 67 201 79 67 202 64 67 203 56 68 204 72 68 205 57 68 206 64 69 207 80 69 208 65 69 209 58 70 210 72 70 211 73 70 212 66 71 213 80 71 214 81 71 215 58 72 216 74 72 217 59 72 218 67 73 219 81 73 220 82 73 221 60 74 222 74 74 223 75 74 224 53 75 225 309 75 226 68 75 227 248 76 228 67 76 229 82 76 230 60 77 231 76 77 232 61 77 233 53 78 234 69 78 235 54 78 236 62 79 237 76 79 238 77 79 239 73 80 240 89 80 241 74 80 242 82 81 243 96 81 244 97 81 245 75 82 246 89 82 247 90 82 248 68 83 249 309 83 250 83 83 251 248 84 252 82 84 253 97 84 254 75 85 255 91 85 256 76 85 257 68 86 258 84 86 259 69 86 260 77 87 261 91 87 262 92 87 263 69 88 264 85 88 265 70 88 266 77 89 267 93 89 268 78 89 269 71 90 270 85 90 271 86 90 272 78 91 273 94 91 274 79 91 275 72 92 276 86 92 277 87 92 278 79 93 279 95 93 280 80 93 281 73 94 282 87 94 283 88 94 284 81 95 285 95 95 286 96 95 287 92 96 288 108 96 289 93 96 290 85 97 291 101 97 292 86 97 293 94 98 294 108 98 295 109 98 296 86 99 297 102 99 298 87 99 299 95 100 300 109 100 301 110 100 302 88 101 303 102 101 304 103 101 305 96 102 306 110 102 307 111 102 308 88 103 309 104 103 310 89 103 311 97 104 312 111 104 313 112 104 314 90 105 315 104 105 316 105 105 317 83 106 318 309 106 319 98 106 320 248 107 321 97 107 322 112 107 323 90 108 324 106 108 325 91 108 326 83 109 327 99 109 328 84 109 329 92 110 330 106 110 331 107 110 332 84 111 333 100 111 334 85 111 335 112 112 336 126 112 337 127 112 338 105 113 339 119 113 340 120 113 341 98 114 342 309 114 343 113 114 344 248 115 345 112 115 346 127 115 347 105 116 348 121 116 349 106 116 350 98 117 351 114 117 352 99 117 353 107 118 354 121 118 355 122 118 356 99 119 357 115 119 358 100 119 359 107 120 360 123 120 361 108 120 362 100 121 363 116 121 364 101 121 365 109 122 366 123 122 367 124 122 368 101 123 369 117 123 370 102 123 371 110 124 372 124 124 373 125 124 374 103 125 375 117 125 376 118 125 377 111 126 378 125 126 379 126 126 380 103 127 381 119 127 382 104 127 383 123 128 384 139 128 385 124 128 386 116 129 387 132 129 388 117 129 389 125 130 390 139 130 391 140 130 392 118 131 393 132 131 394 133 131 395 126 132 396 140 132 397 141 132 398 118 133 399 134 133 400 119 133 401 127 134 402 141 134 403 142 134 404 120 135 405 134 135 406 135 135 407 113 136 408 309 136 409 128 136 410 248 137 411 127 137 412 142 137 413 120 138 414 136 138 415 121 138 416 113 139 417 129 139 418 114 139 419 122 140 420 136 140 421 137 140 422 114 141 423 130 141 424 115 141 425 122 142 426 138 142 427 123 142 428 115 143 429 131 143 430 116 143 431 128 144 432 309 144 433 143 144 434 248 145 435 142 145 436 157 145 437 135 146 438 151 146 439 136 146 440 128 147 441 144 147 442 129 147 443 137 148 444 151 148 445 152 148 446 129 149 447 145 149 448 130 149 449 137 150 450 153 150 451 138 150 452 130 151 453 146 151 454 131 151 455 139 152 456 153 152 457 154 152 458 131 153 459 147 153 460 132 153 461 140 154 462 154 154 463 155 154 464 133 155 465 147 155 466 148 155 467 141 156 468 155 156 469 156 156 470 133 157 471 149 157 472 134 157 473 142 158 474 156 158 475 157 158 476 135 159 477 149 159 478 150 159 479 146 160 480 162 160 481 147 160 482 155 161 483 169 161 484 170 161 485 148 162 486 162 162 487 163 162 488 156 163 489 170 163 490 171 163 491 148 164 492 164 164 493 149 164 494 157 165 495 171 165 496 172 165 497 150 166 498 164 166 499 165 166 500 143 167 501 309 167 502 158 167 503 248 168 504 157 168 505 172 168 506 150 169 507 166 169 508 151 169 509 143 170 510 159 170 511 144 170 512 152 171 513 166 171 514 167 171 515 144 172 516 160 172 517 145 172 518 152 173 519 168 173 520 153 173 521 145 174 522 161 174 523 146 174 524 154 175 525 168 175 526 169 175 527 165 176 528 181 176 529 166 176 530 158 177 531 174 177 532 159 177 533 167 178 534 181 178 535 182 178 536 159 179 537 175 179 538 160 179 539 167 180 540 183 180 541 168 180 542 160 181 543 176 181 544 161 181 545 169 182 546 183 182 547 184 182 548 161 183 549 177 183 550 162 183 551 169 184 552 185 184 553 170 184 554 163 185 555 177 185 556 178 185 557 171 186 558 185 186 559 186 186 560 163 187 561 179 187 562 164 187 563 172 188 564 186 188 565 187 188 566 165 189 567 179 189 568 180 189 569 158 190 570 309 190 571 173 190 572 248 191 573 172 191 574 187 191 575 185 192 576 199 192 577 200 192 578 178 193 579 192 193 580 193 193 581 186 194 582 200 194 583 201 194 584 178 195 585 194 195 586 179 195 587 187 196 588 201 196 589 202 196 590 180 197 591 194 197 592 195 197 593 173 198 594 309 198 595 188 198 596 248 199 597 187 199 598 202 199 599 180 200 600 196 200 601 181 200 602 173 201 603 189 201 604 174 201 605 182 202 606 196 202 607 197 202 608 174 203 609 190 203 610 175 203 611 182 204 612 198 204 613 183 204 614 175 205 615 191 205 616 176 205 617 184 206 618 198 206 619 199 206 620 176 207 621 192 207 622 177 207 623 188 208 624 204 208 625 189 208 626 197 209 627 211 209 628 212 209 629 189 210 630 205 210 631 190 210 632 197 211 633 213 211 634 198 211 635 190 212 636 206 212 637 191 212 638 199 213 639 213 213 640 214 213 641 191 214 642 207 214 643 192 214 644 200 215 645 214 215 646 215 215 647 193 216 648 207 216 649 208 216 650 201 217 651 215 217 652 216 217 653 193 218 654 209 218 655 194 218 656 202 219 657 216 219 658 217 219 659 195 220 660 209 220 661 210 220 662 188 221 663 309 221 664 203 221 665 248 222 666 202 222 667 217 222 668 195 223 669 211 223 670 196 223 671 208 224 672 222 224 673 223 224 674 216 225 675 230 225 676 231 225 677 208 226 678 224 226 679 209 226 680 216 227 681 232 227 682 217 227 683 210 228 684 224 228 685 225 228 686 203 229 687 309 229 688 218 229 689 248 230 690 217 230 691 232 230 692 210 231 693 226 231 694 211 231 695 204 232 696 218 232 697 219 232 698 212 233 699 226 233 700 227 233 701 204 234 702 220 234 703 205 234 704 212 235 705 228 235 706 213 235 707 205 236 708 221 236 709 206 236 710 213 237 711 229 237 712 214 237 713 206 238 714 222 238 715 207 238 716 215 239 717 229 239 718 230 239 719 227 240 720 241 240 721 242 240 722 219 241 723 235 241 724 220 241 725 228 242 726 242 242 727 243 242 728 220 243 729 236 243 730 221 243 731 229 244 732 243 244 733 244 244 734 221 245 735 237 245 736 222 245 737 230 246 738 244 246 739 245 246 740 222 247 741 238 247 742 223 247 743 231 248 744 245 248 745 246 248 746 223 249 747 239 249 748 224 249 749 232 250 750 246 250 751 247 250 752 225 251 753 239 251 754 240 251 755 218 252 756 309 252 757 233 252 758 248 253 759 232 253 760 247 253 761 225 254 762 241 254 763 226 254 764 218 255 765 234 255 766 219 255 767 245 256 768 262 256 769 246 256 770 238 257 771 255 257 772 239 257 773 246 258 774 263 258 775 247 258 776 240 259 777 255 259 778 256 259 779 233 260 780 309 260 781 249 260 782 248 261 783 247 261 784 263 261 785 240 262 786 257 262 787 241 262 788 234 263 789 249 263 790 250 263 791 242 264 792 257 264 793 258 264 794 234 265 795 251 265 796 235 265 797 242 266 798 259 266 799 243 266 800 235 267 801 252 267 802 236 267 803 243 268 804 260 268 805 244 268 806 236 269 807 253 269 808 237 269 809 245 270 810 260 270 811 261 270 812 238 271 813 253 271 814 254 271 815 259 272 816 273 272 817 274 272 818 251 273 819 267 273 820 252 273 821 260 274 822 274 274 823 275 274 824 252 275 825 268 275 826 253 275 827 261 276 828 275 276 829 276 276 830 253 277 831 269 277 832 254 277 833 262 278 834 276 278 835 277 278 836 254 279 837 270 279 838 255 279 839 263 280 840 277 280 841 278 280 842 256 281 843 270 281 844 271 281 845 249 282 846 309 282 847 264 282 848 248 283 849 263 283 850 278 283 851 256 284 852 272 284 853 257 284 854 249 285 855 265 285 856 250 285 857 258 286 858 272 286 859 273 286 860 250 287 861 266 287 862 251 287 863 277 288 864 293 288 865 278 288 866 271 289 867 285 289 868 286 289 869 264 290 870 309 290 871 279 290 872 248 291 873 278 291 874 293 291 875 271 292 876 287 292 877 272 292 878 265 293 879 279 293 880 280 293 881 273 294 882 287 294 883 288 294 884 265 295 885 281 295 886 266 295 887 273 296 888 289 296 889 274 296 890 266 297 891 282 297 892 267 297 893 275 298 894 289 298 895 290 298 896 267 299 897 283 299 898 268 299 899 275 300 900 291 300 901 276 300 902 269 301 903 283 301 904 284 301 905 277 302 906 291 302 907 292 302 908 269 303 909 285 303 910 270 303 911 282 304 912 296 304 913 297 304 914 290 305 915 304 305 916 305 305 917 282 306 918 298 306 919 283 306 920 290 307 921 306 307 922 291 307 923 284 308 924 298 308 925 299 308 926 292 309 927 306 309 928 307 309 929 284 310 930 300 310 931 285 310 932 293 311 933 307 311 934 308 311 935 286 312 936 300 312 937 301 312 938 279 313 939 309 313 940 294 313 941 248 314 942 293 314 943 308 314 944 286 315 945 302 315 946 287 315 947 279 316 948 295 316 949 280 316 950 288 317 951 302 317 952 303 317 953 280 318 954 296 318 955 281 318 956 288 319 957 304 319 958 289 319 959 301 320 960 316 320 961 317 320 962 294 321 963 309 321 964 310 321 965 248 322 966 308 322 967 324 322 968 301 323 969 318 323 970 302 323 971 294 324 972 311 324 973 295 324 974 303 325 975 318 325 976 319 325 977 295 326 978 312 326 979 296 326 980 303 327 981 320 327 982 304 327 983 297 328 984 312 328 985 313 328 986 305 329 987 320 329 988 321 329 989 297 330 990 314 330 991 298 330 992 305 331 993 322 331 994 306 331 995 299 332 996 314 332 997 315 332 998 307 333 999 322 333 1000 323 333 1001 299 334 1002 316 334 1003 300 334 1004 308 335 1005 323 335 1006 324 335 1007 321 336 1008 335 336 1009 336 336 1010 313 337 1011 329 337 1012 314 337 1013 321 338 1014 337 338 1015 322 338 1016 315 339 1017 329 339 1018 330 339 1019 323 340 1020 337 340 1021 338 340 1022 315 341 1023 331 341 1024 316 341 1025 324 342 1026 338 342 1027 339 342 1028 317 343 1029 331 343 1030 332 343 1031 310 344 1032 309 344 1033 325 344 1034 248 345 1035 324 345 1036 339 345 1037 317 346 1038 333 346 1039 318 346 1040 310 347 1041 326 347 1042 311 347 1043 319 348 1044 333 348 1045 334 348 1046 311 349 1047 327 349 1048 312 349 1049 319 350 1050 335 350 1051 320 350 1052 313 351 1053 327 351 1054 328 351 1055 325 352 1056 309 352 1057 340 352 1058 248 353 1059 339 353 1060 354 353 1061 332 354 1062 348 354 1063 333 354 1064 325 355 1065 341 355 1066 326 355 1067 334 356 1068 348 356 1069 349 356 1070 326 357 1071 342 357 1072 327 357 1073 334 358 1074 350 358 1075 335 358 1076 328 359 1077 342 359 1078 343 359 1079 336 360 1080 350 360 1081 351 360 1082 328 361 1083 344 361 1084 329 361 1085 336 362 1086 352 362 1087 337 362 1088 330 363 1089 344 363 1090 345 363 1091 338 364 1092 352 364 1093 353 364 1094 330 365 1095 346 365 1096 331 365 1097 338 366 1098 354 366 1099 339 366 1100 332 367 1101 346 367 1102 347 367 1103 343 368 1104 359 368 1105 344 368 1106 351 369 1107 367 369 1108 352 369 1109 344 370 1110 360 370 1111 345 370 1112 353 371 1113 367 371 1114 368 371 1115 345 372 1116 361 372 1117 346 372 1118 354 373 1119 368 373 1120 369 373 1121 347 374 1122 361 374 1123 362 374 1124 340 375 1125 309 375 1126 355 375 1127 248 376 1128 354 376 1129 369 376 1130 347 377 1131 363 377 1132 348 377 1133 340 378 1134 356 378 1135 341 378 1136 349 379 1137 363 379 1138 364 379 1139 341 380 1140 357 380 1141 342 380 1142 350 381 1143 364 381 1144 365 381 1145 342 382 1146 358 382 1147 343 382 1148 351 383 1149 365 383 1150 366 383 1151 362 384 1152 378 384 1153 363 384 1154 356 385 1155 370 385 1156 371 385 1157 364 386 1158 378 386 1159 379 386 1160 357 387 1161 371 387 1162 372 387 1163 364 388 1164 380 388 1165 365 388 1166 358 389 1167 372 389 1168 373 389 1169 366 390 1170 380 390 1171 381 390 1172 358 391 1173 374 391 1174 359 391 1175 366 392 1176 382 392 1177 367 392 1178 360 393 1179 374 393 1180 375 393 1181 367 394 1182 383 394 1183 368 394 1184 360 395 1185 376 395 1186 361 395 1187 368 396 1188 384 396 1189 369 396 1190 362 397 1191 376 397 1192 377 397 1193 355 398 1194 309 398 1195 370 398 1196 248 399 1197 369 399 1198 384 399 1199 381 400 1200 397 400 1201 382 400 1202 374 401 1203 390 401 1204 375 401 1205 383 402 1206 397 402 1207 398 402 1208 375 403 1209 391 403 1210 376 403 1211 383 404 1212 399 404 1213 384 404 1214 377 405 1215 391 405 1216 392 405 1217 370 406 1218 309 406 1219 385 406 1220 248 407 1221 384 407 1222 399 407 1223 377 408 1224 393 408 1225 378 408 1226 370 409 1227 386 409 1228 371 409 1229 379 410 1230 393 410 1231 394 410 1232 371 411 1233 387 411 1234 372 411 1235 380 412 1236 394 412 1237 395 412 1238 373 413 1239 387 413 1240 388 413 1241 381 414 1242 395 414 1243 396 414 1244 373 415 1245 389 415 1246 374 415 1247 394 416 1248 408 416 1249 409 416 1250 386 417 1251 402 417 1252 387 417 1253 394 418 1254 410 418 1255 395 418 1256 388 419 1257 402 419 1258 403 419 1259 396 420 1260 410 420 1261 411 420 1262 388 421 1263 404 421 1264 389 421 1265 396 422 1266 412 422 1267 397 422 1268 390 423 1269 404 423 1270 405 423 1271 398 424 1272 412 424 1273 413 424 1274 390 425 1275 406 425 1276 391 425 1277 398 426 1278 414 426 1279 399 426 1280 392 427 1281 406 427 1282 407 427 1283 385 428 1284 309 428 1285 400 428 1286 248 429 1287 399 429 1288 414 429 1289 392 430 1290 408 430 1291 393 430 1292 385 431 1293 401 431 1294 386 431 1295 413 432 1296 427 432 1297 428 432 1298 405 433 1299 421 433 1300 406 433 1301 414 434 1302 428 434 1303 429 434 1304 407 435 1305 421 435 1306 422 435 1307 400 436 1308 309 436 1309 415 436 1310 248 437 1311 414 437 1312 429 437 1313 407 438 1314 423 438 1315 408 438 1316 400 439 1317 416 439 1318 401 439 1319 409 440 1320 423 440 1321 424 440 1322 401 441 1323 417 441 1324 402 441 1325 409 442 1326 425 442 1327 410 442 1328 403 443 1329 417 443 1330 418 443 1331 411 444 1332 425 444 1333 426 444 1334 403 445 1335 419 445 1336 404 445 1337 411 446 1338 427 446 1339 412 446 1340 405 447 1341 419 447 1342 420 447 1343 417 448 1344 431 448 1345 432 448 1346 424 449 1347 440 449 1348 425 449 1349 418 450 1350 432 450 1351 433 450 1352 426 451 1353 440 451 1354 441 451 1355 418 452 1356 434 452 1357 419 452 1358 426 453 1359 442 453 1360 427 453 1361 420 454 1362 434 454 1363 435 454 1364 427 455 1365 443 455 1366 428 455 1367 420 456 1368 436 456 1369 421 456 1370 429 457 1371 443 457 1372 444 457 1373 422 458 1374 436 458 1375 437 458 1376 415 459 1377 309 459 1378 430 459 1379 248 460 1380 429 460 1381 444 460 1382 422 461 1383 438 461 1384 423 461 1385 415 462 1386 431 462 1387 416 462 1388 424 463 1389 438 463 1390 439 463 1391 435 464 1392 451 464 1393 436 464 1394 443 465 1395 459 465 1396 444 465 1397 437 466 1398 451 466 1399 452 466 1400 430 467 1401 309 467 1402 445 467 1403 248 468 1404 444 468 1405 459 468 1406 437 469 1407 453 469 1408 438 469 1409 431 470 1410 445 470 1411 446 470 1412 439 471 1413 453 471 1414 454 471 1415 432 472 1416 446 472 1417 447 472 1418 439 473 1419 455 473 1420 440 473 1421 433 474 1422 447 474 1423 448 474 1424 441 475 1425 455 475 1426 456 475 1427 433 476 1428 449 476 1429 434 476 1430 441 477 1431 457 477 1432 442 477 1433 435 478 1434 449 478 1435 450 478 1436 442 479 1437 458 479 1438 443 479 1439 454 480 1440 470 480 1441 455 480 1442 447 481 1443 463 481 1444 448 481 1445 456 482 1446 470 482 1447 471 482 1448 448 483 1449 464 483 1450 449 483 1451 456 484 1452 472 484 1453 457 484 1454 450 485 1455 464 485 1456 465 485 1457 458 486 1458 472 486 1459 473 486 1460 450 487 1461 466 487 1462 451 487 1463 458 488 1464 474 488 1465 459 488 1466 452 489 1467 466 489 1468 467 489 1469 445 490 1470 309 490 1471 460 490 1472 248 491 1473 459 491 1474 474 491 1475 452 492 1476 468 492 1477 453 492 1478 445 493 1479 461 493 1480 446 493 1481 454 494 1482 468 494 1483 469 494 1484 446 495 1485 462 495 1486 447 495 1487 474 496 1488 480 496 1489 481 496 1490 467 497 1491 477 497 1492 4 497 1493 460 498 1494 309 498 1495 0 498 1496 248 499 1497 474 499 1498 481 499 1499 467 500 1500 5 500 1501 468 500 1502 461 501 1503 0 501 1504 475 501 1505 468 502 1506 478 502 1507 469 502 1508 462 503 1509 475 503 1510 1 503 1511 469 504 1512 479 504 1513 470 504 1514 463 505 1515 1 505 1516 2 505 1517 470 506 1518 6 506 1519 471 506 1520 464 507 1521 2 507 1522 476 507 1523 471 508 1524 7 508 1525 472 508 1526 465 509 1527 476 509 1528 3 509 1529 472 510 1530 480 510 1531 473 510 1532 466 511 1533 3 511 1534 477 511 1535 477 512 1536 3 512 1537 13 512 1538 480 513 1539 21 513 1540 22 513 1541 477 514 1542 14 514 1543 15 514 1544 4 515 1545 15 515 1546 16 515 1547 475 516 1548 0 516 1549 8 516 1550 478 517 1551 5 517 1552 16 517 1553 1 518 1554 475 518 1555 9 518 1556 478 519 1557 17 519 1558 18 519 1559 1 520 1560 10 520 1561 11 520 1562 479 521 1563 18 521 1564 19 521 1565 476 522 1566 2 522 1567 11 522 1568 7 523 1569 6 523 1570 19 523 1571 3 524 1572 476 524 1573 12 524 1574 7 525 1575 20 525 1576 21 525 1577 12 526 1578 27 526 1579 28 526 1580 21 527 1581 20 527 1582 35 527 1583 13 528 1584 28 528 1585 29 528 1586 22 529 1587 21 529 1588 36 529 1589 15 530 1590 14 530 1591 29 530 1592 15 531 1593 30 531 1594 31 531 1595 8 532 1596 23 532 1597 24 532 1598 17 533 1599 16 533 1600 31 533 1601 9 534 1602 24 534 1603 25 534 1604 18 535 1605 17 535 1606 32 535 1607 10 536 1608 25 536 1609 26 536 1610 19 537 1611 18 537 1612 33 537 1613 11 538 1614 26 538 1615 27 538 1616 20 539 1617 19 539 1618 34 539 1619 32 540 1620 31 540 1621 46 540 1622 24 541 1623 39 541 1624 40 541 1625 33 542 1626 32 542 1627 47 542 1628 26 543 1629 25 543 1630 40 543 1631 34 544 1632 33 544 1633 48 544 1634 26 545 1635 41 545 1636 42 545 1637 34 546 1638 49 546 1639 50 546 1640 27 547 1641 42 547 1642 43 547 1643 36 548 1644 35 548 1645 50 548 1646 28 549 1647 43 549 1648 44 549 1649 37 550 1650 36 550 1651 51 550 1652 30 551 1653 29 551 1654 44 551 1655 30 552 1656 45 552 1657 46 552 1658 23 553 1659 38 553 1660 39 553 1661 51 554 1662 50 554 1663 65 554 1664 43 555 1665 58 555 1666 59 555 1667 52 556 1668 51 556 1669 66 556 1670 45 557 1671 44 557 1672 59 557 1673 45 558 1674 60 558 1675 61 558 1676 38 559 1677 53 559 1678 54 559 1679 47 560 1680 46 560 1681 61 560 1682 39 561 1683 54 561 1684 55 561 1685 48 562 1686 47 562 1687 62 562 1688 41 563 1689 40 563 1690 55 563 1691 48 564 1692 63 564 1693 64 564 1694 41 565 1695 56 565 1696 57 565 1697 49 566 1698 64 566 1699 65 566 1700 42 567 1701 57 567 1702 58 567 1703 54 568 1704 69 568 1705 70 568 1706 62 569 1707 77 569 1708 78 569 1709 56 570 1710 55 570 1711 70 570 1712 63 571 1713 78 571 1714 79 571 1715 56 572 1716 71 572 1717 72 572 1718 64 573 1719 79 573 1720 80 573 1721 58 574 1722 57 574 1723 72 574 1724 66 575 1725 65 575 1726 80 575 1727 58 576 1728 73 576 1729 74 576 1730 67 577 1731 66 577 1732 81 577 1733 60 578 1734 59 578 1735 74 578 1736 60 579 1737 75 579 1738 76 579 1739 53 580 1740 68 580 1741 69 580 1742 62 581 1743 61 581 1744 76 581 1745 73 582 1746 88 582 1747 89 582 1748 82 583 1749 81 583 1750 96 583 1751 75 584 1752 74 584 1753 89 584 1754 75 585 1755 90 585 1756 91 585 1757 68 586 1758 83 586 1759 84 586 1760 77 587 1761 76 587 1762 91 587 1763 69 588 1764 84 588 1765 85 588 1766 77 589 1767 92 589 1768 93 589 1769 71 590 1770 70 590 1771 85 590 1772 78 591 1773 93 591 1774 94 591 1775 72 592 1776 71 592 1777 86 592 1778 79 593 1779 94 593 1780 95 593 1781 73 594 1782 72 594 1783 87 594 1784 81 595 1785 80 595 1786 95 595 1787 92 596 1788 107 596 1789 108 596 1790 85 597 1791 100 597 1792 101 597 1793 94 598 1794 93 598 1795 108 598 1796 86 599 1797 101 599 1798 102 599 1799 95 600 1800 94 600 1801 109 600 1802 88 601 1803 87 601 1804 102 601 1805 96 602 1806 95 602 1807 110 602 1808 88 603 1809 103 603 1810 104 603 1811 97 604 1812 96 604 1813 111 604 1814 90 605 1815 89 605 1816 104 605 1817 90 606 1818 105 606 1819 106 606 1820 83 607 1821 98 607 1822 99 607 1823 92 608 1824 91 608 1825 106 608 1826 84 609 1827 99 609 1828 100 609 1829 112 610 1830 111 610 1831 126 610 1832 105 611 1833 104 611 1834 119 611 1835 105 612 1836 120 612 1837 121 612 1838 98 613 1839 113 613 1840 114 613 1841 107 614 1842 106 614 1843 121 614 1844 99 615 1845 114 615 1846 115 615 1847 107 616 1848 122 616 1849 123 616 1850 100 617 1851 115 617 1852 116 617 1853 109 618 1854 108 618 1855 123 618 1856 101 619 1857 116 619 1858 117 619 1859 110 620 1860 109 620 1861 124 620 1862 103 621 1863 102 621 1864 117 621 1865 111 622 1866 110 622 1867 125 622 1868 103 623 1869 118 623 1870 119 623 1871 123 624 1872 138 624 1873 139 624 1874 116 625 1875 131 625 1876 132 625 1877 125 626 1878 124 626 1879 139 626 1880 118 627 1881 117 627 1882 132 627 1883 126 628 1884 125 628 1885 140 628 1886 118 629 1887 133 629 1888 134 629 1889 127 630 1890 126 630 1891 141 630 1892 120 631 1893 119 631 1894 134 631 1895 120 632 1896 135 632 1897 136 632 1898 113 633 1899 128 633 1900 129 633 1901 122 634 1902 121 634 1903 136 634 1904 114 635 1905 129 635 1906 130 635 1907 122 636 1908 137 636 1909 138 636 1910 115 637 1911 130 637 1912 131 637 1913 135 638 1914 150 638 1915 151 638 1916 128 639 1917 143 639 1918 144 639 1919 137 640 1920 136 640 1921 151 640 1922 129 641 1923 144 641 1924 145 641 1925 137 642 1926 152 642 1927 153 642 1928 130 643 1929 145 643 1930 146 643 1931 139 644 1932 138 644 1933 153 644 1934 131 645 1935 146 645 1936 147 645 1937 140 646 1938 139 646 1939 154 646 1940 133 647 1941 132 647 1942 147 647 1943 141 648 1944 140 648 1945 155 648 1946 133 649 1947 148 649 1948 149 649 1949 142 650 1950 141 650 1951 156 650 1952 135 651 1953 134 651 1954 149 651 1955 146 652 1956 161 652 1957 162 652 1958 155 653 1959 154 653 1960 169 653 1961 148 654 1962 147 654 1963 162 654 1964 156 655 1965 155 655 1966 170 655 1967 148 656 1968 163 656 1969 164 656 1970 157 657 1971 156 657 1972 171 657 1973 150 658 1974 149 658 1975 164 658 1976 150 659 1977 165 659 1978 166 659 1979 143 660 1980 158 660 1981 159 660 1982 152 661 1983 151 661 1984 166 661 1985 144 662 1986 159 662 1987 160 662 1988 152 663 1989 167 663 1990 168 663 1991 145 664 1992 160 664 1993 161 664 1994 154 665 1995 153 665 1996 168 665 1997 165 666 1998 180 666 1999 181 666 2000 158 667 2001 173 667 2002 174 667 2003 167 668 2004 166 668 2005 181 668 2006 159 669 2007 174 669 2008 175 669 2009 167 670 2010 182 670 2011 183 670 2012 160 671 2013 175 671 2014 176 671 2015 169 672 2016 168 672 2017 183 672 2018 161 673 2019 176 673 2020 177 673 2021 169 674 2022 184 674 2023 185 674 2024 163 675 2025 162 675 2026 177 675 2027 171 676 2028 170 676 2029 185 676 2030 163 677 2031 178 677 2032 179 677 2033 172 678 2034 171 678 2035 186 678 2036 165 679 2037 164 679 2038 179 679 2039 185 680 2040 184 680 2041 199 680 2042 178 681 2043 177 681 2044 192 681 2045 186 682 2046 185 682 2047 200 682 2048 178 683 2049 193 683 2050 194 683 2051 187 684 2052 186 684 2053 201 684 2054 180 685 2055 179 685 2056 194 685 2057 180 686 2058 195 686 2059 196 686 2060 173 687 2061 188 687 2062 189 687 2063 182 688 2064 181 688 2065 196 688 2066 174 689 2067 189 689 2068 190 689 2069 182 690 2070 197 690 2071 198 690 2072 175 691 2073 190 691 2074 191 691 2075 184 692 2076 183 692 2077 198 692 2078 176 693 2079 191 693 2080 192 693 2081 188 694 2082 203 694 2083 204 694 2084 197 695 2085 196 695 2086 211 695 2087 189 696 2088 204 696 2089 205 696 2090 197 697 2091 212 697 2092 213 697 2093 190 698 2094 205 698 2095 206 698 2096 199 699 2097 198 699 2098 213 699 2099 191 700 2100 206 700 2101 207 700 2102 200 701 2103 199 701 2104 214 701 2105 193 702 2106 192 702 2107 207 702 2108 201 703 2109 200 703 2110 215 703 2111 193 704 2112 208 704 2113 209 704 2114 202 705 2115 201 705 2116 216 705 2117 195 706 2118 194 706 2119 209 706 2120 195 707 2121 210 707 2122 211 707 2123 208 708 2124 207 708 2125 222 708 2126 216 709 2127 215 709 2128 230 709 2129 208 710 2130 223 710 2131 224 710 2132 216 711 2133 231 711 2134 232 711 2135 210 712 2136 209 712 2137 224 712 2138 210 713 2139 225 713 2140 226 713 2141 204 714 2142 203 714 2143 218 714 2144 212 715 2145 211 715 2146 226 715 2147 204 716 2148 219 716 2149 220 716 2150 212 717 2151 227 717 2152 228 717 2153 205 718 2154 220 718 2155 221 718 2156 213 719 2157 228 719 2158 229 719 2159 206 720 2160 221 720 2161 222 720 2162 215 721 2163 214 721 2164 229 721 2165 227 722 2166 226 722 2167 241 722 2168 219 723 2169 234 723 2170 235 723 2171 228 724 2172 227 724 2173 242 724 2174 220 725 2175 235 725 2176 236 725 2177 229 726 2178 228 726 2179 243 726 2180 221 727 2181 236 727 2182 237 727 2183 230 728 2184 229 728 2185 244 728 2186 222 729 2187 237 729 2188 238 729 2189 231 730 2190 230 730 2191 245 730 2192 223 731 2193 238 731 2194 239 731 2195 232 732 2196 231 732 2197 246 732 2198 225 733 2199 224 733 2200 239 733 2201 225 734 2202 240 734 2203 241 734 2204 218 735 2205 233 735 2206 234 735 2207 245 736 2208 261 736 2209 262 736 2210 238 737 2211 254 737 2212 255 737 2213 246 738 2214 262 738 2215 263 738 2216 240 739 2217 239 739 2218 255 739 2219 240 740 2220 256 740 2221 257 740 2222 234 741 2223 233 741 2224 249 741 2225 242 742 2226 241 742 2227 257 742 2228 234 743 2229 250 743 2230 251 743 2231 242 744 2232 258 744 2233 259 744 2234 235 745 2235 251 745 2236 252 745 2237 243 746 2238 259 746 2239 260 746 2240 236 747 2241 252 747 2242 253 747 2243 245 748 2244 244 748 2245 260 748 2246 238 749 2247 237 749 2248 253 749 2249 259 750 2250 258 750 2251 273 750 2252 251 751 2253 266 751 2254 267 751 2255 260 752 2256 259 752 2257 274 752 2258 252 753 2259 267 753 2260 268 753 2261 261 754 2262 260 754 2263 275 754 2264 253 755 2265 268 755 2266 269 755 2267 262 756 2268 261 756 2269 276 756 2270 254 757 2271 269 757 2272 270 757 2273 263 758 2274 262 758 2275 277 758 2276 256 759 2277 255 759 2278 270 759 2279 256 760 2280 271 760 2281 272 760 2282 249 761 2283 264 761 2284 265 761 2285 258 762 2286 257 762 2287 272 762 2288 250 763 2289 265 763 2290 266 763 2291 277 764 2292 292 764 2293 293 764 2294 271 765 2295 270 765 2296 285 765 2297 271 766 2298 286 766 2299 287 766 2300 265 767 2301 264 767 2302 279 767 2303 273 768 2304 272 768 2305 287 768 2306 265 769 2307 280 769 2308 281 769 2309 273 770 2310 288 770 2311 289 770 2312 266 771 2313 281 771 2314 282 771 2315 275 772 2316 274 772 2317 289 772 2318 267 773 2319 282 773 2320 283 773 2321 275 774 2322 290 774 2323 291 774 2324 269 775 2325 268 775 2326 283 775 2327 277 776 2328 276 776 2329 291 776 2330 269 777 2331 284 777 2332 285 777 2333 282 778 2334 281 778 2335 296 778 2336 290 779 2337 289 779 2338 304 779 2339 282 780 2340 297 780 2341 298 780 2342 290 781 2343 305 781 2344 306 781 2345 284 782 2346 283 782 2347 298 782 2348 292 783 2349 291 783 2350 306 783 2351 284 784 2352 299 784 2353 300 784 2354 293 785 2355 292 785 2356 307 785 2357 286 786 2358 285 786 2359 300 786 2360 286 787 2361 301 787 2362 302 787 2363 279 788 2364 294 788 2365 295 788 2366 288 789 2367 287 789 2368 302 789 2369 280 790 2370 295 790 2371 296 790 2372 288 791 2373 303 791 2374 304 791 2375 301 792 2376 300 792 2377 316 792 2378 301 793 2379 317 793 2380 318 793 2381 294 794 2382 310 794 2383 311 794 2384 303 795 2385 302 795 2386 318 795 2387 295 796 2388 311 796 2389 312 796 2390 303 797 2391 319 797 2392 320 797 2393 297 798 2394 296 798 2395 312 798 2396 305 799 2397 304 799 2398 320 799 2399 297 800 2400 313 800 2401 314 800 2402 305 801 2403 321 801 2404 322 801 2405 299 802 2406 298 802 2407 314 802 2408 307 803 2409 306 803 2410 322 803 2411 299 804 2412 315 804 2413 316 804 2414 308 805 2415 307 805 2416 323 805 2417 321 806 2418 320 806 2419 335 806 2420 313 807 2421 328 807 2422 329 807 2423 321 808 2424 336 808 2425 337 808 2426 315 809 2427 314 809 2428 329 809 2429 323 810 2430 322 810 2431 337 810 2432 315 811 2433 330 811 2434 331 811 2435 324 812 2436 323 812 2437 338 812 2438 317 813 2439 316 813 2440 331 813 2441 317 814 2442 332 814 2443 333 814 2444 310 815 2445 325 815 2446 326 815 2447 319 816 2448 318 816 2449 333 816 2450 311 817 2451 326 817 2452 327 817 2453 319 818 2454 334 818 2455 335 818 2456 313 819 2457 312 819 2458 327 819 2459 332 820 2460 347 820 2461 348 820 2462 325 821 2463 340 821 2464 341 821 2465 334 822 2466 333 822 2467 348 822 2468 326 823 2469 341 823 2470 342 823 2471 334 824 2472 349 824 2473 350 824 2474 328 825 2475 327 825 2476 342 825 2477 336 826 2478 335 826 2479 350 826 2480 328 827 2481 343 827 2482 344 827 2483 336 828 2484 351 828 2485 352 828 2486 330 829 2487 329 829 2488 344 829 2489 338 830 2490 337 830 2491 352 830 2492 330 831 2493 345 831 2494 346 831 2495 338 832 2496 353 832 2497 354 832 2498 332 833 2499 331 833 2500 346 833 2501 343 834 2502 358 834 2503 359 834 2504 351 835 2505 366 835 2506 367 835 2507 344 836 2508 359 836 2509 360 836 2510 353 837 2511 352 837 2512 367 837 2513 345 838 2514 360 838 2515 361 838 2516 354 839 2517 353 839 2518 368 839 2519 347 840 2520 346 840 2521 361 840 2522 347 841 2523 362 841 2524 363 841 2525 340 842 2526 355 842 2527 356 842 2528 349 843 2529 348 843 2530 363 843 2531 341 844 2532 356 844 2533 357 844 2534 350 845 2535 349 845 2536 364 845 2537 342 846 2538 357 846 2539 358 846 2540 351 847 2541 350 847 2542 365 847 2543 362 848 2544 377 848 2545 378 848 2546 356 849 2547 355 849 2548 370 849 2549 364 850 2550 363 850 2551 378 850 2552 357 851 2553 356 851 2554 371 851 2555 364 852 2556 379 852 2557 380 852 2558 358 853 2559 357 853 2560 372 853 2561 366 854 2562 365 854 2563 380 854 2564 358 855 2565 373 855 2566 374 855 2567 366 856 2568 381 856 2569 382 856 2570 360 857 2571 359 857 2572 374 857 2573 367 858 2574 382 858 2575 383 858 2576 360 859 2577 375 859 2578 376 859 2579 368 860 2580 383 860 2581 384 860 2582 362 861 2583 361 861 2584 376 861 2585 381 862 2586 396 862 2587 397 862 2588 374 863 2589 389 863 2590 390 863 2591 383 864 2592 382 864 2593 397 864 2594 375 865 2595 390 865 2596 391 865 2597 383 866 2598 398 866 2599 399 866 2600 377 867 2601 376 867 2602 391 867 2603 377 868 2604 392 868 2605 393 868 2606 370 869 2607 385 869 2608 386 869 2609 379 870 2610 378 870 2611 393 870 2612 371 871 2613 386 871 2614 387 871 2615 380 872 2616 379 872 2617 394 872 2618 373 873 2619 372 873 2620 387 873 2621 381 874 2622 380 874 2623 395 874 2624 373 875 2625 388 875 2626 389 875 2627 394 876 2628 393 876 2629 408 876 2630 386 877 2631 401 877 2632 402 877 2633 394 878 2634 409 878 2635 410 878 2636 388 879 2637 387 879 2638 402 879 2639 396 880 2640 395 880 2641 410 880 2642 388 881 2643 403 881 2644 404 881 2645 396 882 2646 411 882 2647 412 882 2648 390 883 2649 389 883 2650 404 883 2651 398 884 2652 397 884 2653 412 884 2654 390 885 2655 405 885 2656 406 885 2657 398 886 2658 413 886 2659 414 886 2660 392 887 2661 391 887 2662 406 887 2663 392 888 2664 407 888 2665 408 888 2666 385 889 2667 400 889 2668 401 889 2669 413 890 2670 412 890 2671 427 890 2672 405 891 2673 420 891 2674 421 891 2675 414 892 2676 413 892 2677 428 892 2678 407 893 2679 406 893 2680 421 893 2681 407 894 2682 422 894 2683 423 894 2684 400 895 2685 415 895 2686 416 895 2687 409 896 2688 408 896 2689 423 896 2690 401 897 2691 416 897 2692 417 897 2693 409 898 2694 424 898 2695 425 898 2696 403 899 2697 402 899 2698 417 899 2699 411 900 2700 410 900 2701 425 900 2702 403 901 2703 418 901 2704 419 901 2705 411 902 2706 426 902 2707 427 902 2708 405 903 2709 404 903 2710 419 903 2711 417 904 2712 416 904 2713 431 904 2714 424 905 2715 439 905 2716 440 905 2717 418 906 2718 417 906 2719 432 906 2720 426 907 2721 425 907 2722 440 907 2723 418 908 2724 433 908 2725 434 908 2726 426 909 2727 441 909 2728 442 909 2729 420 910 2730 419 910 2731 434 910 2732 427 911 2733 442 911 2734 443 911 2735 420 912 2736 435 912 2737 436 912 2738 429 913 2739 428 913 2740 443 913 2741 422 914 2742 421 914 2743 436 914 2744 422 915 2745 437 915 2746 438 915 2747 415 916 2748 430 916 2749 431 916 2750 424 917 2751 423 917 2752 438 917 2753 435 918 2754 450 918 2755 451 918 2756 443 919 2757 458 919 2758 459 919 2759 437 920 2760 436 920 2761 451 920 2762 437 921 2763 452 921 2764 453 921 2765 431 922 2766 430 922 2767 445 922 2768 439 923 2769 438 923 2770 453 923 2771 432 924 2772 431 924 2773 446 924 2774 439 925 2775 454 925 2776 455 925 2777 433 926 2778 432 926 2779 447 926 2780 441 927 2781 440 927 2782 455 927 2783 433 928 2784 448 928 2785 449 928 2786 441 929 2787 456 929 2788 457 929 2789 435 930 2790 434 930 2791 449 930 2792 442 931 2793 457 931 2794 458 931 2795 454 932 2796 469 932 2797 470 932 2798 447 933 2799 462 933 2800 463 933 2801 456 934 2802 455 934 2803 470 934 2804 448 935 2805 463 935 2806 464 935 2807 456 936 2808 471 936 2809 472 936 2810 450 937 2811 449 937 2812 464 937 2813 458 938 2814 457 938 2815 472 938 2816 450 939 2817 465 939 2818 466 939 2819 458 940 2820 473 940 2821 474 940 2822 452 941 2823 451 941 2824 466 941 2825 452 942 2826 467 942 2827 468 942 2828 445 943 2829 460 943 2830 461 943 2831 454 944 2832 453 944 2833 468 944 2834 446 945 2835 461 945 2836 462 945 2837 474 946 2838 473 946 2839 480 946 2840 467 947 2841 466 947 2842 477 947 2843 467 948 2844 4 948 2845 5 948 2846 461 949 2847 460 949 2848 0 949 2849 468 950 2850 5 950 2851 478 950 2852 462 951 2853 461 951 2854 475 951 2855 469 952 2856 478 952 2857 479 952 2858 463 953 2859 462 953 2860 1 953 2861 470 954 2862 479 954 2863 6 954 2864 464 955 2865 463 955 2866 2 955 2867 471 956 2868 6 956 2869 7 956 2870 465 957 2871 464 957 2872 476 957 2873 472 958 2874 7 958 2875 480 958 2876 466 959 2877 465 959 2878 3 959 2879</p>
        </triangles>
      </mesh>
    </geometry>
    <geometry id="Cylinder_001-mesh" name="Cylinder.001">
      <mesh>
        <source id="Cylinder_001-mesh-positions">
          <float_array id="Cylinder_001-mesh-positions-array" count="60">0 0.03999996 -0.975 0 0.03999996 0.975 0.0235114 0.03236067 -0.975 0.0235114 0.03236067 0.975 0.03804224 0.01236063 -0.975 0.03804224 0.01236063 0.975 0.03804224 -0.01236063 -0.975 0.03804224 -0.01236063 0.975 0.0235114 -0.03236067 -0.975 0.0235114 -0.03236067 0.975 0 -0.03999996 -0.975 0 -0.03999996 0.975 -0.0235114 -0.03236067 -0.975 -0.0235114 -0.03236067 0.975 -0.03804224 -0.01236063 -0.975 -0.03804224 -0.01236063 0.975 -0.03804224 0.01236063 -0.975 -0.03804224 0.01236063 0.975 -0.0235114 0.03236067 -0.975 -0.0235114 0.03236067 0.975</float_array>
          <technique_common>
            <accessor source="#Cylinder_001-mesh-positions-array" count="20" stride="3">
              <param name="X" type="float"/>
              <param name="Y" type="float"/>
              <param name="Z" type="float"/>
            </accessor>
          </technique_common>
        </source>
        <source id="Cylinder_001-mesh-normals">
          <float_array id="Cylinder_001-mesh-normals-array" count="108">0.309017 0.9510565 0 0.809017 0.5877853 0 1 0 0 0.809017 -0.5877853 0 0.309017 -0.9510565 0 -0.309017 -0.9510565 0 -0.809017 -0.5877853 0 -1 0 0 0 0 1 -0.809017 0.5877853 0 -0.309017 0.9510565 0 0 0 -1 0.309017 0.9510565 0 0.809017 0.5877853 0 1 0 0 0.809017 -0.5877853 0 0.309017 -0.9510565 0 -0.309017 -0.9510565 0 -0.809017 -0.5877853 0 -1 0 0 0 0 1 0 0 1 0 0 1 0 0 1 0 0 1 0 0 1 0 0 1 -0.809017 0.5877853 0 -0.309017 0.9510565 0 0 0 -1 0 0 -1 0 0 -1 0 0 -1 0 0 -1 0 0 -1 0 0 -1</float_array>
          <technique_common>
            <accessor source="#Cylinder_001-mesh-normals-array" count="36" stride="3">
              <param name="X" type="float"/>
              <param name="Y" type="float"/>
              <param name="Z" type="float"/>
            </accessor>
          </technique_common>
        </source>
        <source id="Cylinder_001-mesh-map-0">
          <float_array id="Cylinder_001-mesh-map-0-array" count="216">1 1 0.9 0.5 1 0.5 0.9 1 0.8 0.5 0.9 0.5 0.8 1 0.6999999 0.5 0.8 0.5 0.6999999 1 0.5999999 0.5 0.6999999 0.5 0.5999999 1 0.4999999 0.5 0.5999999 0.5 0.4999999 1 0.3999999 0.5 0.4999999 0.5 0.3999999 1 0.2999999 0.5 0.3999999 0.5 0.2999999 1 0.1999999 0.5 0.2999999 0.5 0.02174639 0.3241641 0.3910685 0.0558359 0.4782536 0.3241641 0.1999999 1 0.0999999 0.5 0.1999999 0.5 0.0999999 1 0 0.5 0.0999999 0.5 0.9782536 0.1758359 0.5217464 0.1758359 0.6089316 0.4441641 1 1 0.9 1 0.9 0.5 0.9 1 0.8 1 0.8 0.5 0.8 1 0.6999999 1 0.6999999 0.5 0.6999999 1 0.5999999 1 0.5999999 0.5 0.5999999 1 0.4999999 1 0.4999999 0.5 0.4999999 1 0.3999999 1 0.3999999 0.5 0.3999999 1 0.2999999 1 0.2999999 0.5 0.2999999 1 0.1999999 1 0.1999999 0.5 0.4782536 0.3241641 0.3910685 0.4441641 0.25 0.49 0.25 0.49 0.1089315 0.4441641 0.02174639 0.3241641 0.02174639 0.3241641 0.02174639 0.1758359 0.1089315 0.0558359 0.1089315 0.0558359 0.25 0.00999999 0.02174639 0.3241641 0.25 0.00999999 0.3910685 0.0558359 0.02174639 0.3241641 0.3910685 0.0558359 0.4782536 0.1758359 0.4782536 0.3241641 0.4782536 0.3241641 0.25 0.49 0.02174639 0.3241641 0.1999999 1 0.0999999 1 0.0999999 0.5 0.0999999 1 0 1 0 0.5 0.6089316 0.4441641 0.75 0.49 0.9782536 0.1758359 0.75 0.49 0.8910685 0.4441641 0.9782536 0.1758359 0.8910685 0.4441641 0.9782536 0.3241641 0.9782536 0.1758359 0.9782536 0.1758359 0.8910685 0.0558359 0.75 0.00999999 0.75 0.00999999 0.6089316 0.0558359 0.5217464 0.1758359 0.5217464 0.1758359 0.5217464 0.3241641 0.6089316 0.4441641 0.9782536 0.1758359 0.75 0.00999999 0.5217464 0.1758359</float_array>
          <technique_common>
            <accessor source="#Cylinder_001-mesh-map-0-array" count="108" stride="2">
              <param name="S" type="float"/>
              <param name="T" type="float"/>
            </accessor>
          </technique_common>
        </source>
        <vertices id="Cylinder_001-mesh-vertices">
          <input semantic="POSITION" source="#Cylinder_001-mesh-positions"/>
        </vertices>
        <triangles material="CL_post-material" count="36">
          <input semantic="VERTEX" source="#Cylinder_001-mesh-vertices" offset="0"/>
          <input semantic="NORMAL" source="#Cylinder_001-mesh-normals" offset="1"/>
          <input semantic="TEXCOORD" source="#Cylinder_001-mesh-map-0" offset="2" set="0"/>
          <p>1 0 0 2 0 1 0 0 2 3 1 3 4 1 4 2 1 5 5 2 6 6 2 7 4 2 8 7 3 9 8 3 10 6 3 11 9 4 12 10 4 13 8 4 14 11 5 15 12 5 16 10 5 17 13 6 18 14 6 19 12 6 20 15 7 21 16 7 22 14 7 23 17 8 24 9 8 25 5 8 26 17 9 27 18 9 28 16 9 29 19 10 30 0 10 31 18 10 32 6 11 33 14 11 34 18 11 35 1 12 36 3 12 37 2 12 38 3 13 39 5 13 40 4 13 41 5 14 42 7 14 43 6 14 44 7 15 45 9 15 46 8 15 47 9 16 48 11 16 49 10 16 50 11 17 51 13 17 52 12 17 53 13 18 54 15 18 55 14 18 56 15 19 57 17 19 58 16 19 59 5 20 60 3 20 61 1 20 62 1 21 63 19 21 64 17 21 65 17 22 66 15 22 67 13 22 68 13 23 69 11 23 70 17 23 71 11 24 72 9 24 73 17 24 74 9 25 75 7 25 76 5 25 77 5 26 78 1 26 79 17 26 80 17 27 81 19 27 82 18 27 83 19 28 84 1 28 85 0 28 86 18 29 87 0 29 88 6 29 89 0 30 90 2 30 91 6 30 92 2 31 93 4 31 94 6 31 95 6 32 96 8 32 97 10 32 98 10 33 99 12 33 100 14 33 101 14 34 102 16 34 103 18 34 104 6 35 105 10 35 106 14 35 107</p>
        </triangles>
      </mesh>
    </geometry>
    <geometry id="Sphere-mesh" name="Sphere">
      <mesh>
        <source id="Sphere-mesh-positions">
          <float_array id="Sphere-mesh-positions-array" count="1446">0 0.009364306 0.04707765 0 0.02666735 0.03991049 0 0.03394109 0.03394109 0 0.04434621 0.01836878 0 0.04799997 0 0 0.04707765 -0.009364306 0 0.03394109 -0.03394109 0 0.02666735 -0.03991049 0.001826882 0.00918436 0.04707765 0.00358355 0.0180158 0.04434621 0.005202531 0.02615493 0.03991049 0.006621539 0.03328895 0.03394109 0.007786154 0.03914362 0.02666735 0.008651494 0.0434941 0.01836878 0.00918436 0.04617309 0.009364306 0.009364306 0.04707765 0 0.00918436 0.04617309 -0.009364306 0.008651494 0.0434941 -0.01836878 0.007786154 0.03914362 -0.02666735 0.006621539 0.03328895 -0.03394109 0.005202531 0.02615493 -0.03991049 0.00358355 0.0180158 -0.04434621 0.001826882 0.00918436 -0.04707765 0.00358355 0.008651494 0.04707765 0.007029414 0.01697051 0.04434621 0.01020514 0.0246374 0.03991049 0.01298868 0.03135746 0.03394109 0.01527309 0.0368725 0.02666735 0.01697051 0.04097056 0.01836878 0.0180158 0.0434941 0.009364306 0.01836878 0.04434621 0 0.0180158 0.0434941 -0.009364306 0.01697051 0.04097056 -0.01836878 0.01527309 0.0368725 -0.02666735 0.01298868 0.03135746 -0.03394109 0.01020514 0.0246374 -0.03991049 0.007029414 0.01697051 -0.04434621 0.00358355 0.008651494 -0.04707765 0.005202531 0.007786154 0.04707765 0.01020514 0.01527309 0.04434621 0.01481556 0.0221731 0.03991049 0.01885664 0.02822101 0.03394109 0.0221731 0.03318434 0.02666735 0.0246374 0.0368725 0.01836878 0.02615493 0.03914362 0.009364306 0.02666735 0.03991049 0 0.02615493 0.03914362 -0.009364306 0.0246374 0.0368725 -0.01836878 0.0221731 0.03318434 -0.02666735 0.01885664 0.02822101 -0.03394109 0.01481556 0.0221731 -0.03991049 0.01020514 0.01527309 -0.04434621 0.005202531 0.007786154 -0.04707765 0.006621539 0.006621539 0.04707765 0.01298868 0.01298868 0.04434621 0.01885664 0.01885664 0.03991049 0.02399998 0.02399998 0.03394109 0.02822101 0.02822101 0.02666735 0.03135746 0.03135746 0.01836878 0.03328895 0.03328895 0.009364306 0.03394109 0.03394109 0 0.03328895 0.03328895 -0.009364306 0.03135746 0.03135746 -0.01836878 0.02822101 0.02822101 -0.02666735 0.02399998 0.02399998 -0.03394109 0.01885664 0.01885664 -0.03991049 0.01298868 0.01298868 -0.04434621 0.006621539 0.006621539 -0.04707765 0.007786154 0.005202531 0.04707765 0.01527309 0.01020514 0.04434621 0.0221731 0.01481556 0.03991049 0.02822101 0.01885664 0.03394109 0.03318434 0.0221731 0.02666735 0.0368725 0.0246374 0.01836878 0.03914362 0.02615493 0.009364306 0.03991049 0.02666735 0 0.03914362 0.02615493 -0.009364306 0.0368725 0.0246374 -0.01836878 0.03318434 0.0221731 -0.02666735 0.02822101 0.01885664 -0.03394109 0.0221731 0.01481556 -0.03991049 0.01527309 0.01020514 -0.04434621 0.007786154 0.005202531 -0.04707765 0.008651494 0.00358355 0.04707765 0.01697051 0.007029414 0.04434621 0.0246374 0.01020514 0.03991049 0.03135746 0.01298868 0.03394109 0.0368725 0.01527309 0.02666735 0.0409705 0.01697051 0.01836878 0.0434941 0.0180158 0.009364306 0.04434621 0.01836878 0 0.0434941 0.0180158 -0.009364306 0.0409705 0.01697051 -0.01836878 0.0368725 0.01527309 -0.02666735 0.03135746 0.01298868 -0.03394109 0.0246374 0.01020514 -0.03991049 0.01697051 0.007029414 -0.04434621 0.008651494 0.00358355 -0.04707765 0.00918436 0.001826882 0.04707765 0.0180158 0.00358355 0.04434621 0.02615493 0.005202531 0.03991049 0.03328889 0.006621539 0.03394109 0.03914362 0.007786154 0.02666735 0.0434941 0.008651494 0.01836878 0.04617309 0.00918436 0.009364306 0.04707765 0.009364306 0 0.04617309 0.00918436 -0.009364306 0.0434941 0.008651494 -0.01836878 0.03914362 0.007786154 -0.02666735 0.03328889 0.006621539 -0.03394109 0.02615493 0.005202531 -0.03991049 0.0180158 0.00358355 -0.04434621 0.00918436 0.001826882 -0.04707765 0.009364306 0 0.04707765 0.01836878 0 0.04434621 0.02666735 0 0.03991049 0.03394109 0 0.03394109 0.03991049 0 0.02666735 0.04434615 0 0.01836878 0.04707765 0 0.009364306 0.04799997 0 0 0.04707765 0 -0.009364306 0.04434615 0 -0.01836878 0.03991049 0 -0.02666735 0.03394109 0 -0.03394109 0.02666735 0 -0.03991049 0.01836878 0 -0.04434621 0.009364306 0 -0.04707765 0.00918436 -0.001826882 0.04707765 0.0180158 -0.00358355 0.04434621 0.02615493 -0.005202531 0.03991049 0.03328889 -0.006621539 0.03394109 0.03914362 -0.007786154 0.02666735 0.0434941 -0.008651494 0.01836878 0.04617309 -0.00918436 0.009364306 0.04707765 -0.009364306 0 0.04617309 -0.00918436 -0.009364306 0.0434941 -0.008651494 -0.01836878 0.03914362 -0.007786154 -0.02666735 0.03328889 -0.006621539 -0.03394109 0.02615493 -0.005202531 -0.03991049 0.0180158 -0.00358355 -0.04434621 0.00918436 -0.001826882 -0.04707765 0.008651494 -0.00358355 0.04707765 0.01697051 -0.007029414 0.04434621 0.0246374 -0.01020514 0.03991049 0.03135746 -0.01298868 0.03394109 0.0368725 -0.01527309 0.02666735 0.0409705 -0.01697051 0.01836878 0.0434941 -0.0180158 0.009364306 0.04434615 -0.01836878 0 0.0434941 -0.0180158 -0.009364306 0.0409705 -0.01697051 -0.01836878 0.0368725 -0.01527309 -0.02666735 0.03135746 -0.01298868 -0.03394109 0.0246374 -0.01020514 -0.03991049 0.01697051 -0.007029414 -0.04434621 0.008651494 -0.00358355 -0.04707765 0.007786154 -0.005202531 0.04707765 0.01527309 -0.01020514 0.04434621 0.0221731 -0.01481556 0.03991049 0.02822095 -0.01885664 0.03394109 0.03318434 -0.0221731 0.02666735 0.0368725 -0.0246374 0.01836878 0.03914362 -0.02615493 0.009364306 0.03991049 -0.02666735 0 0.03914362 -0.02615493 -0.009364306 0.0368725 -0.0246374 -0.01836878 0.03318434 -0.0221731 -0.02666735 0.02822095 -0.01885664 -0.03394109 0.0221731 -0.01481556 -0.03991049 0.01527309 -0.01020514 -0.04434621 0.007786154 -0.005202531 -0.04707765 0.006621539 -0.006621539 0.04707765 0.01298868 -0.01298868 0.04434621 0.01885664 -0.01885664 0.03991049 0.02399998 -0.02399998 0.03394109 0.02822095 -0.02822101 0.02666735 0.03135746 -0.03135746 0.01836878 0.03328889 -0.03328889 0.009364306 0.03394109 -0.03394109 0 0.03328889 -0.03328889 -0.009364306 0.03135746 -0.03135746 -0.01836878 0.02822095 -0.02822101 -0.02666735 0.02399998 -0.02399998 -0.03394109 0.01885664 -0.01885664 -0.03991049 0.01298868 -0.01298868 -0.04434621 0.006621539 -0.006621539 -0.04707765 0.005202531 -0.007786154 0.04707765 0.01020514 -0.01527309 0.04434621 0.01481556 -0.0221731 0.03991049 0.01885664 -0.02822095 0.03394109 0.02217304 -0.03318434 0.02666735 0.0246374 -0.0368725 0.01836878 0.02615493 -0.03914362 0.009364306 0.02666735 -0.03991049 0 0.02615493 -0.03914362 -0.009364306 0.0246374 -0.0368725 -0.01836878 0.02217304 -0.03318434 -0.02666735 0.01885664 -0.02822095 -0.03394109 0.01481556 -0.0221731 -0.03991049 0.01020514 -0.01527309 -0.04434621 0.005202531 -0.007786154 -0.04707765 0.00358355 -0.008651494 0.04707765 0.007029414 -0.01697051 0.04434621 0.01020514 -0.0246374 0.03991049 0.01298868 -0.03135746 0.03394109 0.01527309 -0.0368725 0.02666735 0.01697051 -0.0409705 0.01836878 0.0180158 -0.0434941 0.009364306 0.01836878 -0.04434615 0 0.0180158 -0.0434941 -0.009364306 0.01697051 -0.0409705 -0.01836878 0.01527309 -0.0368725 -0.02666735 0.01298868 -0.03135746 -0.03394109 0.01020514 -0.0246374 -0.03991049 0.007029414 -0.01697051 -0.04434621 0.00358355 -0.008651494 -0.04707765 0.001826882 -0.00918436 0.04707765 0.00358355 -0.0180158 0.04434621 0.005202531 -0.02615493 0.03991049 0.006621539 -0.03328889 0.03394109 0.007786095 -0.03914362 0.02666735 0.008651494 -0.04349404 0.01836878 0.00918436 -0.04617309 0.009364306 0.009364306 -0.04707765 0 0.00918436 -0.04617309 -0.009364306 0.008651494 -0.04349404 -0.01836878 0.007786095 -0.03914362 -0.02666735 0.006621539 -0.03328889 -0.03394109 0.005202531 -0.02615493 -0.03991049 0.00358355 -0.0180158 -0.04434621 0.001826882 -0.00918436 -0.04707765 0 -0.009364306 0.04707765 0 -0.01836878 0.04434621 0 -0.02666735 0.03991049 0 -0.03394109 0.03394109 0 -0.03991049 0.02666735 0 -0.04434615 0.01836878 0 -0.04707765 0.009364306 0 -0.04799997 0 0 -0.04707765 -0.009364306 0 -0.04434615 -0.01836878 0 -0.03991049 -0.02666735 0 -0.03394109 -0.03394109 0 -0.02666735 -0.03991049 0 -0.01836878 -0.04434621 0 -0.009364306 -0.04707765 0 0 -0.04799997 -0.001826882 -0.00918436 0.04707765 -0.00358355 -0.0180158 0.04434621 -0.005202531 -0.02615493 0.03991049 -0.006621539 -0.03328889 0.03394109 -0.007786154 -0.03914362 0.02666735 -0.008651494 -0.04349404 0.01836878 -0.00918436 -0.04617303 0.009364306 -0.009364306 -0.04707765 0 -0.00918436 -0.04617303 -0.009364306 -0.008651494 -0.04349404 -0.01836878 -0.007786154 -0.03914362 -0.02666735 -0.006621539 -0.03328889 -0.03394109 -0.005202531 -0.02615493 -0.03991049 -0.00358355 -0.0180158 -0.04434621 -0.001826882 -0.00918436 -0.04707765 -0.00358355 -0.008651494 0.04707765 -0.007029414 -0.01697051 0.04434621 -0.01020514 -0.0246374 0.03991049 -0.01298868 -0.03135746 0.03394109 -0.01527309 -0.0368725 0.02666735 -0.01697051 -0.0409705 0.01836878 -0.0180158 -0.04349404 0.009364306 -0.01836878 -0.04434615 0 -0.0180158 -0.04349404 -0.009364306 -0.01697051 -0.0409705 -0.01836878 -0.01527309 -0.0368725 -0.02666735 -0.01298868 -0.03135746 -0.03394109 -0.01020514 -0.0246374 -0.03991049 -0.007029414 -0.01697051 -0.04434621 -0.00358355 -0.008651494 -0.04707765 -0.005202531 -0.007786154 0.04707765 -0.01020514 -0.01527303 0.04434621 -0.01481556 -0.02217304 0.03991049 -0.01885664 -0.02822095 0.03394109 -0.0221731 -0.03318434 0.02666735 -0.0246374 -0.0368725 0.01836878 -0.02615493 -0.03914362 0.009364306 -0.02666735 -0.03991049 0 -0.02615493 -0.03914362 -0.009364306 -0.0246374 -0.0368725 -0.01836878 -0.0221731 -0.03318434 -0.02666735 -0.01885664 -0.02822095 -0.03394109 -0.01481556 -0.02217304 -0.03991049 -0.01020514 -0.01527303 -0.04434621 -0.005202531 -0.007786154 -0.04707765 -0.006621539 -0.006621539 0.04707765 -0.01298868 -0.01298868 0.04434621 -0.01885664 -0.01885664 0.03991049 -0.02399998 -0.02399992 0.03394109 -0.02822095 -0.02822095 0.02666735 -0.03135746 -0.03135746 0.01836878 -0.03328889 -0.03328889 0.009364306 -0.03394109 -0.03394109 0 -0.03328889 -0.03328889 -0.009364306 -0.03135746 -0.03135746 -0.01836878 -0.02822095 -0.02822095 -0.02666735 -0.02399998 -0.02399992 -0.03394109 -0.01885664 -0.01885664 -0.03991049 -0.01298868 -0.01298868 -0.04434621 -0.006621539 -0.006621539 -0.04707765 0 0 0.04799997 -0.007786154 -0.005202531 0.04707765 -0.01527309 -0.01020514 0.04434621 -0.0221731 -0.01481556 0.03991049 -0.02822095 -0.01885664 0.03394109 -0.03318434 -0.02217304 0.02666735 -0.0368725 -0.0246374 0.01836878 -0.03914362 -0.02615493 0.009364306 -0.03991049 -0.02666729 0 -0.03914362 -0.02615493 -0.009364306 -0.0368725 -0.0246374 -0.01836878 -0.03318434 -0.02217304 -0.02666735 -0.02822095 -0.01885664 -0.03394109 -0.0221731 -0.01481556 -0.03991049 -0.01527309 -0.01020514 -0.04434621 -0.007786154 -0.005202531 -0.04707765 -0.008651494 -0.00358355 0.04707765 -0.01697051 -0.007029414 0.04434621 -0.0246374 -0.01020514 0.03991049 -0.03135746 -0.01298868 0.03394109 -0.0368725 -0.01527309 0.02666735 -0.0409705 -0.01697051 0.01836878 -0.04349404 -0.0180158 0.009364306 -0.04434615 -0.01836878 0 -0.04349404 -0.0180158 -0.009364306 -0.0409705 -0.01697051 -0.01836878 -0.0368725 -0.01527309 -0.02666735 -0.03135746 -0.01298868 -0.03394109 -0.0246374 -0.01020514 -0.03991049 -0.01697051 -0.007029414 -0.04434621 -0.008651494 -0.00358355 -0.04707765 -0.00918436 -0.001826882 0.04707765 -0.0180158 -0.00358355 0.04434621 -0.02615493 -0.005202531 0.03991049 -0.03328889 -0.006621539 0.03394109 -0.03914362 -0.007786095 0.02666735 -0.04349404 -0.008651494 0.01836878 -0.04617303 -0.00918436 0.009364306 -0.04707765 -0.009364306 0 -0.04617303 -0.00918436 -0.009364306 -0.04349404 -0.008651494 -0.01836878 -0.03914362 -0.007786095 -0.02666735 -0.03328889 -0.006621539 -0.03394109 -0.02615493 -0.005202531 -0.03991049 -0.0180158 -0.00358355 -0.04434621 -0.00918436 -0.001826882 -0.04707765 -0.009364306 0 0.04707765 -0.01836878 0 0.04434621 -0.02666735 0 0.03991049 -0.03394109 0 0.03394109 -0.03991049 0 0.02666735 -0.04434615 0 0.01836878 -0.04707765 0 0.009364306 -0.04799997 0 0 -0.04707765 0 -0.009364306 -0.04434615 0 -0.01836878 -0.03991049 0 -0.02666735 -0.03394109 0 -0.03394109 -0.02666735 0 -0.03991049 -0.01836878 0 -0.04434621 -0.009364306 0 -0.04707765 -0.00918436 0.001826882 0.04707765 -0.0180158 0.00358355 0.04434621 -0.02615493 0.005202531 0.03991049 -0.03328889 0.006621539 0.03394109 -0.03914362 0.007786154 0.02666735 -0.04349404 0.008651494 0.01836878 -0.04617303 0.00918436 0.009364306 -0.04707765 0.009364306 0 -0.04617303 0.00918436 -0.009364306 -0.04349404 0.008651494 -0.01836878 -0.03914362 0.007786154 -0.02666735 -0.03328889 0.006621539 -0.03394109 -0.02615493 0.005202531 -0.03991049 -0.0180158 0.00358355 -0.04434621 -0.00918436 0.001826882 -0.04707765 -0.008651494 0.00358355 0.04707765 -0.01697051 0.007029414 0.04434621 -0.0246374 0.01020514 0.03991049 -0.03135746 0.01298868 0.03394109 -0.0368725 0.01527309 0.02666735 -0.0409705 0.01697051 0.01836878 -0.04349404 0.0180158 0.009364306 -0.04434615 0.01836878 0 -0.04349404 0.0180158 -0.009364306 -0.0409705 0.01697051 -0.01836878 -0.0368725 0.01527309 -0.02666735 -0.03135746 0.01298868 -0.03394109 -0.0246374 0.01020514 -0.03991049 -0.01697051 0.007029414 -0.04434621 -0.008651494 0.00358355 -0.04707765 -0.007786095 0.005202531 0.04707765 -0.01527303 0.01020514 0.04434621 -0.02217304 0.01481556 0.03991049 -0.02822095 0.01885664 0.03394109 -0.03318434 0.02217304 0.02666735 -0.03687244 0.0246374 0.01836878 -0.03914362 0.02615493 0.009364306 -0.03991049 0.02666735 0 -0.03914362 0.02615493 -0.009364306 -0.03687244 0.0246374 -0.01836878 -0.03318434 0.02217304 -0.02666735 -0.02822095 0.01885664 -0.03394109 -0.02217304 0.01481556 -0.03991049 -0.01527303 0.01020514 -0.04434621 -0.007786095 0.005202531 -0.04707765 -0.006621539 0.006621539 0.04707765 -0.01298868 0.01298868 0.04434621 -0.01885664 0.01885664 0.03991049 -0.02399992 0.02399992 0.03394109 -0.02822095 0.02822095 0.02666735 -0.03135746 0.03135746 0.01836878 -0.03328889 0.03328889 0.009364306 -0.03394109 0.03394109 0 -0.03328889 0.03328889 -0.009364306 -0.03135746 0.03135746 -0.01836878 -0.02822095 0.02822095 -0.02666735 -0.02399992 0.02399992 -0.03394109 -0.01885664 0.01885664 -0.03991049 -0.01298868 0.01298868 -0.04434621 -0.006621539 0.006621539 -0.04707765 -0.005202531 0.007786154 0.04707765 -0.01020514 0.01527309 0.04434621 -0.01481556 0.0221731 0.03991049 -0.01885664 0.02822095 0.03394109 -0.02217304 0.03318434 0.02666735 -0.0246374 0.0368725 0.01836878 -0.02615493 0.03914362 0.009364306 -0.02666729 0.03991049 0 -0.02615493 0.03914362 -0.009364306 -0.0246374 0.0368725 -0.01836878 -0.02217304 0.03318434 -0.02666735 -0.01885664 0.02822095 -0.03394109 -0.01481556 0.0221731 -0.03991049 -0.01020514 0.01527309 -0.04434621 -0.005202531 0.007786154 -0.04707765 -0.00358355 0.008651494 0.04707765 -0.007029414 0.01697051 0.04434621 -0.01020514 0.0246374 0.03991049 -0.01298868 0.03135746 0.03394109 -0.01527309 0.0368725 0.02666735 -0.01697051 0.0409705 0.01836878 -0.0180158 0.04349404 0.009364306 -0.01836878 0.04434615 0 -0.0180158 0.04349404 -0.009364306 -0.01697051 0.0409705 -0.01836878 -0.01527309 0.0368725 -0.02666735 -0.01298868 0.03135746 -0.03394109 -0.01020514 0.0246374 -0.03991049 -0.007029414 0.01697051 -0.04434621 -0.00358355 0.008651494 -0.04707765 -0.001826882 0.00918436 0.04707765 -0.00358355 0.0180158 0.04434621 -0.005202531 0.02615493 0.03991049 -0.006621539 0.03328889 0.03394109 -0.007786095 0.03914362 0.02666735 -0.008651494 0.04349404 0.01836878 -0.00918436 0.04617303 0.009364306 -0.009364306 0.04707765 0 -0.00918436 0.04617303 -0.009364306 -0.008651494 0.04349404 -0.01836878 -0.007786095 0.03914362 -0.02666735 -0.006621539 0.03328889 -0.03394109 -0.005202531 0.02615493 -0.03991049 -0.00358355 0.0180158 -0.04434621 -0.001826882 0.00918436 -0.04707765 0 0.01836878 0.04434621 0 0.03991049 0.02666735 0 0.04707759 0.009364306 0 0.04434615 -0.01836878 0 0.03991049 -0.02666735 0 0.01836878 -0.04434621 0 0.009364306 -0.04707765</float_array>
          <technique_common>
            <accessor source="#Sphere-mesh-positions-array" count="482" stride="3">
              <param name="X" type="float"/>
              <param name="Y" type="float"/>
              <param name="Z" type="float"/>
            </accessor>
          </technique_common>
        </source>
        <source id="Sphere-mesh-normals">
          <float_array id="Sphere-mesh-normals-array" count="2880">0.06236088 0.6331587 0.7715058 0.07591557 0.7707809 -0.6325611 0.07591259 0.7707799 0.6325628 0.06236064 0.6331588 -0.7715057 0.08653581 0.8786129 0.4696285 0.04637622 0.4708889 -0.8809727 0.09382975 0.9527187 0.2890036 0.02857762 0.2901664 -0.9565495 0.09754967 0.9904379 0.0975548 0.009653449 0.09801262 0.9951384 0.009652972 0.09801274 -0.9951384 0.09754979 0.9904383 -0.09754973 0.0285775 0.2901664 0.9565495 0.09383058 0.9527186 -0.2890036 0.04637855 0.4708896 0.8809723 0.08653295 0.8786136 -0.4696278 0.2778978 0.9161056 -0.2890039 0.1373534 0.4527935 0.8809722 0.2562822 0.8448482 -0.4696286 0.1846858 0.6088269 0.7715057 0.2248284 0.7411589 -0.6325629 0.2248283 0.7411589 0.6325629 0.1846857 0.6088269 -0.7715056 0.2562821 0.8448482 0.4696285 0.1373536 0.4527934 -0.8809722 0.2778975 0.9161058 0.2890037 0.08463835 0.2790151 -0.9565495 0.2889002 0.9523763 0.09754973 0.02858924 0.09424608 0.9951384 0.02858924 0.09424608 -0.9951384 0.2889001 0.9523764 -0.09754979 0.08463841 0.2790151 0.9565494 0.2230499 0.4172968 -0.8809723 0.4512814 0.8442878 0.2890039 0.1374453 0.2571419 -0.9565495 0.4691486 0.8777151 0.09754979 0.04642635 0.08685767 0.9951384 0.04642635 0.08685767 -0.9951383 0.4691486 0.8777149 -0.09754973 0.1374453 0.2571418 0.9565494 0.4512814 0.8442878 -0.2890039 0.2230498 0.4172969 0.8809723 0.4161796 0.7786162 -0.4696289 0.2999133 0.5610981 0.7715056 0.3651012 0.6830561 -0.6325627 0.3651014 0.6830558 0.6325629 0.2999132 0.5610982 -0.7715056 0.4161794 0.7786166 0.4696286 0.560083 0.6824632 -0.4696285 0.4036153 0.4918066 0.7715056 0.4913435 0.5987036 -0.6325626 0.4913434 0.5987037 0.6325627 0.4036153 0.4918066 -0.7715056 0.5600833 0.6824628 0.4696288 0.3001747 0.3657636 -0.8809722 0.6073225 0.7400245 0.2890038 0.1849702 0.2253867 -0.9565495 0.6313675 0.7693238 0.09754997 0.06247943 0.07613134 0.9951384 0.06247943 0.07613134 -0.9951383 0.6313677 0.7693237 -0.09754985 0.1849702 0.2253867 0.9565494 0.6073227 0.7400242 -0.2890042 0.3001746 0.3657637 0.8809723 0.2253868 0.1849702 -0.9565495 0.769324 0.6313673 0.09754967 0.0761314 0.06247943 0.9951384 0.0761314 0.06247937 -0.9951384 0.7693238 0.6313676 -0.09755009 0.2253868 0.1849701 0.9565494 0.7400245 0.6073223 -0.2890041 0.3657637 0.3001745 0.8809723 0.6824632 0.560083 -0.4696285 0.4918067 0.4036152 0.7715055 0.5987037 0.4913433 -0.6325627 0.5987037 0.4913434 0.6325628 0.4918066 0.4036153 -0.7715057 0.6824633 0.560083 0.4696284 0.3657637 0.3001744 -0.8809723 0.7400245 0.6073222 0.2890041 0.5610982 0.2999132 0.7715057 0.6830561 0.365101 -0.6325627 0.683056 0.3651011 0.6325629 0.5610982 0.2999132 -0.7715056 0.7786169 0.4161791 0.4696282 0.4172968 0.2230498 -0.8809723 0.8442878 0.4512813 0.289004 0.257142 0.1374452 -0.9565495 0.8777152 0.4691482 0.09754943 0.08685767 0.04642635 0.9951384 0.08685767 0.04642635 -0.9951384 0.8777151 0.4691486 -0.09754979 0.257142 0.1374452 0.9565494 0.8442879 0.4512809 -0.2890043 0.4172968 0.2230497 0.8809723 0.7786167 0.4161794 -0.4696285 0.9523764 0.2889002 0.09754967 0.09424608 0.02858918 0.9951383 0.09424608 0.02858918 -0.9951384 0.9523764 0.2889001 -0.09754955 0.2790153 0.08463817 0.9565494 0.9161056 0.2778974 -0.2890043 0.4527934 0.1373532 0.8809723 0.8448486 0.2562814 -0.4696282 0.6088271 0.1846855 0.7715056 0.7411592 0.224828 -0.6325626 0.7411591 0.2248277 0.6325629 0.6088271 0.1846854 -0.7715057 0.8448484 0.2562817 0.4696284 0.4527935 0.1373531 -0.8809723 0.9161057 0.2778975 0.2890042 0.2790153 0.08463829 -0.9565495 0.7707798 0.07591497 -0.6325625 0.7707798 0.0759148 0.6325626 0.633159 0.0623607 -0.7715055 0.8786129 0.08653551 0.4696286 0.4708893 0.04637819 -0.8809724 0.952718 0.09383428 0.2890042 0.2901663 0.02857881 -0.9565495 0.9904384 0.09754931 0.09754967 0.09801268 0.009653389 0.9951384 0.09801268 0.009653329 -0.9951384 0.9904384 0.09754937 -0.09754973 0.2901662 0.02857863 0.9565494 0.952718 0.09383416 -0.2890043 0.4708894 0.04637855 0.8809723 0.878613 0.08653539 -0.4696285 0.6331589 0.06236058 0.7715056 0.09801268 -0.009653389 0.9951383 0.09801268 -0.009653389 -0.9951383 0.9904384 -0.09754985 -0.09754973 0.2901662 -0.02857893 0.9565494 0.952718 -0.09383457 -0.289004 0.4708893 -0.04637855 0.8809724 0.8786128 -0.08653581 -0.4696285 0.633159 -0.06236094 0.7715056 0.7707798 -0.07591545 -0.6325625 0.7707799 -0.07591515 0.6325625 0.6331591 -0.0623607 -0.7715055 0.8786128 -0.08653587 0.4696286 0.4708892 -0.04637867 -0.8809725 0.952718 -0.09383469 0.2890042 0.2901662 -0.02857893 -0.9565494 0.9904384 -0.09754973 0.09754985 0.741159 -0.2248284 0.6325626 0.6088272 -0.1846858 -0.7715054 0.8448481 -0.2562821 0.4696286 0.4527931 -0.1373536 -0.8809725 0.9161057 -0.2778976 0.289004 0.2790153 -0.08463847 -0.9565494 0.9523762 -0.2889007 0.09754943 0.09424608 -0.0285893 0.9951383 0.09424608 -0.02858924 -0.9951383 0.9523764 -0.2889002 -0.09754991 0.2790153 -0.08463853 0.9565494 0.9161055 -0.2778978 -0.2890042 0.4527933 -0.1373534 0.8809724 0.8448482 -0.2562823 -0.4696286 0.6088271 -0.184686 0.7715054 0.7411589 -0.2248284 -0.6325627 0.8777149 -0.4691486 -0.09754955 0.257142 -0.1374455 0.9565494 0.8442876 -0.4512814 -0.2890041 0.4172965 -0.2230498 0.8809725 0.7786164 -0.4161795 -0.4696287 0.5610983 -0.2999135 0.7715054 0.683056 -0.3651013 -0.6325626 0.683056 -0.3651013 0.6325626 0.5610983 -0.2999135 -0.7715054 0.7786164 -0.4161794 0.4696287 0.4172964 -0.2230499 -0.8809725 0.8442878 -0.4512814 0.289004 0.2571421 -0.1374454 -0.9565494 0.877715 -0.4691487 0.09754949 0.08685767 -0.04642641 0.9951384 0.08685767 -0.04642641 -0.9951384 0.4918068 -0.4036156 -0.7715054 0.6824629 -0.5600831 0.4696288 0.3657634 -0.3001745 -0.8809724 0.7400245 -0.6073225 0.289004 0.2253869 -0.1849703 -0.9565494 0.7693235 -0.6313679 0.09754937 0.0761314 -0.06247943 0.9951383 0.0761314 -0.06247943 -0.9951384 0.7693236 -0.6313678 -0.09754955 0.2253868 -0.1849703 0.9565494 0.7400243 -0.6073225 -0.289004 0.3657634 -0.3001745 0.8809724 0.682463 -0.560083 -0.4696288 0.4918069 -0.4036155 0.7715054 0.5987037 -0.4913434 -0.6325625 0.5987037 -0.4913436 0.6325626 0.607322 -0.7400248 -0.2890039 0.3001743 -0.3657636 0.8809724 0.5600829 -0.6824632 -0.4696289 0.4036152 -0.4918069 0.7715054 0.4913433 -0.5987039 -0.6325626 0.4913433 -0.5987039 0.6325625 0.4036154 -0.4918069 -0.7715054 0.5600827 -0.6824634 0.4696287 0.3001741 -0.3657636 -0.8809725 0.6073222 -0.7400247 0.2890038 0.1849702 -0.225387 -0.9565494 0.6313674 -0.769324 0.09754943 0.06247943 -0.0761314 0.9951383 0.06247937 -0.07613146 -0.9951384 0.6313674 -0.769324 -0.09754949 0.1849702 -0.225387 0.9565495 0.2230494 -0.4172967 -0.8809725 0.4512811 -0.8442879 0.2890038 0.1374453 -0.2571421 -0.9565494 0.4691483 -0.8777152 0.09754961 0.04642635 -0.08685773 0.9951384 0.04642641 -0.08685773 -0.9951383 0.4691483 -0.8777152 -0.09754961 0.1374452 -0.2571422 0.9565494 0.4512807 -0.8442881 -0.2890041 0.2230495 -0.4172967 0.8809725 0.4161791 -0.7786167 -0.4696287 0.2999132 -0.5610985 0.7715054 0.3651009 -0.6830562 -0.6325627 0.365101 -0.6830563 0.6325626 0.2999132 -0.5610985 -0.7715054 0.4161788 -0.7786169 0.4696285 0.1373531 -0.4527932 0.8809724 0.2562819 -0.8448483 -0.4696285 0.1846857 -0.6088273 0.7715055 0.2248281 -0.7411592 -0.6325626 0.2248281 -0.7411592 0.6325626 0.1846855 -0.6088272 -0.7715055 0.2562815 -0.8448486 0.4696282 0.1373534 -0.4527933 -0.8809724 0.2778976 -0.9161057 0.2890039 0.08463835 -0.2790155 -0.9565494 0.2888999 -0.9523765 0.09754949 0.02858924 -0.09424608 0.9951384 0.02858918 -0.09424608 -0.9951384 0.2889001 -0.9523764 -0.09754979 0.08463835 -0.2790154 0.9565494 0.2778971 -0.9161058 -0.2890043 0.09383434 -0.9527181 0.2890042 0.02857869 -0.2901664 -0.9565494 0.09754937 -0.9904384 0.09754961 0.009653329 -0.09801268 0.9951384 0.009653329 -0.09801268 -0.9951384 0.09754943 -0.9904384 -0.09754973 0.02857869 -0.2901664 0.9565494 0.09383422 -0.952718 -0.2890043 0.04637837 -0.4708893 0.8809724 0.08653539 -0.8786131 -0.4696283 0.06236028 -0.6331592 0.7715055 0.07591462 -0.7707797 -0.6325628 0.0759148 -0.7707798 0.6325627 0.06236052 -0.6331593 -0.7715054 0.08653551 -0.8786131 0.4696282 0.04637825 -0.4708892 -0.8809724 -0.08653581 -0.878613 -0.4696282 -0.062361 -0.6331592 0.7715053 -0.07591545 -0.7707796 -0.6325627 -0.07591515 -0.7707797 0.6325628 -0.06236076 -0.6331594 -0.7715053 -0.08653593 -0.8786131 0.4696282 -0.04637849 -0.4708892 -0.8809724 -0.09383469 -0.952718 0.2890042 -0.02857893 -0.2901664 -0.9565494 -0.09754973 -0.9904384 0.09754991 -0.009653389 -0.09801268 0.9951383 -0.009653389 -0.09801268 -0.9951383 -0.09754985 -0.9904383 -0.09754979 -0.02857887 -0.2901664 0.9565494 -0.09383463 -0.9527181 -0.289004 -0.04637855 -0.4708893 0.8809725 -0.08463859 -0.2790154 -0.9565494 -0.2889007 -0.9523762 0.09754961 -0.0285893 -0.09424608 0.9951383 -0.02858924 -0.09424608 -0.9951383 -0.2889002 -0.9523763 -0.09755009 -0.08463859 -0.2790154 0.9565494 -0.277898 -0.9161056 -0.2890042 -0.1373534 -0.4527932 0.8809724 -0.2562823 -0.8448483 -0.4696283 -0.1846861 -0.6088273 0.7715052 -0.2248285 -0.7411588 -0.6325629 -0.2248284 -0.7411588 0.6325629 -0.1846859 -0.6088276 -0.7715051 -0.2562823 -0.8448484 0.4696282 -0.1373536 -0.452793 -0.8809725 -0.2778977 -0.9161057 0.2890039 -0.2999137 -0.5610986 0.7715052 -0.3651012 -0.6830556 -0.6325631 -0.365101 -0.6830559 0.6325629 -0.2999138 -0.5610985 -0.7715051 -0.4161797 -0.7786168 0.469628 -0.2230497 -0.4172967 -0.8809723 -0.4512815 -0.8442877 0.289004 -0.1374454 -0.2571421 -0.9565494 -0.4691487 -0.8777149 0.09754985 -0.04642641 -0.08685767 0.9951384 -0.04642641 -0.08685773 -0.9951384 -0.4691488 -0.8777149 -0.09754985 -0.1374453 -0.2571421 0.9565494 -0.4512816 -0.8442876 -0.289004 -0.2230499 -0.4172965 0.8809724 -0.4161793 -0.7786168 -0.4696283 -0.631368 -0.7693234 0.09754991 -0.06247943 -0.0761314 0.9951384 -0.06247943 -0.0761314 -0.9951383 -0.6313678 -0.7693235 -0.09755003 -0.1849703 -0.2253868 0.9565494 -0.6073225 -0.7400245 -0.2890037 -0.3001746 -0.3657635 0.8809723 -0.5600832 -0.6824634 -0.469628 -0.4036157 -0.4918069 0.7715052 -0.4913433 -0.5987033 -0.6325632 -0.4913432 -0.5987035 0.6325631 -0.4036158 -0.4918069 -0.7715052 -0.5600833 -0.6824634 0.4696279 -0.3001746 -0.3657634 -0.8809724 -0.6073226 -0.7400243 0.2890039 -0.1849703 -0.2253869 -0.9565494 -0.5987035 -0.491343 -0.6325632 -0.5987036 -0.491343 0.6325631 -0.4918071 -0.4036155 -0.7715052 -0.6824635 -0.5600831 0.469628 -0.3657637 -0.3001742 -0.8809724 -0.7400247 -0.6073223 0.2890036 -0.225387 -0.1849703 -0.9565494 -0.769324 -0.6313673 0.09754985 -0.07613146 -0.06247943 0.9951383 -0.07613146 -0.06247943 -0.9951384 -0.7693238 -0.6313675 -0.09755015 -0.225387 -0.1849702 0.9565495 -0.7400246 -0.6073223 -0.2890036 -0.3657637 -0.3001744 0.8809723 -0.6824635 -0.5600831 -0.4696279 -0.4918072 -0.4036155 0.7715052 -0.08685773 -0.04642641 -0.9951384 -0.8777151 -0.4691483 -0.09755003 -0.2571422 -0.1374452 0.9565494 -0.844288 -0.4512812 -0.2890035 -0.4172967 -0.2230496 0.8809723 -0.778617 -0.4161792 -0.469628 -0.5610987 -0.2999134 0.7715052 -0.6830559 -0.3651008 -0.6325631 -0.6830559 -0.3651008 0.6325631 -0.5610987 -0.2999134 -0.7715052 -0.778617 -0.4161793 0.4696281 -0.4172967 -0.2230495 -0.8809724 -0.844288 -0.4512812 0.2890035 -0.2571422 -0.1374452 -0.9565494 -0.8777151 -0.4691484 0.09755009 -0.08685773 -0.04642635 0.9951383 -0.6088275 -0.1846857 -0.7715052 -0.8448488 -0.2562816 0.4696279 -0.4527933 -0.1373532 -0.8809724 -0.9161059 -0.2778973 0.2890034 -0.2790155 -0.08463841 -0.9565494 -0.9523764 -0.2888999 0.09755033 -0.09424614 -0.02858924 0.9951384 -0.09424614 -0.02858924 -0.9951383 -0.9523764 -0.2888998 -0.09755027 -0.2790155 -0.08463829 0.9565494 -0.916106 -0.2778972 -0.2890035 -0.4527933 -0.1373532 0.8809723 -0.8448485 -0.2562819 -0.4696282 -0.6088277 -0.1846855 0.7715051 -0.7411588 -0.2248276 -0.6325633 -0.7411588 -0.224828 0.632563 -0.2901664 -0.02857881 0.9565494 -0.9527183 -0.09383428 -0.2890035 -0.4708893 -0.04637837 0.8809725 -0.8786132 -0.08653545 -0.4696279 -0.6331596 -0.06236034 0.7715051 -0.7707793 -0.07591456 -0.6325633 -0.7707793 -0.07591474 0.6325632 -0.6331595 -0.06236058 -0.7715051 -0.8786132 -0.08653557 0.4696278 -0.4708893 -0.04637849 -0.8809724 -0.9527183 -0.0938344 0.2890034 -0.2901664 -0.02857863 -0.9565494 -0.9904382 -0.09754937 0.09755039 -0.09801268 -0.00965327 0.9951383 -0.09801268 -0.009653329 -0.9951383 -0.9904383 -0.09754943 -0.09755051 -0.8786132 0.08653593 0.4696279 -0.4708893 0.04637849 -0.8809723 -0.9527183 0.09383475 0.2890034 -0.2901664 0.02857893 -0.9565494 -0.9904382 0.09755015 0.09755027 -0.09801268 0.009653389 0.9951383 -0.09801274 0.009653389 -0.9951384 -0.9904383 0.09754985 -0.09755057 -0.2901664 0.02857887 0.9565494 -0.9527183 0.09383463 -0.2890033 -0.4708893 0.04637855 0.8809724 -0.8786131 0.08653587 -0.4696279 -0.6331596 0.0623607 0.7715051 -0.7707793 0.07591497 -0.6325631 -0.7707793 0.07591515 0.6325632 -0.6331597 0.06236082 -0.7715051 -0.9161058 0.277898 -0.2890035 -0.4527933 0.1373534 0.8809723 -0.8448484 0.2562825 -0.4696279 -0.6088277 0.1846862 0.771505 -0.7411587 0.2248284 -0.6325631 -0.7411587 0.2248284 0.6325631 -0.6088275 0.1846859 -0.7715051 -0.8448485 0.2562823 0.4696279 -0.4527933 0.1373534 -0.8809723 -0.9161059 0.2778978 0.2890033 -0.2790154 0.08463841 -0.9565494 -0.9523761 0.2889007 0.09755003 -0.09424614 0.02858924 0.9951384 -0.09424614 0.02858924 -0.9951384 -0.9523763 0.2889003 -0.09755045 -0.2790154 0.08463847 0.9565494 -0.4172968 0.2230497 -0.8809724 -0.8442879 0.4512814 0.2890034 -0.2571421 0.1374453 -0.9565494 -0.8777148 0.4691488 0.09754985 -0.08685773 0.04642647 0.9951384 -0.08685773 0.04642641 -0.9951384 -0.8777151 0.4691485 -0.09755015 -0.2571421 0.1374453 0.9565494 -0.8442876 0.4512818 -0.2890038 -0.4172967 0.2230498 0.8809724 -0.7786169 0.4161794 -0.4696279 -0.5610988 0.299914 0.771505 -0.6830555 0.3651013 -0.6325634 -0.6830558 0.365101 0.632563 -0.5610988 0.2999137 -0.7715051 -0.7786169 0.41618 0.4696276 -0.3657636 0.3001746 0.8809723 -0.6824635 0.5600835 -0.4696276 -0.4918072 0.4036161 0.7715049 -0.5987031 0.4913433 -0.6325634 -0.5987033 0.4913432 0.6325632 -0.4918072 0.403616 -0.7715049 -0.6824636 0.5600835 0.4696276 -0.3657636 0.3001745 -0.8809723 -0.7400243 0.6073228 0.2890037 -0.2253869 0.1849703 -0.9565494 -0.7693235 0.6313678 0.09755021 -0.0761314 0.06247943 0.9951384 -0.0761314 0.06247949 -0.9951384 -0.7693234 0.6313679 -0.09755003 -0.2253869 0.1849703 0.9565495 -0.7400246 0.6073226 -0.2890034 -0.6073223 0.7400249 0.2890034 -0.1849702 0.225387 -0.9565494 -0.6313673 0.7693238 0.09755039 -0.06247943 0.07613146 0.9951384 -0.06247943 0.07613146 -0.9951384 -0.6313673 0.7693239 -0.09755039 -0.1849702 0.225387 0.9565495 -0.6073224 0.7400248 -0.2890032 -0.3001744 0.3657636 0.8809723 -0.5600833 0.6824636 -0.4696276 -0.4036157 0.4918076 0.7715049 -0.4913426 0.5987033 -0.6325635 -0.491343 0.5987033 0.6325633 -0.4036158 0.4918074 -0.7715049 -0.5600833 0.6824638 0.4696276 -0.3001743 0.3657638 -0.8809723 -0.4161794 0.7786172 -0.4696276 -0.2999134 0.5610993 0.7715047 -0.3651003 0.6830556 -0.6325636 -0.3651007 0.6830556 0.6325634 -0.2999136 0.5610991 -0.7715048 -0.4161794 0.778617 0.4696277 -0.2230496 0.4172968 -0.8809724 -0.4512811 0.8442882 0.2890031 -0.1374453 0.2571421 -0.9565494 -0.469148 0.8777152 0.09755051 -0.04642635 0.08685773 0.9951384 -0.04642641 0.08685773 -0.9951384 -0.4691482 0.8777152 -0.09755057 -0.1374452 0.2571421 0.9565494 -0.4512814 0.8442882 -0.2890027 -0.2230497 0.4172967 0.8809723 -0.08463841 0.2790154 -0.9565494 -0.2889 0.9523763 0.09755074 -0.02858924 0.09424608 0.9951383 -0.02858924 0.09424614 -0.9951383 -0.2889 0.9523764 -0.09755069 -0.08463829 0.2790155 0.9565494 -0.2778973 0.9161062 -0.2890028 -0.1373531 0.4527934 0.8809723 -0.256282 0.8448486 -0.4696278 -0.1846857 0.6088281 0.7715046 -0.2248275 0.7411583 -0.6325637 -0.224828 0.7411584 0.6325636 -0.1846856 0.6088282 -0.7715047 -0.2562817 0.844849 0.4696275 -0.1373531 0.4527934 -0.8809723 -0.2778975 0.9161061 0.2890027 -0.07591938 0.7707782 -0.6325638 -0.07591491 0.770781 0.6325611 -0.06236225 0.6331598 -0.7715048 -0.08653926 0.8786115 0.4696306 -0.04637849 0.4708893 -0.8809723 -0.09383451 0.9527196 0.2889991 -0.02857863 0.2901664 -0.9565494 -0.09755337 0.9904375 0.0975548 -0.009653747 0.09801262 0.9951384 -0.009653329 0.09801274 -0.9951384 -0.09755468 0.9904377 -0.09755092 -0.02857887 0.2901666 0.9565493 -0.09383428 0.9527185 -0.2890027 -0.04637956 0.4708887 0.8809726 -0.08653545 0.8786134 -0.4696274 -0.06236428 0.6331585 0.7715057 0.0623607 0.6331589 0.7715057 0.07591259 0.7707799 -0.6325628 0.07591557 0.7707809 0.6325612 0.06236088 0.6331587 -0.7715058 0.08653277 0.8786121 0.4696308 0.04637855 0.4708896 -0.8809723 0.09383469 0.9527195 0.2889991 0.0285775 0.2901663 -0.9565495 0.09754467 0.9904389 0.09754973 0.09754973 0.9904384 -0.09754979 0.02857893 0.2901666 0.9565493 0.09383457 0.9527171 -0.2890074 0.04637622 0.4708889 0.8809728 0.08653217 0.8786133 -0.4696283 0.2778975 0.9161058 -0.2890037 0.1373536 0.4527934 0.8809723 0.2562821 0.8448482 -0.4696285 0.1846857 0.6088269 0.7715056 0.2248283 0.7411589 -0.6325629 0.2248284 0.7411589 0.632563 0.1846858 0.6088269 -0.7715057 0.2562822 0.8448482 0.4696286 0.1373534 0.4527935 -0.8809722 0.2778978 0.9161056 0.2890039 0.08463841 0.2790151 -0.9565494 0.2889001 0.9523764 0.09754979 0.2889002 0.9523763 -0.09754973 0.08463841 0.2790151 0.9565495 0.2230498 0.4172969 -0.8809723 0.4512814 0.8442878 0.2890039 0.1374453 0.2571418 -0.9565494 0.4691486 0.8777149 0.09754973 0.4691485 0.8777151 -0.09754979 0.1374452 0.2571419 0.9565495 0.4512814 0.8442878 -0.2890039 0.2230499 0.4172967 0.8809723 0.4161794 0.7786166 -0.4696286 0.2999132 0.5610981 0.7715057 0.3651014 0.6830558 -0.6325629 0.3651012 0.6830561 0.6325627 0.2999133 0.5610981 -0.7715055 0.4161796 0.7786163 0.4696289 0.5600833 0.6824628 -0.4696288 0.4036153 0.4918066 0.7715056 0.4913433 0.5987036 -0.6325627 0.4913434 0.5987035 0.6325627 0.4036153 0.4918066 -0.7715056 0.560083 0.6824632 0.4696285 0.3001746 0.3657637 -0.8809723 0.6073227 0.7400241 0.2890042 0.1849702 0.2253867 -0.9565494 0.6313677 0.7693237 0.09754985 0.6313676 0.7693237 -0.09754997 0.1849702 0.2253867 0.9565495 0.6073225 0.7400245 -0.2890038 0.3001747 0.3657636 0.8809723 0.2253868 0.1849701 -0.9565494 0.7693238 0.6313676 0.09755003 0.769324 0.6313672 -0.09754967 0.2253868 0.1849701 0.9565495 0.7400245 0.6073222 -0.2890041 0.3657638 0.3001744 0.8809723 0.6824633 0.560083 -0.4696284 0.4918066 0.4036153 0.7715057 0.5987036 0.4913433 -0.6325627 0.5987037 0.4913433 0.6325628 0.4918067 0.4036152 -0.7715056 0.6824632 0.560083 0.4696285 0.3657637 0.3001746 -0.8809723 0.7400245 0.6073223 0.2890041 0.5610982 0.2999132 0.7715056 0.6830559 0.3651011 -0.6325629 0.6830561 0.365101 0.6325627 0.5610982 0.2999132 -0.7715057 0.7786167 0.4161794 0.4696285 0.4172968 0.2230497 -0.8809723 0.8442879 0.451281 0.2890043 0.257142 0.1374452 -0.9565494 0.8777151 0.4691486 0.09754979 0.8777153 0.4691483 -0.09754943 0.257142 0.1374452 0.9565495 0.8442878 0.4512813 -0.289004 0.4172968 0.2230497 0.8809723 0.778617 0.4161791 -0.4696282 0.9523764 0.2889001 0.09754955 0.9523763 0.2889001 -0.09754967 0.2790153 0.08463829 0.9565495 0.9161057 0.2778975 -0.2890042 0.4527935 0.1373531 0.8809723 0.8448484 0.2562817 -0.4696284 0.6088271 0.1846854 0.7715057 0.7411591 0.2248277 -0.6325629 0.7411591 0.224828 0.6325626 0.6088271 0.1846855 -0.7715056 0.8448486 0.2562814 0.4696282 0.4527935 0.1373532 -0.8809723 0.9161056 0.2778974 0.2890043 0.2790153 0.08463817 -0.9565494 0.7707798 0.0759148 -0.6325626 0.7707799 0.07591503 0.6325625 0.6331589 0.06236058 -0.7715057 0.878613 0.08653539 0.4696285 0.4708894 0.04637855 -0.8809723 0.952718 0.09383416 0.2890043 0.2901662 0.02857863 -0.9565494 0.9904384 0.09754937 0.09754973 0.9904384 0.09754931 -0.09754967 0.2901663 0.02857875 0.9565495 0.952718 0.09383428 -0.2890042 0.4708893 0.04637819 0.8809724 0.8786129 0.08653545 -0.4696285 0.633159 0.0623607 0.7715055 0.9904384 -0.09754973 -0.09754985 0.2901663 -0.02857893 0.9565494 0.952718 -0.09383469 -0.2890042 0.4708892 -0.04637867 0.8809724 0.8786128 -0.08653587 -0.4696285 0.6331591 -0.0623607 0.7715054 0.7707797 -0.07591515 -0.6325627 0.7707796 -0.07591545 0.6325627 0.6331589 -0.06236094 -0.7715055 0.8786128 -0.08653581 0.4696286 0.4708893 -0.04637855 -0.8809724 0.952718 -0.09383457 0.289004 0.2901663 -0.02857899 -0.9565494 0.9904384 -0.09754985 0.09754973 0.741159 -0.2248284 0.6325627 0.6088271 -0.184686 -0.7715054 0.8448481 -0.2562822 0.4696286 0.4527933 -0.1373534 -0.8809725 0.9161055 -0.2778978 0.2890042 0.2790153 -0.08463853 -0.9565494 0.9523764 -0.2889002 0.09754991 0.9523763 -0.2889006 -0.09754949 0.2790154 -0.08463847 0.9565494 0.9161057 -0.2778976 -0.289004 0.4527931 -0.1373535 0.8809725 0.8448481 -0.2562821 -0.4696287 0.6088272 -0.1846857 0.7715054 0.741159 -0.2248284 -0.6325627 0.877715 -0.4691487 -0.09754949 0.2571421 -0.1374453 0.9565494 0.8442878 -0.4512814 -0.289004 0.4172964 -0.2230499 0.8809725 0.7786164 -0.4161794 -0.4696288 0.5610983 -0.2999135 0.7715054 0.683056 -0.3651013 -0.6325626 0.6830561 -0.3651013 0.6325626 0.5610983 -0.2999135 -0.7715054 0.7786164 -0.4161795 0.4696287 0.4172965 -0.2230498 -0.8809725 0.8442876 -0.4512814 0.2890041 0.257142 -0.1374455 -0.9565494 0.8777149 -0.4691486 0.09754955 0.4918068 -0.4036155 -0.7715055 0.682463 -0.560083 0.4696288 0.3657634 -0.3001745 -0.8809724 0.7400244 -0.6073225 0.289004 0.2253868 -0.1849703 -0.9565494 0.7693236 -0.6313678 0.09754955 0.7693235 -0.6313679 -0.09754937 0.2253869 -0.1849703 0.9565494 0.7400245 -0.6073225 -0.289004 0.3657634 -0.3001745 0.8809725 0.682463 -0.5600831 -0.4696288 0.4918067 -0.4036155 0.7715054 0.5987037 -0.4913436 -0.6325626 0.5987038 -0.4913435 0.6325626 0.6073222 -0.7400247 -0.2890038 0.3001742 -0.3657636 0.8809725 0.5600827 -0.6824634 -0.4696287 0.4036154 -0.4918069 0.7715054 0.4913433 -0.5987039 -0.6325626 0.4913433 -0.5987039 0.6325626 0.4036152 -0.4918069 -0.7715054 0.5600828 -0.6824631 0.4696289 0.3001743 -0.3657636 -0.8809724 0.607322 -0.7400248 0.2890039 0.1849702 -0.225387 -0.9565495 0.6313674 -0.769324 0.09754949 0.6313674 -0.769324 -0.09754943 0.1849702 -0.225387 0.9565494 0.2230495 -0.4172967 -0.8809724 0.4512807 -0.8442881 0.2890041 0.1374452 -0.2571422 -0.9565494 0.4691483 -0.8777152 0.09754961 0.4691483 -0.8777152 -0.09754961 0.1374453 -0.2571422 0.9565494 0.4512811 -0.8442879 -0.2890037 0.2230494 -0.4172967 0.8809725 0.4161788 -0.7786169 -0.4696285 0.2999131 -0.5610985 0.7715055 0.365101 -0.6830563 -0.6325626 0.3651009 -0.6830562 0.6325627 0.2999132 -0.5610985 -0.7715054 0.416179 -0.7786166 0.4696287 0.1373534 -0.4527933 0.8809724 0.2562816 -0.8448486 -0.4696282 0.1846855 -0.6088272 0.7715055 0.2248281 -0.7411592 -0.6325627 0.2248281 -0.7411591 0.6325626 0.1846857 -0.6088273 -0.7715055 0.2562819 -0.8448483 0.4696285 0.1373531 -0.4527932 -0.8809724 0.2778971 -0.9161058 0.2890043 0.08463841 -0.2790154 -0.9565494 0.2889001 -0.9523764 0.09754979 0.2888999 -0.9523765 -0.09754949 0.08463835 -0.2790155 0.9565494 0.2778976 -0.9161057 -0.2890039 0.09383422 -0.952718 0.2890043 0.02857869 -0.2901664 -0.9565494 0.09754943 -0.9904384 0.09754967 0.09754937 -0.9904384 -0.09754961 0.02857875 -0.2901664 0.9565494 0.09383434 -0.9527181 -0.2890042 0.04637819 -0.4708892 0.8809724 0.08653551 -0.8786131 -0.4696282 0.06236052 -0.6331593 0.7715054 0.0759148 -0.7707798 -0.6325627 0.07591462 -0.7707797 0.6325628 0.06236028 -0.6331592 -0.7715055 0.08653539 -0.8786131 0.4696283 0.04637837 -0.4708893 -0.8809724 -0.08653587 -0.8786131 -0.4696282 -0.06236076 -0.6331594 0.7715052 -0.07591515 -0.7707794 -0.6325629 -0.07591545 -0.7707794 0.6325629 -0.062361 -0.6331592 -0.7715053 -0.08653581 -0.878613 0.4696282 -0.04637855 -0.4708893 -0.8809725 -0.09383463 -0.9527181 0.289004 -0.02857881 -0.2901664 -0.9565494 -0.09754985 -0.9904383 0.09754979 -0.09754979 -0.9904384 -0.09754991 -0.02857893 -0.2901664 0.9565494 -0.09383469 -0.952718 -0.2890042 -0.04637849 -0.4708893 0.8809724 -0.08463859 -0.2790154 -0.9565494 -0.2889002 -0.9523763 0.09755009 -0.2889007 -0.9523763 -0.09754961 -0.08463853 -0.2790154 0.9565494 -0.2778977 -0.9161057 -0.2890039 -0.1373535 -0.4527931 0.8809725 -0.2562823 -0.8448484 -0.4696282 -0.1846859 -0.6088275 0.7715051 -0.2248284 -0.7411588 -0.6325629 -0.2248284 -0.7411588 0.6325629 -0.1846861 -0.6088273 -0.7715052 -0.2562823 -0.8448483 0.4696283 -0.1373534 -0.4527932 -0.8809724 -0.277898 -0.9161056 0.2890042 -0.2999138 -0.5610985 0.7715052 -0.365101 -0.6830559 -0.6325629 -0.3651011 -0.6830556 0.6325631 -0.2999137 -0.5610985 -0.7715052 -0.4161793 -0.7786168 0.4696283 -0.2230499 -0.4172965 -0.8809724 -0.4512816 -0.8442876 0.289004 -0.1374453 -0.2571421 -0.9565494 -0.4691488 -0.8777149 0.09754985 -0.4691488 -0.8777149 -0.09754985 -0.1374454 -0.2571421 0.9565494 -0.4512815 -0.8442877 -0.289004 -0.2230497 -0.4172967 0.8809724 -0.4161797 -0.7786168 -0.469628 -0.6313678 -0.7693235 0.09755009 -0.6313679 -0.7693234 -0.09754991 -0.1849703 -0.2253869 0.9565494 -0.6073226 -0.7400243 -0.2890039 -0.3001746 -0.3657635 0.8809724 -0.5600833 -0.6824634 -0.4696279 -0.4036158 -0.4918069 0.7715051 -0.4913432 -0.5987035 -0.6325631 -0.4913433 -0.5987033 0.6325632 -0.4036157 -0.4918069 -0.7715052 -0.5600832 -0.6824634 0.469628 -0.3001746 -0.3657635 -0.8809723 -0.6073225 -0.7400245 0.2890037 -0.1849703 -0.2253868 -0.9565494 -0.5987036 -0.491343 -0.6325631 -0.5987036 -0.4913429 0.6325632 -0.4918072 -0.4036154 -0.7715052 -0.6824635 -0.5600831 0.4696279 -0.3657636 -0.3001744 -0.8809723 -0.7400246 -0.6073223 0.2890036 -0.225387 -0.1849702 -0.9565494 -0.7693238 -0.6313675 0.09755009 -0.769324 -0.6313673 -0.09754985 -0.225387 -0.1849702 0.9565494 -0.7400247 -0.6073223 -0.2890036 -0.3657637 -0.3001742 0.8809725 -0.6824635 -0.5600831 -0.469628 -0.4918071 -0.4036155 0.7715052 -0.8777151 -0.4691484 -0.09755003 -0.2571422 -0.1374452 0.9565494 -0.844288 -0.4512812 -0.2890035 -0.4172967 -0.2230496 0.8809724 -0.7786169 -0.4161793 -0.4696281 -0.5610987 -0.2999134 0.7715052 -0.6830559 -0.3651008 -0.6325631 -0.6830559 -0.3651008 0.6325632 -0.5610987 -0.2999134 -0.7715051 -0.778617 -0.4161792 0.469628 -0.4172967 -0.2230496 -0.8809723 -0.844288 -0.4512812 0.2890035 -0.2571422 -0.1374452 -0.9565494 -0.8777151 -0.4691483 0.09755003 -0.6088277 -0.1846855 -0.7715051 -0.8448485 -0.2562819 0.4696282 -0.4527933 -0.1373532 -0.8809725 -0.916106 -0.2778972 0.2890035 -0.2790155 -0.08463829 -0.9565494 -0.9523764 -0.2888998 0.09755021 -0.9523763 -0.2888999 -0.09755033 -0.2790155 -0.08463841 0.9565493 -0.9161059 -0.2778973 -0.2890034 -0.4527933 -0.1373531 0.8809724 -0.8448488 -0.2562816 -0.4696279 -0.6088275 -0.1846857 0.7715052 -0.7411588 -0.224828 -0.632563 -0.7411588 -0.2248276 0.6325633 -0.2901664 -0.02857863 0.9565494 -0.9527183 -0.0938344 -0.2890034 -0.4708893 -0.04637849 0.8809724 -0.8786132 -0.08653557 -0.4696278 -0.6331597 -0.06236058 0.771505 -0.7707793 -0.07591474 -0.6325632 -0.7707793 -0.07591462 0.6325633 -0.6331597 -0.06236034 -0.7715049 -0.8786132 -0.08653545 0.4696279 -0.4708893 -0.04637837 -0.8809725 -0.9527183 -0.09383422 0.2890035 -0.2901664 -0.02857887 -0.9565494 -0.9904383 -0.09754943 0.09755051 -0.9904382 -0.09754937 -0.09755045 -0.8786131 0.08653587 0.4696279 -0.4708893 0.04637855 -0.8809724 -0.9527183 0.09383463 0.2890033 -0.2901663 0.02857881 -0.9565494 -0.9904383 0.09754985 0.09755057 -0.9904382 0.09755015 -0.09755027 -0.2901664 0.02857893 0.9565494 -0.9527183 0.09383475 -0.2890034 -0.4708893 0.04637849 0.8809724 -0.8786132 0.08653593 -0.4696278 -0.6331597 0.06236082 0.7715051 -0.7707793 0.07591515 -0.6325632 -0.7707793 0.07591503 0.6325631 -0.6331596 0.0623607 -0.7715051 -0.9161059 0.2778978 -0.2890033 -0.4527933 0.1373534 0.8809724 -0.8448485 0.2562823 -0.4696279 -0.6088275 0.1846859 0.7715051 -0.7411587 0.2248284 -0.6325631 -0.7411586 0.2248284 0.6325632 -0.6088277 0.1846862 -0.771505 -0.8448485 0.2562824 0.469628 -0.4527933 0.1373534 -0.8809723 -0.9161058 0.277898 0.2890035 -0.2790154 0.08463847 -0.9565494 -0.9523763 0.2889003 0.09755045 -0.9523761 0.2889007 -0.09754997 -0.2790154 0.08463841 0.9565494 -0.4172967 0.2230498 -0.8809724 -0.8442876 0.4512818 0.2890039 -0.2571421 0.1374453 -0.9565494 -0.8777151 0.4691485 0.09755021 -0.8777148 0.4691488 -0.09754985 -0.257142 0.1374453 0.9565494 -0.8442879 0.4512814 -0.2890034 -0.4172967 0.2230498 0.8809723 -0.7786169 0.41618 -0.4696276 -0.5610988 0.2999137 0.7715051 -0.6830558 0.365101 -0.632563 -0.6830555 0.3651013 0.6325634 -0.5610988 0.299914 -0.771505 -0.7786169 0.4161794 0.4696279 -0.3657636 0.3001745 0.8809723 -0.6824635 0.5600834 -0.4696276 -0.4918072 0.403616 0.7715049 -0.5987033 0.4913432 -0.6325632 -0.598703 0.4913433 0.6325634 -0.4918072 0.4036161 -0.7715049 -0.6824635 0.5600835 0.4696276 -0.3657636 0.3001746 -0.8809723 -0.7400246 0.6073226 0.2890034 -0.2253869 0.1849703 -0.9565495 -0.7693234 0.6313679 0.09755009 -0.7693235 0.6313678 -0.09755021 -0.2253868 0.1849703 0.9565494 -0.7400243 0.6073228 -0.2890037 -0.6073224 0.7400248 0.2890032 -0.1849702 0.225387 -0.9565495 -0.6313673 0.7693239 0.09755039 -0.6313673 0.7693238 -0.09755039 -0.1849702 0.225387 0.9565494 -0.6073223 0.7400249 -0.2890034 -0.3001743 0.3657638 0.8809723 -0.5600833 0.6824637 -0.4696276 -0.4036158 0.4918074 0.7715049 -0.491343 0.5987033 -0.6325633 -0.4913426 0.5987034 0.6325635 -0.4036157 0.4918076 -0.7715048 -0.5600833 0.6824636 0.4696276 -0.3001744 0.3657636 -0.8809723 -0.4161795 0.778617 -0.4696277 -0.2999136 0.5610991 0.7715048 -0.3651008 0.6830557 -0.6325634 -0.3651003 0.6830556 0.6325636 -0.2999134 0.5610993 -0.7715047 -0.4161794 0.7786172 0.4696276 -0.2230497 0.4172967 -0.8809723 -0.4512814 0.8442882 0.2890027 -0.1374452 0.2571421 -0.9565494 -0.4691482 0.8777152 0.09755057 -0.469148 0.8777152 -0.09755051 -0.1374453 0.2571421 0.9565494 -0.4512811 0.8442882 -0.2890031 -0.2230496 0.4172968 0.8809724 -0.08463829 0.2790155 -0.9565494 -0.2889 0.9523764 0.09755069 -0.2889 0.9523763 -0.09755074 -0.08463841 0.2790155 0.9565493 -0.2778975 0.9161061 -0.2890027 -0.1373532 0.4527934 0.8809724 -0.2562817 0.844849 -0.4696275 -0.1846856 0.6088282 0.7715047 -0.224828 0.7411584 -0.6325636 -0.2248275 0.7411583 0.6325637 -0.1846857 0.6088281 -0.7715047 -0.256282 0.8448486 0.4696278 -0.1373531 0.4527934 -0.8809723 -0.2778973 0.9161062 0.2890028 -0.07591491 0.770781 -0.6325611 -0.07591938 0.7707782 0.6325638 -0.06236422 0.6331585 -0.7715057 -0.08653545 0.8786134 0.4696274 -0.04637956 0.4708887 -0.8809726 -0.09383845 0.9527181 0.2890028 -0.02857881 0.2901664 -0.9565494 -0.09754949 0.9904383 0.09755092 -0.09755343 0.990438 -0.09754967 -0.02858 0.2901662 0.9565494 -0.09383928 0.9527165 -0.2890074 -0.04637849 0.4708893 0.8809724 -0.08653557 0.8786134 -0.4696276 -0.06236225 0.6331598 0.7715048</float_array>
          <technique_common>
            <accessor source="#Sphere-mesh-normals-array" count="960" stride="3">
              <param name="X" type="float"/>
              <param name="Y" type="float"/>
              <param name="Z" type="float"/>
            </accessor>
          </technique_common>
        </source>
        <source id="Sphere-mesh-map-0">
          <float_array id="Sphere-mesh-map-0-array" count="5760">0.75 0.8125 0.71875 0.75 0.75 0.75 0.75 0.3124999 0.71875 0.25 0.75 0.25 0.75 0.6875001 0.71875 0.75 0.71875 0.6875 0.75 0.1875 0.71875 0.25 0.71875 0.1875 0.75 0.625 0.71875 0.6875 0.71875 0.625 0.75 0.1875 0.71875 0.125 0.75 0.1249998 0.75 0.5625001 0.71875 0.625 0.71875 0.5625 0.75 0.1249998 0.71875 0.06249994 0.75 0.06249994 0.75 0.5625001 0.71875 0.5 0.75 0.5 0.75 0.9375001 0.734375 1 0.71875 0.9375001 0.734375 0 0.75 0.06249994 0.71875 0.06249994 0.75 0.5 0.71875 0.4375 0.75 0.4375 0.75 0.8750001 0.71875 0.9375001 0.71875 0.875 0.75 0.375 0.71875 0.4375 0.71875 0.375 0.75 0.8125 0.71875 0.875 0.71875 0.8125 0.75 0.375 0.71875 0.3125 0.75 0.3124999 0.71875 0.375 0.6875 0.4375 0.6875 0.375 0.71875 0.875 0.6875 0.8125 0.71875 0.8125 0.71875 0.3125 0.6875 0.375 0.6875 0.3125 0.71875 0.8125 0.6875 0.75 0.71875 0.75 0.71875 0.25 0.6875 0.3125 0.6875 0.25 0.71875 0.75 0.6875 0.6875 0.71875 0.6875 0.71875 0.1875 0.6875 0.25 0.6875 0.1875 0.71875 0.6875 0.6875 0.625 0.71875 0.625 0.71875 0.125 0.6875 0.1875 0.6875 0.125 0.71875 0.625 0.6875 0.5625 0.71875 0.5625 0.71875 0.06249994 0.6875 0.125 0.6875 0.06249994 0.71875 0.5 0.6875 0.5625 0.6875 0.5 0.71875 0.9375001 0.703125 1 0.6875 0.9375001 0.703125 0 0.71875 0.06249994 0.6875 0.06249994 0.71875 0.5 0.6875 0.4375 0.71875 0.4375 0.71875 0.9375001 0.6875 0.875 0.71875 0.875 0.6875 0.125 0.65625 0.1875 0.65625 0.125 0.6875 0.625 0.65625 0.5625 0.6875 0.5625 0.6875 0.06249994 0.65625 0.125 0.65625 0.06249994 0.6875 0.5 0.65625 0.5625 0.65625 0.5 0.6875 0.9375001 0.671875 1 0.65625 0.9375001 0.671875 0 0.6875 0.06249994 0.65625 0.06249994 0.6875 0.5 0.65625 0.4375 0.6875 0.4375 0.6875 0.9375001 0.65625 0.875 0.6875 0.875 0.6875 0.375 0.65625 0.4375 0.65625 0.375 0.6875 0.875 0.65625 0.8125 0.6875 0.8125 0.6875 0.3125 0.65625 0.375 0.65625 0.3125 0.6875 0.75 0.65625 0.8125 0.65625 0.75 0.6875 0.25 0.65625 0.3125 0.65625 0.25 0.6875 0.75 0.65625 0.6875 0.6875 0.6875 0.6875 0.25 0.65625 0.1875 0.6875 0.1875 0.6875 0.6875 0.65625 0.625 0.6875 0.625 0.65625 0.3125 0.625 0.375 0.625 0.3125 0.65625 0.75 0.625 0.8125 0.625 0.75 0.65625 0.3125 0.625 0.25 0.65625 0.25 0.65625 0.75 0.625 0.6875 0.65625 0.6875 0.65625 0.25 0.625 0.1875 0.65625 0.1875 0.65625 0.6875 0.625 0.6250001 0.65625 0.625 0.65625 0.125 0.625 0.1875 0.625 0.125 0.65625 0.625 0.625 0.5625 0.65625 0.5625 0.65625 0.06249994 0.625 0.125 0.625 0.06249994 0.65625 0.5 0.625 0.5625 0.625 0.5 0.65625 0.9375001 0.640625 1 0.625 0.9375001 0.640625 0 0.65625 0.06249994 0.625 0.06249994 0.65625 0.5 0.625 0.4375 0.65625 0.4375 0.65625 0.9375001 0.625 0.875 0.65625 0.875 0.65625 0.375 0.625 0.4375 0.625 0.375 0.65625 0.875 0.625 0.8125 0.65625 0.8125 0.625 0.06249994 0.59375 0.125 0.59375 0.06249994 0.625 0.5 0.59375 0.5625 0.59375 0.5 0.625 0.9375001 0.609375 1 0.59375 0.9375001 0.609375 0 0.625 0.06249994 0.59375 0.06249994 0.625 0.5 0.59375 0.4375 0.625 0.4375 0.625 0.9375001 0.59375 0.875 0.625 0.875 0.625 0.375 0.59375 0.4375 0.59375 0.375 0.625 0.875 0.59375 0.8125 0.625 0.8125 0.625 0.375 0.59375 0.3125 0.625 0.3125 0.625 0.75 0.59375 0.8125 0.59375 0.75 0.625 0.3125 0.59375 0.25 0.625 0.25 0.625 0.75 0.59375 0.6875 0.625 0.6875 0.625 0.25 0.59375 0.1875 0.625 0.1875 0.625 0.6250001 0.59375 0.6875 0.59375 0.6250001 0.625 0.125 0.59375 0.1875 0.59375 0.125 0.625 0.6250001 0.59375 0.5625 0.625 0.5625 0.59375 0.75 0.5625 0.8125 0.5625 0.75 0.59375 0.3125 0.5625 0.25 0.59375 0.25 0.59375 0.6875 0.5625 0.75 0.5625 0.6875 0.59375 0.25 0.5625 0.1875 0.59375 0.1875 0.59375 0.6250001 0.5625 0.6875 0.5625 0.6250001 0.59375 0.125 0.5625 0.1875 0.5625 0.125 0.59375 0.6250001 0.5625 0.5625 0.59375 0.5625 0.59375 0.06249994 0.5625 0.125 0.5625 0.06249994 0.59375 0.5 0.5625 0.5625 0.5625 0.5 0.59375 0.9375001 0.578125 1 0.5625 0.9375001 0.578125 0 0.59375 0.06249994 0.5625 0.06249994 0.59375 0.5 0.5625 0.4375 0.59375 0.4375 0.59375 0.9375001 0.5625 0.875 0.59375 0.875 0.59375 0.375 0.5625 0.4375 0.5625 0.375 0.59375 0.875 0.5625 0.8125 0.59375 0.8125 0.59375 0.375 0.5625 0.3125 0.59375 0.3125 0.5625 0.5 0.53125 0.5625 0.53125 0.5 0.5625 0.9375001 0.546875 1 0.53125 0.9375001 0.546875 0 0.5625 0.06249994 0.53125 0.06249994 0.5625 0.5 0.53125 0.4375 0.5625 0.4375 0.5625 0.9375001 0.53125 0.875 0.5625 0.875 0.5625 0.375 0.53125 0.4375 0.53125 0.375 0.5625 0.875 0.53125 0.8125 0.5625 0.8125 0.5625 0.375 0.53125 0.3125 0.5625 0.3125 0.5625 0.8125 0.53125 0.75 0.5625 0.75 0.5625 0.25 0.53125 0.3125 0.53125 0.25 0.5625 0.75 0.53125 0.6875 0.5625 0.6875 0.5625 0.1875 0.53125 0.25 0.53125 0.1875 0.5625 0.6250001 0.53125 0.6875 0.53125 0.6250001 0.5625 0.125 0.53125 0.1875 0.53125 0.125 0.5625 0.6250001 0.53125 0.5625 0.5625 0.5625 0.5625 0.06249994 0.53125 0.125 0.53125 0.06249994 0.53125 0.25 0.5 0.3125 0.5 0.25 0.53125 0.75 0.5 0.6875001 0.53125 0.6875 0.53125 0.1875 0.5 0.25 0.5 0.1875 0.53125 0.6250001 0.5 0.6875001 0.5 0.6250001 0.53125 0.125 0.5 0.1875 0.5 0.125 0.53125 0.6250001 0.5 0.5625 0.53125 0.5625 0.53125 0.06249994 0.5 0.125 0.5 0.06249994 0.53125 0.5 0.5 0.5625 0.5 0.5 0.53125 0.9375001 0.515625 1 0.5 0.9375001 0.515625 0 0.53125 0.06249994 0.5 0.06249994 0.53125 0.5 0.5 0.4375 0.53125 0.4375 0.53125 0.9375001 0.5 0.875 0.53125 0.875 0.53125 0.375 0.5 0.4375 0.5 0.375 0.53125 0.875 0.5 0.8125 0.53125 0.8125 0.53125 0.375 0.5 0.3125 0.53125 0.3125 0.53125 0.8125 0.5 0.75 0.53125 0.75 0.5 0.9375001 0.484375 1 0.46875 0.9375001 0.484375 0 0.5 0.06249994 0.46875 0.06249994 0.5 0.5 0.46875 0.4375 0.5 0.4375 0.5 0.9375001 0.46875 0.875 0.5 0.875 0.5 0.375 0.46875 0.4375 0.46875 0.375 0.5 0.875 0.46875 0.8125 0.5 0.8125 0.5 0.375 0.46875 0.3125 0.5 0.3125 0.5 0.8125 0.46875 0.75 0.5 0.75 0.5 0.3125 0.46875 0.25 0.5 0.25 0.5 0.75 0.46875 0.6875 0.5 0.6875001 0.5 0.1875 0.46875 0.25 0.46875 0.1875 0.5 0.6250001 0.46875 0.6875 0.46875 0.6250001 0.5 0.125 0.46875 0.1875 0.46875 0.125 0.5 0.6250001 0.46875 0.5625 0.5 0.5625 0.5 0.06249994 0.46875 0.125 0.46875 0.06249994 0.5 0.5 0.46875 0.5625 0.46875 0.5 0.46875 0.75 0.4375 0.6875001 0.46875 0.6875 0.46875 0.1875 0.4375 0.25 0.4375 0.1875 0.46875 0.6250001 0.4375 0.6875001 0.4375 0.6250001 0.46875 0.125 0.4375 0.1875 0.4375 0.125 0.46875 0.6250001 0.4375 0.5625 0.46875 0.5625 0.46875 0.06249994 0.4375 0.125 0.4375 0.06249994 0.46875 0.5 0.4375 0.5625 0.4375 0.5 0.46875 0.9375001 0.453125 1 0.4375 0.9375001 0.453125 0 0.46875 0.06249994 0.4375 0.06249994 0.46875 0.5 0.4375 0.4375 0.46875 0.4375 0.46875 0.9375001 0.4375 0.875 0.46875 0.875 0.46875 0.375 0.4375 0.4375 0.4375 0.375 0.46875 0.875 0.4375 0.8125 0.46875 0.8125 0.46875 0.375 0.4375 0.3125 0.46875 0.3125 0.46875 0.8125 0.4375 0.7500001 0.46875 0.75 0.46875 0.25 0.4375 0.3125 0.4375 0.25 0.4375 0.5 0.40625 0.4375 0.4375 0.4375 0.4375 0.9375001 0.40625 0.875 0.4375 0.875 0.4375 0.375 0.40625 0.4375 0.40625 0.375 0.4375 0.875 0.40625 0.8125 0.4375 0.8125 0.4375 0.375 0.40625 0.3125 0.4375 0.3125 0.4375 0.8125 0.40625 0.7500001 0.4375 0.7500001 0.4375 0.25 0.40625 0.3125 0.40625 0.25 0.4375 0.7500001 0.40625 0.6875001 0.4375 0.6875001 0.4375 0.1875 0.40625 0.25 0.40625 0.1875 0.4375 0.6250001 0.40625 0.6875001 0.40625 0.6250001 0.4375 0.125 0.40625 0.1875 0.40625 0.125 0.4375 0.6250001 0.40625 0.5625 0.4375 0.5625 0.4375 0.06249994 0.40625 0.125 0.40625 0.06249994 0.4375 0.5 0.40625 0.5625 0.40625 0.5 0.4375 0.9375001 0.421875 1 0.40625 0.9375001 0.421875 0 0.4375 0.06249994 0.40625 0.06249994 0.40625 0.25 0.375 0.1875 0.40625 0.1875 0.40625 0.6250001 0.375 0.6875001 0.375 0.6250001 0.40625 0.125 0.375 0.1875 0.375 0.125 0.40625 0.6250001 0.375 0.5625 0.40625 0.5625 0.40625 0.06249994 0.375 0.125 0.375 0.06249994 0.40625 0.5 0.375 0.5625 0.375 0.5 0.40625 0.9375001 0.390625 1 0.375 0.9375001 0.390625 0 0.40625 0.06249994 0.375 0.06249994 0.40625 0.5 0.375 0.4375 0.40625 0.4375 0.40625 0.9375001 0.375 0.875 0.40625 0.875 0.40625 0.375 0.375 0.4375 0.375 0.375 0.40625 0.875 0.375 0.8125 0.40625 0.8125 0.40625 0.375 0.375 0.3125 0.40625 0.3125 0.40625 0.8125 0.375 0.7500001 0.40625 0.7500001 0.40625 0.25 0.375 0.3125 0.375 0.25 0.40625 0.7500001 0.375 0.6875001 0.40625 0.6875001 0.375 0.375 0.34375 0.4375 0.34375 0.375 0.375 0.875 0.34375 0.8125 0.375 0.8125 0.375 0.375 0.34375 0.3125 0.375 0.3125 0.375 0.8125 0.34375 0.7500001 0.375 0.7500001 0.375 0.25 0.34375 0.3125 0.34375 0.25 0.375 0.7500001 0.34375 0.6875001 0.375 0.6875001 0.375 0.1875 0.34375 0.25 0.34375 0.1875 0.375 0.6250001 0.34375 0.6875001 0.34375 0.6250001 0.375 0.125 0.34375 0.1875 0.34375 0.125 0.375 0.6250001 0.34375 0.5625 0.375 0.5625 0.375 0.06249994 0.34375 0.125 0.34375 0.06249994 0.375 0.5 0.34375 0.5625 0.34375 0.5 0.375 0.9375001 0.359375 1 0.34375 0.9375001 0.359375 0 0.375 0.06249994 0.34375 0.06249994 0.375 0.5 0.34375 0.4375 0.375 0.4375 0.375 0.9375001 0.34375 0.875 0.375 0.875 0.34375 0.125 0.3125 0.1875 0.3125 0.1249998 0.34375 0.6250001 0.3125 0.5625 0.34375 0.5625 0.34375 0.06249994 0.3125 0.1249998 0.3125 0.06249994 0.34375 0.5 0.3125 0.5625 0.3125 0.5 0.34375 0.9375001 0.328125 1 0.3125 0.9375001 0.328125 0 0.34375 0.06249994 0.3125 0.06249994 0.34375 0.5 0.3125 0.4375 0.34375 0.4375 0.34375 0.9375001 0.3125 0.8750001 0.34375 0.875 0.34375 0.375 0.3125 0.4375 0.3125 0.375 0.34375 0.875 0.3125 0.8125 0.34375 0.8125 0.34375 0.375 0.3125 0.3125 0.34375 0.3125 0.34375 0.8125 0.3125 0.7500001 0.34375 0.7500001 0.34375 0.25 0.3125 0.3125 0.3125 0.25 0.34375 0.7500001 0.3125 0.6875001 0.34375 0.6875001 0.34375 0.1875 0.3125 0.25 0.3125 0.1875 0.34375 0.6250001 0.3125 0.6875001 0.3125 0.6250001 0.3125 0.8750001 0.28125 0.8125 0.3125 0.8125 0.3125 0.375 0.28125 0.3125 0.3125 0.3125 0.3125 0.8125 0.28125 0.7500001 0.3125 0.7500001 0.3125 0.3125 0.28125 0.25 0.3125 0.25 0.3125 0.7500001 0.28125 0.6875001 0.3125 0.6875001 0.3125 0.1875 0.28125 0.25 0.28125 0.1875 0.3125 0.6250001 0.28125 0.6875001 0.28125 0.6250001 0.3125 0.1249998 0.28125 0.1875 0.28125 0.125 0.3125 0.6250001 0.28125 0.5625 0.3125 0.5625 0.3125 0.1249998 0.28125 0.06249994 0.3125 0.06249994 0.3125 0.5 0.28125 0.5625 0.28125 0.5 0.3125 0.9375001 0.296875 1 0.28125 0.9375001 0.296875 0 0.3125 0.06249994 0.28125 0.06249994 0.3125 0.5 0.28125 0.4375 0.3125 0.4375 0.3125 0.8750001 0.28125 0.9375001 0.28125 0.875 0.3125 0.375 0.28125 0.4375 0.28125 0.375 0.28125 0.6250001 0.25 0.5625 0.28125 0.5625 0.28125 0.06249994 0.25 0.1249998 0.25 0.06249994 0.28125 0.5 0.25 0.5625 0.25 0.5 0.28125 0.9375001 0.265625 1 0.25 0.9375001 0.265625 0 0.28125 0.06249994 0.25 0.06249994 0.28125 0.5 0.25 0.4375 0.28125 0.4375 0.28125 0.9375001 0.25 0.8750001 0.28125 0.875 0.28125 0.375 0.25 0.4375 0.25 0.375 0.28125 0.875 0.25 0.8125 0.28125 0.8125 0.28125 0.3125 0.25 0.375 0.25 0.3125 0.28125 0.8125 0.25 0.7500001 0.28125 0.7500001 0.28125 0.25 0.25 0.3125 0.25 0.2499999 0.28125 0.7500001 0.25 0.6875001 0.28125 0.6875001 0.28125 0.1875 0.25 0.2499999 0.25 0.1875 0.28125 0.6875001 0.25 0.6250001 0.28125 0.6250001 0.28125 0.125 0.25 0.1875 0.25 0.1249998 0.25 0.375 0.21875 0.3125 0.25 0.3125 0.25 0.8125 0.21875 0.7500001 0.25 0.7500001 0.25 0.3125 0.21875 0.2499999 0.25 0.2499999 0.25 0.7500001 0.21875 0.6875001 0.25 0.6875001 0.25 0.1875 0.21875 0.2499999 0.21875 0.1875 0.25 0.6250001 0.21875 0.6875001 0.21875 0.6250001 0.25 0.1875 0.21875 0.125 0.25 0.1249998 0.25 0.6250001 0.21875 0.5625001 0.25 0.5625 0.25 0.1249998 0.21875 0.06249994 0.25 0.06249994 0.25 0.5 0.21875 0.5625001 0.21875 0.5 0.25 0.9375001 0.234375 1 0.21875 0.9375001 0.234375 0 0.25 0.06249994 0.21875 0.06249994 0.25 0.5 0.21875 0.4375 0.25 0.4375 0.25 0.8750001 0.21875 0.9375001 0.21875 0.875 0.25 0.375 0.21875 0.4375 0.21875 0.375 0.25 0.8750001 0.21875 0.8125 0.25 0.8125 0.21875 0.06249994 0.1875 0.1249998 0.1875 0.06249994 0.21875 0.5 0.1875 0.5625001 0.1875 0.5 0.21875 0.9375001 0.203125 1 0.1875 0.9375001 0.203125 0 0.21875 0.06249994 0.1875 0.06249994 0.21875 0.5 0.1875 0.4375 0.21875 0.4375 0.21875 0.9375001 0.1875 0.8750001 0.21875 0.875 0.21875 0.375 0.1875 0.4375 0.1875 0.375 0.21875 0.875 0.1875 0.8125 0.21875 0.8125 0.21875 0.3125 0.1875 0.375 0.1875 0.3125 0.21875 0.8125 0.1875 0.7500001 0.21875 0.7500001 0.21875 0.2499999 0.1875 0.3125 0.1875 0.2499999 0.21875 0.7500001 0.1875 0.6875001 0.21875 0.6875001 0.21875 0.1875 0.1875 0.2499999 0.1875 0.1875 0.21875 0.6875001 0.1875 0.6250001 0.21875 0.6250001 0.21875 0.125 0.1875 0.1875 0.1875 0.1249998 0.21875 0.6250001 0.1875 0.5625001 0.21875 0.5625001 0.1875 0.8125 0.15625 0.7500001 0.1875 0.7500001 0.1875 0.2499999 0.15625 0.3125 0.15625 0.2499999 0.1875 0.7500001 0.15625 0.6875001 0.1875 0.6875001 0.1875 0.2499999 0.15625 0.1875 0.1875 0.1875 0.1875 0.6250001 0.15625 0.6875001 0.15625 0.6250001 0.1875 0.1249998 0.15625 0.1875 0.15625 0.1249998 0.1875 0.6250001 0.15625 0.5625001 0.1875 0.5625001 0.1875 0.1249998 0.15625 0.06249994 0.1875 0.06249994 0.1875 0.5 0.15625 0.5625001 0.15625 0.5 0.1875 0.9375001 0.171875 1 0.15625 0.9375001 0.171875 0 0.1875 0.06249994 0.15625 0.06249994 0.1875 0.5 0.15625 0.4375 0.1875 0.4375 0.1875 0.8750001 0.15625 0.9375001 0.15625 0.8750001 0.1875 0.375 0.15625 0.4375 0.15625 0.375 0.1875 0.8750001 0.15625 0.8125001 0.1875 0.8125 0.1875 0.375 0.15625 0.3125 0.1875 0.3125 0.15625 0.5 0.125 0.5625001 0.125 0.5 0.15625 0.9375001 0.140625 1 0.125 0.9375001 0.140625 0 0.15625 0.06249994 0.125 0.06249994 0.15625 0.5 0.125 0.4375 0.15625 0.4375 0.15625 0.9375001 0.125 0.8750001 0.15625 0.8750001 0.15625 0.375 0.125 0.4375 0.125 0.375 0.15625 0.8750001 0.125 0.8125001 0.15625 0.8125001 0.15625 0.375 0.125 0.3125 0.15625 0.3125 0.15625 0.7500001 0.125 0.8125001 0.125 0.7500001 0.15625 0.2499999 0.125 0.3125 0.125 0.2499999 0.15625 0.7500001 0.125 0.6875001 0.15625 0.6875001 0.15625 0.2499999 0.125 0.1875 0.15625 0.1875 0.15625 0.6250001 0.125 0.6875001 0.125 0.6250001 0.15625 0.1249998 0.125 0.1875 0.125 0.1249998 0.15625 0.6250001 0.125 0.5625001 0.15625 0.5625001 0.15625 0.06249994 0.125 0.1249998 0.125 0.06249994 0.125 0.2499999 0.09375 0.3125 0.09374994 0.2499998 0.125 0.7500001 0.09375 0.6875001 0.125 0.6875001 0.125 0.2499999 0.09375 0.1875 0.125 0.1875 0.125 0.6250001 0.09375 0.6875001 0.09375 0.6250001 0.125 0.1249998 0.09375 0.1875 0.09374994 0.1249998 0.125 0.6250001 0.09375 0.5625001 0.125 0.5625001 0.125 0.06249994 0.09374994 0.1249998 0.09375 0.06249994 0.125 0.5 0.09375 0.5625001 0.09375 0.5 0.125 0.9375001 0.109375 1 0.09375 0.9375001 0.109375 0 0.125 0.06249994 0.09375 0.06249994 0.125 0.5 0.09375 0.4375 0.125 0.4375 0.125 0.9375001 0.09374994 0.8750001 0.125 0.8750001 0.125 0.375 0.09375 0.4375 0.09375 0.375 0.125 0.8750001 0.09375 0.8125001 0.125 0.8125001 0.125 0.375 0.09375 0.3125 0.125 0.3125 0.125 0.7500001 0.09375 0.8125001 0.09374994 0.7500001 0.078125 0 0.09375 0.06249994 0.0625 0.06249994 0.09375 0.5 0.0625 0.4375 0.09375 0.4375 0.09375 0.9375001 0.0625 0.8750001 0.09374994 0.8750001 0.09375 0.375 0.0625 0.4375 0.0625 0.375 0.09374994 0.8750001 0.0625 0.8125001 0.09375 0.8125001 0.09375 0.375 0.0625 0.3125 0.09375 0.3125 0.09374994 0.7500001 0.0625 0.8125001 0.0625 0.7500001 0.09374994 0.2499998 0.0625 0.3125 0.0625 0.2499998 0.09374994 0.7500001 0.0625 0.6875001 0.09375 0.6875001 0.09374994 0.2499998 0.0625 0.1875 0.09375 0.1875 0.09375 0.6250001 0.0625 0.6875001 0.0625 0.6250001 0.09374994 0.1249998 0.0625 0.1875 0.0625 0.1249998 0.09375 0.6250001 0.0625 0.5625001 0.09375 0.5625001 0.09375 0.06249994 0.0625 0.1249998 0.0625 0.06249994 0.09375 0.5 0.0625 0.5625001 0.0625 0.5 0.09375 0.9375001 0.078125 1 0.0625 0.9375001 0.0625 0.2499998 0.03124994 0.1875 0.0625 0.1875 0.0625 0.6250001 0.03125 0.6875001 0.03125 0.6250001 0.0625 0.1249998 0.03124994 0.1875 0.03124994 0.1249998 0.0625 0.6250001 0.03125 0.5625001 0.0625 0.5625001 0.0625 0.1249998 0.03124994 0.06249994 0.0625 0.06249994 0.0625 0.5 0.03125 0.5625001 0.03124994 0.5 0.0625 0.9375001 0.04687494 1 0.03124994 0.9375001 0.04687494 0 0.0625 0.06249994 0.03124994 0.06249994 0.0625 0.5 0.03125 0.4375 0.0625 0.4375 0.0625 0.9375001 0.03124994 0.8750001 0.0625 0.8750001 0.0625 0.375 0.03125 0.4375 0.03125 0.375 0.0625 0.8750001 0.03124994 0.8125001 0.0625 0.8125001 0.0625 0.375 0.03125 0.3125 0.0625 0.3125 0.0625 0.7500001 0.03124994 0.8125001 0.03124994 0.7500001 0.0625 0.2499998 0.03125 0.3125 0.03124994 0.2499998 0.0625 0.7500001 0.03125 0.6875001 0.0625 0.6875001 0.03124994 0.9375001 0 0.8750001 0.03124994 0.8750001 0.03125 0.375 0 0.4375 0 0.375 0.03124994 0.8750001 0 0.8125001 0.03124994 0.8125001 0.03125 0.3125 0 0.375 0 0.3124999 0.03124994 0.8125001 0 0.7500001 0.03124994 0.7500001 0.03124994 0.2499998 0 0.3124999 0 0.2499998 0.03124994 0.7500001 0 0.6875001 0.03125 0.6875001 0.03124994 0.2499998 0 0.1875 0.03124994 0.1875 0.03125 0.6875001 0 0.6250001 0.03125 0.6250001 0.03124994 0.1249998 0 0.1875 0 0.1249998 0.03125 0.6250001 0 0.5625001 0.03125 0.5625001 0.03124994 0.06249994 0 0.1249998 0 0.06249994 0.03124994 0.5 0 0.5625001 0 0.5 0.03124994 0.9375001 0.01562494 1 0 0.9375001 0.01562494 0 0.03124994 0.06249994 0 0.06249994 0.03124994 0.5 0 0.4375 0.03125 0.4375 1 0.6250001 0.96875 0.6875001 0.96875 0.6250001 1 0.1875 0.96875 0.1249998 1 0.1249998 1 0.6250001 0.96875 0.5625001 1 0.5625001 1 0.1249998 0.96875 0.06249994 1 0.06249994 1 0.5 0.96875 0.5625001 0.96875 0.5 1 0.9375001 0.984375 1 0.96875 0.9375001 0.984375 0 1 0.06249994 0.96875 0.06249994 1 0.5 0.96875 0.4375 1 0.4375 1 0.8750001 0.96875 0.9375001 0.96875 0.8750001 1 0.375 0.96875 0.4375 0.96875 0.375 1 0.8125001 0.96875 0.8750001 0.96875 0.8125001 1 0.375 0.96875 0.3125 1 0.3124999 1 0.7500001 0.96875 0.8125001 0.96875 0.7500001 1 0.2499998 0.96875 0.3125 0.96875 0.2499998 1 0.7500001 0.96875 0.6875001 1 0.6875001 1 0.2499998 0.96875 0.1875 1 0.1875 0.96875 0.375 0.9375 0.4375 0.9375 0.375 0.96875 0.8750001 0.9375 0.8125001 0.96875 0.8125001 0.96875 0.3125 0.9375 0.375 0.9375 0.3124999 0.96875 0.7500001 0.9375 0.8125001 0.9375 0.7500001 0.96875 0.2499998 0.9375 0.3124999 0.9375 0.2499998 0.96875 0.7500001 0.9375 0.6875001 0.96875 0.6875001 0.96875 0.2499998 0.9375 0.1875 0.96875 0.1875 0.96875 0.6875001 0.9375 0.6250001 0.96875 0.6250001 0.96875 0.1249998 0.9375 0.1875 0.9375 0.1249998 0.96875 0.6250001 0.9375 0.5625001 0.96875 0.5625001 0.96875 0.1249998 0.9375 0.06249994 0.96875 0.06249994 0.96875 0.5 0.9375 0.5625001 0.9375 0.5 0.96875 0.9375001 0.953125 1 0.9375 0.9375001 0.953125 0 0.96875 0.06249994 0.9375 0.06249994 0.96875 0.5 0.9375 0.4375 0.96875 0.4375 0.96875 0.9375001 0.9375 0.8750001 0.96875 0.8750001 0.9375 0.1249998 0.90625 0.1875 0.90625 0.1249998 0.9375 0.6250001 0.90625 0.5625001 0.9375 0.5625001 0.9375 0.1249998 0.90625 0.06249994 0.9375 0.06249994 0.9375 0.5 0.90625 0.5625001 0.90625 0.5 0.9375 0.9375001 0.921875 1 0.90625 0.9375001 0.921875 0 0.9375 0.06249994 0.90625 0.06249994 0.9375 0.5 0.90625 0.4375 0.9375 0.4375 0.9375 0.9375001 0.90625 0.8750001 0.9375 0.8750001 0.9375 0.375 0.90625 0.4375 0.90625 0.375 0.9375 0.8750001 0.90625 0.8125001 0.9375 0.8125001 0.9375 0.375 0.90625 0.3124999 0.9375 0.3124999 0.9375 0.7500001 0.90625 0.8125001 0.90625 0.7500002 0.9375 0.2499998 0.90625 0.3124999 0.90625 0.2499998 0.9375 0.7500001 0.90625 0.6875001 0.9375 0.6875001 0.9375 0.2499998 0.90625 0.1875 0.9375 0.1875 0.9375 0.6250001 0.90625 0.6875001 0.90625 0.6250001 0.90625 0.8750001 0.875 0.8125001 0.90625 0.8125001 0.90625 0.375 0.875 0.3124999 0.90625 0.3124999 0.90625 0.7500002 0.875 0.8125001 0.875 0.7500002 0.90625 0.2499998 0.875 0.3124999 0.875 0.2499998 0.90625 0.7500002 0.875 0.6875001 0.90625 0.6875001 0.90625 0.2499998 0.875 0.1875 0.90625 0.1875 0.90625 0.6250001 0.875 0.6875001 0.875 0.6250001 0.90625 0.1249998 0.875 0.1875 0.875 0.1249998 0.90625 0.6250001 0.875 0.5625001 0.90625 0.5625001 0.90625 0.06249994 0.875 0.1249998 0.875 0.06249994 0.90625 0.5 0.875 0.5625001 0.875 0.5 0.90625 0.9375001 0.890625 1 0.875 0.9375001 0.890625 0 0.90625 0.06249994 0.875 0.06249994 0.90625 0.5 0.875 0.4375 0.90625 0.4375 0.90625 0.9375001 0.875 0.8750001 0.90625 0.8750001 0.90625 0.375 0.875 0.4375 0.875 0.375 0.875 0.6250001 0.84375 0.5625001 0.875 0.5625001 0.875 0.06249994 0.84375 0.1249998 0.84375 0.06249994 0.875 0.5 0.84375 0.5625001 0.84375 0.5 0.875 0.9375001 0.859375 1 0.84375 0.9375001 0.859375 0 0.875 0.06249994 0.84375 0.06249994 0.875 0.5 0.84375 0.4375 0.875 0.4375 0.875 0.9375001 0.84375 0.8750001 0.875 0.8750001 0.875 0.375 0.84375 0.4375 0.84375 0.375 0.875 0.8125001 0.84375 0.8750001 0.84375 0.8125001 0.875 0.375 0.84375 0.3124999 0.875 0.3124999 0.875 0.7500002 0.84375 0.8125001 0.84375 0.7500002 0.875 0.2499998 0.84375 0.3124999 0.84375 0.2499998 0.875 0.7500002 0.84375 0.6875001 0.875 0.6875001 0.875 0.2499998 0.84375 0.1875 0.875 0.1875 0.875 0.6250001 0.84375 0.6875001 0.84375 0.6250001 0.875 0.1875 0.84375 0.1249998 0.875 0.1249998 0.84375 0.375 0.8125 0.3124999 0.84375 0.3124999 0.84375 0.7500002 0.8125 0.8125001 0.8125 0.7500002 0.84375 0.2499998 0.8125 0.3124999 0.8125 0.2499998 0.84375 0.7500002 0.8125 0.6875001 0.84375 0.6875001 0.84375 0.2499998 0.8125 0.1875 0.84375 0.1875 0.84375 0.6250001 0.8125 0.6875001 0.8125 0.6250001 0.84375 0.1875 0.8125 0.1249998 0.84375 0.1249998 0.84375 0.6250001 0.8125 0.5625001 0.84375 0.5625001 0.84375 0.1249998 0.8125 0.06249994 0.84375 0.06249994 0.84375 0.5 0.8125 0.5625001 0.8125 0.5 0.84375 0.9375001 0.828125 1 0.8125 0.9375001 0.828125 0 0.84375 0.06249994 0.8125 0.06249994 0.84375 0.5 0.8125 0.4375 0.84375 0.4375 0.84375 0.8750001 0.8125 0.9375001 0.8125 0.8750001 0.84375 0.375 0.8125 0.4375 0.8125 0.375 0.84375 0.8125001 0.8125 0.8750001 0.8125 0.8125001 0.8125 0.1249998 0.78125 0.06249994 0.8125 0.06249994 0.8125 0.5 0.78125 0.5625001 0.78125 0.5 0.8125 0.9375001 0.796875 1 0.78125 0.9375001 0.796875 0 0.8125 0.06249994 0.78125 0.06249994 0.8125 0.5 0.78125 0.4375 0.8125 0.4375 0.8125 0.9375001 0.78125 0.8750001 0.8125 0.8750001 0.8125 0.375 0.78125 0.4375 0.78125 0.375 0.8125 0.8750001 0.78125 0.8125001 0.8125 0.8125001 0.8125 0.375 0.78125 0.3124999 0.8125 0.3124999 0.8125 0.8125001 0.78125 0.7500002 0.8125 0.7500002 0.8125 0.2499998 0.78125 0.3124999 0.78125 0.2499998 0.8125 0.7500002 0.78125 0.6875001 0.8125 0.6875001 0.8125 0.2499998 0.78125 0.1875 0.8125 0.1875 0.8125 0.6250001 0.78125 0.6875001 0.78125 0.6250001 0.8125 0.1249998 0.78125 0.1875 0.78125 0.1249998 0.8125 0.6250001 0.78125 0.5625001 0.8125 0.5625001 0.78125 0.3124999 0.75 0.25 0.78125 0.2499998 0.78125 0.6875001 0.75 0.75 0.75 0.6875001 0.78125 0.2499998 0.75 0.1875 0.78125 0.1875 0.78125 0.6250001 0.75 0.6875001 0.75 0.625 0.78125 0.1875 0.75 0.1249998 0.78125 0.1249998 0.78125 0.5625001 0.75 0.625 0.75 0.5625001 0.78125 0.06249994 0.75 0.1249998 0.75 0.06249994 0.78125 0.5 0.75 0.5625001 0.75 0.5 0.78125 0.9375001 0.765625 1 0.75 0.9375001 0.765625 0 0.78125 0.06249994 0.75 0.06249994 0.78125 0.5 0.75 0.4375 0.78125 0.4375 0.78125 0.8750001 0.75 0.9375001 0.75 0.8750001 0.78125 0.4375 0.75 0.375 0.78125 0.375 0.78125 0.8125001 0.75 0.8750001 0.75 0.8125 0.78125 0.375 0.75 0.3124999 0.78125 0.3124999 0.78125 0.7500002 0.75 0.8125 0.75 0.75 0.75 0.8125 0.71875 0.8125 0.71875 0.75 0.75 0.3124999 0.71875 0.3125 0.71875 0.25 0.75 0.6875001 0.75 0.75 0.71875 0.75 0.75 0.1875 0.75 0.25 0.71875 0.25 0.75 0.625 0.75 0.6875001 0.71875 0.6875 0.75 0.1875 0.71875 0.1875 0.71875 0.125 0.75 0.5625001 0.75 0.625 0.71875 0.625 0.75 0.1249998 0.71875 0.125 0.71875 0.06249994 0.75 0.5625001 0.71875 0.5625 0.71875 0.5 0.75 0.5 0.71875 0.5 0.71875 0.4375 0.75 0.8750001 0.75 0.9375001 0.71875 0.9375001 0.75 0.375 0.75 0.4375 0.71875 0.4375 0.75 0.8125 0.75 0.8750001 0.71875 0.875 0.75 0.375 0.71875 0.375 0.71875 0.3125 0.71875 0.375 0.71875 0.4375 0.6875 0.4375 0.71875 0.875 0.6875 0.875 0.6875 0.8125 0.71875 0.3125 0.71875 0.375 0.6875 0.375 0.71875 0.8125 0.6875 0.8125 0.6875 0.75 0.71875 0.25 0.71875 0.3125 0.6875 0.3125 0.71875 0.75 0.6875 0.75 0.6875 0.6875 0.71875 0.1875 0.71875 0.25 0.6875 0.25 0.71875 0.6875 0.6875 0.6875 0.6875 0.625 0.71875 0.125 0.71875 0.1875 0.6875 0.1875 0.71875 0.625 0.6875 0.625 0.6875 0.5625 0.71875 0.06249994 0.71875 0.125 0.6875 0.125 0.71875 0.5 0.71875 0.5625 0.6875 0.5625 0.71875 0.5 0.6875 0.5 0.6875 0.4375 0.71875 0.9375001 0.6875 0.9375001 0.6875 0.875 0.6875 0.125 0.6875 0.1875 0.65625 0.1875 0.6875 0.625 0.65625 0.625 0.65625 0.5625 0.6875 0.06249994 0.6875 0.125 0.65625 0.125 0.6875 0.5 0.6875 0.5625 0.65625 0.5625 0.6875 0.5 0.65625 0.5 0.65625 0.4375 0.6875 0.9375001 0.65625 0.9375001 0.65625 0.875 0.6875 0.375 0.6875 0.4375 0.65625 0.4375 0.6875 0.875 0.65625 0.875 0.65625 0.8125 0.6875 0.3125 0.6875 0.375 0.65625 0.375 0.6875 0.75 0.6875 0.8125 0.65625 0.8125 0.6875 0.25 0.6875 0.3125 0.65625 0.3125 0.6875 0.75 0.65625 0.75 0.65625 0.6875 0.6875 0.25 0.65625 0.25 0.65625 0.1875 0.6875 0.6875 0.65625 0.6875 0.65625 0.625 0.65625 0.3125 0.65625 0.375 0.625 0.375 0.65625 0.75 0.65625 0.8125 0.625 0.8125 0.65625 0.3125 0.625 0.3125 0.625 0.25 0.65625 0.75 0.625 0.75 0.625 0.6875 0.65625 0.25 0.625 0.25 0.625 0.1875 0.65625 0.6875 0.625 0.6875 0.625 0.6250001 0.65625 0.125 0.65625 0.1875 0.625 0.1875 0.65625 0.625 0.625 0.6250001 0.625 0.5625 0.65625 0.06249994 0.65625 0.125 0.625 0.125 0.65625 0.5 0.65625 0.5625 0.625 0.5625 0.65625 0.5 0.625 0.5 0.625 0.4375 0.65625 0.9375001 0.625 0.9375001 0.625 0.875 0.65625 0.375 0.65625 0.4375 0.625 0.4375 0.65625 0.875 0.625 0.875 0.625 0.8125 0.625 0.06249994 0.625 0.125 0.59375 0.125 0.625 0.5 0.625 0.5625 0.59375 0.5625 0.625 0.5 0.59375 0.5 0.59375 0.4375 0.625 0.9375001 0.59375 0.9375001 0.59375 0.875 0.625 0.375 0.625 0.4375 0.59375 0.4375 0.625 0.875 0.59375 0.875 0.59375 0.8125 0.625 0.375 0.59375 0.375 0.59375 0.3125 0.625 0.75 0.625 0.8125 0.59375 0.8125 0.625 0.3125 0.59375 0.3125 0.59375 0.25 0.625 0.75 0.59375 0.75 0.59375 0.6875 0.625 0.25 0.59375 0.25 0.59375 0.1875 0.625 0.6250001 0.625 0.6875 0.59375 0.6875 0.625 0.125 0.625 0.1875 0.59375 0.1875 0.625 0.6250001 0.59375 0.6250001 0.59375 0.5625 0.59375 0.75 0.59375 0.8125 0.5625 0.8125 0.59375 0.3125 0.5625 0.3125 0.5625 0.25 0.59375 0.6875 0.59375 0.75 0.5625 0.75 0.59375 0.25 0.5625 0.25 0.5625 0.1875 0.59375 0.6250001 0.59375 0.6875 0.5625 0.6875 0.59375 0.125 0.59375 0.1875 0.5625 0.1875 0.59375 0.6250001 0.5625 0.6250001 0.5625 0.5625 0.59375 0.06249994 0.59375 0.125 0.5625 0.125 0.59375 0.5 0.59375 0.5625 0.5625 0.5625 0.59375 0.5 0.5625 0.5 0.5625 0.4375 0.59375 0.9375001 0.5625 0.9375001 0.5625 0.875 0.59375 0.375 0.59375 0.4375 0.5625 0.4375 0.59375 0.875 0.5625 0.875 0.5625 0.8125 0.59375 0.375 0.5625 0.375 0.5625 0.3125 0.5625 0.5 0.5625 0.5625 0.53125 0.5625 0.5625 0.5 0.53125 0.5 0.53125 0.4375 0.5625 0.9375001 0.53125 0.9375001 0.53125 0.875 0.5625 0.375 0.5625 0.4375 0.53125 0.4375 0.5625 0.875 0.53125 0.875 0.53125 0.8125 0.5625 0.375 0.53125 0.375 0.53125 0.3125 0.5625 0.8125 0.53125 0.8125 0.53125 0.75 0.5625 0.25 0.5625 0.3125 0.53125 0.3125 0.5625 0.75 0.53125 0.75 0.53125 0.6875 0.5625 0.1875 0.5625 0.25 0.53125 0.25 0.5625 0.6250001 0.5625 0.6875 0.53125 0.6875 0.5625 0.125 0.5625 0.1875 0.53125 0.1875 0.5625 0.6250001 0.53125 0.6250001 0.53125 0.5625 0.5625 0.06249994 0.5625 0.125 0.53125 0.125 0.53125 0.25 0.53125 0.3125 0.5 0.3125 0.53125 0.75 0.5 0.75 0.5 0.6875001 0.53125 0.1875 0.53125 0.25 0.5 0.25 0.53125 0.6250001 0.53125 0.6875 0.5 0.6875001 0.53125 0.125 0.53125 0.1875 0.5 0.1875 0.53125 0.6250001 0.5 0.6250001 0.5 0.5625 0.53125 0.06249994 0.53125 0.125 0.5 0.125 0.53125 0.5 0.53125 0.5625 0.5 0.5625 0.53125 0.5 0.5 0.5 0.5 0.4375 0.53125 0.9375001 0.5 0.9375001 0.5 0.875 0.53125 0.375 0.53125 0.4375 0.5 0.4375 0.53125 0.875 0.5 0.875 0.5 0.8125 0.53125 0.375 0.5 0.375 0.5 0.3125 0.53125 0.8125 0.5 0.8125 0.5 0.75 0.5 0.5 0.46875 0.5 0.46875 0.4375 0.5 0.9375001 0.46875 0.9375001 0.46875 0.875 0.5 0.375 0.5 0.4375 0.46875 0.4375 0.5 0.875 0.46875 0.875 0.46875 0.8125 0.5 0.375 0.46875 0.375 0.46875 0.3125 0.5 0.8125 0.46875 0.8125 0.46875 0.75 0.5 0.3125 0.46875 0.3125 0.46875 0.25 0.5 0.75 0.46875 0.75 0.46875 0.6875 0.5 0.1875 0.5 0.25 0.46875 0.25 0.5 0.6250001 0.5 0.6875001 0.46875 0.6875 0.5 0.125 0.5 0.1875 0.46875 0.1875 0.5 0.6250001 0.46875 0.6250001 0.46875 0.5625 0.5 0.06249994 0.5 0.125 0.46875 0.125 0.5 0.5 0.5 0.5625 0.46875 0.5625 0.46875 0.75 0.4375 0.7500001 0.4375 0.6875001 0.46875 0.1875 0.46875 0.25 0.4375 0.25 0.46875 0.6250001 0.46875 0.6875 0.4375 0.6875001 0.46875 0.125 0.46875 0.1875 0.4375 0.1875 0.46875 0.6250001 0.4375 0.6250001 0.4375 0.5625 0.46875 0.06249994 0.46875 0.125 0.4375 0.125 0.46875 0.5 0.46875 0.5625 0.4375 0.5625 0.46875 0.5 0.4375 0.5 0.4375 0.4375 0.46875 0.9375001 0.4375 0.9375001 0.4375 0.875 0.46875 0.375 0.46875 0.4375 0.4375 0.4375 0.46875 0.875 0.4375 0.875 0.4375 0.8125 0.46875 0.375 0.4375 0.375 0.4375 0.3125 0.46875 0.8125 0.4375 0.8125 0.4375 0.7500001 0.46875 0.25 0.46875 0.3125 0.4375 0.3125 0.4375 0.5 0.40625 0.5 0.40625 0.4375 0.4375 0.9375001 0.40625 0.9375001 0.40625 0.875 0.4375 0.375 0.4375 0.4375 0.40625 0.4375 0.4375 0.875 0.40625 0.875 0.40625 0.8125 0.4375 0.375 0.40625 0.375 0.40625 0.3125 0.4375 0.8125 0.40625 0.8125 0.40625 0.7500001 0.4375 0.25 0.4375 0.3125 0.40625 0.3125 0.4375 0.7500001 0.40625 0.7500001 0.40625 0.6875001 0.4375 0.1875 0.4375 0.25 0.40625 0.25 0.4375 0.6250001 0.4375 0.6875001 0.40625 0.6875001 0.4375 0.125 0.4375 0.1875 0.40625 0.1875 0.4375 0.6250001 0.40625 0.6250001 0.40625 0.5625 0.4375 0.06249994 0.4375 0.125 0.40625 0.125 0.4375 0.5 0.4375 0.5625 0.40625 0.5625 0.40625 0.25 0.375 0.25 0.375 0.1875 0.40625 0.6250001 0.40625 0.6875001 0.375 0.6875001 0.40625 0.125 0.40625 0.1875 0.375 0.1875 0.40625 0.6250001 0.375 0.6250001 0.375 0.5625 0.40625 0.06249994 0.40625 0.125 0.375 0.125 0.40625 0.5 0.40625 0.5625 0.375 0.5625 0.40625 0.5 0.375 0.5 0.375 0.4375 0.40625 0.9375001 0.375 0.9375001 0.375 0.875 0.40625 0.375 0.40625 0.4375 0.375 0.4375 0.40625 0.875 0.375 0.875 0.375 0.8125 0.40625 0.375 0.375 0.375 0.375 0.3125 0.40625 0.8125 0.375 0.8125 0.375 0.7500001 0.40625 0.25 0.40625 0.3125 0.375 0.3125 0.40625 0.7500001 0.375 0.7500001 0.375 0.6875001 0.375 0.375 0.375 0.4375 0.34375 0.4375 0.375 0.875 0.34375 0.875 0.34375 0.8125 0.375 0.375 0.34375 0.375 0.34375 0.3125 0.375 0.8125 0.34375 0.8125 0.34375 0.7500001 0.375 0.25 0.375 0.3125 0.34375 0.3125 0.375 0.7500001 0.34375 0.7500001 0.34375 0.6875001 0.375 0.1875 0.375 0.25 0.34375 0.25 0.375 0.6250001 0.375 0.6875001 0.34375 0.6875001 0.375 0.125 0.375 0.1875 0.34375 0.1875 0.375 0.6250001 0.34375 0.6250001 0.34375 0.5625 0.375 0.06249994 0.375 0.125 0.34375 0.125 0.375 0.5 0.375 0.5625 0.34375 0.5625 0.375 0.5 0.34375 0.5 0.34375 0.4375 0.375 0.9375001 0.34375 0.9375001 0.34375 0.875 0.34375 0.125 0.34375 0.1875 0.3125 0.1875 0.34375 0.6250001 0.3125 0.6250001 0.3125 0.5625 0.34375 0.06249994 0.34375 0.125 0.3125 0.1249998 0.34375 0.5 0.34375 0.5625 0.3125 0.5625 0.34375 0.5 0.3125 0.5 0.3125 0.4375 0.34375 0.9375001 0.3125 0.9375001 0.3125 0.8750001 0.34375 0.375 0.34375 0.4375 0.3125 0.4375 0.34375 0.875 0.3125 0.8750001 0.3125 0.8125 0.34375 0.375 0.3125 0.375 0.3125 0.3125 0.34375 0.8125 0.3125 0.8125 0.3125 0.7500001 0.34375 0.25 0.34375 0.3125 0.3125 0.3125 0.34375 0.7500001 0.3125 0.7500001 0.3125 0.6875001 0.34375 0.1875 0.34375 0.25 0.3125 0.25 0.34375 0.6250001 0.34375 0.6875001 0.3125 0.6875001 0.3125 0.8750001 0.28125 0.875 0.28125 0.8125 0.3125 0.375 0.28125 0.375 0.28125 0.3125 0.3125 0.8125 0.28125 0.8125 0.28125 0.7500001 0.3125 0.3125 0.28125 0.3125 0.28125 0.25 0.3125 0.7500001 0.28125 0.7500001 0.28125 0.6875001 0.3125 0.1875 0.3125 0.25 0.28125 0.25 0.3125 0.6250001 0.3125 0.6875001 0.28125 0.6875001 0.3125 0.1249998 0.3125 0.1875 0.28125 0.1875 0.3125 0.6250001 0.28125 0.6250001 0.28125 0.5625 0.3125 0.1249998 0.28125 0.125 0.28125 0.06249994 0.3125 0.5 0.3125 0.5625 0.28125 0.5625 0.3125 0.5 0.28125 0.5 0.28125 0.4375 0.3125 0.8750001 0.3125 0.9375001 0.28125 0.9375001 0.3125 0.375 0.3125 0.4375 0.28125 0.4375 0.28125 0.6250001 0.25 0.6250001 0.25 0.5625 0.28125 0.06249994 0.28125 0.125 0.25 0.1249998 0.28125 0.5 0.28125 0.5625 0.25 0.5625 0.28125 0.5 0.25 0.5 0.25 0.4375 0.28125 0.9375001 0.25 0.9375001 0.25 0.8750001 0.28125 0.375 0.28125 0.4375 0.25 0.4375 0.28125 0.875 0.25 0.8750001 0.25 0.8125 0.28125 0.3125 0.28125 0.375 0.25 0.375 0.28125 0.8125 0.25 0.8125 0.25 0.7500001 0.28125 0.25 0.28125 0.3125 0.25 0.3125 0.28125 0.7500001 0.25 0.7500001 0.25 0.6875001 0.28125 0.1875 0.28125 0.25 0.25 0.2499999 0.28125 0.6875001 0.25 0.6875001 0.25 0.6250001 0.28125 0.125 0.28125 0.1875 0.25 0.1875 0.25 0.375 0.21875 0.375 0.21875 0.3125 0.25 0.8125 0.21875 0.8125 0.21875 0.7500001 0.25 0.3125 0.21875 0.3125 0.21875 0.2499999 0.25 0.7500001 0.21875 0.7500001 0.21875 0.6875001 0.25 0.1875 0.25 0.2499999 0.21875 0.2499999 0.25 0.6250001 0.25 0.6875001 0.21875 0.6875001 0.25 0.1875 0.21875 0.1875 0.21875 0.125 0.25 0.6250001 0.21875 0.6250001 0.21875 0.5625001 0.25 0.1249998 0.21875 0.125 0.21875 0.06249994 0.25 0.5 0.25 0.5625 0.21875 0.5625001 0.25 0.5 0.21875 0.5 0.21875 0.4375 0.25 0.8750001 0.25 0.9375001 0.21875 0.9375001 0.25 0.375 0.25 0.4375 0.21875 0.4375 0.25 0.8750001 0.21875 0.875 0.21875 0.8125 0.21875 0.06249994 0.21875 0.125 0.1875 0.1249998 0.21875 0.5 0.21875 0.5625001 0.1875 0.5625001 0.21875 0.5 0.1875 0.5 0.1875 0.4375 0.21875 0.9375001 0.1875 0.9375001 0.1875 0.8750001 0.21875 0.375 0.21875 0.4375 0.1875 0.4375 0.21875 0.875 0.1875 0.8750001 0.1875 0.8125 0.21875 0.3125 0.21875 0.375 0.1875 0.375 0.21875 0.8125 0.1875 0.8125 0.1875 0.7500001 0.21875 0.2499999 0.21875 0.3125 0.1875 0.3125 0.21875 0.7500001 0.1875 0.7500001 0.1875 0.6875001 0.21875 0.1875 0.21875 0.2499999 0.1875 0.2499999 0.21875 0.6875001 0.1875 0.6875001 0.1875 0.6250001 0.21875 0.125 0.21875 0.1875 0.1875 0.1875 0.21875 0.6250001 0.1875 0.6250001 0.1875 0.5625001 0.1875 0.8125 0.15625 0.8125001 0.15625 0.7500001 0.1875 0.2499999 0.1875 0.3125 0.15625 0.3125 0.1875 0.7500001 0.15625 0.7500001 0.15625 0.6875001 0.1875 0.2499999 0.15625 0.2499999 0.15625 0.1875 0.1875 0.6250001 0.1875 0.6875001 0.15625 0.6875001 0.1875 0.1249998 0.1875 0.1875 0.15625 0.1875 0.1875 0.6250001 0.15625 0.6250001 0.15625 0.5625001 0.1875 0.1249998 0.15625 0.1249998 0.15625 0.06249994 0.1875 0.5 0.1875 0.5625001 0.15625 0.5625001 0.1875 0.5 0.15625 0.5 0.15625 0.4375 0.1875 0.8750001 0.1875 0.9375001 0.15625 0.9375001 0.1875 0.375 0.1875 0.4375 0.15625 0.4375 0.1875 0.8750001 0.15625 0.8750001 0.15625 0.8125001 0.1875 0.375 0.15625 0.375 0.15625 0.3125 0.15625 0.5 0.15625 0.5625001 0.125 0.5625001 0.15625 0.5 0.125 0.5 0.125 0.4375 0.15625 0.9375001 0.125 0.9375001 0.125 0.8750001 0.15625 0.375 0.15625 0.4375 0.125 0.4375 0.15625 0.8750001 0.125 0.8750001 0.125 0.8125001 0.15625 0.375 0.125 0.375 0.125 0.3125 0.15625 0.7500001 0.15625 0.8125001 0.125 0.8125001 0.15625 0.2499999 0.15625 0.3125 0.125 0.3125 0.15625 0.7500001 0.125 0.7500001 0.125 0.6875001 0.15625 0.2499999 0.125 0.2499999 0.125 0.1875 0.15625 0.6250001 0.15625 0.6875001 0.125 0.6875001 0.15625 0.1249998 0.15625 0.1875 0.125 0.1875 0.15625 0.6250001 0.125 0.6250001 0.125 0.5625001 0.15625 0.06249994 0.15625 0.1249998 0.125 0.1249998 0.125 0.2499999 0.125 0.3125 0.09375 0.3125 0.125 0.7500001 0.09374994 0.7500001 0.09375 0.6875001 0.125 0.2499999 0.09374994 0.2499998 0.09375 0.1875 0.125 0.6250001 0.125 0.6875001 0.09375 0.6875001 0.125 0.1249998 0.125 0.1875 0.09375 0.1875 0.125 0.6250001 0.09375 0.6250001 0.09375 0.5625001 0.125 0.06249994 0.125 0.1249998 0.09374994 0.1249998 0.125 0.5 0.125 0.5625001 0.09375 0.5625001 0.125 0.5 0.09375 0.5 0.09375 0.4375 0.125 0.9375001 0.09375 0.9375001 0.09374994 0.8750001 0.125 0.375 0.125 0.4375 0.09375 0.4375 0.125 0.8750001 0.09374994 0.8750001 0.09375 0.8125001 0.125 0.375 0.09375 0.375 0.09375 0.3125 0.125 0.7500001 0.125 0.8125001 0.09375 0.8125001 0.09375 0.5 0.0625 0.5 0.0625 0.4375 0.09375 0.9375001 0.0625 0.9375001 0.0625 0.8750001 0.09375 0.375 0.09375 0.4375 0.0625 0.4375 0.09374994 0.8750001 0.0625 0.8750001 0.0625 0.8125001 0.09375 0.375 0.0625 0.375 0.0625 0.3125 0.09374994 0.7500001 0.09375 0.8125001 0.0625 0.8125001 0.09374994 0.2499998 0.09375 0.3125 0.0625 0.3125 0.09374994 0.7500001 0.0625 0.7500001 0.0625 0.6875001 0.09374994 0.2499998 0.0625 0.2499998 0.0625 0.1875 0.09375 0.6250001 0.09375 0.6875001 0.0625 0.6875001 0.09374994 0.1249998 0.09375 0.1875 0.0625 0.1875 0.09375 0.6250001 0.0625 0.6250001 0.0625 0.5625001 0.09375 0.06249994 0.09374994 0.1249998 0.0625 0.1249998 0.09375 0.5 0.09375 0.5625001 0.0625 0.5625001 0.0625 0.2499998 0.03124994 0.2499998 0.03124994 0.1875 0.0625 0.6250001 0.0625 0.6875001 0.03125 0.6875001 0.0625 0.1249998 0.0625 0.1875 0.03124994 0.1875 0.0625 0.6250001 0.03125 0.6250001 0.03125 0.5625001 0.0625 0.1249998 0.03124994 0.1249998 0.03124994 0.06249994 0.0625 0.5 0.0625 0.5625001 0.03125 0.5625001 0.0625 0.5 0.03124994 0.5 0.03125 0.4375 0.0625 0.9375001 0.03124994 0.9375001 0.03124994 0.8750001 0.0625 0.375 0.0625 0.4375 0.03125 0.4375 0.0625 0.8750001 0.03124994 0.8750001 0.03124994 0.8125001 0.0625 0.375 0.03125 0.375 0.03125 0.3125 0.0625 0.7500001 0.0625 0.8125001 0.03124994 0.8125001 0.0625 0.2499998 0.0625 0.3125 0.03125 0.3125 0.0625 0.7500001 0.03124994 0.7500001 0.03125 0.6875001 0.03124994 0.9375001 0 0.9375001 0 0.8750001 0.03125 0.375 0.03125 0.4375 0 0.4375 0.03124994 0.8750001 0 0.8750001 0 0.8125001 0.03125 0.3125 0.03125 0.375 0 0.375 0.03124994 0.8125001 0 0.8125001 0 0.7500001 0.03124994 0.2499998 0.03125 0.3125 0 0.3124999 0.03124994 0.7500001 0 0.7500001 0 0.6875001 0.03124994 0.2499998 0 0.2499998 0 0.1875 0.03125 0.6875001 0 0.6875001 0 0.6250001 0.03124994 0.1249998 0.03124994 0.1875 0 0.1875 0.03125 0.6250001 0 0.6250001 0 0.5625001 0.03124994 0.06249994 0.03124994 0.1249998 0 0.1249998 0.03124994 0.5 0.03125 0.5625001 0 0.5625001 0.03124994 0.5 0 0.5 0 0.4375 1 0.6250001 1 0.6875001 0.96875 0.6875001 1 0.1875 0.96875 0.1875 0.96875 0.1249998 1 0.6250001 0.96875 0.6250001 0.96875 0.5625001 1 0.1249998 0.96875 0.1249998 0.96875 0.06249994 1 0.5 1 0.5625001 0.96875 0.5625001 1 0.5 0.96875 0.5 0.96875 0.4375 1 0.8750001 1 0.9375001 0.96875 0.9375001 1 0.375 1 0.4375 0.96875 0.4375 1 0.8125001 1 0.8750001 0.96875 0.8750001 1 0.375 0.96875 0.375 0.96875 0.3125 1 0.7500001 1 0.8125001 0.96875 0.8125001 1 0.2499998 1 0.3124999 0.96875 0.3125 1 0.7500001 0.96875 0.7500001 0.96875 0.6875001 1 0.2499998 0.96875 0.2499998 0.96875 0.1875 0.96875 0.375 0.96875 0.4375 0.9375 0.4375 0.96875 0.8750001 0.9375 0.8750001 0.9375 0.8125001 0.96875 0.3125 0.96875 0.375 0.9375 0.375 0.96875 0.7500001 0.96875 0.8125001 0.9375 0.8125001 0.96875 0.2499998 0.96875 0.3125 0.9375 0.3124999 0.96875 0.7500001 0.9375 0.7500001 0.9375 0.6875001 0.96875 0.2499998 0.9375 0.2499998 0.9375 0.1875 0.96875 0.6875001 0.9375 0.6875001 0.9375 0.6250001 0.96875 0.1249998 0.96875 0.1875 0.9375 0.1875 0.96875 0.6250001 0.9375 0.6250001 0.9375 0.5625001 0.96875 0.1249998 0.9375 0.1249998 0.9375 0.06249994 0.96875 0.5 0.96875 0.5625001 0.9375 0.5625001 0.96875 0.5 0.9375 0.5 0.9375 0.4375 0.96875 0.9375001 0.9375 0.9375001 0.9375 0.8750001 0.9375 0.1249998 0.9375 0.1875 0.90625 0.1875 0.9375 0.6250001 0.90625 0.6250001 0.90625 0.5625001 0.9375 0.1249998 0.90625 0.1249998 0.90625 0.06249994 0.9375 0.5 0.9375 0.5625001 0.90625 0.5625001 0.9375 0.5 0.90625 0.5 0.90625 0.4375 0.9375 0.9375001 0.90625 0.9375001 0.90625 0.8750001 0.9375 0.375 0.9375 0.4375 0.90625 0.4375 0.9375 0.8750001 0.90625 0.8750001 0.90625 0.8125001 0.9375 0.375 0.90625 0.375 0.90625 0.3124999 0.9375 0.7500001 0.9375 0.8125001 0.90625 0.8125001 0.9375 0.2499998 0.9375 0.3124999 0.90625 0.3124999 0.9375 0.7500001 0.90625 0.7500002 0.90625 0.6875001 0.9375 0.2499998 0.90625 0.2499998 0.90625 0.1875 0.9375 0.6250001 0.9375 0.6875001 0.90625 0.6875001 0.90625 0.8750001 0.875 0.8750001 0.875 0.8125001 0.90625 0.375 0.875 0.375 0.875 0.3124999 0.90625 0.7500002 0.90625 0.8125001 0.875 0.8125001 0.90625 0.2499998 0.90625 0.3124999 0.875 0.3124999 0.90625 0.7500002 0.875 0.7500002 0.875 0.6875001 0.90625 0.2499998 0.875 0.2499998 0.875 0.1875 0.90625 0.6250001 0.90625 0.6875001 0.875 0.6875001 0.90625 0.1249998 0.90625 0.1875 0.875 0.1875 0.90625 0.6250001 0.875 0.6250001 0.875 0.5625001 0.90625 0.06249994 0.90625 0.1249998 0.875 0.1249998 0.90625 0.5 0.90625 0.5625001 0.875 0.5625001 0.90625 0.5 0.875 0.5 0.875 0.4375 0.90625 0.9375001 0.875 0.9375001 0.875 0.8750001 0.90625 0.375 0.90625 0.4375 0.875 0.4375 0.875 0.6250001 0.84375 0.6250001 0.84375 0.5625001 0.875 0.06249994 0.875 0.1249998 0.84375 0.1249998 0.875 0.5 0.875 0.5625001 0.84375 0.5625001 0.875 0.5 0.84375 0.5 0.84375 0.4375 0.875 0.9375001 0.84375 0.9375001 0.84375 0.8750001 0.875 0.375 0.875 0.4375 0.84375 0.4375 0.875 0.8125001 0.875 0.8750001 0.84375 0.8750001 0.875 0.375 0.84375 0.375 0.84375 0.3124999 0.875 0.7500002 0.875 0.8125001 0.84375 0.8125001 0.875 0.2499998 0.875 0.3124999 0.84375 0.3124999 0.875 0.7500002 0.84375 0.7500002 0.84375 0.6875001 0.875 0.2499998 0.84375 0.2499998 0.84375 0.1875 0.875 0.6250001 0.875 0.6875001 0.84375 0.6875001 0.875 0.1875 0.84375 0.1875 0.84375 0.1249998 0.84375 0.375 0.8125 0.375 0.8125 0.3124999 0.84375 0.7500002 0.84375 0.8125001 0.8125 0.8125001 0.84375 0.2499998 0.84375 0.3124999 0.8125 0.3124999 0.84375 0.7500002 0.8125 0.7500002 0.8125 0.6875001 0.84375 0.2499998 0.8125 0.2499998 0.8125 0.1875 0.84375 0.6250001 0.84375 0.6875001 0.8125 0.6875001 0.84375 0.1875 0.8125 0.1875 0.8125 0.1249998 0.84375 0.6250001 0.8125 0.6250001 0.8125 0.5625001 0.84375 0.1249998 0.8125 0.1249998 0.8125 0.06249994 0.84375 0.5 0.84375 0.5625001 0.8125 0.5625001 0.84375 0.5 0.8125 0.5 0.8125 0.4375 0.84375 0.8750001 0.84375 0.9375001 0.8125 0.9375001 0.84375 0.375 0.84375 0.4375 0.8125 0.4375 0.84375 0.8125001 0.84375 0.8750001 0.8125 0.8750001 0.8125 0.1249998 0.78125 0.1249998 0.78125 0.06249994 0.8125 0.5 0.8125 0.5625001 0.78125 0.5625001 0.8125 0.5 0.78125 0.5 0.78125 0.4375 0.8125 0.9375001 0.78125 0.9375001 0.78125 0.8750001 0.8125 0.375 0.8125 0.4375 0.78125 0.4375 0.8125 0.8750001 0.78125 0.8750001 0.78125 0.8125001 0.8125 0.375 0.78125 0.375 0.78125 0.3124999 0.8125 0.8125001 0.78125 0.8125001 0.78125 0.7500002 0.8125 0.2499998 0.8125 0.3124999 0.78125 0.3124999 0.8125 0.7500002 0.78125 0.7500002 0.78125 0.6875001 0.8125 0.2499998 0.78125 0.2499998 0.78125 0.1875 0.8125 0.6250001 0.8125 0.6875001 0.78125 0.6875001 0.8125 0.1249998 0.8125 0.1875 0.78125 0.1875 0.8125 0.6250001 0.78125 0.6250001 0.78125 0.5625001 0.78125 0.3124999 0.75 0.3124999 0.75 0.25 0.78125 0.6875001 0.78125 0.7500002 0.75 0.75 0.78125 0.2499998 0.75 0.25 0.75 0.1875 0.78125 0.6250001 0.78125 0.6875001 0.75 0.6875001 0.78125 0.1875 0.75 0.1875 0.75 0.1249998 0.78125 0.5625001 0.78125 0.6250001 0.75 0.625 0.78125 0.06249994 0.78125 0.1249998 0.75 0.1249998 0.78125 0.5 0.78125 0.5625001 0.75 0.5625001 0.78125 0.5 0.75 0.5 0.75 0.4375 0.78125 0.8750001 0.78125 0.9375001 0.75 0.9375001 0.78125 0.4375 0.75 0.4375 0.75 0.375 0.78125 0.8125001 0.78125 0.8750001 0.75 0.8750001 0.78125 0.375 0.75 0.375 0.75 0.3124999 0.78125 0.7500002 0.78125 0.8125001 0.75 0.8125</float_array>
          <technique_common>
            <accessor source="#Sphere-mesh-map-0-array" count="2880" stride="2">
              <param name="S" type="float"/>
              <param name="T" type="float"/>
            </accessor>
          </technique_common>
        </source>
        <vertices id="Sphere-mesh-vertices">
          <input semantic="POSITION" source="#Sphere-mesh-positions"/>
        </vertices>
        <triangles material="CL_post-material" count="960">
          <input semantic="VERTEX" source="#Sphere-mesh-vertices" offset="0"/>
          <input semantic="NORMAL" source="#Sphere-mesh-normals" offset="1"/>
          <input semantic="TEXCOORD" source="#Sphere-mesh-map-0" offset="2" set="0"/>
          <p>1 0 0 11 0 1 2 0 2 479 1 3 19 1 4 6 1 5 476 2 6 11 2 7 12 2 8 7 3 9 19 3 10 20 3 11 3 4 12 12 4 13 13 4 14 7 5 15 21 5 16 480 5 17 477 6 18 13 6 19 14 6 20 480 7 21 22 7 22 481 7 23 477 8 24 15 8 25 4 8 26 0 9 27 309 9 28 8 9 29 248 10 30 481 10 31 22 10 32 4 11 33 16 11 34 5 11 35 475 12 36 8 12 37 9 12 38 478 13 39 16 13 40 17 13 41 1 14 42 9 14 43 10 14 44 478 15 45 18 15 46 479 15 47 17 16 48 31 16 49 32 16 50 9 17 51 25 17 52 10 17 53 18 18 54 32 18 55 33 18 56 10 19 57 26 19 58 11 19 59 19 20 60 33 20 61 34 20 62 11 21 63 27 21 64 12 21 65 20 22 66 34 22 67 35 22 68 12 23 69 28 23 70 13 23 71 21 24 72 35 24 73 36 24 74 13 25 75 29 25 76 14 25 77 22 26 78 36 26 79 37 26 80 15 27 81 29 27 82 30 27 83 8 28 84 309 28 85 23 28 86 248 29 87 22 29 88 37 29 89 15 30 90 31 30 91 16 30 92 8 31 93 24 31 94 9 31 95 36 32 96 50 32 97 51 32 98 28 33 99 44 33 100 29 33 101 37 34 102 51 34 103 52 34 104 30 35 105 44 35 106 45 35 107 23 36 108 309 36 109 38 36 110 248 37 111 37 37 112 52 37 113 30 38 114 46 38 115 31 38 116 23 39 117 39 39 118 24 39 119 32 40 120 46 40 121 47 40 122 24 41 123 40 41 124 25 41 125 33 42 126 47 42 127 48 42 128 26 43 129 40 43 130 41 43 131 34 44 132 48 44 133 49 44 134 26 45 135 42 45 136 27 45 137 34 46 138 50 46 139 35 46 140 27 47 141 43 47 142 28 47 143 48 48 144 62 48 145 63 48 146 41 49 147 55 49 148 56 49 149 48 50 150 64 50 151 49 50 152 41 51 153 57 51 154 42 51 155 49 52 156 65 52 157 50 52 158 42 53 159 58 53 160 43 53 161 51 54 162 65 54 163 66 54 164 43 55 165 59 55 166 44 55 167 52 56 168 66 56 169 67 56 170 45 57 171 59 57 172 60 57 173 38 58 174 309 58 175 53 58 176 248 59 177 52 59 178 67 59 179 45 60 180 61 60 181 46 60 182 38 61 183 54 61 184 39 61 185 47 62 186 61 62 187 62 62 188 39 63 189 55 63 190 40 63 191 67 64 192 81 64 193 82 64 194 60 65 195 74 65 196 75 65 197 53 66 198 309 66 199 68 66 200 248 67 201 67 67 202 82 67 203 60 68 204 76 68 205 61 68 206 53 69 207 69 69 208 54 69 209 62 70 210 76 70 211 77 70 212 54 71 213 70 71 214 55 71 215 62 72 216 78 72 217 63 72 218 56 73 219 70 73 220 71 73 221 63 74 222 79 74 223 64 74 224 56 75 225 72 75 226 57 75 227 64 76 228 80 76 229 65 76 230 58 77 231 72 77 232 73 77 233 66 78 234 80 78 235 81 78 236 58 79 237 74 79 238 59 79 239 71 80 240 85 80 241 86 80 242 78 81 243 94 81 244 79 81 245 72 82 246 86 82 247 87 82 248 79 83 249 95 83 250 80 83 251 73 84 252 87 84 253 88 84 254 81 85 255 95 85 256 96 85 257 73 86 258 89 86 259 74 86 260 82 87 261 96 87 262 97 87 263 75 88 264 89 88 265 90 88 266 68 89 267 309 89 268 83 89 269 248 90 270 82 90 271 97 90 272 75 91 273 91 91 274 76 91 275 68 92 276 84 92 277 69 92 278 77 93 279 91 93 280 92 93 281 69 94 282 85 94 283 70 94 284 77 95 285 93 95 286 78 95 287 90 96 288 104 96 289 105 96 290 83 97 291 309 97 292 98 97 293 248 98 294 97 98 295 112 98 296 90 99 297 106 99 298 91 99 299 83 100 300 99 100 301 84 100 302 92 101 303 106 101 304 107 101 305 84 102 306 100 102 307 85 102 308 92 103 309 108 103 310 93 103 311 85 104 312 101 104 313 86 104 314 94 105 315 108 105 316 109 105 317 86 106 318 102 106 319 87 106 320 95 107 321 109 107 322 110 107 323 88 108 324 102 108 325 103 108 326 96 109 327 110 109 328 111 109 329 88 110 330 104 110 331 89 110 332 97 111 333 111 111 334 112 111 335 109 112 336 123 112 337 124 112 338 101 113 339 117 113 340 102 113 341 110 114 342 124 114 343 125 114 344 103 115 345 117 115 346 118 115 347 111 116 348 125 116 349 126 116 350 103 117 351 119 117 352 104 117 353 112 118 354 126 118 355 127 118 356 105 119 357 119 119 358 120 119 359 98 120 360 309 120 361 113 120 362 248 121 363 112 121 364 127 121 365 105 122 366 121 122 367 106 122 368 98 123 369 114 123 370 99 123 371 107 124 372 121 124 373 122 124 374 99 125 375 115 125 376 100 125 377 107 126 378 123 126 379 108 126 380 100 127 381 116 127 382 101 127 383 113 128 384 309 128 385 128 128 386 248 129 387 127 129 388 142 129 389 120 130 390 136 130 391 121 130 392 113 131 393 129 131 394 114 131 395 122 132 396 136 132 397 137 132 398 114 133 399 130 133 400 115 133 401 122 134 402 138 134 403 123 134 404 115 135 405 131 135 406 116 135 407 123 136 408 139 136 409 124 136 410 116 137 411 132 137 412 117 137 413 125 138 414 139 138 415 140 138 416 118 139 417 132 139 418 133 139 419 126 140 420 140 140 421 141 140 422 118 141 423 134 141 424 119 141 425 127 142 426 141 142 427 142 142 428 120 143 429 134 143 430 135 143 431 131 144 432 147 144 433 132 144 434 140 145 435 154 145 436 155 145 437 133 146 438 147 146 439 148 146 440 141 147 441 155 147 442 156 147 443 133 148 444 149 148 445 134 148 446 142 149 447 156 149 448 157 149 449 135 150 450 149 150 451 150 150 452 128 151 453 309 151 454 143 151 455 248 152 456 142 152 457 157 152 458 135 153 459 151 153 460 136 153 461 128 154 462 144 154 463 129 154 464 137 155 465 151 155 466 152 155 467 129 156 468 145 156 469 130 156 470 137 157 471 153 157 472 138 157 473 130 158 474 146 158 475 131 158 476 139 159 477 153 159 478 154 159 479 150 160 480 166 160 481 151 160 482 143 161 483 159 161 484 144 161 485 152 162 486 166 162 487 167 162 488 144 163 489 160 163 490 145 163 491 152 164 492 168 164 493 153 164 494 145 165 495 161 165 496 146 165 497 154 166 498 168 166 499 169 166 500 146 167 501 162 167 502 147 167 503 155 168 504 169 168 505 170 168 506 148 169 507 162 169 508 163 169 509 156 170 510 170 170 511 171 170 512 148 171 513 164 171 514 149 171 515 157 172 516 171 172 517 172 172 518 150 173 519 164 173 520 165 173 521 143 174 522 309 174 523 158 174 524 248 175 525 157 175 526 172 175 527 169 176 528 185 176 529 170 176 530 163 177 531 177 177 532 178 177 533 171 178 534 185 178 535 186 178 536 163 179 537 179 179 538 164 179 539 172 180 540 186 180 541 187 180 542 165 181 543 179 181 544 180 181 545 158 182 546 309 182 547 173 182 548 248 183 549 172 183 550 187 183 551 165 184 552 181 184 553 166 184 554 158 185 555 174 185 556 159 185 557 167 186 558 181 186 559 182 186 560 159 187 561 175 187 562 160 187 563 167 188 564 183 188 565 168 188 566 160 189 567 176 189 568 161 189 569 169 190 570 183 190 571 184 190 572 161 191 573 177 191 574 162 191 575 182 192 576 196 192 577 197 192 578 174 193 579 190 193 580 175 193 581 182 194 582 198 194 583 183 194 584 175 195 585 191 195 586 176 195 587 184 196 588 198 196 589 199 196 590 176 197 591 192 197 592 177 197 593 185 198 594 199 198 595 200 198 596 178 199 597 192 199 598 193 199 599 186 200 600 200 200 601 201 200 602 178 201 603 194 201 604 179 201 605 187 202 606 201 202 607 202 202 608 180 203 609 194 203 610 195 203 611 173 204 612 309 204 613 188 204 614 248 205 615 187 205 616 202 205 617 180 206 618 196 206 619 181 206 620 173 207 621 189 207 622 174 207 623 201 208 624 215 208 625 216 208 626 193 209 627 209 209 628 194 209 629 202 210 630 216 210 631 217 210 632 195 211 633 209 211 634 210 211 635 188 212 636 309 212 637 203 212 638 248 213 639 202 213 640 217 213 641 195 214 642 211 214 643 196 214 644 188 215 645 204 215 646 189 215 647 197 216 648 211 216 649 212 216 650 189 217 651 205 217 652 190 217 653 197 218 654 213 218 655 198 218 656 190 219 657 206 219 658 191 219 659 199 220 660 213 220 661 214 220 662 191 221 663 207 221 664 192 221 665 200 222 666 214 222 667 215 222 668 193 223 669 207 223 670 208 223 671 204 224 672 220 224 673 205 224 674 212 225 675 228 225 676 213 225 677 205 226 678 221 226 679 206 226 680 213 227 681 229 227 682 214 227 683 206 228 684 222 228 685 207 228 686 215 229 687 229 229 688 230 229 689 208 230 690 222 230 691 223 230 692 216 231 693 230 231 694 231 231 695 208 232 696 224 232 697 209 232 698 216 233 699 232 233 700 217 233 701 210 234 702 224 234 703 225 234 704 203 235 705 309 235 706 218 235 707 248 236 708 217 236 709 232 236 710 210 237 711 226 237 712 211 237 713 204 238 714 218 238 715 219 238 716 212 239 717 226 239 718 227 239 719 223 240 720 239 240 721 224 240 722 232 241 723 246 241 724 247 241 725 225 242 726 239 242 727 240 242 728 218 243 729 309 243 730 233 243 731 248 244 732 232 244 733 247 244 734 225 245 735 241 245 736 226 245 737 218 246 738 234 246 739 219 246 740 227 247 741 241 247 742 242 247 743 219 248 744 235 248 745 220 248 746 228 249 747 242 249 748 243 249 749 220 250 750 236 250 751 221 250 752 229 251 753 243 251 754 244 251 755 221 252 756 237 252 757 222 252 758 230 253 759 244 253 760 245 253 761 222 254 762 238 254 763 223 254 764 231 255 765 245 255 766 246 255 767 242 256 768 259 256 769 243 256 770 235 257 771 252 257 772 236 257 773 243 258 774 260 258 775 244 258 776 236 259 777 253 259 778 237 259 779 245 260 780 260 260 781 261 260 782 238 261 783 253 261 784 254 261 785 245 262 786 262 262 787 246 262 788 238 263 789 255 263 790 239 263 791 246 264 792 263 264 793 247 264 794 240 265 795 255 265 796 256 265 797 233 266 798 309 266 799 249 266 800 248 267 801 247 267 802 263 267 803 240 268 804 257 268 805 241 268 806 234 269 807 249 269 808 250 269 809 242 270 810 257 270 811 258 270 812 234 271 813 251 271 814 235 271 815 263 272 816 277 272 817 278 272 818 256 273 819 270 273 820 271 273 821 249 274 822 309 274 823 264 274 824 248 275 825 263 275 826 278 275 827 256 276 828 272 276 829 257 276 830 249 277 831 265 277 832 250 277 833 258 278 834 272 278 835 273 278 836 250 279 837 266 279 838 251 279 839 259 280 840 273 280 841 274 280 842 251 281 843 267 281 844 252 281 845 260 282 846 274 282 847 275 282 848 252 283 849 268 283 850 253 283 851 261 284 852 275 284 853 276 284 854 253 285 855 269 285 856 254 285 857 262 286 858 276 286 859 277 286 860 254 287 861 270 287 862 255 287 863 266 288 864 282 288 865 267 288 866 275 289 867 289 289 868 290 289 869 267 290 870 283 290 871 268 290 872 275 291 873 291 291 874 276 291 875 269 292 876 283 292 877 284 292 878 277 293 879 291 293 880 292 293 881 269 294 882 285 294 883 270 294 884 277 295 885 293 295 886 278 295 887 271 296 888 285 296 889 286 296 890 264 297 891 309 297 892 279 297 893 248 298 894 278 298 895 293 298 896 271 299 897 287 299 898 272 299 899 265 300 900 279 300 901 280 300 902 273 301 903 287 301 904 288 301 905 265 302 906 281 302 907 266 302 908 273 303 909 289 303 910 274 303 911 286 304 912 300 304 913 301 304 914 279 305 915 309 305 916 294 305 917 248 306 918 293 306 919 308 306 920 286 307 921 302 307 922 287 307 923 279 308 924 295 308 925 280 308 926 288 309 927 302 309 928 303 309 929 280 310 930 296 310 931 281 310 932 288 311 933 304 311 934 289 311 935 282 312 936 296 312 937 297 312 938 290 313 939 304 313 940 305 313 941 282 314 942 298 314 943 283 314 944 290 315 945 306 315 946 291 315 947 284 316 948 298 316 949 299 316 950 292 317 951 306 317 952 307 317 953 284 318 954 300 318 955 285 318 956 293 319 957 307 319 958 308 319 959 305 320 960 320 320 961 321 320 962 297 321 963 314 321 964 298 321 965 305 322 966 322 322 967 306 322 968 299 323 969 314 323 970 315 323 971 307 324 972 322 324 973 323 324 974 299 325 975 316 325 976 300 325 977 308 326 978 323 326 979 324 326 980 301 327 981 316 327 982 317 327 983 294 328 984 309 328 985 310 328 986 248 329 987 308 329 988 324 329 989 301 330 990 318 330 991 302 330 992 294 331 993 311 331 994 295 331 995 303 332 996 318 332 997 319 332 998 295 333 999 312 333 1000 296 333 1001 303 334 1002 320 334 1003 304 334 1004 297 335 1005 312 335 1006 313 335 1007 248 336 1008 324 336 1009 339 336 1010 317 337 1011 333 337 1012 318 337 1013 310 338 1014 326 338 1015 311 338 1016 319 339 1017 333 339 1018 334 339 1019 311 340 1020 327 340 1021 312 340 1022 319 341 1023 335 341 1024 320 341 1025 313 342 1026 327 342 1027 328 342 1028 321 343 1029 335 343 1030 336 343 1031 313 344 1032 329 344 1033 314 344 1034 321 345 1035 337 345 1036 322 345 1037 315 346 1038 329 346 1039 330 346 1040 323 347 1041 337 347 1042 338 347 1043 315 348 1044 331 348 1045 316 348 1046 324 349 1047 338 349 1048 339 349 1049 317 350 1050 331 350 1051 332 350 1052 310 351 1053 309 351 1054 325 351 1055 336 352 1056 352 352 1057 337 352 1058 330 353 1059 344 353 1060 345 353 1061 338 354 1062 352 354 1063 353 354 1064 330 355 1065 346 355 1066 331 355 1067 338 356 1068 354 356 1069 339 356 1070 332 357 1071 346 357 1072 347 357 1073 325 358 1074 309 358 1075 340 358 1076 248 359 1077 339 359 1078 354 359 1079 332 360 1080 348 360 1081 333 360 1082 325 361 1083 341 361 1084 326 361 1085 334 362 1086 348 362 1087 349 362 1088 326 363 1089 342 363 1090 327 363 1091 334 364 1092 350 364 1093 335 364 1094 328 365 1095 342 365 1096 343 365 1097 336 366 1098 350 366 1099 351 366 1100 328 367 1101 344 367 1102 329 367 1103 340 368 1104 356 368 1105 341 368 1106 349 369 1107 363 369 1108 364 369 1109 341 370 1110 357 370 1111 342 370 1112 350 371 1113 364 371 1114 365 371 1115 342 372 1116 358 372 1117 343 372 1118 351 373 1119 365 373 1120 366 373 1121 343 374 1122 359 374 1123 344 374 1124 351 375 1125 367 375 1126 352 375 1127 344 376 1128 360 376 1129 345 376 1130 353 377 1131 367 377 1132 368 377 1133 345 378 1134 361 378 1135 346 378 1136 354 379 1137 368 379 1138 369 379 1139 347 380 1140 361 380 1141 362 380 1142 340 381 1143 309 381 1144 355 381 1145 248 382 1146 354 382 1147 369 382 1148 347 383 1149 363 383 1150 348 383 1151 360 384 1152 374 384 1153 375 384 1154 367 385 1155 383 385 1156 368 385 1157 360 386 1158 376 386 1159 361 386 1160 368 387 1161 384 387 1162 369 387 1163 362 388 1164 376 388 1165 377 388 1166 355 389 1167 309 389 1168 370 389 1169 248 390 1170 369 390 1171 384 390 1172 362 391 1173 378 391 1174 363 391 1175 356 392 1176 370 392 1177 371 392 1178 364 393 1179 378 393 1180 379 393 1181 357 394 1182 371 394 1183 372 394 1184 364 395 1185 380 395 1186 365 395 1187 358 396 1188 372 396 1189 373 396 1190 366 397 1191 380 397 1192 381 397 1193 358 398 1194 374 398 1195 359 398 1196 366 399 1197 382 399 1198 367 399 1199 379 400 1200 393 400 1201 394 400 1202 371 401 1203 387 401 1204 372 401 1205 380 402 1206 394 402 1207 395 402 1208 373 403 1209 387 403 1210 388 403 1211 381 404 1212 395 404 1213 396 404 1214 373 405 1215 389 405 1216 374 405 1217 381 406 1218 397 406 1219 382 406 1220 374 407 1221 390 407 1222 375 407 1223 383 408 1224 397 408 1225 398 408 1226 375 409 1227 391 409 1228 376 409 1229 383 410 1230 399 410 1231 384 410 1232 377 411 1233 391 411 1234 392 411 1235 370 412 1236 309 412 1237 385 412 1238 248 413 1239 384 413 1240 399 413 1241 377 414 1242 393 414 1243 378 414 1244 370 415 1245 386 415 1246 371 415 1247 398 416 1248 412 416 1249 413 416 1250 390 417 1251 406 417 1252 391 417 1253 398 418 1254 414 418 1255 399 418 1256 392 419 1257 406 419 1258 407 419 1259 385 420 1260 309 420 1261 400 420 1262 248 421 1263 399 421 1264 414 421 1265 392 422 1266 408 422 1267 393 422 1268 385 423 1269 401 423 1270 386 423 1271 394 424 1272 408 424 1273 409 424 1274 386 425 1275 402 425 1276 387 425 1277 394 426 1278 410 426 1279 395 426 1280 388 427 1281 402 427 1282 403 427 1283 396 428 1284 410 428 1285 411 428 1286 388 429 1287 404 429 1288 389 429 1289 396 430 1290 412 430 1291 397 430 1292 390 431 1293 404 431 1294 405 431 1295 401 432 1296 417 432 1297 402 432 1298 409 433 1299 425 433 1300 410 433 1301 403 434 1302 417 434 1303 418 434 1304 411 435 1305 425 435 1306 426 435 1307 403 436 1308 419 436 1309 404 436 1310 411 437 1311 427 437 1312 412 437 1313 405 438 1314 419 438 1315 420 438 1316 413 439 1317 427 439 1318 428 439 1319 405 440 1320 421 440 1321 406 440 1322 414 441 1323 428 441 1324 429 441 1325 407 442 1326 421 442 1327 422 442 1328 400 443 1329 309 443 1330 415 443 1331 248 444 1332 414 444 1333 429 444 1334 407 445 1335 423 445 1336 408 445 1337 400 446 1338 416 446 1339 401 446 1340 409 447 1341 423 447 1342 424 447 1343 420 448 1344 436 448 1345 421 448 1346 429 449 1347 443 449 1348 444 449 1349 422 450 1350 436 450 1351 437 450 1352 415 451 1353 309 451 1354 430 451 1355 248 452 1356 429 452 1357 444 452 1358 422 453 1359 438 453 1360 423 453 1361 415 454 1362 431 454 1363 416 454 1364 424 455 1365 438 455 1366 439 455 1367 417 456 1368 431 456 1369 432 456 1370 424 457 1371 440 457 1372 425 457 1373 418 458 1374 432 458 1375 433 458 1376 426 459 1377 440 459 1378 441 459 1379 418 460 1380 434 460 1381 419 460 1382 426 461 1383 442 461 1384 427 461 1385 420 462 1386 434 462 1387 435 462 1388 427 463 1389 443 463 1390 428 463 1391 439 464 1392 455 464 1393 440 464 1394 433 465 1395 447 465 1396 448 465 1397 441 466 1398 455 466 1399 456 466 1400 433 467 1401 449 467 1402 434 467 1403 441 468 1404 457 468 1405 442 468 1406 435 469 1407 449 469 1408 450 469 1409 442 470 1410 458 470 1411 443 470 1412 435 471 1413 451 471 1414 436 471 1415 443 472 1416 459 472 1417 444 472 1418 437 473 1419 451 473 1420 452 473 1421 430 474 1422 309 474 1423 445 474 1424 248 475 1425 444 475 1426 459 475 1427 437 476 1428 453 476 1429 438 476 1430 431 477 1431 445 477 1432 446 477 1433 439 478 1434 453 478 1435 454 478 1436 432 479 1437 446 479 1438 447 479 1439 458 480 1440 474 480 1441 459 480 1442 452 481 1443 466 481 1444 467 481 1445 445 482 1446 309 482 1447 460 482 1448 248 483 1449 459 483 1450 474 483 1451 452 484 1452 468 484 1453 453 484 1454 445 485 1455 461 485 1456 446 485 1457 454 486 1458 468 486 1459 469 486 1460 446 487 1461 462 487 1462 447 487 1463 454 488 1464 470 488 1465 455 488 1466 447 489 1467 463 489 1468 448 489 1469 456 490 1470 470 490 1471 471 490 1472 448 491 1473 464 491 1474 449 491 1475 456 492 1476 472 492 1477 457 492 1478 450 493 1479 464 493 1480 465 493 1481 458 494 1482 472 494 1483 473 494 1484 450 495 1485 466 495 1486 451 495 1487 470 496 1488 6 496 1489 471 496 1490 464 497 1491 2 497 1492 476 497 1493 471 498 1494 7 498 1495 472 498 1496 465 499 1497 476 499 1498 3 499 1499 472 500 1500 480 500 1501 473 500 1502 466 501 1503 3 501 1504 477 501 1505 474 502 1506 480 502 1507 481 502 1508 467 503 1509 477 503 1510 4 503 1511 460 504 1512 309 504 1513 0 504 1514 248 505 1515 474 505 1516 481 505 1517 467 506 1518 5 506 1519 468 506 1520 461 507 1521 0 507 1522 475 507 1523 468 508 1524 478 508 1525 469 508 1526 462 509 1527 475 509 1528 1 509 1529 469 510 1530 479 510 1531 470 510 1532 463 511 1533 1 511 1534 2 511 1535 1 512 1536 10 512 1537 11 512 1538 479 513 1539 18 513 1540 19 513 1541 476 514 1542 2 514 1543 11 514 1544 7 515 1545 6 515 1546 19 515 1547 3 516 1548 476 516 1549 12 516 1550 7 517 1551 20 517 1552 21 517 1553 477 518 1554 3 518 1555 13 518 1556 480 519 1557 21 519 1558 22 519 1559 477 520 1560 14 520 1561 15 520 1562 4 521 1563 15 521 1564 16 521 1565 475 522 1566 0 522 1567 8 522 1568 478 523 1569 5 523 1570 16 523 1571 1 524 1572 475 524 1573 9 524 1574 478 525 1575 17 525 1576 18 525 1577 17 526 1578 16 526 1579 31 526 1580 9 527 1581 24 527 1582 25 527 1583 18 528 1584 17 528 1585 32 528 1586 10 529 1587 25 529 1588 26 529 1589 19 530 1590 18 530 1591 33 530 1592 11 531 1593 26 531 1594 27 531 1595 20 532 1596 19 532 1597 34 532 1598 12 533 1599 27 533 1600 28 533 1601 21 534 1602 20 534 1603 35 534 1604 13 535 1605 28 535 1606 29 535 1607 22 536 1608 21 536 1609 36 536 1610 15 537 1611 14 537 1612 29 537 1613 15 538 1614 30 538 1615 31 538 1616 8 539 1617 23 539 1618 24 539 1619 36 540 1620 35 540 1621 50 540 1622 28 541 1623 43 541 1624 44 541 1625 37 542 1626 36 542 1627 51 542 1628 30 543 1629 29 543 1630 44 543 1631 30 544 1632 45 544 1633 46 544 1634 23 545 1635 38 545 1636 39 545 1637 32 546 1638 31 546 1639 46 546 1640 24 547 1641 39 547 1642 40 547 1643 33 548 1644 32 548 1645 47 548 1646 26 549 1647 25 549 1648 40 549 1649 34 550 1650 33 550 1651 48 550 1652 26 551 1653 41 551 1654 42 551 1655 34 552 1656 49 552 1657 50 552 1658 27 553 1659 42 553 1660 43 553 1661 48 554 1662 47 554 1663 62 554 1664 41 555 1665 40 555 1666 55 555 1667 48 556 1668 63 556 1669 64 556 1670 41 557 1671 56 557 1672 57 557 1673 49 558 1674 64 558 1675 65 558 1676 42 559 1677 57 559 1678 58 559 1679 51 560 1680 50 560 1681 65 560 1682 43 561 1683 58 561 1684 59 561 1685 52 562 1686 51 562 1687 66 562 1688 45 563 1689 44 563 1690 59 563 1691 45 564 1692 60 564 1693 61 564 1694 38 565 1695 53 565 1696 54 565 1697 47 566 1698 46 566 1699 61 566 1700 39 567 1701 54 567 1702 55 567 1703 67 568 1704 66 568 1705 81 568 1706 60 569 1707 59 569 1708 74 569 1709 60 570 1710 75 570 1711 76 570 1712 53 571 1713 68 571 1714 69 571 1715 62 572 1716 61 572 1717 76 572 1718 54 573 1719 69 573 1720 70 573 1721 62 574 1722 77 574 1723 78 574 1724 56 575 1725 55 575 1726 70 575 1727 63 576 1728 78 576 1729 79 576 1730 56 577 1731 71 577 1732 72 577 1733 64 578 1734 79 578 1735 80 578 1736 58 579 1737 57 579 1738 72 579 1739 66 580 1740 65 580 1741 80 580 1742 58 581 1743 73 581 1744 74 581 1745 71 582 1746 70 582 1747 85 582 1748 78 583 1749 93 583 1750 94 583 1751 72 584 1752 71 584 1753 86 584 1754 79 585 1755 94 585 1756 95 585 1757 73 586 1758 72 586 1759 87 586 1760 81 587 1761 80 587 1762 95 587 1763 73 588 1764 88 588 1765 89 588 1766 82 589 1767 81 589 1768 96 589 1769 75 590 1770 74 590 1771 89 590 1772 75 591 1773 90 591 1774 91 591 1775 68 592 1776 83 592 1777 84 592 1778 77 593 1779 76 593 1780 91 593 1781 69 594 1782 84 594 1783 85 594 1784 77 595 1785 92 595 1786 93 595 1787 90 596 1788 89 596 1789 104 596 1790 90 597 1791 105 597 1792 106 597 1793 83 598 1794 98 598 1795 99 598 1796 92 599 1797 91 599 1798 106 599 1799 84 600 1800 99 600 1801 100 600 1802 92 601 1803 107 601 1804 108 601 1805 85 602 1806 100 602 1807 101 602 1808 94 603 1809 93 603 1810 108 603 1811 86 604 1812 101 604 1813 102 604 1814 95 605 1815 94 605 1816 109 605 1817 88 606 1818 87 606 1819 102 606 1820 96 607 1821 95 607 1822 110 607 1823 88 608 1824 103 608 1825 104 608 1826 97 609 1827 96 609 1828 111 609 1829 109 610 1830 108 610 1831 123 610 1832 101 611 1833 116 611 1834 117 611 1835 110 612 1836 109 612 1837 124 612 1838 103 613 1839 102 613 1840 117 613 1841 111 614 1842 110 614 1843 125 614 1844 103 615 1845 118 615 1846 119 615 1847 112 616 1848 111 616 1849 126 616 1850 105 617 1851 104 617 1852 119 617 1853 105 618 1854 120 618 1855 121 618 1856 98 619 1857 113 619 1858 114 619 1859 107 620 1860 106 620 1861 121 620 1862 99 621 1863 114 621 1864 115 621 1865 107 622 1866 122 622 1867 123 622 1868 100 623 1869 115 623 1870 116 623 1871 120 624 1872 135 624 1873 136 624 1874 113 625 1875 128 625 1876 129 625 1877 122 626 1878 121 626 1879 136 626 1880 114 627 1881 129 627 1882 130 627 1883 122 628 1884 137 628 1885 138 628 1886 115 629 1887 130 629 1888 131 629 1889 123 630 1890 138 630 1891 139 630 1892 116 631 1893 131 631 1894 132 631 1895 125 632 1896 124 632 1897 139 632 1898 118 633 1899 117 633 1900 132 633 1901 126 634 1902 125 634 1903 140 634 1904 118 635 1905 133 635 1906 134 635 1907 127 636 1908 126 636 1909 141 636 1910 120 637 1911 119 637 1912 134 637 1913 131 638 1914 146 638 1915 147 638 1916 140 639 1917 139 639 1918 154 639 1919 133 640 1920 132 640 1921 147 640 1922 141 641 1923 140 641 1924 155 641 1925 133 642 1926 148 642 1927 149 642 1928 142 643 1929 141 643 1930 156 643 1931 135 644 1932 134 644 1933 149 644 1934 135 645 1935 150 645 1936 151 645 1937 128 646 1938 143 646 1939 144 646 1940 137 647 1941 136 647 1942 151 647 1943 129 648 1944 144 648 1945 145 648 1946 137 649 1947 152 649 1948 153 649 1949 130 650 1950 145 650 1951 146 650 1952 139 651 1953 138 651 1954 153 651 1955 150 652 1956 165 652 1957 166 652 1958 143 653 1959 158 653 1960 159 653 1961 152 654 1962 151 654 1963 166 654 1964 144 655 1965 159 655 1966 160 655 1967 152 656 1968 167 656 1969 168 656 1970 145 657 1971 160 657 1972 161 657 1973 154 658 1974 153 658 1975 168 658 1976 146 659 1977 161 659 1978 162 659 1979 155 660 1980 154 660 1981 169 660 1982 148 661 1983 147 661 1984 162 661 1985 156 662 1986 155 662 1987 170 662 1988 148 663 1989 163 663 1990 164 663 1991 157 664 1992 156 664 1993 171 664 1994 150 665 1995 149 665 1996 164 665 1997 169 666 1998 184 666 1999 185 666 2000 163 667 2001 162 667 2002 177 667 2003 171 668 2004 170 668 2005 185 668 2006 163 669 2007 178 669 2008 179 669 2009 172 670 2010 171 670 2011 186 670 2012 165 671 2013 164 671 2014 179 671 2015 165 672 2016 180 672 2017 181 672 2018 158 673 2019 173 673 2020 174 673 2021 167 674 2022 166 674 2023 181 674 2024 159 675 2025 174 675 2026 175 675 2027 167 676 2028 182 676 2029 183 676 2030 160 677 2031 175 677 2032 176 677 2033 169 678 2034 168 678 2035 183 678 2036 161 679 2037 176 679 2038 177 679 2039 182 680 2040 181 680 2041 196 680 2042 174 681 2043 189 681 2044 190 681 2045 182 682 2046 197 682 2047 198 682 2048 175 683 2049 190 683 2050 191 683 2051 184 684 2052 183 684 2053 198 684 2054 176 685 2055 191 685 2056 192 685 2057 185 686 2058 184 686 2059 199 686 2060 178 687 2061 177 687 2062 192 687 2063 186 688 2064 185 688 2065 200 688 2066 178 689 2067 193 689 2068 194 689 2069 187 690 2070 186 690 2071 201 690 2072 180 691 2073 179 691 2074 194 691 2075 180 692 2076 195 692 2077 196 692 2078 173 693 2079 188 693 2080 189 693 2081 201 694 2082 200 694 2083 215 694 2084 193 695 2085 208 695 2086 209 695 2087 202 696 2088 201 696 2089 216 696 2090 195 697 2091 194 697 2092 209 697 2093 195 698 2094 210 698 2095 211 698 2096 188 699 2097 203 699 2098 204 699 2099 197 700 2100 196 700 2101 211 700 2102 189 701 2103 204 701 2104 205 701 2105 197 702 2106 212 702 2107 213 702 2108 190 703 2109 205 703 2110 206 703 2111 199 704 2112 198 704 2113 213 704 2114 191 705 2115 206 705 2116 207 705 2117 200 706 2118 199 706 2119 214 706 2120 193 707 2121 192 707 2122 207 707 2123 204 708 2124 219 708 2125 220 708 2126 212 709 2127 227 709 2128 228 709 2129 205 710 2130 220 710 2131 221 710 2132 213 711 2133 228 711 2134 229 711 2135 206 712 2136 221 712 2137 222 712 2138 215 713 2139 214 713 2140 229 713 2141 208 714 2142 207 714 2143 222 714 2144 216 715 2145 215 715 2146 230 715 2147 208 716 2148 223 716 2149 224 716 2150 216 717 2151 231 717 2152 232 717 2153 210 718 2154 209 718 2155 224 718 2156 210 719 2157 225 719 2158 226 719 2159 204 720 2160 203 720 2161 218 720 2162 212 721 2163 211 721 2164 226 721 2165 223 722 2166 238 722 2167 239 722 2168 232 723 2169 231 723 2170 246 723 2171 225 724 2172 224 724 2173 239 724 2174 225 725 2175 240 725 2176 241 725 2177 218 726 2178 233 726 2179 234 726 2180 227 727 2181 226 727 2182 241 727 2183 219 728 2184 234 728 2185 235 728 2186 228 729 2187 227 729 2188 242 729 2189 220 730 2190 235 730 2191 236 730 2192 229 731 2193 228 731 2194 243 731 2195 221 732 2196 236 732 2197 237 732 2198 230 733 2199 229 733 2200 244 733 2201 222 734 2202 237 734 2203 238 734 2204 231 735 2205 230 735 2206 245 735 2207 242 736 2208 258 736 2209 259 736 2210 235 737 2211 251 737 2212 252 737 2213 243 738 2214 259 738 2215 260 738 2216 236 739 2217 252 739 2218 253 739 2219 245 740 2220 244 740 2221 260 740 2222 238 741 2223 237 741 2224 253 741 2225 245 742 2226 261 742 2227 262 742 2228 238 743 2229 254 743 2230 255 743 2231 246 744 2232 262 744 2233 263 744 2234 240 745 2235 239 745 2236 255 745 2237 240 746 2238 256 746 2239 257 746 2240 234 747 2241 233 747 2242 249 747 2243 242 748 2244 241 748 2245 257 748 2246 234 749 2247 250 749 2248 251 749 2249 263 750 2250 262 750 2251 277 750 2252 256 751 2253 255 751 2254 270 751 2255 256 752 2256 271 752 2257 272 752 2258 249 753 2259 264 753 2260 265 753 2261 258 754 2262 257 754 2263 272 754 2264 250 755 2265 265 755 2266 266 755 2267 259 756 2268 258 756 2269 273 756 2270 251 757 2271 266 757 2272 267 757 2273 260 758 2274 259 758 2275 274 758 2276 252 759 2277 267 759 2278 268 759 2279 261 760 2280 260 760 2281 275 760 2282 253 761 2283 268 761 2284 269 761 2285 262 762 2286 261 762 2287 276 762 2288 254 763 2289 269 763 2290 270 763 2291 266 764 2292 281 764 2293 282 764 2294 275 765 2295 274 765 2296 289 765 2297 267 766 2298 282 766 2299 283 766 2300 275 767 2301 290 767 2302 291 767 2303 269 768 2304 268 768 2305 283 768 2306 277 769 2307 276 769 2308 291 769 2309 269 770 2310 284 770 2311 285 770 2312 277 771 2313 292 771 2314 293 771 2315 271 772 2316 270 772 2317 285 772 2318 271 773 2319 286 773 2320 287 773 2321 265 774 2322 264 774 2323 279 774 2324 273 775 2325 272 775 2326 287 775 2327 265 776 2328 280 776 2329 281 776 2330 273 777 2331 288 777 2332 289 777 2333 286 778 2334 285 778 2335 300 778 2336 286 779 2337 301 779 2338 302 779 2339 279 780 2340 294 780 2341 295 780 2342 288 781 2343 287 781 2344 302 781 2345 280 782 2346 295 782 2347 296 782 2348 288 783 2349 303 783 2350 304 783 2351 282 784 2352 281 784 2353 296 784 2354 290 785 2355 289 785 2356 304 785 2357 282 786 2358 297 786 2359 298 786 2360 290 787 2361 305 787 2362 306 787 2363 284 788 2364 283 788 2365 298 788 2366 292 789 2367 291 789 2368 306 789 2369 284 790 2370 299 790 2371 300 790 2372 293 791 2373 292 791 2374 307 791 2375 305 792 2376 304 792 2377 320 792 2378 297 793 2379 313 793 2380 314 793 2381 305 794 2382 321 794 2383 322 794 2384 299 795 2385 298 795 2386 314 795 2387 307 796 2388 306 796 2389 322 796 2390 299 797 2391 315 797 2392 316 797 2393 308 798 2394 307 798 2395 323 798 2396 301 799 2397 300 799 2398 316 799 2399 301 800 2400 317 800 2401 318 800 2402 294 801 2403 310 801 2404 311 801 2405 303 802 2406 302 802 2407 318 802 2408 295 803 2409 311 803 2410 312 803 2411 303 804 2412 319 804 2413 320 804 2414 297 805 2415 296 805 2416 312 805 2417 317 806 2418 332 806 2419 333 806 2420 310 807 2421 325 807 2422 326 807 2423 319 808 2424 318 808 2425 333 808 2426 311 809 2427 326 809 2428 327 809 2429 319 810 2430 334 810 2431 335 810 2432 313 811 2433 312 811 2434 327 811 2435 321 812 2436 320 812 2437 335 812 2438 313 813 2439 328 813 2440 329 813 2441 321 814 2442 336 814 2443 337 814 2444 315 815 2445 314 815 2446 329 815 2447 323 816 2448 322 816 2449 337 816 2450 315 817 2451 330 817 2452 331 817 2453 324 818 2454 323 818 2455 338 818 2456 317 819 2457 316 819 2458 331 819 2459 336 820 2460 351 820 2461 352 820 2462 330 821 2463 329 821 2464 344 821 2465 338 822 2466 337 822 2467 352 822 2468 330 823 2469 345 823 2470 346 823 2471 338 824 2472 353 824 2473 354 824 2474 332 825 2475 331 825 2476 346 825 2477 332 826 2478 347 826 2479 348 826 2480 325 827 2481 340 827 2482 341 827 2483 334 828 2484 333 828 2485 348 828 2486 326 829 2487 341 829 2488 342 829 2489 334 830 2490 349 830 2491 350 830 2492 328 831 2493 327 831 2494 342 831 2495 336 832 2496 335 832 2497 350 832 2498 328 833 2499 343 833 2500 344 833 2501 340 834 2502 355 834 2503 356 834 2504 349 835 2505 348 835 2506 363 835 2507 341 836 2508 356 836 2509 357 836 2510 350 837 2511 349 837 2512 364 837 2513 342 838 2514 357 838 2515 358 838 2516 351 839 2517 350 839 2518 365 839 2519 343 840 2520 358 840 2521 359 840 2522 351 841 2523 366 841 2524 367 841 2525 344 842 2526 359 842 2527 360 842 2528 353 843 2529 352 843 2530 367 843 2531 345 844 2532 360 844 2533 361 844 2534 354 845 2535 353 845 2536 368 845 2537 347 846 2538 346 846 2539 361 846 2540 347 847 2541 362 847 2542 363 847 2543 360 848 2544 359 848 2545 374 848 2546 367 849 2547 382 849 2548 383 849 2549 360 850 2550 375 850 2551 376 850 2552 368 851 2553 383 851 2554 384 851 2555 362 852 2556 361 852 2557 376 852 2558 362 853 2559 377 853 2560 378 853 2561 356 854 2562 355 854 2563 370 854 2564 364 855 2565 363 855 2566 378 855 2567 357 856 2568 356 856 2569 371 856 2570 364 857 2571 379 857 2572 380 857 2573 358 858 2574 357 858 2575 372 858 2576 366 859 2577 365 859 2578 380 859 2579 358 860 2580 373 860 2581 374 860 2582 366 861 2583 381 861 2584 382 861 2585 379 862 2586 378 862 2587 393 862 2588 371 863 2589 386 863 2590 387 863 2591 380 864 2592 379 864 2593 394 864 2594 373 865 2595 372 865 2596 387 865 2597 381 866 2598 380 866 2599 395 866 2600 373 867 2601 388 867 2602 389 867 2603 381 868 2604 396 868 2605 397 868 2606 374 869 2607 389 869 2608 390 869 2609 383 870 2610 382 870 2611 397 870 2612 375 871 2613 390 871 2614 391 871 2615 383 872 2616 398 872 2617 399 872 2618 377 873 2619 376 873 2620 391 873 2621 377 874 2622 392 874 2623 393 874 2624 370 875 2625 385 875 2626 386 875 2627 398 876 2628 397 876 2629 412 876 2630 390 877 2631 405 877 2632 406 877 2633 398 878 2634 413 878 2635 414 878 2636 392 879 2637 391 879 2638 406 879 2639 392 880 2640 407 880 2641 408 880 2642 385 881 2643 400 881 2644 401 881 2645 394 882 2646 393 882 2647 408 882 2648 386 883 2649 401 883 2650 402 883 2651 394 884 2652 409 884 2653 410 884 2654 388 885 2655 387 885 2656 402 885 2657 396 886 2658 395 886 2659 410 886 2660 388 887 2661 403 887 2662 404 887 2663 396 888 2664 411 888 2665 412 888 2666 390 889 2667 389 889 2668 404 889 2669 401 890 2670 416 890 2671 417 890 2672 409 891 2673 424 891 2674 425 891 2675 403 892 2676 402 892 2677 417 892 2678 411 893 2679 410 893 2680 425 893 2681 403 894 2682 418 894 2683 419 894 2684 411 895 2685 426 895 2686 427 895 2687 405 896 2688 404 896 2689 419 896 2690 413 897 2691 412 897 2692 427 897 2693 405 898 2694 420 898 2695 421 898 2696 414 899 2697 413 899 2698 428 899 2699 407 900 2700 406 900 2701 421 900 2702 407 901 2703 422 901 2704 423 901 2705 400 902 2706 415 902 2707 416 902 2708 409 903 2709 408 903 2710 423 903 2711 420 904 2712 435 904 2713 436 904 2714 429 905 2715 428 905 2716 443 905 2717 422 906 2718 421 906 2719 436 906 2720 422 907 2721 437 907 2722 438 907 2723 415 908 2724 430 908 2725 431 908 2726 424 909 2727 423 909 2728 438 909 2729 417 910 2730 416 910 2731 431 910 2732 424 911 2733 439 911 2734 440 911 2735 418 912 2736 417 912 2737 432 912 2738 426 913 2739 425 913 2740 440 913 2741 418 914 2742 433 914 2743 434 914 2744 426 915 2745 441 915 2746 442 915 2747 420 916 2748 419 916 2749 434 916 2750 427 917 2751 442 917 2752 443 917 2753 439 918 2754 454 918 2755 455 918 2756 433 919 2757 432 919 2758 447 919 2759 441 920 2760 440 920 2761 455 920 2762 433 921 2763 448 921 2764 449 921 2765 441 922 2766 456 922 2767 457 922 2768 435 923 2769 434 923 2770 449 923 2771 442 924 2772 457 924 2773 458 924 2774 435 925 2775 450 925 2776 451 925 2777 443 926 2778 458 926 2779 459 926 2780 437 927 2781 436 927 2782 451 927 2783 437 928 2784 452 928 2785 453 928 2786 431 929 2787 430 929 2788 445 929 2789 439 930 2790 438 930 2791 453 930 2792 432 931 2793 431 931 2794 446 931 2795 458 932 2796 473 932 2797 474 932 2798 452 933 2799 451 933 2800 466 933 2801 452 934 2802 467 934 2803 468 934 2804 445 935 2805 460 935 2806 461 935 2807 454 936 2808 453 936 2809 468 936 2810 446 937 2811 461 937 2812 462 937 2813 454 938 2814 469 938 2815 470 938 2816 447 939 2817 462 939 2818 463 939 2819 456 940 2820 455 940 2821 470 940 2822 448 941 2823 463 941 2824 464 941 2825 456 942 2826 471 942 2827 472 942 2828 450 943 2829 449 943 2830 464 943 2831 458 944 2832 457 944 2833 472 944 2834 450 945 2835 465 945 2836 466 945 2837 470 946 2838 479 946 2839 6 946 2840 464 947 2841 463 947 2842 2 947 2843 471 948 2844 6 948 2845 7 948 2846 465 949 2847 464 949 2848 476 949 2849 472 950 2850 7 950 2851 480 950 2852 466 951 2853 465 951 2854 3 951 2855 474 952 2856 473 952 2857 480 952 2858 467 953 2859 466 953 2860 477 953 2861 467 954 2862 4 954 2863 5 954 2864 461 955 2865 460 955 2866 0 955 2867 468 956 2868 5 956 2869 478 956 2870 462 957 2871 461 957 2872 475 957 2873 469 958 2874 478 958 2875 479 958 2876 463 959 2877 462 959 2878 1 959 2879</p>
        </triangles>
      </mesh>
    </geometry>
    <geometry id="Cylinder-mesh" name="Cylinder">
      <mesh>
        <source id="Cylinder-mesh-positions">
          <float_array id="Cylinder-mesh-positions-array" count="60">0 0.03999996 -0.975 0 0.03999996 0.975 0.0235114 0.03236067 -0.975 0.0235114 0.03236067 0.975 0.03804224 0.01236063 -0.975 0.03804224 0.01236063 0.975 0.03804224 -0.01236063 -0.975 0.03804224 -0.01236063 0.975 0.0235114 -0.03236067 -0.975 0.0235114 -0.03236067 0.975 0 -0.03999996 -0.975 0 -0.03999996 0.975 -0.0235114 -0.03236067 -0.975 -0.0235114 -0.03236067 0.975 -0.03804224 -0.01236063 -0.975 -0.03804224 -0.01236063 0.975 -0.03804224 0.01236063 -0.975 -0.03804224 0.01236063 0.975 -0.0235114 0.03236067 -0.975 -0.0235114 0.03236067 0.975</float_array>
          <technique_common>
            <accessor source="#Cylinder-mesh-positions-array" count="20" stride="3">
              <param name="X" type="float"/>
              <param name="Y" type="float"/>
              <param name="Z" type="float"/>
            </accessor>
          </technique_common>
        </source>
        <source id="Cylinder-mesh-normals">
          <float_array id="Cylinder-mesh-normals-array" count="108">0.309017 0.9510565 0 0.809017 0.5877853 0 1 0 0 0.809017 -0.5877853 0 0.309017 -0.9510565 0 -0.309017 -0.9510565 0 -0.809017 -0.5877853 0 -1 0 0 0 0 1 -0.809017 0.5877853 0 -0.309017 0.9510565 0 0 0 -1 0.309017 0.9510565 0 0.809017 0.5877853 0 1 0 0 0.809017 -0.5877853 0 0.309017 -0.9510565 0 -0.309017 -0.9510565 0 -0.809017 -0.5877853 0 -1 0 0 0 0 1 0 0 1 0 0 1 0 0 1 0 0 1 0 0 1 0 0 1 -0.809017 0.5877853 0 -0.309017 0.9510565 0 0 0 -1 0 0 -1 0 0 -1 0 0 -1 0 0 -1 0 0 -1 0 0 -1</float_array>
          <technique_common>
            <accessor source="#Cylinder-mesh-normals-array" count="36" stride="3">
              <param name="X" type="float"/>
              <param name="Y" type="float"/>
              <param name="Z" type="float"/>
            </accessor>
          </technique_common>
        </source>
        <source id="Cylinder-mesh-map-0">
          <float_array id="Cylinder-mesh-map-0-array" count="216">1 1 0.9 0.5 1 0.5 0.9 1 0.8 0.5 0.9 0.5 0.8 1 0.6999999 0.5 0.8 0.5 0.6999999 1 0.5999999 0.5 0.6999999 0.5 0.5999999 1 0.4999999 0.5 0.5999999 0.5 0.4999999 1 0.3999999 0.5 0.4999999 0.5 0.3999999 1 0.2999999 0.5 0.3999999 0.5 0.2999999 1 0.1999999 0.5 0.2999999 0.5 0.02174639 0.3241641 0.3910685 0.0558359 0.4782536 0.3241641 0.1999999 1 0.0999999 0.5 0.1999999 0.5 0.0999999 1 0 0.5 0.0999999 0.5 0.9782536 0.1758359 0.5217464 0.1758359 0.6089316 0.4441641 1 1 0.9 1 0.9 0.5 0.9 1 0.8 1 0.8 0.5 0.8 1 0.6999999 1 0.6999999 0.5 0.6999999 1 0.5999999 1 0.5999999 0.5 0.5999999 1 0.4999999 1 0.4999999 0.5 0.4999999 1 0.3999999 1 0.3999999 0.5 0.3999999 1 0.2999999 1 0.2999999 0.5 0.2999999 1 0.1999999 1 0.1999999 0.5 0.4782536 0.3241641 0.3910685 0.4441641 0.25 0.49 0.25 0.49 0.1089315 0.4441641 0.02174639 0.3241641 0.02174639 0.3241641 0.02174639 0.1758359 0.1089315 0.0558359 0.1089315 0.0558359 0.25 0.00999999 0.02174639 0.3241641 0.25 0.00999999 0.3910685 0.0558359 0.02174639 0.3241641 0.3910685 0.0558359 0.4782536 0.1758359 0.4782536 0.3241641 0.4782536 0.3241641 0.25 0.49 0.02174639 0.3241641 0.1999999 1 0.0999999 1 0.0999999 0.5 0.0999999 1 0 1 0 0.5 0.6089316 0.4441641 0.75 0.49 0.9782536 0.1758359 0.75 0.49 0.8910685 0.4441641 0.9782536 0.1758359 0.8910685 0.4441641 0.9782536 0.3241641 0.9782536 0.1758359 0.9782536 0.1758359 0.8910685 0.0558359 0.75 0.00999999 0.75 0.00999999 0.6089316 0.0558359 0.5217464 0.1758359 0.5217464 0.1758359 0.5217464 0.3241641 0.6089316 0.4441641 0.9782536 0.1758359 0.75 0.00999999 0.5217464 0.1758359</float_array>
          <technique_common>
            <accessor source="#Cylinder-mesh-map-0-array" count="108" stride="2">
              <param name="S" type="float"/>
              <param name="T" type="float"/>
            </accessor>
          </technique_common>
        </source>
        <vertices id="Cylinder-mesh-vertices">
          <input semantic="POSITION" source="#Cylinder-mesh-positions"/>
        </vertices>
        <triangles material="CL_post-material" count="36">
          <input semantic="VERTEX" source="#Cylinder-mesh-vertices" offset="0"/>
          <input semantic="NORMAL" source="#Cylinder-mesh-normals" offset="1"/>
          <input semantic="TEXCOORD" source="#Cylinder-mesh-map-0" offset="2" set="0"/>
          <p>1 0 0 2 0 1 0 0 2 3 1 3 4 1 4 2 1 5 5 2 6 6 2 7 4 2 8 7 3 9 8 3 10 6 3 11 9 4 12 10 4 13 8 4 14 11 5 15 12 5 16 10 5 17 13 6 18 14 6 19 12 6 20 15 7 21 16 7 22 14 7 23 17 8 24 9 8 25 5 8 26 17 9 27 18 9 28 16 9 29 19 10 30 0 10 31 18 10 32 6 11 33 14 11 34 18 11 35 1 12 36 3 12 37 2 12 38 3 13 39 5 13 40 4 13 41 5 14 42 7 14 43 6 14 44 7 15 45 9 15 46 8 15 47 9 16 48 11 16 49 10 16 50 11 17 51 13 17 52 12 17 53 13 18 54 15 18 55 14 18 56 15 19 57 17 19 58 16 19 59 5 20 60 3 20 61 1 20 62 1 21 63 19 21 64 17 21 65 17 22 66 15 22 67 13 22 68 13 23 69 11 23 70 17 23 71 11 24 72 9 24 73 17 24 74 9 25 75 7 25 76 5 25 77 5 26 78 1 26 79 17 26 80 17 27 81 19 27 82 18 27 83 19 28 84 1 28 85 0 28 86 18 29 87 0 29 88 6 29 89 0 30 90 2 30 91 6 30 92 2 31 93 4 31 94 6 31 95 6 32 96 8 32 97 10 32 98 10 33 99 12 33 100 14 33 101 14 34 102 16 34 103 18 34 104 6 35 105 10 35 106 14 35 107</p>
        </triangles>
      </mesh>
    </geometry>
  </library_geometries>
  <library_visual_scenes>
    <visual_scene id="Scene" name="Scene">
      <node id="cl_root" name="cl_root" type="NODE">
        <matrix sid="transform">1 0 0 0 0 1 0 0 0 0 1 0 0 0 0 1</matrix>
        <node id="post_0" name="post_0" type="NODE">
          <matrix sid="transform">1 0 0 0.04 0 1 0 0 0 0 1 0.975 0 0 0 1</matrix>
          <instance_geometry url="#Cylinder-mesh" name="post_0">
            <bind_material>
              <technique_common>
                <instance_material symbol="CL_post-material" target="#CL_post-material">
                  <bind_vertex_input semantic="UVMap" input_semantic="TEXCOORD" input_set="0"/>
                </instance_material>
              </technique_common>
            </bind_material>
          </instance_geometry>
        </node>
        <node id="cap_0" name="cap_0" type="NODE">
          <matrix sid="transform">1 0 0 0.04 0 1 0 0 0 0 1 1.92 0 0 0 1</matrix>
          <instance_geometry url="#Sphere-mesh" name="cap_0">
            <bind_material>
              <technique_common>
                <instance_material symbol="CL_post-material" target="#CL_post-material">
                  <bind_vertex_input semantic="UVMap" input_semantic="TEXCOORD" input_set="0"/>
                </instance_material>
              </technique_common>
            </bind_material>
          </instance_geometry>
        </node>
        <node id="post_1" name="post_1" type="NODE">
          <matrix sid="transform">1 0 0 2.96 0 1 0 0 0 0 1 0.975 0 0 0 1</matrix>
          <instance_geometry url="#Cylinder_001-mesh" name="post_1">
            <bind_material>
              <technique_common>
                <instance_material symbol="CL_post-material" target="#CL_post-material">
                  <bind_vertex_input semantic="UVMap" input_semantic="TEXCOORD" input_set="0"/>
                </instance_material>
              </technique_common>
            </bind_material>
          </instance_geometry>
        </node>
        <node id="cap_1" name="cap_1" type="NODE">
          <matrix sid="transform">1 0 0 2.96 0 1 0 0 0 0 1 1.92 0 0 0 1</matrix>
          <instance_geometry url="#Sphere_001-mesh" name="cap_1">
            <bind_material>
              <technique_common>
                <instance_material symbol="CL_post-material" target="#CL_post-material">
                  <bind_vertex_input semantic="UVMap" input_semantic="TEXCOORD" input_set="0"/>
                </instance_material>
              </technique_common>
            </bind_material>
          </instance_geometry>
        </node>
        <node id="top_rail" name="top_rail" type="NODE">
          <matrix sid="transform">1 0 0 1.5 0 1 0 0 0 0 1 1.8 0 0 0 1</matrix>
          <instance_geometry url="#Cylinder_002-mesh" name="top_rail">
            <bind_material>
              <technique_common>
                <instance_material symbol="CL_post-material" target="#CL_post-material">
                  <bind_vertex_input semantic="UVMap" input_semantic="TEXCOORD" input_set="0"/>
                </instance_material>
              </technique_common>
            </bind_material>
          </instance_geometry>
        </node>
        <node id="mesh" name="mesh" type="NODE">
          <matrix sid="transform">1 0 0 1.5 0 1 0 0 0 0 1 0.9 0 0 0 1</matrix>
          <instance_geometry url="#Cube-mesh" name="mesh">
            <bind_material>
              <technique_common>
                <instance_material symbol="CL_mesh-material" target="#CL_mesh-material">
                  <bind_vertex_input semantic="UVMap" input_semantic="TEXCOORD" input_set="0"/>
                </instance_material>
              </technique_common>
            </bind_material>
          </instance_geometry>
        </node>
      </node>
    </visual_scene>
  </library_visual_scenes>
  <scene>
    <instance_visual_scene url="#Scene"/>
  </scene>
</COLLADA>